{
"type": "FeatureCollection",
"name": "gis",
"crs": { "type": "name", "properties": { "name": "urn:ogc:def:crs:OGC:1.3:CRS84" } },
"features": [
{ "type": "Feature", "properties": { "@featureType": "CadastralZoning", "beginLifespanVersion": { "@nilReason": "http://inspire.ec.europa.eu/codelist/VoidReasonValue/Unpopulated", "@nil": "true" }, "endLifespanVersion": { "@nilReason": "http://inspire.ec.europa.eu/codelist/VoidReasonValue/Unpopulated", "@nil": "true" }, "estimatedAccuracy": { "value": -1, "@uom": "m" }, "inspireId": { "@dataType": "Identifier", "localId": "807265", "namespace": "SK.ESKN.CP", "versionId": "20260703T04:07:40" }, "label": "Budmerice", "level": { "@href": "http://inspire.ec.europa.eu/codelist/CadastralZoningLevelValue/3rdOrder" }, "levelName": { "value": "Katastrálne územie", "@locale": "sk" }, "name": { "@dataType": "name", "GeographicalName": { "@dataType": "GeographicalName", "language": "SLK", "nativeness": { "@href": "http://inspire.ec.europa.eu/codelist/NativenessValue/endonym", "@title": "endonym" }, "nameStatus": { "@href": "http://inspire.ec.europa.eu/codelist/NameStatusValue/official", "@title": "official" }, "sourceOfName": { "@nilReason": "http://inspire.ec.europa.eu/codelist/VoidReasonValue/Unpopulated", "@nil": "true" }, "pronunciation": { "@dataType": "pronunciation", "@nilReason": "http://inspire.ec.europa.eu/codelist/VoidReasonValue/Unpopulated", "@nil": "true" }, "spelling": { "@dataType": "SpellingOfName", "text": "Budmerice", "script": "LATN" } } }, "nationalCadastalZoningReference": "807265", "validFrom": "2026-06-30T16:00:00Z", "validTo": { "@nilReason": "http://inspire.ec.europa.eu/codelist/VoidReasonValue/Unpopulated", "@nil": "true" } }, "geometry": { "type": "MultiPolygon", "coordinates": [ [ [ [ 17.38910189, 48.38831303 ], [ 17.38919852, 48.38811664 ], [ 17.38920703, 48.3880993 ], [ 17.38934585, 48.38788721 ], [ 17.38952342, 48.38765876 ], [ 17.38993974, 48.38702521 ], [ 17.39059978, 48.38604218 ], [ 17.39111506, 48.38530897 ], [ 17.39134745, 48.38499797 ], [ 17.39168165, 48.38474202 ], [ 17.39189425, 48.38455208 ], [ 17.39218641, 48.38424415 ], [ 17.39267502, 48.38373981 ], [ 17.39282943, 48.38358594 ], [ 17.39320837, 48.38329395 ], [ 17.39384866, 48.38280507 ], [ 17.393937, 48.38273726 ], [ 17.39445054, 48.38241625 ], [ 17.39483106, 48.38217903 ], [ 17.39547913, 48.38175634 ], [ 17.39604602, 48.38138114 ], [ 17.39673417, 48.38091804 ], [ 17.39752061, 48.38037918 ], [ 17.39769959, 48.38026476 ], [ 17.39792595, 48.38012513 ], [ 17.39819864, 48.379984 ], [ 17.39826474, 48.37995314 ], [ 17.39849187, 48.37988694 ], [ 17.39900699, 48.37965475 ], [ 17.39934646, 48.37950313 ], [ 17.40037604, 48.37903571 ], [ 17.40120851, 48.37866193 ], [ 17.40139793, 48.37857809 ], [ 17.401422, 48.37856746 ], [ 17.40143128, 48.37856336 ], [ 17.40144795, 48.37855604 ], [ 17.40149465, 48.3785354 ], [ 17.40148703, 48.37820003 ], [ 17.40151087, 48.37772113 ], [ 17.40153814, 48.37713538 ], [ 17.40156071, 48.37671242 ], [ 17.40157994, 48.37616121 ], [ 17.4015799, 48.37564435 ], [ 17.40159192, 48.37541019 ], [ 17.40161265, 48.37532696 ], [ 17.40166309, 48.37524738 ], [ 17.40169959, 48.37518975 ], [ 17.40209457, 48.3747271 ], [ 17.4024917, 48.37428401 ], [ 17.40277961, 48.37395609 ], [ 17.40314524, 48.3734946 ], [ 17.40337119, 48.3732128 ], [ 17.40377384, 48.37278091 ], [ 17.40429484, 48.37221674 ], [ 17.40433287, 48.37223954 ], [ 17.40435581, 48.37225332 ], [ 17.40475471, 48.37249229 ], [ 17.40495457, 48.37261406 ], [ 17.40502007, 48.37265401 ], [ 17.40502941, 48.37265967 ], [ 17.40523475, 48.37278478 ], [ 17.40481144, 48.37313455 ], [ 17.40444762, 48.37344381 ], [ 17.40442808, 48.37345221 ], [ 17.40438176, 48.37347216 ], [ 17.40422062, 48.37387093 ], [ 17.40403124, 48.37422911 ], [ 17.40398558, 48.37443642 ], [ 17.40405245, 48.37447166 ], [ 17.40411835, 48.3744782 ], [ 17.40475081, 48.37475529 ], [ 17.40614019, 48.37534319 ], [ 17.4065226, 48.37550129 ], [ 17.40662057, 48.37545271 ], [ 17.40733453, 48.37490548 ], [ 17.40765355, 48.37465402 ], [ 17.40815884, 48.3743177 ], [ 17.40825009, 48.37425106 ], [ 17.40826099, 48.37424427 ], [ 17.40868047, 48.3739818 ], [ 17.40891107, 48.37384704 ], [ 17.40907979, 48.37373293 ], [ 17.40959021, 48.37339295 ], [ 17.40990128, 48.37301194 ], [ 17.41036235, 48.37259196 ], [ 17.41052183, 48.37251041 ], [ 17.4118705, 48.37182144 ], [ 17.41334452, 48.37256791 ], [ 17.41332883, 48.37258623 ], [ 17.41330123, 48.37261823 ], [ 17.41382997, 48.37280514 ], [ 17.4142511, 48.37294422 ], [ 17.41490262, 48.37315688 ], [ 17.41559566, 48.37334811 ], [ 17.4168869, 48.37364452 ], [ 17.41856259, 48.37397848 ], [ 17.4191494, 48.37409485 ], [ 17.41978361, 48.37420615 ], [ 17.41986075, 48.37422398 ], [ 17.42009991, 48.37427381 ], [ 17.42075155, 48.37438552 ], [ 17.42117826, 48.37444569 ], [ 17.42177413, 48.37451122 ], [ 17.42260973, 48.37458079 ], [ 17.42303357, 48.37462532 ], [ 17.42373659, 48.3746657 ], [ 17.42416159, 48.37465581 ], [ 17.42426027, 48.37465805 ], [ 17.42427825, 48.37465849 ], [ 17.42494759, 48.37469451 ], [ 17.42529681, 48.37472345 ], [ 17.42640917, 48.37491428 ], [ 17.42643116, 48.37491417 ], [ 17.42650975, 48.37486631 ], [ 17.42670458, 48.37474772 ], [ 17.42694508, 48.37458104 ], [ 17.42717596, 48.37441888 ], [ 17.42754958, 48.37420425 ], [ 17.42789787, 48.37397352 ], [ 17.42809299, 48.37382965 ], [ 17.42814449, 48.37376476 ], [ 17.4281664, 48.37373727 ], [ 17.4281765, 48.37372473 ], [ 17.42853664, 48.37349269 ], [ 17.42886457, 48.37330853 ], [ 17.42922681, 48.37314674 ], [ 17.4296464, 48.37296083 ], [ 17.43014696, 48.37273389 ], [ 17.43060197, 48.37253753 ], [ 17.43112818, 48.37231876 ], [ 17.43141684, 48.37218247 ], [ 17.43181337, 48.37204765 ], [ 17.43213841, 48.37194461 ], [ 17.43232286, 48.3719036 ], [ 17.43252255, 48.37183149 ], [ 17.43275456, 48.37176933 ], [ 17.43313903, 48.37164366 ], [ 17.43329851, 48.37158043 ], [ 17.43341055, 48.37154494 ], [ 17.43344098, 48.37153525 ], [ 17.43365665, 48.37146697 ], [ 17.43402028, 48.37133634 ], [ 17.43443119, 48.37118934 ], [ 17.43476864, 48.37106614 ], [ 17.4349956, 48.37099669 ], [ 17.43532787, 48.3708765 ], [ 17.43568167, 48.37074252 ], [ 17.43598566, 48.37062655 ], [ 17.43631604, 48.37049222 ], [ 17.43662274, 48.37036694 ], [ 17.43700791, 48.37020842 ], [ 17.43721616, 48.37014725 ], [ 17.4372789, 48.37009356 ], [ 17.43736108, 48.37013547 ], [ 17.43746106, 48.37018648 ], [ 17.43787352, 48.37040117 ], [ 17.43825355, 48.37060292 ], [ 17.43864292, 48.37080953 ], [ 17.43907853, 48.37103384 ], [ 17.43946565, 48.37123731 ], [ 17.43990803, 48.3714664 ], [ 17.44029295, 48.37166358 ], [ 17.4406155, 48.37183649 ], [ 17.44101203, 48.37203686 ], [ 17.44139687, 48.37223557 ], [ 17.44179105, 48.37243904 ], [ 17.44182664, 48.37245733 ], [ 17.44184139, 48.37246497 ], [ 17.44191607, 48.3725035 ], [ 17.44213909, 48.37261856 ], [ 17.44251939, 48.37281408 ], [ 17.44292476, 48.37303019 ], [ 17.44329813, 48.37322399 ], [ 17.44365542, 48.37340989 ], [ 17.44405648, 48.37361659 ], [ 17.44431728, 48.37375542 ], [ 17.44451942, 48.37386307 ], [ 17.44504736, 48.37413552 ], [ 17.44537873, 48.37431694 ], [ 17.44543551, 48.37434798 ], [ 17.44555023, 48.37428843 ], [ 17.44567508, 48.37422358 ], [ 17.44599028, 48.37405472 ], [ 17.44632903, 48.37387682 ], [ 17.44661566, 48.37372157 ], [ 17.44671269, 48.37367082 ], [ 17.44694976, 48.37354671 ], [ 17.44726242, 48.3733794 ], [ 17.44733365, 48.3733428 ], [ 17.44746044, 48.37327761 ], [ 17.44773005, 48.37313771 ], [ 17.44787727, 48.37327615 ], [ 17.44789825, 48.37329603 ], [ 17.44793054, 48.37331365 ], [ 17.44803276, 48.3732682 ], [ 17.44830053, 48.3731158 ], [ 17.44843134, 48.37305837 ], [ 17.4486013, 48.37295459 ], [ 17.44872707, 48.37290949 ], [ 17.44896819, 48.37277705 ], [ 17.44907601, 48.37263809 ], [ 17.44921979, 48.37254644 ], [ 17.44940458, 48.37248807 ], [ 17.44941084, 48.37249353 ], [ 17.44942085, 48.37250213 ], [ 17.44945022, 48.3725277 ], [ 17.44962113, 48.372672 ], [ 17.44994787, 48.37292918 ], [ 17.4502679, 48.37317843 ], [ 17.45055082, 48.37341155 ], [ 17.4508252, 48.37362126 ], [ 17.45099939, 48.37374219 ], [ 17.45129977, 48.37394752 ], [ 17.45141687, 48.37402085 ], [ 17.45177063, 48.37424245 ], [ 17.45215421, 48.37448007 ], [ 17.45216722, 48.3744941 ], [ 17.4522031, 48.37447121 ], [ 17.45225593, 48.37443152 ], [ 17.45229703, 48.37440065 ], [ 17.45230181, 48.37439671 ], [ 17.45233801, 48.37436688 ], [ 17.45234287, 48.37436331 ], [ 17.4523836, 48.37433314 ], [ 17.45239096, 48.37432729 ], [ 17.45243428, 48.37429331 ], [ 17.4524727, 48.37426416 ], [ 17.45251773, 48.37422866 ], [ 17.45252325, 48.37422423 ], [ 17.45252712, 48.37422096 ], [ 17.45256197, 48.37419203 ], [ 17.45256627, 48.3741886 ], [ 17.45260775, 48.37415514 ], [ 17.45265117, 48.37411674 ], [ 17.45269675, 48.37408769 ], [ 17.45272844, 48.3740507 ], [ 17.45277213, 48.37400762 ], [ 17.45282567, 48.373949 ], [ 17.4528645, 48.37391048 ], [ 17.45292024, 48.37385354 ], [ 17.45295667, 48.37381659 ], [ 17.45297613, 48.37379652 ], [ 17.45298045, 48.37379201 ], [ 17.45299806, 48.37377345 ], [ 17.45306857, 48.37369794 ], [ 17.45314369, 48.37362246 ], [ 17.4531631, 48.37360555 ], [ 17.45316921, 48.37359989 ], [ 17.45318484, 48.37358563 ], [ 17.4532043, 48.37356556 ], [ 17.4532238, 48.37354242 ], [ 17.45326004, 48.37350862 ], [ 17.4533014, 48.37346385 ], [ 17.45333552, 48.37342693 ], [ 17.45337195, 48.37338997 ], [ 17.45340599, 48.37335449 ], [ 17.45344228, 48.37331753 ], [ 17.45347947, 48.37327909 ], [ 17.45351522, 48.37324209 ], [ 17.45353229, 48.37322358 ], [ 17.45354926, 48.37320661 ], [ 17.45358095, 48.37316962 ], [ 17.45365844, 48.37309736 ], [ 17.45370187, 48.37305887 ], [ 17.45374073, 48.37301728 ], [ 17.45376305, 48.37299812 ], [ 17.4537818, 48.37298198 ], [ 17.45381579, 48.37294966 ], [ 17.45385912, 48.37291279 ], [ 17.45389803, 48.37287274 ], [ 17.45396596, 48.37280656 ], [ 17.4540023, 48.37277113 ], [ 17.45403868, 48.37273264 ], [ 17.4540821, 48.37269884 ], [ 17.45411238, 48.37266592 ], [ 17.45411608, 48.37266191 ], [ 17.45414993, 48.37263428 ], [ 17.45418144, 48.37260035 ], [ 17.45419837, 48.37258653 ], [ 17.45421783, 48.37256646 ], [ 17.45426363, 48.37252659 ], [ 17.45430007, 48.37248955 ], [ 17.45432095, 48.37246812 ], [ 17.45433896, 48.37244959 ], [ 17.45438239, 48.3724111 ], [ 17.45453035, 48.3722664 ], [ 17.45457639, 48.37222022 ], [ 17.45461047, 48.37218167 ], [ 17.45462739, 48.37216785 ], [ 17.45467099, 48.3721263 ], [ 17.45476072, 48.37203703 ], [ 17.45484544, 48.37195702 ], [ 17.45488443, 48.37191544 ], [ 17.45491594, 48.37188151 ], [ 17.4549864, 48.37180916 ], [ 17.4550615, 48.37173838 ], [ 17.45513661, 48.3716629 ], [ 17.45528222, 48.37151661 ], [ 17.45531376, 48.37148431 ], [ 17.45535253, 48.37144895 ], [ 17.45550766, 48.37129496 ], [ 17.455595, 48.37120716 ], [ 17.45566293, 48.37114098 ], [ 17.45569222, 48.37110555 ], [ 17.45573333, 48.37106709 ], [ 17.45581075, 48.37099627 ], [ 17.45585682, 48.37095172 ], [ 17.45589569, 48.37091004 ], [ 17.45593459, 48.37086999 ], [ 17.45600491, 48.37079763 ], [ 17.45604611, 48.37075764 ], [ 17.45615778, 48.37064521 ], [ 17.45619163, 48.37061288 ], [ 17.45622565, 48.37057749 ], [ 17.45625978, 48.37054047 ], [ 17.4563495, 48.37045121 ], [ 17.45638801, 48.37042044 ], [ 17.45643123, 48.37038989 ], [ 17.45651052, 48.3703332 ], [ 17.45660177, 48.37026887 ], [ 17.45665705, 48.37022907 ], [ 17.45670986, 48.37019226 ], [ 17.45688521, 48.37006985 ], [ 17.45698138, 48.3699978 ], [ 17.4570271, 48.36996406 ], [ 17.45706311, 48.36993648 ], [ 17.45711586, 48.36990283 ], [ 17.45725769, 48.36980021 ], [ 17.45730332, 48.369768 ], [ 17.45734421, 48.36973576 ], [ 17.45744041, 48.36966534 ], [ 17.45753406, 48.36959946 ], [ 17.45757509, 48.36957184 ], [ 17.45762034, 48.36954132 ], [ 17.45769985, 48.36947841 ], [ 17.45774557, 48.36944467 ], [ 17.45779831, 48.36941112 ], [ 17.45793762, 48.36930996 ], [ 17.45798324, 48.36927784 ], [ 17.45803599, 48.3692442 ], [ 17.4580864, 48.36920896 ], [ 17.4581226, 48.36917822 ], [ 17.45817782, 48.36914157 ], [ 17.45821862, 48.36911086 ], [ 17.45825842, 48.36908054 ], [ 17.45826681, 48.36907412 ], [ 17.45839885, 48.36898378 ], [ 17.45844212, 48.36895007 ], [ 17.45848784, 48.36891633 ], [ 17.45850468, 48.36890405 ], [ 17.4585313, 48.36887947 ], [ 17.45861104, 48.36880564 ], [ 17.4586499, 48.36876866 ], [ 17.45869102, 48.3687302 ], [ 17.45876867, 48.36865018 ], [ 17.45881453, 48.36861176 ], [ 17.45885329, 48.3685717 ], [ 17.45897902, 48.36845945 ], [ 17.45901765, 48.36842408 ], [ 17.4591001, 48.36834564 ], [ 17.45917961, 48.36827803 ], [ 17.45933458, 48.36813342 ], [ 17.45938033, 48.36809661 ], [ 17.45941643, 48.36806 ], [ 17.45945317, 48.3680227 ], [ 17.45949392, 48.36799515 ], [ 17.45958778, 48.36792304 ], [ 17.45967221, 48.3678524 ], [ 17.45971548, 48.36781869 ], [ 17.45977085, 48.36777726 ], [ 17.45980713, 48.367745 ], [ 17.45985266, 48.36771441 ], [ 17.45990325, 48.36767602 ], [ 17.46002134, 48.3675762 ], [ 17.46020905, 48.36743207 ], [ 17.46029574, 48.36736456 ], [ 17.46034385, 48.36732926 ], [ 17.46038954, 48.36729561 ], [ 17.46048841, 48.36721425 ], [ 17.46055243, 48.36714311 ], [ 17.46063659, 48.36707716 ], [ 17.46067268, 48.36704804 ], [ 17.46067771, 48.36704511 ], [ 17.46072763, 48.36701607 ], [ 17.46077108, 48.3669792 ], [ 17.46081683, 48.3669424 ], [ 17.46090337, 48.36687497 ], [ 17.46098978, 48.36681214 ], [ 17.46107875, 48.36674008 ], [ 17.46115641, 48.36665997 ], [ 17.46120202, 48.36662785 ], [ 17.46122133, 48.36660786 ], [ 17.4612383, 48.36659088 ], [ 17.46133202, 48.36651886 ], [ 17.46141441, 48.36643887 ], [ 17.46150324, 48.3663715 ], [ 17.46158789, 48.36628994 ], [ 17.46165575, 48.36622221 ], [ 17.46174013, 48.36615004 ], [ 17.46174831, 48.36614225 ], [ 17.46185974, 48.36603685 ], [ 17.46193847, 48.3659625 ], [ 17.4619435, 48.36595677 ], [ 17.46205029, 48.36583761 ], [ 17.46212319, 48.36575756 ], [ 17.46215732, 48.36571584 ], [ 17.46219147, 48.36567576 ], [ 17.46233591, 48.36551014 ], [ 17.46247384, 48.36535205 ], [ 17.46251282, 48.36531047 ], [ 17.46254215, 48.36527188 ], [ 17.46257125, 48.36523951 ], [ 17.46261954, 48.36519645 ], [ 17.46268567, 48.36511163 ], [ 17.46276594, 48.36501913 ], [ 17.46280217, 48.36498532 ], [ 17.46284102, 48.36494373 ], [ 17.46290662, 48.36487287 ], [ 17.46298856, 48.36480532 ], [ 17.4630774, 48.36473786 ], [ 17.46317115, 48.36466737 ], [ 17.46324825, 48.36460141 ], [ 17.46325341, 48.36459759 ], [ 17.4632986, 48.36456463 ], [ 17.4633443, 48.36453098 ], [ 17.46343556, 48.36446358 ], [ 17.46361346, 48.36432244 ], [ 17.46365195, 48.36429175 ], [ 17.46370225, 48.36425813 ], [ 17.46377691, 48.3641968 ], [ 17.46381694, 48.36416197 ], [ 17.4638565, 48.36412766 ], [ 17.46391627, 48.36408949 ], [ 17.46394559, 48.3640556 ], [ 17.46399125, 48.36402032 ], [ 17.46399756, 48.36401612 ], [ 17.46407981, 48.36396224 ], [ 17.46410675, 48.36392521 ], [ 17.46420714, 48.36379398 ], [ 17.46426028, 48.36374636 ], [ 17.46428033, 48.36370446 ], [ 17.46433021, 48.3636849 ], [ 17.46444277, 48.36361002 ], [ 17.4645339, 48.36354731 ], [ 17.46457477, 48.36351507 ], [ 17.46463449, 48.36348006 ], [ 17.46466582, 48.36345389 ], [ 17.46472315, 48.36342036 ], [ 17.4648118, 48.36336074 ], [ 17.46485722, 48.36333177 ], [ 17.464905, 48.36330431 ], [ 17.46509212, 48.36316963 ], [ 17.46534082, 48.36301235 ], [ 17.46535989, 48.36300147 ], [ 17.46537675, 48.3629918 ], [ 17.46544624, 48.3629521 ], [ 17.46545554, 48.36294682 ], [ 17.46548206, 48.36292757 ], [ 17.46550828, 48.36290857 ], [ 17.46551338, 48.36289769 ], [ 17.46555746, 48.36287234 ], [ 17.4655958, 48.36284635 ], [ 17.46566804, 48.36278486 ], [ 17.46596226, 48.36252688 ], [ 17.46603232, 48.36246073 ], [ 17.46611669, 48.36238855 ], [ 17.46615534, 48.36235481 ], [ 17.46623248, 48.36228569 ], [ 17.46634608, 48.36218115 ], [ 17.46641582, 48.36212284 ], [ 17.46655368, 48.36199213 ], [ 17.4666236, 48.36193067 ], [ 17.46670074, 48.36186155 ], [ 17.46683829, 48.36173858 ], [ 17.46697362, 48.36161411 ], [ 17.4671137, 48.36148498 ], [ 17.46739793, 48.36124244 ], [ 17.4674678, 48.36118414 ], [ 17.46754003, 48.36112265 ], [ 17.46768479, 48.36099672 ], [ 17.46782683, 48.36087548 ], [ 17.46797877, 48.36074495 ], [ 17.46811135, 48.36062816 ], [ 17.468186, 48.36056683 ], [ 17.46826064, 48.3605055 ], [ 17.46841006, 48.36037643 ], [ 17.4685474, 48.3602567 ], [ 17.46862396, 48.36019151 ], [ 17.46862685, 48.36012953 ], [ 17.46863093, 48.36004152 ], [ 17.46863367, 48.35998333 ], [ 17.46844107, 48.3597108 ], [ 17.46828663, 48.35949025 ], [ 17.46798058, 48.35932228 ], [ 17.46777698, 48.35920607 ], [ 17.4677622, 48.35919762 ], [ 17.46772031, 48.35917234 ], [ 17.46765649, 48.3591338 ], [ 17.46752386, 48.35905831 ], [ 17.46727477, 48.35891641 ], [ 17.46627551, 48.35967789 ], [ 17.46596302, 48.35992268 ], [ 17.46578758, 48.3600676 ], [ 17.46560134, 48.36020939 ], [ 17.46554376, 48.36017261 ], [ 17.46327535, 48.35859429 ], [ 17.46201933, 48.35772937 ], [ 17.46139143, 48.35729722 ], [ 17.46137376, 48.35728722 ], [ 17.46133234, 48.35725781 ], [ 17.46131128, 48.35724507 ], [ 17.46125967, 48.35720741 ], [ 17.46022646, 48.35649659 ], [ 17.45909569, 48.3557174 ], [ 17.45720561, 48.3544081 ], [ 17.45704476, 48.3545057 ], [ 17.45667078, 48.35472382 ], [ 17.45658657, 48.35477071 ], [ 17.45578458, 48.35522984 ], [ 17.45571738, 48.35527249 ], [ 17.45429479, 48.35476709 ], [ 17.45188214, 48.35389996 ], [ 17.45163587, 48.35380907 ], [ 17.45157799, 48.35378754 ], [ 17.45034747, 48.35333974 ], [ 17.44965926, 48.35308939 ], [ 17.44679473, 48.35204741 ], [ 17.44595391, 48.3517402 ], [ 17.44577992, 48.35167819 ], [ 17.44617513, 48.35142424 ], [ 17.44642441, 48.35122945 ], [ 17.44647151, 48.35108449 ], [ 17.44646368, 48.35085024 ], [ 17.44678263, 48.35062191 ], [ 17.44699913, 48.3504428 ], [ 17.44718154, 48.35025752 ], [ 17.44750589, 48.34996593 ], [ 17.44779771, 48.34981969 ], [ 17.44814396, 48.34943048 ], [ 17.44807085, 48.34939911 ], [ 17.44803202, 48.34937717 ], [ 17.44797451, 48.34934943 ], [ 17.44791135, 48.34931671 ], [ 17.44782662, 48.34927112 ], [ 17.44772911, 48.34922109 ], [ 17.44764658, 48.34917799 ], [ 17.44754991, 48.34913154 ], [ 17.44745914, 48.34908737 ], [ 17.44737182, 48.34904369 ], [ 17.4470554, 48.34885374 ], [ 17.44696315, 48.34881228 ], [ 17.44686838, 48.34876767 ], [ 17.44666751, 48.34868078 ], [ 17.44541974, 48.34811407 ], [ 17.44537651, 48.34809438 ], [ 17.44420738, 48.34755939 ], [ 17.44337254, 48.3472005 ], [ 17.44336554, 48.34719733 ], [ 17.44293839, 48.34700655 ], [ 17.44245305, 48.34679646 ], [ 17.44237156, 48.3467705 ], [ 17.44190857, 48.34660441 ], [ 17.44174973, 48.34653343 ], [ 17.44143657, 48.34639211 ], [ 17.44142512, 48.34638694 ], [ 17.44108705, 48.34622495 ], [ 17.44085712, 48.3461106 ], [ 17.44060563, 48.34595077 ], [ 17.44016445, 48.34565994 ], [ 17.43981653, 48.34539891 ], [ 17.43981222, 48.34539592 ], [ 17.43976587, 48.34536329 ], [ 17.43952979, 48.34516551 ], [ 17.43948992, 48.34513212 ], [ 17.43906236, 48.34477106 ], [ 17.43879853, 48.34452747 ], [ 17.43854254, 48.34428774 ], [ 17.43831928, 48.34407371 ], [ 17.43788863, 48.34365019 ], [ 17.43766884, 48.34342906 ], [ 17.43729342, 48.34304986 ], [ 17.43706442, 48.34282226 ], [ 17.43667291, 48.34242891 ], [ 17.43625717, 48.34201114 ], [ 17.43622048, 48.34197732 ], [ 17.43615498, 48.34191986 ], [ 17.43608282, 48.34185782 ], [ 17.43601324, 48.34179675 ], [ 17.43599813, 48.34178132 ], [ 17.43598555, 48.34177002 ], [ 17.43593454, 48.3417238 ], [ 17.43591333, 48.34170472 ], [ 17.43587908, 48.34167648 ], [ 17.43541062, 48.34125041 ], [ 17.43506255, 48.34096658 ], [ 17.4350325, 48.34094214 ], [ 17.43463591, 48.3406183 ], [ 17.43450035, 48.3405077 ], [ 17.43440944, 48.34042366 ], [ 17.43403398, 48.3400767 ], [ 17.43395431, 48.34000305 ], [ 17.43393997, 48.33998984 ], [ 17.4337084, 48.34002111 ], [ 17.43362204, 48.34006504 ], [ 17.43357835, 48.34018636 ], [ 17.43351844, 48.34015475 ], [ 17.43316474, 48.33997491 ], [ 17.43290433, 48.3398133 ], [ 17.43258718, 48.33958441 ], [ 17.43249636, 48.33952775 ], [ 17.43239294, 48.33946639 ], [ 17.43081221, 48.33845995 ], [ 17.43049549, 48.33826081 ], [ 17.43080925, 48.3381211 ], [ 17.43144193, 48.33766953 ], [ 17.43191919, 48.33723906 ], [ 17.4318955, 48.33721846 ], [ 17.43092019, 48.33644114 ], [ 17.43014945, 48.33580401 ], [ 17.42975074, 48.33542354 ], [ 17.42920408, 48.3349415 ], [ 17.42820314, 48.3342486 ], [ 17.42716626, 48.33353186 ], [ 17.42714712, 48.33351905 ], [ 17.42708778, 48.33346316 ], [ 17.42707336, 48.33344958 ], [ 17.42688391, 48.33326825 ], [ 17.42687284, 48.33325768 ], [ 17.42686344, 48.33324876 ], [ 17.42631426, 48.33346591 ], [ 17.4260355, 48.33361474 ], [ 17.42515578, 48.334096 ], [ 17.42488734, 48.33423257 ], [ 17.424844, 48.33425471 ], [ 17.42437922, 48.3344775 ], [ 17.42431919, 48.33451002 ], [ 17.42387846, 48.33476211 ], [ 17.42339042, 48.33504493 ], [ 17.42316033, 48.33518137 ], [ 17.42283319, 48.33536446 ], [ 17.42244749, 48.33554204 ], [ 17.42200736, 48.3357676 ], [ 17.42157517, 48.3359925 ], [ 17.42129552, 48.33614352 ], [ 17.42111428, 48.33622285 ], [ 17.42073999, 48.33638897 ], [ 17.42041767, 48.33652032 ], [ 17.42003823, 48.33666876 ], [ 17.41976954, 48.33677151 ], [ 17.41941632, 48.33690556 ], [ 17.41914398, 48.33700636 ], [ 17.41870486, 48.33715788 ], [ 17.41841743, 48.33725156 ], [ 17.41824793, 48.33731168 ], [ 17.41814071, 48.33735731 ], [ 17.41809519, 48.33737668 ], [ 17.41777136, 48.33751452 ], [ 17.41734497, 48.33770418 ], [ 17.41691904, 48.33789432 ], [ 17.41654235, 48.33807762 ], [ 17.41628366, 48.33820089 ], [ 17.41601057, 48.33833371 ], [ 17.41575922, 48.33846054 ], [ 17.41563665, 48.33853048 ], [ 17.41549703, 48.33863003 ], [ 17.41537593, 48.33872798 ], [ 17.41529617, 48.33878046 ], [ 17.41516492, 48.33885046 ], [ 17.41476736, 48.33908662 ], [ 17.41458207, 48.33919351 ], [ 17.41441649, 48.33928424 ], [ 17.41403651, 48.33950762 ], [ 17.41372763, 48.33969883 ], [ 17.41360203, 48.33978303 ], [ 17.41330939, 48.3399744 ], [ 17.41312561, 48.34009692 ], [ 17.41291518, 48.34020606 ], [ 17.41250163, 48.34040955 ], [ 17.41234969, 48.34048291 ], [ 17.41206288, 48.34058601 ], [ 17.41201481, 48.34060331 ], [ 17.41197275, 48.34061847 ], [ 17.41167697, 48.34073291 ], [ 17.41134779, 48.34086163 ], [ 17.41107246, 48.3409474 ], [ 17.41055641, 48.34109995 ], [ 17.41012612, 48.34123512 ], [ 17.40935548, 48.3415355 ], [ 17.40866267, 48.34182448 ], [ 17.40810473, 48.34200945 ], [ 17.40761628, 48.34217336 ], [ 17.40711861, 48.3423336 ], [ 17.40644847, 48.34255166 ], [ 17.40618166, 48.34264575 ], [ 17.4056299, 48.34284674 ], [ 17.4050448, 48.3431015 ], [ 17.40427885, 48.34345465 ], [ 17.40359356, 48.34377147 ], [ 17.4034705, 48.3438298 ], [ 17.40343548, 48.34384587 ], [ 17.40310504, 48.3439978 ], [ 17.40309181, 48.3440039 ], [ 17.40270849, 48.34418275 ], [ 17.40260405, 48.34422864 ], [ 17.40258116, 48.34423872 ], [ 17.40252121, 48.34426031 ], [ 17.40244438, 48.34428794 ], [ 17.40172818, 48.34455458 ], [ 17.40142871, 48.34464481 ], [ 17.40055085, 48.34496203 ], [ 17.39946651, 48.34535174 ], [ 17.39893681, 48.3455433 ], [ 17.39799407, 48.34592486 ], [ 17.39781956, 48.34599285 ], [ 17.397439, 48.34615723 ], [ 17.39734879, 48.34619754 ], [ 17.3970915, 48.34631246 ], [ 17.39681011, 48.34645681 ], [ 17.3965274, 48.34663704 ], [ 17.39625219, 48.34677528 ], [ 17.3957937, 48.34702657 ], [ 17.39529985, 48.34727114 ], [ 17.39510028, 48.34737228 ], [ 17.39475094, 48.34759371 ], [ 17.39373433, 48.34821812 ], [ 17.39335841, 48.34850984 ], [ 17.39307092, 48.34875309 ], [ 17.39275936, 48.34901908 ], [ 17.39240068, 48.34931797 ], [ 17.39218655, 48.34949624 ], [ 17.39187414, 48.34975865 ], [ 17.39164323, 48.34995796 ], [ 17.39141982, 48.35013291 ], [ 17.39117024, 48.35031709 ], [ 17.39105902, 48.35040446 ], [ 17.39105479, 48.35040744 ], [ 17.39104935, 48.35041124 ], [ 17.39103726, 48.35041976 ], [ 17.39099263, 48.35045327 ], [ 17.39096438, 48.35043697 ], [ 17.39071029, 48.35029014 ], [ 17.39013254, 48.34995588 ], [ 17.38929117, 48.34948346 ], [ 17.38880675, 48.34921183 ], [ 17.38845089, 48.3490833 ], [ 17.38763586, 48.34880966 ], [ 17.38712284, 48.34864541 ], [ 17.38685559, 48.34855979 ], [ 17.38569963, 48.34819562 ], [ 17.38526227, 48.34806367 ], [ 17.38427497, 48.34774761 ], [ 17.38417714, 48.34771584 ], [ 17.38412848, 48.34770011 ], [ 17.38400387, 48.34765965 ], [ 17.38321691, 48.34740289 ], [ 17.3815482, 48.34687036 ], [ 17.38087599, 48.34665676 ], [ 17.38053531, 48.34653678 ], [ 17.3802695, 48.34643596 ], [ 17.37885236, 48.34575523 ], [ 17.3784488, 48.34557792 ], [ 17.37790993, 48.34540824 ], [ 17.37660652, 48.34519249 ], [ 17.37656062, 48.34518561 ], [ 17.37653134, 48.34521244 ], [ 17.3765268, 48.34521657 ], [ 17.37649258, 48.3452484 ], [ 17.3763877, 48.34534602 ], [ 17.37633201, 48.34534591 ], [ 17.37627169, 48.34534587 ], [ 17.37623985, 48.34534578 ], [ 17.3756823, 48.34534493 ], [ 17.37466154, 48.3453369 ], [ 17.37363514, 48.3453285 ], [ 17.37296887, 48.34532678 ], [ 17.37273066, 48.34532614 ], [ 17.37160413, 48.3454199 ], [ 17.37084143, 48.34548778 ], [ 17.37080325, 48.34549116 ], [ 17.37065892, 48.34549737 ], [ 17.36956572, 48.34533366 ], [ 17.36955021, 48.3453313 ], [ 17.3694551, 48.34531985 ], [ 17.36944378, 48.34531848 ], [ 17.36939874, 48.34531138 ], [ 17.36934217, 48.34530244 ], [ 17.36933779, 48.3453018 ], [ 17.36914871, 48.3452721 ], [ 17.36853077, 48.34517492 ], [ 17.36731693, 48.34499284 ], [ 17.36712065, 48.3449633 ], [ 17.36706189, 48.34495449 ], [ 17.36666585, 48.34489511 ], [ 17.36646975, 48.3449114 ], [ 17.36631908, 48.34492388 ], [ 17.3659811, 48.34495187 ], [ 17.36593195, 48.34495516 ], [ 17.36586281, 48.34495978 ], [ 17.36546602, 48.34499043 ], [ 17.3642412, 48.34509793 ], [ 17.36362982, 48.34515161 ], [ 17.36357607, 48.34521018 ], [ 17.36337641, 48.34542766 ], [ 17.3603699, 48.34867844 ], [ 17.36030854, 48.34874717 ], [ 17.3599122, 48.3492003 ], [ 17.35990279, 48.3492108 ], [ 17.35948579, 48.34969275 ], [ 17.35923182, 48.3499852 ], [ 17.35899989, 48.35025134 ], [ 17.35896401, 48.35029246 ], [ 17.358914, 48.35034766 ], [ 17.35858202, 48.35072709 ], [ 17.35829923, 48.35105868 ], [ 17.35798824, 48.3514253 ], [ 17.35757648, 48.35190732 ], [ 17.35752653, 48.35196667 ], [ 17.35739745, 48.35211881 ], [ 17.3573584, 48.35216488 ], [ 17.35715008, 48.35241043 ], [ 17.35713222, 48.3524314 ], [ 17.35705245, 48.35252016 ], [ 17.35695482, 48.352629 ], [ 17.35676395, 48.35284162 ], [ 17.35668142, 48.35293354 ], [ 17.35658165, 48.35304305 ], [ 17.35647833, 48.35315639 ], [ 17.35639686, 48.35324568 ], [ 17.35625683, 48.35339936 ], [ 17.35621617, 48.35344441 ], [ 17.35613066, 48.35353904 ], [ 17.3561274, 48.35354271 ], [ 17.35607289, 48.35360267 ], [ 17.35604133, 48.35363748 ], [ 17.35586889, 48.35382709 ], [ 17.35577976, 48.35392509 ], [ 17.35576438, 48.35394207 ], [ 17.35570345, 48.35400965 ], [ 17.35552897, 48.35420301 ], [ 17.35542936, 48.35431325 ], [ 17.35537324, 48.35437491 ], [ 17.3553063, 48.35444834 ], [ 17.35527231, 48.35448579 ], [ 17.3552251, 48.35453755 ], [ 17.35518742, 48.35457892 ], [ 17.35512078, 48.35465218 ], [ 17.35509572, 48.35467964 ], [ 17.35504106, 48.35474059 ], [ 17.35496048, 48.3548302 ], [ 17.35488247, 48.3549171 ], [ 17.35483415, 48.35497087 ], [ 17.3547902, 48.35501986 ], [ 17.35474285, 48.35507252 ], [ 17.35472452, 48.35509301 ], [ 17.35469201, 48.35512965 ], [ 17.35464422, 48.35518346 ], [ 17.35459188, 48.35524247 ], [ 17.35455109, 48.35528833 ], [ 17.35450121, 48.35536098 ], [ 17.35449774, 48.35536617 ], [ 17.35449521, 48.35536953 ], [ 17.3544693, 48.35540371 ], [ 17.35443594, 48.35544979 ], [ 17.35443459, 48.3554516 ], [ 17.35440522, 48.35548989 ], [ 17.35414895, 48.35583441 ], [ 17.35391799, 48.35614788 ], [ 17.35371862, 48.35649359 ], [ 17.35355598, 48.35682282 ], [ 17.35337887, 48.35706796 ], [ 17.35302882, 48.35749301 ], [ 17.35249897, 48.35813637 ], [ 17.35248145, 48.35815772 ], [ 17.35205891, 48.35867535 ], [ 17.35168917, 48.35920818 ], [ 17.35133799, 48.35971809 ], [ 17.35105529, 48.36012477 ], [ 17.35073736, 48.36056447 ], [ 17.35045203, 48.36096321 ], [ 17.35026644, 48.36129238 ], [ 17.35012751, 48.36155059 ], [ 17.34996668, 48.3619694 ], [ 17.34988716, 48.36220077 ], [ 17.34985128, 48.36249582 ], [ 17.34975794, 48.36266457 ], [ 17.34959873, 48.36285233 ], [ 17.34943418, 48.36301289 ], [ 17.34926502, 48.36339889 ], [ 17.34948744, 48.36344011 ], [ 17.35002962, 48.3634998 ], [ 17.3506726, 48.36352786 ], [ 17.35123586, 48.36355585 ], [ 17.3517947, 48.36360641 ], [ 17.35207909, 48.36363758 ], [ 17.35199794, 48.3638055 ], [ 17.3518789, 48.36405209 ], [ 17.3517499, 48.364334 ], [ 17.35174889, 48.36439059 ], [ 17.35174004, 48.36490447 ], [ 17.35175272, 48.36572239 ], [ 17.35176195, 48.36591755 ], [ 17.35173688, 48.36646235 ], [ 17.35170153, 48.36700151 ], [ 17.35152946, 48.36744597 ], [ 17.35130061, 48.36804378 ], [ 17.35110511, 48.36856894 ], [ 17.35093963, 48.3689944 ], [ 17.35076906, 48.36937977 ], [ 17.35076559, 48.36938767 ], [ 17.35029684, 48.36975055 ], [ 17.34995848, 48.37001822 ], [ 17.3496132, 48.3702905 ], [ 17.34942086, 48.37044437 ], [ 17.34935714, 48.37049298 ], [ 17.34932284, 48.37051866 ], [ 17.34925761, 48.37057286 ], [ 17.34922707, 48.37059878 ], [ 17.3492251, 48.37060019 ], [ 17.34917812, 48.37063371 ], [ 17.34917552, 48.37063571 ], [ 17.34871598, 48.37098934 ], [ 17.3481787, 48.37079279 ], [ 17.34703604, 48.37037146 ], [ 17.34694355, 48.37033739 ], [ 17.34698605, 48.37026806 ], [ 17.34701416, 48.37000287 ], [ 17.34703469, 48.36983785 ], [ 17.34710231, 48.36952174 ], [ 17.34711482, 48.36947919 ], [ 17.34726754, 48.36907069 ], [ 17.34726532, 48.36903973 ], [ 17.34726444, 48.3690273 ], [ 17.34722852, 48.36899955 ], [ 17.34717197, 48.36896919 ], [ 17.34710302, 48.36892998 ], [ 17.34710139, 48.36892906 ], [ 17.34709896, 48.36892809 ], [ 17.34706529, 48.36891359 ], [ 17.34669636, 48.36875562 ], [ 17.34611365, 48.36861175 ], [ 17.34598486, 48.36859301 ], [ 17.34586106, 48.36859747 ], [ 17.3457675, 48.3686415 ], [ 17.34545919, 48.36886621 ], [ 17.34535453, 48.36889994 ], [ 17.34498729, 48.3688759 ], [ 17.34477245, 48.36887322 ], [ 17.34468511, 48.36889985 ], [ 17.34464155, 48.36892302 ], [ 17.3446239, 48.36893235 ], [ 17.34459256, 48.36894901 ], [ 17.34445125, 48.36902434 ], [ 17.34431836, 48.36909597 ], [ 17.34427784, 48.36911781 ], [ 17.34410618, 48.3692104 ], [ 17.34397076, 48.36927157 ], [ 17.34392455, 48.36929249 ], [ 17.3438054, 48.36934632 ], [ 17.34362681, 48.36942707 ], [ 17.34375764, 48.36953956 ], [ 17.34389974, 48.36968966 ], [ 17.34402328, 48.36988751 ], [ 17.34405253, 48.3699338 ], [ 17.34408747, 48.36999022 ], [ 17.34417852, 48.37013706 ], [ 17.34418876, 48.3701596 ], [ 17.34420755, 48.3702014 ], [ 17.34421879, 48.37022636 ], [ 17.34427563, 48.37035226 ], [ 17.34433105, 48.3704749 ], [ 17.34437677, 48.37060359 ], [ 17.34442144, 48.37072923 ], [ 17.34447101, 48.37086857 ], [ 17.34451364, 48.37096119 ], [ 17.34452779, 48.37099211 ], [ 17.34459129, 48.37112992 ], [ 17.34458708, 48.37127433 ], [ 17.34459041, 48.37129036 ], [ 17.34461022, 48.3713841 ], [ 17.34461918, 48.37141532 ], [ 17.34464145, 48.37149332 ], [ 17.34466114, 48.37156211 ], [ 17.34469131, 48.37166747 ], [ 17.34473888, 48.37180387 ], [ 17.34474785, 48.37182949 ], [ 17.3447637, 48.37190689 ], [ 17.34475491, 48.37198945 ], [ 17.34475866, 48.37203298 ], [ 17.34476333, 48.37208597 ], [ 17.34477226, 48.37218822 ], [ 17.34477707, 48.37224293 ], [ 17.34478074, 48.37227046 ], [ 17.34479242, 48.37235681 ], [ 17.34480723, 48.37246703 ], [ 17.34482001, 48.37256248 ], [ 17.34482921, 48.37263068 ], [ 17.34482973, 48.37266668 ], [ 17.3448303, 48.37272075 ], [ 17.34483086, 48.37275838 ], [ 17.34483094, 48.37276797 ], [ 17.34483132, 48.3728739 ], [ 17.34483134, 48.37289396 ], [ 17.34487432, 48.3730063 ], [ 17.34489301, 48.37305524 ], [ 17.34489846, 48.37309002 ], [ 17.34491092, 48.37320506 ], [ 17.34491199, 48.37327508 ], [ 17.3449119, 48.37343114 ], [ 17.34490679, 48.37348511 ], [ 17.34489905, 48.3735569 ], [ 17.34489242, 48.37360644 ], [ 17.34488508, 48.373705 ], [ 17.3448825, 48.37372245 ], [ 17.34488215, 48.37372577 ], [ 17.34487942, 48.37374981 ], [ 17.34487864, 48.3737569 ], [ 17.34487266, 48.37381127 ], [ 17.34486956, 48.37383962 ], [ 17.34486244, 48.37393576 ], [ 17.34486025, 48.37395613 ], [ 17.34484368, 48.37410252 ], [ 17.34483969, 48.37414889 ], [ 17.34481983, 48.3743323 ], [ 17.3448182, 48.37436265 ], [ 17.34480717, 48.3744466 ], [ 17.34479943, 48.37448992 ], [ 17.34479335, 48.37450904 ], [ 17.34477498, 48.37456829 ], [ 17.34474412, 48.37467092 ], [ 17.34473837, 48.37470804 ], [ 17.34472043, 48.37482416 ], [ 17.34472077, 48.37482735 ], [ 17.34473082, 48.37491648 ], [ 17.34477499, 48.37530767 ], [ 17.34479157, 48.37551443 ], [ 17.34479644, 48.37557611 ], [ 17.34484558, 48.37585359 ], [ 17.34490534, 48.37611333 ], [ 17.34517083, 48.37689765 ], [ 17.34529575, 48.37735938 ], [ 17.34538385, 48.37761464 ], [ 17.34541614, 48.3778565 ], [ 17.34541691, 48.37786233 ], [ 17.34541838, 48.37787535 ], [ 17.34542767, 48.37795955 ], [ 17.345485, 48.37818886 ], [ 17.34565689, 48.37842693 ], [ 17.34576256, 48.37857319 ], [ 17.34576919, 48.37858248 ], [ 17.34578959, 48.37861065 ], [ 17.34579462, 48.37861613 ], [ 17.34585747, 48.37868477 ], [ 17.34593716, 48.37877176 ], [ 17.34609287, 48.37891904 ], [ 17.34610434, 48.37893416 ], [ 17.34616916, 48.37901892 ], [ 17.34622841, 48.37920217 ], [ 17.34625503, 48.37920373 ], [ 17.3465433, 48.37922115 ], [ 17.34676721, 48.37955543 ], [ 17.34656769, 48.37990113 ], [ 17.34653915, 48.38005424 ], [ 17.34653027, 48.38010155 ], [ 17.34652769, 48.38011539 ], [ 17.34652814, 48.38012337 ], [ 17.34653013, 48.38016507 ], [ 17.34653064, 48.3801745 ], [ 17.3465309, 48.38017913 ], [ 17.34653138, 48.38019064 ], [ 17.34672776, 48.38106576 ], [ 17.34672946, 48.38109931 ], [ 17.34673085, 48.38112579 ], [ 17.3468385, 48.38143899 ], [ 17.34690065, 48.38165045 ], [ 17.34690428, 48.38167454 ], [ 17.34737105, 48.38200411 ], [ 17.34680658, 48.38231228 ], [ 17.34679973, 48.38240383 ], [ 17.34679797, 48.38242766 ], [ 17.34685798, 48.38267576 ], [ 17.3469512, 48.38290651 ], [ 17.34712505, 48.38316729 ], [ 17.34718798, 48.38332196 ], [ 17.34721688, 48.38340473 ], [ 17.34733076, 48.3837309 ], [ 17.34742514, 48.38377169 ], [ 17.34746107, 48.38379112 ], [ 17.34769392, 48.38356724 ], [ 17.34803853, 48.38325326 ], [ 17.34814067, 48.38319172 ], [ 17.34817584, 48.38316384 ], [ 17.34821989, 48.38310798 ], [ 17.34825295, 48.38302917 ], [ 17.34835964, 48.38290449 ], [ 17.34869895, 48.38261077 ], [ 17.34884226, 48.38249634 ], [ 17.34917489, 48.38219911 ], [ 17.34924394, 48.38207024 ], [ 17.34929205, 48.38209363 ], [ 17.3493375, 48.38211567 ], [ 17.34947585, 48.38218301 ], [ 17.34949244, 48.38219096 ], [ 17.34954058, 48.38221227 ], [ 17.34958579, 48.38223231 ], [ 17.34969059, 48.38227874 ], [ 17.35135868, 48.38307832 ], [ 17.35161865, 48.38320322 ], [ 17.3517029, 48.38321234 ], [ 17.3521803, 48.3832638 ], [ 17.35237437, 48.38328173 ], [ 17.35239819, 48.38330145 ], [ 17.35382448, 48.38448396 ], [ 17.35304681, 48.38454969 ], [ 17.35300971, 48.38455287 ], [ 17.35307276, 48.38463877 ], [ 17.35309707, 48.38467172 ], [ 17.35320003, 48.38481174 ], [ 17.3532691, 48.38490554 ], [ 17.35333194, 48.38499097 ], [ 17.35358522, 48.38533538 ], [ 17.35361515, 48.38537899 ], [ 17.3536329, 48.38540491 ], [ 17.35370935, 48.38540539 ], [ 17.35386992, 48.38540297 ], [ 17.35391406, 48.38539067 ], [ 17.35397681, 48.38536811 ], [ 17.35409164, 48.38533179 ], [ 17.35423715, 48.38528618 ], [ 17.35430283, 48.38526761 ], [ 17.3544446, 48.38521877 ], [ 17.35445267, 48.3852174 ], [ 17.35454936, 48.38519282 ], [ 17.35466775, 48.38515628 ], [ 17.35473452, 48.38513678 ], [ 17.35473991, 48.38513524 ], [ 17.35494886, 48.38507425 ], [ 17.35498319, 48.38506502 ], [ 17.3550885, 48.3850353 ], [ 17.35515083, 48.38501552 ], [ 17.35521733, 48.38500613 ], [ 17.35529037, 48.3849809 ], [ 17.35541697, 48.384943 ], [ 17.35557504, 48.38489956 ], [ 17.35567377, 48.38487032 ], [ 17.35573711, 48.38484925 ], [ 17.35583367, 48.38482456 ], [ 17.35594317, 48.38479033 ], [ 17.35602244, 48.38476795 ], [ 17.35612184, 48.38473875 ], [ 17.35618211, 48.38472841 ], [ 17.35628735, 48.3847277 ], [ 17.35635877, 48.38471899 ], [ 17.35639114, 48.38470827 ], [ 17.35645892, 48.38468559 ], [ 17.35654675, 48.38466224 ], [ 17.35659572, 48.38465025 ], [ 17.35668007, 48.3846367 ], [ 17.35677276, 48.38461989 ], [ 17.35690976, 48.38459423 ], [ 17.35701382, 48.38457664 ], [ 17.35714707, 48.38454974 ], [ 17.35719457, 48.38453947 ], [ 17.35733086, 48.38448638 ], [ 17.35736969, 48.38447328 ], [ 17.35753077, 48.38439462 ], [ 17.35762123, 48.38435887 ], [ 17.35768122, 48.38433198 ], [ 17.35777421, 48.38428916 ], [ 17.35782426, 48.38426623 ], [ 17.35783372, 48.38426187 ], [ 17.35792269, 48.38422151 ], [ 17.35797889, 48.38419636 ], [ 17.35806553, 48.38415521 ], [ 17.35810215, 48.38413962 ], [ 17.35811127, 48.38413569 ], [ 17.35812038, 48.38413186 ], [ 17.35812704, 48.38412904 ], [ 17.35814412, 48.38412176 ], [ 17.35820892, 48.38410457 ], [ 17.35829172, 48.38407384 ], [ 17.35844422, 48.38401105 ], [ 17.35848842, 48.38399008 ], [ 17.35853608, 48.38398696 ], [ 17.35860248, 48.38396356 ], [ 17.35863749, 48.38394506 ], [ 17.35869778, 48.38392903 ], [ 17.3587352, 48.3839172 ], [ 17.35892577, 48.38385292 ], [ 17.35915979, 48.38376068 ], [ 17.3591998, 48.38374142 ], [ 17.35925605, 48.38372422 ], [ 17.35933783, 48.38369857 ], [ 17.35947866, 48.38364596 ], [ 17.35951228, 48.38362674 ], [ 17.35957687, 48.38359074 ], [ 17.3596661, 48.38354488 ], [ 17.35970664, 48.38353118 ], [ 17.3597216, 48.38352637 ], [ 17.35979504, 48.38350297 ], [ 17.35986251, 48.38348144 ], [ 17.35994362, 48.38344834 ], [ 17.36000791, 48.38342633 ], [ 17.36006492, 48.38340674 ], [ 17.36015825, 48.38338464 ], [ 17.36020956, 48.38337245 ], [ 17.36030496, 48.38334181 ], [ 17.36034028, 48.38333047 ], [ 17.36044077, 48.38328643 ], [ 17.36045643, 48.38327959 ], [ 17.36052204, 48.38324764 ], [ 17.36056883, 48.38322006 ], [ 17.36058309, 48.38321169 ], [ 17.36071151, 48.38315302 ], [ 17.36074351, 48.3831384 ], [ 17.36094729, 48.38321379 ], [ 17.36096287, 48.3832195 ], [ 17.36103207, 48.38324517 ], [ 17.361115, 48.38327805 ], [ 17.36115923, 48.38329558 ], [ 17.3611682, 48.38329915 ], [ 17.36123152, 48.38332425 ], [ 17.3613224, 48.38336027 ], [ 17.3613638, 48.38337671 ], [ 17.36138582, 48.38338005 ], [ 17.36309594, 48.38404104 ], [ 17.36314011, 48.3840479 ], [ 17.36321419, 48.38398604 ], [ 17.36326836, 48.38398849 ], [ 17.36329456, 48.38400593 ], [ 17.36333496, 48.38400423 ], [ 17.36336956, 48.3839867 ], [ 17.36353445, 48.38402313 ], [ 17.36365398, 48.38399352 ], [ 17.36374995, 48.38405581 ], [ 17.36377024, 48.38406084 ], [ 17.36388872, 48.38405683 ], [ 17.36391608, 48.38404325 ], [ 17.36389291, 48.38397577 ], [ 17.36397185, 48.38402014 ], [ 17.3639972, 48.38402767 ], [ 17.36406978, 48.38405807 ], [ 17.36402865, 48.38408683 ], [ 17.36404324, 48.3841186 ], [ 17.36398264, 48.38414871 ], [ 17.36402388, 48.38419758 ], [ 17.36415132, 48.38415204 ], [ 17.36417361, 48.38416561 ], [ 17.36416441, 48.3841866 ], [ 17.36419524, 48.38421681 ], [ 17.36422735, 48.38421158 ], [ 17.36424187, 48.38421434 ], [ 17.36429396, 48.38427241 ], [ 17.36431029, 48.38427763 ], [ 17.36438443, 48.38430109 ], [ 17.36438975, 48.38430279 ], [ 17.3643912, 48.38434545 ], [ 17.36439249, 48.38434779 ], [ 17.36439774, 48.38435726 ], [ 17.36440516, 48.38437049 ], [ 17.36451194, 48.38433715 ], [ 17.36454352, 48.38434102 ], [ 17.36462613, 48.3843512 ], [ 17.36469032, 48.38429756 ], [ 17.36468879, 48.38427387 ], [ 17.36468806, 48.38426226 ], [ 17.36468544, 48.38421917 ], [ 17.36468402, 48.38419748 ], [ 17.36473056, 48.38416238 ], [ 17.36478343, 48.38417649 ], [ 17.36479582, 48.38417983 ], [ 17.36482712, 48.38416534 ], [ 17.36486475, 48.38417882 ], [ 17.36487689, 48.38418946 ], [ 17.36489359, 48.38420411 ], [ 17.36490419, 48.38422612 ], [ 17.36485906, 48.38426637 ], [ 17.36496846, 48.38427613 ], [ 17.36502968, 48.38431275 ], [ 17.36509891, 48.38428754 ], [ 17.36516112, 48.38428058 ], [ 17.36518366, 48.38425096 ], [ 17.36523828, 48.38422082 ], [ 17.36521821, 48.38425213 ], [ 17.36522943, 48.38428467 ], [ 17.36526687, 48.38426624 ], [ 17.36528414, 48.38424939 ], [ 17.36538636, 48.38422127 ], [ 17.3654193, 48.38413658 ], [ 17.36540849, 48.3841234 ], [ 17.36538512, 48.3841292 ], [ 17.36535678, 48.38411894 ], [ 17.36536413, 48.38405788 ], [ 17.36532506, 48.3840238 ], [ 17.36524043, 48.38401258 ], [ 17.36522194, 48.38401011 ], [ 17.36528163, 48.38396304 ], [ 17.36527267, 48.38394926 ], [ 17.36525745, 48.38394664 ], [ 17.36523655, 48.38394302 ], [ 17.36522161, 48.38394042 ], [ 17.36519589, 48.38389112 ], [ 17.36522701, 48.38386676 ], [ 17.36527262, 48.38387118 ], [ 17.365352, 48.38382585 ], [ 17.36543009, 48.38384559 ], [ 17.36544392, 48.38385489 ], [ 17.36547994, 48.38387929 ], [ 17.36549092, 48.3838867 ], [ 17.36550635, 48.3838971 ], [ 17.36556916, 48.38389713 ], [ 17.36559878, 48.3838903 ], [ 17.36563693, 48.38388918 ], [ 17.36565831, 48.38387114 ], [ 17.36565259, 48.383803 ], [ 17.36565167, 48.38379173 ], [ 17.36564893, 48.38375875 ], [ 17.36565588, 48.38374565 ], [ 17.3656816, 48.38372383 ], [ 17.36577706, 48.3837297 ], [ 17.36578431, 48.38373018 ], [ 17.36584799, 48.38376948 ], [ 17.36591394, 48.38376285 ], [ 17.36596487, 48.38371268 ], [ 17.36603506, 48.38368094 ], [ 17.36623463, 48.3836467 ], [ 17.36640725, 48.38370161 ], [ 17.36641847, 48.38370559 ], [ 17.36647852, 48.38372713 ], [ 17.3664925, 48.38372705 ], [ 17.36684465, 48.38372536 ], [ 17.3675808, 48.38355607 ], [ 17.36763698, 48.38373305 ], [ 17.3676269, 48.38395849 ], [ 17.3676417, 48.38398512 ], [ 17.36766855, 48.38417338 ], [ 17.36761298, 48.38438708 ], [ 17.36773377, 48.38452509 ], [ 17.36798662, 48.38465625 ], [ 17.36804912, 48.38471094 ], [ 17.3681905, 48.38487775 ], [ 17.36830688, 48.38501908 ], [ 17.36833084, 48.38503972 ], [ 17.36837344, 48.38504249 ], [ 17.3689342, 48.38495338 ], [ 17.36955422, 48.38477315 ], [ 17.37017849, 48.38462302 ], [ 17.37072788, 48.38455955 ], [ 17.37115405, 48.38454622 ], [ 17.37273841, 48.38441793 ], [ 17.37308837, 48.38442837 ], [ 17.37387565, 48.38437632 ], [ 17.37394722, 48.38436562 ], [ 17.37455196, 48.3842929 ], [ 17.37463798, 48.3842208 ], [ 17.37472283, 48.38415015 ], [ 17.37501662, 48.38395379 ], [ 17.37527089, 48.38384358 ], [ 17.37550964, 48.38374483 ], [ 17.37560772, 48.38369953 ], [ 17.37563986, 48.38369133 ], [ 17.37582441, 48.38378513 ], [ 17.37590551, 48.38380651 ], [ 17.37606199, 48.38382547 ], [ 17.37704154, 48.38383029 ], [ 17.3773741, 48.38379847 ], [ 17.37767593, 48.38371259 ], [ 17.37783662, 48.38358643 ], [ 17.37794909, 48.38343581 ], [ 17.37802343, 48.38326399 ], [ 17.37799315, 48.38317735 ], [ 17.37798575, 48.38304756 ], [ 17.37799793, 48.38299883 ], [ 17.37813822, 48.38289149 ], [ 17.37825036, 48.38280311 ], [ 17.37849963, 48.38267422 ], [ 17.37900399, 48.38244693 ], [ 17.37922521, 48.38231775 ], [ 17.37925455, 48.38229436 ], [ 17.37950241, 48.3822009 ], [ 17.37960974, 48.38214527 ], [ 17.37996346, 48.38199969 ], [ 17.38009666, 48.38212819 ], [ 17.38012634, 48.38218109 ], [ 17.38016216, 48.38227433 ], [ 17.38016012, 48.38240097 ], [ 17.38011776, 48.38249824 ], [ 17.37985346, 48.3827185 ], [ 17.37983572, 48.38276452 ], [ 17.37982678, 48.38278752 ], [ 17.37974461, 48.38291753 ], [ 17.37970771, 48.38297576 ], [ 17.3797022, 48.38299853 ], [ 17.37990975, 48.38316486 ], [ 17.37988684, 48.38331355 ], [ 17.37967424, 48.38374428 ], [ 17.37918004, 48.38378131 ], [ 17.37915706, 48.38377611 ], [ 17.37893993, 48.3840991 ], [ 17.37891308, 48.3841813 ], [ 17.37891957, 48.38432829 ], [ 17.37895731, 48.38446856 ], [ 17.37893231, 48.38465823 ], [ 17.37870948, 48.38499694 ], [ 17.37819289, 48.38519091 ], [ 17.37787295, 48.38503515 ], [ 17.37783681, 48.38502258 ], [ 17.37765214, 48.384997 ], [ 17.3774388, 48.38503912 ], [ 17.37741273, 48.38505866 ], [ 17.37739993, 48.38508204 ], [ 17.37749032, 48.38532938 ], [ 17.37751367, 48.3854669 ], [ 17.37752016, 48.38547907 ], [ 17.37752416, 48.38551557 ], [ 17.37744382, 48.3855444 ], [ 17.37732744, 48.38544446 ], [ 17.37728124, 48.38544037 ], [ 17.37702681, 48.38535674 ], [ 17.37682263, 48.38551937 ], [ 17.37640289, 48.38566534 ], [ 17.37644688, 48.38586095 ], [ 17.37645915, 48.38592699 ], [ 17.37657286, 48.38642471 ], [ 17.37656328, 48.38673376 ], [ 17.37654436, 48.38708793 ], [ 17.37654622, 48.38713901 ], [ 17.37681688, 48.38698839 ], [ 17.37683751, 48.38698278 ], [ 17.37714216, 48.38681504 ], [ 17.3777923, 48.38664667 ], [ 17.37789188, 48.38659126 ], [ 17.37790619, 48.38657972 ], [ 17.37818983, 48.38633696 ], [ 17.37874211, 48.38581224 ], [ 17.37899174, 48.38564217 ], [ 17.37934819, 48.38544211 ], [ 17.37962904, 48.38529594 ], [ 17.38006469, 48.38506922 ], [ 17.38014321, 48.38501768 ], [ 17.38031735, 48.38490342 ], [ 17.38050699, 48.3852343 ], [ 17.3809725, 48.3854945 ], [ 17.3814703, 48.38573628 ], [ 17.38148218, 48.38574591 ], [ 17.38149345, 48.38575505 ], [ 17.38171827, 48.38571141 ], [ 17.38192999, 48.38564061 ], [ 17.38213696, 48.38553834 ], [ 17.38220365, 48.38549985 ], [ 17.38244642, 48.38535978 ], [ 17.38245785, 48.38535311 ], [ 17.38261931, 48.38525863 ], [ 17.38307712, 48.38499548 ], [ 17.38321664, 48.38492568 ], [ 17.38330706, 48.38487897 ], [ 17.3835047, 48.38477554 ], [ 17.3835608, 48.3847501 ], [ 17.38374548, 48.38465269 ], [ 17.38388254, 48.3845821 ], [ 17.38393547, 48.38455699 ], [ 17.38404098, 48.38451009 ], [ 17.384128, 48.38447636 ], [ 17.38420515, 48.38444795 ], [ 17.38429807, 48.38441559 ], [ 17.3843674, 48.38438875 ], [ 17.38441887, 48.38436987 ], [ 17.38458334, 48.38431588 ], [ 17.38472213, 48.38427232 ], [ 17.38484518, 48.38426208 ], [ 17.38494712, 48.38425154 ], [ 17.38509493, 48.38423894 ], [ 17.385115, 48.3842566 ], [ 17.38508191, 48.38426204 ], [ 17.38520702, 48.38436443 ], [ 17.38530179, 48.38444343 ], [ 17.38537792, 48.38450983 ], [ 17.38549079, 48.38461061 ], [ 17.38554582, 48.38465991 ], [ 17.38564455, 48.38476276 ], [ 17.38570966, 48.38483124 ], [ 17.38577867, 48.3849092 ], [ 17.38580514, 48.38494146 ], [ 17.38582331, 48.3849637 ], [ 17.38583838, 48.38498212 ], [ 17.38589559, 48.3850388 ], [ 17.38591412, 48.38505771 ], [ 17.38599115, 48.38515128 ], [ 17.38609829, 48.38529479 ], [ 17.38614367, 48.3853563 ], [ 17.38618851, 48.38542057 ], [ 17.386254, 48.38552622 ], [ 17.3862875, 48.38558081 ], [ 17.38631097, 48.38562987 ], [ 17.38637866, 48.38577325 ], [ 17.38643136, 48.38588285 ], [ 17.38646182, 48.38592857 ], [ 17.38651378, 48.38600903 ], [ 17.38658763, 48.38612525 ], [ 17.3866408, 48.3862067 ], [ 17.38667296, 48.38624548 ], [ 17.38672371, 48.38630923 ], [ 17.38680317, 48.38640196 ], [ 17.38687655, 48.38648716 ], [ 17.38692409, 48.38652839 ], [ 17.38702274, 48.38661143 ], [ 17.3870773, 48.38666215 ], [ 17.38713987, 48.38671936 ], [ 17.38717824, 48.38676017 ], [ 17.38734162, 48.38691529 ], [ 17.38741122, 48.3869846 ], [ 17.3874778, 48.38704496 ], [ 17.38755527, 48.38712075 ], [ 17.38761183, 48.38718931 ], [ 17.38764706, 48.38722106 ], [ 17.3876956, 48.38728323 ], [ 17.38775719, 48.38734615 ], [ 17.38782862, 48.38740393 ], [ 17.38789034, 48.38746686 ], [ 17.3879396, 48.3875232 ], [ 17.38802595, 48.38759957 ], [ 17.38807579, 48.38765287 ], [ 17.3881829, 48.38776891 ], [ 17.38826137, 48.38783889 ], [ 17.38829215, 48.38787045 ], [ 17.38833181, 48.38790248 ], [ 17.38853596, 48.38809324 ], [ 17.38861548, 48.38815606 ], [ 17.38870051, 48.38822105 ], [ 17.38877607, 48.38828118 ], [ 17.38886794, 48.3883523 ], [ 17.38893286, 48.3884027 ], [ 17.38897206, 48.38843326 ], [ 17.38898132, 48.38844046 ], [ 17.38900346, 48.38845781 ], [ 17.38910189, 48.38831303 ] ] ] ] } },
{ "type": "Feature", "properties": { "@featureType": "CadastralZoning", "beginLifespanVersion": { "@nilReason": "http://inspire.ec.europa.eu/codelist/VoidReasonValue/Unpopulated", "@nil": "true" }, "endLifespanVersion": { "@nilReason": "http://inspire.ec.europa.eu/codelist/VoidReasonValue/Unpopulated", "@nil": "true" }, "estimatedAccuracy": { "value": -1, "@uom": "m" }, "inspireId": { "@dataType": "Identifier", "localId": "808814", "namespace": "SK.ESKN.CP", "versionId": "20260703T04:07:40" }, "label": "Častá", "level": { "@href": "http://inspire.ec.europa.eu/codelist/CadastralZoningLevelValue/3rdOrder" }, "levelName": { "value": "Katastrálne územie", "@locale": "sk" }, "name": { "@dataType": "name", "GeographicalName": { "@dataType": "GeographicalName", "language": "SLK", "nativeness": { "@href": "http://inspire.ec.europa.eu/codelist/NativenessValue/endonym", "@title": "endonym" }, "nameStatus": { "@href": "http://inspire.ec.europa.eu/codelist/NameStatusValue/official", "@title": "official" }, "sourceOfName": { "@nilReason": "http://inspire.ec.europa.eu/codelist/VoidReasonValue/Unpopulated", "@nil": "true" }, "pronunciation": { "@dataType": "pronunciation", "@nilReason": "http://inspire.ec.europa.eu/codelist/VoidReasonValue/Unpopulated", "@nil": "true" }, "spelling": { "@dataType": "SpellingOfName", "text": "Častá", "script": "LATN" } } }, "nationalCadastalZoningReference": "808814", "validFrom": "2026-06-30T16:00:00Z", "validTo": { "@nilReason": "http://inspire.ec.europa.eu/codelist/VoidReasonValue/Unpopulated", "@nil": "true" } }, "geometry": { "type": "MultiPolygon", "coordinates": [ [ [ [ 17.29362065, 48.43811707 ], [ 17.29630529, 48.4380589 ], [ 17.29735746, 48.43803605 ], [ 17.29819052, 48.43801803 ], [ 17.29878661, 48.4380098 ], [ 17.29987969, 48.43797028 ], [ 17.30084728, 48.43793523 ], [ 17.30124395, 48.43792093 ], [ 17.30210151, 48.43789518 ], [ 17.30220069, 48.43789221 ], [ 17.30430189, 48.43782902 ], [ 17.3045023, 48.43782023 ], [ 17.30638577, 48.43776718 ], [ 17.30919171, 48.43763426 ], [ 17.31405959, 48.4371813 ], [ 17.31670919, 48.43696284 ], [ 17.31673366, 48.43696083 ], [ 17.31677286, 48.43662127 ], [ 17.31711821, 48.43600927 ], [ 17.31716434, 48.43579243 ], [ 17.3172673, 48.43563742 ], [ 17.31738343, 48.43550813 ], [ 17.3174129, 48.4354825 ], [ 17.31741826, 48.43546189 ], [ 17.31775947, 48.43469997 ], [ 17.31793609, 48.4344493 ], [ 17.3182398, 48.4341768 ], [ 17.31849937, 48.43401698 ], [ 17.31858492, 48.43390891 ], [ 17.31860314, 48.43389221 ], [ 17.31876515, 48.43366589 ], [ 17.31905464, 48.43321705 ], [ 17.31927064, 48.43302409 ], [ 17.31941784, 48.43279861 ], [ 17.31953167, 48.432287 ], [ 17.3194648, 48.43208027 ], [ 17.31951885, 48.43137632 ], [ 17.319512, 48.43119432 ], [ 17.31954341, 48.431184 ], [ 17.31968016, 48.43113902 ], [ 17.32042514, 48.43108668 ], [ 17.32131007, 48.43119787 ], [ 17.32232178, 48.43083173 ], [ 17.32292796, 48.43030171 ], [ 17.32353029, 48.43012586 ], [ 17.3246245, 48.42933152 ], [ 17.32496212, 48.42925506 ], [ 17.32512021, 48.42913006 ], [ 17.32517196, 48.42892822 ], [ 17.32523783, 48.42867219 ], [ 17.32525442, 48.42858951 ], [ 17.32525587, 48.42856963 ], [ 17.32528968, 48.4285751 ], [ 17.32531002, 48.42857896 ], [ 17.32568904, 48.42865117 ], [ 17.32633806, 48.42876701 ], [ 17.32656265, 48.42880739 ], [ 17.32685227, 48.42885973 ], [ 17.3269444, 48.4288758 ], [ 17.32702083, 48.42888695 ], [ 17.32728944, 48.42894459 ], [ 17.32750359, 48.42898854 ], [ 17.32806584, 48.42910446 ], [ 17.32848626, 48.42919419 ], [ 17.32858358, 48.42912385 ], [ 17.32882121, 48.42896691 ], [ 17.32896015, 48.42888411 ], [ 17.32906353, 48.42881949 ], [ 17.32928611, 48.42874317 ], [ 17.32952074, 48.42866338 ], [ 17.32968233, 48.42860737 ], [ 17.33000947, 48.42849696 ], [ 17.33030724, 48.428397 ], [ 17.3304165, 48.42835509 ], [ 17.33072384, 48.42821148 ], [ 17.33091498, 48.42812551 ], [ 17.3312916, 48.42786417 ], [ 17.3314422, 48.42776125 ], [ 17.33162649, 48.42763524 ], [ 17.33166381, 48.42760967 ], [ 17.33188775, 48.42759199 ], [ 17.33216696, 48.4275688 ], [ 17.33248788, 48.42753895 ], [ 17.33286674, 48.42750936 ], [ 17.33290891, 48.42750607 ], [ 17.3329976, 48.42747284 ], [ 17.33324975, 48.42738561 ], [ 17.33352329, 48.42729879 ], [ 17.33368392, 48.4272832 ], [ 17.33388652, 48.42726927 ], [ 17.33395976, 48.42725789 ], [ 17.33438801, 48.42712752 ], [ 17.3345146, 48.42709053 ], [ 17.33466751, 48.42704443 ], [ 17.33488963, 48.42697566 ], [ 17.33502505, 48.4269322 ], [ 17.33513177, 48.42689825 ], [ 17.33523876, 48.42686242 ], [ 17.33543348, 48.42677143 ], [ 17.33555169, 48.42671302 ], [ 17.33561365, 48.42646287 ], [ 17.33564933, 48.42628484 ], [ 17.33566864, 48.42619284 ], [ 17.3357121, 48.42609719 ], [ 17.33572522, 48.42605711 ], [ 17.33575681, 48.42594541 ], [ 17.33588714, 48.42589683 ], [ 17.33595864, 48.42586871 ], [ 17.3360517, 48.42583531 ], [ 17.33613721, 48.42580422 ], [ 17.33619585, 48.42578049 ], [ 17.33626725, 48.42574848 ], [ 17.33649518, 48.42564493 ], [ 17.33659704, 48.42560063 ], [ 17.33670436, 48.42555244 ], [ 17.3368586, 48.42548356 ], [ 17.33688143, 48.42547331 ], [ 17.33693991, 48.42544695 ], [ 17.33697798, 48.42543191 ], [ 17.33700414, 48.42541935 ], [ 17.33703193, 48.42536731 ], [ 17.3371205, 48.42522274 ], [ 17.33723344, 48.42503548 ], [ 17.33728852, 48.42494393 ], [ 17.3373944, 48.42487703 ], [ 17.33756402, 48.42477111 ], [ 17.33762956, 48.42472542 ], [ 17.33771546, 48.42465776 ], [ 17.33783572, 48.42455141 ], [ 17.33795361, 48.42444635 ], [ 17.33808004, 48.42433226 ], [ 17.33822045, 48.42420627 ], [ 17.33842664, 48.42402276 ], [ 17.33855251, 48.42391244 ], [ 17.33866731, 48.42380907 ], [ 17.33871946, 48.42376116 ], [ 17.33897501, 48.42369023 ], [ 17.33925222, 48.42361231 ], [ 17.33949186, 48.42354612 ], [ 17.3398392, 48.42344939 ], [ 17.33994817, 48.42341938 ], [ 17.34012551, 48.42331441 ], [ 17.34037519, 48.42316556 ], [ 17.34052413, 48.42307915 ], [ 17.3407464, 48.42294667 ], [ 17.34109917, 48.42273037 ], [ 17.34114384, 48.42255383 ], [ 17.34118513, 48.42238094 ], [ 17.3411878, 48.42236928 ], [ 17.34120409, 48.42229851 ], [ 17.34123504, 48.42216435 ], [ 17.34127496, 48.42199608 ], [ 17.3413716, 48.42188962 ], [ 17.34166782, 48.42156154 ], [ 17.34175756, 48.42146322 ], [ 17.34199141, 48.42120814 ], [ 17.34216797, 48.42101646 ], [ 17.34232927, 48.42083616 ], [ 17.34239216, 48.42080747 ], [ 17.34268871, 48.4206812 ], [ 17.34281681, 48.42062822 ], [ 17.34325596, 48.42057887 ], [ 17.34362059, 48.42053947 ], [ 17.34384547, 48.42046182 ], [ 17.34415289, 48.42035388 ], [ 17.34448205, 48.42030646 ], [ 17.34455831, 48.42029473 ], [ 17.34478324, 48.42026001 ], [ 17.34501012, 48.42022669 ], [ 17.34507674, 48.42021776 ], [ 17.3451808, 48.4202017 ], [ 17.34524277, 48.42019392 ], [ 17.34529606, 48.42014833 ], [ 17.34536055, 48.42009499 ], [ 17.34546135, 48.42001356 ], [ 17.34557796, 48.41990787 ], [ 17.34591681, 48.41975155 ], [ 17.3461124, 48.4196635 ], [ 17.34635161, 48.41955678 ], [ 17.34662189, 48.41943357 ], [ 17.34819394, 48.41951015 ], [ 17.34870861, 48.41960018 ], [ 17.34884176, 48.41962344 ], [ 17.34939975, 48.41971892 ], [ 17.34949826, 48.41973584 ], [ 17.3495148, 48.41973602 ], [ 17.34960828, 48.41970878 ], [ 17.34974948, 48.41967373 ], [ 17.35014289, 48.41956525 ], [ 17.35094382, 48.41955813 ], [ 17.35122937, 48.4195449 ], [ 17.3517622, 48.41952016 ], [ 17.35196487, 48.41951108 ], [ 17.3520953, 48.41950488 ], [ 17.35228345, 48.41949666 ], [ 17.35259787, 48.41947726 ], [ 17.35280196, 48.41949629 ], [ 17.35294198, 48.41950878 ], [ 17.35315722, 48.41967502 ], [ 17.35325509, 48.41975054 ], [ 17.35341195, 48.41987167 ], [ 17.35358887, 48.41989081 ], [ 17.35369017, 48.41990267 ], [ 17.35395598, 48.41958686 ], [ 17.35406108, 48.41946143 ], [ 17.35415651, 48.4193482 ], [ 17.35431629, 48.41915305 ], [ 17.3544051, 48.41903225 ], [ 17.35449872, 48.41890183 ], [ 17.35460029, 48.4187571 ], [ 17.35465898, 48.41867481 ], [ 17.35476308, 48.41849356 ], [ 17.3549892, 48.41837323 ], [ 17.35511312, 48.4182371 ], [ 17.35523779, 48.41816862 ], [ 17.35548506, 48.4180991 ], [ 17.35569848, 48.4179774 ], [ 17.35579678, 48.41784005 ], [ 17.35610621, 48.41769326 ], [ 17.35641969, 48.41754385 ], [ 17.35661759, 48.41748601 ], [ 17.35675952, 48.41745146 ], [ 17.35691134, 48.41741239 ], [ 17.35750399, 48.41725879 ], [ 17.35764691, 48.41722674 ], [ 17.35784648, 48.41717507 ], [ 17.35798773, 48.41713956 ], [ 17.35825737, 48.41707385 ], [ 17.35882744, 48.41681548 ], [ 17.35905166, 48.41671255 ], [ 17.35913344, 48.41658035 ], [ 17.35922376, 48.41643444 ], [ 17.35929702, 48.41631126 ], [ 17.35933445, 48.41623229 ], [ 17.35948042, 48.41595464 ], [ 17.35953964, 48.41586778 ], [ 17.35996159, 48.41528129 ], [ 17.36001888, 48.41517623 ], [ 17.3601666, 48.41488848 ], [ 17.36016331, 48.41479374 ], [ 17.36010027, 48.41441263 ], [ 17.3600641, 48.41433843 ], [ 17.36006079, 48.41428625 ], [ 17.36017468, 48.41405675 ], [ 17.36017225, 48.41396171 ], [ 17.36010921, 48.41377686 ], [ 17.36032376, 48.41332567 ], [ 17.3605457, 48.41286483 ], [ 17.36078262, 48.41278975 ], [ 17.36107598, 48.41283935 ], [ 17.36144035, 48.41318465 ], [ 17.36138888, 48.41328991 ], [ 17.36133158, 48.41339045 ], [ 17.36138242, 48.41353284 ], [ 17.36139717, 48.41356634 ], [ 17.36117342, 48.41375379 ], [ 17.36147213, 48.41394498 ], [ 17.36115847, 48.4143438 ], [ 17.36119453, 48.41438745 ], [ 17.36114205, 48.41447737 ], [ 17.36102576, 48.41457849 ], [ 17.36105637, 48.41470429 ], [ 17.36119408, 48.41494072 ], [ 17.36121294, 48.41497304 ], [ 17.36137488, 48.41531597 ], [ 17.36156328, 48.41523492 ], [ 17.3619986, 48.41563048 ], [ 17.36204966, 48.41568378 ], [ 17.36153075, 48.415878 ], [ 17.36151675, 48.41619427 ], [ 17.36152117, 48.41623151 ], [ 17.36152218, 48.41624676 ], [ 17.36152673, 48.41626016 ], [ 17.36157759, 48.41635909 ], [ 17.36163415, 48.41646263 ], [ 17.36173014, 48.41649935 ], [ 17.36182728, 48.41652738 ], [ 17.36184762, 48.41672208 ], [ 17.36195776, 48.41692916 ], [ 17.36204411, 48.41709772 ], [ 17.36209769, 48.41720767 ], [ 17.36227874, 48.41711945 ], [ 17.36239456, 48.41706302 ], [ 17.36248402, 48.41701419 ], [ 17.36259149, 48.41695551 ], [ 17.36297661, 48.41677018 ], [ 17.3631585, 48.41668084 ], [ 17.36328949, 48.4166292 ], [ 17.36342172, 48.41659689 ], [ 17.36351025, 48.41657276 ], [ 17.36356752, 48.41655716 ], [ 17.36353049, 48.4164454 ], [ 17.36350086, 48.41639404 ], [ 17.36348789, 48.4163715 ], [ 17.36339514, 48.41630256 ], [ 17.36352425, 48.41601296 ], [ 17.36358289, 48.41582214 ], [ 17.36360327, 48.41575561 ], [ 17.36367222, 48.41542657 ], [ 17.36360765, 48.41525012 ], [ 17.36359072, 48.41516968 ], [ 17.3636704, 48.41499171 ], [ 17.36370808, 48.41493127 ], [ 17.36380657, 48.41476203 ], [ 17.36388466, 48.41463727 ], [ 17.36389334, 48.41462347 ], [ 17.36397921, 48.41453256 ], [ 17.36412711, 48.41437621 ], [ 17.36458219, 48.41399582 ], [ 17.36485053, 48.41384932 ], [ 17.36515377, 48.41374602 ], [ 17.36553571, 48.41344282 ], [ 17.36563303, 48.4133617 ], [ 17.36587331, 48.4131614 ], [ 17.36596856, 48.41304454 ], [ 17.36623753, 48.41294994 ], [ 17.36639787, 48.41289533 ], [ 17.36666194, 48.41280538 ], [ 17.36740287, 48.41255026 ], [ 17.36748275, 48.41255628 ], [ 17.36795627, 48.41259177 ], [ 17.36830276, 48.41255698 ], [ 17.36882906, 48.4125585 ], [ 17.36902967, 48.41250868 ], [ 17.36923553, 48.41231156 ], [ 17.36939252, 48.41222339 ], [ 17.36987794, 48.41205704 ], [ 17.3699557, 48.4120304 ], [ 17.37012975, 48.41193782 ], [ 17.37015643, 48.41189583 ], [ 17.37037515, 48.41161216 ], [ 17.37040634, 48.41157172 ], [ 17.37043436, 48.41153532 ], [ 17.37045886, 48.41150628 ], [ 17.37047313, 48.4114895 ], [ 17.37048529, 48.41147511 ], [ 17.37033341, 48.4113828 ], [ 17.37010144, 48.4112278 ], [ 17.36998187, 48.41114654 ], [ 17.3698635, 48.41106915 ], [ 17.36985668, 48.41106473 ], [ 17.36981793, 48.41103934 ], [ 17.36983588, 48.41103084 ], [ 17.36986885, 48.41101519 ], [ 17.36998873, 48.4109827 ], [ 17.37065246, 48.41069659 ], [ 17.37110594, 48.41049256 ], [ 17.37117282, 48.41046701 ], [ 17.37203514, 48.41005604 ], [ 17.37232787, 48.40989285 ], [ 17.37272248, 48.40963311 ], [ 17.37300101, 48.40943547 ], [ 17.37322129, 48.40918805 ], [ 17.37420499, 48.40851894 ], [ 17.37421948, 48.40850994 ], [ 17.37439637, 48.40839053 ], [ 17.37400345, 48.40812926 ], [ 17.37471041, 48.40758182 ], [ 17.37472926, 48.40756804 ], [ 17.37562146, 48.40688302 ], [ 17.37518766, 48.40658042 ], [ 17.37515345, 48.40652967 ], [ 17.37511225, 48.40646834 ], [ 17.3752805, 48.40624237 ], [ 17.37524008, 48.40609632 ], [ 17.375259, 48.40607009 ], [ 17.37530716, 48.40599723 ], [ 17.37538319, 48.40596477 ], [ 17.37547706, 48.40582378 ], [ 17.3755677, 48.40576851 ], [ 17.37571243, 48.40560091 ], [ 17.3757731, 48.40553257 ], [ 17.3758029, 48.40546828 ], [ 17.37582177, 48.40543689 ], [ 17.37583867, 48.40540871 ], [ 17.37587738, 48.40537427 ], [ 17.37589613, 48.40535751 ], [ 17.37602392, 48.4052434 ], [ 17.37606937, 48.40518807 ], [ 17.37608258, 48.40517204 ], [ 17.37609549, 48.40515625 ], [ 17.37607399, 48.4051206 ], [ 17.37606525, 48.40510621 ], [ 17.37618128, 48.40505178 ], [ 17.37617163, 48.40504446 ], [ 17.37631574, 48.40497442 ], [ 17.37631336, 48.40490098 ], [ 17.37627789, 48.40486623 ], [ 17.37633664, 48.40465761 ], [ 17.37632864, 48.4046326 ], [ 17.37632479, 48.40456087 ], [ 17.37638161, 48.40452888 ], [ 17.37636025, 48.40449415 ], [ 17.37641778, 48.40443048 ], [ 17.37637352, 48.40441215 ], [ 17.37642923, 48.40438487 ], [ 17.37641411, 48.40434928 ], [ 17.37639612, 48.40430726 ], [ 17.37646717, 48.4042274 ], [ 17.37650033, 48.40406727 ], [ 17.37647723, 48.40404715 ], [ 17.37647772, 48.40403272 ], [ 17.37650656, 48.40401653 ], [ 17.37645372, 48.403967 ], [ 17.37652111, 48.40393696 ], [ 17.37652259, 48.40392134 ], [ 17.37648921, 48.40390561 ], [ 17.37649346, 48.40388772 ], [ 17.37652385, 48.40385826 ], [ 17.37653173, 48.40381296 ], [ 17.37651341, 48.40375474 ], [ 17.37642522, 48.40371674 ], [ 17.37645243, 48.40368119 ], [ 17.37653965, 48.40366392 ], [ 17.37656221, 48.40364334 ], [ 17.37655947, 48.40354747 ], [ 17.37657673, 48.40353441 ], [ 17.37662341, 48.40351594 ], [ 17.37663322, 48.40353321 ], [ 17.37663979, 48.40354484 ], [ 17.37665594, 48.40357345 ], [ 17.37670301, 48.40356622 ], [ 17.37672563, 48.40356281 ], [ 17.37672567, 48.40359028 ], [ 17.37674142, 48.40359763 ], [ 17.37678219, 48.40355475 ], [ 17.37681016, 48.40351952 ], [ 17.37683126, 48.40344707 ], [ 17.37683243, 48.40343449 ], [ 17.37683516, 48.40340386 ], [ 17.37685773, 48.40341563 ], [ 17.37687173, 48.40342287 ], [ 17.37694246, 48.40345964 ], [ 17.37701998, 48.40340397 ], [ 17.37702614, 48.4033159 ], [ 17.37701401, 48.40329316 ], [ 17.37701337, 48.40329194 ], [ 17.37698241, 48.4032339 ], [ 17.37698289, 48.40321125 ], [ 17.37699433, 48.40320449 ], [ 17.37702377, 48.4032018 ], [ 17.37707317, 48.40319716 ], [ 17.37712819, 48.40320228 ], [ 17.3771385, 48.40320322 ], [ 17.37728469, 48.40313286 ], [ 17.3772984, 48.403094 ], [ 17.37738774, 48.40306972 ], [ 17.37738861, 48.40302315 ], [ 17.37738567, 48.40300896 ], [ 17.37738367, 48.40299952 ], [ 17.37737732, 48.40296883 ], [ 17.37739962, 48.40295375 ], [ 17.37744932, 48.40295997 ], [ 17.37746652, 48.40296208 ], [ 17.37749979, 48.40295359 ], [ 17.3775303, 48.40290759 ], [ 17.37752517, 48.40289723 ], [ 17.37749406, 48.40283466 ], [ 17.37747511, 48.40276411 ], [ 17.37750401, 48.40274386 ], [ 17.37756741, 48.4027769 ], [ 17.37759865, 48.4027943 ], [ 17.37764907, 48.40278457 ], [ 17.37767102, 48.40278203 ], [ 17.3777399, 48.40277413 ], [ 17.37781213, 48.40278128 ], [ 17.37783583, 48.40274839 ], [ 17.37786417, 48.40275774 ], [ 17.37786113, 48.40280525 ], [ 17.37791492, 48.40280767 ], [ 17.3779286, 48.40279121 ], [ 17.37792976, 48.40278334 ], [ 17.37790113, 48.40276575 ], [ 17.37789491, 48.40267688 ], [ 17.37795206, 48.40266939 ], [ 17.37798343, 48.4026877 ], [ 17.37803501, 48.40268121 ], [ 17.37804229, 48.40269633 ], [ 17.37803242, 48.40270897 ], [ 17.37802935, 48.40273081 ], [ 17.37805961, 48.40273821 ], [ 17.37814677, 48.40271397 ], [ 17.37821054, 48.40265307 ], [ 17.37820315, 48.40259159 ], [ 17.37818579, 48.40257582 ], [ 17.37814897, 48.40257424 ], [ 17.37813799, 48.40259358 ], [ 17.37810083, 48.40259342 ], [ 17.3780643, 48.40252706 ], [ 17.37804535, 48.40252212 ], [ 17.37803632, 48.40251982 ], [ 17.37800053, 48.40255842 ], [ 17.37795021, 48.40257665 ], [ 17.37792302, 48.40256774 ], [ 17.37790153, 48.40256074 ], [ 17.37787395, 48.40255171 ], [ 17.3778355, 48.40249752 ], [ 17.37788845, 48.40244468 ], [ 17.3781171, 48.40238014 ], [ 17.37819164, 48.40232255 ], [ 17.37821551, 48.40227097 ], [ 17.3782143, 48.40224776 ], [ 17.37816195, 48.40220965 ], [ 17.37817391, 48.40219109 ], [ 17.37821338, 48.40218291 ], [ 17.37825823, 48.40219351 ], [ 17.37828982, 48.40219096 ], [ 17.37830703, 48.40216895 ], [ 17.37821655, 48.40211516 ], [ 17.37820356, 48.40210745 ], [ 17.37822189, 48.40207783 ], [ 17.37827901, 48.40204378 ], [ 17.37828802, 48.4019981 ], [ 17.37832968, 48.40196765 ], [ 17.37836998, 48.40196955 ], [ 17.37841652, 48.40195569 ], [ 17.37842333, 48.40195369 ], [ 17.37851107, 48.40155313 ], [ 17.37852524, 48.40142529 ], [ 17.37854431, 48.40139798 ], [ 17.37854584, 48.40137187 ], [ 17.37855827, 48.40136391 ], [ 17.37857654, 48.40135227 ], [ 17.37856953, 48.40133718 ], [ 17.37857188, 48.40132116 ], [ 17.37856243, 48.4013153 ], [ 17.37851765, 48.40128753 ], [ 17.37853995, 48.40126974 ], [ 17.37856151, 48.40127349 ], [ 17.37856639, 48.40127173 ], [ 17.37860309, 48.4012584 ], [ 17.37861906, 48.4012448 ], [ 17.37861992, 48.40122326 ], [ 17.37860138, 48.40122286 ], [ 17.37858271, 48.40120773 ], [ 17.37861078, 48.40116718 ], [ 17.37860267, 48.40115129 ], [ 17.37857707, 48.40115188 ], [ 17.37855336, 48.40113959 ], [ 17.3785538, 48.4011126 ], [ 17.37857202, 48.40108369 ], [ 17.37855329, 48.40107633 ], [ 17.37856934, 48.40104656 ], [ 17.37854021, 48.40097598 ], [ 17.37853603, 48.40096568 ], [ 17.37860074, 48.40093529 ], [ 17.37860564, 48.40090931 ], [ 17.37862753, 48.40088688 ], [ 17.37861293, 48.40085972 ], [ 17.37864709, 48.40084885 ], [ 17.37869547, 48.40081883 ], [ 17.37868106, 48.40079865 ], [ 17.37865188, 48.40080054 ], [ 17.37861408, 48.40082049 ], [ 17.37858674, 48.40081718 ], [ 17.37857722, 48.40080345 ], [ 17.37860766, 48.40079306 ], [ 17.37855697, 48.40075198 ], [ 17.37859719, 48.40072297 ], [ 17.37856991, 48.40070267 ], [ 17.37859068, 48.40068785 ], [ 17.37863272, 48.40071761 ], [ 17.37867707, 48.40071589 ], [ 17.37870023, 48.40069959 ], [ 17.37869376, 48.40063366 ], [ 17.37862418, 48.40062606 ], [ 17.37860288, 48.4006131 ], [ 17.37861494, 48.40059383 ], [ 17.37866176, 48.40057528 ], [ 17.37873107, 48.40056904 ], [ 17.378785, 48.40059641 ], [ 17.37880538, 48.40059159 ], [ 17.37886118, 48.400512 ], [ 17.3788986, 48.40050206 ], [ 17.37892422, 48.40054846 ], [ 17.37893941, 48.40055496 ], [ 17.37895038, 48.40055974 ], [ 17.37901305, 48.40058668 ], [ 17.37901917, 48.40058934 ], [ 17.3790692, 48.40055636 ], [ 17.37907537, 48.40054023 ], [ 17.37909366, 48.40049244 ], [ 17.379075, 48.40046421 ], [ 17.37906912, 48.40045533 ], [ 17.37903769, 48.40040783 ], [ 17.37901829, 48.40027934 ], [ 17.37905249, 48.40025997 ], [ 17.37914156, 48.40026884 ], [ 17.37916017, 48.40030014 ], [ 17.37918408, 48.40031101 ], [ 17.3792343, 48.4002934 ], [ 17.37925718, 48.40026327 ], [ 17.37924555, 48.40023251 ], [ 17.37926573, 48.40017364 ], [ 17.37931345, 48.40014901 ], [ 17.37940095, 48.40014549 ], [ 17.37943834, 48.40006461 ], [ 17.37946382, 48.40003247 ], [ 17.37947097, 48.40002354 ], [ 17.37950118, 48.39998973 ], [ 17.37951826, 48.39997692 ], [ 17.37952069, 48.39997048 ], [ 17.37952441, 48.39996088 ], [ 17.37951519, 48.39983151 ], [ 17.37953527, 48.39980011 ], [ 17.37956831, 48.39978391 ], [ 17.37961123, 48.39978463 ], [ 17.37969081, 48.39980825 ], [ 17.37974287, 48.39978914 ], [ 17.37982619, 48.39978634 ], [ 17.37974638, 48.39957674 ], [ 17.37978696, 48.39955083 ], [ 17.37982472, 48.39954506 ], [ 17.37986067, 48.39955156 ], [ 17.37988602, 48.39956749 ], [ 17.37991663, 48.39961033 ], [ 17.37996203, 48.39961536 ], [ 17.37997195, 48.39958944 ], [ 17.38001724, 48.39957396 ], [ 17.38004834, 48.39957192 ], [ 17.38005194, 48.39965185 ], [ 17.38007286, 48.39967571 ], [ 17.38008166, 48.39967863 ], [ 17.38011824, 48.39969105 ], [ 17.38013905, 48.39969159 ], [ 17.38015249, 48.39968975 ], [ 17.38015872, 48.39968889 ], [ 17.38017327, 48.39968686 ], [ 17.38020813, 48.39966292 ], [ 17.38024236, 48.39965901 ], [ 17.38027334, 48.3996772 ], [ 17.38029988, 48.39968589 ], [ 17.3803443, 48.399668 ], [ 17.38040581, 48.39962799 ], [ 17.38048109, 48.3995728 ], [ 17.38046669, 48.39952949 ], [ 17.38040339, 48.39949943 ], [ 17.38038613, 48.39949126 ], [ 17.3803411, 48.39946989 ], [ 17.38031991, 48.39945984 ], [ 17.38028782, 48.39944456 ], [ 17.38027607, 48.3994137 ], [ 17.38027517, 48.39938843 ], [ 17.38031944, 48.3993586 ], [ 17.38038003, 48.39936462 ], [ 17.38042324, 48.39936328 ], [ 17.38046646, 48.39934161 ], [ 17.38050855, 48.39928507 ], [ 17.38053366, 48.39923972 ], [ 17.38049185, 48.39918992 ], [ 17.3805469, 48.39902389 ], [ 17.38056568, 48.39898011 ], [ 17.38063204, 48.39896808 ], [ 17.38072977, 48.39897245 ], [ 17.38077782, 48.3989576 ], [ 17.38077208, 48.39894954 ], [ 17.38077205, 48.39893409 ], [ 17.38072211, 48.39891927 ], [ 17.38072754, 48.39889803 ], [ 17.38077577, 48.39887731 ], [ 17.38083956, 48.39883746 ], [ 17.38084786, 48.39882806 ], [ 17.38084385, 48.39877683 ], [ 17.38085459, 48.39873515 ], [ 17.38087707, 48.39872433 ], [ 17.38092446, 48.39875741 ], [ 17.380951, 48.3987661 ], [ 17.38098555, 48.39875814 ], [ 17.38105401, 48.39871145 ], [ 17.38110018, 48.39868997 ], [ 17.38113663, 48.39867183 ], [ 17.38132703, 48.39863109 ], [ 17.38134192, 48.39861372 ], [ 17.38129363, 48.39856557 ], [ 17.38128409, 48.3985261 ], [ 17.38131597, 48.39849754 ], [ 17.381372, 48.39849296 ], [ 17.38149675, 48.39848066 ], [ 17.38166105, 48.39843832 ], [ 17.38171435, 48.39846347 ], [ 17.38172875, 48.39846432 ], [ 17.38174059, 48.398465 ], [ 17.38182469, 48.39846984 ], [ 17.38187136, 48.39848373 ], [ 17.38191993, 48.39846068 ], [ 17.38194815, 48.3983877 ], [ 17.38204991, 48.39829908 ], [ 17.38209301, 48.3982615 ], [ 17.38211811, 48.39828003 ], [ 17.38211967, 48.3982879 ], [ 17.38212473, 48.39831444 ], [ 17.3821592, 48.39832364 ], [ 17.38220646, 48.39831045 ], [ 17.38225575, 48.39826586 ], [ 17.38226529, 48.39825726 ], [ 17.38229194, 48.39820785 ], [ 17.38230668, 48.39818053 ], [ 17.38226692, 48.39813429 ], [ 17.38216954, 48.39804057 ], [ 17.38214588, 48.39801969 ], [ 17.38206411, 48.39800823 ], [ 17.38205065, 48.39794184 ], [ 17.38207109, 48.39787377 ], [ 17.38212087, 48.39785081 ], [ 17.38233214, 48.39787305 ], [ 17.38241597, 48.39783071 ], [ 17.38245523, 48.39782396 ], [ 17.38253761, 48.39781549 ], [ 17.38264313, 48.3977761 ], [ 17.38274113, 48.39783968 ], [ 17.38281085, 48.39781955 ], [ 17.38292236, 48.39786964 ], [ 17.38294197, 48.39793019 ], [ 17.38297193, 48.39794615 ], [ 17.38312995, 48.39792345 ], [ 17.38329491, 48.39791358 ], [ 17.38334681, 48.39792699 ], [ 17.38344958, 48.39795347 ], [ 17.38364086, 48.39800279 ], [ 17.38388231, 48.39796917 ], [ 17.38399846, 48.39789522 ], [ 17.38419967, 48.39784081 ], [ 17.38426039, 48.39771374 ], [ 17.38428547, 48.39766115 ], [ 17.38431317, 48.39763241 ], [ 17.38435876, 48.39760005 ], [ 17.38440124, 48.39758059 ], [ 17.38455807, 48.39755862 ], [ 17.38463932, 48.39748575 ], [ 17.38477539, 48.39751186 ], [ 17.38487572, 48.39746155 ], [ 17.38495402, 48.39750126 ], [ 17.38506156, 48.39748603 ], [ 17.38509629, 48.3974685 ], [ 17.38507941, 48.39744851 ], [ 17.3849695, 48.39741335 ], [ 17.38497803, 48.3973802 ], [ 17.38500257, 48.397348 ], [ 17.38520278, 48.39728277 ], [ 17.38522101, 48.39724366 ], [ 17.38521283, 48.3972143 ], [ 17.3851535, 48.39715442 ], [ 17.3851669, 48.39713062 ], [ 17.38534576, 48.39711018 ], [ 17.38536981, 48.39708129 ], [ 17.38532802, 48.39701189 ], [ 17.38526101, 48.39698403 ], [ 17.38525256, 48.39698059 ], [ 17.38518208, 48.39695133 ], [ 17.38517259, 48.39692722 ], [ 17.38528317, 48.39685336 ], [ 17.38541855, 48.39683416 ], [ 17.38547761, 48.3967433 ], [ 17.38549516, 48.39673378 ], [ 17.38563072, 48.39675779 ], [ 17.38563772, 48.39675905 ], [ 17.38571482, 48.39677275 ], [ 17.38578936, 48.39672898 ], [ 17.38579036, 48.39668793 ], [ 17.38577046, 48.39667652 ], [ 17.38571725, 48.39664613 ], [ 17.38566169, 48.39665399 ], [ 17.38562045, 48.39663079 ], [ 17.38562148, 48.39659047 ], [ 17.38586913, 48.39650528 ], [ 17.38589697, 48.3965014 ], [ 17.38593589, 48.39652282 ], [ 17.38595758, 48.39656923 ], [ 17.38596336, 48.39658163 ], [ 17.38598492, 48.39662794 ], [ 17.38599061, 48.39664006 ], [ 17.38608791, 48.3966603 ], [ 17.38618237, 48.39665741 ], [ 17.38623553, 48.39665021 ], [ 17.38627532, 48.39662316 ], [ 17.38628421, 48.3964581 ], [ 17.3862888, 48.39637129 ], [ 17.38636524, 48.39637374 ], [ 17.38640568, 48.39638667 ], [ 17.38648474, 48.39641197 ], [ 17.38653705, 48.39640968 ], [ 17.38656617, 48.39637118 ], [ 17.38661513, 48.39632412 ], [ 17.3866361, 48.39632549 ], [ 17.38675479, 48.3963942 ], [ 17.38677842, 48.39640143 ], [ 17.38695914, 48.39640253 ], [ 17.38706115, 48.39635648 ], [ 17.38706129, 48.39630463 ], [ 17.38688488, 48.39613176 ], [ 17.38687706, 48.3961111 ], [ 17.38685628, 48.39605662 ], [ 17.38684108, 48.3960493 ], [ 17.38661348, 48.39593953 ], [ 17.386599, 48.39590325 ], [ 17.38677878, 48.39579965 ], [ 17.38683653, 48.39571033 ], [ 17.38689885, 48.39568231 ], [ 17.38699297, 48.39569006 ], [ 17.38713258, 48.39560778 ], [ 17.38712584, 48.39556126 ], [ 17.38715378, 48.39555115 ], [ 17.38717812, 48.39554243 ], [ 17.38723669, 48.39554281 ], [ 17.38727587, 48.39554301 ], [ 17.38729157, 48.39552017 ], [ 17.38729813, 48.39545879 ], [ 17.38725492, 48.39542589 ], [ 17.38722014, 48.39539941 ], [ 17.3872228, 48.39533868 ], [ 17.38726791, 48.39530502 ], [ 17.38728971, 48.39528864 ], [ 17.38721056, 48.39523713 ], [ 17.38720722, 48.39523493 ], [ 17.38715632, 48.3952018 ], [ 17.38715137, 48.39515042 ], [ 17.38719325, 48.3950823 ], [ 17.38720838, 48.3950578 ], [ 17.38718928, 48.39494288 ], [ 17.38725436, 48.39490438 ], [ 17.38726733, 48.39490748 ], [ 17.38726813, 48.39490762 ], [ 17.38733579, 48.39492368 ], [ 17.38735056, 48.39491642 ], [ 17.38743986, 48.3948728 ], [ 17.38742989, 48.39479643 ], [ 17.38750967, 48.39476782 ], [ 17.3875435, 48.39472313 ], [ 17.38750949, 48.39453314 ], [ 17.38742462, 48.39449473 ], [ 17.38741049, 48.39448839 ], [ 17.38734981, 48.39446086 ], [ 17.38734104, 48.39445685 ], [ 17.3871507, 48.39437064 ], [ 17.38700856, 48.3942676 ], [ 17.38697337, 48.39422907 ], [ 17.38703839, 48.39415677 ], [ 17.38703595, 48.39414007 ], [ 17.38701314, 48.39411799 ], [ 17.38690924, 48.39405855 ], [ 17.38690316, 48.39404911 ], [ 17.38690161, 48.39399218 ], [ 17.38691561, 48.39397257 ], [ 17.38701216, 48.3939138 ], [ 17.38710099, 48.39388171 ], [ 17.38710975, 48.39383123 ], [ 17.38709482, 48.39381462 ], [ 17.38696165, 48.39370963 ], [ 17.38694707, 48.3936823 ], [ 17.38700672, 48.39365492 ], [ 17.38703731, 48.39365356 ], [ 17.38717131, 48.39364746 ], [ 17.38727753, 48.39359022 ], [ 17.38730406, 48.39358697 ], [ 17.38750442, 48.3936057 ], [ 17.38759343, 48.39361402 ], [ 17.38763911, 48.39355609 ], [ 17.38764084, 48.39348969 ], [ 17.38764637, 48.39342237 ], [ 17.38759573, 48.3933551 ], [ 17.38757074, 48.39332194 ], [ 17.38743079, 48.39327985 ], [ 17.38733479, 48.39330162 ], [ 17.38728605, 48.39314366 ], [ 17.3871106, 48.39309935 ], [ 17.38720115, 48.39300557 ], [ 17.38736441, 48.39294707 ], [ 17.38749232, 48.39296117 ], [ 17.38763835, 48.39300438 ], [ 17.38766106, 48.392968 ], [ 17.38771942, 48.39296691 ], [ 17.38777242, 48.39287566 ], [ 17.38795473, 48.39289818 ], [ 17.38808243, 48.39288598 ], [ 17.38816445, 48.39287812 ], [ 17.38829383, 48.39275642 ], [ 17.38821597, 48.39275813 ], [ 17.38820808, 48.39275825 ], [ 17.38811791, 48.39279025 ], [ 17.38801424, 48.39278847 ], [ 17.38783764, 48.39270948 ], [ 17.38656074, 48.3922814 ], [ 17.38683103, 48.39213516 ], [ 17.38672416, 48.39190176 ], [ 17.38659262, 48.39175983 ], [ 17.38661302, 48.39172248 ], [ 17.38651529, 48.39166263 ], [ 17.38628824, 48.39147165 ], [ 17.38629852, 48.39146075 ], [ 17.3867317, 48.39111601 ], [ 17.387118, 48.39088823 ], [ 17.38716703, 48.39085925 ], [ 17.38725346, 48.3908083 ], [ 17.38703924, 48.390614 ], [ 17.38700465, 48.39058157 ], [ 17.38689997, 48.39048313 ], [ 17.38709936, 48.3903059 ], [ 17.38802789, 48.3896566 ], [ 17.3882396, 48.38940363 ], [ 17.38837184, 48.3892457 ], [ 17.38847449, 48.38912298 ], [ 17.38865147, 48.38890605 ], [ 17.38866843, 48.38888384 ], [ 17.38870606, 48.38883632 ], [ 17.38885101, 48.38866295 ], [ 17.38891634, 48.38857919 ], [ 17.38898711, 48.38849623 ], [ 17.38900346, 48.38845781 ], [ 17.38898132, 48.38844046 ], [ 17.38897206, 48.38843326 ], [ 17.38893286, 48.3884027 ], [ 17.38886794, 48.3883523 ], [ 17.38877607, 48.38828118 ], [ 17.38870051, 48.38822105 ], [ 17.38861548, 48.38815606 ], [ 17.38853596, 48.38809324 ], [ 17.38833181, 48.38790248 ], [ 17.38829215, 48.38787045 ], [ 17.38826137, 48.38783889 ], [ 17.3881829, 48.38776891 ], [ 17.38807579, 48.38765287 ], [ 17.38802595, 48.38759957 ], [ 17.3879396, 48.3875232 ], [ 17.38789034, 48.38746686 ], [ 17.38782862, 48.38740393 ], [ 17.38775719, 48.38734615 ], [ 17.3876956, 48.38728323 ], [ 17.38764706, 48.38722106 ], [ 17.38761183, 48.38718931 ], [ 17.38755527, 48.38712075 ], [ 17.3874778, 48.38704496 ], [ 17.38741122, 48.3869846 ], [ 17.38734162, 48.38691529 ], [ 17.38717824, 48.38676017 ], [ 17.38713987, 48.38671936 ], [ 17.3870773, 48.38666215 ], [ 17.38702274, 48.38661143 ], [ 17.38692409, 48.38652839 ], [ 17.38687655, 48.38648716 ], [ 17.38680317, 48.38640196 ], [ 17.38672371, 48.38630923 ], [ 17.38667296, 48.38624548 ], [ 17.3866408, 48.3862067 ], [ 17.38658763, 48.38612525 ], [ 17.38651378, 48.38600903 ], [ 17.38646182, 48.38592857 ], [ 17.38643136, 48.38588285 ], [ 17.38637866, 48.38577325 ], [ 17.38631097, 48.38562987 ], [ 17.3862875, 48.38558081 ], [ 17.386254, 48.38552622 ], [ 17.38618851, 48.38542057 ], [ 17.38614367, 48.3853563 ], [ 17.38609829, 48.38529479 ], [ 17.38599115, 48.38515128 ], [ 17.38591412, 48.38505771 ], [ 17.38589559, 48.3850388 ], [ 17.38583838, 48.38498212 ], [ 17.38582331, 48.3849637 ], [ 17.38580514, 48.38494146 ], [ 17.38577867, 48.3849092 ], [ 17.38570966, 48.38483124 ], [ 17.38564455, 48.38476276 ], [ 17.38554582, 48.38465991 ], [ 17.38549079, 48.38461061 ], [ 17.38537792, 48.38450983 ], [ 17.38530179, 48.38444343 ], [ 17.38520702, 48.38436443 ], [ 17.38508191, 48.38426204 ], [ 17.385115, 48.3842566 ], [ 17.38509493, 48.38423894 ], [ 17.38494712, 48.38425154 ], [ 17.38484518, 48.38426208 ], [ 17.38472213, 48.38427232 ], [ 17.38458334, 48.38431588 ], [ 17.38441887, 48.38436987 ], [ 17.3843674, 48.38438875 ], [ 17.38429807, 48.38441559 ], [ 17.38420515, 48.38444795 ], [ 17.384128, 48.38447636 ], [ 17.38404098, 48.38451009 ], [ 17.38393547, 48.38455699 ], [ 17.38388254, 48.3845821 ], [ 17.38374548, 48.38465269 ], [ 17.3835608, 48.3847501 ], [ 17.3835047, 48.38477554 ], [ 17.38330706, 48.38487897 ], [ 17.38321664, 48.38492568 ], [ 17.38307712, 48.38499548 ], [ 17.38261931, 48.38525863 ], [ 17.38245785, 48.38535311 ], [ 17.38244642, 48.38535978 ], [ 17.38220365, 48.38549985 ], [ 17.38213696, 48.38553834 ], [ 17.38192999, 48.38564061 ], [ 17.38171827, 48.38571141 ], [ 17.38149345, 48.38575505 ], [ 17.38148218, 48.38574591 ], [ 17.3814703, 48.38573628 ], [ 17.3809725, 48.3854945 ], [ 17.38050699, 48.3852343 ], [ 17.38031735, 48.38490342 ], [ 17.38014321, 48.38501768 ], [ 17.38006469, 48.38506922 ], [ 17.37962904, 48.38529594 ], [ 17.37934819, 48.38544211 ], [ 17.37899174, 48.38564217 ], [ 17.37874211, 48.38581224 ], [ 17.37818983, 48.38633696 ], [ 17.37790619, 48.38657972 ], [ 17.37789188, 48.38659126 ], [ 17.3777923, 48.38664667 ], [ 17.37714216, 48.38681504 ], [ 17.37683751, 48.38698278 ], [ 17.37681688, 48.38698839 ], [ 17.37654622, 48.38713901 ], [ 17.37654436, 48.38708793 ], [ 17.37656328, 48.38673376 ], [ 17.37657286, 48.38642471 ], [ 17.37645915, 48.38592699 ], [ 17.37644688, 48.38586095 ], [ 17.37640289, 48.38566534 ], [ 17.37682263, 48.38551937 ], [ 17.37702681, 48.38535674 ], [ 17.37728124, 48.38544037 ], [ 17.37732744, 48.38544446 ], [ 17.37744382, 48.3855444 ], [ 17.37752416, 48.38551557 ], [ 17.37752016, 48.38547907 ], [ 17.37751367, 48.3854669 ], [ 17.37749032, 48.38532938 ], [ 17.37739993, 48.38508204 ], [ 17.37741273, 48.38505866 ], [ 17.3774388, 48.38503912 ], [ 17.37765214, 48.384997 ], [ 17.37783681, 48.38502258 ], [ 17.37787295, 48.38503515 ], [ 17.37819289, 48.38519091 ], [ 17.37870948, 48.38499694 ], [ 17.37893231, 48.38465823 ], [ 17.37895731, 48.38446856 ], [ 17.37891957, 48.38432829 ], [ 17.37891308, 48.3841813 ], [ 17.37893993, 48.3840991 ], [ 17.37915706, 48.38377611 ], [ 17.37918004, 48.38378131 ], [ 17.37967424, 48.38374428 ], [ 17.37988684, 48.38331355 ], [ 17.37990975, 48.38316486 ], [ 17.3797022, 48.38299853 ], [ 17.37970771, 48.38297576 ], [ 17.37974461, 48.38291753 ], [ 17.37982678, 48.38278752 ], [ 17.37983572, 48.38276452 ], [ 17.37985346, 48.3827185 ], [ 17.38011776, 48.38249824 ], [ 17.38016012, 48.38240097 ], [ 17.38016216, 48.38227433 ], [ 17.38012634, 48.38218109 ], [ 17.38009666, 48.38212819 ], [ 17.37996346, 48.38199969 ], [ 17.37960974, 48.38214527 ], [ 17.37950241, 48.3822009 ], [ 17.37925455, 48.38229436 ], [ 17.37922521, 48.38231775 ], [ 17.37900399, 48.38244693 ], [ 17.37849963, 48.38267422 ], [ 17.37825036, 48.38280311 ], [ 17.37813822, 48.38289149 ], [ 17.37799793, 48.38299883 ], [ 17.37798575, 48.38304756 ], [ 17.37799315, 48.38317735 ], [ 17.37802343, 48.38326399 ], [ 17.37794909, 48.38343581 ], [ 17.37783662, 48.38358643 ], [ 17.37767593, 48.38371259 ], [ 17.3773741, 48.38379847 ], [ 17.37704154, 48.38383029 ], [ 17.37606199, 48.38382547 ], [ 17.37590551, 48.38380651 ], [ 17.37582441, 48.38378513 ], [ 17.37563986, 48.38369133 ], [ 17.37560772, 48.38369953 ], [ 17.37550964, 48.38374483 ], [ 17.37527089, 48.38384358 ], [ 17.37501662, 48.38395379 ], [ 17.37472283, 48.38415015 ], [ 17.37463798, 48.3842208 ], [ 17.37455196, 48.3842929 ], [ 17.37394722, 48.38436562 ], [ 17.37387565, 48.38437632 ], [ 17.37308837, 48.38442837 ], [ 17.37273841, 48.38441793 ], [ 17.37115405, 48.38454622 ], [ 17.37072788, 48.38455955 ], [ 17.37017849, 48.38462302 ], [ 17.36955422, 48.38477315 ], [ 17.3689342, 48.38495338 ], [ 17.36837344, 48.38504249 ], [ 17.36833084, 48.38503972 ], [ 17.36830688, 48.38501908 ], [ 17.3681905, 48.38487775 ], [ 17.36804912, 48.38471094 ], [ 17.36798662, 48.38465625 ], [ 17.36773377, 48.38452509 ], [ 17.36761298, 48.38438708 ], [ 17.36766855, 48.38417338 ], [ 17.3676417, 48.38398512 ], [ 17.3676269, 48.38395849 ], [ 17.36763698, 48.38373305 ], [ 17.3675808, 48.38355607 ], [ 17.36684465, 48.38372536 ], [ 17.3664925, 48.38372705 ], [ 17.36647852, 48.38372713 ], [ 17.36641847, 48.38370559 ], [ 17.36640725, 48.38370161 ], [ 17.36623463, 48.3836467 ], [ 17.36603506, 48.38368094 ], [ 17.36596487, 48.38371268 ], [ 17.36591394, 48.38376285 ], [ 17.36584799, 48.38376948 ], [ 17.36578431, 48.38373018 ], [ 17.36577706, 48.3837297 ], [ 17.3656816, 48.38372383 ], [ 17.36565588, 48.38374565 ], [ 17.36564893, 48.38375875 ], [ 17.36565167, 48.38379173 ], [ 17.36565259, 48.383803 ], [ 17.36565831, 48.38387114 ], [ 17.36563693, 48.38388918 ], [ 17.36559878, 48.3838903 ], [ 17.36556916, 48.38389713 ], [ 17.36550635, 48.3838971 ], [ 17.36549092, 48.3838867 ], [ 17.36547994, 48.38387929 ], [ 17.36544392, 48.38385489 ], [ 17.36543009, 48.38384559 ], [ 17.365352, 48.38382585 ], [ 17.36527262, 48.38387118 ], [ 17.36522701, 48.38386676 ], [ 17.36519589, 48.38389112 ], [ 17.36522161, 48.38394042 ], [ 17.36523655, 48.38394302 ], [ 17.36525745, 48.38394664 ], [ 17.36527267, 48.38394926 ], [ 17.36528163, 48.38396304 ], [ 17.36522194, 48.38401011 ], [ 17.36524043, 48.38401258 ], [ 17.36532506, 48.3840238 ], [ 17.36536413, 48.38405788 ], [ 17.36535678, 48.38411894 ], [ 17.36538512, 48.3841292 ], [ 17.36540849, 48.3841234 ], [ 17.3654193, 48.38413658 ], [ 17.36538636, 48.38422127 ], [ 17.36528414, 48.38424939 ], [ 17.36526687, 48.38426624 ], [ 17.36522943, 48.38428467 ], [ 17.36521821, 48.38425213 ], [ 17.36523828, 48.38422082 ], [ 17.36518366, 48.38425096 ], [ 17.36516112, 48.38428058 ], [ 17.36509891, 48.38428754 ], [ 17.36502968, 48.38431275 ], [ 17.36496846, 48.38427613 ], [ 17.36485906, 48.38426637 ], [ 17.36490419, 48.38422612 ], [ 17.36489359, 48.38420411 ], [ 17.36487689, 48.38418946 ], [ 17.36486475, 48.38417882 ], [ 17.36482712, 48.38416534 ], [ 17.36479582, 48.38417983 ], [ 17.36478343, 48.38417649 ], [ 17.36473056, 48.38416238 ], [ 17.36468402, 48.38419748 ], [ 17.36468544, 48.38421917 ], [ 17.36468806, 48.38426226 ], [ 17.36468879, 48.38427387 ], [ 17.36469032, 48.38429756 ], [ 17.36462613, 48.3843512 ], [ 17.36454352, 48.38434102 ], [ 17.36451194, 48.38433715 ], [ 17.36440516, 48.38437049 ], [ 17.36439774, 48.38435726 ], [ 17.36439249, 48.38434779 ], [ 17.3643912, 48.38434545 ], [ 17.36438975, 48.38430279 ], [ 17.36438443, 48.38430109 ], [ 17.36431029, 48.38427763 ], [ 17.36429396, 48.38427241 ], [ 17.36424187, 48.38421434 ], [ 17.36422735, 48.38421158 ], [ 17.36419524, 48.38421681 ], [ 17.36416441, 48.3841866 ], [ 17.36417361, 48.38416561 ], [ 17.36415132, 48.38415204 ], [ 17.36402388, 48.38419758 ], [ 17.36398264, 48.38414871 ], [ 17.36404324, 48.3841186 ], [ 17.36402865, 48.38408683 ], [ 17.36406978, 48.38405807 ], [ 17.3639972, 48.38402767 ], [ 17.36397185, 48.38402014 ], [ 17.36389291, 48.38397577 ], [ 17.36391608, 48.38404325 ], [ 17.36388872, 48.38405683 ], [ 17.36377024, 48.38406084 ], [ 17.36374995, 48.38405581 ], [ 17.36365398, 48.38399352 ], [ 17.36353445, 48.38402313 ], [ 17.36336956, 48.3839867 ], [ 17.36333496, 48.38400423 ], [ 17.36329456, 48.38400593 ], [ 17.36326836, 48.38398849 ], [ 17.36321419, 48.38398604 ], [ 17.36314011, 48.3840479 ], [ 17.36309594, 48.38404104 ], [ 17.36138582, 48.38338005 ], [ 17.3613638, 48.38337671 ], [ 17.3613224, 48.38336027 ], [ 17.36123152, 48.38332425 ], [ 17.3611682, 48.38329915 ], [ 17.36115923, 48.38329558 ], [ 17.361115, 48.38327805 ], [ 17.36103207, 48.38324517 ], [ 17.36096287, 48.3832195 ], [ 17.36094729, 48.38321379 ], [ 17.36074351, 48.3831384 ], [ 17.36071151, 48.38315302 ], [ 17.36058309, 48.38321169 ], [ 17.36056883, 48.38322006 ], [ 17.36052204, 48.38324764 ], [ 17.36045643, 48.38327959 ], [ 17.36044077, 48.38328643 ], [ 17.36034028, 48.38333047 ], [ 17.36030496, 48.38334181 ], [ 17.36020956, 48.38337245 ], [ 17.36015825, 48.38338464 ], [ 17.36006492, 48.38340674 ], [ 17.36000791, 48.38342633 ], [ 17.35994362, 48.38344834 ], [ 17.35986251, 48.38348144 ], [ 17.35979504, 48.38350297 ], [ 17.3597216, 48.38352637 ], [ 17.35970664, 48.38353118 ], [ 17.3596661, 48.38354488 ], [ 17.35957687, 48.38359074 ], [ 17.35951228, 48.38362674 ], [ 17.35947866, 48.38364596 ], [ 17.35933783, 48.38369857 ], [ 17.35925605, 48.38372422 ], [ 17.3591998, 48.38374142 ], [ 17.35915979, 48.38376068 ], [ 17.35892577, 48.38385292 ], [ 17.3587352, 48.3839172 ], [ 17.35869778, 48.38392903 ], [ 17.35863749, 48.38394506 ], [ 17.35860248, 48.38396356 ], [ 17.35853608, 48.38398696 ], [ 17.35848842, 48.38399008 ], [ 17.35844422, 48.38401105 ], [ 17.35829172, 48.38407384 ], [ 17.35820892, 48.38410457 ], [ 17.35814412, 48.38412176 ], [ 17.35812704, 48.38412904 ], [ 17.35812038, 48.38413186 ], [ 17.35811127, 48.38413569 ], [ 17.35810215, 48.38413962 ], [ 17.35806553, 48.38415521 ], [ 17.35797889, 48.38419636 ], [ 17.35792269, 48.38422151 ], [ 17.35783372, 48.38426187 ], [ 17.35782426, 48.38426623 ], [ 17.35777421, 48.38428916 ], [ 17.35768122, 48.38433198 ], [ 17.35762123, 48.38435887 ], [ 17.35753077, 48.38439462 ], [ 17.35736969, 48.38447328 ], [ 17.35733086, 48.38448638 ], [ 17.35719457, 48.38453947 ], [ 17.35714707, 48.38454974 ], [ 17.35701382, 48.38457664 ], [ 17.35690976, 48.38459423 ], [ 17.35677276, 48.38461989 ], [ 17.35668007, 48.3846367 ], [ 17.35659572, 48.38465025 ], [ 17.35654675, 48.38466224 ], [ 17.35645892, 48.38468559 ], [ 17.35639114, 48.38470827 ], [ 17.35635877, 48.38471899 ], [ 17.35628735, 48.3847277 ], [ 17.35618211, 48.38472841 ], [ 17.35612184, 48.38473875 ], [ 17.35602244, 48.38476795 ], [ 17.35594317, 48.38479033 ], [ 17.35583367, 48.38482456 ], [ 17.35573711, 48.38484925 ], [ 17.35567377, 48.38487032 ], [ 17.35557504, 48.38489956 ], [ 17.35541697, 48.384943 ], [ 17.35529037, 48.3849809 ], [ 17.35521733, 48.38500613 ], [ 17.35515083, 48.38501552 ], [ 17.3550885, 48.3850353 ], [ 17.35498319, 48.38506502 ], [ 17.35494886, 48.38507425 ], [ 17.35473991, 48.38513524 ], [ 17.35473452, 48.38513678 ], [ 17.35466775, 48.38515628 ], [ 17.35454936, 48.38519282 ], [ 17.35445267, 48.3852174 ], [ 17.3544446, 48.38521877 ], [ 17.35430283, 48.38526761 ], [ 17.35423715, 48.38528618 ], [ 17.35409164, 48.38533179 ], [ 17.35397681, 48.38536811 ], [ 17.35391406, 48.38539067 ], [ 17.35386992, 48.38540297 ], [ 17.35370935, 48.38540539 ], [ 17.3536329, 48.38540491 ], [ 17.35361515, 48.38537899 ], [ 17.35358522, 48.38533538 ], [ 17.35333194, 48.38499097 ], [ 17.3532691, 48.38490554 ], [ 17.35320003, 48.38481174 ], [ 17.35309707, 48.38467172 ], [ 17.35307276, 48.38463877 ], [ 17.35300971, 48.38455287 ], [ 17.35304681, 48.38454969 ], [ 17.35382448, 48.38448396 ], [ 17.35239819, 48.38330145 ], [ 17.35237437, 48.38328173 ], [ 17.3521803, 48.3832638 ], [ 17.3517029, 48.38321234 ], [ 17.35161865, 48.38320322 ], [ 17.35135868, 48.38307832 ], [ 17.34969059, 48.38227874 ], [ 17.34958579, 48.38223231 ], [ 17.34954058, 48.38221227 ], [ 17.34949244, 48.38219096 ], [ 17.34947585, 48.38218301 ], [ 17.3493375, 48.38211567 ], [ 17.34929205, 48.38209363 ], [ 17.34924394, 48.38207024 ], [ 17.34917489, 48.38219911 ], [ 17.34884226, 48.38249634 ], [ 17.34869895, 48.38261077 ], [ 17.34835964, 48.38290449 ], [ 17.34825295, 48.38302917 ], [ 17.34821989, 48.38310798 ], [ 17.34817584, 48.38316384 ], [ 17.34814067, 48.38319172 ], [ 17.34803853, 48.38325326 ], [ 17.34769392, 48.38356724 ], [ 17.34746107, 48.38379112 ], [ 17.34742514, 48.38377169 ], [ 17.34733076, 48.3837309 ], [ 17.34721688, 48.38340473 ], [ 17.34718798, 48.38332196 ], [ 17.34712505, 48.38316729 ], [ 17.3469512, 48.38290651 ], [ 17.34685798, 48.38267576 ], [ 17.34679797, 48.38242766 ], [ 17.34679973, 48.38240383 ], [ 17.34680658, 48.38231228 ], [ 17.34737105, 48.38200411 ], [ 17.34690428, 48.38167454 ], [ 17.34690065, 48.38165045 ], [ 17.3468385, 48.38143899 ], [ 17.34673085, 48.38112579 ], [ 17.34672946, 48.38109931 ], [ 17.34672776, 48.38106576 ], [ 17.34653138, 48.38019064 ], [ 17.3465309, 48.38017913 ], [ 17.34653064, 48.3801745 ], [ 17.34653013, 48.38016507 ], [ 17.34652814, 48.38012337 ], [ 17.34652769, 48.38011539 ], [ 17.34653027, 48.38010155 ], [ 17.34653915, 48.38005424 ], [ 17.34656769, 48.37990113 ], [ 17.34676721, 48.37955543 ], [ 17.3465433, 48.37922115 ], [ 17.34625503, 48.37920373 ], [ 17.34622841, 48.37920217 ], [ 17.34616916, 48.37901892 ], [ 17.34610434, 48.37893416 ], [ 17.34609287, 48.37891904 ], [ 17.34593716, 48.37877176 ], [ 17.34585747, 48.37868477 ], [ 17.34579462, 48.37861613 ], [ 17.34578959, 48.37861065 ], [ 17.34576919, 48.37858248 ], [ 17.34576256, 48.37857319 ], [ 17.34565689, 48.37842693 ], [ 17.345485, 48.37818886 ], [ 17.34542767, 48.37795955 ], [ 17.34541838, 48.37787535 ], [ 17.34541691, 48.37786233 ], [ 17.34541614, 48.3778565 ], [ 17.34538385, 48.37761464 ], [ 17.34529575, 48.37735938 ], [ 17.34517083, 48.37689765 ], [ 17.34490534, 48.37611333 ], [ 17.34484558, 48.37585359 ], [ 17.34479644, 48.37557611 ], [ 17.34479157, 48.37551443 ], [ 17.34477499, 48.37530767 ], [ 17.34473082, 48.37491648 ], [ 17.34472077, 48.37482735 ], [ 17.34472043, 48.37482416 ], [ 17.34473837, 48.37470804 ], [ 17.34474412, 48.37467092 ], [ 17.34477498, 48.37456829 ], [ 17.34479335, 48.37450904 ], [ 17.34479943, 48.37448992 ], [ 17.34480717, 48.3744466 ], [ 17.3448182, 48.37436265 ], [ 17.34481983, 48.3743323 ], [ 17.34483969, 48.37414889 ], [ 17.34484368, 48.37410252 ], [ 17.34486025, 48.37395613 ], [ 17.34486244, 48.37393576 ], [ 17.34486956, 48.37383962 ], [ 17.34487266, 48.37381127 ], [ 17.34487864, 48.3737569 ], [ 17.34487942, 48.37374981 ], [ 17.34488215, 48.37372577 ], [ 17.3448825, 48.37372245 ], [ 17.34488508, 48.373705 ], [ 17.34489242, 48.37360644 ], [ 17.34489905, 48.3735569 ], [ 17.34490679, 48.37348511 ], [ 17.3449119, 48.37343114 ], [ 17.34491199, 48.37327508 ], [ 17.34491092, 48.37320506 ], [ 17.34489846, 48.37309002 ], [ 17.34484781, 48.37309963 ], [ 17.34480861, 48.37310791 ], [ 17.34474884, 48.37311493 ], [ 17.3447167, 48.37311951 ], [ 17.34466378, 48.37312888 ], [ 17.3446132, 48.37313705 ], [ 17.34454301, 48.37314763 ], [ 17.34450132, 48.37315349 ], [ 17.34443341, 48.37316332 ], [ 17.34438083, 48.37317036 ], [ 17.34432907, 48.37317646 ], [ 17.34426975, 48.37318595 ], [ 17.34419692, 48.37319971 ], [ 17.34411165, 48.37321509 ], [ 17.34401084, 48.37323371 ], [ 17.3439263, 48.37324959 ], [ 17.34387197, 48.37325841 ], [ 17.34380169, 48.37326953 ], [ 17.34375987, 48.37327629 ], [ 17.34372653, 48.3732798 ], [ 17.34367282, 48.37328441 ], [ 17.34357104, 48.37329582 ], [ 17.34349339, 48.37330267 ], [ 17.34339768, 48.37331158 ], [ 17.3432832, 48.37332171 ], [ 17.34314902, 48.37333389 ], [ 17.34310438, 48.37334045 ], [ 17.34301867, 48.37334957 ], [ 17.34293996, 48.37335445 ], [ 17.34286864, 48.37336261 ], [ 17.34280746, 48.37336909 ], [ 17.34276478, 48.37337244 ], [ 17.34271442, 48.37337917 ], [ 17.34266568, 48.37338501 ], [ 17.34262843, 48.37339017 ], [ 17.34248253, 48.37340917 ], [ 17.34239196, 48.37342185 ], [ 17.34231175, 48.37343133 ], [ 17.34226693, 48.37343725 ], [ 17.34217607, 48.37344911 ], [ 17.34216374, 48.37345182 ], [ 17.34203718, 48.3734795 ], [ 17.34196918, 48.37349357 ], [ 17.34187461, 48.37351404 ], [ 17.34183055, 48.37352218 ], [ 17.34179725, 48.37352903 ], [ 17.34163776, 48.37355284 ], [ 17.34156227, 48.37356073 ], [ 17.34150085, 48.37357432 ], [ 17.34142694, 48.37358991 ], [ 17.34137489, 48.37359888 ], [ 17.34133897, 48.37360421 ], [ 17.34129859, 48.37360671 ], [ 17.34123035, 48.37361327 ], [ 17.34116508, 48.37361894 ], [ 17.34111165, 48.37362257 ], [ 17.34108021, 48.37362241 ], [ 17.34106682, 48.37361295 ], [ 17.34101217, 48.37357422 ], [ 17.34100008, 48.37354957 ], [ 17.34098009, 48.37351501 ], [ 17.34095985, 48.37346371 ], [ 17.34094357, 48.37342785 ], [ 17.34092269, 48.37338555 ], [ 17.34091116, 48.37335244 ], [ 17.34088959, 48.37331389 ], [ 17.34085661, 48.37327079 ], [ 17.34081515, 48.3732172 ], [ 17.34079247, 48.37318707 ], [ 17.34077261, 48.37316082 ], [ 17.34074807, 48.37312858 ], [ 17.34070965, 48.37307365 ], [ 17.34069273, 48.37305781 ], [ 17.34067539, 48.37304475 ], [ 17.34060837, 48.373009 ], [ 17.34057107, 48.37298514 ], [ 17.3405229, 48.37295768 ], [ 17.34047822, 48.37293053 ], [ 17.34043266, 48.37290469 ], [ 17.34040971, 48.37288556 ], [ 17.34038694, 48.37286708 ], [ 17.3403523, 48.37283897 ], [ 17.34033411, 48.3728216 ], [ 17.3403131, 48.37280405 ], [ 17.34030374, 48.37279485 ], [ 17.34028784, 48.37277574 ], [ 17.34027187, 48.37275806 ], [ 17.34019445, 48.3726816 ], [ 17.34014521, 48.37262741 ], [ 17.34010187, 48.37258653 ], [ 17.34004643, 48.37253572 ], [ 17.33993681, 48.37243483 ], [ 17.33990933, 48.37240782 ], [ 17.33987724, 48.37237806 ], [ 17.33984631, 48.37235507 ], [ 17.33977454, 48.37231757 ], [ 17.33967877, 48.37226801 ], [ 17.33963971, 48.37224683 ], [ 17.33959828, 48.37222704 ], [ 17.33957584, 48.37222286 ], [ 17.33953002, 48.37221444 ], [ 17.33951797, 48.37221157 ], [ 17.33947828, 48.37220201 ], [ 17.33943727, 48.37219318 ], [ 17.33941619, 48.3721908 ], [ 17.33940222, 48.37218989 ], [ 17.33932929, 48.37218502 ], [ 17.3392807, 48.37218337 ], [ 17.3392399, 48.37218784 ], [ 17.33917981, 48.37219429 ], [ 17.33915264, 48.3721973 ], [ 17.33909769, 48.37220663 ], [ 17.33906198, 48.37221522 ], [ 17.33903675, 48.37222161 ], [ 17.33900955, 48.3722295 ], [ 17.33891609, 48.37225618 ], [ 17.3389083, 48.37225847 ], [ 17.33887604, 48.37227298 ], [ 17.33882068, 48.37229891 ], [ 17.33874404, 48.37233383 ], [ 17.33870364, 48.37235025 ], [ 17.33863309, 48.37237798 ], [ 17.33854983, 48.37240912 ], [ 17.33846015, 48.37244418 ], [ 17.33834659, 48.37248672 ], [ 17.338189, 48.37254634 ], [ 17.33808209, 48.37258695 ], [ 17.33798684, 48.3726212 ], [ 17.33789361, 48.37265648 ], [ 17.33780913, 48.37268664 ], [ 17.33772256, 48.37272 ], [ 17.33760463, 48.3727627 ], [ 17.33754097, 48.37280064 ], [ 17.33749995, 48.37282768 ], [ 17.33747748, 48.37284212 ], [ 17.33746833, 48.37284802 ], [ 17.33745707, 48.37285632 ], [ 17.33744835, 48.37286669 ], [ 17.3373982, 48.37292711 ], [ 17.33733408, 48.37299854 ], [ 17.33733979, 48.37302232 ], [ 17.33735984, 48.37312449 ], [ 17.33735967, 48.37317617 ], [ 17.33735391, 48.37321519 ], [ 17.33734501, 48.37326259 ], [ 17.33730991, 48.37329544 ], [ 17.33725698, 48.37334439 ], [ 17.33720684, 48.37338818 ], [ 17.33717545, 48.37341613 ], [ 17.33714539, 48.37343603 ], [ 17.33706989, 48.3734825 ], [ 17.33698268, 48.37353489 ], [ 17.33691185, 48.37357824 ], [ 17.33683826, 48.37362104 ], [ 17.33679931, 48.37364325 ], [ 17.33672926, 48.3736767 ], [ 17.33665613, 48.37370625 ], [ 17.3366012, 48.37372922 ], [ 17.33653289, 48.37376098 ], [ 17.33647427, 48.37379428 ], [ 17.33639788, 48.3738321 ], [ 17.33629952, 48.37388277 ], [ 17.3362579, 48.37390282 ], [ 17.3362496, 48.37391131 ], [ 17.33622103, 48.37393944 ], [ 17.33614513, 48.37401254 ], [ 17.3361155, 48.3740387 ], [ 17.33607853, 48.37406673 ], [ 17.33601391, 48.37411672 ], [ 17.33599004, 48.37413233 ], [ 17.33595409, 48.37414895 ], [ 17.3358163, 48.37420941 ], [ 17.3357821, 48.37422334 ], [ 17.33569194, 48.37427174 ], [ 17.33555234, 48.37434447 ], [ 17.33537915, 48.37443252 ], [ 17.33527399, 48.37448518 ], [ 17.33518655, 48.37452987 ], [ 17.33512424, 48.37455959 ], [ 17.33509783, 48.37457403 ], [ 17.33505208, 48.37461197 ], [ 17.33498718, 48.37466384 ], [ 17.33495426, 48.37467822 ], [ 17.33455541, 48.37482196 ], [ 17.33453708, 48.37482853 ], [ 17.3345136, 48.37482862 ], [ 17.33437639, 48.3748292 ], [ 17.33371833, 48.3748214 ], [ 17.33340842, 48.37477623 ], [ 17.33343323, 48.37481762 ], [ 17.3338455, 48.37534529 ], [ 17.33425701, 48.37522695 ], [ 17.3345252, 48.37546557 ], [ 17.33456787, 48.37545951 ], [ 17.33476032, 48.37544411 ], [ 17.33490201, 48.37543433 ], [ 17.33491047, 48.37547347 ], [ 17.33493448, 48.3756021 ], [ 17.3349529, 48.37570516 ], [ 17.33498162, 48.37585416 ], [ 17.33499911, 48.37594883 ], [ 17.33503869, 48.37614834 ], [ 17.33507418, 48.37621754 ], [ 17.33510458, 48.37627809 ], [ 17.33519847, 48.37627882 ], [ 17.33537502, 48.37628108 ], [ 17.33537794, 48.37633938 ], [ 17.33538528, 48.3764155 ], [ 17.33540363, 48.37646577 ], [ 17.33543469, 48.3765411 ], [ 17.33546628, 48.37661835 ], [ 17.33549506, 48.37669443 ], [ 17.33553635, 48.37679238 ], [ 17.33553235, 48.37686351 ], [ 17.33552313, 48.37695996 ], [ 17.33551424, 48.3770661 ], [ 17.33550063, 48.37732638 ], [ 17.33571385, 48.37807694 ], [ 17.33582989, 48.37830983 ], [ 17.33585152, 48.37836547 ], [ 17.33578274, 48.37861625 ], [ 17.3360418, 48.37916305 ], [ 17.33596022, 48.38000671 ], [ 17.33668238, 48.37985368 ], [ 17.33670061, 48.37984964 ], [ 17.33672781, 48.37988684 ], [ 17.33672666, 48.37988731 ], [ 17.33673213, 48.37989526 ], [ 17.33678254, 48.37997556 ], [ 17.33679215, 48.37998766 ], [ 17.33683813, 48.38006396 ], [ 17.3368753, 48.38012731 ], [ 17.33690844, 48.38017945 ], [ 17.33694556, 48.38023854 ], [ 17.33697887, 48.38026928 ], [ 17.33702328, 48.38031304 ], [ 17.33705958, 48.38034831 ], [ 17.33711038, 48.38040116 ], [ 17.3371165, 48.38049572 ], [ 17.33712069, 48.3805298 ], [ 17.33711671, 48.38055674 ], [ 17.33708979, 48.38063251 ], [ 17.33704594, 48.38067771 ], [ 17.33698007, 48.38072147 ], [ 17.3369667, 48.38073478 ], [ 17.33671775, 48.38089667 ], [ 17.33674266, 48.38098154 ], [ 17.3366222, 48.38103202 ], [ 17.33707045, 48.38153157 ], [ 17.33708876, 48.38154533 ], [ 17.33722344, 48.3816466 ], [ 17.33731722, 48.3817198 ], [ 17.33734997, 48.38174427 ], [ 17.33743754, 48.3818476 ], [ 17.33747177, 48.38188771 ], [ 17.33755785, 48.38199293 ], [ 17.33759339, 48.38203791 ], [ 17.33845607, 48.38189996 ], [ 17.33853322, 48.3820665 ], [ 17.33856561, 48.38213658 ], [ 17.33881652, 48.38267823 ], [ 17.33984688, 48.38286563 ], [ 17.34002491, 48.38301329 ], [ 17.34015299, 48.38313907 ], [ 17.34045919, 48.38307652 ], [ 17.34063612, 48.38303678 ], [ 17.34071523, 48.38314146 ], [ 17.34076247, 48.38319823 ], [ 17.34105871, 48.3835828 ], [ 17.34115225, 48.38367794 ], [ 17.34163057, 48.3841929 ], [ 17.34185046, 48.38440728 ], [ 17.34218472, 48.38443495 ], [ 17.34329498, 48.38406086 ], [ 17.34356855, 48.38435827 ], [ 17.34324044, 48.38456289 ], [ 17.34307674, 48.38469134 ], [ 17.34291502, 48.38486329 ], [ 17.34220743, 48.38533559 ], [ 17.34219923, 48.3853599 ], [ 17.34220401, 48.38536518 ], [ 17.34240448, 48.38533611 ], [ 17.3426801, 48.3853162 ], [ 17.34296108, 48.38532347 ], [ 17.34297466, 48.38535744 ], [ 17.34297871, 48.38536764 ], [ 17.34300273, 48.38542741 ], [ 17.34314629, 48.38575273 ], [ 17.34316656, 48.38579834 ], [ 17.34313644, 48.38580568 ], [ 17.34293764, 48.38582438 ], [ 17.34286535, 48.38587116 ], [ 17.34282934, 48.38593775 ], [ 17.34262314, 48.38612613 ], [ 17.34241975, 48.38629545 ], [ 17.34181707, 48.3865007 ], [ 17.3416195, 48.38653494 ], [ 17.3414536, 48.3866092 ], [ 17.34141914, 48.38685284 ], [ 17.34141395, 48.38688982 ], [ 17.34126866, 48.38695043 ], [ 17.34112766, 48.38709591 ], [ 17.34109253, 48.38711331 ], [ 17.34107965, 48.38711969 ], [ 17.34100471, 48.38715681 ], [ 17.340945, 48.38720649 ], [ 17.34093495, 48.38721486 ], [ 17.34081509, 48.38731455 ], [ 17.34065239, 48.38744984 ], [ 17.34051691, 48.38746329 ], [ 17.34050409, 48.38751152 ], [ 17.34046107, 48.38753735 ], [ 17.3404297, 48.38763587 ], [ 17.34042105, 48.38766323 ], [ 17.34046349, 48.38773144 ], [ 17.34047468, 48.38774934 ], [ 17.34044851, 48.38788806 ], [ 17.34052834, 48.38799341 ], [ 17.34057126, 48.38805008 ], [ 17.34014082, 48.38833366 ], [ 17.3399813, 48.38835186 ], [ 17.33936125, 48.38828758 ], [ 17.33858866, 48.38831741 ], [ 17.33856285, 48.38831852 ], [ 17.33840177, 48.38840601 ], [ 17.33825573, 48.38848356 ], [ 17.33801767, 48.38856593 ], [ 17.33776664, 48.38863226 ], [ 17.33714142, 48.38872704 ], [ 17.33693957, 48.38872683 ], [ 17.33645352, 48.38878138 ], [ 17.33629742, 48.38881037 ], [ 17.33633243, 48.38887646 ], [ 17.33645325, 48.38908725 ], [ 17.3364448, 48.3891261 ], [ 17.33603425, 48.38920321 ], [ 17.33589744, 48.38922832 ], [ 17.3358384, 48.38923123 ], [ 17.33579522, 48.38923328 ], [ 17.33556593, 48.38918916 ], [ 17.33530207, 48.3892982 ], [ 17.33513677, 48.38939039 ], [ 17.33514824, 48.38941925 ], [ 17.33517418, 48.38948429 ], [ 17.33505684, 48.38946576 ], [ 17.33487496, 48.38955903 ], [ 17.33481689, 48.38957556 ], [ 17.3346509, 48.38971641 ], [ 17.33456623, 48.38977981 ], [ 17.33441259, 48.38988487 ], [ 17.3342505, 48.3899957 ], [ 17.33414485, 48.39006794 ], [ 17.33417147, 48.39013936 ], [ 17.33410069, 48.39019418 ], [ 17.33397185, 48.39029391 ], [ 17.33376605, 48.39048104 ], [ 17.33362121, 48.39061279 ], [ 17.33339457, 48.39081789 ], [ 17.33320994, 48.39089941 ], [ 17.33311508, 48.39103453 ], [ 17.3330082, 48.39118666 ], [ 17.33292395, 48.39130594 ], [ 17.33299413, 48.39136359 ], [ 17.3328871, 48.39139281 ], [ 17.332701, 48.39125653 ], [ 17.33242064, 48.39129256 ], [ 17.33216207, 48.39141713 ], [ 17.33210063, 48.3914197 ], [ 17.33205967, 48.39150404 ], [ 17.33196312, 48.39149265 ], [ 17.33191361, 48.39153296 ], [ 17.3318745, 48.39155615 ], [ 17.33174837, 48.39163102 ], [ 17.33154998, 48.39172293 ], [ 17.33144586, 48.39173427 ], [ 17.3315179, 48.39180415 ], [ 17.3316317, 48.39190631 ], [ 17.33161798, 48.39191743 ], [ 17.33158201, 48.39194688 ], [ 17.33149367, 48.39201673 ], [ 17.33148453, 48.39202625 ], [ 17.33144791, 48.3920647 ], [ 17.33142037, 48.39210049 ], [ 17.33140139, 48.39211777 ], [ 17.33137016, 48.39214364 ], [ 17.33132065, 48.39218486 ], [ 17.33129025, 48.39221612 ], [ 17.3312525, 48.3922732 ], [ 17.33122565, 48.39238232 ], [ 17.33110126, 48.39248216 ], [ 17.33108303, 48.39249903 ], [ 17.33111376, 48.39261148 ], [ 17.33113546, 48.39269143 ], [ 17.33110774, 48.39279724 ], [ 17.33102516, 48.39277945 ], [ 17.33092693, 48.39274635 ], [ 17.33079801, 48.3927088 ], [ 17.33070814, 48.39268248 ], [ 17.33063972, 48.39273321 ], [ 17.33053645, 48.392725 ], [ 17.33049108, 48.39271253 ], [ 17.33036889, 48.39267262 ], [ 17.33035492, 48.39266981 ], [ 17.33034109, 48.392667 ], [ 17.33026504, 48.39265822 ], [ 17.33014293, 48.39264163 ], [ 17.33000235, 48.39262428 ], [ 17.3299906, 48.39262116 ], [ 17.32986393, 48.39258764 ], [ 17.32978736, 48.39258976 ], [ 17.32977196, 48.3925902 ], [ 17.32968163, 48.39259087 ], [ 17.32963656, 48.3925956 ], [ 17.32958022, 48.39259949 ], [ 17.32955286, 48.39260005 ], [ 17.32951627, 48.39260524 ], [ 17.32946345, 48.3926147 ], [ 17.32941893, 48.39262028 ], [ 17.32937856, 48.39262721 ], [ 17.32928659, 48.3926463 ], [ 17.32925397, 48.39265311 ], [ 17.32924206, 48.39265287 ], [ 17.32918901, 48.39265192 ], [ 17.32916763, 48.39265151 ], [ 17.32914599, 48.39265109 ], [ 17.32908482, 48.39264997 ], [ 17.32897345, 48.3926479 ], [ 17.32884148, 48.39269989 ], [ 17.32882879, 48.39270493 ], [ 17.32874718, 48.39273383 ], [ 17.32866268, 48.39276479 ], [ 17.3286436, 48.39277177 ], [ 17.32837461, 48.39287215 ], [ 17.32827905, 48.39290817 ], [ 17.32824126, 48.39292241 ], [ 17.32819352, 48.3929397 ], [ 17.32802058, 48.39300075 ], [ 17.32788232, 48.39305024 ], [ 17.32778909, 48.39309708 ], [ 17.32775932, 48.39311212 ], [ 17.3276248, 48.39315562 ], [ 17.32755772, 48.39317887 ], [ 17.32753588, 48.39315222 ], [ 17.3275173, 48.39313194 ], [ 17.32750105, 48.39311614 ], [ 17.32740216, 48.39314626 ], [ 17.32733329, 48.39316695 ], [ 17.32721971, 48.39319908 ], [ 17.32709405, 48.39323033 ], [ 17.32692479, 48.393272 ], [ 17.32676452, 48.39331526 ], [ 17.32654788, 48.39337633 ], [ 17.3264612, 48.39339631 ], [ 17.32628924, 48.39342596 ], [ 17.32620053, 48.39347436 ], [ 17.32611295, 48.39352429 ], [ 17.32607109, 48.39354585 ], [ 17.3259756, 48.39359146 ], [ 17.32592303, 48.39361756 ], [ 17.32585509, 48.39366588 ], [ 17.32579017, 48.39371304 ], [ 17.32576365, 48.39373271 ], [ 17.3257344, 48.3937608 ], [ 17.3257044, 48.39378928 ], [ 17.32562578, 48.39386121 ], [ 17.32555176, 48.39392585 ], [ 17.32553253, 48.39394031 ], [ 17.32553073, 48.39396161 ], [ 17.32555063, 48.39400141 ], [ 17.32558263, 48.39406117 ], [ 17.32560154, 48.39409756 ], [ 17.32564062, 48.39411404 ], [ 17.32567435, 48.39412818 ], [ 17.32576228, 48.39416766 ], [ 17.32586381, 48.39421146 ], [ 17.32593184, 48.3942405 ], [ 17.32594665, 48.39424681 ], [ 17.32600143, 48.39428284 ], [ 17.32605785, 48.3943179 ], [ 17.3261055, 48.39434434 ], [ 17.32613151, 48.39436575 ], [ 17.32614699, 48.39437851 ], [ 17.32624166, 48.39445313 ], [ 17.32624311, 48.39445431 ], [ 17.32633804, 48.39452904 ], [ 17.32638642, 48.39456981 ], [ 17.32643518, 48.39460436 ], [ 17.32642194, 48.39461497 ], [ 17.32635662, 48.39467404 ], [ 17.32632779, 48.39469925 ], [ 17.32618799, 48.39463342 ], [ 17.32607079, 48.39457811 ], [ 17.32605087, 48.39456876 ], [ 17.32598455, 48.3945373 ], [ 17.3259371, 48.39454892 ], [ 17.3259008, 48.39455584 ], [ 17.32586114, 48.39456345 ], [ 17.32581686, 48.39457293 ], [ 17.32578878, 48.39460769 ], [ 17.32577862, 48.39462039 ], [ 17.3257678, 48.39463396 ], [ 17.3257369, 48.39466854 ], [ 17.32571135, 48.39469542 ], [ 17.32569347, 48.39472 ], [ 17.32562645, 48.39477127 ], [ 17.32552481, 48.39480978 ], [ 17.32528218, 48.39482911 ], [ 17.32525114, 48.39478758 ], [ 17.32521272, 48.39474006 ], [ 17.32520273, 48.39472775 ], [ 17.32519707, 48.39467885 ], [ 17.32520418, 48.39464551 ], [ 17.32521414, 48.39461671 ], [ 17.32522844, 48.39455854 ], [ 17.32523222, 48.39450367 ], [ 17.32511656, 48.39452599 ], [ 17.32505895, 48.39453839 ], [ 17.32496783, 48.39455907 ], [ 17.32489147, 48.39457168 ], [ 17.32482689, 48.39459266 ], [ 17.3247563, 48.39461947 ], [ 17.32472521, 48.39462692 ], [ 17.32467855, 48.39466624 ], [ 17.32463133, 48.39470932 ], [ 17.32458331, 48.39475325 ], [ 17.32455008, 48.39479445 ], [ 17.32449304, 48.39486535 ], [ 17.32445087, 48.39491834 ], [ 17.32440318, 48.39497468 ], [ 17.32435725, 48.39502833 ], [ 17.32432762, 48.39506443 ], [ 17.3242991, 48.39509211 ], [ 17.32421443, 48.39517647 ], [ 17.32409046, 48.39529349 ], [ 17.32404284, 48.39532462 ], [ 17.32392075, 48.39540047 ], [ 17.32382812, 48.39546524 ], [ 17.32374023, 48.39552824 ], [ 17.32366422, 48.39558064 ], [ 17.32353819, 48.39566843 ], [ 17.32344555, 48.39573329 ], [ 17.32318676, 48.39590482 ], [ 17.32304768, 48.39599374 ], [ 17.32293315, 48.3960662 ], [ 17.32278981, 48.39615909 ], [ 17.32272086, 48.39620409 ], [ 17.32266278, 48.39624357 ], [ 17.3226048, 48.39627311 ], [ 17.32254987, 48.39630041 ], [ 17.32245754, 48.39634387 ], [ 17.322382, 48.3963803 ], [ 17.3223474, 48.39640135 ], [ 17.32227505, 48.39643085 ], [ 17.32212985, 48.39649316 ], [ 17.32203457, 48.39653643 ], [ 17.32198804, 48.39656103 ], [ 17.32188175, 48.39661632 ], [ 17.32179855, 48.39666137 ], [ 17.32174079, 48.39668849 ], [ 17.3216714, 48.39671728 ], [ 17.32152473, 48.39676567 ], [ 17.32146749, 48.39678478 ], [ 17.32133759, 48.39682532 ], [ 17.32128924, 48.39684302 ], [ 17.32125314, 48.39685403 ], [ 17.32120179, 48.39686729 ], [ 17.32113286, 48.39688373 ], [ 17.32106278, 48.39690244 ], [ 17.32100765, 48.39691735 ], [ 17.32093892, 48.39693615 ], [ 17.32090323, 48.39694529 ], [ 17.32086441, 48.39695178 ], [ 17.32082606, 48.39695875 ], [ 17.32077687, 48.39696745 ], [ 17.32072736, 48.39697278 ], [ 17.32068478, 48.39697993 ], [ 17.32062611, 48.39698945 ], [ 17.32055971, 48.39699792 ], [ 17.32052266, 48.39700164 ], [ 17.32048136, 48.39700471 ], [ 17.32043207, 48.39700952 ], [ 17.32040146, 48.39701275 ], [ 17.32035263, 48.39701903 ], [ 17.32028105, 48.39702861 ], [ 17.3202197, 48.39703696 ], [ 17.32013944, 48.39704652 ], [ 17.32008475, 48.39705386 ], [ 17.32002496, 48.39706087 ], [ 17.31995878, 48.39706791 ], [ 17.31989615, 48.39707573 ], [ 17.31980589, 48.39708498 ], [ 17.31973801, 48.39709435 ], [ 17.31967377, 48.39710297 ], [ 17.31963549, 48.39710949 ], [ 17.31958629, 48.39711819 ], [ 17.31949606, 48.39713829 ], [ 17.31926274, 48.39719545 ], [ 17.31909549, 48.39723255 ], [ 17.31897704, 48.39725902 ], [ 17.31885918, 48.39728607 ], [ 17.31878604, 48.39729699 ], [ 17.31875591, 48.39730161 ], [ 17.31869917, 48.39731271 ], [ 17.31866063, 48.39731732 ], [ 17.31859936, 48.39732513 ], [ 17.31850513, 48.39733277 ], [ 17.31848536, 48.39733527 ], [ 17.31844777, 48.39733804 ], [ 17.31841253, 48.39733952 ], [ 17.31836507, 48.3973402 ], [ 17.31820069, 48.39734233 ], [ 17.31805714, 48.39734492 ], [ 17.31790502, 48.39734858 ], [ 17.31780604, 48.39735166 ], [ 17.31764321, 48.39735705 ], [ 17.31744011, 48.39736043 ], [ 17.31736676, 48.39736275 ], [ 17.31735089, 48.39736361 ], [ 17.31732252, 48.39737648 ], [ 17.31727173, 48.397396 ], [ 17.31717294, 48.39743904 ], [ 17.31713647, 48.39745806 ], [ 17.31710457, 48.39747549 ], [ 17.31704498, 48.39750582 ], [ 17.31693071, 48.39756637 ], [ 17.31688049, 48.39759117 ], [ 17.31686033, 48.39760178 ], [ 17.31684708, 48.39760877 ], [ 17.31681457, 48.39762579 ], [ 17.31677587, 48.39764521 ], [ 17.31672207, 48.39767493 ], [ 17.3166814, 48.39769847 ], [ 17.31664376, 48.39772076 ], [ 17.31660532, 48.39774299 ], [ 17.31643358, 48.39783971 ], [ 17.3163379, 48.39789108 ], [ 17.31620668, 48.39796524 ], [ 17.31606816, 48.3980447 ], [ 17.31598332, 48.39809525 ], [ 17.31579608, 48.39820956 ], [ 17.31573375, 48.3982483 ], [ 17.31557674, 48.39834173 ], [ 17.31543309, 48.39843658 ], [ 17.31531111, 48.39851614 ], [ 17.3152873, 48.3985321 ], [ 17.31517567, 48.39862336 ], [ 17.3150565, 48.39871783 ], [ 17.31497653, 48.3987987 ], [ 17.31490148, 48.39887474 ], [ 17.31482968, 48.39894901 ], [ 17.31477694, 48.39900546 ], [ 17.31473077, 48.39903677 ], [ 17.3146744, 48.39907924 ], [ 17.3145875, 48.39913914 ], [ 17.31449219, 48.39920717 ], [ 17.31444711, 48.39924035 ], [ 17.31443097, 48.39925312 ], [ 17.31441988, 48.39926477 ], [ 17.31441573, 48.39925609 ], [ 17.31440845, 48.39924116 ], [ 17.3143981, 48.39922855 ], [ 17.31438301, 48.39920948 ], [ 17.31437514, 48.39919848 ], [ 17.31434643, 48.39916144 ], [ 17.31430404, 48.39910959 ], [ 17.31425892, 48.39905141 ], [ 17.31422053, 48.3990046 ], [ 17.31420075, 48.39898053 ], [ 17.31413846, 48.3989036 ], [ 17.31408837, 48.39884509 ], [ 17.31406435, 48.39881396 ], [ 17.31399744, 48.39872968 ], [ 17.31397902, 48.39870841 ], [ 17.31395558, 48.39867795 ], [ 17.31394418, 48.39866328 ], [ 17.31402639, 48.39860118 ], [ 17.31410545, 48.39854112 ], [ 17.31417844, 48.39848357 ], [ 17.3142984, 48.39839385 ], [ 17.31438407, 48.39832763 ], [ 17.31444667, 48.39827698 ], [ 17.31447845, 48.39825575 ], [ 17.31450937, 48.39823112 ], [ 17.31456231, 48.39818797 ], [ 17.31462805, 48.39813997 ], [ 17.3146533, 48.39811976 ], [ 17.31467733, 48.39810227 ], [ 17.31473157, 48.39804582 ], [ 17.31477487, 48.39799445 ], [ 17.3148187, 48.39794591 ], [ 17.31486344, 48.39789029 ], [ 17.31490485, 48.39784258 ], [ 17.31492757, 48.39780458 ], [ 17.31494478, 48.39778095 ], [ 17.31497093, 48.39771986 ], [ 17.31502445, 48.39761963 ], [ 17.31504687, 48.39756544 ], [ 17.31507052, 48.39753129 ], [ 17.31509987, 48.39748704 ], [ 17.31511775, 48.39746346 ], [ 17.31513079, 48.39743865 ], [ 17.31515644, 48.39741937 ], [ 17.31518968, 48.39740293 ], [ 17.31523922, 48.39737176 ], [ 17.31524655, 48.39736718 ], [ 17.31526074, 48.39735383 ], [ 17.31526678, 48.39729377 ], [ 17.31524282, 48.39723752 ], [ 17.31523455, 48.39720174 ], [ 17.31522634, 48.39718023 ], [ 17.31521947, 48.39716794 ], [ 17.31514492, 48.39707213 ], [ 17.31512641, 48.3970523 ], [ 17.31506158, 48.39702093 ], [ 17.31502833, 48.39700356 ], [ 17.31495122, 48.39696895 ], [ 17.31491721, 48.39695668 ], [ 17.31488994, 48.39695209 ], [ 17.31481381, 48.39693471 ], [ 17.3147264, 48.39691559 ], [ 17.31464521, 48.39689842 ], [ 17.31461346, 48.39689109 ], [ 17.31456125, 48.39687618 ], [ 17.3144722, 48.39684891 ], [ 17.31442012, 48.39683311 ], [ 17.31432408, 48.39680538 ], [ 17.314196, 48.3967704 ], [ 17.31407216, 48.39672702 ], [ 17.31400708, 48.39670277 ], [ 17.31393662, 48.39667094 ], [ 17.31367828, 48.39654977 ], [ 17.31362947, 48.39652659 ], [ 17.3135501, 48.39648712 ], [ 17.31351248, 48.39647083 ], [ 17.31332401, 48.39640937 ], [ 17.31315351, 48.39635208 ], [ 17.313076, 48.39632936 ], [ 17.31303298, 48.3963156 ], [ 17.3130024, 48.39630401 ], [ 17.31293921, 48.39625702 ], [ 17.31291213, 48.39624196 ], [ 17.31275059, 48.39619655 ], [ 17.31253064, 48.39613501 ], [ 17.31239308, 48.39609263 ], [ 17.31225299, 48.39604348 ], [ 17.31221564, 48.39602909 ], [ 17.31216122, 48.39600527 ], [ 17.31210807, 48.39598208 ], [ 17.31205082, 48.39596829 ], [ 17.31198463, 48.39595065 ], [ 17.31190623, 48.39592932 ], [ 17.3118444, 48.39591622 ], [ 17.3117842, 48.39588841 ], [ 17.31172759, 48.39586472 ], [ 17.31169979, 48.39584906 ], [ 17.31166275, 48.39583804 ], [ 17.31157634, 48.39581763 ], [ 17.31148599, 48.39579461 ], [ 17.31134421, 48.39576053 ], [ 17.31126145, 48.39573937 ], [ 17.3112207, 48.39572955 ], [ 17.31118875, 48.39572266 ], [ 17.3111231, 48.39569313 ], [ 17.31105169, 48.39566223 ], [ 17.31094861, 48.39561886 ], [ 17.31088016, 48.39558815 ], [ 17.3107522, 48.3955341 ], [ 17.31067959, 48.39550213 ], [ 17.31063625, 48.39548599 ], [ 17.31059885, 48.39547739 ], [ 17.31052552, 48.39546489 ], [ 17.31048276, 48.39545403 ], [ 17.3103534, 48.39539935 ], [ 17.31033784, 48.39539354 ], [ 17.31023014, 48.39537128 ], [ 17.31019955, 48.39536068 ], [ 17.31013328, 48.39532442 ], [ 17.31006216, 48.39528785 ], [ 17.31002262, 48.3952791 ], [ 17.30999006, 48.39527172 ], [ 17.30991967, 48.39524947 ], [ 17.30982016, 48.39520578 ], [ 17.3097435, 48.39518746 ], [ 17.30965742, 48.39516942 ], [ 17.30957612, 48.39515215 ], [ 17.30954768, 48.39514169 ], [ 17.30952256, 48.39512721 ], [ 17.30945479, 48.39509184 ], [ 17.30938711, 48.39505595 ], [ 17.30934857, 48.39503579 ], [ 17.30929155, 48.39501496 ], [ 17.30921315, 48.39499363 ], [ 17.30912158, 48.3949642 ], [ 17.30904053, 48.3949361 ], [ 17.30902275, 48.39493059 ], [ 17.30897094, 48.39492312 ], [ 17.30892373, 48.39491749 ], [ 17.30888445, 48.39491246 ], [ 17.30880956, 48.39490139 ], [ 17.30875594, 48.39489597 ], [ 17.30873412, 48.39489309 ], [ 17.30867442, 48.39487109 ], [ 17.3085931, 48.39484478 ], [ 17.30850722, 48.39481627 ], [ 17.30846958, 48.39480475 ], [ 17.30830541, 48.39477254 ], [ 17.30819126, 48.39475076 ], [ 17.30806118, 48.39472937 ], [ 17.30801873, 48.39472829 ], [ 17.30794288, 48.39472638 ], [ 17.30789831, 48.3947277 ], [ 17.30788012, 48.39472686 ], [ 17.30787339, 48.39472651 ], [ 17.30784611, 48.39472191 ], [ 17.30776982, 48.39471021 ], [ 17.30768435, 48.39469365 ], [ 17.30759563, 48.39467878 ], [ 17.3074647, 48.394654 ], [ 17.30738755, 48.39463799 ], [ 17.30736318, 48.39463394 ], [ 17.30728618, 48.39459318 ], [ 17.30720533, 48.39455461 ], [ 17.30713249, 48.39451412 ], [ 17.3070815, 48.39448827 ], [ 17.30703796, 48.39446615 ], [ 17.30690885, 48.39440986 ], [ 17.30678769, 48.39435941 ], [ 17.30677875, 48.39435566 ], [ 17.30669584, 48.39432635 ], [ 17.30658107, 48.39429413 ], [ 17.30653407, 48.39428164 ], [ 17.30647846, 48.39426687 ], [ 17.30636918, 48.39424061 ], [ 17.30627035, 48.39421161 ], [ 17.30614701, 48.39419419 ], [ 17.3060775, 48.39418528 ], [ 17.30585771, 48.39413287 ], [ 17.30560568, 48.39404254 ], [ 17.30555124, 48.39403544 ], [ 17.30520869, 48.39405682 ], [ 17.30515182, 48.39404865 ], [ 17.30477695, 48.39394853 ], [ 17.30473823, 48.39394336 ], [ 17.30437859, 48.39398116 ], [ 17.3038906, 48.39389718 ], [ 17.30376069, 48.39391764 ], [ 17.30352105, 48.39398438 ], [ 17.30344978, 48.39402578 ], [ 17.30342855, 48.39403803 ], [ 17.30323093, 48.39403469 ], [ 17.30319017, 48.39402496 ], [ 17.30276049, 48.39383248 ], [ 17.30234959, 48.39372646 ], [ 17.30182511, 48.39345218 ], [ 17.30103587, 48.39302086 ], [ 17.30093021, 48.39294106 ], [ 17.30076339, 48.39285543 ], [ 17.30064735, 48.39274676 ], [ 17.3004724, 48.39271599 ], [ 17.3003633, 48.39266751 ], [ 17.30023645, 48.39265916 ], [ 17.29999805, 48.39256304 ], [ 17.2998071, 48.39251847 ], [ 17.29967425, 48.39254136 ], [ 17.29949371, 48.39249432 ], [ 17.29871873, 48.39268829 ], [ 17.29865193, 48.39265841 ], [ 17.298531, 48.39256531 ], [ 17.29832393, 48.39250957 ], [ 17.29824637, 48.39249913 ], [ 17.29819437, 48.39251947 ], [ 17.29815438, 48.3925932 ], [ 17.29805231, 48.39259615 ], [ 17.29729269, 48.39268665 ], [ 17.29723214, 48.39271249 ], [ 17.29675045, 48.39307415 ], [ 17.29655864, 48.39312126 ], [ 17.29650212, 48.39330632 ], [ 17.29637629, 48.39342446 ], [ 17.29626921, 48.39343277 ], [ 17.29604625, 48.39345017 ], [ 17.29578779, 48.39340332 ], [ 17.29562972, 48.39345346 ], [ 17.29562269, 48.39353641 ], [ 17.29542609, 48.39361483 ], [ 17.29527564, 48.39361459 ], [ 17.29514875, 48.39366858 ], [ 17.29490233, 48.393727 ], [ 17.29476718, 48.39383657 ], [ 17.29468067, 48.39385898 ], [ 17.29428497, 48.39382062 ], [ 17.2940606, 48.39383657 ], [ 17.29397858, 48.3938909 ], [ 17.29399582, 48.39394382 ], [ 17.29391811, 48.39402301 ], [ 17.29368074, 48.39409169 ], [ 17.29359599, 48.39409316 ], [ 17.29337985, 48.39416143 ], [ 17.29317913, 48.3943388 ], [ 17.29312551, 48.39453987 ], [ 17.29277708, 48.39447561 ], [ 17.29265236, 48.39448844 ], [ 17.29250498, 48.39460083 ], [ 17.29225247, 48.39462901 ], [ 17.2921594, 48.39479323 ], [ 17.29207193, 48.39485768 ], [ 17.29201254, 48.39494595 ], [ 17.29200238, 48.3951385 ], [ 17.29197305, 48.39517606 ], [ 17.29143794, 48.39541742 ], [ 17.29129832, 48.39554875 ], [ 17.29099939, 48.39570293 ], [ 17.29076277, 48.39585506 ], [ 17.29071829, 48.39589686 ], [ 17.2907647, 48.39600186 ], [ 17.29081479, 48.39606481 ], [ 17.29080783, 48.39609427 ], [ 17.29067309, 48.3962092 ], [ 17.29058875, 48.39635031 ], [ 17.29050742, 48.39645376 ], [ 17.29037961, 48.39651384 ], [ 17.2898553, 48.3966997 ], [ 17.28957812, 48.39683253 ], [ 17.28944648, 48.3969266 ], [ 17.28910049, 48.39700646 ], [ 17.28896366, 48.39706513 ], [ 17.28873289, 48.39727557 ], [ 17.2886645, 48.39738963 ], [ 17.28870979, 48.3974848 ], [ 17.28831127, 48.39758848 ], [ 17.28822387, 48.39764417 ], [ 17.28817974, 48.39777212 ], [ 17.28800584, 48.39790209 ], [ 17.28782265, 48.39797957 ], [ 17.28744597, 48.3981672 ], [ 17.28716823, 48.39836579 ], [ 17.28711687, 48.39838264 ], [ 17.28705945, 48.39839549 ], [ 17.28683725, 48.39839755 ], [ 17.28676193, 48.39840668 ], [ 17.28654378, 48.39847924 ], [ 17.28628412, 48.39859993 ], [ 17.28593967, 48.39885557 ], [ 17.28584601, 48.39904089 ], [ 17.28578108, 48.39922015 ], [ 17.28578504, 48.39937143 ], [ 17.28573998, 48.39940795 ], [ 17.28558777, 48.39948051 ], [ 17.28509702, 48.39983187 ], [ 17.28506013, 48.39983992 ], [ 17.28488781, 48.39982684 ], [ 17.28444631, 48.39981968 ], [ 17.28409249, 48.39989909 ], [ 17.28397814, 48.3999662 ], [ 17.28389533, 48.40009684 ], [ 17.28374728, 48.40016877 ], [ 17.28345169, 48.40021072 ], [ 17.28341702, 48.40023121 ], [ 17.28340885, 48.40025878 ], [ 17.28339971, 48.40047164 ], [ 17.28327392, 48.40074874 ], [ 17.28316418, 48.40089161 ], [ 17.28314723, 48.40112501 ], [ 17.28314114, 48.40118507 ], [ 17.28300718, 48.40132562 ], [ 17.28248845, 48.40156279 ], [ 17.28233471, 48.40158445 ], [ 17.28219533, 48.40167837 ], [ 17.28199407, 48.4017439 ], [ 17.28063117, 48.40232102 ], [ 17.28053515, 48.40238436 ], [ 17.28031797, 48.40243374 ], [ 17.28019959, 48.40238652 ], [ 17.28012308, 48.40237994 ], [ 17.2796654, 48.40236455 ], [ 17.27927423, 48.40253692 ], [ 17.27902442, 48.40263322 ], [ 17.27890645, 48.40266258 ], [ 17.27867034, 48.40269959 ], [ 17.27843631, 48.40275635 ], [ 17.27785372, 48.40272123 ], [ 17.2775292, 48.402899 ], [ 17.2773407, 48.4029818 ], [ 17.27724801, 48.40296258 ], [ 17.27718282, 48.40293641 ], [ 17.27702641, 48.40290303 ], [ 17.27687398, 48.40296419 ], [ 17.27680117, 48.40307759 ], [ 17.27658982, 48.40320263 ], [ 17.27652249, 48.40331205 ], [ 17.27616348, 48.40356643 ], [ 17.27579293, 48.40372145 ], [ 17.27558851, 48.40372331 ], [ 17.2754792, 48.40378288 ], [ 17.27542865, 48.40384524 ], [ 17.27507481, 48.40401013 ], [ 17.27493672, 48.40403056 ], [ 17.27478308, 48.40423279 ], [ 17.27458939, 48.404405 ], [ 17.27430944, 48.40450481 ], [ 17.27423699, 48.40456021 ], [ 17.27413708, 48.40481082 ], [ 17.27396398, 48.404956 ], [ 17.27376133, 48.40505351 ], [ 17.27334819, 48.40550602 ], [ 17.27294253, 48.40574348 ], [ 17.27266144, 48.4059438 ], [ 17.27205002, 48.40631317 ], [ 17.27190409, 48.4063169 ], [ 17.27167393, 48.40631109 ], [ 17.27163531, 48.40631613 ], [ 17.27156284, 48.40637163 ], [ 17.27143402, 48.40648458 ], [ 17.27121138, 48.40656404 ], [ 17.27117101, 48.40656164 ], [ 17.27106272, 48.4065478 ], [ 17.27052004, 48.40643955 ], [ 17.27043615, 48.40648327 ], [ 17.27022286, 48.40652276 ], [ 17.26989722, 48.40673405 ], [ 17.26968195, 48.40673311 ], [ 17.26937313, 48.40661944 ], [ 17.26913072, 48.40667942 ], [ 17.26900824, 48.40667241 ], [ 17.26885773, 48.40672048 ], [ 17.26846337, 48.40676997 ], [ 17.26789678, 48.40667179 ], [ 17.26784755, 48.40666519 ], [ 17.2675927, 48.40665657 ], [ 17.26750189, 48.40671302 ], [ 17.26726188, 48.40677596 ], [ 17.26720105, 48.40675332 ], [ 17.26684086, 48.40671749 ], [ 17.26666467, 48.40664014 ], [ 17.26660646, 48.40657719 ], [ 17.26645194, 48.4065648 ], [ 17.2662863, 48.40660419 ], [ 17.26579269, 48.40646274 ], [ 17.26551482, 48.40624446 ], [ 17.26550966, 48.40621348 ], [ 17.26552468, 48.40615645 ], [ 17.26560352, 48.40598101 ], [ 17.2657774, 48.40588631 ], [ 17.26574982, 48.40573998 ], [ 17.26552829, 48.40537061 ], [ 17.26539445, 48.40528512 ], [ 17.26496466, 48.40513081 ], [ 17.26486476, 48.40504982 ], [ 17.26468371, 48.40505972 ], [ 17.26428034, 48.40487208 ], [ 17.26406843, 48.40480222 ], [ 17.26358903, 48.40494683 ], [ 17.26338631, 48.40510198 ], [ 17.2630961, 48.40512661 ], [ 17.26294105, 48.40518423 ], [ 17.2626491, 48.40520866 ], [ 17.26252746, 48.40515244 ], [ 17.26142446, 48.40520537 ], [ 17.26108698, 48.405082 ], [ 17.26070017, 48.40503815 ], [ 17.26055412, 48.4049354 ], [ 17.26020564, 48.40497479 ], [ 17.25994336, 48.40491144 ], [ 17.25989121, 48.40492986 ], [ 17.25965298, 48.40514726 ], [ 17.25958859, 48.40517039 ], [ 17.25950829, 48.40516724 ], [ 17.25895501, 48.40510107 ], [ 17.25890027, 48.40511498 ], [ 17.25884793, 48.40515644 ], [ 17.25852508, 48.40478143 ], [ 17.25846241, 48.40462843 ], [ 17.25822043, 48.40450912 ], [ 17.25745514, 48.40439845 ], [ 17.25701245, 48.4042916 ], [ 17.25689841, 48.4043127 ], [ 17.25680164, 48.40428352 ], [ 17.25675291, 48.4042981 ], [ 17.25669933, 48.40431516 ], [ 17.25726029, 48.40472347 ], [ 17.25761867, 48.40500494 ], [ 17.25819522, 48.40557072 ], [ 17.2585335, 48.40577422 ], [ 17.25843695, 48.4060536 ], [ 17.25809497, 48.40634584 ], [ 17.25790483, 48.40650651 ], [ 17.25773441, 48.4065997 ], [ 17.25756048, 48.40687459 ], [ 17.25718953, 48.40698623 ], [ 17.25700497, 48.40713046 ], [ 17.25652007, 48.40736425 ], [ 17.25622099, 48.40764721 ], [ 17.25576739, 48.40800046 ], [ 17.25566957, 48.40816914 ], [ 17.25541621, 48.40827591 ], [ 17.25482067, 48.40838243 ], [ 17.25450395, 48.40851799 ], [ 17.25425634, 48.40858538 ], [ 17.25382312, 48.40867662 ], [ 17.2536951, 48.40870122 ], [ 17.25338458, 48.40882074 ], [ 17.25274055, 48.40892377 ], [ 17.25236376, 48.40908698 ], [ 17.25211336, 48.40919747 ], [ 17.251892, 48.40933979 ], [ 17.25172535, 48.40948302 ], [ 17.2517332, 48.40954762 ], [ 17.25173436, 48.40959072 ], [ 17.25173846, 48.40962054 ], [ 17.25199164, 48.4098957 ], [ 17.25215446, 48.41002885 ], [ 17.25233597, 48.41012592 ], [ 17.25249338, 48.41027715 ], [ 17.25254126, 48.41049632 ], [ 17.25251941, 48.41071612 ], [ 17.25176892, 48.41086551 ], [ 17.251317, 48.41095641 ], [ 17.25124074, 48.41100161 ], [ 17.25113075, 48.41116712 ], [ 17.25098566, 48.41134034 ], [ 17.25089982, 48.41152779 ], [ 17.25098284, 48.41174251 ], [ 17.25092215, 48.41192693 ], [ 17.25074501, 48.41208483 ], [ 17.25055255, 48.41217629 ], [ 17.25037589, 48.4124781 ], [ 17.25012727, 48.41268459 ], [ 17.25019229, 48.41276003 ], [ 17.25032584, 48.4128729 ], [ 17.25056449, 48.41297737 ], [ 17.25075575, 48.41308285 ], [ 17.25087393, 48.41329313 ], [ 17.25064582, 48.41355945 ], [ 17.2505088, 48.4138685 ], [ 17.25061348, 48.41395289 ], [ 17.25075689, 48.41407247 ], [ 17.25097047, 48.4143375 ], [ 17.25103393, 48.41441156 ], [ 17.25114423, 48.41448376 ], [ 17.25141638, 48.41456767 ], [ 17.25224519, 48.41461317 ], [ 17.25309929, 48.41454664 ], [ 17.25364267, 48.41464344 ], [ 17.25404797, 48.41452766 ], [ 17.25472062, 48.41433171 ], [ 17.25507485, 48.41464861 ], [ 17.25562077, 48.41490473 ], [ 17.25640093, 48.41484783 ], [ 17.25679388, 48.41492743 ], [ 17.25688058, 48.41496959 ], [ 17.25698553, 48.41516497 ], [ 17.25695413, 48.41540248 ], [ 17.25700181, 48.41554138 ], [ 17.25703136, 48.41568252 ], [ 17.2570322, 48.41579419 ], [ 17.25702569, 48.41605865 ], [ 17.25693144, 48.41692418 ], [ 17.25691911, 48.41713033 ], [ 17.25683802, 48.41730417 ], [ 17.25657121, 48.41745163 ], [ 17.2563893, 48.41771416 ], [ 17.25619104, 48.4181925 ], [ 17.25615061, 48.41835223 ], [ 17.25611662, 48.41839797 ], [ 17.25613621, 48.41849046 ], [ 17.25618324, 48.41851282 ], [ 17.25618993, 48.41853712 ], [ 17.25606203, 48.41868618 ], [ 17.25607028, 48.41894358 ], [ 17.25602743, 48.41905227 ], [ 17.256044, 48.41912042 ], [ 17.25598632, 48.41924114 ], [ 17.25601762, 48.41930702 ], [ 17.25588828, 48.41965743 ], [ 17.2556263, 48.41975885 ], [ 17.25557865, 48.4199087 ], [ 17.25520479, 48.42024907 ], [ 17.25506149, 48.42042938 ], [ 17.25494138, 48.42055175 ], [ 17.25500945, 48.42076132 ], [ 17.25493508, 48.42081379 ], [ 17.25493202, 48.42093514 ], [ 17.25494736, 48.42105419 ], [ 17.25480634, 48.42129284 ], [ 17.25485748, 48.42131494 ], [ 17.25493297, 48.42134768 ], [ 17.2550122, 48.42139721 ], [ 17.25503691, 48.42142903 ], [ 17.25509694, 48.42151705 ], [ 17.25513861, 48.42160983 ], [ 17.25537564, 48.42178006 ], [ 17.25546929, 48.4218394 ], [ 17.25555886, 48.42191329 ], [ 17.25560164, 48.42196231 ], [ 17.25567017, 48.42199712 ], [ 17.2558915, 48.42206518 ], [ 17.25597481, 48.42210016 ], [ 17.25613012, 48.42217479 ], [ 17.25626745, 48.42224443 ], [ 17.25646385, 48.42228309 ], [ 17.25666426, 48.42231217 ], [ 17.2568409, 48.42241134 ], [ 17.25698124, 48.42235719 ], [ 17.25748225, 48.42235094 ], [ 17.25756732, 48.42245869 ], [ 17.25782953, 48.42250307 ], [ 17.25810204, 48.42242132 ], [ 17.25817528, 48.42241731 ], [ 17.25830667, 48.42242853 ], [ 17.25850324, 48.42246242 ], [ 17.25859707, 48.42250966 ], [ 17.25865471, 48.42254917 ], [ 17.25869072, 48.42256899 ], [ 17.25874154, 48.4225842 ], [ 17.25892133, 48.42255958 ], [ 17.25901634, 48.42256071 ], [ 17.25924805, 48.42265575 ], [ 17.2593573, 48.42267157 ], [ 17.25956046, 48.42268681 ], [ 17.25964062, 48.42264648 ], [ 17.25980614, 48.42258458 ], [ 17.26008356, 48.42256904 ], [ 17.26030292, 48.42261672 ], [ 17.26064706, 48.42241798 ], [ 17.26096438, 48.42239161 ], [ 17.26106452, 48.42245661 ], [ 17.26134911, 48.42261398 ], [ 17.26152271, 48.42268357 ], [ 17.26170249, 48.4227308 ], [ 17.2616545, 48.42280851 ], [ 17.26133153, 48.42333113 ], [ 17.26123848, 48.42366424 ], [ 17.26125592, 48.4238748 ], [ 17.26116889, 48.42419674 ], [ 17.26105886, 48.42453353 ], [ 17.26074331, 48.42510543 ], [ 17.26071877, 48.42539617 ], [ 17.26034493, 48.42622197 ], [ 17.26035835, 48.42648676 ], [ 17.26005866, 48.42693138 ], [ 17.25984102, 48.42737853 ], [ 17.25961027, 48.42811438 ], [ 17.25946646, 48.4285863 ], [ 17.25945505, 48.42862359 ], [ 17.26198016, 48.42874929 ], [ 17.26313306, 48.42892503 ], [ 17.26396124, 48.42862786 ], [ 17.26503311, 48.42822912 ], [ 17.26634386, 48.42846261 ], [ 17.26718882, 48.42840042 ], [ 17.26777093, 48.4282378 ], [ 17.26906511, 48.42785959 ], [ 17.27097459, 48.42737452 ], [ 17.27335438, 48.42690149 ], [ 17.27552739, 48.42693911 ], [ 17.27696584, 48.42657532 ], [ 17.27781532, 48.42736566 ], [ 17.27919266, 48.42830632 ], [ 17.27929986, 48.42837792 ], [ 17.27930523, 48.4284194 ], [ 17.27943377, 48.42905245 ], [ 17.2794785, 48.42927275 ], [ 17.27960536, 48.42989792 ], [ 17.27968843, 48.43006779 ], [ 17.28007444, 48.43085682 ], [ 17.28021293, 48.4310129 ], [ 17.28024769, 48.43105216 ], [ 17.28073572, 48.43160589 ], [ 17.28080715, 48.43162506 ], [ 17.28297633, 48.43220678 ], [ 17.28359009, 48.43237142 ], [ 17.28366741, 48.43238845 ], [ 17.28524821, 48.43329409 ], [ 17.28641472, 48.43396517 ], [ 17.28833351, 48.43506058 ], [ 17.28973445, 48.43587812 ], [ 17.28982876, 48.43592518 ], [ 17.28990165, 48.43605514 ], [ 17.28993824, 48.43612045 ], [ 17.28997325, 48.43618277 ], [ 17.29069164, 48.43746412 ], [ 17.29118148, 48.43823047 ], [ 17.29362065, 48.43811707 ] ] ] ] } },
{ "type": "Feature", "properties": { "@featureType": "CadastralZoning", "beginLifespanVersion": { "@nilReason": "http://inspire.ec.europa.eu/codelist/VoidReasonValue/Unpopulated", "@nil": "true" }, "endLifespanVersion": { "@nilReason": "http://inspire.ec.europa.eu/codelist/VoidReasonValue/Unpopulated", "@nil": "true" }, "estimatedAccuracy": { "value": -1, "@uom": "m" }, "inspireId": { "@dataType": "Identifier", "localId": "846554", "namespace": "SK.ESKN.CP", "versionId": "20260703T04:07:40" }, "label": "Píla", "level": { "@href": "http://inspire.ec.europa.eu/codelist/CadastralZoningLevelValue/3rdOrder" }, "levelName": { "value": "Katastrálne územie", "@locale": "sk" }, "name": { "@dataType": "name", "GeographicalName": { "@dataType": "GeographicalName", "language": "SLK", "nativeness": { "@href": "http://inspire.ec.europa.eu/codelist/NativenessValue/endonym", "@title": "endonym" }, "nameStatus": { "@href": "http://inspire.ec.europa.eu/codelist/NameStatusValue/official", "@title": "official" }, "sourceOfName": { "@nilReason": "http://inspire.ec.europa.eu/codelist/VoidReasonValue/Unpopulated", "@nil": "true" }, "pronunciation": { "@dataType": "pronunciation", "@nilReason": "http://inspire.ec.europa.eu/codelist/VoidReasonValue/Unpopulated", "@nil": "true" }, "spelling": { "@dataType": "SpellingOfName", "text": "Píla", "script": "LATN" } } }, "nationalCadastalZoningReference": "846554", "validFrom": "2026-06-30T16:00:00Z", "validTo": { "@nilReason": "http://inspire.ec.europa.eu/codelist/VoidReasonValue/Unpopulated", "@nil": "true" } }, "geometry": { "type": "MultiPolygon", "coordinates": [ [ [ [ 17.31443097, 48.39925312 ], [ 17.31444711, 48.39924035 ], [ 17.31449219, 48.39920717 ], [ 17.3145875, 48.39913914 ], [ 17.3146744, 48.39907924 ], [ 17.31473077, 48.39903677 ], [ 17.31477694, 48.39900546 ], [ 17.31482968, 48.39894901 ], [ 17.31490148, 48.39887474 ], [ 17.31497653, 48.3987987 ], [ 17.3150565, 48.39871783 ], [ 17.31517567, 48.39862336 ], [ 17.3152873, 48.3985321 ], [ 17.31531111, 48.39851614 ], [ 17.31543309, 48.39843658 ], [ 17.31557674, 48.39834173 ], [ 17.31573375, 48.3982483 ], [ 17.31579608, 48.39820956 ], [ 17.31598332, 48.39809525 ], [ 17.31606816, 48.3980447 ], [ 17.31620668, 48.39796524 ], [ 17.3163379, 48.39789108 ], [ 17.31643358, 48.39783971 ], [ 17.31660532, 48.39774299 ], [ 17.31664376, 48.39772076 ], [ 17.3166814, 48.39769847 ], [ 17.31672207, 48.39767493 ], [ 17.31677587, 48.39764521 ], [ 17.31681457, 48.39762579 ], [ 17.31684708, 48.39760877 ], [ 17.31686033, 48.39760178 ], [ 17.31688049, 48.39759117 ], [ 17.31693071, 48.39756637 ], [ 17.31704498, 48.39750582 ], [ 17.31710457, 48.39747549 ], [ 17.31713647, 48.39745806 ], [ 17.31717294, 48.39743904 ], [ 17.31727173, 48.397396 ], [ 17.31732252, 48.39737648 ], [ 17.31735089, 48.39736361 ], [ 17.31736676, 48.39736275 ], [ 17.31744011, 48.39736043 ], [ 17.31764321, 48.39735705 ], [ 17.31780604, 48.39735166 ], [ 17.31790502, 48.39734858 ], [ 17.31805714, 48.39734492 ], [ 17.31820069, 48.39734233 ], [ 17.31836507, 48.3973402 ], [ 17.31841253, 48.39733952 ], [ 17.31844777, 48.39733804 ], [ 17.31848536, 48.39733527 ], [ 17.31850513, 48.39733277 ], [ 17.31859936, 48.39732513 ], [ 17.31866063, 48.39731732 ], [ 17.31869917, 48.39731271 ], [ 17.31875591, 48.39730161 ], [ 17.31878604, 48.39729699 ], [ 17.31885918, 48.39728607 ], [ 17.31897704, 48.39725902 ], [ 17.31909549, 48.39723255 ], [ 17.31926274, 48.39719545 ], [ 17.31949606, 48.39713829 ], [ 17.31958629, 48.39711819 ], [ 17.31963549, 48.39710949 ], [ 17.31967377, 48.39710297 ], [ 17.31973801, 48.39709435 ], [ 17.31980589, 48.39708498 ], [ 17.31989615, 48.39707573 ], [ 17.31995878, 48.39706791 ], [ 17.32002496, 48.39706087 ], [ 17.32008475, 48.39705386 ], [ 17.32013944, 48.39704652 ], [ 17.3202197, 48.39703696 ], [ 17.32028105, 48.39702861 ], [ 17.32035263, 48.39701903 ], [ 17.32040146, 48.39701275 ], [ 17.32043207, 48.39700952 ], [ 17.32048136, 48.39700471 ], [ 17.32052266, 48.39700164 ], [ 17.32055971, 48.39699792 ], [ 17.32062611, 48.39698945 ], [ 17.32068478, 48.39697993 ], [ 17.32072736, 48.39697278 ], [ 17.32077687, 48.39696745 ], [ 17.32082606, 48.39695875 ], [ 17.32086441, 48.39695178 ], [ 17.32090323, 48.39694529 ], [ 17.32093892, 48.39693615 ], [ 17.32100765, 48.39691735 ], [ 17.32106278, 48.39690244 ], [ 17.32113286, 48.39688373 ], [ 17.32120179, 48.39686729 ], [ 17.32125314, 48.39685403 ], [ 17.32128924, 48.39684302 ], [ 17.32133759, 48.39682532 ], [ 17.32146749, 48.39678478 ], [ 17.32152473, 48.39676567 ], [ 17.3216714, 48.39671728 ], [ 17.32174079, 48.39668849 ], [ 17.32179855, 48.39666137 ], [ 17.32188175, 48.39661632 ], [ 17.32198804, 48.39656103 ], [ 17.32203457, 48.39653643 ], [ 17.32212985, 48.39649316 ], [ 17.32227505, 48.39643085 ], [ 17.3223474, 48.39640135 ], [ 17.322382, 48.3963803 ], [ 17.32245754, 48.39634387 ], [ 17.32254987, 48.39630041 ], [ 17.3226048, 48.39627311 ], [ 17.32266278, 48.39624357 ], [ 17.32272086, 48.39620409 ], [ 17.32278981, 48.39615909 ], [ 17.32293315, 48.3960662 ], [ 17.32304768, 48.39599374 ], [ 17.32318676, 48.39590482 ], [ 17.32344555, 48.39573329 ], [ 17.32353819, 48.39566843 ], [ 17.32366422, 48.39558064 ], [ 17.32374023, 48.39552824 ], [ 17.32382812, 48.39546524 ], [ 17.32392075, 48.39540047 ], [ 17.32404284, 48.39532462 ], [ 17.32409046, 48.39529349 ], [ 17.32421443, 48.39517647 ], [ 17.3242991, 48.39509211 ], [ 17.32432762, 48.39506443 ], [ 17.32435725, 48.39502833 ], [ 17.32440318, 48.39497468 ], [ 17.32445087, 48.39491834 ], [ 17.32449304, 48.39486535 ], [ 17.32455008, 48.39479445 ], [ 17.32458331, 48.39475325 ], [ 17.32463133, 48.39470932 ], [ 17.32467855, 48.39466624 ], [ 17.32472521, 48.39462692 ], [ 17.3247563, 48.39461947 ], [ 17.32482689, 48.39459266 ], [ 17.32489147, 48.39457168 ], [ 17.32496783, 48.39455907 ], [ 17.32505895, 48.39453839 ], [ 17.32511656, 48.39452599 ], [ 17.32523222, 48.39450367 ], [ 17.32522844, 48.39455854 ], [ 17.32521414, 48.39461671 ], [ 17.32520418, 48.39464551 ], [ 17.32519707, 48.39467885 ], [ 17.32520273, 48.39472775 ], [ 17.32521272, 48.39474006 ], [ 17.32525114, 48.39478758 ], [ 17.32528218, 48.39482911 ], [ 17.32552481, 48.39480978 ], [ 17.32562645, 48.39477127 ], [ 17.32569347, 48.39472 ], [ 17.32571135, 48.39469542 ], [ 17.3257369, 48.39466854 ], [ 17.3257678, 48.39463396 ], [ 17.32577862, 48.39462039 ], [ 17.32578878, 48.39460769 ], [ 17.32581686, 48.39457293 ], [ 17.32586114, 48.39456345 ], [ 17.3259008, 48.39455584 ], [ 17.3259371, 48.39454892 ], [ 17.32598455, 48.3945373 ], [ 17.32605087, 48.39456876 ], [ 17.32607079, 48.39457811 ], [ 17.32618799, 48.39463342 ], [ 17.32632779, 48.39469925 ], [ 17.32635662, 48.39467404 ], [ 17.32642194, 48.39461497 ], [ 17.32643518, 48.39460436 ], [ 17.32638642, 48.39456981 ], [ 17.32633804, 48.39452904 ], [ 17.32624311, 48.39445431 ], [ 17.32624166, 48.39445313 ], [ 17.32614699, 48.39437851 ], [ 17.32613151, 48.39436575 ], [ 17.3261055, 48.39434434 ], [ 17.32605785, 48.3943179 ], [ 17.32600143, 48.39428284 ], [ 17.32594665, 48.39424681 ], [ 17.32593184, 48.3942405 ], [ 17.32586381, 48.39421146 ], [ 17.32576228, 48.39416766 ], [ 17.32567435, 48.39412818 ], [ 17.32564062, 48.39411404 ], [ 17.32560154, 48.39409756 ], [ 17.32558263, 48.39406117 ], [ 17.32555063, 48.39400141 ], [ 17.32553073, 48.39396161 ], [ 17.32553253, 48.39394031 ], [ 17.32555176, 48.39392585 ], [ 17.32562578, 48.39386121 ], [ 17.3257044, 48.39378928 ], [ 17.3257344, 48.3937608 ], [ 17.32576365, 48.39373271 ], [ 17.32579017, 48.39371304 ], [ 17.32585509, 48.39366588 ], [ 17.32592303, 48.39361756 ], [ 17.3259756, 48.39359146 ], [ 17.32607109, 48.39354585 ], [ 17.32611295, 48.39352429 ], [ 17.32620053, 48.39347436 ], [ 17.32628924, 48.39342596 ], [ 17.3264612, 48.39339631 ], [ 17.32654788, 48.39337633 ], [ 17.32676452, 48.39331526 ], [ 17.32692479, 48.393272 ], [ 17.32709405, 48.39323033 ], [ 17.32721971, 48.39319908 ], [ 17.32733329, 48.39316695 ], [ 17.32740216, 48.39314626 ], [ 17.32750105, 48.39311614 ], [ 17.3275173, 48.39313194 ], [ 17.32753588, 48.39315222 ], [ 17.32755772, 48.39317887 ], [ 17.3276248, 48.39315562 ], [ 17.32775932, 48.39311212 ], [ 17.32778909, 48.39309708 ], [ 17.32788232, 48.39305024 ], [ 17.32802058, 48.39300075 ], [ 17.32819352, 48.3929397 ], [ 17.32824126, 48.39292241 ], [ 17.32827905, 48.39290817 ], [ 17.32837461, 48.39287215 ], [ 17.3286436, 48.39277177 ], [ 17.32866268, 48.39276479 ], [ 17.32874718, 48.39273383 ], [ 17.32882879, 48.39270493 ], [ 17.32884148, 48.39269989 ], [ 17.32897345, 48.3926479 ], [ 17.32908482, 48.39264997 ], [ 17.32914599, 48.39265109 ], [ 17.32916763, 48.39265151 ], [ 17.32918901, 48.39265192 ], [ 17.32924206, 48.39265287 ], [ 17.32925397, 48.39265311 ], [ 17.32928659, 48.3926463 ], [ 17.32937856, 48.39262721 ], [ 17.32941893, 48.39262028 ], [ 17.32946345, 48.3926147 ], [ 17.32951627, 48.39260524 ], [ 17.32955286, 48.39260005 ], [ 17.32958022, 48.39259949 ], [ 17.32963656, 48.3925956 ], [ 17.32968163, 48.39259087 ], [ 17.32977196, 48.3925902 ], [ 17.32978736, 48.39258976 ], [ 17.32986393, 48.39258764 ], [ 17.3299906, 48.39262116 ], [ 17.33000235, 48.39262428 ], [ 17.33014293, 48.39264163 ], [ 17.33026504, 48.39265822 ], [ 17.33034109, 48.392667 ], [ 17.33035492, 48.39266981 ], [ 17.33036889, 48.39267262 ], [ 17.33049108, 48.39271253 ], [ 17.33053645, 48.392725 ], [ 17.33063972, 48.39273321 ], [ 17.33070814, 48.39268248 ], [ 17.33079801, 48.3927088 ], [ 17.33092693, 48.39274635 ], [ 17.33102516, 48.39277945 ], [ 17.33110774, 48.39279724 ], [ 17.33113546, 48.39269143 ], [ 17.33111376, 48.39261148 ], [ 17.33108303, 48.39249903 ], [ 17.33110126, 48.39248216 ], [ 17.33122565, 48.39238232 ], [ 17.3312525, 48.3922732 ], [ 17.33129025, 48.39221612 ], [ 17.33132065, 48.39218486 ], [ 17.33137016, 48.39214364 ], [ 17.33140139, 48.39211777 ], [ 17.33142037, 48.39210049 ], [ 17.33144791, 48.3920647 ], [ 17.33148453, 48.39202625 ], [ 17.33149367, 48.39201673 ], [ 17.33158201, 48.39194688 ], [ 17.33161798, 48.39191743 ], [ 17.3316317, 48.39190631 ], [ 17.3315179, 48.39180415 ], [ 17.33144586, 48.39173427 ], [ 17.33154998, 48.39172293 ], [ 17.33174837, 48.39163102 ], [ 17.3318745, 48.39155615 ], [ 17.33191361, 48.39153296 ], [ 17.33196312, 48.39149265 ], [ 17.33205967, 48.39150404 ], [ 17.33210063, 48.3914197 ], [ 17.33216207, 48.39141713 ], [ 17.33242064, 48.39129256 ], [ 17.332701, 48.39125653 ], [ 17.3328871, 48.39139281 ], [ 17.33299413, 48.39136359 ], [ 17.33292395, 48.39130594 ], [ 17.3330082, 48.39118666 ], [ 17.33311508, 48.39103453 ], [ 17.33320994, 48.39089941 ], [ 17.33339457, 48.39081789 ], [ 17.33362121, 48.39061279 ], [ 17.33376605, 48.39048104 ], [ 17.33397185, 48.39029391 ], [ 17.33410069, 48.39019418 ], [ 17.33417147, 48.39013936 ], [ 17.33414485, 48.39006794 ], [ 17.3342505, 48.3899957 ], [ 17.33441259, 48.38988487 ], [ 17.33456623, 48.38977981 ], [ 17.3346509, 48.38971641 ], [ 17.33481689, 48.38957556 ], [ 17.33487496, 48.38955903 ], [ 17.33505684, 48.38946576 ], [ 17.33517418, 48.38948429 ], [ 17.33514824, 48.38941925 ], [ 17.33513677, 48.38939039 ], [ 17.33530207, 48.3892982 ], [ 17.33556593, 48.38918916 ], [ 17.33579522, 48.38923328 ], [ 17.3358384, 48.38923123 ], [ 17.33589744, 48.38922832 ], [ 17.33603425, 48.38920321 ], [ 17.3364448, 48.3891261 ], [ 17.33645325, 48.38908725 ], [ 17.33633243, 48.38887646 ], [ 17.33629742, 48.38881037 ], [ 17.33645352, 48.38878138 ], [ 17.33693957, 48.38872683 ], [ 17.33714142, 48.38872704 ], [ 17.33776664, 48.38863226 ], [ 17.33801767, 48.38856593 ], [ 17.33825573, 48.38848356 ], [ 17.33840177, 48.38840601 ], [ 17.33856285, 48.38831852 ], [ 17.33858866, 48.38831741 ], [ 17.33936125, 48.38828758 ], [ 17.3399813, 48.38835186 ], [ 17.34014082, 48.38833366 ], [ 17.34057126, 48.38805008 ], [ 17.34052834, 48.38799341 ], [ 17.34044851, 48.38788806 ], [ 17.34047468, 48.38774934 ], [ 17.34046349, 48.38773144 ], [ 17.34042105, 48.38766323 ], [ 17.3404297, 48.38763587 ], [ 17.34046107, 48.38753735 ], [ 17.34050409, 48.38751152 ], [ 17.34051691, 48.38746329 ], [ 17.34065239, 48.38744984 ], [ 17.34081509, 48.38731455 ], [ 17.34093495, 48.38721486 ], [ 17.340945, 48.38720649 ], [ 17.34100471, 48.38715681 ], [ 17.34107965, 48.38711969 ], [ 17.34109253, 48.38711331 ], [ 17.34112766, 48.38709591 ], [ 17.34126866, 48.38695043 ], [ 17.34141395, 48.38688982 ], [ 17.34141914, 48.38685284 ], [ 17.3414536, 48.3866092 ], [ 17.3416195, 48.38653494 ], [ 17.34181707, 48.3865007 ], [ 17.34241975, 48.38629545 ], [ 17.34262314, 48.38612613 ], [ 17.34282934, 48.38593775 ], [ 17.34286535, 48.38587116 ], [ 17.34293764, 48.38582438 ], [ 17.34313644, 48.38580568 ], [ 17.34316656, 48.38579834 ], [ 17.34314629, 48.38575273 ], [ 17.34300273, 48.38542741 ], [ 17.34297871, 48.38536764 ], [ 17.34297466, 48.38535744 ], [ 17.34296108, 48.38532347 ], [ 17.3426801, 48.3853162 ], [ 17.34240448, 48.38533611 ], [ 17.34220401, 48.38536518 ], [ 17.34219923, 48.3853599 ], [ 17.34220743, 48.38533559 ], [ 17.34206682, 48.38542515 ], [ 17.34169369, 48.38552751 ], [ 17.34102196, 48.38564356 ], [ 17.34076024, 48.3856961 ], [ 17.3398676, 48.38599812 ], [ 17.33966946, 48.38605183 ], [ 17.33940611, 48.38614845 ], [ 17.33890729, 48.38630808 ], [ 17.33839007, 48.38654088 ], [ 17.33820964, 48.38661889 ], [ 17.33787109, 48.38682046 ], [ 17.3373954, 48.38696488 ], [ 17.33717356, 48.3870155 ], [ 17.33670504, 48.38711964 ], [ 17.33640085, 48.38719685 ], [ 17.33607984, 48.38730441 ], [ 17.33600583, 48.38734348 ], [ 17.33579888, 48.3874099 ], [ 17.33489635, 48.38765629 ], [ 17.33467303, 48.38774169 ], [ 17.3345175, 48.38782738 ], [ 17.33429253, 48.38791936 ], [ 17.33424415, 48.38795117 ], [ 17.33413852, 48.38800858 ], [ 17.33407259, 48.38804439 ], [ 17.33401451, 48.3880582 ], [ 17.33336995, 48.38821133 ], [ 17.33299778, 48.38818387 ], [ 17.33256132, 48.38797533 ], [ 17.3322793, 48.38809348 ], [ 17.33218826, 48.38815864 ], [ 17.3322227, 48.38822397 ], [ 17.33222326, 48.38828356 ], [ 17.33223184, 48.3883219 ], [ 17.33221013, 48.388399 ], [ 17.33219941, 48.388433 ], [ 17.33216324, 48.38854739 ], [ 17.33213027, 48.38865204 ], [ 17.33213654, 48.38866013 ], [ 17.3322181, 48.38876561 ], [ 17.33222535, 48.38877439 ], [ 17.33230461, 48.38886969 ], [ 17.33249173, 48.3890945 ], [ 17.33219288, 48.38925302 ], [ 17.33189622, 48.38930949 ], [ 17.33160869, 48.38926651 ], [ 17.33146625, 48.38924524 ], [ 17.3306488, 48.38920565 ], [ 17.33054546, 48.38920069 ], [ 17.3303507, 48.38908734 ], [ 17.32887004, 48.38874128 ], [ 17.32835685, 48.38869298 ], [ 17.32827918, 48.38867785 ], [ 17.32827391, 48.38867678 ], [ 17.32726571, 48.38848206 ], [ 17.32724921, 48.38854505 ], [ 17.32715171, 48.38888052 ], [ 17.32713672, 48.38916076 ], [ 17.32782868, 48.38949479 ], [ 17.32883214, 48.38925642 ], [ 17.32902676, 48.38921017 ], [ 17.33101966, 48.38964774 ], [ 17.33115969, 48.38970644 ], [ 17.33098554, 48.38969322 ], [ 17.33087951, 48.38972115 ], [ 17.3307989, 48.38974514 ], [ 17.3307216, 48.38978526 ], [ 17.33062005, 48.38983797 ], [ 17.33053274, 48.38991006 ], [ 17.33043569, 48.38999017 ], [ 17.33046701, 48.39006281 ], [ 17.33050934, 48.3901611 ], [ 17.33053408, 48.39021857 ], [ 17.33053991, 48.3902673 ], [ 17.33056098, 48.39044598 ], [ 17.33011525, 48.39067096 ], [ 17.33005816, 48.39081579 ], [ 17.33002991, 48.39091415 ], [ 17.3297539, 48.39097495 ], [ 17.32958312, 48.39115822 ], [ 17.32911001, 48.39161048 ], [ 17.32891784, 48.39164379 ], [ 17.3288477, 48.39169052 ], [ 17.32871751, 48.39190483 ], [ 17.32860354, 48.39189374 ], [ 17.32846204, 48.39190091 ], [ 17.32826571, 48.39203669 ], [ 17.32805246, 48.39223181 ], [ 17.32792009, 48.39209463 ], [ 17.32736064, 48.39226904 ], [ 17.32722147, 48.39228801 ], [ 17.32693895, 48.39207347 ], [ 17.32694807, 48.391676 ], [ 17.3270553, 48.3915473 ], [ 17.32696555, 48.39145592 ], [ 17.32651242, 48.39163721 ], [ 17.32584822, 48.39186293 ], [ 17.32554735, 48.39198344 ], [ 17.32582664, 48.39237029 ], [ 17.32586171, 48.39246802 ], [ 17.3257209, 48.39258792 ], [ 17.32581001, 48.39271116 ], [ 17.32561288, 48.39281182 ], [ 17.32567664, 48.39292019 ], [ 17.32653952, 48.39255577 ], [ 17.32669809, 48.39254422 ], [ 17.32679163, 48.39243287 ], [ 17.3269432, 48.39245023 ], [ 17.32691747, 48.39250222 ], [ 17.32682645, 48.39268548 ], [ 17.3267745, 48.3927184 ], [ 17.32653793, 48.39286834 ], [ 17.32639629, 48.39293243 ], [ 17.32648134, 48.39307853 ], [ 17.32649507, 48.39310221 ], [ 17.32626985, 48.39311671 ], [ 17.32617269, 48.39315986 ], [ 17.32593884, 48.39344274 ], [ 17.32563031, 48.39361137 ], [ 17.32554268, 48.39370105 ], [ 17.32538786, 48.39380557 ], [ 17.32536125, 48.39393504 ], [ 17.3253485, 48.39399737 ], [ 17.32529998, 48.39400892 ], [ 17.32527272, 48.39402258 ], [ 17.32526437, 48.39402673 ], [ 17.32463838, 48.39399669 ], [ 17.32449255, 48.39401938 ], [ 17.32415878, 48.39410899 ], [ 17.32365227, 48.39416378 ], [ 17.32346802, 48.39416271 ], [ 17.32315126, 48.39418964 ], [ 17.32306835, 48.39420986 ], [ 17.32274354, 48.39426554 ], [ 17.3226375, 48.39427512 ], [ 17.32242876, 48.39428636 ], [ 17.32182387, 48.39437507 ], [ 17.32156611, 48.39444256 ], [ 17.32150133, 48.39444653 ], [ 17.32108958, 48.39447164 ], [ 17.32079406, 48.39445956 ], [ 17.32040499, 48.39446529 ], [ 17.31998099, 48.39454011 ], [ 17.3194755, 48.39459621 ], [ 17.31926648, 48.3946048 ], [ 17.31908355, 48.39461773 ], [ 17.31844554, 48.39472197 ], [ 17.31842898, 48.39474401 ], [ 17.31830852, 48.3949041 ], [ 17.31830528, 48.39496995 ], [ 17.31830397, 48.39499715 ], [ 17.31828913, 48.3952953 ], [ 17.31822125, 48.39538718 ], [ 17.31812335, 48.39551956 ], [ 17.31811596, 48.39556579 ], [ 17.31811177, 48.39559868 ], [ 17.31809583, 48.3957265 ], [ 17.31808746, 48.3957931 ], [ 17.31811083, 48.39584235 ], [ 17.31811434, 48.39584981 ], [ 17.31813361, 48.39589011 ], [ 17.31817536, 48.39597753 ], [ 17.31819524, 48.39601923 ], [ 17.31820621, 48.39604227 ], [ 17.31825711, 48.39614846 ], [ 17.31832963, 48.39620672 ], [ 17.31884552, 48.3962987 ], [ 17.31899041, 48.39632457 ], [ 17.31899829, 48.39635753 ], [ 17.31900367, 48.39637985 ], [ 17.31888535, 48.39640452 ], [ 17.31887681, 48.39640631 ], [ 17.31871955, 48.39643918 ], [ 17.31817585, 48.39650207 ], [ 17.31795222, 48.39646904 ], [ 17.31786688, 48.39646895 ], [ 17.31761313, 48.39652747 ], [ 17.31740603, 48.39650194 ], [ 17.31734232, 48.39649414 ], [ 17.31731247, 48.39649046 ], [ 17.31707057, 48.39646075 ], [ 17.31642334, 48.39642556 ], [ 17.31618075, 48.39642797 ], [ 17.31574854, 48.39637211 ], [ 17.31528222, 48.39632846 ], [ 17.31459735, 48.39629269 ], [ 17.31435117, 48.39611511 ], [ 17.31432563, 48.39608876 ], [ 17.31403895, 48.39579249 ], [ 17.31393387, 48.39575802 ], [ 17.31363549, 48.39554819 ], [ 17.31343446, 48.39545608 ], [ 17.31261025, 48.39519127 ], [ 17.31244602, 48.39516584 ], [ 17.31237035, 48.39517921 ], [ 17.3121841, 48.39515404 ], [ 17.31121451, 48.39486674 ], [ 17.31044972, 48.39479442 ], [ 17.30919376, 48.39457801 ], [ 17.30894369, 48.3946035 ], [ 17.30859472, 48.39445033 ], [ 17.30838644, 48.39438891 ], [ 17.30807167, 48.39446916 ], [ 17.3078413, 48.39448898 ], [ 17.30762146, 48.39443052 ], [ 17.30741629, 48.39429231 ], [ 17.30718113, 48.39424377 ], [ 17.30698101, 48.39417214 ], [ 17.30667664, 48.39414471 ], [ 17.30646564, 48.39415659 ], [ 17.30629712, 48.39420406 ], [ 17.30627035, 48.39421161 ], [ 17.30636918, 48.39424061 ], [ 17.30647846, 48.39426687 ], [ 17.30653407, 48.39428164 ], [ 17.30658107, 48.39429413 ], [ 17.30669584, 48.39432635 ], [ 17.30677875, 48.39435566 ], [ 17.30678769, 48.39435941 ], [ 17.30690885, 48.39440986 ], [ 17.30703796, 48.39446615 ], [ 17.3070815, 48.39448827 ], [ 17.30713249, 48.39451412 ], [ 17.30720533, 48.39455461 ], [ 17.30728618, 48.39459318 ], [ 17.30736318, 48.39463394 ], [ 17.30738755, 48.39463799 ], [ 17.3074647, 48.394654 ], [ 17.30759563, 48.39467878 ], [ 17.30768435, 48.39469365 ], [ 17.30776982, 48.39471021 ], [ 17.30784611, 48.39472191 ], [ 17.30787339, 48.39472651 ], [ 17.30788012, 48.39472686 ], [ 17.30789831, 48.3947277 ], [ 17.30794288, 48.39472638 ], [ 17.30801873, 48.39472829 ], [ 17.30806118, 48.39472937 ], [ 17.30819126, 48.39475076 ], [ 17.30830541, 48.39477254 ], [ 17.30846958, 48.39480475 ], [ 17.30850722, 48.39481627 ], [ 17.3085931, 48.39484478 ], [ 17.30867442, 48.39487109 ], [ 17.30873412, 48.39489309 ], [ 17.30875594, 48.39489597 ], [ 17.30880956, 48.39490139 ], [ 17.30888445, 48.39491246 ], [ 17.30892373, 48.39491749 ], [ 17.30897094, 48.39492312 ], [ 17.30902275, 48.39493059 ], [ 17.30904053, 48.3949361 ], [ 17.30912158, 48.3949642 ], [ 17.30921315, 48.39499363 ], [ 17.30929155, 48.39501496 ], [ 17.30934857, 48.39503579 ], [ 17.30938711, 48.39505595 ], [ 17.30945479, 48.39509184 ], [ 17.30952256, 48.39512721 ], [ 17.30954768, 48.39514169 ], [ 17.30957612, 48.39515215 ], [ 17.30965742, 48.39516942 ], [ 17.3097435, 48.39518746 ], [ 17.30982016, 48.39520578 ], [ 17.30991967, 48.39524947 ], [ 17.30999006, 48.39527172 ], [ 17.31002262, 48.3952791 ], [ 17.31006216, 48.39528785 ], [ 17.31013328, 48.39532442 ], [ 17.31019955, 48.39536068 ], [ 17.31023014, 48.39537128 ], [ 17.31033784, 48.39539354 ], [ 17.3103534, 48.39539935 ], [ 17.31048276, 48.39545403 ], [ 17.31052552, 48.39546489 ], [ 17.31059885, 48.39547739 ], [ 17.31063625, 48.39548599 ], [ 17.31067959, 48.39550213 ], [ 17.3107522, 48.3955341 ], [ 17.31088016, 48.39558815 ], [ 17.31094861, 48.39561886 ], [ 17.31105169, 48.39566223 ], [ 17.3111231, 48.39569313 ], [ 17.31118875, 48.39572266 ], [ 17.3112207, 48.39572955 ], [ 17.31126145, 48.39573937 ], [ 17.31134421, 48.39576053 ], [ 17.31148599, 48.39579461 ], [ 17.31157634, 48.39581763 ], [ 17.31166275, 48.39583804 ], [ 17.31169979, 48.39584906 ], [ 17.31172759, 48.39586472 ], [ 17.3117842, 48.39588841 ], [ 17.3118444, 48.39591622 ], [ 17.31190623, 48.39592932 ], [ 17.31198463, 48.39595065 ], [ 17.31205082, 48.39596829 ], [ 17.31210807, 48.39598208 ], [ 17.31216122, 48.39600527 ], [ 17.31221564, 48.39602909 ], [ 17.31225299, 48.39604348 ], [ 17.31239308, 48.39609263 ], [ 17.31253064, 48.39613501 ], [ 17.31275059, 48.39619655 ], [ 17.31291213, 48.39624196 ], [ 17.31293921, 48.39625702 ], [ 17.3130024, 48.39630401 ], [ 17.31303298, 48.3963156 ], [ 17.313076, 48.39632936 ], [ 17.31315351, 48.39635208 ], [ 17.31332401, 48.39640937 ], [ 17.31351248, 48.39647083 ], [ 17.3135501, 48.39648712 ], [ 17.31362947, 48.39652659 ], [ 17.31367828, 48.39654977 ], [ 17.31393662, 48.39667094 ], [ 17.31400708, 48.39670277 ], [ 17.31407216, 48.39672702 ], [ 17.314196, 48.3967704 ], [ 17.31432408, 48.39680538 ], [ 17.31442012, 48.39683311 ], [ 17.3144722, 48.39684891 ], [ 17.31456125, 48.39687618 ], [ 17.31461346, 48.39689109 ], [ 17.31464521, 48.39689842 ], [ 17.3147264, 48.39691559 ], [ 17.31481381, 48.39693471 ], [ 17.31488994, 48.39695209 ], [ 17.31491721, 48.39695668 ], [ 17.31495122, 48.39696895 ], [ 17.31502833, 48.39700356 ], [ 17.31506158, 48.39702093 ], [ 17.31512641, 48.3970523 ], [ 17.31514492, 48.39707213 ], [ 17.31521947, 48.39716794 ], [ 17.31522634, 48.39718023 ], [ 17.31523455, 48.39720174 ], [ 17.31524282, 48.39723752 ], [ 17.31526678, 48.39729377 ], [ 17.31526074, 48.39735383 ], [ 17.31524655, 48.39736718 ], [ 17.31523922, 48.39737176 ], [ 17.31518968, 48.39740293 ], [ 17.31515644, 48.39741937 ], [ 17.31513079, 48.39743865 ], [ 17.31511775, 48.39746346 ], [ 17.31509987, 48.39748704 ], [ 17.31507052, 48.39753129 ], [ 17.31504687, 48.39756544 ], [ 17.31502445, 48.39761963 ], [ 17.31497093, 48.39771986 ], [ 17.31494478, 48.39778095 ], [ 17.31492757, 48.39780458 ], [ 17.31490485, 48.39784258 ], [ 17.31486344, 48.39789029 ], [ 17.3148187, 48.39794591 ], [ 17.31477487, 48.39799445 ], [ 17.31473157, 48.39804582 ], [ 17.31467733, 48.39810227 ], [ 17.3146533, 48.39811976 ], [ 17.31462805, 48.39813997 ], [ 17.31456231, 48.39818797 ], [ 17.31450937, 48.39823112 ], [ 17.31447845, 48.39825575 ], [ 17.31444667, 48.39827698 ], [ 17.31438407, 48.39832763 ], [ 17.3142984, 48.39839385 ], [ 17.31417844, 48.39848357 ], [ 17.31410545, 48.39854112 ], [ 17.31402639, 48.39860118 ], [ 17.31394418, 48.39866328 ], [ 17.31395558, 48.39867795 ], [ 17.31397902, 48.39870841 ], [ 17.31399744, 48.39872968 ], [ 17.31406435, 48.39881396 ], [ 17.31408837, 48.39884509 ], [ 17.31413846, 48.3989036 ], [ 17.31420075, 48.39898053 ], [ 17.31422053, 48.3990046 ], [ 17.31425892, 48.39905141 ], [ 17.31430404, 48.39910959 ], [ 17.31434643, 48.39916144 ], [ 17.31437514, 48.39919848 ], [ 17.31438301, 48.39920948 ], [ 17.3143981, 48.39922855 ], [ 17.31440845, 48.39924116 ], [ 17.31441573, 48.39925609 ], [ 17.31441988, 48.39926477 ], [ 17.31443097, 48.39925312 ] ] ] ] } },
{ "type": "Feature", "properties": { "@featureType": "CadastralZoning", "beginLifespanVersion": { "@nilReason": "http://inspire.ec.europa.eu/codelist/VoidReasonValue/Unpopulated", "@nil": "true" }, "endLifespanVersion": { "@nilReason": "http://inspire.ec.europa.eu/codelist/VoidReasonValue/Unpopulated", "@nil": "true" }, "estimatedAccuracy": { "value": -1, "@uom": "m" }, "inspireId": { "@dataType": "Identifier", "localId": "811483", "namespace": "SK.ESKN.CP", "versionId": "20260703T04:07:40" }, "label": "Doľany", "level": { "@href": "http://inspire.ec.europa.eu/codelist/CadastralZoningLevelValue/3rdOrder" }, "levelName": { "value": "Katastrálne územie", "@locale": "sk" }, "name": { "@dataType": "name", "GeographicalName": { "@dataType": "GeographicalName", "language": "SLK", "nativeness": { "@href": "http://inspire.ec.europa.eu/codelist/NativenessValue/endonym", "@title": "endonym" }, "nameStatus": { "@href": "http://inspire.ec.europa.eu/codelist/NameStatusValue/official", "@title": "official" }, "sourceOfName": { "@nilReason": "http://inspire.ec.europa.eu/codelist/VoidReasonValue/Unpopulated", "@nil": "true" }, "pronunciation": { "@dataType": "pronunciation", "@nilReason": "http://inspire.ec.europa.eu/codelist/VoidReasonValue/Unpopulated", "@nil": "true" }, "spelling": { "@dataType": "SpellingOfName", "text": "Doľany", "script": "LATN" } } }, "nationalCadastalZoningReference": "811483", "validFrom": "2026-06-30T16:00:00Z", "validTo": { "@nilReason": "http://inspire.ec.europa.eu/codelist/VoidReasonValue/Unpopulated", "@nil": "true" } }, "geometry": { "type": "MultiPolygon", "coordinates": [ [ [ [ 17.31050832, 48.45627386 ], [ 17.31081326, 48.45629262 ], [ 17.31106717, 48.45630829 ], [ 17.31177922, 48.45631293 ], [ 17.31182626, 48.45630635 ], [ 17.31257464, 48.45621351 ], [ 17.3126379, 48.45620564 ], [ 17.31296046, 48.45615145 ], [ 17.31301313, 48.45614261 ], [ 17.31340132, 48.45607736 ], [ 17.31430991, 48.45597424 ], [ 17.31453135, 48.45590844 ], [ 17.31477069, 48.45578235 ], [ 17.31495508, 48.4556814 ], [ 17.31497904, 48.45566824 ], [ 17.3149897, 48.45568801 ], [ 17.31515826, 48.45564521 ], [ 17.31530893, 48.45550689 ], [ 17.31546431, 48.45536707 ], [ 17.31563527, 48.45532272 ], [ 17.31573756, 48.45522116 ], [ 17.31596696, 48.45511991 ], [ 17.31597255, 48.45509507 ], [ 17.31591048, 48.45498318 ], [ 17.31607048, 48.45484972 ], [ 17.3162084, 48.45473777 ], [ 17.31620971, 48.45469872 ], [ 17.31618641, 48.45462499 ], [ 17.31631797, 48.45456602 ], [ 17.31628628, 48.45439215 ], [ 17.31638621, 48.45442645 ], [ 17.31659941, 48.45431718 ], [ 17.316647, 48.45430223 ], [ 17.31696609, 48.45425855 ], [ 17.31712724, 48.45402196 ], [ 17.31727823, 48.45407569 ], [ 17.3173622, 48.45409575 ], [ 17.31741903, 48.45408719 ], [ 17.31769816, 48.45390705 ], [ 17.31769112, 48.45383818 ], [ 17.31768926, 48.45382414 ], [ 17.31758794, 48.45383042 ], [ 17.31759233, 48.45376961 ], [ 17.31767092, 48.45367392 ], [ 17.3176489, 48.45356584 ], [ 17.31750502, 48.45344036 ], [ 17.31733226, 48.45347214 ], [ 17.31715578, 48.45333838 ], [ 17.31713315, 48.45324273 ], [ 17.3171083, 48.45321426 ], [ 17.31705495, 48.45319476 ], [ 17.31696047, 48.45320429 ], [ 17.31697725, 48.45306089 ], [ 17.3169899, 48.4528986 ], [ 17.31696329, 48.45278579 ], [ 17.31724563, 48.45271503 ], [ 17.31723722, 48.45268836 ], [ 17.31716254, 48.45267162 ], [ 17.31695893, 48.45264209 ], [ 17.31676991, 48.45239409 ], [ 17.31667203, 48.45223332 ], [ 17.31656749, 48.45206154 ], [ 17.31656728, 48.4520007 ], [ 17.31667795, 48.45186175 ], [ 17.31690054, 48.45174947 ], [ 17.31689404, 48.45153225 ], [ 17.31692523, 48.45153167 ], [ 17.31722125, 48.45152615 ], [ 17.31812013, 48.45151446 ], [ 17.31858377, 48.45150719 ], [ 17.31900962, 48.45150566 ], [ 17.31950354, 48.4515067 ], [ 17.3204773, 48.45150857 ], [ 17.32081319, 48.4515081 ], [ 17.32085843, 48.45150808 ], [ 17.32086767, 48.45150805 ], [ 17.32135444, 48.45151521 ], [ 17.32183898, 48.45151454 ], [ 17.32227427, 48.45151154 ], [ 17.32244662, 48.45151272 ], [ 17.32266933, 48.45151422 ], [ 17.32320564, 48.45151432 ], [ 17.32364759, 48.45152232 ], [ 17.32403311, 48.45152799 ], [ 17.3244422, 48.45153402 ], [ 17.32484197, 48.45153519 ], [ 17.32527486, 48.45153374 ], [ 17.32568401, 48.4515366 ], [ 17.32618959, 48.45154244 ], [ 17.32661994, 48.45154254 ], [ 17.32712561, 48.45154685 ], [ 17.32752748, 48.45155583 ], [ 17.32791783, 48.45155998 ], [ 17.32831283, 48.4515658 ], [ 17.3287194, 48.45157328 ], [ 17.32913069, 48.45158558 ], [ 17.32936337, 48.45159314 ], [ 17.32965689, 48.4516026 ], [ 17.32998428, 48.45161637 ], [ 17.33046101, 48.45162437 ], [ 17.33094957, 48.45163413 ], [ 17.33130658, 48.45164052 ], [ 17.33161971, 48.45165244 ], [ 17.33175033, 48.45165747 ], [ 17.3322834, 48.45166933 ], [ 17.33277646, 48.45168544 ], [ 17.33324598, 48.45169801 ], [ 17.33367824, 48.45170544 ], [ 17.33409151, 48.45171722 ], [ 17.33448779, 48.45172265 ], [ 17.33453782, 48.4517233 ], [ 17.33497004, 48.45172909 ], [ 17.33532259, 48.45173075 ], [ 17.33576646, 48.45173675 ], [ 17.33616592, 48.45173904 ], [ 17.33654193, 48.45174096 ], [ 17.33704479, 48.45174314 ], [ 17.3374912, 48.45174759 ], [ 17.33797061, 48.45174941 ], [ 17.3384004, 48.45175512 ], [ 17.33848378, 48.45175623 ], [ 17.33885145, 48.45176122 ], [ 17.33930017, 48.45176572 ], [ 17.33970893, 48.45177122 ], [ 17.34014583, 48.45178028 ], [ 17.34056869, 48.45178598 ], [ 17.34101267, 48.45179035 ], [ 17.34144733, 48.45179618 ], [ 17.3419758, 48.45180336 ], [ 17.34240341, 48.45180909 ], [ 17.34282857, 48.45181484 ], [ 17.3437565, 48.45182888 ], [ 17.34416758, 48.45183433 ], [ 17.34456218, 48.45184278 ], [ 17.3448745, 48.45185009 ], [ 17.34534901, 48.45185652 ], [ 17.34575274, 48.45187125 ], [ 17.34619435, 48.45187879 ], [ 17.34640873, 48.45188512 ], [ 17.34642957, 48.45188567 ], [ 17.34648312, 48.45188727 ], [ 17.34674207, 48.45174271 ], [ 17.34699871, 48.45159808 ], [ 17.34716448, 48.45149749 ], [ 17.34723155, 48.4513938 ], [ 17.34729741, 48.45125415 ], [ 17.34730089, 48.45122139 ], [ 17.34717067, 48.45110697 ], [ 17.34702272, 48.45096266 ], [ 17.34697276, 48.45091186 ], [ 17.34698084, 48.45087923 ], [ 17.34710913, 48.45084207 ], [ 17.34712655, 48.4508142 ], [ 17.34698076, 48.45074638 ], [ 17.34711215, 48.45061553 ], [ 17.34711557, 48.45058594 ], [ 17.34710662, 48.45057017 ], [ 17.34694688, 48.45049747 ], [ 17.34692848, 48.45048316 ], [ 17.34693157, 48.45046132 ], [ 17.34692744, 48.4502363 ], [ 17.34712744, 48.45002996 ], [ 17.34737836, 48.4497759 ], [ 17.34735786, 48.44968654 ], [ 17.34733237, 48.4496752 ], [ 17.34729932, 48.449681 ], [ 17.34723379, 48.44973934 ], [ 17.34719815, 48.44974975 ], [ 17.34713302, 48.44972534 ], [ 17.34710792, 48.4497031 ], [ 17.34710644, 48.44967815 ], [ 17.3471442, 48.44953649 ], [ 17.3472126, 48.44932353 ], [ 17.34715093, 48.44927107 ], [ 17.34715625, 48.44925804 ], [ 17.34717145, 48.44922135 ], [ 17.34739363, 48.44898248 ], [ 17.34760855, 48.44875046 ], [ 17.34761341, 48.44874517 ], [ 17.34788339, 48.44855235 ], [ 17.34814203, 48.44834993 ], [ 17.34838851, 48.4482942 ], [ 17.34863277, 48.44823696 ], [ 17.34898474, 48.44805464 ], [ 17.34935778, 48.44787587 ], [ 17.34981902, 48.44766084 ], [ 17.34986761, 48.44763998 ], [ 17.35020581, 48.44749471 ], [ 17.35071887, 48.44727737 ], [ 17.35101742, 48.44707403 ], [ 17.35137392, 48.44682775 ], [ 17.3516821, 48.44661989 ], [ 17.35198504, 48.44642442 ], [ 17.35199181, 48.44642089 ], [ 17.35228207, 48.44626634 ], [ 17.35259961, 48.44625084 ], [ 17.35286997, 48.44620162 ], [ 17.35311718, 48.44605529 ], [ 17.35333447, 48.44596158 ], [ 17.35349582, 48.44584841 ], [ 17.35374405, 48.44567394 ], [ 17.35396323, 48.44538508 ], [ 17.35406775, 48.44532756 ], [ 17.35410382, 48.44530769 ], [ 17.35423407, 48.44523595 ], [ 17.35463321, 48.44511841 ], [ 17.35513839, 48.4449947 ], [ 17.35544578, 48.44501486 ], [ 17.35552604, 48.44500663 ], [ 17.35576037, 48.44499816 ], [ 17.35600972, 48.44498914 ], [ 17.35647566, 48.44496018 ], [ 17.35696616, 48.44490833 ], [ 17.3572306, 48.44491023 ], [ 17.35769083, 48.44499458 ], [ 17.35768879, 48.44494763 ], [ 17.35763642, 48.44374968 ], [ 17.35807396, 48.44323514 ], [ 17.3583593, 48.44291281 ], [ 17.35861396, 48.44262905 ], [ 17.35896623, 48.44224513 ], [ 17.3592995, 48.44187026 ], [ 17.35956143, 48.44158038 ], [ 17.35983818, 48.44127195 ], [ 17.36011748, 48.44095727 ], [ 17.36038915, 48.44065655 ], [ 17.36067799, 48.44033887 ], [ 17.36097674, 48.44000729 ], [ 17.3613637, 48.43957385 ], [ 17.36170906, 48.43918675 ], [ 17.36163593, 48.43885902 ], [ 17.36156219, 48.43854841 ], [ 17.36202506, 48.43856469 ], [ 17.36242448, 48.43857845 ], [ 17.36291991, 48.43860146 ], [ 17.36342267, 48.43861988 ], [ 17.36391368, 48.4386397 ], [ 17.3643435, 48.43865544 ], [ 17.36460176, 48.43866866 ], [ 17.36516348, 48.43868324 ], [ 17.36574873, 48.43869664 ], [ 17.36629618, 48.43871408 ], [ 17.36674286, 48.43872232 ], [ 17.3672033, 48.43873851 ], [ 17.36767094, 48.4387501 ], [ 17.36811274, 48.4387629 ], [ 17.36854527, 48.43877401 ], [ 17.36904805, 48.43878771 ], [ 17.36969785, 48.43880819 ], [ 17.36970137, 48.43880833 ], [ 17.37012423, 48.43882241 ], [ 17.37058942, 48.43883863 ], [ 17.37112752, 48.43885597 ], [ 17.37161848, 48.43887422 ], [ 17.37228568, 48.43889654 ], [ 17.37264287, 48.43890652 ], [ 17.37315057, 48.43891718 ], [ 17.37365353, 48.4389324 ], [ 17.3742153, 48.43894387 ], [ 17.37469179, 48.43895438 ], [ 17.37474526, 48.4389556 ], [ 17.3748476, 48.43895784 ], [ 17.37498542, 48.43895986 ], [ 17.37505588, 48.43896092 ], [ 17.37536714, 48.43896555 ], [ 17.37588214, 48.43896999 ], [ 17.37639479, 48.43897291 ], [ 17.37715214, 48.43897775 ], [ 17.37769502, 48.43905764 ], [ 17.37846016, 48.43917213 ], [ 17.37902061, 48.43908815 ], [ 17.37971585, 48.4389843 ], [ 17.38029499, 48.43897092 ], [ 17.38087877, 48.43895921 ], [ 17.38136846, 48.43894453 ], [ 17.38148937, 48.43893965 ], [ 17.3818822, 48.43892798 ], [ 17.38229127, 48.43892133 ], [ 17.38282455, 48.43892421 ], [ 17.38340262, 48.43892458 ], [ 17.38437274, 48.43893517 ], [ 17.3848542, 48.43894046 ], [ 17.38526098, 48.43893365 ], [ 17.38568174, 48.43892875 ], [ 17.38604624, 48.43892136 ], [ 17.38652132, 48.43891086 ], [ 17.38701045, 48.43889911 ], [ 17.38739609, 48.43889201 ], [ 17.38791337, 48.438879 ], [ 17.38845202, 48.43886476 ], [ 17.3890282, 48.43885107 ], [ 17.38922323, 48.4388491 ], [ 17.38970566, 48.43882931 ], [ 17.39010801, 48.4388147 ], [ 17.39057488, 48.43879723 ], [ 17.39059263, 48.43879658 ], [ 17.39092232, 48.43877463 ], [ 17.39120286, 48.43874894 ], [ 17.39164337, 48.43871765 ], [ 17.39216607, 48.43868437 ], [ 17.39249199, 48.43863904 ], [ 17.39292674, 48.43849984 ], [ 17.39301552, 48.43844642 ], [ 17.39312803, 48.43838397 ], [ 17.3933545, 48.43822319 ], [ 17.3935715, 48.43806217 ], [ 17.39383968, 48.43784573 ], [ 17.39410321, 48.43762764 ], [ 17.39387275, 48.43756659 ], [ 17.39381743, 48.43732995 ], [ 17.39378293, 48.43717166 ], [ 17.39351558, 48.43694926 ], [ 17.39325107, 48.43671585 ], [ 17.39299782, 48.43649365 ], [ 17.39286145, 48.43636054 ], [ 17.39260368, 48.43627097 ], [ 17.39248631, 48.4361287 ], [ 17.392491, 48.4360616 ], [ 17.3924952, 48.43600702 ], [ 17.39236258, 48.43583178 ], [ 17.39224804, 48.43567859 ], [ 17.39205433, 48.43556426 ], [ 17.3919716, 48.43551542 ], [ 17.39183487, 48.43537741 ], [ 17.39169684, 48.43523814 ], [ 17.39143319, 48.43498137 ], [ 17.39114592, 48.43472271 ], [ 17.39088186, 48.43447531 ], [ 17.39059689, 48.4342214 ], [ 17.39055574, 48.43417698 ], [ 17.39054708, 48.43416756 ], [ 17.39076915, 48.43413012 ], [ 17.39096051, 48.43410307 ], [ 17.39113724, 48.4340166 ], [ 17.39127356, 48.4339482 ], [ 17.39151299, 48.43388595 ], [ 17.39169782, 48.4338386 ], [ 17.3919418, 48.43378424 ], [ 17.39208623, 48.43375034 ], [ 17.39221669, 48.43364595 ], [ 17.39234217, 48.43354775 ], [ 17.39263944, 48.4334457 ], [ 17.3928606, 48.43336917 ], [ 17.39310864, 48.43326022 ], [ 17.39321367, 48.43321165 ], [ 17.39348528, 48.43310306 ], [ 17.39374014, 48.43300043 ], [ 17.3938256, 48.43297507 ], [ 17.3938677, 48.43295278 ], [ 17.39388302, 48.43294465 ], [ 17.39387626, 48.43293978 ], [ 17.39368403, 48.43280251 ], [ 17.39364125, 48.43277199 ], [ 17.39345356, 48.43263799 ], [ 17.39292754, 48.43226487 ], [ 17.39291245, 48.43229281 ], [ 17.39282076, 48.43235878 ], [ 17.39255876, 48.43245363 ], [ 17.39200052, 48.43253808 ], [ 17.39172842, 48.43264998 ], [ 17.39145741, 48.43273222 ], [ 17.39097219, 48.43288341 ], [ 17.39066251, 48.43285714 ], [ 17.39062017, 48.43279683 ], [ 17.3904718, 48.43258559 ], [ 17.39028058, 48.43232855 ], [ 17.39018622, 48.4322017 ], [ 17.3903963, 48.4321155 ], [ 17.39032887, 48.43204669 ], [ 17.39008724, 48.43180012 ], [ 17.38990123, 48.43159736 ], [ 17.38989359, 48.43158928 ], [ 17.38965838, 48.43134068 ], [ 17.38947039, 48.43105981 ], [ 17.38934046, 48.43087191 ], [ 17.38888455, 48.43078743 ], [ 17.38827672, 48.43067418 ], [ 17.38819759, 48.43065919 ], [ 17.38808979, 48.43063872 ], [ 17.38773587, 48.43057171 ], [ 17.38748422, 48.43052399 ], [ 17.38737134, 48.43045674 ], [ 17.38704811, 48.43061636 ], [ 17.38687085, 48.4305733 ], [ 17.38656795, 48.4305565 ], [ 17.3861032, 48.43079393 ], [ 17.38566245, 48.43102235 ], [ 17.38540847, 48.43115321 ], [ 17.38521597, 48.43079877 ], [ 17.38500891, 48.43039096 ], [ 17.38496732, 48.43030431 ], [ 17.38496051, 48.43029248 ], [ 17.38493693, 48.43025146 ], [ 17.38489401, 48.43017665 ], [ 17.38509061, 48.43007314 ], [ 17.38515207, 48.42999581 ], [ 17.38525563, 48.4298417 ], [ 17.38561292, 48.42970165 ], [ 17.385553, 48.42966495 ], [ 17.38530536, 48.42947617 ], [ 17.3850689, 48.42930003 ], [ 17.38464207, 48.42933941 ], [ 17.38426618, 48.4293343 ], [ 17.3840785, 48.42910893 ], [ 17.38398602, 48.42899159 ], [ 17.38398398, 48.42898884 ], [ 17.38396064, 48.42895922 ], [ 17.38395676, 48.42895417 ], [ 17.38394084, 48.42893407 ], [ 17.38370827, 48.42892934 ], [ 17.38327917, 48.42889546 ], [ 17.38288551, 48.42892434 ], [ 17.38224428, 48.42897949 ], [ 17.38189703, 48.42910103 ], [ 17.38154966, 48.42922246 ], [ 17.38091537, 48.42949276 ], [ 17.38078376, 48.42935073 ], [ 17.38050516, 48.42945595 ], [ 17.3803516, 48.4293386 ], [ 17.37990719, 48.42919537 ], [ 17.37988188, 48.42918098 ], [ 17.3799846, 48.42898923 ], [ 17.38007059, 48.42894829 ], [ 17.38020954, 48.42894242 ], [ 17.38050783, 48.4288094 ], [ 17.38063083, 48.4287846 ], [ 17.38065019, 48.42876923 ], [ 17.38074866, 48.42863503 ], [ 17.38119559, 48.42834514 ], [ 17.38124635, 48.42831112 ], [ 17.38154411, 48.42811146 ], [ 17.38169578, 48.42800602 ], [ 17.38184711, 48.42783822 ], [ 17.38222231, 48.42765479 ], [ 17.38252179, 48.42748126 ], [ 17.3827234, 48.42735938 ], [ 17.38274174, 48.42730202 ], [ 17.38287664, 48.42720254 ], [ 17.38316895, 48.42710833 ], [ 17.38327939, 48.42703211 ], [ 17.38344559, 48.42691741 ], [ 17.38378225, 48.42676148 ], [ 17.38416451, 48.42650495 ], [ 17.3845272, 48.42634005 ], [ 17.38458002, 48.4261662 ], [ 17.38475387, 48.42588654 ], [ 17.38478893, 48.42584101 ], [ 17.38494301, 48.4256414 ], [ 17.38507221, 48.42542814 ], [ 17.38510687, 48.42516066 ], [ 17.38513127, 48.42499264 ], [ 17.38509129, 48.42484881 ], [ 17.38502048, 48.42479016 ], [ 17.38494661, 48.42460536 ], [ 17.38488181, 48.42442991 ], [ 17.38481583, 48.42436516 ], [ 17.38483368, 48.42425012 ], [ 17.38494451, 48.42417211 ], [ 17.38495826, 48.42414319 ], [ 17.38502776, 48.42399717 ], [ 17.38505053, 48.42397064 ], [ 17.3851731, 48.42382743 ], [ 17.3852283, 48.42376307 ], [ 17.38534068, 48.42370694 ], [ 17.38582237, 48.42378363 ], [ 17.38608873, 48.42383087 ], [ 17.38623796, 48.42351346 ], [ 17.38643037, 48.42309702 ], [ 17.38657873, 48.42287616 ], [ 17.38664748, 48.42278521 ], [ 17.38686545, 48.42252016 ], [ 17.38703417, 48.42232149 ], [ 17.38692453, 48.42222491 ], [ 17.38681045, 48.42205041 ], [ 17.38653945, 48.42171489 ], [ 17.38677747, 48.42147971 ], [ 17.38699861, 48.4212615 ], [ 17.38708572, 48.42118782 ], [ 17.38720016, 48.42106478 ], [ 17.38733968, 48.42097165 ], [ 17.38749434, 48.42084283 ], [ 17.38762252, 48.42076215 ], [ 17.38766962, 48.4207326 ], [ 17.38772123, 48.42070008 ], [ 17.38773918, 48.42068877 ], [ 17.38818839, 48.42060919 ], [ 17.38857371, 48.42040255 ], [ 17.38885613, 48.42024588 ], [ 17.38921704, 48.41999365 ], [ 17.38953886, 48.41978767 ], [ 17.38963154, 48.41972873 ], [ 17.38976207, 48.41964586 ], [ 17.38973984, 48.41962806 ], [ 17.38967972, 48.41957987 ], [ 17.38964948, 48.41955559 ], [ 17.38963271, 48.41954221 ], [ 17.38960186, 48.41951743 ], [ 17.38960318, 48.41945481 ], [ 17.38960317, 48.4194502 ], [ 17.38960562, 48.419329 ], [ 17.3896815, 48.41927809 ], [ 17.38974096, 48.41923831 ], [ 17.38974654, 48.41923452 ], [ 17.38977876, 48.41921294 ], [ 17.38994802, 48.41922141 ], [ 17.3900313, 48.41922556 ], [ 17.390248, 48.41923639 ], [ 17.39032737, 48.419183 ], [ 17.3905236, 48.41922141 ], [ 17.39058349, 48.41911479 ], [ 17.39068504, 48.41909898 ], [ 17.39093512, 48.41914135 ], [ 17.3911158, 48.41915156 ], [ 17.39126629, 48.41907884 ], [ 17.39170333, 48.41915803 ], [ 17.39207271, 48.41921908 ], [ 17.39219349, 48.4193313 ], [ 17.39254446, 48.41930965 ], [ 17.39268263, 48.41932549 ], [ 17.39280865, 48.41927983 ], [ 17.39293955, 48.4192324 ], [ 17.39335393, 48.41921152 ], [ 17.39366217, 48.41920164 ], [ 17.39405019, 48.41898098 ], [ 17.3942226, 48.41895684 ], [ 17.39440892, 48.41893597 ], [ 17.39455635, 48.4189582 ], [ 17.39481197, 48.41897571 ], [ 17.39493868, 48.41898367 ], [ 17.39515096, 48.41903017 ], [ 17.39514711, 48.41907681 ], [ 17.39536962, 48.41910166 ], [ 17.39535765, 48.41903609 ], [ 17.39554402, 48.41901675 ], [ 17.39564735, 48.4190166 ], [ 17.39577147, 48.41903387 ], [ 17.39600861, 48.41897003 ], [ 17.39643361, 48.41891188 ], [ 17.39659999, 48.41899832 ], [ 17.39679879, 48.41910069 ], [ 17.39698151, 48.41890527 ], [ 17.397056, 48.41878324 ], [ 17.39733001, 48.41874013 ], [ 17.39750936, 48.4187909 ], [ 17.39769158, 48.41882297 ], [ 17.3978832, 48.41878816 ], [ 17.39818406, 48.4188592 ], [ 17.39842965, 48.41875343 ], [ 17.39871139, 48.41869184 ], [ 17.39897554, 48.41859098 ], [ 17.39920445, 48.41856292 ], [ 17.39957271, 48.41851491 ], [ 17.39996125, 48.41856841 ], [ 17.40023341, 48.41865466 ], [ 17.40048359, 48.41854901 ], [ 17.40072477, 48.41843535 ], [ 17.40105033, 48.41846932 ], [ 17.40135095, 48.41840488 ], [ 17.40154496, 48.4183685 ], [ 17.40168858, 48.4183611 ], [ 17.40182957, 48.4183614 ], [ 17.40202486, 48.4182098 ], [ 17.40216894, 48.41826315 ], [ 17.40243598, 48.4182185 ], [ 17.40256256, 48.41808457 ], [ 17.40264113, 48.41805136 ], [ 17.40271472, 48.41810222 ], [ 17.40276408, 48.41817301 ], [ 17.40292521, 48.41806455 ], [ 17.40305075, 48.41796183 ], [ 17.40338302, 48.41800842 ], [ 17.40372567, 48.41780891 ], [ 17.40396826, 48.41769941 ], [ 17.40406434, 48.41765603 ], [ 17.40413111, 48.41762738 ], [ 17.4043863, 48.4173706 ], [ 17.4043801, 48.4171274 ], [ 17.40415922, 48.41691256 ], [ 17.40382361, 48.41660886 ], [ 17.40367894, 48.41645852 ], [ 17.40365307, 48.41608175 ], [ 17.40365076, 48.41604844 ], [ 17.40407723, 48.41597626 ], [ 17.40443917, 48.41579689 ], [ 17.40474244, 48.41535166 ], [ 17.40466846, 48.41528036 ], [ 17.40489403, 48.41504497 ], [ 17.40505861, 48.41471264 ], [ 17.40504682, 48.41457805 ], [ 17.40495258, 48.41437341 ], [ 17.4048664, 48.41441598 ], [ 17.40472063, 48.41399964 ], [ 17.40457482, 48.41358636 ], [ 17.40449792, 48.413357 ], [ 17.40488748, 48.41326237 ], [ 17.40476373, 48.41309802 ], [ 17.40447669, 48.4131534 ], [ 17.40433858, 48.41319839 ], [ 17.40381392, 48.41338329 ], [ 17.40340486, 48.41349797 ], [ 17.40332013, 48.41335911 ], [ 17.40330908, 48.41327146 ], [ 17.4034227, 48.41318703 ], [ 17.40363375, 48.41307585 ], [ 17.40371041, 48.41297221 ], [ 17.40380497, 48.41289377 ], [ 17.40390499, 48.41286231 ], [ 17.40401422, 48.41270123 ], [ 17.40397752, 48.41253657 ], [ 17.40387999, 48.41243048 ], [ 17.40368296, 48.41240423 ], [ 17.40347218, 48.41244034 ], [ 17.40328573, 48.41224535 ], [ 17.40315504, 48.41227952 ], [ 17.40300862, 48.41222276 ], [ 17.40284139, 48.41222194 ], [ 17.40261762, 48.41201865 ], [ 17.40252032, 48.41197032 ], [ 17.40231504, 48.4117798 ], [ 17.40221512, 48.41167058 ], [ 17.40202492, 48.41138173 ], [ 17.40202157, 48.41137591 ], [ 17.40201263, 48.41136096 ], [ 17.40201198, 48.41135984 ], [ 17.40197432, 48.41129631 ], [ 17.40197345, 48.41129481 ], [ 17.40195972, 48.41127178 ], [ 17.40195736, 48.41126756 ], [ 17.40179804, 48.41099861 ], [ 17.40175151, 48.41091507 ], [ 17.4016053, 48.41071601 ], [ 17.40188983, 48.41059333 ], [ 17.40251438, 48.41031291 ], [ 17.40263859, 48.41025989 ], [ 17.40320461, 48.41003801 ], [ 17.40293796, 48.40978098 ], [ 17.40279926, 48.40969563 ], [ 17.40278906, 48.40968927 ], [ 17.40278022, 48.40968382 ], [ 17.40274573, 48.4096626 ], [ 17.40274126, 48.40965978 ], [ 17.40273267, 48.40965453 ], [ 17.40273059, 48.40957786 ], [ 17.40297174, 48.40941866 ], [ 17.40339026, 48.40923537 ], [ 17.40367932, 48.40911597 ], [ 17.40356184, 48.40904239 ], [ 17.40302912, 48.40884878 ], [ 17.40242688, 48.40862762 ], [ 17.40185224, 48.40842098 ], [ 17.40159614, 48.40833758 ], [ 17.40100616, 48.4080995 ], [ 17.40053554, 48.40788325 ], [ 17.40026415, 48.40776063 ], [ 17.40025401, 48.40775573 ], [ 17.40019707, 48.40772845 ], [ 17.40050182, 48.40749821 ], [ 17.4007071, 48.40734943 ], [ 17.40113578, 48.40721633 ], [ 17.40109278, 48.40719483 ], [ 17.40107786, 48.40718736 ], [ 17.40067218, 48.40693457 ], [ 17.40033099, 48.40671869 ], [ 17.40067539, 48.40643265 ], [ 17.40091556, 48.40623282 ], [ 17.40144597, 48.40648738 ], [ 17.40210381, 48.40680776 ], [ 17.40241151, 48.40694565 ], [ 17.40242832, 48.40695316 ], [ 17.4025274, 48.40699763 ], [ 17.40274849, 48.40709674 ], [ 17.40333615, 48.40733484 ], [ 17.40392673, 48.40755588 ], [ 17.40443398, 48.40773337 ], [ 17.40515261, 48.40792801 ], [ 17.405851, 48.40816452 ], [ 17.40615033, 48.40829382 ], [ 17.40623698, 48.40829989 ], [ 17.40626305, 48.40830167 ], [ 17.40627233, 48.40830227 ], [ 17.40631948, 48.4083056 ], [ 17.40643347, 48.40828065 ], [ 17.40656112, 48.40826526 ], [ 17.40679705, 48.40818885 ], [ 17.40698015, 48.40815816 ], [ 17.40709994, 48.4081381 ], [ 17.40736553, 48.40809361 ], [ 17.40768062, 48.40804014 ], [ 17.40785917, 48.40798485 ], [ 17.40789542, 48.40796344 ], [ 17.40796018, 48.40792526 ], [ 17.40799126, 48.40791318 ], [ 17.4080195, 48.4079029 ], [ 17.40815397, 48.40785388 ], [ 17.40836615, 48.40777656 ], [ 17.40891594, 48.4075734 ], [ 17.40955655, 48.40732452 ], [ 17.41014878, 48.40711408 ], [ 17.41071467, 48.40692044 ], [ 17.41114352, 48.40674512 ], [ 17.41184584, 48.40647683 ], [ 17.4119412, 48.4064391 ], [ 17.41237078, 48.40631071 ], [ 17.41283143, 48.40610157 ], [ 17.41294161, 48.40606823 ], [ 17.41307835, 48.40602685 ], [ 17.41327049, 48.40599639 ], [ 17.41327438, 48.40599583 ], [ 17.41330313, 48.40599127 ], [ 17.41351056, 48.40595836 ], [ 17.41355335, 48.40595156 ], [ 17.41363129, 48.40593926 ], [ 17.41417601, 48.40581409 ], [ 17.41476411, 48.40565666 ], [ 17.41497056, 48.40559703 ], [ 17.41556839, 48.40536008 ], [ 17.41587915, 48.40527377 ], [ 17.41648705, 48.40515729 ], [ 17.41667921, 48.40527148 ], [ 17.41668384, 48.40527422 ], [ 17.4166957, 48.40528122 ], [ 17.41672666, 48.40529968 ], [ 17.41679447, 48.40526196 ], [ 17.4167992, 48.40525929 ], [ 17.41685002, 48.40523095 ], [ 17.41699493, 48.40515034 ], [ 17.41707892, 48.40509841 ], [ 17.41722263, 48.4049982 ], [ 17.41706733, 48.40478863 ], [ 17.41693947, 48.40459656 ], [ 17.41690661, 48.40451961 ], [ 17.41699685, 48.40441007 ], [ 17.41694582, 48.40423924 ], [ 17.41689463, 48.40399982 ], [ 17.41687253, 48.40394769 ], [ 17.4168701, 48.40394202 ], [ 17.4167809, 48.40373149 ], [ 17.41675536, 48.4036964 ], [ 17.41675105, 48.40369061 ], [ 17.41662566, 48.40351885 ], [ 17.41652262, 48.40345227 ], [ 17.41647513, 48.40342154 ], [ 17.41642739, 48.40339071 ], [ 17.41638413, 48.40336269 ], [ 17.41622468, 48.40328098 ], [ 17.41600989, 48.4031721 ], [ 17.41598004, 48.40314983 ], [ 17.41584538, 48.40306286 ], [ 17.41574014, 48.40298809 ], [ 17.41547177, 48.40273802 ], [ 17.41521585, 48.40260976 ], [ 17.4151049, 48.40256299 ], [ 17.41500954, 48.40254136 ], [ 17.41464099, 48.40241781 ], [ 17.41424363, 48.40230938 ], [ 17.41384049, 48.40223681 ], [ 17.41361924, 48.40219635 ], [ 17.41340031, 48.40215117 ], [ 17.41309943, 48.40203634 ], [ 17.41267422, 48.4018511 ], [ 17.41236649, 48.40173302 ], [ 17.41216106, 48.4016382 ], [ 17.41187094, 48.40148132 ], [ 17.41154832, 48.40124608 ], [ 17.41137595, 48.4010737 ], [ 17.411138, 48.40089879 ], [ 17.41086591, 48.4007625 ], [ 17.41061429, 48.40057812 ], [ 17.41097932, 48.40038971 ], [ 17.41121335, 48.40026194 ], [ 17.41043956, 48.39975852 ], [ 17.41007938, 48.40009561 ], [ 17.41005501, 48.40011843 ], [ 17.41000408, 48.40016609 ], [ 17.40993335, 48.40014216 ], [ 17.40991459, 48.40013589 ], [ 17.40944844, 48.39997843 ], [ 17.4090702, 48.39984709 ], [ 17.40920459, 48.39970852 ], [ 17.4092284, 48.39968396 ], [ 17.40949416, 48.39940978 ], [ 17.40927137, 48.39930299 ], [ 17.40904266, 48.39920421 ], [ 17.4089709, 48.39918826 ], [ 17.40882202, 48.39915502 ], [ 17.40843437, 48.39918915 ], [ 17.40764361, 48.39929544 ], [ 17.40731415, 48.39940482 ], [ 17.40699673, 48.39952564 ], [ 17.4065583, 48.39967213 ], [ 17.40600003, 48.39988097 ], [ 17.4058745, 48.39992089 ], [ 17.40579962, 48.39993555 ], [ 17.40576441, 48.39993507 ], [ 17.40574005, 48.39993467 ], [ 17.40558953, 48.399908 ], [ 17.40559888, 48.39989506 ], [ 17.40560823, 48.3998822 ], [ 17.40478639, 48.39976119 ], [ 17.40452145, 48.39971436 ], [ 17.40356353, 48.39954502 ], [ 17.40349528, 48.39953291 ], [ 17.40374227, 48.3990563 ], [ 17.40374716, 48.39904694 ], [ 17.40377913, 48.39898523 ], [ 17.40378288, 48.39897815 ], [ 17.40381146, 48.3989229 ], [ 17.40382982, 48.3988874 ], [ 17.40316161, 48.39877192 ], [ 17.40267484, 48.39868782 ], [ 17.40150172, 48.39848706 ], [ 17.40149188, 48.39852744 ], [ 17.40147361, 48.39860306 ], [ 17.40132964, 48.39919615 ], [ 17.40131769, 48.39925365 ], [ 17.40131731, 48.39925535 ], [ 17.4013121, 48.39928076 ], [ 17.40130012, 48.39931992 ], [ 17.40119337, 48.39929275 ], [ 17.40109046, 48.39930703 ], [ 17.4010622, 48.39931098 ], [ 17.40069946, 48.39926574 ], [ 17.40026355, 48.39927638 ], [ 17.40008496, 48.39930337 ], [ 17.40002043, 48.39931309 ], [ 17.39969544, 48.3993622 ], [ 17.39968246, 48.39934057 ], [ 17.39968007, 48.39933653 ], [ 17.39966871, 48.39931772 ], [ 17.39966229, 48.39930691 ], [ 17.39961978, 48.39923584 ], [ 17.39961138, 48.39922273 ], [ 17.39960518, 48.3992132 ], [ 17.39940672, 48.3989052 ], [ 17.39994411, 48.39880853 ], [ 17.39996823, 48.39880414 ], [ 17.39998049, 48.39880195 ], [ 17.39999262, 48.39879976 ], [ 17.40000545, 48.39879743 ], [ 17.40000537, 48.39876832 ], [ 17.40000454, 48.39860165 ], [ 17.40000394, 48.39850284 ], [ 17.40000387, 48.39848386 ], [ 17.40000363, 48.3984318 ], [ 17.40000362, 48.39842349 ], [ 17.40000346, 48.3983829 ], [ 17.39826289, 48.39830076 ], [ 17.39748495, 48.39826287 ], [ 17.39746946, 48.39826214 ], [ 17.397451, 48.39826121 ], [ 17.39738336, 48.39825799 ], [ 17.39736949, 48.39825727 ], [ 17.39694803, 48.39823685 ], [ 17.39501757, 48.39814033 ], [ 17.3935579, 48.39806823 ], [ 17.39161568, 48.39797695 ], [ 17.39159661, 48.39800616 ], [ 17.39158787, 48.39801951 ], [ 17.39102755, 48.39887765 ], [ 17.39101624, 48.39888451 ], [ 17.39097839, 48.39890753 ], [ 17.39011908, 48.39943187 ], [ 17.38971624, 48.39968136 ], [ 17.38894153, 48.39993315 ], [ 17.38845249, 48.40015598 ], [ 17.38766527, 48.40065752 ], [ 17.38701736, 48.40106131 ], [ 17.38517565, 48.4008345 ], [ 17.38422348, 48.40082034 ], [ 17.38395915, 48.4006741 ], [ 17.38395037, 48.40066919 ], [ 17.38392451, 48.40065495 ], [ 17.38386162, 48.40062022 ], [ 17.38385685, 48.40061756 ], [ 17.38385284, 48.40061531 ], [ 17.38355952, 48.40045309 ], [ 17.38309383, 48.4002051 ], [ 17.38286445, 48.40007234 ], [ 17.38256765, 48.39990057 ], [ 17.38244311, 48.39981991 ], [ 17.38237477, 48.39978166 ], [ 17.38218268, 48.39967401 ], [ 17.38204049, 48.39959436 ], [ 17.38194626, 48.39953744 ], [ 17.38169605, 48.39937187 ], [ 17.38149906, 48.39921817 ], [ 17.38135394, 48.3991049 ], [ 17.38142831, 48.3990614 ], [ 17.38171909, 48.39889147 ], [ 17.38178783, 48.39885121 ], [ 17.38182702, 48.39882828 ], [ 17.38174059, 48.398465 ], [ 17.38172875, 48.39846432 ], [ 17.38171435, 48.39846347 ], [ 17.38166105, 48.39843832 ], [ 17.38149675, 48.39848066 ], [ 17.381372, 48.39849296 ], [ 17.38131597, 48.39849754 ], [ 17.38128409, 48.3985261 ], [ 17.38129363, 48.39856557 ], [ 17.38134192, 48.39861372 ], [ 17.38132703, 48.39863109 ], [ 17.38113663, 48.39867183 ], [ 17.38110018, 48.39868997 ], [ 17.38105401, 48.39871145 ], [ 17.38098555, 48.39875814 ], [ 17.380951, 48.3987661 ], [ 17.38092446, 48.39875741 ], [ 17.38087707, 48.39872433 ], [ 17.38085459, 48.39873515 ], [ 17.38084385, 48.39877683 ], [ 17.38084786, 48.39882806 ], [ 17.38083956, 48.39883746 ], [ 17.38077577, 48.39887731 ], [ 17.38072754, 48.39889803 ], [ 17.38072211, 48.39891927 ], [ 17.38077205, 48.39893409 ], [ 17.38077208, 48.39894954 ], [ 17.38077782, 48.3989576 ], [ 17.38072977, 48.39897245 ], [ 17.38063204, 48.39896808 ], [ 17.38056568, 48.39898011 ], [ 17.3805469, 48.39902389 ], [ 17.38049185, 48.39918992 ], [ 17.38053366, 48.39923972 ], [ 17.38050855, 48.39928507 ], [ 17.38046646, 48.39934161 ], [ 17.38042324, 48.39936328 ], [ 17.38038003, 48.39936462 ], [ 17.38031944, 48.3993586 ], [ 17.38027517, 48.39938843 ], [ 17.38027607, 48.3994137 ], [ 17.38028782, 48.39944456 ], [ 17.38031991, 48.39945984 ], [ 17.3803411, 48.39946989 ], [ 17.38038613, 48.39949126 ], [ 17.38040339, 48.39949943 ], [ 17.38046669, 48.39952949 ], [ 17.38048109, 48.3995728 ], [ 17.38040581, 48.39962799 ], [ 17.3803443, 48.399668 ], [ 17.38029988, 48.39968589 ], [ 17.38027334, 48.3996772 ], [ 17.38024236, 48.39965901 ], [ 17.38020813, 48.39966292 ], [ 17.38017327, 48.39968686 ], [ 17.38015872, 48.39968889 ], [ 17.38015249, 48.39968975 ], [ 17.38013905, 48.39969159 ], [ 17.38011824, 48.39969105 ], [ 17.38008166, 48.39967863 ], [ 17.38007286, 48.39967571 ], [ 17.38005194, 48.39965185 ], [ 17.38004834, 48.39957192 ], [ 17.38001724, 48.39957396 ], [ 17.37997195, 48.39958944 ], [ 17.37996203, 48.39961536 ], [ 17.37991663, 48.39961033 ], [ 17.37988602, 48.39956749 ], [ 17.37986067, 48.39955156 ], [ 17.37982472, 48.39954506 ], [ 17.37978696, 48.39955083 ], [ 17.37974638, 48.39957674 ], [ 17.37982619, 48.39978634 ], [ 17.37974287, 48.39978914 ], [ 17.37969081, 48.39980825 ], [ 17.37961123, 48.39978463 ], [ 17.37956831, 48.39978391 ], [ 17.37953527, 48.39980011 ], [ 17.37951519, 48.39983151 ], [ 17.37952441, 48.39996088 ], [ 17.37952069, 48.39997048 ], [ 17.37951826, 48.39997692 ], [ 17.37950118, 48.39998973 ], [ 17.37947097, 48.40002354 ], [ 17.37946382, 48.40003247 ], [ 17.37943834, 48.40006461 ], [ 17.37940095, 48.40014549 ], [ 17.37931345, 48.40014901 ], [ 17.37926573, 48.40017364 ], [ 17.37924555, 48.40023251 ], [ 17.37925718, 48.40026327 ], [ 17.3792343, 48.4002934 ], [ 17.37918408, 48.40031101 ], [ 17.37916017, 48.40030014 ], [ 17.37914156, 48.40026884 ], [ 17.37905249, 48.40025997 ], [ 17.37901829, 48.40027934 ], [ 17.37903769, 48.40040783 ], [ 17.37906912, 48.40045533 ], [ 17.379075, 48.40046421 ], [ 17.37909366, 48.40049244 ], [ 17.37907537, 48.40054023 ], [ 17.3790692, 48.40055636 ], [ 17.37901917, 48.40058934 ], [ 17.37901305, 48.40058668 ], [ 17.37895038, 48.40055974 ], [ 17.37893941, 48.40055496 ], [ 17.37892422, 48.40054846 ], [ 17.3788986, 48.40050206 ], [ 17.37886118, 48.400512 ], [ 17.37880538, 48.40059159 ], [ 17.378785, 48.40059641 ], [ 17.37873107, 48.40056904 ], [ 17.37866176, 48.40057528 ], [ 17.37861494, 48.40059383 ], [ 17.37860288, 48.4006131 ], [ 17.37862418, 48.40062606 ], [ 17.37869376, 48.40063366 ], [ 17.37870023, 48.40069959 ], [ 17.37867707, 48.40071589 ], [ 17.37863272, 48.40071761 ], [ 17.37859068, 48.40068785 ], [ 17.37856991, 48.40070267 ], [ 17.37859719, 48.40072297 ], [ 17.37855697, 48.40075198 ], [ 17.37860766, 48.40079306 ], [ 17.37857722, 48.40080345 ], [ 17.37858674, 48.40081718 ], [ 17.37861408, 48.40082049 ], [ 17.37865188, 48.40080054 ], [ 17.37868106, 48.40079865 ], [ 17.37869547, 48.40081883 ], [ 17.37864709, 48.40084885 ], [ 17.37861293, 48.40085972 ], [ 17.37862753, 48.40088688 ], [ 17.37860564, 48.40090931 ], [ 17.37860074, 48.40093529 ], [ 17.37853603, 48.40096568 ], [ 17.37854021, 48.40097598 ], [ 17.37856934, 48.40104656 ], [ 17.37855329, 48.40107633 ], [ 17.37857202, 48.40108369 ], [ 17.3785538, 48.4011126 ], [ 17.37855336, 48.40113959 ], [ 17.37857707, 48.40115188 ], [ 17.37860267, 48.40115129 ], [ 17.37861078, 48.40116718 ], [ 17.37858271, 48.40120773 ], [ 17.37860138, 48.40122286 ], [ 17.37861992, 48.40122326 ], [ 17.37861906, 48.4012448 ], [ 17.37860309, 48.4012584 ], [ 17.37856639, 48.40127173 ], [ 17.37856151, 48.40127349 ], [ 17.37853995, 48.40126974 ], [ 17.37851765, 48.40128753 ], [ 17.37856243, 48.4013153 ], [ 17.37857188, 48.40132116 ], [ 17.37856953, 48.40133718 ], [ 17.37857654, 48.40135227 ], [ 17.37855827, 48.40136391 ], [ 17.37854584, 48.40137187 ], [ 17.37854431, 48.40139798 ], [ 17.37852524, 48.40142529 ], [ 17.37851107, 48.40155313 ], [ 17.37842333, 48.40195369 ], [ 17.37841652, 48.40195569 ], [ 17.37836998, 48.40196955 ], [ 17.37832968, 48.40196765 ], [ 17.37828802, 48.4019981 ], [ 17.37827901, 48.40204378 ], [ 17.37822189, 48.40207783 ], [ 17.37820356, 48.40210745 ], [ 17.37821655, 48.40211516 ], [ 17.37830703, 48.40216895 ], [ 17.37828982, 48.40219096 ], [ 17.37825823, 48.40219351 ], [ 17.37821338, 48.40218291 ], [ 17.37817391, 48.40219109 ], [ 17.37816195, 48.40220965 ], [ 17.3782143, 48.40224776 ], [ 17.37821551, 48.40227097 ], [ 17.37819164, 48.40232255 ], [ 17.3781171, 48.40238014 ], [ 17.37788845, 48.40244468 ], [ 17.3778355, 48.40249752 ], [ 17.37787395, 48.40255171 ], [ 17.37790153, 48.40256074 ], [ 17.37792302, 48.40256774 ], [ 17.37795021, 48.40257665 ], [ 17.37800053, 48.40255842 ], [ 17.37803632, 48.40251982 ], [ 17.37804535, 48.40252212 ], [ 17.3780643, 48.40252706 ], [ 17.37810083, 48.40259342 ], [ 17.37813799, 48.40259358 ], [ 17.37814897, 48.40257424 ], [ 17.37818579, 48.40257582 ], [ 17.37820315, 48.40259159 ], [ 17.37821054, 48.40265307 ], [ 17.37814677, 48.40271397 ], [ 17.37805961, 48.40273821 ], [ 17.37802935, 48.40273081 ], [ 17.37803242, 48.40270897 ], [ 17.37804229, 48.40269633 ], [ 17.37803501, 48.40268121 ], [ 17.37798343, 48.4026877 ], [ 17.37795206, 48.40266939 ], [ 17.37789491, 48.40267688 ], [ 17.37790113, 48.40276575 ], [ 17.37792976, 48.40278334 ], [ 17.3779286, 48.40279121 ], [ 17.37791492, 48.40280767 ], [ 17.37786113, 48.40280525 ], [ 17.37786417, 48.40275774 ], [ 17.37783583, 48.40274839 ], [ 17.37781213, 48.40278128 ], [ 17.3777399, 48.40277413 ], [ 17.37767102, 48.40278203 ], [ 17.37764907, 48.40278457 ], [ 17.37759865, 48.4027943 ], [ 17.37756741, 48.4027769 ], [ 17.37750401, 48.40274386 ], [ 17.37747511, 48.40276411 ], [ 17.37749406, 48.40283466 ], [ 17.37752517, 48.40289723 ], [ 17.3775303, 48.40290759 ], [ 17.37749979, 48.40295359 ], [ 17.37746652, 48.40296208 ], [ 17.37744932, 48.40295997 ], [ 17.37739962, 48.40295375 ], [ 17.37737732, 48.40296883 ], [ 17.37738367, 48.40299952 ], [ 17.37738567, 48.40300896 ], [ 17.37738861, 48.40302315 ], [ 17.37738774, 48.40306972 ], [ 17.3772984, 48.403094 ], [ 17.37728469, 48.40313286 ], [ 17.3771385, 48.40320322 ], [ 17.37712819, 48.40320228 ], [ 17.37707317, 48.40319716 ], [ 17.37702377, 48.4032018 ], [ 17.37699433, 48.40320449 ], [ 17.37698289, 48.40321125 ], [ 17.37698241, 48.4032339 ], [ 17.37701337, 48.40329194 ], [ 17.37701401, 48.40329316 ], [ 17.37702614, 48.4033159 ], [ 17.37701998, 48.40340397 ], [ 17.37694246, 48.40345964 ], [ 17.37687173, 48.40342287 ], [ 17.37685773, 48.40341563 ], [ 17.37683516, 48.40340386 ], [ 17.37683243, 48.40343449 ], [ 17.37683126, 48.40344707 ], [ 17.37681016, 48.40351952 ], [ 17.37678219, 48.40355475 ], [ 17.37674142, 48.40359763 ], [ 17.37672567, 48.40359028 ], [ 17.37672563, 48.40356281 ], [ 17.37670301, 48.40356622 ], [ 17.37665594, 48.40357345 ], [ 17.37663979, 48.40354484 ], [ 17.37663322, 48.40353321 ], [ 17.37662341, 48.40351594 ], [ 17.37657673, 48.40353441 ], [ 17.37655947, 48.40354747 ], [ 17.37656221, 48.40364334 ], [ 17.37653965, 48.40366392 ], [ 17.37645243, 48.40368119 ], [ 17.37642522, 48.40371674 ], [ 17.37651341, 48.40375474 ], [ 17.37653173, 48.40381296 ], [ 17.37652385, 48.40385826 ], [ 17.37649346, 48.40388772 ], [ 17.37648921, 48.40390561 ], [ 17.37652259, 48.40392134 ], [ 17.37652111, 48.40393696 ], [ 17.37645372, 48.403967 ], [ 17.37650656, 48.40401653 ], [ 17.37647772, 48.40403272 ], [ 17.37647723, 48.40404715 ], [ 17.37650033, 48.40406727 ], [ 17.37646717, 48.4042274 ], [ 17.37639612, 48.40430726 ], [ 17.37641411, 48.40434928 ], [ 17.37642923, 48.40438487 ], [ 17.37637352, 48.40441215 ], [ 17.37641778, 48.40443048 ], [ 17.37636025, 48.40449415 ], [ 17.37638161, 48.40452888 ], [ 17.37632479, 48.40456087 ], [ 17.37632864, 48.4046326 ], [ 17.37633664, 48.40465761 ], [ 17.37627789, 48.40486623 ], [ 17.37631336, 48.40490098 ], [ 17.37631574, 48.40497442 ], [ 17.37617163, 48.40504446 ], [ 17.37618128, 48.40505178 ], [ 17.37606525, 48.40510621 ], [ 17.37607399, 48.4051206 ], [ 17.37609549, 48.40515625 ], [ 17.37608258, 48.40517204 ], [ 17.37606937, 48.40518807 ], [ 17.37602392, 48.4052434 ], [ 17.37589613, 48.40535751 ], [ 17.37587738, 48.40537427 ], [ 17.37583867, 48.40540871 ], [ 17.37582177, 48.40543689 ], [ 17.3758029, 48.40546828 ], [ 17.3757731, 48.40553257 ], [ 17.37571243, 48.40560091 ], [ 17.3755677, 48.40576851 ], [ 17.37547706, 48.40582378 ], [ 17.37538319, 48.40596477 ], [ 17.37530716, 48.40599723 ], [ 17.375259, 48.40607009 ], [ 17.37524008, 48.40609632 ], [ 17.3752805, 48.40624237 ], [ 17.37511225, 48.40646834 ], [ 17.37515345, 48.40652967 ], [ 17.37518766, 48.40658042 ], [ 17.37562146, 48.40688302 ], [ 17.37472926, 48.40756804 ], [ 17.37471041, 48.40758182 ], [ 17.37400345, 48.40812926 ], [ 17.37439637, 48.40839053 ], [ 17.37421948, 48.40850994 ], [ 17.37420499, 48.40851894 ], [ 17.37322129, 48.40918805 ], [ 17.37300101, 48.40943547 ], [ 17.37272248, 48.40963311 ], [ 17.37232787, 48.40989285 ], [ 17.37203514, 48.41005604 ], [ 17.37117282, 48.41046701 ], [ 17.37110594, 48.41049256 ], [ 17.37065246, 48.41069659 ], [ 17.36998873, 48.4109827 ], [ 17.36986885, 48.41101519 ], [ 17.36983588, 48.41103084 ], [ 17.36981793, 48.41103934 ], [ 17.36985668, 48.41106473 ], [ 17.3698635, 48.41106915 ], [ 17.36998187, 48.41114654 ], [ 17.37010144, 48.4112278 ], [ 17.37033341, 48.4113828 ], [ 17.37048529, 48.41147511 ], [ 17.37047313, 48.4114895 ], [ 17.37045886, 48.41150628 ], [ 17.37043436, 48.41153532 ], [ 17.37040634, 48.41157172 ], [ 17.37037515, 48.41161216 ], [ 17.37015643, 48.41189583 ], [ 17.37012975, 48.41193782 ], [ 17.3699557, 48.4120304 ], [ 17.36987794, 48.41205704 ], [ 17.36939252, 48.41222339 ], [ 17.36923553, 48.41231156 ], [ 17.36902967, 48.41250868 ], [ 17.36882906, 48.4125585 ], [ 17.36830276, 48.41255698 ], [ 17.36795627, 48.41259177 ], [ 17.36748275, 48.41255628 ], [ 17.36740287, 48.41255026 ], [ 17.36666194, 48.41280538 ], [ 17.36639787, 48.41289533 ], [ 17.36623753, 48.41294994 ], [ 17.36596856, 48.41304454 ], [ 17.36587331, 48.4131614 ], [ 17.36563303, 48.4133617 ], [ 17.36553571, 48.41344282 ], [ 17.36515377, 48.41374602 ], [ 17.36485053, 48.41384932 ], [ 17.36458219, 48.41399582 ], [ 17.36412711, 48.41437621 ], [ 17.36397921, 48.41453256 ], [ 17.36389334, 48.41462347 ], [ 17.36388466, 48.41463727 ], [ 17.36380657, 48.41476203 ], [ 17.36370808, 48.41493127 ], [ 17.3636704, 48.41499171 ], [ 17.36359072, 48.41516968 ], [ 17.36360765, 48.41525012 ], [ 17.36367222, 48.41542657 ], [ 17.36360327, 48.41575561 ], [ 17.36358289, 48.41582214 ], [ 17.36352425, 48.41601296 ], [ 17.36339514, 48.41630256 ], [ 17.36348789, 48.4163715 ], [ 17.36350086, 48.41639404 ], [ 17.36353049, 48.4164454 ], [ 17.36356752, 48.41655716 ], [ 17.36351025, 48.41657276 ], [ 17.36342172, 48.41659689 ], [ 17.36328949, 48.4166292 ], [ 17.3631585, 48.41668084 ], [ 17.36297661, 48.41677018 ], [ 17.36259149, 48.41695551 ], [ 17.36248402, 48.41701419 ], [ 17.36239456, 48.41706302 ], [ 17.36227874, 48.41711945 ], [ 17.36209769, 48.41720767 ], [ 17.36204411, 48.41709772 ], [ 17.36195776, 48.41692916 ], [ 17.36184762, 48.41672208 ], [ 17.36182728, 48.41652738 ], [ 17.36173014, 48.41649935 ], [ 17.36163415, 48.41646263 ], [ 17.36157759, 48.41635909 ], [ 17.36152673, 48.41626016 ], [ 17.36152218, 48.41624676 ], [ 17.36152117, 48.41623151 ], [ 17.36151675, 48.41619427 ], [ 17.36153075, 48.415878 ], [ 17.36204966, 48.41568378 ], [ 17.3619986, 48.41563048 ], [ 17.36156328, 48.41523492 ], [ 17.36137488, 48.41531597 ], [ 17.36121294, 48.41497304 ], [ 17.36119408, 48.41494072 ], [ 17.36105637, 48.41470429 ], [ 17.36102576, 48.41457849 ], [ 17.36114205, 48.41447737 ], [ 17.36119453, 48.41438745 ], [ 17.36115847, 48.4143438 ], [ 17.36147213, 48.41394498 ], [ 17.36117342, 48.41375379 ], [ 17.36139717, 48.41356634 ], [ 17.36138242, 48.41353284 ], [ 17.36133158, 48.41339045 ], [ 17.36138888, 48.41328991 ], [ 17.36144035, 48.41318465 ], [ 17.36107598, 48.41283935 ], [ 17.36078262, 48.41278975 ], [ 17.3605457, 48.41286483 ], [ 17.36032376, 48.41332567 ], [ 17.36010921, 48.41377686 ], [ 17.36017225, 48.41396171 ], [ 17.36017468, 48.41405675 ], [ 17.36006079, 48.41428625 ], [ 17.3600641, 48.41433843 ], [ 17.36010027, 48.41441263 ], [ 17.36016331, 48.41479374 ], [ 17.3601666, 48.41488848 ], [ 17.36001888, 48.41517623 ], [ 17.35996159, 48.41528129 ], [ 17.35953964, 48.41586778 ], [ 17.35948042, 48.41595464 ], [ 17.35933445, 48.41623229 ], [ 17.35929702, 48.41631126 ], [ 17.35922376, 48.41643444 ], [ 17.35913344, 48.41658035 ], [ 17.35905166, 48.41671255 ], [ 17.35882744, 48.41681548 ], [ 17.35825737, 48.41707385 ], [ 17.35798773, 48.41713956 ], [ 17.35784648, 48.41717507 ], [ 17.35764691, 48.41722674 ], [ 17.35750399, 48.41725879 ], [ 17.35691134, 48.41741239 ], [ 17.35675952, 48.41745146 ], [ 17.35661759, 48.41748601 ], [ 17.35641969, 48.41754385 ], [ 17.35610621, 48.41769326 ], [ 17.35579678, 48.41784005 ], [ 17.35569848, 48.4179774 ], [ 17.35548506, 48.4180991 ], [ 17.35523779, 48.41816862 ], [ 17.35511312, 48.4182371 ], [ 17.3549892, 48.41837323 ], [ 17.35476308, 48.41849356 ], [ 17.35465898, 48.41867481 ], [ 17.35460029, 48.4187571 ], [ 17.35449872, 48.41890183 ], [ 17.3544051, 48.41903225 ], [ 17.35431629, 48.41915305 ], [ 17.35415651, 48.4193482 ], [ 17.35406108, 48.41946143 ], [ 17.35395598, 48.41958686 ], [ 17.35369017, 48.41990267 ], [ 17.35358887, 48.41989081 ], [ 17.35341195, 48.41987167 ], [ 17.35325509, 48.41975054 ], [ 17.35315722, 48.41967502 ], [ 17.35294198, 48.41950878 ], [ 17.35280196, 48.41949629 ], [ 17.35259787, 48.41947726 ], [ 17.35228345, 48.41949666 ], [ 17.3520953, 48.41950488 ], [ 17.35196487, 48.41951108 ], [ 17.3517622, 48.41952016 ], [ 17.35122937, 48.4195449 ], [ 17.35094382, 48.41955813 ], [ 17.35014289, 48.41956525 ], [ 17.34974948, 48.41967373 ], [ 17.34960828, 48.41970878 ], [ 17.3495148, 48.41973602 ], [ 17.34949826, 48.41973584 ], [ 17.34939975, 48.41971892 ], [ 17.34884176, 48.41962344 ], [ 17.34870861, 48.41960018 ], [ 17.34819394, 48.41951015 ], [ 17.34662189, 48.41943357 ], [ 17.34635161, 48.41955678 ], [ 17.3461124, 48.4196635 ], [ 17.34591681, 48.41975155 ], [ 17.34557796, 48.41990787 ], [ 17.34546135, 48.42001356 ], [ 17.34536055, 48.42009499 ], [ 17.34529606, 48.42014833 ], [ 17.34524277, 48.42019392 ], [ 17.3451808, 48.4202017 ], [ 17.34507674, 48.42021776 ], [ 17.34501012, 48.42022669 ], [ 17.34478324, 48.42026001 ], [ 17.34455831, 48.42029473 ], [ 17.34448205, 48.42030646 ], [ 17.34415289, 48.42035388 ], [ 17.34384547, 48.42046182 ], [ 17.34362059, 48.42053947 ], [ 17.34325596, 48.42057887 ], [ 17.34281681, 48.42062822 ], [ 17.34268871, 48.4206812 ], [ 17.34239216, 48.42080747 ], [ 17.34232927, 48.42083616 ], [ 17.34216797, 48.42101646 ], [ 17.34199141, 48.42120814 ], [ 17.34175756, 48.42146322 ], [ 17.34166782, 48.42156154 ], [ 17.3413716, 48.42188962 ], [ 17.34127496, 48.42199608 ], [ 17.34123504, 48.42216435 ], [ 17.34120409, 48.42229851 ], [ 17.3411878, 48.42236928 ], [ 17.34118513, 48.42238094 ], [ 17.34114384, 48.42255383 ], [ 17.34109917, 48.42273037 ], [ 17.3407464, 48.42294667 ], [ 17.34052413, 48.42307915 ], [ 17.34037519, 48.42316556 ], [ 17.34012551, 48.42331441 ], [ 17.33994817, 48.42341938 ], [ 17.3398392, 48.42344939 ], [ 17.33949186, 48.42354612 ], [ 17.33925222, 48.42361231 ], [ 17.33897501, 48.42369023 ], [ 17.33871946, 48.42376116 ], [ 17.33866731, 48.42380907 ], [ 17.33855251, 48.42391244 ], [ 17.33842664, 48.42402276 ], [ 17.33822045, 48.42420627 ], [ 17.33808004, 48.42433226 ], [ 17.33795361, 48.42444635 ], [ 17.33783572, 48.42455141 ], [ 17.33771546, 48.42465776 ], [ 17.33762956, 48.42472542 ], [ 17.33756402, 48.42477111 ], [ 17.3373944, 48.42487703 ], [ 17.33728852, 48.42494393 ], [ 17.33723344, 48.42503548 ], [ 17.3371205, 48.42522274 ], [ 17.33703193, 48.42536731 ], [ 17.33700414, 48.42541935 ], [ 17.33697798, 48.42543191 ], [ 17.33693991, 48.42544695 ], [ 17.33688143, 48.42547331 ], [ 17.3368586, 48.42548356 ], [ 17.33670436, 48.42555244 ], [ 17.33659704, 48.42560063 ], [ 17.33649518, 48.42564493 ], [ 17.33626725, 48.42574848 ], [ 17.33619585, 48.42578049 ], [ 17.33613721, 48.42580422 ], [ 17.3360517, 48.42583531 ], [ 17.33595864, 48.42586871 ], [ 17.33588714, 48.42589683 ], [ 17.33575681, 48.42594541 ], [ 17.33572522, 48.42605711 ], [ 17.3357121, 48.42609719 ], [ 17.33566864, 48.42619284 ], [ 17.33564933, 48.42628484 ], [ 17.33561365, 48.42646287 ], [ 17.33555169, 48.42671302 ], [ 17.33543348, 48.42677143 ], [ 17.33523876, 48.42686242 ], [ 17.33513177, 48.42689825 ], [ 17.33502505, 48.4269322 ], [ 17.33488963, 48.42697566 ], [ 17.33466751, 48.42704443 ], [ 17.3345146, 48.42709053 ], [ 17.33438801, 48.42712752 ], [ 17.33395976, 48.42725789 ], [ 17.33388652, 48.42726927 ], [ 17.33368392, 48.4272832 ], [ 17.33352329, 48.42729879 ], [ 17.33324975, 48.42738561 ], [ 17.3329976, 48.42747284 ], [ 17.33290891, 48.42750607 ], [ 17.33286674, 48.42750936 ], [ 17.33248788, 48.42753895 ], [ 17.33216696, 48.4275688 ], [ 17.33188775, 48.42759199 ], [ 17.33166381, 48.42760967 ], [ 17.33162649, 48.42763524 ], [ 17.3314422, 48.42776125 ], [ 17.3312916, 48.42786417 ], [ 17.33091498, 48.42812551 ], [ 17.33072384, 48.42821148 ], [ 17.3304165, 48.42835509 ], [ 17.33030724, 48.428397 ], [ 17.33000947, 48.42849696 ], [ 17.32968233, 48.42860737 ], [ 17.32952074, 48.42866338 ], [ 17.32928611, 48.42874317 ], [ 17.32906353, 48.42881949 ], [ 17.32896015, 48.42888411 ], [ 17.32882121, 48.42896691 ], [ 17.32858358, 48.42912385 ], [ 17.32848626, 48.42919419 ], [ 17.32806584, 48.42910446 ], [ 17.32750359, 48.42898854 ], [ 17.32728944, 48.42894459 ], [ 17.32702083, 48.42888695 ], [ 17.3269444, 48.4288758 ], [ 17.32685227, 48.42885973 ], [ 17.32656265, 48.42880739 ], [ 17.32633806, 48.42876701 ], [ 17.32568904, 48.42865117 ], [ 17.32531002, 48.42857896 ], [ 17.32528968, 48.4285751 ], [ 17.32525587, 48.42856963 ], [ 17.32525442, 48.42858951 ], [ 17.32523783, 48.42867219 ], [ 17.32517196, 48.42892822 ], [ 17.32512021, 48.42913006 ], [ 17.32496212, 48.42925506 ], [ 17.3246245, 48.42933152 ], [ 17.32353029, 48.43012586 ], [ 17.32292796, 48.43030171 ], [ 17.32232178, 48.43083173 ], [ 17.32131007, 48.43119787 ], [ 17.32042514, 48.43108668 ], [ 17.31968016, 48.43113902 ], [ 17.31954341, 48.431184 ], [ 17.319512, 48.43119432 ], [ 17.31951885, 48.43137632 ], [ 17.3194648, 48.43208027 ], [ 17.31953167, 48.432287 ], [ 17.31941784, 48.43279861 ], [ 17.31927064, 48.43302409 ], [ 17.31905464, 48.43321705 ], [ 17.31876515, 48.43366589 ], [ 17.31860314, 48.43389221 ], [ 17.31858492, 48.43390891 ], [ 17.31849937, 48.43401698 ], [ 17.3182398, 48.4341768 ], [ 17.31793609, 48.4344493 ], [ 17.31775947, 48.43469997 ], [ 17.31741826, 48.43546189 ], [ 17.3174129, 48.4354825 ], [ 17.31738343, 48.43550813 ], [ 17.3172673, 48.43563742 ], [ 17.31716434, 48.43579243 ], [ 17.31711821, 48.43600927 ], [ 17.31677286, 48.43662127 ], [ 17.31673366, 48.43696083 ], [ 17.31670919, 48.43696284 ], [ 17.31405959, 48.4371813 ], [ 17.30919171, 48.43763426 ], [ 17.30638577, 48.43776718 ], [ 17.3045023, 48.43782023 ], [ 17.30430189, 48.43782902 ], [ 17.30220069, 48.43789221 ], [ 17.30210151, 48.43789518 ], [ 17.30124395, 48.43792093 ], [ 17.30084728, 48.43793523 ], [ 17.29987969, 48.43797028 ], [ 17.29878661, 48.4380098 ], [ 17.29819052, 48.43801803 ], [ 17.29735746, 48.43803605 ], [ 17.29630529, 48.4380589 ], [ 17.29362065, 48.43811707 ], [ 17.29118148, 48.43823047 ], [ 17.29158622, 48.43866968 ], [ 17.29197481, 48.43914442 ], [ 17.29199247, 48.43915263 ], [ 17.29193696, 48.43920347 ], [ 17.29157449, 48.43921602 ], [ 17.29051592, 48.43966152 ], [ 17.2905391, 48.43968374 ], [ 17.29113688, 48.44025694 ], [ 17.29239104, 48.44116761 ], [ 17.2924769, 48.44165973 ], [ 17.29248115, 48.44169508 ], [ 17.29248393, 48.44171749 ], [ 17.29313822, 48.44202518 ], [ 17.29338634, 48.44212221 ], [ 17.29367289, 48.44223579 ], [ 17.29374012, 48.44228422 ], [ 17.29408587, 48.44251764 ], [ 17.29453051, 48.4428999 ], [ 17.29486361, 48.44340929 ], [ 17.29506895, 48.44365714 ], [ 17.29538231, 48.44422903 ], [ 17.29535899, 48.44453295 ], [ 17.29534436, 48.4445939 ], [ 17.29528764, 48.44518553 ], [ 17.29528529, 48.44520951 ], [ 17.29528327, 48.44523134 ], [ 17.29528109, 48.44525424 ], [ 17.29527198, 48.44539588 ], [ 17.29523033, 48.4460487 ], [ 17.29519388, 48.44721201 ], [ 17.29526698, 48.44727674 ], [ 17.29583453, 48.44775727 ], [ 17.29650881, 48.44832859 ], [ 17.29683239, 48.44864386 ], [ 17.29696398, 48.44875744 ], [ 17.29780252, 48.4492895 ], [ 17.29832946, 48.44981506 ], [ 17.29833597, 48.44982154 ], [ 17.2983583, 48.44983765 ], [ 17.29885388, 48.45017579 ], [ 17.29939123, 48.45047972 ], [ 17.29946817, 48.45054244 ], [ 17.29956405, 48.4506167 ], [ 17.30005373, 48.45099738 ], [ 17.30038604, 48.45122121 ], [ 17.30065612, 48.45144149 ], [ 17.30078058, 48.45156381 ], [ 17.3011959, 48.4519733 ], [ 17.30149293, 48.45226187 ], [ 17.30152625, 48.45229912 ], [ 17.30155736, 48.45232656 ], [ 17.30159652, 48.45236104 ], [ 17.30167607, 48.45242727 ], [ 17.30247956, 48.45309633 ], [ 17.30284853, 48.4533973 ], [ 17.30302313, 48.45354072 ], [ 17.30320269, 48.45368826 ], [ 17.30365211, 48.45399642 ], [ 17.30423565, 48.45403558 ], [ 17.30428568, 48.45403896 ], [ 17.304359, 48.45404387 ], [ 17.30442394, 48.45404931 ], [ 17.30488362, 48.45407537 ], [ 17.30552159, 48.45416428 ], [ 17.30585526, 48.45426673 ], [ 17.30594489, 48.45435476 ], [ 17.30607411, 48.45449646 ], [ 17.3068337, 48.45506374 ], [ 17.30689445, 48.45517798 ], [ 17.30695689, 48.45525339 ], [ 17.30720658, 48.45534778 ], [ 17.30768709, 48.45563988 ], [ 17.30876056, 48.4560744 ], [ 17.30908263, 48.45612972 ], [ 17.31002467, 48.45628195 ], [ 17.31050832, 48.45627386 ] ] ] ] } }
]
}
