{
"type": "FeatureCollection",
"name": "gis",
"crs": { "type": "name", "properties": { "name": "urn:ogc:def:crs:OGC:1.3:CRS84" } },
"features": [
{ "type": "Feature", "properties": { "place_id": 182794284, "osm_type": "relation", "osm_id": 6757027, "place_rank": 25, "category": "boundary", "type": "national_park", "importance": 0.49285818174882112, "addresstype": "national_park", "name": "Tatranský národný park", "display_name": "Tatranský národný park, okres Poprad, Prešovský kraj, Slovensko" }, "geometry": { "type": "Polygon", "coordinates": [ [ [ 19.5738595, 49.1727188 ], [ 19.5746231, 49.1722181 ], [ 19.5759807, 49.1722327 ], [ 19.576064, 49.1719213 ], [ 19.5764143, 49.1721226 ], [ 19.5796803, 49.1718227 ], [ 19.5781575, 49.1711902 ], [ 19.5810885, 49.1711222 ], [ 19.5845405, 49.170619 ], [ 19.584579, 49.170207 ], [ 19.5852397, 49.1704567 ], [ 19.5875055, 49.1699637 ], [ 19.5925242, 49.1682503 ], [ 19.5937428, 49.1672771 ], [ 19.5945767, 49.1672426 ], [ 19.5945539, 49.1675065 ], [ 19.5949974, 49.1670645 ], [ 19.598371, 49.1665306 ], [ 19.5984184, 49.1661647 ], [ 19.6025364, 49.1645324 ], [ 19.602475, 49.1632874 ], [ 19.6012887, 49.1613607 ], [ 19.6026823, 49.1602777 ], [ 19.6044308, 49.1612762 ], [ 19.6049913, 49.1615765 ], [ 19.6052975, 49.1614776 ], [ 19.6061751, 49.1612026 ], [ 19.606749, 49.1610213 ], [ 19.6069747, 49.16095 ], [ 19.6087623, 49.1612764 ], [ 19.6118373, 49.1624241 ], [ 19.6120169, 49.1624911 ], [ 19.6138352, 49.1625562 ], [ 19.6169281, 49.1640726 ], [ 19.6194529, 49.1640628 ], [ 19.622937, 49.1655298 ], [ 19.6232295, 49.1655369 ], [ 19.625627, 49.1655954 ], [ 19.6268552, 49.165281 ], [ 19.6299123, 49.1654396 ], [ 19.6312195, 49.1649608 ], [ 19.6316207, 49.16529 ], [ 19.632296, 49.1651511 ], [ 19.6327125, 49.16538 ], [ 19.6345546, 49.1651593 ], [ 19.6366951, 49.1643868 ], [ 19.6383042, 49.164385 ], [ 19.6385339, 49.1628307 ], [ 19.640746, 49.1609706 ], [ 19.6465483, 49.1626222 ], [ 19.6475065, 49.1622967 ], [ 19.6475533, 49.1618644 ], [ 19.6482606, 49.1615021 ], [ 19.6500303, 49.1615057 ], [ 19.6484221, 49.1609598 ], [ 19.6485759, 49.1607517 ], [ 19.6488414, 49.1609265 ], [ 19.6493779, 49.1605199 ], [ 19.6503675, 49.1607165 ], [ 19.6527467, 49.1603614 ], [ 19.6536045, 49.1591693 ], [ 19.656672, 49.1609748 ], [ 19.6602583, 49.1597738 ], [ 19.6628923, 49.1578742 ], [ 19.6641642, 49.1575703 ], [ 19.6650311, 49.1571885 ], [ 19.6697947, 49.1548379 ], [ 19.6744652, 49.1531388 ], [ 19.6743768, 49.153912 ], [ 19.675508, 49.1529251 ], [ 19.6776048, 49.152396 ], [ 19.6789464, 49.1503855 ], [ 19.6810306, 49.1495733 ], [ 19.6813873, 49.1493881 ], [ 19.6822183, 49.1489565 ], [ 19.682613, 49.1488118 ], [ 19.6827777, 49.1487344 ], [ 19.6828587, 49.1486876 ], [ 19.6829481, 49.1486417 ], [ 19.683058, 49.148586 ], [ 19.6831782, 49.1485167 ], [ 19.6832947, 49.1484476 ], [ 19.6834012, 49.1483832 ], [ 19.6835122, 49.1483193 ], [ 19.6837355, 49.1481985 ], [ 19.6838615, 49.1481343 ], [ 19.6839677, 49.1480758 ], [ 19.6840652, 49.1480177 ], [ 19.6841664, 49.14796 ], [ 19.6842509, 49.1479131 ], [ 19.6843262, 49.147874 ], [ 19.6844098, 49.1478361 ], [ 19.6847427, 49.147703 ], [ 19.6854292, 49.1475002 ], [ 19.6859527, 49.1471184 ], [ 19.6862485, 49.147003 ], [ 19.6862862, 49.1469922 ], [ 19.6863268, 49.1469808 ], [ 19.6886668, 49.1461959 ], [ 19.6890054, 49.14614 ], [ 19.6895161, 49.1460836 ], [ 19.6905849, 49.1459381 ], [ 19.6937566, 49.1446186 ], [ 19.6943671, 49.1441601 ], [ 19.6985319, 49.1440733 ], [ 19.7003521, 49.1449529 ], [ 19.7004603, 49.1435319 ], [ 19.7032688, 49.1414861 ], [ 19.7039824, 49.1413422 ], [ 19.7104144, 49.1410738 ], [ 19.718195, 49.1398336 ], [ 19.7185836, 49.1395677 ], [ 19.7201174, 49.1394959 ], [ 19.7203983, 49.1394706 ], [ 19.7205867, 49.1396782 ], [ 19.7248796, 49.1389092 ], [ 19.7298562, 49.136882 ], [ 19.730015, 49.1368173 ], [ 19.7322561, 49.1359045 ], [ 19.7366323, 49.1351113 ], [ 19.7373544, 49.1345129 ], [ 19.7387739, 49.134566 ], [ 19.7405107, 49.1342071 ], [ 19.741452, 49.1334174 ], [ 19.7447198, 49.1345507 ], [ 19.7447613, 49.1345499 ], [ 19.7501074, 49.1344525 ], [ 19.7575076, 49.1337593 ], [ 19.7608255, 49.1338498 ], [ 19.762273, 49.1342569 ], [ 19.7627118, 49.1339568 ], [ 19.7630644, 49.133994 ], [ 19.7777928, 49.1336483 ], [ 19.7785071, 49.1344037 ], [ 19.7795225, 49.1347056 ], [ 19.7854937, 49.1351095 ], [ 19.7851333, 49.1344972 ], [ 19.7842757, 49.1340534 ], [ 19.7846188, 49.1339128 ], [ 19.7846835, 49.1339085 ], [ 19.7870172, 49.1342088 ], [ 19.7896436, 49.1336877 ], [ 19.7907038, 49.1336579 ], [ 19.791179, 49.1337316 ], [ 19.7914134, 49.1341128 ], [ 19.7914679, 49.1344223 ], [ 19.791729, 49.1345833 ], [ 19.7920909, 49.1346249 ], [ 19.7930708, 49.1336186 ], [ 19.7966701, 49.1337731 ], [ 19.8005156, 49.134443 ], [ 19.8088666, 49.1369094 ], [ 19.809158, 49.1357742 ], [ 19.8074458, 49.1350235 ], [ 19.8052765, 49.1330376 ], [ 19.8051149, 49.1322659 ], [ 19.8057588, 49.1315602 ], [ 19.8076169, 49.1304616 ], [ 19.8109752, 49.1294524 ], [ 19.813693, 49.1293059 ], [ 19.8194124, 49.1296141 ], [ 19.8191489, 49.1291771 ], [ 19.8199104, 49.1290408 ], [ 19.8203973, 49.1291985 ], [ 19.8206522, 49.1297893 ], [ 19.8203112, 49.1305616 ], [ 19.8254224, 49.1307435 ], [ 19.8268013, 49.130997 ], [ 19.8278297, 49.1316993 ], [ 19.8299526, 49.1312602 ], [ 19.8303967, 49.1316235 ], [ 19.828839, 49.1321772 ], [ 19.8279338, 49.1331432 ], [ 19.8264559, 49.1336883 ], [ 19.8240436, 49.1357077 ], [ 19.8233741, 49.1372287 ], [ 19.822212, 49.1379573 ], [ 19.8233504, 49.139195 ], [ 19.8297063, 49.1384064 ], [ 19.8296908, 49.1378043 ], [ 19.8310096, 49.1381017 ], [ 19.8316605, 49.1379525 ], [ 19.8311448, 49.1359843 ], [ 19.8315329, 49.1338214 ], [ 19.8322873, 49.1333938 ], [ 19.8328949, 49.1336817 ], [ 19.8328249, 49.1357963 ], [ 19.8347701, 49.1353396 ], [ 19.8356238, 49.1351392 ], [ 19.8364323, 49.1347464 ], [ 19.836066, 49.1325936 ], [ 19.8362081, 49.1317081 ], [ 19.8367892, 49.131581 ], [ 19.8382413, 49.1316232 ], [ 19.8408966, 49.1324585 ], [ 19.8418477, 49.1324527 ], [ 19.8450023, 49.1325446 ], [ 19.8467196, 49.1331201 ], [ 19.8469262, 49.1331893 ], [ 19.8482521, 49.1345667 ], [ 19.8491268, 49.1349542 ], [ 19.8493628, 49.1346939 ], [ 19.849673, 49.1354761 ], [ 19.8517074, 49.1358069 ], [ 19.8535989, 49.1355136 ], [ 19.8552757, 49.131773 ], [ 19.8549386, 49.1307941 ], [ 19.8560734, 49.128168 ], [ 19.8558811, 49.1271488 ], [ 19.856958, 49.1259049 ], [ 19.856401, 49.1242732 ], [ 19.8580722, 49.1228045 ], [ 19.8589748, 49.1224293 ], [ 19.8602314, 49.1209782 ], [ 19.8661491, 49.1222074 ], [ 19.868648, 49.1235224 ], [ 19.8698201, 49.1238179 ], [ 19.8722777, 49.1243279 ], [ 19.8726964, 49.12434 ], [ 19.8733, 49.1243574 ], [ 19.8766725, 49.1244547 ], [ 19.8791874, 49.1252999 ], [ 19.8799612, 49.12556 ], [ 19.8871991, 49.1271841 ], [ 19.8906309, 49.1299323 ], [ 19.8928455, 49.1334341 ], [ 19.8937103, 49.1342527 ], [ 19.8960233, 49.136442 ], [ 19.8968525, 49.1356161 ], [ 19.8962176, 49.1340931 ], [ 19.8964433, 49.1326706 ], [ 19.8958896, 49.1318187 ], [ 19.8950102, 49.1314116 ], [ 19.8969424, 49.1304633 ], [ 19.8984839, 49.1314936 ], [ 19.8989246, 49.1313754 ], [ 19.9001758, 49.1292481 ], [ 19.9062997, 49.1266824 ], [ 19.9064257, 49.1258994 ], [ 19.9085854, 49.1245021 ], [ 19.9097152, 49.122981 ], [ 19.9131476, 49.1209777 ], [ 19.9140397, 49.1220048 ], [ 19.9143493, 49.1237233 ], [ 19.9149511, 49.1243359 ], [ 19.9141577, 49.1273032 ], [ 19.915012, 49.1292921 ], [ 19.9149439, 49.1302887 ], [ 19.9191929, 49.1325915 ], [ 19.9231459, 49.1326614 ], [ 19.9247837, 49.1323363 ], [ 19.9424416, 49.1324127 ], [ 19.9461541, 49.1306706 ], [ 19.9494674, 49.1281153 ], [ 19.9476659, 49.1255938 ], [ 19.9483596, 49.1226224 ], [ 19.9479199, 49.1203675 ], [ 19.9473092, 49.1196901 ], [ 19.948161, 49.1181171 ], [ 19.9502508, 49.1166241 ], [ 19.9502126, 49.1157982 ], [ 19.9516712, 49.1141541 ], [ 19.9524819, 49.1093373 ], [ 19.952925, 49.1089377 ], [ 19.9543279, 49.1092542 ], [ 19.9550932, 49.1099542 ], [ 19.9572872, 49.1098214 ], [ 19.9571905, 49.1105655 ], [ 19.9565418, 49.1111898 ], [ 19.9568935, 49.1116068 ], [ 19.9578661, 49.1115593 ], [ 19.9576886, 49.1109887 ], [ 19.9597168, 49.1105432 ], [ 19.9608224, 49.1112736 ], [ 19.9637852, 49.111908 ], [ 19.9648492, 49.1125856 ], [ 19.9651333, 49.1133216 ], [ 19.9661619, 49.1135822 ], [ 19.9644957, 49.1142119 ], [ 19.9652116, 49.1154246 ], [ 19.967004, 49.1165298 ], [ 19.9695332, 49.1164822 ], [ 19.97052, 49.1167965 ], [ 19.9712165, 49.1158036 ], [ 19.9708696, 49.1145747 ], [ 19.9714569, 49.1142048 ], [ 19.9707483, 49.1125345 ], [ 19.9715092, 49.1122598 ], [ 19.9720674, 49.1114387 ], [ 19.9717861, 49.1107996 ], [ 19.9732873, 49.1093414 ], [ 19.9741851, 49.1087993 ], [ 19.9749233, 49.1090229 ], [ 19.9744451, 49.1083917 ], [ 19.9746965, 49.1080723 ], [ 19.9763433, 49.1081485 ], [ 19.9786208, 49.1072773 ], [ 19.9811562, 49.1074143 ], [ 19.9824515, 49.1079585 ], [ 19.9873461, 49.1082815 ], [ 19.9886081, 49.109299 ], [ 19.992233, 49.1093201 ], [ 19.992843, 49.1088385 ], [ 19.9929249, 49.1069035 ], [ 19.991682, 49.1054149 ], [ 19.9982263, 49.1040818 ], [ 20.0049825, 49.103259 ], [ 20.0054652, 49.1033353 ], [ 20.005463, 49.1041235 ], [ 20.0058366, 49.1043159 ], [ 20.0055839, 49.1055443 ], [ 20.0075293, 49.1050616 ], [ 20.0093164, 49.105972 ], [ 20.0110605, 49.1064383 ], [ 20.0111192, 49.1054433 ], [ 20.0131476, 49.1058965 ], [ 20.0171409, 49.1056359 ], [ 20.0174184, 49.1059369 ], [ 20.0162132, 49.1072626 ], [ 20.0193901, 49.1085041 ], [ 20.0196217, 49.1091572 ], [ 20.0207789, 49.1089717 ], [ 20.0213569, 49.1094622 ], [ 20.0236108, 49.1097243 ], [ 20.0262237, 49.1107171 ], [ 20.0269392, 49.110795 ], [ 20.0277214, 49.1104314 ], [ 20.0272361, 49.1083297 ], [ 20.0282446, 49.109956 ], [ 20.0307375, 49.1095121 ], [ 20.0325094, 49.1096899 ], [ 20.0331629, 49.1101539 ], [ 20.0352256, 49.1099872 ], [ 20.0372907, 49.1085039 ], [ 20.0394707, 49.1082562 ], [ 20.040039, 49.1079499 ], [ 20.0423795, 49.1042177 ], [ 20.04518, 49.1042691 ], [ 20.0462508, 49.1039948 ], [ 20.0465057, 49.1024416 ], [ 20.047579, 49.1021842 ], [ 20.0486769, 49.101381 ], [ 20.0519097, 49.1015227 ], [ 20.0514284, 49.1004008 ], [ 20.052573, 49.0981555 ], [ 20.0532441, 49.0986981 ], [ 20.0557978, 49.0974764 ], [ 20.0579308, 49.0978461 ], [ 20.062718, 49.0996765 ], [ 20.0629923, 49.101433 ], [ 20.0704804, 49.0971357 ], [ 20.0729173, 49.0976608 ], [ 20.0739883, 49.0965701 ], [ 20.0742061, 49.0942704 ], [ 20.0754885, 49.0937915 ], [ 20.0760047, 49.0928659 ], [ 20.0769105, 49.0904146 ], [ 20.0771919, 49.0861469 ], [ 20.0783677, 49.0832989 ], [ 20.092039, 49.0854538 ], [ 20.0924653, 49.0845702 ], [ 20.0940288, 49.0860412 ], [ 20.0938096, 49.0865471 ], [ 20.0959333, 49.0876627 ], [ 20.0968974, 49.0888681 ], [ 20.0955811, 49.0902304 ], [ 20.095108, 49.0916108 ], [ 20.0979639, 49.0918472 ], [ 20.1005449, 49.091622 ], [ 20.1010254, 49.0913591 ], [ 20.1015858, 49.0907335 ], [ 20.1019909, 49.0908602 ], [ 20.1023084, 49.0911075 ], [ 20.1067835, 49.0898802 ], [ 20.107342, 49.0901924 ], [ 20.1073441, 49.0906911 ], [ 20.1084237, 49.0905419 ], [ 20.1095144, 49.0914467 ], [ 20.1108757, 49.0935128 ], [ 20.1118884, 49.0926281 ], [ 20.1117539, 49.0914651 ], [ 20.1125724, 49.0910961 ], [ 20.1156956, 49.0880938 ], [ 20.1193887, 49.0861924 ], [ 20.120208, 49.0854213 ], [ 20.1275375, 49.0831284 ], [ 20.1294242, 49.0829877 ], [ 20.1291808, 49.0853266 ], [ 20.1311522, 49.0857202 ], [ 20.1329164, 49.0857112 ], [ 20.1355657, 49.0874997 ], [ 20.1342943, 49.0886547 ], [ 20.1341157, 49.0889933 ], [ 20.1362298, 49.0920115 ], [ 20.1386792, 49.0915438 ], [ 20.1385001, 49.0921825 ], [ 20.1390017, 49.0925762 ], [ 20.1381272, 49.0933466 ], [ 20.1383094, 49.09373 ], [ 20.1377711, 49.0940852 ], [ 20.1373118, 49.0953027 ], [ 20.1377874, 49.0986368 ], [ 20.137427, 49.0995635 ], [ 20.1382058, 49.100857 ], [ 20.137495, 49.1016865 ], [ 20.1382041, 49.1017903 ], [ 20.1381955, 49.1024424 ], [ 20.1410156, 49.1021337 ], [ 20.1416978, 49.1009267 ], [ 20.1409107, 49.0989281 ], [ 20.1413694, 49.0928939 ], [ 20.1429028, 49.0933683 ], [ 20.142901, 49.0906163 ], [ 20.1434216, 49.089092 ], [ 20.1431101, 49.0889874 ], [ 20.1436214, 49.0885425 ], [ 20.1439443, 49.0886671 ], [ 20.1443533, 49.0876271 ], [ 20.1434552, 49.087761 ], [ 20.1441201, 49.0866757 ], [ 20.1460613, 49.0860346 ], [ 20.1465027, 49.0853152 ], [ 20.1484304, 49.0839654 ], [ 20.1487603, 49.0840382 ], [ 20.1486539, 49.0837875 ], [ 20.1494462, 49.0836852 ], [ 20.1544977, 49.0807714 ], [ 20.1561304, 49.0803502 ], [ 20.155974, 49.0809036 ], [ 20.1579766, 49.0816211 ], [ 20.15627, 49.0831552 ], [ 20.1559465, 49.0839424 ], [ 20.1563435, 49.0847141 ], [ 20.1551251, 49.0866428 ], [ 20.1563458, 49.0875105 ], [ 20.1553112, 49.0891044 ], [ 20.1589427, 49.0911511 ], [ 20.1588823, 49.0926515 ], [ 20.1569233, 49.0939311 ], [ 20.1585535, 49.095327 ], [ 20.158584, 49.0958747 ], [ 20.1584229, 49.0966085 ], [ 20.1575278, 49.0971463 ], [ 20.1568085, 49.0983691 ], [ 20.1583745, 49.0993227 ], [ 20.1593728, 49.0991699 ], [ 20.1601804, 49.0997225 ], [ 20.1613609, 49.0990577 ], [ 20.1622758, 49.0993395 ], [ 20.1631178, 49.0982274 ], [ 20.164064, 49.0977559 ], [ 20.1639363, 49.0971806 ], [ 20.1693153, 49.0945114 ], [ 20.169591, 49.0938881 ], [ 20.1741935, 49.0934426 ], [ 20.1765861, 49.0912612 ], [ 20.1767589, 49.0916411 ], [ 20.1751505, 49.0934271 ], [ 20.1758158, 49.0954181 ], [ 20.1762041, 49.094273 ], [ 20.1781291, 49.0927645 ], [ 20.1793185, 49.0942427 ], [ 20.1800745, 49.0939955 ], [ 20.1804587, 49.0933413 ], [ 20.1824154, 49.0929384 ], [ 20.183252, 49.0918257 ], [ 20.1832101, 49.0912437 ], [ 20.1850975, 49.0899775 ], [ 20.1866687, 49.0925903 ], [ 20.1902551, 49.090583 ], [ 20.1919557, 49.0914886 ], [ 20.1933065, 49.0926763 ], [ 20.1940012, 49.0942395 ], [ 20.1932341, 49.0944969 ], [ 20.1931666, 49.095382 ], [ 20.1924507, 49.095612 ], [ 20.1920529, 49.0964166 ], [ 20.1903347, 49.0971525 ], [ 20.1904233, 49.0980178 ], [ 20.191586, 49.098212 ], [ 20.1922631, 49.1005593 ], [ 20.1914539, 49.1011035 ], [ 20.1927173, 49.1030134 ], [ 20.1927218, 49.1036212 ], [ 20.1931789, 49.1036092 ], [ 20.192308, 49.1054834 ], [ 20.1902428, 49.1074731 ], [ 20.1910559, 49.1093592 ], [ 20.1918362, 49.1099131 ], [ 20.1912773, 49.110498 ], [ 20.1930817, 49.1102975 ], [ 20.1928142, 49.1115947 ], [ 20.1925473, 49.1128561 ], [ 20.1933631, 49.11408 ], [ 20.1931506, 49.11489 ], [ 20.1945011, 49.1165273 ], [ 20.19601, 49.1149747 ], [ 20.1966129, 49.1157551 ], [ 20.19739, 49.1154531 ], [ 20.2009622, 49.1116729 ], [ 20.202993, 49.1106147 ], [ 20.2033407, 49.1101114 ], [ 20.2052893, 49.1095492 ], [ 20.2064469, 49.1086534 ], [ 20.2135323, 49.1079581 ], [ 20.2187591, 49.1069508 ], [ 20.2203441, 49.1069181 ], [ 20.2244253, 49.1059387 ], [ 20.2257162, 49.1071533 ], [ 20.2271023, 49.1064382 ], [ 20.2281435, 49.1063123 ], [ 20.2300161, 49.1079331 ], [ 20.2314846, 49.107397 ], [ 20.2321345, 49.1076409 ], [ 20.2338543, 49.1076127 ], [ 20.2378104, 49.1065906 ], [ 20.2406087, 49.107187 ], [ 20.2406845, 49.1069327 ], [ 20.2427906, 49.1065161 ], [ 20.2451699, 49.1064919 ], [ 20.2455039, 49.1069117 ], [ 20.2451659, 49.107455 ], [ 20.2460554, 49.1077746 ], [ 20.2456158, 49.1089773 ], [ 20.2461942, 49.1092639 ], [ 20.2472538, 49.1079588 ], [ 20.2479751, 49.1075981 ], [ 20.2495157, 49.1092148 ], [ 20.2491677, 49.1095256 ], [ 20.2498185, 49.1098902 ], [ 20.2518524, 49.1094931 ], [ 20.2518128, 49.1098632 ], [ 20.2528231, 49.110646 ], [ 20.251777, 49.1108269 ], [ 20.2501763, 49.1123576 ], [ 20.2506589, 49.1122957 ], [ 20.2521809, 49.1134436 ], [ 20.2525075, 49.1131083 ], [ 20.2515187, 49.1122187 ], [ 20.2526487, 49.1128808 ], [ 20.2543121, 49.1114996 ], [ 20.2546965, 49.1126839 ], [ 20.2559913, 49.1141778 ], [ 20.2568388, 49.1137184 ], [ 20.2583111, 49.1142602 ], [ 20.2559759, 49.1159452 ], [ 20.2520237, 49.117198 ], [ 20.2509252, 49.117016 ], [ 20.2488977, 49.1190303 ], [ 20.2459207, 49.1175765 ], [ 20.244162, 49.1180939 ], [ 20.2431333, 49.1190343 ], [ 20.2457228, 49.1199998 ], [ 20.2453719, 49.1206343 ], [ 20.2478137, 49.1219366 ], [ 20.2472527, 49.1228928 ], [ 20.2491564, 49.123908 ], [ 20.248598, 49.1245458 ], [ 20.2515038, 49.1261656 ], [ 20.2531411, 49.1266291 ], [ 20.2525017, 49.1272638 ], [ 20.25222, 49.1271777 ], [ 20.2505426, 49.1291313 ], [ 20.2536352, 49.1303046 ], [ 20.2535836, 49.1303189 ], [ 20.2520809, 49.1307352 ], [ 20.2516567, 49.1314193 ], [ 20.249847, 49.1319113 ], [ 20.2495469, 49.1323855 ], [ 20.2493505, 49.1326958 ], [ 20.2501034, 49.1337054 ], [ 20.2472691, 49.1363539 ], [ 20.248322, 49.1368681 ], [ 20.2500003, 49.1355438 ], [ 20.2507093, 49.1360583 ], [ 20.2501604, 49.1366324 ], [ 20.2506954, 49.1376313 ], [ 20.250101, 49.1380823 ], [ 20.2504487, 49.1388852 ], [ 20.2512496, 49.1393183 ], [ 20.2511028, 49.1396103 ], [ 20.2521216, 49.1410992 ], [ 20.2553532, 49.1404801 ], [ 20.2561354, 49.1406941 ], [ 20.2586408, 49.137561 ], [ 20.26079, 49.1363786 ], [ 20.2615234, 49.1353553 ], [ 20.2630575, 49.1347287 ], [ 20.2642217, 49.1332897 ], [ 20.2668381, 49.1325239 ], [ 20.2677078, 49.1317912 ], [ 20.2695362, 49.1315681 ], [ 20.2727648, 49.1299661 ], [ 20.2736764, 49.1300625 ], [ 20.2757371, 49.1287853 ], [ 20.2782278, 49.1277859 ], [ 20.2805959, 49.1279231 ], [ 20.2838745, 49.1269703 ], [ 20.2822667, 49.124305 ], [ 20.2814745, 49.1218213 ], [ 20.2808919, 49.1218951 ], [ 20.280038, 49.1209049 ], [ 20.2808959, 49.1198204 ], [ 20.2818413, 49.1196642 ], [ 20.2832807, 49.1212241 ], [ 20.2858423, 49.1208092 ], [ 20.28826, 49.1198176 ], [ 20.2893493, 49.1188584 ], [ 20.2891962, 49.1184065 ], [ 20.2916028, 49.1175425 ], [ 20.2924799, 49.1163709 ], [ 20.2921434, 49.1157547 ], [ 20.2929512, 49.1160354 ], [ 20.293635, 49.1148396 ], [ 20.2947818, 49.1139434 ], [ 20.2976465, 49.1138297 ], [ 20.3001613, 49.1127052 ], [ 20.3030069, 49.1133468 ], [ 20.3034001, 49.1140135 ], [ 20.3024572, 49.1153681 ], [ 20.3032262, 49.1156715 ], [ 20.3016269, 49.1169684 ], [ 20.3012073, 49.1187696 ], [ 20.3031357, 49.1203485 ], [ 20.2989883, 49.1235407 ], [ 20.2974082, 49.123262 ], [ 20.2962658, 49.1239735 ], [ 20.295654, 49.1249147 ], [ 20.2940108, 49.1256067 ], [ 20.2935744, 49.1273188 ], [ 20.2922324, 49.1282602 ], [ 20.2917317, 49.1296758 ], [ 20.2898069, 49.1309037 ], [ 20.289726, 49.1313911 ], [ 20.2885683, 49.1313152 ], [ 20.2858712, 49.1327749 ], [ 20.2823107, 49.13322 ], [ 20.2786224, 49.1356324 ], [ 20.276396, 49.1363281 ], [ 20.2784205, 49.1372127 ], [ 20.2852868, 49.1387797 ], [ 20.2834737, 49.1406244 ], [ 20.283699, 49.1410522 ], [ 20.2888715, 49.1410175 ], [ 20.283784, 49.1464405 ], [ 20.2816541, 49.147471 ], [ 20.28162, 49.1480506 ], [ 20.2804359, 49.1482663 ], [ 20.2813495, 49.1494146 ], [ 20.2826077, 49.1488994 ], [ 20.2860119, 49.1537022 ], [ 20.2886467, 49.1566659 ], [ 20.2875616, 49.1575157 ], [ 20.2911025, 49.1569144 ], [ 20.2920332, 49.1560723 ], [ 20.2935277, 49.155653 ], [ 20.2943047, 49.1544733 ], [ 20.2949973, 49.1541665 ], [ 20.2961577, 49.1542075 ], [ 20.2964119, 49.1537909 ], [ 20.2974184, 49.153688 ], [ 20.2973673, 49.1532443 ], [ 20.2990096, 49.1530394 ], [ 20.29929, 49.1532191 ], [ 20.2998285, 49.1527925 ], [ 20.3002167, 49.152887 ], [ 20.3023901, 49.1514847 ], [ 20.3034246, 49.1514338 ], [ 20.3037244, 49.1508336 ], [ 20.3046962, 49.1506854 ], [ 20.306041, 49.1509599 ], [ 20.3086065, 49.150142 ], [ 20.3104403, 49.1503098 ], [ 20.3110193, 49.1496182 ], [ 20.3127998, 49.149705 ], [ 20.3128941, 49.149345 ], [ 20.3146998, 49.1488168 ], [ 20.3149417, 49.1498323 ], [ 20.316638, 49.1507398 ], [ 20.3143487, 49.1516586 ], [ 20.3143499, 49.1525716 ], [ 20.3131289, 49.1528491 ], [ 20.3129063, 49.1534742 ], [ 20.3096459, 49.1556117 ], [ 20.308595, 49.1575973 ], [ 20.3075663, 49.1584769 ], [ 20.3082194, 49.1597441 ], [ 20.3081718, 49.1599668 ], [ 20.3080838, 49.1604214 ], [ 20.308923, 49.1600279 ], [ 20.3116634, 49.1567173 ], [ 20.3141948, 49.1543996 ], [ 20.3190171, 49.1539256 ], [ 20.3209798, 49.1524585 ], [ 20.3292372, 49.1570324 ], [ 20.3224263, 49.1618811 ], [ 20.3285206, 49.1645343 ], [ 20.3254812, 49.1659812 ], [ 20.3283543, 49.1682463 ], [ 20.3349748, 49.1659526 ], [ 20.343141, 49.1610466 ], [ 20.3432444, 49.1618653 ], [ 20.3423286, 49.1632365 ], [ 20.3423538, 49.1638385 ], [ 20.3475978, 49.1606457 ], [ 20.3501408, 49.1626328 ], [ 20.344391, 49.1668243 ], [ 20.3501578, 49.1654086 ], [ 20.3512505, 49.1664771 ], [ 20.3511718, 49.1668652 ], [ 20.3524367, 49.1677677 ], [ 20.3529896, 49.1676065 ], [ 20.3538269, 49.1680932 ], [ 20.3557349, 49.1676871 ], [ 20.3580329, 49.1702441 ], [ 20.3592109, 49.1703895 ], [ 20.3600115, 49.1736019 ], [ 20.3603797, 49.1735774 ], [ 20.3600846, 49.1739391 ], [ 20.3611555, 49.1754774 ], [ 20.3622039, 49.175348 ], [ 20.3636425, 49.1767897 ], [ 20.3659247, 49.1777602 ], [ 20.3663664, 49.1776883 ], [ 20.3673515, 49.1775279 ], [ 20.36765, 49.178159 ], [ 20.360235, 49.1823524 ], [ 20.359181, 49.1833164 ], [ 20.3590175, 49.1839521 ], [ 20.3543005, 49.1866894 ], [ 20.35562, 49.1878946 ], [ 20.3579518, 49.1887135 ], [ 20.3574537, 49.1923493 ], [ 20.3592046, 49.1956627 ], [ 20.3579547, 49.1953765 ], [ 20.3576542, 49.1956725 ], [ 20.3562751, 49.1956152 ], [ 20.3562068, 49.1959857 ], [ 20.3554527, 49.1962146 ], [ 20.3538224, 49.1959348 ], [ 20.3531391, 49.1962622 ], [ 20.3521546, 49.1962588 ], [ 20.3511903, 49.1969272 ], [ 20.3500125, 49.1968909 ], [ 20.3497284, 49.197203 ], [ 20.348793, 49.1969171 ], [ 20.3463854, 49.1984602 ], [ 20.3459079, 49.1982929 ], [ 20.3453398, 49.1986177 ], [ 20.3449224, 49.198459 ], [ 20.3407003, 49.1990642 ], [ 20.3395271, 49.2007233 ], [ 20.3404522, 49.2022777 ], [ 20.3452002, 49.2023955 ], [ 20.3473419, 49.2023244 ], [ 20.3532712, 49.2007826 ], [ 20.3671941, 49.2009184 ], [ 20.3654405, 49.2064498 ], [ 20.3654065, 49.2114555 ], [ 20.3544531, 49.2131558 ], [ 20.3471426, 49.2132159 ], [ 20.3448388, 49.213963 ], [ 20.3349881, 49.2191242 ], [ 20.3288497, 49.2218951 ], [ 20.3188336, 49.2283211 ], [ 20.3153529, 49.231374 ], [ 20.3133851, 49.2320921 ], [ 20.3130126, 49.236376 ], [ 20.3106731, 49.2385351 ], [ 20.3104453, 49.2402949 ], [ 20.3090499, 49.2436368 ], [ 20.3092487, 49.2448625 ], [ 20.3103602, 49.2468264 ], [ 20.310326, 49.2487068 ], [ 20.3090665, 49.2497541 ], [ 20.3077507, 49.249442 ], [ 20.30717, 49.2495969 ], [ 20.3068607, 49.2510742 ], [ 20.3057269, 49.25202 ], [ 20.3042288, 49.25227 ], [ 20.3020519, 49.2534301 ], [ 20.3011354, 49.2571574 ], [ 20.3020387, 49.2587222 ], [ 20.2998286, 49.2611548 ], [ 20.3003911, 49.2623036 ], [ 20.3001508, 49.262986 ], [ 20.299474, 49.2633355 ], [ 20.297934, 49.263559 ], [ 20.2949596, 49.2651678 ], [ 20.2941721, 49.2653362 ], [ 20.2939255, 49.2653668 ], [ 20.2930741, 49.265333 ], [ 20.2920051, 49.2658311 ], [ 20.2890894, 49.2663417 ], [ 20.285775, 49.2663339 ], [ 20.2850762, 49.2663322 ], [ 20.2844498, 49.2666452 ], [ 20.2829784, 49.2673344 ], [ 20.2760124, 49.2695259 ], [ 20.2741076, 49.2699231 ], [ 20.2720763, 49.2699038 ], [ 20.2717455, 49.2696378 ], [ 20.2714256, 49.2703727 ], [ 20.2706997, 49.2695604 ], [ 20.2690309, 49.2696386 ], [ 20.2687991, 49.2696177 ], [ 20.2669412, 49.2690515 ], [ 20.2659753, 49.2695366 ], [ 20.2646034, 49.2696739 ], [ 20.2599598, 49.2701388 ], [ 20.2539219, 49.2716569 ], [ 20.2505207, 49.2729639 ], [ 20.2451296, 49.273317 ], [ 20.2325992, 49.2728453 ], [ 20.2270434, 49.2743221 ], [ 20.2197265, 49.2775413 ], [ 20.2101551, 49.2801896 ], [ 20.2083254, 49.2809694 ], [ 20.2084792, 49.281434 ], [ 20.2135405, 49.2816029 ], [ 20.2180925, 49.2823628 ], [ 20.2158813, 49.2832802 ], [ 20.2147079, 49.2844078 ], [ 20.2113873, 49.2857557 ], [ 20.2070478, 49.286328 ], [ 20.2062544, 49.2866874 ], [ 20.2004169, 49.2909057 ], [ 20.1996783, 49.2915704 ], [ 20.1996448, 49.2927117 ], [ 20.2022647, 49.2966884 ], [ 20.2017086, 49.2975119 ], [ 20.2004016, 49.2983914 ], [ 20.1986196, 49.3009919 ], [ 20.195433, 49.3028686 ], [ 20.1878183, 49.3050891 ], [ 20.1860234, 49.3081156 ], [ 20.1845282, 49.3096092 ], [ 20.1829891, 49.3102988 ], [ 20.1832361, 49.3108192 ], [ 20.1822301, 49.3138818 ], [ 20.1842641, 49.3159996 ], [ 20.185866, 49.3196022 ], [ 20.1844221, 49.3207008 ], [ 20.1841482, 49.3217223 ], [ 20.1841559, 49.3278079 ], [ 20.183586, 49.3278956 ], [ 20.1825053, 49.3280147 ], [ 20.181212, 49.328028 ], [ 20.1808458, 49.3280332 ], [ 20.180319, 49.328028 ], [ 20.1796302, 49.3280241 ], [ 20.179474, 49.328021 ], [ 20.178688, 49.328025 ], [ 20.1783957, 49.328025 ], [ 20.177598, 49.327996 ], [ 20.176546, 49.327956 ], [ 20.175762, 49.327911 ], [ 20.174654, 49.3278765 ], [ 20.174551, 49.327874 ], [ 20.173758, 49.327805 ], [ 20.1727676, 49.3277439 ], [ 20.172689, 49.327743 ], [ 20.1716299, 49.3277377 ], [ 20.171494, 49.327737 ], [ 20.1706992, 49.3277361 ], [ 20.1705837, 49.3277346 ], [ 20.1705475, 49.3273481 ], [ 20.1708016, 49.3269747 ], [ 20.170806, 49.326969 ], [ 20.171598, 49.326346 ], [ 20.172389, 49.325714 ], [ 20.1724077, 49.3257019 ], [ 20.1726785, 49.3255213 ], [ 20.1735748, 49.3249795 ], [ 20.173579, 49.324976 ], [ 20.173082, 49.324912 ], [ 20.1725484, 49.3248385 ], [ 20.172095, 49.3246483 ], [ 20.1719729, 49.3247371 ], [ 20.1703969, 49.3241707 ], [ 20.1702711, 49.3246018 ], [ 20.170212, 49.324569 ], [ 20.170021, 49.324452 ], [ 20.169823, 49.324329 ], [ 20.1695344, 49.3241641 ], [ 20.169517, 49.324158 ], [ 20.1689287, 49.3240022 ], [ 20.1687475, 49.3239629 ], [ 20.168526, 49.323868 ], [ 20.168422, 49.323821 ], [ 20.1684128, 49.3238197 ], [ 20.1682388, 49.3237722 ], [ 20.1681096, 49.3237281 ], [ 20.1677834, 49.3235657 ], [ 20.167718, 49.3234979 ], [ 20.167715, 49.323494 ], [ 20.167666, 49.32342 ], [ 20.1676245, 49.3233577 ], [ 20.1675899, 49.3233279 ], [ 20.1674763, 49.32329 ], [ 20.1674508, 49.3231808 ], [ 20.1674852, 49.3231426 ], [ 20.1675928, 49.32314 ], [ 20.1677339, 49.3231982 ], [ 20.1679004, 49.3231638 ], [ 20.1680291, 49.3231292 ], [ 20.1680877, 49.3230628 ], [ 20.1680279, 49.3229886 ], [ 20.16794, 49.3229409 ], [ 20.1680499, 49.3228503 ], [ 20.1681961, 49.3228521 ], [ 20.1683102, 49.3228025 ], [ 20.1683191, 49.3227233 ], [ 20.1682251, 49.322593 ], [ 20.168244, 49.3225204 ], [ 20.1684481, 49.3224745 ], [ 20.1686493, 49.3223453 ], [ 20.1687469, 49.3222568 ], [ 20.1687538, 49.322204 ], [ 20.168683, 49.322173 ], [ 20.1685869, 49.3221256 ], [ 20.1686032, 49.321971 ], [ 20.1686344, 49.3219326 ], [ 20.1686869, 49.3219195 ], [ 20.1688354, 49.3219588 ], [ 20.1688586, 49.3219521 ], [ 20.168877, 49.3219003 ], [ 20.1688476, 49.3218543 ], [ 20.16874, 49.3217783 ], [ 20.1687327, 49.3216903 ], [ 20.1687502, 49.3215468 ], [ 20.168851, 49.3214797 ], [ 20.1688129, 49.3214129 ], [ 20.1685826, 49.3213592 ], [ 20.1685735, 49.3213241 ], [ 20.1686386, 49.3212451 ], [ 20.1685812, 49.3211712 ], [ 20.1685551, 49.3210724 ], [ 20.1686021, 49.3209913 ], [ 20.1686637, 49.3209318 ], [ 20.1688598, 49.3208039 ], [ 20.1689002, 49.3207606 ], [ 20.1689638, 49.3206588 ], [ 20.1690239, 49.3206315 ], [ 20.1692038, 49.3206376 ], [ 20.1692606, 49.3205696 ], [ 20.1693972, 49.3205069 ], [ 20.1694939, 49.3204321 ], [ 20.1694748, 49.3203375 ], [ 20.1695218, 49.3202463 ], [ 20.169551, 49.3201117 ], [ 20.1696769, 49.3200297 ], [ 20.1697002, 49.3199313 ], [ 20.1698556, 49.3198465 ], [ 20.1699042, 49.3197492 ], [ 20.1698468, 49.319683 ], [ 20.1698751, 49.3196172 ], [ 20.16999, 49.319607 ], [ 20.1701227, 49.3196026 ], [ 20.1700456, 49.3195247 ], [ 20.170042, 49.319521 ], [ 20.170224, 49.319427 ], [ 20.1703231, 49.319371 ], [ 20.17034, 49.319354 ], [ 20.1704718, 49.3192461 ], [ 20.1706927, 49.3191239 ], [ 20.1707567, 49.3190631 ], [ 20.170914, 49.319029 ], [ 20.1709219, 49.3190278 ], [ 20.1710657, 49.318964 ], [ 20.1712415, 49.3188359 ], [ 20.1714196, 49.3187779 ], [ 20.171567, 49.3186755 ], [ 20.1716243, 49.3185906 ], [ 20.1718343, 49.3185183 ], [ 20.1719569, 49.3184967 ], [ 20.1720307, 49.3183945 ], [ 20.17218, 49.31835 ], [ 20.1721855, 49.3183507 ], [ 20.172264, 49.318248 ], [ 20.1723634, 49.3181145 ], [ 20.1723206, 49.3180309 ], [ 20.1722492, 49.3179622 ], [ 20.172245, 49.317957 ], [ 20.172184, 49.3178573 ], [ 20.1722044, 49.3177953 ], [ 20.1723036, 49.317639 ], [ 20.172357, 49.317584 ], [ 20.1724756, 49.317467 ], [ 20.1724839, 49.3173573 ], [ 20.1726241, 49.3172526 ], [ 20.1726726, 49.3171823 ], [ 20.172638, 49.317094 ], [ 20.1726122, 49.317019 ], [ 20.172722, 49.316969 ], [ 20.172873, 49.316918 ], [ 20.1728798, 49.3169138 ], [ 20.1729432, 49.3168514 ], [ 20.1729563, 49.3167283 ], [ 20.1729986, 49.3166884 ], [ 20.1729833, 49.3166623 ], [ 20.172981, 49.316658 ], [ 20.1729788, 49.3166071 ], [ 20.1730442, 49.3165467 ], [ 20.1731791, 49.3165285 ], [ 20.1733131, 49.3164562 ], [ 20.17332, 49.31645 ], [ 20.17335, 49.316394 ], [ 20.1734983, 49.3161806 ], [ 20.1735, 49.316176 ], [ 20.173558, 49.3161146 ], [ 20.173546, 49.3160459 ], [ 20.17364, 49.315955 ], [ 20.173709, 49.315886 ], [ 20.1737173, 49.3158829 ], [ 20.1737913, 49.3158378 ], [ 20.173796, 49.315833 ], [ 20.173877, 49.315738 ], [ 20.174036, 49.315566 ], [ 20.1740415, 49.3155632 ], [ 20.1741239, 49.3154188 ], [ 20.1744366, 49.3153713 ], [ 20.1745353, 49.3153777 ], [ 20.1745969, 49.3153367 ], [ 20.1746742, 49.3153395 ], [ 20.1748549, 49.3152765 ], [ 20.1749857, 49.3152032 ], [ 20.1750757, 49.3151327 ], [ 20.175157, 49.3150431 ], [ 20.175222, 49.315012 ], [ 20.1752289, 49.3150112 ], [ 20.175301, 49.314928 ], [ 20.1753798, 49.314837 ], [ 20.17538, 49.314831 ], [ 20.1754091, 49.3147662 ], [ 20.175421, 49.314732 ], [ 20.17546, 49.314655 ], [ 20.17552, 49.314518 ], [ 20.1755256, 49.3145149 ], [ 20.1756052, 49.3144176 ], [ 20.1756327, 49.314355 ], [ 20.1756881, 49.3142618 ], [ 20.1757562, 49.3141897 ], [ 20.1758037, 49.3140828 ], [ 20.175623, 49.313982 ], [ 20.1755795, 49.31396 ], [ 20.174889, 49.313514 ], [ 20.173949, 49.31291 ], [ 20.172789, 49.312159 ], [ 20.1724529, 49.3119474 ], [ 20.17129, 49.311214 ], [ 20.170118, 49.310488 ], [ 20.1697245, 49.3102418 ], [ 20.169105, 49.309847 ], [ 20.167644, 49.308923 ], [ 20.1674149, 49.30878 ], [ 20.167257, 49.308676 ], [ 20.166726, 49.308355 ], [ 20.1666163, 49.3082866 ], [ 20.16589, 49.307818 ], [ 20.1658846, 49.3078175 ], [ 20.1651834, 49.3073878 ], [ 20.165167, 49.307375 ], [ 20.1641837, 49.306742 ], [ 20.164149, 49.306717 ], [ 20.1632861, 49.3061369 ], [ 20.162607, 49.30572 ], [ 20.1625972, 49.3057155 ], [ 20.1621327, 49.305402 ], [ 20.1615085, 49.3050767 ], [ 20.161497, 49.305068 ], [ 20.160699, 49.304687 ], [ 20.160693, 49.3046862 ], [ 20.1605977, 49.3046295 ], [ 20.1605782, 49.304584 ], [ 20.160565, 49.3045575 ], [ 20.1604394, 49.3044925 ], [ 20.160436, 49.304488 ], [ 20.1592474, 49.3037865 ], [ 20.157843, 49.302891 ], [ 20.157822, 49.302877 ], [ 20.1577195, 49.3028155 ], [ 20.157648, 49.30292 ], [ 20.1576143, 49.3029748 ], [ 20.1575608, 49.3031138 ], [ 20.157528, 49.303221 ], [ 20.1575162, 49.3032718 ], [ 20.157504, 49.303307 ], [ 20.1574385, 49.3036222 ], [ 20.157435, 49.303626 ], [ 20.1574282, 49.3037432 ], [ 20.1573825, 49.3039208 ], [ 20.157377, 49.30393 ], [ 20.157366, 49.304052 ], [ 20.157351, 49.304152 ], [ 20.157342, 49.304248 ], [ 20.1573183, 49.3043898 ], [ 20.157308, 49.30456 ], [ 20.1573098, 49.3045762 ], [ 20.157311, 49.304663 ], [ 20.1573169, 49.3046862 ], [ 20.157334, 49.304847 ], [ 20.1573439, 49.3049023 ], [ 20.157344, 49.304913 ], [ 20.157407, 49.305184 ], [ 20.1574296, 49.3052758 ], [ 20.15743, 49.305293 ], [ 20.157436, 49.305336 ], [ 20.1574397, 49.3053407 ], [ 20.157465, 49.3054228 ], [ 20.1575025, 49.3054843 ], [ 20.1575597, 49.3056655 ], [ 20.15763, 49.305759 ], [ 20.1576443, 49.3057749 ], [ 20.1578385, 49.3058668 ], [ 20.1581473, 49.3059441 ], [ 20.1583669, 49.3060271 ], [ 20.1584647, 49.306064 ], [ 20.1585664, 49.3061201 ], [ 20.158619, 49.3061565 ], [ 20.1587259, 49.3062475 ], [ 20.1587937, 49.3063238 ], [ 20.158854, 49.3064101 ], [ 20.1589624, 49.3065458 ], [ 20.1589545, 49.3066149 ], [ 20.1589145, 49.3067581 ], [ 20.158913, 49.306812 ], [ 20.158916, 49.3068176 ], [ 20.158834, 49.306944 ], [ 20.158751, 49.307074 ], [ 20.1586889, 49.3071788 ], [ 20.158682, 49.307179 ], [ 20.1585992, 49.3072443 ], [ 20.158513, 49.307343 ], [ 20.158493, 49.307372 ], [ 20.158353, 49.307547 ], [ 20.158157, 49.30778 ], [ 20.158053, 49.307886 ], [ 20.158012, 49.307924 ], [ 20.157882, 49.308035 ], [ 20.15778, 49.308132 ], [ 20.1577621, 49.3081471 ], [ 20.157576, 49.308441 ], [ 20.1574796, 49.308604 ], [ 20.157475, 49.308607 ], [ 20.1574235, 49.3087423 ], [ 20.157414, 49.308759 ], [ 20.157375, 49.308881 ], [ 20.1573742, 49.308891 ], [ 20.157343, 49.309048 ], [ 20.157319, 49.309213 ], [ 20.1573074, 49.3092818 ], [ 20.157274, 49.309388 ], [ 20.1572533, 49.3094664 ], [ 20.157247, 49.309474 ], [ 20.157209, 49.309558 ], [ 20.157128, 49.3097525 ], [ 20.157109, 49.30979 ], [ 20.15707, 49.309891 ], [ 20.156994, 49.310071 ], [ 20.156852, 49.310433 ], [ 20.1567793, 49.3106132 ], [ 20.156769, 49.31065 ], [ 20.1567285, 49.3108177 ], [ 20.156671, 49.310961 ], [ 20.1566695, 49.3109729 ], [ 20.156659, 49.310985 ], [ 20.1565977, 49.3111079 ], [ 20.156589, 49.311119 ], [ 20.156439, 49.31136 ], [ 20.156403, 49.311429 ], [ 20.1563413, 49.3115329 ], [ 20.156326, 49.311547 ], [ 20.1562531, 49.3116496 ], [ 20.156245, 49.311653 ], [ 20.1561648, 49.3117511 ], [ 20.156121, 49.311789 ], [ 20.1560972, 49.3118145 ], [ 20.156077, 49.311825 ], [ 20.1560693, 49.3118317 ], [ 20.155881, 49.311881 ], [ 20.155749, 49.3119159 ], [ 20.155734, 49.311915 ], [ 20.155585, 49.3119346 ], [ 20.155348, 49.311937 ], [ 20.1552521, 49.3119408 ], [ 20.155244, 49.311938 ], [ 20.155064, 49.311925 ], [ 20.154936, 49.311914 ], [ 20.1549318, 49.3119169 ], [ 20.1547362, 49.3119298 ], [ 20.154728, 49.311928 ], [ 20.154637, 49.3119463 ], [ 20.154632, 49.311945 ], [ 20.1544219, 49.3120154 ], [ 20.154415, 49.312015 ], [ 20.1542911, 49.3120763 ], [ 20.1541375, 49.3121646 ], [ 20.1540664, 49.3122531 ], [ 20.1540394, 49.3123368 ], [ 20.154033, 49.312345 ], [ 20.1539826, 49.3124635 ], [ 20.153974, 49.312562 ], [ 20.153953, 49.312844 ], [ 20.153936, 49.313033 ], [ 20.153932, 49.313135 ], [ 20.1539309, 49.3131662 ], [ 20.153929, 49.313179 ], [ 20.153939, 49.313325 ], [ 20.153949, 49.313503 ], [ 20.153958, 49.313598 ], [ 20.1539608, 49.3136242 ], [ 20.153955, 49.313658 ], [ 20.1539436, 49.3137779 ], [ 20.1539033, 49.3138627 ], [ 20.1538642, 49.3139001 ], [ 20.1537978, 49.3139476 ], [ 20.153764, 49.313974 ], [ 20.153731, 49.314004 ], [ 20.1536435, 49.3140857 ], [ 20.153638, 49.314084 ], [ 20.1534617, 49.3141577 ], [ 20.1532369, 49.3143251 ], [ 20.153228, 49.314328 ], [ 20.153067, 49.314465 ], [ 20.1530583, 49.3144767 ], [ 20.15288, 49.314598 ], [ 20.1528035, 49.3146549 ], [ 20.152791, 49.314658 ], [ 20.1525857, 49.3147668 ], [ 20.1524927, 49.3148271 ], [ 20.152469, 49.314838 ], [ 20.152261, 49.314929 ], [ 20.1519855, 49.3150624 ], [ 20.151949, 49.315079 ], [ 20.1518681, 49.3151291 ], [ 20.1518203, 49.3152298 ], [ 20.151815, 49.315232 ], [ 20.1518153, 49.3153208 ], [ 20.1518616, 49.3154583 ], [ 20.151914, 49.315559 ], [ 20.1519195, 49.3155648 ], [ 20.15198, 49.315664 ], [ 20.152094, 49.3158386 ], [ 20.1522813, 49.3159559 ], [ 20.1523322, 49.3160181 ], [ 20.1524144, 49.3161532 ], [ 20.1525286, 49.316371 ], [ 20.1525703, 49.3165502 ], [ 20.1526408, 49.3166652 ], [ 20.1527007, 49.3168027 ], [ 20.1526475, 49.3169632 ], [ 20.1523663, 49.3174169 ], [ 20.1523127, 49.3175177 ], [ 20.1521676, 49.3177241 ], [ 20.152126, 49.317807 ], [ 20.1521177, 49.3178318 ], [ 20.152052, 49.317999 ], [ 20.152002, 49.318157 ], [ 20.1519468, 49.3183138 ], [ 20.1518647, 49.3184472 ], [ 20.1516865, 49.3186342 ], [ 20.151574, 49.318714 ], [ 20.151484, 49.3187821 ], [ 20.1514515, 49.3187702 ], [ 20.1512831, 49.3187585 ], [ 20.151133, 49.318774 ], [ 20.150979, 49.318798 ], [ 20.150828, 49.31886 ], [ 20.15078, 49.318886 ], [ 20.150586, 49.318957 ], [ 20.150174, 49.319089 ], [ 20.149997, 49.319154 ], [ 20.149734, 49.319194 ], [ 20.149503, 49.319238 ], [ 20.149412, 49.31922 ], [ 20.149341, 49.319207 ], [ 20.149167, 49.319167 ], [ 20.148896, 49.319109 ], [ 20.148663, 49.319051 ], [ 20.148411, 49.318969 ], [ 20.148116, 49.31886 ], [ 20.147855, 49.318765 ], [ 20.147703, 49.318698 ], [ 20.14746, 49.318593 ], [ 20.147275, 49.318516 ], [ 20.147051, 49.318432 ], [ 20.146849, 49.318371 ], [ 20.146666, 49.318288 ], [ 20.146527, 49.318235 ], [ 20.146208, 49.318053 ], [ 20.146096, 49.317997 ], [ 20.14605, 49.317978 ], [ 20.145803, 49.317779 ], [ 20.145678, 49.317649 ], [ 20.145652, 49.317602 ], [ 20.145504, 49.317513 ], [ 20.145548, 49.317376 ], [ 20.145573, 49.317308 ], [ 20.145655, 49.317219 ], [ 20.145681, 49.317173 ], [ 20.145757, 49.317004 ], [ 20.145827, 49.316801 ], [ 20.145866, 49.316605 ], [ 20.145852, 49.316465 ], [ 20.145796, 49.316305 ], [ 20.14573, 49.316137 ], [ 20.145712, 49.31611 ], [ 20.145471, 49.315781 ], [ 20.145333, 49.315661 ], [ 20.145228, 49.315517 ], [ 20.145015, 49.315331 ], [ 20.144917, 49.315241 ], [ 20.144785, 49.31509 ], [ 20.144669, 49.314984 ], [ 20.144619, 49.314935 ], [ 20.14452, 49.314818 ], [ 20.144498, 49.314779 ], [ 20.144426, 49.31462 ], [ 20.144384, 49.314433 ], [ 20.144411, 49.314268 ], [ 20.144497, 49.313993 ], [ 20.144543, 49.313917 ], [ 20.144558, 49.313879 ], [ 20.144682, 49.313799 ], [ 20.144841, 49.313643 ], [ 20.144967, 49.313549 ], [ 20.145142, 49.313344 ], [ 20.145192, 49.313184 ], [ 20.145217, 49.313081 ], [ 20.14527, 49.312949 ], [ 20.145247, 49.312784 ], [ 20.145146, 49.31262 ], [ 20.144992, 49.312512 ], [ 20.144856, 49.312441 ], [ 20.144617, 49.312277 ], [ 20.144503, 49.3122 ], [ 20.144321, 49.312122 ], [ 20.144088, 49.312061 ], [ 20.143913, 49.311984 ], [ 20.14382, 49.311957 ], [ 20.143612, 49.311932 ], [ 20.143394, 49.311933 ], [ 20.14315, 49.311993 ], [ 20.142845, 49.312093 ], [ 20.142699, 49.312151 ], [ 20.142616, 49.312205 ], [ 20.142525, 49.312299 ], [ 20.14239, 49.312389 ], [ 20.142222, 49.312424 ], [ 20.142068, 49.312425 ], [ 20.141991, 49.312403 ], [ 20.141899, 49.312357 ], [ 20.141786, 49.31228 ], [ 20.141709, 49.312171 ], [ 20.141612, 49.312024 ], [ 20.141519, 49.311872 ], [ 20.141432, 49.311715 ], [ 20.141358, 49.311542 ], [ 20.1413, 49.311413 ], [ 20.141246, 49.311321 ], [ 20.141199, 49.311218 ], [ 20.141061, 49.311002 ], [ 20.14093, 49.310805 ], [ 20.140842, 49.310642 ], [ 20.140737, 49.310486 ], [ 20.140546, 49.310239 ], [ 20.140478, 49.31017 ], [ 20.140317, 49.310013 ], [ 20.140159, 49.309879 ], [ 20.139986, 49.309778 ], [ 20.139954, 49.309712 ], [ 20.139701, 49.309518 ], [ 20.139498, 49.309366 ], [ 20.139309, 49.309192 ], [ 20.139185, 49.309026 ], [ 20.139039, 49.308844 ], [ 20.138896, 49.308649 ], [ 20.138797, 49.308491 ], [ 20.13863, 49.308036 ], [ 20.138582, 49.307777 ], [ 20.138621, 49.307591 ], [ 20.138717, 49.30752 ], [ 20.138748, 49.30749 ], [ 20.138812, 49.307409 ], [ 20.138826, 49.307319 ], [ 20.138859, 49.307219 ], [ 20.138865, 49.30711 ], [ 20.138771, 49.307 ], [ 20.138578, 49.306874 ], [ 20.138483, 49.30683 ], [ 20.138329, 49.306703 ], [ 20.138202, 49.306643 ], [ 20.138136, 49.306621 ], [ 20.137961, 49.306524 ], [ 20.137739, 49.306439 ], [ 20.137667, 49.306391 ], [ 20.137661, 49.306243 ], [ 20.137484, 49.306079 ], [ 20.137342, 49.30601 ], [ 20.137193, 49.30599 ], [ 20.137, 49.305973 ], [ 20.136894, 49.30598 ], [ 20.136738, 49.306009 ], [ 20.13662, 49.306025 ], [ 20.136462, 49.306025 ], [ 20.136314, 49.306001 ], [ 20.135916, 49.305941 ], [ 20.135668, 49.305979 ], [ 20.13547, 49.306016 ], [ 20.135028, 49.306209 ], [ 20.134851, 49.306341 ], [ 20.134762, 49.306373 ], [ 20.134646, 49.306372 ], [ 20.134545, 49.306347 ], [ 20.134442, 49.306283 ], [ 20.134417, 49.306233 ], [ 20.134364, 49.306139 ], [ 20.13432, 49.306052 ], [ 20.134205, 49.305921 ], [ 20.134155, 49.305729 ], [ 20.134147, 49.305589 ], [ 20.134176, 49.30546 ], [ 20.134229, 49.305289 ], [ 20.134291, 49.305198 ], [ 20.134365, 49.305106 ], [ 20.134436, 49.30504 ], [ 20.134502, 49.304986 ], [ 20.134618, 49.304818 ], [ 20.13465, 49.304797 ], [ 20.134771, 49.304711 ], [ 20.134828, 49.304684 ], [ 20.135051, 49.304593 ], [ 20.135198, 49.304548 ], [ 20.135307, 49.304528 ], [ 20.135371, 49.304483 ], [ 20.13551, 49.304419 ], [ 20.135622, 49.304336 ], [ 20.135782, 49.304238 ], [ 20.135823, 49.304162 ], [ 20.135887, 49.304082 ], [ 20.135926, 49.303999 ], [ 20.135944, 49.303928 ], [ 20.135943, 49.303776 ], [ 20.135933, 49.303638 ], [ 20.135834, 49.303438 ], [ 20.135755, 49.303314 ], [ 20.135599, 49.303029 ], [ 20.135478, 49.302866 ], [ 20.135434, 49.302781 ], [ 20.135264, 49.302617 ], [ 20.135107, 49.302483 ], [ 20.135014, 49.302426 ], [ 20.1349, 49.302374 ], [ 20.134757, 49.302312 ], [ 20.134574, 49.302232 ], [ 20.134282, 49.302143 ], [ 20.134051, 49.302087 ], [ 20.133828, 49.301979 ], [ 20.133729, 49.301897 ], [ 20.133639, 49.301749 ], [ 20.133602, 49.301592 ], [ 20.13355, 49.301478 ], [ 20.133523, 49.301426 ], [ 20.133467, 49.301328 ], [ 20.133367, 49.301214 ], [ 20.133299, 49.301153 ], [ 20.133193, 49.301061 ], [ 20.133023, 49.300861 ], [ 20.132957, 49.30073 ], [ 20.132882, 49.300577 ], [ 20.132968, 49.300364 ], [ 20.133005, 49.300302 ], [ 20.133067, 49.300202 ], [ 20.133113, 49.300139 ], [ 20.133197, 49.300046 ], [ 20.133293, 49.299926 ], [ 20.133362, 49.299834 ], [ 20.133431, 49.29974 ], [ 20.13346, 49.299681 ], [ 20.133504, 49.299595 ], [ 20.13345, 49.299451 ], [ 20.133406, 49.299345 ], [ 20.13335, 49.299242 ], [ 20.133324, 49.299218 ], [ 20.133141, 49.299091 ], [ 20.13306, 49.299057 ], [ 20.132903, 49.298965 ], [ 20.132779, 49.298891 ], [ 20.13265, 49.298812 ], [ 20.132454, 49.298718 ], [ 20.13212, 49.298513 ], [ 20.132072, 49.298465 ], [ 20.131884, 49.29839 ], [ 20.131809, 49.298369 ], [ 20.131743, 49.298352 ], [ 20.131572, 49.298253 ], [ 20.13134, 49.298121 ], [ 20.131198, 49.298018 ], [ 20.131099, 49.297903 ], [ 20.13104, 49.29783 ], [ 20.13096, 49.297731 ], [ 20.130761, 49.297499 ], [ 20.130684, 49.297368 ], [ 20.130659, 49.297326 ], [ 20.130599, 49.297208 ], [ 20.130502, 49.296992 ], [ 20.130467, 49.296832 ], [ 20.130441, 49.296742 ], [ 20.130415, 49.296591 ], [ 20.130379, 49.296499 ], [ 20.130365, 49.296422 ], [ 20.130339, 49.296374 ], [ 20.130294, 49.296328 ], [ 20.130089, 49.29619 ], [ 20.129984, 49.296 ], [ 20.129993, 49.295884 ], [ 20.1300489, 49.2956076 ], [ 20.130224, 49.295636 ], [ 20.130587, 49.295461 ], [ 20.130777, 49.295404 ], [ 20.130848, 49.295365 ], [ 20.1306388, 49.2950589 ], [ 20.131176, 49.295216 ], [ 20.131344, 49.295119 ], [ 20.131526, 49.294986 ], [ 20.131859, 49.294746 ], [ 20.131976, 49.294607 ], [ 20.1320269, 49.294098 ], [ 20.1321095, 49.2941684 ], [ 20.132113, 49.294104 ], [ 20.132126, 49.293876 ], [ 20.132143, 49.293724 ], [ 20.132124, 49.293587 ], [ 20.132117, 49.293444 ], [ 20.132088, 49.293388 ], [ 20.131999, 49.293158 ], [ 20.1319628, 49.2930862 ], [ 20.13193, 49.293021 ], [ 20.131873, 49.292944 ], [ 20.131785, 49.292868 ], [ 20.131751, 49.292697 ], [ 20.131707, 49.292566 ], [ 20.13164, 49.292383 ], [ 20.131453, 49.292149 ], [ 20.13136, 49.29204 ], [ 20.131253, 49.291957 ], [ 20.131143, 49.291877 ], [ 20.130972, 49.291798 ], [ 20.130681, 49.29165 ], [ 20.130517, 49.291467 ], [ 20.13058, 49.291356 ], [ 20.130659, 49.291201 ], [ 20.130787, 49.291062 ], [ 20.13094, 49.290995 ], [ 20.1311065, 49.2908309 ], [ 20.131178, 49.290703 ], [ 20.131094, 49.2905 ], [ 20.1309934, 49.2902873 ], [ 20.131034, 49.290191 ], [ 20.130936, 49.290011 ], [ 20.130761, 49.289874 ], [ 20.130476, 49.289823 ], [ 20.130296, 49.28979 ], [ 20.130195, 49.289783 ], [ 20.130068, 49.289816 ], [ 20.12995, 49.289831 ], [ 20.129859, 49.289822 ], [ 20.129704, 49.289723 ], [ 20.129357, 49.289428 ], [ 20.129213, 49.289232 ], [ 20.12912, 49.289035 ], [ 20.128933, 49.28866 ], [ 20.128873, 49.288465 ], [ 20.128834, 49.288277 ], [ 20.128767, 49.288101 ], [ 20.128694, 49.287944 ], [ 20.128647, 49.287827 ], [ 20.128576, 49.287652 ], [ 20.128553, 49.287571 ], [ 20.128367, 49.287329 ], [ 20.128187, 49.287157 ], [ 20.128079, 49.287014 ], [ 20.128001, 49.28686 ], [ 20.127879, 49.286609 ], [ 20.127876, 49.286393 ], [ 20.127902, 49.285976 ], [ 20.127925, 49.285803 ], [ 20.127951, 49.285579 ], [ 20.127996, 49.285453 ], [ 20.128049, 49.28532 ], [ 20.128129, 49.285203 ], [ 20.128233, 49.285057 ], [ 20.128457, 49.284651 ], [ 20.128497, 49.284487 ], [ 20.128543, 49.284288 ], [ 20.128565, 49.28406 ], [ 20.128673, 49.283791 ], [ 20.128751, 49.283517 ], [ 20.128904, 49.283259 ], [ 20.128971, 49.283179 ], [ 20.129032, 49.283065 ], [ 20.129061, 49.282935 ], [ 20.12907, 49.282821 ], [ 20.129046, 49.282658 ], [ 20.128987, 49.282496 ], [ 20.128952, 49.282346 ], [ 20.128935, 49.282106 ], [ 20.128879, 49.282024 ], [ 20.12882, 49.281901 ], [ 20.128791, 49.28187 ], [ 20.128622, 49.281737 ], [ 20.12846, 49.281512 ], [ 20.128426, 49.281493 ], [ 20.128336, 49.281343 ], [ 20.128302, 49.281311 ], [ 20.128251, 49.28114 ], [ 20.128237, 49.280961 ], [ 20.128263, 49.280806 ], [ 20.128383, 49.280536 ], [ 20.128429, 49.280336 ], [ 20.128373, 49.28016 ], [ 20.128367, 49.2801431 ], [ 20.128356, 49.280112 ], [ 20.12834, 49.280068 ], [ 20.128296, 49.279962 ], [ 20.128113, 49.279816 ], [ 20.128053, 49.279772 ], [ 20.1280176, 49.2797159 ], [ 20.127886, 49.279512 ], [ 20.127756, 49.279275 ], [ 20.127675, 49.279101 ], [ 20.127699, 49.278945 ], [ 20.127713, 49.278926 ], [ 20.127744, 49.278788 ], [ 20.127779, 49.27873 ], [ 20.127903, 49.278537 ], [ 20.128118, 49.278258 ], [ 20.128217, 49.278094 ], [ 20.128268, 49.277926 ], [ 20.1284365, 49.2776949 ], [ 20.128508, 49.277583 ], [ 20.128523, 49.277534 ], [ 20.128615, 49.277327 ], [ 20.128645, 49.277241 ], [ 20.128666, 49.277071 ], [ 20.128594, 49.276814 ], [ 20.1285355, 49.2766709 ], [ 20.128508, 49.276635 ], [ 20.128503, 49.27657 ], [ 20.12849, 49.276485 ], [ 20.12842, 49.276411 ], [ 20.128262, 49.276363 ], [ 20.127737, 49.276346 ], [ 20.127467, 49.276319 ], [ 20.127398, 49.276277 ], [ 20.127253, 49.276233 ], [ 20.127125, 49.276185 ], [ 20.127071, 49.276133 ], [ 20.126945, 49.2759833 ], [ 20.126946, 49.275918 ], [ 20.126861, 49.275714 ], [ 20.126857, 49.275576 ], [ 20.126921, 49.275408 ], [ 20.126984, 49.275257 ], [ 20.127019, 49.275106 ], [ 20.127003, 49.274895 ], [ 20.126924, 49.274756 ], [ 20.126843, 49.27464 ], [ 20.126725, 49.274486 ], [ 20.126575, 49.274311 ], [ 20.126509, 49.274212 ], [ 20.126363, 49.274104 ], [ 20.126134, 49.273903 ], [ 20.125983, 49.27367 ], [ 20.125824, 49.273475 ], [ 20.125706, 49.273277 ], [ 20.125649, 49.273142 ], [ 20.125563, 49.272958 ], [ 20.125333, 49.272605 ], [ 20.125229, 49.272458 ], [ 20.1251475, 49.2722789 ], [ 20.125137, 49.272213 ], [ 20.125083, 49.271844 ], [ 20.125077, 49.271603 ], [ 20.125084, 49.271453 ], [ 20.125098, 49.271276 ], [ 20.125158, 49.271081 ], [ 20.125144, 49.270926 ], [ 20.1250957, 49.2708851 ], [ 20.125021, 49.270822 ], [ 20.124868, 49.270733 ], [ 20.124482, 49.270506 ], [ 20.124319, 49.270417 ], [ 20.124098, 49.270289 ], [ 20.123875, 49.270221 ], [ 20.12373, 49.270199 ], [ 20.123559, 49.270209 ], [ 20.12333, 49.270188 ], [ 20.12318, 49.270098 ], [ 20.1230325, 49.2699769 ], [ 20.12295, 49.269794 ], [ 20.122867, 49.269631 ], [ 20.122792, 49.269477 ], [ 20.122741, 49.269297 ], [ 20.122738, 49.269253 ], [ 20.122694, 49.269064 ], [ 20.122714, 49.268943 ], [ 20.122705, 49.268918 ], [ 20.1226685, 49.2686949 ], [ 20.122533, 49.268443 ], [ 20.12234, 49.26823 ], [ 20.122223, 49.268094 ], [ 20.1220576, 49.2679651 ], [ 20.122004, 49.267924 ], [ 20.121936, 49.267893 ], [ 20.121643, 49.267753 ], [ 20.121275, 49.267615 ], [ 20.121025, 49.267487 ], [ 20.120872, 49.267345 ], [ 20.120771, 49.267275 ], [ 20.1206175, 49.2671919 ], [ 20.120431, 49.267105 ], [ 20.120266, 49.267037 ], [ 20.120038, 49.266957 ], [ 20.119769, 49.266887 ], [ 20.119546, 49.266829 ], [ 20.119201, 49.266722 ], [ 20.118848, 49.266631 ], [ 20.1186, 49.266568 ], [ 20.118282, 49.266445 ], [ 20.118095, 49.266364 ], [ 20.118054, 49.266356 ], [ 20.1180175, 49.2662787 ], [ 20.117861, 49.266239 ], [ 20.117725, 49.266167 ], [ 20.117492, 49.266001 ], [ 20.117401, 49.265949 ], [ 20.117216, 49.265812 ], [ 20.117156, 49.265773 ], [ 20.1170595, 49.2656119 ], [ 20.117123, 49.265223 ], [ 20.117159, 49.265083 ], [ 20.117175, 49.264882 ], [ 20.1171185, 49.2646669 ], [ 20.117062, 49.26451 ], [ 20.116976, 49.264342 ], [ 20.116853, 49.264198 ], [ 20.116647, 49.264049 ], [ 20.116519, 49.263948 ], [ 20.1164698, 49.263923 ], [ 20.116356, 49.263865 ], [ 20.116223, 49.263799 ], [ 20.115884, 49.263691 ], [ 20.115538, 49.263632 ], [ 20.115315, 49.263593 ], [ 20.115044, 49.263558 ], [ 20.1147949, 49.2635096 ], [ 20.114616, 49.263474 ], [ 20.1143995, 49.2634369 ], [ 20.114331, 49.263415 ], [ 20.114181, 49.263404 ], [ 20.113981, 49.26334 ], [ 20.11393, 49.263319 ], [ 20.113914, 49.263287 ], [ 20.113855, 49.263138 ], [ 20.113843, 49.263048 ], [ 20.113836, 49.262969 ], [ 20.113882, 49.262799 ], [ 20.113873, 49.262541 ], [ 20.113789, 49.26245 ], [ 20.113691, 49.262376 ], [ 20.1133915, 49.2622769 ], [ 20.113162, 49.262198 ], [ 20.112961, 49.262078 ], [ 20.112825, 49.26198 ], [ 20.1127035, 49.2617949 ], [ 20.112665, 49.261671 ], [ 20.112703, 49.26152 ], [ 20.112713, 49.261425 ], [ 20.1127505, 49.2612649 ], [ 20.112679, 49.261167 ], [ 20.112601, 49.261071 ], [ 20.112579, 49.261055 ], [ 20.112536, 49.260967 ], [ 20.112524, 49.260892 ], [ 20.112507, 49.260738 ], [ 20.112493, 49.260644 ], [ 20.112474, 49.26057 ], [ 20.112441, 49.260264 ], [ 20.11235, 49.260107 ], [ 20.112195, 49.25998 ], [ 20.112046, 49.259831 ], [ 20.111915, 49.259696 ], [ 20.111845, 49.259362 ], [ 20.111782, 49.259187 ], [ 20.111693, 49.259016 ], [ 20.111591, 49.25886 ], [ 20.111476, 49.258703 ], [ 20.111342, 49.258568 ], [ 20.111253, 49.258488 ], [ 20.111067, 49.258343 ], [ 20.110938, 49.258244 ], [ 20.110792, 49.258103 ], [ 20.110576, 49.257952 ], [ 20.110439, 49.257851 ], [ 20.110265, 49.257722 ], [ 20.109859, 49.257442 ], [ 20.109668, 49.257319 ], [ 20.109481, 49.257199 ], [ 20.109308, 49.257069 ], [ 20.109017, 49.256931 ], [ 20.1088, 49.256827 ], [ 20.108623, 49.25674 ], [ 20.1083388, 49.2565495 ], [ 20.1080275, 49.2563409 ], [ 20.107686, 49.256291 ], [ 20.107386, 49.25617 ], [ 20.107218, 49.256101 ], [ 20.107162, 49.256025 ], [ 20.107053, 49.255973 ], [ 20.106959, 49.25592 ], [ 20.1067865, 49.2558529 ], [ 20.10658, 49.255618 ], [ 20.1065315, 49.2555109 ], [ 20.10642, 49.255352 ], [ 20.106263, 49.255194 ], [ 20.106026, 49.25496 ], [ 20.105801, 49.254795 ], [ 20.105631, 49.254668 ], [ 20.1054975, 49.2545629 ], [ 20.105323, 49.254432 ], [ 20.105107, 49.254316 ], [ 20.104876, 49.254183 ], [ 20.104651, 49.254075 ], [ 20.1044265, 49.2539889 ], [ 20.104163, 49.253906 ], [ 20.103941, 49.253819 ], [ 20.103722, 49.25374 ], [ 20.103424, 49.253628 ], [ 20.103058, 49.253477 ], [ 20.102734, 49.253315 ], [ 20.1024235, 49.2531229 ], [ 20.102194, 49.252887 ], [ 20.101965, 49.25256 ], [ 20.101878, 49.252387 ], [ 20.1017975, 49.2522059 ], [ 20.101733, 49.252007 ], [ 20.101652, 49.251867 ], [ 20.101539, 49.251637 ], [ 20.10147, 49.251489 ], [ 20.101475, 49.251292 ], [ 20.101377, 49.251114 ], [ 20.101208, 49.250781 ], [ 20.101145, 49.250709 ], [ 20.10103, 49.250544 ], [ 20.10097, 49.25048 ], [ 20.100887, 49.25034 ], [ 20.100767, 49.250088 ], [ 20.100815, 49.249948 ], [ 20.100811, 49.249748 ], [ 20.100799, 49.249544 ], [ 20.100835, 49.249333 ], [ 20.100882, 49.249101 ], [ 20.10089, 49.248889 ], [ 20.10096, 49.248666 ], [ 20.101078, 49.248503 ], [ 20.101225, 49.248295 ], [ 20.101363, 49.248066 ], [ 20.101486, 49.247834 ], [ 20.10158, 49.247617 ], [ 20.101638, 49.247426 ], [ 20.101694, 49.247196 ], [ 20.101812, 49.246874 ], [ 20.101811, 49.246675 ], [ 20.101727, 49.246511 ], [ 20.101571, 49.246349 ], [ 20.101375, 49.246193 ], [ 20.101236, 49.246091 ], [ 20.101161, 49.246017 ], [ 20.101053, 49.24588 ], [ 20.100932, 49.245705 ], [ 20.1008865, 49.2455979 ], [ 20.100913, 49.245434 ], [ 20.100943, 49.245262 ], [ 20.100981, 49.245173 ], [ 20.10101, 49.244988 ], [ 20.101028, 49.244585 ], [ 20.10095, 49.244428 ], [ 20.100897, 49.244248 ], [ 20.100851, 49.244101 ], [ 20.100822, 49.243903 ], [ 20.100797, 49.243713 ], [ 20.1008055, 49.2434669 ], [ 20.100836, 49.243313 ], [ 20.100877, 49.242956 ], [ 20.100899, 49.242769 ], [ 20.100923, 49.242534 ], [ 20.100942, 49.242348 ], [ 20.100973, 49.242182 ], [ 20.1010235, 49.2418399 ], [ 20.100958, 49.241466 ], [ 20.1008695, 49.2412669 ], [ 20.100766, 49.241141 ], [ 20.100607, 49.240903 ], [ 20.100374, 49.240663 ], [ 20.100175, 49.24049 ], [ 20.100015, 49.240372 ], [ 20.099788, 49.240172 ], [ 20.099588, 49.240044 ], [ 20.099315, 49.239888 ], [ 20.099155, 49.239783 ], [ 20.099011, 49.239639 ], [ 20.098989, 49.239544 ], [ 20.098887, 49.23939 ], [ 20.098729, 49.239279 ], [ 20.098723, 49.239249 ], [ 20.098775, 49.23915 ], [ 20.0988125, 49.2390469 ], [ 20.09875, 49.238712 ], [ 20.0987322, 49.2386929 ], [ 20.098695, 49.238655 ], [ 20.098618, 49.23857 ], [ 20.0984045, 49.2384069 ], [ 20.098243, 49.238243 ], [ 20.0981395, 49.2380739 ], [ 20.098143, 49.237975 ], [ 20.0981675, 49.2378409 ], [ 20.0983695, 49.2376159 ], [ 20.0984315, 49.2374139 ], [ 20.0984004, 49.2373525 ], [ 20.09839, 49.237333 ], [ 20.09829, 49.237172 ], [ 20.098189, 49.236969 ], [ 20.0981606, 49.2369316 ], [ 20.0980001, 49.2367241 ], [ 20.09797, 49.236686 ], [ 20.0979686, 49.2365945 ], [ 20.097967, 49.236543 ], [ 20.098091, 49.236327 ], [ 20.098163, 49.236222 ], [ 20.09823, 49.236128 ], [ 20.0983095, 49.2359959 ], [ 20.098396, 49.235813 ], [ 20.098428, 49.235674 ], [ 20.0984263, 49.2355765 ], [ 20.098424, 49.235499 ], [ 20.098324, 49.235249 ], [ 20.0982497, 49.2351512 ], [ 20.098206, 49.235095 ], [ 20.098039, 49.234892 ], [ 20.09796, 49.234834 ], [ 20.0978335, 49.2345519 ], [ 20.097847, 49.234388 ], [ 20.097881, 49.234272 ], [ 20.097983, 49.23411 ], [ 20.098145, 49.233937 ], [ 20.0983951, 49.2337007 ], [ 20.098444, 49.233654 ], [ 20.098706, 49.23331 ], [ 20.098851, 49.233068 ], [ 20.098908, 49.232937 ], [ 20.099036, 49.232754 ], [ 20.099116, 49.232596 ], [ 20.099251, 49.232431 ], [ 20.099391, 49.232269 ], [ 20.09956, 49.23209 ], [ 20.099634, 49.231947 ], [ 20.0996915, 49.2318109 ], [ 20.099725, 49.23166 ], [ 20.099745, 49.231495 ], [ 20.0997295, 49.2314309 ], [ 20.099706, 49.231296 ], [ 20.099649, 49.2312 ], [ 20.099593, 49.231059 ], [ 20.099494, 49.230811 ], [ 20.0994655, 49.2306999 ], [ 20.099348, 49.230363 ], [ 20.099335, 49.230228 ], [ 20.099383, 49.23001 ], [ 20.099405, 49.229843 ], [ 20.099479, 49.229623 ], [ 20.099561, 49.229576 ], [ 20.099614, 49.229511 ], [ 20.099672, 49.22938 ], [ 20.099748, 49.229272 ], [ 20.099826, 49.22913 ], [ 20.0998625, 49.2289619 ], [ 20.099825, 49.228841 ], [ 20.099805, 49.228717 ], [ 20.099764, 49.228584 ], [ 20.0997655, 49.2284259 ], [ 20.099799, 49.228266 ], [ 20.099824, 49.228126 ], [ 20.099839, 49.228065 ], [ 20.099811, 49.227995 ], [ 20.099826, 49.227868 ], [ 20.099863, 49.227769 ], [ 20.0999245, 49.2276309 ], [ 20.100018, 49.227559 ], [ 20.100324, 49.227397 ], [ 20.100525, 49.227296 ], [ 20.100858, 49.227166 ], [ 20.1010235, 49.2271119 ], [ 20.101195, 49.226994 ], [ 20.101416, 49.226703 ], [ 20.10154, 49.226562 ], [ 20.101723, 49.226415 ], [ 20.1018166, 49.2263541 ], [ 20.101886, 49.226238 ], [ 20.102032, 49.225967 ], [ 20.102128, 49.225799 ], [ 20.102177, 49.225661 ], [ 20.102195, 49.22551 ], [ 20.102198, 49.225285 ], [ 20.102191, 49.22514 ], [ 20.102094, 49.224958 ], [ 20.101983, 49.224809 ], [ 20.101899, 49.224659 ], [ 20.101788, 49.224509 ], [ 20.101724, 49.224275 ], [ 20.101601, 49.224111 ], [ 20.101539, 49.223919 ], [ 20.101521, 49.22373 ], [ 20.101487, 49.223504 ], [ 20.101443, 49.223428 ], [ 20.1014405, 49.2233089 ], [ 20.101432, 49.223187 ], [ 20.101483, 49.223138 ], [ 20.101641, 49.222866 ], [ 20.101623, 49.222715 ], [ 20.1016245, 49.2226589 ], [ 20.10154, 49.22264 ], [ 20.10137, 49.222599 ], [ 20.101267, 49.222566 ], [ 20.101025, 49.222543 ], [ 20.100921, 49.222536 ], [ 20.1004802, 49.2223996 ], [ 20.100403, 49.222376 ], [ 20.100313, 49.222258 ], [ 20.100229, 49.222135 ], [ 20.100138, 49.221998 ], [ 20.100104, 49.221904 ], [ 20.100034, 49.221831 ], [ 20.100049, 49.221761 ], [ 20.100065, 49.221694 ], [ 20.100008, 49.221656 ], [ 20.099889, 49.221634 ], [ 20.09979, 49.22154 ], [ 20.099723, 49.221454 ], [ 20.099716, 49.221363 ], [ 20.099676, 49.2213 ], [ 20.099617, 49.221236 ], [ 20.099479, 49.221208 ], [ 20.099303, 49.221211 ], [ 20.099176, 49.221147 ], [ 20.099049, 49.221091 ], [ 20.098945, 49.221044 ], [ 20.098727, 49.220981 ], [ 20.098642, 49.220923 ], [ 20.098598, 49.220818 ], [ 20.098673, 49.220596 ], [ 20.098605, 49.220467 ], [ 20.098543, 49.220393 ], [ 20.09843, 49.220321 ], [ 20.09836, 49.220267 ], [ 20.098252, 49.220195 ], [ 20.098113, 49.220198 ], [ 20.098021, 49.220222 ], [ 20.097967, 49.220225 ], [ 20.097856, 49.220249 ], [ 20.097747, 49.22026 ], [ 20.097668, 49.220282 ], [ 20.097577, 49.220328 ], [ 20.097532, 49.220357 ], [ 20.097535, 49.220383 ], [ 20.097452, 49.220419 ], [ 20.0973105, 49.2204269 ], [ 20.097068, 49.220315 ], [ 20.096947, 49.22029 ], [ 20.096771, 49.220226 ], [ 20.09668, 49.220168 ], [ 20.09655, 49.220091 ], [ 20.096407, 49.22008 ], [ 20.096341, 49.220084 ], [ 20.0961645, 49.2200329 ], [ 20.096238, 49.219917 ], [ 20.095592, 49.219188 ], [ 20.094998, 49.218296 ], [ 20.094954, 49.218229 ], [ 20.094635, 49.217757 ], [ 20.093772, 49.216486 ], [ 20.092991, 49.215321 ], [ 20.092092, 49.213912 ], [ 20.091803, 49.213488 ], [ 20.091502, 49.212922 ], [ 20.091141, 49.21245 ], [ 20.090813, 49.211872 ], [ 20.0906829, 49.2117237 ], [ 20.090632, 49.211435 ], [ 20.090124, 49.210965 ], [ 20.0888787, 49.2096033 ], [ 20.0885025, 49.2092752 ], [ 20.0879685, 49.208447 ], [ 20.0871772, 49.2076078 ], [ 20.0869744, 49.2058541 ], [ 20.0862581, 49.204024 ], [ 20.08647, 49.2033235 ], [ 20.086863, 49.202711 ], [ 20.0867803, 49.2012303 ], [ 20.0871237, 49.2007198 ], [ 20.0870779, 49.1997665 ], [ 20.087095, 49.1995427 ], [ 20.0871947, 49.1993859 ], [ 20.0867888, 49.1989555 ], [ 20.086843, 49.1987995 ], [ 20.0865253, 49.1985643 ], [ 20.086374, 49.1983958 ], [ 20.086301, 49.198137 ], [ 20.086316, 49.198065 ], [ 20.086243, 49.197883 ], [ 20.086139, 49.197766 ], [ 20.086205, 49.197664 ], [ 20.086146, 49.19752 ], [ 20.086208, 49.197391 ], [ 20.086206, 49.197321 ], [ 20.0861795, 49.1972829 ], [ 20.085958, 49.197169 ], [ 20.085933, 49.197065 ], [ 20.085789, 49.196999 ], [ 20.08565, 49.196896 ], [ 20.085617, 49.196851 ], [ 20.085266, 49.196564 ], [ 20.085079, 49.196427 ], [ 20.084916, 49.196514 ], [ 20.084774, 49.196533 ], [ 20.084652, 49.196393 ], [ 20.084375, 49.196185 ], [ 20.084397, 49.195856 ], [ 20.084336, 49.195574 ], [ 20.084498, 49.195433 ], [ 20.0843865, 49.1951339 ], [ 20.08435, 49.194885 ], [ 20.084602, 49.194783 ], [ 20.08468, 49.194673 ], [ 20.084724, 49.194525 ], [ 20.084676, 49.194125 ], [ 20.084667, 49.193673 ], [ 20.084576, 49.193278 ], [ 20.08455, 49.192932 ], [ 20.084786, 49.19281 ], [ 20.084915, 49.192437 ], [ 20.084952, 49.192155 ], [ 20.085137, 49.192041 ], [ 20.085364, 49.191977 ], [ 20.085689, 49.191787 ], [ 20.0857095, 49.1916329 ], [ 20.085714, 49.191519 ], [ 20.085789, 49.191443 ], [ 20.086006, 49.191415 ], [ 20.085903, 49.191137 ], [ 20.085903, 49.190881 ], [ 20.08591, 49.190647 ], [ 20.08587, 49.190441 ], [ 20.086112, 49.189906 ], [ 20.086146, 49.189677 ], [ 20.086149, 49.189561 ], [ 20.08587, 49.189192 ], [ 20.086187, 49.189222 ], [ 20.086539, 49.189132 ], [ 20.08658, 49.188957 ], [ 20.086819, 49.188914 ], [ 20.086706, 49.188654 ], [ 20.086798, 49.188568 ], [ 20.086988, 49.188415 ], [ 20.087053, 49.188122 ], [ 20.0871435, 49.1879917 ], [ 20.0873414, 49.1879878 ], [ 20.087472, 49.187842 ], [ 20.0877315, 49.1877659 ], [ 20.088157, 49.187803 ], [ 20.088579, 49.187745 ], [ 20.088762, 49.187788 ], [ 20.08903, 49.187826 ], [ 20.089253, 49.187848 ], [ 20.0891546, 49.1877404 ], [ 20.0889425, 49.1876649 ], [ 20.088732, 49.187529 ], [ 20.088497, 49.187393 ], [ 20.088416, 49.187336 ], [ 20.0883744, 49.1871675 ], [ 20.088187, 49.186991 ], [ 20.088065, 49.186827 ], [ 20.088039, 49.186728 ], [ 20.087977, 49.186694 ], [ 20.087848, 49.186604 ], [ 20.087673, 49.18655 ], [ 20.0875238, 49.1865868 ], [ 20.087321, 49.186463 ], [ 20.087173, 49.186347 ], [ 20.087126, 49.186178 ], [ 20.0871375, 49.1859799 ], [ 20.0872064, 49.1858149 ], [ 20.087212, 49.185689 ], [ 20.087079, 49.185606 ], [ 20.08718, 49.18555 ], [ 20.0872259, 49.1854367 ], [ 20.0871985, 49.185352 ], [ 20.08716, 49.185287 ], [ 20.0871052, 49.1852079 ], [ 20.0870336, 49.1851193 ], [ 20.0869714, 49.1850244 ], [ 20.086927, 49.184987 ], [ 20.086871, 49.184843 ], [ 20.086855, 49.184822 ], [ 20.086775, 49.184767 ], [ 20.086826, 49.1846885 ], [ 20.08682, 49.184584 ], [ 20.0869619, 49.1845672 ], [ 20.0868925, 49.1844659 ], [ 20.086883, 49.18444 ], [ 20.086792, 49.184366 ], [ 20.086882, 49.184345 ], [ 20.0869543, 49.1842938 ], [ 20.087005, 49.184258 ], [ 20.0871005, 49.1842037 ], [ 20.0871519, 49.1840795 ], [ 20.087224, 49.184009 ], [ 20.087328, 49.183963 ], [ 20.0873832, 49.1839009 ], [ 20.087495, 49.1838 ], [ 20.087609, 49.183727 ], [ 20.087732, 49.183692 ], [ 20.087767, 49.183637 ], [ 20.087748, 49.183598 ], [ 20.0878, 49.183572 ], [ 20.087942, 49.183506 ], [ 20.087995, 49.183403 ], [ 20.08802, 49.183351 ], [ 20.088154, 49.183245 ], [ 20.0882035, 49.1831849 ], [ 20.08813, 49.183124 ], [ 20.088113, 49.183051 ], [ 20.088072, 49.182934 ], [ 20.088065, 49.182862 ], [ 20.088114, 49.182805 ], [ 20.088068, 49.1827509 ], [ 20.087983, 49.182567 ], [ 20.0880185, 49.1825265 ], [ 20.088104, 49.182492 ], [ 20.088101, 49.182391 ], [ 20.088122, 49.18231 ], [ 20.088119, 49.182206 ], [ 20.088057, 49.182125 ], [ 20.088006, 49.182064 ], [ 20.0880048, 49.1819084 ], [ 20.087941, 49.181706 ], [ 20.08797, 49.181612 ], [ 20.08794, 49.181521 ], [ 20.088039, 49.181486 ], [ 20.087994, 49.181362 ], [ 20.08805, 49.181377 ], [ 20.088078, 49.181336 ], [ 20.08818, 49.1812666 ], [ 20.088222, 49.181205 ], [ 20.088263, 49.181136 ], [ 20.0883437, 49.1811371 ], [ 20.0883509, 49.1810917 ], [ 20.0884711, 49.181045 ], [ 20.088354, 49.180949 ], [ 20.0882565, 49.1808733 ], [ 20.088279, 49.180715 ], [ 20.088257, 49.180671 ], [ 20.088207, 49.180609 ], [ 20.088272, 49.180533 ], [ 20.088166, 49.180471 ], [ 20.088213, 49.180442 ], [ 20.0881486, 49.180365 ], [ 20.088052, 49.180262 ], [ 20.088138, 49.180242 ], [ 20.0881502, 49.180193 ], [ 20.08818, 49.18014 ], [ 20.088166, 49.180072 ], [ 20.088212, 49.180008 ], [ 20.088148, 49.1799 ], [ 20.088154, 49.179659 ], [ 20.08813, 49.17962 ], [ 20.0881093, 49.1795743 ], [ 20.088001, 49.179559 ], [ 20.087961, 49.179539 ], [ 20.0879015, 49.1795112 ], [ 20.087784, 49.179504 ], [ 20.087691, 49.179487 ], [ 20.087553, 49.179492 ], [ 20.087408, 49.17949 ], [ 20.087271, 49.179514 ], [ 20.087158, 49.179531 ], [ 20.0869877, 49.1794895 ], [ 20.0869202, 49.1794977 ], [ 20.0869148, 49.1795708 ], [ 20.086748, 49.179646 ], [ 20.0866245, 49.1796938 ], [ 20.0865994, 49.1796597 ], [ 20.086552, 49.179656 ], [ 20.086411, 49.179696 ], [ 20.086253, 49.179665 ], [ 20.0861288, 49.1796848 ], [ 20.086053, 49.1796463 ], [ 20.085941, 49.179691 ], [ 20.085786, 49.179675 ], [ 20.085653, 49.179659 ], [ 20.085551, 49.179614 ], [ 20.085377, 49.179611 ], [ 20.0852445, 49.1796089 ], [ 20.085157, 49.179592 ], [ 20.085033, 49.179587 ], [ 20.084921, 49.17957 ], [ 20.084826, 49.179587 ], [ 20.084634, 49.179572 ], [ 20.084461, 49.179589 ], [ 20.084317, 49.179628 ], [ 20.084318, 49.179517 ], [ 20.0841933, 49.1794918 ], [ 20.084077, 49.179457 ], [ 20.083937, 49.179506 ], [ 20.083799, 49.179482 ], [ 20.083676, 49.179461 ], [ 20.083592, 49.179439 ], [ 20.083406, 49.179465 ], [ 20.083227, 49.179434 ], [ 20.083049, 49.179436 ], [ 20.08286, 49.179443 ], [ 20.082623, 49.179358 ], [ 20.08246, 49.179314 ], [ 20.0824, 49.179348 ], [ 20.082186, 49.179336 ], [ 20.082159, 49.179295 ], [ 20.082092, 49.179279 ], [ 20.082052, 49.179248 ], [ 20.081975, 49.179215 ], [ 20.081827, 49.179204 ], [ 20.081687, 49.179158 ], [ 20.081582, 49.17914 ], [ 20.08139, 49.179104 ], [ 20.081189, 49.179081 ], [ 20.080941, 49.179023 ], [ 20.080765, 49.179018 ], [ 20.080779, 49.178947 ], [ 20.080488, 49.17891 ], [ 20.080127, 49.178826 ], [ 20.079974, 49.178787 ], [ 20.079878, 49.178752 ], [ 20.0797875, 49.1787249 ], [ 20.079658, 49.178714 ], [ 20.079566, 49.178696 ], [ 20.07942, 49.178641 ], [ 20.079323, 49.178617 ], [ 20.079333, 49.178569 ], [ 20.079245, 49.17856 ], [ 20.079021, 49.178476 ], [ 20.078868, 49.178523 ], [ 20.078624, 49.178492 ], [ 20.078599, 49.178534 ], [ 20.078595, 49.178602 ], [ 20.0785249, 49.1786181 ], [ 20.07836, 49.178656 ], [ 20.078145, 49.178608 ], [ 20.078033, 49.178596 ], [ 20.077815, 49.17856 ], [ 20.077761, 49.17858 ], [ 20.07763, 49.17861 ], [ 20.077483, 49.178606 ], [ 20.077253, 49.178572 ], [ 20.077095, 49.178588 ], [ 20.076926, 49.178539 ], [ 20.076758, 49.178548 ], [ 20.076716, 49.178577 ], [ 20.07655, 49.178589 ], [ 20.07638, 49.1786 ], [ 20.076276, 49.178615 ], [ 20.076169, 49.178666 ], [ 20.076063, 49.17871 ], [ 20.075955, 49.178702 ], [ 20.075848, 49.178722 ], [ 20.075752, 49.178738 ], [ 20.075632, 49.178709 ], [ 20.075605, 49.178751 ], [ 20.075502, 49.178764 ], [ 20.075395, 49.178853 ], [ 20.075336, 49.178922 ], [ 20.075254, 49.178935 ], [ 20.075123, 49.178901 ], [ 20.07509, 49.178897 ], [ 20.075071, 49.178964 ], [ 20.0749, 49.178993 ], [ 20.074847, 49.179053 ], [ 20.074752, 49.179098 ], [ 20.074653, 49.179144 ], [ 20.074562, 49.179168 ], [ 20.07445, 49.179253 ], [ 20.074116, 49.179331 ], [ 20.074097, 49.179385 ], [ 20.07406, 49.179425 ], [ 20.073915, 49.179465 ], [ 20.073888, 49.179497 ], [ 20.073767, 49.179538 ], [ 20.073611, 49.179581 ], [ 20.073548, 49.179649 ], [ 20.073486, 49.179679 ], [ 20.073433, 49.179715 ], [ 20.073372, 49.179766 ], [ 20.073253, 49.179797 ], [ 20.073203, 49.179806 ], [ 20.073099, 49.179802 ], [ 20.073048, 49.179847 ], [ 20.072938, 49.179852 ], [ 20.07279, 49.179904 ], [ 20.072586, 49.180001 ], [ 20.072485, 49.180049 ], [ 20.0725225, 49.1801089 ], [ 20.072416, 49.180166 ], [ 20.072387, 49.180182 ], [ 20.072341, 49.180214 ], [ 20.07211, 49.180217 ], [ 20.071865, 49.180153 ], [ 20.071655, 49.18022 ], [ 20.071501, 49.180243 ], [ 20.071416, 49.180182 ], [ 20.071392, 49.180247 ], [ 20.07123, 49.180268 ], [ 20.071143, 49.180351 ], [ 20.071078, 49.180412 ], [ 20.0710107, 49.1803941 ], [ 20.070901, 49.180418 ], [ 20.070761, 49.18046 ], [ 20.070498, 49.180464 ], [ 20.07046, 49.180499 ], [ 20.070285, 49.180495 ], [ 20.070248, 49.18049 ], [ 20.070088, 49.180547 ], [ 20.069898, 49.180557 ], [ 20.069797, 49.180614 ], [ 20.069734, 49.180609 ], [ 20.0697, 49.180606 ], [ 20.0695947, 49.180632 ], [ 20.069332, 49.180697 ], [ 20.069107, 49.180781 ], [ 20.069032, 49.18087 ], [ 20.069028, 49.180946 ], [ 20.068989, 49.180968 ], [ 20.0689525, 49.1809959 ], [ 20.068794, 49.181033 ], [ 20.068682, 49.181111 ], [ 20.068627, 49.181178 ], [ 20.0686, 49.181262 ], [ 20.068662, 49.181369 ], [ 20.068598, 49.181413 ], [ 20.068463, 49.181498 ], [ 20.068333, 49.181531 ], [ 20.068337, 49.181573 ], [ 20.068239, 49.181631 ], [ 20.068107, 49.181758 ], [ 20.0679517, 49.1818776 ], [ 20.067933, 49.181892 ], [ 20.06781, 49.181981 ], [ 20.067733, 49.182109 ], [ 20.0676, 49.182361 ], [ 20.067519, 49.182647 ], [ 20.067475, 49.182834 ], [ 20.0673005, 49.1829849 ], [ 20.067183, 49.183182 ], [ 20.067145, 49.183186 ], [ 20.06691, 49.183241 ], [ 20.066419, 49.183362 ], [ 20.066212, 49.183529 ], [ 20.066103, 49.183544 ], [ 20.065879, 49.183505 ], [ 20.065696, 49.183605 ], [ 20.065476, 49.183639 ], [ 20.0652865, 49.1836162 ], [ 20.064986, 49.183774 ], [ 20.064912, 49.183773 ], [ 20.064777, 49.1839 ], [ 20.064788, 49.183977 ], [ 20.064717, 49.184025 ], [ 20.064648, 49.184035 ], [ 20.064492, 49.183988 ], [ 20.064391, 49.184039 ], [ 20.064238, 49.184058 ], [ 20.064057, 49.184131 ], [ 20.064118, 49.184276 ], [ 20.063921, 49.184339 ], [ 20.063841, 49.18439 ], [ 20.063516, 49.184403 ], [ 20.063285, 49.18441 ], [ 20.063169, 49.184526 ], [ 20.063071, 49.184595 ], [ 20.062906, 49.184569 ], [ 20.062762, 49.184564 ], [ 20.062554, 49.184635 ], [ 20.062238, 49.184731 ], [ 20.062019, 49.184798 ], [ 20.061741, 49.184966 ], [ 20.061669, 49.185051 ], [ 20.061602, 49.185145 ], [ 20.06149, 49.18525 ], [ 20.061334, 49.185367 ], [ 20.061141, 49.185497 ], [ 20.060912, 49.185679 ], [ 20.060868, 49.185776 ], [ 20.06081, 49.185843 ], [ 20.060706, 49.185995 ], [ 20.060562, 49.186194 ], [ 20.060562, 49.186353 ], [ 20.060493, 49.186487 ], [ 20.06038, 49.186588 ], [ 20.060301, 49.186729 ], [ 20.06019, 49.186851 ], [ 20.060277, 49.186916 ], [ 20.060181, 49.187041 ], [ 20.0600967, 49.1870574 ], [ 20.059991, 49.187078 ], [ 20.059968, 49.187108 ], [ 20.059831, 49.187107 ], [ 20.059567, 49.187091 ], [ 20.0592982, 49.18703 ], [ 20.059122, 49.187085 ], [ 20.058953, 49.187165 ], [ 20.058788, 49.187258 ], [ 20.05865, 49.1874 ], [ 20.058426, 49.187393 ], [ 20.05802, 49.187484 ], [ 20.057697, 49.187602 ], [ 20.057221, 49.187625 ], [ 20.056747, 49.187585 ], [ 20.056265, 49.187724 ], [ 20.056015, 49.187804 ], [ 20.055569, 49.187739 ], [ 20.055228, 49.187703 ], [ 20.055123, 49.187775 ], [ 20.054985, 49.187771 ], [ 20.0548, 49.187744 ], [ 20.054624, 49.187865 ], [ 20.054274, 49.187884 ], [ 20.054049, 49.187862 ], [ 20.053946, 49.187896 ], [ 20.053678, 49.187803 ], [ 20.053512, 49.187829 ], [ 20.0532455, 49.1878619 ], [ 20.053176, 49.187962 ], [ 20.052875, 49.188061 ], [ 20.052733, 49.188069 ], [ 20.052487, 49.188168 ], [ 20.052156, 49.188305 ], [ 20.0518471, 49.1883429 ], [ 20.050967, 49.188826 ], [ 20.0509767, 49.189119 ], [ 20.0504802, 49.1894998 ], [ 20.050081, 49.189604 ], [ 20.0495375, 49.1894631 ], [ 20.0493083, 49.1894735 ], [ 20.0490536, 49.1895809 ], [ 20.0488984, 49.1895289 ], [ 20.0482771, 49.1897777 ], [ 20.0480616, 49.1899516 ], [ 20.0478442, 49.1899982 ], [ 20.0477592, 49.1901364 ], [ 20.0471922, 49.1903658 ], [ 20.0465575, 49.1911693 ], [ 20.0449616, 49.1917656 ], [ 20.044893, 49.191958 ], [ 20.044653, 49.192165 ], [ 20.0444459, 49.1924293 ], [ 20.0438305, 49.1928618 ], [ 20.0434008, 49.1929079 ], [ 20.042984, 49.19304 ], [ 20.0426189, 49.1931776 ], [ 20.0422664, 49.1935999 ], [ 20.0418758, 49.1941407 ], [ 20.041381, 49.1945 ], [ 20.041311, 49.194624 ], [ 20.041143, 49.194749 ], [ 20.0407321, 49.194969 ], [ 20.04057, 49.1951495 ], [ 20.0405834, 49.1954109 ], [ 20.0405443, 49.1955343 ], [ 20.0403757, 49.1956394 ], [ 20.040236, 49.195792 ], [ 20.0400541, 49.1959517 ], [ 20.0400495, 49.1960722 ], [ 20.0399507, 49.1962449 ], [ 20.0401271, 49.1964886 ], [ 20.0401511, 49.1967122 ], [ 20.040286, 49.196944 ], [ 20.0405028, 49.1970162 ], [ 20.040361, 49.197069 ], [ 20.040097, 49.197289 ], [ 20.0397723, 49.1974229 ], [ 20.0396681, 49.197409 ], [ 20.039626, 49.1974034 ], [ 20.0395555, 49.1974368 ], [ 20.039492, 49.197467 ], [ 20.039112, 49.19757 ], [ 20.038806, 49.197662 ], [ 20.038157, 49.1977701 ], [ 20.037322, 49.197813 ], [ 20.0367569, 49.1979735 ], [ 20.036413, 49.198112 ], [ 20.036168, 49.198218 ], [ 20.035932, 49.198229 ], [ 20.0357529, 49.1982869 ], [ 20.0354587, 49.198382 ], [ 20.0352279, 49.1985224 ], [ 20.0351397, 49.1985546 ], [ 20.0349233, 49.1986335 ], [ 20.0345782, 49.1985753 ], [ 20.0343027, 49.1986181 ], [ 20.0340652, 49.1988525 ], [ 20.0337903, 49.1990483 ], [ 20.033562, 49.199132 ], [ 20.0333875, 49.1992073 ], [ 20.033105, 49.199233 ], [ 20.0328505, 49.1993051 ], [ 20.0325215, 49.1997812 ], [ 20.0322557, 49.1999582 ], [ 20.0322012, 49.1999471 ], [ 20.0318986, 49.1998852 ], [ 20.031707, 49.199846 ], [ 20.0312945, 49.1997539 ], [ 20.030995, 49.199766 ], [ 20.030597, 49.199712 ], [ 20.0302125, 49.1996969 ], [ 20.029651, 49.199757 ], [ 20.029395, 49.199805 ], [ 20.02896, 49.19986 ], [ 20.028675, 49.19995 ], [ 20.028266, 49.200068 ], [ 20.0280368, 49.200055 ], [ 20.02786, 49.200045 ], [ 20.027566, 49.200101 ], [ 20.027248, 49.200156 ], [ 20.02702, 49.200237 ], [ 20.026677, 49.200377 ], [ 20.026444, 49.200428 ], [ 20.026272, 49.200512 ], [ 20.026144, 49.200538 ], [ 20.025935, 49.200497 ], [ 20.0257715, 49.2005199 ], [ 20.025568, 49.200574 ], [ 20.025483, 49.200656 ], [ 20.025294, 49.200586 ], [ 20.025126, 49.200665 ], [ 20.0250858, 49.2006597 ], [ 20.024973, 49.200645 ], [ 20.024712, 49.200674 ], [ 20.024409, 49.20067 ], [ 20.024059, 49.200675 ], [ 20.023798, 49.200714 ], [ 20.0233195, 49.2007399 ], [ 20.023166, 49.200926 ], [ 20.02299, 49.201061 ], [ 20.02277, 49.201132 ], [ 20.022525, 49.201229 ], [ 20.0220269, 49.20134 ], [ 20.021899, 49.2013848 ], [ 20.021547, 49.201443 ], [ 20.021089, 49.201502 ], [ 20.020902, 49.201589 ], [ 20.020728, 49.201563 ], [ 20.020529, 49.201505 ], [ 20.0203855, 49.2016249 ], [ 20.02025, 49.201685 ], [ 20.020109, 49.201798 ], [ 20.019937, 49.20187 ], [ 20.019772, 49.202039 ], [ 20.019621, 49.2022 ], [ 20.0195255, 49.2023006 ], [ 20.019395, 49.202438 ], [ 20.019336, 49.202574 ], [ 20.018993, 49.202711 ], [ 20.018845, 49.202867 ], [ 20.018735, 49.202956 ], [ 20.018789, 49.203128 ], [ 20.018628, 49.203212 ], [ 20.018461, 49.203283 ], [ 20.018263, 49.203408 ], [ 20.018051, 49.203573 ], [ 20.017623, 49.203873 ], [ 20.017398, 49.204048 ], [ 20.017212, 49.204155 ], [ 20.016976, 49.204322 ], [ 20.016829, 49.204475 ], [ 20.016731, 49.204596 ], [ 20.016632, 49.204684 ], [ 20.016524, 49.204873 ], [ 20.016323, 49.205118 ], [ 20.016222, 49.205174 ], [ 20.016141, 49.20527 ], [ 20.015946, 49.205429 ], [ 20.0158583, 49.2054833 ], [ 20.015628, 49.205626 ], [ 20.015443, 49.20574 ], [ 20.015294, 49.205878 ], [ 20.0151602, 49.2059397 ], [ 20.015025, 49.206002 ], [ 20.014639, 49.206137 ], [ 20.0145096, 49.2061836 ], [ 20.014342, 49.206244 ], [ 20.0143985, 49.2064019 ], [ 20.014173, 49.206553 ], [ 20.013792, 49.20667 ], [ 20.013395, 49.206756 ], [ 20.013165, 49.20694 ], [ 20.012887, 49.20716 ], [ 20.012851, 49.207319 ], [ 20.012755, 49.207499 ], [ 20.012666, 49.207723 ], [ 20.012591, 49.207847 ], [ 20.012563, 49.207941 ], [ 20.012525, 49.208066 ], [ 20.012474, 49.208143 ], [ 20.012413, 49.208283 ], [ 20.012277, 49.208397 ], [ 20.012163, 49.208579 ], [ 20.012249, 49.208906 ], [ 20.012185, 49.209106 ], [ 20.012012, 49.209253 ], [ 20.01199, 49.209509 ], [ 20.011901, 49.209544 ], [ 20.011781, 49.209677 ], [ 20.011628, 49.209675 ], [ 20.01147, 49.209757 ], [ 20.01131, 49.209878 ], [ 20.0113, 49.210028 ], [ 20.011206, 49.210104 ], [ 20.010637, 49.210358 ], [ 20.010138, 49.21068 ], [ 20.009929, 49.210833 ], [ 20.009668, 49.210996 ], [ 20.009386, 49.211086 ], [ 20.009158, 49.211163 ], [ 20.008976, 49.211233 ], [ 20.008729, 49.211367 ], [ 20.008597, 49.211428 ], [ 20.008371, 49.211476 ], [ 20.008245, 49.211541 ], [ 20.008048, 49.211621 ], [ 20.007916, 49.211766 ], [ 20.007709, 49.21197 ], [ 20.007598, 49.212105 ], [ 20.00742, 49.212239 ], [ 20.007188, 49.212284 ], [ 20.007082, 49.212371 ], [ 20.0069725, 49.2125409 ], [ 20.006852, 49.212723 ], [ 20.006809, 49.212873 ], [ 20.006757, 49.213036 ], [ 20.00647, 49.213158 ], [ 20.006501, 49.213311 ], [ 20.006617, 49.213371 ], [ 20.006742, 49.213413 ], [ 20.00682, 49.213439 ], [ 20.007006, 49.213524 ], [ 20.007164, 49.213514 ], [ 20.007323, 49.213599 ], [ 20.007224, 49.213794 ], [ 20.007333, 49.213955 ], [ 20.00746, 49.21403 ], [ 20.007275, 49.214165 ], [ 20.007358, 49.214297 ], [ 20.00761, 49.214526 ], [ 20.007782, 49.214593 ], [ 20.008015, 49.214733 ], [ 20.008185, 49.214881 ], [ 20.008376, 49.215029 ], [ 20.008491, 49.215206 ], [ 20.008738, 49.215447 ], [ 20.008853, 49.215611 ], [ 20.008925, 49.215732 ], [ 20.008953, 49.215906 ], [ 20.0090015, 49.2160609 ], [ 20.009076, 49.216177 ], [ 20.008998, 49.216328 ], [ 20.008938, 49.216538 ], [ 20.008932, 49.216698 ], [ 20.008878, 49.216849 ], [ 20.008936, 49.217051 ], [ 20.009018, 49.217225 ], [ 20.008897, 49.217392 ], [ 20.008859, 49.217576 ], [ 20.008754, 49.217756 ], [ 20.008735, 49.217867 ], [ 20.008798, 49.217928 ], [ 20.008848, 49.218061 ], [ 20.008857, 49.218221 ], [ 20.008941, 49.218317 ], [ 20.009018, 49.218547 ], [ 20.009239, 49.218686 ], [ 20.009407, 49.218919 ], [ 20.009216, 49.219089 ], [ 20.009249, 49.219233 ], [ 20.0093063, 49.2194211 ], [ 20.008629, 49.22005 ], [ 20.00768, 49.219979 ], [ 20.006832, 49.220113 ], [ 20.004995, 49.220388 ], [ 20.003761, 49.220987 ], [ 20.002705, 49.221509 ], [ 20.00122, 49.222266 ], [ 20.000306, 49.222272 ], [ 19.9992188, 49.2222977 ], [ 19.998194, 49.223098 ], [ 19.9970114, 49.2236677 ], [ 19.995849, 49.224008 ], [ 19.994388, 49.22446 ], [ 19.9925263, 49.2251479 ], [ 19.9917749, 49.2254631 ], [ 19.9913524, 49.2256403 ], [ 19.989752, 49.226263 ], [ 19.9891202, 49.227253 ], [ 19.9889949, 49.2273597 ], [ 19.987961, 49.228242 ], [ 19.987054, 49.229096 ], [ 19.98604, 49.229528 ], [ 19.9843885, 49.2301771 ], [ 19.98422, 49.2302778 ], [ 19.9840188, 49.2303982 ], [ 19.983901, 49.2304687 ], [ 19.9834657, 49.2307292 ], [ 19.9832379, 49.2308677 ], [ 19.9830473, 49.2309865 ], [ 19.9823191, 49.2313196 ], [ 19.9815609, 49.2318014 ], [ 19.9813262, 49.2316322 ], [ 19.9803151, 49.2312307 ], [ 19.9801017, 49.231146 ], [ 19.9798483, 49.2310867 ], [ 19.9793165, 49.2309623 ], [ 19.9782338, 49.2308334 ], [ 19.9776331, 49.2307737 ], [ 19.9771009, 49.2307211 ], [ 19.9758948, 49.2304773 ], [ 19.975189, 49.2303272 ], [ 19.9746136, 49.2302052 ], [ 19.9740287, 49.2300805 ], [ 19.9733273, 49.2300633 ], [ 19.972222, 49.230103 ], [ 19.971166, 49.229955 ], [ 19.9704727, 49.2301794 ], [ 19.9692441, 49.2303687 ], [ 19.967827, 49.230657 ], [ 19.967295, 49.230806 ], [ 19.966692, 49.231123 ], [ 19.966169, 49.231291 ], [ 19.964854, 49.2312 ], [ 19.962425, 49.231366 ], [ 19.9612, 49.231543 ], [ 19.960125, 49.231736 ], [ 19.959212, 49.231807 ], [ 19.958213, 49.232059 ], [ 19.957602, 49.23228 ], [ 19.957038, 49.232404 ], [ 19.9567539, 49.2323098 ], [ 19.9557789, 49.2324345 ], [ 19.9540596, 49.2323029 ], [ 19.9531292, 49.2321865 ], [ 19.9513616, 49.2323196 ], [ 19.9511129, 49.2323383 ], [ 19.9504296, 49.2327138 ], [ 19.9498988, 49.2326709 ], [ 19.9491648, 49.2325293 ], [ 19.948452, 49.233029 ], [ 19.946313, 49.233325 ], [ 19.945188, 49.233986 ], [ 19.943947, 49.234119 ], [ 19.9434406, 49.2344531 ], [ 19.942378, 49.234047 ], [ 19.941399, 49.233821 ], [ 19.9403414, 49.2336631 ], [ 19.939099, 49.234027 ], [ 19.9379185, 49.2342652 ], [ 19.93616, 49.234654 ], [ 19.935085, 49.235026 ], [ 19.934431, 49.2352449 ], [ 19.933857, 49.235437 ], [ 19.932932, 49.236025 ], [ 19.9322171, 49.2364897 ], [ 19.931644, 49.236306 ], [ 19.930655, 49.236047 ], [ 19.929279, 49.23565 ], [ 19.928177, 49.235337 ], [ 19.927837, 49.235323 ], [ 19.9262262, 49.2352646 ], [ 19.9254153, 49.2351548 ], [ 19.924998, 49.235185 ], [ 19.924495, 49.235275 ], [ 19.923957, 49.235551 ], [ 19.92375, 49.235593 ], [ 19.922492, 49.235653 ], [ 19.92143, 49.235706 ], [ 19.920544, 49.235736 ], [ 19.919689, 49.23577 ], [ 19.919267, 49.235785 ], [ 19.918404, 49.235068 ], [ 19.917699, 49.234663 ], [ 19.916573, 49.234194 ], [ 19.915198, 49.233629 ], [ 19.914047, 49.233167 ], [ 19.912914, 49.232689 ], [ 19.911824, 49.232209 ], [ 19.911392, 49.232032 ], [ 19.910855, 49.231928 ], [ 19.909843, 49.231727 ], [ 19.909405, 49.231641 ], [ 19.909095, 49.231561 ], [ 19.908338, 49.231454 ], [ 19.907584, 49.2314 ], [ 19.906829, 49.231187 ], [ 19.906427, 49.23114 ], [ 19.9058724, 49.2309407 ], [ 19.90558, 49.231021 ], [ 19.905089, 49.231085 ], [ 19.904691, 49.23124 ], [ 19.904249, 49.231198 ], [ 19.903778, 49.231088 ], [ 19.903268, 49.230919 ], [ 19.903355, 49.230757 ], [ 19.903493, 49.230572 ], [ 19.9034302, 49.2304846 ], [ 19.903262, 49.230259 ], [ 19.903234, 49.230175 ], [ 19.903324, 49.230109 ], [ 19.903365, 49.229926 ], [ 19.903351, 49.229773 ], [ 19.903587, 49.229613 ], [ 19.903656, 49.229514 ], [ 19.903641, 49.229444 ], [ 19.903707, 49.229376 ], [ 19.903747, 49.229273 ], [ 19.903776, 49.229158 ], [ 19.903899, 49.228846 ], [ 19.904078, 49.228604 ], [ 19.904001, 49.228511 ], [ 19.9040106, 49.2283505 ], [ 19.903943, 49.228176 ], [ 19.903508, 49.227844 ], [ 19.903754, 49.227512 ], [ 19.90366, 49.226912 ], [ 19.903772, 49.226371 ], [ 19.903745, 49.226199 ], [ 19.903798, 49.226073 ], [ 19.903906, 49.225916 ], [ 19.903905, 49.225583 ], [ 19.90408, 49.225407 ], [ 19.904236, 49.225364 ], [ 19.904594, 49.22515 ], [ 19.904837, 49.22497 ], [ 19.905109, 49.224885 ], [ 19.905253, 49.224704 ], [ 19.905187, 49.224585 ], [ 19.9049792, 49.2243537 ], [ 19.905131, 49.224274 ], [ 19.90511, 49.2236 ], [ 19.905072, 49.223146 ], [ 19.9049844, 49.2222973 ], [ 19.904981, 49.222264 ], [ 19.904886, 49.221377 ], [ 19.904841, 49.221096 ], [ 19.904789, 49.220797 ], [ 19.90475, 49.220246 ], [ 19.9047421, 49.2199301 ], [ 19.904735, 49.219646 ], [ 19.905224, 49.21949 ], [ 19.904475, 49.218783 ], [ 19.903764, 49.218106 ], [ 19.903062, 49.217545 ], [ 19.902545, 49.21711 ], [ 19.902051, 49.216691 ], [ 19.9019648, 49.2166184 ], [ 19.901924, 49.216584 ], [ 19.901785, 49.216371 ], [ 19.901791, 49.216251 ], [ 19.901814, 49.215809 ], [ 19.9018083, 49.2157742 ], [ 19.9015527, 49.2152313 ], [ 19.901715, 49.215204 ], [ 19.901784, 49.214989 ], [ 19.9016897, 49.2145006 ], [ 19.901927, 49.21441 ], [ 19.9019473, 49.2143772 ], [ 19.902117, 49.214104 ], [ 19.90217, 49.213794 ], [ 19.902357, 49.213429 ], [ 19.902332, 49.213313 ], [ 19.9022898, 49.2132829 ], [ 19.902196, 49.213216 ], [ 19.901868, 49.213048 ], [ 19.901282, 49.212881 ], [ 19.900938, 49.212802 ], [ 19.900705, 49.212771 ], [ 19.899935, 49.212645 ], [ 19.898892, 49.212432 ], [ 19.897653, 49.212143 ], [ 19.897285, 49.212041 ], [ 19.896896, 49.212006 ], [ 19.896577, 49.211992 ], [ 19.8958085, 49.2116014 ], [ 19.895842, 49.211564 ], [ 19.894906, 49.211131 ], [ 19.8933921, 49.2106045 ], [ 19.893455, 49.21062 ], [ 19.892165, 49.210253 ], [ 19.891595, 49.209973 ], [ 19.89113, 49.209925 ], [ 19.890039, 49.209857 ], [ 19.8886817, 49.2093111 ], [ 19.88838, 49.209188 ], [ 19.88779, 49.208752 ], [ 19.886987, 49.208165 ], [ 19.88644, 49.207146 ], [ 19.886018, 49.20637 ], [ 19.885329, 49.205366 ], [ 19.884943, 49.204932 ], [ 19.884582, 49.204705 ], [ 19.8841364, 49.2044287 ], [ 19.883928, 49.204178 ], [ 19.883917, 49.204174 ], [ 19.883903, 49.20417 ], [ 19.883696, 49.204114 ], [ 19.883691, 49.204113 ], [ 19.8833826, 49.2041006 ], [ 19.883144, 49.204091 ], [ 19.882856, 49.204083 ], [ 19.882297, 49.204067 ], [ 19.8821203, 49.2040619 ], [ 19.881705, 49.204165 ], [ 19.881247, 49.204241 ], [ 19.881189, 49.204293 ], [ 19.881104, 49.204367 ], [ 19.880753, 49.204165 ], [ 19.88066, 49.204111 ], [ 19.880454, 49.204002 ], [ 19.880228, 49.203952 ], [ 19.880216, 49.203943 ], [ 19.880106, 49.203847 ], [ 19.879903, 49.203678 ], [ 19.879866, 49.203665 ], [ 19.879473, 49.203528 ], [ 19.879409, 49.203519 ], [ 19.879299, 49.203503 ], [ 19.879244, 49.203466 ], [ 19.879182, 49.203425 ], [ 19.878363, 49.203006 ], [ 19.877865, 49.202749 ], [ 19.877249, 49.202432 ], [ 19.876393, 49.202021 ], [ 19.876087, 49.201874 ], [ 19.875998, 49.2018111 ], [ 19.875801, 49.201672 ], [ 19.874975, 49.201087 ], [ 19.87483, 49.200993 ], [ 19.8747, 49.200908 ], [ 19.8735448, 49.2004992 ], [ 19.873254, 49.200285 ], [ 19.872556, 49.199722 ], [ 19.8717669, 49.1992228 ], [ 19.871858, 49.199206 ], [ 19.870993, 49.198863 ], [ 19.870651, 49.198677 ], [ 19.8704132, 49.1985473 ], [ 19.870301, 49.198486 ], [ 19.870259, 49.198407 ], [ 19.870201, 49.1983 ], [ 19.870106, 49.198187 ], [ 19.869979, 49.198036 ], [ 19.8695792, 49.1978074 ], [ 19.869865, 49.197758 ], [ 19.869827, 49.197667 ], [ 19.869864, 49.197259 ], [ 19.869871, 49.197244 ], [ 19.869917, 49.197138 ], [ 19.870027, 49.197045 ], [ 19.87009, 49.196908 ], [ 19.870094, 49.196832 ], [ 19.8701, 49.196719 ], [ 19.8698651, 49.1965529 ], [ 19.869979, 49.196477 ], [ 19.869876, 49.196341 ], [ 19.869775, 49.196265 ], [ 19.8696822, 49.1962498 ], [ 19.86967, 49.196185 ], [ 19.8696, 49.196125 ], [ 19.869556, 49.195958 ], [ 19.869438, 49.195797 ], [ 19.868558, 49.195908 ], [ 19.867677, 49.196093 ], [ 19.86693, 49.196193 ], [ 19.866198, 49.196342 ], [ 19.865303, 49.196498 ], [ 19.864404, 49.19666 ], [ 19.864109, 49.196713 ], [ 19.863342, 49.196687 ], [ 19.8624037, 49.1966381 ], [ 19.862095, 49.196622 ], [ 19.862077, 49.196621 ], [ 19.862042, 49.196619 ], [ 19.860725, 49.196562 ], [ 19.859706, 49.196385 ], [ 19.858746, 49.196328 ], [ 19.85866, 49.196323 ], [ 19.85852, 49.196333 ], [ 19.8579373, 49.1963295 ], [ 19.857594, 49.196396 ], [ 19.857389, 49.196365 ], [ 19.856832, 49.196279 ], [ 19.856828, 49.196278 ], [ 19.856302, 49.196351 ], [ 19.856219, 49.196327 ], [ 19.856057, 49.196281 ], [ 19.855409, 49.196418 ], [ 19.854595, 49.196292 ], [ 19.8544488, 49.1962907 ], [ 19.853777, 49.196285 ], [ 19.853165, 49.196279 ], [ 19.853012, 49.196231 ], [ 19.852817, 49.196169 ], [ 19.852434, 49.196187 ], [ 19.852127, 49.196202 ], [ 19.851147, 49.196252 ], [ 19.851025, 49.196236 ], [ 19.850897, 49.196221 ], [ 19.850298, 49.196059 ], [ 19.849425, 49.195823 ], [ 19.848214, 49.195554 ], [ 19.847655, 49.195518 ], [ 19.847384, 49.1955 ], [ 19.847154, 49.195468 ], [ 19.846623, 49.195396 ], [ 19.84633, 49.195254 ], [ 19.84529, 49.195121 ], [ 19.845157, 49.195109 ], [ 19.844676, 49.195066 ], [ 19.844343, 49.194919 ], [ 19.84353, 49.194621 ], [ 19.843121, 49.194407 ], [ 19.842734, 49.194206 ], [ 19.842026, 49.193602 ], [ 19.841382, 49.193167 ], [ 19.841203, 49.192908 ], [ 19.841, 49.192616 ], [ 19.840827, 49.193087 ], [ 19.840579, 49.193675 ], [ 19.840552, 49.194448 ], [ 19.840051, 49.195213 ], [ 19.840025, 49.195889 ], [ 19.839647, 49.196089 ], [ 19.83944, 49.196076 ], [ 19.839297, 49.196066 ], [ 19.838771, 49.196194 ], [ 19.838198, 49.196382 ], [ 19.838183, 49.196384 ], [ 19.83784, 49.196407 ], [ 19.837725, 49.196411 ], [ 19.837718, 49.196411 ], [ 19.837475, 49.196337 ], [ 19.83714, 49.196322 ], [ 19.836872, 49.196311 ], [ 19.836445, 49.196506 ], [ 19.83615, 49.196552 ], [ 19.835998, 49.196576 ], [ 19.835246, 49.196598 ], [ 19.835017, 49.19654 ], [ 19.834835, 49.196494 ], [ 19.83465, 49.196513 ], [ 19.834528, 49.196525 ], [ 19.834324, 49.196706 ], [ 19.833958, 49.196767 ], [ 19.833899, 49.196777 ], [ 19.833835, 49.196877 ], [ 19.833762, 49.196992 ], [ 19.833459, 49.197258 ], [ 19.833294, 49.197435 ], [ 19.832951, 49.197527 ], [ 19.832867, 49.197721 ], [ 19.83252, 49.197897 ], [ 19.832422, 49.198161 ], [ 19.832313, 49.198457 ], [ 19.831932, 49.198798 ], [ 19.831453, 49.199226 ], [ 19.831436, 49.199502 ], [ 19.831298, 49.199573 ], [ 19.831166, 49.199641 ], [ 19.831119, 49.19991 ], [ 19.831075, 49.200022 ], [ 19.831031, 49.200133 ], [ 19.83104, 49.200157 ], [ 19.831106, 49.200313 ], [ 19.831064, 49.200368 ], [ 19.830806, 49.20071 ], [ 19.829922, 49.201125 ], [ 19.829664, 49.201443 ], [ 19.8294593, 49.2016922 ], [ 19.827693, 49.201743 ], [ 19.827486, 49.201656 ], [ 19.826749, 49.201346 ], [ 19.826634, 49.201317 ], [ 19.826096, 49.20147 ], [ 19.825739, 49.201466 ], [ 19.825581, 49.201458 ], [ 19.825456, 49.201451 ], [ 19.8253, 49.201506 ], [ 19.825229, 49.201531 ], [ 19.824917, 49.201533 ], [ 19.824899, 49.201528 ], [ 19.824098, 49.201273 ], [ 19.823363, 49.201283 ], [ 19.822689, 49.201432 ], [ 19.82266, 49.201438 ], [ 19.822538, 49.201367 ], [ 19.822237, 49.201188 ], [ 19.821678, 49.200943 ], [ 19.821373, 49.20081 ], [ 19.821069, 49.200511 ], [ 19.820632, 49.20008 ], [ 19.820291, 49.199844 ], [ 19.819834, 49.199528 ], [ 19.819131, 49.199859 ], [ 19.818811, 49.200089 ], [ 19.81806, 49.200666 ], [ 19.817575, 49.201039 ], [ 19.816823, 49.2016 ], [ 19.816324, 49.201985 ], [ 19.815712, 49.202459 ], [ 19.814804, 49.202954 ], [ 19.814236, 49.203264 ], [ 19.813648, 49.203504 ], [ 19.813647, 49.203503 ], [ 19.812375, 49.203827 ], [ 19.812241, 49.203863 ], [ 19.810658, 49.204294 ], [ 19.810152, 49.204517 ], [ 19.809112, 49.204976 ], [ 19.807521, 49.205652 ], [ 19.8061, 49.205161 ], [ 19.805941, 49.2051 ], [ 19.805749, 49.205028 ], [ 19.804723, 49.204771 ], [ 19.80461, 49.204763 ], [ 19.804555, 49.204758 ], [ 19.804354, 49.204685 ], [ 19.803739, 49.204618 ], [ 19.8036, 49.204511 ], [ 19.803443, 49.20439 ], [ 19.802937, 49.20398 ], [ 19.802742, 49.203877 ], [ 19.802197, 49.203412 ], [ 19.801633, 49.202948 ], [ 19.801195, 49.202588 ], [ 19.801069, 49.20245 ], [ 19.800898, 49.20226 ], [ 19.80073, 49.202143 ], [ 19.800469, 49.202063 ], [ 19.800465, 49.202059 ], [ 19.800387, 49.201979 ], [ 19.799879, 49.201793 ], [ 19.799794, 49.201769 ], [ 19.799266, 49.201622 ], [ 19.799172, 49.201469 ], [ 19.798336, 49.200945 ], [ 19.798075, 49.200849 ], [ 19.797822, 49.200668 ], [ 19.797499, 49.200552 ], [ 19.797336, 49.200493 ], [ 19.797269, 49.200383 ], [ 19.797247, 49.200348 ], [ 19.79662, 49.19988 ], [ 19.79648, 49.199777 ], [ 19.796256, 49.199611 ], [ 19.796069, 49.199556 ], [ 19.796055, 49.199541 ], [ 19.795905, 49.199378 ], [ 19.795812, 49.199259 ], [ 19.7956367, 49.1990342 ], [ 19.7952356, 49.1987565 ], [ 19.795032, 49.198366 ], [ 19.793086, 49.198799 ], [ 19.7899946, 49.1992432 ], [ 19.789612, 49.199213 ], [ 19.788257, 49.199071 ], [ 19.787583, 49.199065 ], [ 19.787376, 49.199136 ], [ 19.787304, 49.1991 ], [ 19.787166, 49.199075 ], [ 19.787068, 49.199091 ], [ 19.786612, 49.199345 ], [ 19.786467, 49.199481 ], [ 19.786239, 49.199422 ], [ 19.785847, 49.199436 ], [ 19.785449, 49.199404 ], [ 19.785255, 49.199332 ], [ 19.785039, 49.199356 ], [ 19.784604, 49.199309 ], [ 19.784254, 49.199287 ], [ 19.783829, 49.199363 ], [ 19.783631, 49.199421 ], [ 19.783032, 49.199661 ], [ 19.782866, 49.19977 ], [ 19.782435, 49.199845 ], [ 19.781949, 49.200095 ], [ 19.781731, 49.20025 ], [ 19.781576, 49.200356 ], [ 19.781554, 49.20049 ], [ 19.781428, 49.200637 ], [ 19.781233, 49.200939 ], [ 19.781144, 49.201235 ], [ 19.780896, 49.201578 ], [ 19.7808, 49.202028 ], [ 19.780442, 49.202499 ], [ 19.7801355, 49.2029588 ], [ 19.780073, 49.203124 ], [ 19.779606, 49.203639 ], [ 19.779234, 49.20399 ], [ 19.779049, 49.204268 ], [ 19.778588, 49.204955 ], [ 19.778248, 49.204983 ], [ 19.778029, 49.204979 ], [ 19.7777, 49.205056 ], [ 19.777516, 49.205066 ], [ 19.777404, 49.205033 ], [ 19.777272, 49.20506 ], [ 19.777052, 49.20504 ], [ 19.776681, 49.205084 ], [ 19.776289, 49.20503 ], [ 19.776129, 49.205051 ], [ 19.775917, 49.205095 ], [ 19.775867, 49.205196 ], [ 19.775543, 49.205287 ], [ 19.775328, 49.205243 ], [ 19.7750795, 49.2052502 ], [ 19.774906, 49.205179 ], [ 19.7743212, 49.2052061 ], [ 19.774215, 49.2051654 ], [ 19.7739141, 49.2052292 ], [ 19.7731952, 49.2055683 ], [ 19.7728533, 49.2056594 ], [ 19.77171, 49.205645 ], [ 19.7703038, 49.2058782 ], [ 19.7694905, 49.2058655 ], [ 19.7686055, 49.2061099 ], [ 19.7683042, 49.2060922 ], [ 19.7675053, 49.2059497 ], [ 19.7673024, 49.2060116 ], [ 19.7665269, 49.2063906 ], [ 19.7661775, 49.2064546 ], [ 19.7655109, 49.2068456 ], [ 19.7651534, 49.2069953 ], [ 19.7631071, 49.2075775 ], [ 19.7627972, 49.2085541 ], [ 19.7608463, 49.2098711 ], [ 19.7605108, 49.2101958 ], [ 19.7597772, 49.2112869 ], [ 19.7594583, 49.2121604 ], [ 19.7594278, 49.212906 ], [ 19.758386, 49.2159804 ], [ 19.7609067, 49.2179563 ], [ 19.762727, 49.2189578 ], [ 19.7646397, 49.2203741 ], [ 19.7653752, 49.2213851 ], [ 19.7669425, 49.2226128 ], [ 19.7673373, 49.2237249 ], [ 19.7671406, 49.2250735 ], [ 19.7673815, 49.2258894 ], [ 19.7676674, 49.2272044 ], [ 19.7682626, 49.2280767 ], [ 19.7690418, 49.2303009 ], [ 19.7691856, 49.2307081 ], [ 19.7679639, 49.2317648 ], [ 19.767795, 49.232119 ], [ 19.7662571, 49.2345695 ], [ 19.7667676, 49.2365983 ], [ 19.7694631, 49.2364636 ], [ 19.7707625, 49.2375727 ], [ 19.7708825, 49.2376689 ], [ 19.7713784, 49.2380878 ], [ 19.7722086, 49.2384813 ], [ 19.7733082, 49.2390294 ], [ 19.773435, 49.239147 ], [ 19.773853, 49.239574 ], [ 19.77434, 49.240074 ], [ 19.774782, 49.240573 ], [ 19.775445, 49.241301 ], [ 19.7756862, 49.2415677 ], [ 19.776092, 49.242021 ], [ 19.776331, 49.242361 ], [ 19.776845, 49.243127 ], [ 19.777412, 49.243945 ], [ 19.777923, 49.244679 ], [ 19.778433, 49.245401 ], [ 19.780243, 49.245706 ], [ 19.781166, 49.245882 ], [ 19.781532, 49.245859 ], [ 19.781836, 49.245974 ], [ 19.782184, 49.246079 ], [ 19.782343, 49.24618 ], [ 19.782608, 49.246271 ], [ 19.782725, 49.246396 ], [ 19.783368, 49.246485 ], [ 19.783841, 49.246471 ], [ 19.7846935, 49.2462266 ], [ 19.785023, 49.246663 ], [ 19.785447, 49.247625 ], [ 19.785851, 49.248515 ], [ 19.7861251, 49.2490401 ], [ 19.786196, 49.249279 ], [ 19.786806, 49.250229 ], [ 19.787211, 49.250843 ], [ 19.78759, 49.251434 ], [ 19.788171, 49.252038 ], [ 19.78838, 49.25243 ], [ 19.788552, 49.252828 ], [ 19.788733, 49.253582 ], [ 19.789071, 49.25378 ], [ 19.789571, 49.253908 ], [ 19.789965, 49.254343 ], [ 19.790273, 49.254896 ], [ 19.790499, 49.255259 ], [ 19.790483, 49.255594 ], [ 19.790346, 49.256597 ], [ 19.790342, 49.256823 ], [ 19.790152, 49.257106 ], [ 19.789635, 49.257626 ], [ 19.789117, 49.258422 ], [ 19.789162, 49.259047 ], [ 19.789266, 49.259557 ], [ 19.78955, 49.26024 ], [ 19.789618, 49.260391 ], [ 19.789625, 49.2609 ], [ 19.788786, 49.261621 ], [ 19.788843, 49.261756 ], [ 19.789732, 49.262131 ], [ 19.791154, 49.262746 ], [ 19.791733, 49.263215 ], [ 19.792178, 49.263418 ], [ 19.792029, 49.263549 ], [ 19.791798, 49.263843 ], [ 19.791777, 49.265004 ], [ 19.791972, 49.265624 ], [ 19.792073, 49.266228 ], [ 19.7923, 49.266716 ], [ 19.792294, 49.267242 ], [ 19.792472, 49.267969 ], [ 19.793689, 49.268539 ], [ 19.794234, 49.268877 ], [ 19.794854, 49.269146 ], [ 19.795626, 49.269189 ], [ 19.796305, 49.269399 ], [ 19.797279, 49.269687 ], [ 19.7982167, 49.2699486 ], [ 19.79828, 49.269999 ], [ 19.798693, 49.270045 ], [ 19.7991126, 49.2701061 ], [ 19.799242, 49.270125 ], [ 19.800263, 49.270439 ], [ 19.801917, 49.270529 ], [ 19.802229, 49.27062 ], [ 19.80247, 49.271105 ], [ 19.802715, 49.271593 ], [ 19.802972, 49.271843 ], [ 19.803371, 49.271976 ], [ 19.803744, 49.272207 ], [ 19.803974, 49.272653 ], [ 19.804248, 49.272847 ], [ 19.804952, 49.27333 ], [ 19.8056008, 49.2735921 ], [ 19.805697, 49.273631 ], [ 19.806343, 49.274489 ], [ 19.806671, 49.274568 ], [ 19.807349, 49.274639 ], [ 19.808623, 49.27437 ], [ 19.809555, 49.274551 ], [ 19.81038, 49.274886 ], [ 19.810895, 49.275258 ], [ 19.811617, 49.275305 ], [ 19.812746, 49.275263 ], [ 19.813726, 49.275241 ], [ 19.814262, 49.27516 ], [ 19.814915, 49.27511 ], [ 19.815542, 49.275092 ], [ 19.815855, 49.275295 ], [ 19.816389, 49.275687 ], [ 19.817222, 49.27594 ], [ 19.817296, 49.276089 ], [ 19.817769, 49.276395 ], [ 19.818542, 49.276403 ], [ 19.819517, 49.276684 ], [ 19.820788, 49.276472 ], [ 19.821936, 49.276646 ], [ 19.822802, 49.276794 ], [ 19.822788, 49.27711 ], [ 19.8227708, 49.2777416 ], [ 19.822769, 49.277809 ], [ 19.822752, 49.2779305 ], [ 19.822652, 49.278643 ], [ 19.8222232, 49.279469 ], [ 19.8220852, 49.2797283 ], [ 19.822013, 49.279864 ], [ 19.821323, 49.280705 ], [ 19.820872, 49.281238 ], [ 19.8205676, 49.2819841 ], [ 19.820225, 49.282609 ], [ 19.8197747, 49.2834207 ], [ 19.8182743, 49.2824142 ], [ 19.8151261, 49.2818719 ], [ 19.8139723, 49.2819671 ], [ 19.8126044, 49.281833 ], [ 19.8097549, 49.2815588 ], [ 19.808511, 49.2809301 ], [ 19.8080254, 49.2812244 ], [ 19.8053285, 49.2802267 ], [ 19.803967, 49.2806637 ], [ 19.802638, 49.2805577 ], [ 19.8024679, 49.2813329 ], [ 19.8022062, 49.2810964 ], [ 19.8015569, 49.2813731 ], [ 19.8011302, 49.2810367 ], [ 19.7995994, 49.2817265 ], [ 19.7961375, 49.2818972 ], [ 19.792826, 49.2833812 ], [ 19.7924373, 49.2828601 ], [ 19.791525, 49.2830332 ], [ 19.791574, 49.2834478 ], [ 19.7899861, 49.2830713 ], [ 19.7888513, 49.2834111 ], [ 19.7888914, 49.2830107 ], [ 19.7883792, 49.2827555 ], [ 19.7877012, 49.2830422 ], [ 19.7870085, 49.2826775 ], [ 19.78681, 49.2830008 ], [ 19.785842, 49.2828099 ], [ 19.7857118, 49.2821726 ], [ 19.7848305, 49.2823858 ], [ 19.7846997, 49.2820049 ], [ 19.7842652, 49.2820413 ], [ 19.7833214, 49.2826564 ], [ 19.7826572, 49.2825183 ], [ 19.7830495, 49.2828887 ], [ 19.7820277, 49.2832445 ], [ 19.7814287, 49.283008 ], [ 19.7812636, 49.2836045 ], [ 19.7806095, 49.2833309 ], [ 19.7808005, 49.2842406 ], [ 19.7800147, 49.2840447 ], [ 19.778695, 49.2844378 ], [ 19.7763712, 49.2844623 ], [ 19.776665, 49.2850391 ], [ 19.7757745, 49.2849803 ], [ 19.7753269, 49.2853417 ], [ 19.7743516, 49.2867815 ], [ 19.7723473, 49.2885956 ], [ 19.7676121, 49.2906416 ], [ 19.7616834, 49.2923968 ], [ 19.7536261, 49.2962904 ], [ 19.7512142, 49.2978037 ], [ 19.7487363, 49.2979371 ], [ 19.7472314, 49.297287 ], [ 19.7466866, 49.2974949 ], [ 19.7430432, 49.2945809 ], [ 19.7407884, 49.2940199 ], [ 19.7391537, 49.2926237 ], [ 19.73767, 49.2903094 ], [ 19.7377828, 49.287515 ], [ 19.7367279, 49.2860567 ], [ 19.7324805, 49.2848087 ], [ 19.7265296, 49.2817241 ], [ 19.7234375, 49.2811389 ], [ 19.7193761, 49.2820876 ], [ 19.7170171, 49.2818798 ], [ 19.7161065, 49.2821946 ], [ 19.7154903, 49.28183 ], [ 19.7119673, 49.2822799 ], [ 19.7109157, 49.282215 ], [ 19.710412, 49.281632 ], [ 19.7102933, 49.2818894 ], [ 19.7091434, 49.2815545 ], [ 19.7085505, 49.2820663 ], [ 19.7057192, 49.2817149 ], [ 19.705037, 49.2806279 ], [ 19.7045117, 49.2807748 ], [ 19.7034516, 49.2804381 ], [ 19.7031247, 49.2796599 ], [ 19.6980123, 49.2792199 ], [ 19.6971222, 49.2786341 ], [ 19.694847, 49.2782943 ], [ 19.6924642, 49.2771149 ], [ 19.6877872, 49.2771498 ], [ 19.6828481, 49.2760187 ], [ 19.6775889, 49.2738659 ], [ 19.6733403, 49.2725509 ], [ 19.6720238, 49.2713483 ], [ 19.670243, 49.2706825 ], [ 19.6653323, 49.2708561 ], [ 19.6639822, 49.2705917 ], [ 19.6618819, 49.2711416 ], [ 19.6593166, 49.2724045 ], [ 19.6595068, 49.2719713 ], [ 19.6589226, 49.27202 ], [ 19.6573721, 49.2688198 ], [ 19.6564281, 49.2689244 ], [ 19.6578506, 49.268544 ], [ 19.6612155, 49.2664879 ], [ 19.6597971, 49.2646333 ], [ 19.6613683, 49.2641268 ], [ 19.6627809, 49.2632334 ], [ 19.6645619, 49.2615585 ], [ 19.6646448, 49.2603629 ], [ 19.6636991, 49.260122 ], [ 19.663126, 49.2615901 ], [ 19.6602363, 49.262206 ], [ 19.6573604, 49.2620365 ], [ 19.6556473, 49.2613826 ], [ 19.6503458, 49.2604542 ], [ 19.6448699, 49.260726 ], [ 19.644676, 49.2611611 ], [ 19.6450347, 49.2613247 ], [ 19.6439823, 49.2619183 ], [ 19.6353043, 49.2632702 ], [ 19.6351936, 49.2627471 ], [ 19.6329682, 49.2611843 ], [ 19.6332237, 49.2609669 ], [ 19.6356993, 49.2595262 ], [ 19.6369832, 49.2593008 ], [ 19.6381061, 49.2584409 ], [ 19.6413643, 49.2574177 ], [ 19.6429946, 49.2572745 ], [ 19.6423037, 49.2562086 ], [ 19.6410993, 49.256189 ], [ 19.6402992, 49.2556426 ], [ 19.6411393, 49.2555994 ], [ 19.6413904, 49.2546454 ], [ 19.6426887, 49.2548276 ], [ 19.6434025, 49.2541172 ], [ 19.6418599, 49.2536045 ], [ 19.642243, 49.2534125 ], [ 19.6434135, 49.2530268 ], [ 19.6434834, 49.2517498 ], [ 19.6445965, 49.2511751 ], [ 19.6450209, 49.2436418 ], [ 19.6434769, 49.242153 ], [ 19.6396228, 49.2420729 ], [ 19.6388398, 49.2422737 ], [ 19.6351117, 49.2417078 ], [ 19.6344238, 49.2411756 ], [ 19.6344081, 49.2407286 ], [ 19.6347413, 49.2408335 ], [ 19.6352632, 49.2401151 ], [ 19.6332132, 49.2395933 ], [ 19.6318813, 49.2399782 ], [ 19.6302847, 49.2409397 ], [ 19.6309702, 49.2416465 ], [ 19.6304816, 49.2421422 ], [ 19.6279612, 49.2424697 ], [ 19.6274623, 49.2442548 ], [ 19.6265209, 49.2429957 ], [ 19.6266839, 49.2419571 ], [ 19.6256495, 49.24029 ], [ 19.626991, 49.2396092 ], [ 19.6251315, 49.2379966 ], [ 19.625335, 49.2389483 ], [ 19.6249468, 49.2396455 ], [ 19.6240116, 49.2395858 ], [ 19.6237129, 49.2387342 ], [ 19.6228206, 49.2387039 ], [ 19.6224252, 49.2393401 ], [ 19.6208181, 49.2386386 ], [ 19.6159705, 49.2383921 ], [ 19.6130337, 49.2391427 ], [ 19.613183, 49.2384769 ], [ 19.6115933, 49.2385728 ], [ 19.6106572, 49.240109 ], [ 19.6108543, 49.2390423 ], [ 19.6056181, 49.237565 ], [ 19.6052892, 49.2378987 ], [ 19.5996967, 49.2368641 ], [ 19.600267, 49.2358928 ], [ 19.600573, 49.2330418 ], [ 19.5997708, 49.2328644 ], [ 19.6020518, 49.2314068 ], [ 19.6048456, 49.2270521 ], [ 19.5997658, 49.2233573 ], [ 19.5968405, 49.222417 ], [ 19.6019667, 49.2195761 ], [ 19.6031309, 49.2169016 ], [ 19.6015462, 49.216148 ], [ 19.6013171, 49.2152461 ], [ 19.595882, 49.2133237 ], [ 19.592694, 49.2103998 ], [ 19.59271, 49.2099683 ], [ 19.5903762, 49.2085747 ], [ 19.5899848, 49.2068608 ], [ 19.5870973, 49.2045358 ], [ 19.5863066, 49.2028906 ], [ 19.5877417, 49.2022541 ], [ 19.5894648, 49.2020884 ], [ 19.5889686, 49.2017031 ], [ 19.5915459, 49.2013916 ], [ 19.5924914, 49.2019204 ], [ 19.5928074, 49.2008376 ], [ 19.5911764, 49.1990976 ], [ 19.5922911, 49.1983811 ], [ 19.5917645, 49.1981558 ], [ 19.5915985, 49.1965981 ], [ 19.5891356, 49.1957268 ], [ 19.589673, 49.1950982 ], [ 19.5879348, 49.1929799 ], [ 19.5870762, 49.1926687 ], [ 19.5861394, 49.1915419 ], [ 19.5857025, 49.1896067 ], [ 19.5836843, 49.1868998 ], [ 19.5844006, 49.1857547 ], [ 19.582414, 49.1855159 ], [ 19.5817333, 49.18418 ], [ 19.58177, 49.1823048 ], [ 19.5743576, 49.1818606 ], [ 19.5739848, 49.180945 ], [ 19.5745651, 49.1807604 ], [ 19.578479, 49.180809 ], [ 19.5810079, 49.1798158 ], [ 19.5803476, 49.1791108 ], [ 19.5806723, 49.1790822 ], [ 19.5805677, 49.1782167 ], [ 19.5795571, 49.1771871 ], [ 19.5793171, 49.1756551 ], [ 19.5762025, 49.1732243 ], [ 19.5738595, 49.1727188 ] ] ] } },
{ "type": "Feature", "properties": { "place_id": 189383569, "osm_type": "relation", "osm_id": 18006640, "place_rank": 18, "category": "place", "type": "region", "importance": 0.16005505378805218, "addresstype": "region", "name": "Tatry", "display_name": "Tatry, Prešovský kraj, Slovensko" }, "geometry": { "type": "Polygon", "coordinates": [ [ [ 19.8691176, 49.1921378 ], [ 19.8744391, 49.1866404 ], [ 19.8914336, 49.167507 ], [ 19.8922061, 49.1629611 ], [ 19.8945235, 49.1610528 ], [ 19.9029994, 49.1438887 ], [ 19.901206, 49.139971 ], [ 19.90115, 49.139898 ], [ 19.901102, 49.139836 ], [ 19.900938, 49.139623 ], [ 19.900264, 49.139065 ], [ 19.899914, 49.138706 ], [ 19.899693, 49.138373 ], [ 19.899631, 49.138278 ], [ 19.89961, 49.138246 ], [ 19.89956, 49.137998 ], [ 19.899636, 49.137756 ], [ 19.899645, 49.137728 ], [ 19.899559, 49.13746 ], [ 19.899558, 49.137455 ], [ 19.899347, 49.136792 ], [ 19.8993377, 49.1367689 ], [ 19.8993317, 49.1367564 ], [ 19.899326, 49.136746 ], [ 19.899263, 49.136649 ], [ 19.899154, 49.136481 ], [ 19.898711, 49.136243 ], [ 19.898567, 49.136125 ], [ 19.898482, 49.136051 ], [ 19.897961, 49.135492 ], [ 19.897896, 49.135412 ], [ 19.897718, 49.135187 ], [ 19.897702, 49.135171 ], [ 19.897654, 49.135107 ], [ 19.897543, 49.134936 ], [ 19.897447, 49.134825 ], [ 19.897158, 49.134666 ], [ 19.896858, 49.134574 ], [ 19.896542, 49.134527 ], [ 19.896341, 49.134454 ], [ 19.896223, 49.1343391 ], [ 19.8961979, 49.1342932 ], [ 19.896174, 49.13423 ], [ 19.896151, 49.134146 ], [ 19.896207, 49.133902 ], [ 19.896328, 49.133649 ], [ 19.89645, 49.133347 ], [ 19.896526, 49.133135 ], [ 19.89655, 49.132957 ], [ 19.896547, 49.132791 ], [ 19.89654, 49.132709 ], [ 19.896519, 49.132593 ], [ 19.896381, 49.132311 ], [ 19.896367, 49.13229 ], [ 19.896282, 49.132167 ], [ 19.896077, 49.131889 ], [ 19.896029, 49.131831 ], [ 19.895986, 49.13178 ], [ 19.895929, 49.131739 ], [ 19.895903, 49.131726 ], [ 19.895728, 49.131643 ], [ 19.895314, 49.131465 ], [ 19.895088, 49.131369 ], [ 19.894896, 49.131288 ], [ 19.894954, 49.131164 ], [ 19.895048, 49.130943 ], [ 19.895853, 49.130705 ], [ 19.895895, 49.130692 ], [ 19.895905, 49.130692 ], [ 19.896826, 49.130646 ], [ 19.897256, 49.130626 ], [ 19.897676, 49.130962 ], [ 19.897735, 49.13101 ], [ 19.897755, 49.131025 ], [ 19.898084, 49.131285 ], [ 19.898252, 49.131417 ], [ 19.898284, 49.131442 ], [ 19.898333, 49.13148 ], [ 19.898898, 49.131028 ], [ 19.899075, 49.130814 ], [ 19.899485, 49.130599 ], [ 19.899309, 49.12988 ], [ 19.89924, 49.129802 ], [ 19.899073, 49.129612 ], [ 19.900314, 49.129006 ], [ 19.901154, 49.128652 ], [ 19.901585, 49.12847 ], [ 19.901909, 49.128327 ], [ 19.902794, 49.127937 ], [ 19.903537, 49.127682 ], [ 19.904233, 49.127442 ], [ 19.904699, 49.127199 ], [ 19.905439, 49.126812 ], [ 19.905498, 49.12664 ], [ 19.905893, 49.125493 ], [ 19.906196, 49.125325 ], [ 19.906991, 49.124804 ], [ 19.907622, 49.124423 ], [ 19.90844, 49.12393 ], [ 19.909139, 49.123513 ], [ 19.909746, 49.123152 ], [ 19.911098, 49.12242 ], [ 19.912468, 49.121705 ], [ 19.912487, 49.121695 ], [ 19.912492, 49.121691 ], [ 19.913312, 49.121212 ], [ 19.913315, 49.121217 ], [ 19.913318, 49.121223 ], [ 19.913884, 49.122115 ], [ 19.914098, 49.122452 ], [ 19.914269, 49.122721 ], [ 19.91433, 49.12282 ], [ 19.914347, 49.122847 ], [ 19.914376, 49.122895 ], [ 19.915164, 49.124173 ], [ 19.915057, 49.124503 ], [ 19.915049, 49.124525 ], [ 19.915003, 49.124667 ], [ 19.914961, 49.124795 ], [ 19.91472, 49.125537 ], [ 19.914717, 49.125547 ], [ 19.914697, 49.125608 ], [ 19.914632, 49.12592 ], [ 19.914605, 49.126048 ], [ 19.914554, 49.126295 ], [ 19.914411, 49.126981 ], [ 19.914706, 49.128074 ], [ 19.914748, 49.129028 ], [ 19.915386, 49.129254 ], [ 19.916513, 49.129653 ], [ 19.917025, 49.130253 ], [ 19.917179, 49.130433 ], [ 19.917602, 49.131171 ], [ 19.917705, 49.131351 ], [ 19.918036, 49.131559 ], [ 19.918128, 49.131617 ], [ 19.918717, 49.131987 ], [ 19.918972, 49.132146 ], [ 19.91917, 49.132503 ], [ 19.919206, 49.132559 ], [ 19.919207, 49.132559 ], [ 19.91928, 49.132569 ], [ 19.9201102, 49.1326208 ], [ 19.9218315, 49.1324648 ], [ 19.9233959, 49.1326528 ], [ 19.9246704, 49.1323781 ], [ 19.9393272, 49.131577 ], [ 19.9435329, 49.1306222 ], [ 19.948222, 49.126315 ], [ 19.948007, 49.126107 ], [ 19.947862, 49.125934 ], [ 19.94771, 49.125806 ], [ 19.947625, 49.12565 ], [ 19.947587, 49.125443 ], [ 19.947585, 49.125142 ], [ 19.947632, 49.124785 ], [ 19.94788, 49.124039 ], [ 19.947948, 49.123758 ], [ 19.948042, 49.123275 ], [ 19.94837, 49.122774 ], [ 19.948406, 49.122654 ], [ 19.948394, 49.122581 ], [ 19.948233, 49.122332 ], [ 19.948206, 49.122244 ], [ 19.948232, 49.122134 ], [ 19.948297, 49.121595 ], [ 19.948295, 49.121502 ], [ 19.948171, 49.121396 ], [ 19.948115, 49.121339 ], [ 19.948027, 49.121152 ], [ 19.947906, 49.121012 ], [ 19.947667, 49.120781 ], [ 19.947593, 49.12063 ], [ 19.947499, 49.120521 ], [ 19.947407, 49.12051 ], [ 19.947382, 49.12051 ], [ 19.947376, 49.120254 ], [ 19.947614, 49.120227 ], [ 19.947752, 49.119928 ], [ 19.947518, 49.119468 ], [ 19.9478, 49.119327 ], [ 19.947904, 49.119204 ], [ 19.947967, 49.118933 ], [ 19.948303, 49.118706 ], [ 19.948271, 49.118549 ], [ 19.948104, 49.118383 ], [ 19.948387, 49.11796 ], [ 19.948516, 49.117828 ], [ 19.94874, 49.117888 ], [ 19.949452, 49.117829 ], [ 19.949942, 49.117323 ], [ 19.950264, 49.117206 ], [ 19.950636, 49.116801 ], [ 19.950845, 49.116607 ], [ 19.9506, 49.116124 ], [ 19.950552, 49.115968 ], [ 19.951061, 49.115627 ], [ 19.951004, 49.115408 ], [ 19.951203, 49.115097 ], [ 19.951364, 49.114852 ], [ 19.95148, 49.11475 ], [ 19.951527, 49.114768 ], [ 19.952081, 49.114959 ], [ 19.952044, 49.114713 ], [ 19.952035, 49.114286 ], [ 19.952073, 49.113994 ], [ 19.952107, 49.113554 ], [ 19.9520814, 49.1131733 ], [ 19.952072, 49.113034 ], [ 19.952128, 49.11262 ], [ 19.952124, 49.112201 ], [ 19.95203, 49.112129 ], [ 19.952237, 49.111839 ], [ 19.952317, 49.111218 ], [ 19.952403, 49.111015 ], [ 19.952463, 49.110757 ], [ 19.952443, 49.110581 ], [ 19.952481, 49.11047 ], [ 19.952418, 49.110129 ], [ 19.952431, 49.110063 ], [ 19.952446, 49.110048 ], [ 19.95282, 49.109692 ], [ 19.952896, 49.109618 ], [ 19.952719, 49.109272 ], [ 19.952787, 49.10927 ], [ 19.953165, 49.10926 ], [ 19.953225, 49.109258 ], [ 19.953951, 49.109571 ], [ 19.954746, 49.109997 ], [ 19.955153, 49.110216 ], [ 19.955449, 49.110243 ], [ 19.956295, 49.11032 ], [ 19.956781, 49.110325 ], [ 19.957072, 49.110327 ], [ 19.956894, 49.110521 ], [ 19.956761, 49.110665 ], [ 19.956731, 49.110698 ], [ 19.956531, 49.110866 ], [ 19.956518, 49.110911 ], [ 19.95639, 49.111383 ], [ 19.955513, 49.111618 ], [ 19.955692, 49.111928 ], [ 19.955858, 49.112219 ], [ 19.956034, 49.112291 ], [ 19.956055, 49.112299 ], [ 19.95608, 49.112309 ], [ 19.956314, 49.112405 ], [ 19.956354, 49.112169 ], [ 19.956409, 49.111842 ], [ 19.95758, 49.111449 ], [ 19.960076, 49.111215 ], [ 19.960336, 49.111563 ], [ 19.960525, 49.111814 ], [ 19.96176, 49.112047 ], [ 19.962927, 49.112267 ], [ 19.963192, 49.112486 ], [ 19.963524, 49.112761 ], [ 19.963865, 49.112647 ], [ 19.963949, 49.112619 ], [ 19.964618, 49.113258 ], [ 19.964704, 49.113442 ], [ 19.964929, 49.113923 ], [ 19.964931, 49.113926 ], [ 19.965567, 49.114179 ], [ 19.965916, 49.114318 ], [ 19.966085, 49.114385 ], [ 19.966217, 49.114437 ], [ 19.965814, 49.114628 ], [ 19.965262, 49.114963 ], [ 19.964711, 49.114872 ], [ 19.964637, 49.11486 ], [ 19.964424, 49.114998 ], [ 19.964505, 49.115086 ], [ 19.964512, 49.115094 ], [ 19.964748, 49.115353 ], [ 19.96463, 49.115583 ], [ 19.964699, 49.115712 ], [ 19.96488, 49.11605 ], [ 19.964982, 49.116238 ], [ 19.965305, 49.116445 ], [ 19.966245, 49.117044 ], [ 19.966566, 49.117598 ], [ 19.96679, 49.117574 ], [ 19.967392, 49.117512 ], [ 19.967838, 49.117674 ], [ 19.968008, 49.117612 ], [ 19.96861, 49.11739 ], [ 19.969016, 49.117444 ], [ 19.969152, 49.117496 ], [ 19.969608, 49.117671 ], [ 19.969988, 49.117717 ], [ 19.970432, 49.117771 ], [ 19.970884, 49.117826 ], [ 19.971173, 49.117783 ], [ 19.971693, 49.117706 ], [ 19.971679, 49.117493 ], [ 19.971641, 49.116919 ], [ 19.971636, 49.116842 ], [ 19.971633, 49.1168 ], [ 19.971626, 49.116689 ], [ 19.971621, 49.116619 ], [ 19.971898, 49.116144 ], [ 19.972091, 49.115814 ], [ 19.971793, 49.114631 ], [ 19.972021, 49.114504 ], [ 19.972163, 49.114425 ], [ 19.972596, 49.114222 ], [ 19.972597, 49.114222 ], [ 19.971343, 49.112711 ], [ 19.971909, 49.112633 ], [ 19.97207, 49.11261 ], [ 19.972082, 49.112603 ], [ 19.972347, 49.112427 ], [ 19.972358, 49.112035 ], [ 19.972399, 49.111982 ], [ 19.972489, 49.111865 ], [ 19.972693, 49.111723 ], [ 19.973016, 49.111496 ], [ 19.972936, 49.111353 ], [ 19.972569, 49.110701 ], [ 19.972756, 49.11063 ], [ 19.972861, 49.110538 ], [ 19.972937, 49.110473 ], [ 19.972965, 49.11044 ], [ 19.973095, 49.110287 ], [ 19.973903, 49.109954 ], [ 19.973831, 49.109563 ], [ 19.973948, 49.109437 ], [ 19.974859, 49.108942 ], [ 19.974943, 49.108957 ], [ 19.975197, 49.109001 ], [ 19.975478, 49.108761 ], [ 19.975311, 49.108658 ], [ 19.97509, 49.10852 ], [ 19.975405, 49.108345 ], [ 19.97553, 49.108275 ], [ 19.975746, 49.108392 ], [ 19.976248, 49.108377 ], [ 19.976286, 49.10838 ], [ 19.97672, 49.108416 ], [ 19.977, 49.108297 ], [ 19.977211, 49.108292 ], [ 19.977267, 49.108291 ], [ 19.977797, 49.108053 ], [ 19.977961, 49.107953 ], [ 19.978162, 49.107883 ], [ 19.978265, 49.107877 ], [ 19.978835, 49.107839 ], [ 19.978928, 49.107548 ], [ 19.979397, 49.107591 ], [ 19.980083, 49.107624 ], [ 19.980542, 49.107645 ], [ 19.981242, 49.107636 ], [ 19.981342, 49.107634 ], [ 19.981984, 49.107662 ], [ 19.982105, 49.107716 ], [ 19.982179, 49.107748 ], [ 19.982517, 49.107896 ], [ 19.982585, 49.107903 ], [ 19.983302, 49.107982 ], [ 19.983404, 49.108019 ], [ 19.983679, 49.108118 ], [ 19.984037, 49.108099 ], [ 19.984569, 49.108016 ], [ 19.984663, 49.107952 ], [ 19.984679, 49.107941 ], [ 19.984745, 49.108031 ], [ 19.984902, 49.108245 ], [ 19.985429, 49.108222 ], [ 19.985915, 49.108224 ], [ 19.986128, 49.108197 ], [ 19.986546, 49.108142 ], [ 19.986878, 49.108198 ], [ 19.986899, 49.108201 ], [ 19.986909, 49.108205 ], [ 19.987458, 49.108407 ], [ 19.987709, 49.108514 ], [ 19.987981, 49.10863 ], [ 19.98835, 49.108809 ], [ 19.988333, 49.108903 ], [ 19.988299, 49.109096 ], [ 19.988444, 49.109182 ], [ 19.988715, 49.109343 ], [ 19.988818, 49.109354 ], [ 19.989912, 49.109475 ], [ 19.990521, 49.109542 ], [ 19.990627, 49.109492 ], [ 19.991891, 49.108902 ], [ 19.991946, 49.108876 ], [ 19.992583, 49.108578 ], [ 19.992872, 49.108323 ], [ 19.992818, 49.107837 ], [ 19.993075, 49.10749 ], [ 19.993017, 49.107391 ], [ 19.992523, 49.10653 ], [ 19.991726, 49.106327 ], [ 19.991667, 49.106312 ], [ 19.991405, 49.106245 ], [ 19.991097, 49.106166 ], [ 19.988902, 49.105359 ], [ 19.988903, 49.105359 ], [ 19.989794, 49.10533 ], [ 19.991189, 49.105248 ], [ 19.991205, 49.105248 ], [ 19.99125, 49.105245 ], [ 19.994348, 49.105072 ], [ 19.994398, 49.105066 ], [ 19.994655, 49.105034 ], [ 19.995487, 49.10499 ], [ 19.995969, 49.104964 ], [ 19.996755, 49.104922 ], [ 19.996794, 49.104919 ], [ 19.996849, 49.104916 ], [ 19.996977, 49.104909 ], [ 19.997116, 49.104901 ], [ 19.998831, 49.104713 ], [ 20.000294, 49.104553 ], [ 20.000316, 49.10455 ], [ 20.002604, 49.10442 ], [ 20.00266, 49.104417 ], [ 20.00417, 49.104331 ], [ 20.004281, 49.104156 ], [ 20.004597, 49.10366 ], [ 20.005371, 49.104399 ], [ 20.005322, 49.104469 ], [ 20.005163, 49.104695 ], [ 20.005162, 49.104695 ], [ 20.005477, 49.104882 ], [ 20.006113, 49.105259 ], [ 20.006071, 49.105367 ], [ 20.005825, 49.105993 ], [ 20.005834, 49.106107 ], [ 20.005856, 49.106352 ], [ 20.005862, 49.106409 ], [ 20.006099, 49.106403 ], [ 20.006361, 49.106397 ], [ 20.006956, 49.106293 ], [ 20.007237, 49.106022 ], [ 20.007258, 49.106002 ], [ 20.00754, 49.105896 ], [ 20.007869, 49.106091 ], [ 20.008149, 49.106257 ], [ 20.008758, 49.106366 ], [ 20.008813, 49.106431 ], [ 20.00966, 49.106747 ], [ 20.010161, 49.106942 ], [ 20.010752, 49.107171 ], [ 20.01164, 49.107342 ], [ 20.011339, 49.106699 ], [ 20.011067, 49.106239 ], [ 20.011202, 49.106087 ], [ 20.012118, 49.106262 ], [ 20.012834, 49.106437 ], [ 20.01313, 49.106509 ], [ 20.015086, 49.106259 ], [ 20.015781, 49.106115 ], [ 20.016276, 49.106113 ], [ 20.016324, 49.106113 ], [ 20.016472, 49.106113 ], [ 20.016674, 49.106111 ], [ 20.016783, 49.106002 ], [ 20.01699, 49.106019 ], [ 20.017602, 49.10607 ], [ 20.017694, 49.106368 ], [ 20.017273, 49.10736 ], [ 20.016862, 49.107608 ], [ 20.016833, 49.107626 ], [ 20.016783, 49.107818 ], [ 20.017132, 49.107908 ], [ 20.017299, 49.107951 ], [ 20.018122, 49.108037 ], [ 20.018355, 49.108491 ], [ 20.019272, 49.108605 ], [ 20.019625, 49.108628 ], [ 20.019865, 49.108637 ], [ 20.020293, 49.108652 ], [ 20.020398, 49.108875 ], [ 20.020385, 49.10905 ], [ 20.020369, 49.109272 ], [ 20.020514, 49.109743 ], [ 20.020525, 49.109777 ], [ 20.0208, 49.109814 ], [ 20.02125, 49.109632 ], [ 20.021778, 49.109339 ], [ 20.02198, 49.109376 ], [ 20.022269, 49.109429 ], [ 20.022397, 49.1097 ], [ 20.022445, 49.109848 ], [ 20.022518, 49.110073 ], [ 20.022538, 49.110079 ], [ 20.022616, 49.110099 ], [ 20.022728, 49.110128 ], [ 20.022772, 49.11014 ], [ 20.02286, 49.110164 ], [ 20.022961, 49.110191 ], [ 20.02373, 49.110297 ], [ 20.024192, 49.110192 ], [ 20.025887, 49.110407 ], [ 20.027094, 49.110985 ], [ 20.027449, 49.11098 ], [ 20.028158, 49.110969 ], [ 20.029022, 49.11079 ], [ 20.02894, 49.110596 ], [ 20.028591, 49.109775 ], [ 20.028165, 49.108798 ], [ 20.028152, 49.108581 ], [ 20.02876, 49.108932 ], [ 20.028764, 49.109108 ], [ 20.028885, 49.109462 ], [ 20.029145, 49.110222 ], [ 20.029907, 49.11005 ], [ 20.030075, 49.110012 ], [ 20.030757, 49.110017 ], [ 20.031639, 49.109858 ], [ 20.032416, 49.109773 ], [ 20.032928, 49.109829 ], [ 20.033945, 49.109994 ], [ 20.033958, 49.109995 ], [ 20.034099, 49.110056 ], [ 20.034786, 49.110354 ], [ 20.03511, 49.110413 ], [ 20.034943, 49.110195 ], [ 20.034944, 49.110195 ], [ 20.035196, 49.11014 ], [ 20.035393, 49.110097 ], [ 20.035418, 49.110036 ], [ 20.035458, 49.109941 ], [ 20.035627, 49.10974 ], [ 20.035767, 49.109573 ], [ 20.036077, 49.108856 ], [ 20.036401, 49.108948 ], [ 20.036432, 49.108873 ], [ 20.036608, 49.108695 ], [ 20.036674, 49.108669 ], [ 20.037124, 49.108487 ], [ 20.03729, 49.108439 ], [ 20.037451, 49.108391 ], [ 20.037488, 49.108486 ], [ 20.037754, 49.108312 ], [ 20.037832, 49.108016 ], [ 20.037332, 49.107725 ], [ 20.037177, 49.107333 ], [ 20.037022, 49.107075 ], [ 20.037006, 49.106793 ], [ 20.037174, 49.106498 ], [ 20.037338, 49.106293 ], [ 20.037531, 49.106069 ], [ 20.037421, 49.105819 ], [ 20.037357, 49.105593 ], [ 20.037124, 49.105158 ], [ 20.037049, 49.104968 ], [ 20.036915, 49.104538 ], [ 20.037121, 49.104216 ], [ 20.036957, 49.104031 ], [ 20.036912, 49.103894 ], [ 20.036772, 49.103812 ], [ 20.036804, 49.10362 ], [ 20.036873, 49.10358 ], [ 20.036778, 49.103396 ], [ 20.036808, 49.103255 ], [ 20.03663, 49.103004 ], [ 20.036595, 49.102545 ], [ 20.036213, 49.102336 ], [ 20.036129, 49.102069 ], [ 20.036013, 49.101843 ], [ 20.035732, 49.101521 ], [ 20.035492, 49.101263 ], [ 20.03548, 49.101141 ], [ 20.035357, 49.100814 ], [ 20.035353, 49.100562 ], [ 20.035189, 49.100312 ], [ 20.03528, 49.099971 ], [ 20.035136, 49.099672 ], [ 20.034936, 49.099472 ], [ 20.03387, 49.098407 ], [ 20.033888, 49.098396 ], [ 20.03373, 49.098195 ], [ 20.03338, 49.097818 ], [ 20.033261, 49.097558 ], [ 20.033298, 49.097452 ], [ 20.033282, 49.097118 ], [ 20.033216, 49.096716 ], [ 20.033161, 49.09611 ], [ 20.032963, 49.095619 ], [ 20.032776, 49.09524 ], [ 20.032718, 49.094723 ], [ 20.032698, 49.094491 ], [ 20.032666, 49.09421 ], [ 20.032287, 49.093872 ], [ 20.032224, 49.093309 ], [ 20.032028, 49.092913 ], [ 20.031743, 49.092451 ], [ 20.031189, 49.092081 ], [ 20.031012, 49.091666 ], [ 20.031011, 49.091404 ], [ 20.0309, 49.091042 ], [ 20.030823, 49.090878 ], [ 20.030882, 49.090427 ], [ 20.030725, 49.090104 ], [ 20.030699, 49.090094 ], [ 20.030453, 49.089885 ], [ 20.030324, 49.089719 ], [ 20.03036, 49.089514 ], [ 20.030596, 49.089371 ], [ 20.030439, 49.089112 ], [ 20.029728, 49.088323 ], [ 20.02973, 49.08809 ], [ 20.029543, 49.087788 ], [ 20.029186, 49.087547 ], [ 20.028832, 49.087456 ], [ 20.028862, 49.087436 ], [ 20.029949, 49.08675 ], [ 20.030043, 49.086627 ], [ 20.030102, 49.08567 ], [ 20.0302, 49.085457 ], [ 20.029948, 49.084837 ], [ 20.030025, 49.084802 ], [ 20.030057, 49.084773 ], [ 20.030739, 49.084435 ], [ 20.031324, 49.084098 ], [ 20.031661, 49.08378 ], [ 20.031395, 49.082748 ], [ 20.031077, 49.082365 ], [ 20.031218, 49.081878 ], [ 20.031037, 49.081025 ], [ 20.030675, 49.080172 ], [ 20.030486, 49.079404 ], [ 20.030166, 49.078583 ], [ 20.030123, 49.078171 ], [ 20.030134, 49.078095 ], [ 20.030153, 49.078037 ], [ 20.03016, 49.077987 ], [ 20.030163, 49.077828 ], [ 20.029474, 49.077248 ], [ 20.029218, 49.076946 ], [ 20.029028, 49.076476 ], [ 20.02899, 49.076472 ], [ 20.029042, 49.076366 ], [ 20.028754, 49.076153 ], [ 20.028789, 49.075957 ], [ 20.028113, 49.075218 ], [ 20.027499, 49.074847 ], [ 20.027465, 49.074728 ], [ 20.027465, 49.074727 ], [ 20.027429, 49.074601 ], [ 20.02711, 49.074267 ], [ 20.026819, 49.073919 ], [ 20.026754, 49.073835 ], [ 20.026695, 49.073543 ], [ 20.026606, 49.073224 ], [ 20.026746, 49.072992 ], [ 20.026687, 49.072872 ], [ 20.026697, 49.072709 ], [ 20.026706, 49.072546 ], [ 20.026712, 49.072141 ], [ 20.026715, 49.072107 ], [ 20.026188, 49.072109 ], [ 20.02576, 49.071883 ], [ 20.02577, 49.071751 ], [ 20.02582, 49.071631 ], [ 20.025788, 49.071583 ], [ 20.025656, 49.071533 ], [ 20.025396, 49.071657 ], [ 20.025148, 49.071641 ], [ 20.024976, 49.071525 ], [ 20.024773, 49.071499 ], [ 20.024582, 49.07147 ], [ 20.02452, 49.071498 ], [ 20.024499, 49.071524 ], [ 20.024539, 49.071572 ], [ 20.024688, 49.07169 ], [ 20.02462, 49.071754 ], [ 20.024203, 49.071728 ], [ 20.023902, 49.07171 ], [ 20.023507, 49.071408 ], [ 20.023438, 49.071383 ], [ 20.023132, 49.071418 ], [ 20.023241, 49.071689 ], [ 20.023335, 49.071837 ], [ 20.023332, 49.071936 ], [ 20.023206, 49.071976 ], [ 20.022999, 49.071924 ], [ 20.022592, 49.071746 ], [ 20.022257, 49.071713 ], [ 20.021938, 49.071886 ], [ 20.021819, 49.071846 ], [ 20.021642, 49.071916 ], [ 20.021389, 49.071844 ], [ 20.021447, 49.071669 ], [ 20.021621, 49.071498 ], [ 20.021454, 49.071399 ], [ 20.021119, 49.071426 ], [ 20.020697, 49.071527 ], [ 20.020467, 49.071462 ], [ 20.020338, 49.071426 ], [ 20.020328, 49.07124 ], [ 20.020157, 49.071122 ], [ 20.019669, 49.071283 ], [ 20.0195, 49.071171 ], [ 20.019377, 49.070879 ], [ 20.019412, 49.070801 ], [ 20.019541, 49.070635 ], [ 20.020192, 49.06832 ], [ 20.020175, 49.068231 ], [ 20.020087, 49.067771 ], [ 20.020553, 49.066942 ], [ 20.020935, 49.066579 ], [ 20.021567, 49.065977 ], [ 20.022857, 49.065484 ], [ 20.024156, 49.064425 ], [ 20.024765, 49.06425 ], [ 20.024843, 49.064052 ], [ 20.025264, 49.062406 ], [ 20.025652, 49.061015 ], [ 20.025693, 49.060945 ], [ 20.026907, 49.061211 ], [ 20.027067, 49.059505 ], [ 20.027121, 49.058935 ], [ 20.027102, 49.058511 ], [ 20.026979, 49.057994 ], [ 20.02706, 49.057658 ], [ 20.026862, 49.056771 ], [ 20.02706, 49.056294 ], [ 20.027025, 49.055583 ], [ 20.026576, 49.055326 ], [ 20.026401, 49.054912 ], [ 20.025661, 49.054359 ], [ 20.025274, 49.05429 ], [ 20.024914, 49.053979 ], [ 20.024141, 49.053432 ], [ 20.023908, 49.053158 ], [ 20.023841, 49.053027 ], [ 20.02365, 49.052991 ], [ 20.023786, 49.052906 ], [ 20.023793, 49.052754 ], [ 20.023708, 49.052588 ], [ 20.023478, 49.05245 ], [ 20.023508, 49.052322 ], [ 20.023376, 49.052198 ], [ 20.023382, 49.051581 ], [ 20.023336, 49.051384 ], [ 20.023159, 49.051221 ], [ 20.023168, 49.051093 ], [ 20.023011, 49.051042 ], [ 20.02298, 49.050945 ], [ 20.023031, 49.05088 ], [ 20.022806, 49.050791 ], [ 20.022838, 49.050682 ], [ 20.022592, 49.050603 ], [ 20.022669, 49.050398 ], [ 20.02257, 49.050332 ], [ 20.022274, 49.050365 ], [ 20.022369, 49.050164 ], [ 20.022345, 49.050119 ], [ 20.022134, 49.050121 ], [ 20.022072, 49.050081 ], [ 20.022134, 49.049977 ], [ 20.022027, 49.049966 ], [ 20.021925, 49.049841 ], [ 20.021667, 49.049826 ], [ 20.021554, 49.049784 ], [ 20.021496, 49.049646 ], [ 20.021267, 49.049621 ], [ 20.021268, 49.049571 ], [ 20.021511, 49.049511 ], [ 20.021487, 49.049347 ], [ 20.0212945, 49.0493124 ], [ 20.021059, 49.04927 ], [ 20.021186, 49.049193 ], [ 20.021104, 49.049068 ], [ 20.023296, 49.04819 ], [ 20.022734, 49.047768 ], [ 20.022204, 49.047371 ], [ 20.021919, 49.046611 ], [ 20.022425, 49.046368 ], [ 20.02237, 49.046206 ], [ 20.022231, 49.046056 ], [ 20.022232, 49.046029 ], [ 20.021373, 49.044522 ], [ 20.021036, 49.044015 ], [ 20.019433, 49.042381 ], [ 20.019031, 49.042152 ], [ 20.018172, 49.041628 ], [ 20.018065, 49.041563 ], [ 20.017612, 49.041094 ], [ 20.016905, 49.040362 ], [ 20.016894, 49.040341 ], [ 20.016879, 49.040313 ], [ 20.016491, 49.039601 ], [ 20.015821, 49.039163 ], [ 20.015194, 49.038768 ], [ 20.015151, 49.038498 ], [ 20.014283, 49.037908 ], [ 20.013615, 49.037658 ], [ 20.013716, 49.037004 ], [ 20.013328, 49.036571 ], [ 20.012858, 49.036045 ], [ 20.01295, 49.035438 ], [ 20.013063, 49.034828 ], [ 20.013516, 49.033108 ], [ 20.013759, 49.031924 ], [ 20.014114, 49.030496 ], [ 20.014146, 49.030308 ], [ 20.014523, 49.02807 ], [ 20.014729, 49.026812 ], [ 20.014822, 49.026272 ], [ 20.014877, 49.025953 ], [ 20.014988, 49.025176 ], [ 20.015342, 49.023684 ], [ 20.015542, 49.022987 ], [ 20.015653, 49.0226 ], [ 20.015799, 49.021853 ], [ 20.015784, 49.021733 ], [ 20.01572, 49.021251 ], [ 20.015978, 49.02014 ], [ 20.015952, 49.019545 ], [ 20.015889, 49.019201 ], [ 20.015791, 49.018654 ], [ 20.015519, 49.016839 ], [ 20.015517, 49.016829 ], [ 20.015503, 49.016771 ], [ 20.0154, 49.016363 ], [ 20.01532, 49.01606 ], [ 20.015299, 49.015998 ], [ 20.015293, 49.015977 ], [ 20.015054, 49.015943 ], [ 20.015023, 49.015939 ], [ 20.014766, 49.015892 ], [ 20.01454, 49.015841 ], [ 20.013894, 49.015822 ], [ 20.013642, 49.015822 ], [ 20.013204, 49.015872 ], [ 20.012593, 49.015905 ], [ 20.012299, 49.015903 ], [ 20.011915, 49.015837 ], [ 20.011833, 49.015812 ], [ 20.011463, 49.015645 ], [ 20.011301, 49.015453 ], [ 20.011075, 49.015321 ], [ 20.010943, 49.015219 ], [ 20.010759, 49.015135 ], [ 20.01041, 49.014961 ], [ 20.010192, 49.014859 ], [ 20.009863, 49.014843 ], [ 20.009732, 49.014804 ], [ 20.00959, 49.014779 ], [ 20.00934, 49.014806 ], [ 20.008964, 49.014822 ], [ 20.008784, 49.01486 ], [ 20.008149, 49.014969 ], [ 20.007702, 49.015081 ], [ 20.007455, 49.015104 ], [ 20.007128, 49.015094 ], [ 20.006861, 49.015049 ], [ 20.006348, 49.015198 ], [ 20.006033, 49.015354 ], [ 20.005917, 49.01539 ], [ 20.005824, 49.015411 ], [ 20.005801, 49.015448 ], [ 20.0058, 49.015448 ], [ 20.005787, 49.01547 ], [ 20.0057, 49.015552 ], [ 20.005632, 49.015609 ], [ 20.005426, 49.015696 ], [ 20.005318, 49.015736 ], [ 20.005085, 49.015822 ], [ 20.004801, 49.015906 ], [ 20.004614, 49.01596 ], [ 20.004418, 49.016034 ], [ 20.004209, 49.016111 ], [ 20.004031, 49.016158 ], [ 20.003822, 49.016195 ], [ 20.003718, 49.016202 ], [ 20.003671, 49.016197 ], [ 20.003668, 49.016196 ], [ 20.003599, 49.016188 ], [ 20.00348, 49.01616 ], [ 20.003378, 49.016128 ], [ 20.003313, 49.016107 ], [ 20.003311, 49.016106 ], [ 20.003278, 49.016096 ], [ 20.00322, 49.016093 ], [ 20.003199, 49.016097 ], [ 20.003197, 49.016097 ], [ 20.002925, 49.016149 ], [ 20.002597, 49.016239 ], [ 20.002447, 49.016279 ], [ 20.002445, 49.01628 ], [ 20.002026, 49.016391 ], [ 20.001697, 49.016461 ], [ 20.001493, 49.016495 ], [ 20.001341, 49.016507 ], [ 20.001193, 49.016505 ], [ 20.001098, 49.01649 ], [ 20.000909, 49.016439 ], [ 20.000829, 49.016405 ], [ 20.000764, 49.016374 ], [ 20.000493, 49.016143 ], [ 20.000131, 49.015996 ], [ 19.999803, 49.015915 ], [ 19.999357, 49.015805 ], [ 19.998766, 49.015626 ], [ 19.998585, 49.01556 ], [ 19.998472, 49.015498 ], [ 19.998386, 49.015434 ], [ 19.99831, 49.015362 ], [ 19.998242, 49.015277 ], [ 19.998147, 49.015161 ], [ 19.998068, 49.015093 ], [ 19.997949, 49.015014 ], [ 19.997667, 49.014901 ], [ 19.997478, 49.014842 ], [ 19.997318, 49.014811 ], [ 19.997144, 49.014791 ], [ 19.996856, 49.014793 ], [ 19.995966, 49.014909 ], [ 19.995792, 49.014919 ], [ 19.995357, 49.014845 ], [ 19.995043, 49.0147 ], [ 19.99474, 49.014647 ], [ 19.994567, 49.014629 ], [ 19.994431, 49.014646 ], [ 19.994277, 49.01465 ], [ 19.994129, 49.014638 ], [ 19.993766, 49.014568 ], [ 19.99376, 49.014567 ], [ 19.99362, 49.01454 ], [ 19.993617, 49.01454 ], [ 19.993423, 49.014502 ], [ 19.993276, 49.014487 ], [ 19.993205, 49.014503 ], [ 19.993204, 49.014503 ], [ 19.993084, 49.014531 ], [ 19.992942, 49.014588 ], [ 19.992736, 49.014693 ], [ 19.992735, 49.014695 ], [ 19.992603, 49.014762 ], [ 19.992179, 49.014926 ], [ 19.992005, 49.014983 ], [ 19.991805, 49.015012 ], [ 19.991601, 49.015026 ], [ 19.99149, 49.015023 ], [ 19.991073, 49.014957 ], [ 19.99087, 49.014914 ], [ 19.990869, 49.014913 ], [ 19.990541, 49.014842 ], [ 19.990199, 49.014728 ], [ 19.989853, 49.014616 ], [ 19.989721, 49.014574 ], [ 19.988952, 49.014587 ], [ 19.988844, 49.014596 ], [ 19.988629, 49.014573 ], [ 19.988626, 49.014573 ], [ 19.988202, 49.014529 ], [ 19.98811, 49.014519 ], [ 19.987738, 49.014417 ], [ 19.98759, 49.01438 ], [ 19.987256, 49.014321 ], [ 19.986656, 49.014192 ], [ 19.986528, 49.01415 ], [ 19.986426, 49.01411 ], [ 19.986424, 49.01411 ], [ 19.98628, 49.014052 ], [ 19.986097, 49.013956 ], [ 19.985985, 49.013856 ], [ 19.985716, 49.013244 ], [ 19.985596, 49.013234 ], [ 19.98548, 49.0132 ], [ 19.985372, 49.013163 ], [ 19.984883, 49.013093 ], [ 19.9846, 49.013039 ], [ 19.98428, 49.012965 ], [ 19.983478, 49.012718 ], [ 19.983353, 49.012667 ], [ 19.983346, 49.012665 ], [ 19.983095, 49.012563 ], [ 19.982537, 49.01238 ], [ 19.982042, 49.012271 ], [ 19.981902, 49.012256 ], [ 19.981777, 49.012263 ], [ 19.98155, 49.012275 ], [ 19.981521, 49.012273 ], [ 19.981453, 49.012266 ], [ 19.98135, 49.012348 ], [ 19.981349, 49.012349 ], [ 19.981334, 49.012361 ], [ 19.981275, 49.012414 ], [ 19.981219, 49.012506 ], [ 19.981096, 49.012861 ], [ 19.980929, 49.01311 ], [ 19.980833, 49.013226 ], [ 19.980763, 49.013335 ], [ 19.980725, 49.013454 ], [ 19.980657, 49.013583 ], [ 19.980657, 49.013584 ], [ 19.98061, 49.013673 ], [ 19.980528, 49.01378 ], [ 19.980528, 49.013781 ], [ 19.980516, 49.013796 ], [ 19.98031, 49.013935 ], [ 19.980081, 49.014095 ], [ 19.979954, 49.014197 ], [ 19.979793, 49.014353 ], [ 19.979586, 49.014596 ], [ 19.979332, 49.014907 ], [ 19.979253, 49.015032 ], [ 19.979127, 49.015289 ], [ 19.979031, 49.015464 ], [ 19.978895, 49.015548 ], [ 19.978633, 49.015664 ], [ 19.978409, 49.015752 ], [ 19.978154, 49.015829 ], [ 19.977607, 49.015956 ], [ 19.977204, 49.01599 ], [ 19.976823, 49.016001 ], [ 19.976153, 49.015925 ], [ 19.975938, 49.01591 ], [ 19.975417, 49.016009 ], [ 19.974946, 49.015974 ], [ 19.974562, 49.015912 ], [ 19.974321, 49.01587 ], [ 19.974097, 49.015866 ], [ 19.973816, 49.015891 ], [ 19.973591, 49.015937 ], [ 19.97353, 49.015956 ], [ 19.973528, 49.015956 ], [ 19.97338, 49.015999 ], [ 19.97329, 49.016033 ], [ 19.973244, 49.016069 ], [ 19.973244, 49.01607 ], [ 19.973174, 49.016125 ], [ 19.973142, 49.016179 ], [ 19.97313, 49.0162 ], [ 19.97313, 49.016202 ], [ 19.973083, 49.016292 ], [ 19.973058, 49.01652 ], [ 19.973024, 49.01662 ], [ 19.972973, 49.016692 ], [ 19.972913, 49.016725 ], [ 19.972734, 49.016782 ], [ 19.97244, 49.016824 ], [ 19.972244, 49.016812 ], [ 19.97206, 49.016756 ], [ 19.971872, 49.016702 ], [ 19.971818, 49.016697 ], [ 19.971559, 49.016647 ], [ 19.971241, 49.016617 ], [ 19.971064, 49.016594 ], [ 19.970791, 49.016542 ], [ 19.970668, 49.016525 ], [ 19.970592, 49.01651 ], [ 19.970587, 49.016509 ], [ 19.970569, 49.016506 ], [ 19.970555, 49.016505 ], [ 19.970549, 49.016505 ], [ 19.970447, 49.016502 ], [ 19.970374, 49.016513 ], [ 19.969999, 49.016582 ], [ 19.968958, 49.01657 ], [ 19.968954, 49.016525 ], [ 19.968954, 49.016489 ], [ 19.969042, 49.016042 ], [ 19.969108, 49.01587 ], [ 19.969123, 49.015825 ], [ 19.969142, 49.015783 ], [ 19.969214, 49.015585 ], [ 19.969256, 49.01531 ], [ 19.969326, 49.015074 ], [ 19.969366, 49.015011 ], [ 19.968788, 49.014536 ], [ 19.968718, 49.014424 ], [ 19.968884, 49.01414 ], [ 19.968641, 49.01376 ], [ 19.968496, 49.013586 ], [ 19.968457, 49.01332 ], [ 19.968404, 49.013362 ], [ 19.968341, 49.0134 ], [ 19.967868, 49.011905 ], [ 19.965292, 49.010181 ], [ 19.964789, 49.0099 ], [ 19.964747, 49.009877 ], [ 19.964281, 49.009776 ], [ 19.963892, 49.009745 ], [ 19.96379, 49.009738 ], [ 19.963568, 49.009527 ], [ 19.963551, 49.008929 ], [ 19.964294, 49.007446 ], [ 19.96439, 49.006117 ], [ 19.965214, 49.00575 ], [ 19.96815, 49.005221 ], [ 19.970943, 49.004883 ], [ 19.971521, 49.003968 ], [ 19.972415, 49.003047 ], [ 19.974517, 49.002285 ], [ 19.975618, 49.001425 ], [ 19.976971, 48.99971 ], [ 19.979476, 48.999529 ], [ 19.980466, 48.999659 ], [ 19.98115, 48.999749 ], [ 19.981921, 48.999761 ], [ 19.982988, 48.998703 ], [ 19.9863, 48.997371 ], [ 19.986946, 48.996826 ], [ 19.988665, 48.996503 ], [ 19.990318, 48.994273 ], [ 19.99047, 48.994149 ], [ 19.991044, 48.993652 ], [ 19.992038, 48.993149 ], [ 19.99329, 48.992687 ], [ 19.994489, 48.990904 ], [ 19.99462, 48.990189 ], [ 19.994328, 48.989429 ], [ 19.994773, 48.988567 ], [ 19.995552, 48.987994 ], [ 19.998574, 48.986618 ], [ 20.00034, 48.984674 ], [ 20.001462, 48.984172 ], [ 20.002003, 48.983546 ], [ 20.003195, 48.98256 ], [ 20.004824, 48.981211 ], [ 20.005195, 48.980147 ], [ 20.005543, 48.977663 ], [ 20.005599, 48.977283 ], [ 20.006834, 48.976058 ], [ 20.009402, 48.973617 ], [ 20.010461, 48.97218 ], [ 20.012172, 48.972798 ], [ 20.016221, 48.971698 ], [ 20.016544, 48.97163 ], [ 20.016619, 48.971545 ], [ 20.016414, 48.971547 ], [ 20.016356, 48.971468 ], [ 20.016315, 48.971413 ], [ 20.016339, 48.971374 ], [ 20.016484, 48.971144 ], [ 20.017222, 48.970629 ], [ 20.01843, 48.969843 ], [ 20.021858, 48.967455 ], [ 20.022295, 48.96705 ], [ 20.022446, 48.966838 ], [ 20.022873, 48.966639 ], [ 20.023183, 48.966623 ], [ 20.022841, 48.966472 ], [ 20.022798, 48.966453 ], [ 20.022741, 48.966349 ], [ 20.022559, 48.966019 ], [ 20.023336, 48.966037 ], [ 20.024535, 48.964441 ], [ 20.024253, 48.964364 ], [ 20.024041, 48.964305 ], [ 20.024016, 48.964189 ], [ 20.023968, 48.963971 ], [ 20.023768, 48.963848 ], [ 20.023826, 48.963583 ], [ 20.024245, 48.96354 ], [ 20.024268, 48.963305 ], [ 20.023777, 48.961071 ], [ 20.023588, 48.960986 ], [ 20.023559, 48.960974 ], [ 20.022549, 48.960665 ], [ 20.022344, 48.960483 ], [ 20.021725, 48.959934 ], [ 20.02186, 48.959755 ], [ 20.021639, 48.95959 ], [ 20.021204, 48.959266 ], [ 20.020342, 48.959942 ], [ 20.020185, 48.959721 ], [ 20.019892, 48.959311 ], [ 20.019833, 48.958805 ], [ 20.019623, 48.958677 ], [ 20.019501, 48.958604 ], [ 20.019371, 48.958487 ], [ 20.018629, 48.957815 ], [ 20.018489, 48.957719 ], [ 20.018299, 48.957589 ], [ 20.018231, 48.957513 ], [ 20.017863, 48.957103 ], [ 20.01863, 48.95697 ], [ 20.019414, 48.956827 ], [ 20.020189, 48.956705 ], [ 20.021239, 48.95652 ], [ 20.022269, 48.956317 ], [ 20.023006, 48.955976 ], [ 20.023266, 48.955275 ], [ 20.022882, 48.95474 ], [ 20.023259, 48.952852 ], [ 20.02309, 48.952787 ], [ 20.022516, 48.952567 ], [ 20.022511, 48.952459 ], [ 20.022458, 48.951353 ], [ 20.022044, 48.95083 ], [ 20.022042, 48.950832 ], [ 20.021809, 48.950953 ], [ 20.021474, 48.950584 ], [ 20.021303, 48.950622 ], [ 20.020996, 48.950448 ], [ 20.020542, 48.950622 ], [ 20.019676, 48.950087 ], [ 20.019717, 48.95002 ], [ 20.019823, 48.949842 ], [ 20.020787, 48.948774 ], [ 20.024821, 48.947329 ], [ 20.024236, 48.94641 ], [ 20.024818, 48.945704 ], [ 20.026045, 48.945261 ], [ 20.027004, 48.943955 ], [ 20.026832, 48.943833 ], [ 20.025706, 48.943039 ], [ 20.025722, 48.943034 ], [ 20.026444, 48.94281 ], [ 20.027443, 48.942559 ], [ 20.028803, 48.941488 ], [ 20.028553, 48.940743 ], [ 20.028643, 48.940777 ], [ 20.028741, 48.940815 ], [ 20.028932, 48.940887 ], [ 20.029258, 48.940699 ], [ 20.029587, 48.940671 ], [ 20.030148, 48.939465 ], [ 20.029737, 48.939303 ], [ 20.029767, 48.939245 ], [ 20.030031, 48.939246 ], [ 20.030192, 48.939185 ], [ 20.030804, 48.938745 ], [ 20.033573, 48.937207 ], [ 20.0334, 48.93656 ], [ 20.033764, 48.936523 ], [ 20.033629, 48.936085 ], [ 20.033826, 48.935965 ], [ 20.033767, 48.935769 ], [ 20.033629, 48.935298 ], [ 20.033486, 48.935152 ], [ 20.033191, 48.934912 ], [ 20.033006, 48.934603 ], [ 20.03283, 48.934528 ], [ 20.032689, 48.934467 ], [ 20.032681, 48.934447 ], [ 20.0326, 48.934211 ], [ 20.032777, 48.934094 ], [ 20.032745, 48.933955 ], [ 20.032757, 48.933935 ], [ 20.033482, 48.933794 ], [ 20.033501, 48.933659 ], [ 20.033581, 48.933645 ], [ 20.033603, 48.933605 ], [ 20.034046, 48.933537 ], [ 20.034864, 48.933576 ], [ 20.035967, 48.933271 ], [ 20.035658, 48.933232 ], [ 20.035769, 48.933202 ], [ 20.036977, 48.932887 ], [ 20.037052, 48.932868 ], [ 20.037133, 48.932954 ], [ 20.037235, 48.933061 ], [ 20.038778, 48.932655 ], [ 20.039816, 48.932462 ], [ 20.040171, 48.932609 ], [ 20.040752, 48.932734 ], [ 20.040841, 48.932784 ], [ 20.041137, 48.93298 ], [ 20.041334, 48.933121 ], [ 20.041683, 48.933258 ], [ 20.041843, 48.933308 ], [ 20.041985, 48.933354 ], [ 20.04215, 48.933443 ], [ 20.042265, 48.933463 ], [ 20.042378, 48.933481 ], [ 20.042401, 48.933512 ], [ 20.042459, 48.933589 ], [ 20.042774, 48.933623 ], [ 20.043084, 48.933526 ], [ 20.043682, 48.933453 ], [ 20.04395, 48.933389 ], [ 20.044653, 48.933453 ], [ 20.044721, 48.933459 ], [ 20.044792, 48.933521 ], [ 20.044894, 48.933613 ], [ 20.045659, 48.933693 ], [ 20.046059, 48.933592 ], [ 20.046479, 48.933552 ], [ 20.047193, 48.933346 ], [ 20.047758, 48.933107 ], [ 20.04854, 48.933364 ], [ 20.04889, 48.933529 ], [ 20.048905, 48.933535 ], [ 20.049157, 48.933634 ], [ 20.049175, 48.933642 ], [ 20.049676, 48.93376 ], [ 20.050018, 48.933904 ], [ 20.05014, 48.933955 ], [ 20.050125, 48.934161 ], [ 20.050121, 48.934218 ], [ 20.050657, 48.934304 ], [ 20.051711, 48.934471 ], [ 20.052209, 48.934403 ], [ 20.052322, 48.934383 ], [ 20.05262, 48.933715 ], [ 20.05366, 48.93378 ], [ 20.053901, 48.933644 ], [ 20.055135, 48.933665 ], [ 20.055321, 48.933574 ], [ 20.05609, 48.933668 ], [ 20.057501, 48.933315 ], [ 20.059379, 48.933277 ], [ 20.05984, 48.932802 ], [ 20.060438, 48.932304 ], [ 20.060254, 48.932176 ], [ 20.060159, 48.93211 ], [ 20.059597, 48.931729 ], [ 20.05925, 48.931382 ], [ 20.05857, 48.930711 ], [ 20.057947, 48.930394 ], [ 20.05718, 48.929686 ], [ 20.057056, 48.929584 ], [ 20.056908, 48.929465 ], [ 20.056496, 48.929129 ], [ 20.056083, 48.928784 ], [ 20.056069, 48.928737 ], [ 20.056063, 48.92873 ], [ 20.055712, 48.928323 ], [ 20.05559, 48.92821 ], [ 20.055373, 48.927988 ], [ 20.055426, 48.927635 ], [ 20.055396, 48.927202 ], [ 20.05558, 48.926815 ], [ 20.055721, 48.926631 ], [ 20.055779, 48.926361 ], [ 20.055652, 48.925957 ], [ 20.055584, 48.925892 ], [ 20.055155, 48.925481 ], [ 20.05447, 48.925269 ], [ 20.054042, 48.925236 ], [ 20.053566, 48.92513 ], [ 20.053033, 48.92494 ], [ 20.052657, 48.924881 ], [ 20.052221, 48.924687 ], [ 20.051612, 48.92424 ], [ 20.051323, 48.924028 ], [ 20.050608, 48.923939 ], [ 20.05035, 48.923852 ], [ 20.050103, 48.92386 ], [ 20.049791, 48.92379 ], [ 20.049672, 48.923683 ], [ 20.049498, 48.923525 ], [ 20.049496, 48.923524 ], [ 20.049059, 48.923333 ], [ 20.048977, 48.923256 ], [ 20.048836, 48.923123 ], [ 20.048292, 48.922609 ], [ 20.04786, 48.922201 ], [ 20.047227, 48.921584 ], [ 20.047146, 48.921531 ], [ 20.046676, 48.921225 ], [ 20.046617, 48.921162 ], [ 20.045696, 48.920173 ], [ 20.045469, 48.919675 ], [ 20.044676, 48.91906 ], [ 20.044599, 48.919028 ], [ 20.044342, 48.918924 ], [ 20.044194, 48.918864 ], [ 20.041697, 48.917854 ], [ 20.0414, 48.917727 ], [ 20.041364, 48.917701 ], [ 20.03982, 48.916583 ], [ 20.039671, 48.916482 ], [ 20.039396, 48.916328 ], [ 20.039177, 48.916231 ], [ 20.03894, 48.916126 ], [ 20.03869, 48.916017 ], [ 20.0378, 48.91561 ], [ 20.037424, 48.915486 ], [ 20.036785, 48.915275 ], [ 20.036641, 48.915213 ], [ 20.036601, 48.915186 ], [ 20.036486, 48.915108 ], [ 20.036465, 48.915092 ], [ 20.036197, 48.91489 ], [ 20.03608, 48.914802 ], [ 20.035961, 48.914731 ], [ 20.035933, 48.914715 ], [ 20.035822, 48.914648 ], [ 20.035632, 48.914535 ], [ 20.03558, 48.914503 ], [ 20.035535, 48.914486 ], [ 20.035042, 48.914298 ], [ 20.034711, 48.91432 ], [ 20.034371, 48.914392 ], [ 20.034073, 48.914379 ], [ 20.034034, 48.914385 ], [ 20.03326, 48.914772 ], [ 20.0332, 48.914737 ], [ 20.033111, 48.914695 ], [ 20.033049, 48.914665 ], [ 20.031912, 48.914133 ], [ 20.030637, 48.913522 ], [ 20.030481, 48.913443 ], [ 20.029626, 48.913004 ], [ 20.026586, 48.911373 ], [ 20.022518, 48.91088 ], [ 20.015286, 48.90981 ], [ 20.008318, 48.909623 ], [ 20.006114, 48.909529 ], [ 20.003559, 48.909394 ], [ 20.002138, 48.90934 ], [ 20.001896, 48.909253 ], [ 20.0016, 48.909341 ], [ 20.001422, 48.909435 ], [ 20.00123, 48.909547 ], [ 20.001162, 48.909594 ], [ 20.000893, 48.909745 ], [ 20.000781, 48.90983 ], [ 20.000654, 48.90994 ], [ 19.994524, 48.908163 ], [ 19.992348, 48.907531 ], [ 19.992261, 48.907501 ], [ 19.995546, 48.904831 ], [ 19.996381, 48.904096 ], [ 20.001219, 48.904336 ], [ 20.002915, 48.904063 ], [ 20.003552, 48.903961 ], [ 20.00389, 48.904051 ], [ 20.004597, 48.903776 ], [ 20.00515, 48.903778 ], [ 20.005743, 48.903629 ], [ 20.008759, 48.902959 ], [ 20.009832, 48.902551 ], [ 20.010718, 48.902256 ], [ 20.012841, 48.901889 ], [ 20.015253, 48.901158 ], [ 20.019167, 48.900793 ], [ 20.021153, 48.900695 ], [ 20.027409, 48.900389 ], [ 20.030241, 48.900233 ], [ 20.031868, 48.90089 ], [ 20.034099, 48.901436 ], [ 20.044158, 48.900665 ], [ 20.048365, 48.900032 ], [ 20.049705, 48.899854 ], [ 20.052019, 48.897923 ], [ 20.052086, 48.897881 ], [ 20.05353, 48.897421 ], [ 20.05441, 48.897282 ], [ 20.055569, 48.897151 ], [ 20.056032, 48.897022 ], [ 20.056517, 48.89699 ], [ 20.05723, 48.896981 ], [ 20.058179, 48.896948 ], [ 20.058921, 48.89701 ], [ 20.059146, 48.897046 ], [ 20.061712, 48.8971 ], [ 20.062693, 48.897076 ], [ 20.063426, 48.897006 ], [ 20.063692, 48.897002 ], [ 20.064184, 48.896895 ], [ 20.064448, 48.896894 ], [ 20.065181, 48.896769 ], [ 20.065623, 48.896651 ], [ 20.06585, 48.896708 ], [ 20.067861, 48.897755 ], [ 20.071265, 48.898553 ], [ 20.072348, 48.898449 ], [ 20.074984, 48.898134 ], [ 20.081345, 48.89695 ], [ 20.090055, 48.896721 ], [ 20.090491, 48.89662 ], [ 20.091594, 48.896384 ], [ 20.092942, 48.896095 ], [ 20.093956, 48.895879 ], [ 20.095204, 48.895612 ], [ 20.096483, 48.895549 ], [ 20.097528, 48.895498 ], [ 20.098492, 48.895451 ], [ 20.099417, 48.895405 ], [ 20.100571, 48.895378 ], [ 20.101802, 48.895328 ], [ 20.102868, 48.895286 ], [ 20.10391, 48.895274 ], [ 20.104284, 48.895272 ], [ 20.105044, 48.895185 ], [ 20.106035, 48.89507 ], [ 20.106464, 48.895023 ], [ 20.107029, 48.894957 ], [ 20.107312, 48.894927 ], [ 20.107538, 48.894897 ], [ 20.108139, 48.894839 ], [ 20.108644, 48.894781 ], [ 20.109109, 48.894728 ], [ 20.109899, 48.894638 ], [ 20.111157, 48.894498 ], [ 20.112026, 48.894399 ], [ 20.112726, 48.894291 ], [ 20.113122, 48.894229 ], [ 20.11399, 48.894109 ], [ 20.115124, 48.893947 ], [ 20.116231, 48.893792 ], [ 20.117249, 48.893647 ], [ 20.118207, 48.893513 ], [ 20.119329, 48.893355 ], [ 20.119653, 48.893307 ], [ 20.120127, 48.893263 ], [ 20.121237, 48.893164 ], [ 20.122443, 48.893061 ], [ 20.123636, 48.892956 ], [ 20.124409, 48.892889 ], [ 20.125148, 48.892824 ], [ 20.126134, 48.892736 ], [ 20.126973, 48.892663 ], [ 20.127812, 48.892592 ], [ 20.128646, 48.892519 ], [ 20.12968, 48.892427 ], [ 20.129981, 48.892402 ], [ 20.130885, 48.89229 ], [ 20.131896, 48.892169 ], [ 20.132764, 48.892065 ], [ 20.133351, 48.891998 ], [ 20.133484, 48.89198 ], [ 20.134166, 48.891894 ], [ 20.134956, 48.891795 ], [ 20.135925, 48.891674 ], [ 20.136585, 48.891591 ], [ 20.137524, 48.891493 ], [ 20.138889, 48.891345 ], [ 20.140193, 48.891205 ], [ 20.141513, 48.891063 ], [ 20.142761, 48.89093 ], [ 20.143542, 48.890847 ], [ 20.144715, 48.890721 ], [ 20.145616, 48.890623 ], [ 20.146317, 48.890541 ], [ 20.147615, 48.890393 ], [ 20.148924, 48.890246 ], [ 20.149763, 48.890149 ], [ 20.150632, 48.890051 ], [ 20.151862, 48.889911 ], [ 20.153357, 48.889738 ], [ 20.154258, 48.889636 ], [ 20.155268, 48.889521 ], [ 20.1561, 48.889428 ], [ 20.156927, 48.889334 ], [ 20.158067, 48.889202 ], [ 20.159897, 48.891084 ], [ 20.160064, 48.891252 ], [ 20.160429, 48.891633 ], [ 20.160771, 48.891987 ], [ 20.16111, 48.892337 ], [ 20.161505, 48.892744 ], [ 20.161861, 48.89311 ], [ 20.163279, 48.89457 ], [ 20.163471, 48.894729 ], [ 20.163675, 48.894894 ], [ 20.164014, 48.895167 ], [ 20.164957, 48.895936 ], [ 20.165355, 48.896256 ], [ 20.165875, 48.896673 ], [ 20.166021, 48.896791 ], [ 20.167221, 48.897777 ], [ 20.170172, 48.901755 ], [ 20.171174, 48.903115 ], [ 20.172406, 48.904525 ], [ 20.172905, 48.905068 ], [ 20.173227, 48.905413 ], [ 20.173378, 48.905571 ], [ 20.173664, 48.905877 ], [ 20.173951, 48.906182 ], [ 20.174253, 48.906501 ], [ 20.174586, 48.906855 ], [ 20.174996, 48.907297 ], [ 20.175227, 48.90754 ], [ 20.175661, 48.907974 ], [ 20.176708, 48.907242 ], [ 20.178262, 48.906132 ], [ 20.185267, 48.901094 ], [ 20.185845, 48.90067 ], [ 20.186363, 48.900313 ], [ 20.186624, 48.900127 ], [ 20.188364, 48.899572 ], [ 20.191017, 48.899081 ], [ 20.193436, 48.898558 ], [ 20.202442, 48.894736 ], [ 20.203686, 48.894868 ], [ 20.206518, 48.894561 ], [ 20.208083, 48.894417 ], [ 20.208122, 48.894413 ], [ 20.208744, 48.894356 ], [ 20.210008, 48.894359 ], [ 20.210025, 48.894352 ], [ 20.210259, 48.894516 ], [ 20.21061, 48.894662 ], [ 20.211095, 48.894832 ], [ 20.211341, 48.894884 ], [ 20.211709, 48.894911 ], [ 20.212304, 48.894991 ], [ 20.213149, 48.894729 ], [ 20.213759, 48.894301 ], [ 20.213939, 48.894219 ], [ 20.214214, 48.894154 ], [ 20.214488, 48.894138 ], [ 20.214792, 48.893969 ], [ 20.215085, 48.893715 ], [ 20.215624, 48.893599 ], [ 20.215823, 48.89351 ], [ 20.215918, 48.893385 ], [ 20.216095, 48.893238 ], [ 20.216504, 48.893097 ], [ 20.217103, 48.892949 ], [ 20.217364, 48.892887 ], [ 20.217898, 48.892655 ], [ 20.218127, 48.892656 ], [ 20.218341, 48.892638 ], [ 20.219229, 48.892721 ], [ 20.21939, 48.892677 ], [ 20.219557, 48.892584 ], [ 20.219718, 48.892504 ], [ 20.22001, 48.892494 ], [ 20.220237, 48.892415 ], [ 20.220504, 48.892355 ], [ 20.220715, 48.892247 ], [ 20.220936, 48.892192 ], [ 20.221228, 48.892164 ], [ 20.221632, 48.892103 ], [ 20.221878, 48.892034 ], [ 20.222126, 48.892005 ], [ 20.222872, 48.891757 ], [ 20.223079, 48.891623 ], [ 20.223486, 48.891398 ], [ 20.223707, 48.891294 ], [ 20.223824, 48.891204 ], [ 20.224236, 48.890939 ], [ 20.224483, 48.890876 ], [ 20.224655, 48.890796 ], [ 20.225174, 48.89047 ], [ 20.225361, 48.890318 ], [ 20.225914, 48.88998 ], [ 20.226245, 48.889722 ], [ 20.226712, 48.889434 ], [ 20.226928, 48.889336 ], [ 20.227119, 48.889231 ], [ 20.227303, 48.889105 ], [ 20.227572, 48.888783 ], [ 20.228168, 48.888497 ], [ 20.228392, 48.888348 ], [ 20.228392, 48.888 ], [ 20.228561, 48.887848 ], [ 20.228796, 48.887738 ], [ 20.229041, 48.887674 ], [ 20.229415, 48.887534 ], [ 20.229647, 48.887431 ], [ 20.229933, 48.887361 ], [ 20.23036, 48.887273 ], [ 20.230555, 48.887206 ], [ 20.230699, 48.887192 ], [ 20.231026, 48.886936 ], [ 20.231233, 48.886914 ], [ 20.231468, 48.886813 ], [ 20.231696, 48.886735 ], [ 20.231852, 48.88658 ], [ 20.232202, 48.886435 ], [ 20.232348, 48.886431 ], [ 20.232485, 48.886381 ], [ 20.232722, 48.886316 ], [ 20.23289, 48.88633 ], [ 20.23297, 48.886374 ], [ 20.233033, 48.88637 ], [ 20.233108, 48.886298 ], [ 20.233221, 48.886281 ], [ 20.233339, 48.886247 ], [ 20.233458, 48.88622 ], [ 20.233558, 48.886162 ], [ 20.233587, 48.886035 ], [ 20.233677, 48.885927 ], [ 20.233858, 48.885928 ], [ 20.233946, 48.885914 ], [ 20.234013, 48.885828 ], [ 20.234072, 48.885821 ], [ 20.234183, 48.885826 ], [ 20.234265, 48.885762 ], [ 20.234393, 48.885738 ], [ 20.234453, 48.885622 ], [ 20.234704, 48.885586 ], [ 20.234872, 48.885592 ], [ 20.234976, 48.88552 ], [ 20.23511, 48.885521 ], [ 20.235216, 48.885447 ], [ 20.235396, 48.885482 ], [ 20.235491, 48.885463 ], [ 20.235615, 48.88546 ], [ 20.235952, 48.885324 ], [ 20.236092, 48.885316 ], [ 20.236194, 48.88528 ], [ 20.236206, 48.885143 ], [ 20.236324, 48.885075 ], [ 20.236671, 48.884991 ], [ 20.236786, 48.884937 ], [ 20.236979, 48.884955 ], [ 20.23717, 48.884994 ], [ 20.237243, 48.884896 ], [ 20.237324, 48.884885 ], [ 20.237442, 48.8849 ], [ 20.237585, 48.884914 ], [ 20.237642, 48.884881 ], [ 20.237749, 48.884902 ], [ 20.237886, 48.884935 ], [ 20.237982, 48.884962 ], [ 20.238217, 48.885039 ], [ 20.238444, 48.885088 ], [ 20.238809, 48.885141 ], [ 20.238976, 48.88515 ], [ 20.239103, 48.88513 ], [ 20.239222, 48.885126 ], [ 20.239347, 48.885124 ], [ 20.239481, 48.885122 ], [ 20.239599, 48.885106 ], [ 20.239739, 48.885049 ], [ 20.239911, 48.884956 ], [ 20.240058, 48.884992 ], [ 20.240237, 48.88498 ], [ 20.240491, 48.884916 ], [ 20.240868, 48.884986 ], [ 20.24126, 48.885052 ], [ 20.241666, 48.885128 ], [ 20.24219, 48.885141 ], [ 20.242804, 48.885387 ], [ 20.243045, 48.885469 ], [ 20.243338, 48.885546 ], [ 20.243679, 48.885449 ], [ 20.244034, 48.88529 ], [ 20.244281, 48.885247 ], [ 20.244585, 48.88525 ], [ 20.2451, 48.885159 ], [ 20.245457, 48.884962 ], [ 20.24552, 48.884866 ], [ 20.245529, 48.884739 ], [ 20.245715, 48.884712 ], [ 20.245801, 48.884639 ], [ 20.245901, 48.884618 ], [ 20.24608, 48.884677 ], [ 20.246485, 48.884688 ], [ 20.246575, 48.88477 ], [ 20.246783, 48.884804 ], [ 20.247216, 48.884536 ], [ 20.247592, 48.884461 ], [ 20.247656, 48.884438 ], [ 20.247729, 48.884399 ], [ 20.247834, 48.884313 ], [ 20.24812, 48.884175 ], [ 20.24821, 48.883948 ], [ 20.24838, 48.883827 ], [ 20.248738, 48.88373 ], [ 20.248992, 48.883696 ], [ 20.249327, 48.883797 ], [ 20.249415, 48.883787 ], [ 20.249852, 48.8835 ], [ 20.249972, 48.883347 ], [ 20.250167, 48.88296 ], [ 20.250902, 48.882746 ], [ 20.250949, 48.882633 ], [ 20.250987, 48.88254 ], [ 20.251208, 48.882516 ], [ 20.251252, 48.882426 ], [ 20.251249, 48.882186 ], [ 20.251441, 48.882129 ], [ 20.251493, 48.882086 ], [ 20.251689, 48.881853 ], [ 20.251707, 48.881606 ], [ 20.251761, 48.881401 ], [ 20.252009, 48.88126 ], [ 20.25221, 48.881115 ], [ 20.252461, 48.881008 ], [ 20.252608, 48.880825 ], [ 20.252776, 48.88067 ], [ 20.253073, 48.88042 ], [ 20.254028, 48.880088 ], [ 20.254162, 48.879952 ], [ 20.254254, 48.879912 ], [ 20.254391, 48.87989 ], [ 20.254479, 48.87991 ], [ 20.254859, 48.88017 ], [ 20.255062, 48.880298 ], [ 20.255162, 48.880342 ], [ 20.255287, 48.880352 ], [ 20.25563, 48.880221 ], [ 20.255926, 48.880166 ], [ 20.256569, 48.879975 ], [ 20.256777, 48.879777 ], [ 20.257014, 48.879658 ], [ 20.257454, 48.879636 ], [ 20.258226, 48.879501 ], [ 20.259122, 48.87876 ], [ 20.259491, 48.878494 ], [ 20.259663, 48.878388 ], [ 20.259891, 48.878165 ], [ 20.260381, 48.877611 ], [ 20.260989, 48.877149 ], [ 20.261795, 48.876466 ], [ 20.26277, 48.875777 ], [ 20.263138, 48.87567 ], [ 20.26351, 48.875532 ], [ 20.264056, 48.875356 ], [ 20.264437, 48.875206 ], [ 20.264924, 48.87505 ], [ 20.265726, 48.874861 ], [ 20.266623, 48.874576 ], [ 20.267459, 48.874075 ], [ 20.268067, 48.873747 ], [ 20.268474, 48.873685 ], [ 20.268526, 48.873681 ], [ 20.268598, 48.873645 ], [ 20.268774, 48.873319 ], [ 20.268921, 48.873221 ], [ 20.269257, 48.873098 ], [ 20.269496, 48.873097 ], [ 20.270041, 48.872891 ], [ 20.270085, 48.872867 ], [ 20.27019, 48.872782 ], [ 20.270442, 48.872702 ], [ 20.270633, 48.872734 ], [ 20.270678, 48.872723 ], [ 20.270794, 48.87262 ], [ 20.270888, 48.872399 ], [ 20.270957, 48.872271 ], [ 20.2712, 48.872067 ], [ 20.27156, 48.87196 ], [ 20.272011, 48.871886 ], [ 20.272439, 48.871885 ], [ 20.272554, 48.871907 ], [ 20.272599, 48.871987 ], [ 20.272638, 48.872001 ], [ 20.272693, 48.872 ], [ 20.27272, 48.871974 ], [ 20.272855, 48.871869 ], [ 20.272939, 48.871807 ], [ 20.273406, 48.87174 ], [ 20.273486, 48.871731 ], [ 20.273992, 48.871764 ], [ 20.274379, 48.871701 ], [ 20.274549, 48.871725 ], [ 20.274643, 48.871819 ], [ 20.275021, 48.871862 ], [ 20.27507, 48.871848 ], [ 20.275307, 48.871697 ], [ 20.275444, 48.871522 ], [ 20.275593, 48.871425 ], [ 20.27602, 48.871347 ], [ 20.276385, 48.87108 ], [ 20.276604, 48.871008 ], [ 20.276908, 48.871015 ], [ 20.277183, 48.871102 ], [ 20.277318, 48.871303 ], [ 20.277316, 48.871463 ], [ 20.277425, 48.871589 ], [ 20.277735, 48.871727 ], [ 20.278176, 48.871792 ], [ 20.278298, 48.87189 ], [ 20.278305, 48.87202 ], [ 20.278199, 48.872282 ], [ 20.278223, 48.872448 ], [ 20.278409, 48.872535 ], [ 20.279256, 48.872468 ], [ 20.279415, 48.872363 ], [ 20.279511, 48.87219 ], [ 20.279676, 48.872128 ], [ 20.2799, 48.87215 ], [ 20.280035, 48.872363 ], [ 20.28016, 48.872407 ], [ 20.280203, 48.872411 ], [ 20.280334, 48.872365 ], [ 20.280459, 48.872281 ], [ 20.280576, 48.872292 ], [ 20.280574, 48.872293 ], [ 20.280605, 48.872306 ], [ 20.28078, 48.872475 ], [ 20.280828, 48.872747 ], [ 20.281079, 48.872812 ], [ 20.281692, 48.872851 ], [ 20.282046, 48.872916 ], [ 20.282309, 48.8729 ], [ 20.282542, 48.872979 ], [ 20.28255, 48.873049 ], [ 20.282354, 48.873177 ], [ 20.28235, 48.873329 ], [ 20.282454, 48.87336 ], [ 20.282897, 48.873351 ], [ 20.283355, 48.873272 ], [ 20.283491, 48.873319 ], [ 20.283479, 48.873448 ], [ 20.283356, 48.873704 ], [ 20.283361, 48.873734 ], [ 20.283491, 48.873806 ], [ 20.283974, 48.873956 ], [ 20.284836, 48.874138 ], [ 20.284863, 48.874143 ], [ 20.284909, 48.874152 ], [ 20.284951, 48.874178 ], [ 20.285444, 48.874481 ], [ 20.287151, 48.875238 ], [ 20.287642, 48.875446 ], [ 20.287862, 48.875536 ], [ 20.287949, 48.875565 ], [ 20.288194, 48.875623 ], [ 20.288265, 48.875629 ], [ 20.288382, 48.875643 ], [ 20.288574, 48.875652 ], [ 20.288631, 48.875684 ], [ 20.288838, 48.87566 ], [ 20.288828, 48.875699 ], [ 20.288811, 48.875766 ], [ 20.288786, 48.875859 ], [ 20.28876, 48.875962 ], [ 20.288726, 48.876092 ], [ 20.28873, 48.876185 ], [ 20.28875, 48.876647 ], [ 20.288781, 48.877318 ], [ 20.288874, 48.880566 ], [ 20.289032, 48.882464 ], [ 20.289281, 48.883056 ], [ 20.289043, 48.883772 ], [ 20.288794, 48.884351 ], [ 20.289071, 48.885494 ], [ 20.289592, 48.885619 ], [ 20.290015, 48.885814 ], [ 20.291307, 48.886741 ], [ 20.292226, 48.887234 ], [ 20.29305, 48.887644 ], [ 20.293711, 48.888266 ], [ 20.293978, 48.88844 ], [ 20.294329, 48.888553 ], [ 20.2955, 48.888865 ], [ 20.295538, 48.888864 ], [ 20.295544, 48.889245 ], [ 20.295629, 48.889523 ], [ 20.295777, 48.889697 ], [ 20.296147, 48.890034 ], [ 20.296371, 48.890273 ], [ 20.296563, 48.890459 ], [ 20.296623, 48.890577 ], [ 20.296726, 48.89066 ], [ 20.296782, 48.890801 ], [ 20.296879, 48.89095 ], [ 20.297337, 48.891368 ], [ 20.297596, 48.891578 ], [ 20.297729, 48.89165 ], [ 20.297725, 48.891659 ], [ 20.297857, 48.891782 ], [ 20.297849, 48.891803 ], [ 20.297815, 48.89191 ], [ 20.29755, 48.891834 ], [ 20.296977, 48.891831 ], [ 20.296801, 48.891766 ], [ 20.296615, 48.891844 ], [ 20.296263, 48.891801 ], [ 20.296182, 48.891759 ], [ 20.296071, 48.89176 ], [ 20.295713, 48.891812 ], [ 20.295538, 48.891978 ], [ 20.295594, 48.892153 ], [ 20.295286, 48.892287 ], [ 20.295119, 48.892492 ], [ 20.295021, 48.892522 ], [ 20.294953, 48.892681 ], [ 20.294873, 48.892651 ], [ 20.294577, 48.89293 ], [ 20.294295, 48.893055 ], [ 20.29409, 48.893179 ], [ 20.293909, 48.893227 ], [ 20.293746, 48.893322 ], [ 20.293451, 48.893579 ], [ 20.293205, 48.893725 ], [ 20.292968, 48.893838 ], [ 20.29284, 48.893893 ], [ 20.292822, 48.89391 ], [ 20.293053, 48.894066 ], [ 20.29424, 48.894878 ], [ 20.295026, 48.895274 ], [ 20.29555, 48.895514 ], [ 20.294165, 48.896713 ], [ 20.293939, 48.896916 ], [ 20.294111, 48.896996 ], [ 20.294313, 48.897123 ], [ 20.294301, 48.897849 ], [ 20.294958, 48.898881 ], [ 20.295201, 48.899204 ], [ 20.295259, 48.899287 ], [ 20.296428, 48.899958 ], [ 20.296425, 48.90007 ], [ 20.298189, 48.899889 ], [ 20.298343, 48.900086 ], [ 20.298911, 48.900482 ], [ 20.299057, 48.900699 ], [ 20.298998, 48.900965 ], [ 20.298753, 48.901459 ], [ 20.298877, 48.901613 ], [ 20.299463, 48.901919 ], [ 20.299955, 48.902092 ], [ 20.300009, 48.90226 ], [ 20.300921, 48.902817 ], [ 20.301157, 48.902892 ], [ 20.301744, 48.902981 ], [ 20.302293, 48.903028 ], [ 20.302522, 48.903108 ], [ 20.302712, 48.903287 ], [ 20.303093, 48.903431 ], [ 20.303258, 48.903566 ], [ 20.303743, 48.904294 ], [ 20.304583, 48.904951 ], [ 20.304921, 48.905081 ], [ 20.304901, 48.905389 ], [ 20.304981, 48.906438 ], [ 20.304877, 48.906592 ], [ 20.305435, 48.90695 ], [ 20.306477, 48.907395 ], [ 20.307598, 48.906844 ], [ 20.308186, 48.906676 ], [ 20.309151, 48.906245 ], [ 20.309403, 48.905987 ], [ 20.3103, 48.905602 ], [ 20.310509, 48.905592 ], [ 20.310641, 48.905583 ], [ 20.311629, 48.905608 ], [ 20.312085, 48.905679 ], [ 20.312642, 48.905736 ], [ 20.312887, 48.905705 ], [ 20.312946, 48.905707 ], [ 20.313059, 48.905636 ], [ 20.313548, 48.905519 ], [ 20.313685, 48.905392 ], [ 20.313762, 48.905362 ], [ 20.31415, 48.90523 ], [ 20.315024, 48.905023 ], [ 20.315189, 48.90519 ], [ 20.315842, 48.905206 ], [ 20.32437, 48.903421 ], [ 20.324439, 48.903515 ], [ 20.324405, 48.903543 ], [ 20.324327, 48.903647 ], [ 20.324295, 48.90384 ], [ 20.324312, 48.90399 ], [ 20.32431, 48.904088 ], [ 20.324289, 48.904246 ], [ 20.324233, 48.904347 ], [ 20.324268, 48.904417 ], [ 20.32435, 48.904484 ], [ 20.324375, 48.904558 ], [ 20.324743, 48.904902 ], [ 20.324769, 48.904993 ], [ 20.324795, 48.905066 ], [ 20.324772, 48.905064 ], [ 20.324594, 48.905642 ], [ 20.324568, 48.905819 ], [ 20.324617, 48.906035 ], [ 20.324703, 48.90619 ], [ 20.324952, 48.906481 ], [ 20.325292, 48.906601 ], [ 20.325541, 48.906667 ], [ 20.325653, 48.906727 ], [ 20.325751, 48.906844 ], [ 20.326065, 48.907118 ], [ 20.326197, 48.907189 ], [ 20.326329, 48.907233 ], [ 20.326399, 48.90722 ], [ 20.326442, 48.907201 ], [ 20.326461, 48.907185 ], [ 20.326542, 48.907054 ], [ 20.326885, 48.907116 ], [ 20.326948, 48.907315 ], [ 20.327085, 48.907463 ], [ 20.32715, 48.907524 ], [ 20.327316, 48.907544 ], [ 20.327402, 48.907598 ], [ 20.327606, 48.907979 ], [ 20.327668, 48.90802 ], [ 20.327665, 48.908071 ], [ 20.327427, 48.908561 ], [ 20.327497, 48.908727 ], [ 20.327856, 48.908761 ], [ 20.328033, 48.908845 ], [ 20.328145, 48.908972 ], [ 20.328767, 48.90925 ], [ 20.328852, 48.90937 ], [ 20.329024, 48.909477 ], [ 20.329497, 48.909636 ], [ 20.329626, 48.909777 ], [ 20.329864, 48.909852 ], [ 20.330255, 48.910048 ], [ 20.330358, 48.910087 ], [ 20.3307, 48.910109 ], [ 20.330982, 48.910098 ], [ 20.331118, 48.910164 ], [ 20.331444, 48.91019 ], [ 20.331729, 48.910474 ], [ 20.331642, 48.910668 ], [ 20.332692, 48.911142 ], [ 20.332922, 48.911261 ], [ 20.333162, 48.911303 ], [ 20.333354, 48.911437 ], [ 20.33379, 48.911596 ], [ 20.333823, 48.911765 ], [ 20.33414, 48.912019 ], [ 20.334076, 48.912267 ], [ 20.334328, 48.912396 ], [ 20.334502, 48.912703 ], [ 20.334417, 48.912798 ], [ 20.334414, 48.912912 ], [ 20.334493, 48.91288 ], [ 20.334595, 48.912893 ], [ 20.335035, 48.913077 ], [ 20.335297, 48.913321 ], [ 20.335381, 48.913528 ], [ 20.335296, 48.913953 ], [ 20.335476, 48.91417 ], [ 20.335577, 48.914349 ], [ 20.335839, 48.914464 ], [ 20.336642, 48.914436 ], [ 20.336779, 48.914479 ], [ 20.336883, 48.914704 ], [ 20.336934, 48.914809 ], [ 20.336963, 48.914951 ], [ 20.33732, 48.915294 ], [ 20.337606, 48.915308 ], [ 20.337772, 48.915495 ], [ 20.338077, 48.915562 ], [ 20.338452, 48.915499 ], [ 20.338665, 48.915714 ], [ 20.339161, 48.915782 ], [ 20.339334, 48.915918 ], [ 20.339445, 48.916225 ], [ 20.339462, 48.916531 ], [ 20.33951, 48.916751 ], [ 20.339498, 48.916873 ], [ 20.33954, 48.917003 ], [ 20.339797, 48.917145 ], [ 20.339913, 48.917402 ], [ 20.339782, 48.917766 ], [ 20.339783, 48.917865 ], [ 20.339651, 48.918113 ], [ 20.339528, 48.918203 ], [ 20.339413, 48.918503 ], [ 20.33944, 48.918578 ], [ 20.339601, 48.918889 ], [ 20.339431, 48.91915 ], [ 20.33942, 48.919192 ], [ 20.339586, 48.919367 ], [ 20.3399, 48.919598 ], [ 20.340305, 48.919831 ], [ 20.340537, 48.920313 ], [ 20.340668, 48.920527 ], [ 20.340904, 48.92073 ], [ 20.341259, 48.920976 ], [ 20.34134, 48.922608 ], [ 20.34185, 48.92311 ], [ 20.341971, 48.923449 ], [ 20.342175, 48.923589 ], [ 20.342268, 48.923662 ], [ 20.342164, 48.923746 ], [ 20.342148, 48.92391 ], [ 20.34198, 48.924292 ], [ 20.341905, 48.924345 ], [ 20.341296, 48.924523 ], [ 20.341253, 48.924543 ], [ 20.341113, 48.924621 ], [ 20.341089, 48.924702 ], [ 20.341093, 48.924769 ], [ 20.341263, 48.925144 ], [ 20.34126, 48.92519 ], [ 20.341232, 48.925242 ], [ 20.341194, 48.925272 ], [ 20.341143, 48.92529 ], [ 20.340865, 48.925364 ], [ 20.340476, 48.925416 ], [ 20.340296, 48.925422 ], [ 20.33995, 48.925542 ], [ 20.339826, 48.925639 ], [ 20.339665, 48.925881 ], [ 20.339343, 48.92619 ], [ 20.338937, 48.926374 ], [ 20.338644, 48.926514 ], [ 20.338554, 48.926591 ], [ 20.338415, 48.926708 ], [ 20.338371, 48.926829 ], [ 20.338362, 48.926875 ], [ 20.338362, 48.92699 ], [ 20.33845, 48.92715 ], [ 20.338506, 48.927509 ], [ 20.3386, 48.927743 ], [ 20.338601, 48.927837 ], [ 20.338575, 48.927932 ], [ 20.338543, 48.927957 ], [ 20.338256, 48.928102 ], [ 20.337659, 48.928232 ], [ 20.337568, 48.928284 ], [ 20.337499, 48.928339 ], [ 20.337463, 48.928378 ], [ 20.337351, 48.92855 ], [ 20.337097, 48.928763 ], [ 20.336553, 48.929051 ], [ 20.336421, 48.929173 ], [ 20.336315, 48.92931 ], [ 20.336253, 48.929447 ], [ 20.336216, 48.929587 ], [ 20.33632, 48.929829 ], [ 20.336282, 48.930036 ], [ 20.336175, 48.930236 ], [ 20.335746, 48.930583 ], [ 20.335711, 48.93061 ], [ 20.33528, 48.930844 ], [ 20.335102, 48.931149 ], [ 20.335093, 48.931186 ], [ 20.335068, 48.93122 ], [ 20.334445, 48.931736 ], [ 20.33427, 48.931938 ], [ 20.334247, 48.93199 ], [ 20.334252, 48.932196 ], [ 20.334385, 48.932586 ], [ 20.334275, 48.932597 ], [ 20.334208, 48.932781 ], [ 20.334091, 48.932812 ], [ 20.333935, 48.932853 ], [ 20.333623, 48.932934 ], [ 20.333396, 48.933029 ], [ 20.333329, 48.933058 ], [ 20.333257, 48.933088 ], [ 20.333178, 48.933121 ], [ 20.333159, 48.933129 ], [ 20.333201, 48.933149 ], [ 20.333281, 48.933187 ], [ 20.333326, 48.933209 ], [ 20.333315, 48.933222 ], [ 20.333288, 48.933252 ], [ 20.33328, 48.933262 ], [ 20.333254, 48.93329 ], [ 20.333048, 48.933357 ], [ 20.332607, 48.933351 ], [ 20.332139, 48.93331 ], [ 20.331851, 48.933292 ], [ 20.330458, 48.933557 ], [ 20.330131, 48.933648 ], [ 20.329977, 48.933722 ], [ 20.329102, 48.934007 ], [ 20.329009, 48.933979 ], [ 20.328613, 48.934188 ], [ 20.328407, 48.934355 ], [ 20.328202, 48.934472 ], [ 20.32798, 48.934574 ], [ 20.327764, 48.934687 ], [ 20.327555, 48.934719 ], [ 20.326533, 48.934781 ], [ 20.326228, 48.934896 ], [ 20.326154, 48.935075 ], [ 20.326026, 48.935212 ], [ 20.326029, 48.935223 ], [ 20.325711, 48.935279 ], [ 20.325316, 48.93522 ], [ 20.324893, 48.935249 ], [ 20.324615, 48.935365 ], [ 20.32428, 48.935549 ], [ 20.323973, 48.935788 ], [ 20.323814, 48.935899 ], [ 20.323676, 48.935947 ], [ 20.323408, 48.935988 ], [ 20.323322, 48.935992 ], [ 20.323104, 48.935939 ], [ 20.32279, 48.93583 ], [ 20.322604, 48.935686 ], [ 20.322221, 48.935449 ], [ 20.322081, 48.935406 ], [ 20.321822, 48.935224 ], [ 20.321712, 48.935178 ], [ 20.321149, 48.934887 ], [ 20.321028, 48.934799 ], [ 20.320782, 48.934616 ], [ 20.320649, 48.934538 ], [ 20.320509, 48.934482 ], [ 20.320188, 48.934439 ], [ 20.320061, 48.934452 ], [ 20.319876, 48.934477 ], [ 20.31966, 48.934485 ], [ 20.318984, 48.934554 ], [ 20.318405, 48.934418 ], [ 20.318236, 48.934371 ], [ 20.318021, 48.934312 ], [ 20.317747, 48.934206 ], [ 20.317571, 48.934087 ], [ 20.317412, 48.933996 ], [ 20.317277, 48.933901 ], [ 20.317091, 48.933718 ], [ 20.316805, 48.933571 ], [ 20.316445, 48.933454 ], [ 20.316079, 48.933327 ], [ 20.315706, 48.933237 ], [ 20.314856, 48.933092 ], [ 20.314857, 48.933071 ], [ 20.314009, 48.932496 ], [ 20.313404, 48.932197 ], [ 20.313017, 48.932138 ], [ 20.312686, 48.93216 ], [ 20.312452, 48.932079 ], [ 20.312269, 48.931977 ], [ 20.312172, 48.931842 ], [ 20.311409, 48.931545 ], [ 20.310895, 48.93146 ], [ 20.310692, 48.932049 ], [ 20.310065, 48.932364 ], [ 20.309775, 48.932293 ], [ 20.308833, 48.932495 ], [ 20.308162, 48.932844 ], [ 20.30719, 48.932884 ], [ 20.306552, 48.933276 ], [ 20.306689, 48.933799 ], [ 20.306205, 48.934295 ], [ 20.305832, 48.934664 ], [ 20.305617, 48.934818 ], [ 20.305438, 48.935029 ], [ 20.304944, 48.935179 ], [ 20.304749, 48.935365 ], [ 20.304218, 48.936109 ], [ 20.304179, 48.936093 ], [ 20.304087, 48.935945 ], [ 20.303859, 48.93596 ], [ 20.302911, 48.935897 ], [ 20.302914, 48.93588 ], [ 20.302542, 48.935783 ], [ 20.302507, 48.935724 ], [ 20.30228, 48.935453 ], [ 20.302133, 48.935346 ], [ 20.302093, 48.935298 ], [ 20.30205, 48.935215 ], [ 20.301939, 48.935065 ], [ 20.301803, 48.934959 ], [ 20.301768, 48.934807 ], [ 20.301676, 48.934744 ], [ 20.301552, 48.934702 ], [ 20.301238, 48.934624 ], [ 20.300602, 48.934506 ], [ 20.300368, 48.934443 ], [ 20.300197, 48.934414 ], [ 20.29995, 48.934455 ], [ 20.299757, 48.934498 ], [ 20.299557, 48.934466 ], [ 20.299182, 48.934443 ], [ 20.299087, 48.934465 ], [ 20.298944, 48.93455 ], [ 20.298783, 48.934605 ], [ 20.298623, 48.934642 ], [ 20.298537, 48.934695 ], [ 20.298248, 48.935074 ], [ 20.2979, 48.935413 ], [ 20.297691, 48.93547 ], [ 20.297159, 48.935753 ], [ 20.29687, 48.936073 ], [ 20.296762, 48.936628 ], [ 20.296701, 48.936689 ], [ 20.296336, 48.936953 ], [ 20.296261, 48.937065 ], [ 20.296243, 48.93714 ], [ 20.296317, 48.937307 ], [ 20.296506, 48.937544 ], [ 20.296808, 48.938047 ], [ 20.297348, 48.938623 ], [ 20.297639, 48.938894 ], [ 20.297623, 48.9389 ], [ 20.297703, 48.939505 ], [ 20.297622, 48.939765 ], [ 20.297834, 48.939961 ], [ 20.296992, 48.940841 ], [ 20.297016, 48.940903 ], [ 20.297083, 48.940935 ], [ 20.297133, 48.941003 ], [ 20.297209, 48.941048 ], [ 20.297646, 48.941321 ], [ 20.297812, 48.941441 ], [ 20.298396, 48.941732 ], [ 20.299076, 48.942239 ], [ 20.299437, 48.942833 ], [ 20.299531, 48.943126 ], [ 20.299727, 48.943223 ], [ 20.299828, 48.943429 ], [ 20.299923, 48.943531 ], [ 20.300037, 48.943732 ], [ 20.300117, 48.943947 ], [ 20.300375, 48.944383 ], [ 20.3007, 48.945014 ], [ 20.300721, 48.945071 ], [ 20.300912, 48.945178 ], [ 20.301321, 48.945204 ], [ 20.302015, 48.94543 ], [ 20.302895, 48.945582 ], [ 20.303092, 48.945769 ], [ 20.303532, 48.946051 ], [ 20.3036, 48.946064 ], [ 20.304514, 48.946203 ], [ 20.304635, 48.946315 ], [ 20.30518, 48.946533 ], [ 20.305164, 48.946544 ], [ 20.305539, 48.946717 ], [ 20.30582, 48.946781 ], [ 20.306467, 48.946985 ], [ 20.307316, 48.947354 ], [ 20.30786, 48.947519 ], [ 20.308, 48.947592 ], [ 20.308225, 48.947787 ], [ 20.308435, 48.947832 ], [ 20.308878, 48.948006 ], [ 20.309648, 48.948445 ], [ 20.310171, 48.948631 ], [ 20.310549, 48.94876 ], [ 20.310566, 48.948747 ], [ 20.311454, 48.949008 ], [ 20.311773, 48.94922 ], [ 20.312405, 48.949731 ], [ 20.312626, 48.950037 ], [ 20.312938, 48.950319 ], [ 20.313196, 48.950627 ], [ 20.313176, 48.950775 ], [ 20.312879, 48.951291 ], [ 20.312866, 48.951313 ], [ 20.312859, 48.951326 ], [ 20.312756, 48.951346 ], [ 20.312613, 48.951403 ], [ 20.312501, 48.95146 ], [ 20.312428, 48.95154 ], [ 20.31245, 48.951642 ], [ 20.312572, 48.951753 ], [ 20.312671, 48.952032 ], [ 20.312791, 48.952274 ], [ 20.313102, 48.952648 ], [ 20.313372, 48.953171 ], [ 20.31363, 48.953575 ], [ 20.313967, 48.953954 ], [ 20.314457, 48.954368 ], [ 20.314524, 48.954486 ], [ 20.314617, 48.954691 ], [ 20.31465, 48.954805 ], [ 20.314658, 48.954875 ], [ 20.314565, 48.955157 ], [ 20.314559, 48.955175 ], [ 20.314564, 48.95519 ], [ 20.314571, 48.955211 ], [ 20.314678, 48.955323 ], [ 20.314864, 48.955373 ], [ 20.314996, 48.955439 ], [ 20.315278, 48.955774 ], [ 20.315441, 48.95588 ], [ 20.315773, 48.955956 ], [ 20.315822, 48.955975 ], [ 20.315961, 48.956035 ], [ 20.316144, 48.956217 ], [ 20.316147, 48.956198 ], [ 20.316177, 48.956224 ], [ 20.316267, 48.956301 ], [ 20.316466, 48.956437 ], [ 20.316711, 48.956512 ], [ 20.317118, 48.956591 ], [ 20.317337, 48.956716 ], [ 20.317465, 48.956743 ], [ 20.317877, 48.956789 ], [ 20.318509, 48.957076 ], [ 20.31897, 48.957294 ], [ 20.319184, 48.957503 ], [ 20.319575, 48.957713 ], [ 20.31975, 48.957753 ], [ 20.320321, 48.957801 ], [ 20.320579, 48.95778 ], [ 20.321577, 48.958012 ], [ 20.32139, 48.958257 ], [ 20.321096, 48.958574 ], [ 20.320859, 48.958934 ], [ 20.320707, 48.959169 ], [ 20.320632, 48.959244 ], [ 20.320103, 48.959464 ], [ 20.319982, 48.959564 ], [ 20.319998, 48.95957 ], [ 20.320628, 48.959715 ], [ 20.32084, 48.959752 ], [ 20.321027, 48.959742 ], [ 20.32123, 48.959749 ], [ 20.32131, 48.959785 ], [ 20.321483, 48.959832 ], [ 20.321628, 48.959903 ], [ 20.321929, 48.959993 ], [ 20.321973, 48.960039 ], [ 20.322358, 48.96016 ], [ 20.322427, 48.960203 ], [ 20.322544, 48.96023 ], [ 20.32266, 48.96033 ], [ 20.322811, 48.960366 ], [ 20.323102, 48.960523 ], [ 20.3235, 48.960772 ], [ 20.32356, 48.960872 ], [ 20.323663, 48.960904 ], [ 20.323697, 48.961027 ], [ 20.323934, 48.961276 ], [ 20.324089, 48.961352 ], [ 20.324192, 48.961417 ], [ 20.32426, 48.961471 ], [ 20.324321, 48.961542 ], [ 20.324446, 48.961634 ], [ 20.324826, 48.961849 ], [ 20.32497, 48.96202 ], [ 20.32511, 48.962205 ], [ 20.32535, 48.962276 ], [ 20.325407, 48.962456 ], [ 20.325513, 48.962555 ], [ 20.325685, 48.962666 ], [ 20.325781, 48.962791 ], [ 20.325873, 48.962878 ], [ 20.326079, 48.963029 ], [ 20.326175, 48.963187 ], [ 20.32612, 48.963227 ], [ 20.32616, 48.96345 ], [ 20.326552, 48.963542 ], [ 20.326976, 48.963658 ], [ 20.327177, 48.963753 ], [ 20.3272742, 48.9638019 ], [ 20.327513, 48.963922 ], [ 20.327581, 48.964005 ], [ 20.327669, 48.964187 ], [ 20.327744, 48.964307 ], [ 20.327823, 48.964354 ], [ 20.327858, 48.964418 ], [ 20.327939, 48.964471 ], [ 20.328254, 48.964733 ], [ 20.328512, 48.964885 ], [ 20.328631, 48.964896 ], [ 20.328659, 48.964985 ], [ 20.329035, 48.965112 ], [ 20.329105, 48.96515 ], [ 20.329204, 48.965258 ], [ 20.329461, 48.965402 ], [ 20.329928, 48.965431 ], [ 20.330041, 48.965443 ], [ 20.330025, 48.965468 ], [ 20.330672, 48.965922 ], [ 20.331414, 48.966433 ], [ 20.331393, 48.966458 ], [ 20.331393, 48.966472 ], [ 20.331745, 48.966467 ], [ 20.332633, 48.966387 ], [ 20.332812, 48.966384 ], [ 20.333006, 48.966384 ], [ 20.333592, 48.966335 ], [ 20.334338, 48.966298 ], [ 20.33437, 48.966301 ], [ 20.33478, 48.966377 ], [ 20.335198, 48.966344 ], [ 20.335675, 48.966332 ], [ 20.336072, 48.966286 ], [ 20.336208, 48.966267 ], [ 20.336691, 48.96628 ], [ 20.336846, 48.966266 ], [ 20.337255, 48.966216 ], [ 20.337747, 48.966171 ], [ 20.338028, 48.96618 ], [ 20.338154, 48.966193 ], [ 20.338308, 48.966165 ], [ 20.338471, 48.966143 ], [ 20.338744, 48.966115 ], [ 20.339105, 48.966083 ], [ 20.339266, 48.966066 ], [ 20.339639, 48.966001 ], [ 20.339852, 48.965961 ], [ 20.339998, 48.965937 ], [ 20.34027, 48.965887 ], [ 20.340393, 48.965897 ], [ 20.340704, 48.965996 ], [ 20.341213, 48.966151 ], [ 20.341274, 48.966191 ], [ 20.341427, 48.966315 ], [ 20.341496, 48.966397 ], [ 20.341506, 48.966416 ], [ 20.341529, 48.966652 ], [ 20.341537, 48.966778 ], [ 20.341827, 48.967307 ], [ 20.341838, 48.967338 ], [ 20.341879, 48.967486 ], [ 20.341955, 48.967594 ], [ 20.342039, 48.967671 ], [ 20.342477, 48.967893 ], [ 20.342757, 48.968029 ], [ 20.343154, 48.968157 ], [ 20.343255, 48.968243 ], [ 20.343427, 48.968367 ], [ 20.343577, 48.968452 ], [ 20.343887, 48.968564 ], [ 20.344058, 48.968692 ], [ 20.34439, 48.969032 ], [ 20.344684, 48.969276 ], [ 20.344893, 48.969395 ], [ 20.345328, 48.969562 ], [ 20.346389, 48.969826 ], [ 20.346636, 48.96993 ], [ 20.346654, 48.96992 ], [ 20.34669, 48.969915 ], [ 20.346707, 48.969919 ], [ 20.346874, 48.969966 ], [ 20.34714, 48.970082 ], [ 20.347402, 48.970135 ], [ 20.347601, 48.97024 ], [ 20.348004, 48.97133 ], [ 20.348043, 48.97165 ], [ 20.347949, 48.972359 ], [ 20.347948, 48.972699 ], [ 20.34796, 48.972713 ], [ 20.347947, 48.972771 ], [ 20.349121, 48.973689 ], [ 20.350611, 48.974279 ], [ 20.350973, 48.974398 ], [ 20.351022, 48.974449 ], [ 20.351188, 48.97462 ], [ 20.35158, 48.974853 ], [ 20.35246, 48.975305 ], [ 20.353109, 48.975632 ], [ 20.353118, 48.975637 ], [ 20.35315, 48.975651 ], [ 20.353173, 48.975664 ], [ 20.353462, 48.975786 ], [ 20.353866, 48.975942 ], [ 20.354323, 48.976174 ], [ 20.354404, 48.976157 ], [ 20.35456, 48.9762 ], [ 20.354821, 48.976303 ], [ 20.355457, 48.976612 ], [ 20.356154, 48.976874 ], [ 20.356999, 48.977189 ], [ 20.357307, 48.977341 ], [ 20.35765, 48.97743 ], [ 20.357635, 48.977437 ], [ 20.359167, 48.977844 ], [ 20.360134, 48.978167 ], [ 20.360963, 48.978406 ], [ 20.361001, 48.978417 ], [ 20.361239, 48.978485 ], [ 20.361539, 48.97858 ], [ 20.361988, 48.978739 ], [ 20.362635, 48.979042 ], [ 20.363375, 48.979311 ], [ 20.363651, 48.979466 ], [ 20.364183, 48.979685 ], [ 20.36431, 48.97987 ], [ 20.364831, 48.980154 ], [ 20.365593, 48.980503 ], [ 20.365956, 48.980672 ], [ 20.366383, 48.980883 ], [ 20.366479, 48.980933 ], [ 20.367111, 48.981294 ], [ 20.367109, 48.981316 ], [ 20.367301, 48.981246 ], [ 20.367566, 48.981156 ], [ 20.367692, 48.981073 ], [ 20.367801, 48.981052 ], [ 20.367912, 48.981019 ], [ 20.368016, 48.980981 ], [ 20.368102, 48.980921 ], [ 20.368211, 48.98088 ], [ 20.368714, 48.980696 ], [ 20.369136, 48.980557 ], [ 20.369843, 48.980483 ], [ 20.36998, 48.980587 ], [ 20.37011, 48.980634 ], [ 20.370126, 48.980634 ], [ 20.370219, 48.980629 ], [ 20.370418, 48.980436 ], [ 20.370681, 48.980465 ], [ 20.370906, 48.980523 ], [ 20.370958, 48.980586 ], [ 20.371097, 48.980585 ], [ 20.371156, 48.980695 ], [ 20.371317, 48.980682 ], [ 20.371369, 48.980634 ], [ 20.37136, 48.980577 ], [ 20.371395, 48.980561 ], [ 20.371628, 48.980581 ], [ 20.371641, 48.980691 ], [ 20.371546, 48.980706 ], [ 20.371616, 48.980808 ], [ 20.371616, 48.980851 ], [ 20.371766, 48.980893 ], [ 20.371877, 48.980816 ], [ 20.371936, 48.980855 ], [ 20.371971, 48.980849 ], [ 20.372084, 48.980828 ], [ 20.372162, 48.980888 ], [ 20.372286, 48.980798 ], [ 20.372432, 48.980783 ], [ 20.372452, 48.980806 ], [ 20.372505, 48.980751 ], [ 20.372555, 48.980726 ], [ 20.372599, 48.980742 ], [ 20.372707, 48.980703 ], [ 20.372808, 48.980761 ], [ 20.373011, 48.980699 ], [ 20.373075, 48.980757 ], [ 20.373214, 48.980751 ], [ 20.373264, 48.980777 ], [ 20.373226, 48.980859 ], [ 20.373289, 48.980876 ], [ 20.373384, 48.980857 ], [ 20.373479, 48.980819 ], [ 20.373537, 48.980831 ], [ 20.373598, 48.980893 ], [ 20.373698, 48.980881 ], [ 20.373698, 48.980985 ], [ 20.373783, 48.981005 ], [ 20.37386, 48.980926 ], [ 20.374073, 48.980862 ], [ 20.374172, 48.980958 ], [ 20.374165, 48.980996 ], [ 20.374106, 48.981015 ], [ 20.374212, 48.981132 ], [ 20.374313, 48.981149 ], [ 20.374322, 48.981162 ], [ 20.374363, 48.98117 ], [ 20.374356, 48.981116 ], [ 20.374306, 48.981065 ], [ 20.374352, 48.981038 ], [ 20.374598, 48.981068 ], [ 20.374894, 48.981057 ], [ 20.374929, 48.98113 ], [ 20.375047, 48.981111 ], [ 20.375285, 48.981249 ], [ 20.375385, 48.981279 ], [ 20.375384, 48.98132 ], [ 20.375383, 48.981351 ], [ 20.375481, 48.981373 ], [ 20.375579, 48.981324 ], [ 20.37562, 48.981262 ], [ 20.375561, 48.981182 ], [ 20.37542, 48.981178 ], [ 20.375446, 48.981116 ], [ 20.37553, 48.981092 ], [ 20.375525, 48.981023 ], [ 20.375676, 48.981081 ], [ 20.375736, 48.981008 ], [ 20.3758, 48.981035 ], [ 20.37587, 48.980985 ], [ 20.375952, 48.980989 ], [ 20.376003, 48.981046 ], [ 20.37617, 48.981049 ], [ 20.376238, 48.980998 ], [ 20.376418, 48.980996 ], [ 20.376504, 48.981076 ], [ 20.376574, 48.980974 ], [ 20.376519, 48.98091 ], [ 20.376609, 48.980849 ], [ 20.376721, 48.980874 ], [ 20.376806, 48.980854 ], [ 20.376831, 48.980811 ], [ 20.376865, 48.980809 ], [ 20.376918, 48.980896 ], [ 20.376838, 48.980946 ], [ 20.377007, 48.981027 ], [ 20.377132, 48.980935 ], [ 20.377303, 48.981045 ], [ 20.377285, 48.981096 ], [ 20.377578, 48.981348 ], [ 20.378094, 48.981664 ], [ 20.378506, 48.981867 ], [ 20.378975, 48.982212 ], [ 20.379291, 48.982366 ], [ 20.380574, 48.98282 ], [ 20.380961, 48.982906 ], [ 20.381932, 48.983074 ], [ 20.382702, 48.983573 ], [ 20.382698, 48.983598 ], [ 20.38255, 48.98407 ], [ 20.382559, 48.98412 ], [ 20.382675, 48.98419 ], [ 20.382684, 48.984333 ], [ 20.382709, 48.98439 ], [ 20.382862, 48.984571 ], [ 20.38305, 48.984607 ], [ 20.383091, 48.984586 ], [ 20.383615, 48.984926 ], [ 20.383778, 48.984939 ], [ 20.383957, 48.985037 ], [ 20.384074, 48.98513 ], [ 20.3840984, 48.9851964 ], [ 20.384135, 48.985296 ], [ 20.384528, 48.985478 ], [ 20.384671, 48.985568 ], [ 20.384817, 48.985692 ], [ 20.385227, 48.985972 ], [ 20.385303, 48.98601 ], [ 20.385593, 48.986098 ], [ 20.385674, 48.986192 ], [ 20.385652, 48.986277 ], [ 20.384956, 48.986769 ], [ 20.384985, 48.986789 ], [ 20.385033, 48.986803 ], [ 20.385057, 48.986811 ], [ 20.385071, 48.986925 ], [ 20.385165, 48.987018 ], [ 20.386364, 48.987839 ], [ 20.38659, 48.987961 ], [ 20.386716, 48.988028 ], [ 20.3867, 48.988039 ], [ 20.387532, 48.98843 ], [ 20.387765, 48.988232 ], [ 20.38825, 48.987823 ], [ 20.389508, 48.988228 ], [ 20.390146, 48.988402 ], [ 20.394344, 48.989374 ], [ 20.395274, 48.989615 ], [ 20.395442, 48.989462 ], [ 20.396725, 48.98979 ], [ 20.397342, 48.989956 ], [ 20.397359, 48.98996 ], [ 20.39738, 48.989965 ], [ 20.398475, 48.990403 ], [ 20.40049, 48.991188 ], [ 20.402861, 48.992097 ], [ 20.403356, 48.991237 ], [ 20.403644, 48.990756 ], [ 20.403897, 48.990221 ], [ 20.404058, 48.989856 ], [ 20.404167, 48.989016 ], [ 20.40418, 48.988711 ], [ 20.404234, 48.988578 ], [ 20.404321, 48.988037 ], [ 20.404333, 48.987933 ], [ 20.404384, 48.987366 ], [ 20.404389, 48.987014 ], [ 20.404248, 48.986048 ], [ 20.403885, 48.985469 ], [ 20.403937, 48.9855 ], [ 20.404306, 48.985696 ], [ 20.404577, 48.986035 ], [ 20.404692, 48.985903 ], [ 20.405429, 48.986631 ], [ 20.405895, 48.987154 ], [ 20.40618, 48.987368 ], [ 20.407224, 48.98792 ], [ 20.407339, 48.987849 ], [ 20.408744, 48.988528 ], [ 20.410199, 48.988929 ], [ 20.411802, 48.989581 ], [ 20.412646, 48.988717 ], [ 20.413792, 48.987577 ], [ 20.413881, 48.987576 ], [ 20.41404, 48.987725 ], [ 20.414324, 48.987896 ], [ 20.414665, 48.988051 ], [ 20.415412, 48.988366 ], [ 20.415805, 48.98858 ], [ 20.416208, 48.988889 ], [ 20.416459, 48.989152 ], [ 20.416899, 48.989597 ], [ 20.4169, 48.989692 ], [ 20.417012, 48.989857 ], [ 20.417035, 48.990009 ], [ 20.41722, 48.990208 ], [ 20.417443, 48.990545 ], [ 20.417995, 48.991155 ], [ 20.418178, 48.991372 ], [ 20.418501, 48.991744 ], [ 20.41854, 48.991781 ], [ 20.41884, 48.99204 ], [ 20.419319, 48.992462 ], [ 20.419535, 48.992655 ], [ 20.420279, 48.993325 ], [ 20.42029, 48.993324 ], [ 20.421286, 48.994488 ], [ 20.422014, 48.995247 ], [ 20.422207, 48.995878 ], [ 20.42229, 48.996057 ], [ 20.422303, 48.996187 ], [ 20.422331, 48.996238 ], [ 20.422362, 48.996326 ], [ 20.422388, 48.996451 ], [ 20.422407, 48.996561 ], [ 20.422433, 48.996874 ], [ 20.422445, 48.99695 ], [ 20.422475, 48.997015 ], [ 20.422519, 48.997097 ], [ 20.422688, 48.997397 ], [ 20.422792, 48.997589 ], [ 20.422848, 48.997664 ], [ 20.422956, 48.997797 ], [ 20.423075, 48.997945 ], [ 20.423167, 48.998048 ], [ 20.423397, 48.998282 ], [ 20.423469, 48.998347 ], [ 20.423559, 48.998442 ], [ 20.423777, 48.998631 ], [ 20.424149, 48.998919 ], [ 20.424854, 48.999466 ], [ 20.425002, 48.999586 ], [ 20.425029, 48.999608 ], [ 20.425475, 49.000091 ], [ 20.425774, 49.000488 ], [ 20.426152, 49.000911 ], [ 20.426377, 49.001181 ], [ 20.426725, 49.00175 ], [ 20.426888, 49.001934 ], [ 20.427035, 49.002055 ], [ 20.427022, 49.002067 ], [ 20.427005, 49.002089 ], [ 20.426836, 49.002666 ], [ 20.427547, 49.002951 ], [ 20.428889, 49.003506 ], [ 20.428985, 49.003263 ], [ 20.429022, 49.003053 ], [ 20.428997, 49.003009 ], [ 20.428822, 49.002849 ], [ 20.428925, 49.002029 ], [ 20.42893, 49.00199 ], [ 20.428979, 49.001689 ], [ 20.428983, 49.00167 ], [ 20.429481, 49.001755 ], [ 20.429711, 49.001772 ], [ 20.429904, 49.001778 ], [ 20.430422, 49.001751 ], [ 20.430908, 49.001678 ], [ 20.432115, 49.0016 ], [ 20.433266, 49.001511 ], [ 20.4333, 49.001511 ], [ 20.433311, 49.000954 ], [ 20.433287, 49.000329 ], [ 20.433287, 48.999921 ], [ 20.433269, 48.999501 ], [ 20.433269, 48.999062 ], [ 20.433175, 48.99819 ], [ 20.433159, 48.99648 ], [ 20.433186, 48.996473 ], [ 20.433213, 48.996477 ], [ 20.433901, 48.996589 ], [ 20.434493, 48.996718 ], [ 20.435207, 48.996908 ], [ 20.435589, 48.997003 ], [ 20.436134, 48.997192 ], [ 20.436469, 48.997286 ], [ 20.438042, 48.997661 ], [ 20.438457, 48.997716 ], [ 20.43868, 48.997718 ], [ 20.438927, 48.997738 ], [ 20.440131, 48.997849 ], [ 20.440475, 48.99793 ], [ 20.440775, 48.998024 ], [ 20.440924, 48.998091 ], [ 20.441412, 48.998318 ], [ 20.44172, 48.998474 ], [ 20.442185, 48.998737 ], [ 20.442201, 48.998746 ], [ 20.442216, 48.998756 ], [ 20.442738, 48.999123 ], [ 20.444443, 49.00008 ], [ 20.444019, 49.000614 ], [ 20.443897, 49.000898 ], [ 20.443796, 49.001212 ], [ 20.443844, 49.001445 ], [ 20.443924, 49.002277 ], [ 20.444001, 49.002599 ], [ 20.444169, 49.003427 ], [ 20.444173, 49.003445 ], [ 20.44319, 49.003409 ], [ 20.443104, 49.003407 ], [ 20.442726, 49.003402 ], [ 20.442153, 49.003355 ], [ 20.441284, 49.003336 ], [ 20.441196, 49.003334 ], [ 20.440973, 49.003338 ], [ 20.440422, 49.003344 ], [ 20.43986, 49.003441 ], [ 20.439392, 49.003484 ], [ 20.439242, 49.003533 ], [ 20.439, 49.003672 ], [ 20.438912, 49.003742 ], [ 20.438658, 49.00395 ], [ 20.438228, 49.004386 ], [ 20.438183, 49.004472 ], [ 20.438082, 49.004663 ], [ 20.438058, 49.004704 ], [ 20.437851, 49.00506 ], [ 20.438045, 49.005415 ], [ 20.438124, 49.005651 ], [ 20.438202, 49.005868 ], [ 20.438277, 49.006147 ], [ 20.438437, 49.006354 ], [ 20.438369, 49.006617 ], [ 20.43829, 49.006743 ], [ 20.438236, 49.006822 ], [ 20.438201, 49.006856 ], [ 20.4381, 49.006954 ], [ 20.4380918, 49.0069672 ], [ 20.438077, 49.006991 ], [ 20.437982, 49.007175 ], [ 20.437954, 49.007251 ], [ 20.437848, 49.007539 ], [ 20.437792, 49.00778 ], [ 20.437783, 49.007994 ], [ 20.437871, 49.00816 ], [ 20.437949, 49.008203 ], [ 20.438686, 49.008602 ], [ 20.438743, 49.008676 ], [ 20.438793, 49.008742 ], [ 20.438907, 49.008895 ], [ 20.43909, 49.009313 ], [ 20.439064, 49.010066 ], [ 20.439515, 49.010393 ], [ 20.439618, 49.010468 ], [ 20.43973, 49.010482 ], [ 20.439843, 49.01047 ], [ 20.439931, 49.010461 ], [ 20.44146, 49.010643 ], [ 20.441606, 49.011078 ], [ 20.441667, 49.0115 ], [ 20.441732, 49.011979 ], [ 20.441755, 49.012224 ], [ 20.441748, 49.012345 ], [ 20.441735, 49.012561 ], [ 20.441696, 49.01272 ], [ 20.4416, 49.013108 ], [ 20.441561, 49.013269 ], [ 20.441554, 49.013385 ], [ 20.441585, 49.013512 ], [ 20.441632, 49.013703 ], [ 20.441678, 49.013894 ], [ 20.441699, 49.013978 ], [ 20.441741, 49.01415 ], [ 20.441748, 49.014177 ], [ 20.441757, 49.014214 ], [ 20.441762, 49.014231 ], [ 20.441806, 49.014396 ], [ 20.441855, 49.014574 ], [ 20.441899, 49.014738 ], [ 20.441906, 49.014763 ], [ 20.44194, 49.01487 ], [ 20.441958, 49.01492 ], [ 20.441996, 49.015019 ], [ 20.442013, 49.015062 ], [ 20.442037, 49.015148 ], [ 20.44202, 49.01515 ], [ 20.441971, 49.01516 ], [ 20.4419, 49.015174 ], [ 20.441875, 49.015178 ], [ 20.441799, 49.015193 ], [ 20.44169, 49.015213 ], [ 20.441655, 49.01522 ], [ 20.441666, 49.01524 ], [ 20.441723, 49.015337 ], [ 20.441731, 49.015351 ], [ 20.441759, 49.015398 ], [ 20.441777, 49.015394 ], [ 20.441881, 49.015371 ], [ 20.441877, 49.015445 ], [ 20.441864, 49.01553 ], [ 20.441809, 49.01576 ], [ 20.441771, 49.015956 ], [ 20.441676, 49.01639 ], [ 20.441519, 49.017164 ], [ 20.4415013, 49.0172695 ], [ 20.441436, 49.017601 ], [ 20.441316, 49.018155 ], [ 20.441166, 49.018909 ], [ 20.441047, 49.019484 ], [ 20.441022, 49.019629 ], [ 20.440895, 49.020294 ], [ 20.4408755, 49.0203803 ], [ 20.440865, 49.020427 ], [ 20.440821, 49.020656 ], [ 20.440777, 49.020863 ], [ 20.440658, 49.02138 ], [ 20.440453, 49.022439 ], [ 20.440355, 49.022877 ], [ 20.440179, 49.023685 ], [ 20.44007, 49.023976 ], [ 20.439708, 49.024655 ], [ 20.43978, 49.024671 ], [ 20.439794, 49.024674 ], [ 20.439872, 49.024909 ], [ 20.439908, 49.025047 ], [ 20.43996, 49.025128 ], [ 20.440116, 49.024964 ], [ 20.440532, 49.024394 ], [ 20.440931, 49.02382 ], [ 20.441256, 49.02344 ], [ 20.441458, 49.023284 ], [ 20.441607, 49.023177 ], [ 20.441806, 49.022979 ], [ 20.44198, 49.022699 ], [ 20.442216, 49.022462 ], [ 20.442466, 49.022139 ], [ 20.442659, 49.021932 ], [ 20.442753, 49.021789 ], [ 20.443024, 49.021473 ], [ 20.443499, 49.02097 ], [ 20.443645, 49.020815 ], [ 20.443831, 49.020759 ], [ 20.444045, 49.020538 ], [ 20.444602, 49.020148 ], [ 20.445035, 49.019843 ], [ 20.445217, 49.019686 ], [ 20.446072, 49.019224 ], [ 20.446343, 49.018843 ], [ 20.446602, 49.018342 ], [ 20.446839, 49.018006 ], [ 20.446921, 49.017857 ], [ 20.446897, 49.017738 ], [ 20.446918, 49.01748 ], [ 20.446929, 49.017457 ], [ 20.446951, 49.017409 ], [ 20.446962, 49.017384 ], [ 20.446966, 49.017374 ], [ 20.446996, 49.017305 ], [ 20.447006, 49.017284 ], [ 20.447017, 49.017185 ], [ 20.447017, 49.017177 ], [ 20.447044, 49.017091 ], [ 20.447053, 49.017063 ], [ 20.447079, 49.017015 ], [ 20.447345, 49.016539 ], [ 20.44743, 49.016311 ], [ 20.447577, 49.016071 ], [ 20.447902, 49.015724 ], [ 20.448265, 49.015424 ], [ 20.448287, 49.015409 ], [ 20.44871, 49.015488 ], [ 20.449027, 49.015575 ], [ 20.449286, 49.015647 ], [ 20.449434, 49.015257 ], [ 20.449584, 49.015073 ], [ 20.449738, 49.014843 ], [ 20.449855, 49.014762 ], [ 20.449952, 49.014671 ], [ 20.450152, 49.014323 ], [ 20.450194, 49.01433 ], [ 20.450202, 49.014318 ], [ 20.450206, 49.014318 ], [ 20.450266, 49.014328 ], [ 20.450275, 49.014331 ], [ 20.451867, 49.014604 ], [ 20.451949, 49.014618 ], [ 20.452739, 49.014756 ], [ 20.453078, 49.014815 ], [ 20.452948, 49.015171 ], [ 20.452886, 49.01534 ], [ 20.452753, 49.015654 ], [ 20.45268, 49.015878 ], [ 20.452532, 49.016448 ], [ 20.452436, 49.016791 ], [ 20.452205, 49.017463 ], [ 20.452091, 49.017802 ], [ 20.451904, 49.01835 ], [ 20.451865, 49.018748 ], [ 20.451857, 49.01884 ], [ 20.45183, 49.019112 ], [ 20.451901, 49.019166 ], [ 20.452026, 49.019387 ], [ 20.452115, 49.019798 ], [ 20.452191, 49.020136 ], [ 20.452296, 49.020468 ], [ 20.452369, 49.020548 ], [ 20.452488, 49.021016 ], [ 20.452576, 49.021521 ], [ 20.452618, 49.021719 ], [ 20.45273, 49.022189 ], [ 20.452807, 49.022553 ], [ 20.452825, 49.023037 ], [ 20.452681, 49.023716 ], [ 20.452586, 49.024124 ], [ 20.452548, 49.024324 ], [ 20.452556, 49.02518 ], [ 20.452625, 49.025542 ], [ 20.452695, 49.026089 ], [ 20.45274, 49.02632 ], [ 20.45282, 49.02673 ], [ 20.452949, 49.027513 ], [ 20.453046, 49.027641 ], [ 20.453553, 49.028001 ], [ 20.454155, 49.028767 ], [ 20.45455, 49.029043 ], [ 20.454924, 49.029335 ], [ 20.455394, 49.029704 ], [ 20.455933, 49.030048 ], [ 20.456413, 49.030404 ], [ 20.457255, 49.030881 ], [ 20.456989, 49.031219 ], [ 20.456793, 49.031468 ], [ 20.456574, 49.031746 ], [ 20.456639, 49.031905 ], [ 20.456746, 49.031946 ], [ 20.456916, 49.032011 ], [ 20.456946, 49.032025 ], [ 20.457012, 49.032093 ], [ 20.457004, 49.032168 ], [ 20.45726, 49.032174 ], [ 20.457414, 49.032146 ], [ 20.457799, 49.032078 ], [ 20.457973, 49.032077 ], [ 20.458068, 49.032076 ], [ 20.458504, 49.031974 ], [ 20.458943, 49.031814 ], [ 20.459028, 49.031868 ], [ 20.459416, 49.032113 ], [ 20.459429, 49.032121 ], [ 20.459438, 49.032127 ], [ 20.459452, 49.032138 ], [ 20.459461, 49.032145 ], [ 20.459473, 49.03215 ], [ 20.459517, 49.032167 ], [ 20.460313, 49.032483 ], [ 20.460493, 49.032555 ], [ 20.46069, 49.032631 ], [ 20.461389, 49.032901 ], [ 20.461744, 49.033027 ], [ 20.462356, 49.033245 ], [ 20.462372, 49.033251 ], [ 20.462827, 49.03342 ], [ 20.462971, 49.033474 ], [ 20.463134, 49.033533 ], [ 20.463536, 49.033685 ], [ 20.463573, 49.033698 ], [ 20.463587, 49.033703 ], [ 20.463751, 49.033756 ], [ 20.464166, 49.033892 ], [ 20.464178, 49.033904 ], [ 20.464185, 49.033912 ], [ 20.464204, 49.033931 ], [ 20.46424, 49.03397 ], [ 20.464334, 49.033945 ], [ 20.464761, 49.03405 ], [ 20.464833, 49.034067 ], [ 20.464931, 49.034091 ], [ 20.465482, 49.034228 ], [ 20.465488, 49.034229 ], [ 20.465853, 49.03434 ], [ 20.466204, 49.034446 ], [ 20.466805, 49.03465 ], [ 20.467463, 49.034873 ], [ 20.467953, 49.035084 ], [ 20.469047, 49.03552 ], [ 20.469106, 49.035559 ], [ 20.469309, 49.035695 ], [ 20.469643, 49.035894 ], [ 20.469674, 49.035913 ], [ 20.46976, 49.035932 ], [ 20.470263, 49.036044 ], [ 20.470617, 49.036148 ], [ 20.471135, 49.036331 ], [ 20.471208, 49.036359 ], [ 20.471286, 49.036389 ], [ 20.471479, 49.036452 ], [ 20.471508, 49.036462 ], [ 20.471535, 49.036471 ], [ 20.471713, 49.036531 ], [ 20.472238, 49.036706 ], [ 20.4727, 49.036822 ], [ 20.473079, 49.036919 ], [ 20.473271, 49.036968 ], [ 20.473557, 49.037043 ], [ 20.47359, 49.037053 ], [ 20.473981, 49.037155 ], [ 20.474163, 49.037206 ], [ 20.474455, 49.037286 ], [ 20.474805, 49.037383 ], [ 20.475086, 49.037437 ], [ 20.475171, 49.037454 ], [ 20.475201, 49.03746 ], [ 20.475013, 49.03806 ], [ 20.474958, 49.038335 ], [ 20.474885, 49.03862 ], [ 20.474816, 49.038806 ], [ 20.474793, 49.039059 ], [ 20.474776, 49.039129 ], [ 20.47476, 49.039265 ], [ 20.474697, 49.039461 ], [ 20.474511, 49.039909 ], [ 20.47451, 49.039912 ], [ 20.474442, 49.040154 ], [ 20.474322, 49.040461 ], [ 20.474313, 49.040483 ], [ 20.474274, 49.040728 ], [ 20.474162, 49.041217 ], [ 20.474136, 49.041214 ], [ 20.473432, 49.043097 ], [ 20.473314, 49.043409 ], [ 20.473269, 49.043526 ], [ 20.473104, 49.04399 ], [ 20.473083, 49.044279 ], [ 20.472895, 49.044985 ], [ 20.472769, 49.045174 ], [ 20.472765, 49.045179 ], [ 20.472922, 49.045251 ], [ 20.473284, 49.045359 ], [ 20.473548, 49.045433 ], [ 20.473828, 49.045536 ], [ 20.474007, 49.045601 ], [ 20.474086, 49.045647 ], [ 20.474158, 49.045688 ], [ 20.474305, 49.045772 ], [ 20.474604, 49.045983 ], [ 20.474882, 49.046268 ], [ 20.474929, 49.046325 ], [ 20.474945, 49.046346 ], [ 20.475195, 49.046685 ], [ 20.475266, 49.046802 ], [ 20.475291, 49.046844 ], [ 20.475333, 49.04692 ], [ 20.475387, 49.047018 ], [ 20.47539, 49.047026 ], [ 20.475464, 49.047193 ], [ 20.475467, 49.047201 ], [ 20.475479, 49.047235 ], [ 20.47569, 49.04762 ], [ 20.475799, 49.047821 ], [ 20.475965, 49.048034 ], [ 20.476134, 49.048255 ], [ 20.476233, 49.048349 ], [ 20.476283, 49.048389 ], [ 20.476291, 49.048396 ], [ 20.476359, 49.048443 ], [ 20.476472, 49.048521 ], [ 20.476538, 49.048567 ], [ 20.476643, 49.048616 ], [ 20.477173, 49.048904 ], [ 20.477829, 49.049258 ], [ 20.477834, 49.049261 ], [ 20.478058, 49.049398 ], [ 20.478118, 49.049446 ], [ 20.478613, 49.049796 ], [ 20.478862, 49.05006 ], [ 20.479084, 49.050259 ], [ 20.479097, 49.05028 ], [ 20.479544, 49.050492 ], [ 20.479561, 49.050502 ], [ 20.479622, 49.050517 ], [ 20.479872, 49.050582 ], [ 20.479899, 49.050585 ], [ 20.480391, 49.050648 ], [ 20.480752, 49.050768 ], [ 20.480767, 49.050773 ], [ 20.481767, 49.051117 ], [ 20.481909, 49.051151 ], [ 20.481968, 49.051168 ], [ 20.482321, 49.051266 ], [ 20.482403, 49.051293 ], [ 20.48256, 49.051601 ], [ 20.482695, 49.051865 ], [ 20.482901, 49.052156 ], [ 20.483306, 49.052497 ], [ 20.483338, 49.052524 ], [ 20.483688, 49.052749 ], [ 20.483909, 49.052843 ], [ 20.484472, 49.052994 ], [ 20.485668, 49.053152 ], [ 20.485693, 49.053031 ], [ 20.485695, 49.053015 ], [ 20.485694, 49.052727 ], [ 20.485938, 49.052368 ], [ 20.486243, 49.052145 ], [ 20.486275, 49.052117 ], [ 20.486381, 49.052044 ], [ 20.486572, 49.052096 ], [ 20.486947, 49.052228 ], [ 20.487102, 49.05224 ], [ 20.487348, 49.052169 ], [ 20.487798, 49.052294 ], [ 20.488907, 49.052116 ], [ 20.48905, 49.052083 ], [ 20.48922, 49.052003 ], [ 20.489412, 49.051932 ], [ 20.489692, 49.051843 ], [ 20.489805, 49.051774 ], [ 20.490093, 49.051692 ], [ 20.490263, 49.051673 ], [ 20.490431, 49.051695 ], [ 20.490575, 49.051751 ], [ 20.490668, 49.051823 ], [ 20.490766, 49.051915 ], [ 20.490835, 49.052018 ], [ 20.490894, 49.052205 ], [ 20.491293, 49.052192 ], [ 20.491471, 49.051864 ], [ 20.491725, 49.05167 ], [ 20.491848, 49.051625 ], [ 20.492507, 49.051649 ], [ 20.492546, 49.05157 ], [ 20.492589, 49.051471 ], [ 20.492644, 49.051403 ], [ 20.492752, 49.051259 ], [ 20.49278, 49.051164 ], [ 20.492812, 49.051048 ], [ 20.492818, 49.050934 ], [ 20.492825, 49.050778 ], [ 20.4928, 49.050736 ], [ 20.492749, 49.050647 ], [ 20.492732, 49.050577 ], [ 20.492719, 49.050527 ], [ 20.492718, 49.050327 ], [ 20.492347, 49.050261 ], [ 20.492387, 49.050174 ], [ 20.492427, 49.049982 ], [ 20.492514, 49.049794 ], [ 20.492685, 49.049568 ], [ 20.492836, 49.0492 ], [ 20.492935, 49.048987 ], [ 20.493053, 49.048823 ], [ 20.4931, 49.048638 ], [ 20.493439, 49.047816 ], [ 20.493579, 49.04745 ], [ 20.493663, 49.047232 ], [ 20.493966, 49.047017 ], [ 20.494021, 49.046975 ], [ 20.494609, 49.046567 ], [ 20.494646, 49.046542 ], [ 20.49482, 49.046422 ], [ 20.494878, 49.046375 ], [ 20.495433, 49.046144 ], [ 20.495842, 49.046149 ], [ 20.496145, 49.045976 ], [ 20.496298, 49.045978 ], [ 20.496401, 49.046014 ], [ 20.496437, 49.046054 ], [ 20.496445, 49.046063 ], [ 20.496586, 49.046215 ], [ 20.497775, 49.046085 ], [ 20.498057, 49.046016 ], [ 20.498136, 49.045983 ], [ 20.498261, 49.04593 ], [ 20.498734, 49.045716 ], [ 20.498889, 49.045596 ], [ 20.499109, 49.0455 ], [ 20.499657, 49.045179 ], [ 20.499893, 49.044999 ], [ 20.500313, 49.044764 ], [ 20.500434, 49.044698 ], [ 20.500594, 49.044665 ], [ 20.500792, 49.044696 ], [ 20.500989, 49.044744 ], [ 20.501179, 49.044768 ], [ 20.501464, 49.04474 ], [ 20.501617, 49.044725 ], [ 20.501861, 49.044744 ], [ 20.502108, 49.044727 ], [ 20.502601, 49.04458 ], [ 20.502711, 49.044508 ], [ 20.503078, 49.04427 ], [ 20.503179, 49.044183 ], [ 20.50333, 49.044056 ], [ 20.503397, 49.043963 ], [ 20.503523, 49.043784 ], [ 20.503543, 49.043733 ], [ 20.503643, 49.0435 ], [ 20.503778, 49.043293 ], [ 20.503984, 49.043127 ], [ 20.504243, 49.042965 ], [ 20.504374, 49.042947 ], [ 20.50467, 49.042906 ], [ 20.505004, 49.042819 ], [ 20.504817, 49.042707 ], [ 20.504925, 49.042633 ], [ 20.505037, 49.042555 ], [ 20.505221, 49.042387 ], [ 20.505386, 49.042231 ], [ 20.505558, 49.04206 ], [ 20.505747, 49.041882 ], [ 20.505885, 49.041703 ], [ 20.506047, 49.041412 ], [ 20.506121, 49.041217 ], [ 20.506095, 49.041136 ], [ 20.506058, 49.041013 ], [ 20.506033, 49.04093 ], [ 20.506062, 49.040851 ], [ 20.506099, 49.040752 ], [ 20.506189, 49.040605 ], [ 20.506413, 49.040382 ], [ 20.506521, 49.040298 ], [ 20.506707, 49.040205 ], [ 20.50686, 49.04016 ], [ 20.507094, 49.040082 ], [ 20.507488, 49.039966 ], [ 20.508095, 49.039832 ], [ 20.508258, 49.039791 ], [ 20.508347, 49.039683 ], [ 20.508442, 49.039566 ], [ 20.508659, 49.039406 ], [ 20.509073, 49.039364 ], [ 20.509348, 49.039375 ], [ 20.509666, 49.039451 ], [ 20.510025, 49.039679 ], [ 20.510265, 49.039936 ], [ 20.510354, 49.040095 ], [ 20.510472, 49.040384 ], [ 20.510609, 49.040723 ], [ 20.510673, 49.040941 ], [ 20.510733, 49.041227 ], [ 20.510847, 49.04156 ], [ 20.510929, 49.041836 ], [ 20.511251, 49.042193 ], [ 20.511224, 49.042256 ], [ 20.511181, 49.042365 ], [ 20.511071, 49.042659 ], [ 20.510958, 49.04293 ], [ 20.510864, 49.043146 ], [ 20.51081, 49.043283 ], [ 20.510771, 49.043371 ], [ 20.510744, 49.043435 ], [ 20.510686, 49.043582 ], [ 20.510554, 49.043905 ], [ 20.510465, 49.044121 ], [ 20.510384, 49.044323 ], [ 20.510368, 49.044357 ], [ 20.510271, 49.044579 ], [ 20.510194, 49.044755 ], [ 20.510177, 49.044795 ], [ 20.510087, 49.045003 ], [ 20.510063, 49.045055 ], [ 20.510267, 49.045075 ], [ 20.510756, 49.045119 ], [ 20.511096, 49.045159 ], [ 20.511485, 49.045192 ], [ 20.512047, 49.045247 ], [ 20.512133, 49.045177 ], [ 20.512619, 49.045385 ], [ 20.513057, 49.045574 ], [ 20.513879, 49.045915 ], [ 20.514351, 49.046108 ], [ 20.514691, 49.046249 ], [ 20.515564, 49.046618 ], [ 20.515775, 49.046705 ], [ 20.516178, 49.046846 ], [ 20.516358, 49.046913 ], [ 20.516788, 49.047091 ], [ 20.517206, 49.047261 ], [ 20.51767, 49.047454 ], [ 20.517894, 49.047544 ], [ 20.51803, 49.047663 ], [ 20.518079, 49.047675 ], [ 20.518325, 49.047764 ], [ 20.518619, 49.047873 ], [ 20.518874, 49.047967 ], [ 20.518944, 49.047984 ], [ 20.519335, 49.048028 ], [ 20.519741, 49.048069 ], [ 20.520125, 49.048101 ], [ 20.520917, 49.047975 ], [ 20.521308, 49.047846 ], [ 20.521369, 49.047683 ], [ 20.52145, 49.047465 ], [ 20.521428, 49.047325 ], [ 20.521668, 49.04739 ], [ 20.521894, 49.047378 ], [ 20.522312, 49.047436 ], [ 20.52294, 49.047383 ], [ 20.523198, 49.047432 ], [ 20.523446, 49.047467 ], [ 20.523616, 49.047492 ], [ 20.524186, 49.04756 ], [ 20.524452, 49.047598 ], [ 20.524734, 49.047676 ], [ 20.524856, 49.047686 ], [ 20.524917, 49.047626 ], [ 20.525095, 49.047609 ], [ 20.525171, 49.047721 ], [ 20.525164, 49.047789 ], [ 20.525372, 49.047801 ], [ 20.525582, 49.047884 ], [ 20.52572, 49.047943 ], [ 20.525765, 49.048021 ], [ 20.52578, 49.048064 ], [ 20.525911, 49.048142 ], [ 20.526096, 49.048244 ], [ 20.526582, 49.048511 ], [ 20.526831, 49.04874 ], [ 20.527004, 49.048845 ], [ 20.527185, 49.048949 ], [ 20.527363, 49.048877 ], [ 20.527587, 49.048895 ], [ 20.527737, 49.048955 ], [ 20.527906, 49.04912 ], [ 20.528074, 49.049081 ], [ 20.528206, 49.049188 ], [ 20.528283, 49.04931 ], [ 20.528347, 49.049424 ], [ 20.52887, 49.049514 ], [ 20.52905, 49.049427 ], [ 20.529171, 49.049387 ], [ 20.529384, 49.049328 ], [ 20.529551, 49.049301 ], [ 20.529832, 49.049178 ], [ 20.53008, 49.04914 ], [ 20.530356, 49.049219 ], [ 20.530862, 49.049324 ], [ 20.531069, 49.049336 ], [ 20.531079, 49.049356 ], [ 20.531119, 49.049435 ], [ 20.531176, 49.049556 ], [ 20.531207, 49.04962 ], [ 20.531517, 49.049646 ], [ 20.531798, 49.049675 ], [ 20.532062, 49.049713 ], [ 20.532606, 49.049926 ], [ 20.5329, 49.050058 ], [ 20.533042, 49.050169 ], [ 20.53305, 49.050203 ], [ 20.533108, 49.050434 ], [ 20.533384, 49.050503 ], [ 20.533517, 49.050554 ], [ 20.533713, 49.050567 ], [ 20.533934, 49.050639 ], [ 20.534152, 49.050749 ], [ 20.534691, 49.050897 ], [ 20.534931, 49.050901 ], [ 20.535148, 49.050956 ], [ 20.534891, 49.050994 ], [ 20.534749, 49.05104 ], [ 20.534704, 49.051083 ], [ 20.534691, 49.051124 ], [ 20.534905, 49.051231 ], [ 20.534799, 49.0513 ], [ 20.534642, 49.051321 ], [ 20.534387, 49.051223 ], [ 20.53389, 49.051146 ], [ 20.533534, 49.051019 ], [ 20.533485, 49.051081 ], [ 20.533299, 49.051057 ], [ 20.533244, 49.051048 ], [ 20.532983, 49.051231 ], [ 20.532998, 49.051284 ], [ 20.533457, 49.051514 ], [ 20.533658, 49.051628 ], [ 20.533795, 49.051659 ], [ 20.534023, 49.051732 ], [ 20.534478, 49.051788 ], [ 20.534675, 49.05178 ], [ 20.534864, 49.051745 ], [ 20.535471, 49.051851 ], [ 20.535332, 49.051662 ], [ 20.535639, 49.051581 ], [ 20.536145, 49.05158 ], [ 20.536727, 49.051546 ], [ 20.537056, 49.051607 ], [ 20.537603, 49.051654 ], [ 20.537861, 49.051695 ], [ 20.537959, 49.051695 ], [ 20.538131, 49.051639 ], [ 20.538199, 49.051864 ], [ 20.53819, 49.051931 ], [ 20.538197, 49.051983 ], [ 20.538243, 49.05212 ], [ 20.538654, 49.052151 ], [ 20.538655, 49.052199 ], [ 20.538462, 49.052266 ], [ 20.538534, 49.05233 ], [ 20.538475, 49.052376 ], [ 20.538349, 49.052395 ], [ 20.53839, 49.052476 ], [ 20.538687, 49.052575 ], [ 20.538685, 49.0526 ], [ 20.538677, 49.052729 ], [ 20.538707, 49.052769 ], [ 20.538729, 49.052802 ], [ 20.538782, 49.052896 ], [ 20.538877, 49.052926 ], [ 20.538971, 49.052953 ], [ 20.539131, 49.053057 ], [ 20.53936, 49.053121 ], [ 20.53961, 49.053181 ], [ 20.539926, 49.053331 ], [ 20.540222, 49.053535 ], [ 20.540547, 49.05373 ], [ 20.540743, 49.053936 ], [ 20.540889, 49.054157 ], [ 20.540976, 49.054112 ], [ 20.541284, 49.054263 ], [ 20.541578, 49.054405 ], [ 20.542025, 49.054686 ], [ 20.542293, 49.054719 ], [ 20.542894, 49.054917 ], [ 20.543576, 49.05487 ], [ 20.544008, 49.054756 ], [ 20.544727, 49.054574 ], [ 20.544926, 49.05455 ], [ 20.545408, 49.054785 ], [ 20.545431, 49.054875 ], [ 20.545547, 49.05508 ], [ 20.545713, 49.055144 ], [ 20.546305, 49.055292 ], [ 20.546712, 49.055482 ], [ 20.547364, 49.055523 ], [ 20.547953, 49.055366 ], [ 20.548023, 49.055494 ], [ 20.547616, 49.055832 ], [ 20.547636, 49.056031 ], [ 20.548081, 49.056474 ], [ 20.547983, 49.05657 ], [ 20.548017, 49.056744 ], [ 20.548125, 49.056831 ], [ 20.548372, 49.056789 ], [ 20.548522, 49.056925 ], [ 20.548002, 49.057163 ], [ 20.547806, 49.05734 ], [ 20.547791, 49.057436 ], [ 20.547745, 49.057802 ], [ 20.547507, 49.058133 ], [ 20.547427, 49.058809 ], [ 20.54718, 49.058865 ], [ 20.547116, 49.058879 ], [ 20.546686, 49.058999 ], [ 20.546552, 49.058438 ], [ 20.546435, 49.057967 ], [ 20.546061, 49.057973 ], [ 20.545531, 49.058062 ], [ 20.545203, 49.058123 ], [ 20.544949, 49.058137 ], [ 20.54473, 49.058268 ], [ 20.544627, 49.058485 ], [ 20.544423, 49.058487 ], [ 20.544216, 49.058521 ], [ 20.544006, 49.058635 ], [ 20.543968, 49.058741 ], [ 20.543289, 49.058707 ], [ 20.542938, 49.058915 ], [ 20.542682, 49.058928 ], [ 20.542579, 49.058831 ], [ 20.541871, 49.058635 ], [ 20.541735, 49.058551 ], [ 20.541526, 49.058647 ], [ 20.541495, 49.058982 ], [ 20.541452, 49.059524 ], [ 20.540897, 49.059684 ], [ 20.540078, 49.059603 ], [ 20.539664, 49.059623 ], [ 20.539181, 49.059403 ], [ 20.539021, 49.059315 ], [ 20.538798, 49.059172 ], [ 20.538515, 49.059086 ], [ 20.538279, 49.059099 ], [ 20.53838, 49.0595 ], [ 20.53844, 49.059746 ], [ 20.538443, 49.059755 ], [ 20.538543, 49.060053 ], [ 20.538685, 49.060475 ], [ 20.538724, 49.060534 ], [ 20.539142, 49.061166 ], [ 20.539142, 49.061167 ], [ 20.539289, 49.061774 ], [ 20.539186, 49.061892 ], [ 20.53907, 49.062023 ], [ 20.539168, 49.062322 ], [ 20.539256, 49.062595 ], [ 20.539428, 49.063116 ], [ 20.539558, 49.063526 ], [ 20.539703, 49.06392 ], [ 20.539855, 49.064342 ], [ 20.540026, 49.064833 ], [ 20.540179, 49.065341 ], [ 20.540391, 49.066049 ], [ 20.540493, 49.066404 ], [ 20.540494, 49.066404 ], [ 20.540449, 49.066881 ], [ 20.540703, 49.066786 ], [ 20.540932, 49.066701 ], [ 20.541293, 49.066617 ], [ 20.541484, 49.066694 ], [ 20.541493, 49.066694 ], [ 20.541678, 49.066686 ], [ 20.541687, 49.066693 ], [ 20.542051, 49.066975 ], [ 20.542265, 49.066897 ], [ 20.542495, 49.066761 ], [ 20.542628, 49.066671 ], [ 20.542834, 49.066574 ], [ 20.543058, 49.066492 ], [ 20.543279, 49.066404 ], [ 20.544035, 49.066237 ], [ 20.544269, 49.066138 ], [ 20.544271, 49.066138 ], [ 20.544618, 49.065964 ], [ 20.544742, 49.065974 ], [ 20.545025, 49.065997 ], [ 20.545298, 49.065756 ], [ 20.545299, 49.065755 ], [ 20.54536, 49.065652 ], [ 20.545392, 49.0656 ], [ 20.545392, 49.065599 ], [ 20.545675, 49.064953 ], [ 20.545933, 49.064641 ], [ 20.5454635, 49.063463 ], [ 20.5571364, 49.0558702 ], [ 20.5743884, 49.0559265 ], [ 20.5797099, 49.0593574 ], [ 20.5934428, 49.0605385 ], [ 20.6030559, 49.0680743 ], [ 20.6023692, 49.0709983 ], [ 20.6093215, 49.0700986 ], [ 20.6134414, 49.0726852 ], [ 20.631895, 49.0667247 ], [ 20.6384181, 49.0676807 ], [ 20.6389331, 49.073866 ], [ 20.6442546, 49.0760025 ], [ 20.6656264, 49.0725166 ], [ 20.6731795, 49.0736411 ], [ 20.6777286, 49.0756652 ], [ 20.6776427, 49.0783639 ], [ 20.6725265, 49.0805042 ], [ 20.6709308, 49.0796344 ], [ 20.6706957, 49.0794335 ], [ 20.6706458, 49.0792855 ], [ 20.670508, 49.0792591 ], [ 20.6699386, 49.0788752 ], [ 20.6695888, 49.0787636 ], [ 20.6694113, 49.0785613 ], [ 20.6689738, 49.0784716 ], [ 20.6687196, 49.0784972 ], [ 20.6685422, 49.078358 ], [ 20.6682027, 49.0785115 ], [ 20.6680511, 49.078478 ], [ 20.6678501, 49.0785461 ], [ 20.6676771, 49.0786581 ], [ 20.6676466, 49.0787966 ], [ 20.6671898, 49.0792261 ], [ 20.6671893, 49.079324 ], [ 20.6670905, 49.0794455 ], [ 20.6670409, 49.0797667 ], [ 20.6672559, 49.0804353 ], [ 20.6670701, 49.0807191 ], [ 20.6671523, 49.0808414 ], [ 20.6669873, 49.0811124 ], [ 20.6670256, 49.0812994 ], [ 20.6669088, 49.0822464 ], [ 20.6666793, 49.0823023 ], [ 20.6657786, 49.0819606 ], [ 20.6651164, 49.0818391 ], [ 20.6647553, 49.08169 ], [ 20.6638131, 49.0825072 ], [ 20.663269, 49.0829067 ], [ 20.663039, 49.0830131 ], [ 20.6636593, 49.0831929 ], [ 20.660816, 49.0852165 ], [ 20.6596891, 49.0860903 ], [ 20.6590849, 49.0864763 ], [ 20.6588357, 49.0868084 ], [ 20.6582752, 49.0884554 ], [ 20.6580617, 49.0883669 ], [ 20.6579592, 49.0886536 ], [ 20.6573552, 49.0892151 ], [ 20.6574179, 49.0896575 ], [ 20.6569785, 49.0894648 ], [ 20.6564963, 49.0896448 ], [ 20.6562711, 49.0898955 ], [ 20.6565875, 49.0903493 ], [ 20.6562524, 49.0903147 ], [ 20.6557187, 49.0915081 ], [ 20.6555613, 49.0914314 ], [ 20.6549439, 49.0914824 ], [ 20.6531117, 49.0916949 ], [ 20.6530055, 49.091754 ], [ 20.6522212, 49.0915188 ], [ 20.6512369, 49.0914814 ], [ 20.6508558, 49.0915713 ], [ 20.6507073, 49.0916862 ], [ 20.6502021, 49.0917875 ], [ 20.6504211, 49.0920657 ], [ 20.6503828, 49.092349 ], [ 20.650515, 49.0924696 ], [ 20.6504461, 49.0925888 ], [ 20.6497412, 49.0929103 ], [ 20.649139, 49.0933749 ], [ 20.6487764, 49.0935284 ], [ 20.6490974, 49.0941514 ], [ 20.6511371, 49.0950912 ], [ 20.6525414, 49.0956641 ], [ 20.6533435, 49.0959021 ], [ 20.6536435, 49.0960648 ], [ 20.6540463, 49.0959645 ], [ 20.654304, 49.0962224 ], [ 20.6550793, 49.0962592 ], [ 20.6564247, 49.0964876 ], [ 20.6564547, 49.0967364 ], [ 20.6569201, 49.0968285 ], [ 20.6593437, 49.0969422 ], [ 20.6608526, 49.0994639 ], [ 20.6626334, 49.1016798 ], [ 20.6644247, 49.1011845 ], [ 20.6688022, 49.1033761 ], [ 20.6766771, 49.1041207 ], [ 20.6809902, 49.1081943 ], [ 20.6874273, 49.109276 ], [ 20.6966971, 49.1089389 ], [ 20.7092283, 49.1039942 ], [ 20.7217596, 49.1026456 ], [ 20.7198713, 49.110175 ], [ 20.7245062, 49.1146696 ], [ 20.7241629, 49.1170292 ], [ 20.724726, 49.117856 ], [ 20.725175, 49.118164 ], [ 20.725397, 49.118316 ], [ 20.725536, 49.1184 ], [ 20.725582, 49.118427 ], [ 20.726151, 49.118516 ], [ 20.726318, 49.118638 ], [ 20.726514, 49.11927 ], [ 20.726439, 49.119643 ], [ 20.726234, 49.11996 ], [ 20.725869, 49.120261 ], [ 20.725454, 49.120324 ], [ 20.72512, 49.120371 ], [ 20.724789, 49.12039 ], [ 20.724693, 49.120394 ], [ 20.724881, 49.120493 ], [ 20.724856, 49.120496 ], [ 20.724912, 49.120541 ], [ 20.725017, 49.120574 ], [ 20.725183, 49.120572 ], [ 20.72531, 49.12057 ], [ 20.72543, 49.120624 ], [ 20.725772, 49.120904 ], [ 20.725889, 49.120998 ], [ 20.726124, 49.121178 ], [ 20.72619, 49.121353 ], [ 20.726294, 49.121467 ], [ 20.726354, 49.121534 ], [ 20.726534, 49.121723 ], [ 20.726692, 49.121857 ], [ 20.727034, 49.121967 ], [ 20.727525, 49.122082 ], [ 20.727846, 49.122098 ], [ 20.728028, 49.122106 ], [ 20.728538, 49.12211 ], [ 20.728559, 49.122109 ], [ 20.72878, 49.122083 ], [ 20.729096, 49.122178 ], [ 20.729131, 49.122188 ], [ 20.730194, 49.122477 ], [ 20.730408, 49.122576 ], [ 20.730653, 49.122638 ], [ 20.730743, 49.12261 ], [ 20.731126, 49.122492 ], [ 20.731451, 49.12246 ], [ 20.731753, 49.12235 ], [ 20.731966, 49.122288 ], [ 20.732486, 49.122207 ], [ 20.73261, 49.122188 ], [ 20.733373, 49.12208 ], [ 20.733522, 49.122062 ], [ 20.733545, 49.122049 ], [ 20.733674, 49.121973 ], [ 20.733781, 49.121932 ], [ 20.734242, 49.121901 ], [ 20.734455, 49.121916 ], [ 20.734461, 49.121934 ], [ 20.734462, 49.121938 ], [ 20.734795, 49.1219 ], [ 20.734799, 49.121899 ], [ 20.734801, 49.121898 ], [ 20.735018, 49.12182 ], [ 20.735021, 49.121819 ], [ 20.735037, 49.121816 ], [ 20.735766, 49.121712 ], [ 20.735977, 49.121677 ], [ 20.736746, 49.121829 ], [ 20.737151, 49.121822 ], [ 20.737613, 49.121764 ], [ 20.738224, 49.121738 ], [ 20.73857, 49.121834 ], [ 20.738883, 49.121824 ], [ 20.73983, 49.121928 ], [ 20.740014, 49.121948 ], [ 20.740482, 49.121821 ], [ 20.740765, 49.121836 ], [ 20.74135, 49.121799 ], [ 20.741799, 49.121922 ], [ 20.74205, 49.12199 ], [ 20.742338, 49.122069 ], [ 20.743332, 49.121926 ], [ 20.744124, 49.121866 ], [ 20.744854, 49.121809 ], [ 20.745516, 49.121647 ], [ 20.746257, 49.121464 ], [ 20.746268, 49.121463 ], [ 20.746926, 49.121964 ], [ 20.747314, 49.12226 ], [ 20.747974, 49.122834 ], [ 20.747777, 49.122992 ], [ 20.748117, 49.123154 ], [ 20.749022, 49.123585 ], [ 20.749159, 49.12365 ], [ 20.749465, 49.123732 ], [ 20.749475, 49.123735 ], [ 20.750058, 49.124158 ], [ 20.750263, 49.123858 ], [ 20.750588, 49.123664 ], [ 20.75144, 49.123383 ], [ 20.75156, 49.123343 ], [ 20.752043, 49.123184 ], [ 20.752441, 49.123052 ], [ 20.752733, 49.122955 ], [ 20.752888, 49.122904 ], [ 20.753, 49.122812 ], [ 20.753217, 49.122633 ], [ 20.753445, 49.122444 ], [ 20.753723, 49.122214 ], [ 20.753993, 49.121991 ], [ 20.754276, 49.121756 ], [ 20.754581, 49.121504 ], [ 20.754619, 49.121471 ], [ 20.75486, 49.121266 ], [ 20.755072, 49.121084 ], [ 20.755377, 49.120825 ], [ 20.755616, 49.120619 ], [ 20.755883, 49.120391 ], [ 20.756119, 49.12019 ], [ 20.756327, 49.120012 ], [ 20.756562, 49.119811 ], [ 20.756823, 49.119587 ], [ 20.756845, 49.119578 ], [ 20.756256, 49.118984 ], [ 20.756761, 49.118865 ], [ 20.758128, 49.118692 ], [ 20.758816, 49.118472 ], [ 20.759125, 49.118193 ], [ 20.759565, 49.117637 ], [ 20.759728, 49.117487 ], [ 20.759769, 49.117254 ], [ 20.759918, 49.116956 ], [ 20.760203, 49.116177 ], [ 20.760371, 49.115865 ], [ 20.7605, 49.115426 ], [ 20.760648, 49.115076 ], [ 20.7684515, 49.1168044 ], [ 20.7717131, 49.1254551 ], [ 20.7763479, 49.1270278 ], [ 20.7784079, 49.136912 ], [ 20.7825278, 49.1443239 ], [ 20.7730864, 49.1507242 ], [ 20.7897375, 49.1526329 ], [ 20.8039854, 49.1503874 ], [ 20.8182334, 49.1590883 ], [ 20.8036422, 49.1684611 ], [ 20.802698, 49.1730065 ], [ 20.789051, 49.1814229 ], [ 20.7904243, 49.1872014 ], [ 20.7842445, 49.196008 ], [ 20.7785796, 49.1959519 ], [ 20.7627009, 49.204813 ], [ 20.7626812, 49.2059242 ], [ 20.7632932, 49.2065442 ], [ 20.7633165, 49.2065676 ], [ 20.763709, 49.2069662 ], [ 20.764343, 49.207631 ], [ 20.764419, 49.207709 ], [ 20.764784, 49.208193 ], [ 20.765369, 49.208959 ], [ 20.767068, 49.21124 ], [ 20.766812, 49.21148 ], [ 20.768331, 49.212997 ], [ 20.768617, 49.212948 ], [ 20.769338, 49.21281 ], [ 20.770079, 49.213665 ], [ 20.770146, 49.214262 ], [ 20.770118, 49.215095 ], [ 20.76996, 49.21571 ], [ 20.769739, 49.216504 ], [ 20.771381, 49.215886 ], [ 20.772487, 49.217747 ], [ 20.773303, 49.218519 ], [ 20.77317, 49.218871 ], [ 20.772401, 49.219543 ], [ 20.772142, 49.219958 ], [ 20.771451, 49.22041 ], [ 20.771219, 49.220912 ], [ 20.771045, 49.221522 ], [ 20.770998, 49.221613 ], [ 20.770997, 49.221616 ], [ 20.770999, 49.221637 ], [ 20.771004, 49.221713 ], [ 20.771005, 49.221736 ], [ 20.771348, 49.222175 ], [ 20.771675, 49.223331 ], [ 20.772294, 49.22396 ], [ 20.77199, 49.224698 ], [ 20.771422, 49.225883 ], [ 20.771398, 49.226968 ], [ 20.771347, 49.227392 ], [ 20.771342, 49.227441 ], [ 20.771711, 49.227921 ], [ 20.771658, 49.228509 ], [ 20.771523, 49.229996 ], [ 20.774304, 49.230128 ], [ 20.775094, 49.230336 ], [ 20.776524, 49.22977 ], [ 20.777758, 49.229545 ], [ 20.779571, 49.229562 ], [ 20.782648, 49.228858 ], [ 20.783308, 49.228766 ], [ 20.784394, 49.228287 ], [ 20.787205, 49.227531 ], [ 20.78964, 49.227461 ], [ 20.793549, 49.227791 ], [ 20.795616, 49.227186 ], [ 20.796939, 49.227315 ], [ 20.798634, 49.226937 ], [ 20.800922, 49.22683 ], [ 20.804632, 49.226882 ], [ 20.804444, 49.227206 ], [ 20.804887, 49.227285 ], [ 20.805192, 49.227725 ], [ 20.806937, 49.228759 ], [ 20.808793, 49.230717 ], [ 20.811125, 49.230213 ], [ 20.812544, 49.229531 ], [ 20.816551, 49.228704 ], [ 20.818742, 49.229614 ], [ 20.820429, 49.230467 ], [ 20.820453, 49.231304 ], [ 20.821083, 49.231854 ], [ 20.824434, 49.231895 ], [ 20.825399, 49.231796 ], [ 20.825649, 49.231242 ], [ 20.826678, 49.230104 ], [ 20.829153, 49.228942 ], [ 20.8303, 49.228667 ], [ 20.831465, 49.227606 ], [ 20.832754, 49.22628 ], [ 20.833148, 49.22604 ], [ 20.83334, 49.22581 ], [ 20.833333, 49.225551 ], [ 20.833219, 49.225257 ], [ 20.833184, 49.225035 ], [ 20.833086, 49.224892 ], [ 20.832985, 49.224721 ], [ 20.832978, 49.224702 ], [ 20.833037, 49.224666 ], [ 20.832797, 49.224441 ], [ 20.832525, 49.224023 ], [ 20.832352, 49.223905 ], [ 20.836643, 49.225179 ], [ 20.837477, 49.225337 ], [ 20.837585, 49.225654 ], [ 20.838098, 49.225814 ], [ 20.83822, 49.225944 ], [ 20.838369, 49.226099 ], [ 20.841143, 49.22744 ], [ 20.841374, 49.226863 ], [ 20.843143, 49.227514 ], [ 20.844256, 49.227917 ], [ 20.845018, 49.227107 ], [ 20.846225, 49.227164 ], [ 20.847125, 49.227351 ], [ 20.847323, 49.226309 ], [ 20.847795, 49.22703 ], [ 20.847788, 49.227128 ], [ 20.847948, 49.226727 ], [ 20.848024, 49.226587 ], [ 20.848931, 49.225939 ], [ 20.849733, 49.22559 ], [ 20.850723, 49.225417 ], [ 20.850985, 49.225176 ], [ 20.852531, 49.224566 ], [ 20.852529, 49.22456 ], [ 20.852146, 49.224047 ], [ 20.852094, 49.223497 ], [ 20.851708, 49.223305 ], [ 20.851329, 49.222669 ], [ 20.851686, 49.222545 ], [ 20.851932, 49.222074 ], [ 20.851684, 49.221815 ], [ 20.851215, 49.221487 ], [ 20.851035, 49.221064 ], [ 20.851128, 49.220625 ], [ 20.850481, 49.22088 ], [ 20.849939, 49.220406 ], [ 20.848535, 49.220122 ], [ 20.847391, 49.219883 ], [ 20.846903, 49.219631 ], [ 20.846575, 49.219837 ], [ 20.846176, 49.220047 ], [ 20.845936, 49.219857 ], [ 20.845283, 49.220025 ], [ 20.845333, 49.220248 ], [ 20.845151, 49.220279 ], [ 20.845048, 49.22013 ], [ 20.844582, 49.220204 ], [ 20.844423, 49.219997 ], [ 20.84485, 49.219822 ], [ 20.845043, 49.219477 ], [ 20.84481, 49.21918 ], [ 20.844059, 49.219238 ], [ 20.843987, 49.219137 ], [ 20.844155, 49.219064 ], [ 20.844309, 49.21884 ], [ 20.844243, 49.218272 ], [ 20.844605, 49.217836 ], [ 20.843866, 49.217438 ], [ 20.843956, 49.217313 ], [ 20.843481, 49.217076 ], [ 20.843361, 49.216744 ], [ 20.84259, 49.216372 ], [ 20.842668, 49.215677 ], [ 20.84322, 49.215714 ], [ 20.843592, 49.215776 ], [ 20.844226, 49.216175 ], [ 20.843912, 49.216758 ], [ 20.844199, 49.216998 ], [ 20.844583, 49.217306 ], [ 20.844917, 49.217353 ], [ 20.845326, 49.218021 ], [ 20.845944, 49.218468 ], [ 20.846433, 49.218033 ], [ 20.846163, 49.217482 ], [ 20.845997, 49.217132 ], [ 20.845616, 49.217017 ], [ 20.845622, 49.216812 ], [ 20.84601, 49.216586 ], [ 20.846032, 49.216672 ], [ 20.846088, 49.216891 ], [ 20.846973, 49.216882 ], [ 20.848743, 49.216269 ], [ 20.84895, 49.215959 ], [ 20.848996, 49.216107 ], [ 20.849613, 49.216082 ], [ 20.849864, 49.215888 ], [ 20.850174, 49.216264 ], [ 20.849428, 49.216431 ], [ 20.848916, 49.216777 ], [ 20.848675, 49.217667 ], [ 20.848537, 49.218435 ], [ 20.84874, 49.218679 ], [ 20.848942, 49.218777 ], [ 20.849067, 49.218784 ], [ 20.849387, 49.218714 ], [ 20.849518, 49.218453 ], [ 20.849847, 49.21826 ], [ 20.849987, 49.218177 ], [ 20.850068, 49.218023 ], [ 20.850135, 49.218041 ], [ 20.850908, 49.218358 ], [ 20.852146, 49.218253 ], [ 20.852898, 49.218309 ], [ 20.853483, 49.218745 ], [ 20.853692, 49.218796 ], [ 20.854235, 49.218533 ], [ 20.854771, 49.218681 ], [ 20.856572, 49.218242 ], [ 20.857423, 49.218887 ], [ 20.857263, 49.219234 ], [ 20.857698, 49.219522 ], [ 20.857609, 49.219595 ], [ 20.857781, 49.219737 ], [ 20.858652, 49.220443 ], [ 20.858309, 49.220819 ], [ 20.85799, 49.220587 ], [ 20.857406, 49.220952 ], [ 20.856977, 49.221047 ], [ 20.856262, 49.220775 ], [ 20.85617, 49.2209 ], [ 20.855684, 49.220695 ], [ 20.855593, 49.220747 ], [ 20.85562, 49.220999 ], [ 20.855615, 49.221326 ], [ 20.856343, 49.222068 ], [ 20.857236, 49.221974 ], [ 20.857643, 49.221932 ], [ 20.858079, 49.221652 ], [ 20.8589, 49.221927 ], [ 20.859668, 49.222086 ], [ 20.86011, 49.222127 ], [ 20.860216, 49.221912 ], [ 20.859935, 49.221813 ], [ 20.860502, 49.22096 ], [ 20.861942, 49.220166 ], [ 20.861969, 49.220115 ], [ 20.862014, 49.220067 ], [ 20.862204, 49.22012 ], [ 20.862227, 49.220223 ], [ 20.862308, 49.220134 ], [ 20.862354, 49.220085 ], [ 20.862546, 49.219876 ], [ 20.863408, 49.219332 ], [ 20.863796, 49.21922 ], [ 20.864038, 49.219121 ], [ 20.864043, 49.219116 ], [ 20.864089, 49.219077 ], [ 20.864662, 49.2186 ], [ 20.864749, 49.218353 ], [ 20.864974, 49.218279 ], [ 20.865172, 49.218086 ], [ 20.865553, 49.217996 ], [ 20.867533, 49.217182 ], [ 20.868352, 49.21687 ], [ 20.868087, 49.216206 ], [ 20.868145, 49.215497 ], [ 20.868525, 49.214757 ], [ 20.869122, 49.214696 ], [ 20.869191, 49.214694 ], [ 20.86879, 49.213632 ], [ 20.86917, 49.213374 ], [ 20.869952, 49.212418 ], [ 20.86851, 49.212427 ], [ 20.868171, 49.211445 ], [ 20.872033, 49.210983 ], [ 20.873879, 49.210781 ], [ 20.87392, 49.210766 ], [ 20.873961, 49.210751 ], [ 20.873994, 49.210833 ], [ 20.874218, 49.210898 ], [ 20.874479, 49.210985 ], [ 20.874653, 49.211271 ], [ 20.874885, 49.21134 ], [ 20.875074, 49.211372 ], [ 20.875178, 49.211432 ], [ 20.874807, 49.21159 ], [ 20.874822, 49.211674 ], [ 20.874588, 49.211779 ], [ 20.874538, 49.21185 ], [ 20.873938, 49.212132 ], [ 20.873484, 49.212199 ], [ 20.873568, 49.212411 ], [ 20.873564, 49.212451 ], [ 20.873437, 49.21252 ], [ 20.873435, 49.212613 ], [ 20.873212, 49.212768 ], [ 20.873144, 49.212876 ], [ 20.873184, 49.213194 ], [ 20.873149, 49.213378 ], [ 20.873325, 49.213762 ], [ 20.873359, 49.213975 ], [ 20.87336, 49.21404 ], [ 20.873699, 49.213965 ], [ 20.874061, 49.214342 ], [ 20.874001, 49.214623 ], [ 20.874436, 49.214987 ], [ 20.874486, 49.215076 ], [ 20.874617, 49.215219 ], [ 20.874928, 49.215307 ], [ 20.87505, 49.215459 ], [ 20.875109, 49.215711 ], [ 20.8752, 49.215788 ], [ 20.875234, 49.215869 ], [ 20.875297, 49.215932 ], [ 20.875474, 49.216003 ], [ 20.875536, 49.216059 ], [ 20.875616, 49.216075 ], [ 20.875789, 49.216216 ], [ 20.87583, 49.21629 ], [ 20.876094, 49.216511 ], [ 20.876303, 49.216645 ], [ 20.876471, 49.216824 ], [ 20.876192, 49.216877 ], [ 20.875911, 49.216862 ], [ 20.87584, 49.217034 ], [ 20.875992, 49.217196 ], [ 20.876238, 49.217718 ], [ 20.876576, 49.218118 ], [ 20.876655, 49.218284 ], [ 20.876335, 49.219389 ], [ 20.876217, 49.220445 ], [ 20.876267, 49.221034 ], [ 20.876422, 49.221324 ], [ 20.876914, 49.221188 ], [ 20.877276, 49.221205 ], [ 20.877393, 49.221217 ], [ 20.877449, 49.221551 ], [ 20.877631, 49.221707 ], [ 20.877747, 49.221828 ], [ 20.877768, 49.221971 ], [ 20.877869, 49.222101 ], [ 20.877909, 49.22224 ], [ 20.877932, 49.222359 ], [ 20.877903, 49.222487 ], [ 20.877824, 49.222682 ], [ 20.877998, 49.222809 ], [ 20.877913, 49.222968 ], [ 20.877794, 49.222989 ], [ 20.877739, 49.223127 ], [ 20.877676, 49.223218 ], [ 20.877528, 49.22328 ], [ 20.877494, 49.223524 ], [ 20.877601, 49.223552 ], [ 20.877621, 49.223608 ], [ 20.877569, 49.223653 ], [ 20.877502, 49.223669 ], [ 20.877437, 49.223758 ], [ 20.877394, 49.223895 ], [ 20.877297, 49.223925 ], [ 20.877166, 49.224009 ], [ 20.876884, 49.22404 ], [ 20.876948, 49.224063 ], [ 20.876894, 49.224081 ], [ 20.876866, 49.224161 ], [ 20.876762, 49.224152 ], [ 20.876619, 49.224229 ], [ 20.876582, 49.22432 ], [ 20.87642, 49.224368 ], [ 20.876355, 49.224514 ], [ 20.876148, 49.224649 ], [ 20.876108, 49.224805 ], [ 20.876199, 49.22498 ], [ 20.876201, 49.225105 ], [ 20.876108, 49.225113 ], [ 20.876185, 49.225252 ], [ 20.876077, 49.225345 ], [ 20.876107, 49.225426 ], [ 20.87603, 49.2255 ], [ 20.876023, 49.22561 ], [ 20.876136, 49.225671 ], [ 20.87601, 49.225784 ], [ 20.876037, 49.225851 ], [ 20.87588, 49.225936 ], [ 20.875867, 49.225848 ], [ 20.875784, 49.225845 ], [ 20.875646, 49.225978 ], [ 20.875691, 49.226044 ], [ 20.87549, 49.22602 ], [ 20.875448, 49.2261 ], [ 20.875356, 49.226129 ], [ 20.875406, 49.226208 ], [ 20.875394, 49.226281 ], [ 20.87552, 49.226333 ], [ 20.875559, 49.226384 ], [ 20.875518, 49.226418 ], [ 20.875344, 49.2264 ], [ 20.875311, 49.226446 ], [ 20.875173, 49.226466 ], [ 20.875272, 49.226623 ], [ 20.875141, 49.226662 ], [ 20.875208, 49.226717 ], [ 20.875167, 49.226764 ], [ 20.875075, 49.22676 ], [ 20.875028, 49.226806 ], [ 20.875187, 49.227801 ], [ 20.8754515, 49.2275512 ], [ 20.876807, 49.226271 ], [ 20.881178, 49.22534 ], [ 20.882954, 49.225031 ], [ 20.884739, 49.224801 ], [ 20.88462, 49.225781 ], [ 20.884719, 49.22638 ], [ 20.885497, 49.22652 ], [ 20.886271, 49.226655 ], [ 20.886299, 49.226613 ], [ 20.886433, 49.226415 ], [ 20.88657, 49.226214 ], [ 20.886695, 49.226028 ], [ 20.88682, 49.225843 ], [ 20.886858, 49.225788 ], [ 20.886974, 49.225618 ], [ 20.886812, 49.225574 ], [ 20.886843, 49.225484 ], [ 20.886934, 49.225212 ], [ 20.886969, 49.225035 ], [ 20.887042, 49.224663 ], [ 20.887102, 49.224356 ], [ 20.887296, 49.224181 ], [ 20.887372, 49.223945 ], [ 20.887447, 49.22371 ], [ 20.887522, 49.223476 ], [ 20.887599, 49.223239 ], [ 20.887707, 49.222902 ], [ 20.887817, 49.222561 ], [ 20.887891, 49.222187 ], [ 20.887926, 49.222013 ], [ 20.887931, 49.221811 ], [ 20.887906, 49.221627 ], [ 20.887873, 49.221376 ], [ 20.887873, 49.221371 ], [ 20.887828, 49.22128 ], [ 20.887771, 49.221237 ], [ 20.887742, 49.221162 ], [ 20.887586, 49.221159 ], [ 20.887578, 49.220922 ], [ 20.887545, 49.220552 ], [ 20.887708, 49.220286 ], [ 20.887101, 49.220017 ], [ 20.886316, 49.219844 ], [ 20.886497, 49.21938 ], [ 20.88753, 49.218578 ], [ 20.887484, 49.218547 ], [ 20.887948, 49.218019 ], [ 20.888257, 49.21777 ], [ 20.88797, 49.217766 ], [ 20.88789, 49.217766 ], [ 20.887853, 49.217765 ], [ 20.887804, 49.217772 ], [ 20.885876, 49.218038 ], [ 20.885866, 49.217975 ], [ 20.885849, 49.217872 ], [ 20.886009, 49.21747 ], [ 20.886077, 49.2173 ], [ 20.885552, 49.217161 ], [ 20.885625, 49.215524 ], [ 20.885873, 49.214442 ], [ 20.885924, 49.214191 ], [ 20.886533, 49.214099 ], [ 20.886444, 49.214005 ], [ 20.886608, 49.213778 ], [ 20.885564, 49.21261 ], [ 20.885421, 49.212171 ], [ 20.885653, 49.211021 ], [ 20.886267, 49.211121 ], [ 20.886242, 49.210562 ], [ 20.886741, 49.210631 ], [ 20.887183, 49.210666 ], [ 20.887345, 49.210426 ], [ 20.886396, 49.210101 ], [ 20.885671, 49.210093 ], [ 20.885947, 49.209602 ], [ 20.886174, 49.20934 ], [ 20.886233, 49.209272 ], [ 20.88713, 49.209476 ], [ 20.887803, 49.209746 ], [ 20.888787, 49.210299 ], [ 20.88904, 49.210514 ], [ 20.88959, 49.210021 ], [ 20.88965, 49.209977 ], [ 20.890109, 49.209721 ], [ 20.890476, 49.208994 ], [ 20.891954, 49.208405 ], [ 20.892869, 49.207464 ], [ 20.892953, 49.207434 ], [ 20.893075, 49.207568 ], [ 20.893495, 49.206959 ], [ 20.894484, 49.205876 ], [ 20.89469, 49.205864 ], [ 20.895001, 49.205292 ], [ 20.895267, 49.205372 ], [ 20.8953, 49.205991 ], [ 20.895563, 49.205982 ], [ 20.89558, 49.206499 ], [ 20.896054, 49.206902 ], [ 20.896703, 49.207094 ], [ 20.897356, 49.207501 ], [ 20.898171, 49.208095 ], [ 20.898808, 49.209027 ], [ 20.899026, 49.208764 ], [ 20.900056, 49.208159 ], [ 20.901785, 49.208284 ], [ 20.903503, 49.207962 ], [ 20.903593, 49.207979 ], [ 20.905841, 49.206973 ], [ 20.906867, 49.207653 ], [ 20.908115, 49.20879 ], [ 20.908591, 49.208019 ], [ 20.910836, 49.206763 ], [ 20.912426, 49.205778 ], [ 20.913881, 49.205598 ], [ 20.914569, 49.205827 ], [ 20.915553, 49.205736 ], [ 20.916616, 49.206151 ], [ 20.918229, 49.20698 ], [ 20.9209, 49.210001 ], [ 20.921155, 49.210289 ], [ 20.921832, 49.210662 ], [ 20.921862, 49.210687 ], [ 20.92265, 49.211319 ], [ 20.922749, 49.211431 ], [ 20.923252, 49.212057 ], [ 20.923405, 49.212233 ], [ 20.923655, 49.212523 ], [ 20.924057, 49.212913 ], [ 20.924745, 49.212815 ], [ 20.925124, 49.213054 ], [ 20.926448, 49.21389 ], [ 20.927981, 49.21259 ], [ 20.928789, 49.211889 ], [ 20.9297, 49.2111 ], [ 20.930512, 49.210319 ], [ 20.931275, 49.211014 ], [ 20.932057, 49.211436 ], [ 20.934935, 49.210587 ], [ 20.935345, 49.210872 ], [ 20.935889, 49.210724 ], [ 20.936602, 49.21119 ], [ 20.936817, 49.211435 ], [ 20.93695, 49.21173 ], [ 20.936656, 49.212228 ], [ 20.936543, 49.212381 ], [ 20.937653, 49.212267 ], [ 20.937819, 49.212249 ], [ 20.938144, 49.21212 ], [ 20.938928, 49.211806 ], [ 20.939319, 49.21165 ], [ 20.940203, 49.211298 ], [ 20.941026, 49.210971 ], [ 20.941633, 49.210728 ], [ 20.941681, 49.210709 ], [ 20.943145, 49.210856 ], [ 20.943226, 49.210864 ], [ 20.943614, 49.210668 ], [ 20.943617, 49.210665 ], [ 20.945744, 49.209999 ], [ 20.948991, 49.208933 ], [ 20.94966, 49.208713 ], [ 20.949504, 49.209487 ], [ 20.949606, 49.210617 ], [ 20.950058, 49.211908 ], [ 20.951171, 49.212773 ], [ 20.953368, 49.213772 ], [ 20.953934, 49.213912 ], [ 20.955674, 49.214121 ], [ 20.956344, 49.214352 ], [ 20.957113, 49.214617 ], [ 20.95772, 49.214839 ], [ 20.958666, 49.215419 ], [ 20.959271, 49.215982 ], [ 20.959996, 49.216751 ], [ 20.960683, 49.217253 ], [ 20.961333, 49.217666 ], [ 20.961722, 49.217834 ], [ 20.962521, 49.21823 ], [ 20.964724, 49.218765 ], [ 20.965416, 49.218899 ], [ 20.967168, 49.218969 ], [ 20.969773, 49.218638 ], [ 20.970392, 49.21863 ], [ 20.970923, 49.21845 ], [ 20.9721376, 49.2185669 ], [ 20.973893, 49.21964 ], [ 20.973875, 49.219667 ], [ 20.974099, 49.21972 ], [ 20.975149, 49.219948 ], [ 20.975521, 49.220038 ], [ 20.975762, 49.220132 ], [ 20.976394, 49.220305 ], [ 20.976854, 49.22056 ], [ 20.977247, 49.220887 ], [ 20.977427, 49.221168 ], [ 20.977806, 49.221475 ], [ 20.977958, 49.221728 ], [ 20.977884, 49.221883 ], [ 20.978103, 49.222061 ], [ 20.978113, 49.222192 ], [ 20.9782259, 49.2222966 ], [ 20.9782703, 49.2224472 ], [ 20.978424, 49.222799 ], [ 20.978454, 49.223072 ], [ 20.978688, 49.223672 ], [ 20.978875, 49.224243 ], [ 20.978995, 49.224491 ], [ 20.97925, 49.224917 ], [ 20.979606, 49.225259 ], [ 20.980133, 49.225662 ], [ 20.980919, 49.226222 ], [ 20.981187, 49.226583 ], [ 20.981621, 49.226596 ], [ 20.982225, 49.226657 ], [ 20.983013, 49.22686 ], [ 20.983466, 49.226935 ], [ 20.983995, 49.227114 ], [ 20.984444, 49.227221 ], [ 20.984735, 49.227323 ], [ 20.985454, 49.22757 ], [ 20.988902, 49.228102 ], [ 20.992129, 49.228276 ], [ 20.994443, 49.230453 ], [ 20.994004, 49.230872 ], [ 20.993376, 49.231807 ], [ 20.993027, 49.232121 ], [ 20.992631, 49.232663 ], [ 20.992553, 49.232658 ], [ 20.992901, 49.232787 ], [ 20.993362, 49.233057 ], [ 20.994066, 49.233417 ], [ 20.994577, 49.233617 ], [ 20.994985, 49.233682 ], [ 20.995878, 49.234074 ], [ 20.996179, 49.234272 ], [ 20.996519, 49.234511 ], [ 20.996784, 49.234812 ], [ 20.997024, 49.234939 ], [ 20.997069, 49.235101 ], [ 20.997288, 49.235228 ], [ 20.997273, 49.235242 ], [ 20.997494, 49.235362 ], [ 20.998111, 49.235651 ], [ 20.998413, 49.236112 ], [ 20.998612, 49.236329 ], [ 20.998664, 49.236637 ], [ 20.998771, 49.236993 ], [ 20.999048, 49.237327 ], [ 20.9994, 49.2375 ], [ 20.999958, 49.23762 ], [ 21.000532, 49.237808 ], [ 21.000829, 49.238066 ], [ 21.001043, 49.238378 ], [ 21.001195, 49.238722 ], [ 21.001676, 49.2392 ], [ 21.002138, 49.239596 ], [ 21.002463, 49.239721 ], [ 21.002583, 49.239869 ], [ 21.002654, 49.240316 ], [ 21.0029, 49.240719 ], [ 21.003047, 49.241025 ], [ 21.00307, 49.241214 ], [ 21.002943, 49.241439 ], [ 21.002839, 49.24178 ], [ 21.002925, 49.242113 ], [ 21.002912, 49.242414 ], [ 21.003154, 49.242898 ], [ 21.003218, 49.243149 ], [ 21.003292, 49.243293 ], [ 21.003298, 49.243356 ], [ 21.003375, 49.243573 ], [ 21.003466, 49.243743 ], [ 21.003496, 49.24403 ], [ 21.003601, 49.244333 ], [ 21.003517, 49.244461 ], [ 21.003462, 49.244619 ], [ 21.003504, 49.244834 ], [ 21.003614, 49.245007 ], [ 21.003677, 49.245304 ], [ 21.003652, 49.245482 ], [ 21.003547, 49.24562 ], [ 21.003302, 49.245802 ], [ 21.003086, 49.246065 ], [ 21.002866, 49.246539 ], [ 21.002898, 49.246666 ], [ 21.002886, 49.246801 ], [ 21.002698, 49.247077 ], [ 21.002589, 49.247167 ], [ 21.002434, 49.247414 ], [ 21.002744, 49.247768 ], [ 21.002916, 49.248383 ], [ 21.00301, 49.248485 ], [ 21.003046, 49.24879 ], [ 21.003148, 49.249032 ], [ 21.003111, 49.249238 ], [ 21.003271, 49.24971 ], [ 21.003245, 49.249885 ], [ 21.003261, 49.25016 ], [ 21.003295, 49.250283 ], [ 21.003319, 49.250289 ], [ 21.00329, 49.250304 ], [ 21.00329, 49.25049 ], [ 21.003513, 49.250901 ], [ 21.003674, 49.251018 ], [ 21.003887, 49.251366 ], [ 21.004025, 49.251795 ], [ 21.004096, 49.252192 ], [ 21.0041, 49.252235 ], [ 21.004061, 49.252507 ], [ 21.004108, 49.252754 ], [ 21.004079, 49.253065 ], [ 21.004134, 49.253345 ], [ 21.003974, 49.253772 ], [ 21.003952, 49.254006 ], [ 21.004172, 49.254182 ], [ 21.004264, 49.254414 ], [ 21.004311, 49.254857 ], [ 21.004166, 49.255102 ], [ 21.004238, 49.255262 ], [ 21.004265, 49.25526 ], [ 21.004291, 49.255329 ], [ 21.004095, 49.255431 ], [ 21.003818, 49.25559 ], [ 21.003282, 49.255971 ], [ 21.002369, 49.256297 ], [ 21.002228, 49.256338 ], [ 21.001425, 49.256569 ], [ 21.000982, 49.256668 ], [ 21.000719, 49.256772 ], [ 21.000413, 49.256912 ], [ 21.000141, 49.257018 ], [ 20.999653, 49.25716 ], [ 20.999178, 49.257546 ], [ 20.998402, 49.258182 ], [ 20.998229, 49.258367 ], [ 20.997875, 49.258961 ], [ 20.997864, 49.259028 ], [ 20.997831, 49.259358 ], [ 20.997612, 49.259598 ], [ 20.99734, 49.26004 ], [ 20.997213, 49.260105 ], [ 20.997189, 49.260353 ], [ 20.997071, 49.260848 ], [ 20.997039, 49.261644 ], [ 20.995976, 49.26244 ], [ 20.99663, 49.2635 ], [ 20.996564, 49.26454 ], [ 20.996691, 49.265083 ], [ 20.996636, 49.265694 ], [ 20.996222, 49.266828 ], [ 20.996083, 49.267767 ], [ 20.995619, 49.269598 ], [ 20.994868, 49.27092 ], [ 20.992411, 49.272124 ], [ 20.991399, 49.272653 ], [ 20.990944, 49.273017 ], [ 20.990564, 49.273536 ], [ 20.990987, 49.274989 ], [ 20.991352, 49.275175 ], [ 20.990024, 49.277018 ], [ 20.990206, 49.277351 ], [ 20.990411, 49.277439 ], [ 20.991182, 49.277622 ], [ 20.991332, 49.277667 ], [ 20.991382, 49.277734 ], [ 20.991385, 49.277719 ], [ 20.991958, 49.277733 ], [ 20.992373, 49.277676 ], [ 20.992457, 49.277642 ], [ 20.992723, 49.277633 ], [ 20.99287, 49.27759 ], [ 20.993154, 49.277602 ], [ 20.993387, 49.27758 ], [ 20.993912, 49.277465 ], [ 20.994071, 49.277441 ], [ 20.994793, 49.277297 ], [ 20.995049, 49.277297 ], [ 20.995434, 49.277237 ], [ 20.99587, 49.277262 ], [ 20.996509, 49.277442 ], [ 20.996874, 49.277502 ], [ 20.997185, 49.27754 ], [ 20.99741, 49.277577 ], [ 20.997859, 49.277678 ], [ 20.998173, 49.277772 ], [ 20.998816, 49.277735 ], [ 20.999222, 49.277769 ], [ 20.999617, 49.277903 ], [ 20.999867, 49.277838 ], [ 21.000188, 49.277802 ], [ 21.000508, 49.277708 ], [ 21.000734, 49.277802 ], [ 21.001065, 49.27772 ], [ 21.001937, 49.277512 ], [ 21.002168, 49.277511 ], [ 21.002858, 49.277487 ], [ 21.003058, 49.277482 ], [ 21.004069, 49.27747 ], [ 21.004869, 49.277415 ], [ 21.004962, 49.277415 ], [ 21.004961, 49.277401 ], [ 21.005897, 49.2774 ], [ 21.006839, 49.277558 ], [ 21.00708, 49.277644 ], [ 21.007707, 49.277743 ], [ 21.00797, 49.277766 ], [ 21.00818, 49.277881 ], [ 21.008431, 49.277835 ], [ 21.010603, 49.278425 ], [ 21.010751, 49.278512 ], [ 21.011186, 49.278501 ], [ 21.011608, 49.278541 ], [ 21.011676, 49.278597 ], [ 21.011729, 49.278642 ], [ 21.012045, 49.278955 ], [ 21.012356, 49.279056 ], [ 21.012601, 49.279426 ], [ 21.012688, 49.279787 ], [ 21.01264, 49.280006 ], [ 21.012645, 49.280225 ], [ 21.013036, 49.280472 ], [ 21.013369, 49.280582 ], [ 21.013358, 49.280691 ], [ 21.013191, 49.280794 ], [ 21.01313, 49.28088 ], [ 21.013166, 49.280978 ], [ 21.013363, 49.281072 ], [ 21.013604, 49.281217 ], [ 21.013667, 49.281367 ], [ 21.013653, 49.281544 ], [ 21.013835, 49.28173 ], [ 21.014089, 49.28178 ], [ 21.014559, 49.28204 ], [ 21.01467, 49.282143 ], [ 21.01477, 49.282327 ], [ 21.014947, 49.282422 ], [ 21.015343, 49.282435 ], [ 21.015384, 49.282647 ], [ 21.01564, 49.28271 ], [ 21.015622, 49.283039 ], [ 21.015408, 49.283103 ], [ 21.01556, 49.28343 ], [ 21.015565, 49.283493 ], [ 21.015431, 49.283672 ], [ 21.015407, 49.28377 ], [ 21.015411, 49.283956 ], [ 21.015353, 49.283966 ], [ 21.015214, 49.283977 ], [ 21.015159, 49.283979 ], [ 21.014332, 49.284081 ], [ 21.013648, 49.284006 ], [ 21.010852, 49.28348 ], [ 21.010558, 49.283587 ], [ 21.00959, 49.283737 ], [ 21.009065, 49.283899 ], [ 21.008574, 49.284257 ], [ 21.008241, 49.284509 ], [ 21.007512, 49.284881 ], [ 21.007175, 49.28512 ], [ 21.006833, 49.285287 ], [ 21.00633, 49.285687 ], [ 21.006104, 49.285844 ], [ 21.005734, 49.286571 ], [ 21.004716, 49.288028 ], [ 21.004078, 49.28889 ], [ 21.004024, 49.288918 ], [ 21.003454, 49.289177 ], [ 21.002676, 49.289563 ], [ 21.002234, 49.289889 ], [ 21.001518, 49.290678 ], [ 21.001437, 49.290771 ], [ 21.001423, 49.290787 ], [ 21.001387, 49.290836 ], [ 21.000841, 49.291479 ], [ 21.00087, 49.291648 ], [ 21.000591, 49.291987 ], [ 21.00054, 49.292037 ], [ 21.000463, 49.292334 ], [ 21.00036, 49.292542 ], [ 21.000358, 49.292687 ], [ 21.000121, 49.293231 ], [ 20.999679, 49.294566 ], [ 20.999553, 49.294788 ], [ 20.999131, 49.295074 ], [ 20.998886, 49.295162 ], [ 20.99882, 49.295267 ], [ 20.998786, 49.295323 ], [ 20.998672, 49.295361 ], [ 20.998486, 49.295445 ], [ 20.997471, 49.29573 ], [ 20.997153, 49.295764 ], [ 20.99629, 49.295716 ], [ 20.996091, 49.296208 ], [ 20.995972, 49.296292 ], [ 20.995785, 49.296477 ], [ 20.995573, 49.296751 ], [ 20.994961, 49.296731 ], [ 20.994371, 49.296896 ], [ 20.994237, 49.296986 ], [ 20.993549, 49.297261 ], [ 20.992534, 49.297683 ], [ 20.992113, 49.298246 ], [ 20.99203, 49.29837 ], [ 20.991829, 49.298606 ], [ 20.991631, 49.298831 ], [ 20.990999, 49.299349 ], [ 20.990647, 49.299677 ], [ 20.990434, 49.299896 ], [ 20.990395, 49.300157 ], [ 20.990149, 49.300501 ], [ 20.990004, 49.300904 ], [ 20.989988, 49.301075 ], [ 20.989982, 49.301235 ], [ 20.989918, 49.301577 ], [ 20.989783, 49.301867 ], [ 20.989545, 49.302221 ], [ 20.989034, 49.303165 ], [ 20.988903, 49.303379 ], [ 20.988708, 49.303698 ], [ 20.988539, 49.303974 ], [ 20.988417, 49.304126 ], [ 20.988326, 49.304255 ], [ 20.988277, 49.304362 ], [ 20.988318, 49.304484 ], [ 20.98825, 49.304531 ], [ 20.987929, 49.305084 ], [ 20.98785, 49.305221 ], [ 20.98794, 49.305372 ], [ 20.987786, 49.305477 ], [ 20.987495, 49.305647 ], [ 20.987419, 49.305651 ], [ 20.987224, 49.305759 ], [ 20.987037, 49.30594 ], [ 20.9867, 49.306219 ], [ 20.986453, 49.30634 ], [ 20.986567, 49.306589 ], [ 20.986545, 49.306621 ], [ 20.986036, 49.30658 ], [ 20.986001, 49.306579 ], [ 20.985828, 49.306587 ], [ 20.985784, 49.306597 ], [ 20.985765, 49.306603 ], [ 20.98559, 49.30669 ], [ 20.985127, 49.306923 ], [ 20.985088, 49.306945 ], [ 20.98495, 49.30704 ], [ 20.984887, 49.307096 ], [ 20.98483, 49.307156 ], [ 20.98481, 49.307182 ], [ 20.984707, 49.30739 ], [ 20.984664, 49.307597 ], [ 20.98463, 49.307698 ], [ 20.984617, 49.307727 ], [ 20.984578, 49.307797 ], [ 20.984549, 49.307846 ], [ 20.984533, 49.307866 ], [ 20.984496, 49.307905 ], [ 20.984474, 49.307926 ], [ 20.984434, 49.307952 ], [ 20.984416, 49.307965 ], [ 20.984343, 49.307977 ], [ 20.984308, 49.307965 ], [ 20.984229, 49.307941 ], [ 20.984179, 49.307924 ], [ 20.984027, 49.307867 ], [ 20.983984, 49.307852 ], [ 20.983418, 49.307653 ], [ 20.983109, 49.307567 ], [ 20.982642, 49.307654 ], [ 20.9824093, 49.3076138 ], [ 20.982196, 49.307577 ], [ 20.98191, 49.307689 ], [ 20.98175, 49.307766 ], [ 20.981744, 49.307769 ], [ 20.981589, 49.307841 ], [ 20.981582, 49.307844 ], [ 20.981244, 49.307845 ], [ 20.981236, 49.307845 ], [ 20.98092, 49.30805 ], [ 20.980902, 49.308046 ], [ 20.980718, 49.30802 ], [ 20.980714, 49.308019 ], [ 20.980468, 49.308032 ], [ 20.980452, 49.308035 ], [ 20.980363, 49.308107 ], [ 20.980347, 49.308107 ], [ 20.980264, 49.308112 ], [ 20.980255, 49.308118 ], [ 20.980036, 49.308287 ], [ 20.980032, 49.30829 ], [ 20.980001, 49.30849 ], [ 20.979994, 49.308491 ], [ 20.979721, 49.308544 ], [ 20.979711, 49.308547 ], [ 20.979522, 49.30862 ], [ 20.979516, 49.308622 ], [ 20.979395, 49.308652 ], [ 20.979391, 49.308658 ], [ 20.979358, 49.308694 ], [ 20.979353, 49.308696 ], [ 20.979193, 49.308737 ], [ 20.979183, 49.30874 ], [ 20.978971, 49.308644 ], [ 20.978965, 49.308646 ], [ 20.978903, 49.308675 ], [ 20.978896, 49.308678 ], [ 20.978823, 49.308758 ], [ 20.97882, 49.308762 ], [ 20.978611, 49.308752 ], [ 20.978431, 49.308752 ], [ 20.978423, 49.308754 ], [ 20.978104, 49.308827 ], [ 20.977705, 49.308931 ], [ 20.977519, 49.308965 ], [ 20.977509, 49.308971 ], [ 20.977345, 49.309119 ], [ 20.977316, 49.309124 ], [ 20.97727, 49.309116 ], [ 20.977148, 49.309077 ], [ 20.977128, 49.309082 ], [ 20.977082, 49.309115 ], [ 20.977073, 49.309195 ], [ 20.976983, 49.309274 ], [ 20.976591, 49.3093 ], [ 20.976425, 49.30924 ], [ 20.976175, 49.30928 ], [ 20.97596, 49.309294 ], [ 20.975878, 49.309393 ], [ 20.97573, 49.309476 ], [ 20.975429, 49.309494 ], [ 20.975319, 49.309445 ], [ 20.975089, 49.309487 ], [ 20.975076, 49.309488 ], [ 20.974806, 49.309443 ], [ 20.974613, 49.309458 ], [ 20.974424, 49.309419 ], [ 20.974316, 49.30938 ], [ 20.974031, 49.309351 ], [ 20.973875, 49.309245 ], [ 20.973857, 49.309233 ], [ 20.973801, 49.309262 ], [ 20.97369, 49.309224 ], [ 20.973578, 49.309118 ], [ 20.973572, 49.309113 ], [ 20.973444, 49.309085 ], [ 20.973404, 49.309118 ], [ 20.973301, 49.309104 ], [ 20.973231, 49.309102 ], [ 20.973066, 49.309092 ], [ 20.972737, 49.308984 ], [ 20.972596, 49.309004 ], [ 20.972144, 49.309067 ], [ 20.971909, 49.309171 ], [ 20.971577, 49.309316 ], [ 20.971306, 49.309423 ], [ 20.971156, 49.309512 ], [ 20.970978, 49.309454 ], [ 20.970872, 49.309489 ], [ 20.970525, 49.309484 ], [ 20.970252, 49.309614 ], [ 20.970211, 49.309645 ], [ 20.970196, 49.309665 ], [ 20.970064, 49.309708 ], [ 20.970062, 49.309715 ], [ 20.970046, 49.309769 ], [ 20.97011, 49.309809 ], [ 20.970097, 49.309844 ], [ 20.970095, 49.309853 ], [ 20.96999, 49.309885 ], [ 20.969884, 49.309897 ], [ 20.96974, 49.309861 ], [ 20.969727, 49.309864 ], [ 20.969615, 49.309887 ], [ 20.969607, 49.309888 ], [ 20.969423, 49.309849 ], [ 20.969422, 49.309836 ], [ 20.969414, 49.309622 ], [ 20.969444, 49.309469 ], [ 20.969354, 49.30947 ], [ 20.969333, 49.309468 ], [ 20.96929, 49.309511 ], [ 20.969271, 49.309505 ], [ 20.968995, 49.309424 ], [ 20.968984, 49.30942 ], [ 20.968606, 49.309504 ], [ 20.968596, 49.309506 ], [ 20.968261, 49.309548 ], [ 20.968234, 49.309548 ], [ 20.967818, 49.309528 ], [ 20.967802, 49.309525 ], [ 20.967525, 49.309336 ], [ 20.967498, 49.309319 ], [ 20.967259, 49.309186 ], [ 20.966874, 49.308963 ], [ 20.966866, 49.308962 ], [ 20.966612, 49.308905 ], [ 20.966411, 49.308835 ], [ 20.966392, 49.30883 ], [ 20.9662132, 49.3087969 ], [ 20.965857, 49.308731 ], [ 20.965839, 49.308729 ], [ 20.965515, 49.308684 ], [ 20.964949, 49.308777 ], [ 20.964333, 49.308785 ], [ 20.964325, 49.308784 ], [ 20.963963, 49.308804 ], [ 20.963934, 49.308803 ], [ 20.963542, 49.308781 ], [ 20.96352, 49.308779 ], [ 20.963329, 49.308746 ], [ 20.963324, 49.308742 ], [ 20.963129, 49.30859 ], [ 20.963107, 49.30858 ], [ 20.962738, 49.308477 ], [ 20.962735, 49.30846 ], [ 20.962718, 49.308301 ], [ 20.962703, 49.308094 ], [ 20.962703, 49.308089 ], [ 20.962496, 49.307751 ], [ 20.962492, 49.30774 ], [ 20.9624808, 49.3075534 ], [ 20.962566, 49.307323 ], [ 20.962573, 49.307287 ], [ 20.962558, 49.30719 ], [ 20.96255, 49.307173 ], [ 20.962446, 49.306987 ], [ 20.9624404, 49.3069781 ], [ 20.962237, 49.306759 ], [ 20.962236, 49.306753 ], [ 20.962183, 49.306491 ], [ 20.962179, 49.306481 ], [ 20.961877, 49.306224 ], [ 20.961874, 49.306222 ], [ 20.961403, 49.306049 ], [ 20.961396, 49.306048 ], [ 20.960671, 49.305866 ], [ 20.960391, 49.305816 ], [ 20.960001, 49.30584 ], [ 20.959993, 49.305841 ], [ 20.959419, 49.305885 ], [ 20.959401, 49.30589 ], [ 20.95929, 49.305951 ], [ 20.95928, 49.305957 ], [ 20.95916, 49.305904 ], [ 20.959138, 49.305894 ], [ 20.958772, 49.305958 ], [ 20.958753, 49.305962 ], [ 20.958595, 49.306009 ], [ 20.958581, 49.306013 ], [ 20.958376, 49.305917 ], [ 20.958182, 49.305894 ], [ 20.958169, 49.305889 ], [ 20.95813, 49.305879 ], [ 20.958115, 49.305871 ], [ 20.95796, 49.305709 ], [ 20.957954, 49.305707 ], [ 20.957729, 49.305653 ], [ 20.957711, 49.305647 ], [ 20.957472, 49.305461 ], [ 20.957102, 49.305165 ], [ 20.957097, 49.305159 ], [ 20.956946, 49.304989 ], [ 20.956944, 49.304984 ], [ 20.95691, 49.304875 ], [ 20.956908, 49.304872 ], [ 20.956907, 49.304719 ], [ 20.956907, 49.304713 ], [ 20.956846, 49.30464 ], [ 20.956776, 49.304646 ], [ 20.956595, 49.304548 ], [ 20.956505, 49.30447 ], [ 20.956496, 49.304454 ], [ 20.956354, 49.304439 ], [ 20.956349, 49.304432 ], [ 20.95624, 49.304276 ], [ 20.956234, 49.304267 ], [ 20.956031, 49.304187 ], [ 20.956023, 49.304184 ], [ 20.955742, 49.304115 ], [ 20.955735, 49.304114 ], [ 20.955324, 49.303979 ], [ 20.955318, 49.303977 ], [ 20.955074, 49.303912 ], [ 20.955066, 49.30391 ], [ 20.954908, 49.303778 ], [ 20.954898, 49.303773 ], [ 20.954521, 49.303591 ], [ 20.954513, 49.303588 ], [ 20.954175, 49.303498 ], [ 20.953767, 49.303427 ], [ 20.953749, 49.303423 ], [ 20.953445, 49.303339 ], [ 20.953031, 49.303133 ], [ 20.952884, 49.303047 ], [ 20.952653, 49.302929 ], [ 20.95206, 49.302795 ], [ 20.951699, 49.302739 ], [ 20.951473, 49.3027 ], [ 20.951105, 49.30256 ], [ 20.950671, 49.302405 ], [ 20.950645, 49.302394 ], [ 20.950402, 49.302282 ], [ 20.949965, 49.30212 ], [ 20.949946, 49.302114 ], [ 20.949606, 49.302143 ], [ 20.949579, 49.302142 ], [ 20.94934, 49.30203 ], [ 20.949321, 49.302022 ], [ 20.949189, 49.302035 ], [ 20.949183, 49.302032 ], [ 20.948995, 49.301919 ], [ 20.948965, 49.301922 ], [ 20.948456, 49.302054 ], [ 20.948377, 49.302073 ], [ 20.948056, 49.302155 ], [ 20.947729, 49.30215 ], [ 20.947713, 49.30215 ], [ 20.947229, 49.302143 ], [ 20.946799, 49.302016 ], [ 20.946772, 49.302013 ], [ 20.946663, 49.302041 ], [ 20.946619, 49.302046 ], [ 20.946444, 49.302052 ], [ 20.946424, 49.302056 ], [ 20.946284, 49.302109 ], [ 20.946247, 49.30211 ], [ 20.945909, 49.302047 ], [ 20.945896, 49.302047 ], [ 20.945623, 49.302022 ], [ 20.945616, 49.30202 ], [ 20.945261, 49.302055 ], [ 20.945251, 49.302051 ], [ 20.945112, 49.302 ], [ 20.945119, 49.301984 ], [ 20.945175, 49.301855 ], [ 20.945179, 49.301845 ], [ 20.945079, 49.301776 ], [ 20.944742, 49.301679 ], [ 20.94472, 49.301674 ], [ 20.944227, 49.301736 ], [ 20.944186, 49.301733 ], [ 20.943977, 49.301666 ], [ 20.943763, 49.301632 ], [ 20.943579, 49.301576 ], [ 20.943422, 49.301529 ], [ 20.943417, 49.301527 ], [ 20.943208, 49.301404 ], [ 20.943199, 49.301398 ], [ 20.942837, 49.301139 ], [ 20.942621, 49.300966 ], [ 20.942615, 49.30096 ], [ 20.942604, 49.300811 ], [ 20.94248, 49.300565 ], [ 20.942469, 49.300553 ], [ 20.942338, 49.300448 ], [ 20.942333, 49.300444 ], [ 20.941987, 49.300359 ], [ 20.941979, 49.300351 ], [ 20.9419, 49.300268 ], [ 20.941851, 49.300238 ], [ 20.941578, 49.300112 ], [ 20.941564, 49.300107 ], [ 20.9414, 49.300098 ], [ 20.941142, 49.299941 ], [ 20.94113, 49.299935 ], [ 20.940885, 49.299824 ], [ 20.940869, 49.299818 ], [ 20.940576, 49.299761 ], [ 20.940573, 49.299754 ], [ 20.940503, 49.299578 ], [ 20.940499, 49.299569 ], [ 20.940425, 49.299447 ], [ 20.94042, 49.299438 ], [ 20.9403936, 49.2994007 ], [ 20.940271, 49.299228 ], [ 20.940212, 49.299192 ], [ 20.940206, 49.299189 ], [ 20.940093, 49.299154 ], [ 20.939584, 49.299097 ], [ 20.939368, 49.299045 ], [ 20.939224, 49.298991 ], [ 20.939214, 49.298988 ], [ 20.938875, 49.298948 ], [ 20.938868, 49.298947 ], [ 20.938579, 49.298976 ], [ 20.938546, 49.298977 ], [ 20.938457, 49.298975 ], [ 20.938366, 49.298962 ], [ 20.938357, 49.298954 ], [ 20.938291, 49.298896 ], [ 20.93828, 49.298886 ], [ 20.938251, 49.298826 ], [ 20.938219, 49.298787 ], [ 20.937958, 49.298658 ], [ 20.937831, 49.298549 ], [ 20.937824, 49.298542 ], [ 20.937642, 49.298378 ], [ 20.937416, 49.298263 ], [ 20.937405, 49.298261 ], [ 20.937208, 49.298245 ], [ 20.93719, 49.298245 ], [ 20.937012, 49.298268 ], [ 20.937005, 49.298268 ], [ 20.936773, 49.298286 ], [ 20.936632, 49.298251 ], [ 20.936504, 49.298193 ], [ 20.936368, 49.298155 ], [ 20.936213, 49.298144 ], [ 20.936203, 49.298145 ], [ 20.93606, 49.298166 ], [ 20.936044, 49.298168 ], [ 20.935962, 49.298176 ], [ 20.935742, 49.298156 ], [ 20.935724, 49.298155 ], [ 20.935481, 49.298161 ], [ 20.935465, 49.298162 ], [ 20.935144, 49.298192 ], [ 20.93513, 49.298192 ], [ 20.934963, 49.298168 ], [ 20.934896, 49.298147 ], [ 20.934883, 49.298139 ], [ 20.934827, 49.298108 ], [ 20.934802, 49.298094 ], [ 20.93463, 49.298001 ], [ 20.934485, 49.297947 ], [ 20.93435, 49.297902 ], [ 20.934248, 49.297883 ], [ 20.934207, 49.297879 ], [ 20.934178, 49.297878 ], [ 20.934168, 49.297879 ], [ 20.934065, 49.297883 ], [ 20.934049, 49.297884 ], [ 20.933971, 49.297912 ], [ 20.933954, 49.29792 ], [ 20.933908, 49.297961 ], [ 20.933879, 49.297994 ], [ 20.933819, 49.298094 ], [ 20.93379, 49.298115 ], [ 20.933785, 49.298118 ], [ 20.933701, 49.298131 ], [ 20.933544, 49.298079 ], [ 20.933529, 49.298074 ], [ 20.933379, 49.298161 ], [ 20.93325, 49.298192 ], [ 20.933222, 49.298186 ], [ 20.933151, 49.298166 ], [ 20.933139, 49.298159 ], [ 20.932974, 49.298058 ], [ 20.932707, 49.297951 ], [ 20.93268, 49.297938 ], [ 20.932497, 49.297826 ], [ 20.932335, 49.297746 ], [ 20.932231, 49.297681 ], [ 20.932075, 49.297559 ], [ 20.932065, 49.297548 ], [ 20.932002, 49.297465 ], [ 20.931997, 49.297459 ], [ 20.931938, 49.297278 ], [ 20.931877, 49.297188 ], [ 20.931671, 49.297077 ], [ 20.931483, 49.297037 ], [ 20.931267, 49.297062 ], [ 20.931129, 49.297061 ], [ 20.931103, 49.297053 ], [ 20.930896, 49.296969 ], [ 20.930881, 49.296963 ], [ 20.930734, 49.296845 ], [ 20.930731, 49.296839 ], [ 20.930663, 49.296716 ], [ 20.930652, 49.296701 ], [ 20.930612, 49.296661 ], [ 20.930477, 49.296623 ], [ 20.930468, 49.296624 ], [ 20.93029, 49.29664 ], [ 20.93028, 49.29664 ], [ 20.930107, 49.29665 ], [ 20.930096, 49.296649 ], [ 20.929958, 49.296637 ], [ 20.92978, 49.296634 ], [ 20.929504, 49.296595 ], [ 20.929469, 49.296594 ], [ 20.929458, 49.296594 ], [ 20.929402, 49.296598 ], [ 20.929391, 49.296605 ], [ 20.929369, 49.296616 ], [ 20.929353, 49.296626 ], [ 20.929333, 49.296639 ], [ 20.929288, 49.296687 ], [ 20.929278, 49.296699 ], [ 20.929223, 49.296755 ], [ 20.929217, 49.296764 ], [ 20.929136, 49.296791 ], [ 20.929076, 49.296791 ], [ 20.929023, 49.296784 ], [ 20.928946, 49.296762 ], [ 20.928806, 49.296681 ], [ 20.928791, 49.296663 ], [ 20.928785, 49.296646 ], [ 20.928788, 49.296639 ], [ 20.928592, 49.296496 ], [ 20.928476, 49.296435 ], [ 20.928463, 49.296427 ], [ 20.928305, 49.296388 ], [ 20.928285, 49.296386 ], [ 20.928098, 49.296349 ], [ 20.928056, 49.296343 ], [ 20.927913, 49.29633 ], [ 20.927815, 49.296343 ], [ 20.927773, 49.296372 ], [ 20.927591, 49.296362 ], [ 20.927557, 49.296361 ], [ 20.926965, 49.296361 ], [ 20.926947, 49.296361 ], [ 20.926726, 49.296383 ], [ 20.926706, 49.29637 ], [ 20.926587, 49.29628 ], [ 20.926529, 49.296257 ], [ 20.926414, 49.296268 ], [ 20.926206, 49.296261 ], [ 20.926121, 49.296227 ], [ 20.925811, 49.296351 ], [ 20.925638, 49.296053 ], [ 20.9255434, 49.2960692 ], [ 20.9253296, 49.296119 ], [ 20.9251909, 49.296158 ], [ 20.924527, 49.296321 ], [ 20.924084, 49.295969 ], [ 20.924007, 49.296022 ], [ 20.923997, 49.2960294 ], [ 20.9239749, 49.2960456 ], [ 20.923908, 49.296098 ], [ 20.9237507, 49.2962509 ], [ 20.923728, 49.2962685 ], [ 20.923461, 49.296453 ], [ 20.923581, 49.296482 ], [ 20.923631, 49.296505 ], [ 20.923686, 49.296536 ], [ 20.923946, 49.296681 ], [ 20.924104, 49.296896 ], [ 20.924178, 49.296951 ], [ 20.924187, 49.297115 ], [ 20.924105, 49.29724 ], [ 20.924087, 49.297489 ], [ 20.924085, 49.297545 ], [ 20.924091, 49.297613 ], [ 20.924076, 49.297809 ], [ 20.924075, 49.297948 ], [ 20.92411, 49.298261 ], [ 20.924165, 49.298518 ], [ 20.924204, 49.298655 ], [ 20.924253, 49.298806 ], [ 20.924276, 49.299009 ], [ 20.924208, 49.299089 ], [ 20.924125, 49.299223 ], [ 20.923871, 49.299469 ], [ 20.923507, 49.299652 ], [ 20.923422, 49.299759 ], [ 20.923336, 49.299818 ], [ 20.923282, 49.299849 ], [ 20.923068, 49.299946 ], [ 20.922654, 49.300006 ], [ 20.922338, 49.300133 ], [ 20.922268, 49.300226 ], [ 20.922151, 49.30026 ], [ 20.921773, 49.300474 ], [ 20.921757, 49.300508 ], [ 20.921627, 49.300641 ], [ 20.921541, 49.300749 ], [ 20.921417, 49.300938 ], [ 20.921267, 49.301148 ], [ 20.921281, 49.301359 ], [ 20.92117, 49.30173 ], [ 20.920795, 49.302021 ], [ 20.920608, 49.302156 ], [ 20.920279, 49.302345 ], [ 20.920107, 49.302424 ], [ 20.920031, 49.302428 ], [ 20.919769, 49.302563 ], [ 20.919247, 49.302899 ], [ 20.918854, 49.303152 ], [ 20.918741, 49.303262 ], [ 20.918295, 49.303526 ], [ 20.918162, 49.303614 ], [ 20.917673, 49.304017 ], [ 20.917514, 49.304164 ], [ 20.917347, 49.304282 ], [ 20.917063, 49.304425 ], [ 20.916906, 49.304506 ], [ 20.916842, 49.304526 ], [ 20.916459, 49.304659 ], [ 20.916243, 49.304724 ], [ 20.915819, 49.304851 ], [ 20.915501, 49.304944 ], [ 20.915289, 49.305 ], [ 20.914959, 49.305038 ], [ 20.914908, 49.305049 ], [ 20.914694, 49.305079 ], [ 20.914483, 49.305104 ], [ 20.914118, 49.305204 ], [ 20.913713, 49.305315 ], [ 20.913657, 49.30533 ], [ 20.913128, 49.305478 ], [ 20.912961, 49.305531 ], [ 20.912654, 49.30563 ], [ 20.91232, 49.30573 ], [ 20.912212, 49.305773 ], [ 20.91191, 49.305944 ], [ 20.911564, 49.306124 ], [ 20.91134, 49.306266 ], [ 20.911294, 49.306337 ], [ 20.911081, 49.306539 ], [ 20.910989, 49.306596 ], [ 20.910787, 49.306859 ], [ 20.91052, 49.307182 ], [ 20.910382, 49.307375 ], [ 20.910276, 49.307838 ], [ 20.910155, 49.308399 ], [ 20.910139, 49.30846 ], [ 20.910097, 49.308727 ], [ 20.910057, 49.308796 ], [ 20.909993, 49.30906 ], [ 20.909989, 49.309222 ], [ 20.910051, 49.309432 ], [ 20.910067, 49.309531 ], [ 20.910105, 49.309679 ], [ 20.910117, 49.309828 ], [ 20.910238, 49.310119 ], [ 20.91025, 49.310161 ], [ 20.910312, 49.31048 ], [ 20.910315, 49.310538 ], [ 20.910319, 49.31082 ], [ 20.910323, 49.31088 ], [ 20.910327, 49.310925 ], [ 20.910342, 49.311141 ], [ 20.910313, 49.311383 ], [ 20.91024, 49.311474 ], [ 20.910025, 49.31167 ], [ 20.909456, 49.312142 ], [ 20.909183, 49.312319 ], [ 20.9087, 49.312544 ], [ 20.908291, 49.31273 ], [ 20.908241, 49.312758 ], [ 20.907879, 49.312954 ], [ 20.907756, 49.313029 ], [ 20.90758, 49.313132 ], [ 20.907369, 49.313246 ], [ 20.907117, 49.313355 ], [ 20.906916, 49.313449 ], [ 20.906724, 49.313532 ], [ 20.906658, 49.313558 ], [ 20.906423, 49.313695 ], [ 20.906359, 49.313731 ], [ 20.906132, 49.313846 ], [ 20.906082, 49.313873 ], [ 20.905891, 49.313956 ], [ 20.90584, 49.313995 ], [ 20.905683, 49.31408 ], [ 20.905431, 49.314205 ], [ 20.90537, 49.314236 ], [ 20.905294, 49.314269 ], [ 20.905153, 49.314337 ], [ 20.904964, 49.314442 ], [ 20.904681, 49.314589 ], [ 20.904533, 49.314697 ], [ 20.904274, 49.314883 ], [ 20.903919, 49.315103 ], [ 20.903646, 49.315444 ], [ 20.903583, 49.315531 ], [ 20.903514, 49.315616 ], [ 20.90328, 49.315895 ], [ 20.903259, 49.315917 ], [ 20.903184, 49.316044 ], [ 20.903145, 49.316128 ], [ 20.903139, 49.316163 ], [ 20.903102, 49.316289 ], [ 20.903074, 49.316457 ], [ 20.90307, 49.316542 ], [ 20.903079, 49.316705 ], [ 20.903091, 49.316814 ], [ 20.903106, 49.316918 ], [ 20.903127, 49.317045 ], [ 20.903192, 49.317276 ], [ 20.903209, 49.317325 ], [ 20.903212, 49.31746 ], [ 20.903217, 49.31748 ], [ 20.903237, 49.317551 ], [ 20.903244, 49.317569 ], [ 20.903332, 49.317769 ], [ 20.903367, 49.317849 ], [ 20.903427, 49.318012 ], [ 20.903466, 49.318119 ], [ 20.90356, 49.318308 ], [ 20.903613, 49.318353 ], [ 20.903788, 49.318526 ], [ 20.90389, 49.31861 ], [ 20.903919, 49.318636 ], [ 20.904092, 49.318795 ], [ 20.904119, 49.318822 ], [ 20.904309, 49.318924 ], [ 20.904514, 49.318986 ], [ 20.904803, 49.319062 ], [ 20.904944, 49.319096 ], [ 20.905153, 49.319126 ], [ 20.905338, 49.319152 ], [ 20.9054, 49.319159 ], [ 20.905539, 49.319184 ], [ 20.906007, 49.319246 ], [ 20.906658, 49.319178 ], [ 20.90688, 49.319155 ], [ 20.907191, 49.319157 ], [ 20.907323, 49.319189 ], [ 20.907453, 49.319254 ], [ 20.907595, 49.319449 ], [ 20.907616, 49.31958 ], [ 20.907594, 49.319798 ], [ 20.9075, 49.3201 ], [ 20.907421, 49.3203 ], [ 20.907354, 49.320527 ], [ 20.907321, 49.320616 ], [ 20.907296, 49.320714 ], [ 20.90724, 49.320842 ], [ 20.907177, 49.320962 ], [ 20.907098, 49.321141 ], [ 20.90708, 49.321169 ], [ 20.906846, 49.321495 ], [ 20.906837, 49.321509 ], [ 20.906539, 49.321815 ], [ 20.906378, 49.321965 ], [ 20.906324, 49.322014 ], [ 20.9062, 49.322109 ], [ 20.906008, 49.322267 ], [ 20.905919, 49.322336 ], [ 20.905673, 49.32251 ], [ 20.905401, 49.32267 ], [ 20.905369, 49.322688 ], [ 20.9051156, 49.3228145 ], [ 20.9049806, 49.3228736 ], [ 20.904569, 49.32305 ], [ 20.904497, 49.323088 ], [ 20.90408, 49.323299 ], [ 20.903669, 49.323488 ], [ 20.903575, 49.323535 ], [ 20.903307, 49.323647 ], [ 20.903037, 49.323768 ], [ 20.902858, 49.323838 ], [ 20.902578, 49.323928 ], [ 20.902144, 49.324009 ], [ 20.902054, 49.323997 ], [ 20.901873, 49.323992 ], [ 20.90141, 49.323996 ], [ 20.901281, 49.323977 ], [ 20.900878, 49.324035 ], [ 20.900661, 49.32406 ], [ 20.900382, 49.324097 ], [ 20.90011, 49.324116 ], [ 20.900055, 49.324132 ], [ 20.899518, 49.324288 ], [ 20.899457, 49.324307 ], [ 20.899086, 49.324456 ], [ 20.898971, 49.324506 ], [ 20.898529, 49.324715 ], [ 20.898484, 49.324737 ], [ 20.897948, 49.324964 ], [ 20.897905, 49.324982 ], [ 20.897587, 49.325104 ], [ 20.897527, 49.325119 ], [ 20.897357, 49.325218 ], [ 20.897215, 49.325311 ], [ 20.897172, 49.325355 ], [ 20.896981, 49.325161 ], [ 20.896975, 49.325142 ], [ 20.896931, 49.325075 ], [ 20.896926, 49.325061 ], [ 20.896848, 49.324896 ], [ 20.896753, 49.324811 ], [ 20.896657, 49.324788 ], [ 20.896524, 49.324835 ], [ 20.896509, 49.324837 ], [ 20.896281, 49.324839 ], [ 20.896268, 49.32484 ], [ 20.896078, 49.32477 ], [ 20.89606, 49.324766 ], [ 20.895833, 49.324749 ], [ 20.895814, 49.324748 ], [ 20.895582, 49.324716 ], [ 20.895189, 49.324573 ], [ 20.895175, 49.324567 ], [ 20.89495, 49.324438 ], [ 20.894726, 49.32448 ], [ 20.894586, 49.32439 ], [ 20.894533, 49.324357 ], [ 20.893837, 49.324305 ], [ 20.893671, 49.324196 ], [ 20.893487, 49.324159 ], [ 20.89347, 49.324152 ], [ 20.893251, 49.324029 ], [ 20.893122, 49.324066 ], [ 20.893046, 49.324013 ], [ 20.892906, 49.32401 ], [ 20.892705, 49.324052 ], [ 20.892336, 49.324073 ], [ 20.892113, 49.324087 ], [ 20.891962, 49.32401 ], [ 20.891467, 49.324036 ], [ 20.891027, 49.324101 ], [ 20.890799, 49.324058 ], [ 20.890554, 49.323937 ], [ 20.890542, 49.323934 ], [ 20.890265, 49.323905 ], [ 20.890248, 49.323902 ], [ 20.889987, 49.323832 ], [ 20.889915, 49.323735 ], [ 20.889899, 49.32373 ], [ 20.889831, 49.323718 ], [ 20.889807, 49.323719 ], [ 20.889709, 49.323726 ], [ 20.889618, 49.323672 ], [ 20.88926, 49.32348 ], [ 20.889095, 49.323276 ], [ 20.889079, 49.323267 ], [ 20.888947, 49.323221 ], [ 20.888934, 49.323214 ], [ 20.888836, 49.323107 ], [ 20.888506, 49.323033 ], [ 20.888492, 49.323029 ], [ 20.888391, 49.322983 ], [ 20.888352, 49.322947 ], [ 20.888333, 49.322931 ], [ 20.888216, 49.322831 ], [ 20.88794, 49.322647 ], [ 20.887853, 49.322366 ], [ 20.887694, 49.322173 ], [ 20.887499, 49.321997 ], [ 20.887411, 49.321948 ], [ 20.887396, 49.321936 ], [ 20.887188, 49.321692 ], [ 20.887181, 49.321683 ], [ 20.887173, 49.321673 ], [ 20.887094, 49.321564 ], [ 20.887112, 49.321358 ], [ 20.887109, 49.321161 ], [ 20.887025, 49.321075 ], [ 20.887008, 49.321021 ], [ 20.887154, 49.320752 ], [ 20.88711, 49.320639 ], [ 20.887133, 49.320507 ], [ 20.887199, 49.320424 ], [ 20.887157, 49.320271 ], [ 20.886657, 49.319942 ], [ 20.886136, 49.31975 ], [ 20.885875, 49.319623 ], [ 20.885805, 49.319614 ], [ 20.885597, 49.319575 ], [ 20.885581, 49.319572 ], [ 20.885458, 49.319516 ], [ 20.885446, 49.319513 ], [ 20.885182, 49.319478 ], [ 20.885156, 49.319472 ], [ 20.885058, 49.319444 ], [ 20.884995, 49.319421 ], [ 20.88495, 49.319397 ], [ 20.884725, 49.319294 ], [ 20.884696, 49.319281 ], [ 20.88449, 49.319185 ], [ 20.884477, 49.319181 ], [ 20.884187, 49.319095 ], [ 20.88395, 49.319108 ], [ 20.883639, 49.319137 ], [ 20.883564, 49.319132 ], [ 20.88354, 49.319131 ], [ 20.883312, 49.319133 ], [ 20.883294, 49.319134 ], [ 20.883242, 49.319154 ], [ 20.883054, 49.319228 ], [ 20.882892, 49.319248 ], [ 20.882621, 49.319333 ], [ 20.88231, 49.319406 ], [ 20.882222, 49.319432 ], [ 20.881918, 49.319523 ], [ 20.881756, 49.319559 ], [ 20.881741, 49.319571 ], [ 20.881532, 49.319742 ], [ 20.881552, 49.319781 ], [ 20.881563, 49.319797 ], [ 20.88155, 49.319802 ], [ 20.881446, 49.319844 ], [ 20.881297, 49.319871 ], [ 20.881193, 49.319872 ], [ 20.88096, 49.319894 ], [ 20.880719, 49.319974 ], [ 20.880339, 49.320115 ], [ 20.879809, 49.320191 ], [ 20.879591, 49.32019 ], [ 20.879575, 49.320189 ], [ 20.879072, 49.320112 ], [ 20.878906, 49.320117 ], [ 20.878409, 49.320202 ], [ 20.878387, 49.320206 ], [ 20.878064, 49.320261 ], [ 20.877877, 49.320256 ], [ 20.877739, 49.320223 ], [ 20.877723, 49.320217 ], [ 20.877586, 49.320157 ], [ 20.877436, 49.320033 ], [ 20.877427, 49.320025 ], [ 20.877145, 49.319961 ], [ 20.876904, 49.31991 ], [ 20.876562, 49.319801 ], [ 20.876348, 49.319674 ], [ 20.87624, 49.319558 ], [ 20.876083, 49.319494 ], [ 20.875867, 49.31949 ], [ 20.87564, 49.319493 ], [ 20.875451, 49.319548 ], [ 20.875408, 49.319599 ], [ 20.875235, 49.319662 ], [ 20.874843, 49.319682 ], [ 20.874111, 49.319721 ], [ 20.873227, 49.319748 ], [ 20.872738, 49.319789 ], [ 20.873121, 49.320513 ], [ 20.873523, 49.320952 ], [ 20.87384, 49.321174 ], [ 20.874252, 49.321452 ], [ 20.875191, 49.321721 ], [ 20.875804, 49.321969 ], [ 20.876023, 49.322037 ], [ 20.87624, 49.322073 ], [ 20.876436, 49.322097 ], [ 20.876632, 49.322119 ], [ 20.87678, 49.32214 ], [ 20.876932, 49.322162 ], [ 20.877123, 49.322153 ], [ 20.877359, 49.322154 ], [ 20.877693, 49.322146 ], [ 20.878091, 49.322137 ], [ 20.878159, 49.322135 ], [ 20.878229, 49.322143 ], [ 20.878482, 49.322199 ], [ 20.878879, 49.322319 ], [ 20.879133, 49.322385 ], [ 20.879237, 49.322394 ], [ 20.879368, 49.322427 ], [ 20.879513, 49.322502 ], [ 20.879581, 49.32255 ], [ 20.879638, 49.322615 ], [ 20.879751, 49.322826 ], [ 20.879837, 49.322985 ], [ 20.879865, 49.323039 ], [ 20.879872, 49.32311 ], [ 20.879878, 49.323173 ], [ 20.879968, 49.323309 ], [ 20.879982, 49.323331 ], [ 20.880029, 49.323467 ], [ 20.880055, 49.323541 ], [ 20.88008, 49.323615 ], [ 20.88045, 49.324242 ], [ 20.880824, 49.324867 ], [ 20.881082, 49.325573 ], [ 20.88086, 49.326316 ], [ 20.880807, 49.326563 ], [ 20.88081, 49.32662 ], [ 20.880802, 49.326676 ], [ 20.880794, 49.326739 ], [ 20.880789, 49.326828 ], [ 20.880783, 49.326924 ], [ 20.880802, 49.327027 ], [ 20.880807, 49.327052 ], [ 20.880827, 49.327149 ], [ 20.880829, 49.327158 ], [ 20.880836, 49.327171 ], [ 20.880855, 49.327195 ], [ 20.880873, 49.327215 ], [ 20.880955, 49.327294 ], [ 20.881037, 49.327372 ], [ 20.88106, 49.327386 ], [ 20.881083, 49.3274 ], [ 20.881143, 49.327435 ], [ 20.881264, 49.327474 ], [ 20.881416, 49.327503 ], [ 20.881545, 49.327576 ], [ 20.881612, 49.327646 ], [ 20.881635, 49.327662 ], [ 20.88175, 49.327731 ], [ 20.88181, 49.327821 ], [ 20.88183, 49.327859 ], [ 20.881832, 49.327867 ], [ 20.881845, 49.327914 ], [ 20.881879, 49.328011 ], [ 20.881993, 49.32841 ], [ 20.882006, 49.328469 ], [ 20.882004, 49.328498 ], [ 20.882001, 49.328527 ], [ 20.881996, 49.328552 ], [ 20.88199, 49.328573 ], [ 20.881919, 49.328653 ], [ 20.881829, 49.328774 ], [ 20.881706, 49.328941 ], [ 20.881677, 49.328983 ], [ 20.881647, 49.329084 ], [ 20.881591, 49.329254 ], [ 20.881533, 49.329426 ], [ 20.881516, 49.329458 ], [ 20.881491, 49.329481 ], [ 20.881427, 49.329506 ], [ 20.881354, 49.329533 ], [ 20.881296, 49.329558 ], [ 20.881223, 49.329592 ], [ 20.88114, 49.329645 ], [ 20.881135, 49.329678 ], [ 20.881152, 49.329719 ], [ 20.881172, 49.329756 ], [ 20.88121, 49.329813 ], [ 20.881275, 49.329912 ], [ 20.881325, 49.329997 ], [ 20.881362, 49.330065 ], [ 20.88138, 49.330137 ], [ 20.88138, 49.33017 ], [ 20.881367, 49.330223 ], [ 20.881266, 49.330336 ], [ 20.88122, 49.330385 ], [ 20.881179, 49.330474 ], [ 20.881182, 49.330558 ], [ 20.881225, 49.330624 ], [ 20.881456, 49.330952 ], [ 20.881565, 49.331122 ], [ 20.881595, 49.331169 ], [ 20.881614, 49.331208 ], [ 20.881619, 49.331234 ], [ 20.881614, 49.33128 ], [ 20.881655, 49.331337 ], [ 20.88171, 49.33139 ], [ 20.881806, 49.331467 ], [ 20.881918, 49.33156 ], [ 20.881994, 49.331655 ], [ 20.88208, 49.331761 ], [ 20.882169, 49.331844 ], [ 20.882242, 49.331926 ], [ 20.882288, 49.332026 ], [ 20.882312, 49.3321 ], [ 20.882335, 49.332169 ], [ 20.882338, 49.332371 ], [ 20.882345, 49.332584 ], [ 20.882361, 49.332734 ], [ 20.882412, 49.332857 ], [ 20.882421, 49.332876 ], [ 20.882426, 49.332912 ], [ 20.882386, 49.333097 ], [ 20.882291, 49.33335 ], [ 20.881256, 49.334414 ], [ 20.879662, 49.334749 ], [ 20.8791317, 49.3349144 ], [ 20.878357, 49.335156 ], [ 20.878132, 49.335294 ], [ 20.877704, 49.335596 ], [ 20.877063, 49.336061 ], [ 20.876524, 49.336686 ], [ 20.876286, 49.337135 ], [ 20.875858, 49.337771 ], [ 20.875383, 49.338061 ], [ 20.875261, 49.338146 ], [ 20.875109, 49.338252 ], [ 20.874799, 49.338306 ], [ 20.874574, 49.338569 ], [ 20.874272, 49.338994 ], [ 20.874024, 49.339469 ], [ 20.873205, 49.339807 ], [ 20.872819, 49.340066 ], [ 20.871943, 49.340627 ], [ 20.8719233, 49.3406538 ], [ 20.871469, 49.340965 ], [ 20.871239, 49.341299 ], [ 20.8714, 49.341456 ], [ 20.871326, 49.341479 ], [ 20.871053, 49.341598 ], [ 20.870965, 49.341603 ], [ 20.870914, 49.341584 ], [ 20.870842, 49.341594 ], [ 20.870626, 49.341693 ], [ 20.870463, 49.341804 ], [ 20.87031, 49.34195 ], [ 20.870264, 49.342046 ], [ 20.870289, 49.342123 ], [ 20.870301, 49.342214 ], [ 20.870346, 49.342356 ], [ 20.870352, 49.342477 ], [ 20.870331, 49.342607 ], [ 20.870261, 49.342745 ], [ 20.870034, 49.342941 ], [ 20.870021, 49.343042 ], [ 20.869866, 49.343254 ], [ 20.869739, 49.343523 ], [ 20.869644, 49.343683 ], [ 20.869551, 49.34384 ], [ 20.869493, 49.343944 ], [ 20.869465, 49.344012 ], [ 20.869413, 49.344132 ], [ 20.869377, 49.344196 ], [ 20.869324, 49.344303 ], [ 20.869248, 49.344488 ], [ 20.869171, 49.344682 ], [ 20.86912, 49.344798 ], [ 20.869003, 49.345026 ], [ 20.86899, 49.345043 ], [ 20.868882, 49.345191 ], [ 20.868777, 49.34532 ], [ 20.868767, 49.345329 ], [ 20.868643, 49.345453 ], [ 20.868476, 49.345625 ], [ 20.868372, 49.345725 ], [ 20.868064, 49.34596 ], [ 20.86788, 49.346077 ], [ 20.867685, 49.346199 ], [ 20.867428, 49.346356 ], [ 20.867255, 49.346483 ], [ 20.866985, 49.34668 ], [ 20.86674, 49.346843 ], [ 20.866226, 49.347109 ], [ 20.865976, 49.347271 ], [ 20.865549, 49.347484 ], [ 20.865503, 49.347499 ], [ 20.8653228, 49.3475535 ], [ 20.865089, 49.347616 ], [ 20.8648967, 49.347656 ], [ 20.864616, 49.347705 ], [ 20.864381, 49.347758 ], [ 20.86432, 49.347767 ], [ 20.864247, 49.347776 ], [ 20.864188, 49.347783 ], [ 20.864069, 49.347797 ], [ 20.86356, 49.347864 ], [ 20.863522, 49.347873 ], [ 20.863165, 49.34795 ], [ 20.863156, 49.347951 ], [ 20.86278, 49.34805 ], [ 20.862632, 49.348081 ], [ 20.862604, 49.348087 ], [ 20.862295, 49.348176 ], [ 20.862184, 49.348222 ], [ 20.86202, 49.348265 ], [ 20.861764, 49.348316 ], [ 20.86172, 49.348316 ], [ 20.861686, 49.348317 ], [ 20.861235, 49.348347 ], [ 20.860288, 49.348399 ], [ 20.860258, 49.348399 ], [ 20.860016, 49.348402 ], [ 20.85973, 49.348398 ], [ 20.859708, 49.348397 ], [ 20.859568, 49.34839 ], [ 20.85954, 49.348388 ], [ 20.858927, 49.348314 ], [ 20.858903, 49.348311 ], [ 20.858729, 49.34828 ], [ 20.858686, 49.348261 ], [ 20.858344, 49.348208 ], [ 20.858266, 49.348195 ], [ 20.857701, 49.348118 ], [ 20.857681, 49.348114 ], [ 20.8573, 49.348033 ], [ 20.857291, 49.348033 ], [ 20.856897, 49.347945 ], [ 20.856877, 49.347941 ], [ 20.855581, 49.347662 ], [ 20.855546, 49.347658 ], [ 20.855326, 49.347594 ], [ 20.855207, 49.34755 ], [ 20.854988, 49.347497 ], [ 20.854738, 49.347433 ], [ 20.854687, 49.347421 ], [ 20.854385, 49.347281 ], [ 20.854179, 49.347164 ], [ 20.854067, 49.347094 ], [ 20.853886, 49.34689 ], [ 20.853735, 49.346747 ], [ 20.85367, 49.346697 ], [ 20.853377, 49.346473 ], [ 20.853325, 49.346411 ], [ 20.853229, 49.346305 ], [ 20.853145, 49.346209 ], [ 20.853018, 49.346041 ], [ 20.853001, 49.346016 ], [ 20.852917, 49.345873 ], [ 20.852822, 49.345709 ], [ 20.852803, 49.345678 ], [ 20.852739, 49.345543 ], [ 20.85269, 49.345409 ], [ 20.852621, 49.345204 ], [ 20.852572, 49.345102 ], [ 20.852561, 49.345067 ], [ 20.852548, 49.345029 ], [ 20.852474, 49.344753 ], [ 20.85246, 49.344651 ], [ 20.852423, 49.344286 ], [ 20.852229, 49.343972 ], [ 20.85211, 49.343781 ], [ 20.8521, 49.34377 ], [ 20.852032, 49.343681 ], [ 20.851966, 49.3436 ], [ 20.85179, 49.34341 ], [ 20.851621, 49.343258 ], [ 20.851495, 49.343157 ], [ 20.851401, 49.343076 ], [ 20.85131, 49.342999 ], [ 20.851185, 49.342955 ], [ 20.851104, 49.342881 ], [ 20.850985, 49.34276 ], [ 20.850885, 49.342653 ], [ 20.85081, 49.342584 ], [ 20.850582, 49.342378 ], [ 20.850504, 49.342305 ], [ 20.850318, 49.342139 ], [ 20.850282, 49.342104 ], [ 20.850047, 49.341884 ], [ 20.849907, 49.34176 ], [ 20.849771, 49.341662 ], [ 20.849692, 49.341608 ], [ 20.849432, 49.341446 ], [ 20.849365, 49.341408 ], [ 20.849194, 49.34131 ], [ 20.848934, 49.341176 ], [ 20.848738, 49.34108 ], [ 20.848596, 49.341016 ], [ 20.848549, 49.340997 ], [ 20.848449, 49.340968 ], [ 20.848317, 49.340918 ], [ 20.8479435, 49.3407788 ], [ 20.847852, 49.340745 ], [ 20.847513, 49.340656 ], [ 20.847389, 49.340628 ], [ 20.847367, 49.340623 ], [ 20.847144, 49.340595 ], [ 20.846967, 49.340575 ], [ 20.846836, 49.340554 ], [ 20.846664, 49.340528 ], [ 20.846374, 49.340517 ], [ 20.846256, 49.340502 ], [ 20.846023, 49.340467 ], [ 20.8457, 49.340414 ], [ 20.8456, 49.340396 ], [ 20.845201, 49.340329 ], [ 20.844898, 49.34025 ], [ 20.844598, 49.340167 ], [ 20.844511, 49.340179 ], [ 20.844431, 49.340155 ], [ 20.844173, 49.340091 ], [ 20.843996, 49.340036 ], [ 20.843682, 49.33993 ], [ 20.843641, 49.339909 ], [ 20.84333, 49.339755 ], [ 20.843306, 49.339744 ], [ 20.843061, 49.339577 ], [ 20.843002, 49.339531 ], [ 20.842921, 49.339464 ], [ 20.842866, 49.339395 ], [ 20.842831, 49.339337 ], [ 20.842744, 49.339148 ], [ 20.842674, 49.339026 ], [ 20.842533, 49.338859 ], [ 20.84242, 49.338764 ], [ 20.84231, 49.338633 ], [ 20.842258, 49.338551 ], [ 20.84216, 49.338382 ], [ 20.842143, 49.338336 ], [ 20.841968, 49.338087 ], [ 20.841881, 49.33798 ], [ 20.8418, 49.337858 ], [ 20.841696, 49.337703 ], [ 20.841437, 49.337343 ], [ 20.841294, 49.337134 ], [ 20.841198, 49.337006 ], [ 20.841166, 49.336951 ], [ 20.841084, 49.336828 ], [ 20.840912, 49.336616 ], [ 20.840888, 49.336563 ], [ 20.84084, 49.336484 ], [ 20.840763, 49.33633 ], [ 20.840698, 49.336193 ], [ 20.84063, 49.336051 ], [ 20.840542, 49.335916 ], [ 20.840419, 49.335735 ], [ 20.840379, 49.335678 ], [ 20.840254, 49.335489 ], [ 20.840249, 49.335481 ], [ 20.840108, 49.335321 ], [ 20.840028, 49.335218 ], [ 20.839916, 49.335105 ], [ 20.839699, 49.334915 ], [ 20.839536, 49.334804 ], [ 20.839411, 49.334735 ], [ 20.839219, 49.334647 ], [ 20.838983, 49.334531 ], [ 20.838636, 49.334368 ], [ 20.838235, 49.334186 ], [ 20.837902, 49.334112 ], [ 20.837838, 49.334112 ], [ 20.837677, 49.334063 ], [ 20.83733, 49.33402 ], [ 20.837277, 49.334027 ], [ 20.837135, 49.334023 ], [ 20.836958, 49.334005 ], [ 20.836729, 49.334024 ], [ 20.836563, 49.334024 ], [ 20.835957, 49.334139 ], [ 20.835746, 49.334227 ], [ 20.835595, 49.334331 ], [ 20.835394, 49.334549 ], [ 20.834994, 49.334975 ], [ 20.834962, 49.334983 ], [ 20.834822, 49.335149 ], [ 20.834399, 49.335334 ], [ 20.833847, 49.335341 ], [ 20.833276, 49.335311 ], [ 20.833118, 49.335276 ], [ 20.832668, 49.335253 ], [ 20.83239, 49.335231 ], [ 20.832136, 49.335206 ], [ 20.831987, 49.335193 ], [ 20.831441, 49.335142 ], [ 20.831294, 49.33513 ], [ 20.830707, 49.335034 ], [ 20.830626, 49.335019 ], [ 20.830217, 49.334946 ], [ 20.829808, 49.334864 ], [ 20.829705, 49.334845 ], [ 20.829621, 49.334861 ], [ 20.829031, 49.33476 ], [ 20.828979, 49.334749 ], [ 20.828751, 49.334699 ], [ 20.827745, 49.334478 ], [ 20.827644, 49.334486 ], [ 20.826992, 49.334447 ], [ 20.826656, 49.334433 ], [ 20.826423, 49.334429 ], [ 20.826092, 49.334399 ], [ 20.825903, 49.334404 ], [ 20.825757, 49.334498 ], [ 20.825702, 49.334538 ], [ 20.825543, 49.334625 ], [ 20.825308, 49.33476 ], [ 20.825278, 49.334797 ], [ 20.824927, 49.335235 ], [ 20.824901, 49.335342 ], [ 20.824751, 49.335623 ], [ 20.824501, 49.335859 ], [ 20.824311, 49.336058 ], [ 20.82411, 49.336208 ], [ 20.823637, 49.33651 ], [ 20.823607, 49.336534 ], [ 20.823511, 49.336605 ], [ 20.82343, 49.336661 ], [ 20.823193, 49.336883 ], [ 20.823105, 49.336966 ], [ 20.822927, 49.337159 ], [ 20.822801, 49.337246 ], [ 20.822586, 49.337418 ], [ 20.822539, 49.337447 ], [ 20.822367, 49.33758 ], [ 20.822176, 49.337704 ], [ 20.821981, 49.337834 ], [ 20.821797, 49.33795 ], [ 20.821691, 49.338008 ], [ 20.821473, 49.338128 ], [ 20.821273, 49.338233 ], [ 20.821211, 49.338264 ], [ 20.821071, 49.338331 ], [ 20.820891, 49.338416 ], [ 20.820813, 49.338449 ], [ 20.820532, 49.33857 ], [ 20.820472, 49.338602 ], [ 20.820364, 49.338633 ], [ 20.820114, 49.338753 ], [ 20.820057, 49.338808 ], [ 20.81998, 49.338864 ], [ 20.819749, 49.339065 ], [ 20.819684, 49.339126 ], [ 20.819438, 49.339349 ], [ 20.819404, 49.339386 ], [ 20.819222, 49.339618 ], [ 20.819118, 49.339773 ], [ 20.819048, 49.33996 ], [ 20.819011, 49.340104 ], [ 20.819009, 49.340112 ], [ 20.818965, 49.34046 ], [ 20.818959, 49.340494 ], [ 20.818943, 49.340615 ], [ 20.818922, 49.3407 ], [ 20.81891, 49.340905 ], [ 20.818904, 49.341176 ], [ 20.818872, 49.34134 ], [ 20.818893, 49.341731 ], [ 20.818917, 49.341873 ], [ 20.818996, 49.341985 ], [ 20.818961, 49.342161 ], [ 20.818946, 49.3422 ], [ 20.818892, 49.342303 ], [ 20.818817, 49.342446 ], [ 20.818765, 49.342519 ], [ 20.818684, 49.342659 ], [ 20.818646, 49.34269 ], [ 20.81855, 49.342795 ], [ 20.818508, 49.342824 ], [ 20.818355, 49.34294 ], [ 20.818165, 49.343072 ], [ 20.818024, 49.343163 ], [ 20.817946, 49.343212 ], [ 20.817909, 49.343264 ], [ 20.817771, 49.343328 ], [ 20.817643, 49.343372 ], [ 20.817513, 49.343409 ], [ 20.817347, 49.343457 ], [ 20.817106, 49.343528 ], [ 20.817018, 49.343546 ], [ 20.816793, 49.343596 ], [ 20.816524, 49.343644 ], [ 20.816466, 49.343654 ], [ 20.81601, 49.34373 ], [ 20.815753, 49.343774 ], [ 20.815597, 49.34392 ], [ 20.815485, 49.343969 ], [ 20.815372, 49.34408 ], [ 20.815225, 49.34434 ], [ 20.815205, 49.344509 ], [ 20.815146, 49.344753 ], [ 20.815082, 49.34501 ], [ 20.815064, 49.345071 ], [ 20.815011, 49.345229 ], [ 20.814972, 49.345339 ], [ 20.814911, 49.345454 ], [ 20.814756, 49.345705 ], [ 20.814744, 49.345719 ], [ 20.814567, 49.345937 ], [ 20.814404, 49.346117 ], [ 20.814383, 49.346143 ], [ 20.814178, 49.346329 ], [ 20.814156, 49.346348 ], [ 20.814027, 49.346491 ], [ 20.813874, 49.346636 ], [ 20.813736, 49.346791 ], [ 20.813639, 49.346908 ], [ 20.8134, 49.347067 ], [ 20.813325, 49.347104 ], [ 20.813131, 49.347199 ], [ 20.812915, 49.347303 ], [ 20.812609, 49.347441 ], [ 20.812253, 49.347539 ], [ 20.812161, 49.347576 ], [ 20.811836, 49.347687 ], [ 20.811798, 49.347693 ], [ 20.811587, 49.347734 ], [ 20.811483, 49.347747 ], [ 20.811363, 49.347767 ], [ 20.811311, 49.347774 ], [ 20.811251, 49.347783 ], [ 20.811052, 49.347812 ], [ 20.810522, 49.34787 ], [ 20.810326, 49.347889 ], [ 20.810256, 49.347905 ], [ 20.809978, 49.347908 ], [ 20.809853, 49.347901 ], [ 20.80964, 49.34788 ], [ 20.809157, 49.347785 ], [ 20.809025, 49.347746 ], [ 20.809007, 49.347738 ], [ 20.80876, 49.347643 ], [ 20.808552, 49.347521 ], [ 20.808291, 49.347348 ], [ 20.807723, 49.346951 ], [ 20.807533, 49.346808 ], [ 20.807222, 49.34665 ], [ 20.807094, 49.346568 ], [ 20.806901, 49.346466 ], [ 20.806567, 49.34635 ], [ 20.806306, 49.346202 ], [ 20.805984, 49.346034 ], [ 20.805925, 49.345992 ], [ 20.805635, 49.345815 ], [ 20.805603, 49.345794 ], [ 20.805392, 49.345658 ], [ 20.805233, 49.345563 ], [ 20.805061, 49.345468 ], [ 20.805044, 49.345457 ], [ 20.80457, 49.345163 ], [ 20.804478, 49.345107 ], [ 20.80416, 49.344914 ], [ 20.804125, 49.344892 ], [ 20.803935, 49.34478 ], [ 20.803527, 49.344537 ], [ 20.803312, 49.344397 ], [ 20.802941, 49.344176 ], [ 20.802576, 49.343987 ], [ 20.802231, 49.343865 ], [ 20.802068, 49.343807 ], [ 20.801614, 49.34363 ], [ 20.801299, 49.343494 ], [ 20.801133, 49.343404 ], [ 20.801045, 49.343355 ], [ 20.800679, 49.343158 ], [ 20.800319, 49.342985 ], [ 20.800012, 49.342903 ], [ 20.799914, 49.34287 ], [ 20.799407, 49.342721 ], [ 20.798983, 49.342619 ], [ 20.798657, 49.342624 ], [ 20.798402, 49.342669 ], [ 20.798128, 49.342767 ], [ 20.797877, 49.342898 ], [ 20.797848, 49.342915 ], [ 20.797676, 49.343 ], [ 20.79738, 49.343172 ], [ 20.797271, 49.343241 ], [ 20.797238, 49.343262 ], [ 20.796887, 49.343493 ], [ 20.796828, 49.343527 ], [ 20.796651, 49.343683 ], [ 20.796525, 49.343803 ], [ 20.796503, 49.343825 ], [ 20.796385, 49.343972 ], [ 20.796324, 49.344072 ], [ 20.796293, 49.344148 ], [ 20.796263, 49.34423 ], [ 20.796194, 49.344399 ], [ 20.796182, 49.344429 ], [ 20.796179, 49.344444 ], [ 20.796176, 49.344514 ], [ 20.796177, 49.344799 ], [ 20.796187, 49.344831 ], [ 20.79624, 49.344959 ], [ 20.796376, 49.34513 ], [ 20.796508, 49.345245 ], [ 20.796602, 49.345324 ], [ 20.796741, 49.345435 ], [ 20.796838, 49.345519 ], [ 20.796877, 49.345544 ], [ 20.797011, 49.345687 ], [ 20.797115, 49.345816 ], [ 20.797137, 49.345846 ], [ 20.797314, 49.34617 ], [ 20.797433, 49.346298 ], [ 20.797616, 49.346427 ], [ 20.797699, 49.346464 ], [ 20.797903, 49.34664 ], [ 20.798012, 49.346695 ], [ 20.79818, 49.346705 ], [ 20.798855, 49.347019 ], [ 20.798988, 49.347131 ], [ 20.799057, 49.347212 ], [ 20.799274, 49.347561 ], [ 20.799507, 49.347994 ], [ 20.799754, 49.348177 ], [ 20.800069, 49.348411 ], [ 20.800543, 49.348803 ], [ 20.800691, 49.348929 ], [ 20.800699, 49.34894 ], [ 20.800877, 49.349133 ], [ 20.800883, 49.34914 ], [ 20.801034, 49.349318 ], [ 20.801098, 49.349408 ], [ 20.801197, 49.349577 ], [ 20.801295, 49.349812 ], [ 20.801309, 49.349854 ], [ 20.80136, 49.350087 ], [ 20.801346, 49.350139 ], [ 20.801326, 49.350248 ], [ 20.801334, 49.350367 ], [ 20.801412, 49.350503 ], [ 20.801427, 49.350657 ], [ 20.801412, 49.350722 ], [ 20.801403, 49.350832 ], [ 20.801387, 49.351056 ], [ 20.801303, 49.351347 ], [ 20.80129, 49.351372 ], [ 20.801335, 49.351561 ], [ 20.801385, 49.351663 ], [ 20.801504, 49.351834 ], [ 20.801603, 49.352115 ], [ 20.801676, 49.35228 ], [ 20.801741, 49.352471 ], [ 20.801812, 49.352701 ], [ 20.801777, 49.353211 ], [ 20.801751, 49.353519 ], [ 20.801755, 49.353675 ], [ 20.801749, 49.353804 ], [ 20.801842, 49.354237 ], [ 20.801971, 49.354649 ], [ 20.802042, 49.354801 ], [ 20.802183, 49.355033 ], [ 20.802218, 49.355276 ], [ 20.802219, 49.355372 ], [ 20.802183, 49.355518 ], [ 20.802073, 49.35574 ], [ 20.801928, 49.355949 ], [ 20.801776, 49.356077 ], [ 20.801607, 49.3562 ], [ 20.801564, 49.356237 ], [ 20.801461, 49.356287 ], [ 20.801288, 49.356341 ], [ 20.801231, 49.356376 ], [ 20.800661, 49.356591 ], [ 20.80054, 49.356661 ], [ 20.800254, 49.356748 ], [ 20.800096, 49.356821 ], [ 20.799744, 49.357118 ], [ 20.79955, 49.35725 ], [ 20.799245, 49.357388 ], [ 20.799038, 49.357459 ], [ 20.798982, 49.357486 ], [ 20.798733, 49.357606 ], [ 20.798435, 49.357711 ], [ 20.798416, 49.357727 ], [ 20.798266, 49.357798 ], [ 20.798246, 49.35781 ], [ 20.798086, 49.357895 ], [ 20.798006, 49.357967 ], [ 20.797934, 49.358038 ], [ 20.79785, 49.358112 ], [ 20.797827, 49.358152 ], [ 20.797789, 49.358225 ], [ 20.797739, 49.358438 ], [ 20.797769, 49.358468 ], [ 20.797792, 49.358565 ], [ 20.797794, 49.35857 ], [ 20.797871, 49.358704 ], [ 20.797908, 49.358734 ], [ 20.797961, 49.358779 ], [ 20.798063, 49.358863 ], [ 20.798317, 49.35907 ], [ 20.798351, 49.359099 ], [ 20.79857, 49.359212 ], [ 20.798691, 49.359276 ], [ 20.798708, 49.359284 ], [ 20.798944, 49.359394 ], [ 20.799076, 49.359456 ], [ 20.799256, 49.359576 ], [ 20.799405, 49.359651 ], [ 20.799564, 49.35975 ], [ 20.799879, 49.359939 ], [ 20.800054, 49.360039 ], [ 20.800307, 49.360127 ], [ 20.800706, 49.360208 ], [ 20.801425, 49.360238 ], [ 20.801496, 49.360238 ], [ 20.801858, 49.360193 ], [ 20.80187, 49.360192 ], [ 20.802101, 49.360127 ], [ 20.802227, 49.360097 ], [ 20.802456, 49.360047 ], [ 20.802797, 49.359991 ], [ 20.80288, 49.359976 ], [ 20.803228, 49.359956 ], [ 20.803649, 49.359899 ], [ 20.803731, 49.359885 ], [ 20.803999, 49.359812 ], [ 20.804132, 49.359768 ], [ 20.804384, 49.359678 ], [ 20.804543, 49.359607 ], [ 20.804715, 49.359516 ], [ 20.804737, 49.359506 ], [ 20.804859, 49.359423 ], [ 20.804871, 49.359395 ], [ 20.805002, 49.359281 ], [ 20.805119, 49.359136 ], [ 20.805153, 49.359121 ], [ 20.805274, 49.358963 ], [ 20.805414, 49.358829 ], [ 20.805466, 49.35875 ], [ 20.805531, 49.358603 ], [ 20.805542, 49.358591 ], [ 20.805628, 49.35834 ], [ 20.805656, 49.358221 ], [ 20.80567, 49.358155 ], [ 20.805656, 49.357898 ], [ 20.805661, 49.357818 ], [ 20.805649, 49.357643 ], [ 20.805633, 49.3575 ], [ 20.805595, 49.357397 ], [ 20.805556, 49.357315 ], [ 20.805449, 49.356934 ], [ 20.805412, 49.356723 ], [ 20.805407, 49.356378 ], [ 20.805437, 49.356218 ], [ 20.805458, 49.356058 ], [ 20.805472, 49.355899 ], [ 20.805483, 49.355716 ], [ 20.805484, 49.355573 ], [ 20.805481, 49.355391 ], [ 20.805473, 49.355273 ], [ 20.805513, 49.354831 ], [ 20.805583, 49.354604 ], [ 20.805605, 49.354472 ], [ 20.805645, 49.35433 ], [ 20.805664, 49.354204 ], [ 20.805676, 49.353994 ], [ 20.8057, 49.353789 ], [ 20.805795, 49.353561 ], [ 20.805976, 49.353344 ], [ 20.806047, 49.353314 ], [ 20.806158, 49.353254 ], [ 20.806286, 49.353215 ], [ 20.80634, 49.353207 ], [ 20.806598, 49.353169 ], [ 20.806827, 49.353155 ], [ 20.80688, 49.353151 ], [ 20.807059, 49.353168 ], [ 20.807101, 49.353171 ], [ 20.80734, 49.353232 ], [ 20.807525, 49.353304 ], [ 20.808085, 49.353482 ], [ 20.808261, 49.353524 ], [ 20.808404, 49.353563 ], [ 20.808453, 49.353576 ], [ 20.80857, 49.35361 ], [ 20.808678, 49.353639 ], [ 20.808737, 49.353656 ], [ 20.808783, 49.353665 ], [ 20.808981, 49.353748 ], [ 20.809185, 49.353873 ], [ 20.809298, 49.353942 ], [ 20.809351, 49.353971 ], [ 20.809526, 49.354091 ], [ 20.809635, 49.354164 ], [ 20.809763, 49.35427 ], [ 20.809889, 49.354365 ], [ 20.809986, 49.354447 ], [ 20.81002, 49.354473 ], [ 20.810164, 49.354601 ], [ 20.810314, 49.354673 ], [ 20.810356, 49.354715 ], [ 20.810454, 49.354827 ], [ 20.810472, 49.354845 ], [ 20.810597, 49.35507 ], [ 20.810649, 49.355356 ], [ 20.810641, 49.355682 ], [ 20.810635, 49.355823 ], [ 20.810571, 49.356122 ], [ 20.8105433, 49.3563 ], [ 20.810529, 49.356388 ], [ 20.810526, 49.356421 ], [ 20.810474, 49.356689 ], [ 20.810401, 49.356981 ], [ 20.810307, 49.357341 ], [ 20.810257, 49.357458 ], [ 20.810196, 49.357757 ], [ 20.810132, 49.357932 ], [ 20.810039, 49.358282 ], [ 20.809809, 49.358686 ], [ 20.809739, 49.358788 ], [ 20.809626, 49.358992 ], [ 20.809318, 49.359372 ], [ 20.809256, 49.359434 ], [ 20.808951, 49.359688 ], [ 20.808606, 49.359889 ], [ 20.808133, 49.360171 ], [ 20.807401, 49.3606 ], [ 20.807317, 49.360644 ], [ 20.806812, 49.360899 ], [ 20.8066121, 49.3609859 ], [ 20.80658, 49.3609899 ], [ 20.805976, 49.361067 ], [ 20.805849, 49.361051 ], [ 20.805738, 49.361056 ], [ 20.805632, 49.361071 ], [ 20.805542, 49.361092 ], [ 20.805525, 49.361115 ], [ 20.805075, 49.361192 ], [ 20.80461, 49.361341 ], [ 20.804509, 49.361362 ], [ 20.804389, 49.361376 ], [ 20.803905, 49.361614 ], [ 20.803817, 49.361684 ], [ 20.803671, 49.361827 ], [ 20.803495, 49.361947 ], [ 20.803422, 49.361989 ], [ 20.803347, 49.362002 ], [ 20.802923, 49.362183 ], [ 20.802437, 49.362379 ], [ 20.801843, 49.362562 ], [ 20.801764, 49.362588 ], [ 20.80152, 49.362642 ], [ 20.800987, 49.362764 ], [ 20.800648, 49.362851 ], [ 20.800454, 49.362888 ], [ 20.800242, 49.363 ], [ 20.799951, 49.363058 ], [ 20.799763, 49.363078 ], [ 20.79946, 49.363132 ], [ 20.799362, 49.363136 ], [ 20.798892, 49.363204 ], [ 20.798112, 49.363262 ], [ 20.797166, 49.363319 ], [ 20.796831, 49.363324 ], [ 20.796679, 49.36332 ], [ 20.796438, 49.363306 ], [ 20.795986, 49.363285 ], [ 20.79526, 49.363209 ], [ 20.795032, 49.363194 ], [ 20.79484, 49.363189 ], [ 20.794247, 49.36312 ], [ 20.793925, 49.363054 ], [ 20.793731, 49.363005 ], [ 20.793481, 49.362923 ], [ 20.7929, 49.362694 ], [ 20.792747, 49.362605 ], [ 20.792203, 49.362395 ], [ 20.791668, 49.362177 ], [ 20.791429, 49.362008 ], [ 20.791008, 49.361702 ], [ 20.790355, 49.361346 ], [ 20.790188, 49.361237 ], [ 20.789905, 49.361102 ], [ 20.789686, 49.361024 ], [ 20.789387, 49.36093 ], [ 20.789065, 49.360855 ], [ 20.788697, 49.360795 ], [ 20.788183, 49.360788 ], [ 20.787845, 49.360766 ], [ 20.787622, 49.36079 ], [ 20.787291, 49.360777 ], [ 20.787081, 49.360772 ], [ 20.786877, 49.360757 ], [ 20.786635, 49.360751 ], [ 20.786466, 49.360767 ], [ 20.786037, 49.360772 ], [ 20.785698, 49.360747 ], [ 20.785513, 49.360706 ], [ 20.785017, 49.360603 ], [ 20.784614, 49.360522 ], [ 20.784372, 49.360492 ], [ 20.784177, 49.36048 ], [ 20.783963, 49.360463 ], [ 20.783517, 49.360515 ], [ 20.783217, 49.360628 ], [ 20.783059, 49.360691 ], [ 20.782941, 49.360754 ], [ 20.782766, 49.360853 ], [ 20.782476, 49.361031 ], [ 20.782159, 49.361261 ], [ 20.781818, 49.361505 ], [ 20.781513, 49.361801 ], [ 20.781358, 49.362047 ], [ 20.781187, 49.362373 ], [ 20.781096, 49.362625 ], [ 20.781014, 49.362937 ], [ 20.780959, 49.36323 ], [ 20.780943, 49.363682 ], [ 20.780947, 49.363852 ], [ 20.780955, 49.363924 ], [ 20.780976, 49.36408 ], [ 20.780991, 49.36415 ], [ 20.781066, 49.364451 ], [ 20.78109, 49.364526 ], [ 20.781143, 49.364719 ], [ 20.781212, 49.364877 ], [ 20.781253, 49.36496 ], [ 20.781284, 49.365077 ], [ 20.781323, 49.365183 ], [ 20.781362, 49.365328 ], [ 20.781385, 49.365403 ], [ 20.781428, 49.365553 ], [ 20.781467, 49.365655 ], [ 20.781553, 49.365871 ], [ 20.781618, 49.366031 ], [ 20.781642, 49.366092 ], [ 20.781728, 49.36628 ], [ 20.781843, 49.366382 ], [ 20.781937, 49.3665 ], [ 20.782023, 49.366632 ], [ 20.782071, 49.366705 ], [ 20.782174, 49.36679 ], [ 20.782344, 49.366852 ], [ 20.782448, 49.366936 ], [ 20.78247, 49.366952 ], [ 20.782792, 49.36717 ], [ 20.782996, 49.367304 ], [ 20.783137, 49.367405 ], [ 20.783358, 49.367584 ], [ 20.783435, 49.367629 ], [ 20.783705, 49.367866 ], [ 20.783766, 49.367925 ], [ 20.783817, 49.367971 ], [ 20.783872, 49.368014 ], [ 20.783982, 49.368146 ], [ 20.784109, 49.368266 ], [ 20.784133, 49.368286 ], [ 20.78424, 49.368396 ], [ 20.784377, 49.36855 ], [ 20.784476, 49.368634 ], [ 20.784596, 49.368736 ], [ 20.784761, 49.368837 ], [ 20.784859, 49.368911 ], [ 20.784945, 49.368979 ], [ 20.785092, 49.369112 ], [ 20.78516, 49.369157 ], [ 20.785374, 49.36931 ], [ 20.785537, 49.36944 ], [ 20.785622, 49.369506 ], [ 20.785806, 49.369643 ], [ 20.785892, 49.369708 ], [ 20.785957, 49.369806 ], [ 20.786116, 49.369952 ], [ 20.786296, 49.370095 ], [ 20.786358, 49.370147 ], [ 20.78672, 49.370452 ], [ 20.786737, 49.370466 ], [ 20.786951, 49.370651 ], [ 20.787053, 49.370719 ], [ 20.787093, 49.370751 ], [ 20.787112, 49.370765 ], [ 20.787159, 49.370802 ], [ 20.787615, 49.37099 ], [ 20.787737, 49.37107 ], [ 20.787801, 49.371087 ], [ 20.788181, 49.37133 ], [ 20.788255, 49.371434 ], [ 20.788317, 49.371505 ], [ 20.788349, 49.371598 ], [ 20.788377, 49.371746 ], [ 20.78836, 49.371806 ], [ 20.78838, 49.371957 ], [ 20.788351, 49.372068 ], [ 20.788331, 49.37208 ], [ 20.788309, 49.372175 ], [ 20.788295, 49.372216 ], [ 20.788242, 49.372329 ], [ 20.788203, 49.372392 ], [ 20.788126, 49.372506 ], [ 20.788012, 49.372659 ], [ 20.787885, 49.372788 ], [ 20.787765, 49.37289 ], [ 20.787704, 49.372935 ], [ 20.787548, 49.373036 ], [ 20.78738, 49.373162 ], [ 20.787203, 49.373294 ], [ 20.787189, 49.373308 ], [ 20.786918, 49.373502 ], [ 20.786654, 49.373709 ], [ 20.786627, 49.373732 ], [ 20.786497, 49.373822 ], [ 20.78642, 49.373885 ], [ 20.786199, 49.374025 ], [ 20.786177, 49.374038 ], [ 20.786019, 49.374129 ], [ 20.786001, 49.374138 ], [ 20.785829, 49.374223 ], [ 20.785741, 49.37429 ], [ 20.78553, 49.374351 ], [ 20.785406, 49.3744 ], [ 20.785196, 49.374449 ], [ 20.785114, 49.374464 ], [ 20.785054, 49.374478 ], [ 20.784869, 49.37451 ], [ 20.78448, 49.374566 ], [ 20.784432, 49.374573 ], [ 20.784135, 49.374612 ], [ 20.784021, 49.374638 ], [ 20.783757, 49.374691 ], [ 20.783434, 49.374778 ], [ 20.783233, 49.37483 ], [ 20.78313, 49.374858 ], [ 20.782887, 49.374921 ], [ 20.78261, 49.375008 ], [ 20.782519, 49.375048 ], [ 20.782295, 49.375099 ], [ 20.782056, 49.375124 ], [ 20.781876, 49.375156 ], [ 20.781735, 49.375173 ], [ 20.781591, 49.375183 ], [ 20.781219, 49.37521 ], [ 20.781188, 49.375212 ], [ 20.780939, 49.375223 ], [ 20.780828, 49.375225 ], [ 20.780564, 49.375222 ], [ 20.780423, 49.375221 ], [ 20.780213, 49.375199 ], [ 20.780051, 49.375193 ], [ 20.780012, 49.375191 ], [ 20.779975, 49.375187 ], [ 20.779677, 49.375149 ], [ 20.779621, 49.375144 ], [ 20.779449, 49.375113 ], [ 20.779256, 49.375073 ], [ 20.779156, 49.375059 ], [ 20.778824, 49.374984 ], [ 20.778753, 49.37497 ], [ 20.778473, 49.3749062 ], [ 20.778266, 49.37484 ], [ 20.778208, 49.374822 ], [ 20.777965, 49.374745 ], [ 20.777796, 49.374693 ], [ 20.777623, 49.374655 ], [ 20.777421, 49.374604 ], [ 20.777305, 49.374576 ], [ 20.777288, 49.374573 ], [ 20.777114, 49.374534 ], [ 20.776787, 49.374457 ], [ 20.776632, 49.374413 ], [ 20.776435, 49.374356 ], [ 20.776183, 49.374294 ], [ 20.776172, 49.374293 ], [ 20.775694, 49.374189 ], [ 20.775619, 49.374175 ], [ 20.775438, 49.374137 ], [ 20.775129, 49.374083 ], [ 20.775098, 49.374079 ], [ 20.774858, 49.374042 ], [ 20.774714, 49.374031 ], [ 20.77469, 49.374026 ], [ 20.774561, 49.374004 ], [ 20.774358, 49.373961 ], [ 20.774147, 49.373909 ], [ 20.774006, 49.373877 ], [ 20.773853, 49.373831 ], [ 20.77345, 49.373725 ], [ 20.77325, 49.373659 ], [ 20.772919, 49.373559 ], [ 20.772512, 49.373447 ], [ 20.771589, 49.373203 ], [ 20.771219, 49.373004 ], [ 20.770789, 49.372836 ], [ 20.770529, 49.37278 ], [ 20.770146, 49.37265 ], [ 20.769319, 49.372322 ], [ 20.768777, 49.372171 ], [ 20.768171, 49.371959 ], [ 20.767969, 49.371878 ], [ 20.767127, 49.371604 ], [ 20.766768, 49.371512 ], [ 20.766295, 49.371377 ], [ 20.765447, 49.371191 ], [ 20.765234, 49.371143 ], [ 20.765126, 49.371126 ], [ 20.764678, 49.371008 ], [ 20.764587, 49.370991 ], [ 20.764387, 49.370959 ], [ 20.764206, 49.370931 ], [ 20.763981, 49.3709 ], [ 20.763852, 49.370892 ], [ 20.763787, 49.37089 ], [ 20.76354, 49.370893 ], [ 20.763454, 49.370902 ], [ 20.763264, 49.37092 ], [ 20.763027, 49.370971 ], [ 20.762719, 49.371047 ], [ 20.762583, 49.371085 ], [ 20.762304, 49.371171 ], [ 20.762134, 49.371222 ], [ 20.761931, 49.371318 ], [ 20.761735, 49.371419 ], [ 20.761709, 49.371446 ], [ 20.761537, 49.371545 ], [ 20.76143, 49.371605 ], [ 20.761229, 49.371764 ], [ 20.761192, 49.371793 ], [ 20.761029, 49.371912 ], [ 20.760838, 49.372054 ], [ 20.760711, 49.372145 ], [ 20.760549, 49.372265 ], [ 20.760513, 49.372293 ], [ 20.760246, 49.372505 ], [ 20.760094, 49.372621 ], [ 20.759938, 49.372736 ], [ 20.759735, 49.372883 ], [ 20.759685, 49.372919 ], [ 20.759423, 49.37311 ], [ 20.759365, 49.37315 ], [ 20.759329, 49.373176 ], [ 20.75923, 49.373231 ], [ 20.759029, 49.373368 ], [ 20.758994, 49.373393 ], [ 20.758906, 49.373471 ], [ 20.758638, 49.373688 ], [ 20.758569, 49.373746 ], [ 20.758374, 49.373957 ], [ 20.758133, 49.374209 ], [ 20.758088, 49.374264 ], [ 20.758041, 49.374323 ], [ 20.757957, 49.37444 ], [ 20.757844, 49.374534 ], [ 20.757755, 49.37466 ], [ 20.757674, 49.374867 ], [ 20.757645, 49.37497 ], [ 20.757654, 49.375076 ], [ 20.757594, 49.375281 ], [ 20.757597, 49.375345 ], [ 20.757595, 49.375457 ], [ 20.757599, 49.375482 ], [ 20.757655, 49.375715 ], [ 20.75768, 49.375785 ], [ 20.757728, 49.37592 ], [ 20.757789, 49.376098 ], [ 20.757843, 49.376251 ], [ 20.757902, 49.376419 ], [ 20.757949, 49.376551 ], [ 20.757979, 49.376635 ], [ 20.758055, 49.376818 ], [ 20.758157, 49.377018 ], [ 20.758191, 49.377073 ], [ 20.758268, 49.377157 ], [ 20.758375, 49.377299 ], [ 20.758501, 49.377489 ], [ 20.758531, 49.377547 ], [ 20.758614, 49.377673 ], [ 20.758628, 49.377695 ], [ 20.758658, 49.377754 ], [ 20.758696, 49.377842 ], [ 20.758778, 49.378021 ], [ 20.75882, 49.378102 ], [ 20.758896, 49.378235 ], [ 20.75894, 49.378337 ], [ 20.759035, 49.378524 ], [ 20.759055, 49.378565 ], [ 20.75919, 49.378804 ], [ 20.759198, 49.378819 ], [ 20.759269, 49.378952 ], [ 20.759303, 49.379002 ], [ 20.759318, 49.379057 ], [ 20.759405, 49.379211 ], [ 20.759454, 49.379291 ], [ 20.759497, 49.379385 ], [ 20.759599, 49.379583 ], [ 20.759618, 49.379626 ], [ 20.759732, 49.379815 ], [ 20.75979, 49.379924 ], [ 20.759847, 49.37997 ], [ 20.75992, 49.380102 ], [ 20.759996, 49.380311 ], [ 20.760032, 49.380339 ], [ 20.760069, 49.380395 ], [ 20.760178, 49.380515 ], [ 20.760332, 49.380705 ], [ 20.76039, 49.380771 ], [ 20.760623, 49.381048 ], [ 20.760648, 49.381099 ], [ 20.760941, 49.381618 ], [ 20.760975, 49.381671 ], [ 20.761067, 49.381807 ], [ 20.761158, 49.381956 ], [ 20.761231, 49.382077 ], [ 20.76132, 49.382243 ], [ 20.761416, 49.382433 ], [ 20.761476, 49.382535 ], [ 20.761542, 49.38265 ], [ 20.761578, 49.38272 ], [ 20.761611, 49.38279 ], [ 20.76163, 49.382831 ], [ 20.761696, 49.383003 ], [ 20.761719, 49.383082 ], [ 20.761741, 49.38317 ], [ 20.76175, 49.383325 ], [ 20.761753, 49.383423 ], [ 20.76173, 49.383547 ], [ 20.761713, 49.383643 ], [ 20.761626, 49.38382 ], [ 20.761618, 49.383838 ], [ 20.761544, 49.383976 ], [ 20.761446, 49.384127 ], [ 20.761363, 49.384246 ], [ 20.761323, 49.384299 ], [ 20.761119, 49.384497 ], [ 20.761072, 49.384537 ], [ 20.760903, 49.384661 ], [ 20.760861, 49.384686 ], [ 20.760722, 49.384767 ], [ 20.760555, 49.384851 ], [ 20.760545, 49.384855 ], [ 20.760306, 49.384948 ], [ 20.760121, 49.385002 ], [ 20.760072, 49.385009 ], [ 20.759968, 49.385028 ], [ 20.759889, 49.38504 ], [ 20.75977, 49.385047 ], [ 20.759695, 49.385049 ], [ 20.759344, 49.385088 ], [ 20.75921, 49.38509 ], [ 20.758975, 49.385117 ], [ 20.758675, 49.385156 ], [ 20.758501, 49.385193 ], [ 20.758458, 49.385196 ], [ 20.757927, 49.38532 ], [ 20.757537, 49.385464 ], [ 20.75739, 49.385501 ], [ 20.757139, 49.385551 ], [ 20.756815, 49.385603 ], [ 20.756592, 49.385646 ], [ 20.756489, 49.38564 ], [ 20.75623, 49.38567 ], [ 20.75582, 49.385737 ], [ 20.755642, 49.385783 ], [ 20.755446, 49.385852 ], [ 20.755375, 49.385883 ], [ 20.754964, 49.38611 ], [ 20.754851, 49.386183 ], [ 20.754846, 49.386186 ], [ 20.754687, 49.386309 ], [ 20.754639, 49.38634 ], [ 20.754601, 49.386363 ], [ 20.754531, 49.38641 ], [ 20.754476, 49.386449 ], [ 20.754367, 49.386519 ], [ 20.754329, 49.386549 ], [ 20.754032, 49.386728 ], [ 20.753922, 49.386782 ], [ 20.753759, 49.38686 ], [ 20.753648, 49.386911 ], [ 20.753506, 49.386974 ], [ 20.753404, 49.387019 ], [ 20.753001, 49.387174 ], [ 20.752893, 49.387222 ], [ 20.752698, 49.387313 ], [ 20.752508, 49.387406 ], [ 20.752404, 49.387455 ], [ 20.752391, 49.387461 ], [ 20.752238, 49.387536 ], [ 20.75213, 49.387576 ], [ 20.752004, 49.387618 ], [ 20.751744, 49.387717 ], [ 20.751555, 49.387793 ], [ 20.751509, 49.387813 ], [ 20.751345, 49.387883 ], [ 20.751017, 49.388019 ], [ 20.750552, 49.388232 ], [ 20.749968, 49.388504 ], [ 20.74984, 49.388564 ], [ 20.749502, 49.38871 ], [ 20.749411, 49.388752 ], [ 20.749139, 49.388883 ], [ 20.749077, 49.388916 ], [ 20.748852, 49.38905 ], [ 20.748657, 49.389186 ], [ 20.748493, 49.389341 ], [ 20.748418, 49.389436 ], [ 20.748328, 49.389528 ], [ 20.748249, 49.389624 ], [ 20.7482, 49.389697 ], [ 20.748196, 49.389701 ], [ 20.748045, 49.389896 ], [ 20.747965, 49.390006 ], [ 20.74792, 49.390069 ], [ 20.747805, 49.39021 ], [ 20.747788, 49.390249 ], [ 20.747702, 49.390407 ], [ 20.747668, 49.390483 ], [ 20.747614, 49.390636 ], [ 20.747577, 49.390757 ], [ 20.747571, 49.390775 ], [ 20.747539, 49.390963 ], [ 20.747534, 49.391002 ], [ 20.74753, 49.391256 ], [ 20.747533, 49.391324 ], [ 20.747539, 49.391438 ], [ 20.747546, 49.391628 ], [ 20.747545, 49.39189 ], [ 20.747546, 49.391913 ], [ 20.747539, 49.392075 ], [ 20.747538, 49.392158 ], [ 20.74754, 49.392295 ], [ 20.747537, 49.392341 ], [ 20.747591, 49.392539 ], [ 20.747598, 49.392555 ], [ 20.747681, 49.392765 ], [ 20.747734, 49.392911 ], [ 20.747762, 49.392981 ], [ 20.747872, 49.393203 ], [ 20.748006, 49.39347 ], [ 20.748098, 49.393645 ], [ 20.748272, 49.393812 ], [ 20.74835, 49.393899 ], [ 20.748356, 49.393907 ], [ 20.748573, 49.394078 ], [ 20.748596, 49.394092 ], [ 20.748862, 49.394265 ], [ 20.74888, 49.394277 ], [ 20.749091, 49.394394 ], [ 20.749138, 49.394421 ], [ 20.749535, 49.394668 ], [ 20.749605, 49.394716 ], [ 20.749806, 49.394847 ], [ 20.750043, 49.395008 ], [ 20.750103, 49.395047 ], [ 20.750359, 49.395248 ], [ 20.75047, 49.395324 ], [ 20.750571, 49.395389 ], [ 20.750617, 49.395419 ], [ 20.750764, 49.395497 ], [ 20.750932, 49.395581 ], [ 20.751062, 49.395639 ], [ 20.751175, 49.395684 ], [ 20.75152, 49.395819 ], [ 20.751576, 49.395839 ], [ 20.751852, 49.395913 ], [ 20.752348, 49.396056 ], [ 20.752365, 49.396061 ], [ 20.752791, 49.396181 ], [ 20.752851, 49.396197 ], [ 20.752906, 49.396212 ], [ 20.753154, 49.396275 ], [ 20.7532, 49.396286 ], [ 20.75324, 49.396297 ], [ 20.753517, 49.396369 ], [ 20.753561, 49.396381 ], [ 20.753717, 49.396433 ], [ 20.754122, 49.396556 ], [ 20.754259, 49.396615 ], [ 20.754375, 49.396652 ], [ 20.754424, 49.396671 ], [ 20.7545, 49.396706 ], [ 20.754644, 49.396753 ], [ 20.754748, 49.396797 ], [ 20.754962, 49.396861 ], [ 20.75501, 49.396877 ], [ 20.75529, 49.396974 ], [ 20.755314, 49.396985 ], [ 20.755478, 49.397049 ], [ 20.755669, 49.397114 ], [ 20.755742, 49.397135 ], [ 20.756063, 49.397248 ], [ 20.756292, 49.397374 ], [ 20.756701, 49.397623 ], [ 20.756943, 49.397767 ], [ 20.757223, 49.397923 ], [ 20.757725, 49.398221 ], [ 20.758058, 49.398498 ], [ 20.75807, 49.398529 ], [ 20.75819, 49.398698 ], [ 20.758269, 49.398874 ], [ 20.75831, 49.399053 ], [ 20.758317, 49.39912 ], [ 20.758322, 49.399384 ], [ 20.758313, 49.399498 ], [ 20.758243, 49.399928 ], [ 20.758222, 49.4 ], [ 20.758162, 49.400157 ], [ 20.758091, 49.400293 ], [ 20.758027, 49.400395 ], [ 20.757862, 49.400577 ], [ 20.757778, 49.400681 ], [ 20.757689, 49.400777 ], [ 20.757567, 49.400886 ], [ 20.757412, 49.401017 ], [ 20.7572, 49.401152 ], [ 20.757164, 49.401142 ], [ 20.756977, 49.401251 ], [ 20.756729, 49.401375 ], [ 20.755823, 49.401808 ], [ 20.755584, 49.401943 ], [ 20.755377, 49.402023 ], [ 20.755214, 49.402074 ], [ 20.7551839, 49.4020838 ], [ 20.754954, 49.402159 ], [ 20.754809, 49.402193 ], [ 20.75463, 49.402206 ], [ 20.754541, 49.402181 ], [ 20.754435, 49.402182 ], [ 20.754009, 49.402165 ], [ 20.753764, 49.402161 ], [ 20.75363, 49.402159 ], [ 20.753204, 49.402142 ], [ 20.752927, 49.402129 ], [ 20.752427, 49.402073 ], [ 20.751991, 49.402006 ], [ 20.751615, 49.401942 ], [ 20.751295, 49.401896 ], [ 20.751087, 49.40188 ], [ 20.750853, 49.40187 ], [ 20.750531, 49.401875 ], [ 20.750235, 49.401893 ], [ 20.749664, 49.401934 ], [ 20.749331, 49.401963 ], [ 20.748913, 49.402036 ], [ 20.748487, 49.402127 ], [ 20.748076, 49.402239 ], [ 20.747526, 49.402402 ], [ 20.747066, 49.402562 ], [ 20.74678, 49.402653 ], [ 20.746466, 49.402752 ], [ 20.746388, 49.402782 ], [ 20.746217, 49.402836 ], [ 20.746115, 49.402889 ], [ 20.74604, 49.402943 ], [ 20.745816, 49.403046 ], [ 20.745311, 49.403157 ], [ 20.745145, 49.403188 ], [ 20.744818, 49.403283 ], [ 20.744607, 49.403337 ], [ 20.74428, 49.403407 ], [ 20.74372, 49.403494 ], [ 20.743122, 49.403599 ], [ 20.742913, 49.40364 ], [ 20.742785, 49.403678 ], [ 20.74266, 49.40369 ], [ 20.742386, 49.403792 ], [ 20.742356, 49.4038 ], [ 20.742269, 49.403833 ], [ 20.742274, 49.40404 ], [ 20.742257, 49.404144 ], [ 20.742261, 49.40425 ], [ 20.742283, 49.404412 ], [ 20.742295, 49.404675 ], [ 20.74233, 49.404836 ], [ 20.74238, 49.404934 ], [ 20.742372, 49.405081 ], [ 20.742341, 49.40516 ], [ 20.742391, 49.405382 ], [ 20.742362, 49.405589 ], [ 20.742392, 49.405724 ], [ 20.742391, 49.40591 ], [ 20.742403, 49.406032 ], [ 20.742495, 49.406257 ], [ 20.742545, 49.406376 ], [ 20.742583, 49.406547 ], [ 20.742606, 49.406613 ], [ 20.742684, 49.40683 ], [ 20.742689, 49.406844 ], [ 20.742723, 49.406956 ], [ 20.742725, 49.406969 ], [ 20.742767, 49.407105 ], [ 20.742789, 49.407177 ], [ 20.742805, 49.407243 ], [ 20.742865, 49.40738 ], [ 20.742922, 49.407533 ], [ 20.742984, 49.407663 ], [ 20.742987, 49.407669 ], [ 20.743044, 49.407833 ], [ 20.743083, 49.407913 ], [ 20.7431, 49.40795 ], [ 20.743137, 49.407996 ], [ 20.743237, 49.408138 ], [ 20.743332, 49.408206 ], [ 20.743371, 49.408261 ], [ 20.743434, 49.408342 ], [ 20.743502, 49.408452 ], [ 20.743544, 49.408507 ], [ 20.74365, 49.40866 ], [ 20.743675, 49.408696 ], [ 20.743768, 49.408828 ], [ 20.743945, 49.409026 ], [ 20.7441, 49.409202 ], [ 20.74411, 49.40921 ], [ 20.744233, 49.40932 ], [ 20.744302, 49.409384 ], [ 20.744368, 49.409453 ], [ 20.744413, 49.409509 ], [ 20.744532, 49.409629 ], [ 20.744566, 49.409663 ], [ 20.744723, 49.409836 ], [ 20.744743, 49.409854 ], [ 20.744841, 49.409937 ], [ 20.744858, 49.409954 ], [ 20.745058, 49.410143 ], [ 20.74538, 49.410434 ], [ 20.745523, 49.410597 ], [ 20.745755, 49.410894 ], [ 20.74591, 49.411177 ], [ 20.745984, 49.411337 ], [ 20.746107, 49.411643 ], [ 20.746114, 49.411798 ], [ 20.746056, 49.41206 ], [ 20.746012, 49.412201 ], [ 20.745784, 49.412652 ], [ 20.745734, 49.412775 ], [ 20.745577, 49.413068 ], [ 20.745393, 49.413357 ], [ 20.74512, 49.413709 ], [ 20.744859, 49.413993 ], [ 20.744662, 49.414176 ], [ 20.744143, 49.414533 ], [ 20.744064, 49.414585 ], [ 20.743975, 49.414645 ], [ 20.743862, 49.414717 ], [ 20.743789, 49.414758 ], [ 20.743615, 49.414855 ], [ 20.743565, 49.414882 ], [ 20.743377, 49.41499 ], [ 20.743327, 49.415015 ], [ 20.743119, 49.415142 ], [ 20.743042, 49.415181 ], [ 20.742694, 49.415363 ], [ 20.742604, 49.415409 ], [ 20.742352, 49.415534 ], [ 20.741794, 49.415768 ], [ 20.741322, 49.415947 ], [ 20.741078, 49.416026 ], [ 20.740922, 49.416066 ], [ 20.740825, 49.416092 ], [ 20.740539, 49.416173 ], [ 20.740285, 49.416244 ], [ 20.740105, 49.416301 ], [ 20.739721, 49.416391 ], [ 20.739456, 49.416434 ], [ 20.739135, 49.416483 ], [ 20.738906, 49.416519 ], [ 20.738683, 49.416544 ], [ 20.738298, 49.416616 ], [ 20.738007, 49.416632 ], [ 20.737814, 49.416658 ], [ 20.737484, 49.416674 ], [ 20.736897, 49.416681 ], [ 20.736621, 49.416671 ], [ 20.736298, 49.416653 ], [ 20.735758, 49.416581 ], [ 20.735386, 49.416518 ], [ 20.735304, 49.416503 ], [ 20.734408, 49.416285 ], [ 20.733976, 49.41614 ], [ 20.7335674, 49.4159825 ], [ 20.7333741, 49.4158723 ], [ 20.7332585, 49.4157659 ], [ 20.733144, 49.415645 ], [ 20.732751, 49.415285 ], [ 20.732552, 49.415137 ], [ 20.732408, 49.415051 ], [ 20.732307, 49.415018 ], [ 20.732215, 49.414973 ], [ 20.732012, 49.414917 ], [ 20.731807, 49.414925 ], [ 20.731553, 49.414949 ], [ 20.731457, 49.414983 ], [ 20.731303, 49.41497 ], [ 20.730986, 49.414964 ], [ 20.730807, 49.414947 ], [ 20.73064, 49.414907 ], [ 20.730434, 49.414891 ], [ 20.72994, 49.414805 ], [ 20.729697, 49.414775 ], [ 20.729154, 49.414754 ], [ 20.728652, 49.414768 ], [ 20.72857, 49.414765 ], [ 20.728137, 49.414822 ], [ 20.728093, 49.414852 ], [ 20.728008, 49.414859 ], [ 20.727861, 49.414897 ], [ 20.72773, 49.414953 ], [ 20.727707, 49.414985 ], [ 20.727618, 49.415016 ], [ 20.727404, 49.415179 ], [ 20.727015, 49.415461 ], [ 20.726848, 49.41561 ], [ 20.726658, 49.415797 ], [ 20.726316, 49.416041 ], [ 20.725862, 49.416348 ], [ 20.725701, 49.416429 ], [ 20.725362, 49.416616 ], [ 20.725142, 49.416756 ], [ 20.725075, 49.416817 ], [ 20.724945, 49.416933 ], [ 20.724727, 49.417188 ], [ 20.72468, 49.417264 ], [ 20.724591, 49.417352 ], [ 20.724508, 49.417464 ], [ 20.724371, 49.417663 ], [ 20.724215, 49.417876 ], [ 20.724112, 49.418014 ], [ 20.724046, 49.418122 ], [ 20.723921, 49.418279 ], [ 20.723858, 49.41842 ], [ 20.723748, 49.418599 ], [ 20.723683, 49.418681 ], [ 20.723514, 49.418927 ], [ 20.723313, 49.41922 ], [ 20.723252, 49.419306 ], [ 20.723109, 49.419466 ], [ 20.722959, 49.419612 ], [ 20.72292, 49.419656 ], [ 20.722035, 49.419356 ], [ 20.720216, 49.418925 ], [ 20.7201568, 49.418906 ], [ 20.720138, 49.4189 ], [ 20.719998, 49.418855 ], [ 20.718861, 49.418499 ], [ 20.71833, 49.418371 ], [ 20.717873, 49.418397 ], [ 20.717498, 49.418458 ], [ 20.716939, 49.418589 ], [ 20.716441, 49.418763 ], [ 20.715978, 49.418792 ], [ 20.715303, 49.418838 ], [ 20.714549, 49.419017 ], [ 20.712675, 49.419161 ], [ 20.712355, 49.419264 ], [ 20.711534, 49.419442 ], [ 20.711107, 49.419455 ], [ 20.711056, 49.419235 ], [ 20.710963, 49.419073 ], [ 20.710482, 49.419157 ], [ 20.710415, 49.418995 ], [ 20.709713, 49.419037 ], [ 20.709105, 49.418843 ], [ 20.708176, 49.418692 ], [ 20.707433, 49.418766 ], [ 20.706785, 49.419024 ], [ 20.706331, 49.41922 ], [ 20.705935, 49.419275 ], [ 20.704929, 49.419215 ], [ 20.704174, 49.419698 ], [ 20.702673, 49.419752 ], [ 20.701198, 49.419755 ], [ 20.700619, 49.419938 ], [ 20.699913, 49.420289 ], [ 20.698861, 49.420521 ], [ 20.696818, 49.420207 ], [ 20.6950613, 49.4200004 ], [ 20.693138, 49.419953 ], [ 20.69269, 49.419967 ], [ 20.6917211, 49.419776 ], [ 20.6911992, 49.4195513 ], [ 20.6902084, 49.4188907 ], [ 20.6899655, 49.4187666 ], [ 20.6894683, 49.4186293 ], [ 20.6890966, 49.4185934 ], [ 20.688829, 49.418502 ], [ 20.687826, 49.41798 ], [ 20.687733, 49.417755 ], [ 20.687593, 49.417439 ], [ 20.6870351, 49.4169931 ], [ 20.6862584, 49.4164878 ], [ 20.686144, 49.416357 ], [ 20.685946, 49.416009 ], [ 20.6857254, 49.4157648 ], [ 20.685566, 49.415639 ], [ 20.685181, 49.415412 ], [ 20.6845876, 49.4150541 ], [ 20.6839617, 49.4147615 ], [ 20.6836473, 49.414619 ], [ 20.6828618, 49.414295 ], [ 20.6826019, 49.4142265 ], [ 20.6824556, 49.4142052 ], [ 20.6818834, 49.4141487 ], [ 20.681548, 49.414058 ], [ 20.679666, 49.413193 ], [ 20.679563, 49.413079 ], [ 20.679215, 49.412792 ], [ 20.679114, 49.412826 ], [ 20.678614, 49.412539 ], [ 20.678317, 49.412709 ], [ 20.677397, 49.412451 ], [ 20.676439, 49.412274 ], [ 20.6752, 49.411677 ], [ 20.6750866, 49.4115908 ], [ 20.6742304, 49.411174 ], [ 20.673759, 49.411 ], [ 20.672848, 49.410573 ], [ 20.671722, 49.409856 ], [ 20.670851, 49.408977 ], [ 20.670299, 49.408156 ], [ 20.669588, 49.407777 ], [ 20.66809, 49.407343 ], [ 20.667417, 49.406886 ], [ 20.667384, 49.406707 ], [ 20.665767, 49.406311 ], [ 20.665399, 49.405164 ], [ 20.665326, 49.404375 ], [ 20.665611, 49.403873 ], [ 20.6657, 49.403552 ], [ 20.66532, 49.403474 ], [ 20.664087, 49.403487 ], [ 20.662725, 49.403686 ], [ 20.661601, 49.40364 ], [ 20.660767, 49.40361 ], [ 20.659708, 49.403489 ], [ 20.658621, 49.40307 ], [ 20.658101, 49.402888 ], [ 20.657363, 49.40249 ], [ 20.65634, 49.402062 ], [ 20.655541, 49.401897 ], [ 20.654898, 49.401844 ], [ 20.654311, 49.401669 ], [ 20.653199, 49.401544 ], [ 20.652411, 49.401399 ], [ 20.650829, 49.400977 ], [ 20.649154, 49.400919 ], [ 20.647926, 49.400915 ], [ 20.646988, 49.40067 ], [ 20.646302, 49.400679 ], [ 20.645674, 49.400792 ], [ 20.64449, 49.400995 ], [ 20.643476, 49.401012 ], [ 20.642894, 49.401 ], [ 20.642596, 49.400994 ], [ 20.642431, 49.401309 ], [ 20.642214, 49.401993 ], [ 20.642308, 49.402653 ], [ 20.642379, 49.403076 ], [ 20.642222, 49.403851 ], [ 20.642078, 49.404327 ], [ 20.641466, 49.404726 ], [ 20.640984, 49.405199 ], [ 20.640429, 49.405571 ], [ 20.640234, 49.406014 ], [ 20.640008, 49.406353 ], [ 20.639387, 49.406745 ], [ 20.639073, 49.407096 ], [ 20.638706, 49.407333 ], [ 20.638347, 49.407507 ], [ 20.637596, 49.40777 ], [ 20.635972, 49.408463 ], [ 20.635154, 49.408564 ], [ 20.634064, 49.40882 ], [ 20.631649, 49.408818 ], [ 20.629915, 49.409161 ], [ 20.628828, 49.409344 ], [ 20.626567, 49.409833 ], [ 20.625638, 49.41026 ], [ 20.624669, 49.410459 ], [ 20.624231, 49.411095 ], [ 20.623468, 49.411987 ], [ 20.622211, 49.413418 ], [ 20.62183, 49.414533 ], [ 20.622357, 49.416234 ], [ 20.621964, 49.416821 ], [ 20.619653, 49.418027 ], [ 20.619137, 49.417999 ], [ 20.618176, 49.417949 ], [ 20.61562, 49.417881 ], [ 20.614934, 49.417845 ], [ 20.6139, 49.41667 ], [ 20.61281, 49.416001 ], [ 20.611932, 49.414443 ], [ 20.611414, 49.413585 ], [ 20.611274, 49.412454 ], [ 20.611424, 49.412105 ], [ 20.612117, 49.410815 ], [ 20.612259, 49.410002 ], [ 20.611832, 49.409179 ], [ 20.611803, 49.407317 ], [ 20.612586, 49.4057 ], [ 20.613487, 49.403218 ], [ 20.613598, 49.401824 ], [ 20.612223, 49.401838 ], [ 20.611539, 49.402086 ], [ 20.60982, 49.402433 ], [ 20.609115, 49.402381 ], [ 20.607711, 49.401887 ], [ 20.6068465, 49.4016956 ], [ 20.606252, 49.401572 ], [ 20.605774, 49.4013 ], [ 20.605983, 49.400524 ], [ 20.605885, 49.399998 ], [ 20.6056526, 49.3996992 ], [ 20.605411, 49.399354 ], [ 20.605122, 49.39887 ], [ 20.604997, 49.39849 ], [ 20.603688, 49.397732 ], [ 20.60292, 49.39719 ], [ 20.602294, 49.396132 ], [ 20.601786, 49.395303 ], [ 20.600951, 49.394423 ], [ 20.601161, 49.393722 ], [ 20.601367, 49.392917 ], [ 20.601665, 49.39201 ], [ 20.6018198, 49.3915683 ], [ 20.6017061, 49.3909106 ], [ 20.6015777, 49.3908175 ], [ 20.6017202, 49.3907042 ], [ 20.6005349, 49.3888492 ], [ 20.6005526, 49.3886354 ], [ 20.599102, 49.387751 ], [ 20.598649, 49.387558 ], [ 20.598073, 49.387158 ], [ 20.597925, 49.386969 ], [ 20.597891, 49.386675 ], [ 20.597392, 49.386271 ], [ 20.596892, 49.38595 ], [ 20.596167, 49.385476 ], [ 20.59563, 49.385246 ], [ 20.595202, 49.384974 ], [ 20.594096, 49.384267 ], [ 20.593085, 49.383652 ], [ 20.592135, 49.38303 ], [ 20.592006, 49.3839 ], [ 20.591579, 49.383932 ], [ 20.590601, 49.384353 ], [ 20.589613, 49.384631 ], [ 20.587906, 49.385243 ], [ 20.586895, 49.385489 ], [ 20.585262, 49.385386 ], [ 20.584048, 49.384891 ], [ 20.583099, 49.384463 ], [ 20.582374, 49.384208 ], [ 20.581692, 49.383878 ], [ 20.580283, 49.383038 ], [ 20.580019, 49.382899 ], [ 20.580112, 49.382335 ], [ 20.580315, 49.382018 ], [ 20.580265, 49.38183 ], [ 20.57981, 49.381531 ], [ 20.579018, 49.381221 ], [ 20.5787, 49.380904 ], [ 20.578009, 49.380201 ], [ 20.577656, 49.379699 ], [ 20.57735, 49.379331 ], [ 20.57703, 49.379025 ], [ 20.576455, 49.37767 ], [ 20.57648, 49.376908 ], [ 20.576244, 49.376248 ], [ 20.575829, 49.376165 ], [ 20.575525, 49.376106 ], [ 20.574817, 49.376254 ], [ 20.573973, 49.376393 ], [ 20.573519, 49.376594 ], [ 20.572827, 49.376869 ], [ 20.572279, 49.377065 ], [ 20.571817, 49.377141 ], [ 20.57046, 49.377509 ], [ 20.570226, 49.377756 ], [ 20.569463, 49.378153 ], [ 20.569031, 49.378405 ], [ 20.568565, 49.378606 ], [ 20.567314, 49.37899 ], [ 20.566887, 49.378951 ], [ 20.566705, 49.378985 ], [ 20.565766, 49.37911 ], [ 20.563175, 49.379475 ], [ 20.562044, 49.379221 ], [ 20.561076, 49.378487 ], [ 20.560704, 49.378305 ], [ 20.55996, 49.378117 ], [ 20.559055, 49.37795 ], [ 20.557681, 49.378099 ], [ 20.557492, 49.378358 ], [ 20.557461, 49.37864 ], [ 20.556818, 49.378942 ], [ 20.556518, 49.379063 ], [ 20.556175, 49.379183 ], [ 20.555501, 49.38026 ], [ 20.55459, 49.381034 ], [ 20.5544123, 49.3810166 ], [ 20.554283, 49.381004 ], [ 20.553971, 49.380945 ], [ 20.553537, 49.381158 ], [ 20.552689, 49.381465 ], [ 20.552371, 49.38181 ], [ 20.552128, 49.381987 ], [ 20.551326, 49.382437 ], [ 20.551247, 49.382562 ], [ 20.551202, 49.382837 ], [ 20.550106, 49.383486 ], [ 20.54922, 49.383989 ], [ 20.548745, 49.384112 ], [ 20.548153, 49.384293 ], [ 20.547669, 49.384522 ], [ 20.547395, 49.384748 ], [ 20.546686, 49.385458 ], [ 20.546507, 49.385542 ], [ 20.545262, 49.385589 ], [ 20.544415, 49.385642 ], [ 20.543532, 49.38576 ], [ 20.542573, 49.385919 ], [ 20.541993, 49.3861 ], [ 20.540538, 49.386487 ], [ 20.539137, 49.386773 ], [ 20.538207, 49.386972 ], [ 20.537374, 49.387066 ], [ 20.535944, 49.38684 ], [ 20.5343411, 49.3870283 ], [ 20.5329641, 49.3874201 ], [ 20.5316534, 49.3876535 ], [ 20.5302985, 49.3880557 ], [ 20.5293732, 49.3883908 ], [ 20.528285, 49.388865 ], [ 20.5278431, 49.3890587 ], [ 20.5268387, 49.3894115 ], [ 20.5263102, 49.3896708 ], [ 20.526368, 49.3897541 ], [ 20.5253346, 49.390136 ], [ 20.5241662, 49.3904965 ], [ 20.5236363, 49.3907388 ], [ 20.5227664, 49.3912304 ], [ 20.5220668, 49.3917184 ], [ 20.5211962, 49.392152 ], [ 20.5199565, 49.392505 ], [ 20.5186479, 49.3925293 ], [ 20.5180887, 49.3924158 ], [ 20.51756, 49.392491 ], [ 20.517022, 49.392575 ], [ 20.515948, 49.392733 ], [ 20.5159314, 49.3927364 ], [ 20.5153761, 49.3928653 ], [ 20.5148583, 49.3930602 ], [ 20.514548, 49.3931079 ], [ 20.514115, 49.393199 ], [ 20.5136089, 49.3933051 ], [ 20.5131331, 49.3933451 ], [ 20.513117, 49.393346 ], [ 20.5128636, 49.39335 ], [ 20.512857, 49.393349 ], [ 20.5121913, 49.3933185 ], [ 20.510986, 49.393354 ], [ 20.5102036, 49.3933766 ], [ 20.5099362, 49.3934459 ], [ 20.509704, 49.393785 ], [ 20.509392, 49.394239 ], [ 20.5093832, 49.394256 ], [ 20.5091227, 49.3946709 ], [ 20.5086636, 49.3956154 ], [ 20.5082587, 49.3956642 ], [ 20.507992, 49.395854 ], [ 20.5071861, 49.3964309 ], [ 20.506995, 49.396507 ], [ 20.5065554, 49.3966857 ], [ 20.5061568, 49.3969431 ], [ 20.5063306, 49.3973274 ], [ 20.5063117, 49.3975857 ], [ 20.5064307, 49.3978308 ], [ 20.506805, 49.39828 ], [ 20.5072372, 49.3987906 ], [ 20.5073296, 49.3990646 ], [ 20.5069007, 49.3991909 ], [ 20.506616, 49.399358 ], [ 20.5065417, 49.3994014 ], [ 20.5064563, 49.3996566 ], [ 20.5066009, 49.4000867 ], [ 20.5065424, 49.4003744 ], [ 20.506532, 49.400419 ], [ 20.506572, 49.40083 ], [ 20.506589, 49.401235 ], [ 20.5066273, 49.402007 ], [ 20.50662, 49.40201 ], [ 20.5059192, 49.4024442 ], [ 20.505591, 49.402749 ], [ 20.505498, 49.402836 ], [ 20.505406, 49.402921 ], [ 20.505376, 49.4029505 ], [ 20.505315, 49.402992 ], [ 20.505213, 49.403063 ], [ 20.504894, 49.403284 ], [ 20.5048874, 49.4032896 ], [ 20.504638, 49.403399 ], [ 20.504467, 49.403478 ], [ 20.504189, 49.4036 ], [ 20.503587, 49.403867 ], [ 20.5033688, 49.4039628 ], [ 20.503054, 49.404002 ], [ 20.502614, 49.404056 ], [ 20.501975, 49.404135 ], [ 20.501748, 49.404163 ], [ 20.501455, 49.404197 ], [ 20.500744, 49.40428 ], [ 20.500488, 49.40431 ], [ 20.500178, 49.4044 ], [ 20.499627, 49.404561 ], [ 20.499201, 49.404685 ], [ 20.499019, 49.404758 ], [ 20.498461, 49.404979 ], [ 20.498368, 49.405007 ], [ 20.497493, 49.405264 ], [ 20.497295, 49.405322 ], [ 20.496886, 49.405367 ], [ 20.496294, 49.405346 ], [ 20.495968, 49.405335 ], [ 20.495047, 49.405346 ], [ 20.494551, 49.405355 ], [ 20.494364, 49.405533 ], [ 20.492975, 49.405991 ], [ 20.492314, 49.406111 ], [ 20.491662, 49.406245 ], [ 20.49073, 49.40634 ], [ 20.490145, 49.406431 ], [ 20.489957, 49.407104 ], [ 20.488761, 49.407511 ], [ 20.488603, 49.408409 ], [ 20.487893, 49.408459 ], [ 20.486654, 49.408705 ], [ 20.486043, 49.408901 ], [ 20.484812, 49.409382 ], [ 20.484356, 49.409524 ], [ 20.483441, 49.409574 ], [ 20.483143, 49.409585 ], [ 20.482812, 49.409666 ], [ 20.482482, 49.409747 ], [ 20.482163, 49.409835 ], [ 20.481387, 49.410048 ], [ 20.481219, 49.410106 ], [ 20.480808, 49.410247 ], [ 20.480701, 49.410285 ], [ 20.480307, 49.410527 ], [ 20.479645, 49.410933 ], [ 20.479317, 49.411283 ], [ 20.478933, 49.411277 ], [ 20.477995, 49.411952 ], [ 20.477293, 49.412514 ], [ 20.47698, 49.41309 ], [ 20.47689, 49.413256 ], [ 20.476874, 49.413286 ], [ 20.476827, 49.413345 ], [ 20.47674, 49.413456 ], [ 20.476659, 49.41356 ], [ 20.476632, 49.413595 ], [ 20.476263, 49.414066 ], [ 20.475636, 49.414185 ], [ 20.47458, 49.414548 ], [ 20.47375, 49.41483 ], [ 20.472828, 49.415111 ], [ 20.472708, 49.415156 ], [ 20.472025, 49.415411 ], [ 20.47196, 49.415436 ], [ 20.470565, 49.415546 ], [ 20.469852, 49.415454 ], [ 20.469549, 49.41553 ], [ 20.468895, 49.415692 ], [ 20.4682075, 49.4157776 ], [ 20.468094, 49.415792 ], [ 20.467606, 49.415837 ], [ 20.466573, 49.415978 ], [ 20.466506, 49.415987 ], [ 20.466195, 49.416004 ], [ 20.465705, 49.416029 ], [ 20.464656, 49.416009 ], [ 20.464209, 49.415972 ], [ 20.464164, 49.415963 ], [ 20.464134, 49.415956 ], [ 20.463601, 49.415843 ], [ 20.463123, 49.41561 ], [ 20.463121, 49.415608 ], [ 20.46281, 49.415481 ], [ 20.462361, 49.415189 ], [ 20.462305, 49.41517 ], [ 20.462089, 49.415096 ], [ 20.461249, 49.4147882 ], [ 20.4612237, 49.4145542 ], [ 20.461071, 49.4145734 ], [ 20.4609295, 49.4145895 ], [ 20.4598591, 49.4147034 ], [ 20.459566, 49.414847 ], [ 20.4588747, 49.4151216 ], [ 20.4584489, 49.415197 ], [ 20.4577059, 49.41521 ], [ 20.4557505, 49.415415 ], [ 20.4557438, 49.4154178 ], [ 20.455358, 49.415583 ], [ 20.454913, 49.415288 ], [ 20.454671, 49.415122 ], [ 20.454039, 49.415153 ], [ 20.453597, 49.415049 ], [ 20.452784, 49.415194 ], [ 20.452253, 49.415259 ], [ 20.451638, 49.415212 ], [ 20.451147, 49.415135 ], [ 20.45001, 49.415033 ], [ 20.449918, 49.415025 ], [ 20.44976, 49.415118 ], [ 20.44964, 49.415203 ], [ 20.449076, 49.415689 ], [ 20.448703, 49.415818 ], [ 20.447949, 49.416027 ], [ 20.447259, 49.416146 ], [ 20.446847, 49.416285 ], [ 20.446613, 49.416231 ], [ 20.446595, 49.416227 ], [ 20.446577, 49.41623 ], [ 20.446457, 49.416251 ], [ 20.446224, 49.416291 ], [ 20.445978, 49.416334 ], [ 20.445666, 49.416075 ], [ 20.445555, 49.415857 ], [ 20.44557, 49.415587 ], [ 20.44577, 49.415438 ], [ 20.446058, 49.415253 ], [ 20.446439, 49.415042 ], [ 20.447071, 49.414744 ], [ 20.447771, 49.414357 ], [ 20.448057, 49.414177 ], [ 20.448246, 49.414071 ], [ 20.448578, 49.413917 ], [ 20.448852, 49.413753 ], [ 20.449245, 49.413629 ], [ 20.449452, 49.413578 ], [ 20.449728, 49.413567 ], [ 20.44991, 49.41349 ], [ 20.450115, 49.413379 ], [ 20.450348, 49.413247 ], [ 20.450682, 49.413124 ], [ 20.450881, 49.413053 ], [ 20.4509, 49.412926 ], [ 20.450929, 49.412771 ], [ 20.450784, 49.412599 ], [ 20.450331, 49.412376 ], [ 20.449852, 49.412187 ], [ 20.449194, 49.412076 ], [ 20.448424, 49.411958 ], [ 20.447807, 49.411932 ], [ 20.446917, 49.411907 ], [ 20.446352, 49.411918 ], [ 20.445892, 49.41202 ], [ 20.445538, 49.412132 ], [ 20.445135, 49.412257 ], [ 20.444917, 49.412347 ], [ 20.444533, 49.412584 ], [ 20.444268, 49.412847 ], [ 20.443941, 49.413083 ], [ 20.443661, 49.413326 ], [ 20.443528, 49.41341 ], [ 20.443213, 49.413614 ], [ 20.442633, 49.413911 ], [ 20.442556, 49.413967 ], [ 20.442096, 49.414171 ], [ 20.441738, 49.414274 ], [ 20.441329, 49.414331 ], [ 20.441002, 49.414399 ], [ 20.440313, 49.414472 ], [ 20.439391, 49.414486 ], [ 20.439001, 49.414503 ], [ 20.438639, 49.414584 ], [ 20.438246, 49.414776 ], [ 20.43821, 49.414861 ], [ 20.438113, 49.414947 ], [ 20.437842, 49.415292 ], [ 20.437757, 49.415405 ], [ 20.437503, 49.415753 ], [ 20.437393, 49.41593 ], [ 20.437165, 49.416371 ], [ 20.437084, 49.416654 ], [ 20.437066, 49.416962 ], [ 20.43695, 49.417299 ], [ 20.436721, 49.417523 ], [ 20.436388, 49.417661 ], [ 20.435937, 49.417813 ], [ 20.43534, 49.417941 ], [ 20.43476, 49.417982 ], [ 20.434095, 49.417977 ], [ 20.433569, 49.417917 ], [ 20.433096, 49.417815 ], [ 20.432644, 49.417666 ], [ 20.432295, 49.417581 ], [ 20.4321115, 49.4174952 ], [ 20.431906, 49.417403 ], [ 20.431458, 49.417248 ], [ 20.431171, 49.417145 ], [ 20.430808, 49.41699 ], [ 20.430507, 49.416829 ], [ 20.430205, 49.416602 ], [ 20.430014, 49.416382 ], [ 20.429803, 49.416065 ], [ 20.429592, 49.415723 ], [ 20.42946, 49.415409 ], [ 20.429369, 49.415086 ], [ 20.429303, 49.414739 ], [ 20.429326, 49.414268 ], [ 20.429305, 49.414027 ], [ 20.42929, 49.413762 ], [ 20.429279, 49.413542 ], [ 20.429292, 49.413307 ], [ 20.429249, 49.412897 ], [ 20.429256, 49.412652 ], [ 20.429211, 49.41229 ], [ 20.429235, 49.411984 ], [ 20.429326, 49.411599 ], [ 20.429433, 49.411291 ], [ 20.429478, 49.410922 ], [ 20.429484, 49.410545 ], [ 20.429447, 49.410241 ], [ 20.429426, 49.410012 ], [ 20.429311, 49.409661 ], [ 20.429241, 49.409377 ], [ 20.429116, 49.409053 ], [ 20.429043, 49.408909 ], [ 20.429004, 49.408728 ], [ 20.428781, 49.408494 ], [ 20.428727, 49.408273 ], [ 20.428883, 49.408053 ], [ 20.429126, 49.407858 ], [ 20.42939, 49.407805 ], [ 20.429717, 49.407763 ], [ 20.430111, 49.407811 ], [ 20.430535, 49.407871 ], [ 20.430823, 49.407946 ], [ 20.431207, 49.408106 ], [ 20.43158, 49.408161 ], [ 20.432075, 49.408214 ], [ 20.432525, 49.408217 ], [ 20.432937, 49.408214 ], [ 20.433316, 49.408184 ], [ 20.433652, 49.408173 ], [ 20.434039, 49.408144 ], [ 20.434336, 49.408085 ], [ 20.434707, 49.407984 ], [ 20.435059, 49.407904 ], [ 20.435475, 49.407751 ], [ 20.435821, 49.407596 ], [ 20.436201, 49.407393 ], [ 20.436571, 49.407165 ], [ 20.436868, 49.406875 ], [ 20.436917, 49.406657 ], [ 20.436968, 49.406507 ], [ 20.436988, 49.406275 ], [ 20.436881, 49.40595 ], [ 20.436727, 49.405659 ], [ 20.436628, 49.405432 ], [ 20.436529, 49.405226 ], [ 20.436308, 49.404934 ], [ 20.436119, 49.404712 ], [ 20.435943, 49.404509 ], [ 20.435729, 49.404152 ], [ 20.4356, 49.403992 ], [ 20.435281, 49.403563 ], [ 20.435068, 49.403235 ], [ 20.434932, 49.403003 ], [ 20.43461, 49.402578 ], [ 20.434365, 49.402258 ], [ 20.434202, 49.402062 ], [ 20.43408, 49.401736 ], [ 20.434094, 49.401542 ], [ 20.4340738, 49.401453 ], [ 20.434043, 49.401317 ], [ 20.434042, 49.401091 ], [ 20.4341, 49.400862 ], [ 20.434255, 49.400565 ], [ 20.434376, 49.400337 ], [ 20.434479, 49.400128 ], [ 20.434618, 49.399786 ], [ 20.434705, 49.399542 ], [ 20.434782, 49.399253 ], [ 20.434814, 49.398866 ], [ 20.434747, 49.398707 ], [ 20.434554, 49.398303 ], [ 20.434509, 49.398188 ], [ 20.434487, 49.398058 ], [ 20.434407, 49.397908 ], [ 20.434241, 49.397598 ], [ 20.434017, 49.39734 ], [ 20.433771, 49.397085 ], [ 20.433481, 49.396778 ], [ 20.43327, 49.396615 ], [ 20.43279, 49.396373 ], [ 20.432381, 49.396148 ], [ 20.431959, 49.396008 ], [ 20.431821, 49.395969 ], [ 20.431626, 49.395913 ], [ 20.431404, 49.395877 ], [ 20.43127, 49.395885 ], [ 20.431134, 49.395948 ], [ 20.430756, 49.396256 ], [ 20.430551, 49.396476 ], [ 20.430474, 49.396595 ], [ 20.430329, 49.396835 ], [ 20.4302138, 49.397147 ], [ 20.430195, 49.397198 ], [ 20.430019, 49.39754 ], [ 20.429959, 49.397689 ], [ 20.42975, 49.398022 ], [ 20.429594, 49.398392 ], [ 20.429495, 49.39866 ], [ 20.429305, 49.399031 ], [ 20.429136, 49.399375 ], [ 20.42897, 49.39975 ], [ 20.428823, 49.400065 ], [ 20.428693, 49.400327 ], [ 20.428562, 49.400632 ], [ 20.428414, 49.400981 ], [ 20.428349, 49.401114 ], [ 20.428187, 49.401478 ], [ 20.42806, 49.401767 ], [ 20.427964, 49.401985 ], [ 20.427928, 49.402022 ], [ 20.427711, 49.402208 ], [ 20.427368, 49.402484 ], [ 20.427148, 49.402593 ], [ 20.426977, 49.402655 ], [ 20.426903, 49.402723 ], [ 20.426793, 49.402793 ], [ 20.426668, 49.402825 ], [ 20.426263, 49.402893 ], [ 20.425928, 49.402954 ], [ 20.425718, 49.402983 ], [ 20.425584, 49.403006 ], [ 20.425187, 49.403057 ], [ 20.425086, 49.403091 ], [ 20.424766, 49.40326 ], [ 20.42418, 49.403495 ], [ 20.423714, 49.403699 ], [ 20.423334, 49.403873 ], [ 20.4228, 49.404112 ], [ 20.422395, 49.4043 ], [ 20.421928, 49.404492 ], [ 20.421815, 49.404559 ], [ 20.42138, 49.404797 ], [ 20.421052, 49.405032 ], [ 20.42081, 49.405187 ], [ 20.420575, 49.405297 ], [ 20.420359, 49.4054 ], [ 20.420014, 49.405516 ], [ 20.41968, 49.405581 ], [ 20.418803, 49.405764 ], [ 20.418288, 49.405858 ], [ 20.41752, 49.405851 ], [ 20.416875, 49.40579 ], [ 20.416679, 49.405732 ], [ 20.416369, 49.405527 ], [ 20.416077, 49.405394 ], [ 20.415804, 49.405253 ], [ 20.415479, 49.405061 ], [ 20.415368, 49.404988 ], [ 20.415241, 49.404881 ], [ 20.414894, 49.404535 ], [ 20.414586, 49.404147 ], [ 20.414359, 49.403847 ], [ 20.414209, 49.403515 ], [ 20.414076, 49.402913 ], [ 20.414058, 49.402576 ], [ 20.414087, 49.40222 ], [ 20.414114, 49.40189 ], [ 20.414197, 49.40156 ], [ 20.414204, 49.401393 ], [ 20.414279, 49.401058 ], [ 20.414361, 49.400765 ], [ 20.414437, 49.400505 ], [ 20.414508, 49.400209 ], [ 20.414513, 49.400123 ], [ 20.414581, 49.399817 ], [ 20.414611, 49.399561 ], [ 20.414668, 49.399213 ], [ 20.414692, 49.398867 ], [ 20.414728, 49.398575 ], [ 20.414778, 49.398112 ], [ 20.414688, 49.397714 ], [ 20.414518, 49.397409 ], [ 20.414361, 49.3971797 ], [ 20.414331, 49.397136 ], [ 20.414266, 49.39701 ], [ 20.413914, 49.396562 ], [ 20.413662, 49.396269 ], [ 20.413466, 49.396082 ], [ 20.413317, 49.395956 ], [ 20.41304, 49.395718 ], [ 20.412672, 49.39546 ], [ 20.412285, 49.395203 ], [ 20.411733, 49.394972 ], [ 20.411341, 49.394754 ], [ 20.410695, 49.394402 ], [ 20.409779, 49.393922 ], [ 20.409337, 49.393692 ], [ 20.408976, 49.393512 ], [ 20.408642, 49.39337 ], [ 20.408057, 49.393167 ], [ 20.407868, 49.393116 ], [ 20.407343, 49.39296 ], [ 20.406826, 49.392816 ], [ 20.406313, 49.392691 ], [ 20.405747, 49.392543 ], [ 20.405263, 49.392446 ], [ 20.404785, 49.39235 ], [ 20.404355, 49.392289 ], [ 20.403838, 49.392228 ], [ 20.4030106, 49.3921393 ], [ 20.402581, 49.392089 ], [ 20.4022, 49.392037 ], [ 20.401684, 49.392018 ], [ 20.401169, 49.391991 ], [ 20.400668, 49.391982 ], [ 20.400112, 49.391963 ], [ 20.399067, 49.391892 ], [ 20.396063, 49.391266 ], [ 20.3938544, 49.3907626 ], [ 20.3932695, 49.3906292 ], [ 20.393036, 49.390576 ], [ 20.390427, 49.39042 ], [ 20.388011, 49.390838 ], [ 20.386532, 49.39084 ], [ 20.384581, 49.390853 ], [ 20.38288, 49.390989 ], [ 20.3825319, 49.3910494 ], [ 20.382309, 49.391229 ], [ 20.381915, 49.391718 ], [ 20.381749, 49.391926 ], [ 20.381546, 49.392246 ], [ 20.38142, 49.392495 ], [ 20.381344, 49.392662 ], [ 20.381239, 49.393062 ], [ 20.381159, 49.393172 ], [ 20.381079, 49.393752 ], [ 20.381076, 49.393796 ], [ 20.380932, 49.394001 ], [ 20.380757, 49.39419 ], [ 20.380704, 49.394254 ], [ 20.380666, 49.394446 ], [ 20.380608, 49.394715 ], [ 20.380549, 49.395019 ], [ 20.380522, 49.395292 ], [ 20.380484, 49.395536 ], [ 20.38047, 49.39563 ], [ 20.380532, 49.395857 ], [ 20.380603, 49.396072 ], [ 20.380987, 49.396445 ], [ 20.381146, 49.396679 ], [ 20.381184, 49.396917 ], [ 20.381174, 49.397033 ], [ 20.381209, 49.397319 ], [ 20.381217, 49.397594 ], [ 20.381257, 49.397899 ], [ 20.381344, 49.398627 ], [ 20.381362, 49.398905 ], [ 20.381392, 49.399142 ], [ 20.381373, 49.399466 ], [ 20.38136, 49.399751 ], [ 20.381395, 49.400069 ], [ 20.381388, 49.400315 ], [ 20.381358, 49.400501 ], [ 20.381333, 49.400675 ], [ 20.381353, 49.400889 ], [ 20.381339, 49.401144 ], [ 20.381309, 49.401441 ], [ 20.381189, 49.401689 ], [ 20.381092, 49.402071 ], [ 20.381083, 49.402238 ], [ 20.381021, 49.402429 ], [ 20.381017, 49.402579 ], [ 20.380947, 49.402992 ], [ 20.380912, 49.403257 ], [ 20.380742, 49.403432 ], [ 20.380587, 49.403641 ], [ 20.380119, 49.40423 ], [ 20.37983, 49.404618 ], [ 20.37956, 49.404933 ], [ 20.379314, 49.405184 ], [ 20.379263, 49.405582 ], [ 20.378845, 49.405888 ], [ 20.378448, 49.406197 ], [ 20.3779963, 49.4064691 ], [ 20.377477, 49.406807 ], [ 20.377031, 49.407083 ], [ 20.376347, 49.407551 ], [ 20.37606, 49.407713 ], [ 20.375681, 49.40786 ], [ 20.37496, 49.407954 ], [ 20.37471, 49.407949 ], [ 20.374327, 49.408 ], [ 20.373931, 49.407995 ], [ 20.373129, 49.407983 ], [ 20.372559, 49.407892 ], [ 20.372117, 49.407788 ], [ 20.37162, 49.407625 ], [ 20.371134, 49.407381 ], [ 20.370811, 49.407138 ], [ 20.370466, 49.406794 ], [ 20.370192, 49.406444 ], [ 20.370028, 49.40611 ], [ 20.369942, 49.405748 ], [ 20.369873, 49.405493 ], [ 20.36983, 49.405302 ], [ 20.369767, 49.404936 ], [ 20.369759, 49.404664 ], [ 20.369775, 49.404517 ], [ 20.369912, 49.403711 ], [ 20.369804, 49.40329 ], [ 20.36978, 49.40316 ], [ 20.369731, 49.40288 ], [ 20.36966, 49.402697 ], [ 20.369539, 49.402379 ], [ 20.36945, 49.40206 ], [ 20.369389, 49.401916 ], [ 20.369271, 49.401513 ], [ 20.369231, 49.40134 ], [ 20.36923, 49.401334 ], [ 20.368991, 49.400991 ], [ 20.368766, 49.400762 ], [ 20.368623, 49.400616 ], [ 20.368569, 49.400562 ], [ 20.368269, 49.40037 ], [ 20.368002, 49.400216 ], [ 20.367606, 49.400033 ], [ 20.367104, 49.399784 ], [ 20.367033, 49.399752 ], [ 20.366695, 49.399598 ], [ 20.366218, 49.399437 ], [ 20.365737, 49.399243 ], [ 20.365328, 49.399092 ], [ 20.364946, 49.399009 ], [ 20.364478, 49.398881 ], [ 20.36387, 49.398735 ], [ 20.3634097, 49.3985448 ], [ 20.363207, 49.398461 ], [ 20.362271, 49.398262 ], [ 20.361659, 49.39822 ], [ 20.360325, 49.398318 ], [ 20.35859, 49.398408 ], [ 20.357906, 49.398422 ], [ 20.357712, 49.398444 ], [ 20.357197, 49.398523 ], [ 20.356716, 49.398702 ], [ 20.356471, 49.398801 ], [ 20.356186, 49.398913 ], [ 20.355899, 49.399121 ], [ 20.355542, 49.399228 ], [ 20.355475, 49.399248 ], [ 20.35519, 49.399388 ], [ 20.354644, 49.399631 ], [ 20.354439, 49.399764 ], [ 20.353766, 49.400141 ], [ 20.353368, 49.400417 ], [ 20.353204, 49.400542 ], [ 20.35281, 49.400779 ], [ 20.352442, 49.40105 ], [ 20.352004, 49.401245 ], [ 20.351486, 49.401427 ], [ 20.350979, 49.401495 ], [ 20.350749, 49.401532 ], [ 20.350264, 49.401546 ], [ 20.349882, 49.401544 ], [ 20.349327, 49.401448 ], [ 20.348901, 49.401349 ], [ 20.348484, 49.401258 ], [ 20.347978, 49.400973 ], [ 20.347774, 49.400925 ], [ 20.347359, 49.400834 ], [ 20.347011, 49.400741 ], [ 20.346643, 49.400695 ], [ 20.345999, 49.400647 ], [ 20.345597, 49.400614 ], [ 20.344782, 49.400617 ], [ 20.344746, 49.400617 ], [ 20.344325, 49.400638 ], [ 20.343928, 49.400682 ], [ 20.343443, 49.400745 ], [ 20.343038, 49.400801 ], [ 20.342609, 49.400841 ], [ 20.342203, 49.400921 ], [ 20.341739, 49.401005 ], [ 20.34136, 49.401068 ], [ 20.340849, 49.401164 ], [ 20.340503, 49.401199 ], [ 20.339778, 49.401277 ], [ 20.33942, 49.401309 ], [ 20.339253, 49.401332 ], [ 20.339009, 49.401362 ], [ 20.33848, 49.401567 ], [ 20.33826, 49.401705 ], [ 20.337877, 49.401889 ], [ 20.337691, 49.402243 ], [ 20.337471, 49.402479 ], [ 20.336272, 49.402066 ], [ 20.335991, 49.401967 ], [ 20.335947, 49.4019444 ], [ 20.335877, 49.401908 ], [ 20.335859, 49.401898 ], [ 20.335061, 49.401472 ], [ 20.333999, 49.401705 ], [ 20.333359, 49.401844 ], [ 20.332238, 49.402158 ], [ 20.331365, 49.402355 ], [ 20.330273, 49.402594 ], [ 20.328939, 49.402801 ], [ 20.32818, 49.402895 ], [ 20.327219, 49.402841 ], [ 20.326699, 49.402812 ], [ 20.326651, 49.402818 ], [ 20.32657, 49.40283 ], [ 20.325081, 49.403028 ], [ 20.324696, 49.402724 ], [ 20.324661, 49.402695 ], [ 20.324121, 49.402268 ], [ 20.32326, 49.401974 ], [ 20.322431, 49.401853 ], [ 20.322156, 49.401755 ], [ 20.321892, 49.401385 ], [ 20.321616, 49.400786 ], [ 20.321235, 49.400251 ], [ 20.320659, 49.399585 ], [ 20.320118, 49.398008 ], [ 20.319799, 49.396874 ], [ 20.319691, 49.396418 ], [ 20.319638, 49.396198 ], [ 20.319612, 49.396089 ], [ 20.3193, 49.395555 ], [ 20.318775, 49.394624 ], [ 20.318689, 49.394471 ], [ 20.318667, 49.394433 ], [ 20.318615, 49.394347 ], [ 20.318114, 49.393528 ], [ 20.317884, 49.393136 ], [ 20.31787, 49.392677 ], [ 20.317842, 49.392173 ], [ 20.317708, 49.391689 ], [ 20.317399, 49.390636 ], [ 20.317302, 49.390247 ], [ 20.317411, 49.389605 ], [ 20.317462, 49.388892 ], [ 20.31751, 49.388727 ], [ 20.317777, 49.388823 ], [ 20.31779, 49.388826 ], [ 20.317926, 49.388851 ], [ 20.318019, 49.388868 ], [ 20.318029, 49.38887 ], [ 20.318101, 49.388909 ], [ 20.318152, 49.388937 ], [ 20.318173, 49.388949 ], [ 20.318181, 49.388952 ], [ 20.318404, 49.388968 ], [ 20.318443, 49.388984 ], [ 20.318609, 49.389051 ], [ 20.318681, 49.389092 ], [ 20.318779, 49.389147 ], [ 20.31884, 49.389175 ], [ 20.318868, 49.389187 ], [ 20.318979, 49.389236 ], [ 20.319001, 49.389246 ], [ 20.319106, 49.389299 ], [ 20.319152, 49.389322 ], [ 20.319268, 49.389381 ], [ 20.319285, 49.389389 ], [ 20.319372, 49.389457 ], [ 20.319427, 49.3895 ], [ 20.319439, 49.38951 ], [ 20.31948, 49.389517 ], [ 20.319516, 49.389524 ], [ 20.319646, 49.389548 ], [ 20.319866, 49.389648 ], [ 20.319885, 49.389651 ], [ 20.319904, 49.389654 ], [ 20.319974, 49.389665 ], [ 20.320004, 49.38967 ], [ 20.320025, 49.389673 ], [ 20.320098, 49.389732 ], [ 20.320122, 49.389751 ], [ 20.320165, 49.389784 ], [ 20.32024, 49.389794 ], [ 20.320265, 49.389796 ], [ 20.320282, 49.389798 ], [ 20.320835, 49.390134 ], [ 20.321102, 49.390267 ], [ 20.321527, 49.390269 ], [ 20.32182, 49.390448 ], [ 20.321832, 49.390455 ], [ 20.321846, 49.390465 ], [ 20.321961, 49.390438 ], [ 20.322317, 49.390496 ], [ 20.322392, 49.390442 ], [ 20.322516, 49.390352 ], [ 20.322539, 49.390335 ], [ 20.322559, 49.39034 ], [ 20.322598, 49.390351 ], [ 20.322867, 49.390424 ], [ 20.322929, 49.390429 ], [ 20.323053, 49.390439 ], [ 20.32307, 49.390441 ], [ 20.323285, 49.390439 ], [ 20.323303, 49.390439 ], [ 20.323426, 49.390438 ], [ 20.323615, 49.390509 ], [ 20.323732, 49.390601 ], [ 20.323902, 49.390603 ], [ 20.324203, 49.390608 ], [ 20.324272, 49.390609 ], [ 20.324319, 49.390461 ], [ 20.324335, 49.390563 ], [ 20.324455, 49.390592 ], [ 20.324593, 49.390601 ], [ 20.324661, 49.39059 ], [ 20.324705, 49.390583 ], [ 20.324742, 49.390576 ], [ 20.324869, 49.39051 ], [ 20.324929, 49.390546 ], [ 20.324971, 49.390571 ], [ 20.325004, 49.390592 ], [ 20.325114, 49.390606 ], [ 20.325375, 49.390574 ], [ 20.325477, 49.390628 ], [ 20.325528, 49.390656 ], [ 20.325719, 49.390759 ], [ 20.325736, 49.390751 ], [ 20.325749, 49.390743 ], [ 20.325787, 49.390722 ], [ 20.326185, 49.390861 ], [ 20.326212, 49.39087 ], [ 20.326288, 49.390897 ], [ 20.326575, 49.390838 ], [ 20.326587, 49.390834 ], [ 20.326686, 49.390862 ], [ 20.326787, 49.390888 ], [ 20.326952, 49.390892 ], [ 20.327023, 49.390872 ], [ 20.327274, 49.390919 ], [ 20.327491, 49.390926 ], [ 20.327657, 49.390899 ], [ 20.327881, 49.390943 ], [ 20.328096, 49.390975 ], [ 20.328102, 49.390977 ], [ 20.328274, 49.391006 ], [ 20.328349, 49.391012 ], [ 20.328405, 49.391017 ], [ 20.328455, 49.391022 ], [ 20.328508, 49.391021 ], [ 20.328529, 49.391021 ], [ 20.328567, 49.391041 ], [ 20.328671, 49.391094 ], [ 20.328829, 49.391129 ], [ 20.329076, 49.391087 ], [ 20.329091, 49.391086 ], [ 20.3293, 49.391095 ], [ 20.329322, 49.391096 ], [ 20.329462, 49.391081 ], [ 20.329505, 49.391075 ], [ 20.329532, 49.391094 ], [ 20.329676, 49.391181 ], [ 20.329755, 49.39123 ], [ 20.329902, 49.39126 ], [ 20.329962, 49.391287 ], [ 20.329991, 49.391299 ], [ 20.330023, 49.391314 ], [ 20.330031, 49.391331 ], [ 20.330037, 49.391345 ], [ 20.330054, 49.391384 ], [ 20.330063, 49.391384 ], [ 20.330096, 49.391394 ], [ 20.330119, 49.391402 ], [ 20.330431, 49.391335 ], [ 20.330579, 49.391345 ], [ 20.330605, 49.391348 ], [ 20.330704, 49.391355 ], [ 20.330706, 49.391355 ], [ 20.330723, 49.391357 ], [ 20.330895, 49.391372 ], [ 20.330982, 49.391337 ], [ 20.331045, 49.391394 ], [ 20.331088, 49.391401 ], [ 20.33115, 49.39141 ], [ 20.331204, 49.391419 ], [ 20.331276, 49.391429 ], [ 20.331213, 49.391166 ], [ 20.331113, 49.391075 ], [ 20.330933, 49.391112 ], [ 20.330899, 49.391075 ], [ 20.330881, 49.391054 ], [ 20.33082, 49.390986 ], [ 20.330812, 49.390978 ], [ 20.330821, 49.390973 ], [ 20.33101, 49.390873 ], [ 20.330987, 49.390803 ], [ 20.330696, 49.39086 ], [ 20.330509, 49.390783 ], [ 20.330527, 49.390742 ], [ 20.330534, 49.390727 ], [ 20.330573, 49.390639 ], [ 20.33058, 49.390626 ], [ 20.330599, 49.390583 ], [ 20.330701, 49.390591 ], [ 20.330728, 49.390594 ], [ 20.33077, 49.390597 ], [ 20.330768, 49.390585 ], [ 20.330767, 49.390576 ], [ 20.330752, 49.390446 ], [ 20.330748, 49.390307 ], [ 20.330703, 49.390284 ], [ 20.330684, 49.390274 ], [ 20.330468, 49.390163 ], [ 20.330328, 49.390075 ], [ 20.330304, 49.390059 ], [ 20.33029, 49.39005 ], [ 20.330106, 49.389893 ], [ 20.330009, 49.389748 ], [ 20.32988, 49.389524 ], [ 20.329711, 49.389443 ], [ 20.329665, 49.389355 ], [ 20.329477, 49.389196 ], [ 20.329461, 49.389106 ], [ 20.329276, 49.388952 ], [ 20.329101, 49.388816 ], [ 20.328787, 49.388628 ], [ 20.328824, 49.388586 ], [ 20.328848, 49.388559 ], [ 20.328941, 49.388454 ], [ 20.328917, 49.388373 ], [ 20.328913, 49.38836 ], [ 20.32885, 49.388149 ], [ 20.328669, 49.388 ], [ 20.328626, 49.387939 ], [ 20.328395, 49.387619 ], [ 20.328238, 49.387602 ], [ 20.32818, 49.387442 ], [ 20.328165, 49.387316 ], [ 20.328183, 49.387168 ], [ 20.328191, 49.387101 ], [ 20.328177, 49.3871 ], [ 20.327926, 49.387075 ], [ 20.327752, 49.387083 ], [ 20.327669, 49.387058 ], [ 20.327583, 49.386967 ], [ 20.32756, 49.386859 ], [ 20.327645, 49.386755 ], [ 20.32778, 49.38649 ], [ 20.327858, 49.386302 ], [ 20.327866, 49.386284 ], [ 20.327879, 49.386252 ], [ 20.327818, 49.386285 ], [ 20.327783, 49.386304 ], [ 20.327769, 49.386312 ], [ 20.327767, 49.386434 ], [ 20.327382, 49.386392 ], [ 20.327306, 49.386338 ], [ 20.327296, 49.386332 ], [ 20.32723, 49.386284 ], [ 20.327252, 49.386096 ], [ 20.327129, 49.386025 ], [ 20.327094, 49.386004 ], [ 20.327016, 49.38596 ], [ 20.326919, 49.385648 ], [ 20.326896, 49.385574 ], [ 20.326878, 49.385514 ], [ 20.32685, 49.38516 ], [ 20.32683, 49.385076 ], [ 20.326767, 49.384792 ], [ 20.326734, 49.384758 ], [ 20.326424, 49.384437 ], [ 20.326424, 49.384387 ], [ 20.326421, 49.384215 ], [ 20.326421, 49.384203 ], [ 20.326147, 49.384317 ], [ 20.326081, 49.384259 ], [ 20.326087, 49.384243 ], [ 20.326125, 49.384133 ], [ 20.32607, 49.384053 ], [ 20.326051, 49.384024 ], [ 20.325962, 49.383892 ], [ 20.325863, 49.383744 ], [ 20.325857, 49.383729 ], [ 20.325783, 49.383544 ], [ 20.325623, 49.383498 ], [ 20.325581, 49.383485 ], [ 20.325523, 49.383439 ], [ 20.325421, 49.38336 ], [ 20.32524, 49.383304 ], [ 20.325077, 49.383255 ], [ 20.32498, 49.383168 ], [ 20.324966, 49.383155 ], [ 20.324919, 49.383114 ], [ 20.324865, 49.382989 ], [ 20.324758, 49.382782 ], [ 20.324725, 49.382636 ], [ 20.324698, 49.382375 ], [ 20.32455, 49.382264 ], [ 20.324163, 49.382044 ], [ 20.324164, 49.381994 ], [ 20.324165, 49.381974 ], [ 20.324169, 49.381859 ], [ 20.324169, 49.381849 ], [ 20.324171, 49.381843 ], [ 20.324206, 49.381721 ], [ 20.324219, 49.381676 ], [ 20.324223, 49.381662 ], [ 20.324214, 49.381657 ], [ 20.324183, 49.38164 ], [ 20.32413, 49.381611 ], [ 20.324145, 49.381441 ], [ 20.324125, 49.381245 ], [ 20.324046, 49.381223 ], [ 20.323993, 49.381207 ], [ 20.323991, 49.381206 ], [ 20.323991, 49.381207 ], [ 20.323983, 49.381227 ], [ 20.323924, 49.381381 ], [ 20.323862, 49.381439 ], [ 20.323721, 49.381461 ], [ 20.323627, 49.381319 ], [ 20.323621, 49.381311 ], [ 20.323568, 49.381195 ], [ 20.323554, 49.381164 ], [ 20.32368, 49.38111 ], [ 20.323778, 49.38104 ], [ 20.323853, 49.380987 ], [ 20.323895, 49.380957 ], [ 20.32388, 49.380943 ], [ 20.323827, 49.38089 ], [ 20.323824, 49.380886 ], [ 20.323816, 49.380886 ], [ 20.323732, 49.380885 ], [ 20.323661, 49.380883 ], [ 20.323524, 49.380891 ], [ 20.323454, 49.380894 ], [ 20.323361, 49.380898 ], [ 20.323334, 49.380842 ], [ 20.323312, 49.380797 ], [ 20.323194, 49.380555 ], [ 20.323075, 49.380333 ], [ 20.323378, 49.380346 ], [ 20.323396, 49.380346 ], [ 20.323381, 49.380335 ], [ 20.323226, 49.380227 ], [ 20.323198, 49.380194 ], [ 20.323186, 49.380178 ], [ 20.323077, 49.380047 ], [ 20.322997, 49.379951 ], [ 20.323025, 49.379769 ], [ 20.323019, 49.37973 ], [ 20.323013, 49.379675 ], [ 20.32301, 49.379655 ], [ 20.322926, 49.379502 ], [ 20.322913, 49.379479 ], [ 20.322817, 49.379422 ], [ 20.322754, 49.379385 ], [ 20.322566, 49.379253 ], [ 20.322426, 49.379159 ], [ 20.32239, 49.379134 ], [ 20.32222, 49.378938 ], [ 20.322194, 49.378929 ], [ 20.321877, 49.378812 ], [ 20.321684, 49.378666 ], [ 20.321578, 49.378545 ], [ 20.321378, 49.378384 ], [ 20.321507, 49.378345 ], [ 20.321507, 49.378153 ], [ 20.321288, 49.3779 ], [ 20.32131, 49.377783 ], [ 20.321239, 49.377677 ], [ 20.321172, 49.37758 ], [ 20.321133, 49.377503 ], [ 20.321084, 49.377404 ], [ 20.321355, 49.377203 ], [ 20.32137, 49.377069 ], [ 20.321335, 49.37689 ], [ 20.321286, 49.376762 ], [ 20.321022, 49.376582 ], [ 20.321096, 49.376544 ], [ 20.321121, 49.37653 ], [ 20.321187, 49.376494 ], [ 20.321211, 49.376474 ], [ 20.321486, 49.376233 ], [ 20.321509, 49.376213 ], [ 20.321465, 49.376095 ], [ 20.321444, 49.376038 ], [ 20.3213515, 49.3758677 ], [ 20.3214008, 49.3758354 ], [ 20.3214914, 49.3757762 ], [ 20.321872, 49.375579 ], [ 20.322669, 49.375113 ], [ 20.322947, 49.374131 ], [ 20.323243, 49.37351 ], [ 20.323608, 49.373048 ], [ 20.324111, 49.372375 ], [ 20.324354, 49.372161 ], [ 20.324902, 49.3721 ], [ 20.324911, 49.372099 ], [ 20.324902, 49.372026 ], [ 20.324825, 49.371391 ], [ 20.325584, 49.371277 ], [ 20.325448, 49.37045 ], [ 20.325299, 49.36952 ], [ 20.325374, 49.368453 ], [ 20.3254407, 49.3678211 ], [ 20.325733, 49.367038 ], [ 20.3257357, 49.3670311 ], [ 20.3262156, 49.3658616 ], [ 20.3253258, 49.3647057 ], [ 20.3249128, 49.363455 ], [ 20.3251627, 49.3623715 ], [ 20.3252516, 49.3613876 ], [ 20.325124, 49.361224 ], [ 20.32508, 49.361168 ], [ 20.3247328, 49.3607259 ], [ 20.3245148, 49.3601402 ], [ 20.3239747, 49.3591762 ], [ 20.3241484, 49.3589141 ], [ 20.324153, 49.358909 ], [ 20.3241506, 49.3589022 ], [ 20.3240375, 49.3581386 ], [ 20.3237721, 49.3577409 ], [ 20.323764, 49.357726 ], [ 20.323539, 49.357119 ], [ 20.323306, 49.356504 ], [ 20.3230608, 49.3558673 ], [ 20.3233804, 49.3557487 ], [ 20.3234357, 49.3550642 ], [ 20.3232643, 49.3543842 ], [ 20.323049, 49.3537115 ], [ 20.3228806, 49.3530411 ], [ 20.3230796, 49.3530198 ], [ 20.3230341, 49.3526133 ], [ 20.3234706, 49.3524607 ], [ 20.3237194, 49.3521993 ], [ 20.3236537, 49.3518116 ], [ 20.323108, 49.3510916 ], [ 20.323102, 49.351081 ], [ 20.32235, 49.350381 ], [ 20.3214366, 49.3495226 ], [ 20.3213102, 49.3488455 ], [ 20.3210246, 49.3483303 ], [ 20.3203916, 49.3476705 ], [ 20.3195574, 49.3469688 ], [ 20.319033, 49.3467789 ], [ 20.3186499, 49.3465217 ], [ 20.3181565, 49.3461087 ], [ 20.31815, 49.346101 ], [ 20.3178586, 49.3458459 ], [ 20.3171903, 49.3455028 ], [ 20.3169318, 49.3450276 ], [ 20.3168556, 49.3447236 ], [ 20.3164888, 49.3445299 ], [ 20.3161897, 49.3446189 ], [ 20.3159029, 49.3443108 ], [ 20.31537, 49.3441547 ], [ 20.3141766, 49.3435077 ], [ 20.3128612, 49.3432946 ], [ 20.3113076, 49.3433216 ], [ 20.3110461, 49.343708 ], [ 20.31028, 49.343767 ], [ 20.3087963, 49.3438825 ], [ 20.3084345, 49.3439398 ], [ 20.3079128, 49.3442129 ], [ 20.307908, 49.344212 ], [ 20.3077147, 49.3443411 ], [ 20.3075726, 49.3445329 ], [ 20.3073374, 49.3446398 ], [ 20.3070639, 49.3447802 ], [ 20.307059, 49.344779 ], [ 20.3067089, 49.3450302 ], [ 20.3064257, 49.3452026 ], [ 20.306421, 49.345201 ], [ 20.306167, 49.3454175 ], [ 20.305785, 49.345574 ], [ 20.305741, 49.3455956 ], [ 20.305449, 49.345721 ], [ 20.3051929, 49.3458398 ], [ 20.305184, 49.345842 ], [ 20.3048978, 49.3460624 ], [ 20.304893, 49.346061 ], [ 20.3045973, 49.3462201 ], [ 20.3043254, 49.3463852 ], [ 20.304319, 49.346386 ], [ 20.3040903, 49.3465384 ], [ 20.3039176, 49.3467207 ], [ 20.3037142, 49.346765 ], [ 20.3034899, 49.3468444 ], [ 20.303314, 49.346888 ], [ 20.3032003, 49.3469867 ], [ 20.303057, 49.3470737 ], [ 20.302961, 49.3470849 ], [ 20.3027367, 49.3472149 ], [ 20.3026308, 49.347453 ], [ 20.3025172, 49.3475834 ], [ 20.302368, 49.347696 ], [ 20.302367, 49.3477018 ], [ 20.3020982, 49.3478813 ], [ 20.3019464, 49.348039 ], [ 20.301718, 49.3482517 ], [ 20.301713, 49.348251 ], [ 20.3015069, 49.3483785 ], [ 20.3011308, 49.3485309 ], [ 20.3006738, 49.3487668 ], [ 20.3003135, 49.3488191 ], [ 20.3000559, 49.3487909 ], [ 20.2996941, 49.3488662 ], [ 20.2992979, 49.3487621 ], [ 20.2989273, 49.3488311 ], [ 20.298694, 49.348863 ], [ 20.2985479, 49.3488836 ], [ 20.2984663, 49.3489658 ], [ 20.298461, 49.348965 ], [ 20.298454, 49.34897 ], [ 20.2983312, 49.3490626 ], [ 20.2981813, 49.3491865 ], [ 20.297937, 49.349202 ], [ 20.2974361, 49.3492408 ], [ 20.2971601, 49.3493488 ], [ 20.297244, 49.349454 ], [ 20.2970558, 49.3494908 ], [ 20.2966495, 49.3494695 ], [ 20.296644, 49.349468 ], [ 20.2961537, 49.349478 ], [ 20.2957695, 49.3495382 ], [ 20.2955082, 49.3494912 ], [ 20.2953622, 49.3495041 ], [ 20.2951468, 49.3495232 ], [ 20.2949518, 49.3496685 ], [ 20.2948109, 49.3498257 ], [ 20.29444, 49.3499876 ], [ 20.294476, 49.3501759 ], [ 20.2942872, 49.3502388 ], [ 20.2940675, 49.3502166 ], [ 20.2939807, 49.3502562 ], [ 20.2939941, 49.3504935 ], [ 20.2943071, 49.3506359 ], [ 20.2943901, 49.3508348 ], [ 20.2941566, 49.3508912 ], [ 20.294044, 49.3510724 ], [ 20.2936711, 49.3512318 ], [ 20.293642, 49.351241 ], [ 20.2934402, 49.3513362 ], [ 20.2931148, 49.3513499 ], [ 20.2930467, 49.3515319 ], [ 20.2928163, 49.3515563 ], [ 20.2927915, 49.3514944 ], [ 20.291138, 49.351416 ], [ 20.2910861, 49.3514157 ], [ 20.29107, 49.351412 ], [ 20.2897489, 49.3512621 ], [ 20.289569, 49.351239 ], [ 20.288168, 49.351205 ], [ 20.2874167, 49.3511702 ], [ 20.287115, 49.351148 ], [ 20.2864651, 49.351092 ], [ 20.28646, 49.351087 ], [ 20.2861203, 49.3508888 ], [ 20.2859906, 49.3508833 ], [ 20.2857321, 49.3510039 ], [ 20.2854303, 49.3510891 ], [ 20.2850823, 49.3509299 ], [ 20.2848456, 49.3508733 ], [ 20.2843631, 49.3509189 ], [ 20.2839876, 49.350997 ], [ 20.2836696, 49.350963 ], [ 20.2831967, 49.351054 ], [ 20.283168, 49.351057 ], [ 20.2825008, 49.3511648 ], [ 20.282494, 49.351163 ], [ 20.2821172, 49.3511581 ], [ 20.282111, 49.351156 ], [ 20.2821127, 49.3513379 ], [ 20.281747, 49.351385 ], [ 20.2817275, 49.35139 ], [ 20.28158, 49.351398 ], [ 20.281246, 49.351417 ], [ 20.2811385, 49.3514271 ], [ 20.280985, 49.351436 ], [ 20.2807327, 49.3514712 ], [ 20.280656, 49.351482 ], [ 20.280385, 49.3515311 ], [ 20.2803527, 49.3516241 ], [ 20.2800517, 49.3516029 ], [ 20.2797367, 49.3516771 ], [ 20.2795612, 49.3516477 ], [ 20.279462, 49.3515751 ], [ 20.279349, 49.35137 ], [ 20.2792859, 49.3512513 ], [ 20.279081, 49.351323 ], [ 20.2788903, 49.3513936 ], [ 20.2787687, 49.3514212 ], [ 20.2786154, 49.3513768 ], [ 20.2783871, 49.3514062 ], [ 20.2782259, 49.3514786 ], [ 20.2779473, 49.3514891 ], [ 20.2777482, 49.3514724 ], [ 20.277512, 49.3513653 ], [ 20.277538, 49.3512456 ], [ 20.2775094, 49.351171 ], [ 20.2772247, 49.3511735 ], [ 20.277081, 49.351126 ], [ 20.2769519, 49.3510875 ], [ 20.276947, 49.351086 ], [ 20.2766899, 49.3512239 ], [ 20.276684, 49.351223 ], [ 20.276431, 49.351207 ], [ 20.2761335, 49.3511944 ], [ 20.276125, 49.351193 ], [ 20.275806, 49.3512679 ], [ 20.275799, 49.351266 ], [ 20.275699, 49.351221 ], [ 20.2755699, 49.3511691 ], [ 20.275564, 49.351167 ], [ 20.2753514, 49.3511843 ], [ 20.275346, 49.351182 ], [ 20.2750618, 49.3512452 ], [ 20.275053, 49.351244 ], [ 20.2746024, 49.3512451 ], [ 20.274587, 49.351243 ], [ 20.2742165, 49.3512226 ], [ 20.2738011, 49.3512719 ], [ 20.2735784, 49.3513123 ], [ 20.273573, 49.35131 ], [ 20.2730539, 49.3513721 ], [ 20.2729032, 49.3512979 ], [ 20.272891, 49.351292 ], [ 20.27268, 49.3512017 ], [ 20.2724987, 49.3509174 ], [ 20.2723341, 49.350762 ], [ 20.272327, 49.350756 ], [ 20.2721492, 49.3506002 ], [ 20.2718469, 49.3503098 ], [ 20.2714202, 49.3499955 ], [ 20.2712871, 49.3499309 ], [ 20.2710571, 49.3496318 ], [ 20.2707869, 49.349326 ], [ 20.2705262, 49.349088 ], [ 20.2704504, 49.3490711 ], [ 20.2702042, 49.3487928 ], [ 20.2701671, 49.3487364 ], [ 20.2698967, 49.3484709 ], [ 20.2698268, 49.3483734 ], [ 20.269692, 49.3482167 ], [ 20.2695274, 49.3478782 ], [ 20.269404, 49.3477504 ], [ 20.2694935, 49.347573 ], [ 20.269595, 49.347469 ], [ 20.26966, 49.3474044 ], [ 20.2695713, 49.3472366 ], [ 20.2694447, 49.3471079 ], [ 20.2693309, 49.3469289 ], [ 20.269268, 49.346889 ], [ 20.2692053, 49.346848 ], [ 20.2687935, 49.3464745 ], [ 20.2689624, 49.3461256 ], [ 20.2691013, 49.3460694 ], [ 20.2686569, 49.345694 ], [ 20.2676942, 49.3459697 ], [ 20.2662475, 49.3466365 ], [ 20.2663955, 49.3470731 ], [ 20.264958, 49.347319 ], [ 20.2642833, 49.3474385 ], [ 20.264117, 49.347467 ], [ 20.262535, 49.3477588 ], [ 20.262109, 49.3474799 ], [ 20.2616602, 49.3476165 ], [ 20.2600028, 49.3477059 ], [ 20.2595789, 49.3476717 ], [ 20.258623, 49.3483376 ], [ 20.2578192, 49.3486927 ], [ 20.2568943, 49.3487761 ], [ 20.2561011, 49.3489375 ], [ 20.2549959, 49.3490557 ], [ 20.2546023, 49.3489929 ], [ 20.2544336, 49.3489517 ], [ 20.2542056, 49.3489089 ], [ 20.2542, 49.348906 ], [ 20.2539729, 49.3489086 ], [ 20.2534564, 49.3494039 ], [ 20.253443, 49.349723 ], [ 20.2534424, 49.349751 ], [ 20.2534483, 49.3506927 ], [ 20.253446, 49.350698 ], [ 20.2531904, 49.3517581 ], [ 20.252246, 49.3512356 ], [ 20.251812, 49.351009 ], [ 20.2509026, 49.3505375 ], [ 20.2495377, 49.3499839 ], [ 20.2483478, 49.3497209 ], [ 20.2477604, 49.3497163 ], [ 20.2469429, 49.3499665 ], [ 20.246937, 49.349967 ], [ 20.2462927, 49.3502421 ], [ 20.246282, 49.350245 ], [ 20.2453661, 49.3506727 ], [ 20.2439719, 49.350956 ], [ 20.2434878, 49.3507451 ], [ 20.2430403, 49.3509714 ], [ 20.2427507, 49.3508439 ], [ 20.2425059, 49.3508651 ], [ 20.2420135, 49.3505245 ], [ 20.2415095, 49.3495893 ], [ 20.2413533, 49.3490906 ], [ 20.2410334, 49.3485008 ], [ 20.2407232, 49.3483394 ], [ 20.2399813, 49.3484978 ], [ 20.2392509, 49.3484337 ], [ 20.2382846, 49.3480239 ], [ 20.2374245, 49.3476009 ], [ 20.2368312, 49.347554 ], [ 20.2358479, 49.3475904 ], [ 20.2353008, 49.3475849 ], [ 20.234524, 49.3472143 ], [ 20.2334882, 49.3466533 ], [ 20.2328597, 49.3463553 ], [ 20.2318153, 49.3463209 ], [ 20.2315699, 49.3464453 ], [ 20.231263, 49.346599 ], [ 20.230934, 49.3467 ], [ 20.23058, 49.346762 ], [ 20.230274, 49.346795 ], [ 20.230019, 49.346976 ], [ 20.229884, 49.347107 ], [ 20.229681, 49.347219 ], [ 20.22951, 49.34734 ], [ 20.229083, 49.347687 ], [ 20.228973, 49.347914 ], [ 20.2287, 49.348079 ], [ 20.228383, 49.348355 ], [ 20.228204, 49.348688 ], [ 20.227858, 49.348859 ], [ 20.227676, 49.34907 ], [ 20.227494, 49.349279 ], [ 20.227271, 49.349391 ], [ 20.226815, 49.349486 ], [ 20.226157, 49.349736 ], [ 20.224914, 49.350366 ], [ 20.223159, 49.351175 ], [ 20.222886, 49.351419 ], [ 20.221876, 49.351807 ], [ 20.221428, 49.351838 ], [ 20.220823, 49.35179 ], [ 20.220274, 49.351619 ], [ 20.2194415, 49.3511038 ], [ 20.2194064, 49.3507665 ], [ 20.2192542, 49.3504152 ], [ 20.2187246, 49.3500747 ], [ 20.2182294, 49.3498084 ], [ 20.2171149, 49.3494285 ], [ 20.217095, 49.34942 ], [ 20.216696, 49.349228 ], [ 20.2159853, 49.3488983 ], [ 20.215981, 49.348896 ], [ 20.2150209, 49.3487328 ], [ 20.2139922, 49.3484299 ], [ 20.2140017, 49.347703 ], [ 20.2135027, 49.3473989 ], [ 20.2132264, 49.3467487 ], [ 20.2131894, 49.3460828 ], [ 20.2135026, 49.3453676 ], [ 20.2134242, 49.3451898 ], [ 20.2127932, 49.3448515 ], [ 20.2123248, 49.3446654 ], [ 20.2119278, 49.3445828 ], [ 20.2107361, 49.3444788 ], [ 20.2102129, 49.3443539 ], [ 20.209859, 49.344188 ], [ 20.2098529, 49.3441871 ], [ 20.2093236, 49.3439549 ], [ 20.2089793, 49.3438852 ], [ 20.208215, 49.343627 ], [ 20.2080688, 49.3435802 ], [ 20.20771, 49.343461 ], [ 20.2069172, 49.3432157 ], [ 20.2065821, 49.3430985 ], [ 20.205589, 49.342751 ], [ 20.20504, 49.342899 ], [ 20.204564, 49.342766 ], [ 20.203898, 49.342533 ], [ 20.203621, 49.342033 ], [ 20.203358, 49.341806 ], [ 20.202845, 49.34175 ], [ 20.20256, 49.341844 ], [ 20.200942, 49.341945 ], [ 20.199779, 49.34204 ], [ 20.198539, 49.342029 ], [ 20.198206, 49.342029 ], [ 20.197601, 49.342171 ], [ 20.1971362, 49.342224 ], [ 20.1963568, 49.3422057 ], [ 20.1958379, 49.3423098 ], [ 20.195831, 49.342309 ], [ 20.1955474, 49.3423095 ], [ 20.195541, 49.342306 ], [ 20.1952298, 49.3422682 ], [ 20.194759, 49.341878 ], [ 20.1941944, 49.34141 ], [ 20.1939894, 49.3414039 ], [ 20.1932141, 49.340978 ], [ 20.1928356, 49.3406941 ], [ 20.1927056, 49.340478 ], [ 20.1923637, 49.3401953 ], [ 20.1916738, 49.3395843 ], [ 20.191173, 49.339174 ], [ 20.190891, 49.339023 ], [ 20.1902724, 49.3386957 ], [ 20.1901025, 49.3383548 ], [ 20.1901309, 49.3377277 ], [ 20.190188, 49.337487 ], [ 20.1902755, 49.3371005 ], [ 20.1901947, 49.3359114 ], [ 20.190076, 49.335566 ], [ 20.189749, 49.334613 ], [ 20.1897462, 49.3346081 ], [ 20.189749, 49.33456 ], [ 20.1897508, 49.3342827 ], [ 20.18975, 49.334215 ], [ 20.1897358, 49.3335507 ], [ 20.1896094, 49.332944 ], [ 20.1892115, 49.3322577 ], [ 20.188487, 49.331812 ], [ 20.1884592, 49.3317975 ], [ 20.18811, 49.3315958 ], [ 20.1876227, 49.3312692 ], [ 20.187206, 49.3310216 ], [ 20.1869523, 49.3309168 ], [ 20.186567, 49.3306668 ], [ 20.18513, 49.3293472 ], [ 20.184705, 49.328502 ], [ 20.1846585, 49.32841 ], [ 20.1841559, 49.3278079 ], [ 20.183586, 49.3278956 ], [ 20.1825053, 49.3280147 ], [ 20.181212, 49.328028 ], [ 20.1808458, 49.3280332 ], [ 20.180319, 49.328028 ], [ 20.1796302, 49.3280241 ], [ 20.179474, 49.328021 ], [ 20.178688, 49.328025 ], [ 20.1783957, 49.328025 ], [ 20.177598, 49.327996 ], [ 20.176546, 49.327956 ], [ 20.175762, 49.327911 ], [ 20.174654, 49.3278765 ], [ 20.174551, 49.327874 ], [ 20.173758, 49.327805 ], [ 20.1727676, 49.3277439 ], [ 20.172689, 49.327743 ], [ 20.1716299, 49.3277377 ], [ 20.171494, 49.327737 ], [ 20.1706992, 49.3277361 ], [ 20.1705837, 49.3277346 ], [ 20.1705475, 49.3273481 ], [ 20.1708016, 49.3269747 ], [ 20.170806, 49.326969 ], [ 20.171598, 49.326346 ], [ 20.172389, 49.325714 ], [ 20.1724077, 49.3257019 ], [ 20.1726785, 49.3255213 ], [ 20.1735748, 49.3249795 ], [ 20.173579, 49.324976 ], [ 20.173082, 49.324912 ], [ 20.1725484, 49.3248385 ], [ 20.172095, 49.3246483 ], [ 20.1719729, 49.3247371 ], [ 20.1703969, 49.3241707 ], [ 20.1702711, 49.3246018 ], [ 20.170212, 49.324569 ], [ 20.170021, 49.324452 ], [ 20.169823, 49.324329 ], [ 20.1695344, 49.3241641 ], [ 20.169517, 49.324158 ], [ 20.1689287, 49.3240022 ], [ 20.1687475, 49.3239629 ], [ 20.168526, 49.323868 ], [ 20.168422, 49.323821 ], [ 20.1684128, 49.3238197 ], [ 20.1682388, 49.3237722 ], [ 20.1681096, 49.3237281 ], [ 20.1677834, 49.3235657 ], [ 20.167718, 49.3234979 ], [ 20.167715, 49.323494 ], [ 20.167666, 49.32342 ], [ 20.1676245, 49.3233577 ], [ 20.1675899, 49.3233279 ], [ 20.1674763, 49.32329 ], [ 20.1674508, 49.3231808 ], [ 20.1674852, 49.3231426 ], [ 20.1675928, 49.32314 ], [ 20.1677339, 49.3231982 ], [ 20.1679004, 49.3231638 ], [ 20.1680291, 49.3231292 ], [ 20.1680877, 49.3230628 ], [ 20.1680279, 49.3229886 ], [ 20.16794, 49.3229409 ], [ 20.1680499, 49.3228503 ], [ 20.1681961, 49.3228521 ], [ 20.1683102, 49.3228025 ], [ 20.1683191, 49.3227233 ], [ 20.1682251, 49.322593 ], [ 20.168244, 49.3225204 ], [ 20.1684481, 49.3224745 ], [ 20.1686493, 49.3223453 ], [ 20.1687469, 49.3222568 ], [ 20.1687538, 49.322204 ], [ 20.168683, 49.322173 ], [ 20.1685869, 49.3221256 ], [ 20.1686032, 49.321971 ], [ 20.1686344, 49.3219326 ], [ 20.1686869, 49.3219195 ], [ 20.1688354, 49.3219588 ], [ 20.1688586, 49.3219521 ], [ 20.168877, 49.3219003 ], [ 20.1688476, 49.3218543 ], [ 20.16874, 49.3217783 ], [ 20.1687327, 49.3216903 ], [ 20.1687502, 49.3215468 ], [ 20.168851, 49.3214797 ], [ 20.1688129, 49.3214129 ], [ 20.1685826, 49.3213592 ], [ 20.1685735, 49.3213241 ], [ 20.1686386, 49.3212451 ], [ 20.1685812, 49.3211712 ], [ 20.1685551, 49.3210724 ], [ 20.1686021, 49.3209913 ], [ 20.1686637, 49.3209318 ], [ 20.1688598, 49.3208039 ], [ 20.1689002, 49.3207606 ], [ 20.1689638, 49.3206588 ], [ 20.1690239, 49.3206315 ], [ 20.1692038, 49.3206376 ], [ 20.1692606, 49.3205696 ], [ 20.1693972, 49.3205069 ], [ 20.1694939, 49.3204321 ], [ 20.1694748, 49.3203375 ], [ 20.1695218, 49.3202463 ], [ 20.169551, 49.3201117 ], [ 20.1696769, 49.3200297 ], [ 20.1697002, 49.3199313 ], [ 20.1698556, 49.3198465 ], [ 20.1699042, 49.3197492 ], [ 20.1698468, 49.319683 ], [ 20.1698751, 49.3196172 ], [ 20.16999, 49.319607 ], [ 20.1701227, 49.3196026 ], [ 20.1700456, 49.3195247 ], [ 20.170042, 49.319521 ], [ 20.170224, 49.319427 ], [ 20.1703231, 49.319371 ], [ 20.17034, 49.319354 ], [ 20.1704718, 49.3192461 ], [ 20.1706927, 49.3191239 ], [ 20.1707567, 49.3190631 ], [ 20.170914, 49.319029 ], [ 20.1709219, 49.3190278 ], [ 20.1710657, 49.318964 ], [ 20.1712415, 49.3188359 ], [ 20.1714196, 49.3187779 ], [ 20.171567, 49.3186755 ], [ 20.1716243, 49.3185906 ], [ 20.1718343, 49.3185183 ], [ 20.1719569, 49.3184967 ], [ 20.1720307, 49.3183945 ], [ 20.17218, 49.31835 ], [ 20.1721855, 49.3183507 ], [ 20.172264, 49.318248 ], [ 20.1723634, 49.3181145 ], [ 20.1723206, 49.3180309 ], [ 20.1722492, 49.3179622 ], [ 20.172245, 49.317957 ], [ 20.172184, 49.3178573 ], [ 20.1722044, 49.3177953 ], [ 20.1723036, 49.317639 ], [ 20.172357, 49.317584 ], [ 20.1724756, 49.317467 ], [ 20.1724839, 49.3173573 ], [ 20.1726241, 49.3172526 ], [ 20.1726726, 49.3171823 ], [ 20.172638, 49.317094 ], [ 20.1726122, 49.317019 ], [ 20.172722, 49.316969 ], [ 20.172873, 49.316918 ], [ 20.1728798, 49.3169138 ], [ 20.1729432, 49.3168514 ], [ 20.1729563, 49.3167283 ], [ 20.1729986, 49.3166884 ], [ 20.1729833, 49.3166623 ], [ 20.172981, 49.316658 ], [ 20.1729788, 49.3166071 ], [ 20.1730442, 49.3165467 ], [ 20.1731791, 49.3165285 ], [ 20.1733131, 49.3164562 ], [ 20.17332, 49.31645 ], [ 20.17335, 49.316394 ], [ 20.1734983, 49.3161806 ], [ 20.1735, 49.316176 ], [ 20.173558, 49.3161146 ], [ 20.173546, 49.3160459 ], [ 20.17364, 49.315955 ], [ 20.173709, 49.315886 ], [ 20.1737173, 49.3158829 ], [ 20.1737913, 49.3158378 ], [ 20.173796, 49.315833 ], [ 20.173877, 49.315738 ], [ 20.174036, 49.315566 ], [ 20.1740415, 49.3155632 ], [ 20.1741239, 49.3154188 ], [ 20.1744366, 49.3153713 ], [ 20.1745353, 49.3153777 ], [ 20.1745969, 49.3153367 ], [ 20.1746742, 49.3153395 ], [ 20.1748549, 49.3152765 ], [ 20.1749857, 49.3152032 ], [ 20.1750757, 49.3151327 ], [ 20.175157, 49.3150431 ], [ 20.175222, 49.315012 ], [ 20.1752289, 49.3150112 ], [ 20.175301, 49.314928 ], [ 20.1753798, 49.314837 ], [ 20.17538, 49.314831 ], [ 20.1754091, 49.3147662 ], [ 20.175421, 49.314732 ], [ 20.17546, 49.314655 ], [ 20.17552, 49.314518 ], [ 20.1755256, 49.3145149 ], [ 20.1756052, 49.3144176 ], [ 20.1756327, 49.314355 ], [ 20.1756881, 49.3142618 ], [ 20.1757562, 49.3141897 ], [ 20.1758037, 49.3140828 ], [ 20.175623, 49.313982 ], [ 20.1755795, 49.31396 ], [ 20.174889, 49.313514 ], [ 20.173949, 49.31291 ], [ 20.172789, 49.312159 ], [ 20.1724529, 49.3119474 ], [ 20.17129, 49.311214 ], [ 20.170118, 49.310488 ], [ 20.1697245, 49.3102418 ], [ 20.169105, 49.309847 ], [ 20.167644, 49.308923 ], [ 20.1674149, 49.30878 ], [ 20.167257, 49.308676 ], [ 20.166726, 49.308355 ], [ 20.1666163, 49.3082866 ], [ 20.16589, 49.307818 ], [ 20.1658846, 49.3078175 ], [ 20.1651834, 49.3073878 ], [ 20.165167, 49.307375 ], [ 20.1641837, 49.306742 ], [ 20.164149, 49.306717 ], [ 20.1632861, 49.3061369 ], [ 20.162607, 49.30572 ], [ 20.1625972, 49.3057155 ], [ 20.1621327, 49.305402 ], [ 20.1615085, 49.3050767 ], [ 20.161497, 49.305068 ], [ 20.160699, 49.304687 ], [ 20.160693, 49.3046862 ], [ 20.1605977, 49.3046295 ], [ 20.1605782, 49.304584 ], [ 20.160565, 49.3045575 ], [ 20.1604394, 49.3044925 ], [ 20.160436, 49.304488 ], [ 20.1592474, 49.3037865 ], [ 20.157843, 49.302891 ], [ 20.157822, 49.302877 ], [ 20.1577195, 49.3028155 ], [ 20.157648, 49.30292 ], [ 20.1576143, 49.3029748 ], [ 20.1575608, 49.3031138 ], [ 20.157528, 49.303221 ], [ 20.1575162, 49.3032718 ], [ 20.157504, 49.303307 ], [ 20.1574385, 49.3036222 ], [ 20.157435, 49.303626 ], [ 20.1574282, 49.3037432 ], [ 20.1573825, 49.3039208 ], [ 20.157377, 49.30393 ], [ 20.157366, 49.304052 ], [ 20.157351, 49.304152 ], [ 20.157342, 49.304248 ], [ 20.1573183, 49.3043898 ], [ 20.157308, 49.30456 ], [ 20.1573098, 49.3045762 ], [ 20.157311, 49.304663 ], [ 20.1573169, 49.3046862 ], [ 20.157334, 49.304847 ], [ 20.1573439, 49.3049023 ], [ 20.157344, 49.304913 ], [ 20.157407, 49.305184 ], [ 20.1574296, 49.3052758 ], [ 20.15743, 49.305293 ], [ 20.157436, 49.305336 ], [ 20.1574397, 49.3053407 ], [ 20.157465, 49.3054228 ], [ 20.1575025, 49.3054843 ], [ 20.1575597, 49.3056655 ], [ 20.15763, 49.305759 ], [ 20.1576443, 49.3057749 ], [ 20.1578385, 49.3058668 ], [ 20.1581473, 49.3059441 ], [ 20.1583669, 49.3060271 ], [ 20.1584647, 49.306064 ], [ 20.1585664, 49.3061201 ], [ 20.158619, 49.3061565 ], [ 20.1587259, 49.3062475 ], [ 20.1587937, 49.3063238 ], [ 20.158854, 49.3064101 ], [ 20.1589624, 49.3065458 ], [ 20.1589545, 49.3066149 ], [ 20.1589145, 49.3067581 ], [ 20.158913, 49.306812 ], [ 20.158916, 49.3068176 ], [ 20.158834, 49.306944 ], [ 20.158751, 49.307074 ], [ 20.1586889, 49.3071788 ], [ 20.158682, 49.307179 ], [ 20.1585992, 49.3072443 ], [ 20.158513, 49.307343 ], [ 20.158493, 49.307372 ], [ 20.158353, 49.307547 ], [ 20.158157, 49.30778 ], [ 20.158053, 49.307886 ], [ 20.158012, 49.307924 ], [ 20.157882, 49.308035 ], [ 20.15778, 49.308132 ], [ 20.1577621, 49.3081471 ], [ 20.157576, 49.308441 ], [ 20.1574796, 49.308604 ], [ 20.157475, 49.308607 ], [ 20.1574235, 49.3087423 ], [ 20.157414, 49.308759 ], [ 20.157375, 49.308881 ], [ 20.1573742, 49.308891 ], [ 20.157343, 49.309048 ], [ 20.157319, 49.309213 ], [ 20.1573074, 49.3092818 ], [ 20.157274, 49.309388 ], [ 20.1572533, 49.3094664 ], [ 20.157247, 49.309474 ], [ 20.157209, 49.309558 ], [ 20.157128, 49.3097525 ], [ 20.157109, 49.30979 ], [ 20.15707, 49.309891 ], [ 20.156994, 49.310071 ], [ 20.156852, 49.310433 ], [ 20.1567793, 49.3106132 ], [ 20.156769, 49.31065 ], [ 20.1567285, 49.3108177 ], [ 20.156671, 49.310961 ], [ 20.1566695, 49.3109729 ], [ 20.156659, 49.310985 ], [ 20.1565977, 49.3111079 ], [ 20.156589, 49.311119 ], [ 20.156439, 49.31136 ], [ 20.156403, 49.311429 ], [ 20.1563413, 49.3115329 ], [ 20.156326, 49.311547 ], [ 20.1562531, 49.3116496 ], [ 20.156245, 49.311653 ], [ 20.1561648, 49.3117511 ], [ 20.156121, 49.311789 ], [ 20.1560972, 49.3118145 ], [ 20.156077, 49.311825 ], [ 20.1560693, 49.3118317 ], [ 20.155881, 49.311881 ], [ 20.155749, 49.3119159 ], [ 20.155734, 49.311915 ], [ 20.155585, 49.3119346 ], [ 20.155348, 49.311937 ], [ 20.1552521, 49.3119408 ], [ 20.155244, 49.311938 ], [ 20.155064, 49.311925 ], [ 20.154936, 49.311914 ], [ 20.1549318, 49.3119169 ], [ 20.1547362, 49.3119298 ], [ 20.154728, 49.311928 ], [ 20.154637, 49.3119463 ], [ 20.154632, 49.311945 ], [ 20.1544219, 49.3120154 ], [ 20.154415, 49.312015 ], [ 20.1542911, 49.3120763 ], [ 20.1541375, 49.3121646 ], [ 20.1540664, 49.3122531 ], [ 20.1540394, 49.3123368 ], [ 20.154033, 49.312345 ], [ 20.1539826, 49.3124635 ], [ 20.153974, 49.312562 ], [ 20.153953, 49.312844 ], [ 20.153936, 49.313033 ], [ 20.153932, 49.313135 ], [ 20.1539309, 49.3131662 ], [ 20.153929, 49.313179 ], [ 20.153939, 49.313325 ], [ 20.153949, 49.313503 ], [ 20.153958, 49.313598 ], [ 20.1539608, 49.3136242 ], [ 20.153955, 49.313658 ], [ 20.1539436, 49.3137779 ], [ 20.1539033, 49.3138627 ], [ 20.1538642, 49.3139001 ], [ 20.1537978, 49.3139476 ], [ 20.153764, 49.313974 ], [ 20.153731, 49.314004 ], [ 20.1536435, 49.3140857 ], [ 20.153638, 49.314084 ], [ 20.1534617, 49.3141577 ], [ 20.1532369, 49.3143251 ], [ 20.153228, 49.314328 ], [ 20.153067, 49.314465 ], [ 20.1530583, 49.3144767 ], [ 20.15288, 49.314598 ], [ 20.1528035, 49.3146549 ], [ 20.152791, 49.314658 ], [ 20.1525857, 49.3147668 ], [ 20.1524927, 49.3148271 ], [ 20.152469, 49.314838 ], [ 20.152261, 49.314929 ], [ 20.1519855, 49.3150624 ], [ 20.151949, 49.315079 ], [ 20.1518681, 49.3151291 ], [ 20.1518203, 49.3152298 ], [ 20.151815, 49.315232 ], [ 20.1518153, 49.3153208 ], [ 20.1518616, 49.3154583 ], [ 20.151914, 49.315559 ], [ 20.1519195, 49.3155648 ], [ 20.15198, 49.315664 ], [ 20.152094, 49.3158386 ], [ 20.1522813, 49.3159559 ], [ 20.1523322, 49.3160181 ], [ 20.1524144, 49.3161532 ], [ 20.1525286, 49.316371 ], [ 20.1525703, 49.3165502 ], [ 20.1526408, 49.3166652 ], [ 20.1527007, 49.3168027 ], [ 20.1526475, 49.3169632 ], [ 20.1523663, 49.3174169 ], [ 20.1523127, 49.3175177 ], [ 20.1521676, 49.3177241 ], [ 20.152126, 49.317807 ], [ 20.1521177, 49.3178318 ], [ 20.152052, 49.317999 ], [ 20.152002, 49.318157 ], [ 20.1519468, 49.3183138 ], [ 20.1518647, 49.3184472 ], [ 20.1516865, 49.3186342 ], [ 20.151574, 49.318714 ], [ 20.151484, 49.3187821 ], [ 20.1514515, 49.3187702 ], [ 20.1512831, 49.3187585 ], [ 20.151133, 49.318774 ], [ 20.150979, 49.318798 ], [ 20.150828, 49.31886 ], [ 20.15078, 49.318886 ], [ 20.150586, 49.318957 ], [ 20.150174, 49.319089 ], [ 20.149997, 49.319154 ], [ 20.149734, 49.319194 ], [ 20.149503, 49.319238 ], [ 20.149412, 49.31922 ], [ 20.149341, 49.319207 ], [ 20.149167, 49.319167 ], [ 20.148896, 49.319109 ], [ 20.148663, 49.319051 ], [ 20.148411, 49.318969 ], [ 20.148116, 49.31886 ], [ 20.147855, 49.318765 ], [ 20.147703, 49.318698 ], [ 20.14746, 49.318593 ], [ 20.147275, 49.318516 ], [ 20.147051, 49.318432 ], [ 20.146849, 49.318371 ], [ 20.146666, 49.318288 ], [ 20.146527, 49.318235 ], [ 20.146208, 49.318053 ], [ 20.146096, 49.317997 ], [ 20.14605, 49.317978 ], [ 20.145803, 49.317779 ], [ 20.145678, 49.317649 ], [ 20.145652, 49.317602 ], [ 20.145504, 49.317513 ], [ 20.145548, 49.317376 ], [ 20.145573, 49.317308 ], [ 20.145655, 49.317219 ], [ 20.145681, 49.317173 ], [ 20.145757, 49.317004 ], [ 20.145827, 49.316801 ], [ 20.145866, 49.316605 ], [ 20.145852, 49.316465 ], [ 20.145796, 49.316305 ], [ 20.14573, 49.316137 ], [ 20.145712, 49.31611 ], [ 20.145471, 49.315781 ], [ 20.145333, 49.315661 ], [ 20.145228, 49.315517 ], [ 20.145015, 49.315331 ], [ 20.144917, 49.315241 ], [ 20.144785, 49.31509 ], [ 20.144669, 49.314984 ], [ 20.144619, 49.314935 ], [ 20.14452, 49.314818 ], [ 20.144498, 49.314779 ], [ 20.144426, 49.31462 ], [ 20.144384, 49.314433 ], [ 20.144411, 49.314268 ], [ 20.144497, 49.313993 ], [ 20.144543, 49.313917 ], [ 20.144558, 49.313879 ], [ 20.144682, 49.313799 ], [ 20.144841, 49.313643 ], [ 20.144967, 49.313549 ], [ 20.145142, 49.313344 ], [ 20.145192, 49.313184 ], [ 20.145217, 49.313081 ], [ 20.14527, 49.312949 ], [ 20.145247, 49.312784 ], [ 20.145146, 49.31262 ], [ 20.144992, 49.312512 ], [ 20.144856, 49.312441 ], [ 20.144617, 49.312277 ], [ 20.144503, 49.3122 ], [ 20.144321, 49.312122 ], [ 20.144088, 49.312061 ], [ 20.143913, 49.311984 ], [ 20.14382, 49.311957 ], [ 20.143612, 49.311932 ], [ 20.143394, 49.311933 ], [ 20.14315, 49.311993 ], [ 20.142845, 49.312093 ], [ 20.142699, 49.312151 ], [ 20.142616, 49.312205 ], [ 20.142525, 49.312299 ], [ 20.14239, 49.312389 ], [ 20.142222, 49.312424 ], [ 20.142068, 49.312425 ], [ 20.141991, 49.312403 ], [ 20.141899, 49.312357 ], [ 20.141786, 49.31228 ], [ 20.141709, 49.312171 ], [ 20.141612, 49.312024 ], [ 20.141519, 49.311872 ], [ 20.141432, 49.311715 ], [ 20.141358, 49.311542 ], [ 20.1413, 49.311413 ], [ 20.141246, 49.311321 ], [ 20.141199, 49.311218 ], [ 20.141061, 49.311002 ], [ 20.14093, 49.310805 ], [ 20.140842, 49.310642 ], [ 20.140737, 49.310486 ], [ 20.140546, 49.310239 ], [ 20.140478, 49.31017 ], [ 20.140317, 49.310013 ], [ 20.140159, 49.309879 ], [ 20.139986, 49.309778 ], [ 20.139954, 49.309712 ], [ 20.139701, 49.309518 ], [ 20.139498, 49.309366 ], [ 20.139309, 49.309192 ], [ 20.139185, 49.309026 ], [ 20.139039, 49.308844 ], [ 20.138896, 49.308649 ], [ 20.138797, 49.308491 ], [ 20.13863, 49.308036 ], [ 20.138582, 49.307777 ], [ 20.138621, 49.307591 ], [ 20.138717, 49.30752 ], [ 20.138748, 49.30749 ], [ 20.138812, 49.307409 ], [ 20.138826, 49.307319 ], [ 20.138859, 49.307219 ], [ 20.138865, 49.30711 ], [ 20.138771, 49.307 ], [ 20.138578, 49.306874 ], [ 20.138483, 49.30683 ], [ 20.138329, 49.306703 ], [ 20.138202, 49.306643 ], [ 20.138136, 49.306621 ], [ 20.137961, 49.306524 ], [ 20.137739, 49.306439 ], [ 20.137667, 49.306391 ], [ 20.137661, 49.306243 ], [ 20.137484, 49.306079 ], [ 20.137342, 49.30601 ], [ 20.137193, 49.30599 ], [ 20.137, 49.305973 ], [ 20.136894, 49.30598 ], [ 20.136738, 49.306009 ], [ 20.13662, 49.306025 ], [ 20.136462, 49.306025 ], [ 20.136314, 49.306001 ], [ 20.135916, 49.305941 ], [ 20.135668, 49.305979 ], [ 20.13547, 49.306016 ], [ 20.135028, 49.306209 ], [ 20.134851, 49.306341 ], [ 20.134762, 49.306373 ], [ 20.134646, 49.306372 ], [ 20.134545, 49.306347 ], [ 20.134442, 49.306283 ], [ 20.134417, 49.306233 ], [ 20.134364, 49.306139 ], [ 20.13432, 49.306052 ], [ 20.134205, 49.305921 ], [ 20.134155, 49.305729 ], [ 20.134147, 49.305589 ], [ 20.134176, 49.30546 ], [ 20.134229, 49.305289 ], [ 20.134291, 49.305198 ], [ 20.134365, 49.305106 ], [ 20.134436, 49.30504 ], [ 20.134502, 49.304986 ], [ 20.134618, 49.304818 ], [ 20.13465, 49.304797 ], [ 20.134771, 49.304711 ], [ 20.134828, 49.304684 ], [ 20.135051, 49.304593 ], [ 20.135198, 49.304548 ], [ 20.135307, 49.304528 ], [ 20.135371, 49.304483 ], [ 20.13551, 49.304419 ], [ 20.135622, 49.304336 ], [ 20.135782, 49.304238 ], [ 20.135823, 49.304162 ], [ 20.135887, 49.304082 ], [ 20.135926, 49.303999 ], [ 20.135944, 49.303928 ], [ 20.135943, 49.303776 ], [ 20.135933, 49.303638 ], [ 20.135834, 49.303438 ], [ 20.135755, 49.303314 ], [ 20.135599, 49.303029 ], [ 20.135478, 49.302866 ], [ 20.135434, 49.302781 ], [ 20.135264, 49.302617 ], [ 20.135107, 49.302483 ], [ 20.135014, 49.302426 ], [ 20.1349, 49.302374 ], [ 20.134757, 49.302312 ], [ 20.134574, 49.302232 ], [ 20.134282, 49.302143 ], [ 20.134051, 49.302087 ], [ 20.133828, 49.301979 ], [ 20.133729, 49.301897 ], [ 20.133639, 49.301749 ], [ 20.133602, 49.301592 ], [ 20.13355, 49.301478 ], [ 20.133523, 49.301426 ], [ 20.133467, 49.301328 ], [ 20.133367, 49.301214 ], [ 20.133299, 49.301153 ], [ 20.133193, 49.301061 ], [ 20.133023, 49.300861 ], [ 20.132957, 49.30073 ], [ 20.132882, 49.300577 ], [ 20.132968, 49.300364 ], [ 20.133005, 49.300302 ], [ 20.133067, 49.300202 ], [ 20.133113, 49.300139 ], [ 20.133197, 49.300046 ], [ 20.133293, 49.299926 ], [ 20.133362, 49.299834 ], [ 20.133431, 49.29974 ], [ 20.13346, 49.299681 ], [ 20.133504, 49.299595 ], [ 20.13345, 49.299451 ], [ 20.133406, 49.299345 ], [ 20.13335, 49.299242 ], [ 20.133324, 49.299218 ], [ 20.133141, 49.299091 ], [ 20.13306, 49.299057 ], [ 20.132903, 49.298965 ], [ 20.132779, 49.298891 ], [ 20.13265, 49.298812 ], [ 20.132454, 49.298718 ], [ 20.13212, 49.298513 ], [ 20.132072, 49.298465 ], [ 20.131884, 49.29839 ], [ 20.131809, 49.298369 ], [ 20.131743, 49.298352 ], [ 20.131572, 49.298253 ], [ 20.13134, 49.298121 ], [ 20.131198, 49.298018 ], [ 20.131099, 49.297903 ], [ 20.13104, 49.29783 ], [ 20.13096, 49.297731 ], [ 20.130761, 49.297499 ], [ 20.130684, 49.297368 ], [ 20.130659, 49.297326 ], [ 20.130599, 49.297208 ], [ 20.130502, 49.296992 ], [ 20.130467, 49.296832 ], [ 20.130441, 49.296742 ], [ 20.130415, 49.296591 ], [ 20.130379, 49.296499 ], [ 20.130365, 49.296422 ], [ 20.130339, 49.296374 ], [ 20.130294, 49.296328 ], [ 20.130089, 49.29619 ], [ 20.129984, 49.296 ], [ 20.129993, 49.295884 ], [ 20.1300489, 49.2956076 ], [ 20.130224, 49.295636 ], [ 20.130587, 49.295461 ], [ 20.130777, 49.295404 ], [ 20.130848, 49.295365 ], [ 20.1306388, 49.2950589 ], [ 20.131176, 49.295216 ], [ 20.131344, 49.295119 ], [ 20.131526, 49.294986 ], [ 20.131859, 49.294746 ], [ 20.131976, 49.294607 ], [ 20.1320269, 49.294098 ], [ 20.1321095, 49.2941684 ], [ 20.132113, 49.294104 ], [ 20.132126, 49.293876 ], [ 20.132143, 49.293724 ], [ 20.132124, 49.293587 ], [ 20.132117, 49.293444 ], [ 20.132088, 49.293388 ], [ 20.131999, 49.293158 ], [ 20.1319628, 49.2930862 ], [ 20.13193, 49.293021 ], [ 20.131873, 49.292944 ], [ 20.131785, 49.292868 ], [ 20.131751, 49.292697 ], [ 20.131707, 49.292566 ], [ 20.13164, 49.292383 ], [ 20.131453, 49.292149 ], [ 20.13136, 49.29204 ], [ 20.131253, 49.291957 ], [ 20.131143, 49.291877 ], [ 20.130972, 49.291798 ], [ 20.130681, 49.29165 ], [ 20.130517, 49.291467 ], [ 20.13058, 49.291356 ], [ 20.130659, 49.291201 ], [ 20.130787, 49.291062 ], [ 20.13094, 49.290995 ], [ 20.1311065, 49.2908309 ], [ 20.131178, 49.290703 ], [ 20.131094, 49.2905 ], [ 20.1309934, 49.2902873 ], [ 20.131034, 49.290191 ], [ 20.130936, 49.290011 ], [ 20.130761, 49.289874 ], [ 20.130476, 49.289823 ], [ 20.130296, 49.28979 ], [ 20.130195, 49.289783 ], [ 20.130068, 49.289816 ], [ 20.12995, 49.289831 ], [ 20.129859, 49.289822 ], [ 20.129704, 49.289723 ], [ 20.129357, 49.289428 ], [ 20.129213, 49.289232 ], [ 20.12912, 49.289035 ], [ 20.128933, 49.28866 ], [ 20.128873, 49.288465 ], [ 20.128834, 49.288277 ], [ 20.128767, 49.288101 ], [ 20.128694, 49.287944 ], [ 20.128647, 49.287827 ], [ 20.128576, 49.287652 ], [ 20.128553, 49.287571 ], [ 20.128367, 49.287329 ], [ 20.128187, 49.287157 ], [ 20.128079, 49.287014 ], [ 20.128001, 49.28686 ], [ 20.127879, 49.286609 ], [ 20.127876, 49.286393 ], [ 20.127902, 49.285976 ], [ 20.127925, 49.285803 ], [ 20.127951, 49.285579 ], [ 20.127996, 49.285453 ], [ 20.128049, 49.28532 ], [ 20.128129, 49.285203 ], [ 20.128233, 49.285057 ], [ 20.128457, 49.284651 ], [ 20.128497, 49.284487 ], [ 20.128543, 49.284288 ], [ 20.128565, 49.28406 ], [ 20.128673, 49.283791 ], [ 20.128751, 49.283517 ], [ 20.128904, 49.283259 ], [ 20.128971, 49.283179 ], [ 20.129032, 49.283065 ], [ 20.129061, 49.282935 ], [ 20.12907, 49.282821 ], [ 20.129046, 49.282658 ], [ 20.128987, 49.282496 ], [ 20.128952, 49.282346 ], [ 20.128935, 49.282106 ], [ 20.128879, 49.282024 ], [ 20.12882, 49.281901 ], [ 20.128791, 49.28187 ], [ 20.128622, 49.281737 ], [ 20.12846, 49.281512 ], [ 20.128426, 49.281493 ], [ 20.128336, 49.281343 ], [ 20.128302, 49.281311 ], [ 20.128251, 49.28114 ], [ 20.128237, 49.280961 ], [ 20.128263, 49.280806 ], [ 20.128383, 49.280536 ], [ 20.128429, 49.280336 ], [ 20.128373, 49.28016 ], [ 20.128367, 49.2801431 ], [ 20.128356, 49.280112 ], [ 20.12834, 49.280068 ], [ 20.128296, 49.279962 ], [ 20.128113, 49.279816 ], [ 20.128053, 49.279772 ], [ 20.1280176, 49.2797159 ], [ 20.127886, 49.279512 ], [ 20.127756, 49.279275 ], [ 20.127675, 49.279101 ], [ 20.127699, 49.278945 ], [ 20.127713, 49.278926 ], [ 20.127744, 49.278788 ], [ 20.127779, 49.27873 ], [ 20.127903, 49.278537 ], [ 20.128118, 49.278258 ], [ 20.128217, 49.278094 ], [ 20.128268, 49.277926 ], [ 20.1284365, 49.2776949 ], [ 20.128508, 49.277583 ], [ 20.128523, 49.277534 ], [ 20.128615, 49.277327 ], [ 20.128645, 49.277241 ], [ 20.128666, 49.277071 ], [ 20.128594, 49.276814 ], [ 20.1285355, 49.2766709 ], [ 20.128508, 49.276635 ], [ 20.128503, 49.27657 ], [ 20.12849, 49.276485 ], [ 20.12842, 49.276411 ], [ 20.128262, 49.276363 ], [ 20.127737, 49.276346 ], [ 20.127467, 49.276319 ], [ 20.127398, 49.276277 ], [ 20.127253, 49.276233 ], [ 20.127125, 49.276185 ], [ 20.127071, 49.276133 ], [ 20.126945, 49.2759833 ], [ 20.126946, 49.275918 ], [ 20.126861, 49.275714 ], [ 20.126857, 49.275576 ], [ 20.126921, 49.275408 ], [ 20.126984, 49.275257 ], [ 20.127019, 49.275106 ], [ 20.127003, 49.274895 ], [ 20.126924, 49.274756 ], [ 20.126843, 49.27464 ], [ 20.126725, 49.274486 ], [ 20.126575, 49.274311 ], [ 20.126509, 49.274212 ], [ 20.126363, 49.274104 ], [ 20.126134, 49.273903 ], [ 20.125983, 49.27367 ], [ 20.125824, 49.273475 ], [ 20.125706, 49.273277 ], [ 20.125649, 49.273142 ], [ 20.125563, 49.272958 ], [ 20.125333, 49.272605 ], [ 20.125229, 49.272458 ], [ 20.1251475, 49.2722789 ], [ 20.125137, 49.272213 ], [ 20.125083, 49.271844 ], [ 20.125077, 49.271603 ], [ 20.125084, 49.271453 ], [ 20.125098, 49.271276 ], [ 20.125158, 49.271081 ], [ 20.125144, 49.270926 ], [ 20.1250957, 49.2708851 ], [ 20.125021, 49.270822 ], [ 20.124868, 49.270733 ], [ 20.124482, 49.270506 ], [ 20.124319, 49.270417 ], [ 20.124098, 49.270289 ], [ 20.123875, 49.270221 ], [ 20.12373, 49.270199 ], [ 20.123559, 49.270209 ], [ 20.12333, 49.270188 ], [ 20.12318, 49.270098 ], [ 20.1230325, 49.2699769 ], [ 20.12295, 49.269794 ], [ 20.122867, 49.269631 ], [ 20.122792, 49.269477 ], [ 20.122741, 49.269297 ], [ 20.122738, 49.269253 ], [ 20.122694, 49.269064 ], [ 20.122714, 49.268943 ], [ 20.122705, 49.268918 ], [ 20.1226685, 49.2686949 ], [ 20.122533, 49.268443 ], [ 20.12234, 49.26823 ], [ 20.122223, 49.268094 ], [ 20.1220576, 49.2679651 ], [ 20.122004, 49.267924 ], [ 20.121936, 49.267893 ], [ 20.121643, 49.267753 ], [ 20.121275, 49.267615 ], [ 20.121025, 49.267487 ], [ 20.120872, 49.267345 ], [ 20.120771, 49.267275 ], [ 20.1206175, 49.2671919 ], [ 20.120431, 49.267105 ], [ 20.120266, 49.267037 ], [ 20.120038, 49.266957 ], [ 20.119769, 49.266887 ], [ 20.119546, 49.266829 ], [ 20.119201, 49.266722 ], [ 20.118848, 49.266631 ], [ 20.1186, 49.266568 ], [ 20.118282, 49.266445 ], [ 20.118095, 49.266364 ], [ 20.118054, 49.266356 ], [ 20.1180175, 49.2662787 ], [ 20.117861, 49.266239 ], [ 20.117725, 49.266167 ], [ 20.117492, 49.266001 ], [ 20.117401, 49.265949 ], [ 20.117216, 49.265812 ], [ 20.117156, 49.265773 ], [ 20.1170595, 49.2656119 ], [ 20.117123, 49.265223 ], [ 20.117159, 49.265083 ], [ 20.117175, 49.264882 ], [ 20.1171185, 49.2646669 ], [ 20.117062, 49.26451 ], [ 20.116976, 49.264342 ], [ 20.116853, 49.264198 ], [ 20.116647, 49.264049 ], [ 20.116519, 49.263948 ], [ 20.1164698, 49.263923 ], [ 20.116356, 49.263865 ], [ 20.116223, 49.263799 ], [ 20.115884, 49.263691 ], [ 20.115538, 49.263632 ], [ 20.115315, 49.263593 ], [ 20.115044, 49.263558 ], [ 20.1147949, 49.2635096 ], [ 20.114616, 49.263474 ], [ 20.1143995, 49.2634369 ], [ 20.114331, 49.263415 ], [ 20.114181, 49.263404 ], [ 20.113981, 49.26334 ], [ 20.11393, 49.263319 ], [ 20.113914, 49.263287 ], [ 20.113855, 49.263138 ], [ 20.113843, 49.263048 ], [ 20.113836, 49.262969 ], [ 20.113882, 49.262799 ], [ 20.113873, 49.262541 ], [ 20.113789, 49.26245 ], [ 20.113691, 49.262376 ], [ 20.1133915, 49.2622769 ], [ 20.113162, 49.262198 ], [ 20.112961, 49.262078 ], [ 20.112825, 49.26198 ], [ 20.1127035, 49.2617949 ], [ 20.112665, 49.261671 ], [ 20.112703, 49.26152 ], [ 20.112713, 49.261425 ], [ 20.1127505, 49.2612649 ], [ 20.112679, 49.261167 ], [ 20.112601, 49.261071 ], [ 20.112579, 49.261055 ], [ 20.112536, 49.260967 ], [ 20.112524, 49.260892 ], [ 20.112507, 49.260738 ], [ 20.112493, 49.260644 ], [ 20.112474, 49.26057 ], [ 20.112441, 49.260264 ], [ 20.11235, 49.260107 ], [ 20.112195, 49.25998 ], [ 20.112046, 49.259831 ], [ 20.111915, 49.259696 ], [ 20.111845, 49.259362 ], [ 20.111782, 49.259187 ], [ 20.111693, 49.259016 ], [ 20.111591, 49.25886 ], [ 20.111476, 49.258703 ], [ 20.111342, 49.258568 ], [ 20.111253, 49.258488 ], [ 20.111067, 49.258343 ], [ 20.110938, 49.258244 ], [ 20.110792, 49.258103 ], [ 20.110576, 49.257952 ], [ 20.110439, 49.257851 ], [ 20.110265, 49.257722 ], [ 20.109859, 49.257442 ], [ 20.109668, 49.257319 ], [ 20.109481, 49.257199 ], [ 20.109308, 49.257069 ], [ 20.109017, 49.256931 ], [ 20.1088, 49.256827 ], [ 20.108623, 49.25674 ], [ 20.1083388, 49.2565495 ], [ 20.1080275, 49.2563409 ], [ 20.107686, 49.256291 ], [ 20.107386, 49.25617 ], [ 20.107218, 49.256101 ], [ 20.107162, 49.256025 ], [ 20.107053, 49.255973 ], [ 20.106959, 49.25592 ], [ 20.1067865, 49.2558529 ], [ 20.10658, 49.255618 ], [ 20.1065315, 49.2555109 ], [ 20.10642, 49.255352 ], [ 20.106263, 49.255194 ], [ 20.106026, 49.25496 ], [ 20.105801, 49.254795 ], [ 20.105631, 49.254668 ], [ 20.1054975, 49.2545629 ], [ 20.105323, 49.254432 ], [ 20.105107, 49.254316 ], [ 20.104876, 49.254183 ], [ 20.104651, 49.254075 ], [ 20.1044265, 49.2539889 ], [ 20.104163, 49.253906 ], [ 20.103941, 49.253819 ], [ 20.103722, 49.25374 ], [ 20.103424, 49.253628 ], [ 20.103058, 49.253477 ], [ 20.102734, 49.253315 ], [ 20.1024235, 49.2531229 ], [ 20.102194, 49.252887 ], [ 20.101965, 49.25256 ], [ 20.101878, 49.252387 ], [ 20.1017975, 49.2522059 ], [ 20.101733, 49.252007 ], [ 20.101652, 49.251867 ], [ 20.101539, 49.251637 ], [ 20.10147, 49.251489 ], [ 20.101475, 49.251292 ], [ 20.101377, 49.251114 ], [ 20.101208, 49.250781 ], [ 20.101145, 49.250709 ], [ 20.10103, 49.250544 ], [ 20.10097, 49.25048 ], [ 20.100887, 49.25034 ], [ 20.100767, 49.250088 ], [ 20.100815, 49.249948 ], [ 20.100811, 49.249748 ], [ 20.100799, 49.249544 ], [ 20.100835, 49.249333 ], [ 20.100882, 49.249101 ], [ 20.10089, 49.248889 ], [ 20.10096, 49.248666 ], [ 20.101078, 49.248503 ], [ 20.101225, 49.248295 ], [ 20.101363, 49.248066 ], [ 20.101486, 49.247834 ], [ 20.10158, 49.247617 ], [ 20.101638, 49.247426 ], [ 20.101694, 49.247196 ], [ 20.101812, 49.246874 ], [ 20.101811, 49.246675 ], [ 20.101727, 49.246511 ], [ 20.101571, 49.246349 ], [ 20.101375, 49.246193 ], [ 20.101236, 49.246091 ], [ 20.101161, 49.246017 ], [ 20.101053, 49.24588 ], [ 20.100932, 49.245705 ], [ 20.1008865, 49.2455979 ], [ 20.100913, 49.245434 ], [ 20.100943, 49.245262 ], [ 20.100981, 49.245173 ], [ 20.10101, 49.244988 ], [ 20.101028, 49.244585 ], [ 20.10095, 49.244428 ], [ 20.100897, 49.244248 ], [ 20.100851, 49.244101 ], [ 20.100822, 49.243903 ], [ 20.100797, 49.243713 ], [ 20.1008055, 49.2434669 ], [ 20.100836, 49.243313 ], [ 20.100877, 49.242956 ], [ 20.100899, 49.242769 ], [ 20.100923, 49.242534 ], [ 20.100942, 49.242348 ], [ 20.100973, 49.242182 ], [ 20.1010235, 49.2418399 ], [ 20.100958, 49.241466 ], [ 20.1008695, 49.2412669 ], [ 20.100766, 49.241141 ], [ 20.100607, 49.240903 ], [ 20.100374, 49.240663 ], [ 20.100175, 49.24049 ], [ 20.100015, 49.240372 ], [ 20.099788, 49.240172 ], [ 20.099588, 49.240044 ], [ 20.099315, 49.239888 ], [ 20.099155, 49.239783 ], [ 20.099011, 49.239639 ], [ 20.098989, 49.239544 ], [ 20.098887, 49.23939 ], [ 20.098729, 49.239279 ], [ 20.098723, 49.239249 ], [ 20.098775, 49.23915 ], [ 20.0988125, 49.2390469 ], [ 20.09875, 49.238712 ], [ 20.0987322, 49.2386929 ], [ 20.098695, 49.238655 ], [ 20.098618, 49.23857 ], [ 20.0984045, 49.2384069 ], [ 20.098243, 49.238243 ], [ 20.0981395, 49.2380739 ], [ 20.098143, 49.237975 ], [ 20.0981675, 49.2378409 ], [ 20.0983695, 49.2376159 ], [ 20.0984315, 49.2374139 ], [ 20.0984004, 49.2373525 ], [ 20.09839, 49.237333 ], [ 20.09829, 49.237172 ], [ 20.098189, 49.236969 ], [ 20.0981606, 49.2369316 ], [ 20.0980001, 49.2367241 ], [ 20.09797, 49.236686 ], [ 20.0979686, 49.2365945 ], [ 20.097967, 49.236543 ], [ 20.098091, 49.236327 ], [ 20.098163, 49.236222 ], [ 20.09823, 49.236128 ], [ 20.0983095, 49.2359959 ], [ 20.098396, 49.235813 ], [ 20.098428, 49.235674 ], [ 20.0984263, 49.2355765 ], [ 20.098424, 49.235499 ], [ 20.098324, 49.235249 ], [ 20.0982497, 49.2351512 ], [ 20.098206, 49.235095 ], [ 20.098039, 49.234892 ], [ 20.09796, 49.234834 ], [ 20.0978335, 49.2345519 ], [ 20.097847, 49.234388 ], [ 20.097881, 49.234272 ], [ 20.097983, 49.23411 ], [ 20.098145, 49.233937 ], [ 20.0983951, 49.2337007 ], [ 20.098444, 49.233654 ], [ 20.098706, 49.23331 ], [ 20.098851, 49.233068 ], [ 20.098908, 49.232937 ], [ 20.099036, 49.232754 ], [ 20.099116, 49.232596 ], [ 20.099251, 49.232431 ], [ 20.099391, 49.232269 ], [ 20.09956, 49.23209 ], [ 20.099634, 49.231947 ], [ 20.0996915, 49.2318109 ], [ 20.099725, 49.23166 ], [ 20.099745, 49.231495 ], [ 20.0997295, 49.2314309 ], [ 20.099706, 49.231296 ], [ 20.099649, 49.2312 ], [ 20.099593, 49.231059 ], [ 20.099494, 49.230811 ], [ 20.0994655, 49.2306999 ], [ 20.099348, 49.230363 ], [ 20.099335, 49.230228 ], [ 20.099383, 49.23001 ], [ 20.099405, 49.229843 ], [ 20.099479, 49.229623 ], [ 20.099561, 49.229576 ], [ 20.099614, 49.229511 ], [ 20.099672, 49.22938 ], [ 20.099748, 49.229272 ], [ 20.099826, 49.22913 ], [ 20.0998625, 49.2289619 ], [ 20.099825, 49.228841 ], [ 20.099805, 49.228717 ], [ 20.099764, 49.228584 ], [ 20.0997655, 49.2284259 ], [ 20.099799, 49.228266 ], [ 20.099824, 49.228126 ], [ 20.099839, 49.228065 ], [ 20.099811, 49.227995 ], [ 20.099826, 49.227868 ], [ 20.099863, 49.227769 ], [ 20.0999245, 49.2276309 ], [ 20.100018, 49.227559 ], [ 20.100324, 49.227397 ], [ 20.100525, 49.227296 ], [ 20.100858, 49.227166 ], [ 20.1010235, 49.2271119 ], [ 20.101195, 49.226994 ], [ 20.101416, 49.226703 ], [ 20.10154, 49.226562 ], [ 20.101723, 49.226415 ], [ 20.1018166, 49.2263541 ], [ 20.101886, 49.226238 ], [ 20.102032, 49.225967 ], [ 20.102128, 49.225799 ], [ 20.102177, 49.225661 ], [ 20.102195, 49.22551 ], [ 20.102198, 49.225285 ], [ 20.102191, 49.22514 ], [ 20.102094, 49.224958 ], [ 20.101983, 49.224809 ], [ 20.101899, 49.224659 ], [ 20.101788, 49.224509 ], [ 20.101724, 49.224275 ], [ 20.101601, 49.224111 ], [ 20.101539, 49.223919 ], [ 20.101521, 49.22373 ], [ 20.101487, 49.223504 ], [ 20.101443, 49.223428 ], [ 20.1014405, 49.2233089 ], [ 20.101432, 49.223187 ], [ 20.101483, 49.223138 ], [ 20.101641, 49.222866 ], [ 20.101623, 49.222715 ], [ 20.1016245, 49.2226589 ], [ 20.10154, 49.22264 ], [ 20.10137, 49.222599 ], [ 20.101267, 49.222566 ], [ 20.101025, 49.222543 ], [ 20.100921, 49.222536 ], [ 20.1004802, 49.2223996 ], [ 20.100403, 49.222376 ], [ 20.100313, 49.222258 ], [ 20.100229, 49.222135 ], [ 20.100138, 49.221998 ], [ 20.100104, 49.221904 ], [ 20.100034, 49.221831 ], [ 20.100049, 49.221761 ], [ 20.100065, 49.221694 ], [ 20.100008, 49.221656 ], [ 20.099889, 49.221634 ], [ 20.09979, 49.22154 ], [ 20.099723, 49.221454 ], [ 20.099716, 49.221363 ], [ 20.099676, 49.2213 ], [ 20.099617, 49.221236 ], [ 20.099479, 49.221208 ], [ 20.099303, 49.221211 ], [ 20.099176, 49.221147 ], [ 20.099049, 49.221091 ], [ 20.098945, 49.221044 ], [ 20.098727, 49.220981 ], [ 20.098642, 49.220923 ], [ 20.098598, 49.220818 ], [ 20.098673, 49.220596 ], [ 20.098605, 49.220467 ], [ 20.098543, 49.220393 ], [ 20.09843, 49.220321 ], [ 20.09836, 49.220267 ], [ 20.098252, 49.220195 ], [ 20.098113, 49.220198 ], [ 20.098021, 49.220222 ], [ 20.097967, 49.220225 ], [ 20.097856, 49.220249 ], [ 20.097747, 49.22026 ], [ 20.097668, 49.220282 ], [ 20.097577, 49.220328 ], [ 20.097532, 49.220357 ], [ 20.097535, 49.220383 ], [ 20.097452, 49.220419 ], [ 20.0973105, 49.2204269 ], [ 20.097068, 49.220315 ], [ 20.096947, 49.22029 ], [ 20.096771, 49.220226 ], [ 20.09668, 49.220168 ], [ 20.09655, 49.220091 ], [ 20.096407, 49.22008 ], [ 20.096341, 49.220084 ], [ 20.0961645, 49.2200329 ], [ 20.096238, 49.219917 ], [ 20.095592, 49.219188 ], [ 20.094998, 49.218296 ], [ 20.094954, 49.218229 ], [ 20.094635, 49.217757 ], [ 20.093772, 49.216486 ], [ 20.092991, 49.215321 ], [ 20.092092, 49.213912 ], [ 20.091803, 49.213488 ], [ 20.091502, 49.212922 ], [ 20.091141, 49.21245 ], [ 20.090813, 49.211872 ], [ 20.0906829, 49.2117237 ], [ 20.090632, 49.211435 ], [ 20.090124, 49.210965 ], [ 20.0888787, 49.2096033 ], [ 20.0885025, 49.2092752 ], [ 20.0879685, 49.208447 ], [ 20.0871772, 49.2076078 ], [ 20.0869744, 49.2058541 ], [ 20.0862581, 49.204024 ], [ 20.08647, 49.2033235 ], [ 20.086863, 49.202711 ], [ 20.0867803, 49.2012303 ], [ 20.0871237, 49.2007198 ], [ 20.0870779, 49.1997665 ], [ 20.087095, 49.1995427 ], [ 20.0871947, 49.1993859 ], [ 20.0867888, 49.1989555 ], [ 20.086843, 49.1987995 ], [ 20.0865253, 49.1985643 ], [ 20.086374, 49.1983958 ], [ 20.086301, 49.198137 ], [ 20.086316, 49.198065 ], [ 20.086243, 49.197883 ], [ 20.086139, 49.197766 ], [ 20.086205, 49.197664 ], [ 20.086146, 49.19752 ], [ 20.086208, 49.197391 ], [ 20.086206, 49.197321 ], [ 20.0861795, 49.1972829 ], [ 20.085958, 49.197169 ], [ 20.085933, 49.197065 ], [ 20.085789, 49.196999 ], [ 20.08565, 49.196896 ], [ 20.085617, 49.196851 ], [ 20.085266, 49.196564 ], [ 20.085079, 49.196427 ], [ 20.084916, 49.196514 ], [ 20.084774, 49.196533 ], [ 20.084652, 49.196393 ], [ 20.084375, 49.196185 ], [ 20.084397, 49.195856 ], [ 20.084336, 49.195574 ], [ 20.084498, 49.195433 ], [ 20.0843865, 49.1951339 ], [ 20.08435, 49.194885 ], [ 20.084602, 49.194783 ], [ 20.08468, 49.194673 ], [ 20.084724, 49.194525 ], [ 20.084676, 49.194125 ], [ 20.084667, 49.193673 ], [ 20.084576, 49.193278 ], [ 20.08455, 49.192932 ], [ 20.084786, 49.19281 ], [ 20.084915, 49.192437 ], [ 20.084952, 49.192155 ], [ 20.085137, 49.192041 ], [ 20.085364, 49.191977 ], [ 20.085689, 49.191787 ], [ 20.0857095, 49.1916329 ], [ 20.085714, 49.191519 ], [ 20.085789, 49.191443 ], [ 20.086006, 49.191415 ], [ 20.085903, 49.191137 ], [ 20.085903, 49.190881 ], [ 20.08591, 49.190647 ], [ 20.08587, 49.190441 ], [ 20.086112, 49.189906 ], [ 20.086146, 49.189677 ], [ 20.086149, 49.189561 ], [ 20.08587, 49.189192 ], [ 20.086187, 49.189222 ], [ 20.086539, 49.189132 ], [ 20.08658, 49.188957 ], [ 20.086819, 49.188914 ], [ 20.086706, 49.188654 ], [ 20.086798, 49.188568 ], [ 20.086988, 49.188415 ], [ 20.087053, 49.188122 ], [ 20.0871435, 49.1879917 ], [ 20.0873414, 49.1879878 ], [ 20.087472, 49.187842 ], [ 20.0877315, 49.1877659 ], [ 20.088157, 49.187803 ], [ 20.088579, 49.187745 ], [ 20.088762, 49.187788 ], [ 20.08903, 49.187826 ], [ 20.089253, 49.187848 ], [ 20.0891546, 49.1877404 ], [ 20.0889425, 49.1876649 ], [ 20.088732, 49.187529 ], [ 20.088497, 49.187393 ], [ 20.088416, 49.187336 ], [ 20.0883744, 49.1871675 ], [ 20.088187, 49.186991 ], [ 20.088065, 49.186827 ], [ 20.088039, 49.186728 ], [ 20.087977, 49.186694 ], [ 20.087848, 49.186604 ], [ 20.087673, 49.18655 ], [ 20.0875238, 49.1865868 ], [ 20.087321, 49.186463 ], [ 20.087173, 49.186347 ], [ 20.087126, 49.186178 ], [ 20.0871375, 49.1859799 ], [ 20.0872064, 49.1858149 ], [ 20.087212, 49.185689 ], [ 20.087079, 49.185606 ], [ 20.08718, 49.18555 ], [ 20.0872259, 49.1854367 ], [ 20.0871985, 49.185352 ], [ 20.08716, 49.185287 ], [ 20.0871052, 49.1852079 ], [ 20.0870336, 49.1851193 ], [ 20.0869714, 49.1850244 ], [ 20.086927, 49.184987 ], [ 20.086871, 49.184843 ], [ 20.086855, 49.184822 ], [ 20.086775, 49.184767 ], [ 20.086826, 49.1846885 ], [ 20.08682, 49.184584 ], [ 20.0869619, 49.1845672 ], [ 20.0868925, 49.1844659 ], [ 20.086883, 49.18444 ], [ 20.086792, 49.184366 ], [ 20.086882, 49.184345 ], [ 20.0869543, 49.1842938 ], [ 20.087005, 49.184258 ], [ 20.0871005, 49.1842037 ], [ 20.0871519, 49.1840795 ], [ 20.087224, 49.184009 ], [ 20.087328, 49.183963 ], [ 20.0873832, 49.1839009 ], [ 20.087495, 49.1838 ], [ 20.087609, 49.183727 ], [ 20.087732, 49.183692 ], [ 20.087767, 49.183637 ], [ 20.087748, 49.183598 ], [ 20.0878, 49.183572 ], [ 20.087942, 49.183506 ], [ 20.087995, 49.183403 ], [ 20.08802, 49.183351 ], [ 20.088154, 49.183245 ], [ 20.0882035, 49.1831849 ], [ 20.08813, 49.183124 ], [ 20.088113, 49.183051 ], [ 20.088072, 49.182934 ], [ 20.088065, 49.182862 ], [ 20.088114, 49.182805 ], [ 20.088068, 49.1827509 ], [ 20.087983, 49.182567 ], [ 20.0880185, 49.1825265 ], [ 20.088104, 49.182492 ], [ 20.088101, 49.182391 ], [ 20.088122, 49.18231 ], [ 20.088119, 49.182206 ], [ 20.088057, 49.182125 ], [ 20.088006, 49.182064 ], [ 20.0880048, 49.1819084 ], [ 20.087941, 49.181706 ], [ 20.08797, 49.181612 ], [ 20.08794, 49.181521 ], [ 20.088039, 49.181486 ], [ 20.087994, 49.181362 ], [ 20.08805, 49.181377 ], [ 20.088078, 49.181336 ], [ 20.08818, 49.1812666 ], [ 20.088222, 49.181205 ], [ 20.088263, 49.181136 ], [ 20.0883437, 49.1811371 ], [ 20.0883509, 49.1810917 ], [ 20.0884711, 49.181045 ], [ 20.088354, 49.180949 ], [ 20.0882565, 49.1808733 ], [ 20.088279, 49.180715 ], [ 20.088257, 49.180671 ], [ 20.088207, 49.180609 ], [ 20.088272, 49.180533 ], [ 20.088166, 49.180471 ], [ 20.088213, 49.180442 ], [ 20.0881486, 49.180365 ], [ 20.088052, 49.180262 ], [ 20.088138, 49.180242 ], [ 20.0881502, 49.180193 ], [ 20.08818, 49.18014 ], [ 20.088166, 49.180072 ], [ 20.088212, 49.180008 ], [ 20.088148, 49.1799 ], [ 20.088154, 49.179659 ], [ 20.08813, 49.17962 ], [ 20.0881093, 49.1795743 ], [ 20.088001, 49.179559 ], [ 20.087961, 49.179539 ], [ 20.0879015, 49.1795112 ], [ 20.087784, 49.179504 ], [ 20.087691, 49.179487 ], [ 20.087553, 49.179492 ], [ 20.087408, 49.17949 ], [ 20.087271, 49.179514 ], [ 20.087158, 49.179531 ], [ 20.0869877, 49.1794895 ], [ 20.0869202, 49.1794977 ], [ 20.0869148, 49.1795708 ], [ 20.086748, 49.179646 ], [ 20.0866245, 49.1796938 ], [ 20.0865994, 49.1796597 ], [ 20.086552, 49.179656 ], [ 20.086411, 49.179696 ], [ 20.086253, 49.179665 ], [ 20.0861288, 49.1796848 ], [ 20.086053, 49.1796463 ], [ 20.085941, 49.179691 ], [ 20.085786, 49.179675 ], [ 20.085653, 49.179659 ], [ 20.085551, 49.179614 ], [ 20.085377, 49.179611 ], [ 20.0852445, 49.1796089 ], [ 20.085157, 49.179592 ], [ 20.085033, 49.179587 ], [ 20.084921, 49.17957 ], [ 20.084826, 49.179587 ], [ 20.084634, 49.179572 ], [ 20.084461, 49.179589 ], [ 20.084317, 49.179628 ], [ 20.084318, 49.179517 ], [ 20.0841933, 49.1794918 ], [ 20.084077, 49.179457 ], [ 20.083937, 49.179506 ], [ 20.083799, 49.179482 ], [ 20.083676, 49.179461 ], [ 20.083592, 49.179439 ], [ 20.083406, 49.179465 ], [ 20.083227, 49.179434 ], [ 20.083049, 49.179436 ], [ 20.08286, 49.179443 ], [ 20.082623, 49.179358 ], [ 20.08246, 49.179314 ], [ 20.0824, 49.179348 ], [ 20.082186, 49.179336 ], [ 20.082159, 49.179295 ], [ 20.082092, 49.179279 ], [ 20.082052, 49.179248 ], [ 20.081975, 49.179215 ], [ 20.081827, 49.179204 ], [ 20.081687, 49.179158 ], [ 20.081582, 49.17914 ], [ 20.08139, 49.179104 ], [ 20.081189, 49.179081 ], [ 20.080941, 49.179023 ], [ 20.080765, 49.179018 ], [ 20.080779, 49.178947 ], [ 20.080488, 49.17891 ], [ 20.080127, 49.178826 ], [ 20.079974, 49.178787 ], [ 20.079878, 49.178752 ], [ 20.0797875, 49.1787249 ], [ 20.079658, 49.178714 ], [ 20.079566, 49.178696 ], [ 20.07942, 49.178641 ], [ 20.079323, 49.178617 ], [ 20.079333, 49.178569 ], [ 20.079245, 49.17856 ], [ 20.079021, 49.178476 ], [ 20.078868, 49.178523 ], [ 20.078624, 49.178492 ], [ 20.078599, 49.178534 ], [ 20.078595, 49.178602 ], [ 20.0785249, 49.1786181 ], [ 20.07836, 49.178656 ], [ 20.078145, 49.178608 ], [ 20.078033, 49.178596 ], [ 20.077815, 49.17856 ], [ 20.077761, 49.17858 ], [ 20.07763, 49.17861 ], [ 20.077483, 49.178606 ], [ 20.077253, 49.178572 ], [ 20.077095, 49.178588 ], [ 20.076926, 49.178539 ], [ 20.076758, 49.178548 ], [ 20.076716, 49.178577 ], [ 20.07655, 49.178589 ], [ 20.07638, 49.1786 ], [ 20.076276, 49.178615 ], [ 20.076169, 49.178666 ], [ 20.076063, 49.17871 ], [ 20.075955, 49.178702 ], [ 20.075848, 49.178722 ], [ 20.075752, 49.178738 ], [ 20.075632, 49.178709 ], [ 20.075605, 49.178751 ], [ 20.075502, 49.178764 ], [ 20.075395, 49.178853 ], [ 20.075336, 49.178922 ], [ 20.075254, 49.178935 ], [ 20.075123, 49.178901 ], [ 20.07509, 49.178897 ], [ 20.075071, 49.178964 ], [ 20.0749, 49.178993 ], [ 20.074847, 49.179053 ], [ 20.074752, 49.179098 ], [ 20.074653, 49.179144 ], [ 20.074562, 49.179168 ], [ 20.07445, 49.179253 ], [ 20.074116, 49.179331 ], [ 20.074097, 49.179385 ], [ 20.07406, 49.179425 ], [ 20.073915, 49.179465 ], [ 20.073888, 49.179497 ], [ 20.073767, 49.179538 ], [ 20.073611, 49.179581 ], [ 20.073548, 49.179649 ], [ 20.073486, 49.179679 ], [ 20.073433, 49.179715 ], [ 20.073372, 49.179766 ], [ 20.073253, 49.179797 ], [ 20.073203, 49.179806 ], [ 20.073099, 49.179802 ], [ 20.073048, 49.179847 ], [ 20.072938, 49.179852 ], [ 20.07279, 49.179904 ], [ 20.072586, 49.180001 ], [ 20.072485, 49.180049 ], [ 20.0725225, 49.1801089 ], [ 20.072416, 49.180166 ], [ 20.072387, 49.180182 ], [ 20.072341, 49.180214 ], [ 20.07211, 49.180217 ], [ 20.071865, 49.180153 ], [ 20.071655, 49.18022 ], [ 20.071501, 49.180243 ], [ 20.071416, 49.180182 ], [ 20.071392, 49.180247 ], [ 20.07123, 49.180268 ], [ 20.071143, 49.180351 ], [ 20.071078, 49.180412 ], [ 20.0710107, 49.1803941 ], [ 20.070901, 49.180418 ], [ 20.070761, 49.18046 ], [ 20.070498, 49.180464 ], [ 20.07046, 49.180499 ], [ 20.070285, 49.180495 ], [ 20.070248, 49.18049 ], [ 20.070088, 49.180547 ], [ 20.069898, 49.180557 ], [ 20.069797, 49.180614 ], [ 20.069734, 49.180609 ], [ 20.0697, 49.180606 ], [ 20.0695947, 49.180632 ], [ 20.069332, 49.180697 ], [ 20.069107, 49.180781 ], [ 20.069032, 49.18087 ], [ 20.069028, 49.180946 ], [ 20.068989, 49.180968 ], [ 20.0689525, 49.1809959 ], [ 20.068794, 49.181033 ], [ 20.068682, 49.181111 ], [ 20.068627, 49.181178 ], [ 20.0686, 49.181262 ], [ 20.068662, 49.181369 ], [ 20.068598, 49.181413 ], [ 20.068463, 49.181498 ], [ 20.068333, 49.181531 ], [ 20.068337, 49.181573 ], [ 20.068239, 49.181631 ], [ 20.068107, 49.181758 ], [ 20.0679517, 49.1818776 ], [ 20.067933, 49.181892 ], [ 20.06781, 49.181981 ], [ 20.067733, 49.182109 ], [ 20.0676, 49.182361 ], [ 20.067519, 49.182647 ], [ 20.067475, 49.182834 ], [ 20.0673005, 49.1829849 ], [ 20.067183, 49.183182 ], [ 20.067145, 49.183186 ], [ 20.06691, 49.183241 ], [ 20.066419, 49.183362 ], [ 20.066212, 49.183529 ], [ 20.066103, 49.183544 ], [ 20.065879, 49.183505 ], [ 20.065696, 49.183605 ], [ 20.065476, 49.183639 ], [ 20.0652865, 49.1836162 ], [ 20.064986, 49.183774 ], [ 20.064912, 49.183773 ], [ 20.064777, 49.1839 ], [ 20.064788, 49.183977 ], [ 20.064717, 49.184025 ], [ 20.064648, 49.184035 ], [ 20.064492, 49.183988 ], [ 20.064391, 49.184039 ], [ 20.064238, 49.184058 ], [ 20.064057, 49.184131 ], [ 20.064118, 49.184276 ], [ 20.063921, 49.184339 ], [ 20.063841, 49.18439 ], [ 20.063516, 49.184403 ], [ 20.063285, 49.18441 ], [ 20.063169, 49.184526 ], [ 20.063071, 49.184595 ], [ 20.062906, 49.184569 ], [ 20.062762, 49.184564 ], [ 20.062554, 49.184635 ], [ 20.062238, 49.184731 ], [ 20.062019, 49.184798 ], [ 20.061741, 49.184966 ], [ 20.061669, 49.185051 ], [ 20.061602, 49.185145 ], [ 20.06149, 49.18525 ], [ 20.061334, 49.185367 ], [ 20.061141, 49.185497 ], [ 20.060912, 49.185679 ], [ 20.060868, 49.185776 ], [ 20.06081, 49.185843 ], [ 20.060706, 49.185995 ], [ 20.060562, 49.186194 ], [ 20.060562, 49.186353 ], [ 20.060493, 49.186487 ], [ 20.06038, 49.186588 ], [ 20.060301, 49.186729 ], [ 20.06019, 49.186851 ], [ 20.060277, 49.186916 ], [ 20.060181, 49.187041 ], [ 20.0600967, 49.1870574 ], [ 20.059991, 49.187078 ], [ 20.059968, 49.187108 ], [ 20.059831, 49.187107 ], [ 20.059567, 49.187091 ], [ 20.0592982, 49.18703 ], [ 20.059122, 49.187085 ], [ 20.058953, 49.187165 ], [ 20.058788, 49.187258 ], [ 20.05865, 49.1874 ], [ 20.058426, 49.187393 ], [ 20.05802, 49.187484 ], [ 20.057697, 49.187602 ], [ 20.057221, 49.187625 ], [ 20.056747, 49.187585 ], [ 20.056265, 49.187724 ], [ 20.056015, 49.187804 ], [ 20.055569, 49.187739 ], [ 20.055228, 49.187703 ], [ 20.055123, 49.187775 ], [ 20.054985, 49.187771 ], [ 20.0548, 49.187744 ], [ 20.054624, 49.187865 ], [ 20.054274, 49.187884 ], [ 20.054049, 49.187862 ], [ 20.053946, 49.187896 ], [ 20.053678, 49.187803 ], [ 20.053512, 49.187829 ], [ 20.0532455, 49.1878619 ], [ 20.053176, 49.187962 ], [ 20.052875, 49.188061 ], [ 20.052733, 49.188069 ], [ 20.052487, 49.188168 ], [ 20.052156, 49.188305 ], [ 20.0518471, 49.1883429 ], [ 20.050967, 49.188826 ], [ 20.0509767, 49.189119 ], [ 20.0504802, 49.1894998 ], [ 20.050081, 49.189604 ], [ 20.0495375, 49.1894631 ], [ 20.0493083, 49.1894735 ], [ 20.0490536, 49.1895809 ], [ 20.0488984, 49.1895289 ], [ 20.0482771, 49.1897777 ], [ 20.0480616, 49.1899516 ], [ 20.0478442, 49.1899982 ], [ 20.0477592, 49.1901364 ], [ 20.0471922, 49.1903658 ], [ 20.0465575, 49.1911693 ], [ 20.0449616, 49.1917656 ], [ 20.044893, 49.191958 ], [ 20.044653, 49.192165 ], [ 20.0444459, 49.1924293 ], [ 20.0438305, 49.1928618 ], [ 20.0434008, 49.1929079 ], [ 20.042984, 49.19304 ], [ 20.0426189, 49.1931776 ], [ 20.0422664, 49.1935999 ], [ 20.0418758, 49.1941407 ], [ 20.041381, 49.1945 ], [ 20.041311, 49.194624 ], [ 20.041143, 49.194749 ], [ 20.0407321, 49.194969 ], [ 20.04057, 49.1951495 ], [ 20.0405834, 49.1954109 ], [ 20.0405443, 49.1955343 ], [ 20.0403757, 49.1956394 ], [ 20.040236, 49.195792 ], [ 20.0400541, 49.1959517 ], [ 20.0400495, 49.1960722 ], [ 20.0399507, 49.1962449 ], [ 20.0401271, 49.1964886 ], [ 20.0401511, 49.1967122 ], [ 20.040286, 49.196944 ], [ 20.0405028, 49.1970162 ], [ 20.040361, 49.197069 ], [ 20.040097, 49.197289 ], [ 20.0397723, 49.1974229 ], [ 20.0396681, 49.197409 ], [ 20.039626, 49.1974034 ], [ 20.0395555, 49.1974368 ], [ 20.039492, 49.197467 ], [ 20.039112, 49.19757 ], [ 20.038806, 49.197662 ], [ 20.038157, 49.1977701 ], [ 20.037322, 49.197813 ], [ 20.0367569, 49.1979735 ], [ 20.036413, 49.198112 ], [ 20.036168, 49.198218 ], [ 20.035932, 49.198229 ], [ 20.0357529, 49.1982869 ], [ 20.0354587, 49.198382 ], [ 20.0352279, 49.1985224 ], [ 20.0351397, 49.1985546 ], [ 20.0349233, 49.1986335 ], [ 20.0345782, 49.1985753 ], [ 20.0343027, 49.1986181 ], [ 20.0340652, 49.1988525 ], [ 20.0337903, 49.1990483 ], [ 20.033562, 49.199132 ], [ 20.0333875, 49.1992073 ], [ 20.033105, 49.199233 ], [ 20.0328505, 49.1993051 ], [ 20.0325215, 49.1997812 ], [ 20.0322557, 49.1999582 ], [ 20.0322012, 49.1999471 ], [ 20.0318986, 49.1998852 ], [ 20.031707, 49.199846 ], [ 20.0312945, 49.1997539 ], [ 20.030995, 49.199766 ], [ 20.030597, 49.199712 ], [ 20.0302125, 49.1996969 ], [ 20.029651, 49.199757 ], [ 20.029395, 49.199805 ], [ 20.02896, 49.19986 ], [ 20.028675, 49.19995 ], [ 20.028266, 49.200068 ], [ 20.0280368, 49.200055 ], [ 20.02786, 49.200045 ], [ 20.027566, 49.200101 ], [ 20.027248, 49.200156 ], [ 20.02702, 49.200237 ], [ 20.026677, 49.200377 ], [ 20.026444, 49.200428 ], [ 20.026272, 49.200512 ], [ 20.026144, 49.200538 ], [ 20.025935, 49.200497 ], [ 20.0257715, 49.2005199 ], [ 20.025568, 49.200574 ], [ 20.025483, 49.200656 ], [ 20.025294, 49.200586 ], [ 20.025126, 49.200665 ], [ 20.0250858, 49.2006597 ], [ 20.024973, 49.200645 ], [ 20.024712, 49.200674 ], [ 20.024409, 49.20067 ], [ 20.024059, 49.200675 ], [ 20.023798, 49.200714 ], [ 20.0233195, 49.2007399 ], [ 20.023166, 49.200926 ], [ 20.02299, 49.201061 ], [ 20.02277, 49.201132 ], [ 20.022525, 49.201229 ], [ 20.0220269, 49.20134 ], [ 20.021899, 49.2013848 ], [ 20.021547, 49.201443 ], [ 20.021089, 49.201502 ], [ 20.020902, 49.201589 ], [ 20.020728, 49.201563 ], [ 20.020529, 49.201505 ], [ 20.0203855, 49.2016249 ], [ 20.02025, 49.201685 ], [ 20.020109, 49.201798 ], [ 20.019937, 49.20187 ], [ 20.019772, 49.202039 ], [ 20.019621, 49.2022 ], [ 20.0195255, 49.2023006 ], [ 20.019395, 49.202438 ], [ 20.019336, 49.202574 ], [ 20.018993, 49.202711 ], [ 20.018845, 49.202867 ], [ 20.018735, 49.202956 ], [ 20.018789, 49.203128 ], [ 20.018628, 49.203212 ], [ 20.018461, 49.203283 ], [ 20.018263, 49.203408 ], [ 20.018051, 49.203573 ], [ 20.017623, 49.203873 ], [ 20.017398, 49.204048 ], [ 20.017212, 49.204155 ], [ 20.016976, 49.204322 ], [ 20.016829, 49.204475 ], [ 20.016731, 49.204596 ], [ 20.016632, 49.204684 ], [ 20.016524, 49.204873 ], [ 20.016323, 49.205118 ], [ 20.016222, 49.205174 ], [ 20.016141, 49.20527 ], [ 20.015946, 49.205429 ], [ 20.0158583, 49.2054833 ], [ 20.015628, 49.205626 ], [ 20.015443, 49.20574 ], [ 20.015294, 49.205878 ], [ 20.0151602, 49.2059397 ], [ 20.015025, 49.206002 ], [ 20.014639, 49.206137 ], [ 20.0145096, 49.2061836 ], [ 20.014342, 49.206244 ], [ 20.0143985, 49.2064019 ], [ 20.014173, 49.206553 ], [ 20.013792, 49.20667 ], [ 20.013395, 49.206756 ], [ 20.013165, 49.20694 ], [ 20.012887, 49.20716 ], [ 20.012851, 49.207319 ], [ 20.012755, 49.207499 ], [ 20.012666, 49.207723 ], [ 20.012591, 49.207847 ], [ 20.012563, 49.207941 ], [ 20.012525, 49.208066 ], [ 20.012474, 49.208143 ], [ 20.012413, 49.208283 ], [ 20.012277, 49.208397 ], [ 20.012163, 49.208579 ], [ 20.012249, 49.208906 ], [ 20.012185, 49.209106 ], [ 20.012012, 49.209253 ], [ 20.01199, 49.209509 ], [ 20.011901, 49.209544 ], [ 20.011781, 49.209677 ], [ 20.011628, 49.209675 ], [ 20.01147, 49.209757 ], [ 20.01131, 49.209878 ], [ 20.0113, 49.210028 ], [ 20.011206, 49.210104 ], [ 20.010637, 49.210358 ], [ 20.010138, 49.21068 ], [ 20.009929, 49.210833 ], [ 20.009668, 49.210996 ], [ 20.009386, 49.211086 ], [ 20.009158, 49.211163 ], [ 20.008976, 49.211233 ], [ 20.008729, 49.211367 ], [ 20.008597, 49.211428 ], [ 20.008371, 49.211476 ], [ 20.008245, 49.211541 ], [ 20.008048, 49.211621 ], [ 20.007916, 49.211766 ], [ 20.007709, 49.21197 ], [ 20.007598, 49.212105 ], [ 20.00742, 49.212239 ], [ 20.007188, 49.212284 ], [ 20.007082, 49.212371 ], [ 20.0069725, 49.2125409 ], [ 20.006852, 49.212723 ], [ 20.006809, 49.212873 ], [ 20.006757, 49.213036 ], [ 20.00647, 49.213158 ], [ 20.006501, 49.213311 ], [ 20.006617, 49.213371 ], [ 20.006742, 49.213413 ], [ 20.00682, 49.213439 ], [ 20.007006, 49.213524 ], [ 20.007164, 49.213514 ], [ 20.007323, 49.213599 ], [ 20.007224, 49.213794 ], [ 20.007333, 49.213955 ], [ 20.00746, 49.21403 ], [ 20.007275, 49.214165 ], [ 20.007358, 49.214297 ], [ 20.00761, 49.214526 ], [ 20.007782, 49.214593 ], [ 20.008015, 49.214733 ], [ 20.008185, 49.214881 ], [ 20.008376, 49.215029 ], [ 20.008491, 49.215206 ], [ 20.008738, 49.215447 ], [ 20.008853, 49.215611 ], [ 20.008925, 49.215732 ], [ 20.008953, 49.215906 ], [ 20.0090015, 49.2160609 ], [ 20.009076, 49.216177 ], [ 20.008998, 49.216328 ], [ 20.008938, 49.216538 ], [ 20.008932, 49.216698 ], [ 20.008878, 49.216849 ], [ 20.008936, 49.217051 ], [ 20.009018, 49.217225 ], [ 20.008897, 49.217392 ], [ 20.008859, 49.217576 ], [ 20.008754, 49.217756 ], [ 20.008735, 49.217867 ], [ 20.008798, 49.217928 ], [ 20.008848, 49.218061 ], [ 20.008857, 49.218221 ], [ 20.008941, 49.218317 ], [ 20.009018, 49.218547 ], [ 20.009239, 49.218686 ], [ 20.009407, 49.218919 ], [ 20.009216, 49.219089 ], [ 20.009249, 49.219233 ], [ 20.0093063, 49.2194211 ], [ 20.008629, 49.22005 ], [ 20.00768, 49.219979 ], [ 20.006832, 49.220113 ], [ 20.004995, 49.220388 ], [ 20.003761, 49.220987 ], [ 20.002705, 49.221509 ], [ 20.00122, 49.222266 ], [ 20.000306, 49.222272 ], [ 19.9992188, 49.2222977 ], [ 19.998194, 49.223098 ], [ 19.9970114, 49.2236677 ], [ 19.995849, 49.224008 ], [ 19.994388, 49.22446 ], [ 19.9925263, 49.2251479 ], [ 19.9917749, 49.2254631 ], [ 19.9913524, 49.2256403 ], [ 19.989752, 49.226263 ], [ 19.9891202, 49.227253 ], [ 19.9889949, 49.2273597 ], [ 19.987961, 49.228242 ], [ 19.987054, 49.229096 ], [ 19.98604, 49.229528 ], [ 19.9843885, 49.2301771 ], [ 19.98422, 49.2302778 ], [ 19.9840188, 49.2303982 ], [ 19.983901, 49.2304687 ], [ 19.9834657, 49.2307292 ], [ 19.9832379, 49.2308677 ], [ 19.9830473, 49.2309865 ], [ 19.9823191, 49.2313196 ], [ 19.9815609, 49.2318014 ], [ 19.9813262, 49.2316322 ], [ 19.9803151, 49.2312307 ], [ 19.9801017, 49.231146 ], [ 19.9798483, 49.2310867 ], [ 19.9793165, 49.2309623 ], [ 19.9782338, 49.2308334 ], [ 19.9776331, 49.2307737 ], [ 19.9771009, 49.2307211 ], [ 19.9758948, 49.2304773 ], [ 19.975189, 49.2303272 ], [ 19.9746136, 49.2302052 ], [ 19.9740287, 49.2300805 ], [ 19.9733273, 49.2300633 ], [ 19.972222, 49.230103 ], [ 19.971166, 49.229955 ], [ 19.9704727, 49.2301794 ], [ 19.9692441, 49.2303687 ], [ 19.967827, 49.230657 ], [ 19.967295, 49.230806 ], [ 19.966692, 49.231123 ], [ 19.966169, 49.231291 ], [ 19.964854, 49.2312 ], [ 19.962425, 49.231366 ], [ 19.9612, 49.231543 ], [ 19.960125, 49.231736 ], [ 19.959212, 49.231807 ], [ 19.958213, 49.232059 ], [ 19.957602, 49.23228 ], [ 19.957038, 49.232404 ], [ 19.9567539, 49.2323098 ], [ 19.9557789, 49.2324345 ], [ 19.9540596, 49.2323029 ], [ 19.9531292, 49.2321865 ], [ 19.9513616, 49.2323196 ], [ 19.9511129, 49.2323383 ], [ 19.9504296, 49.2327138 ], [ 19.9498988, 49.2326709 ], [ 19.9491648, 49.2325293 ], [ 19.948452, 49.233029 ], [ 19.946313, 49.233325 ], [ 19.945188, 49.233986 ], [ 19.943947, 49.234119 ], [ 19.9434406, 49.2344531 ], [ 19.942378, 49.234047 ], [ 19.941399, 49.233821 ], [ 19.9403414, 49.2336631 ], [ 19.939099, 49.234027 ], [ 19.9379185, 49.2342652 ], [ 19.93616, 49.234654 ], [ 19.935085, 49.235026 ], [ 19.934431, 49.2352449 ], [ 19.933857, 49.235437 ], [ 19.932932, 49.236025 ], [ 19.9322171, 49.2364897 ], [ 19.931644, 49.236306 ], [ 19.930655, 49.236047 ], [ 19.929279, 49.23565 ], [ 19.928177, 49.235337 ], [ 19.927837, 49.235323 ], [ 19.9262262, 49.2352646 ], [ 19.9254153, 49.2351548 ], [ 19.924998, 49.235185 ], [ 19.924495, 49.235275 ], [ 19.923957, 49.235551 ], [ 19.92375, 49.235593 ], [ 19.922492, 49.235653 ], [ 19.92143, 49.235706 ], [ 19.920544, 49.235736 ], [ 19.919689, 49.23577 ], [ 19.919267, 49.235785 ], [ 19.918404, 49.235068 ], [ 19.917699, 49.234663 ], [ 19.916573, 49.234194 ], [ 19.915198, 49.233629 ], [ 19.914047, 49.233167 ], [ 19.912914, 49.232689 ], [ 19.911824, 49.232209 ], [ 19.911392, 49.232032 ], [ 19.910855, 49.231928 ], [ 19.909843, 49.231727 ], [ 19.909405, 49.231641 ], [ 19.909095, 49.231561 ], [ 19.908338, 49.231454 ], [ 19.907584, 49.2314 ], [ 19.906829, 49.231187 ], [ 19.906427, 49.23114 ], [ 19.9058724, 49.2309407 ], [ 19.90558, 49.231021 ], [ 19.905089, 49.231085 ], [ 19.904691, 49.23124 ], [ 19.904249, 49.231198 ], [ 19.903778, 49.231088 ], [ 19.903268, 49.230919 ], [ 19.903355, 49.230757 ], [ 19.903493, 49.230572 ], [ 19.9034302, 49.2304846 ], [ 19.903262, 49.230259 ], [ 19.903234, 49.230175 ], [ 19.903324, 49.230109 ], [ 19.903365, 49.229926 ], [ 19.903351, 49.229773 ], [ 19.903587, 49.229613 ], [ 19.903656, 49.229514 ], [ 19.903641, 49.229444 ], [ 19.903707, 49.229376 ], [ 19.903747, 49.229273 ], [ 19.903776, 49.229158 ], [ 19.903899, 49.228846 ], [ 19.904078, 49.228604 ], [ 19.904001, 49.228511 ], [ 19.9040106, 49.2283505 ], [ 19.903943, 49.228176 ], [ 19.903508, 49.227844 ], [ 19.903754, 49.227512 ], [ 19.90366, 49.226912 ], [ 19.903772, 49.226371 ], [ 19.903745, 49.226199 ], [ 19.903798, 49.226073 ], [ 19.903906, 49.225916 ], [ 19.903905, 49.225583 ], [ 19.90408, 49.225407 ], [ 19.904236, 49.225364 ], [ 19.904594, 49.22515 ], [ 19.904837, 49.22497 ], [ 19.905109, 49.224885 ], [ 19.905253, 49.224704 ], [ 19.905187, 49.224585 ], [ 19.9049792, 49.2243537 ], [ 19.905131, 49.224274 ], [ 19.90511, 49.2236 ], [ 19.905072, 49.223146 ], [ 19.9049844, 49.2222973 ], [ 19.904981, 49.222264 ], [ 19.904886, 49.221377 ], [ 19.904841, 49.221096 ], [ 19.904789, 49.220797 ], [ 19.90475, 49.220246 ], [ 19.9047421, 49.2199301 ], [ 19.904735, 49.219646 ], [ 19.905224, 49.21949 ], [ 19.904475, 49.218783 ], [ 19.903764, 49.218106 ], [ 19.903062, 49.217545 ], [ 19.902545, 49.21711 ], [ 19.902051, 49.216691 ], [ 19.9019648, 49.2166184 ], [ 19.901924, 49.216584 ], [ 19.901785, 49.216371 ], [ 19.901791, 49.216251 ], [ 19.901814, 49.215809 ], [ 19.9018083, 49.2157742 ], [ 19.9015527, 49.2152313 ], [ 19.901715, 49.215204 ], [ 19.901784, 49.214989 ], [ 19.9016897, 49.2145006 ], [ 19.901927, 49.21441 ], [ 19.9019473, 49.2143772 ], [ 19.902117, 49.214104 ], [ 19.90217, 49.213794 ], [ 19.902357, 49.213429 ], [ 19.902332, 49.213313 ], [ 19.9022898, 49.2132829 ], [ 19.902196, 49.213216 ], [ 19.901868, 49.213048 ], [ 19.901282, 49.212881 ], [ 19.900938, 49.212802 ], [ 19.900705, 49.212771 ], [ 19.899935, 49.212645 ], [ 19.898892, 49.212432 ], [ 19.897653, 49.212143 ], [ 19.897285, 49.212041 ], [ 19.896896, 49.212006 ], [ 19.896577, 49.211992 ], [ 19.8958085, 49.2116014 ], [ 19.895842, 49.211564 ], [ 19.894906, 49.211131 ], [ 19.8933921, 49.2106045 ], [ 19.893455, 49.21062 ], [ 19.892165, 49.210253 ], [ 19.891595, 49.209973 ], [ 19.89113, 49.209925 ], [ 19.890039, 49.209857 ], [ 19.8886817, 49.2093111 ], [ 19.88838, 49.209188 ], [ 19.88779, 49.208752 ], [ 19.886987, 49.208165 ], [ 19.88644, 49.207146 ], [ 19.886018, 49.20637 ], [ 19.885329, 49.205366 ], [ 19.884943, 49.204932 ], [ 19.884582, 49.204705 ], [ 19.8841364, 49.2044287 ], [ 19.883928, 49.204178 ], [ 19.883917, 49.204174 ], [ 19.883903, 49.20417 ], [ 19.883696, 49.204114 ], [ 19.883691, 49.204113 ], [ 19.8833826, 49.2041006 ], [ 19.883144, 49.204091 ], [ 19.882856, 49.204083 ], [ 19.882297, 49.204067 ], [ 19.8821203, 49.2040619 ], [ 19.881705, 49.204165 ], [ 19.881247, 49.204241 ], [ 19.881189, 49.204293 ], [ 19.881104, 49.204367 ], [ 19.880753, 49.204165 ], [ 19.88066, 49.204111 ], [ 19.880454, 49.204002 ], [ 19.880228, 49.203952 ], [ 19.880216, 49.203943 ], [ 19.880106, 49.203847 ], [ 19.879903, 49.203678 ], [ 19.879866, 49.203665 ], [ 19.879473, 49.203528 ], [ 19.879409, 49.203519 ], [ 19.879299, 49.203503 ], [ 19.879244, 49.203466 ], [ 19.879182, 49.203425 ], [ 19.878363, 49.203006 ], [ 19.877865, 49.202749 ], [ 19.877249, 49.202432 ], [ 19.876393, 49.202021 ], [ 19.876087, 49.201874 ], [ 19.875998, 49.2018111 ], [ 19.875801, 49.201672 ], [ 19.874975, 49.201087 ], [ 19.87483, 49.200993 ], [ 19.8747, 49.200908 ], [ 19.8735448, 49.2004992 ], [ 19.873254, 49.200285 ], [ 19.872556, 49.199722 ], [ 19.8717669, 49.1992228 ], [ 19.871858, 49.199206 ], [ 19.870993, 49.198863 ], [ 19.870651, 49.198677 ], [ 19.8704132, 49.1985473 ], [ 19.870301, 49.198486 ], [ 19.870259, 49.198407 ], [ 19.870201, 49.1983 ], [ 19.870106, 49.198187 ], [ 19.869979, 49.198036 ], [ 19.8695792, 49.1978074 ], [ 19.869865, 49.197758 ], [ 19.869827, 49.197667 ], [ 19.869864, 49.197259 ], [ 19.869871, 49.197244 ], [ 19.869917, 49.197138 ], [ 19.870027, 49.197045 ], [ 19.87009, 49.196908 ], [ 19.870094, 49.196832 ], [ 19.8701, 49.196719 ], [ 19.8698651, 49.1965529 ], [ 19.869979, 49.196477 ], [ 19.869876, 49.196341 ], [ 19.869775, 49.196265 ], [ 19.8696822, 49.1962498 ], [ 19.86967, 49.196185 ], [ 19.8696, 49.196125 ], [ 19.869556, 49.195958 ], [ 19.869438, 49.195797 ], [ 19.8691176, 49.1921378 ] ] ] } }
]
}
