{
"type": "FeatureCollection",
"name": "gis",
"crs": { "type": "name", "properties": { "name": "urn:ogc:def:crs:OGC:1.3:CRS84" } },
"features": [
{ "type": "Feature", "properties": { "@featureType": "CadastralParcel", "areaValue": { "value": 777, "@uom": "m2" }, "beginLifespanVersion": { "@nilReason": "http://inspire.ec.europa.eu/codelist/VoidReasonValue/Unpopulated", "@nil": "true" }, "endLifespanVersion": { "@nilReason": "http://inspire.ec.europa.eu/codelist/VoidReasonValue/Unpopulated", "@nil": "true" }, "inspireId": { "@dataType": "Identifier", "localId": "867543_632/2.C", "namespace": "SK.ESKN.CP", "versionId": "20260703T04:07:15" }, "label": "632/2", "nationalCadastralReference": "867543_632/2.C", "referencePoint": { "type": "Point", "coordinates": [ 20.31074933, 48.38947458 ] }, "validFrom": "2026-06-30T16:00:00Z", "validTo": { "@nilReason": "http://inspire.ec.europa.eu/codelist/VoidReasonValue/Unpopulated", "@nil": "true" }, "administrativeUnit": { "@href": "#auAdmUnitS.505" } }, "geometry": { "type": "Polygon", "coordinates": [ [ [ 20.31073403, 48.38949782 ], [ 20.31116187, 48.38975431 ], [ 20.31129841, 48.38963932 ], [ 20.31126044, 48.38964044 ], [ 20.31121121, 48.3896312 ], [ 20.31076413, 48.38945134 ], [ 20.3100082, 48.38915138 ], [ 20.31000232, 48.38923747 ], [ 20.31013067, 48.38925297 ], [ 20.31073403, 48.38949782 ] ] ] } },
{ "type": "Feature", "properties": { "@featureType": "CadastralParcel", "areaValue": { "value": 517, "@uom": "m2" }, "beginLifespanVersion": { "@nilReason": "http://inspire.ec.europa.eu/codelist/VoidReasonValue/Unpopulated", "@nil": "true" }, "endLifespanVersion": { "@nilReason": "http://inspire.ec.europa.eu/codelist/VoidReasonValue/Unpopulated", "@nil": "true" }, "inspireId": { "@dataType": "Identifier", "localId": "867543_452/2.C", "namespace": "SK.ESKN.CP", "versionId": "20260703T04:07:15" }, "label": "452/2", "nationalCadastralReference": "867543_452/2.C", "referencePoint": { "type": "Point", "coordinates": [ 20.30996055, 48.38895783 ] }, "validFrom": "2026-06-30T16:00:00Z", "validTo": { "@nilReason": "http://inspire.ec.europa.eu/codelist/VoidReasonValue/Unpopulated", "@nil": "true" }, "administrativeUnit": { "@href": "#auAdmUnitS.505" } }, "geometry": { "type": "Polygon", "coordinates": [ [ [ 20.3100082, 48.38915138 ], [ 20.31007864, 48.38869746 ], [ 20.3100713, 48.38869636 ], [ 20.30999607, 48.38868438 ], [ 20.30998847, 48.38868309 ], [ 20.30991866, 48.38886468 ], [ 20.30984707, 48.38905098 ], [ 20.30979354, 48.38908104 ], [ 20.3100082, 48.38915138 ] ] ] } },
{ "type": "Feature", "properties": { "@featureType": "CadastralParcel", "areaValue": { "value": 3597, "@uom": "m2" }, "beginLifespanVersion": { "@nilReason": "http://inspire.ec.europa.eu/codelist/VoidReasonValue/Unpopulated", "@nil": "true" }, "endLifespanVersion": { "@nilReason": "http://inspire.ec.europa.eu/codelist/VoidReasonValue/Unpopulated", "@nil": "true" }, "inspireId": { "@dataType": "Identifier", "localId": "867543_453.C", "namespace": "SK.ESKN.CP", "versionId": "20260703T04:07:15" }, "label": "453", "nationalCadastralReference": "867543_453.C", "referencePoint": { "type": "Point", "coordinates": [ 20.3080132, 48.38846322 ] }, "validFrom": "2026-06-30T16:00:00Z", "validTo": { "@nilReason": "http://inspire.ec.europa.eu/codelist/VoidReasonValue/Unpopulated", "@nil": "true" }, "administrativeUnit": { "@href": "#auAdmUnitS.505" } }, "geometry": { "type": "Polygon", "coordinates": [ [ [ 20.30802759, 48.38839984 ], [ 20.3079634, 48.38837325 ], [ 20.30784494, 48.38831948 ], [ 20.30778565, 48.38829255 ], [ 20.30767878, 48.38824383 ], [ 20.30760546, 48.3882104 ], [ 20.30748538, 48.38815513 ], [ 20.30742716, 48.38812833 ], [ 20.30731207, 48.38807469 ], [ 20.30724999, 48.38804567 ], [ 20.30712174, 48.38798638 ], [ 20.30706977, 48.38796235 ], [ 20.30698221, 48.38792169 ], [ 20.30689297, 48.38788015 ], [ 20.3067754, 48.38782552 ], [ 20.30666835, 48.38777589 ], [ 20.30649241, 48.38768553 ], [ 20.30644221, 48.3876431 ], [ 20.30617037, 48.38766996 ], [ 20.30627007, 48.38772011 ], [ 20.30632743, 48.38774904 ], [ 20.30643903, 48.38780524 ], [ 20.30656591, 48.38786475 ], [ 20.30660914, 48.3878851 ], [ 20.30672485, 48.38793939 ], [ 20.30682318, 48.38798516 ], [ 20.30688632, 48.3880145 ], [ 20.30701413, 48.38807404 ], [ 20.30709433, 48.38811081 ], [ 20.30723667, 48.38817588 ], [ 20.30730475, 48.38820739 ], [ 20.30731125, 48.38821035 ], [ 20.30744729, 48.38827328 ], [ 20.30751162, 48.38830293 ], [ 20.30765769, 48.38837013 ], [ 20.307735, 48.38840597 ], [ 20.30788453, 48.38847538 ], [ 20.30856405, 48.38873531 ], [ 20.30923805, 48.38897817 ], [ 20.3098506, 48.38918194 ], [ 20.30996506, 48.38928844 ], [ 20.31000232, 48.38923747 ], [ 20.3100082, 48.38915138 ], [ 20.30979354, 48.38908104 ], [ 20.3097316, 48.38905959 ], [ 20.30961859, 48.38902054 ], [ 20.30961163, 48.3890182 ], [ 20.30939837, 48.38894439 ], [ 20.3090095, 48.38880988 ], [ 20.30813856, 48.38845106 ], [ 20.30802759, 48.38839984 ] ] ] } },
{ "type": "Feature", "properties": { "@featureType": "CadastralParcel", "areaValue": { "value": 1601, "@uom": "m2" }, "beginLifespanVersion": { "@nilReason": "http://inspire.ec.europa.eu/codelist/VoidReasonValue/Unpopulated", "@nil": "true" }, "endLifespanVersion": { "@nilReason": "http://inspire.ec.europa.eu/codelist/VoidReasonValue/Unpopulated", "@nil": "true" }, "inspireId": { "@dataType": "Identifier", "localId": "867543_452/1.C", "namespace": "SK.ESKN.CP", "versionId": "20260703T04:07:15" }, "label": "452/1", "nationalCadastralReference": "867543_452/1.C", "referencePoint": { "type": "Point", "coordinates": [ 20.31010928, 48.38821321 ] }, "validFrom": "2026-06-30T16:00:00Z", "validTo": { "@nilReason": "http://inspire.ec.europa.eu/codelist/VoidReasonValue/Unpopulated", "@nil": "true" }, "administrativeUnit": { "@href": "#auAdmUnitS.505" } }, "geometry": { "type": "Polygon", "coordinates": [ [ [ 20.31001902, 48.38860105 ], [ 20.31002662, 48.38860234 ], [ 20.31009938, 48.38860853 ], [ 20.31010673, 48.38860963 ], [ 20.31023096, 48.38782536 ], [ 20.31031397, 48.38728012 ], [ 20.31037968, 48.38721946 ], [ 20.31020887, 48.38719778 ], [ 20.31010566, 48.3874814 ], [ 20.31001902, 48.38860105 ] ] ] } },
{ "type": "Feature", "properties": { "@featureType": "CadastralParcel", "areaValue": { "value": 4634, "@uom": "m2" }, "beginLifespanVersion": { "@nilReason": "http://inspire.ec.europa.eu/codelist/VoidReasonValue/Unpopulated", "@nil": "true" }, "endLifespanVersion": { "@nilReason": "http://inspire.ec.europa.eu/codelist/VoidReasonValue/Unpopulated", "@nil": "true" }, "inspireId": { "@dataType": "Identifier", "localId": "867543_570.C", "namespace": "SK.ESKN.CP", "versionId": "20260703T04:07:15" }, "label": "570", "nationalCadastralReference": "867543_570.C", "referencePoint": { "type": "Point", "coordinates": [ 20.31055625, 48.38962606 ] }, "validFrom": "2026-06-30T16:00:00Z", "validTo": { "@nilReason": "http://inspire.ec.europa.eu/codelist/VoidReasonValue/Unpopulated", "@nil": "true" }, "administrativeUnit": { "@href": "#auAdmUnitS.505" } }, "geometry": { "type": "Polygon", "coordinates": [ [ [ 20.31103615, 48.39017417 ], [ 20.31116187, 48.38975431 ], [ 20.31073403, 48.38949782 ], [ 20.31013067, 48.38925297 ], [ 20.31019471, 48.38995816 ], [ 20.31103615, 48.39017417 ] ] ] } },
{ "type": "Feature", "properties": { "@featureType": "CadastralParcel", "areaValue": { "value": 3290, "@uom": "m2" }, "beginLifespanVersion": { "@nilReason": "http://inspire.ec.europa.eu/codelist/VoidReasonValue/Unpopulated", "@nil": "true" }, "endLifespanVersion": { "@nilReason": "http://inspire.ec.europa.eu/codelist/VoidReasonValue/Unpopulated", "@nil": "true" }, "inspireId": { "@dataType": "Identifier", "localId": "867543_566/28.C", "namespace": "SK.ESKN.CP", "versionId": "20260703T04:07:15" }, "label": "566/28", "nationalCadastralReference": "867543_566/28.C", "referencePoint": { "type": "Point", "coordinates": [ 20.3112707, 48.39348702 ] }, "validFrom": "2026-06-30T16:00:00Z", "validTo": { "@nilReason": "http://inspire.ec.europa.eu/codelist/VoidReasonValue/Unpopulated", "@nil": "true" }, "administrativeUnit": { "@href": "#auAdmUnitS.505" } }, "geometry": { "type": "Polygon", "coordinates": [ [ [ 20.31057912, 48.3907802 ], [ 20.31049208, 48.39078551 ], [ 20.31049803, 48.3907962 ], [ 20.31063289, 48.39104017 ], [ 20.31075938, 48.39126886 ], [ 20.31083693, 48.39150626 ], [ 20.31090862, 48.39172585 ], [ 20.31093607, 48.39180991 ], [ 20.3109699, 48.39196378 ], [ 20.31102134, 48.39219816 ], [ 20.31107193, 48.39242846 ], [ 20.31112139, 48.39265321 ], [ 20.31116689, 48.39286007 ], [ 20.3111926, 48.39309776 ], [ 20.31121692, 48.39332225 ], [ 20.31124261, 48.39354967 ], [ 20.31130975, 48.39376269 ], [ 20.31136747, 48.39394615 ], [ 20.31143661, 48.3942434 ], [ 20.31145281, 48.39432152 ], [ 20.31148459, 48.39447566 ], [ 20.311525, 48.39460276 ], [ 20.31157554, 48.39476197 ], [ 20.31168203, 48.39508501 ], [ 20.31175413, 48.39537327 ], [ 20.31181587, 48.39561978 ], [ 20.31193085, 48.39611407 ], [ 20.31195326, 48.39621063 ], [ 20.31198355, 48.3961529 ], [ 20.31199682, 48.39609639 ], [ 20.31195274, 48.39591302 ], [ 20.31188154, 48.39561758 ], [ 20.31186896, 48.39556573 ], [ 20.31183777, 48.39543693 ], [ 20.31175355, 48.39508854 ], [ 20.31168114, 48.39486937 ], [ 20.31164552, 48.39476157 ], [ 20.31156327, 48.39448543 ], [ 20.31155931, 48.39447212 ], [ 20.31151041, 48.39424261 ], [ 20.31147219, 48.39405127 ], [ 20.3114616, 48.39399833 ], [ 20.31141203, 48.3938206 ], [ 20.3113268, 48.39358119 ], [ 20.31131098, 48.39353687 ], [ 20.31130075, 48.39343718 ], [ 20.31128721, 48.39330465 ], [ 20.31127364, 48.3931724 ], [ 20.31125534, 48.39299293 ], [ 20.31124128, 48.3928556 ], [ 20.31120484, 48.39268992 ], [ 20.31104998, 48.39198666 ], [ 20.31101828, 48.39184234 ], [ 20.3110119, 48.39181362 ], [ 20.31096999, 48.39168529 ], [ 20.31092202, 48.39153826 ], [ 20.31087128, 48.39138282 ], [ 20.31082887, 48.3912525 ], [ 20.31073481, 48.39107464 ], [ 20.31057912, 48.3907802 ] ] ] } },
{ "type": "Feature", "properties": { "@featureType": "CadastralParcel", "areaValue": { "value": 6545, "@uom": "m2" }, "beginLifespanVersion": { "@nilReason": "http://inspire.ec.europa.eu/codelist/VoidReasonValue/Unpopulated", "@nil": "true" }, "endLifespanVersion": { "@nilReason": "http://inspire.ec.europa.eu/codelist/VoidReasonValue/Unpopulated", "@nil": "true" }, "inspireId": { "@dataType": "Identifier", "localId": "867543_566/38.C", "namespace": "SK.ESKN.CP", "versionId": "20260703T04:07:15" }, "label": "566/38", "nationalCadastralReference": "867543_566/38.C", "referencePoint": { "type": "Point", "coordinates": [ 20.30242673, 48.39624546 ] }, "validFrom": "2026-06-30T16:00:00Z", "validTo": { "@nilReason": "http://inspire.ec.europa.eu/codelist/VoidReasonValue/Unpopulated", "@nil": "true" }, "administrativeUnit": { "@href": "#auAdmUnitS.505" } }, "geometry": { "type": "Polygon", "coordinates": [ [ [ 20.30198113, 48.39664468 ], [ 20.30302121, 48.39659955 ], [ 20.30287062, 48.39583716 ], [ 20.30183219, 48.39589136 ], [ 20.30198113, 48.39664468 ] ] ] } },
{ "type": "Feature", "properties": { "@featureType": "CadastralParcel", "areaValue": { "value": 4184, "@uom": "m2" }, "beginLifespanVersion": { "@nilReason": "http://inspire.ec.europa.eu/codelist/VoidReasonValue/Unpopulated", "@nil": "true" }, "endLifespanVersion": { "@nilReason": "http://inspire.ec.europa.eu/codelist/VoidReasonValue/Unpopulated", "@nil": "true" }, "inspireId": { "@dataType": "Identifier", "localId": "867543_566/56.C", "namespace": "SK.ESKN.CP", "versionId": "20260703T04:07:15" }, "label": "566/56", "nationalCadastralReference": "867543_566/56.C", "referencePoint": { "type": "Point", "coordinates": [ 20.30255044, 48.39687147 ] }, "validFrom": "2026-06-30T16:00:00Z", "validTo": { "@nilReason": "http://inspire.ec.europa.eu/codelist/VoidReasonValue/Unpopulated", "@nil": "true" }, "administrativeUnit": { "@href": "#auAdmUnitS.505" } }, "geometry": { "type": "Polygon", "coordinates": [ [ [ 20.30198113, 48.39664468 ], [ 20.30206961, 48.39709208 ], [ 20.302077, 48.39712922 ], [ 20.30311696, 48.397084 ], [ 20.30309361, 48.39696613 ], [ 20.30305619, 48.3967768 ], [ 20.30304742, 48.3967324 ], [ 20.30302121, 48.39659955 ], [ 20.30198113, 48.39664468 ] ] ] } },
{ "type": "Feature", "properties": { "@featureType": "CadastralParcel", "areaValue": { "value": 963, "@uom": "m2" }, "beginLifespanVersion": { "@nilReason": "http://inspire.ec.europa.eu/codelist/VoidReasonValue/Unpopulated", "@nil": "true" }, "endLifespanVersion": { "@nilReason": "http://inspire.ec.europa.eu/codelist/VoidReasonValue/Unpopulated", "@nil": "true" }, "inspireId": { "@dataType": "Identifier", "localId": "867543_260/1.C", "namespace": "SK.ESKN.CP", "versionId": "20260703T04:07:15" }, "label": "260/1", "nationalCadastralReference": "867543_260/1.C", "referencePoint": { "type": "Point", "coordinates": [ 20.30987996, 48.38884139 ] }, "validFrom": "2026-06-30T16:00:00Z", "validTo": { "@nilReason": "http://inspire.ec.europa.eu/codelist/VoidReasonValue/Unpopulated", "@nil": "true" }, "administrativeUnit": { "@href": "#auAdmUnitS.505" } }, "geometry": { "type": "Polygon", "coordinates": [ [ [ 20.30999397, 48.38866844 ], [ 20.30942773, 48.3885648 ], [ 20.30941425, 48.3887395 ], [ 20.30983811, 48.38881809 ], [ 20.30977911, 48.38905461 ], [ 20.30971603, 48.38903834 ], [ 20.3097316, 48.38905959 ], [ 20.30979354, 48.38908104 ], [ 20.30984707, 48.38905098 ], [ 20.30991866, 48.38886468 ], [ 20.30998847, 48.38868309 ], [ 20.30999397, 48.38866844 ] ] ] } },
{ "type": "Feature", "properties": { "@featureType": "CadastralParcel", "areaValue": { "value": 49489, "@uom": "m2" }, "beginLifespanVersion": { "@nilReason": "http://inspire.ec.europa.eu/codelist/VoidReasonValue/Unpopulated", "@nil": "true" }, "endLifespanVersion": { "@nilReason": "http://inspire.ec.europa.eu/codelist/VoidReasonValue/Unpopulated", "@nil": "true" }, "inspireId": { "@dataType": "Identifier", "localId": "867543_644/7.C", "namespace": "SK.ESKN.CP", "versionId": "20260703T04:07:15" }, "label": "644/7", "nationalCadastralReference": "867543_644/7.C", "referencePoint": { "type": "Point", "coordinates": [ 20.29867867, 48.39203545 ] }, "validFrom": "2026-06-30T16:00:00Z", "validTo": { "@nilReason": "http://inspire.ec.europa.eu/codelist/VoidReasonValue/Unpopulated", "@nil": "true" }, "administrativeUnit": { "@href": "#auAdmUnitS.505" } }, "geometry": { "type": "Polygon", "coordinates": [ [ [ 20.30350911, 48.39943793 ], [ 20.30332294, 48.39927968 ], [ 20.30243505, 48.39874923 ], [ 20.30209116, 48.39849169 ], [ 20.3017349, 48.39800499 ], [ 20.30099084, 48.39575124 ], [ 20.30074469, 48.39534564 ], [ 20.30051133, 48.39500632 ], [ 20.29912704, 48.39372467 ], [ 20.29887084, 48.39326813 ], [ 20.29882931, 48.39301872 ], [ 20.29886028, 48.39241214 ], [ 20.29885726, 48.39166448 ], [ 20.29877995, 48.39129113 ], [ 20.29848974, 48.39085216 ], [ 20.29774353, 48.39000868 ], [ 20.29737723, 48.38950076 ], [ 20.29721589, 48.38907165 ], [ 20.29721429, 48.38853929 ], [ 20.29749888, 48.38704211 ], [ 20.29749311, 48.38641228 ], [ 20.29684704, 48.38456445 ], [ 20.29680737, 48.38414231 ], [ 20.2967957, 48.38408959 ], [ 20.29680332, 48.38403133 ], [ 20.29682294, 48.38400688 ], [ 20.29682685, 48.3839782 ], [ 20.29644261, 48.38395501 ], [ 20.29642901, 48.38400898 ], [ 20.29649348, 48.38455374 ], [ 20.29660242, 48.38486004 ], [ 20.29714599, 48.3863883 ], [ 20.29713882, 48.38702672 ], [ 20.296861, 48.38852822 ], [ 20.29687563, 48.38916642 ], [ 20.29709722, 48.38963134 ], [ 20.29741404, 48.39009037 ], [ 20.29818993, 48.39099098 ], [ 20.29837702, 48.39127523 ], [ 20.29849659, 48.39167377 ], [ 20.29850055, 48.39239714 ], [ 20.29851377, 48.39308033 ], [ 20.29853292, 48.39326488 ], [ 20.29884923, 48.39383191 ], [ 20.30020976, 48.39517831 ], [ 20.30044731, 48.39545842 ], [ 20.3006001, 48.39574844 ], [ 20.30144197, 48.39821517 ], [ 20.30169984, 48.39856816 ], [ 20.302118, 48.39895666 ], [ 20.30271232, 48.39939706 ], [ 20.30350911, 48.39943793 ] ] ] } },
{ "type": "Feature", "properties": { "@featureType": "CadastralParcel", "areaValue": { "value": 238063, "@uom": "m2" }, "beginLifespanVersion": { "@nilReason": "http://inspire.ec.europa.eu/codelist/VoidReasonValue/Unpopulated", "@nil": "true" }, "endLifespanVersion": { "@nilReason": "http://inspire.ec.europa.eu/codelist/VoidReasonValue/Unpopulated", "@nil": "true" }, "inspireId": { "@dataType": "Identifier", "localId": "867543_644/5.C", "namespace": "SK.ESKN.CP", "versionId": "20260703T04:07:15" }, "label": "644/5", "nationalCadastralReference": "867543_644/5.C", "referencePoint": { "type": "Point", "coordinates": [ 20.29809261, 48.38044467 ] }, "validFrom": "2026-06-30T16:00:00Z", "validTo": { "@nilReason": "http://inspire.ec.europa.eu/codelist/VoidReasonValue/Unpopulated", "@nil": "true" }, "administrativeUnit": { "@href": "#auAdmUnitS.505" } }, "geometry": { "type": "Polygon", "coordinates": [ [ [ 20.30099084, 48.39575124 ], [ 20.3017349, 48.39800499 ], [ 20.30209116, 48.39849169 ], [ 20.30243505, 48.39874923 ], [ 20.30332294, 48.39927968 ], [ 20.30350911, 48.39943793 ], [ 20.30399169, 48.39946272 ], [ 20.30424799, 48.39947588 ], [ 20.3042756, 48.39947733 ], [ 20.30407389, 48.39921369 ], [ 20.30278536, 48.39846581 ], [ 20.30245917, 48.39808986 ], [ 20.3021936, 48.39759052 ], [ 20.30214463, 48.39747174 ], [ 20.30213295, 48.39741289 ], [ 20.302077, 48.39712922 ], [ 20.30206961, 48.39709208 ], [ 20.30198113, 48.39664468 ], [ 20.30183219, 48.39589136 ], [ 20.30178394, 48.39564737 ], [ 20.30148063, 48.39514212 ], [ 20.30099803, 48.39462215 ], [ 20.2998453, 48.39368165 ], [ 20.29942272, 48.39308042 ], [ 20.29949237, 48.39256817 ], [ 20.29953491, 48.39241687 ], [ 20.29951243, 48.39147122 ], [ 20.2994077, 48.39113084 ], [ 20.29924819, 48.39088471 ], [ 20.29910869, 48.39071315 ], [ 20.29844189, 48.39019184 ], [ 20.29814857, 48.38998863 ], [ 20.29785114, 48.3896538 ], [ 20.29784931, 48.38928361 ], [ 20.29792305, 48.38875737 ], [ 20.29806779, 48.38772354 ], [ 20.29827341, 48.38625612 ], [ 20.2983387, 48.38578983 ], [ 20.29830066, 48.38547389 ], [ 20.29825558, 48.38520371 ], [ 20.29806009, 48.38446061 ], [ 20.29793281, 48.38428431 ], [ 20.29793068, 48.38422918 ], [ 20.2979134, 48.38419687 ], [ 20.29786962, 48.38414929 ], [ 20.29785305, 48.38412872 ], [ 20.29784307, 48.3840858 ], [ 20.2978471, 48.38405731 ], [ 20.29785914, 48.38402985 ], [ 20.29775426, 48.38392715 ], [ 20.29775067, 48.38363455 ], [ 20.29783193, 48.38309212 ], [ 20.29780755, 48.38302557 ], [ 20.2978518, 48.38293866 ], [ 20.29785898, 48.38278659 ], [ 20.29787974, 48.3827083 ], [ 20.29790022, 48.38262253 ], [ 20.29824237, 48.38155414 ], [ 20.29819367, 48.38123795 ], [ 20.29844704, 48.3804924 ], [ 20.29838829, 48.38007644 ], [ 20.29830946, 48.37972032 ], [ 20.29659073, 48.37732659 ], [ 20.29651425, 48.37722554 ], [ 20.29631976, 48.37697802 ], [ 20.29623351, 48.37680893 ], [ 20.29618084, 48.37667738 ], [ 20.29614872, 48.3764487 ], [ 20.29624641, 48.37615632 ], [ 20.29642305, 48.37591904 ], [ 20.29732918, 48.37519953 ], [ 20.29757425, 48.37486485 ], [ 20.29767006, 48.37453428 ], [ 20.29746526, 48.37351782 ], [ 20.29745776, 48.37322065 ], [ 20.29747538, 48.37304989 ], [ 20.29830196, 48.37213388 ], [ 20.29858936, 48.37171681 ], [ 20.29902637, 48.37059946 ], [ 20.29905663, 48.37052218 ], [ 20.29906102, 48.37051091 ], [ 20.29957326, 48.36943076 ], [ 20.30029201, 48.36785872 ], [ 20.300905, 48.3665527 ], [ 20.3010093, 48.36645329 ], [ 20.30119486, 48.36626105 ], [ 20.30165027, 48.36606449 ], [ 20.30197956, 48.36597567 ], [ 20.30383126, 48.36575498 ], [ 20.30432062, 48.36566021 ], [ 20.30519533, 48.36542368 ], [ 20.30527791, 48.36539963 ], [ 20.3063082, 48.36492894 ], [ 20.3067776, 48.36450893 ], [ 20.30697111, 48.36435167 ], [ 20.30705121, 48.36429311 ], [ 20.3076126, 48.36374753 ], [ 20.30793174, 48.36317843 ], [ 20.30837916, 48.36141492 ], [ 20.30829247, 48.36139384 ], [ 20.3082447, 48.36138827 ], [ 20.30824136, 48.36138787 ], [ 20.308215, 48.36138476 ], [ 20.308179, 48.36138055 ], [ 20.30814716, 48.36137677 ], [ 20.3077994, 48.36133604 ], [ 20.30776354, 48.36133183 ], [ 20.30773384, 48.36132832 ], [ 20.3073406, 48.36305243 ], [ 20.30681334, 48.36381839 ], [ 20.30556303, 48.36478929 ], [ 20.30494459, 48.36511368 ], [ 20.30426242, 48.36526797 ], [ 20.3027505, 48.36542044 ], [ 20.30164433, 48.3656262 ], [ 20.30104196, 48.36582408 ], [ 20.30069366, 48.36603099 ], [ 20.30036523, 48.36636869 ], [ 20.29926845, 48.36858704 ], [ 20.29816708, 48.37134849 ], [ 20.29751533, 48.3721249 ], [ 20.29735434, 48.37229747 ], [ 20.29687087, 48.37317945 ], [ 20.29692305, 48.37368282 ], [ 20.29708257, 48.37457109 ], [ 20.29682349, 48.37494161 ], [ 20.29570908, 48.37589381 ], [ 20.29551765, 48.37625313 ], [ 20.29553394, 48.37675238 ], [ 20.29575555, 48.37719819 ], [ 20.29763011, 48.3797463 ], [ 20.29775927, 48.38039695 ], [ 20.297002, 48.38291574 ], [ 20.29696368, 48.38296946 ], [ 20.29683165, 48.38394244 ], [ 20.29682685, 48.3839782 ], [ 20.29682294, 48.38400688 ], [ 20.29680332, 48.38403133 ], [ 20.2967957, 48.38408959 ], [ 20.29680737, 48.38414231 ], [ 20.29684704, 48.38456445 ], [ 20.29749311, 48.38641228 ], [ 20.29749888, 48.38704211 ], [ 20.29721429, 48.38853929 ], [ 20.29721589, 48.38907165 ], [ 20.29737723, 48.38950076 ], [ 20.29774353, 48.39000868 ], [ 20.29848974, 48.39085216 ], [ 20.29877995, 48.39129113 ], [ 20.29885726, 48.39166448 ], [ 20.29886028, 48.39241214 ], [ 20.29882931, 48.39301872 ], [ 20.29887084, 48.39326813 ], [ 20.29912704, 48.39372467 ], [ 20.30051133, 48.39500632 ], [ 20.30074469, 48.39534564 ], [ 20.30099084, 48.39575124 ] ] ] } },
{ "type": "Feature", "properties": { "@featureType": "CadastralParcel", "areaValue": { "value": 6371, "@uom": "m2" }, "beginLifespanVersion": { "@nilReason": "http://inspire.ec.europa.eu/codelist/VoidReasonValue/Unpopulated", "@nil": "true" }, "endLifespanVersion": { "@nilReason": "http://inspire.ec.europa.eu/codelist/VoidReasonValue/Unpopulated", "@nil": "true" }, "inspireId": { "@dataType": "Identifier", "localId": "867543_943/3.E", "namespace": "SK.ESKN.CP", "versionId": "20260703T04:07:15" }, "label": "943/3", "nationalCadastralReference": "867543_943/3.E", "referencePoint": { "type": "Point", "coordinates": [ 20.30466386, 48.39765994 ] }, "validFrom": "2026-06-30T16:00:00Z", "validTo": { "@nilReason": "http://inspire.ec.europa.eu/codelist/VoidReasonValue/Unpopulated", "@nil": "true" }, "administrativeUnit": { "@href": "#auAdmUnitS.505" } }, "geometry": { "type": "Polygon", "coordinates": [ [ [ 20.30233235, 48.39785142 ], [ 20.30703463, 48.39763687 ], [ 20.30700535, 48.39748525 ], [ 20.30524572, 48.39755838 ], [ 20.30224288, 48.39768301 ], [ 20.30233235, 48.39785142 ] ] ] } },
{ "type": "Feature", "properties": { "@featureType": "CadastralParcel", "areaValue": { "value": 6371, "@uom": "m2" }, "beginLifespanVersion": { "@nilReason": "http://inspire.ec.europa.eu/codelist/VoidReasonValue/Unpopulated", "@nil": "true" }, "endLifespanVersion": { "@nilReason": "http://inspire.ec.europa.eu/codelist/VoidReasonValue/Unpopulated", "@nil": "true" }, "inspireId": { "@dataType": "Identifier", "localId": "867543_943/2.E", "namespace": "SK.ESKN.CP", "versionId": "20260703T04:07:15" }, "label": "943/2", "nationalCadastralReference": "867543_943/2.E", "referencePoint": { "type": "Point", "coordinates": [ 20.30469907, 48.39782571 ] }, "validFrom": "2026-06-30T16:00:00Z", "validTo": { "@nilReason": "http://inspire.ec.europa.eu/codelist/VoidReasonValue/Unpopulated", "@nil": "true" }, "administrativeUnit": { "@href": "#auAdmUnitS.505" } }, "geometry": { "type": "Polygon", "coordinates": [ [ [ 20.30233235, 48.39785142 ], [ 20.30241779, 48.39801201 ], [ 20.30706601, 48.39780001 ], [ 20.30703463, 48.39763687 ], [ 20.30233235, 48.39785142 ] ] ] } },
{ "type": "Feature", "properties": { "@featureType": "CadastralParcel", "areaValue": { "value": 8524, "@uom": "m2" }, "beginLifespanVersion": { "@nilReason": "http://inspire.ec.europa.eu/codelist/VoidReasonValue/Unpopulated", "@nil": "true" }, "endLifespanVersion": { "@nilReason": "http://inspire.ec.europa.eu/codelist/VoidReasonValue/Unpopulated", "@nil": "true" }, "inspireId": { "@dataType": "Identifier", "localId": "867543_981/14.E", "namespace": "SK.ESKN.CP", "versionId": "20260703T04:07:15" }, "label": "981/14", "nationalCadastralReference": "867543_981/14.E", "referencePoint": { "type": "Point", "coordinates": [ 20.31514465, 48.3921405 ] }, "validFrom": "2026-06-30T16:00:00Z", "validTo": { "@nilReason": "http://inspire.ec.europa.eu/codelist/VoidReasonValue/Unpopulated", "@nil": "true" }, "administrativeUnit": { "@href": "#auAdmUnitS.505" } }, "geometry": { "type": "Polygon", "coordinates": [ [ [ 20.31935246, 48.39300783 ], [ 20.3193569, 48.39289817 ], [ 20.31082065, 48.39123695 ], [ 20.31082887, 48.3912525 ], [ 20.31087128, 48.39138282 ], [ 20.31935246, 48.39300783 ] ] ] } },
{ "type": "Feature", "properties": { "@featureType": "CadastralParcel", "areaValue": { "value": 8524, "@uom": "m2" }, "beginLifespanVersion": { "@nilReason": "http://inspire.ec.europa.eu/codelist/VoidReasonValue/Unpopulated", "@nil": "true" }, "endLifespanVersion": { "@nilReason": "http://inspire.ec.europa.eu/codelist/VoidReasonValue/Unpopulated", "@nil": "true" }, "inspireId": { "@dataType": "Identifier", "localId": "867543_981/13.E", "namespace": "SK.ESKN.CP", "versionId": "20260703T04:07:15" }, "label": "981/13", "nationalCadastralReference": "867543_981/13.E", "referencePoint": { "type": "Point", "coordinates": [ 20.31519028, 48.39227304 ] }, "validFrom": "2026-06-30T16:00:00Z", "validTo": { "@nilReason": "http://inspire.ec.europa.eu/codelist/VoidReasonValue/Unpopulated", "@nil": "true" }, "administrativeUnit": { "@href": "#auAdmUnitS.505" } }, "geometry": { "type": "Polygon", "coordinates": [ [ [ 20.31092202, 48.39153826 ], [ 20.31934835, 48.39310929 ], [ 20.31935246, 48.39300783 ], [ 20.31087128, 48.39138282 ], [ 20.31092202, 48.39153826 ] ] ] } },
{ "type": "Feature", "properties": { "@featureType": "CadastralParcel", "areaValue": { "value": 12786, "@uom": "m2" }, "beginLifespanVersion": { "@nilReason": "http://inspire.ec.europa.eu/codelist/VoidReasonValue/Unpopulated", "@nil": "true" }, "endLifespanVersion": { "@nilReason": "http://inspire.ec.europa.eu/codelist/VoidReasonValue/Unpopulated", "@nil": "true" }, "inspireId": { "@dataType": "Identifier", "localId": "867543_981/17.E", "namespace": "SK.ESKN.CP", "versionId": "20260703T04:07:15" }, "label": "981/17", "nationalCadastralReference": "867543_981/17.E", "referencePoint": { "type": "Point", "coordinates": [ 20.31499459, 48.39154167 ] }, "validFrom": "2026-06-30T16:00:00Z", "validTo": { "@nilReason": "http://inspire.ec.europa.eu/codelist/VoidReasonValue/Unpopulated", "@nil": "true" }, "administrativeUnit": { "@href": "#auAdmUnitS.505" } }, "geometry": { "type": "Polygon", "coordinates": [ [ [ 20.31937119, 48.39254736 ], [ 20.31937892, 48.39239594 ], [ 20.31035538, 48.39045542 ], [ 20.31051512, 48.3906874 ], [ 20.31937119, 48.39254736 ] ] ] } },
{ "type": "Feature", "properties": { "@featureType": "CadastralParcel", "areaValue": { "value": 38358, "@uom": "m2" }, "beginLifespanVersion": { "@nilReason": "http://inspire.ec.europa.eu/codelist/VoidReasonValue/Unpopulated", "@nil": "true" }, "endLifespanVersion": { "@nilReason": "http://inspire.ec.europa.eu/codelist/VoidReasonValue/Unpopulated", "@nil": "true" }, "inspireId": { "@dataType": "Identifier", "localId": "867543_981/9.E", "namespace": "SK.ESKN.CP", "versionId": "20260703T04:07:15" }, "label": "981/9", "nationalCadastralReference": "867543_981/9.E", "referencePoint": { "type": "Point", "coordinates": [ 20.31546113, 48.39306295 ] }, "validFrom": "2026-06-30T16:00:00Z", "validTo": { "@nilReason": "http://inspire.ec.europa.eu/codelist/VoidReasonValue/Unpopulated", "@nil": "true" }, "administrativeUnit": { "@href": "#auAdmUnitS.505" } }, "geometry": { "type": "Polygon", "coordinates": [ [ [ 20.31933143, 48.3938976 ], [ 20.31934133, 48.39343598 ], [ 20.31104998, 48.39198666 ], [ 20.31120484, 48.39268992 ], [ 20.31933143, 48.3938976 ] ] ] } },
{ "type": "Feature", "properties": { "@featureType": "CadastralParcel", "areaValue": { "value": 8524, "@uom": "m2" }, "beginLifespanVersion": { "@nilReason": "http://inspire.ec.europa.eu/codelist/VoidReasonValue/Unpopulated", "@nil": "true" }, "endLifespanVersion": { "@nilReason": "http://inspire.ec.europa.eu/codelist/VoidReasonValue/Unpopulated", "@nil": "true" }, "inspireId": { "@dataType": "Identifier", "localId": "867543_981/2.E", "namespace": "SK.ESKN.CP", "versionId": "20260703T04:07:15" }, "label": "981/2", "nationalCadastralReference": "867543_981/2.E", "referencePoint": { "type": "Point", "coordinates": [ 20.3155221, 48.39441053 ] }, "validFrom": "2026-06-30T16:00:00Z", "validTo": { "@nilReason": "http://inspire.ec.europa.eu/codelist/VoidReasonValue/Unpopulated", "@nil": "true" }, "administrativeUnit": { "@href": "#auAdmUnitS.505" } }, "geometry": { "type": "Polygon", "coordinates": [ [ [ 20.31930623, 48.39491687 ], [ 20.31931145, 48.39482274 ], [ 20.31141203, 48.3938206 ], [ 20.31141279, 48.39382261 ], [ 20.3114616, 48.39399833 ], [ 20.31930623, 48.39491687 ] ] ] } },
{ "type": "Feature", "properties": { "@featureType": "CadastralParcel", "areaValue": { "value": 1275, "@uom": "m2" }, "beginLifespanVersion": { "@nilReason": "http://inspire.ec.europa.eu/codelist/VoidReasonValue/Unpopulated", "@nil": "true" }, "endLifespanVersion": { "@nilReason": "http://inspire.ec.europa.eu/codelist/VoidReasonValue/Unpopulated", "@nil": "true" }, "inspireId": { "@dataType": "Identifier", "localId": "867543_136.E", "namespace": "SK.ESKN.CP", "versionId": "20260703T04:07:15" }, "label": "136", "nationalCadastralReference": "867543_136.E", "referencePoint": { "type": "Point", "coordinates": [ 20.310207, 48.3882175 ] }, "validFrom": "2026-06-30T16:00:00Z", "validTo": { "@nilReason": "http://inspire.ec.europa.eu/codelist/VoidReasonValue/Unpopulated", "@nil": "true" }, "administrativeUnit": { "@href": "#auAdmUnitS.505" } }, "geometry": { "type": "Polygon", "coordinates": [ [ [ 20.31031397, 48.38728012 ], [ 20.31023096, 48.38782536 ], [ 20.31010673, 48.38860963 ], [ 20.31010049, 48.38863417 ], [ 20.31009466, 48.38865105 ], [ 20.31008995, 48.38866456 ], [ 20.31008447, 48.38868057 ], [ 20.31007864, 48.38869746 ], [ 20.3100082, 48.38915138 ], [ 20.31010123, 48.38918829 ], [ 20.31039504, 48.38720646 ], [ 20.31037968, 48.38721946 ], [ 20.31031397, 48.38728012 ] ] ] } },
{ "type": "Feature", "properties": { "@featureType": "CadastralParcel", "areaValue": { "value": 8524, "@uom": "m2" }, "beginLifespanVersion": { "@nilReason": "http://inspire.ec.europa.eu/codelist/VoidReasonValue/Unpopulated", "@nil": "true" }, "endLifespanVersion": { "@nilReason": "http://inspire.ec.europa.eu/codelist/VoidReasonValue/Unpopulated", "@nil": "true" }, "inspireId": { "@dataType": "Identifier", "localId": "867543_981/6.E", "namespace": "SK.ESKN.CP", "versionId": "20260703T04:07:15" }, "label": "981/6", "nationalCadastralReference": "867543_981/6.E", "referencePoint": { "type": "Point", "coordinates": [ 20.31530528, 48.39378986 ] }, "validFrom": "2026-06-30T16:00:00Z", "validTo": { "@nilReason": "http://inspire.ec.europa.eu/codelist/VoidReasonValue/Unpopulated", "@nil": "true" }, "administrativeUnit": { "@href": "#auAdmUnitS.505" } }, "geometry": { "type": "Polygon", "coordinates": [ [ [ 20.3193233, 48.39427506 ], [ 20.31127364, 48.3931724 ], [ 20.31128721, 48.39330465 ], [ 20.31932044, 48.39440505 ], [ 20.3193233, 48.39427506 ] ] ] } },
{ "type": "Feature", "properties": { "@featureType": "CadastralParcel", "areaValue": { "value": 8524, "@uom": "m2" }, "beginLifespanVersion": { "@nilReason": "http://inspire.ec.europa.eu/codelist/VoidReasonValue/Unpopulated", "@nil": "true" }, "endLifespanVersion": { "@nilReason": "http://inspire.ec.europa.eu/codelist/VoidReasonValue/Unpopulated", "@nil": "true" }, "inspireId": { "@dataType": "Identifier", "localId": "867543_981/20.E", "namespace": "SK.ESKN.CP", "versionId": "20260703T04:07:15" }, "label": "981/20", "nationalCadastralReference": "867543_981/20.E", "referencePoint": { "type": "Point", "coordinates": [ 20.31579548, 48.39135075 ] }, "validFrom": "2026-06-30T16:00:00Z", "validTo": { "@nilReason": "http://inspire.ec.europa.eu/codelist/VoidReasonValue/Unpopulated", "@nil": "true" }, "administrativeUnit": { "@href": "#auAdmUnitS.505" } }, "geometry": { "type": "Polygon", "coordinates": [ [ [ 20.31939377, 48.39213506 ], [ 20.31260933, 48.39055141 ], [ 20.31256742, 48.39056643 ], [ 20.3122208, 48.39048919 ], [ 20.31124507, 48.39022384 ], [ 20.31111611, 48.390203 ], [ 20.3110216, 48.39019631 ], [ 20.31020264, 48.3899846 ], [ 20.31025324, 48.39015372 ], [ 20.31938802, 48.39221529 ], [ 20.31939377, 48.39213506 ] ] ] } },
{ "type": "Feature", "properties": { "@featureType": "CadastralParcel", "areaValue": { "value": 8524, "@uom": "m2" }, "beginLifespanVersion": { "@nilReason": "http://inspire.ec.europa.eu/codelist/VoidReasonValue/Unpopulated", "@nil": "true" }, "endLifespanVersion": { "@nilReason": "http://inspire.ec.europa.eu/codelist/VoidReasonValue/Unpopulated", "@nil": "true" }, "inspireId": { "@dataType": "Identifier", "localId": "867543_981/12.E", "namespace": "SK.ESKN.CP", "versionId": "20260703T04:07:15" }, "label": "981/12", "nationalCadastralReference": "867543_981/12.E", "referencePoint": { "type": "Point", "coordinates": [ 20.31519232, 48.39239729 ] }, "validFrom": "2026-06-30T16:00:00Z", "validTo": { "@nilReason": "http://inspire.ec.europa.eu/codelist/VoidReasonValue/Unpopulated", "@nil": "true" }, "administrativeUnit": { "@href": "#auAdmUnitS.505" } }, "geometry": { "type": "Polygon", "coordinates": [ [ [ 20.31934596, 48.39322029 ], [ 20.31934835, 48.39310929 ], [ 20.31092202, 48.39153826 ], [ 20.31096999, 48.39168529 ], [ 20.31934596, 48.39322029 ] ] ] } },
{ "type": "Feature", "properties": { "@featureType": "CadastralParcel", "areaValue": { "value": 600, "@uom": "m2" }, "beginLifespanVersion": { "@nilReason": "http://inspire.ec.europa.eu/codelist/VoidReasonValue/Unpopulated", "@nil": "true" }, "endLifespanVersion": { "@nilReason": "http://inspire.ec.europa.eu/codelist/VoidReasonValue/Unpopulated", "@nil": "true" }, "inspireId": { "@dataType": "Identifier", "localId": "867543_981/24.E", "namespace": "SK.ESKN.CP", "versionId": "20260703T04:07:15" }, "label": "981/24", "nationalCadastralReference": "867543_981/24.E", "referencePoint": { "type": "Point", "coordinates": [ 20.31154961, 48.39029337 ] }, "validFrom": "2026-06-30T16:00:00Z", "validTo": { "@nilReason": "http://inspire.ec.europa.eu/codelist/VoidReasonValue/Unpopulated", "@nil": "true" }, "administrativeUnit": { "@href": "#auAdmUnitS.505" } }, "geometry": { "type": "Polygon", "coordinates": [ [ [ 20.31124507, 48.39022384 ], [ 20.3122208, 48.39048919 ], [ 20.31256742, 48.39056643 ], [ 20.31260933, 48.39055141 ], [ 20.31291208, 48.39044304 ], [ 20.31319597, 48.39034141 ], [ 20.31314463, 48.39032858 ], [ 20.31286441, 48.39043153 ], [ 20.3125628, 48.39054229 ], [ 20.31224392, 48.39046946 ], [ 20.31146942, 48.39025817 ], [ 20.31126351, 48.39020195 ], [ 20.31117624, 48.39018698 ], [ 20.31111535, 48.39017648 ], [ 20.31103615, 48.39017417 ], [ 20.31019471, 48.38995816 ], [ 20.31020264, 48.3899846 ], [ 20.3110216, 48.39019631 ], [ 20.31111611, 48.390203 ], [ 20.31124507, 48.39022384 ] ] ] } },
{ "type": "Feature", "properties": { "@featureType": "CadastralParcel", "areaValue": { "value": 5699, "@uom": "m2" }, "beginLifespanVersion": { "@nilReason": "http://inspire.ec.europa.eu/codelist/VoidReasonValue/Unpopulated", "@nil": "true" }, "endLifespanVersion": { "@nilReason": "http://inspire.ec.europa.eu/codelist/VoidReasonValue/Unpopulated", "@nil": "true" }, "inspireId": { "@dataType": "Identifier", "localId": "867543_1114.E", "namespace": "SK.ESKN.CP", "versionId": "20260703T04:07:15" }, "label": "1114", "nationalCadastralReference": "867543_1114.E", "referencePoint": { "type": "Point", "coordinates": [ 20.30466609, 48.39917845 ] }, "validFrom": "2026-06-30T16:00:00Z", "validTo": { "@nilReason": "http://inspire.ec.europa.eu/codelist/VoidReasonValue/Unpopulated", "@nil": "true" }, "administrativeUnit": { "@href": "#auAdmUnitS.505" } }, "geometry": { "type": "Polygon", "coordinates": [ [ [ 20.30504829, 48.3990099 ], [ 20.30470297, 48.39892809 ], [ 20.30442966, 48.39891453 ], [ 20.30398169, 48.39897535 ], [ 20.30374362, 48.39902201 ], [ 20.30407389, 48.39921369 ], [ 20.3042756, 48.39947733 ], [ 20.30427883, 48.39947746 ], [ 20.30435752, 48.39947813 ], [ 20.30553672, 48.39948801 ], [ 20.30552305, 48.39932962 ], [ 20.30527145, 48.39914321 ], [ 20.30504829, 48.3990099 ] ], [ [ 20.30451973, 48.39938694 ], [ 20.30450624, 48.39938641 ], [ 20.30450704, 48.39937743 ], [ 20.30452052, 48.39937797 ], [ 20.30451973, 48.39938694 ] ] ] } },
{ "type": "Feature", "properties": { "@featureType": "CadastralParcel", "areaValue": { "value": 8390, "@uom": "m2" }, "beginLifespanVersion": { "@nilReason": "http://inspire.ec.europa.eu/codelist/VoidReasonValue/Unpopulated", "@nil": "true" }, "endLifespanVersion": { "@nilReason": "http://inspire.ec.europa.eu/codelist/VoidReasonValue/Unpopulated", "@nil": "true" }, "inspireId": { "@dataType": "Identifier", "localId": "867543_1115.E", "namespace": "SK.ESKN.CP", "versionId": "20260703T04:07:15" }, "label": "1115", "nationalCadastralReference": "867543_1115.E", "referencePoint": { "type": "Point", "coordinates": [ 20.30551052, 48.39904932 ] }, "validFrom": "2026-06-30T16:00:00Z", "validTo": { "@nilReason": "http://inspire.ec.europa.eu/codelist/VoidReasonValue/Unpopulated", "@nil": "true" }, "administrativeUnit": { "@href": "#auAdmUnitS.505" } }, "geometry": { "type": "Polygon", "coordinates": [ [ [ 20.30461562, 48.39859255 ], [ 20.30354607, 48.39873906 ], [ 20.30333605, 48.39873637 ], [ 20.30311061, 48.3986546 ], [ 20.30374362, 48.39902201 ], [ 20.30398169, 48.39897535 ], [ 20.30442966, 48.39891453 ], [ 20.30470297, 48.39892809 ], [ 20.30504829, 48.3990099 ], [ 20.30527145, 48.39914321 ], [ 20.30552305, 48.39932962 ], [ 20.30553672, 48.39948801 ], [ 20.30626069, 48.39949419 ], [ 20.30610886, 48.39924927 ], [ 20.30594155, 48.39907663 ], [ 20.30578042, 48.39895009 ], [ 20.3056137, 48.39884991 ], [ 20.30537072, 48.39871429 ], [ 20.30526092, 48.39866942 ], [ 20.30484688, 48.39860734 ], [ 20.30461562, 48.39859255 ] ] ] } },
{ "type": "Feature", "properties": { "@featureType": "CadastralParcel", "areaValue": { "value": 17528, "@uom": "m2" }, "beginLifespanVersion": { "@nilReason": "http://inspire.ec.europa.eu/codelist/VoidReasonValue/Unpopulated", "@nil": "true" }, "endLifespanVersion": { "@nilReason": "http://inspire.ec.europa.eu/codelist/VoidReasonValue/Unpopulated", "@nil": "true" }, "inspireId": { "@dataType": "Identifier", "localId": "867543_5948/2.E", "namespace": "SK.ESKN.CP", "versionId": "20260703T04:07:15" }, "label": "5948/2", "nationalCadastralReference": "867543_5948/2.E", "referencePoint": { "type": "Point", "coordinates": [ 20.30782203, 48.39466033 ] }, "validFrom": "2026-06-30T16:00:00Z", "validTo": { "@nilReason": "http://inspire.ec.europa.eu/codelist/VoidReasonValue/Unpopulated", "@nil": "true" }, "administrativeUnit": { "@href": "#auAdmUnitS.505" } }, "geometry": { "type": "Polygon", "coordinates": [ [ [ 20.30406049, 48.39488119 ], [ 20.30397455, 48.39501088 ], [ 20.311525, 48.39460276 ], [ 20.31148459, 48.39447566 ], [ 20.31145281, 48.39432152 ], [ 20.30411896, 48.39471789 ], [ 20.30406049, 48.39488119 ] ] ] } },
{ "type": "Feature", "properties": { "@featureType": "CadastralParcel", "areaValue": { "value": 10000, "@uom": "m2" }, "beginLifespanVersion": { "@nilReason": "http://inspire.ec.europa.eu/codelist/VoidReasonValue/Unpopulated", "@nil": "true" }, "endLifespanVersion": { "@nilReason": "http://inspire.ec.europa.eu/codelist/VoidReasonValue/Unpopulated", "@nil": "true" }, "inspireId": { "@dataType": "Identifier", "localId": "867543_5956/32.E", "namespace": "SK.ESKN.CP", "versionId": "20260703T04:07:15" }, "label": "5956/32", "nationalCadastralReference": "867543_5956/32.E", "referencePoint": { "type": "Point", "coordinates": [ 20.31570143, 48.39622275 ] }, "validFrom": "2026-06-30T16:00:00Z", "validTo": { "@nilReason": "http://inspire.ec.europa.eu/codelist/VoidReasonValue/Unpopulated", "@nil": "true" }, "administrativeUnit": { "@href": "#auAdmUnitS.505" } }, "geometry": { "type": "Polygon", "coordinates": [ [ [ 20.31925081, 48.39634912 ], [ 20.31195274, 48.39591302 ], [ 20.31199682, 48.39609639 ], [ 20.3192453, 48.3964999 ], [ 20.31925081, 48.39634912 ] ] ] } },
{ "type": "Feature", "properties": { "@featureType": "CadastralParcel", "areaValue": { "value": 38212, "@uom": "m2" }, "beginLifespanVersion": { "@nilReason": "http://inspire.ec.europa.eu/codelist/VoidReasonValue/Unpopulated", "@nil": "true" }, "endLifespanVersion": { "@nilReason": "http://inspire.ec.europa.eu/codelist/VoidReasonValue/Unpopulated", "@nil": "true" }, "inspireId": { "@dataType": "Identifier", "localId": "867543_5957/1.E", "namespace": "SK.ESKN.CP", "versionId": "20260703T04:07:15" }, "label": "5957/1", "nationalCadastralReference": "867543_5957/1.E", "referencePoint": { "type": "Point", "coordinates": [ 20.31541127, 48.39546165 ] }, "validFrom": "2026-06-30T16:00:00Z", "validTo": { "@nilReason": "http://inspire.ec.europa.eu/codelist/VoidReasonValue/Unpopulated", "@nil": "true" }, "administrativeUnit": { "@href": "#auAdmUnitS.505" } }, "geometry": { "type": "Polygon", "coordinates": [ [ [ 20.31927781, 48.39562418 ], [ 20.31928339, 48.39548637 ], [ 20.31168114, 48.39486937 ], [ 20.31175355, 48.39508854 ], [ 20.31183777, 48.39543693 ], [ 20.31186896, 48.39556573 ], [ 20.3192621, 48.39603684 ], [ 20.31926941, 48.39583666 ], [ 20.31927781, 48.39562418 ] ] ] } },
{ "type": "Feature", "properties": { "@featureType": "CadastralParcel", "areaValue": { "value": 18454, "@uom": "m2" }, "beginLifespanVersion": { "@nilReason": "http://inspire.ec.europa.eu/codelist/VoidReasonValue/Unpopulated", "@nil": "true" }, "endLifespanVersion": { "@nilReason": "http://inspire.ec.europa.eu/codelist/VoidReasonValue/Unpopulated", "@nil": "true" }, "inspireId": { "@dataType": "Identifier", "localId": "867543_5957/2.E", "namespace": "SK.ESKN.CP", "versionId": "20260703T04:07:15" }, "label": "5957/2", "nationalCadastralReference": "867543_5957/2.E", "referencePoint": { "type": "Point", "coordinates": [ 20.31575056, 48.39507411 ] }, "validFrom": "2026-06-30T16:00:00Z", "validTo": { "@nilReason": "http://inspire.ec.europa.eu/codelist/VoidReasonValue/Unpopulated", "@nil": "true" }, "administrativeUnit": { "@href": "#auAdmUnitS.505" } }, "geometry": { "type": "Polygon", "coordinates": [ [ [ 20.31928931, 48.39533704 ], [ 20.31929162, 48.39527884 ], [ 20.31156327, 48.39448543 ], [ 20.31164552, 48.39476157 ], [ 20.31168114, 48.39486937 ], [ 20.31928339, 48.39548637 ], [ 20.31928931, 48.39533704 ] ] ] } },
{ "type": "Feature", "properties": { "@featureType": "CadastralParcel", "areaValue": { "value": 23496, "@uom": "m2" }, "beginLifespanVersion": { "@nilReason": "http://inspire.ec.europa.eu/codelist/VoidReasonValue/Unpopulated", "@nil": "true" }, "endLifespanVersion": { "@nilReason": "http://inspire.ec.europa.eu/codelist/VoidReasonValue/Unpopulated", "@nil": "true" }, "inspireId": { "@dataType": "Identifier", "localId": "867543_5957/3.E", "namespace": "SK.ESKN.CP", "versionId": "20260703T04:07:15" }, "label": "5957/3", "nationalCadastralReference": "867543_5957/3.E", "referencePoint": { "type": "Point", "coordinates": [ 20.31558706, 48.39472988 ] }, "validFrom": "2026-06-30T16:00:00Z", "validTo": { "@nilReason": "http://inspire.ec.europa.eu/codelist/VoidReasonValue/Unpopulated", "@nil": "true" }, "administrativeUnit": { "@href": "#auAdmUnitS.505" } }, "geometry": { "type": "Polygon", "coordinates": [ [ [ 20.31929162, 48.39527884 ], [ 20.31930371, 48.39497434 ], [ 20.31147219, 48.39405127 ], [ 20.31151041, 48.39424261 ], [ 20.31155931, 48.39447212 ], [ 20.31156327, 48.39448543 ], [ 20.31929162, 48.39527884 ] ] ] } },
{ "type": "Feature", "properties": { "@featureType": "CadastralParcel", "areaValue": { "value": 3532, "@uom": "m2" }, "beginLifespanVersion": { "@nilReason": "http://inspire.ec.europa.eu/codelist/VoidReasonValue/Unpopulated", "@nil": "true" }, "endLifespanVersion": { "@nilReason": "http://inspire.ec.europa.eu/codelist/VoidReasonValue/Unpopulated", "@nil": "true" }, "inspireId": { "@dataType": "Identifier", "localId": "867543_1140.E", "namespace": "SK.ESKN.CP", "versionId": "20260703T04:07:15" }, "label": "1140", "nationalCadastralReference": "867543_1140.E", "referencePoint": { "type": "Point", "coordinates": [ 20.31537707, 48.39448407 ] }, "validFrom": "2026-06-30T16:00:00Z", "validTo": { "@nilReason": "http://inspire.ec.europa.eu/codelist/VoidReasonValue/Unpopulated", "@nil": "true" }, "administrativeUnit": { "@href": "#auAdmUnitS.505" } }, "geometry": { "type": "Polygon", "coordinates": [ [ [ 20.31930623, 48.39491687 ], [ 20.3114616, 48.39399833 ], [ 20.31147219, 48.39405127 ], [ 20.31930371, 48.39497434 ], [ 20.31930623, 48.39491687 ] ] ] } },
{ "type": "Feature", "properties": { "@featureType": "CadastralParcel", "areaValue": { "value": 7046, "@uom": "m2" }, "beginLifespanVersion": { "@nilReason": "http://inspire.ec.europa.eu/codelist/VoidReasonValue/Unpopulated", "@nil": "true" }, "endLifespanVersion": { "@nilReason": "http://inspire.ec.europa.eu/codelist/VoidReasonValue/Unpopulated", "@nil": "true" }, "inspireId": { "@dataType": "Identifier", "localId": "867543_134.E", "namespace": "SK.ESKN.CP", "versionId": "20260703T04:07:15" }, "label": "134", "nationalCadastralReference": "867543_134.E", "referencePoint": { "type": "Point", "coordinates": [ 20.30976872, 48.38799709 ] }, "validFrom": "2026-06-30T16:00:00Z", "validTo": { "@nilReason": "http://inspire.ec.europa.eu/codelist/VoidReasonValue/Unpopulated", "@nil": "true" }, "administrativeUnit": { "@href": "#auAdmUnitS.505" } }, "geometry": { "type": "Polygon", "coordinates": [ [ [ 20.31020887, 48.38719778 ], [ 20.30992385, 48.38715376 ], [ 20.30978694, 48.38713261 ], [ 20.30972634, 48.38712346 ], [ 20.30959337, 48.38710372 ], [ 20.30957974, 48.38713085 ], [ 20.30952242, 48.38734077 ], [ 20.3094318, 48.38851279 ], [ 20.3095896, 48.3885363 ], [ 20.3099922, 48.3885908 ], [ 20.31001422, 48.38861401 ], [ 20.31001902, 48.38860105 ], [ 20.31010566, 48.3874814 ], [ 20.31020887, 48.38719778 ] ] ] } },
{ "type": "Feature", "properties": { "@featureType": "CadastralParcel", "areaValue": { "value": 6763, "@uom": "m2" }, "beginLifespanVersion": { "@nilReason": "http://inspire.ec.europa.eu/codelist/VoidReasonValue/Unpopulated", "@nil": "true" }, "endLifespanVersion": { "@nilReason": "http://inspire.ec.europa.eu/codelist/VoidReasonValue/Unpopulated", "@nil": "true" }, "inspireId": { "@dataType": "Identifier", "localId": "867543_1150/11.E", "namespace": "SK.ESKN.CP", "versionId": "20260703T04:07:15" }, "label": "1150/11", "nationalCadastralReference": "867543_1150/11.E", "referencePoint": { "type": "Point", "coordinates": [ 20.30636092, 48.38664276 ] }, "validFrom": "2026-06-30T16:00:00Z", "validTo": { "@nilReason": "http://inspire.ec.europa.eu/codelist/VoidReasonValue/Unpopulated", "@nil": "true" }, "administrativeUnit": { "@href": "#auAdmUnitS.505" } }, "geometry": { "type": "Polygon", "coordinates": [ [ [ 20.3099922, 48.3885908 ], [ 20.3095896, 48.3885363 ], [ 20.3094318, 48.38851279 ], [ 20.30938869, 48.38850632 ], [ 20.30918854, 48.3884569 ], [ 20.30896642, 48.38838689 ], [ 20.30879457, 48.38833273 ], [ 20.30867358, 48.38828923 ], [ 20.30838927, 48.38815325 ], [ 20.30824616, 48.38808472 ], [ 20.308157, 48.38802391 ], [ 20.30812639, 48.38800306 ], [ 20.3079975, 48.38788392 ], [ 20.30778569, 48.38765061 ], [ 20.30761005, 48.38746242 ], [ 20.30743985, 48.3872784 ], [ 20.30727471, 48.38709846 ], [ 20.30711448, 48.38691952 ], [ 20.30688461, 48.38667333 ], [ 20.3064582, 48.38661157 ], [ 20.30644932, 48.38660951 ], [ 20.30637261, 48.38658982 ], [ 20.30636204, 48.38659004 ], [ 20.30586145, 48.38654409 ], [ 20.30584127, 48.38653519 ], [ 20.30582031, 48.38652761 ], [ 20.3057661, 48.38650439 ], [ 20.30561982, 48.38643493 ], [ 20.30556142, 48.38640875 ], [ 20.30538668, 48.38633384 ], [ 20.30532653, 48.38630597 ], [ 20.30513457, 48.38622399 ], [ 20.30507572, 48.38619509 ], [ 20.30478396, 48.38606719 ], [ 20.30473441, 48.3860464 ], [ 20.30454494, 48.38593938 ], [ 20.30451013, 48.38592017 ], [ 20.30444831, 48.38588827 ], [ 20.30428656, 48.38583162 ], [ 20.30427632, 48.38582968 ], [ 20.30419762, 48.3858218 ], [ 20.30418854, 48.38582046 ], [ 20.30414835, 48.38580392 ], [ 20.30410694, 48.38580102 ], [ 20.30390413, 48.38579555 ], [ 20.30326428, 48.38568969 ], [ 20.30236731, 48.38552728 ], [ 20.30228165, 48.38551102 ], [ 20.30225544, 48.38550612 ], [ 20.30220109, 48.38548911 ], [ 20.30214594, 48.38547189 ], [ 20.30204699, 48.38543924 ], [ 20.30185762, 48.38537087 ], [ 20.30148183, 48.38523883 ], [ 20.30148583, 48.3852243 ], [ 20.30138514, 48.38517925 ], [ 20.30115295, 48.38504476 ], [ 20.30093949, 48.3849521 ], [ 20.30091795, 48.38490386 ], [ 20.30081164, 48.38478668 ], [ 20.30056379, 48.38462753 ], [ 20.30059192, 48.38496983 ], [ 20.30076415, 48.38503168 ], [ 20.30079759, 48.38502678 ], [ 20.30082932, 48.38500154 ], [ 20.30108482, 48.38510055 ], [ 20.30132709, 48.38522669 ], [ 20.30134181, 48.38523448 ], [ 20.30135526, 48.38524609 ], [ 20.30142984, 48.38528201 ], [ 20.30181008, 48.38542936 ], [ 20.30200377, 48.38550097 ], [ 20.30221805, 48.38557672 ], [ 20.30235133, 48.3856036 ], [ 20.30236853, 48.3856095 ], [ 20.30318913, 48.38576052 ], [ 20.30394226, 48.3858794 ], [ 20.30407416, 48.38589298 ], [ 20.30409083, 48.38588499 ], [ 20.3041214, 48.385888 ], [ 20.30419823, 48.38589562 ], [ 20.30420581, 48.38589709 ], [ 20.30422839, 48.38589104 ], [ 20.30442225, 48.38593031 ], [ 20.30441618, 48.38593926 ], [ 20.30447171, 48.38596893 ], [ 20.30461918, 48.38604772 ], [ 20.30470879, 48.38609567 ], [ 20.30476523, 48.3861242 ], [ 20.3048798, 48.38618205 ], [ 20.30499505, 48.38623534 ], [ 20.30501415, 48.3862442 ], [ 20.3051138, 48.38629029 ], [ 20.30528155, 48.38636772 ], [ 20.30537393, 48.38641037 ], [ 20.30551071, 48.38647405 ], [ 20.3055702, 48.38650172 ], [ 20.30571792, 48.38657015 ], [ 20.30577782, 48.38659783 ], [ 20.30577778, 48.38660738 ], [ 20.30581306, 48.38661219 ], [ 20.30629566, 48.38667491 ], [ 20.30635318, 48.38668222 ], [ 20.30636297, 48.38668314 ], [ 20.30643192, 48.38669118 ], [ 20.30644027, 48.38669159 ], [ 20.30650758, 48.38668605 ], [ 20.30672963, 48.38670651 ], [ 20.30683235, 48.38673785 ], [ 20.30689017, 48.38679969 ], [ 20.30700283, 48.38692017 ], [ 20.30715255, 48.38708031 ], [ 20.30730259, 48.38723236 ], [ 20.30742696, 48.3873688 ], [ 20.30744717, 48.38739095 ], [ 20.30758558, 48.38753695 ], [ 20.30758557, 48.38753704 ], [ 20.3076685, 48.3876314 ], [ 20.30779837, 48.38776986 ], [ 20.30791754, 48.38790393 ], [ 20.30805232, 48.38802988 ], [ 20.30814869, 48.38809773 ], [ 20.30820304, 48.38813609 ], [ 20.30836962, 48.3882223 ], [ 20.30862443, 48.3883309 ], [ 20.3087888, 48.3883871 ], [ 20.30916977, 48.38851752 ], [ 20.30942773, 48.3885648 ], [ 20.30999397, 48.38866844 ], [ 20.30998847, 48.38868309 ], [ 20.30999607, 48.38868438 ], [ 20.3100713, 48.38869636 ], [ 20.31007864, 48.38869746 ], [ 20.31008447, 48.38868057 ], [ 20.31008995, 48.38866456 ], [ 20.31009466, 48.38865105 ], [ 20.31010049, 48.38863417 ], [ 20.31010673, 48.38860963 ], [ 20.31009938, 48.38860853 ], [ 20.31002662, 48.38860234 ], [ 20.31001902, 48.38860105 ], [ 20.31001422, 48.38861401 ], [ 20.3099922, 48.3885908 ] ] ] } },
{ "type": "Feature", "properties": { "@featureType": "CadastralParcel", "areaValue": { "value": 3791, "@uom": "m2" }, "beginLifespanVersion": { "@nilReason": "http://inspire.ec.europa.eu/codelist/VoidReasonValue/Unpopulated", "@nil": "true" }, "endLifespanVersion": { "@nilReason": "http://inspire.ec.europa.eu/codelist/VoidReasonValue/Unpopulated", "@nil": "true" }, "inspireId": { "@dataType": "Identifier", "localId": "867543_1150/12.E", "namespace": "SK.ESKN.CP", "versionId": "20260703T04:07:15" }, "label": "1150/12", "nationalCadastralReference": "867543_1150/12.E", "referencePoint": { "type": "Point", "coordinates": [ 20.31248988, 48.38743632 ] }, "validFrom": "2026-06-30T16:00:00Z", "validTo": { "@nilReason": "http://inspire.ec.europa.eu/codelist/VoidReasonValue/Unpopulated", "@nil": "true" }, "administrativeUnit": { "@href": "#auAdmUnitS.505" } }, "geometry": { "type": "Polygon", "coordinates": [ [ [ 20.31099297, 48.3871753 ], [ 20.31055611, 48.38710928 ], [ 20.31031872, 48.38704822 ], [ 20.31030082, 48.38704418 ], [ 20.30987208, 48.38698721 ], [ 20.30977564, 48.38699017 ], [ 20.30976106, 48.38701581 ], [ 20.30972943, 48.38708106 ], [ 20.30972634, 48.38712346 ], [ 20.30978694, 48.38713261 ], [ 20.30992385, 48.38715376 ], [ 20.31020887, 48.38719778 ], [ 20.31037968, 48.38721946 ], [ 20.31039504, 48.38720646 ], [ 20.3104524, 48.38715763 ], [ 20.31047789, 48.38716152 ], [ 20.31055115, 48.38717278 ], [ 20.31062388, 48.38718393 ], [ 20.31075973, 48.38720477 ], [ 20.31089345, 48.38722526 ], [ 20.3111063, 48.38725788 ], [ 20.31117477, 48.38726832 ], [ 20.31124269, 48.38727874 ], [ 20.31136987, 48.38729825 ], [ 20.31143647, 48.38730844 ], [ 20.31150252, 48.38731861 ], [ 20.31156831, 48.38732868 ], [ 20.31160074, 48.38733365 ], [ 20.31163381, 48.387339 ], [ 20.31175318, 48.38735811 ], [ 20.31186507, 48.38737612 ], [ 20.31192336, 48.38738544 ], [ 20.31198137, 48.38739475 ], [ 20.31203925, 48.38740406 ], [ 20.31209686, 48.38741335 ], [ 20.31215421, 48.38742255 ], [ 20.31221143, 48.38743174 ], [ 20.31226837, 48.38744091 ], [ 20.31232519, 48.38745 ], [ 20.31240295, 48.38746243 ], [ 20.31245685, 48.38747085 ], [ 20.31251289, 48.38747954 ], [ 20.31261843, 48.38749595 ], [ 20.31267393, 48.38750462 ], [ 20.31272931, 48.3875132 ], [ 20.31278441, 48.38752176 ], [ 20.31283925, 48.38753032 ], [ 20.31289475, 48.38753899 ], [ 20.31295146, 48.38754779 ], [ 20.313061, 48.38756481 ], [ 20.31318122, 48.3875835 ], [ 20.31324006, 48.38759266 ], [ 20.31329917, 48.38760184 ], [ 20.3133584, 48.3876111 ], [ 20.31342098, 48.38762086 ], [ 20.31348769, 48.38763123 ], [ 20.31355441, 48.38764161 ], [ 20.31358083, 48.38764571 ], [ 20.31362045, 48.38765195 ], [ 20.31368408, 48.38766202 ], [ 20.31380693, 48.38768145 ], [ 20.31387136, 48.38769164 ], [ 20.31392859, 48.38770074 ], [ 20.31404838, 48.38771969 ], [ 20.31416697, 48.38773841 ], [ 20.31425314, 48.38775207 ], [ 20.31428397, 48.38775679 ], [ 20.31434589, 48.38776635 ], [ 20.31439485, 48.38777395 ], [ 20.31452376, 48.38779388 ], [ 20.31470302, 48.3878194 ], [ 20.31488577, 48.38784533 ], [ 20.31497968, 48.38785866 ], [ 20.31507292, 48.38787188 ], [ 20.31512542, 48.38787935 ], [ 20.31513835, 48.38782814 ], [ 20.31514545, 48.38780905 ], [ 20.31449262, 48.38771175 ], [ 20.31445187, 48.38770303 ], [ 20.31445925, 48.3876899 ], [ 20.31434342, 48.38767363 ], [ 20.31366802, 48.38757463 ], [ 20.31348398, 48.38754649 ], [ 20.31281334, 48.38744722 ], [ 20.31264458, 48.3874222 ], [ 20.31217764, 48.38735355 ], [ 20.31196447, 48.38732147 ], [ 20.31099297, 48.3871753 ] ] ] } },
{ "type": "Feature", "properties": { "@featureType": "CadastralParcel", "areaValue": { "value": 21310, "@uom": "m2" }, "beginLifespanVersion": { "@nilReason": "http://inspire.ec.europa.eu/codelist/VoidReasonValue/Unpopulated", "@nil": "true" }, "endLifespanVersion": { "@nilReason": "http://inspire.ec.europa.eu/codelist/VoidReasonValue/Unpopulated", "@nil": "true" }, "inspireId": { "@dataType": "Identifier", "localId": "867543_981/16.E", "namespace": "SK.ESKN.CP", "versionId": "20260703T04:07:15" }, "label": "981/16", "nationalCadastralReference": "867543_981/16.E", "referencePoint": { "type": "Point", "coordinates": [ 20.31514083, 48.391811 ] }, "validFrom": "2026-06-30T16:00:00Z", "validTo": { "@nilReason": "http://inspire.ec.europa.eu/codelist/VoidReasonValue/Unpopulated", "@nil": "true" }, "administrativeUnit": { "@href": "#auAdmUnitS.505" } }, "geometry": { "type": "Polygon", "coordinates": [ [ [ 20.31073481, 48.39107464 ], [ 20.31936087, 48.39279985 ], [ 20.31937119, 48.39254736 ], [ 20.31051512, 48.3906874 ], [ 20.31057912, 48.3907802 ], [ 20.31073481, 48.39107464 ] ] ] } },
{ "type": "Feature", "properties": { "@featureType": "CadastralParcel", "areaValue": { "value": 19920, "@uom": "m2" }, "beginLifespanVersion": { "@nilReason": "http://inspire.ec.europa.eu/codelist/VoidReasonValue/Unpopulated", "@nil": "true" }, "endLifespanVersion": { "@nilReason": "http://inspire.ec.europa.eu/codelist/VoidReasonValue/Unpopulated", "@nil": "true" }, "inspireId": { "@dataType": "Identifier", "localId": "867543_5956/33.E", "namespace": "SK.ESKN.CP", "versionId": "20260703T04:07:15" }, "label": "5956/33", "nationalCadastralReference": "867543_5956/33.E", "referencePoint": { "type": "Point", "coordinates": [ 20.31563966, 48.39597493 ] }, "validFrom": "2026-06-30T16:00:00Z", "validTo": { "@nilReason": "http://inspire.ec.europa.eu/codelist/VoidReasonValue/Unpopulated", "@nil": "true" }, "administrativeUnit": { "@href": "#auAdmUnitS.505" } }, "geometry": { "type": "Polygon", "coordinates": [ [ [ 20.31188154, 48.39561758 ], [ 20.31195274, 48.39591302 ], [ 20.31925081, 48.39634912 ], [ 20.31925759, 48.39616253 ], [ 20.3192621, 48.39603684 ], [ 20.31186896, 48.39556573 ], [ 20.31188154, 48.39561758 ] ] ] } },
{ "type": "Feature", "properties": { "@featureType": "CadastralParcel", "areaValue": { "value": 8524, "@uom": "m2" }, "beginLifespanVersion": { "@nilReason": "http://inspire.ec.europa.eu/codelist/VoidReasonValue/Unpopulated", "@nil": "true" }, "endLifespanVersion": { "@nilReason": "http://inspire.ec.europa.eu/codelist/VoidReasonValue/Unpopulated", "@nil": "true" }, "inspireId": { "@dataType": "Identifier", "localId": "867543_981/10.E", "namespace": "SK.ESKN.CP", "versionId": "20260703T04:07:15" }, "label": "981/10", "nationalCadastralReference": "867543_981/10.E", "referencePoint": { "type": "Point", "coordinates": [ 20.31522929, 48.3926547 ] }, "validFrom": "2026-06-30T16:00:00Z", "validTo": { "@nilReason": "http://inspire.ec.europa.eu/codelist/VoidReasonValue/Unpopulated", "@nil": "true" }, "administrativeUnit": { "@href": "#auAdmUnitS.505" } }, "geometry": { "type": "Polygon", "coordinates": [ [ [ 20.31104998, 48.39198666 ], [ 20.31934133, 48.39343598 ], [ 20.31934378, 48.39332273 ], [ 20.31101828, 48.39184234 ], [ 20.31104998, 48.39198666 ] ] ] } },
{ "type": "Feature", "properties": { "@featureType": "CadastralParcel", "areaValue": { "value": 8524, "@uom": "m2" }, "beginLifespanVersion": { "@nilReason": "http://inspire.ec.europa.eu/codelist/VoidReasonValue/Unpopulated", "@nil": "true" }, "endLifespanVersion": { "@nilReason": "http://inspire.ec.europa.eu/codelist/VoidReasonValue/Unpopulated", "@nil": "true" }, "inspireId": { "@dataType": "Identifier", "localId": "867543_981/18.E", "namespace": "SK.ESKN.CP", "versionId": "20260703T04:07:15" }, "label": "981/18", "nationalCadastralReference": "867543_981/18.E", "referencePoint": { "type": "Point", "coordinates": [ 20.3149406, 48.39138486 ] }, "validFrom": "2026-06-30T16:00:00Z", "validTo": { "@nilReason": "http://inspire.ec.europa.eu/codelist/VoidReasonValue/Unpopulated", "@nil": "true" }, "administrativeUnit": { "@href": "#auAdmUnitS.505" } }, "geometry": { "type": "Polygon", "coordinates": [ [ [ 20.31035538, 48.39045542 ], [ 20.31937892, 48.39239594 ], [ 20.31938304, 48.39231429 ], [ 20.31029936, 48.3902941 ], [ 20.31035167, 48.39045005 ], [ 20.31035538, 48.39045542 ] ] ] } },
{ "type": "Feature", "properties": { "@featureType": "CadastralParcel", "areaValue": { "value": 25547, "@uom": "m2" }, "beginLifespanVersion": { "@nilReason": "http://inspire.ec.europa.eu/codelist/VoidReasonValue/Unpopulated", "@nil": "true" }, "endLifespanVersion": { "@nilReason": "http://inspire.ec.europa.eu/codelist/VoidReasonValue/Unpopulated", "@nil": "true" }, "inspireId": { "@dataType": "Identifier", "localId": "867543_943/1.E", "namespace": "SK.ESKN.CP", "versionId": "20260703T04:07:15" }, "label": "943/1", "nationalCadastralReference": "867543_943/1.E", "referencePoint": { "type": "Point", "coordinates": [ 20.30488427, 48.39826674 ] }, "validFrom": "2026-06-30T16:00:00Z", "validTo": { "@nilReason": "http://inspire.ec.europa.eu/codelist/VoidReasonValue/Unpopulated", "@nil": "true" }, "administrativeUnit": { "@href": "#auAdmUnitS.505" } }, "geometry": { "type": "Polygon", "coordinates": [ [ [ 20.30461562, 48.39859255 ], [ 20.30719592, 48.39847454 ], [ 20.30706601, 48.39780001 ], [ 20.30241779, 48.39801201 ], [ 20.30245917, 48.39808986 ], [ 20.3027661, 48.39844361 ], [ 20.30278536, 48.39846581 ], [ 20.30311061, 48.3986546 ], [ 20.30333605, 48.39873637 ], [ 20.30354607, 48.39873906 ], [ 20.30461562, 48.39859255 ] ] ] } },
{ "type": "Feature", "properties": { "@featureType": "CadastralParcel", "areaValue": { "value": 12786, "@uom": "m2" }, "beginLifespanVersion": { "@nilReason": "http://inspire.ec.europa.eu/codelist/VoidReasonValue/Unpopulated", "@nil": "true" }, "endLifespanVersion": { "@nilReason": "http://inspire.ec.europa.eu/codelist/VoidReasonValue/Unpopulated", "@nil": "true" }, "inspireId": { "@dataType": "Identifier", "localId": "867543_981/3.E", "namespace": "SK.ESKN.CP", "versionId": "20260703T04:07:15" }, "label": "981/3", "nationalCadastralReference": "867543_981/3.E", "referencePoint": { "type": "Point", "coordinates": [ 20.31545833, 48.39423854 ] }, "validFrom": "2026-06-30T16:00:00Z", "validTo": { "@nilReason": "http://inspire.ec.europa.eu/codelist/VoidReasonValue/Unpopulated", "@nil": "true" }, "administrativeUnit": { "@href": "#auAdmUnitS.505" } }, "geometry": { "type": "Polygon", "coordinates": [ [ [ 20.31931145, 48.39482274 ], [ 20.31931508, 48.39465648 ], [ 20.3113268, 48.39358119 ], [ 20.31141203, 48.3938206 ], [ 20.31931145, 48.39482274 ] ] ] } },
{ "type": "Feature", "properties": { "@featureType": "CadastralParcel", "areaValue": { "value": 8524, "@uom": "m2" }, "beginLifespanVersion": { "@nilReason": "http://inspire.ec.europa.eu/codelist/VoidReasonValue/Unpopulated", "@nil": "true" }, "endLifespanVersion": { "@nilReason": "http://inspire.ec.europa.eu/codelist/VoidReasonValue/Unpopulated", "@nil": "true" }, "inspireId": { "@dataType": "Identifier", "localId": "867543_981/5.E", "namespace": "SK.ESKN.CP", "versionId": "20260703T04:07:15" }, "label": "981/5", "nationalCadastralReference": "867543_981/5.E", "referencePoint": { "type": "Point", "coordinates": [ 20.3153105, 48.39392111 ] }, "validFrom": "2026-06-30T16:00:00Z", "validTo": { "@nilReason": "http://inspire.ec.europa.eu/codelist/VoidReasonValue/Unpopulated", "@nil": "true" }, "administrativeUnit": { "@href": "#auAdmUnitS.505" } }, "geometry": { "type": "Polygon", "coordinates": [ [ [ 20.31931769, 48.3945354 ], [ 20.31932044, 48.39440505 ], [ 20.31128721, 48.39330465 ], [ 20.31130075, 48.39343718 ], [ 20.31931769, 48.3945354 ] ] ] } },
{ "type": "Feature", "properties": { "@featureType": "CadastralParcel", "areaValue": { "value": 9064, "@uom": "m2" }, "beginLifespanVersion": { "@nilReason": "http://inspire.ec.europa.eu/codelist/VoidReasonValue/Unpopulated", "@nil": "true" }, "endLifespanVersion": { "@nilReason": "http://inspire.ec.europa.eu/codelist/VoidReasonValue/Unpopulated", "@nil": "true" }, "inspireId": { "@dataType": "Identifier", "localId": "867543_981/7.E", "namespace": "SK.ESKN.CP", "versionId": "20260703T04:07:15" }, "label": "981/7", "nationalCadastralReference": "867543_981/7.E", "referencePoint": { "type": "Point", "coordinates": [ 20.31505818, 48.39360837 ] }, "validFrom": "2026-06-30T16:00:00Z", "validTo": { "@nilReason": "http://inspire.ec.europa.eu/codelist/VoidReasonValue/Unpopulated", "@nil": "true" }, "administrativeUnit": { "@href": "#auAdmUnitS.505" } }, "geometry": { "type": "Polygon", "coordinates": [ [ [ 20.31640584, 48.39375373 ], [ 20.31598677, 48.39368608 ], [ 20.31533334, 48.39353065 ], [ 20.31125534, 48.39299293 ], [ 20.31127364, 48.3931724 ], [ 20.3193233, 48.39427506 ], [ 20.31932627, 48.394133 ], [ 20.31902781, 48.39415164 ], [ 20.31858504, 48.39415002 ], [ 20.31724164, 48.39392902 ], [ 20.31640584, 48.39375373 ] ] ] } },
{ "type": "Feature", "properties": { "@featureType": "CadastralParcel", "areaValue": { "value": 18987, "@uom": "m2" }, "beginLifespanVersion": { "@nilReason": "http://inspire.ec.europa.eu/codelist/VoidReasonValue/Unpopulated", "@nil": "true" }, "endLifespanVersion": { "@nilReason": "http://inspire.ec.europa.eu/codelist/VoidReasonValue/Unpopulated", "@nil": "true" }, "inspireId": { "@dataType": "Identifier", "localId": "867543_981/8.E", "namespace": "SK.ESKN.CP", "versionId": "20260703T04:07:15" }, "label": "981/8", "nationalCadastralReference": "867543_981/8.E", "referencePoint": { "type": "Point", "coordinates": [ 20.31417366, 48.39326179 ] }, "validFrom": "2026-06-30T16:00:00Z", "validTo": { "@nilReason": "http://inspire.ec.europa.eu/codelist/VoidReasonValue/Unpopulated", "@nil": "true" }, "administrativeUnit": { "@href": "#auAdmUnitS.505" } }, "geometry": { "type": "Polygon", "coordinates": [ [ [ 20.31533334, 48.39353065 ], [ 20.31598677, 48.39368608 ], [ 20.31640584, 48.39375373 ], [ 20.31724164, 48.39392902 ], [ 20.31858504, 48.39415002 ], [ 20.31902781, 48.39415164 ], [ 20.31932627, 48.394133 ], [ 20.31933143, 48.3938976 ], [ 20.31120484, 48.39268992 ], [ 20.31124128, 48.3928556 ], [ 20.31125534, 48.39299293 ], [ 20.31533334, 48.39353065 ] ] ] } },
{ "type": "Feature", "properties": { "@featureType": "CadastralParcel", "areaValue": { "value": 8524, "@uom": "m2" }, "beginLifespanVersion": { "@nilReason": "http://inspire.ec.europa.eu/codelist/VoidReasonValue/Unpopulated", "@nil": "true" }, "endLifespanVersion": { "@nilReason": "http://inspire.ec.europa.eu/codelist/VoidReasonValue/Unpopulated", "@nil": "true" }, "inspireId": { "@dataType": "Identifier", "localId": "867543_981/11.E", "namespace": "SK.ESKN.CP", "versionId": "20260703T04:07:15" }, "label": "981/11", "nationalCadastralReference": "867543_981/11.E", "referencePoint": { "type": "Point", "coordinates": [ 20.31523971, 48.39253131 ] }, "validFrom": "2026-06-30T16:00:00Z", "validTo": { "@nilReason": "http://inspire.ec.europa.eu/codelist/VoidReasonValue/Unpopulated", "@nil": "true" }, "administrativeUnit": { "@href": "#auAdmUnitS.505" } }, "geometry": { "type": "Polygon", "coordinates": [ [ [ 20.31934378, 48.39332273 ], [ 20.31934596, 48.39322029 ], [ 20.31096999, 48.39168529 ], [ 20.3110119, 48.39181362 ], [ 20.31101828, 48.39184234 ], [ 20.31934378, 48.39332273 ] ] ] } },
{ "type": "Feature", "properties": { "@featureType": "CadastralParcel", "areaValue": { "value": 8524, "@uom": "m2" }, "beginLifespanVersion": { "@nilReason": "http://inspire.ec.europa.eu/codelist/VoidReasonValue/Unpopulated", "@nil": "true" }, "endLifespanVersion": { "@nilReason": "http://inspire.ec.europa.eu/codelist/VoidReasonValue/Unpopulated", "@nil": "true" }, "inspireId": { "@dataType": "Identifier", "localId": "867543_981/15.E", "namespace": "SK.ESKN.CP", "versionId": "20260703T04:07:15" }, "label": "981/15", "nationalCadastralReference": "867543_981/15.E", "referencePoint": { "type": "Point", "coordinates": [ 20.31514489, 48.3920184 ] }, "validFrom": "2026-06-30T16:00:00Z", "validTo": { "@nilReason": "http://inspire.ec.europa.eu/codelist/VoidReasonValue/Unpopulated", "@nil": "true" }, "administrativeUnit": { "@href": "#auAdmUnitS.505" } }, "geometry": { "type": "Polygon", "coordinates": [ [ [ 20.3193569, 48.39289817 ], [ 20.31936087, 48.39279985 ], [ 20.31073481, 48.39107464 ], [ 20.31082065, 48.39123695 ], [ 20.3193569, 48.39289817 ] ] ] } },
{ "type": "Feature", "properties": { "@featureType": "CadastralParcel", "areaValue": { "value": 8524, "@uom": "m2" }, "beginLifespanVersion": { "@nilReason": "http://inspire.ec.europa.eu/codelist/VoidReasonValue/Unpopulated", "@nil": "true" }, "endLifespanVersion": { "@nilReason": "http://inspire.ec.europa.eu/codelist/VoidReasonValue/Unpopulated", "@nil": "true" }, "inspireId": { "@dataType": "Identifier", "localId": "867543_981/4.E", "namespace": "SK.ESKN.CP", "versionId": "20260703T04:07:15" }, "label": "981/4", "nationalCadastralReference": "867543_981/4.E", "referencePoint": { "type": "Point", "coordinates": [ 20.31535302, 48.39405829 ] }, "validFrom": "2026-06-30T16:00:00Z", "validTo": { "@nilReason": "http://inspire.ec.europa.eu/codelist/VoidReasonValue/Unpopulated", "@nil": "true" }, "administrativeUnit": { "@href": "#auAdmUnitS.505" } }, "geometry": { "type": "Polygon", "coordinates": [ [ [ 20.31931508, 48.39465648 ], [ 20.31931769, 48.3945354 ], [ 20.31130075, 48.39343718 ], [ 20.31131098, 48.39353687 ], [ 20.3113268, 48.39358119 ], [ 20.31931508, 48.39465648 ] ] ] } },
{ "type": "Feature", "properties": { "@featureType": "CadastralParcel", "areaValue": { "value": 8524, "@uom": "m2" }, "beginLifespanVersion": { "@nilReason": "http://inspire.ec.europa.eu/codelist/VoidReasonValue/Unpopulated", "@nil": "true" }, "endLifespanVersion": { "@nilReason": "http://inspire.ec.europa.eu/codelist/VoidReasonValue/Unpopulated", "@nil": "true" }, "inspireId": { "@dataType": "Identifier", "localId": "867543_981/19.E", "namespace": "SK.ESKN.CP", "versionId": "20260703T04:07:15" }, "label": "981/19", "nationalCadastralReference": "867543_981/19.E", "referencePoint": { "type": "Point", "coordinates": [ 20.31487514, 48.3912547 ] }, "validFrom": "2026-06-30T16:00:00Z", "validTo": { "@nilReason": "http://inspire.ec.europa.eu/codelist/VoidReasonValue/Unpopulated", "@nil": "true" }, "administrativeUnit": { "@href": "#auAdmUnitS.505" } }, "geometry": { "type": "Polygon", "coordinates": [ [ [ 20.31938304, 48.39231429 ], [ 20.31938802, 48.39221529 ], [ 20.31025324, 48.39015372 ], [ 20.31025959, 48.39017514 ], [ 20.31029936, 48.3902941 ], [ 20.31938304, 48.39231429 ] ] ] } },
{ "type": "Feature", "properties": { "@featureType": "CadastralParcel", "areaValue": { "value": 18555, "@uom": "m2" }, "beginLifespanVersion": { "@nilReason": "http://inspire.ec.europa.eu/codelist/VoidReasonValue/Unpopulated", "@nil": "true" }, "endLifespanVersion": { "@nilReason": "http://inspire.ec.europa.eu/codelist/VoidReasonValue/Unpopulated", "@nil": "true" }, "inspireId": { "@dataType": "Identifier", "localId": "860123_7/2.C", "namespace": "SK.ESKN.CP", "versionId": "20260703T04:07:53" }, "label": "7/2", "nationalCadastralReference": "860123_7/2.C", "referencePoint": { "type": "Point", "coordinates": [ 20.3202221, 48.42417077 ] }, "validFrom": "2026-06-30T16:00:00Z", "validTo": { "@nilReason": "http://inspire.ec.europa.eu/codelist/VoidReasonValue/Unpopulated", "@nil": "true" }, "administrativeUnit": { "@href": "#auAdmUnitS.1834" } }, "geometry": { "type": "Polygon", "coordinates": [ [ [ 20.31967162, 48.42338851 ], [ 20.32025947, 48.42560255 ], [ 20.32041329, 48.42570138 ], [ 20.3205426, 48.42575286 ], [ 20.32128859, 48.42579133 ], [ 20.32158588, 48.42580786 ], [ 20.32192424, 48.42583141 ], [ 20.32252801, 48.42589068 ], [ 20.3207755, 48.42495303 ], [ 20.32033042, 48.42329995 ], [ 20.32007608, 48.42332736 ], [ 20.31967162, 48.42338851 ] ] ] } },
{ "type": "Feature", "properties": { "@featureType": "CadastralParcel", "areaValue": { "value": 8409, "@uom": "m2" }, "beginLifespanVersion": { "@nilReason": "http://inspire.ec.europa.eu/codelist/VoidReasonValue/Unpopulated", "@nil": "true" }, "endLifespanVersion": { "@nilReason": "http://inspire.ec.europa.eu/codelist/VoidReasonValue/Unpopulated", "@nil": "true" }, "inspireId": { "@dataType": "Identifier", "localId": "860123_19/39.C", "namespace": "SK.ESKN.CP", "versionId": "20260703T04:07:53" }, "label": "19/39", "nationalCadastralReference": "860123_19/39.C", "referencePoint": { "type": "Point", "coordinates": [ 20.3178082, 48.42414909 ] }, "validFrom": "2026-06-30T16:00:00Z", "validTo": { "@nilReason": "http://inspire.ec.europa.eu/codelist/VoidReasonValue/Unpopulated", "@nil": "true" }, "administrativeUnit": { "@href": "#auAdmUnitS.1834" } }, "geometry": { "type": "Polygon", "coordinates": [ [ [ 20.31838311, 48.42360091 ], [ 20.31741864, 48.42375989 ], [ 20.31739748, 48.42376338 ], [ 20.31702892, 48.42382414 ], [ 20.31702943, 48.42382605 ], [ 20.31711786, 48.4238561 ], [ 20.31716536, 48.42388526 ], [ 20.31728548, 48.42408315 ], [ 20.31732684, 48.42425947 ], [ 20.31732545, 48.42431023 ], [ 20.31725465, 48.42453017 ], [ 20.31721516, 48.42459997 ], [ 20.31794364, 48.4247776 ], [ 20.3181813, 48.42443755 ], [ 20.31829443, 48.42421504 ], [ 20.31842436, 48.4238075 ], [ 20.31843538, 48.42364188 ], [ 20.31838311, 48.42360091 ] ], [ [ 20.31738872, 48.42379052 ], [ 20.31742911, 48.42378688 ], [ 20.31743218, 48.42381331 ], [ 20.31739188, 48.4238174 ], [ 20.31738872, 48.42379052 ] ] ] } },
{ "type": "Feature", "properties": { "@featureType": "CadastralParcel", "areaValue": { "value": 1331, "@uom": "m2" }, "beginLifespanVersion": { "@nilReason": "http://inspire.ec.europa.eu/codelist/VoidReasonValue/Unpopulated", "@nil": "true" }, "endLifespanVersion": { "@nilReason": "http://inspire.ec.europa.eu/codelist/VoidReasonValue/Unpopulated", "@nil": "true" }, "inspireId": { "@dataType": "Identifier", "localId": "860123_2250/4.C", "namespace": "SK.ESKN.CP", "versionId": "20260703T04:07:53" }, "label": "2250/4", "nationalCadastralReference": "860123_2250/4.C", "referencePoint": { "type": "Point", "coordinates": [ 20.32093919, 48.4084418 ] }, "validFrom": "2026-06-30T16:00:00Z", "validTo": { "@nilReason": "http://inspire.ec.europa.eu/codelist/VoidReasonValue/Unpopulated", "@nil": "true" }, "administrativeUnit": { "@href": "#auAdmUnitS.1834" } }, "geometry": { "type": "Polygon", "coordinates": [ [ [ 20.32092438, 48.40782268 ], [ 20.3209198, 48.40778429 ], [ 20.32091618, 48.40775487 ], [ 20.32091563, 48.40775034 ], [ 20.32079993, 48.40775652 ], [ 20.32071802, 48.4077661 ], [ 20.32063693, 48.40777256 ], [ 20.32055528, 48.40777926 ], [ 20.32047493, 48.40778512 ], [ 20.32039399, 48.4077914 ], [ 20.32031212, 48.40779756 ], [ 20.32023077, 48.40780391 ], [ 20.32019465, 48.40780682 ], [ 20.32020331, 48.40788942 ], [ 20.32041557, 48.40787478 ], [ 20.32061367, 48.40786102 ], [ 20.32081695, 48.40784702 ], [ 20.32084592, 48.40810502 ], [ 20.32086071, 48.40824056 ], [ 20.32087623, 48.40837551 ], [ 20.32089156, 48.4085081 ], [ 20.32090764, 48.40865343 ], [ 20.32092406, 48.4087966 ], [ 20.32094071, 48.40893555 ], [ 20.3209585, 48.40908464 ], [ 20.320971, 48.40923073 ], [ 20.32100379, 48.40922868 ], [ 20.32107865, 48.40922387 ], [ 20.32107169, 48.40910683 ], [ 20.3210361, 48.40880587 ], [ 20.32102051, 48.40867164 ], [ 20.32092438, 48.40782268 ] ] ] } },
{ "type": "Feature", "properties": { "@featureType": "CadastralParcel", "areaValue": { "value": 2204, "@uom": "m2" }, "beginLifespanVersion": { "@nilReason": "http://inspire.ec.europa.eu/codelist/VoidReasonValue/Unpopulated", "@nil": "true" }, "endLifespanVersion": { "@nilReason": "http://inspire.ec.europa.eu/codelist/VoidReasonValue/Unpopulated", "@nil": "true" }, "inspireId": { "@dataType": "Identifier", "localId": "860123_2261.C", "namespace": "SK.ESKN.CP", "versionId": "20260703T04:07:53" }, "label": "2261", "nationalCadastralReference": "860123_2261.C", "referencePoint": { "type": "Point", "coordinates": [ 20.32594787, 48.41699337 ] }, "validFrom": "2026-06-30T16:00:00Z", "validTo": { "@nilReason": "http://inspire.ec.europa.eu/codelist/VoidReasonValue/Unpopulated", "@nil": "true" }, "administrativeUnit": { "@href": "#auAdmUnitS.1834" } }, "geometry": { "type": "Polygon", "coordinates": [ [ [ 20.32742487, 48.41696844 ], [ 20.3268727, 48.41696509 ], [ 20.32644297, 48.4169622 ], [ 20.32602327, 48.41695917 ], [ 20.32561513, 48.41695542 ], [ 20.32519553, 48.41695131 ], [ 20.32481445, 48.41694772 ], [ 20.32461581, 48.41694722 ], [ 20.32447745, 48.41694612 ], [ 20.32445419, 48.41694593 ], [ 20.32447999, 48.4170183 ], [ 20.32448883, 48.41703775 ], [ 20.32459982, 48.41703913 ], [ 20.32476337, 48.41704013 ], [ 20.32482437, 48.41704054 ], [ 20.32532004, 48.41704314 ], [ 20.32549101, 48.41704425 ], [ 20.3258954, 48.41704759 ], [ 20.32636983, 48.41705159 ], [ 20.32683937, 48.41705424 ], [ 20.32740313, 48.41705814 ], [ 20.32742388, 48.41706841 ], [ 20.32742417, 48.41704527 ], [ 20.32742487, 48.41696844 ] ] ] } },
{ "type": "Feature", "properties": { "@featureType": "CadastralParcel", "areaValue": { "value": 10360, "@uom": "m2" }, "beginLifespanVersion": { "@nilReason": "http://inspire.ec.europa.eu/codelist/VoidReasonValue/Unpopulated", "@nil": "true" }, "endLifespanVersion": { "@nilReason": "http://inspire.ec.europa.eu/codelist/VoidReasonValue/Unpopulated", "@nil": "true" }, "inspireId": { "@dataType": "Identifier", "localId": "860123_4322.C", "namespace": "SK.ESKN.CP", "versionId": "20260703T04:07:53" }, "label": "4322", "nationalCadastralReference": "860123_4322.C", "referencePoint": { "type": "Point", "coordinates": [ 20.32667316, 48.43056128 ] }, "validFrom": "2026-06-30T16:00:00Z", "validTo": { "@nilReason": "http://inspire.ec.europa.eu/codelist/VoidReasonValue/Unpopulated", "@nil": "true" }, "administrativeUnit": { "@href": "#auAdmUnitS.1834" } }, "geometry": { "type": "Polygon", "coordinates": [ [ [ 20.32670529, 48.43097786 ], [ 20.32680895, 48.43130582 ], [ 20.32742097, 48.43328478 ], [ 20.32742662, 48.43358664 ], [ 20.32748388, 48.43358826 ], [ 20.32749589, 48.43358864 ], [ 20.32755087, 48.43359007 ], [ 20.32757747, 48.43359084 ], [ 20.32764704, 48.43359267 ], [ 20.32765947, 48.43351486 ], [ 20.32762852, 48.43325417 ], [ 20.32743038, 48.43262295 ], [ 20.3273402, 48.43236453 ], [ 20.32718182, 48.4318701 ], [ 20.32706331, 48.43147435 ], [ 20.32690271, 48.43099127 ], [ 20.32665108, 48.43014469 ], [ 20.32643365, 48.42951766 ], [ 20.32632278, 48.42936772 ], [ 20.32618179, 48.42924138 ], [ 20.32595935, 48.42909626 ], [ 20.32555954, 48.42886129 ], [ 20.32502188, 48.42853803 ], [ 20.32456327, 48.42824859 ], [ 20.32438845, 48.42814209 ], [ 20.3243819, 48.42814273 ], [ 20.32436347, 48.42814453 ], [ 20.32418769, 48.42816205 ], [ 20.32417171, 48.42816368 ], [ 20.32410247, 48.42817042 ], [ 20.3253114, 48.42890409 ], [ 20.32589944, 48.42924554 ], [ 20.32608662, 48.42936991 ], [ 20.32623702, 48.42957798 ], [ 20.32636041, 48.42990473 ], [ 20.32670529, 48.43097786 ] ] ] } },
{ "type": "Feature", "properties": { "@featureType": "CadastralParcel", "areaValue": { "value": 27372, "@uom": "m2" }, "beginLifespanVersion": { "@nilReason": "http://inspire.ec.europa.eu/codelist/VoidReasonValue/Unpopulated", "@nil": "true" }, "endLifespanVersion": { "@nilReason": "http://inspire.ec.europa.eu/codelist/VoidReasonValue/Unpopulated", "@nil": "true" }, "inspireId": { "@dataType": "Identifier", "localId": "860123_2326.C", "namespace": "SK.ESKN.CP", "versionId": "20260703T04:07:53" }, "label": "2326", "nationalCadastralReference": "860123_2326.C", "referencePoint": { "type": "Point", "coordinates": [ 20.31418452, 48.41679949 ] }, "validFrom": "2026-06-30T16:00:00Z", "validTo": { "@nilReason": "http://inspire.ec.europa.eu/codelist/VoidReasonValue/Unpopulated", "@nil": "true" }, "administrativeUnit": { "@href": "#auAdmUnitS.1834" } }, "geometry": { "type": "Polygon", "coordinates": [ [ [ 20.31481756, 48.41780214 ], [ 20.31507608, 48.41813467 ], [ 20.31524326, 48.41860289 ], [ 20.31532128, 48.41895635 ], [ 20.31528888, 48.4193979 ], [ 20.31521494, 48.41968069 ], [ 20.31513332, 48.41999056 ], [ 20.3150765, 48.42024501 ], [ 20.31499553, 48.42060699 ], [ 20.31501007, 48.42086128 ], [ 20.3150509, 48.42110596 ], [ 20.31510681, 48.42129961 ], [ 20.31515797, 48.42147668 ], [ 20.31527263, 48.42181076 ], [ 20.31538867, 48.42215219 ], [ 20.3154209, 48.42224815 ], [ 20.31560773, 48.42268732 ], [ 20.31585416, 48.4231428 ], [ 20.3159295, 48.42322739 ], [ 20.31597548, 48.42328443 ], [ 20.31604467, 48.42345355 ], [ 20.31602086, 48.42352055 ], [ 20.31595047, 48.42370221 ], [ 20.31594415, 48.42372313 ], [ 20.31595098, 48.42374377 ], [ 20.31595829, 48.4237682 ], [ 20.31596234, 48.42378205 ], [ 20.31599015, 48.42377684 ], [ 20.31603171, 48.4237691 ], [ 20.31606034, 48.42376383 ], [ 20.31605854, 48.42375664 ], [ 20.31610682, 48.42374953 ], [ 20.31617563, 48.42359934 ], [ 20.31620459, 48.4234529 ], [ 20.31611795, 48.42324543 ], [ 20.31600507, 48.42310495 ], [ 20.31578654, 48.42264308 ], [ 20.31561922, 48.42222513 ], [ 20.3153621, 48.42143236 ], [ 20.31527337, 48.42108515 ], [ 20.31523239, 48.42085136 ], [ 20.31521797, 48.42062168 ], [ 20.31534352, 48.42005613 ], [ 20.31550905, 48.41941673 ], [ 20.31554847, 48.41895392 ], [ 20.3154603, 48.41857611 ], [ 20.31528468, 48.4180825 ], [ 20.31472679, 48.41736359 ], [ 20.31447416, 48.4170303 ], [ 20.31316986, 48.41529881 ], [ 20.31304215, 48.4150999 ], [ 20.31301859, 48.41429315 ], [ 20.31334207, 48.41363844 ], [ 20.3137303, 48.41300131 ], [ 20.31423029, 48.41217055 ], [ 20.31427372, 48.41190521 ], [ 20.31430305, 48.41172707 ], [ 20.31404442, 48.411091 ], [ 20.3137357, 48.41079245 ], [ 20.31339763, 48.41057905 ], [ 20.31309636, 48.4104681 ], [ 20.31247309, 48.41028609 ], [ 20.31163545, 48.41021702 ], [ 20.31118236, 48.41018829 ], [ 20.31078571, 48.41016088 ], [ 20.31036125, 48.4100749 ], [ 20.31015507, 48.41001327 ], [ 20.30958769, 48.40969118 ], [ 20.30938181, 48.40959262 ], [ 20.30925086, 48.40958756 ], [ 20.30920935, 48.40959476 ], [ 20.30916821, 48.40960854 ], [ 20.30910544, 48.40963869 ], [ 20.30914167, 48.4096712 ], [ 20.30915658, 48.40968458 ], [ 20.30919004, 48.40971473 ], [ 20.30925923, 48.40971123 ], [ 20.30931931, 48.40970819 ], [ 20.3093343, 48.40971464 ], [ 20.3093678, 48.40972902 ], [ 20.30948785, 48.40978069 ], [ 20.30958311, 48.40983417 ], [ 20.30981191, 48.40996264 ], [ 20.31005256, 48.4100978 ], [ 20.31030438, 48.41018501 ], [ 20.31075503, 48.41027932 ], [ 20.3115868, 48.41034133 ], [ 20.3117129, 48.4103507 ], [ 20.31243433, 48.41041332 ], [ 20.31286591, 48.41054264 ], [ 20.31294764, 48.41056712 ], [ 20.31302463, 48.41059024 ], [ 20.31309846, 48.41061675 ], [ 20.31316731, 48.41064153 ], [ 20.31329268, 48.41068664 ], [ 20.31330177, 48.4106925 ], [ 20.31338882, 48.41074854 ], [ 20.31355742, 48.41085706 ], [ 20.31359506, 48.41088134 ], [ 20.31368444, 48.410969 ], [ 20.31385989, 48.41114078 ], [ 20.31397174, 48.41143439 ], [ 20.3140173, 48.41155393 ], [ 20.31404024, 48.41161421 ], [ 20.31409327, 48.41175324 ], [ 20.31407618, 48.41191231 ], [ 20.31405175, 48.41214047 ], [ 20.31400738, 48.41221197 ], [ 20.31394832, 48.41230722 ], [ 20.31385704, 48.41245437 ], [ 20.31375251, 48.41262279 ], [ 20.31373561, 48.41265006 ], [ 20.31364489, 48.41279398 ], [ 20.31354393, 48.41295425 ], [ 20.31349242, 48.41303602 ], [ 20.31344155, 48.41311664 ], [ 20.31342092, 48.41314934 ], [ 20.31323659, 48.41344689 ], [ 20.31315823, 48.41357346 ], [ 20.31308341, 48.41376089 ], [ 20.31307641, 48.41377872 ], [ 20.31294782, 48.41410693 ], [ 20.31292788, 48.41415777 ], [ 20.31290983, 48.4142041 ], [ 20.3128969, 48.41423701 ], [ 20.3128792, 48.41428236 ], [ 20.31287867, 48.41431432 ], [ 20.31287634, 48.41446874 ], [ 20.31286939, 48.4149085 ], [ 20.3128662, 48.41511226 ], [ 20.31293987, 48.41523679 ], [ 20.31300755, 48.41535108 ], [ 20.3132279, 48.41565148 ], [ 20.31334054, 48.41580511 ], [ 20.31340718, 48.41589602 ], [ 20.31354083, 48.41607832 ], [ 20.31364515, 48.41622054 ], [ 20.31374243, 48.41635356 ], [ 20.31376935, 48.41639039 ], [ 20.31382801, 48.41647063 ], [ 20.31383816, 48.41648436 ], [ 20.31385699, 48.41651006 ], [ 20.31389717, 48.41656516 ], [ 20.31389984, 48.41656868 ], [ 20.31449145, 48.41737713 ], [ 20.31481756, 48.41780214 ] ] ] } },
{ "type": "Feature", "properties": { "@featureType": "CadastralParcel", "areaValue": { "value": 924, "@uom": "m2" }, "beginLifespanVersion": { "@nilReason": "http://inspire.ec.europa.eu/codelist/VoidReasonValue/Unpopulated", "@nil": "true" }, "endLifespanVersion": { "@nilReason": "http://inspire.ec.europa.eu/codelist/VoidReasonValue/Unpopulated", "@nil": "true" }, "inspireId": { "@dataType": "Identifier", "localId": "860123_2250/1.C", "namespace": "SK.ESKN.CP", "versionId": "20260703T04:07:53" }, "label": "2250/1", "nationalCadastralReference": "860123_2250/1.C", "referencePoint": { "type": "Point", "coordinates": [ 20.31951413, 48.40790159 ] }, "validFrom": "2026-06-30T16:00:00Z", "validTo": { "@nilReason": "http://inspire.ec.europa.eu/codelist/VoidReasonValue/Unpopulated", "@nil": "true" }, "administrativeUnit": { "@href": "#auAdmUnitS.1834" } }, "geometry": { "type": "Polygon", "coordinates": [ [ [ 20.31950422, 48.40785908 ], [ 20.31942632, 48.40786927 ], [ 20.31907403, 48.40789742 ], [ 20.31906885, 48.40789784 ], [ 20.31873563, 48.40792449 ], [ 20.31874385, 48.4079768 ], [ 20.31874645, 48.40799483 ], [ 20.31876811, 48.40799469 ], [ 20.31881732, 48.40799067 ], [ 20.31892526, 48.40798203 ], [ 20.31902271, 48.40797414 ], [ 20.31904806, 48.40797217 ], [ 20.31921973, 48.40796044 ], [ 20.31941453, 48.40794584 ], [ 20.31946392, 48.40794138 ], [ 20.31961906, 48.40792684 ], [ 20.31964834, 48.40792474 ], [ 20.31975381, 48.40791799 ], [ 20.31978361, 48.40791618 ], [ 20.31985826, 48.40791055 ], [ 20.31991854, 48.40790679 ], [ 20.31997204, 48.40790322 ], [ 20.32004053, 48.40789996 ], [ 20.32020331, 48.40788942 ], [ 20.32019465, 48.40780682 ], [ 20.32014941, 48.40781045 ], [ 20.32007062, 48.4078169 ], [ 20.31999194, 48.4078221 ], [ 20.31991126, 48.40782858 ], [ 20.31982843, 48.40783487 ], [ 20.31974885, 48.40784112 ], [ 20.3196663, 48.40784725 ], [ 20.31958676, 48.40785304 ], [ 20.31950422, 48.40785908 ] ] ] } },
{ "type": "Feature", "properties": { "@featureType": "CadastralParcel", "areaValue": { "value": 3389, "@uom": "m2" }, "beginLifespanVersion": { "@nilReason": "http://inspire.ec.europa.eu/codelist/VoidReasonValue/Unpopulated", "@nil": "true" }, "endLifespanVersion": { "@nilReason": "http://inspire.ec.europa.eu/codelist/VoidReasonValue/Unpopulated", "@nil": "true" }, "inspireId": { "@dataType": "Identifier", "localId": "860123_4456.C", "namespace": "SK.ESKN.CP", "versionId": "20260703T04:07:53" }, "label": "4456", "nationalCadastralReference": "860123_4456.C", "referencePoint": { "type": "Point", "coordinates": [ 20.32680941, 48.43056338 ] }, "validFrom": "2026-06-30T16:00:00Z", "validTo": { "@nilReason": "http://inspire.ec.europa.eu/codelist/VoidReasonValue/Unpopulated", "@nil": "true" }, "administrativeUnit": { "@href": "#auAdmUnitS.1834" } }, "geometry": { "type": "Polygon", "coordinates": [ [ [ 20.32669629, 48.43007286 ], [ 20.3266439, 48.42991683 ], [ 20.32657867, 48.42973147 ], [ 20.32652171, 48.4295704 ], [ 20.32649768, 48.42950243 ], [ 20.32638063, 48.42934423 ], [ 20.32633761, 48.4293056 ], [ 20.32623288, 48.42921176 ], [ 20.32600546, 48.42906329 ], [ 20.32560435, 48.42882764 ], [ 20.32532303, 48.42866101 ], [ 20.32506811, 48.42850515 ], [ 20.32460924, 48.42821561 ], [ 20.32447449, 48.42813357 ], [ 20.32438845, 48.42814209 ], [ 20.32456327, 48.42824859 ], [ 20.32502188, 48.42853803 ], [ 20.32555954, 48.42886129 ], [ 20.32595935, 48.42909626 ], [ 20.32618179, 48.42924138 ], [ 20.32632278, 48.42936772 ], [ 20.32643365, 48.42951766 ], [ 20.32665108, 48.43014469 ], [ 20.32690271, 48.43099127 ], [ 20.32706331, 48.43147435 ], [ 20.32718182, 48.4318701 ], [ 20.3273402, 48.43236453 ], [ 20.32743038, 48.43262295 ], [ 20.32762852, 48.43325417 ], [ 20.32765947, 48.43351486 ], [ 20.32764704, 48.43359267 ], [ 20.32765379, 48.43359284 ], [ 20.32771469, 48.43359469 ], [ 20.32772738, 48.43351545 ], [ 20.32769554, 48.43324797 ], [ 20.32749635, 48.43261328 ], [ 20.32740618, 48.43235478 ], [ 20.32730902, 48.43205131 ], [ 20.32724801, 48.43186098 ], [ 20.32723954, 48.43183281 ], [ 20.32712938, 48.43146514 ], [ 20.32696878, 48.43098206 ], [ 20.32669629, 48.43007286 ] ] ] } },
{ "type": "Feature", "properties": { "@featureType": "CadastralParcel", "areaValue": { "value": 10855, "@uom": "m2" }, "beginLifespanVersion": { "@nilReason": "http://inspire.ec.europa.eu/codelist/VoidReasonValue/Unpopulated", "@nil": "true" }, "endLifespanVersion": { "@nilReason": "http://inspire.ec.europa.eu/codelist/VoidReasonValue/Unpopulated", "@nil": "true" }, "inspireId": { "@dataType": "Identifier", "localId": "860123_3166.C", "namespace": "SK.ESKN.CP", "versionId": "20260703T04:07:53" }, "label": "3166", "nationalCadastralReference": "860123_3166.C", "referencePoint": { "type": "Point", "coordinates": [ 20.30560133, 48.39980281 ] }, "validFrom": "2026-06-30T16:00:00Z", "validTo": { "@nilReason": "http://inspire.ec.europa.eu/codelist/VoidReasonValue/Unpopulated", "@nil": "true" }, "administrativeUnit": { "@href": "#auAdmUnitS.1834" } }, "geometry": { "type": "Polygon", "coordinates": [ [ [ 20.3042756, 48.39947733 ], [ 20.30445997, 48.39969858 ], [ 20.30466686, 48.39999369 ], [ 20.30473876, 48.4000723 ], [ 20.30476281, 48.40005441 ], [ 20.30480155, 48.4000372 ], [ 20.30484101, 48.40002857 ], [ 20.3048786, 48.40002726 ], [ 20.30491819, 48.40002945 ], [ 20.30491866, 48.40002406 ], [ 20.3050932, 48.40003319 ], [ 20.30520373, 48.40004097 ], [ 20.30551071, 48.40006703 ], [ 20.30586987, 48.40009515 ], [ 20.30634291, 48.40012982 ], [ 20.30672168, 48.40016564 ], [ 20.30679638, 48.40017318 ], [ 20.30663127, 48.39969078 ], [ 20.30680084, 48.39956231 ], [ 20.30680825, 48.39949873 ], [ 20.30435752, 48.39947813 ], [ 20.30427883, 48.39947746 ], [ 20.3042756, 48.39947733 ] ], [ [ 20.30561066, 48.39992123 ], [ 20.30561192, 48.39990704 ], [ 20.30563323, 48.39990788 ], [ 20.30563196, 48.39992207 ], [ 20.30561066, 48.39992123 ] ] ] } },
{ "type": "Feature", "properties": { "@featureType": "CadastralParcel", "areaValue": { "value": 837, "@uom": "m2" }, "beginLifespanVersion": { "@nilReason": "http://inspire.ec.europa.eu/codelist/VoidReasonValue/Unpopulated", "@nil": "true" }, "endLifespanVersion": { "@nilReason": "http://inspire.ec.europa.eu/codelist/VoidReasonValue/Unpopulated", "@nil": "true" }, "inspireId": { "@dataType": "Identifier", "localId": "860123_4457.C", "namespace": "SK.ESKN.CP", "versionId": "20260703T04:07:53" }, "label": "4457", "nationalCadastralReference": "860123_4457.C", "referencePoint": { "type": "Point", "coordinates": [ 20.32688403, 48.42895426 ] }, "validFrom": "2026-06-30T16:00:00Z", "validTo": { "@nilReason": "http://inspire.ec.europa.eu/codelist/VoidReasonValue/Unpopulated", "@nil": "true" }, "administrativeUnit": { "@href": "#auAdmUnitS.1834" } }, "geometry": { "type": "Polygon", "coordinates": [ [ [ 20.32657867, 48.42973147 ], [ 20.32658496, 48.42968027 ], [ 20.32670064, 48.42949443 ], [ 20.3267925, 48.42933442 ], [ 20.32689593, 48.42913855 ], [ 20.32692126, 48.42907107 ], [ 20.32693117, 48.42903398 ], [ 20.32693119, 48.42898947 ], [ 20.32691333, 48.42894805 ], [ 20.32668765, 48.42852585 ], [ 20.32666852, 48.42848807 ], [ 20.32666609, 48.42846968 ], [ 20.32667244, 48.42845912 ], [ 20.32672481, 48.42843478 ], [ 20.3268262, 48.42838586 ], [ 20.32690892, 48.42832775 ], [ 20.32696649, 48.42827532 ], [ 20.32700468, 48.42821546 ], [ 20.32701056, 48.42818722 ], [ 20.32694306, 48.42820503 ], [ 20.3269133, 48.42825522 ], [ 20.32686207, 48.42830177 ], [ 20.3267857, 48.42835554 ], [ 20.32668061, 48.42840656 ], [ 20.32662167, 48.4284347 ], [ 20.32660423, 48.42846348 ], [ 20.32660812, 48.42849444 ], [ 20.32662914, 48.42853689 ], [ 20.32685537, 48.42896047 ], [ 20.32687031, 48.42899511 ], [ 20.3268703, 48.42903042 ], [ 20.32686176, 48.42906261 ], [ 20.32683752, 48.42912707 ], [ 20.32674451, 48.42930452 ], [ 20.32664401, 48.42947951 ], [ 20.32659705, 48.42956047 ], [ 20.32655931, 48.42957998 ], [ 20.32652171, 48.4295704 ], [ 20.32657867, 48.42973147 ] ] ] } },
{ "type": "Feature", "properties": { "@featureType": "CadastralParcel", "areaValue": { "value": 918, "@uom": "m2" }, "beginLifespanVersion": { "@nilReason": "http://inspire.ec.europa.eu/codelist/VoidReasonValue/Unpopulated", "@nil": "true" }, "endLifespanVersion": { "@nilReason": "http://inspire.ec.europa.eu/codelist/VoidReasonValue/Unpopulated", "@nil": "true" }, "inspireId": { "@dataType": "Identifier", "localId": "860123_4458.C", "namespace": "SK.ESKN.CP", "versionId": "20260703T04:07:53" }, "label": "4458", "nationalCadastralReference": "860123_4458.C", "referencePoint": { "type": "Point", "coordinates": [ 20.32693939, 48.43002679 ] }, "validFrom": "2026-06-30T16:00:00Z", "validTo": { "@nilReason": "http://inspire.ec.europa.eu/codelist/VoidReasonValue/Unpopulated", "@nil": "true" }, "administrativeUnit": { "@href": "#auAdmUnitS.1834" } }, "geometry": { "type": "Polygon", "coordinates": [ [ [ 20.32677923, 48.43002448 ], [ 20.32683716, 48.43003378 ], [ 20.32691698, 48.43004664 ], [ 20.32705166, 48.43006372 ], [ 20.3271131, 48.43007153 ], [ 20.32728222, 48.43008041 ], [ 20.3273206, 48.43007813 ], [ 20.3273996, 48.43006808 ], [ 20.327528, 48.43004599 ], [ 20.32769006, 48.43000603 ], [ 20.32789998, 48.42994687 ], [ 20.3279438, 48.42993669 ], [ 20.32799352, 48.42993008 ], [ 20.32802942, 48.42993139 ], [ 20.32806125, 48.42993886 ], [ 20.32814619, 48.42998408 ], [ 20.32825355, 48.43006208 ], [ 20.32840956, 48.43017009 ], [ 20.32845266, 48.43018943 ], [ 20.32848235, 48.43019663 ], [ 20.32850739, 48.43019824 ], [ 20.32854564, 48.43019127 ], [ 20.32859078, 48.43017223 ], [ 20.32868706, 48.43011528 ], [ 20.32877043, 48.43005431 ], [ 20.32883274, 48.42999422 ], [ 20.32887472, 48.42994055 ], [ 20.32891062, 48.42986672 ], [ 20.32885087, 48.42985817 ], [ 20.32881844, 48.42992483 ], [ 20.32878057, 48.42997335 ], [ 20.32872271, 48.4300291 ], [ 20.32864369, 48.43008682 ], [ 20.3285551, 48.43013939 ], [ 20.32852079, 48.4301539 ], [ 20.32849589, 48.4301568 ], [ 20.32848051, 48.43015314 ], [ 20.32844848, 48.43013873 ], [ 20.32835846, 48.43007898 ], [ 20.32818919, 48.42995558 ], [ 20.32808897, 48.42990247 ], [ 20.32804149, 48.42989133 ], [ 20.32798914, 48.42988936 ], [ 20.32792776, 48.42989759 ], [ 20.32787801, 48.42990906 ], [ 20.32767539, 48.4299668 ], [ 20.32751003, 48.43000726 ], [ 20.32731209, 48.43003807 ], [ 20.32727957, 48.43003995 ], [ 20.32712287, 48.43003155 ], [ 20.32692941, 48.43000712 ], [ 20.32679503, 48.42998672 ], [ 20.32668945, 48.42995438 ], [ 20.3266439, 48.42991683 ], [ 20.32669629, 48.43007286 ], [ 20.32672342, 48.43003257 ], [ 20.32673795, 48.43003043 ], [ 20.32677923, 48.43002448 ] ] ] } },
{ "type": "Feature", "properties": { "@featureType": "CadastralParcel", "areaValue": { "value": 1687, "@uom": "m2" }, "beginLifespanVersion": { "@nilReason": "http://inspire.ec.europa.eu/codelist/VoidReasonValue/Unpopulated", "@nil": "true" }, "endLifespanVersion": { "@nilReason": "http://inspire.ec.europa.eu/codelist/VoidReasonValue/Unpopulated", "@nil": "true" }, "inspireId": { "@dataType": "Identifier", "localId": "860123_3219.C", "namespace": "SK.ESKN.CP", "versionId": "20260703T04:07:53" }, "label": "3219", "nationalCadastralReference": "860123_3219.C", "referencePoint": { "type": "Point", "coordinates": [ 20.32726061, 48.42989793 ] }, "validFrom": "2026-06-30T16:00:00Z", "validTo": { "@nilReason": "http://inspire.ec.europa.eu/codelist/VoidReasonValue/Unpopulated", "@nil": "true" }, "administrativeUnit": { "@href": "#auAdmUnitS.1834" } }, "geometry": { "type": "Polygon", "coordinates": [ [ [ 20.32767539, 48.4299668 ], [ 20.32767301, 48.42991869 ], [ 20.32765102, 48.42975106 ], [ 20.32737673, 48.42972518 ], [ 20.32711705, 48.42976221 ], [ 20.32686401, 48.42987717 ], [ 20.32679503, 48.42998672 ], [ 20.32692941, 48.43000712 ], [ 20.32712287, 48.43003155 ], [ 20.32727957, 48.43003995 ], [ 20.32731209, 48.43003807 ], [ 20.32751003, 48.43000726 ], [ 20.32767539, 48.4299668 ] ] ] } },
{ "type": "Feature", "properties": { "@featureType": "CadastralParcel", "areaValue": { "value": 4914, "@uom": "m2" }, "beginLifespanVersion": { "@nilReason": "http://inspire.ec.europa.eu/codelist/VoidReasonValue/Unpopulated", "@nil": "true" }, "endLifespanVersion": { "@nilReason": "http://inspire.ec.europa.eu/codelist/VoidReasonValue/Unpopulated", "@nil": "true" }, "inspireId": { "@dataType": "Identifier", "localId": "860123_3220.C", "namespace": "SK.ESKN.CP", "versionId": "20260703T04:07:53" }, "label": "3220", "nationalCadastralReference": "860123_3220.C", "referencePoint": { "type": "Point", "coordinates": [ 20.32692302, 48.42974127 ] }, "validFrom": "2026-06-30T16:00:00Z", "validTo": { "@nilReason": "http://inspire.ec.europa.eu/codelist/VoidReasonValue/Unpopulated", "@nil": "true" }, "administrativeUnit": { "@href": "#auAdmUnitS.1834" } }, "geometry": { "type": "Polygon", "coordinates": [ [ [ 20.32686401, 48.42987717 ], [ 20.32711705, 48.42976221 ], [ 20.32737673, 48.42972518 ], [ 20.32765102, 48.42975106 ], [ 20.32767301, 48.42991869 ], [ 20.32767539, 48.4299668 ], [ 20.32787801, 48.42990906 ], [ 20.32792776, 48.42989759 ], [ 20.32798914, 48.42988936 ], [ 20.32804149, 48.42989133 ], [ 20.32808897, 48.42990247 ], [ 20.32818919, 48.42995558 ], [ 20.32835846, 48.43007898 ], [ 20.32844848, 48.43013873 ], [ 20.32848051, 48.43015314 ], [ 20.32849589, 48.4301568 ], [ 20.32852079, 48.4301539 ], [ 20.3285551, 48.43013939 ], [ 20.32864369, 48.43008682 ], [ 20.32872271, 48.4300291 ], [ 20.32878057, 48.42997335 ], [ 20.32881844, 48.42992483 ], [ 20.32885087, 48.42985817 ], [ 20.32884645, 48.42985754 ], [ 20.32877547, 48.42984737 ], [ 20.32866478, 48.4298789 ], [ 20.32801913, 48.42970638 ], [ 20.32790689, 48.42971577 ], [ 20.32769418, 48.42967942 ], [ 20.3275558, 48.4296093 ], [ 20.32737993, 48.42958502 ], [ 20.32733024, 48.42951316 ], [ 20.32681239, 48.42934682 ], [ 20.3267925, 48.42933442 ], [ 20.32670064, 48.42949443 ], [ 20.32658496, 48.42968027 ], [ 20.32657867, 48.42973147 ], [ 20.3266439, 48.42991683 ], [ 20.32668945, 48.42995438 ], [ 20.32679503, 48.42998672 ], [ 20.32686401, 48.42987717 ] ] ] } },
{ "type": "Feature", "properties": { "@featureType": "CadastralParcel", "areaValue": { "value": 2882, "@uom": "m2" }, "beginLifespanVersion": { "@nilReason": "http://inspire.ec.europa.eu/codelist/VoidReasonValue/Unpopulated", "@nil": "true" }, "endLifespanVersion": { "@nilReason": "http://inspire.ec.europa.eu/codelist/VoidReasonValue/Unpopulated", "@nil": "true" }, "inspireId": { "@dataType": "Identifier", "localId": "860123_3226.C", "namespace": "SK.ESKN.CP", "versionId": "20260703T04:07:53" }, "label": "3226", "nationalCadastralReference": "860123_3226.C", "referencePoint": { "type": "Point", "coordinates": [ 20.32653462, 48.42872127 ] }, "validFrom": "2026-06-30T16:00:00Z", "validTo": { "@nilReason": "http://inspire.ec.europa.eu/codelist/VoidReasonValue/Unpopulated", "@nil": "true" }, "administrativeUnit": { "@href": "#auAdmUnitS.1834" } }, "geometry": { "type": "Polygon", "coordinates": [ [ [ 20.32633713, 48.42890565 ], [ 20.32648755, 48.42910128 ], [ 20.32655128, 48.42918424 ], [ 20.32674451, 48.42930452 ], [ 20.32683752, 48.42912707 ], [ 20.32686176, 48.42906261 ], [ 20.3268703, 48.42903042 ], [ 20.32687031, 48.42899511 ], [ 20.32685537, 48.42896047 ], [ 20.32662914, 48.42853689 ], [ 20.32660812, 48.42849444 ], [ 20.32660423, 48.42846348 ], [ 20.32662167, 48.4284347 ], [ 20.32668061, 48.42840656 ], [ 20.3267857, 48.42835554 ], [ 20.32686207, 48.42830177 ], [ 20.3269133, 48.42825522 ], [ 20.32694306, 48.42820503 ], [ 20.32692601, 48.4282095 ], [ 20.32690321, 48.42821626 ], [ 20.3267662, 48.42825621 ], [ 20.32654256, 48.42831745 ], [ 20.32647551, 48.42833473 ], [ 20.32634802, 48.4284583 ], [ 20.32633713, 48.42890565 ] ] ] } },
{ "type": "Feature", "properties": { "@featureType": "CadastralParcel", "areaValue": { "value": 314, "@uom": "m2" }, "beginLifespanVersion": { "@nilReason": "http://inspire.ec.europa.eu/codelist/VoidReasonValue/Unpopulated", "@nil": "true" }, "endLifespanVersion": { "@nilReason": "http://inspire.ec.europa.eu/codelist/VoidReasonValue/Unpopulated", "@nil": "true" }, "inspireId": { "@dataType": "Identifier", "localId": "860123_3230.C", "namespace": "SK.ESKN.CP", "versionId": "20260703T04:07:53" }, "label": "3230", "nationalCadastralReference": "860123_3230.C", "referencePoint": { "type": "Point", "coordinates": [ 20.3270323, 48.42832472 ] }, "validFrom": "2026-06-30T16:00:00Z", "validTo": { "@nilReason": "http://inspire.ec.europa.eu/codelist/VoidReasonValue/Unpopulated", "@nil": "true" }, "administrativeUnit": { "@href": "#auAdmUnitS.1834" } }, "geometry": { "type": "Polygon", "coordinates": [ [ [ 20.3271592, 48.42833558 ], [ 20.32705783, 48.42817475 ], [ 20.32701056, 48.42818722 ], [ 20.32700468, 48.42821546 ], [ 20.32696649, 48.42827532 ], [ 20.32690892, 48.42832775 ], [ 20.3268262, 48.42838586 ], [ 20.32672481, 48.42843478 ], [ 20.32667244, 48.42845912 ], [ 20.32666609, 48.42846968 ], [ 20.3271592, 48.42833558 ] ], [ [ 20.32710155, 48.4283217 ], [ 20.32708723, 48.42829681 ], [ 20.32710691, 48.42829163 ], [ 20.32712154, 48.42831599 ], [ 20.32710155, 48.4283217 ] ] ] } },
{ "type": "Feature", "properties": { "@featureType": "CadastralParcel", "areaValue": { "value": 7894, "@uom": "m2" }, "beginLifespanVersion": { "@nilReason": "http://inspire.ec.europa.eu/codelist/VoidReasonValue/Unpopulated", "@nil": "true" }, "endLifespanVersion": { "@nilReason": "http://inspire.ec.europa.eu/codelist/VoidReasonValue/Unpopulated", "@nil": "true" }, "inspireId": { "@dataType": "Identifier", "localId": "860123_4478.C", "namespace": "SK.ESKN.CP", "versionId": "20260703T04:07:53" }, "label": "4478", "nationalCadastralReference": "860123_4478.C", "referencePoint": { "type": "Point", "coordinates": [ 20.30614668, 48.40164527 ] }, "validFrom": "2026-06-30T16:00:00Z", "validTo": { "@nilReason": "http://inspire.ec.europa.eu/codelist/VoidReasonValue/Unpopulated", "@nil": "true" }, "administrativeUnit": { "@href": "#auAdmUnitS.1834" } }, "geometry": { "type": "Polygon", "coordinates": [ [ [ 20.31853461, 48.40227457 ], [ 20.31799003, 48.40230786 ], [ 20.31747125, 48.40234019 ], [ 20.31699885, 48.40236974 ], [ 20.31682591, 48.40238069 ], [ 20.31671653, 48.40238738 ], [ 20.31642405, 48.40240508 ], [ 20.31623489, 48.40241738 ], [ 20.31607812, 48.40242743 ], [ 20.31566152, 48.40245331 ], [ 20.31512453, 48.40248644 ], [ 20.31503909, 48.40249173 ], [ 20.31452194, 48.40252393 ], [ 20.31425173, 48.40254078 ], [ 20.31417934, 48.40254532 ], [ 20.31405716, 48.40255295 ], [ 20.31357157, 48.40258323 ], [ 20.31306433, 48.402615 ], [ 20.31269601, 48.40263799 ], [ 20.31213734, 48.40267296 ], [ 20.31162499, 48.40270433 ], [ 20.31106578, 48.40273927 ], [ 20.31034901, 48.40278251 ], [ 20.30999472, 48.40284263 ], [ 20.30994242, 48.40284949 ], [ 20.30987723, 48.40286134 ], [ 20.30981828, 48.40286236 ], [ 20.30975886, 48.40285191 ], [ 20.30970001, 48.40283049 ], [ 20.30960041, 48.40278648 ], [ 20.30913926, 48.40258255 ], [ 20.30912398, 48.40257627 ], [ 20.3089083, 48.40248795 ], [ 20.30851598, 48.40232718 ], [ 20.30839325, 48.40227694 ], [ 20.3081207, 48.40217233 ], [ 20.30802738, 48.40213676 ], [ 20.30735494, 48.40192774 ], [ 20.30728687, 48.40190659 ], [ 20.30637857, 48.40169783 ], [ 20.30594599, 48.40155781 ], [ 20.30540571, 48.40129759 ], [ 20.30518482, 48.40106689 ], [ 20.30509878, 48.40079266 ], [ 20.30505681, 48.40066965 ], [ 20.30509067, 48.40060683 ], [ 20.30505762, 48.40050976 ], [ 20.30503685, 48.40041163 ], [ 20.30498717, 48.40040878 ], [ 20.30498775, 48.40040384 ], [ 20.30492455, 48.4003964 ], [ 20.30488409, 48.4003857 ], [ 20.30484054, 48.40036732 ], [ 20.30489822, 48.40053123 ], [ 20.30496083, 48.40080272 ], [ 20.30509154, 48.40109339 ], [ 20.30513289, 48.40108799 ], [ 20.30536071, 48.40132582 ], [ 20.3059045, 48.4015878 ], [ 20.30591475, 48.40159271 ], [ 20.30635535, 48.4017353 ], [ 20.30726365, 48.40194406 ], [ 20.30745575, 48.40200379 ], [ 20.30800363, 48.40217411 ], [ 20.30809038, 48.40220744 ], [ 20.30825041, 48.40226879 ], [ 20.30836216, 48.40231166 ], [ 20.3084841, 48.4023616 ], [ 20.30887642, 48.40252238 ], [ 20.30908935, 48.40260968 ], [ 20.30910633, 48.40261666 ], [ 20.30957442, 48.40281248 ], [ 20.30989105, 48.40294496 ], [ 20.30995314, 48.40292992 ], [ 20.31002718, 48.40291139 ], [ 20.31036732, 48.40285369 ], [ 20.31107566, 48.40281093 ], [ 20.31163501, 48.402776 ], [ 20.31214736, 48.40274462 ], [ 20.31255336, 48.40271923 ], [ 20.31270616, 48.40270966 ], [ 20.31307448, 48.40268666 ], [ 20.31358172, 48.4026549 ], [ 20.31406718, 48.40262461 ], [ 20.31418949, 48.40261699 ], [ 20.31426188, 48.40261245 ], [ 20.31453196, 48.40259559 ], [ 20.31504911, 48.40256339 ], [ 20.31513455, 48.4025581 ], [ 20.31567154, 48.40252497 ], [ 20.31608841, 48.4024991 ], [ 20.31624532, 48.40248896 ], [ 20.31643421, 48.40247674 ], [ 20.31672641, 48.40245904 ], [ 20.31683593, 48.40245235 ], [ 20.31700901, 48.4024414 ], [ 20.31867157, 48.40234599 ], [ 20.31862522, 48.40233615 ], [ 20.3186207, 48.40228939 ], [ 20.3186187, 48.40226922 ], [ 20.31853461, 48.40227457 ] ], [ [ 20.3049411, 48.40052832 ], [ 20.30494236, 48.40051414 ], [ 20.30494776, 48.40051435 ], [ 20.30496367, 48.40051498 ], [ 20.3049624, 48.40052916 ], [ 20.3049411, 48.40052832 ] ] ] } },
{ "type": "Feature", "properties": { "@featureType": "CadastralParcel", "areaValue": { "value": 925, "@uom": "m2" }, "beginLifespanVersion": { "@nilReason": "http://inspire.ec.europa.eu/codelist/VoidReasonValue/Unpopulated", "@nil": "true" }, "endLifespanVersion": { "@nilReason": "http://inspire.ec.europa.eu/codelist/VoidReasonValue/Unpopulated", "@nil": "true" }, "inspireId": { "@dataType": "Identifier", "localId": "860123_2631/2.C", "namespace": "SK.ESKN.CP", "versionId": "20260703T04:07:53" }, "label": "2631/2", "nationalCadastralReference": "860123_2631/2.C", "referencePoint": { "type": "Point", "coordinates": [ 20.30480127, 48.40285537 ] }, "validFrom": "2026-06-30T16:00:00Z", "validTo": { "@nilReason": "http://inspire.ec.europa.eu/codelist/VoidReasonValue/Unpopulated", "@nil": "true" }, "administrativeUnit": { "@href": "#auAdmUnitS.1834" } }, "geometry": { "type": "Polygon", "coordinates": [ [ [ 20.30431456, 48.40309474 ], [ 20.30438447, 48.40307695 ], [ 20.30434192, 48.40299239 ], [ 20.30446504, 48.4029621 ], [ 20.30450698, 48.40304583 ], [ 20.30458367, 48.40302642 ], [ 20.3045366, 48.40294708 ], [ 20.30465321, 48.40291383 ], [ 20.30470256, 48.40299488 ], [ 20.30475744, 48.40298029 ], [ 20.30471196, 48.40289831 ], [ 20.30483262, 48.40286522 ], [ 20.30488092, 48.40294749 ], [ 20.30495727, 48.40292726 ], [ 20.30491187, 48.40284438 ], [ 20.30503094, 48.40281393 ], [ 20.30507686, 48.40289557 ], [ 20.30513409, 48.40288035 ], [ 20.30508657, 48.40280153 ], [ 20.3052146, 48.40276153 ], [ 20.30526532, 48.40284551 ], [ 20.30532644, 48.40282927 ], [ 20.30527976, 48.40274544 ], [ 20.30541002, 48.40271093 ], [ 20.30545669, 48.40279476 ], [ 20.30578096, 48.4027087 ], [ 20.30529725, 48.40262477 ], [ 20.30427112, 48.40301104 ], [ 20.30431456, 48.40309474 ] ] ] } },
{ "type": "Feature", "properties": { "@featureType": "CadastralParcel", "areaValue": { "value": 5950, "@uom": "m2" }, "beginLifespanVersion": { "@nilReason": "http://inspire.ec.europa.eu/codelist/VoidReasonValue/Unpopulated", "@nil": "true" }, "endLifespanVersion": { "@nilReason": "http://inspire.ec.europa.eu/codelist/VoidReasonValue/Unpopulated", "@nil": "true" }, "inspireId": { "@dataType": "Identifier", "localId": "860123_2251/1.C", "namespace": "SK.ESKN.CP", "versionId": "20260703T04:07:53" }, "label": "2251/1", "nationalCadastralReference": "860123_2251/1.C", "referencePoint": { "type": "Point", "coordinates": [ 20.31642607, 48.40697447 ] }, "validFrom": "2026-06-30T16:00:00Z", "validTo": { "@nilReason": "http://inspire.ec.europa.eu/codelist/VoidReasonValue/Unpopulated", "@nil": "true" }, "administrativeUnit": { "@href": "#auAdmUnitS.1834" } }, "geometry": { "type": "Polygon", "coordinates": [ [ [ 20.31596537, 48.40688648 ], [ 20.31611345, 48.40691644 ], [ 20.31625687, 48.40695785 ], [ 20.31646005, 48.40703187 ], [ 20.31656562, 48.40706981 ], [ 20.31659848, 48.40710363 ], [ 20.31674032, 48.40714767 ], [ 20.31689194, 48.40717741 ], [ 20.3174432, 48.40728467 ], [ 20.31753404, 48.40729634 ], [ 20.31785421, 48.40732685 ], [ 20.31820097, 48.40735507 ], [ 20.3185723, 48.40738533 ], [ 20.31859867, 48.40739322 ], [ 20.31873025, 48.40726891 ], [ 20.31870947, 48.40726828 ], [ 20.31849946, 48.4072621 ], [ 20.31842701, 48.40726124 ], [ 20.31821903, 48.40725199 ], [ 20.31813132, 48.40724917 ], [ 20.3180409, 48.40724643 ], [ 20.31802498, 48.4072459 ], [ 20.31775512, 48.40723719 ], [ 20.3176433, 48.40723315 ], [ 20.31751386, 48.40721563 ], [ 20.31736374, 48.40718568 ], [ 20.31729212, 48.40717079 ], [ 20.31710358, 48.4071332 ], [ 20.31710503, 48.40711218 ], [ 20.31704737, 48.40710469 ], [ 20.31691811, 48.40708672 ], [ 20.31680943, 48.40705957 ], [ 20.31672976, 48.40703932 ], [ 20.31663344, 48.40700544 ], [ 20.31659398, 48.4069911 ], [ 20.31642032, 48.40692598 ], [ 20.31636852, 48.40676691 ], [ 20.31636053, 48.40676542 ], [ 20.31635987, 48.40676531 ], [ 20.31629704, 48.40676581 ], [ 20.31628999, 48.40676589 ], [ 20.31623571, 48.4067661 ], [ 20.31619238, 48.406768 ], [ 20.31610875, 48.40677265 ], [ 20.31610439, 48.40677292 ], [ 20.31600262, 48.40678676 ], [ 20.31577587, 48.40678028 ], [ 20.31567241, 48.40677802 ], [ 20.31562383, 48.40677953 ], [ 20.31554795, 48.40678223 ], [ 20.31554719, 48.40677256 ], [ 20.31546917, 48.40677336 ], [ 20.31533075, 48.40677639 ], [ 20.31519118, 48.40678001 ], [ 20.31508914, 48.40678167 ], [ 20.31509007, 48.40679865 ], [ 20.31494142, 48.40680406 ], [ 20.31484437, 48.40680737 ], [ 20.31473851, 48.40681852 ], [ 20.3146242, 48.40681511 ], [ 20.31455267, 48.40681302 ], [ 20.31442259, 48.40680889 ], [ 20.31437329, 48.40680786 ], [ 20.31433223, 48.40680552 ], [ 20.31423734, 48.40679972 ], [ 20.31406049, 48.40678898 ], [ 20.31405985, 48.40678553 ], [ 20.31390308, 48.40677108 ], [ 20.31382115, 48.40676416 ], [ 20.31373535, 48.40675665 ], [ 20.31360289, 48.40674423 ], [ 20.31360248, 48.40673971 ], [ 20.31352329, 48.40673092 ], [ 20.31346182, 48.40672364 ], [ 20.31338358, 48.40671479 ], [ 20.31331292, 48.40670895 ], [ 20.31325109, 48.40670427 ], [ 20.31317701, 48.40669892 ], [ 20.31317055, 48.40669849 ], [ 20.31309341, 48.40669248 ], [ 20.31295712, 48.40668207 ], [ 20.31295213, 48.40668188 ], [ 20.31288359, 48.40667963 ], [ 20.31281601, 48.40667724 ], [ 20.31277095, 48.40667565 ], [ 20.31270313, 48.40667136 ], [ 20.3126516, 48.40666808 ], [ 20.31257417, 48.40666224 ], [ 20.31256391, 48.40666048 ], [ 20.31248355, 48.4066511 ], [ 20.31235828, 48.40663546 ], [ 20.3121568, 48.40660492 ], [ 20.31214491, 48.40660319 ], [ 20.3119931, 48.40658163 ], [ 20.31214574, 48.40664115 ], [ 20.31199117, 48.40662471 ], [ 20.31198292, 48.40662321 ], [ 20.3120001, 48.40669795 ], [ 20.31200802, 48.40673376 ], [ 20.3120174, 48.40673485 ], [ 20.3120366, 48.40670137 ], [ 20.31214541, 48.40670736 ], [ 20.31209359, 48.40674388 ], [ 20.3123144, 48.40677014 ], [ 20.31232753, 48.40677011 ], [ 20.3123876, 48.40676563 ], [ 20.31244969, 48.4067796 ], [ 20.31245526, 48.40678081 ], [ 20.31246375, 48.4067797 ], [ 20.31258576, 48.40679703 ], [ 20.31265604, 48.40679493 ], [ 20.31268737, 48.40679724 ], [ 20.31274191, 48.40680164 ], [ 20.3128239, 48.40680792 ], [ 20.31300915, 48.40682467 ], [ 20.31301466, 48.40682516 ], [ 20.31301819, 48.40682043 ], [ 20.31313945, 48.40683241 ], [ 20.31326035, 48.40684554 ], [ 20.31326705, 48.40684626 ], [ 20.31332443, 48.4068477 ], [ 20.31346678, 48.40685384 ], [ 20.31347217, 48.40685405 ], [ 20.31354026, 48.40685682 ], [ 20.31365189, 48.40686157 ], [ 20.31373538, 48.40686458 ], [ 20.31374064, 48.40686479 ], [ 20.31422709, 48.40690004 ], [ 20.31439894, 48.4069123 ], [ 20.31455024, 48.40692284 ], [ 20.31454799, 48.40689779 ], [ 20.31460369, 48.40689836 ], [ 20.31513144, 48.40688001 ], [ 20.31549291, 48.40686584 ], [ 20.31560969, 48.40686277 ], [ 20.31572261, 48.4068636 ], [ 20.31582092, 48.40686882 ], [ 20.31596537, 48.40688648 ] ] ] } },
{ "type": "Feature", "properties": { "@featureType": "CadastralParcel", "areaValue": { "value": 3438, "@uom": "m2" }, "beginLifespanVersion": { "@nilReason": "http://inspire.ec.europa.eu/codelist/VoidReasonValue/Unpopulated", "@nil": "true" }, "endLifespanVersion": { "@nilReason": "http://inspire.ec.europa.eu/codelist/VoidReasonValue/Unpopulated", "@nil": "true" }, "inspireId": { "@dataType": "Identifier", "localId": "860123_2084/2.C", "namespace": "SK.ESKN.CP", "versionId": "20260703T04:07:53" }, "label": "2084/2", "nationalCadastralReference": "860123_2084/2.C", "referencePoint": { "type": "Point", "coordinates": [ 20.33175497, 48.42326806 ] }, "validFrom": "2026-06-30T16:00:00Z", "validTo": { "@nilReason": "http://inspire.ec.europa.eu/codelist/VoidReasonValue/Unpopulated", "@nil": "true" }, "administrativeUnit": { "@href": "#auAdmUnitS.1834" } }, "geometry": { "type": "Polygon", "coordinates": [ [ [ 20.3321874, 48.42349305 ], [ 20.33222875, 48.42348467 ], [ 20.33220701, 48.42344121 ], [ 20.33216676, 48.42345098 ], [ 20.33214788, 48.42341493 ], [ 20.33198745, 48.42309052 ], [ 20.33189765, 48.42288438 ], [ 20.33182713, 48.42289053 ], [ 20.33186316, 48.42299592 ], [ 20.33140405, 48.42312119 ], [ 20.33150816, 48.42362025 ], [ 20.33155249, 48.42378191 ], [ 20.33199573, 48.42368916 ], [ 20.33213622, 48.42366178 ], [ 20.33199023, 48.42355227 ], [ 20.33204395, 48.42352492 ], [ 20.3321874, 48.42349305 ] ] ] } },
{ "type": "Feature", "properties": { "@featureType": "CadastralParcel", "areaValue": { "value": 36031, "@uom": "m2" }, "beginLifespanVersion": { "@nilReason": "http://inspire.ec.europa.eu/codelist/VoidReasonValue/Unpopulated", "@nil": "true" }, "endLifespanVersion": { "@nilReason": "http://inspire.ec.europa.eu/codelist/VoidReasonValue/Unpopulated", "@nil": "true" }, "inspireId": { "@dataType": "Identifier", "localId": "860123_2658/1.C", "namespace": "SK.ESKN.CP", "versionId": "20260703T04:07:53" }, "label": "2658/1", "nationalCadastralReference": "860123_2658/1.C", "referencePoint": { "type": "Point", "coordinates": [ 20.30639004, 48.40229343 ] }, "validFrom": "2026-06-30T16:00:00Z", "validTo": { "@nilReason": "http://inspire.ec.europa.eu/codelist/VoidReasonValue/Unpopulated", "@nil": "true" }, "administrativeUnit": { "@href": "#auAdmUnitS.1834" } }, "geometry": { "type": "Polygon", "coordinates": [ [ [ 20.30831352, 48.4034202 ], [ 20.30857434, 48.40312215 ], [ 20.30877377, 48.40292873 ], [ 20.30902006, 48.40268002 ], [ 20.30838939, 48.40244536 ], [ 20.30787559, 48.40225845 ], [ 20.30723623, 48.40208371 ], [ 20.30682162, 48.40196828 ], [ 20.30595353, 48.4017638 ], [ 20.30577986, 48.4017083 ], [ 20.30520458, 48.40142166 ], [ 20.30492085, 48.40111559 ], [ 20.30450977, 48.40116913 ], [ 20.30448965, 48.40117176 ], [ 20.30409883, 48.40122267 ], [ 20.30367942, 48.40127722 ], [ 20.30376015, 48.40143447 ], [ 20.30397861, 48.40168634 ], [ 20.30444727, 48.40208412 ], [ 20.30486869, 48.4023284 ], [ 20.30544662, 48.40251677 ], [ 20.30629512, 48.40265849 ], [ 20.30694602, 48.40285577 ], [ 20.30756257, 48.40310619 ], [ 20.30831352, 48.4034202 ] ] ] } },
{ "type": "Feature", "properties": { "@featureType": "CadastralParcel", "areaValue": { "value": 6170, "@uom": "m2" }, "beginLifespanVersion": { "@nilReason": "http://inspire.ec.europa.eu/codelist/VoidReasonValue/Unpopulated", "@nil": "true" }, "endLifespanVersion": { "@nilReason": "http://inspire.ec.europa.eu/codelist/VoidReasonValue/Unpopulated", "@nil": "true" }, "inspireId": { "@dataType": "Identifier", "localId": "860123_2657/1.C", "namespace": "SK.ESKN.CP", "versionId": "20260703T04:07:53" }, "label": "2657/1", "nationalCadastralReference": "860123_2657/1.C", "referencePoint": { "type": "Point", "coordinates": [ 20.30485736, 48.40238603 ] }, "validFrom": "2026-06-30T16:00:00Z", "validTo": { "@nilReason": "http://inspire.ec.europa.eu/codelist/VoidReasonValue/Unpopulated", "@nil": "true" }, "administrativeUnit": { "@href": "#auAdmUnitS.1834" } }, "geometry": { "type": "Polygon", "coordinates": [ [ [ 20.30824093, 48.40350167 ], [ 20.3082627, 48.40347739 ], [ 20.30828165, 48.40345606 ], [ 20.30831352, 48.4034202 ], [ 20.30756257, 48.40310619 ], [ 20.30694602, 48.40285577 ], [ 20.30629512, 48.40265849 ], [ 20.30544662, 48.40251677 ], [ 20.30486869, 48.4023284 ], [ 20.30444727, 48.40208412 ], [ 20.30397861, 48.40168634 ], [ 20.30376015, 48.40143447 ], [ 20.30367942, 48.40127722 ], [ 20.30362398, 48.40128441 ], [ 20.30348065, 48.40130309 ], [ 20.30357447, 48.40146535 ], [ 20.30384422, 48.4017643 ], [ 20.30410701, 48.40201972 ], [ 20.30429819, 48.40215834 ], [ 20.30439722, 48.40223162 ], [ 20.30477076, 48.40244365 ], [ 20.30529725, 48.40262477 ], [ 20.30578096, 48.4027087 ], [ 20.3061975, 48.40277196 ], [ 20.30736455, 48.40314497 ], [ 20.30824093, 48.40350167 ] ] ] } },
{ "type": "Feature", "properties": { "@featureType": "CadastralParcel", "areaValue": { "value": 3321, "@uom": "m2" }, "beginLifespanVersion": { "@nilReason": "http://inspire.ec.europa.eu/codelist/VoidReasonValue/Unpopulated", "@nil": "true" }, "endLifespanVersion": { "@nilReason": "http://inspire.ec.europa.eu/codelist/VoidReasonValue/Unpopulated", "@nil": "true" }, "inspireId": { "@dataType": "Identifier", "localId": "860123_2639/4.C", "namespace": "SK.ESKN.CP", "versionId": "20260703T04:07:53" }, "label": "2639/4", "nationalCadastralReference": "860123_2639/4.C", "referencePoint": { "type": "Point", "coordinates": [ 20.3092322, 48.40452105 ] }, "validFrom": "2026-06-30T16:00:00Z", "validTo": { "@nilReason": "http://inspire.ec.europa.eu/codelist/VoidReasonValue/Unpopulated", "@nil": "true" }, "administrativeUnit": { "@href": "#auAdmUnitS.1834" } }, "geometry": { "type": "Polygon", "coordinates": [ [ [ 20.30987838, 48.40629489 ], [ 20.30993297, 48.40629884 ], [ 20.30981463, 48.40566252 ], [ 20.30964175, 48.4052 ], [ 20.30937874, 48.40470276 ], [ 20.3091375, 48.40431234 ], [ 20.30866045, 48.4038347 ], [ 20.30824093, 48.40350167 ], [ 20.30736455, 48.40314497 ], [ 20.3061975, 48.40277196 ], [ 20.30578096, 48.4027087 ], [ 20.30545669, 48.40279476 ], [ 20.30532644, 48.40282927 ], [ 20.30526532, 48.40284551 ], [ 20.30513409, 48.40288035 ], [ 20.30507686, 48.40289557 ], [ 20.30495727, 48.40292726 ], [ 20.30488092, 48.40294749 ], [ 20.30475744, 48.40298029 ], [ 20.30470256, 48.40299488 ], [ 20.30458367, 48.40302642 ], [ 20.30428266, 48.40317043 ], [ 20.30383235, 48.40336531 ], [ 20.30346299, 48.40347148 ], [ 20.30326791, 48.40353497 ], [ 20.30314962, 48.40358707 ], [ 20.30319997, 48.40361428 ], [ 20.30337959, 48.40354207 ], [ 20.30391809, 48.40337499 ], [ 20.30405958, 48.40331156 ], [ 20.30421985, 48.40323931 ], [ 20.30460038, 48.40306672 ], [ 20.30571295, 48.40277359 ], [ 20.30580299, 48.40275011 ], [ 20.30584912, 48.40275787 ], [ 20.30585565, 48.40275894 ], [ 20.306152, 48.40280584 ], [ 20.30735752, 48.40318758 ], [ 20.3081936, 48.40353945 ], [ 20.30861289, 48.40386138 ], [ 20.30908192, 48.40433934 ], [ 20.30935396, 48.4047654 ], [ 20.30960069, 48.40521749 ], [ 20.30976604, 48.40567178 ], [ 20.30987838, 48.40629489 ] ] ] } },
{ "type": "Feature", "properties": { "@featureType": "CadastralParcel", "areaValue": { "value": 4944, "@uom": "m2" }, "beginLifespanVersion": { "@nilReason": "http://inspire.ec.europa.eu/codelist/VoidReasonValue/Unpopulated", "@nil": "true" }, "endLifespanVersion": { "@nilReason": "http://inspire.ec.europa.eu/codelist/VoidReasonValue/Unpopulated", "@nil": "true" }, "inspireId": { "@dataType": "Identifier", "localId": "860123_2659/1.C", "namespace": "SK.ESKN.CP", "versionId": "20260703T04:07:53" }, "label": "2659/1", "nationalCadastralReference": "860123_2659/1.C", "referencePoint": { "type": "Point", "coordinates": [ 20.30660384, 48.40185393 ] }, "validFrom": "2026-06-30T16:00:00Z", "validTo": { "@nilReason": "http://inspire.ec.europa.eu/codelist/VoidReasonValue/Unpopulated", "@nil": "true" }, "administrativeUnit": { "@href": "#auAdmUnitS.1834" } }, "geometry": { "type": "Polygon", "coordinates": [ [ [ 20.30902006, 48.40268002 ], [ 20.30908935, 48.40260968 ], [ 20.30887642, 48.40252238 ], [ 20.3084841, 48.4023616 ], [ 20.30836216, 48.40231166 ], [ 20.30825041, 48.40226879 ], [ 20.30809038, 48.40220744 ], [ 20.30800363, 48.40217411 ], [ 20.30745575, 48.40200379 ], [ 20.30726365, 48.40194406 ], [ 20.30635535, 48.4017353 ], [ 20.30591475, 48.40159271 ], [ 20.3059045, 48.4015878 ], [ 20.30536071, 48.40132582 ], [ 20.30513289, 48.40108799 ], [ 20.30509154, 48.40109339 ], [ 20.30492085, 48.40111559 ], [ 20.30520458, 48.40142166 ], [ 20.30577986, 48.4017083 ], [ 20.30595353, 48.4017638 ], [ 20.30682162, 48.40196828 ], [ 20.30723623, 48.40208371 ], [ 20.30787559, 48.40225845 ], [ 20.30838939, 48.40244536 ], [ 20.30902006, 48.40268002 ] ] ] } },
{ "type": "Feature", "properties": { "@featureType": "CadastralParcel", "areaValue": { "value": 2188, "@uom": "m2" }, "beginLifespanVersion": { "@nilReason": "http://inspire.ec.europa.eu/codelist/VoidReasonValue/Unpopulated", "@nil": "true" }, "endLifespanVersion": { "@nilReason": "http://inspire.ec.europa.eu/codelist/VoidReasonValue/Unpopulated", "@nil": "true" }, "inspireId": { "@dataType": "Identifier", "localId": "860123_380/46.C", "namespace": "SK.ESKN.CP", "versionId": "20260703T04:07:53" }, "label": "380/46", "nationalCadastralReference": "860123_380/46.C", "referencePoint": { "type": "Point", "coordinates": [ 20.31765725, 48.41051625 ] }, "validFrom": "2026-06-30T16:00:00Z", "validTo": { "@nilReason": "http://inspire.ec.europa.eu/codelist/VoidReasonValue/Unpopulated", "@nil": "true" }, "administrativeUnit": { "@href": "#auAdmUnitS.1834" } }, "geometry": { "type": "Polygon", "coordinates": [ [ [ 20.31774777, 48.41102906 ], [ 20.31774345, 48.41106096 ], [ 20.31774218, 48.41107073 ], [ 20.31796779, 48.41104464 ], [ 20.31790372, 48.41104221 ], [ 20.31787643, 48.4110096 ], [ 20.31784932, 48.41092151 ], [ 20.31784352, 48.41090299 ], [ 20.31777084, 48.41066183 ], [ 20.31774698, 48.41058602 ], [ 20.31773439, 48.41055093 ], [ 20.31765915, 48.41032183 ], [ 20.31750858, 48.40986174 ], [ 20.31734987, 48.40987055 ], [ 20.31734596, 48.4098613 ], [ 20.31732992, 48.40986211 ], [ 20.31733896, 48.40988832 ], [ 20.31734866, 48.40991636 ], [ 20.31737661, 48.40992773 ], [ 20.31741051, 48.40995141 ], [ 20.31750024, 48.41023225 ], [ 20.31748718, 48.41025129 ], [ 20.31746598, 48.41027667 ], [ 20.31671865, 48.41031551 ], [ 20.31669563, 48.4103356 ], [ 20.3166887, 48.41034659 ], [ 20.31668558, 48.4103543 ], [ 20.31668535, 48.41035988 ], [ 20.31668656, 48.41036461 ], [ 20.31672369, 48.41048158 ], [ 20.31675902, 48.41058676 ], [ 20.3167923, 48.41068762 ], [ 20.31680534, 48.41072832 ], [ 20.31685085, 48.41086687 ], [ 20.31688502, 48.41096984 ], [ 20.31692327, 48.4110864 ], [ 20.316936, 48.41112294 ], [ 20.31702906, 48.4111174 ], [ 20.31699305, 48.41110229 ], [ 20.31687162, 48.410773 ], [ 20.31689689, 48.41075354 ], [ 20.31760179, 48.41070798 ], [ 20.31762147, 48.41071497 ], [ 20.31762462, 48.41071609 ], [ 20.31763904, 48.41072134 ], [ 20.31766112, 48.41074239 ], [ 20.31774777, 48.41102906 ] ], [ [ 20.31691662, 48.41070503 ], [ 20.31686643, 48.41070026 ], [ 20.31684355, 48.4106927 ], [ 20.31673078, 48.41038788 ], [ 20.31676906, 48.41035146 ], [ 20.31735067, 48.41031809 ], [ 20.31745292, 48.41031265 ], [ 20.31746795, 48.41031252 ], [ 20.31747784, 48.41031237 ], [ 20.31749978, 48.41031521 ], [ 20.31752941, 48.41032295 ], [ 20.31753885, 48.41035233 ], [ 20.31761871, 48.41060098 ], [ 20.31762827, 48.41063064 ], [ 20.31760757, 48.41064577 ], [ 20.31759223, 48.41065706 ], [ 20.31757504, 48.41066315 ], [ 20.31691662, 48.41070503 ] ] ] } },
{ "type": "Feature", "properties": { "@featureType": "CadastralParcel", "areaValue": { "value": 932, "@uom": "m2" }, "beginLifespanVersion": { "@nilReason": "http://inspire.ec.europa.eu/codelist/VoidReasonValue/Unpopulated", "@nil": "true" }, "endLifespanVersion": { "@nilReason": "http://inspire.ec.europa.eu/codelist/VoidReasonValue/Unpopulated", "@nil": "true" }, "inspireId": { "@dataType": "Identifier", "localId": "860123_2293.C", "namespace": "SK.ESKN.CP", "versionId": "20260703T04:07:53" }, "label": "2293", "nationalCadastralReference": "860123_2293.C", "referencePoint": { "type": "Point", "coordinates": [ 20.3323398, 48.42393198 ] }, "validFrom": "2026-06-30T16:00:00Z", "validTo": { "@nilReason": "http://inspire.ec.europa.eu/codelist/VoidReasonValue/Unpopulated", "@nil": "true" }, "administrativeUnit": { "@href": "#auAdmUnitS.1834" } }, "geometry": { "type": "Polygon", "coordinates": [ [ [ 20.33253692, 48.42420218 ], [ 20.33223235, 48.42354202 ], [ 20.3321874, 48.42349305 ], [ 20.33204395, 48.42352492 ], [ 20.33199023, 48.42355227 ], [ 20.33213622, 48.42366178 ], [ 20.33215256, 48.42365918 ], [ 20.3323858, 48.42421347 ], [ 20.33253692, 48.42420218 ] ] ] } },
{ "type": "Feature", "properties": { "@featureType": "CadastralParcel", "areaValue": { "value": 2053, "@uom": "m2" }, "beginLifespanVersion": { "@nilReason": "http://inspire.ec.europa.eu/codelist/VoidReasonValue/Unpopulated", "@nil": "true" }, "endLifespanVersion": { "@nilReason": "http://inspire.ec.europa.eu/codelist/VoidReasonValue/Unpopulated", "@nil": "true" }, "inspireId": { "@dataType": "Identifier", "localId": "860123_2305/2.C", "namespace": "SK.ESKN.CP", "versionId": "20260703T04:07:53" }, "label": "2305/2", "nationalCadastralReference": "860123_2305/2.C", "referencePoint": { "type": "Point", "coordinates": [ 20.32580574, 48.42536564 ] }, "validFrom": "2026-06-30T16:00:00Z", "validTo": { "@nilReason": "http://inspire.ec.europa.eu/codelist/VoidReasonValue/Unpopulated", "@nil": "true" }, "administrativeUnit": { "@href": "#auAdmUnitS.1834" } }, "geometry": { "type": "Polygon", "coordinates": [ [ [ 20.32547487, 48.4245441 ], [ 20.32547718, 48.42462654 ], [ 20.32548809, 48.42486887 ], [ 20.32552326, 48.42486611 ], [ 20.32552435, 48.42485678 ], [ 20.3255222, 48.4248184 ], [ 20.32551795, 48.42473643 ], [ 20.32551309, 48.42462461 ], [ 20.32559488, 48.42462124 ], [ 20.3256192, 48.42462021 ], [ 20.32565302, 48.42485597 ], [ 20.32569596, 48.42513253 ], [ 20.32570079, 48.4251666 ], [ 20.32572176, 48.42530139 ], [ 20.32574071, 48.42542989 ], [ 20.32576181, 48.42556316 ], [ 20.32578246, 48.42569695 ], [ 20.32580187, 48.4258279 ], [ 20.32582135, 48.42595804 ], [ 20.32584269, 48.42608861 ], [ 20.32585065, 48.42614857 ], [ 20.32599883, 48.42613996 ], [ 20.32598332, 48.42608728 ], [ 20.32584206, 48.42509835 ], [ 20.32582191, 48.42497269 ], [ 20.3257997, 48.4248337 ], [ 20.32575605, 48.4245499 ], [ 20.32557464, 48.42454549 ], [ 20.32550886, 48.4245439 ], [ 20.32547487, 48.4245441 ] ] ] } },
{ "type": "Feature", "properties": { "@featureType": "CadastralParcel", "areaValue": { "value": 286, "@uom": "m2" }, "beginLifespanVersion": { "@nilReason": "http://inspire.ec.europa.eu/codelist/VoidReasonValue/Unpopulated", "@nil": "true" }, "endLifespanVersion": { "@nilReason": "http://inspire.ec.europa.eu/codelist/VoidReasonValue/Unpopulated", "@nil": "true" }, "inspireId": { "@dataType": "Identifier", "localId": "860123_380/71.C", "namespace": "SK.ESKN.CP", "versionId": "20260703T04:07:53" }, "label": "380/71", "nationalCadastralReference": "860123_380/71.C", "referencePoint": { "type": "Point", "coordinates": [ 20.31768108, 48.41091677 ] }, "validFrom": "2026-06-30T16:00:00Z", "validTo": { "@nilReason": "http://inspire.ec.europa.eu/codelist/VoidReasonValue/Unpopulated", "@nil": "true" }, "administrativeUnit": { "@href": "#auAdmUnitS.1834" } }, "geometry": { "type": "Polygon", "coordinates": [ [ [ 20.31702906, 48.4111174 ], [ 20.31774218, 48.41107073 ], [ 20.31774345, 48.41106096 ], [ 20.31762147, 48.41071497 ], [ 20.31760179, 48.41070798 ], [ 20.31689689, 48.41075354 ], [ 20.31687162, 48.410773 ], [ 20.31699305, 48.41110229 ], [ 20.31702906, 48.4111174 ] ], [ [ 20.31694012, 48.41076659 ], [ 20.31699241, 48.41076297 ], [ 20.31711289, 48.41075491 ], [ 20.31723376, 48.41074695 ], [ 20.31735479, 48.41073882 ], [ 20.31747581, 48.41073078 ], [ 20.3175843, 48.4107236 ], [ 20.31760554, 48.41072219 ], [ 20.31761002, 48.4107357 ], [ 20.3177115, 48.41104439 ], [ 20.31767808, 48.41106416 ], [ 20.31763848, 48.41106666 ], [ 20.31752203, 48.41107352 ], [ 20.31740123, 48.41108058 ], [ 20.31727988, 48.41108771 ], [ 20.31715636, 48.41109502 ], [ 20.31702556, 48.41110195 ], [ 20.31701064, 48.41109461 ], [ 20.31689996, 48.41078915 ], [ 20.31690833, 48.41078327 ], [ 20.31694012, 48.41076659 ] ] ] } },
{ "type": "Feature", "properties": { "@featureType": "CadastralParcel", "areaValue": { "value": 2951, "@uom": "m2" }, "beginLifespanVersion": { "@nilReason": "http://inspire.ec.europa.eu/codelist/VoidReasonValue/Unpopulated", "@nil": "true" }, "endLifespanVersion": { "@nilReason": "http://inspire.ec.europa.eu/codelist/VoidReasonValue/Unpopulated", "@nil": "true" }, "inspireId": { "@dataType": "Identifier", "localId": "860123_2086.C", "namespace": "SK.ESKN.CP", "versionId": "20260703T04:07:53" }, "label": "2086", "nationalCadastralReference": "860123_2086.C", "referencePoint": { "type": "Point", "coordinates": [ 20.33199229, 48.42407479 ] }, "validFrom": "2026-06-30T16:00:00Z", "validTo": { "@nilReason": "http://inspire.ec.europa.eu/codelist/VoidReasonValue/Unpopulated", "@nil": "true" }, "administrativeUnit": { "@href": "#auAdmUnitS.1834" } }, "geometry": { "type": "Polygon", "coordinates": [ [ [ 20.3323858, 48.42421347 ], [ 20.33215256, 48.42365918 ], [ 20.33213622, 48.42366178 ], [ 20.33199573, 48.42368916 ], [ 20.33155249, 48.42378191 ], [ 20.3315949, 48.4239361 ], [ 20.33176137, 48.42430705 ], [ 20.3323858, 48.42421347 ] ] ] } },
{ "type": "Feature", "properties": { "@featureType": "CadastralParcel", "areaValue": { "value": 1861, "@uom": "m2" }, "beginLifespanVersion": { "@nilReason": "http://inspire.ec.europa.eu/codelist/VoidReasonValue/Unpopulated", "@nil": "true" }, "endLifespanVersion": { "@nilReason": "http://inspire.ec.europa.eu/codelist/VoidReasonValue/Unpopulated", "@nil": "true" }, "inspireId": { "@dataType": "Identifier", "localId": "860123_741/19.C", "namespace": "SK.ESKN.CP", "versionId": "20260703T04:07:53" }, "label": "741/19", "nationalCadastralReference": "860123_741/19.C", "referencePoint": { "type": "Point", "coordinates": [ 20.32041818, 48.40580523 ] }, "validFrom": "2026-06-30T16:00:00Z", "validTo": { "@nilReason": "http://inspire.ec.europa.eu/codelist/VoidReasonValue/Unpopulated", "@nil": "true" }, "administrativeUnit": { "@href": "#auAdmUnitS.1834" } }, "geometry": { "type": "Polygon", "coordinates": [ [ [ 20.31914177, 48.40643322 ], [ 20.31913395, 48.40650472 ], [ 20.31952049, 48.40647782 ], [ 20.32004751, 48.4064386 ], [ 20.32045425, 48.40640673 ], [ 20.32045668, 48.406338 ], [ 20.32046054, 48.40618588 ], [ 20.32046562, 48.40603382 ], [ 20.32047017, 48.40587858 ], [ 20.32047527, 48.40572472 ], [ 20.32048005, 48.40557291 ], [ 20.32048526, 48.40541788 ], [ 20.32049105, 48.40526386 ], [ 20.32049233, 48.40511039 ], [ 20.32038802, 48.4051163 ], [ 20.32038221, 48.40527365 ], [ 20.3203763, 48.40542442 ], [ 20.32037146, 48.40557982 ], [ 20.32036612, 48.40573187 ], [ 20.3203612, 48.40588521 ], [ 20.32035601, 48.40604006 ], [ 20.32035012, 48.40619362 ], [ 20.32034594, 48.40634464 ], [ 20.31996937, 48.40637355 ], [ 20.31953999, 48.40640588 ], [ 20.31941268, 48.40641638 ], [ 20.31930266, 48.40642404 ], [ 20.31920413, 48.40643044 ], [ 20.31914177, 48.40643322 ] ] ] } },
{ "type": "Feature", "properties": { "@featureType": "CadastralParcel", "areaValue": { "value": 72789, "@uom": "m2" }, "beginLifespanVersion": { "@nilReason": "http://inspire.ec.europa.eu/codelist/VoidReasonValue/Unpopulated", "@nil": "true" }, "endLifespanVersion": { "@nilReason": "http://inspire.ec.europa.eu/codelist/VoidReasonValue/Unpopulated", "@nil": "true" }, "inspireId": { "@dataType": "Identifier", "localId": "860123_3156.C", "namespace": "SK.ESKN.CP", "versionId": "20260703T04:07:53" }, "label": "3156", "nationalCadastralReference": "860123_3156.C", "referencePoint": { "type": "Point", "coordinates": [ 20.30844695, 48.40162782 ] }, "validFrom": "2026-06-30T16:00:00Z", "validTo": { "@nilReason": "http://inspire.ec.europa.eu/codelist/VoidReasonValue/Unpopulated", "@nil": "true" }, "administrativeUnit": { "@href": "#auAdmUnitS.1834" } }, "geometry": { "type": "Polygon", "coordinates": [ [ [ 20.30802738, 48.40213676 ], [ 20.3081207, 48.40217233 ], [ 20.30839325, 48.40227694 ], [ 20.30851598, 48.40232718 ], [ 20.3089083, 48.40248795 ], [ 20.30912398, 48.40257627 ], [ 20.30913926, 48.40258255 ], [ 20.30960041, 48.40278648 ], [ 20.30970001, 48.40283049 ], [ 20.3098007, 48.40281049 ], [ 20.31012221, 48.40277981 ], [ 20.31025526, 48.40276711 ], [ 20.3104114, 48.40268172 ], [ 20.31039652, 48.40261771 ], [ 20.3102647, 48.40261198 ], [ 20.31020144, 48.40257462 ], [ 20.31013013, 48.40249694 ], [ 20.31021807, 48.40244977 ], [ 20.31031267, 48.40244953 ], [ 20.31063692, 48.40244886 ], [ 20.31081464, 48.40245586 ], [ 20.31062868, 48.40060092 ], [ 20.31049493, 48.40059422 ], [ 20.31042408, 48.40059062 ], [ 20.3101091, 48.40057993 ], [ 20.30990082, 48.40057128 ], [ 20.30983114, 48.40056827 ], [ 20.30972615, 48.40056369 ], [ 20.30937044, 48.40054843 ], [ 20.30906796, 48.40054174 ], [ 20.30880418, 48.40053956 ], [ 20.30871579, 48.40062843 ], [ 20.30869608, 48.40062945 ], [ 20.30869411, 48.4006501 ], [ 20.30839399, 48.40064729 ], [ 20.30832558, 48.40064667 ], [ 20.30825819, 48.40056446 ], [ 20.30823854, 48.40054044 ], [ 20.30820475, 48.40052488 ], [ 20.30798812, 48.40051734 ], [ 20.30771275, 48.40050551 ], [ 20.30770008, 48.40050501 ], [ 20.30736018, 48.40050982 ], [ 20.30702064, 48.40050447 ], [ 20.30686647, 48.40049758 ], [ 20.30668264, 48.40048944 ], [ 20.30634359, 48.40048167 ], [ 20.30600583, 48.40046242 ], [ 20.3055866, 48.40044176 ], [ 20.30543978, 48.40043436 ], [ 20.30517657, 48.40041975 ], [ 20.30503685, 48.40041163 ], [ 20.30505762, 48.40050976 ], [ 20.30509067, 48.40060683 ], [ 20.30505681, 48.40066965 ], [ 20.30509878, 48.40079266 ], [ 20.30518482, 48.40106689 ], [ 20.30540571, 48.40129759 ], [ 20.30594599, 48.40155781 ], [ 20.30637857, 48.40169783 ], [ 20.30728687, 48.40190659 ], [ 20.30735494, 48.40192774 ], [ 20.30802738, 48.40213676 ] ], [ [ 20.31022115, 48.40080067 ], [ 20.31022036, 48.40080964 ], [ 20.31020687, 48.40080911 ], [ 20.31020767, 48.40080014 ], [ 20.31022115, 48.40080067 ] ], [ [ 20.31010764, 48.40083413 ], [ 20.31010684, 48.40084311 ], [ 20.31009336, 48.40084258 ], [ 20.31009416, 48.4008336 ], [ 20.31010764, 48.40083413 ] ], [ [ 20.30584424, 48.40056796 ], [ 20.30584298, 48.40058214 ], [ 20.30582167, 48.4005813 ], [ 20.30582293, 48.40056712 ], [ 20.30584424, 48.40056796 ] ] ] } },
{ "type": "Feature", "properties": { "@featureType": "CadastralParcel", "areaValue": { "value": 1867, "@uom": "m2" }, "beginLifespanVersion": { "@nilReason": "http://inspire.ec.europa.eu/codelist/VoidReasonValue/Unpopulated", "@nil": "true" }, "endLifespanVersion": { "@nilReason": "http://inspire.ec.europa.eu/codelist/VoidReasonValue/Unpopulated", "@nil": "true" }, "inspireId": { "@dataType": "Identifier", "localId": "860123_3200.C", "namespace": "SK.ESKN.CP", "versionId": "20260703T04:07:53" }, "label": "3200", "nationalCadastralReference": "860123_3200.C", "referencePoint": { "type": "Point", "coordinates": [ 20.32766568, 48.43293063 ] }, "validFrom": "2026-06-30T16:00:00Z", "validTo": { "@nilReason": "http://inspire.ec.europa.eu/codelist/VoidReasonValue/Unpopulated", "@nil": "true" }, "administrativeUnit": { "@href": "#auAdmUnitS.1834" } }, "geometry": { "type": "Polygon", "coordinates": [ [ [ 20.32771469, 48.43359469 ], [ 20.32774831, 48.43359573 ], [ 20.32786956, 48.4335994 ], [ 20.32790942, 48.43360033 ], [ 20.32792995, 48.43360078 ], [ 20.32793991, 48.43360144 ], [ 20.32750445, 48.43217294 ], [ 20.32732046, 48.43203518 ], [ 20.32730902, 48.43205131 ], [ 20.32740618, 48.43235478 ], [ 20.32749635, 48.43261328 ], [ 20.32769554, 48.43324797 ], [ 20.32772738, 48.43351545 ], [ 20.32771469, 48.43359469 ] ] ] } },
{ "type": "Feature", "properties": { "@featureType": "CadastralParcel", "areaValue": { "value": 1400, "@uom": "m2" }, "beginLifespanVersion": { "@nilReason": "http://inspire.ec.europa.eu/codelist/VoidReasonValue/Unpopulated", "@nil": "true" }, "endLifespanVersion": { "@nilReason": "http://inspire.ec.europa.eu/codelist/VoidReasonValue/Unpopulated", "@nil": "true" }, "inspireId": { "@dataType": "Identifier", "localId": "860123_1869/15.C", "namespace": "SK.ESKN.CP", "versionId": "20260703T04:07:53" }, "label": "1869/15", "nationalCadastralReference": "860123_1869/15.C", "referencePoint": { "type": "Point", "coordinates": [ 20.32937181, 48.42880284 ] }, "validFrom": "2026-06-30T16:00:00Z", "validTo": { "@nilReason": "http://inspire.ec.europa.eu/codelist/VoidReasonValue/Unpopulated", "@nil": "true" }, "administrativeUnit": { "@href": "#auAdmUnitS.1834" } }, "geometry": { "type": "Polygon", "coordinates": [ [ [ 20.33016802, 48.42986814 ], [ 20.33005103, 48.42967084 ], [ 20.32975793, 48.42929429 ], [ 20.32953999, 48.42906304 ], [ 20.32945042, 48.42892926 ], [ 20.32936627, 48.42867153 ], [ 20.32922502, 48.42843787 ], [ 20.32914732, 48.42831383 ], [ 20.32913369, 48.42829195 ], [ 20.32901637, 48.42810464 ], [ 20.32888761, 48.4278967 ], [ 20.32886818, 48.42786539 ], [ 20.32876714, 48.42770224 ], [ 20.32869514, 48.42772185 ], [ 20.3288292, 48.42793883 ], [ 20.32900079, 48.42821656 ], [ 20.32928867, 48.42867642 ], [ 20.32938595, 48.42894493 ], [ 20.32948551, 48.42908361 ], [ 20.32970111, 48.42931072 ], [ 20.32997348, 48.4296706 ], [ 20.3301012, 48.42988588 ], [ 20.33016802, 48.42986814 ] ] ] } },
{ "type": "Feature", "properties": { "@featureType": "CadastralParcel", "areaValue": { "value": 7439, "@uom": "m2" }, "beginLifespanVersion": { "@nilReason": "http://inspire.ec.europa.eu/codelist/VoidReasonValue/Unpopulated", "@nil": "true" }, "endLifespanVersion": { "@nilReason": "http://inspire.ec.europa.eu/codelist/VoidReasonValue/Unpopulated", "@nil": "true" }, "inspireId": { "@dataType": "Identifier", "localId": "860123_2676.C", "namespace": "SK.ESKN.CP", "versionId": "20260703T04:07:53" }, "label": "2676", "nationalCadastralReference": "860123_2676.C", "referencePoint": { "type": "Point", "coordinates": [ 20.32218318, 48.41744766 ] }, "validFrom": "2026-06-30T16:00:00Z", "validTo": { "@nilReason": "http://inspire.ec.europa.eu/codelist/VoidReasonValue/Unpopulated", "@nil": "true" }, "administrativeUnit": { "@href": "#auAdmUnitS.1834" } }, "geometry": { "type": "Polygon", "coordinates": [ [ [ 20.32208029, 48.41912205 ], [ 20.32212548, 48.41912229 ], [ 20.32215592, 48.4191224 ], [ 20.32217891, 48.41900951 ], [ 20.3221821, 48.41899189 ], [ 20.32219002, 48.4189467 ], [ 20.32219394, 48.41892541 ], [ 20.32218517, 48.41892507 ], [ 20.32219158, 48.41887721 ], [ 20.32220129, 48.41887759 ], [ 20.32221244, 48.41883262 ], [ 20.32222316, 48.41879105 ], [ 20.32223651, 48.41873968 ], [ 20.32224904, 48.4186517 ], [ 20.32225608, 48.41861188 ], [ 20.32225651, 48.41860857 ], [ 20.32226872, 48.41850742 ], [ 20.3222734, 48.41847589 ], [ 20.32227379, 48.41847302 ], [ 20.32228012, 48.41842606 ], [ 20.32228278, 48.41838985 ], [ 20.32229103, 48.41835017 ], [ 20.32229461, 48.41830058 ], [ 20.32230106, 48.41825218 ], [ 20.32230689, 48.41820925 ], [ 20.32232205, 48.41807633 ], [ 20.32232941, 48.417984 ], [ 20.32232981, 48.41794284 ], [ 20.32232985, 48.41793933 ], [ 20.32233131, 48.41779289 ], [ 20.32232812, 48.41764555 ], [ 20.32232788, 48.41763752 ], [ 20.32232366, 48.41746959 ], [ 20.32231654, 48.41742778 ], [ 20.3223105, 48.41739205 ], [ 20.32229681, 48.4173052 ], [ 20.32227294, 48.41715281 ], [ 20.32226962, 48.41712159 ], [ 20.32223957, 48.41698248 ], [ 20.32223214, 48.41694263 ], [ 20.32221072, 48.4168544 ], [ 20.32217823, 48.41671996 ], [ 20.32215145, 48.41671981 ], [ 20.32213651, 48.41664697 ], [ 20.32216169, 48.41664381 ], [ 20.32213622, 48.41656317 ], [ 20.32212569, 48.4165323 ], [ 20.32212462, 48.41652911 ], [ 20.32211174, 48.41649112 ], [ 20.32209763, 48.41644561 ], [ 20.32207301, 48.41636599 ], [ 20.32206581, 48.41634183 ], [ 20.32206474, 48.41633864 ], [ 20.32204262, 48.41626903 ], [ 20.32203357, 48.41623984 ], [ 20.32203273, 48.4162371 ], [ 20.32200961, 48.41616043 ], [ 20.3220036, 48.41613803 ], [ 20.32200276, 48.41613529 ], [ 20.32198032, 48.4160617 ], [ 20.32196811, 48.416036 ], [ 20.32194836, 48.4159763 ], [ 20.32192563, 48.41590135 ], [ 20.32190302, 48.41582649 ], [ 20.32189424, 48.41579732 ], [ 20.32186907, 48.41580182 ], [ 20.32181544, 48.41581143 ], [ 20.32172563, 48.41582755 ], [ 20.32162607, 48.41584535 ], [ 20.32164049, 48.41588583 ], [ 20.3216999, 48.41604935 ], [ 20.32171861, 48.41610558 ], [ 20.32174713, 48.41618085 ], [ 20.32174932, 48.4161867 ], [ 20.32175128, 48.416192 ], [ 20.32181315, 48.41635534 ], [ 20.32183041, 48.41640197 ], [ 20.32184504, 48.41644912 ], [ 20.32184937, 48.4164629 ], [ 20.32187459, 48.41648992 ], [ 20.32189087, 48.4165139 ], [ 20.3219125, 48.41655853 ], [ 20.32193216, 48.41660553 ], [ 20.32193899, 48.41663697 ], [ 20.32194595, 48.41668517 ], [ 20.32194735, 48.41673352 ], [ 20.32194721, 48.41678252 ], [ 20.32193645, 48.41681084 ], [ 20.32192041, 48.41683751 ], [ 20.32201821, 48.41732417 ], [ 20.32202454, 48.41735208 ], [ 20.32205099, 48.41746754 ], [ 20.32205227, 48.417473 ], [ 20.32205539, 48.41748664 ], [ 20.32205505, 48.41749662 ], [ 20.32205012, 48.41762869 ], [ 20.32205002, 48.4176313 ], [ 20.32204985, 48.41763481 ], [ 20.32204767, 48.41767932 ], [ 20.32204658, 48.41770081 ], [ 20.3220458, 48.41773096 ], [ 20.32204198, 48.41781082 ], [ 20.32204083, 48.41781302 ], [ 20.32204, 48.41785146 ], [ 20.32203538, 48.41794038 ], [ 20.32203507, 48.41794686 ], [ 20.32203644, 48.41795286 ], [ 20.32203624, 48.4179551 ], [ 20.32203184, 48.4180262 ], [ 20.32203149, 48.41803168 ], [ 20.32203019, 48.41804938 ], [ 20.32202945, 48.41806079 ], [ 20.32202816, 48.41807993 ], [ 20.32201324, 48.41821179 ], [ 20.32200566, 48.41829276 ], [ 20.32200537, 48.41829608 ], [ 20.32199972, 48.41835063 ], [ 20.32199541, 48.41839317 ], [ 20.32198811, 48.41844811 ], [ 20.32198781, 48.41844999 ], [ 20.32198206, 48.41851031 ], [ 20.32197721, 48.41856202 ], [ 20.32197551, 48.41858736 ], [ 20.32196331, 48.41867932 ], [ 20.32195968, 48.41870494 ], [ 20.32195925, 48.41870835 ], [ 20.32194616, 48.41880568 ], [ 20.32194287, 48.41883366 ], [ 20.32193109, 48.41892239 ], [ 20.32191462, 48.41901058 ], [ 20.32190995, 48.41903572 ], [ 20.32189399, 48.41912122 ], [ 20.32192091, 48.41912138 ], [ 20.32197774, 48.41912162 ], [ 20.32208029, 48.41912205 ] ] ] } },
{ "type": "Feature", "properties": { "@featureType": "CadastralParcel", "areaValue": { "value": 4037, "@uom": "m2" }, "beginLifespanVersion": { "@nilReason": "http://inspire.ec.europa.eu/codelist/VoidReasonValue/Unpopulated", "@nil": "true" }, "endLifespanVersion": { "@nilReason": "http://inspire.ec.europa.eu/codelist/VoidReasonValue/Unpopulated", "@nil": "true" }, "inspireId": { "@dataType": "Identifier", "localId": "860123_2069/2.C", "namespace": "SK.ESKN.CP", "versionId": "20260703T04:07:53" }, "label": "2069/2", "nationalCadastralReference": "860123_2069/2.C", "referencePoint": { "type": "Point", "coordinates": [ 20.33533349, 48.42214479 ] }, "validFrom": "2026-06-30T16:00:00Z", "validTo": { "@nilReason": "http://inspire.ec.europa.eu/codelist/VoidReasonValue/Unpopulated", "@nil": "true" }, "administrativeUnit": { "@href": "#auAdmUnitS.1834" } }, "geometry": { "type": "Polygon", "coordinates": [ [ [ 20.33578602, 48.42236075 ], [ 20.33547764, 48.42160702 ], [ 20.33538728, 48.42160637 ], [ 20.33528339, 48.42160564 ], [ 20.33517818, 48.42160765 ], [ 20.33500605, 48.42161173 ], [ 20.33507043, 48.42181155 ], [ 20.33505986, 48.42181781 ], [ 20.33503763, 48.42183045 ], [ 20.33506969, 48.42192883 ], [ 20.33485077, 48.42239984 ], [ 20.33578602, 48.42236075 ] ] ] } },
{ "type": "Feature", "properties": { "@featureType": "CadastralParcel", "areaValue": { "value": 21325, "@uom": "m2" }, "beginLifespanVersion": { "@nilReason": "http://inspire.ec.europa.eu/codelist/VoidReasonValue/Unpopulated", "@nil": "true" }, "endLifespanVersion": { "@nilReason": "http://inspire.ec.europa.eu/codelist/VoidReasonValue/Unpopulated", "@nil": "true" }, "inspireId": { "@dataType": "Identifier", "localId": "860123_19/10.C", "namespace": "SK.ESKN.CP", "versionId": "20260703T04:07:53" }, "label": "19/10", "nationalCadastralReference": "860123_19/10.C", "referencePoint": { "type": "Point", "coordinates": [ 20.31913373, 48.42466423 ] }, "validFrom": "2026-06-30T16:00:00Z", "validTo": { "@nilReason": "http://inspire.ec.europa.eu/codelist/VoidReasonValue/Unpopulated", "@nil": "true" }, "administrativeUnit": { "@href": "#auAdmUnitS.1834" } }, "geometry": { "type": "Polygon", "coordinates": [ [ [ 20.31841489, 48.42445032 ], [ 20.31809934, 48.42487814 ], [ 20.3188351, 48.42509894 ], [ 20.31996094, 48.42544875 ], [ 20.32020126, 48.42556287 ], [ 20.32025947, 48.42560255 ], [ 20.31967162, 48.42338851 ], [ 20.31886307, 48.42352182 ], [ 20.31884299, 48.42353608 ], [ 20.31871683, 48.42362627 ], [ 20.31867488, 48.42382013 ], [ 20.31851284, 48.42422947 ], [ 20.31841489, 48.42445032 ] ] ] } },
{ "type": "Feature", "properties": { "@featureType": "CadastralParcel", "areaValue": { "value": 2575, "@uom": "m2" }, "beginLifespanVersion": { "@nilReason": "http://inspire.ec.europa.eu/codelist/VoidReasonValue/Unpopulated", "@nil": "true" }, "endLifespanVersion": { "@nilReason": "http://inspire.ec.europa.eu/codelist/VoidReasonValue/Unpopulated", "@nil": "true" }, "inspireId": { "@dataType": "Identifier", "localId": "860123_19/34.C", "namespace": "SK.ESKN.CP", "versionId": "20260703T04:07:53" }, "label": "19/34", "nationalCadastralReference": "860123_19/34.C", "referencePoint": { "type": "Point", "coordinates": [ 20.31847705, 48.42401758 ] }, "validFrom": "2026-06-30T16:00:00Z", "validTo": { "@nilReason": "http://inspire.ec.europa.eu/codelist/VoidReasonValue/Unpopulated", "@nil": "true" }, "administrativeUnit": { "@href": "#auAdmUnitS.1834" } }, "geometry": { "type": "Polygon", "coordinates": [ [ [ 20.31794364, 48.4247776 ], [ 20.31799268, 48.42480926 ], [ 20.31804479, 48.42484293 ], [ 20.31809934, 48.42487814 ], [ 20.31841489, 48.42445032 ], [ 20.31851284, 48.42422947 ], [ 20.31867488, 48.42382013 ], [ 20.31871683, 48.42362627 ], [ 20.31884299, 48.42353608 ], [ 20.31886307, 48.42352182 ], [ 20.3187121, 48.42354671 ], [ 20.31854589, 48.42357406 ], [ 20.31838311, 48.42360091 ], [ 20.31843538, 48.42364188 ], [ 20.31842436, 48.4238075 ], [ 20.31829443, 48.42421504 ], [ 20.3181813, 48.42443755 ], [ 20.31794364, 48.4247776 ] ] ] } },
{ "type": "Feature", "properties": { "@featureType": "CadastralParcel", "areaValue": { "value": 1395, "@uom": "m2" }, "beginLifespanVersion": { "@nilReason": "http://inspire.ec.europa.eu/codelist/VoidReasonValue/Unpopulated", "@nil": "true" }, "endLifespanVersion": { "@nilReason": "http://inspire.ec.europa.eu/codelist/VoidReasonValue/Unpopulated", "@nil": "true" }, "inspireId": { "@dataType": "Identifier", "localId": "860123_674/1.C", "namespace": "SK.ESKN.CP", "versionId": "20260703T04:07:53" }, "label": "674/1", "nationalCadastralReference": "860123_674/1.C", "referencePoint": { "type": "Point", "coordinates": [ 20.31120148, 48.4058658 ] }, "validFrom": "2026-06-30T16:00:00Z", "validTo": { "@nilReason": "http://inspire.ec.europa.eu/codelist/VoidReasonValue/Unpopulated", "@nil": "true" }, "administrativeUnit": { "@href": "#auAdmUnitS.1834" } }, "geometry": { "type": "Polygon", "coordinates": [ [ [ 20.31179129, 48.4065518 ], [ 20.31163129, 48.40646234 ], [ 20.31149423, 48.40635847 ], [ 20.31137382, 48.40622868 ], [ 20.31129481, 48.40612782 ], [ 20.31123862, 48.40600632 ], [ 20.31121228, 48.40590059 ], [ 20.31119609, 48.40564084 ], [ 20.31111618, 48.40539155 ], [ 20.31105442, 48.40519244 ], [ 20.31116494, 48.40558312 ], [ 20.31120018, 48.40583101 ], [ 20.31106806, 48.40645829 ], [ 20.31179129, 48.4065518 ] ] ] } },
{ "type": "Feature", "properties": { "@featureType": "CadastralParcel", "areaValue": { "value": 146, "@uom": "m2" }, "beginLifespanVersion": { "@nilReason": "http://inspire.ec.europa.eu/codelist/VoidReasonValue/Unpopulated", "@nil": "true" }, "endLifespanVersion": { "@nilReason": "http://inspire.ec.europa.eu/codelist/VoidReasonValue/Unpopulated", "@nil": "true" }, "inspireId": { "@dataType": "Identifier", "localId": "860123_2251/2.C", "namespace": "SK.ESKN.CP", "versionId": "20260703T04:07:53" }, "label": "2251/2", "nationalCadastralReference": "860123_2251/2.C", "referencePoint": { "type": "Point", "coordinates": [ 20.31137854, 48.40650504 ] }, "validFrom": "2026-06-30T16:00:00Z", "validTo": { "@nilReason": "http://inspire.ec.europa.eu/codelist/VoidReasonValue/Unpopulated", "@nil": "true" }, "administrativeUnit": { "@href": "#auAdmUnitS.1834" } }, "geometry": { "type": "Polygon", "coordinates": [ [ [ 20.31199117, 48.40662471 ], [ 20.31179129, 48.4065518 ], [ 20.31106806, 48.40645829 ], [ 20.31198292, 48.40662321 ], [ 20.31199117, 48.40662471 ] ] ] } },
{ "type": "Feature", "properties": { "@featureType": "CadastralParcel", "areaValue": { "value": 33657, "@uom": "m2" }, "beginLifespanVersion": { "@nilReason": "http://inspire.ec.europa.eu/codelist/VoidReasonValue/Unpopulated", "@nil": "true" }, "endLifespanVersion": { "@nilReason": "http://inspire.ec.europa.eu/codelist/VoidReasonValue/Unpopulated", "@nil": "true" }, "inspireId": { "@dataType": "Identifier", "localId": "860123_2325.C", "namespace": "SK.ESKN.CP", "versionId": "20260703T04:07:53" }, "label": "2325", "nationalCadastralReference": "860123_2325.C", "referencePoint": { "type": "Point", "coordinates": [ 20.31407254, 48.41392919 ] }, "validFrom": "2026-06-30T16:00:00Z", "validTo": { "@nilReason": "http://inspire.ec.europa.eu/codelist/VoidReasonValue/Unpopulated", "@nil": "true" }, "administrativeUnit": { "@href": "#auAdmUnitS.1834" } }, "geometry": { "type": "Polygon", "coordinates": [ [ [ 20.31435893, 48.41032656 ], [ 20.31409995, 48.41016744 ], [ 20.31383757, 48.41000856 ], [ 20.31377933, 48.40998014 ], [ 20.31356155, 48.40987391 ], [ 20.31286408, 48.40968773 ], [ 20.31259129, 48.40961583 ], [ 20.31181509, 48.40955295 ], [ 20.31153839, 48.40954036 ], [ 20.31130671, 48.40949466 ], [ 20.31110386, 48.4094565 ], [ 20.31078911, 48.40933897 ], [ 20.31069706, 48.40924471 ], [ 20.31051191, 48.40905606 ], [ 20.31050216, 48.40902712 ], [ 20.31043816, 48.40883648 ], [ 20.31040971, 48.40875301 ], [ 20.31043897, 48.40852703 ], [ 20.3104587, 48.4083932 ], [ 20.31055647, 48.40803107 ], [ 20.31062216, 48.40780788 ], [ 20.31069953, 48.40754901 ], [ 20.31090781, 48.40687031 ], [ 20.31092276, 48.40681017 ], [ 20.31098524, 48.40662144 ], [ 20.31101446, 48.40662466 ], [ 20.31110143, 48.40663728 ], [ 20.31155742, 48.40668792 ], [ 20.31160159, 48.40669038 ], [ 20.31169829, 48.40669698 ], [ 20.31186701, 48.40671704 ], [ 20.31190866, 48.40672201 ], [ 20.31200802, 48.40673376 ], [ 20.3120001, 48.40669795 ], [ 20.31198292, 48.40662321 ], [ 20.31106806, 48.40645829 ], [ 20.31120018, 48.40583101 ], [ 20.31116494, 48.40558312 ], [ 20.31105442, 48.40519244 ], [ 20.31101549, 48.40505783 ], [ 20.31080114, 48.4041951 ], [ 20.31077652, 48.40419494 ], [ 20.31075475, 48.4041948 ], [ 20.3107351, 48.40419511 ], [ 20.31071863, 48.40419627 ], [ 20.31068814, 48.40419831 ], [ 20.31091547, 48.40512219 ], [ 20.31104443, 48.40560847 ], [ 20.31104881, 48.40582902 ], [ 20.31084812, 48.40647261 ], [ 20.31084417, 48.40648507 ], [ 20.31082218, 48.40655754 ], [ 20.31081842, 48.40656938 ], [ 20.31064035, 48.4071044 ], [ 20.3105337, 48.40741869 ], [ 20.31036705, 48.4079119 ], [ 20.31032333, 48.40804307 ], [ 20.31031583, 48.40807422 ], [ 20.3103081, 48.40810338 ], [ 20.31023087, 48.40838955 ], [ 20.31017983, 48.40875865 ], [ 20.31030404, 48.40911411 ], [ 20.31063391, 48.4094363 ], [ 20.31102458, 48.40958438 ], [ 20.31149824, 48.40966951 ], [ 20.3118068, 48.40968453 ], [ 20.31254595, 48.4097455 ], [ 20.31309168, 48.40989391 ], [ 20.31347877, 48.4099985 ], [ 20.31372441, 48.41010808 ], [ 20.31435079, 48.41049003 ], [ 20.31471566, 48.41085287 ], [ 20.31491217, 48.41120224 ], [ 20.31503085, 48.41171045 ], [ 20.31500104, 48.41212742 ], [ 20.31482669, 48.41251555 ], [ 20.31461518, 48.41286177 ], [ 20.3143226, 48.41335138 ], [ 20.31416235, 48.4136033 ], [ 20.31411929, 48.41367368 ], [ 20.3138908, 48.41406473 ], [ 20.31375791, 48.41447962 ], [ 20.31375639, 48.4148095 ], [ 20.31385447, 48.41512274 ], [ 20.31403505, 48.41545951 ], [ 20.31414534, 48.41559385 ], [ 20.31438402, 48.41588902 ], [ 20.31459968, 48.41615382 ], [ 20.31478896, 48.41638804 ], [ 20.31497699, 48.41662562 ], [ 20.31510533, 48.41678554 ], [ 20.31518823, 48.41688845 ], [ 20.31555201, 48.41732377 ], [ 20.31577976, 48.4175958 ], [ 20.31601157, 48.41787556 ], [ 20.31618577, 48.41815026 ], [ 20.31632583, 48.41853516 ], [ 20.31632366, 48.41873211 ], [ 20.31623294, 48.41949419 ], [ 20.31598439, 48.42036169 ], [ 20.31600627, 48.42104458 ], [ 20.31633022, 48.42203161 ], [ 20.31672405, 48.42325356 ], [ 20.31679439, 48.4236541 ], [ 20.31683445, 48.42364964 ], [ 20.3168351, 48.42365597 ], [ 20.31686003, 48.42365271 ], [ 20.31689372, 48.42364827 ], [ 20.31699371, 48.42363499 ], [ 20.31699565, 48.42361462 ], [ 20.3169967, 48.4236043 ], [ 20.31699541, 48.42358686 ], [ 20.31691073, 48.4233282 ], [ 20.31660771, 48.42239947 ], [ 20.31638714, 48.42171941 ], [ 20.31620248, 48.42115509 ], [ 20.31616246, 48.4210309 ], [ 20.31614446, 48.4203669 ], [ 20.3162362, 48.42001156 ], [ 20.31636407, 48.4195006 ], [ 20.31646983, 48.41873524 ], [ 20.31647315, 48.41852987 ], [ 20.31635793, 48.41812432 ], [ 20.31617536, 48.4178128 ], [ 20.31601704, 48.41761855 ], [ 20.31541151, 48.41689812 ], [ 20.31562512, 48.41689463 ], [ 20.31560015, 48.41684193 ], [ 20.31532956, 48.41681337 ], [ 20.31438441, 48.41561758 ], [ 20.3142129, 48.41540586 ], [ 20.31405055, 48.41509865 ], [ 20.31394869, 48.41479751 ], [ 20.31394961, 48.41450338 ], [ 20.31406339, 48.41411161 ], [ 20.31425806, 48.41379365 ], [ 20.31428968, 48.41374237 ], [ 20.31429173, 48.41373902 ], [ 20.31429362, 48.41373603 ], [ 20.31433727, 48.41366504 ], [ 20.31449379, 48.41341397 ], [ 20.31454365, 48.41334322 ], [ 20.31466662, 48.4131393 ], [ 20.3147556, 48.41299207 ], [ 20.31491766, 48.41273193 ], [ 20.3151848, 48.41215356 ], [ 20.31518868, 48.412122 ], [ 20.31520097, 48.41194536 ], [ 20.31520893, 48.4118235 ], [ 20.31521079, 48.41180096 ], [ 20.31521459, 48.41175353 ], [ 20.31521791, 48.41171312 ], [ 20.3151881, 48.41158527 ], [ 20.31511594, 48.41127584 ], [ 20.31509167, 48.4111756 ], [ 20.31497559, 48.41096931 ], [ 20.31490552, 48.41084538 ], [ 20.31487531, 48.41079842 ], [ 20.3147809, 48.41070173 ], [ 20.31467916, 48.41060069 ], [ 20.31453474, 48.41045447 ], [ 20.31448632, 48.41040535 ], [ 20.31435893, 48.41032656 ] ] ] } },
{ "type": "Feature", "properties": { "@featureType": "CadastralParcel", "areaValue": { "value": 4254, "@uom": "m2" }, "beginLifespanVersion": { "@nilReason": "http://inspire.ec.europa.eu/codelist/VoidReasonValue/Unpopulated", "@nil": "true" }, "endLifespanVersion": { "@nilReason": "http://inspire.ec.europa.eu/codelist/VoidReasonValue/Unpopulated", "@nil": "true" }, "inspireId": { "@dataType": "Identifier", "localId": "860123_2305/1.C", "namespace": "SK.ESKN.CP", "versionId": "20260703T04:07:53" }, "label": "2305/1", "nationalCadastralReference": "860123_2305/1.C", "referencePoint": { "type": "Point", "coordinates": [ 20.32630926, 48.42718261 ] }, "validFrom": "2026-06-30T16:00:00Z", "validTo": { "@nilReason": "http://inspire.ec.europa.eu/codelist/VoidReasonValue/Unpopulated", "@nil": "true" }, "administrativeUnit": { "@href": "#auAdmUnitS.1834" } }, "geometry": { "type": "Polygon", "coordinates": [ [ [ 20.327628, 48.42801735 ], [ 20.32765006, 48.42801128 ], [ 20.32766368, 48.42800722 ], [ 20.32774323, 48.42798484 ], [ 20.32775669, 48.42798113 ], [ 20.32776832, 48.42797817 ], [ 20.32833087, 48.42782119 ], [ 20.32820935, 48.4278039 ], [ 20.32815794, 48.42779585 ], [ 20.32809114, 48.42778585 ], [ 20.3280378, 48.42777214 ], [ 20.32799995, 48.42775777 ], [ 20.32795941, 48.42774005 ], [ 20.32796072, 48.42774974 ], [ 20.32795991, 48.42775584 ], [ 20.32795725, 48.42775997 ], [ 20.32795425, 48.42776328 ], [ 20.3279494, 48.42776606 ], [ 20.3274523, 48.42790389 ], [ 20.32725417, 48.42795684 ], [ 20.32694857, 48.42804019 ], [ 20.32683411, 48.427862 ], [ 20.32671588, 48.42768204 ], [ 20.32659514, 48.42749675 ], [ 20.32647851, 48.42731866 ], [ 20.32628714, 48.42702591 ], [ 20.32623183, 48.4269396 ], [ 20.32618748, 48.42687173 ], [ 20.32607712, 48.42670082 ], [ 20.32607656, 48.42669791 ], [ 20.32607616, 48.42669483 ], [ 20.32606433, 48.42661283 ], [ 20.32606381, 48.42660948 ], [ 20.32605707, 48.42656633 ], [ 20.32605657, 48.42656279 ], [ 20.32604397, 48.42647274 ], [ 20.32603742, 48.42643195 ], [ 20.32603681, 48.42642661 ], [ 20.32602562, 48.42633895 ], [ 20.32601958, 48.42629394 ], [ 20.32601906, 48.42629068 ], [ 20.32600617, 48.42619926 ], [ 20.32600153, 48.42615836 ], [ 20.32599883, 48.42613996 ], [ 20.32585065, 48.42614857 ], [ 20.32585166, 48.4261678 ], [ 20.32587073, 48.42630252 ], [ 20.3258892, 48.42643956 ], [ 20.32589545, 48.42648368 ], [ 20.32590971, 48.42657334 ], [ 20.32592773, 48.42670784 ], [ 20.3259397, 48.42673471 ], [ 20.32594833, 48.42675496 ], [ 20.32603996, 48.42689892 ], [ 20.32616607, 48.42708775 ], [ 20.32629182, 48.42727746 ], [ 20.32640934, 48.42746695 ], [ 20.32653213, 48.42765051 ], [ 20.32665099, 48.42784014 ], [ 20.32677755, 48.42802853 ], [ 20.32690321, 48.42821626 ], [ 20.32692601, 48.4282095 ], [ 20.32694306, 48.42820503 ], [ 20.32701056, 48.42818722 ], [ 20.32705783, 48.42817475 ], [ 20.32706863, 48.42817193 ], [ 20.327628, 48.42801735 ] ] ] } },
{ "type": "Feature", "properties": { "@featureType": "CadastralParcel", "areaValue": { "value": 4982, "@uom": "m2" }, "beginLifespanVersion": { "@nilReason": "http://inspire.ec.europa.eu/codelist/VoidReasonValue/Unpopulated", "@nil": "true" }, "endLifespanVersion": { "@nilReason": "http://inspire.ec.europa.eu/codelist/VoidReasonValue/Unpopulated", "@nil": "true" }, "inspireId": { "@dataType": "Identifier", "localId": "860123_380/1.C", "namespace": "SK.ESKN.CP", "versionId": "20260703T04:07:53" }, "label": "380/1", "nationalCadastralReference": "860123_380/1.C", "referencePoint": { "type": "Point", "coordinates": [ 20.31781541, 48.41249353 ] }, "validFrom": "2026-06-30T16:00:00Z", "validTo": { "@nilReason": "http://inspire.ec.europa.eu/codelist/VoidReasonValue/Unpopulated", "@nil": "true" }, "administrativeUnit": { "@href": "#auAdmUnitS.1834" } }, "geometry": { "type": "Polygon", "coordinates": [ [ [ 20.31942738, 48.41105295 ], [ 20.31937478, 48.41094556 ], [ 20.31933182, 48.41094775 ], [ 20.31892393, 48.41097074 ], [ 20.31880979, 48.41097752 ], [ 20.31870688, 48.41098276 ], [ 20.31850622, 48.41100227 ], [ 20.31850666, 48.41100499 ], [ 20.31840455, 48.41101035 ], [ 20.31837498, 48.4110127 ], [ 20.31796779, 48.41104464 ], [ 20.31774218, 48.41107073 ], [ 20.31702906, 48.4111174 ], [ 20.316936, 48.41112294 ], [ 20.316951, 48.41116596 ], [ 20.31690176, 48.41118097 ], [ 20.31690068, 48.41118561 ], [ 20.31689794, 48.41119811 ], [ 20.31707089, 48.41118752 ], [ 20.3172988, 48.41117359 ], [ 20.31752579, 48.41115926 ], [ 20.31781283, 48.4111409 ], [ 20.31785243, 48.41115372 ], [ 20.31786801, 48.41116721 ], [ 20.31780521, 48.41148035 ], [ 20.31779935, 48.41150985 ], [ 20.31774112, 48.41179119 ], [ 20.31774938, 48.41179115 ], [ 20.31770429, 48.41208156 ], [ 20.31769939, 48.41212921 ], [ 20.31773697, 48.41237395 ], [ 20.31773933, 48.41238855 ], [ 20.31772889, 48.41241787 ], [ 20.31772646, 48.41242534 ], [ 20.31782292, 48.41270519 ], [ 20.31783831, 48.41274832 ], [ 20.31794805, 48.41301274 ], [ 20.31806472, 48.41329815 ], [ 20.31809234, 48.41335446 ], [ 20.31821608, 48.41360592 ], [ 20.31837321, 48.41387166 ], [ 20.31840064, 48.41391643 ], [ 20.31841773, 48.41394188 ], [ 20.31852913, 48.41393409 ], [ 20.3185388, 48.41393339 ], [ 20.31846438, 48.41379577 ], [ 20.31839211, 48.41365986 ], [ 20.31832115, 48.41352292 ], [ 20.31824461, 48.41338027 ], [ 20.3182226, 48.41333841 ], [ 20.31820441, 48.41330391 ], [ 20.31817199, 48.41324218 ], [ 20.31811705, 48.41310623 ], [ 20.31806168, 48.41296747 ], [ 20.31800508, 48.41282731 ], [ 20.31800165, 48.4128187 ], [ 20.31799054, 48.41279133 ], [ 20.31795057, 48.41269263 ], [ 20.31792533, 48.41262929 ], [ 20.31790304, 48.41256013 ], [ 20.31790029, 48.41255146 ], [ 20.31786143, 48.4124356 ], [ 20.31785633, 48.41241522 ], [ 20.31784957, 48.41238774 ], [ 20.31783416, 48.41225154 ], [ 20.31783737, 48.41211301 ], [ 20.31784008, 48.41202446 ], [ 20.31784942, 48.4119832 ], [ 20.31787927, 48.41184644 ], [ 20.31791186, 48.41170474 ], [ 20.31791425, 48.41169456 ], [ 20.31793521, 48.4116061 ], [ 20.31794447, 48.41156727 ], [ 20.31795617, 48.41151782 ], [ 20.3179541, 48.41141593 ], [ 20.31795317, 48.41119119 ], [ 20.31799409, 48.41115252 ], [ 20.31805383, 48.41113045 ], [ 20.31825411, 48.41111985 ], [ 20.31849723, 48.41110679 ], [ 20.31886643, 48.41108363 ], [ 20.31902922, 48.41107461 ], [ 20.31942738, 48.41105295 ] ] ] } },
{ "type": "Feature", "properties": { "@featureType": "CadastralParcel", "areaValue": { "value": 15959, "@uom": "m2" }, "beginLifespanVersion": { "@nilReason": "http://inspire.ec.europa.eu/codelist/VoidReasonValue/Unpopulated", "@nil": "true" }, "endLifespanVersion": { "@nilReason": "http://inspire.ec.europa.eu/codelist/VoidReasonValue/Unpopulated", "@nil": "true" }, "inspireId": { "@dataType": "Identifier", "localId": "860123_283/7.C", "namespace": "SK.ESKN.CP", "versionId": "20260703T04:07:53" }, "label": "283/7", "nationalCadastralReference": "860123_283/7.C", "referencePoint": { "type": "Point", "coordinates": [ 20.31470627, 48.41551172 ] }, "validFrom": "2026-06-30T16:00:00Z", "validTo": { "@nilReason": "http://inspire.ec.europa.eu/codelist/VoidReasonValue/Unpopulated", "@nil": "true" }, "administrativeUnit": { "@href": "#auAdmUnitS.1834" } }, "geometry": { "type": "Polygon", "coordinates": [ [ [ 20.31560015, 48.41684193 ], [ 20.3152168, 48.41566597 ], [ 20.31509144, 48.41565717 ], [ 20.31518732, 48.4150354 ], [ 20.31500964, 48.41467199 ], [ 20.31460651, 48.4143755 ], [ 20.31406339, 48.41411161 ], [ 20.31394961, 48.41450338 ], [ 20.31394869, 48.41479751 ], [ 20.31405055, 48.41509865 ], [ 20.3142129, 48.41540586 ], [ 20.31438441, 48.41561758 ], [ 20.31532956, 48.41681337 ], [ 20.31560015, 48.41684193 ] ] ] } },
{ "type": "Feature", "properties": { "@featureType": "CadastralParcel", "areaValue": { "value": 70296, "@uom": "m2" }, "beginLifespanVersion": { "@nilReason": "http://inspire.ec.europa.eu/codelist/VoidReasonValue/Unpopulated", "@nil": "true" }, "endLifespanVersion": { "@nilReason": "http://inspire.ec.europa.eu/codelist/VoidReasonValue/Unpopulated", "@nil": "true" }, "inspireId": { "@dataType": "Identifier", "localId": "860123_676/60.C", "namespace": "SK.ESKN.CP", "versionId": "20260703T04:07:53" }, "label": "676/60", "nationalCadastralReference": "860123_676/60.C", "referencePoint": { "type": "Point", "coordinates": [ 20.31286863, 48.40371475 ] }, "validFrom": "2026-06-30T16:00:00Z", "validTo": { "@nilReason": "http://inspire.ec.europa.eu/codelist/VoidReasonValue/Unpopulated", "@nil": "true" }, "administrativeUnit": { "@href": "#auAdmUnitS.1834" } }, "geometry": { "type": "Polygon", "coordinates": [ [ [ 20.31122397, 48.40504612 ], [ 20.31163788, 48.40504772 ], [ 20.31200275, 48.4050546 ], [ 20.31253131, 48.40506647 ], [ 20.31304688, 48.40507539 ], [ 20.31349397, 48.40508892 ], [ 20.3135215, 48.4044277 ], [ 20.31435218, 48.40445046 ], [ 20.3143679, 48.40395275 ], [ 20.31438573, 48.40344197 ], [ 20.31517799, 48.40338519 ], [ 20.3159, 48.40333482 ], [ 20.31659031, 48.40328627 ], [ 20.31695465, 48.40326077 ], [ 20.31695198, 48.4033413 ], [ 20.31697014, 48.40334102 ], [ 20.3169896, 48.40289094 ], [ 20.31700901, 48.4024414 ], [ 20.31683593, 48.40245235 ], [ 20.31672641, 48.40245904 ], [ 20.31643421, 48.40247674 ], [ 20.31624532, 48.40248896 ], [ 20.31608841, 48.4024991 ], [ 20.31567154, 48.40252497 ], [ 20.31513455, 48.4025581 ], [ 20.31504911, 48.40256339 ], [ 20.31453196, 48.40259559 ], [ 20.31426188, 48.40261245 ], [ 20.31418949, 48.40261699 ], [ 20.31406718, 48.40262461 ], [ 20.31358172, 48.4026549 ], [ 20.31307448, 48.40268666 ], [ 20.31270616, 48.40270966 ], [ 20.31255336, 48.40271923 ], [ 20.31214736, 48.40274462 ], [ 20.31163501, 48.402776 ], [ 20.31107566, 48.40281093 ], [ 20.31036732, 48.40285369 ], [ 20.31002718, 48.40291139 ], [ 20.31028472, 48.40300532 ], [ 20.31046304, 48.40308937 ], [ 20.31049816, 48.40311129 ], [ 20.31062109, 48.4031883 ], [ 20.31085533, 48.40404641 ], [ 20.31114102, 48.40359608 ], [ 20.31158109, 48.40383341 ], [ 20.31193508, 48.40396284 ], [ 20.31238017, 48.4041255 ], [ 20.31237582, 48.40438643 ], [ 20.31196601, 48.40439815 ], [ 20.31157925, 48.40440924 ], [ 20.31099038, 48.4045632 ], [ 20.31105516, 48.40480901 ], [ 20.31112881, 48.4050358 ], [ 20.31117826, 48.40500153 ], [ 20.31124923, 48.40497486 ], [ 20.31135797, 48.40496328 ], [ 20.31180703, 48.40496374 ], [ 20.31180319, 48.4045877 ], [ 20.31182563, 48.40456507 ], [ 20.31203906, 48.40456608 ], [ 20.31266855, 48.40456895 ], [ 20.31306836, 48.4045708 ], [ 20.31308827, 48.4045905 ], [ 20.31308832, 48.40500332 ], [ 20.31301425, 48.40505573 ], [ 20.31200736, 48.40504847 ], [ 20.3118413, 48.40504725 ], [ 20.31180776, 48.40503179 ], [ 20.31180764, 48.40501944 ], [ 20.31135922, 48.40501784 ], [ 20.31128287, 48.40502583 ], [ 20.31122397, 48.40504612 ] ] ] } },
{ "type": "Feature", "properties": { "@featureType": "CadastralParcel", "areaValue": { "value": 405, "@uom": "m2" }, "beginLifespanVersion": { "@nilReason": "http://inspire.ec.europa.eu/codelist/VoidReasonValue/Unpopulated", "@nil": "true" }, "endLifespanVersion": { "@nilReason": "http://inspire.ec.europa.eu/codelist/VoidReasonValue/Unpopulated", "@nil": "true" }, "inspireId": { "@dataType": "Identifier", "localId": "860123_1863/97.C", "namespace": "SK.ESKN.CP", "versionId": "20260703T04:07:53" }, "label": "1863/97", "nationalCadastralReference": "860123_1863/97.C", "referencePoint": { "type": "Point", "coordinates": [ 20.32694274, 48.42844427 ] }, "validFrom": "2026-06-30T16:00:00Z", "validTo": { "@nilReason": "http://inspire.ec.europa.eu/codelist/VoidReasonValue/Unpopulated", "@nil": "true" }, "administrativeUnit": { "@href": "#auAdmUnitS.1834" } }, "geometry": { "type": "Polygon", "coordinates": [ [ [ 20.32721984, 48.42841526 ], [ 20.3271592, 48.42833558 ], [ 20.32666609, 48.42846968 ], [ 20.32671629, 48.42855256 ], [ 20.3272221, 48.42841886 ], [ 20.32721984, 48.42841526 ] ] ] } },
{ "type": "Feature", "properties": { "@featureType": "CadastralParcel", "areaValue": { "value": 73355, "@uom": "m2" }, "beginLifespanVersion": { "@nilReason": "http://inspire.ec.europa.eu/codelist/VoidReasonValue/Unpopulated", "@nil": "true" }, "endLifespanVersion": { "@nilReason": "http://inspire.ec.europa.eu/codelist/VoidReasonValue/Unpopulated", "@nil": "true" }, "inspireId": { "@dataType": "Identifier", "localId": "860123_2329/1.C", "namespace": "SK.ESKN.CP", "versionId": "20260703T04:07:53" }, "label": "2329/1", "nationalCadastralReference": "860123_2329/1.C", "referencePoint": { "type": "Point", "coordinates": [ 20.32991402, 48.42025602 ] }, "validFrom": "2026-06-30T16:00:00Z", "validTo": { "@nilReason": "http://inspire.ec.europa.eu/codelist/VoidReasonValue/Unpopulated", "@nil": "true" }, "administrativeUnit": { "@href": "#auAdmUnitS.1834" } }, "geometry": { "type": "Polygon", "coordinates": [ [ [ 20.33069178, 48.42062522 ], [ 20.33068801, 48.42061282 ], [ 20.33064482, 48.42052103 ], [ 20.33063073, 48.42048904 ], [ 20.33030102, 48.41974635 ], [ 20.33026354, 48.41966659 ], [ 20.33006855, 48.41924956 ], [ 20.32961508, 48.41925314 ], [ 20.3290462, 48.41800574 ], [ 20.32883487, 48.41753328 ], [ 20.32860286, 48.4170102 ], [ 20.32849448, 48.41677413 ], [ 20.32811244, 48.41594587 ], [ 20.32789746, 48.41576743 ], [ 20.32747597, 48.41476103 ], [ 20.32745697, 48.41471568 ], [ 20.32715859, 48.41410476 ], [ 20.32683486, 48.41341635 ], [ 20.32673367, 48.41304254 ], [ 20.3267197, 48.41300776 ], [ 20.32663159, 48.41279519 ], [ 20.32655702, 48.41247387 ], [ 20.32651047, 48.41228563 ], [ 20.32643517, 48.41182427 ], [ 20.32642856, 48.41180104 ], [ 20.32642201, 48.41144067 ], [ 20.32641639, 48.41141693 ], [ 20.32640951, 48.41137387 ], [ 20.32640162, 48.41132851 ], [ 20.32640291, 48.41126802 ], [ 20.32640569, 48.41105144 ], [ 20.32640782, 48.41088206 ], [ 20.3264089, 48.41068929 ], [ 20.32640945, 48.41059742 ], [ 20.32641168, 48.41038398 ], [ 20.32641385, 48.41016973 ], [ 20.32641903, 48.40988784 ], [ 20.32642373, 48.40961287 ], [ 20.32634987, 48.40961105 ], [ 20.32627155, 48.40960915 ], [ 20.32626489, 48.41014334 ], [ 20.32626898, 48.41095689 ], [ 20.326269, 48.41120609 ], [ 20.32626091, 48.4112975 ], [ 20.32625508, 48.4113634 ], [ 20.32625516, 48.41149719 ], [ 20.32624663, 48.41161957 ], [ 20.32626167, 48.41175242 ], [ 20.32633383, 48.41244358 ], [ 20.32647348, 48.4128844 ], [ 20.3264975, 48.41296012 ], [ 20.32652246, 48.41303903 ], [ 20.32665663, 48.41349279 ], [ 20.32683791, 48.41384542 ], [ 20.3269428, 48.41409477 ], [ 20.32718635, 48.41467381 ], [ 20.3271438, 48.41467899 ], [ 20.32717058, 48.41475419 ], [ 20.32746367, 48.41541275 ], [ 20.32741006, 48.41542515 ], [ 20.32742459, 48.41546897 ], [ 20.32751416, 48.41571871 ], [ 20.3276929, 48.4161216 ], [ 20.32768977, 48.41612183 ], [ 20.32766091, 48.41612214 ], [ 20.32766525, 48.4161343 ], [ 20.32781195, 48.41653998 ], [ 20.32789558, 48.41677273 ], [ 20.32799135, 48.41703659 ], [ 20.32803163, 48.41714584 ], [ 20.3281574, 48.41748214 ], [ 20.32829189, 48.41784076 ], [ 20.32835081, 48.4179856 ], [ 20.32846377, 48.41827248 ], [ 20.32853646, 48.41844831 ], [ 20.32863947, 48.41868705 ], [ 20.32871065, 48.41886165 ], [ 20.32885473, 48.41919912 ], [ 20.32898576, 48.41950824 ], [ 20.32923365, 48.42009988 ], [ 20.32937532, 48.4204295 ], [ 20.32947827, 48.42067202 ], [ 20.32949846, 48.42072074 ], [ 20.32962145, 48.42094476 ], [ 20.32963549, 48.42097432 ], [ 20.32982872, 48.42140669 ], [ 20.32998365, 48.42175332 ], [ 20.33031867, 48.42250487 ], [ 20.33048584, 48.42289072 ], [ 20.33052527, 48.42298371 ], [ 20.33059186, 48.42311704 ], [ 20.33066523, 48.42328542 ], [ 20.33079965, 48.42359467 ], [ 20.33080145, 48.4235987 ], [ 20.33105498, 48.42358196 ], [ 20.33113249, 48.42368969 ], [ 20.33119728, 48.42376223 ], [ 20.33129682, 48.42388262 ], [ 20.3313365, 48.42387634 ], [ 20.33145113, 48.42411697 ], [ 20.33141028, 48.42412888 ], [ 20.33142142, 48.42416058 ], [ 20.33150862, 48.42414345 ], [ 20.3315454, 48.42425265 ], [ 20.3315724, 48.42433308 ], [ 20.33157677, 48.42434037 ], [ 20.33160871, 48.42438784 ], [ 20.33164432, 48.42444446 ], [ 20.33183567, 48.42488153 ], [ 20.33191802, 48.42506782 ], [ 20.33198349, 48.42521544 ], [ 20.33204235, 48.42534892 ], [ 20.33204866, 48.42536331 ], [ 20.33211386, 48.42551092 ], [ 20.33217896, 48.42565807 ], [ 20.33224423, 48.4258064 ], [ 20.33231017, 48.42595485 ], [ 20.33237425, 48.42610124 ], [ 20.33243825, 48.42624708 ], [ 20.33250208, 48.42639338 ], [ 20.33256531, 48.42653721 ], [ 20.33263473, 48.42669534 ], [ 20.33269991, 48.42684466 ], [ 20.33275973, 48.42698115 ], [ 20.33282412, 48.42712872 ], [ 20.33288895, 48.42727596 ], [ 20.33295362, 48.42742345 ], [ 20.33301785, 48.42756985 ], [ 20.33308204, 48.4277166 ], [ 20.33314669, 48.42786436 ], [ 20.33321069, 48.4280103 ], [ 20.33327571, 48.42815835 ], [ 20.33334136, 48.42830858 ], [ 20.33340424, 48.42845186 ], [ 20.3334475, 48.42855068 ], [ 20.33350273, 48.42867014 ], [ 20.33355525, 48.42878365 ], [ 20.33360698, 48.42889532 ], [ 20.33371348, 48.42913788 ], [ 20.33380483, 48.42933732 ], [ 20.33390043, 48.42955008 ], [ 20.33399537, 48.42978102 ], [ 20.33409338, 48.42999099 ], [ 20.3341931, 48.43020157 ], [ 20.3342426, 48.43031243 ], [ 20.33429206, 48.43041608 ], [ 20.33436017, 48.43056912 ], [ 20.33445526, 48.43078005 ], [ 20.33448802, 48.43084134 ], [ 20.3345049, 48.43089399 ], [ 20.33452313, 48.43093434 ], [ 20.33463253, 48.43092042 ], [ 20.33471231, 48.43091381 ], [ 20.33468875, 48.43086018 ], [ 20.33466612, 48.43080984 ], [ 20.33464733, 48.43076811 ], [ 20.33462758, 48.43072508 ], [ 20.33457377, 48.43060775 ], [ 20.33455732, 48.43057178 ], [ 20.33449185, 48.43044552 ], [ 20.33428203, 48.42996413 ], [ 20.33406389, 48.42950801 ], [ 20.3336982, 48.42869635 ], [ 20.33330158, 48.42780123 ], [ 20.33316438, 48.42750323 ], [ 20.33291241, 48.42693694 ], [ 20.33258119, 48.42621196 ], [ 20.33256383, 48.42617407 ], [ 20.3325417, 48.42612572 ], [ 20.33254148, 48.42612517 ], [ 20.33217927, 48.42533446 ], [ 20.33182439, 48.42442259 ], [ 20.33179347, 48.42436498 ], [ 20.33176647, 48.42431671 ], [ 20.33176137, 48.42430705 ], [ 20.3315949, 48.4239361 ], [ 20.33155249, 48.42378191 ], [ 20.33150816, 48.42362025 ], [ 20.33140405, 48.42312119 ], [ 20.33138773, 48.42299649 ], [ 20.33126274, 48.42299862 ], [ 20.33066831, 48.42159211 ], [ 20.33101904, 48.42134529 ], [ 20.33087342, 48.42102803 ], [ 20.33076877, 48.42079708 ], [ 20.33075975, 48.42077501 ], [ 20.33071318, 48.42078436 ], [ 20.33068382, 48.42071987 ], [ 20.3306637, 48.42072395 ], [ 20.33065929, 48.42071413 ], [ 20.3306543, 48.42070322 ], [ 20.33067442, 48.42069914 ], [ 20.33064531, 48.42063493 ], [ 20.33069178, 48.42062522 ] ], [ [ 20.33058009, 48.42304496 ], [ 20.33070637, 48.42301747 ], [ 20.33071956, 48.42304438 ], [ 20.33072522, 48.42304316 ], [ 20.33072728, 48.42304739 ], [ 20.33072162, 48.42304861 ], [ 20.33072427, 48.42305385 ], [ 20.33059797, 48.42308151 ], [ 20.33058009, 48.42304496 ] ], [ [ 20.33069295, 48.42299172 ], [ 20.33063893, 48.4230041 ], [ 20.33061213, 48.42295197 ], [ 20.33066627, 48.42293977 ], [ 20.33069295, 48.42299172 ] ], [ [ 20.33052774, 48.42254846 ], [ 20.33064099, 48.42252596 ], [ 20.33066629, 48.42258272 ], [ 20.33067225, 48.42259647 ], [ 20.33067611, 48.42259572 ], [ 20.33068505, 48.42261553 ], [ 20.33068092, 48.42261636 ], [ 20.33070536, 48.42267209 ], [ 20.33071018, 48.4226712 ], [ 20.33071765, 48.4226878 ], [ 20.33071269, 48.42268878 ], [ 20.33075198, 48.4227787 ], [ 20.33075391, 48.42277832 ], [ 20.33077925, 48.42283464 ], [ 20.33077539, 48.42283538 ], [ 20.33080961, 48.42291231 ], [ 20.33070425, 48.42293278 ], [ 20.33066564, 48.42285658 ], [ 20.33064017, 48.42280018 ], [ 20.33065298, 48.42279762 ], [ 20.33056573, 48.42260257 ], [ 20.33055291, 48.42260513 ], [ 20.33052774, 48.42254846 ] ], [ [ 20.33051187, 48.42244468 ], [ 20.33050727, 48.42243396 ], [ 20.33046198, 48.42244255 ], [ 20.33044669, 48.42244546 ], [ 20.33028731, 48.42208794 ], [ 20.33017537, 48.42183687 ], [ 20.33017362, 48.42178464 ], [ 20.33026585, 48.421755 ], [ 20.33034405, 48.42173852 ], [ 20.3304184, 48.42190198 ], [ 20.33048416, 48.42204916 ], [ 20.33064437, 48.42240807 ], [ 20.33061753, 48.42241314 ], [ 20.3305721, 48.42242172 ], [ 20.33057669, 48.42243262 ], [ 20.33051187, 48.42244468 ] ], [ [ 20.33050585, 48.42075795 ], [ 20.33048766, 48.42076165 ], [ 20.33054182, 48.4208808 ], [ 20.33044974, 48.42089963 ], [ 20.3303866, 48.42075958 ], [ 20.33032469, 48.42062229 ], [ 20.3304155, 48.4206026 ], [ 20.33047813, 48.42074082 ], [ 20.33047859, 48.42074174 ], [ 20.33049677, 48.42073813 ], [ 20.33050585, 48.42075795 ] ], [ [ 20.33024876, 48.42060084 ], [ 20.33023293, 48.42056707 ], [ 20.33029467, 48.42055462 ], [ 20.33031042, 48.42058776 ], [ 20.33024876, 48.42060084 ] ], [ [ 20.33062378, 48.42052327 ], [ 20.33041577, 48.42056585 ], [ 20.33036493, 48.42057593 ], [ 20.33032202, 48.42058515 ], [ 20.33029698, 48.42052849 ], [ 20.33031671, 48.42052431 ], [ 20.33033892, 48.42051959 ], [ 20.33033971, 48.42052134 ], [ 20.33039019, 48.4205107 ], [ 20.33040053, 48.420533 ], [ 20.33060868, 48.42049043 ], [ 20.33062378, 48.42052327 ] ], [ [ 20.33031308, 48.4205148 ], [ 20.33019021, 48.42053899 ], [ 20.33016632, 48.42048616 ], [ 20.33018932, 48.42048166 ], [ 20.33017282, 48.42044326 ], [ 20.33027318, 48.42042413 ], [ 20.33029145, 48.42046557 ], [ 20.33030508, 48.42046295 ], [ 20.33031375, 48.42048275 ], [ 20.33030025, 48.42048537 ], [ 20.33031308, 48.4205148 ] ], [ [ 20.33046723, 48.42042614 ], [ 20.33054955, 48.42041216 ], [ 20.33055669, 48.42043091 ], [ 20.33047451, 48.4204449 ], [ 20.33046723, 48.42042614 ] ] ] } },
{ "type": "Feature", "properties": { "@featureType": "CadastralParcel", "areaValue": { "value": 105, "@uom": "m2" }, "beginLifespanVersion": { "@nilReason": "http://inspire.ec.europa.eu/codelist/VoidReasonValue/Unpopulated", "@nil": "true" }, "endLifespanVersion": { "@nilReason": "http://inspire.ec.europa.eu/codelist/VoidReasonValue/Unpopulated", "@nil": "true" }, "inspireId": { "@dataType": "Identifier", "localId": "860123_17/1.E", "namespace": "SK.ESKN.CP", "versionId": "20260703T04:07:53" }, "label": "17/1", "nationalCadastralReference": "860123_17/1.E", "referencePoint": { "type": "Point", "coordinates": [ 20.32435989, 48.42007536 ] }, "validFrom": "2026-06-30T16:00:00Z", "validTo": { "@nilReason": "http://inspire.ec.europa.eu/codelist/VoidReasonValue/Unpopulated", "@nil": "true" }, "administrativeUnit": { "@href": "#auAdmUnitS.1834" } }, "geometry": { "type": "Polygon", "coordinates": [ [ [ 20.32442028, 48.42012445 ], [ 20.3244166, 48.42001303 ], [ 20.3243011, 48.42000904 ], [ 20.32430108, 48.42003526 ], [ 20.32430115, 48.42011545 ], [ 20.32442028, 48.42012445 ] ] ] } },
{ "type": "Feature", "properties": { "@featureType": "CadastralParcel", "areaValue": { "value": 344, "@uom": "m2" }, "beginLifespanVersion": { "@nilReason": "http://inspire.ec.europa.eu/codelist/VoidReasonValue/Unpopulated", "@nil": "true" }, "endLifespanVersion": { "@nilReason": "http://inspire.ec.europa.eu/codelist/VoidReasonValue/Unpopulated", "@nil": "true" }, "inspireId": { "@dataType": "Identifier", "localId": "860123_1/1.E", "namespace": "SK.ESKN.CP", "versionId": "20260703T04:07:53" }, "label": "1/1", "nationalCadastralReference": "860123_1/1.E", "referencePoint": { "type": "Point", "coordinates": [ 20.32284622, 48.41710962 ] }, "validFrom": "2026-06-30T16:00:00Z", "validTo": { "@nilReason": "http://inspire.ec.europa.eu/codelist/VoidReasonValue/Unpopulated", "@nil": "true" }, "administrativeUnit": { "@href": "#auAdmUnitS.1834" } }, "geometry": { "type": "Polygon", "coordinates": [ [ [ 20.32296952, 48.41711815 ], [ 20.32320213, 48.41710638 ], [ 20.3233383, 48.41710163 ], [ 20.32340578, 48.41709923 ], [ 20.32347942, 48.41709608 ], [ 20.32347922, 48.4170631 ], [ 20.32337146, 48.41706644 ], [ 20.32331542, 48.41706812 ], [ 20.32326113, 48.41706977 ], [ 20.3231043, 48.41707551 ], [ 20.32292982, 48.41708191 ], [ 20.32286369, 48.41706607 ], [ 20.32282669, 48.41706813 ], [ 20.32280692, 48.41709574 ], [ 20.32269338, 48.41710173 ], [ 20.32249723, 48.41711287 ], [ 20.32238541, 48.4171192 ], [ 20.32226962, 48.41712159 ], [ 20.32227294, 48.41715281 ], [ 20.32240101, 48.41714792 ], [ 20.32253504, 48.41714138 ], [ 20.32265539, 48.41713493 ], [ 20.32269646, 48.41713267 ], [ 20.32283724, 48.41712477 ], [ 20.3228768, 48.41712281 ], [ 20.32296952, 48.41711815 ] ] ] } },
{ "type": "Feature", "properties": { "@featureType": "CadastralParcel", "areaValue": { "value": 1554, "@uom": "m2" }, "beginLifespanVersion": { "@nilReason": "http://inspire.ec.europa.eu/codelist/VoidReasonValue/Unpopulated", "@nil": "true" }, "endLifespanVersion": { "@nilReason": "http://inspire.ec.europa.eu/codelist/VoidReasonValue/Unpopulated", "@nil": "true" }, "inspireId": { "@dataType": "Identifier", "localId": "860123_1/2.E", "namespace": "SK.ESKN.CP", "versionId": "20260703T04:07:53" }, "label": "1/2", "nationalCadastralReference": "860123_1/2.E", "referencePoint": { "type": "Point", "coordinates": [ 20.32325598, 48.41658766 ] }, "validFrom": "2026-06-30T16:00:00Z", "validTo": { "@nilReason": "http://inspire.ec.europa.eu/codelist/VoidReasonValue/Unpopulated", "@nil": "true" }, "administrativeUnit": { "@href": "#auAdmUnitS.1834" } }, "geometry": { "type": "Polygon", "coordinates": [ [ [ 20.3242786, 48.41654271 ], [ 20.3242861, 48.4165421 ], [ 20.32429362, 48.41654132 ], [ 20.32429291, 48.41652787 ], [ 20.32429338, 48.41644301 ], [ 20.32385963, 48.41648105 ], [ 20.32365757, 48.41649934 ], [ 20.32345539, 48.41651745 ], [ 20.3234069, 48.41652239 ], [ 20.32325292, 48.41653878 ], [ 20.32303545, 48.41655836 ], [ 20.32303682, 48.41656436 ], [ 20.32251135, 48.41661096 ], [ 20.32245791, 48.41661535 ], [ 20.32229934, 48.41663156 ], [ 20.32216169, 48.41664381 ], [ 20.32213651, 48.41664697 ], [ 20.32215145, 48.41671981 ], [ 20.32217823, 48.41671996 ], [ 20.32226193, 48.41671163 ], [ 20.32254912, 48.41668731 ], [ 20.32270213, 48.4166743 ], [ 20.32304372, 48.41664536 ], [ 20.3242786, 48.41654271 ] ] ] } },
{ "type": "Feature", "properties": { "@featureType": "CadastralParcel", "areaValue": { "value": 21353, "@uom": "m2" }, "beginLifespanVersion": { "@nilReason": "http://inspire.ec.europa.eu/codelist/VoidReasonValue/Unpopulated", "@nil": "true" }, "endLifespanVersion": { "@nilReason": "http://inspire.ec.europa.eu/codelist/VoidReasonValue/Unpopulated", "@nil": "true" }, "inspireId": { "@dataType": "Identifier", "localId": "860123_744.E", "namespace": "SK.ESKN.CP", "versionId": "20260703T04:07:53" }, "label": "744", "nationalCadastralReference": "860123_744.E", "referencePoint": { "type": "Point", "coordinates": [ 20.3218147, 48.42104974 ] }, "validFrom": "2026-06-30T16:00:00Z", "validTo": { "@nilReason": "http://inspire.ec.europa.eu/codelist/VoidReasonValue/Unpopulated", "@nil": "true" }, "administrativeUnit": { "@href": "#auAdmUnitS.1834" } }, "geometry": { "type": "MultiPolygon", "coordinates": [ [ [ [ 20.32079619, 48.4140405 ], [ 20.32080248, 48.41405201 ], [ 20.32081506, 48.41407494 ], [ 20.32083196, 48.41410569 ], [ 20.32084164, 48.41412328 ], [ 20.32084619, 48.41413148 ], [ 20.32087565, 48.41418543 ], [ 20.32089053, 48.41421151 ], [ 20.32093943, 48.41429353 ], [ 20.3209923, 48.41438426 ], [ 20.32101569, 48.41443797 ], [ 20.32103737, 48.4144881 ], [ 20.32108684, 48.41458807 ], [ 20.32109941, 48.41461433 ], [ 20.32111616, 48.41465283 ], [ 20.3211575, 48.41473617 ], [ 20.32116746, 48.41474899 ], [ 20.32117544, 48.41477354 ], [ 20.32118206, 48.41478741 ], [ 20.32128195, 48.41500431 ], [ 20.3213427, 48.41513437 ], [ 20.32140346, 48.41526442 ], [ 20.32140744, 48.41527295 ], [ 20.32142252, 48.41530282 ], [ 20.32145392, 48.4153701 ], [ 20.32146913, 48.41540151 ], [ 20.32147773, 48.41541905 ], [ 20.32148689, 48.41543788 ], [ 20.32150829, 48.41548197 ], [ 20.32153355, 48.41548107 ], [ 20.32154658, 48.41555861 ], [ 20.32155596, 48.41561916 ], [ 20.32156559, 48.41568468 ], [ 20.32162607, 48.41584535 ], [ 20.32172563, 48.41582755 ], [ 20.32181544, 48.41581143 ], [ 20.32186907, 48.41580182 ], [ 20.32189424, 48.41579732 ], [ 20.32188402, 48.41576601 ], [ 20.32185778, 48.4156848 ], [ 20.3218317, 48.41560179 ], [ 20.32181672, 48.41555399 ], [ 20.32178584, 48.41546097 ], [ 20.32178367, 48.41545494 ], [ 20.32178238, 48.41545119 ], [ 20.32178311, 48.41544753 ], [ 20.32178527, 48.41544446 ], [ 20.32178796, 48.41544159 ], [ 20.32175372, 48.41544313 ], [ 20.32170533, 48.41533546 ], [ 20.32169995, 48.41532281 ], [ 20.32166153, 48.415234 ], [ 20.32163047, 48.41517521 ], [ 20.32161619, 48.41514843 ], [ 20.32160327, 48.41512315 ], [ 20.3215699, 48.41506292 ], [ 20.32153849, 48.41500042 ], [ 20.32151816, 48.41495944 ], [ 20.32153057, 48.41494767 ], [ 20.32150627, 48.41489816 ], [ 20.32145672, 48.41480666 ], [ 20.32143927, 48.41477444 ], [ 20.32142043, 48.41473964 ], [ 20.32140288, 48.41470706 ], [ 20.32133507, 48.41458178 ], [ 20.3212875, 48.41449387 ], [ 20.32126703, 48.41445612 ], [ 20.32123795, 48.41440237 ], [ 20.32122271, 48.41437429 ], [ 20.32119956, 48.41433158 ], [ 20.32115468, 48.41424846 ], [ 20.32113015, 48.41420308 ], [ 20.32108024, 48.41411102 ], [ 20.32100963, 48.41398067 ], [ 20.32096426, 48.41388943 ], [ 20.32093447, 48.41383762 ], [ 20.32088241, 48.41374548 ], [ 20.32085798, 48.4137493 ], [ 20.32083363, 48.41370492 ], [ 20.32081316, 48.41366862 ], [ 20.32076168, 48.41357902 ], [ 20.32072847, 48.41352312 ], [ 20.32068254, 48.41344266 ], [ 20.32065415, 48.41338272 ], [ 20.32062177, 48.41331288 ], [ 20.32056151, 48.41321249 ], [ 20.32054577, 48.41318539 ], [ 20.32050206, 48.41310438 ], [ 20.32048062, 48.41306687 ], [ 20.32047553, 48.41308001 ], [ 20.32047519, 48.41311594 ], [ 20.3204852, 48.41314192 ], [ 20.32046681, 48.41314174 ], [ 20.32039356, 48.41300931 ], [ 20.32031198, 48.41286691 ], [ 20.32020132, 48.41266777 ], [ 20.32013771, 48.4125532 ], [ 20.32005888, 48.41239667 ], [ 20.32006173, 48.41238281 ], [ 20.32008676, 48.41240425 ], [ 20.32011585, 48.41243647 ], [ 20.32010836, 48.41242474 ], [ 20.32008351, 48.41238592 ], [ 20.32000389, 48.41224594 ], [ 20.31998069, 48.41216106 ], [ 20.31995922, 48.41207336 ], [ 20.31995513, 48.41205689 ], [ 20.31993919, 48.41200158 ], [ 20.31992312, 48.41194626 ], [ 20.31991226, 48.41191151 ], [ 20.31989731, 48.41184803 ], [ 20.31987935, 48.41178039 ], [ 20.31985743, 48.41169168 ], [ 20.31984853, 48.41165475 ], [ 20.31984268, 48.41163065 ], [ 20.31982283, 48.41154914 ], [ 20.31981323, 48.4115139 ], [ 20.3197799, 48.41139519 ], [ 20.31974652, 48.4112755 ], [ 20.3197154, 48.41116093 ], [ 20.31969124, 48.41107764 ], [ 20.3196789, 48.41103526 ], [ 20.31963927, 48.41092045 ], [ 20.31960175, 48.4108078 ], [ 20.31956189, 48.41068632 ], [ 20.31955914, 48.41067765 ], [ 20.31954294, 48.41062683 ], [ 20.31954167, 48.41062281 ], [ 20.31952358, 48.41056579 ], [ 20.31948999, 48.41045465 ], [ 20.31947495, 48.41040748 ], [ 20.31945032, 48.4103265 ], [ 20.31944424, 48.41030653 ], [ 20.31941419, 48.41020895 ], [ 20.3193936, 48.41014192 ], [ 20.31938583, 48.41011207 ], [ 20.3193609, 48.41003144 ], [ 20.31935318, 48.41000555 ], [ 20.3193306, 48.40993042 ], [ 20.31932385, 48.40990736 ], [ 20.31930411, 48.40983839 ], [ 20.31929836, 48.4098178 ], [ 20.31929306, 48.40979669 ], [ 20.31926756, 48.40971631 ], [ 20.31923353, 48.40960857 ], [ 20.31919277, 48.40948525 ], [ 20.31915348, 48.40936199 ], [ 20.31888445, 48.40932701 ], [ 20.31892518, 48.40943699 ], [ 20.31896277, 48.40953505 ], [ 20.31897886, 48.40958407 ], [ 20.31899292, 48.40962696 ], [ 20.31900872, 48.4096747 ], [ 20.31902526, 48.40972482 ], [ 20.31903625, 48.40975804 ], [ 20.31905831, 48.40984351 ], [ 20.3190706, 48.40988967 ], [ 20.31910385, 48.41002297 ], [ 20.31911146, 48.41005012 ], [ 20.31913564, 48.41013621 ], [ 20.31914689, 48.4101726 ], [ 20.31915891, 48.41021262 ], [ 20.31918557, 48.41030421 ], [ 20.31919672, 48.41034024 ], [ 20.31922672, 48.41043701 ], [ 20.31924038, 48.41047827 ], [ 20.31925851, 48.41053944 ], [ 20.31926953, 48.41057546 ], [ 20.31928412, 48.41062315 ], [ 20.31931192, 48.41072479 ], [ 20.31934386, 48.41083776 ], [ 20.31937478, 48.41094556 ], [ 20.31942738, 48.41105295 ], [ 20.31944135, 48.41108774 ], [ 20.31945871, 48.41114374 ], [ 20.31946815, 48.41117465 ], [ 20.31949477, 48.41126219 ], [ 20.31951481, 48.41131712 ], [ 20.31952106, 48.41133818 ], [ 20.31954043, 48.41140372 ], [ 20.31955561, 48.4114554 ], [ 20.31957371, 48.41151531 ], [ 20.31958297, 48.41155288 ], [ 20.31960158, 48.41162848 ], [ 20.31963179, 48.41175337 ], [ 20.31966601, 48.41187733 ], [ 20.31971581, 48.41204074 ], [ 20.31973912, 48.41209238 ], [ 20.31976672, 48.41215347 ], [ 20.31981524, 48.4122688 ], [ 20.31982698, 48.41228602 ], [ 20.31983253, 48.41230895 ], [ 20.31989243, 48.41244851 ], [ 20.31995021, 48.41255556 ], [ 20.31998475, 48.41261783 ], [ 20.32001531, 48.41267308 ], [ 20.32008636, 48.41280147 ], [ 20.3201469, 48.41290782 ], [ 20.32015466, 48.41292254 ], [ 20.32017137, 48.41295238 ], [ 20.32022126, 48.41304002 ], [ 20.32025313, 48.4130974 ], [ 20.3203058, 48.41318569 ], [ 20.32033366, 48.41323481 ], [ 20.32035333, 48.41326784 ], [ 20.32038664, 48.41332419 ], [ 20.32040833, 48.41336198 ], [ 20.32043893, 48.41341382 ], [ 20.32044057, 48.41341668 ], [ 20.32046372, 48.41345624 ], [ 20.32048675, 48.41349579 ], [ 20.32051487, 48.41354492 ], [ 20.32054308, 48.41359314 ], [ 20.32054544, 48.41359711 ], [ 20.32057702, 48.41365466 ], [ 20.32060601, 48.41370932 ], [ 20.32064943, 48.41378751 ], [ 20.32067618, 48.41383839 ], [ 20.32073039, 48.41393079 ], [ 20.32079619, 48.4140405 ] ] ], [ [ [ 20.32219592, 48.42299161 ], [ 20.322216, 48.42298808 ], [ 20.32223345, 48.42298507 ], [ 20.32226208, 48.42297979 ], [ 20.3224297, 48.42294871 ], [ 20.32245555, 48.42294414 ], [ 20.32237889, 48.42272148 ], [ 20.32234303, 48.42272899 ], [ 20.32232859, 48.42269031 ], [ 20.32237209, 48.42269283 ], [ 20.32231735, 48.42252526 ], [ 20.32231348, 48.4225216 ], [ 20.32231071, 48.42251626 ], [ 20.32206645, 48.42181546 ], [ 20.32199654, 48.42158856 ], [ 20.32202278, 48.42158869 ], [ 20.32201882, 48.42155556 ], [ 20.32200306, 48.42142169 ], [ 20.32199841, 48.4213825 ], [ 20.32198377, 48.4212711 ], [ 20.32197946, 48.42123886 ], [ 20.32195858, 48.42108028 ], [ 20.32195358, 48.4210236 ], [ 20.32194584, 48.42090319 ], [ 20.32194501, 48.42082694 ], [ 20.32195073, 48.42065841 ], [ 20.32195939, 48.42057442 ], [ 20.32198128, 48.4203532 ], [ 20.32199533, 48.4202496 ], [ 20.32204208, 48.41991573 ], [ 20.32209456, 48.41950966 ], [ 20.32211926, 48.41933773 ], [ 20.32214287, 48.41918874 ], [ 20.32215592, 48.4191224 ], [ 20.32212548, 48.41912229 ], [ 20.32208029, 48.41912205 ], [ 20.32197774, 48.41912162 ], [ 20.32192091, 48.41912138 ], [ 20.32189399, 48.41912122 ], [ 20.32188849, 48.41915119 ], [ 20.32187957, 48.41920462 ], [ 20.32186107, 48.41929886 ], [ 20.3218505, 48.41934178 ], [ 20.32184488, 48.41939454 ], [ 20.32183821, 48.41943779 ], [ 20.32181803, 48.41957088 ], [ 20.32180908, 48.41958477 ], [ 20.3218047, 48.41959144 ], [ 20.32179947, 48.41965971 ], [ 20.32178398, 48.41974595 ], [ 20.32178183, 48.4197565 ], [ 20.32177418, 48.4198108 ], [ 20.32177384, 48.41981313 ], [ 20.32177013, 48.41983506 ], [ 20.32175475, 48.41993689 ], [ 20.32175409, 48.41994128 ], [ 20.32170915, 48.42023323 ], [ 20.32169808, 48.42039803 ], [ 20.32169579, 48.4204529 ], [ 20.32169405, 48.4205123 ], [ 20.3216877, 48.42071999 ], [ 20.32167578, 48.42080718 ], [ 20.32167365, 48.42085422 ], [ 20.32167106, 48.42092313 ], [ 20.32167216, 48.42101462 ], [ 20.32167221, 48.42101715 ], [ 20.32167235, 48.42102166 ], [ 20.32167459, 48.42107589 ], [ 20.32168307, 48.42110389 ], [ 20.32168749, 48.42113037 ], [ 20.32169053, 48.42115571 ], [ 20.3216914, 48.42116269 ], [ 20.32169573, 48.42119475 ], [ 20.32170387, 48.4212557 ], [ 20.32170981, 48.42128495 ], [ 20.32171731, 48.42132407 ], [ 20.32173011, 48.42139044 ], [ 20.32173644, 48.42143357 ], [ 20.32174171, 48.42146576 ], [ 20.3217504, 48.42152043 ], [ 20.32176893, 48.42157567 ], [ 20.32177212, 48.42158696 ], [ 20.32177571, 48.42160152 ], [ 20.32178945, 48.42165269 ], [ 20.32180804, 48.42170406 ], [ 20.32181092, 48.42171138 ], [ 20.32181835, 48.42172987 ], [ 20.32183712, 48.42178232 ], [ 20.32185172, 48.42182533 ], [ 20.32186084, 48.42185226 ], [ 20.32187548, 48.42189626 ], [ 20.32188365, 48.42192632 ], [ 20.32190853, 48.42201378 ], [ 20.32193607, 48.42210019 ], [ 20.32194304, 48.42212082 ], [ 20.32198082, 48.42224592 ], [ 20.32198667, 48.42226552 ], [ 20.3219982, 48.42230336 ], [ 20.32209561, 48.4226218 ], [ 20.32209819, 48.42263091 ], [ 20.32212251, 48.4227216 ], [ 20.32212985, 48.42274729 ], [ 20.3221443, 48.42280264 ], [ 20.32214781, 48.42281503 ], [ 20.32219592, 48.42299161 ] ] ], [ [ [ 20.32218517, 48.41892507 ], [ 20.32219394, 48.41892541 ], [ 20.32220129, 48.41887759 ], [ 20.32219158, 48.41887721 ], [ 20.32218517, 48.41892507 ] ] ] ] } },
{ "type": "Feature", "properties": { "@featureType": "CadastralParcel", "areaValue": { "value": 1533, "@uom": "m2" }, "beginLifespanVersion": { "@nilReason": "http://inspire.ec.europa.eu/codelist/VoidReasonValue/Unpopulated", "@nil": "true" }, "endLifespanVersion": { "@nilReason": "http://inspire.ec.europa.eu/codelist/VoidReasonValue/Unpopulated", "@nil": "true" }, "inspireId": { "@dataType": "Identifier", "localId": "860123_24/2.E", "namespace": "SK.ESKN.CP", "versionId": "20260703T04:07:53" }, "label": "24/2", "nationalCadastralReference": "860123_24/2.E", "referencePoint": { "type": "Point", "coordinates": [ 20.32442197, 48.42332355 ] }, "validFrom": "2026-06-30T16:00:00Z", "validTo": { "@nilReason": "http://inspire.ec.europa.eu/codelist/VoidReasonValue/Unpopulated", "@nil": "true" }, "administrativeUnit": { "@href": "#auAdmUnitS.1834" } }, "geometry": { "type": "Polygon", "coordinates": [ [ [ 20.32434858, 48.42364411 ], [ 20.32434881, 48.42379909 ], [ 20.32434899, 48.42387811 ], [ 20.32434967, 48.42395291 ], [ 20.32447294, 48.42395649 ], [ 20.32447046, 48.42375674 ], [ 20.32449817, 48.4237571 ], [ 20.32449864, 48.42358053 ], [ 20.32449796, 48.42351023 ], [ 20.32449873, 48.42342963 ], [ 20.32449934, 48.42339524 ], [ 20.32449699, 48.42333307 ], [ 20.32449662, 48.42330521 ], [ 20.32449728, 48.42323199 ], [ 20.32449695, 48.42320207 ], [ 20.32449659, 48.42309448 ], [ 20.32449868, 48.42299284 ], [ 20.32449646, 48.42292005 ], [ 20.32449909, 48.42283077 ], [ 20.32449647, 48.4227686 ], [ 20.32449343, 48.42269433 ], [ 20.32446178, 48.42269255 ], [ 20.32437169, 48.4226873 ], [ 20.32431028, 48.42268372 ], [ 20.32434341, 48.4227025 ], [ 20.32434452, 48.42305851 ], [ 20.3243459, 48.42313154 ], [ 20.32434612, 48.42320858 ], [ 20.32434708, 48.42331403 ], [ 20.3243472, 48.42347008 ], [ 20.32434721, 48.42348225 ], [ 20.32434707, 48.42351747 ], [ 20.32434728, 48.42360379 ], [ 20.32434858, 48.42364411 ] ] ] } },
{ "type": "Feature", "properties": { "@featureType": "CadastralParcel", "areaValue": { "value": 1715, "@uom": "m2" }, "beginLifespanVersion": { "@nilReason": "http://inspire.ec.europa.eu/codelist/VoidReasonValue/Unpopulated", "@nil": "true" }, "endLifespanVersion": { "@nilReason": "http://inspire.ec.europa.eu/codelist/VoidReasonValue/Unpopulated", "@nil": "true" }, "inspireId": { "@dataType": "Identifier", "localId": "860123_24/3.E", "namespace": "SK.ESKN.CP", "versionId": "20260703T04:07:53" }, "label": "24/3", "nationalCadastralReference": "860123_24/3.E", "referencePoint": { "type": "Point", "coordinates": [ 20.32553172, 48.42335914 ] }, "validFrom": "2026-06-30T16:00:00Z", "validTo": { "@nilReason": "http://inspire.ec.europa.eu/codelist/VoidReasonValue/Unpopulated", "@nil": "true" }, "administrativeUnit": { "@href": "#auAdmUnitS.1834" } }, "geometry": { "type": "Polygon", "coordinates": [ [ [ 20.32588841, 48.42339529 ], [ 20.32656691, 48.42338522 ], [ 20.32656126, 48.42328382 ], [ 20.32652751, 48.42328439 ], [ 20.32646262, 48.423285 ], [ 20.32631727, 48.42328777 ], [ 20.32631225, 48.42328784 ], [ 20.32625246, 48.42328892 ], [ 20.32618302, 48.4232889 ], [ 20.32604384, 48.42329083 ], [ 20.32592426, 48.42329299 ], [ 20.32578676, 48.42329571 ], [ 20.32578256, 48.42329581 ], [ 20.32565739, 48.42329838 ], [ 20.32552882, 48.42330118 ], [ 20.32540801, 48.42330203 ], [ 20.3252692, 48.42330425 ], [ 20.32513049, 48.42330547 ], [ 20.32501259, 48.42330698 ], [ 20.3249521, 48.4233083 ], [ 20.32480866, 48.42331087 ], [ 20.32475301, 48.42331112 ], [ 20.32451322, 48.42331334 ], [ 20.32450365, 48.42331143 ], [ 20.32449662, 48.42330521 ], [ 20.32449699, 48.42333307 ], [ 20.32449934, 48.42339524 ], [ 20.32449873, 48.42342963 ], [ 20.324522, 48.4234145 ], [ 20.3246909, 48.42341329 ], [ 20.32475686, 48.42341137 ], [ 20.32479383, 48.4234112 ], [ 20.32501328, 48.42340773 ], [ 20.32523136, 48.42340457 ], [ 20.32529413, 48.42340343 ], [ 20.32588841, 48.42339529 ] ] ] } },
{ "type": "Feature", "properties": { "@featureType": "CadastralParcel", "areaValue": { "value": 67, "@uom": "m2" }, "beginLifespanVersion": { "@nilReason": "http://inspire.ec.europa.eu/codelist/VoidReasonValue/Unpopulated", "@nil": "true" }, "endLifespanVersion": { "@nilReason": "http://inspire.ec.europa.eu/codelist/VoidReasonValue/Unpopulated", "@nil": "true" }, "inspireId": { "@dataType": "Identifier", "localId": "860123_25.E", "namespace": "SK.ESKN.CP", "versionId": "20260703T04:07:53" }, "label": "25", "nationalCadastralReference": "860123_25.E", "referencePoint": { "type": "Point", "coordinates": [ 20.32280732, 48.42368822 ] }, "validFrom": "2026-06-30T16:00:00Z", "validTo": { "@nilReason": "http://inspire.ec.europa.eu/codelist/VoidReasonValue/Unpopulated", "@nil": "true" }, "administrativeUnit": { "@href": "#auAdmUnitS.1834" } }, "geometry": { "type": "Polygon", "coordinates": [ [ [ 20.32286243, 48.42387827 ], [ 20.32290229, 48.42387299 ], [ 20.32284479, 48.42375496 ], [ 20.32279852, 48.42361863 ], [ 20.32276794, 48.42362148 ], [ 20.32286243, 48.42387827 ] ] ] } },
{ "type": "Feature", "properties": { "@featureType": "CadastralParcel", "areaValue": { "value": 196, "@uom": "m2" }, "beginLifespanVersion": { "@nilReason": "http://inspire.ec.europa.eu/codelist/VoidReasonValue/Unpopulated", "@nil": "true" }, "endLifespanVersion": { "@nilReason": "http://inspire.ec.europa.eu/codelist/VoidReasonValue/Unpopulated", "@nil": "true" }, "inspireId": { "@dataType": "Identifier", "localId": "860123_26/1.E", "namespace": "SK.ESKN.CP", "versionId": "20260703T04:07:53" }, "label": "26/1", "nationalCadastralReference": "860123_26/1.E", "referencePoint": { "type": "Point", "coordinates": [ 20.32295958, 48.42410467 ] }, "validFrom": "2026-06-30T16:00:00Z", "validTo": { "@nilReason": "http://inspire.ec.europa.eu/codelist/VoidReasonValue/Unpopulated", "@nil": "true" }, "administrativeUnit": { "@href": "#auAdmUnitS.1834" } }, "geometry": { "type": "Polygon", "coordinates": [ [ [ 20.32302673, 48.42429744 ], [ 20.32302667, 48.4242187 ], [ 20.32305108, 48.42421966 ], [ 20.32304105, 48.42419385 ], [ 20.32296471, 48.4240149 ], [ 20.32289796, 48.42402427 ], [ 20.32293435, 48.42418507 ], [ 20.3229546, 48.42427281 ], [ 20.32296281, 48.42429782 ], [ 20.32302673, 48.42429744 ] ] ] } },
{ "type": "Feature", "properties": { "@featureType": "CadastralParcel", "areaValue": { "value": 75, "@uom": "m2" }, "beginLifespanVersion": { "@nilReason": "http://inspire.ec.europa.eu/codelist/VoidReasonValue/Unpopulated", "@nil": "true" }, "endLifespanVersion": { "@nilReason": "http://inspire.ec.europa.eu/codelist/VoidReasonValue/Unpopulated", "@nil": "true" }, "inspireId": { "@dataType": "Identifier", "localId": "860123_26/2.E", "namespace": "SK.ESKN.CP", "versionId": "20260703T04:07:53" }, "label": "26/2", "nationalCadastralReference": "860123_26/2.E", "referencePoint": { "type": "Point", "coordinates": [ 20.32291685, 48.42396546 ] }, "validFrom": "2026-06-30T16:00:00Z", "validTo": { "@nilReason": "http://inspire.ec.europa.eu/codelist/VoidReasonValue/Unpopulated", "@nil": "true" }, "administrativeUnit": { "@href": "#auAdmUnitS.1834" } }, "geometry": { "type": "Polygon", "coordinates": [ [ [ 20.32296471, 48.4240149 ], [ 20.3229334, 48.42391601 ], [ 20.32292512, 48.42388875 ], [ 20.32291976, 48.42387133 ], [ 20.32290229, 48.42387299 ], [ 20.32286243, 48.42387827 ], [ 20.32286886, 48.42389582 ], [ 20.32289796, 48.42402427 ], [ 20.32296471, 48.4240149 ] ] ] } },
{ "type": "Feature", "properties": { "@featureType": "CadastralParcel", "areaValue": { "value": 206, "@uom": "m2" }, "beginLifespanVersion": { "@nilReason": "http://inspire.ec.europa.eu/codelist/VoidReasonValue/Unpopulated", "@nil": "true" }, "endLifespanVersion": { "@nilReason": "http://inspire.ec.europa.eu/codelist/VoidReasonValue/Unpopulated", "@nil": "true" }, "inspireId": { "@dataType": "Identifier", "localId": "860123_26/3.E", "namespace": "SK.ESKN.CP", "versionId": "20260703T04:07:53" }, "label": "26/3", "nationalCadastralReference": "860123_26/3.E", "referencePoint": { "type": "Point", "coordinates": [ 20.32306998, 48.42429645 ] }, "validFrom": "2026-06-30T16:00:00Z", "validTo": { "@nilReason": "http://inspire.ec.europa.eu/codelist/VoidReasonValue/Unpopulated", "@nil": "true" }, "administrativeUnit": { "@href": "#auAdmUnitS.1834" } }, "geometry": { "type": "Polygon", "coordinates": [ [ [ 20.32305471, 48.42437278 ], [ 20.32309152, 48.4243744 ], [ 20.32336752, 48.42436685 ], [ 20.32353978, 48.42436901 ], [ 20.3235385, 48.42434986 ], [ 20.32331573, 48.42434635 ], [ 20.32328536, 48.42434543 ], [ 20.32325905, 48.4243444 ], [ 20.3232329, 48.42434166 ], [ 20.32320989, 48.42433706 ], [ 20.32318658, 48.42433128 ], [ 20.3231646, 48.4243242 ], [ 20.32314296, 48.4243148 ], [ 20.32312633, 48.42430541 ], [ 20.32311178, 48.42429546 ], [ 20.32309484, 48.42428192 ], [ 20.32307885, 48.42426534 ], [ 20.32306504, 48.42424696 ], [ 20.32305437, 48.42422834 ], [ 20.32305108, 48.42421966 ], [ 20.32302667, 48.4242187 ], [ 20.32302673, 48.42429744 ], [ 20.32296281, 48.42429782 ], [ 20.32297335, 48.42431634 ], [ 20.32298862, 48.42433496 ], [ 20.3230079, 48.42435265 ], [ 20.32303288, 48.42436562 ], [ 20.32305471, 48.42437278 ] ] ] } },
{ "type": "Feature", "properties": { "@featureType": "CadastralParcel", "areaValue": { "value": 133, "@uom": "m2" }, "beginLifespanVersion": { "@nilReason": "http://inspire.ec.europa.eu/codelist/VoidReasonValue/Unpopulated", "@nil": "true" }, "endLifespanVersion": { "@nilReason": "http://inspire.ec.europa.eu/codelist/VoidReasonValue/Unpopulated", "@nil": "true" }, "inspireId": { "@dataType": "Identifier", "localId": "860123_28/1.E", "namespace": "SK.ESKN.CP", "versionId": "20260703T04:07:53" }, "label": "28/1", "nationalCadastralReference": "860123_28/1.E", "referencePoint": { "type": "Point", "coordinates": [ 20.31827933, 48.40820609 ] }, "validFrom": "2026-06-30T16:00:00Z", "validTo": { "@nilReason": "http://inspire.ec.europa.eu/codelist/VoidReasonValue/Unpopulated", "@nil": "true" }, "administrativeUnit": { "@href": "#auAdmUnitS.1834" } }, "geometry": { "type": "Polygon", "coordinates": [ [ [ 20.31854044, 48.40818324 ], [ 20.31853058, 48.40815555 ], [ 20.31802502, 48.40822894 ], [ 20.31794543, 48.40823987 ], [ 20.31794815, 48.40826565 ], [ 20.31854044, 48.40818324 ] ] ] } },
{ "type": "Feature", "properties": { "@featureType": "CadastralParcel", "areaValue": { "value": 437, "@uom": "m2" }, "beginLifespanVersion": { "@nilReason": "http://inspire.ec.europa.eu/codelist/VoidReasonValue/Unpopulated", "@nil": "true" }, "endLifespanVersion": { "@nilReason": "http://inspire.ec.europa.eu/codelist/VoidReasonValue/Unpopulated", "@nil": "true" }, "inspireId": { "@dataType": "Identifier", "localId": "860123_28/1.E", "namespace": "SK.ESKN.CP", "versionId": "20260703T04:07:53" }, "label": "28/1", "nationalCadastralReference": "860123_28/1.E", "referencePoint": { "type": "Point", "coordinates": [ 20.32441247, 48.42419443 ] }, "validFrom": "2026-06-30T16:00:00Z", "validTo": { "@nilReason": "http://inspire.ec.europa.eu/codelist/VoidReasonValue/Unpopulated", "@nil": "true" }, "administrativeUnit": { "@href": "#auAdmUnitS.1834" } }, "geometry": { "type": "Polygon", "coordinates": [ [ [ 20.32448502, 48.42436906 ], [ 20.32447778, 48.42433157 ], [ 20.32447294, 48.42395649 ], [ 20.32434967, 48.42395291 ], [ 20.32434984, 48.42397553 ], [ 20.32435031, 48.42407268 ], [ 20.32434927, 48.42410885 ], [ 20.32434928, 48.42415003 ], [ 20.32434859, 48.42423884 ], [ 20.3243486, 48.42427695 ], [ 20.3243477, 48.42434223 ], [ 20.3243382, 48.42437618 ], [ 20.32448502, 48.42436906 ] ] ] } },
{ "type": "Feature", "properties": { "@featureType": "CadastralParcel", "areaValue": { "value": 2198, "@uom": "m2" }, "beginLifespanVersion": { "@nilReason": "http://inspire.ec.europa.eu/codelist/VoidReasonValue/Unpopulated", "@nil": "true" }, "endLifespanVersion": { "@nilReason": "http://inspire.ec.europa.eu/codelist/VoidReasonValue/Unpopulated", "@nil": "true" }, "inspireId": { "@dataType": "Identifier", "localId": "860123_451/2.E", "namespace": "SK.ESKN.CP", "versionId": "20260703T04:07:53" }, "label": "451/2", "nationalCadastralReference": "860123_451/2.E", "referencePoint": { "type": "Point", "coordinates": [ 20.32682576, 48.42082098 ] }, "validFrom": "2026-06-30T16:00:00Z", "validTo": { "@nilReason": "http://inspire.ec.europa.eu/codelist/VoidReasonValue/Unpopulated", "@nil": "true" }, "administrativeUnit": { "@href": "#auAdmUnitS.1834" } }, "geometry": { "type": "Polygon", "coordinates": [ [ [ 20.32696083, 48.42156108 ], [ 20.32695941, 48.42151598 ], [ 20.32695574, 48.42134168 ], [ 20.3269553, 48.42132833 ], [ 20.32695373, 48.42129412 ], [ 20.32695006, 48.42115352 ], [ 20.32694954, 48.42112881 ], [ 20.32698181, 48.42112809 ], [ 20.32698096, 48.42107806 ], [ 20.32697209, 48.42104978 ], [ 20.32695264, 48.42098811 ], [ 20.32694344, 48.42095901 ], [ 20.32692589, 48.42087129 ], [ 20.32692054, 48.42084757 ], [ 20.3269086, 48.42079439 ], [ 20.32688859, 48.42070234 ], [ 20.32688194, 48.42066893 ], [ 20.32686317, 48.42057656 ], [ 20.32685497, 48.42053768 ], [ 20.32683788, 48.42045547 ], [ 20.32683191, 48.42042812 ], [ 20.32681415, 48.42034427 ], [ 20.32680898, 48.42031857 ], [ 20.32678347, 48.42019693 ], [ 20.32676874, 48.420114 ], [ 20.32678474, 48.42010301 ], [ 20.326584, 48.42010316 ], [ 20.32659329, 48.42015109 ], [ 20.32661582, 48.42025595 ], [ 20.32663061, 48.42032752 ], [ 20.32667275, 48.42052432 ], [ 20.32667894, 48.42055069 ], [ 20.32669601, 48.42063317 ], [ 20.32670222, 48.42066395 ], [ 20.3267213, 48.42074516 ], [ 20.32674707, 48.42086996 ], [ 20.3267648, 48.42095715 ], [ 20.32674615, 48.42097218 ], [ 20.32674779, 48.42099035 ], [ 20.32675245, 48.42105243 ], [ 20.32675356, 48.42107968 ], [ 20.32677012, 48.42108979 ], [ 20.32677239, 48.42116511 ], [ 20.32677506, 48.42126964 ], [ 20.32677662, 48.42132691 ], [ 20.32677526, 48.42134542 ], [ 20.32677815, 48.42141986 ], [ 20.32677881, 48.42142304 ], [ 20.3267823, 48.42156571 ], [ 20.32696083, 48.42156108 ] ] ] } },
{ "type": "Feature", "properties": { "@featureType": "CadastralParcel", "areaValue": { "value": 1902, "@uom": "m2" }, "beginLifespanVersion": { "@nilReason": "http://inspire.ec.europa.eu/codelist/VoidReasonValue/Unpopulated", "@nil": "true" }, "endLifespanVersion": { "@nilReason": "http://inspire.ec.europa.eu/codelist/VoidReasonValue/Unpopulated", "@nil": "true" }, "inspireId": { "@dataType": "Identifier", "localId": "860123_451/4.E", "namespace": "SK.ESKN.CP", "versionId": "20260703T04:07:53" }, "label": "451/4", "nationalCadastralReference": "860123_451/4.E", "referencePoint": { "type": "Point", "coordinates": [ 20.32553105, 48.4200562 ] }, "validFrom": "2026-06-30T16:00:00Z", "validTo": { "@nilReason": "http://inspire.ec.europa.eu/codelist/VoidReasonValue/Unpopulated", "@nil": "true" }, "administrativeUnit": { "@href": "#auAdmUnitS.1834" } }, "geometry": { "type": "Polygon", "coordinates": [ [ [ 20.32602497, 48.42010647 ], [ 20.32619992, 48.42010567 ], [ 20.32624664, 48.42010534 ], [ 20.326584, 48.42010316 ], [ 20.32658074, 48.42008645 ], [ 20.32656506, 48.42001736 ], [ 20.32655763, 48.41998347 ], [ 20.32653478, 48.41999852 ], [ 20.32641214, 48.41999867 ], [ 20.32633565, 48.41999882 ], [ 20.32624633, 48.41999874 ], [ 20.32610354, 48.41999864 ], [ 20.32603627, 48.41999871 ], [ 20.32588237, 48.41999871 ], [ 20.32583053, 48.41999875 ], [ 20.32567893, 48.41999884 ], [ 20.32563005, 48.41999899 ], [ 20.32547545, 48.41999933 ], [ 20.3254358, 48.41999931 ], [ 20.32527109, 48.41999915 ], [ 20.3252076, 48.41999928 ], [ 20.32505799, 48.41999819 ], [ 20.32495579, 48.41999832 ], [ 20.32489921, 48.41999836 ], [ 20.32475704, 48.419999 ], [ 20.32473403, 48.41999891 ], [ 20.32451386, 48.41999847 ], [ 20.32448929, 48.4199839 ], [ 20.32448868, 48.42002595 ], [ 20.32448764, 48.42009592 ], [ 20.32448708, 48.42013121 ], [ 20.32450852, 48.42011529 ], [ 20.32466137, 48.42011489 ], [ 20.32494806, 48.42011325 ], [ 20.32512723, 48.42011208 ], [ 20.32517111, 48.42011182 ], [ 20.32526115, 48.42011138 ], [ 20.32560963, 48.42010892 ], [ 20.32568871, 48.42010851 ], [ 20.32602497, 48.42010647 ] ] ] } },
{ "type": "Feature", "properties": { "@featureType": "CadastralParcel", "areaValue": { "value": 2131, "@uom": "m2" }, "beginLifespanVersion": { "@nilReason": "http://inspire.ec.europa.eu/codelist/VoidReasonValue/Unpopulated", "@nil": "true" }, "endLifespanVersion": { "@nilReason": "http://inspire.ec.europa.eu/codelist/VoidReasonValue/Unpopulated", "@nil": "true" }, "inspireId": { "@dataType": "Identifier", "localId": "860123_451/5.E", "namespace": "SK.ESKN.CP", "versionId": "20260703T04:07:53" }, "label": "451/5", "nationalCadastralReference": "860123_451/5.E", "referencePoint": { "type": "Point", "coordinates": [ 20.32771717, 48.4208373 ] }, "validFrom": "2026-06-30T16:00:00Z", "validTo": { "@nilReason": "http://inspire.ec.europa.eu/codelist/VoidReasonValue/Unpopulated", "@nil": "true" }, "administrativeUnit": { "@href": "#auAdmUnitS.1834" } }, "geometry": { "type": "Polygon", "coordinates": [ [ [ 20.32781433, 48.42156012 ], [ 20.32781297, 48.42142555 ], [ 20.32781255, 48.42139815 ], [ 20.32781138, 48.42129512 ], [ 20.32781018, 48.42123525 ], [ 20.32780988, 48.42122019 ], [ 20.32780905, 48.42108268 ], [ 20.32780884, 48.42104528 ], [ 20.32780663, 48.42097843 ], [ 20.3278066, 48.42095437 ], [ 20.32780648, 48.42094797 ], [ 20.32780604, 48.42089786 ], [ 20.32780577, 48.4208719 ], [ 20.32780503, 48.42081601 ], [ 20.3278047, 48.42072636 ], [ 20.32780375, 48.42064379 ], [ 20.32780368, 48.42063838 ], [ 20.32780332, 48.42054602 ], [ 20.32780317, 48.42049115 ], [ 20.32780244, 48.42038003 ], [ 20.32780198, 48.42033785 ], [ 20.3278014, 48.42023412 ], [ 20.327801, 48.42009635 ], [ 20.32777308, 48.42009679 ], [ 20.32764957, 48.42009753 ], [ 20.32760537, 48.42009842 ], [ 20.32762158, 48.42011103 ], [ 20.32762212, 48.42018755 ], [ 20.32762292, 48.42027794 ], [ 20.32762374, 48.42032843 ], [ 20.32762473, 48.42035856 ], [ 20.32762526, 48.42040759 ], [ 20.32762572, 48.42045752 ], [ 20.32762641, 48.42049413 ], [ 20.32762699, 48.42059767 ], [ 20.32762785, 48.42065843 ], [ 20.32762809, 48.42073835 ], [ 20.32762879, 48.42081298 ], [ 20.32762923, 48.42085859 ], [ 20.32763123, 48.42094768 ], [ 20.32763182, 48.42098077 ], [ 20.32763308, 48.42104461 ], [ 20.32763361, 48.42107066 ], [ 20.32763486, 48.42123559 ], [ 20.32763463, 48.42130558 ], [ 20.32763473, 48.42139316 ], [ 20.3276349, 48.42143867 ], [ 20.32763522, 48.42147183 ], [ 20.32763578, 48.42156033 ], [ 20.32781433, 48.42156012 ] ] ] } },
{ "type": "Feature", "properties": { "@featureType": "CadastralParcel", "areaValue": { "value": 919, "@uom": "m2" }, "beginLifespanVersion": { "@nilReason": "http://inspire.ec.europa.eu/codelist/VoidReasonValue/Unpopulated", "@nil": "true" }, "endLifespanVersion": { "@nilReason": "http://inspire.ec.europa.eu/codelist/VoidReasonValue/Unpopulated", "@nil": "true" }, "inspireId": { "@dataType": "Identifier", "localId": "860123_451/7.E", "namespace": "SK.ESKN.CP", "versionId": "20260703T04:07:53" }, "label": "451/7", "nationalCadastralReference": "860123_451/7.E", "referencePoint": { "type": "Point", "coordinates": [ 20.32906209, 48.41980128 ] }, "validFrom": "2026-06-30T16:00:00Z", "validTo": { "@nilReason": "http://inspire.ec.europa.eu/codelist/VoidReasonValue/Unpopulated", "@nil": "true" }, "administrativeUnit": { "@href": "#auAdmUnitS.1834" } }, "geometry": { "type": "Polygon", "coordinates": [ [ [ 20.32910748, 48.42010169 ], [ 20.32915595, 48.42009692 ], [ 20.3291908, 48.42009621 ], [ 20.32923365, 48.42009988 ], [ 20.32898576, 48.41950824 ], [ 20.32896134, 48.4194507 ], [ 20.32885921, 48.41945156 ], [ 20.32886543, 48.41946541 ], [ 20.32887763, 48.41949274 ], [ 20.32888983, 48.41952006 ], [ 20.32890203, 48.41954739 ], [ 20.32891424, 48.41957472 ], [ 20.32892644, 48.41960204 ], [ 20.32893864, 48.41962937 ], [ 20.32895085, 48.41965661 ], [ 20.32896305, 48.41968393 ], [ 20.32897525, 48.41971126 ], [ 20.32898745, 48.41973859 ], [ 20.32899979, 48.41976592 ], [ 20.329012, 48.41979315 ], [ 20.32902421, 48.41982039 ], [ 20.32903642, 48.41984763 ], [ 20.32904863, 48.41987487 ], [ 20.32906084, 48.4199021 ], [ 20.32907263, 48.4199295 ], [ 20.32899526, 48.41994575 ], [ 20.3289836, 48.41991836 ], [ 20.32897126, 48.41989111 ], [ 20.32895905, 48.41986388 ], [ 20.32894684, 48.41983664 ], [ 20.32893463, 48.4198094 ], [ 20.32892242, 48.41978217 ], [ 20.32891022, 48.41975484 ], [ 20.32889802, 48.41972751 ], [ 20.32888582, 48.41970019 ], [ 20.32887361, 48.41967286 ], [ 20.32886141, 48.41964562 ], [ 20.3288492, 48.4196183 ], [ 20.328837, 48.41959097 ], [ 20.3288248, 48.41956364 ], [ 20.3288126, 48.41953632 ], [ 20.3288004, 48.41950899 ], [ 20.3287882, 48.41948166 ], [ 20.32877599, 48.41945434 ], [ 20.32871845, 48.41945154 ], [ 20.32902819, 48.42013967 ], [ 20.32905895, 48.42011781 ], [ 20.32908234, 48.42010737 ], [ 20.32910748, 48.42010169 ] ] ] } },
{ "type": "Feature", "properties": { "@featureType": "CadastralParcel", "areaValue": { "value": 2914, "@uom": "m2" }, "beginLifespanVersion": { "@nilReason": "http://inspire.ec.europa.eu/codelist/VoidReasonValue/Unpopulated", "@nil": "true" }, "endLifespanVersion": { "@nilReason": "http://inspire.ec.europa.eu/codelist/VoidReasonValue/Unpopulated", "@nil": "true" }, "inspireId": { "@dataType": "Identifier", "localId": "860123_451/8.E", "namespace": "SK.ESKN.CP", "versionId": "20260703T04:07:53" }, "label": "451/8", "nationalCadastralReference": "860123_451/8.E", "referencePoint": { "type": "Point", "coordinates": [ 20.32661096, 48.41971714 ] }, "validFrom": "2026-06-30T16:00:00Z", "validTo": { "@nilReason": "http://inspire.ec.europa.eu/codelist/VoidReasonValue/Unpopulated", "@nil": "true" }, "administrativeUnit": { "@href": "#auAdmUnitS.1834" } }, "geometry": { "type": "Polygon", "coordinates": [ [ [ 20.32722492, 48.42009972 ], [ 20.32735458, 48.42009976 ], [ 20.32742836, 48.42009814 ], [ 20.32760537, 48.42009842 ], [ 20.32764957, 48.42009753 ], [ 20.32777308, 48.42009679 ], [ 20.327801, 48.42009635 ], [ 20.3278005, 48.42007606 ], [ 20.32780043, 48.42000948 ], [ 20.32780025, 48.41999623 ], [ 20.32780003, 48.4199864 ], [ 20.32779943, 48.41991979 ], [ 20.32779899, 48.41988338 ], [ 20.3277963, 48.41978074 ], [ 20.32779428, 48.41966273 ], [ 20.3277932, 48.41963061 ], [ 20.32779085, 48.41949033 ], [ 20.32778993, 48.41945939 ], [ 20.3277894, 48.41941486 ], [ 20.32762308, 48.41940699 ], [ 20.32761945, 48.41998518 ], [ 20.32738469, 48.41998742 ], [ 20.32692274, 48.41999192 ], [ 20.32675289, 48.41999482 ], [ 20.32665386, 48.41938225 ], [ 20.32646001, 48.41938564 ], [ 20.32646442, 48.41941239 ], [ 20.32648108, 48.41951314 ], [ 20.32648522, 48.41953979 ], [ 20.32650068, 48.4196404 ], [ 20.32650565, 48.4196669 ], [ 20.32652221, 48.41976738 ], [ 20.32653576, 48.41984972 ], [ 20.32655763, 48.41998347 ], [ 20.32656506, 48.42001736 ], [ 20.32658074, 48.42008645 ], [ 20.326584, 48.42010316 ], [ 20.32678474, 48.42010301 ], [ 20.32690198, 48.42010265 ], [ 20.32700811, 48.42010095 ], [ 20.32705143, 48.42010094 ], [ 20.32718495, 48.42010014 ], [ 20.32722492, 48.42009972 ] ] ] } },
{ "type": "Feature", "properties": { "@featureType": "CadastralParcel", "areaValue": { "value": 2834, "@uom": "m2" }, "beginLifespanVersion": { "@nilReason": "http://inspire.ec.europa.eu/codelist/VoidReasonValue/Unpopulated", "@nil": "true" }, "endLifespanVersion": { "@nilReason": "http://inspire.ec.europa.eu/codelist/VoidReasonValue/Unpopulated", "@nil": "true" }, "inspireId": { "@dataType": "Identifier", "localId": "860123_451/10.E", "namespace": "SK.ESKN.CP", "versionId": "20260703T04:07:53" }, "label": "451/10", "nationalCadastralReference": "860123_451/10.E", "referencePoint": { "type": "Point", "coordinates": [ 20.32895345, 48.4204797 ] }, "validFrom": "2026-06-30T16:00:00Z", "validTo": { "@nilReason": "http://inspire.ec.europa.eu/codelist/VoidReasonValue/Unpopulated", "@nil": "true" }, "administrativeUnit": { "@href": "#auAdmUnitS.1834" } }, "geometry": { "type": "Polygon", "coordinates": [ [ [ 20.32889121, 48.42129996 ], [ 20.32889398, 48.42140187 ], [ 20.32889512, 48.42142723 ], [ 20.32889957, 48.4215621 ], [ 20.32908507, 48.42156297 ], [ 20.32908427, 48.42145411 ], [ 20.32908412, 48.42142518 ], [ 20.32907966, 48.42133022 ], [ 20.32907905, 48.42128966 ], [ 20.32907734, 48.42124319 ], [ 20.3290754, 48.42116563 ], [ 20.32907356, 48.42107159 ], [ 20.32906776, 48.42104379 ], [ 20.32905467, 48.42098058 ], [ 20.32904774, 48.42095337 ], [ 20.32904067, 48.4207792 ], [ 20.32903892, 48.42068264 ], [ 20.32903408, 48.42044046 ], [ 20.32902819, 48.42013967 ], [ 20.32871845, 48.41945154 ], [ 20.3285763, 48.41944732 ], [ 20.32862912, 48.4195694 ], [ 20.32869898, 48.41972224 ], [ 20.32876171, 48.41985921 ], [ 20.32881524, 48.41997942 ], [ 20.32884719, 48.4200605 ], [ 20.32886068, 48.42009472 ], [ 20.32886342, 48.42017853 ], [ 20.32886679, 48.42029191 ], [ 20.32887136, 48.420453 ], [ 20.32887273, 48.42050639 ], [ 20.32887518, 48.42059956 ], [ 20.32887626, 48.42065167 ], [ 20.32887903, 48.42077954 ], [ 20.32888077, 48.42084709 ], [ 20.32888305, 48.42092538 ], [ 20.32888315, 48.42095647 ], [ 20.32888391, 48.42098001 ], [ 20.32888436, 48.42104382 ], [ 20.3288843, 48.42107508 ], [ 20.32888843, 48.42120588 ], [ 20.32888942, 48.42123916 ], [ 20.32889121, 48.42129996 ] ] ] } },
{ "type": "Feature", "properties": { "@featureType": "CadastralParcel", "areaValue": { "value": 383, "@uom": "m2" }, "beginLifespanVersion": { "@nilReason": "http://inspire.ec.europa.eu/codelist/VoidReasonValue/Unpopulated", "@nil": "true" }, "endLifespanVersion": { "@nilReason": "http://inspire.ec.europa.eu/codelist/VoidReasonValue/Unpopulated", "@nil": "true" }, "inspireId": { "@dataType": "Identifier", "localId": "860123_583/2.E", "namespace": "SK.ESKN.CP", "versionId": "20260703T04:07:53" }, "label": "583/2", "nationalCadastralReference": "860123_583/2.E", "referencePoint": { "type": "Point", "coordinates": [ 20.32770596, 48.41928485 ] }, "validFrom": "2026-06-30T16:00:00Z", "validTo": { "@nilReason": "http://inspire.ec.europa.eu/codelist/VoidReasonValue/Unpopulated", "@nil": "true" }, "administrativeUnit": { "@href": "#auAdmUnitS.1834" } }, "geometry": { "type": "Polygon", "coordinates": [ [ [ 20.3277894, 48.41941486 ], [ 20.32778913, 48.41938891 ], [ 20.32778862, 48.41935186 ], [ 20.32778818, 48.41930625 ], [ 20.32778777, 48.41926344 ], [ 20.327786, 48.41915643 ], [ 20.32778616, 48.41912562 ], [ 20.32776313, 48.4191258 ], [ 20.32765627, 48.41912657 ], [ 20.32762499, 48.41912678 ], [ 20.32762325, 48.4193897 ], [ 20.32762308, 48.41940699 ], [ 20.3277894, 48.41941486 ] ] ] } },
{ "type": "Feature", "properties": { "@featureType": "CadastralParcel", "areaValue": { "value": 377, "@uom": "m2" }, "beginLifespanVersion": { "@nilReason": "http://inspire.ec.europa.eu/codelist/VoidReasonValue/Unpopulated", "@nil": "true" }, "endLifespanVersion": { "@nilReason": "http://inspire.ec.europa.eu/codelist/VoidReasonValue/Unpopulated", "@nil": "true" }, "inspireId": { "@dataType": "Identifier", "localId": "860123_583/3.E", "namespace": "SK.ESKN.CP", "versionId": "20260703T04:07:53" }, "label": "583/3", "nationalCadastralReference": "860123_583/3.E", "referencePoint": { "type": "Point", "coordinates": [ 20.32858653, 48.41931248 ] }, "validFrom": "2026-06-30T16:00:00Z", "validTo": { "@nilReason": "http://inspire.ec.europa.eu/codelist/VoidReasonValue/Unpopulated", "@nil": "true" }, "administrativeUnit": { "@href": "#auAdmUnitS.1834" } }, "geometry": { "type": "Polygon", "coordinates": [ [ [ 20.3285763, 48.41944732 ], [ 20.32871845, 48.41945154 ], [ 20.3285766, 48.41913623 ], [ 20.32856722, 48.41911524 ], [ 20.32854331, 48.41911628 ], [ 20.32852089, 48.41911729 ], [ 20.32848066, 48.41911914 ], [ 20.32843506, 48.41912663 ], [ 20.32848634, 48.41924316 ], [ 20.32854798, 48.4193818 ], [ 20.3285763, 48.41944732 ] ] ] } },
{ "type": "Feature", "properties": { "@featureType": "CadastralParcel", "areaValue": { "value": 19516, "@uom": "m2" }, "beginLifespanVersion": { "@nilReason": "http://inspire.ec.europa.eu/codelist/VoidReasonValue/Unpopulated", "@nil": "true" }, "endLifespanVersion": { "@nilReason": "http://inspire.ec.europa.eu/codelist/VoidReasonValue/Unpopulated", "@nil": "true" }, "inspireId": { "@dataType": "Identifier", "localId": "860123_583/5.E", "namespace": "SK.ESKN.CP", "versionId": "20260703T04:07:53" }, "label": "583/5", "nationalCadastralReference": "860123_583/5.E", "referencePoint": { "type": "Point", "coordinates": [ 20.32542576, 48.4179958 ] }, "validFrom": "2026-06-30T16:00:00Z", "validTo": { "@nilReason": "http://inspire.ec.europa.eu/codelist/VoidReasonValue/Unpopulated", "@nil": "true" }, "administrativeUnit": { "@href": "#auAdmUnitS.1834" } }, "geometry": { "type": "Polygon", "coordinates": [ [ [ 20.32582741, 48.41901829 ], [ 20.32582668, 48.41841012 ], [ 20.32581679, 48.41819296 ], [ 20.32580521, 48.41771355 ], [ 20.32576733, 48.41771333 ], [ 20.32572418, 48.41771308 ], [ 20.32568102, 48.41771283 ], [ 20.32563761, 48.41771248 ], [ 20.32559405, 48.41771221 ], [ 20.32559641, 48.41765653 ], [ 20.32563985, 48.41765662 ], [ 20.32568328, 48.41765679 ], [ 20.32572644, 48.41765686 ], [ 20.32576961, 48.41765693 ], [ 20.32581264, 48.41765709 ], [ 20.3258558, 48.41765725 ], [ 20.32589897, 48.41765732 ], [ 20.32594213, 48.41765748 ], [ 20.32599372, 48.41765572 ], [ 20.32599274, 48.41771415 ], [ 20.32621129, 48.41771605 ], [ 20.32621697, 48.41771609 ], [ 20.32622153, 48.41765384 ], [ 20.32626451, 48.41765453 ], [ 20.3263075, 48.41765514 ], [ 20.32635088, 48.41765585 ], [ 20.32639441, 48.41765647 ], [ 20.32643807, 48.4176571 ], [ 20.32648186, 48.41765774 ], [ 20.32652579, 48.41765838 ], [ 20.32656986, 48.41765902 ], [ 20.32661406, 48.41765968 ], [ 20.32660967, 48.41771996 ], [ 20.3268233, 48.41772086 ], [ 20.32682578, 48.41765924 ], [ 20.32686607, 48.41765974 ], [ 20.32690761, 48.41765983 ], [ 20.32691505, 48.41765985 ], [ 20.32695117, 48.4176601 ], [ 20.32699472, 48.41766045 ], [ 20.32703853, 48.41766082 ], [ 20.32708046, 48.4176612 ], [ 20.32712252, 48.4176615 ], [ 20.32716459, 48.4176618 ], [ 20.32720679, 48.4176621 ], [ 20.32720537, 48.41771178 ], [ 20.32773644, 48.41771061 ], [ 20.32759118, 48.41741102 ], [ 20.32752168, 48.41726946 ], [ 20.32749389, 48.41721026 ], [ 20.32742388, 48.41706841 ], [ 20.32740313, 48.41705814 ], [ 20.32683937, 48.41705424 ], [ 20.32636983, 48.41705159 ], [ 20.3258954, 48.41704759 ], [ 20.32549101, 48.41704425 ], [ 20.32532004, 48.41704314 ], [ 20.32482437, 48.41704054 ], [ 20.32483515, 48.41713584 ], [ 20.32484064, 48.41718705 ], [ 20.32484753, 48.41724525 ], [ 20.32484927, 48.41725928 ], [ 20.32493047, 48.41725472 ], [ 20.32493414, 48.41729126 ], [ 20.32493796, 48.41732763 ], [ 20.3249429, 48.41736206 ], [ 20.32494667, 48.4173959 ], [ 20.32486667, 48.41740061 ], [ 20.32486716, 48.41740423 ], [ 20.32502852, 48.41740398 ], [ 20.32502915, 48.41744275 ], [ 20.32502981, 48.41748115 ], [ 20.32503049, 48.41751929 ], [ 20.32503122, 48.41755698 ], [ 20.3250319, 48.41759358 ], [ 20.3250325, 48.41762811 ], [ 20.3250328, 48.41764921 ], [ 20.32507945, 48.41764978 ], [ 20.32512434, 48.41765028 ], [ 20.32516935, 48.41765087 ], [ 20.32521451, 48.41765138 ], [ 20.32525981, 48.41765189 ], [ 20.32530446, 48.41765202 ], [ 20.32530301, 48.41771125 ], [ 20.32525892, 48.41771087 ], [ 20.32521362, 48.41771045 ], [ 20.32516844, 48.41771012 ], [ 20.32512353, 48.4177098 ], [ 20.32507863, 48.41770948 ], [ 20.3250344, 48.41770918 ], [ 20.32503467, 48.41772595 ], [ 20.32503533, 48.41775679 ], [ 20.32503591, 48.41778691 ], [ 20.32503654, 48.41781801 ], [ 20.32503782, 48.4179351 ], [ 20.32504115, 48.4180565 ], [ 20.32504351, 48.41817516 ], [ 20.32505062, 48.41829211 ], [ 20.32505144, 48.41851225 ], [ 20.32505151, 48.41868424 ], [ 20.325051, 48.41885523 ], [ 20.32505137, 48.41901624 ], [ 20.32582741, 48.41901829 ] ], [ [ 20.32517847, 48.41875148 ], [ 20.32517602, 48.41876697 ], [ 20.32513313, 48.41876682 ], [ 20.3251335, 48.41875188 ], [ 20.32511606, 48.41875164 ], [ 20.32511742, 48.41864151 ], [ 20.32537836, 48.41864156 ], [ 20.32537831, 48.41875229 ], [ 20.32517847, 48.41875148 ] ], [ [ 20.32550544, 48.41847653 ], [ 20.32550316, 48.41849158 ], [ 20.32546272, 48.41849126 ], [ 20.32546291, 48.41847694 ], [ 20.32544233, 48.41847694 ], [ 20.32544408, 48.41836538 ], [ 20.32571157, 48.41836641 ], [ 20.32570828, 48.4184771 ], [ 20.32550544, 48.41847653 ] ], [ [ 20.32517728, 48.41820824 ], [ 20.32517703, 48.41822031 ], [ 20.32513817, 48.4182204 ], [ 20.32513808, 48.4182077 ], [ 20.32511302, 48.41820789 ], [ 20.32511202, 48.41809379 ], [ 20.32512165, 48.41809353 ], [ 20.32515708, 48.41809393 ], [ 20.32515634, 48.41809769 ], [ 20.32538127, 48.41809479 ], [ 20.32538236, 48.41820638 ], [ 20.32517728, 48.41820824 ] ], [ [ 20.32541213, 48.41764201 ], [ 20.32541424, 48.41752641 ], [ 20.32540237, 48.41752595 ], [ 20.32540385, 48.41749249 ], [ 20.32541494, 48.41749256 ], [ 20.32541694, 48.41738425 ], [ 20.32557866, 48.41738447 ], [ 20.32557307, 48.41764337 ], [ 20.32541213, 48.41764201 ] ], [ [ 20.32602663, 48.41764475 ], [ 20.32602793, 48.41753372 ], [ 20.32601832, 48.4175337 ], [ 20.32601953, 48.41750014 ], [ 20.32602856, 48.41750059 ], [ 20.32603165, 48.41738755 ], [ 20.32618972, 48.41738924 ], [ 20.32618584, 48.41764577 ], [ 20.32602663, 48.41764475 ] ], [ [ 20.32663321, 48.41765124 ], [ 20.32663523, 48.41753662 ], [ 20.32662723, 48.41753676 ], [ 20.32662797, 48.41750553 ], [ 20.32663473, 48.41750561 ], [ 20.32663806, 48.41738835 ], [ 20.3268022, 48.41739028 ], [ 20.32679786, 48.41765202 ], [ 20.32663321, 48.41765124 ] ], [ [ 20.327251, 48.41765654 ], [ 20.32725138, 48.41765223 ], [ 20.32725257, 48.41744289 ], [ 20.32725322, 48.41731165 ], [ 20.32741818, 48.41731343 ], [ 20.32741852, 48.41738759 ], [ 20.32744449, 48.4173878 ], [ 20.32744428, 48.41740698 ], [ 20.32741954, 48.41740673 ], [ 20.3274172, 48.41750052 ], [ 20.3274318, 48.41750064 ], [ 20.32743131, 48.41752305 ], [ 20.32741845, 48.41752309 ], [ 20.32741804, 48.41755983 ], [ 20.32744195, 48.41756041 ], [ 20.32744127, 48.41758029 ], [ 20.32741751, 48.41757963 ], [ 20.32741693, 48.41765655 ], [ 20.327251, 48.41765654 ] ], [ [ 20.3255323, 48.41718949 ], [ 20.32553426, 48.41708622 ], [ 20.32579525, 48.4170888 ], [ 20.32579361, 48.41719144 ], [ 20.3255323, 48.41718949 ] ] ] } },
{ "type": "Feature", "properties": { "@featureType": "CadastralParcel", "areaValue": { "value": 5174, "@uom": "m2" }, "beginLifespanVersion": { "@nilReason": "http://inspire.ec.europa.eu/codelist/VoidReasonValue/Unpopulated", "@nil": "true" }, "endLifespanVersion": { "@nilReason": "http://inspire.ec.europa.eu/codelist/VoidReasonValue/Unpopulated", "@nil": "true" }, "inspireId": { "@dataType": "Identifier", "localId": "860123_583/9.E", "namespace": "SK.ESKN.CP", "versionId": "20260703T04:07:53" }, "label": "583/9", "nationalCadastralReference": "860123_583/9.E", "referencePoint": { "type": "Point", "coordinates": [ 20.3282683, 48.41799547 ] }, "validFrom": "2026-06-30T16:00:00Z", "validTo": { "@nilReason": "http://inspire.ec.europa.eu/codelist/VoidReasonValue/Unpopulated", "@nil": "true" }, "administrativeUnit": { "@href": "#auAdmUnitS.1834" } }, "geometry": { "type": "Polygon", "coordinates": [ [ [ 20.32828479, 48.41820573 ], [ 20.32829795, 48.41823283 ], [ 20.32831112, 48.41825992 ], [ 20.32832429, 48.41828702 ], [ 20.32833759, 48.41831421 ], [ 20.32835076, 48.41834121 ], [ 20.32836531, 48.41837115 ], [ 20.32837861, 48.41839825 ], [ 20.32839179, 48.41842526 ], [ 20.32840496, 48.41845235 ], [ 20.32841812, 48.41847953 ], [ 20.32843129, 48.41850663 ], [ 20.32844445, 48.41853381 ], [ 20.32845774, 48.418561 ], [ 20.32847103, 48.41858828 ], [ 20.32848432, 48.41861556 ], [ 20.32849761, 48.41864284 ], [ 20.3285109, 48.41867003 ], [ 20.32852419, 48.41869731 ], [ 20.32853749, 48.4187245 ], [ 20.32855077, 48.41875178 ], [ 20.32856406, 48.41877905 ], [ 20.32857735, 48.41880633 ], [ 20.32859064, 48.41883361 ], [ 20.32860393, 48.41886089 ], [ 20.32861722, 48.41888808 ], [ 20.32863051, 48.41891536 ], [ 20.32864379, 48.41894273 ], [ 20.32865707, 48.4189701 ], [ 20.32867035, 48.41899747 ], [ 20.32868363, 48.41902484 ], [ 20.32869691, 48.41905221 ], [ 20.32871019, 48.41907957 ], [ 20.3287236, 48.41910704 ], [ 20.3287068, 48.41911034 ], [ 20.328719, 48.41913758 ], [ 20.32873121, 48.41916491 ], [ 20.32874342, 48.41919214 ], [ 20.32875562, 48.41921947 ], [ 20.32876782, 48.4192468 ], [ 20.32878002, 48.41927412 ], [ 20.32879222, 48.41930145 ], [ 20.32880442, 48.41932878 ], [ 20.32881662, 48.4193561 ], [ 20.32882883, 48.41938343 ], [ 20.32884103, 48.41941076 ], [ 20.32885323, 48.41943808 ], [ 20.32885921, 48.41945156 ], [ 20.32896134, 48.4194507 ], [ 20.32885473, 48.41919912 ], [ 20.32871065, 48.41886165 ], [ 20.32863947, 48.41868705 ], [ 20.32853646, 48.41844831 ], [ 20.32846377, 48.41827248 ], [ 20.32835081, 48.4179856 ], [ 20.32829189, 48.41784076 ], [ 20.3281574, 48.41748214 ], [ 20.32803163, 48.41714584 ], [ 20.32799135, 48.41703659 ], [ 20.32789558, 48.41677273 ], [ 20.32781097, 48.41654039 ], [ 20.32777685, 48.41653897 ], [ 20.32786234, 48.41677675 ], [ 20.32759347, 48.41680972 ], [ 20.32746648, 48.416827 ], [ 20.32753461, 48.41696878 ], [ 20.32756129, 48.41696703 ], [ 20.32761381, 48.41707712 ], [ 20.32791225, 48.41770597 ], [ 20.32823549, 48.4183958 ], [ 20.32856722, 48.41911524 ], [ 20.3285766, 48.41913623 ], [ 20.32871845, 48.41945154 ], [ 20.32877599, 48.41945434 ], [ 20.32876379, 48.41942701 ], [ 20.32875159, 48.41939968 ], [ 20.32873939, 48.41937236 ], [ 20.32872719, 48.41934503 ], [ 20.32871499, 48.4193177 ], [ 20.32870279, 48.41929038 ], [ 20.32869059, 48.41926305 ], [ 20.32867838, 48.41923572 ], [ 20.32866618, 48.4192084 ], [ 20.32865398, 48.41918107 ], [ 20.32864177, 48.41915383 ], [ 20.32862944, 48.41912641 ], [ 20.3286468, 48.41912295 ], [ 20.32863352, 48.41909567 ], [ 20.32862024, 48.4190683 ], [ 20.32860696, 48.41904093 ], [ 20.32859368, 48.41901356 ], [ 20.3285804, 48.41898619 ], [ 20.32856711, 48.41895883 ], [ 20.3285537, 48.41893145 ], [ 20.3285404, 48.41890426 ], [ 20.32852711, 48.41887707 ], [ 20.32851382, 48.41884979 ], [ 20.32850053, 48.41882251 ], [ 20.32848724, 48.41879523 ], [ 20.32847396, 48.41876796 ], [ 20.32846067, 48.41874068 ], [ 20.32844738, 48.4187134 ], [ 20.32843408, 48.41868621 ], [ 20.32842079, 48.41865902 ], [ 20.3284075, 48.41863174 ], [ 20.32839421, 48.41860446 ], [ 20.32838079, 48.41857718 ], [ 20.32836749, 48.41854999 ], [ 20.3283542, 48.4185228 ], [ 20.32834103, 48.4184957 ], [ 20.32832773, 48.41846851 ], [ 20.32831442, 48.4184415 ], [ 20.32830124, 48.4184145 ], [ 20.32828794, 48.4183874 ], [ 20.3282734, 48.41835746 ], [ 20.32826023, 48.41833036 ], [ 20.32824706, 48.41830327 ], [ 20.32823389, 48.41827618 ], [ 20.32822072, 48.41824908 ], [ 20.32820755, 48.41822199 ], [ 20.32819439, 48.41819489 ], [ 20.32818108, 48.41816779 ], [ 20.32816778, 48.41814069 ], [ 20.32815448, 48.4181135 ], [ 20.3281405, 48.41808494 ], [ 20.32812719, 48.41805784 ], [ 20.32811402, 48.41803074 ], [ 20.32810073, 48.41800355 ], [ 20.32808743, 48.41797645 ], [ 20.32807344, 48.41794789 ], [ 20.3280574, 48.417915 ], [ 20.32804136, 48.41788212 ], [ 20.328026, 48.41785071 ], [ 20.32801064, 48.41781929 ], [ 20.32799528, 48.41778788 ], [ 20.32798062, 48.41775784 ], [ 20.32796526, 48.41772643 ], [ 20.3279499, 48.41769501 ], [ 20.32793386, 48.41766213 ], [ 20.32791645, 48.4176264 ], [ 20.32789903, 48.41759076 ], [ 20.32788367, 48.41755934 ], [ 20.32786831, 48.41752793 ], [ 20.32785227, 48.41749505 ], [ 20.32783691, 48.41746363 ], [ 20.32782225, 48.41743359 ], [ 20.32780689, 48.41740218 ], [ 20.32779085, 48.4173693 ], [ 20.32777481, 48.41733641 ], [ 20.32776027, 48.41730647 ], [ 20.32774573, 48.41727653 ], [ 20.32773037, 48.41724512 ], [ 20.3277157, 48.41721508 ], [ 20.32770117, 48.41718505 ], [ 20.32768526, 48.41715226 ], [ 20.3276699, 48.41712085 ], [ 20.32765455, 48.41708934 ], [ 20.32763576, 48.41704779 ], [ 20.32762205, 48.41701761 ], [ 20.32769941, 48.41700146 ], [ 20.32771299, 48.41703154 ], [ 20.32773177, 48.41707318 ], [ 20.32774712, 48.41710468 ], [ 20.32776248, 48.4171361 ], [ 20.32777839, 48.41716889 ], [ 20.32779292, 48.41719892 ], [ 20.32780759, 48.41722895 ], [ 20.32782295, 48.41726037 ], [ 20.32783749, 48.41729031 ], [ 20.32785203, 48.41732025 ], [ 20.32786807, 48.41735313 ], [ 20.32788411, 48.41738602 ], [ 20.32789947, 48.41741743 ], [ 20.32791414, 48.41744747 ], [ 20.32792949, 48.41747888 ], [ 20.32794553, 48.41751176 ], [ 20.32796089, 48.41754318 ], [ 20.32797625, 48.41757459 ], [ 20.32799367, 48.41761023 ], [ 20.32801108, 48.41764596 ], [ 20.32802712, 48.41767885 ], [ 20.32804248, 48.41771026 ], [ 20.32805784, 48.41774168 ], [ 20.32807251, 48.41777171 ], [ 20.32808787, 48.41780313 ], [ 20.32810322, 48.41783454 ], [ 20.32811858, 48.41786596 ], [ 20.32813462, 48.41789884 ], [ 20.32815066, 48.41793172 ], [ 20.32816465, 48.41796029 ], [ 20.32817795, 48.41798739 ], [ 20.32819125, 48.41801458 ], [ 20.32820442, 48.41804167 ], [ 20.32821772, 48.41806877 ], [ 20.32823171, 48.41809734 ], [ 20.32824501, 48.41812444 ], [ 20.32825831, 48.41815154 ], [ 20.32827162, 48.41817864 ], [ 20.32828479, 48.41820573 ] ] ] } },
{ "type": "Feature", "properties": { "@featureType": "CadastralParcel", "areaValue": { "value": 7261, "@uom": "m2" }, "beginLifespanVersion": { "@nilReason": "http://inspire.ec.europa.eu/codelist/VoidReasonValue/Unpopulated", "@nil": "true" }, "endLifespanVersion": { "@nilReason": "http://inspire.ec.europa.eu/codelist/VoidReasonValue/Unpopulated", "@nil": "true" }, "inspireId": { "@dataType": "Identifier", "localId": "860123_54.E", "namespace": "SK.ESKN.CP", "versionId": "20260703T04:07:53" }, "label": "54", "nationalCadastralReference": "860123_54.E", "referencePoint": { "type": "Point", "coordinates": [ 20.31136275, 48.40411178 ] }, "validFrom": "2026-06-30T16:00:00Z", "validTo": { "@nilReason": "http://inspire.ec.europa.eu/codelist/VoidReasonValue/Unpopulated", "@nil": "true" }, "administrativeUnit": { "@href": "#auAdmUnitS.1834" } }, "geometry": { "type": "Polygon", "coordinates": [ [ [ 20.31157925, 48.40440924 ], [ 20.31196601, 48.40439815 ], [ 20.31193508, 48.40396284 ], [ 20.31158109, 48.40383341 ], [ 20.31114102, 48.40359608 ], [ 20.31085533, 48.40404641 ], [ 20.31062109, 48.4031883 ], [ 20.31049816, 48.40311129 ], [ 20.3105467, 48.40333133 ], [ 20.31059812, 48.40352787 ], [ 20.3106798, 48.4037129 ], [ 20.31079624, 48.40417716 ], [ 20.31074512, 48.40417983 ], [ 20.31075475, 48.4041948 ], [ 20.31080114, 48.4041951 ], [ 20.31101549, 48.40505783 ], [ 20.31105149, 48.40505474 ], [ 20.31110847, 48.40504996 ], [ 20.31112881, 48.4050358 ], [ 20.31105516, 48.40480901 ], [ 20.31099038, 48.4045632 ], [ 20.31157925, 48.40440924 ] ] ] } },
{ "type": "Feature", "properties": { "@featureType": "CadastralParcel", "areaValue": { "value": 374, "@uom": "m2" }, "beginLifespanVersion": { "@nilReason": "http://inspire.ec.europa.eu/codelist/VoidReasonValue/Unpopulated", "@nil": "true" }, "endLifespanVersion": { "@nilReason": "http://inspire.ec.europa.eu/codelist/VoidReasonValue/Unpopulated", "@nil": "true" }, "inspireId": { "@dataType": "Identifier", "localId": "860123_59/4.E", "namespace": "SK.ESKN.CP", "versionId": "20260703T04:07:53" }, "label": "59/4", "nationalCadastralReference": "860123_59/4.E", "referencePoint": { "type": "Point", "coordinates": [ 20.31919113, 48.40742353 ] }, "validFrom": "2026-06-30T16:00:00Z", "validTo": { "@nilReason": "http://inspire.ec.europa.eu/codelist/VoidReasonValue/Unpopulated", "@nil": "true" }, "administrativeUnit": { "@href": "#auAdmUnitS.1834" } }, "geometry": { "type": "Polygon", "coordinates": [ [ [ 20.31919988, 48.40743611 ], [ 20.31918726, 48.40748075 ], [ 20.31928632, 48.40747302 ], [ 20.31923619, 48.40733483 ], [ 20.31883651, 48.40736327 ], [ 20.31879561, 48.40741095 ], [ 20.31874002, 48.40751301 ], [ 20.31886001, 48.4075043 ], [ 20.31893471, 48.40739731 ], [ 20.31919988, 48.40743611 ] ] ] } },
{ "type": "Feature", "properties": { "@featureType": "CadastralParcel", "areaValue": { "value": 1604, "@uom": "m2" }, "beginLifespanVersion": { "@nilReason": "http://inspire.ec.europa.eu/codelist/VoidReasonValue/Unpopulated", "@nil": "true" }, "endLifespanVersion": { "@nilReason": "http://inspire.ec.europa.eu/codelist/VoidReasonValue/Unpopulated", "@nil": "true" }, "inspireId": { "@dataType": "Identifier", "localId": "860123_59/5.E", "namespace": "SK.ESKN.CP", "versionId": "20260703T04:07:53" }, "label": "59/5", "nationalCadastralReference": "860123_59/5.E", "referencePoint": { "type": "Point", "coordinates": [ 20.31952242, 48.40723042 ] }, "validFrom": "2026-06-30T16:00:00Z", "validTo": { "@nilReason": "http://inspire.ec.europa.eu/codelist/VoidReasonValue/Unpopulated", "@nil": "true" }, "administrativeUnit": { "@href": "#auAdmUnitS.1834" } }, "geometry": { "type": "Polygon", "coordinates": [ [ [ 20.31963135, 48.40726565 ], [ 20.31971227, 48.40725955 ], [ 20.31979457, 48.40725314 ], [ 20.31987525, 48.40724676 ], [ 20.31995647, 48.40724031 ], [ 20.32003527, 48.40723367 ], [ 20.32010567, 48.40722716 ], [ 20.32018428, 48.40722115 ], [ 20.32026867, 48.4072141 ], [ 20.32034742, 48.407208 ], [ 20.32043124, 48.40720129 ], [ 20.32050989, 48.40719483 ], [ 20.32059015, 48.40718852 ], [ 20.32060852, 48.40723771 ], [ 20.32081027, 48.40722257 ], [ 20.32081177, 48.40709262 ], [ 20.31900091, 48.40721369 ], [ 20.31899156, 48.40721386 ], [ 20.31883651, 48.40736327 ], [ 20.31923619, 48.40733483 ], [ 20.31922304, 48.40729836 ], [ 20.31930713, 48.40729166 ], [ 20.31938851, 48.40728495 ], [ 20.319466, 48.40727781 ], [ 20.3195487, 48.40727151 ], [ 20.31963135, 48.40726565 ] ] ] } },
{ "type": "Feature", "properties": { "@featureType": "CadastralParcel", "areaValue": { "value": 426, "@uom": "m2" }, "beginLifespanVersion": { "@nilReason": "http://inspire.ec.europa.eu/codelist/VoidReasonValue/Unpopulated", "@nil": "true" }, "endLifespanVersion": { "@nilReason": "http://inspire.ec.europa.eu/codelist/VoidReasonValue/Unpopulated", "@nil": "true" }, "inspireId": { "@dataType": "Identifier", "localId": "860123_172/3.E", "namespace": "SK.ESKN.CP", "versionId": "20260703T04:07:53" }, "label": "172/3", "nationalCadastralReference": "860123_172/3.E", "referencePoint": { "type": "Point", "coordinates": [ 20.31669939, 48.41114252 ] }, "validFrom": "2026-06-30T16:00:00Z", "validTo": { "@nilReason": "http://inspire.ec.europa.eu/codelist/VoidReasonValue/Unpopulated", "@nil": "true" }, "administrativeUnit": { "@href": "#auAdmUnitS.1834" } }, "geometry": { "type": "Polygon", "coordinates": [ [ [ 20.31682542, 48.41119644 ], [ 20.3168263, 48.41118962 ], [ 20.31690068, 48.41118561 ], [ 20.31690176, 48.41118097 ], [ 20.316951, 48.41116596 ], [ 20.31693837, 48.41112979 ], [ 20.31692327, 48.4110864 ], [ 20.31692126, 48.4110801 ], [ 20.31644239, 48.4111039 ], [ 20.31646044, 48.41115524 ], [ 20.31647911, 48.41120869 ], [ 20.31648144, 48.41121292 ], [ 20.31682542, 48.41119644 ] ] ] } },
{ "type": "Feature", "properties": { "@featureType": "CadastralParcel", "areaValue": { "value": 790, "@uom": "m2" }, "beginLifespanVersion": { "@nilReason": "http://inspire.ec.europa.eu/codelist/VoidReasonValue/Unpopulated", "@nil": "true" }, "endLifespanVersion": { "@nilReason": "http://inspire.ec.europa.eu/codelist/VoidReasonValue/Unpopulated", "@nil": "true" }, "inspireId": { "@dataType": "Identifier", "localId": "860123_172/6.E", "namespace": "SK.ESKN.CP", "versionId": "20260703T04:07:53" }, "label": "172/6", "nationalCadastralReference": "860123_172/6.E", "referencePoint": { "type": "Point", "coordinates": [ 20.31554582, 48.41120299 ] }, "validFrom": "2026-06-30T16:00:00Z", "validTo": { "@nilReason": "http://inspire.ec.europa.eu/codelist/VoidReasonValue/Unpopulated", "@nil": "true" }, "administrativeUnit": { "@href": "#auAdmUnitS.1834" } }, "geometry": { "type": "Polygon", "coordinates": [ [ [ 20.3159968, 48.41123 ], [ 20.31599144, 48.41118817 ], [ 20.31596665, 48.41115647 ], [ 20.31593728, 48.41113207 ], [ 20.31508196, 48.41115846 ], [ 20.31509167, 48.4111756 ], [ 20.31510187, 48.41121781 ], [ 20.31511594, 48.41127584 ], [ 20.3159968, 48.41123 ] ] ] } },
{ "type": "Feature", "properties": { "@featureType": "CadastralParcel", "areaValue": { "value": 775, "@uom": "m2" }, "beginLifespanVersion": { "@nilReason": "http://inspire.ec.europa.eu/codelist/VoidReasonValue/Unpopulated", "@nil": "true" }, "endLifespanVersion": { "@nilReason": "http://inspire.ec.europa.eu/codelist/VoidReasonValue/Unpopulated", "@nil": "true" }, "inspireId": { "@dataType": "Identifier", "localId": "860123_451/12.E", "namespace": "SK.ESKN.CP", "versionId": "20260703T04:07:53" }, "label": "451/12", "nationalCadastralReference": "860123_451/12.E", "referencePoint": { "type": "Point", "coordinates": [ 20.32446001, 48.42045688 ] }, "validFrom": "2026-06-30T16:00:00Z", "validTo": { "@nilReason": "http://inspire.ec.europa.eu/codelist/VoidReasonValue/Unpopulated", "@nil": "true" }, "administrativeUnit": { "@href": "#auAdmUnitS.1834" } }, "geometry": { "type": "Polygon", "coordinates": [ [ [ 20.32442936, 48.420395 ], [ 20.32443272, 48.4204946 ], [ 20.32443593, 48.4205914 ], [ 20.3244403, 48.42072248 ], [ 20.32444414, 48.42083813 ], [ 20.32444835, 48.42096488 ], [ 20.32445463, 48.42115082 ], [ 20.32445656, 48.42121008 ], [ 20.32446078, 48.42133674 ], [ 20.32446254, 48.42138871 ], [ 20.32446769, 48.42154315 ], [ 20.32449573, 48.42154281 ], [ 20.32449489, 48.42139637 ], [ 20.32449491, 48.42137169 ], [ 20.32449448, 48.42128779 ], [ 20.32449445, 48.4212622 ], [ 20.32449451, 48.42125536 ], [ 20.32449386, 48.42110983 ], [ 20.32449399, 48.42106857 ], [ 20.32449382, 48.42100784 ], [ 20.32449372, 48.42097225 ], [ 20.32449303, 48.4209005 ], [ 20.32449214, 48.42081578 ], [ 20.32449129, 48.42071988 ], [ 20.324491, 48.42069555 ], [ 20.32448999, 48.42059694 ], [ 20.32448968, 48.42056981 ], [ 20.32448872, 48.42046904 ], [ 20.32448844, 48.42044471 ], [ 20.32448751, 48.42035268 ], [ 20.32448704, 48.42030753 ], [ 20.32448657, 48.42025778 ], [ 20.32448596, 48.42020054 ], [ 20.32448708, 48.42013121 ], [ 20.32448764, 48.42009592 ], [ 20.32448868, 48.42002595 ], [ 20.32448929, 48.4199839 ], [ 20.3244903, 48.41992051 ], [ 20.32449017, 48.41984402 ], [ 20.3244889, 48.41954025 ], [ 20.32448892, 48.41949728 ], [ 20.32448901, 48.41943205 ], [ 20.32448948, 48.41939153 ], [ 20.32445414, 48.41939167 ], [ 20.32447538, 48.41994993 ], [ 20.32441453, 48.41995079 ], [ 20.3244166, 48.42001303 ], [ 20.32442028, 48.42012445 ], [ 20.32442138, 48.42015638 ], [ 20.32442333, 48.42021538 ], [ 20.32442458, 48.42025471 ], [ 20.32442533, 48.42027538 ], [ 20.32442936, 48.420395 ] ] ] } },
{ "type": "Feature", "properties": { "@featureType": "CadastralParcel", "areaValue": { "value": 1377, "@uom": "m2" }, "beginLifespanVersion": { "@nilReason": "http://inspire.ec.europa.eu/codelist/VoidReasonValue/Unpopulated", "@nil": "true" }, "endLifespanVersion": { "@nilReason": "http://inspire.ec.europa.eu/codelist/VoidReasonValue/Unpopulated", "@nil": "true" }, "inspireId": { "@dataType": "Identifier", "localId": "860123_451/13.E", "namespace": "SK.ESKN.CP", "versionId": "20260703T04:07:53" }, "label": "451/13", "nationalCadastralReference": "860123_451/13.E", "referencePoint": { "type": "Point", "coordinates": [ 20.32966676, 48.42126733 ] }, "validFrom": "2026-06-30T16:00:00Z", "validTo": { "@nilReason": "http://inspire.ec.europa.eu/codelist/VoidReasonValue/Unpopulated", "@nil": "true" }, "administrativeUnit": { "@href": "#auAdmUnitS.1834" } }, "geometry": { "type": "Polygon", "coordinates": [ [ [ 20.32970454, 48.4215758 ], [ 20.32990454, 48.42157634 ], [ 20.32982872, 48.42140669 ], [ 20.32963549, 48.42097432 ], [ 20.32962145, 48.42094476 ], [ 20.32956279, 48.4209485 ], [ 20.32942622, 48.42094999 ], [ 20.3293144, 48.42095318 ], [ 20.32904774, 48.42095337 ], [ 20.32905467, 48.42098058 ], [ 20.32906776, 48.42104379 ], [ 20.32907356, 48.42107159 ], [ 20.32909568, 48.4210602 ], [ 20.32921465, 48.42106036 ], [ 20.32930492, 48.42106038 ], [ 20.32945493, 48.42105842 ], [ 20.32947623, 48.42106863 ], [ 20.32953171, 48.42118973 ], [ 20.32955935, 48.42125063 ], [ 20.32957481, 48.42128403 ], [ 20.32961175, 48.42136531 ], [ 20.329613, 48.42136797 ], [ 20.3296358, 48.4214194 ], [ 20.32969322, 48.42155067 ], [ 20.32970454, 48.4215758 ] ] ] } },
{ "type": "Feature", "properties": { "@featureType": "CadastralParcel", "areaValue": { "value": 3590, "@uom": "m2" }, "beginLifespanVersion": { "@nilReason": "http://inspire.ec.europa.eu/codelist/VoidReasonValue/Unpopulated", "@nil": "true" }, "endLifespanVersion": { "@nilReason": "http://inspire.ec.europa.eu/codelist/VoidReasonValue/Unpopulated", "@nil": "true" }, "inspireId": { "@dataType": "Identifier", "localId": "860123_452/1.E", "namespace": "SK.ESKN.CP", "versionId": "20260703T04:07:53" }, "label": "452/1", "nationalCadastralReference": "860123_452/1.E", "referencePoint": { "type": "Point", "coordinates": [ 20.32692107, 48.42379845 ] }, "validFrom": "2026-06-30T16:00:00Z", "validTo": { "@nilReason": "http://inspire.ec.europa.eu/codelist/VoidReasonValue/Unpopulated", "@nil": "true" }, "administrativeUnit": { "@href": "#auAdmUnitS.1834" } }, "geometry": { "type": "Polygon", "coordinates": [ [ [ 20.32684624, 48.4243191 ], [ 20.32684761, 48.42438628 ], [ 20.32682944, 48.42439431 ], [ 20.3268714, 48.4243928 ], [ 20.32684562, 48.42441026 ], [ 20.32699296, 48.42441261 ], [ 20.32699433, 48.42439717 ], [ 20.32703691, 48.42439775 ], [ 20.32702062, 48.42438459 ], [ 20.32702111, 48.42430704 ], [ 20.32701928, 48.42422831 ], [ 20.32701986, 48.42416824 ], [ 20.32701839, 48.42411142 ], [ 20.32701363, 48.42403051 ], [ 20.32701269, 48.42395092 ], [ 20.32701081, 48.42389409 ], [ 20.3270084, 48.42375462 ], [ 20.32700743, 48.42365845 ], [ 20.32700714, 48.42361888 ], [ 20.32700335, 48.42351638 ], [ 20.32700019, 48.42338842 ], [ 20.32701228, 48.42337871 ], [ 20.32719592, 48.42337915 ], [ 20.32733829, 48.42337644 ], [ 20.32753554, 48.423373 ], [ 20.32764647, 48.42337077 ], [ 20.32769607, 48.4233701 ], [ 20.32782196, 48.42336846 ], [ 20.32786587, 48.42336793 ], [ 20.32800683, 48.42336579 ], [ 20.32815626, 48.42336588 ], [ 20.32829064, 48.42336322 ], [ 20.32835912, 48.42336176 ], [ 20.32850097, 48.42336038 ], [ 20.32856291, 48.42335938 ], [ 20.32869152, 48.42335766 ], [ 20.32877181, 48.42335585 ], [ 20.32883844, 48.42335405 ], [ 20.32893094, 48.42335344 ], [ 20.32904717, 48.42335088 ], [ 20.32907208, 48.42336158 ], [ 20.32906522, 48.4233305 ], [ 20.32905225, 48.42326585 ], [ 20.3290452, 48.42323232 ], [ 20.32902335, 48.42324832 ], [ 20.32890257, 48.42325025 ], [ 20.32885874, 48.42324997 ], [ 20.32878311, 48.42325107 ], [ 20.32868138, 48.42325348 ], [ 20.32855429, 48.42325643 ], [ 20.32835734, 48.42325943 ], [ 20.3283526, 48.42325951 ], [ 20.32821899, 48.42326113 ], [ 20.32811399, 48.42326377 ], [ 20.32800679, 48.42326678 ], [ 20.32786994, 48.42326988 ], [ 20.32782287, 48.42326948 ], [ 20.32769379, 48.42326883 ], [ 20.32766741, 48.42326861 ], [ 20.32747833, 48.42327147 ], [ 20.32728886, 48.42327423 ], [ 20.32724383, 48.42327525 ], [ 20.32699912, 48.4232781 ], [ 20.32696988, 48.42327812 ], [ 20.32684723, 48.4232798 ], [ 20.32679894, 48.42328097 ], [ 20.3266502, 48.42328226 ], [ 20.32656126, 48.42328382 ], [ 20.32656691, 48.42338522 ], [ 20.32680353, 48.42338053 ], [ 20.32682329, 48.42339427 ], [ 20.326826, 48.42350898 ], [ 20.3268272, 48.4235521 ], [ 20.32683005, 48.42365447 ], [ 20.32683388, 48.42384228 ], [ 20.32683708, 48.42396062 ], [ 20.3268372, 48.4239654 ], [ 20.32683983, 48.4240519 ], [ 20.32684321, 48.42418664 ], [ 20.32684339, 48.42420601 ], [ 20.32684561, 48.42428034 ], [ 20.32684624, 48.4243191 ] ] ] } },
{ "type": "Feature", "properties": { "@featureType": "CadastralParcel", "areaValue": { "value": 1546, "@uom": "m2" }, "beginLifespanVersion": { "@nilReason": "http://inspire.ec.europa.eu/codelist/VoidReasonValue/Unpopulated", "@nil": "true" }, "endLifespanVersion": { "@nilReason": "http://inspire.ec.europa.eu/codelist/VoidReasonValue/Unpopulated", "@nil": "true" }, "inspireId": { "@dataType": "Identifier", "localId": "860123_452/2.E", "namespace": "SK.ESKN.CP", "versionId": "20260703T04:07:53" }, "label": "452/2", "nationalCadastralReference": "860123_452/2.E", "referencePoint": { "type": "Point", "coordinates": [ 20.32776771, 48.42391403 ] }, "validFrom": "2026-06-30T16:00:00Z", "validTo": { "@nilReason": "http://inspire.ec.europa.eu/codelist/VoidReasonValue/Unpopulated", "@nil": "true" }, "administrativeUnit": { "@href": "#auAdmUnitS.1834" } }, "geometry": { "type": "Polygon", "coordinates": [ [ [ 20.32768411, 48.4244097 ], [ 20.32770965, 48.42441016 ], [ 20.32783702, 48.42441334 ], [ 20.32788298, 48.42441398 ], [ 20.32786597, 48.42440124 ], [ 20.32786361, 48.42430249 ], [ 20.32786189, 48.42426224 ], [ 20.32786053, 48.42411082 ], [ 20.32785983, 48.42402223 ], [ 20.3278584, 48.42395731 ], [ 20.32785678, 48.42386697 ], [ 20.32785636, 48.42384425 ], [ 20.32785663, 48.42381363 ], [ 20.32785531, 48.42377042 ], [ 20.32785485, 48.42372661 ], [ 20.32785362, 48.42369305 ], [ 20.3278515, 48.42359305 ], [ 20.32785149, 48.42356107 ], [ 20.32784991, 48.42349325 ], [ 20.32784901, 48.42345898 ], [ 20.32784747, 48.42337694 ], [ 20.32786587, 48.42336793 ], [ 20.32782196, 48.42336846 ], [ 20.32769607, 48.4233701 ], [ 20.32764647, 48.42337077 ], [ 20.32766867, 48.42338452 ], [ 20.32766972, 48.42347511 ], [ 20.32766879, 48.42352237 ], [ 20.32766763, 48.42361053 ], [ 20.32767338, 48.42370923 ], [ 20.32767486, 48.42375064 ], [ 20.32767717, 48.42381939 ], [ 20.32767723, 48.42387074 ], [ 20.32767913, 48.42401912 ], [ 20.32768044, 48.42402574 ], [ 20.32768278, 48.42411251 ], [ 20.3276836, 48.42415678 ], [ 20.3276843, 48.42420095 ], [ 20.32768474, 48.42428926 ], [ 20.32768411, 48.4244097 ] ] ] } },
{ "type": "Feature", "properties": { "@featureType": "CadastralParcel", "areaValue": { "value": 922, "@uom": "m2" }, "beginLifespanVersion": { "@nilReason": "http://inspire.ec.europa.eu/codelist/VoidReasonValue/Unpopulated", "@nil": "true" }, "endLifespanVersion": { "@nilReason": "http://inspire.ec.europa.eu/codelist/VoidReasonValue/Unpopulated", "@nil": "true" }, "inspireId": { "@dataType": "Identifier", "localId": "860123_452/3.E", "namespace": "SK.ESKN.CP", "versionId": "20260703T04:07:53" }, "label": "452/3", "nationalCadastralReference": "860123_452/3.E", "referencePoint": { "type": "Point", "coordinates": [ 20.32690195, 48.4228988 ] }, "validFrom": "2026-06-30T16:00:00Z", "validTo": { "@nilReason": "http://inspire.ec.europa.eu/codelist/VoidReasonValue/Unpopulated", "@nil": "true" }, "administrativeUnit": { "@href": "#auAdmUnitS.1834" } }, "geometry": { "type": "Polygon", "coordinates": [ [ [ 20.32684723, 48.4232798 ], [ 20.32696988, 48.42327812 ], [ 20.32699912, 48.4232781 ], [ 20.3269963, 48.42316609 ], [ 20.32699554, 48.42313795 ], [ 20.3269921, 48.42304835 ], [ 20.32698983, 48.42299898 ], [ 20.32698865, 48.42283487 ], [ 20.32698866, 48.42275675 ], [ 20.32698623, 48.42266179 ], [ 20.32701154, 48.42264188 ], [ 20.32695784, 48.42264302 ], [ 20.32683695, 48.42264476 ], [ 20.32677978, 48.42264532 ], [ 20.32680924, 48.42266728 ], [ 20.32681214, 48.42282416 ], [ 20.32681707, 48.42296274 ], [ 20.32681843, 48.42299334 ], [ 20.32682007, 48.42310026 ], [ 20.32682096, 48.42318048 ], [ 20.32682153, 48.42326582 ], [ 20.32679894, 48.42328097 ], [ 20.32684723, 48.4232798 ] ] ] } },
{ "type": "Feature", "properties": { "@featureType": "CadastralParcel", "areaValue": { "value": 928, "@uom": "m2" }, "beginLifespanVersion": { "@nilReason": "http://inspire.ec.europa.eu/codelist/VoidReasonValue/Unpopulated", "@nil": "true" }, "endLifespanVersion": { "@nilReason": "http://inspire.ec.europa.eu/codelist/VoidReasonValue/Unpopulated", "@nil": "true" }, "inspireId": { "@dataType": "Identifier", "localId": "860123_452/4.E", "namespace": "SK.ESKN.CP", "versionId": "20260703T04:07:53" }, "label": "452/4", "nationalCadastralReference": "860123_452/4.E", "referencePoint": { "type": "Point", "coordinates": [ 20.3277521, 48.42295911 ] }, "validFrom": "2026-06-30T16:00:00Z", "validTo": { "@nilReason": "http://inspire.ec.europa.eu/codelist/VoidReasonValue/Unpopulated", "@nil": "true" }, "administrativeUnit": { "@href": "#auAdmUnitS.1834" } }, "geometry": { "type": "Polygon", "coordinates": [ [ [ 20.32782287, 48.42326948 ], [ 20.32786994, 48.42326988 ], [ 20.32784613, 48.42325282 ], [ 20.32784567, 48.42316622 ], [ 20.32784247, 48.42307843 ], [ 20.3278403, 48.42293311 ], [ 20.32783928, 48.42290487 ], [ 20.32783373, 48.42275645 ], [ 20.32783401, 48.42274249 ], [ 20.32783098, 48.42265282 ], [ 20.32783361, 48.42264608 ], [ 20.32783904, 48.4226398 ], [ 20.32784611, 48.42263476 ], [ 20.32785503, 48.42263034 ], [ 20.32780575, 48.42263048 ], [ 20.32768347, 48.42263262 ], [ 20.32765776, 48.42263252 ], [ 20.32766221, 48.42281937 ], [ 20.32766345, 48.42288032 ], [ 20.32766352, 48.42298511 ], [ 20.32766423, 48.4230337 ], [ 20.32766649, 48.42317956 ], [ 20.32766741, 48.42326861 ], [ 20.32769379, 48.42326883 ], [ 20.32782287, 48.42326948 ] ] ] } },
{ "type": "Feature", "properties": { "@featureType": "CadastralParcel", "areaValue": { "value": 2758, "@uom": "m2" }, "beginLifespanVersion": { "@nilReason": "http://inspire.ec.europa.eu/codelist/VoidReasonValue/Unpopulated", "@nil": "true" }, "endLifespanVersion": { "@nilReason": "http://inspire.ec.europa.eu/codelist/VoidReasonValue/Unpopulated", "@nil": "true" }, "inspireId": { "@dataType": "Identifier", "localId": "860123_452/5.E", "namespace": "SK.ESKN.CP", "versionId": "20260703T04:07:53" }, "label": "452/5", "nationalCadastralReference": "860123_452/5.E", "referencePoint": { "type": "Point", "coordinates": [ 20.32919289, 48.42352921 ] }, "validFrom": "2026-06-30T16:00:00Z", "validTo": { "@nilReason": "http://inspire.ec.europa.eu/codelist/VoidReasonValue/Unpopulated", "@nil": "true" }, "administrativeUnit": { "@href": "#auAdmUnitS.1834" } }, "geometry": { "type": "Polygon", "coordinates": [ [ [ 20.329123, 48.42363377 ], [ 20.32913463, 48.42368748 ], [ 20.3291543, 48.42378492 ], [ 20.32920434, 48.42404879 ], [ 20.32928421, 48.42443743 ], [ 20.32931004, 48.42443935 ], [ 20.3294252, 48.42444728 ], [ 20.32946603, 48.42444942 ], [ 20.3294466, 48.4243446 ], [ 20.329442, 48.42431856 ], [ 20.32943287, 48.42427027 ], [ 20.32941373, 48.42417141 ], [ 20.32938417, 48.42402349 ], [ 20.32937132, 48.42396974 ], [ 20.32935331, 48.42387948 ], [ 20.32934354, 48.42382774 ], [ 20.32932716, 48.4237298 ], [ 20.32931696, 48.42368137 ], [ 20.32931524, 48.42367473 ], [ 20.32928478, 48.42353857 ], [ 20.32927486, 48.42347926 ], [ 20.32925784, 48.42338553 ], [ 20.32925297, 48.42335948 ], [ 20.32923547, 48.4232696 ], [ 20.32922446, 48.42320889 ], [ 20.32922354, 48.42320399 ], [ 20.32920522, 48.42310958 ], [ 20.32919868, 48.42307941 ], [ 20.3291764, 48.42296556 ], [ 20.3291736, 48.42294517 ], [ 20.3291563, 48.42285611 ], [ 20.32912695, 48.42271495 ], [ 20.32910612, 48.42263368 ], [ 20.32913743, 48.42260878 ], [ 20.32905023, 48.42261059 ], [ 20.32897635, 48.42261184 ], [ 20.32890793, 48.42261412 ], [ 20.3289267, 48.42262837 ], [ 20.32894008, 48.42270214 ], [ 20.3289428, 48.4227172 ], [ 20.32896904, 48.42284301 ], [ 20.32897956, 48.42289541 ], [ 20.32900634, 48.42301664 ], [ 20.32903047, 48.42315093 ], [ 20.3290452, 48.42323232 ], [ 20.32905225, 48.42326585 ], [ 20.32906522, 48.4233305 ], [ 20.32907208, 48.42336158 ], [ 20.32908876, 48.42345458 ], [ 20.32910099, 48.42351984 ], [ 20.32910632, 48.42355149 ], [ 20.329123, 48.42363377 ] ] ] } },
{ "type": "Feature", "properties": { "@featureType": "CadastralParcel", "areaValue": { "value": 3014, "@uom": "m2" }, "beginLifespanVersion": { "@nilReason": "http://inspire.ec.europa.eu/codelist/VoidReasonValue/Unpopulated", "@nil": "true" }, "endLifespanVersion": { "@nilReason": "http://inspire.ec.europa.eu/codelist/VoidReasonValue/Unpopulated", "@nil": "true" }, "inspireId": { "@dataType": "Identifier", "localId": "860123_452/7.E", "namespace": "SK.ESKN.CP", "versionId": "20260703T04:07:53" }, "label": "452/7", "nationalCadastralReference": "860123_452/7.E", "referencePoint": { "type": "Point", "coordinates": [ 20.32834715, 48.42258229 ] }, "validFrom": "2026-06-30T16:00:00Z", "validTo": { "@nilReason": "http://inspire.ec.europa.eu/codelist/VoidReasonValue/Unpopulated", "@nil": "true" }, "administrativeUnit": { "@href": "#auAdmUnitS.1834" } }, "geometry": { "type": "Polygon", "coordinates": [ [ [ 20.32852559, 48.42262121 ], [ 20.32874467, 48.42261736 ], [ 20.32878177, 48.42261719 ], [ 20.32879045, 48.42261699 ], [ 20.32890793, 48.42261412 ], [ 20.32897635, 48.42261184 ], [ 20.32905023, 48.42261059 ], [ 20.32913743, 48.42260878 ], [ 20.32933331, 48.422607 ], [ 20.32937263, 48.42260628 ], [ 20.3295934, 48.42260322 ], [ 20.32963996, 48.42260324 ], [ 20.32981801, 48.42260112 ], [ 20.3300179, 48.42260453 ], [ 20.33017866, 48.42259741 ], [ 20.33020623, 48.42261317 ], [ 20.3301728, 48.42256717 ], [ 20.33014128, 48.42252405 ], [ 20.33012246, 48.42249817 ], [ 20.33008626, 48.42249883 ], [ 20.32974324, 48.42250215 ], [ 20.32970488, 48.42250272 ], [ 20.32953782, 48.42250455 ], [ 20.32940817, 48.4225074 ], [ 20.32934703, 48.42250843 ], [ 20.3291267, 48.42251115 ], [ 20.32906975, 48.42251081 ], [ 20.32895288, 48.4225129 ], [ 20.32890743, 48.42251418 ], [ 20.32865048, 48.42251763 ], [ 20.3286195, 48.42251903 ], [ 20.32847125, 48.42252087 ], [ 20.32838835, 48.42252159 ], [ 20.3282641, 48.42252303 ], [ 20.32821667, 48.42252369 ], [ 20.3280499, 48.4225268 ], [ 20.32804448, 48.42252686 ], [ 20.32799464, 48.42252724 ], [ 20.32785516, 48.42252944 ], [ 20.32780369, 48.42252985 ], [ 20.32768071, 48.42253071 ], [ 20.32762917, 48.42253337 ], [ 20.3275858, 48.42253402 ], [ 20.32746395, 48.42253582 ], [ 20.32742256, 48.42253699 ], [ 20.32727768, 48.42253915 ], [ 20.32721821, 48.42253961 ], [ 20.32715842, 48.42254069 ], [ 20.32703271, 48.42254333 ], [ 20.32695994, 48.42254435 ], [ 20.32683065, 48.42254613 ], [ 20.32678187, 48.42254674 ], [ 20.32663122, 48.42254967 ], [ 20.32659842, 48.42255018 ], [ 20.32650911, 48.42255146 ], [ 20.32651361, 48.42265047 ], [ 20.32677978, 48.42264532 ], [ 20.32683695, 48.42264476 ], [ 20.32695784, 48.42264302 ], [ 20.32701154, 48.42264188 ], [ 20.32715027, 48.42264047 ], [ 20.32727768, 48.42264159 ], [ 20.32735045, 48.42263921 ], [ 20.32748518, 48.42263711 ], [ 20.32765776, 48.42263252 ], [ 20.32768347, 48.42263262 ], [ 20.32780575, 48.42263048 ], [ 20.32785503, 48.42263034 ], [ 20.32809022, 48.42262649 ], [ 20.32830685, 48.42262435 ], [ 20.32834468, 48.42262358 ], [ 20.3284929, 48.422622 ], [ 20.32852559, 48.42262121 ] ] ] } },
{ "type": "Feature", "properties": { "@featureType": "CadastralParcel", "areaValue": { "value": 1056, "@uom": "m2" }, "beginLifespanVersion": { "@nilReason": "http://inspire.ec.europa.eu/codelist/VoidReasonValue/Unpopulated", "@nil": "true" }, "endLifespanVersion": { "@nilReason": "http://inspire.ec.europa.eu/codelist/VoidReasonValue/Unpopulated", "@nil": "true" }, "inspireId": { "@dataType": "Identifier", "localId": "860123_452/8.E", "namespace": "SK.ESKN.CP", "versionId": "20260703T04:07:53" }, "label": "452/8", "nationalCadastralReference": "860123_452/8.E", "referencePoint": { "type": "Point", "coordinates": [ 20.33416834, 48.42357383 ] }, "validFrom": "2026-06-30T16:00:00Z", "validTo": { "@nilReason": "http://inspire.ec.europa.eu/codelist/VoidReasonValue/Unpopulated", "@nil": "true" }, "administrativeUnit": { "@href": "#auAdmUnitS.1834" } }, "geometry": { "type": "Polygon", "coordinates": [ [ [ 20.33443102, 48.42322455 ], [ 20.33437181, 48.4230351 ], [ 20.33390747, 48.42392311 ], [ 20.33419108, 48.42399322 ], [ 20.33405326, 48.42393989 ], [ 20.33443102, 48.42322455 ] ] ] } },
{ "type": "Feature", "properties": { "@featureType": "CadastralParcel", "areaValue": { "value": 246, "@uom": "m2" }, "beginLifespanVersion": { "@nilReason": "http://inspire.ec.europa.eu/codelist/VoidReasonValue/Unpopulated", "@nil": "true" }, "endLifespanVersion": { "@nilReason": "http://inspire.ec.europa.eu/codelist/VoidReasonValue/Unpopulated", "@nil": "true" }, "inspireId": { "@dataType": "Identifier", "localId": "860123_452/9.E", "namespace": "SK.ESKN.CP", "versionId": "20260703T04:07:53" }, "label": "452/9", "nationalCadastralReference": "860123_452/9.E", "referencePoint": { "type": "Point", "coordinates": [ 20.33392156, 48.42396992 ] }, "validFrom": "2026-06-30T16:00:00Z", "validTo": { "@nilReason": "http://inspire.ec.europa.eu/codelist/VoidReasonValue/Unpopulated", "@nil": "true" }, "administrativeUnit": { "@href": "#auAdmUnitS.1834" } }, "geometry": { "type": "Polygon", "coordinates": [ [ [ 20.33419108, 48.42399322 ], [ 20.33390747, 48.42392311 ], [ 20.33373727, 48.42394663 ], [ 20.33377374, 48.42404103 ], [ 20.33419108, 48.42399322 ] ] ] } },
{ "type": "Feature", "properties": { "@featureType": "CadastralParcel", "areaValue": { "value": 2426, "@uom": "m2" }, "beginLifespanVersion": { "@nilReason": "http://inspire.ec.europa.eu/codelist/VoidReasonValue/Unpopulated", "@nil": "true" }, "endLifespanVersion": { "@nilReason": "http://inspire.ec.europa.eu/codelist/VoidReasonValue/Unpopulated", "@nil": "true" }, "inspireId": { "@dataType": "Identifier", "localId": "860123_452/10.E", "namespace": "SK.ESKN.CP", "versionId": "20260703T04:07:53" }, "label": "452/10", "nationalCadastralReference": "860123_452/10.E", "referencePoint": { "type": "Point", "coordinates": [ 20.33066339, 48.42345798 ] }, "validFrom": "2026-06-30T16:00:00Z", "validTo": { "@nilReason": "http://inspire.ec.europa.eu/codelist/VoidReasonValue/Unpopulated", "@nil": "true" }, "administrativeUnit": { "@href": "#auAdmUnitS.1834" } }, "geometry": { "type": "Polygon", "coordinates": [ [ [ 20.33064901, 48.42359444 ], [ 20.3306596, 48.42361855 ], [ 20.33070504, 48.4237216 ], [ 20.33072244, 48.42375751 ], [ 20.33076636, 48.42385635 ], [ 20.33077823, 48.42388132 ], [ 20.33081065, 48.42395413 ], [ 20.33082334, 48.42397895 ], [ 20.33085692, 48.42405234 ], [ 20.33086757, 48.42407582 ], [ 20.33090749, 48.42414946 ], [ 20.3309294, 48.4241987 ], [ 20.33095703, 48.42426123 ], [ 20.33097385, 48.42429919 ], [ 20.33096791, 48.42433265 ], [ 20.33094407, 48.42436199 ], [ 20.33089769, 48.42437972 ], [ 20.33094917, 48.42437931 ], [ 20.33113771, 48.42437192 ], [ 20.331157, 48.42437114 ], [ 20.33114744, 48.42434752 ], [ 20.33112363, 48.42429686 ], [ 20.33108995, 48.42421995 ], [ 20.33098768, 48.42400332 ], [ 20.33095263, 48.42392825 ], [ 20.33092912, 48.42387714 ], [ 20.33079965, 48.42359467 ], [ 20.33066523, 48.42328542 ], [ 20.33059186, 48.42311704 ], [ 20.33052527, 48.42298371 ], [ 20.33048584, 48.42289072 ], [ 20.33031867, 48.42250487 ], [ 20.33012246, 48.42249817 ], [ 20.33014128, 48.42252405 ], [ 20.3301728, 48.42256717 ], [ 20.33020623, 48.42261317 ], [ 20.33037429, 48.42298428 ], [ 20.33039388, 48.42302613 ], [ 20.33043306, 48.42311578 ], [ 20.33053223, 48.42333986 ], [ 20.33055943, 48.42339813 ], [ 20.33056896, 48.42341896 ], [ 20.33060416, 48.42349701 ], [ 20.33061449, 48.42351795 ], [ 20.33064901, 48.42359444 ] ] ] } },
{ "type": "Feature", "properties": { "@featureType": "CadastralParcel", "areaValue": { "value": 1429, "@uom": "m2" }, "beginLifespanVersion": { "@nilReason": "http://inspire.ec.europa.eu/codelist/VoidReasonValue/Unpopulated", "@nil": "true" }, "endLifespanVersion": { "@nilReason": "http://inspire.ec.europa.eu/codelist/VoidReasonValue/Unpopulated", "@nil": "true" }, "inspireId": { "@dataType": "Identifier", "localId": "860123_452/14.E", "namespace": "SK.ESKN.CP", "versionId": "20260703T04:07:53" }, "label": "452/14", "nationalCadastralReference": "860123_452/14.E", "referencePoint": { "type": "Point", "coordinates": [ 20.32773381, 48.42205767 ] }, "validFrom": "2026-06-30T16:00:00Z", "validTo": { "@nilReason": "http://inspire.ec.europa.eu/codelist/VoidReasonValue/Unpopulated", "@nil": "true" }, "administrativeUnit": { "@href": "#auAdmUnitS.1834" } }, "geometry": { "type": "Polygon", "coordinates": [ [ [ 20.32768071, 48.42253071 ], [ 20.32780369, 48.42252985 ], [ 20.32785516, 48.42252944 ], [ 20.32783103, 48.42251453 ], [ 20.3278282, 48.42235215 ], [ 20.3278267, 48.42223902 ], [ 20.3278233, 48.42210149 ], [ 20.32782114, 48.42196672 ], [ 20.32781933, 48.42185412 ], [ 20.32781916, 48.42182843 ], [ 20.32781798, 48.42171784 ], [ 20.3278177, 48.4216935 ], [ 20.32781486, 48.42160158 ], [ 20.32781433, 48.42156012 ], [ 20.32763578, 48.42156033 ], [ 20.32763606, 48.42160764 ], [ 20.32763769, 48.42173465 ], [ 20.32763778, 48.42174132 ], [ 20.32763767, 48.4217578 ], [ 20.32763755, 48.42178212 ], [ 20.3276416, 48.42192148 ], [ 20.32764426, 48.42201384 ], [ 20.32764587, 48.4221058 ], [ 20.32764636, 48.4221324 ], [ 20.32764835, 48.42224005 ], [ 20.32764988, 48.42235129 ], [ 20.3276522, 48.42247806 ], [ 20.32765289, 48.42251619 ], [ 20.32762917, 48.42253337 ], [ 20.32768071, 48.42253071 ] ] ] } },
{ "type": "Feature", "properties": { "@featureType": "CadastralParcel", "areaValue": { "value": 1422, "@uom": "m2" }, "beginLifespanVersion": { "@nilReason": "http://inspire.ec.europa.eu/codelist/VoidReasonValue/Unpopulated", "@nil": "true" }, "endLifespanVersion": { "@nilReason": "http://inspire.ec.europa.eu/codelist/VoidReasonValue/Unpopulated", "@nil": "true" }, "inspireId": { "@dataType": "Identifier", "localId": "860123_452/15.E", "namespace": "SK.ESKN.CP", "versionId": "20260703T04:07:53" }, "label": "452/15", "nationalCadastralReference": "860123_452/15.E", "referencePoint": { "type": "Point", "coordinates": [ 20.32900339, 48.42203451 ] }, "validFrom": "2026-06-30T16:00:00Z", "validTo": { "@nilReason": "http://inspire.ec.europa.eu/codelist/VoidReasonValue/Unpopulated", "@nil": "true" }, "administrativeUnit": { "@href": "#auAdmUnitS.1834" } }, "geometry": { "type": "Polygon", "coordinates": [ [ [ 20.32892568, 48.4225021 ], [ 20.32890743, 48.42251418 ], [ 20.32895288, 48.4225129 ], [ 20.32906975, 48.42251081 ], [ 20.3291267, 48.42251115 ], [ 20.32910697, 48.42249704 ], [ 20.32910184, 48.42240656 ], [ 20.32910004, 48.42233964 ], [ 20.32909965, 48.42230728 ], [ 20.32909686, 48.42217203 ], [ 20.32909629, 48.42215093 ], [ 20.32909395, 48.42204876 ], [ 20.32909323, 48.42202026 ], [ 20.32909282, 48.42198808 ], [ 20.32909196, 48.4219029 ], [ 20.32909038, 48.42181365 ], [ 20.32908985, 48.42179209 ], [ 20.3290866, 48.4216497 ], [ 20.32908562, 48.42161642 ], [ 20.32908507, 48.42156297 ], [ 20.32889957, 48.4215621 ], [ 20.32890072, 48.42159503 ], [ 20.32890246, 48.42168709 ], [ 20.32890253, 48.42169096 ], [ 20.32890298, 48.42171188 ], [ 20.32890562, 48.42181821 ], [ 20.3289056, 48.42181992 ], [ 20.32890698, 48.42185493 ], [ 20.32891068, 48.42195238 ], [ 20.32891156, 48.42197611 ], [ 20.3289142, 48.42207018 ], [ 20.32891454, 48.42209389 ], [ 20.32892308, 48.42234938 ], [ 20.32892568, 48.4225021 ] ] ] } },
{ "type": "Feature", "properties": { "@featureType": "CadastralParcel", "areaValue": { "value": 1506, "@uom": "m2" }, "beginLifespanVersion": { "@nilReason": "http://inspire.ec.europa.eu/codelist/VoidReasonValue/Unpopulated", "@nil": "true" }, "endLifespanVersion": { "@nilReason": "http://inspire.ec.europa.eu/codelist/VoidReasonValue/Unpopulated", "@nil": "true" }, "inspireId": { "@dataType": "Identifier", "localId": "860123_452/16.E", "namespace": "SK.ESKN.CP", "versionId": "20260703T04:07:53" }, "label": "452/16", "nationalCadastralReference": "860123_452/16.E", "referencePoint": { "type": "Point", "coordinates": [ 20.33000334, 48.4220196 ] }, "validFrom": "2026-06-30T16:00:00Z", "validTo": { "@nilReason": "http://inspire.ec.europa.eu/codelist/VoidReasonValue/Unpopulated", "@nil": "true" }, "administrativeUnit": { "@href": "#auAdmUnitS.1834" } }, "geometry": { "type": "Polygon", "coordinates": [ [ [ 20.32997062, 48.42216707 ], [ 20.33003424, 48.42230795 ], [ 20.33004633, 48.422335 ], [ 20.33011175, 48.42247685 ], [ 20.33012246, 48.42249817 ], [ 20.33031867, 48.42250487 ], [ 20.32998365, 48.42175332 ], [ 20.32990454, 48.42157634 ], [ 20.32970454, 48.4215758 ], [ 20.32971802, 48.42160552 ], [ 20.3297684, 48.42171696 ], [ 20.32978355, 48.42175224 ], [ 20.32980748, 48.42180462 ], [ 20.32981668, 48.42182606 ], [ 20.32986247, 48.42192516 ], [ 20.32987836, 48.42196128 ], [ 20.32989253, 48.42199238 ], [ 20.32991614, 48.42204682 ], [ 20.32992165, 48.42205803 ], [ 20.32995892, 48.42214174 ], [ 20.32997062, 48.42216707 ] ] ] } },
{ "type": "Feature", "properties": { "@featureType": "CadastralParcel", "areaValue": { "value": 1269, "@uom": "m2" }, "beginLifespanVersion": { "@nilReason": "http://inspire.ec.europa.eu/codelist/VoidReasonValue/Unpopulated", "@nil": "true" }, "endLifespanVersion": { "@nilReason": "http://inspire.ec.europa.eu/codelist/VoidReasonValue/Unpopulated", "@nil": "true" }, "inspireId": { "@dataType": "Identifier", "localId": "860123_452/17.E", "namespace": "SK.ESKN.CP", "versionId": "20260703T04:07:53" }, "label": "452/17", "nationalCadastralReference": "860123_452/17.E", "referencePoint": { "type": "Point", "coordinates": [ 20.33484058, 48.42227497 ] }, "validFrom": "2026-06-30T16:00:00Z", "validTo": { "@nilReason": "http://inspire.ec.europa.eu/codelist/VoidReasonValue/Unpopulated", "@nil": "true" }, "administrativeUnit": { "@href": "#auAdmUnitS.1834" } }, "geometry": { "type": "Polygon", "coordinates": [ [ [ 20.33506969, 48.42192883 ], [ 20.33503763, 48.42183045 ], [ 20.33459317, 48.42208587 ], [ 20.33479129, 48.42223958 ], [ 20.33475351, 48.42231035 ], [ 20.33462957, 48.42254426 ], [ 20.33470892, 48.42270485 ], [ 20.33506969, 48.42192883 ] ] ] } },
{ "type": "Feature", "properties": { "@featureType": "CadastralParcel", "areaValue": { "value": 1797, "@uom": "m2" }, "beginLifespanVersion": { "@nilReason": "http://inspire.ec.europa.eu/codelist/VoidReasonValue/Unpopulated", "@nil": "true" }, "endLifespanVersion": { "@nilReason": "http://inspire.ec.europa.eu/codelist/VoidReasonValue/Unpopulated", "@nil": "true" }, "inspireId": { "@dataType": "Identifier", "localId": "860123_452/18.E", "namespace": "SK.ESKN.CP", "versionId": "20260703T04:07:53" }, "label": "452/18", "nationalCadastralReference": "860123_452/18.E", "referencePoint": { "type": "Point", "coordinates": [ 20.33294907, 48.42347229 ] }, "validFrom": "2026-06-30T16:00:00Z", "validTo": { "@nilReason": "http://inspire.ec.europa.eu/codelist/VoidReasonValue/Unpopulated", "@nil": "true" }, "administrativeUnit": { "@href": "#auAdmUnitS.1834" } }, "geometry": { "type": "Polygon", "coordinates": [ [ [ 20.33286242, 48.42345659 ], [ 20.33312839, 48.4241247 ], [ 20.33329469, 48.42410391 ], [ 20.33320608, 48.42388881 ], [ 20.33314778, 48.42375201 ], [ 20.33309541, 48.42362924 ], [ 20.33303615, 48.42348799 ], [ 20.33298212, 48.42336109 ], [ 20.33296961, 48.42333105 ], [ 20.33295259, 48.42328777 ], [ 20.33291995, 48.42320829 ], [ 20.33293002, 48.42320616 ], [ 20.33289158, 48.42311582 ], [ 20.33287486, 48.42308282 ], [ 20.33285684, 48.42303869 ], [ 20.3328249, 48.42296041 ], [ 20.33279084, 48.42287871 ], [ 20.33276352, 48.42281097 ], [ 20.33275942, 48.42280072 ], [ 20.33264369, 48.4228207 ], [ 20.33264198, 48.42285685 ], [ 20.33263858, 48.42294897 ], [ 20.33286242, 48.42345659 ] ] ] } },
{ "type": "Feature", "properties": { "@featureType": "CadastralParcel", "areaValue": { "value": 674, "@uom": "m2" }, "beginLifespanVersion": { "@nilReason": "http://inspire.ec.europa.eu/codelist/VoidReasonValue/Unpopulated", "@nil": "true" }, "endLifespanVersion": { "@nilReason": "http://inspire.ec.europa.eu/codelist/VoidReasonValue/Unpopulated", "@nil": "true" }, "inspireId": { "@dataType": "Identifier", "localId": "860123_452/20.E", "namespace": "SK.ESKN.CP", "versionId": "20260703T04:07:53" }, "label": "452/20", "nationalCadastralReference": "860123_452/20.E", "referencePoint": { "type": "Point", "coordinates": [ 20.33453776, 48.4228734 ] }, "validFrom": "2026-06-30T16:00:00Z", "validTo": { "@nilReason": "http://inspire.ec.europa.eu/codelist/VoidReasonValue/Unpopulated", "@nil": "true" }, "administrativeUnit": { "@href": "#auAdmUnitS.1834" } }, "geometry": { "type": "Polygon", "coordinates": [ [ [ 20.33452928, 48.42304225 ], [ 20.33470892, 48.42270485 ], [ 20.33462957, 48.42254426 ], [ 20.33454088, 48.4227117 ], [ 20.33437181, 48.4230351 ], [ 20.33443102, 48.42322455 ], [ 20.33452928, 48.42304225 ] ] ] } },
{ "type": "Feature", "properties": { "@featureType": "CadastralParcel", "areaValue": { "value": 55778, "@uom": "m2" }, "beginLifespanVersion": { "@nilReason": "http://inspire.ec.europa.eu/codelist/VoidReasonValue/Unpopulated", "@nil": "true" }, "endLifespanVersion": { "@nilReason": "http://inspire.ec.europa.eu/codelist/VoidReasonValue/Unpopulated", "@nil": "true" }, "inspireId": { "@dataType": "Identifier", "localId": "860123_454/2.E", "namespace": "SK.ESKN.CP", "versionId": "20260703T04:07:53" }, "label": "454/2", "nationalCadastralReference": "860123_454/2.E", "referencePoint": { "type": "Point", "coordinates": [ 20.31827081, 48.42227012 ] }, "validFrom": "2026-06-30T16:00:00Z", "validTo": { "@nilReason": "http://inspire.ec.europa.eu/codelist/VoidReasonValue/Unpopulated", "@nil": "true" }, "administrativeUnit": { "@href": "#auAdmUnitS.1834" } }, "geometry": { "type": "Polygon", "coordinates": [ [ [ 20.31846424, 48.42297423 ], [ 20.31878821, 48.42315688 ], [ 20.31890493, 48.42324354 ], [ 20.31894426, 48.42325184 ], [ 20.31896418, 48.42325154 ], [ 20.31898848, 48.42324619 ], [ 20.31901417, 48.42323584 ], [ 20.31909718, 48.42319117 ], [ 20.31898082, 48.42279189 ], [ 20.31969284, 48.42269993 ], [ 20.31969492, 48.42265812 ], [ 20.31970739, 48.4223921 ], [ 20.31971087, 48.42203357 ], [ 20.31970648, 48.42163859 ], [ 20.31970615, 48.42130622 ], [ 20.31970365, 48.420977 ], [ 20.3197036, 48.42082023 ], [ 20.31965657, 48.42081784 ], [ 20.31965395, 48.42085972 ], [ 20.31852399, 48.42082022 ], [ 20.31746179, 48.42097374 ], [ 20.31620248, 48.42115509 ], [ 20.31638714, 48.42171941 ], [ 20.31641148, 48.42175631 ], [ 20.31669298, 48.42208505 ], [ 20.31675797, 48.42216428 ], [ 20.31690812, 48.42237596 ], [ 20.31697114, 48.42247745 ], [ 20.31704163, 48.42270987 ], [ 20.31700684, 48.42294041 ], [ 20.31688158, 48.4231028 ], [ 20.31684579, 48.42312933 ], [ 20.31691073, 48.4233282 ], [ 20.31699541, 48.42358686 ], [ 20.3169967, 48.4236043 ], [ 20.31713701, 48.42356386 ], [ 20.31727995, 48.42352262 ], [ 20.3176338, 48.42347364 ], [ 20.31768022, 48.42345996 ], [ 20.31775282, 48.42342434 ], [ 20.31781438, 48.42335901 ], [ 20.31788358, 48.42325785 ], [ 20.31798183, 48.42303214 ], [ 20.31846424, 48.42297423 ] ] ] } },
{ "type": "Feature", "properties": { "@featureType": "CadastralParcel", "areaValue": { "value": 3324, "@uom": "m2" }, "beginLifespanVersion": { "@nilReason": "http://inspire.ec.europa.eu/codelist/VoidReasonValue/Unpopulated", "@nil": "true" }, "endLifespanVersion": { "@nilReason": "http://inspire.ec.europa.eu/codelist/VoidReasonValue/Unpopulated", "@nil": "true" }, "inspireId": { "@dataType": "Identifier", "localId": "860123_455/4.E", "namespace": "SK.ESKN.CP", "versionId": "20260703T04:07:53" }, "label": "455/4", "nationalCadastralReference": "860123_455/4.E", "referencePoint": { "type": "Point", "coordinates": [ 20.33179039, 48.42595937 ] }, "validFrom": "2026-06-30T16:00:00Z", "validTo": { "@nilReason": "http://inspire.ec.europa.eu/codelist/VoidReasonValue/Unpopulated", "@nil": "true" }, "administrativeUnit": { "@href": "#auAdmUnitS.1834" } }, "geometry": { "type": "Polygon", "coordinates": [ [ [ 20.33198632, 48.42653292 ], [ 20.33203062, 48.42663205 ], [ 20.33203694, 48.42664933 ], [ 20.33205724, 48.42669382 ], [ 20.33209609, 48.4267766 ], [ 20.33209735, 48.42677918 ], [ 20.33211516, 48.42681969 ], [ 20.3321546, 48.426908 ], [ 20.33215618, 48.42691158 ], [ 20.33217737, 48.42695664 ], [ 20.33221506, 48.42703875 ], [ 20.3322163, 48.4270415 ], [ 20.33223589, 48.42708642 ], [ 20.33227235, 48.4271701 ], [ 20.33229414, 48.42721618 ], [ 20.3323314, 48.42729855 ], [ 20.33233275, 48.42730157 ], [ 20.33234935, 48.42733889 ], [ 20.33247727, 48.42732516 ], [ 20.33242439, 48.42720822 ], [ 20.33235752, 48.42706109 ], [ 20.3322903, 48.4269134 ], [ 20.33222371, 48.42676619 ], [ 20.33215746, 48.42661981 ], [ 20.33209013, 48.42647185 ], [ 20.33202412, 48.42632574 ], [ 20.33195708, 48.42617752 ], [ 20.33189078, 48.42603168 ], [ 20.33182407, 48.42588437 ], [ 20.33175675, 48.42573623 ], [ 20.33168998, 48.42558956 ], [ 20.33162341, 48.42544226 ], [ 20.33155673, 48.42529459 ], [ 20.33148974, 48.42514737 ], [ 20.33143197, 48.42501996 ], [ 20.33141205, 48.42495738 ], [ 20.33122193, 48.42452774 ], [ 20.33121071, 48.42450154 ], [ 20.33109784, 48.42451667 ], [ 20.33107048, 48.42451992 ], [ 20.3311136, 48.42461702 ], [ 20.33113746, 48.42467021 ], [ 20.33115099, 48.42470254 ], [ 20.33118629, 48.42478096 ], [ 20.33120054, 48.42481116 ], [ 20.33123683, 48.4248906 ], [ 20.33123796, 48.42489317 ], [ 20.33125195, 48.42492327 ], [ 20.33128414, 48.42499399 ], [ 20.3312937, 48.42501752 ], [ 20.33132964, 48.42509794 ], [ 20.33134351, 48.42512786 ], [ 20.33136667, 48.42517822 ], [ 20.33138909, 48.42522631 ], [ 20.33140495, 48.42526126 ], [ 20.33141432, 48.42528244 ], [ 20.3314502, 48.42536349 ], [ 20.33146764, 48.42539742 ], [ 20.33149035, 48.42544524 ], [ 20.3314989, 48.42546486 ], [ 20.33150801, 48.42548279 ], [ 20.3315442, 48.42556195 ], [ 20.33155341, 48.42558024 ], [ 20.33158808, 48.42565971 ], [ 20.33162068, 48.42573199 ], [ 20.33166078, 48.42582347 ], [ 20.33170304, 48.42591666 ], [ 20.33174246, 48.42600208 ], [ 20.33177546, 48.42607284 ], [ 20.33181494, 48.4261607 ], [ 20.33184779, 48.42623325 ], [ 20.33189184, 48.42633065 ], [ 20.33193714, 48.42642919 ], [ 20.33197834, 48.42651594 ], [ 20.33198632, 48.42653292 ] ] ] } },
{ "type": "Feature", "properties": { "@featureType": "CadastralParcel", "areaValue": { "value": 1357, "@uom": "m2" }, "beginLifespanVersion": { "@nilReason": "http://inspire.ec.europa.eu/codelist/VoidReasonValue/Unpopulated", "@nil": "true" }, "endLifespanVersion": { "@nilReason": "http://inspire.ec.europa.eu/codelist/VoidReasonValue/Unpopulated", "@nil": "true" }, "inspireId": { "@dataType": "Identifier", "localId": "860123_455/5.E", "namespace": "SK.ESKN.CP", "versionId": "20260703T04:07:53" }, "label": "455/5", "nationalCadastralReference": "860123_455/5.E", "referencePoint": { "type": "Point", "coordinates": [ 20.33144742, 48.42669059 ] }, "validFrom": "2026-06-30T16:00:00Z", "validTo": { "@nilReason": "http://inspire.ec.europa.eu/codelist/VoidReasonValue/Unpopulated", "@nil": "true" }, "administrativeUnit": { "@href": "#auAdmUnitS.1834" } }, "geometry": { "type": "Polygon", "coordinates": [ [ [ 20.33173538, 48.4267086 ], [ 20.331892, 48.42667807 ], [ 20.33203694, 48.42664933 ], [ 20.33203062, 48.42663205 ], [ 20.33198632, 48.42653292 ], [ 20.33197834, 48.42651594 ], [ 20.33179947, 48.4265502 ], [ 20.33165237, 48.42657724 ], [ 20.33154615, 48.42659822 ], [ 20.33148698, 48.42660905 ], [ 20.33134302, 48.42663585 ], [ 20.33100393, 48.42670312 ], [ 20.33086352, 48.4267296 ], [ 20.33083899, 48.42672216 ], [ 20.33085555, 48.42674929 ], [ 20.33091502, 48.42684523 ], [ 20.33093327, 48.42687469 ], [ 20.33094463, 48.42686099 ], [ 20.3310615, 48.42683745 ], [ 20.33119724, 48.42681186 ], [ 20.33148236, 48.4267578 ], [ 20.33173538, 48.4267086 ] ] ] } },
{ "type": "Feature", "properties": { "@featureType": "CadastralParcel", "areaValue": { "value": 1340, "@uom": "m2" }, "beginLifespanVersion": { "@nilReason": "http://inspire.ec.europa.eu/codelist/VoidReasonValue/Unpopulated", "@nil": "true" }, "endLifespanVersion": { "@nilReason": "http://inspire.ec.europa.eu/codelist/VoidReasonValue/Unpopulated", "@nil": "true" }, "inspireId": { "@dataType": "Identifier", "localId": "860123_455/6.E", "namespace": "SK.ESKN.CP", "versionId": "20260703T04:07:53" }, "label": "455/6", "nationalCadastralReference": "860123_455/6.E", "referencePoint": { "type": "Point", "coordinates": [ 20.33266853, 48.42790168 ] }, "validFrom": "2026-06-30T16:00:00Z", "validTo": { "@nilReason": "http://inspire.ec.europa.eu/codelist/VoidReasonValue/Unpopulated", "@nil": "true" }, "administrativeUnit": { "@href": "#auAdmUnitS.1834" } }, "geometry": { "type": "Polygon", "coordinates": [ [ [ 20.33256173, 48.42781858 ], [ 20.33257876, 48.4278588 ], [ 20.33262078, 48.42795009 ], [ 20.33263979, 48.42799228 ], [ 20.33267988, 48.42808088 ], [ 20.33269749, 48.42811914 ], [ 20.33273757, 48.42820783 ], [ 20.33273922, 48.42821213 ], [ 20.33275663, 48.42824948 ], [ 20.33279572, 48.42833723 ], [ 20.33279755, 48.428341 ], [ 20.33281641, 48.42837876 ], [ 20.33285814, 48.42847184 ], [ 20.33286605, 48.42848963 ], [ 20.33299956, 48.42847702 ], [ 20.33295835, 48.42838567 ], [ 20.33289101, 48.42823771 ], [ 20.3328244, 48.42809077 ], [ 20.33275799, 48.42794456 ], [ 20.33269104, 48.4277968 ], [ 20.33262455, 48.42765004 ], [ 20.33255796, 48.42750283 ], [ 20.33249087, 48.42735515 ], [ 20.33247727, 48.42732516 ], [ 20.33234935, 48.42733889 ], [ 20.33238922, 48.42742694 ], [ 20.33239037, 48.42743077 ], [ 20.33240722, 48.42746684 ], [ 20.33244676, 48.42755407 ], [ 20.33244923, 48.42755984 ], [ 20.33246371, 48.42760122 ], [ 20.33250164, 48.42768514 ], [ 20.33250361, 48.42768891 ], [ 20.33252249, 48.42772957 ], [ 20.33255938, 48.42781453 ], [ 20.33256173, 48.42781858 ] ] ] } },
{ "type": "Feature", "properties": { "@featureType": "CadastralParcel", "areaValue": { "value": 5086, "@uom": "m2" }, "beginLifespanVersion": { "@nilReason": "http://inspire.ec.europa.eu/codelist/VoidReasonValue/Unpopulated", "@nil": "true" }, "endLifespanVersion": { "@nilReason": "http://inspire.ec.europa.eu/codelist/VoidReasonValue/Unpopulated", "@nil": "true" }, "inspireId": { "@dataType": "Identifier", "localId": "860123_455/17.E", "namespace": "SK.ESKN.CP", "versionId": "20260703T04:07:53" }, "label": "455/17", "nationalCadastralReference": "860123_455/17.E", "referencePoint": { "type": "Point", "coordinates": [ 20.32969163, 48.42740261 ] }, "validFrom": "2026-06-30T16:00:00Z", "validTo": { "@nilReason": "http://inspire.ec.europa.eu/codelist/VoidReasonValue/Unpopulated", "@nil": "true" }, "administrativeUnit": { "@href": "#auAdmUnitS.1834" } }, "geometry": { "type": "Polygon", "coordinates": [ [ [ 20.32978052, 48.42748949 ], [ 20.33071248, 48.4272284 ], [ 20.33086774, 48.42718718 ], [ 20.33076731, 48.42701856 ], [ 20.33073332, 48.42703551 ], [ 20.33072277, 48.42701402 ], [ 20.3305998, 48.42704677 ], [ 20.33054237, 48.42706245 ], [ 20.33023108, 48.42714747 ], [ 20.33019558, 48.42715708 ], [ 20.33015221, 48.42716835 ], [ 20.33002506, 48.42720247 ], [ 20.3298285, 48.42725766 ], [ 20.3296269, 48.42731319 ], [ 20.32942719, 48.42736564 ], [ 20.32935909, 48.42738415 ], [ 20.32922808, 48.42742055 ], [ 20.32915538, 48.42744049 ], [ 20.32902336, 48.42747758 ], [ 20.32894542, 48.42749867 ], [ 20.32882174, 48.42753175 ], [ 20.3287611, 48.42754857 ], [ 20.32862563, 48.42758488 ], [ 20.32855183, 48.42760506 ], [ 20.3284234, 48.42763976 ], [ 20.32828855, 48.42767682 ], [ 20.32819711, 48.42770044 ], [ 20.32816372, 48.42769842 ], [ 20.32813513, 48.42769405 ], [ 20.32810954, 48.42768647 ], [ 20.32805201, 48.42764971 ], [ 20.32800634, 48.42762279 ], [ 20.32790166, 48.42755886 ], [ 20.32785441, 48.42752836 ], [ 20.32775909, 48.42746588 ], [ 20.32770953, 48.42743385 ], [ 20.32762955, 48.42738467 ], [ 20.3275161, 48.42730977 ], [ 20.32750573, 48.42729693 ], [ 20.32749612, 48.42728313 ], [ 20.32748577, 48.42726849 ], [ 20.32747542, 48.42725232 ], [ 20.3274352, 48.4271638 ], [ 20.32722767, 48.42721585 ], [ 20.32724795, 48.42725133 ], [ 20.3272619, 48.4272681 ], [ 20.32728119, 48.42728885 ], [ 20.32730292, 48.42730944 ], [ 20.32737149, 48.42736069 ], [ 20.32747494, 48.4274261 ], [ 20.32762413, 48.42752087 ], [ 20.32773145, 48.42759165 ], [ 20.32774655, 48.42760152 ], [ 20.32787882, 48.42768707 ], [ 20.32793807, 48.42772732 ], [ 20.32795941, 48.42774005 ], [ 20.32799995, 48.42775777 ], [ 20.3280378, 48.42777214 ], [ 20.32809114, 48.42778585 ], [ 20.32815794, 48.42779585 ], [ 20.32820935, 48.4278039 ], [ 20.32833087, 48.42782119 ], [ 20.32869514, 48.42772185 ], [ 20.32876714, 48.42770224 ], [ 20.32888616, 48.42766969 ], [ 20.32899422, 48.42764023 ], [ 20.32937361, 48.4275368 ], [ 20.32939103, 48.42757703 ], [ 20.3294693, 48.42755532 ], [ 20.32961156, 48.42753404 ], [ 20.32976803, 48.42749296 ], [ 20.32978052, 48.42748949 ] ] ] } },
{ "type": "Feature", "properties": { "@featureType": "CadastralParcel", "areaValue": { "value": 8705, "@uom": "m2" }, "beginLifespanVersion": { "@nilReason": "http://inspire.ec.europa.eu/codelist/VoidReasonValue/Unpopulated", "@nil": "true" }, "endLifespanVersion": { "@nilReason": "http://inspire.ec.europa.eu/codelist/VoidReasonValue/Unpopulated", "@nil": "true" }, "inspireId": { "@dataType": "Identifier", "localId": "860123_715.E", "namespace": "SK.ESKN.CP", "versionId": "20260703T04:07:53" }, "label": "715", "nationalCadastralReference": "860123_715.E", "referencePoint": { "type": "Point", "coordinates": [ 20.31616424, 48.41149416 ] }, "validFrom": "2026-06-30T16:00:00Z", "validTo": { "@nilReason": "http://inspire.ec.europa.eu/codelist/VoidReasonValue/Unpopulated", "@nil": "true" }, "administrativeUnit": { "@href": "#auAdmUnitS.1834" } }, "geometry": { "type": "Polygon", "coordinates": [ [ [ 20.31615324, 48.41193062 ], [ 20.31617471, 48.41190218 ], [ 20.31625421, 48.41179007 ], [ 20.31630449, 48.41171907 ], [ 20.31639382, 48.41164257 ], [ 20.316446, 48.41156534 ], [ 20.31650014, 48.41144007 ], [ 20.31651249, 48.41132982 ], [ 20.316518, 48.41128139 ], [ 20.31648144, 48.41121292 ], [ 20.31647911, 48.41120869 ], [ 20.31646044, 48.41115524 ], [ 20.31644239, 48.4111039 ], [ 20.31641657, 48.41103027 ], [ 20.31633994, 48.41094518 ], [ 20.31629609, 48.41089643 ], [ 20.31627675, 48.41087494 ], [ 20.31619193, 48.41080125 ], [ 20.3161521, 48.4107667 ], [ 20.31544647, 48.41081123 ], [ 20.31551558, 48.4108407 ], [ 20.31566085, 48.41090263 ], [ 20.31567119, 48.41091115 ], [ 20.315753, 48.41097905 ], [ 20.31584324, 48.41105405 ], [ 20.31593728, 48.41113207 ], [ 20.31596665, 48.41115647 ], [ 20.31599144, 48.41118817 ], [ 20.3159968, 48.41123 ], [ 20.31600459, 48.41129022 ], [ 20.31601072, 48.41133858 ], [ 20.31601409, 48.41136475 ], [ 20.31599711, 48.41140507 ], [ 20.31576343, 48.41154824 ], [ 20.31573767, 48.41156093 ], [ 20.31559061, 48.41163371 ], [ 20.31537419, 48.41174089 ], [ 20.31521079, 48.41180096 ], [ 20.31520893, 48.4118235 ], [ 20.31520097, 48.41194536 ], [ 20.31518868, 48.412122 ], [ 20.3151848, 48.41215356 ], [ 20.31512283, 48.41228771 ], [ 20.31537607, 48.41222325 ], [ 20.31555495, 48.41220226 ], [ 20.31596082, 48.41230894 ], [ 20.31597528, 48.41226797 ], [ 20.31601036, 48.41216844 ], [ 20.31604203, 48.41207833 ], [ 20.31615324, 48.41193062 ] ] ] } },
{ "type": "Feature", "properties": { "@featureType": "CadastralParcel", "areaValue": { "value": 1145, "@uom": "m2" }, "beginLifespanVersion": { "@nilReason": "http://inspire.ec.europa.eu/codelist/VoidReasonValue/Unpopulated", "@nil": "true" }, "endLifespanVersion": { "@nilReason": "http://inspire.ec.europa.eu/codelist/VoidReasonValue/Unpopulated", "@nil": "true" }, "inspireId": { "@dataType": "Identifier", "localId": "860123_718.E", "namespace": "SK.ESKN.CP", "versionId": "20260703T04:07:53" }, "label": "718", "nationalCadastralReference": "860123_718.E", "referencePoint": { "type": "Point", "coordinates": [ 20.32214564, 48.41156 ] }, "validFrom": "2026-06-30T16:00:00Z", "validTo": { "@nilReason": "http://inspire.ec.europa.eu/codelist/VoidReasonValue/Unpopulated", "@nil": "true" }, "administrativeUnit": { "@href": "#auAdmUnitS.1834" } }, "geometry": { "type": "Polygon", "coordinates": [ [ [ 20.32290804, 48.41154943 ], [ 20.32377269, 48.41152155 ], [ 20.32408215, 48.41151125 ], [ 20.324075, 48.41147133 ], [ 20.32351494, 48.41149197 ], [ 20.32267272, 48.41152326 ], [ 20.32192976, 48.41155086 ], [ 20.32143365, 48.41156914 ], [ 20.32098078, 48.41158659 ], [ 20.3202925, 48.41161245 ], [ 20.32024718, 48.41161383 ], [ 20.32014151, 48.41161815 ], [ 20.32008108, 48.41162046 ], [ 20.32001947, 48.41162245 ], [ 20.31996198, 48.41162515 ], [ 20.31986417, 48.41162942 ], [ 20.31984268, 48.41163065 ], [ 20.31984853, 48.41165475 ], [ 20.32026874, 48.4116408 ], [ 20.3219378, 48.41158379 ], [ 20.32290804, 48.41154943 ] ] ] } },
{ "type": "Feature", "properties": { "@featureType": "CadastralParcel", "areaValue": { "value": 2544, "@uom": "m2" }, "beginLifespanVersion": { "@nilReason": "http://inspire.ec.europa.eu/codelist/VoidReasonValue/Unpopulated", "@nil": "true" }, "endLifespanVersion": { "@nilReason": "http://inspire.ec.europa.eu/codelist/VoidReasonValue/Unpopulated", "@nil": "true" }, "inspireId": { "@dataType": "Identifier", "localId": "860123_720.E", "namespace": "SK.ESKN.CP", "versionId": "20260703T04:07:53" }, "label": "720", "nationalCadastralReference": "860123_720.E", "referencePoint": { "type": "Point", "coordinates": [ 20.32301868, 48.41539179 ] }, "validFrom": "2026-06-30T16:00:00Z", "validTo": { "@nilReason": "http://inspire.ec.europa.eu/codelist/VoidReasonValue/Unpopulated", "@nil": "true" }, "administrativeUnit": { "@href": "#auAdmUnitS.1834" } }, "geometry": { "type": "Polygon", "coordinates": [ [ [ 20.32326283, 48.41544685 ], [ 20.32344666, 48.41544802 ], [ 20.32349396, 48.41544871 ], [ 20.32364789, 48.41544979 ], [ 20.32364937, 48.41544985 ], [ 20.32372673, 48.41545045 ], [ 20.32387191, 48.41545245 ], [ 20.32424273, 48.41545556 ], [ 20.32424979, 48.41545538 ], [ 20.32425801, 48.41545724 ], [ 20.32426426, 48.41546001 ], [ 20.3242703, 48.41546367 ], [ 20.32427681, 48.4154696 ], [ 20.32428191, 48.41547475 ], [ 20.32428634, 48.41545979 ], [ 20.32432841, 48.41531936 ], [ 20.32426698, 48.4153192 ], [ 20.32423137, 48.41534384 ], [ 20.32394838, 48.41533923 ], [ 20.32394823, 48.41533328 ], [ 20.3232435, 48.41532897 ], [ 20.32260974, 48.41531932 ], [ 20.32228123, 48.41531986 ], [ 20.32169995, 48.41532281 ], [ 20.32170533, 48.41533546 ], [ 20.32175372, 48.41544313 ], [ 20.32178796, 48.41544159 ], [ 20.32179341, 48.41543973 ], [ 20.32197317, 48.41544084 ], [ 20.32249176, 48.41544272 ], [ 20.3226417, 48.41544293 ], [ 20.32264211, 48.41544295 ], [ 20.32271539, 48.41544375 ], [ 20.32290313, 48.41544499 ], [ 20.32308808, 48.41544567 ], [ 20.32326283, 48.41544685 ] ] ] } },
{ "type": "Feature", "properties": { "@featureType": "CadastralParcel", "areaValue": { "value": 10528, "@uom": "m2" }, "beginLifespanVersion": { "@nilReason": "http://inspire.ec.europa.eu/codelist/VoidReasonValue/Unpopulated", "@nil": "true" }, "endLifespanVersion": { "@nilReason": "http://inspire.ec.europa.eu/codelist/VoidReasonValue/Unpopulated", "@nil": "true" }, "inspireId": { "@dataType": "Identifier", "localId": "860123_721.E", "namespace": "SK.ESKN.CP", "versionId": "20260703T04:07:53" }, "label": "721", "nationalCadastralReference": "860123_721.E", "referencePoint": { "type": "Point", "coordinates": [ 20.32274501, 48.4237647 ] }, "validFrom": "2026-06-30T16:00:00Z", "validTo": { "@nilReason": "http://inspire.ec.europa.eu/codelist/VoidReasonValue/Unpopulated", "@nil": "true" }, "administrativeUnit": { "@href": "#auAdmUnitS.1834" } }, "geometry": { "type": "Polygon", "coordinates": [ [ [ 20.32232412, 48.42317945 ], [ 20.32232698, 48.42319307 ], [ 20.32238093, 48.42318762 ], [ 20.32240658, 48.42328008 ], [ 20.32245979, 48.42327532 ], [ 20.32248692, 48.4233863 ], [ 20.32250743, 48.42339611 ], [ 20.3225288, 48.42344831 ], [ 20.32255737, 48.42351087 ], [ 20.32260167, 48.42360982 ], [ 20.32260633, 48.42362136 ], [ 20.3226468, 48.42371313 ], [ 20.32265119, 48.42372322 ], [ 20.32268756, 48.42380618 ], [ 20.32270731, 48.42385227 ], [ 20.3227781, 48.42401434 ], [ 20.32278021, 48.42403785 ], [ 20.32278624, 48.424118 ], [ 20.32288183, 48.42438375 ], [ 20.32289366, 48.42441674 ], [ 20.32290654, 48.42445328 ], [ 20.32320953, 48.42451238 ], [ 20.32325645, 48.42448539 ], [ 20.32335454, 48.42446455 ], [ 20.32377536, 48.42447853 ], [ 20.32502914, 48.42452248 ], [ 20.32504551, 48.42452258 ], [ 20.32555936, 48.42452705 ], [ 20.32556057, 48.4245271 ], [ 20.32594122, 48.42452851 ], [ 20.32594203, 48.42452854 ], [ 20.32653339, 48.42453974 ], [ 20.32653971, 48.42441475 ], [ 20.32570348, 48.42440819 ], [ 20.32557153, 48.42440626 ], [ 20.32534501, 48.42439314 ], [ 20.32448502, 48.42436906 ], [ 20.3243382, 48.42437618 ], [ 20.32419231, 48.42437425 ], [ 20.32413103, 48.42436617 ], [ 20.3240972, 48.42436601 ], [ 20.32399057, 48.42436561 ], [ 20.32385053, 48.42436643 ], [ 20.32371653, 48.42436793 ], [ 20.32364552, 48.42436875 ], [ 20.32363577, 48.42436882 ], [ 20.32354723, 48.42436904 ], [ 20.32353978, 48.42436901 ], [ 20.32336752, 48.42436685 ], [ 20.32309152, 48.4243744 ], [ 20.32305471, 48.42437278 ], [ 20.32303288, 48.42436562 ], [ 20.3230079, 48.42435265 ], [ 20.32298862, 48.42433496 ], [ 20.32297335, 48.42431634 ], [ 20.32296281, 48.42429782 ], [ 20.3229546, 48.42427281 ], [ 20.32293435, 48.42418507 ], [ 20.32289796, 48.42402427 ], [ 20.32286886, 48.42389582 ], [ 20.32286243, 48.42387827 ], [ 20.32276794, 48.42362148 ], [ 20.32276184, 48.42360485 ], [ 20.32272681, 48.42354941 ], [ 20.32264427, 48.42337941 ], [ 20.32254489, 48.42317487 ], [ 20.32245555, 48.42294414 ], [ 20.3224297, 48.42294871 ], [ 20.32226208, 48.42297979 ], [ 20.32223345, 48.42298507 ], [ 20.322216, 48.42298808 ], [ 20.32219592, 48.42299161 ], [ 20.32208156, 48.42300514 ], [ 20.32198725, 48.4230155 ], [ 20.3218259, 48.42302773 ], [ 20.32162603, 48.42304232 ], [ 20.32156724, 48.4230474 ], [ 20.32129837, 48.42306937 ], [ 20.32121626, 48.42307642 ], [ 20.32102098, 48.42309263 ], [ 20.32083025, 48.42310956 ], [ 20.32078132, 48.42311341 ], [ 20.3206663, 48.42312367 ], [ 20.31976927, 48.42326567 ], [ 20.3196414, 48.42327741 ], [ 20.31964138, 48.42328372 ], [ 20.31914319, 48.42333939 ], [ 20.31898337, 48.42335726 ], [ 20.31875121, 48.42339256 ], [ 20.31864172, 48.42340916 ], [ 20.31824881, 48.42346518 ], [ 20.31812008, 48.42348355 ], [ 20.31798794, 48.42350367 ], [ 20.31797416, 48.42350493 ], [ 20.31787046, 48.42352041 ], [ 20.31739497, 48.42358102 ], [ 20.31719948, 48.42360731 ], [ 20.31722674, 48.42369685 ], [ 20.31722746, 48.4236994 ], [ 20.31821551, 48.4235737 ], [ 20.31967162, 48.42338851 ], [ 20.32007608, 48.42332736 ], [ 20.32033042, 48.42329995 ], [ 20.32059214, 48.42327167 ], [ 20.32089272, 48.42323409 ], [ 20.32102019, 48.42322693 ], [ 20.32106834, 48.42322423 ], [ 20.32122494, 48.42321371 ], [ 20.32131681, 48.4232065 ], [ 20.3214421, 48.42319646 ], [ 20.32162357, 48.42318322 ], [ 20.32167865, 48.42317881 ], [ 20.32195608, 48.42315807 ], [ 20.32204121, 48.42315204 ], [ 20.32209779, 48.42316579 ], [ 20.32214451, 48.423187 ], [ 20.32219123, 48.42320811 ], [ 20.32222405, 48.42320435 ], [ 20.32225688, 48.4232005 ], [ 20.32225433, 48.42318806 ], [ 20.32232412, 48.42317945 ] ] ] } },
{ "type": "Feature", "properties": { "@featureType": "CadastralParcel", "areaValue": { "value": 19820, "@uom": "m2" }, "beginLifespanVersion": { "@nilReason": "http://inspire.ec.europa.eu/codelist/VoidReasonValue/Unpopulated", "@nil": "true" }, "endLifespanVersion": { "@nilReason": "http://inspire.ec.europa.eu/codelist/VoidReasonValue/Unpopulated", "@nil": "true" }, "inspireId": { "@dataType": "Identifier", "localId": "860123_728.E", "namespace": "SK.ESKN.CP", "versionId": "20260703T04:07:53" }, "label": "728", "nationalCadastralReference": "860123_728.E", "referencePoint": { "type": "Point", "coordinates": [ 20.33131013, 48.42771543 ] }, "validFrom": "2026-06-30T16:00:00Z", "validTo": { "@nilReason": "http://inspire.ec.europa.eu/codelist/VoidReasonValue/Unpopulated", "@nil": "true" }, "administrativeUnit": { "@href": "#auAdmUnitS.1834" } }, "geometry": { "type": "Polygon", "coordinates": [ [ [ 20.32994552, 48.42577188 ], [ 20.32996274, 48.42579914 ], [ 20.33001549, 48.42588229 ], [ 20.3300327, 48.42590954 ], [ 20.33007535, 48.42597689 ], [ 20.33009822, 48.42601365 ], [ 20.33013479, 48.42607319 ], [ 20.33024485, 48.42624463 ], [ 20.33025702, 48.42626465 ], [ 20.33030353, 48.4263372 ], [ 20.33031579, 48.42635777 ], [ 20.33034413, 48.42640321 ], [ 20.33036995, 48.42644648 ], [ 20.33038509, 48.42647121 ], [ 20.33040002, 48.42649522 ], [ 20.33045285, 48.4265791 ], [ 20.33045475, 48.42658206 ], [ 20.33048208, 48.42662511 ], [ 20.33053028, 48.42670313 ], [ 20.330533, 48.42670756 ], [ 20.33055162, 48.42673577 ], [ 20.33057222, 48.42676919 ], [ 20.3306269, 48.42685503 ], [ 20.33062881, 48.42685799 ], [ 20.33066499, 48.42691571 ], [ 20.33071263, 48.42699695 ], [ 20.33072277, 48.42701402 ], [ 20.33073332, 48.42703551 ], [ 20.33076731, 48.42701856 ], [ 20.33086774, 48.42718718 ], [ 20.33102194, 48.42742747 ], [ 20.33116608, 48.4276606 ], [ 20.33113402, 48.42766944 ], [ 20.33124502, 48.42784407 ], [ 20.33204819, 48.42913531 ], [ 20.33216311, 48.42931766 ], [ 20.33217673, 48.42933973 ], [ 20.33257296, 48.42999104 ], [ 20.33260618, 48.43004405 ], [ 20.33263851, 48.43009487 ], [ 20.33269138, 48.4301783 ], [ 20.3327052, 48.43020118 ], [ 20.33271605, 48.4302162 ], [ 20.33274943, 48.43026895 ], [ 20.33280826, 48.43036153 ], [ 20.33290851, 48.4305278 ], [ 20.33293974, 48.43057876 ], [ 20.33299381, 48.4306671 ], [ 20.33299606, 48.4306707 ], [ 20.33321167, 48.43102213 ], [ 20.33325209, 48.43101362 ], [ 20.33331073, 48.43099799 ], [ 20.33341606, 48.43097346 ], [ 20.33347473, 48.43098206 ], [ 20.3335033, 48.43097894 ], [ 20.33349284, 48.43096709 ], [ 20.33344139, 48.43088444 ], [ 20.33341061, 48.43083594 ], [ 20.3334081, 48.43083224 ], [ 20.33334944, 48.43074075 ], [ 20.33331598, 48.43068889 ], [ 20.33328213, 48.43063685 ], [ 20.33325016, 48.43058802 ], [ 20.33321876, 48.43053896 ], [ 20.33318454, 48.43048338 ], [ 20.33313488, 48.43040341 ], [ 20.33310681, 48.43035799 ], [ 20.33305344, 48.43027409 ], [ 20.33305201, 48.43027187 ], [ 20.33300056, 48.43019076 ], [ 20.3329698, 48.43014054 ], [ 20.33292237, 48.4300676 ], [ 20.33288133, 48.43000194 ], [ 20.3328564, 48.42996231 ], [ 20.33279347, 48.42986254 ], [ 20.33279094, 48.42985749 ], [ 20.33272164, 48.42974396 ], [ 20.33266545, 48.42965058 ], [ 20.33260406, 48.42954565 ], [ 20.3325644, 48.42948275 ], [ 20.33251225, 48.42940034 ], [ 20.33246752, 48.42932895 ], [ 20.33240474, 48.42923054 ], [ 20.33232898, 48.42910901 ], [ 20.33230158, 48.42906514 ], [ 20.3322781, 48.42902755 ], [ 20.33227585, 48.42902386 ], [ 20.33222615, 48.42894443 ], [ 20.3321983, 48.42890118 ], [ 20.33214178, 48.42881617 ], [ 20.33213969, 48.42881221 ], [ 20.33208274, 48.42872592 ], [ 20.33205284, 48.42867826 ], [ 20.33200061, 48.42859378 ], [ 20.33196486, 48.42853715 ], [ 20.3319617, 48.42853162 ], [ 20.33191515, 48.42845637 ], [ 20.33187526, 48.42839301 ], [ 20.33187252, 48.42838884 ], [ 20.33182017, 48.42830256 ], [ 20.3317876, 48.42824984 ], [ 20.33172567, 48.42815263 ], [ 20.33171027, 48.42812311 ], [ 20.3316516, 48.42803026 ], [ 20.33163786, 48.42800504 ], [ 20.33158019, 48.42791467 ], [ 20.33156363, 48.42788762 ], [ 20.33156233, 48.4278855 ], [ 20.33151429, 48.4278056 ], [ 20.33148753, 48.42776383 ], [ 20.33148598, 48.42776142 ], [ 20.33142662, 48.4276672 ], [ 20.33140723, 48.42763851 ], [ 20.33140532, 48.42763555 ], [ 20.33134612, 48.42754116 ], [ 20.33132573, 48.42750991 ], [ 20.33132455, 48.42750797 ], [ 20.33127353, 48.42742507 ], [ 20.33124988, 48.4273863 ], [ 20.3312481, 48.42738353 ], [ 20.33119558, 48.42730075 ], [ 20.33116951, 48.42725882 ], [ 20.33116821, 48.4272567 ], [ 20.33111809, 48.4271759 ], [ 20.33109289, 48.42713473 ], [ 20.33109111, 48.42713187 ], [ 20.33103892, 48.42704397 ], [ 20.33101814, 48.42700793 ], [ 20.33098805, 48.42696089 ], [ 20.33093327, 48.42687469 ], [ 20.33091502, 48.42684523 ], [ 20.33085555, 48.42674929 ], [ 20.33083899, 48.42672216 ], [ 20.33078871, 48.42664631 ], [ 20.33076434, 48.42660959 ], [ 20.33076279, 48.42660718 ], [ 20.33070537, 48.42651709 ], [ 20.33065601, 48.42643236 ], [ 20.33060455, 48.42634989 ], [ 20.33057705, 48.42630575 ], [ 20.33052697, 48.4262291 ], [ 20.33050013, 48.4261866 ], [ 20.3304593, 48.42611869 ], [ 20.33043716, 48.42608278 ], [ 20.33038689, 48.42600072 ], [ 20.33033874, 48.4259236 ], [ 20.3302867, 48.42584165 ], [ 20.33026146, 48.42580255 ], [ 20.33021799, 48.42573075 ], [ 20.33016464, 48.42564668 ], [ 20.33013746, 48.42560354 ], [ 20.33009907, 48.42554167 ], [ 20.33003808, 48.42544612 ], [ 20.33002239, 48.42542145 ], [ 20.32995383, 48.42530885 ], [ 20.32990053, 48.42521811 ], [ 20.32984384, 48.42513057 ], [ 20.32982352, 48.4250986 ], [ 20.32979154, 48.42504689 ], [ 20.32977532, 48.42504815 ], [ 20.3296766, 48.4248695 ], [ 20.32966561, 48.42484988 ], [ 20.32965672, 48.42483412 ], [ 20.32964705, 48.42481635 ], [ 20.3296143, 48.42480867 ], [ 20.32953334, 48.42464955 ], [ 20.3294665, 48.42458954 ], [ 20.32936021, 48.42449492 ], [ 20.32931428, 48.42445564 ], [ 20.32931004, 48.42443935 ], [ 20.32928421, 48.42443743 ], [ 20.32864541, 48.42442403 ], [ 20.32859518, 48.4244226 ], [ 20.3284723, 48.42442067 ], [ 20.32842856, 48.42442085 ], [ 20.32825159, 48.42441689 ], [ 20.32819104, 48.42441587 ], [ 20.32805417, 48.42441456 ], [ 20.32800752, 48.42441399 ], [ 20.32788298, 48.42441398 ], [ 20.32783702, 48.42441334 ], [ 20.32770965, 48.42441016 ], [ 20.32768411, 48.4244097 ], [ 20.32756881, 48.42440779 ], [ 20.32736997, 48.42440468 ], [ 20.32722297, 48.42440162 ], [ 20.32716595, 48.42440038 ], [ 20.32703691, 48.42439775 ], [ 20.32699433, 48.42439717 ], [ 20.32699296, 48.42441261 ], [ 20.32684562, 48.42441026 ], [ 20.3268714, 48.4243928 ], [ 20.32682944, 48.42439431 ], [ 20.32670592, 48.42439199 ], [ 20.32654095, 48.42439003 ], [ 20.32653971, 48.42441475 ], [ 20.32653339, 48.42453974 ], [ 20.32594203, 48.42452854 ], [ 20.32594122, 48.42452851 ], [ 20.32556057, 48.4245271 ], [ 20.32555936, 48.42452705 ], [ 20.32504551, 48.42452258 ], [ 20.32504698, 48.42453957 ], [ 20.32505875, 48.42453968 ], [ 20.32527639, 48.42454145 ], [ 20.32534993, 48.42454253 ], [ 20.32547487, 48.4245441 ], [ 20.32550886, 48.4245439 ], [ 20.32556087, 48.42454513 ], [ 20.32557464, 48.42454549 ], [ 20.32575605, 48.4245499 ], [ 20.32594674, 48.42455332 ], [ 20.32602932, 48.42455476 ], [ 20.32609633, 48.42455621 ], [ 20.32629638, 48.42455946 ], [ 20.32642735, 48.42456171 ], [ 20.3265322, 48.42456384 ], [ 20.32657044, 48.42456462 ], [ 20.32684519, 48.42456971 ], [ 20.32702621, 48.42457383 ], [ 20.32728271, 48.42457857 ], [ 20.32750472, 48.42458448 ], [ 20.32775948, 48.42459059 ], [ 20.32799492, 48.42459621 ], [ 20.32802502, 48.42459721 ], [ 20.3280271, 48.42457522 ], [ 20.32815317, 48.42457619 ], [ 20.32815226, 48.42459256 ], [ 20.32817237, 48.42459325 ], [ 20.32832376, 48.4245972 ], [ 20.32849772, 48.42460168 ], [ 20.32862224, 48.42460484 ], [ 20.32874557, 48.42460778 ], [ 20.32880126, 48.4246087 ], [ 20.32882784, 48.42460966 ], [ 20.32889119, 48.42460962 ], [ 20.32893585, 48.42460821 ], [ 20.32896849, 48.42461255 ], [ 20.32899185, 48.42461482 ], [ 20.32906574, 48.42462573 ], [ 20.32909795, 48.42463339 ], [ 20.32923477, 48.42468281 ], [ 20.32926778, 48.42469527 ], [ 20.32928526, 48.42471191 ], [ 20.32934917, 48.42481424 ], [ 20.32940904, 48.42490875 ], [ 20.32944096, 48.42496252 ], [ 20.3295175, 48.42509508 ], [ 20.32957727, 48.4251831 ], [ 20.32961242, 48.42523565 ], [ 20.3296294, 48.42526398 ], [ 20.32967452, 48.42533395 ], [ 20.32973203, 48.42542756 ], [ 20.32977124, 48.42549387 ], [ 20.32979396, 48.42553089 ], [ 20.32983365, 48.42559488 ], [ 20.3298445, 48.42561305 ], [ 20.32987337, 48.4256586 ], [ 20.32989444, 48.42569123 ], [ 20.32994552, 48.42577188 ] ] ] } },
{ "type": "Feature", "properties": { "@featureType": "CadastralParcel", "areaValue": { "value": 12500, "@uom": "m2" }, "beginLifespanVersion": { "@nilReason": "http://inspire.ec.europa.eu/codelist/VoidReasonValue/Unpopulated", "@nil": "true" }, "endLifespanVersion": { "@nilReason": "http://inspire.ec.europa.eu/codelist/VoidReasonValue/Unpopulated", "@nil": "true" }, "inspireId": { "@dataType": "Identifier", "localId": "860123_729.E", "namespace": "SK.ESKN.CP", "versionId": "20260703T04:07:53" }, "label": "729", "nationalCadastralReference": "860123_729.E", "referencePoint": { "type": "Point", "coordinates": [ 20.31902733, 48.4063875 ] }, "validFrom": "2026-06-30T16:00:00Z", "validTo": { "@nilReason": "http://inspire.ec.europa.eu/codelist/VoidReasonValue/Unpopulated", "@nil": "true" }, "administrativeUnit": { "@href": "#auAdmUnitS.1834" } }, "geometry": { "type": "Polygon", "coordinates": [ [ [ 20.31910376, 48.40344539 ], [ 20.31898033, 48.4034427 ], [ 20.31896417, 48.40379777 ], [ 20.31893975, 48.40432387 ], [ 20.31893336, 48.40445705 ], [ 20.31893131, 48.40458869 ], [ 20.31891839, 48.40485217 ], [ 20.31890573, 48.40514322 ], [ 20.31891049, 48.40516431 ], [ 20.31900129, 48.40516572 ], [ 20.31900196, 48.40517656 ], [ 20.31891489, 48.40517566 ], [ 20.31892222, 48.40520595 ], [ 20.31893199, 48.40524841 ], [ 20.31893372, 48.40525794 ], [ 20.31893407, 48.40536706 ], [ 20.31893397, 48.40540021 ], [ 20.31893355, 48.40548894 ], [ 20.31892327, 48.4058127 ], [ 20.31891549, 48.40612052 ], [ 20.31891523, 48.40613565 ], [ 20.31891042, 48.40631674 ], [ 20.31890549, 48.40647619 ], [ 20.31889628, 48.40656791 ], [ 20.3188094, 48.40696209 ], [ 20.31880822, 48.40696772 ], [ 20.31873025, 48.40726891 ], [ 20.31859867, 48.40739322 ], [ 20.31854618, 48.40744197 ], [ 20.31853253, 48.40759748 ], [ 20.31851411, 48.40778398 ], [ 20.31852344, 48.40799021 ], [ 20.31852468, 48.40802053 ], [ 20.31853058, 48.40815555 ], [ 20.31854044, 48.40818324 ], [ 20.31856934, 48.40826789 ], [ 20.31858155, 48.40830882 ], [ 20.31860796, 48.40840167 ], [ 20.31861494, 48.40842834 ], [ 20.31866073, 48.40856979 ], [ 20.31867719, 48.40863756 ], [ 20.3187044, 48.40873359 ], [ 20.31873038, 48.40882678 ], [ 20.318742, 48.40886066 ], [ 20.31875542, 48.40890002 ], [ 20.31878621, 48.40899087 ], [ 20.3187763, 48.4089958 ], [ 20.31877912, 48.40903735 ], [ 20.31879374, 48.40908 ], [ 20.31882179, 48.40916201 ], [ 20.31883067, 48.4091611 ], [ 20.31885438, 48.40923411 ], [ 20.31888445, 48.40932701 ], [ 20.31915348, 48.40936199 ], [ 20.31912403, 48.4092729 ], [ 20.31910454, 48.4092133 ], [ 20.31907811, 48.40912982 ], [ 20.319062, 48.40907333 ], [ 20.31904222, 48.40899111 ], [ 20.31903043, 48.40895163 ], [ 20.31902344, 48.40892964 ], [ 20.31899859, 48.40884974 ], [ 20.31898084, 48.40878733 ], [ 20.31895503, 48.40869838 ], [ 20.31893513, 48.40863733 ], [ 20.31890859, 48.40855204 ], [ 20.31888814, 48.40849106 ], [ 20.31886312, 48.40840845 ], [ 20.31885298, 48.40837012 ], [ 20.31883332, 48.40828051 ], [ 20.31882432, 48.40824466 ], [ 20.31880443, 48.40816054 ], [ 20.31879422, 48.40812158 ], [ 20.31878566, 48.40808376 ], [ 20.31876811, 48.40799469 ], [ 20.31874645, 48.40799483 ], [ 20.31868526, 48.40792332 ], [ 20.31868151, 48.4078083 ], [ 20.31868251, 48.40766265 ], [ 20.31874002, 48.40751301 ], [ 20.31879561, 48.40741095 ], [ 20.31883651, 48.40736327 ], [ 20.31899156, 48.40721386 ], [ 20.31911479, 48.40667974 ], [ 20.31912396, 48.40659001 ], [ 20.31912412, 48.40658055 ], [ 20.31912868, 48.4065428 ], [ 20.31913395, 48.40650472 ], [ 20.31914177, 48.40643322 ], [ 20.31915109, 48.40634177 ], [ 20.31915297, 48.40630374 ], [ 20.31915488, 48.40621038 ], [ 20.31915548, 48.40614707 ], [ 20.3191618, 48.40605443 ], [ 20.31916576, 48.4059944 ], [ 20.31916895, 48.4059019 ], [ 20.3191713, 48.40583866 ], [ 20.31917678, 48.40575085 ], [ 20.31917787, 48.40570801 ], [ 20.31918156, 48.40561598 ], [ 20.31918173, 48.4055804 ], [ 20.31918638, 48.40549283 ], [ 20.31918847, 48.40545696 ], [ 20.3191917, 48.40536555 ], [ 20.3191929, 48.40534127 ], [ 20.31919688, 48.40525214 ], [ 20.3191976, 48.40518901 ], [ 20.31920566, 48.40518807 ], [ 20.31920566, 48.40516068 ], [ 20.31920542, 48.40515112 ], [ 20.31920712, 48.40507542 ], [ 20.31920952, 48.40503452 ], [ 20.31921266, 48.40495328 ], [ 20.3192186, 48.40481297 ], [ 20.31922033, 48.40477663 ], [ 20.3192243, 48.40462336 ], [ 20.31923012, 48.40454232 ], [ 20.31923105, 48.40453641 ], [ 20.31923537, 48.40444792 ], [ 20.31923764, 48.40440404 ], [ 20.31924509, 48.40421757 ], [ 20.31924797, 48.40413155 ], [ 20.31924856, 48.40410049 ], [ 20.31925257, 48.40399713 ], [ 20.31925755, 48.40390434 ], [ 20.31926192, 48.40380451 ], [ 20.31926401, 48.40375657 ], [ 20.31926818, 48.4036606 ], [ 20.31927109, 48.40360629 ], [ 20.3192769, 48.40350102 ], [ 20.31927959, 48.40344932 ], [ 20.31919288, 48.40344744 ], [ 20.31910376, 48.40344539 ] ] ] } },
{ "type": "Feature", "properties": { "@featureType": "CadastralParcel", "areaValue": { "value": 3832, "@uom": "m2" }, "beginLifespanVersion": { "@nilReason": "http://inspire.ec.europa.eu/codelist/VoidReasonValue/Unpopulated", "@nil": "true" }, "endLifespanVersion": { "@nilReason": "http://inspire.ec.europa.eu/codelist/VoidReasonValue/Unpopulated", "@nil": "true" }, "inspireId": { "@dataType": "Identifier", "localId": "860123_455/31.E", "namespace": "SK.ESKN.CP", "versionId": "20260703T04:07:53" }, "label": "455/31", "nationalCadastralReference": "860123_455/31.E", "referencePoint": { "type": "Point", "coordinates": [ 20.32708447, 48.42586986 ] }, "validFrom": "2026-06-30T16:00:00Z", "validTo": { "@nilReason": "http://inspire.ec.europa.eu/codelist/VoidReasonValue/Unpopulated", "@nil": "true" }, "administrativeUnit": { "@href": "#auAdmUnitS.1834" } }, "geometry": { "type": "Polygon", "coordinates": [ [ [ 20.32701533, 48.42602494 ], [ 20.32702679, 48.42609431 ], [ 20.32703265, 48.42613508 ], [ 20.32704867, 48.4262386 ], [ 20.32705595, 48.42627726 ], [ 20.3270723, 48.42636169 ], [ 20.32707781, 48.426402 ], [ 20.32709057, 48.42649485 ], [ 20.32709606, 48.42653227 ], [ 20.32711226, 48.42663382 ], [ 20.32712111, 48.42670047 ], [ 20.32713327, 48.42679258 ], [ 20.32714202, 48.42685896 ], [ 20.32715502, 48.42695371 ], [ 20.32718053, 48.42711066 ], [ 20.32718142, 48.42712052 ], [ 20.32718596, 48.42714719 ], [ 20.32720316, 48.42717471 ], [ 20.32722767, 48.42721585 ], [ 20.3274352, 48.4271638 ], [ 20.32736776, 48.42701565 ], [ 20.327351, 48.42697409 ], [ 20.32734036, 48.42695359 ], [ 20.3273268, 48.42690485 ], [ 20.32730819, 48.42679997 ], [ 20.32729024, 48.4266862 ], [ 20.32727838, 48.42660447 ], [ 20.32727327, 48.42657346 ], [ 20.32726187, 48.42648958 ], [ 20.32725789, 48.42645969 ], [ 20.32724172, 48.42635013 ], [ 20.32723076, 48.42628889 ], [ 20.32722259, 48.4262374 ], [ 20.32720889, 48.42614136 ], [ 20.32720053, 48.42608283 ], [ 20.32718846, 48.42599586 ], [ 20.32718093, 48.42593863 ], [ 20.32716143, 48.4258011 ], [ 20.32714266, 48.42565819 ], [ 20.32714138, 48.42564057 ], [ 20.32713621, 48.42557352 ], [ 20.32713225, 48.42555408 ], [ 20.3271208, 48.4254402 ], [ 20.32711379, 48.42536947 ], [ 20.32710242, 48.42528227 ], [ 20.32709799, 48.42524047 ], [ 20.32709184, 48.42515085 ], [ 20.32709003, 48.42511781 ], [ 20.32707814, 48.42501968 ], [ 20.32707262, 48.42497946 ], [ 20.32706059, 48.42487376 ], [ 20.32704452, 48.42473861 ], [ 20.32703912, 48.42469254 ], [ 20.32702621, 48.42457383 ], [ 20.32684519, 48.42456971 ], [ 20.32686112, 48.424688 ], [ 20.32687087, 48.4247828 ], [ 20.32688796, 48.4249078 ], [ 20.32689172, 48.42493885 ], [ 20.32690314, 48.42503462 ], [ 20.32701533, 48.42602494 ] ] ] } },
{ "type": "Feature", "properties": { "@featureType": "CadastralParcel", "areaValue": { "value": 3045, "@uom": "m2" }, "beginLifespanVersion": { "@nilReason": "http://inspire.ec.europa.eu/codelist/VoidReasonValue/Unpopulated", "@nil": "true" }, "endLifespanVersion": { "@nilReason": "http://inspire.ec.europa.eu/codelist/VoidReasonValue/Unpopulated", "@nil": "true" }, "inspireId": { "@dataType": "Identifier", "localId": "860123_455/32.E", "namespace": "SK.ESKN.CP", "versionId": "20260703T04:07:53" }, "label": "455/32", "nationalCadastralReference": "860123_455/32.E", "referencePoint": { "type": "Point", "coordinates": [ 20.32886688, 48.42670026 ] }, "validFrom": "2026-06-30T16:00:00Z", "validTo": { "@nilReason": "http://inspire.ec.europa.eu/codelist/VoidReasonValue/Unpopulated", "@nil": "true" }, "administrativeUnit": { "@href": "#auAdmUnitS.1834" } }, "geometry": { "type": "Polygon", "coordinates": [ [ [ 20.32915873, 48.42668157 ], [ 20.32922107, 48.42666401 ], [ 20.32934193, 48.42662901 ], [ 20.32942012, 48.42660667 ], [ 20.32953456, 48.42657241 ], [ 20.32961423, 48.42654859 ], [ 20.32974188, 48.42651341 ], [ 20.32982546, 48.42648984 ], [ 20.3299389, 48.42645914 ], [ 20.329987, 48.42644643 ], [ 20.33004063, 48.42643232 ], [ 20.33008267, 48.42642072 ], [ 20.3301839, 48.42639351 ], [ 20.3302841, 48.42636716 ], [ 20.33031579, 48.42635777 ], [ 20.33030353, 48.4263372 ], [ 20.33025702, 48.42626465 ], [ 20.33024485, 48.42624463 ], [ 20.33009087, 48.42628815 ], [ 20.32997346, 48.42632085 ], [ 20.32990541, 48.42634035 ], [ 20.32985792, 48.4263538 ], [ 20.32973827, 48.42638741 ], [ 20.32968467, 48.42640261 ], [ 20.32955787, 48.4264389 ], [ 20.32955343, 48.42644017 ], [ 20.32948693, 48.42645892 ], [ 20.32936098, 48.42649624 ], [ 20.32930633, 48.42651266 ], [ 20.32916835, 48.4265514 ], [ 20.32916377, 48.42655266 ], [ 20.32909733, 48.42657222 ], [ 20.32896079, 48.42661003 ], [ 20.32889057, 48.42662953 ], [ 20.32876615, 48.42666637 ], [ 20.32868948, 48.42668688 ], [ 20.32859506, 48.42671364 ], [ 20.3285067, 48.42673927 ], [ 20.32846966, 48.42674944 ], [ 20.32834729, 48.42678312 ], [ 20.32830871, 48.42679377 ], [ 20.32823665, 48.42681419 ], [ 20.32820346, 48.42682361 ], [ 20.32812488, 48.42684585 ], [ 20.32805125, 48.42686711 ], [ 20.32791476, 48.42690582 ], [ 20.32790587, 48.42690836 ], [ 20.32771846, 48.42696255 ], [ 20.32767731, 48.42697481 ], [ 20.32757611, 48.42700328 ], [ 20.32753387, 48.4270155 ], [ 20.32747112, 48.42701943 ], [ 20.32744352, 48.42701619 ], [ 20.32741463, 48.42701073 ], [ 20.32736661, 48.42699038 ], [ 20.327351, 48.42697409 ], [ 20.32736776, 48.42701565 ], [ 20.3274352, 48.4271638 ], [ 20.32756422, 48.42713147 ], [ 20.32762474, 48.42711456 ], [ 20.32774985, 48.42708063 ], [ 20.32782779, 48.42705954 ], [ 20.32795172, 48.42702358 ], [ 20.32799122, 48.42701171 ], [ 20.32803317, 48.42699957 ], [ 20.32816381, 48.42696279 ], [ 20.32823331, 48.42694371 ], [ 20.32881878, 48.42677844 ], [ 20.32902176, 48.42671963 ], [ 20.32915873, 48.42668157 ] ] ] } },
{ "type": "Feature", "properties": { "@featureType": "CadastralParcel", "areaValue": { "value": 1639, "@uom": "m2" }, "beginLifespanVersion": { "@nilReason": "http://inspire.ec.europa.eu/codelist/VoidReasonValue/Unpopulated", "@nil": "true" }, "endLifespanVersion": { "@nilReason": "http://inspire.ec.europa.eu/codelist/VoidReasonValue/Unpopulated", "@nil": "true" }, "inspireId": { "@dataType": "Identifier", "localId": "860123_455/33.E", "namespace": "SK.ESKN.CP", "versionId": "20260703T04:07:53" }, "label": "455/33", "nationalCadastralReference": "860123_455/33.E", "referencePoint": { "type": "Point", "coordinates": [ 20.32820526, 48.42620864 ] }, "validFrom": "2026-06-30T16:00:00Z", "validTo": { "@nilReason": "http://inspire.ec.europa.eu/codelist/VoidReasonValue/Unpopulated", "@nil": "true" }, "administrativeUnit": { "@href": "#auAdmUnitS.1834" } }, "geometry": { "type": "Polygon", "coordinates": [ [ [ 20.32809982, 48.42616186 ], [ 20.32813108, 48.42624768 ], [ 20.32813249, 48.4262517 ], [ 20.32815204, 48.42630616 ], [ 20.32818268, 48.42639124 ], [ 20.3281842, 48.42639554 ], [ 20.32820291, 48.42644726 ], [ 20.32823634, 48.42653452 ], [ 20.32827692, 48.42665279 ], [ 20.32829385, 48.42670156 ], [ 20.3283224, 48.42678287 ], [ 20.32830871, 48.42679377 ], [ 20.32834729, 48.42678312 ], [ 20.32846966, 48.42674944 ], [ 20.3285067, 48.42673927 ], [ 20.32849734, 48.42673954 ], [ 20.32848941, 48.42673734 ], [ 20.3284832, 48.42673412 ], [ 20.32847836, 48.42672915 ], [ 20.32847537, 48.42672165 ], [ 20.32846443, 48.42669536 ], [ 20.32844914, 48.42665539 ], [ 20.32842325, 48.4265732 ], [ 20.32839066, 48.42648246 ], [ 20.32837849, 48.42644874 ], [ 20.32833744, 48.42633433 ], [ 20.32832664, 48.42630183 ], [ 20.32829902, 48.42622381 ], [ 20.3282883, 48.42619348 ], [ 20.32825899, 48.4261116 ], [ 20.32824383, 48.42606875 ], [ 20.32824198, 48.42606364 ], [ 20.32821071, 48.42597952 ], [ 20.32819711, 48.42594196 ], [ 20.32819174, 48.42592616 ], [ 20.32813496, 48.42576762 ], [ 20.3281202, 48.42572641 ], [ 20.328107, 48.42568436 ], [ 20.32810374, 48.42567531 ], [ 20.32809794, 48.42566896 ], [ 20.32809443, 48.42566423 ], [ 20.32809295, 48.42565795 ], [ 20.32809375, 48.42565357 ], [ 20.32809537, 48.42564751 ], [ 20.32809824, 48.42564411 ], [ 20.32810246, 48.42564076 ], [ 20.32810226, 48.42563237 ], [ 20.32806217, 48.4256326 ], [ 20.32793913, 48.42563246 ], [ 20.32791081, 48.4256328 ], [ 20.32792129, 48.42566429 ], [ 20.32792664, 48.4256727 ], [ 20.32792841, 48.42568025 ], [ 20.32798128, 48.42583089 ], [ 20.32799858, 48.42587859 ], [ 20.32803147, 48.42596899 ], [ 20.32803301, 48.42597301 ], [ 20.32804437, 48.42600364 ], [ 20.32808202, 48.42611061 ], [ 20.3280832, 48.42611408 ], [ 20.32809982, 48.42616186 ] ] ] } },
{ "type": "Feature", "properties": { "@featureType": "CadastralParcel", "areaValue": { "value": 1376, "@uom": "m2" }, "beginLifespanVersion": { "@nilReason": "http://inspire.ec.europa.eu/codelist/VoidReasonValue/Unpopulated", "@nil": "true" }, "endLifespanVersion": { "@nilReason": "http://inspire.ec.europa.eu/codelist/VoidReasonValue/Unpopulated", "@nil": "true" }, "inspireId": { "@dataType": "Identifier", "localId": "860123_455/34.E", "namespace": "SK.ESKN.CP", "versionId": "20260703T04:07:53" }, "label": "455/34", "nationalCadastralReference": "860123_455/34.E", "referencePoint": { "type": "Point", "coordinates": [ 20.32804618, 48.42507068 ] }, "validFrom": "2026-06-30T16:00:00Z", "validTo": { "@nilReason": "http://inspire.ec.europa.eu/codelist/VoidReasonValue/Unpopulated", "@nil": "true" }, "administrativeUnit": { "@href": "#auAdmUnitS.1834" } }, "geometry": { "type": "Polygon", "coordinates": [ [ [ 20.32806648, 48.42551799 ], [ 20.32809425, 48.42551628 ], [ 20.32810119, 48.42543781 ], [ 20.32810503, 48.42540201 ], [ 20.32811377, 48.42531244 ], [ 20.32811553, 48.42528791 ], [ 20.32812228, 48.42519637 ], [ 20.32812521, 48.42516928 ], [ 20.3281279, 48.42514353 ], [ 20.32812871, 48.42513734 ], [ 20.32813716, 48.42504641 ], [ 20.32813708, 48.4250091 ], [ 20.32817237, 48.42459325 ], [ 20.32815226, 48.42459256 ], [ 20.32815317, 48.42457619 ], [ 20.3280271, 48.42457522 ], [ 20.32802502, 48.42459721 ], [ 20.32799492, 48.42459621 ], [ 20.32798069, 48.4247908 ], [ 20.32796788, 48.42495697 ], [ 20.32796292, 48.42501003 ], [ 20.32795527, 48.42509496 ], [ 20.32795159, 48.4251304 ], [ 20.32794234, 48.42522734 ], [ 20.32793946, 48.42527065 ], [ 20.32793026, 48.42535327 ], [ 20.32792586, 48.4254168 ], [ 20.32792503, 48.42542767 ], [ 20.32791798, 48.42552577 ], [ 20.32794751, 48.42552396 ], [ 20.32806648, 48.42551799 ] ] ] } },
{ "type": "Feature", "properties": { "@featureType": "CadastralParcel", "areaValue": { "value": 2302, "@uom": "m2" }, "beginLifespanVersion": { "@nilReason": "http://inspire.ec.europa.eu/codelist/VoidReasonValue/Unpopulated", "@nil": "true" }, "endLifespanVersion": { "@nilReason": "http://inspire.ec.europa.eu/codelist/VoidReasonValue/Unpopulated", "@nil": "true" }, "inspireId": { "@dataType": "Identifier", "localId": "860123_455/35.E", "namespace": "SK.ESKN.CP", "versionId": "20260703T04:07:53" }, "label": "455/35", "nationalCadastralReference": "860123_455/35.E", "referencePoint": { "type": "Point", "coordinates": [ 20.32848203, 48.4255842 ] }, "validFrom": "2026-06-30T16:00:00Z", "validTo": { "@nilReason": "http://inspire.ec.europa.eu/codelist/VoidReasonValue/Unpopulated", "@nil": "true" }, "administrativeUnit": { "@href": "#auAdmUnitS.1834" } }, "geometry": { "type": "Polygon", "coordinates": [ [ [ 20.32834135, 48.42563192 ], [ 20.32834461, 48.42563178 ], [ 20.32846636, 48.42562817 ], [ 20.32855725, 48.42562587 ], [ 20.32876517, 48.42562438 ], [ 20.32881737, 48.42562345 ], [ 20.32887573, 48.4256233 ], [ 20.32900789, 48.42562281 ], [ 20.32912895, 48.42562232 ], [ 20.32918865, 48.4256207 ], [ 20.32931166, 48.42561957 ], [ 20.32936562, 48.42561862 ], [ 20.32948784, 48.42561728 ], [ 20.32952979, 48.42561595 ], [ 20.32964184, 48.42561476 ], [ 20.3298445, 48.42561305 ], [ 20.32983365, 48.42559488 ], [ 20.32979396, 48.42553089 ], [ 20.32977124, 48.42549387 ], [ 20.32974973, 48.42551366 ], [ 20.32962912, 48.42551515 ], [ 20.32939304, 48.42551681 ], [ 20.32938762, 48.42551677 ], [ 20.32927422, 48.42551639 ], [ 20.32923674, 48.42551618 ], [ 20.32916487, 48.42551616 ], [ 20.32913324, 48.42551717 ], [ 20.32903071, 48.42551784 ], [ 20.32890182, 48.42551955 ], [ 20.32886031, 48.42552053 ], [ 20.32879775, 48.42552087 ], [ 20.32867218, 48.42552181 ], [ 20.32866473, 48.42552188 ], [ 20.32861716, 48.42552092 ], [ 20.32847972, 48.42552301 ], [ 20.32843143, 48.42552409 ], [ 20.32828272, 48.42552655 ], [ 20.32826602, 48.42552707 ], [ 20.32811298, 48.42552648 ], [ 20.32809425, 48.42551628 ], [ 20.32806648, 48.42551799 ], [ 20.32794751, 48.42552396 ], [ 20.32791798, 48.42552577 ], [ 20.32773753, 48.42553195 ], [ 20.32769247, 48.42553324 ], [ 20.32765227, 48.42553482 ], [ 20.32746139, 48.42554104 ], [ 20.32740078, 48.42554371 ], [ 20.32728232, 48.42554852 ], [ 20.32713225, 48.42555408 ], [ 20.32713621, 48.42557352 ], [ 20.32714138, 48.42564057 ], [ 20.32714266, 48.42565819 ], [ 20.32739883, 48.42564841 ], [ 20.32746651, 48.42564539 ], [ 20.32752993, 48.4256431 ], [ 20.32759804, 48.42564126 ], [ 20.32765254, 48.42564033 ], [ 20.32791081, 48.4256328 ], [ 20.32793913, 48.42563246 ], [ 20.32806217, 48.4256326 ], [ 20.32810226, 48.42563237 ], [ 20.32824491, 48.42563264 ], [ 20.32834135, 48.42563192 ] ] ] } },
{ "type": "Feature", "properties": { "@featureType": "CadastralParcel", "areaValue": { "value": 3018, "@uom": "m2" }, "beginLifespanVersion": { "@nilReason": "http://inspire.ec.europa.eu/codelist/VoidReasonValue/Unpopulated", "@nil": "true" }, "endLifespanVersion": { "@nilReason": "http://inspire.ec.europa.eu/codelist/VoidReasonValue/Unpopulated", "@nil": "true" }, "inspireId": { "@dataType": "Identifier", "localId": "860123_734.E", "namespace": "SK.ESKN.CP", "versionId": "20260703T04:07:53" }, "label": "734", "nationalCadastralReference": "860123_734.E", "referencePoint": { "type": "Point", "coordinates": [ 20.32436682, 48.41777017 ] }, "validFrom": "2026-06-30T16:00:00Z", "validTo": { "@nilReason": "http://inspire.ec.europa.eu/codelist/VoidReasonValue/Unpopulated", "@nil": "true" }, "administrativeUnit": { "@href": "#auAdmUnitS.1834" } }, "geometry": { "type": "Polygon", "coordinates": [ [ [ 20.3243526, 48.41792706 ], [ 20.32435317, 48.41793744 ], [ 20.32435824, 48.41812026 ], [ 20.32436221, 48.41826043 ], [ 20.32436517, 48.41836614 ], [ 20.32436831, 48.4184805 ], [ 20.3243712, 48.41858702 ], [ 20.32437399, 48.41868542 ], [ 20.32437551, 48.41874017 ], [ 20.32437682, 48.41878806 ], [ 20.32437804, 48.41883081 ], [ 20.32437914, 48.41887347 ], [ 20.32438151, 48.41896141 ], [ 20.32438665, 48.41902873 ], [ 20.32438781, 48.4190431 ], [ 20.32438826, 48.41906402 ], [ 20.32438858, 48.41908187 ], [ 20.32438898, 48.41909874 ], [ 20.32438975, 48.41913589 ], [ 20.32439232, 48.41928573 ], [ 20.32439494, 48.41936475 ], [ 20.32439738, 48.41943657 ], [ 20.32440583, 48.41969124 ], [ 20.32441101, 48.41984686 ], [ 20.32441453, 48.41995079 ], [ 20.32447538, 48.41994993 ], [ 20.32445414, 48.41939167 ], [ 20.32444458, 48.41913876 ], [ 20.32444525, 48.41903337 ], [ 20.324441, 48.41868228 ], [ 20.32436024, 48.41643843 ], [ 20.3244616, 48.41547207 ], [ 20.32428191, 48.41547475 ], [ 20.32428618, 48.41568953 ], [ 20.32428924, 48.41577875 ], [ 20.32428952, 48.41592697 ], [ 20.32428968, 48.41598788 ], [ 20.32429338, 48.41644301 ], [ 20.32429291, 48.41652787 ], [ 20.32429362, 48.41654132 ], [ 20.32429583, 48.41672583 ], [ 20.32429636, 48.41679622 ], [ 20.3242979, 48.41703575 ], [ 20.32429818, 48.41717631 ], [ 20.32429829, 48.41721335 ], [ 20.32429834, 48.41726326 ], [ 20.32429838, 48.41731633 ], [ 20.32429847, 48.41734742 ], [ 20.32429913, 48.41739348 ], [ 20.3242987, 48.41747933 ], [ 20.32429863, 48.41751374 ], [ 20.32429835, 48.41761329 ], [ 20.3243526, 48.41792706 ] ] ] } },
{ "type": "Feature", "properties": { "@featureType": "CadastralParcel", "areaValue": { "value": 1790, "@uom": "m2" }, "beginLifespanVersion": { "@nilReason": "http://inspire.ec.europa.eu/codelist/VoidReasonValue/Unpopulated", "@nil": "true" }, "endLifespanVersion": { "@nilReason": "http://inspire.ec.europa.eu/codelist/VoidReasonValue/Unpopulated", "@nil": "true" }, "inspireId": { "@dataType": "Identifier", "localId": "860123_739.E", "namespace": "SK.ESKN.CP", "versionId": "20260703T04:07:53" }, "label": "739", "nationalCadastralReference": "860123_739.E", "referencePoint": { "type": "Point", "coordinates": [ 20.31512421, 48.42396035 ] }, "validFrom": "2026-06-30T16:00:00Z", "validTo": { "@nilReason": "http://inspire.ec.europa.eu/codelist/VoidReasonValue/Unpopulated", "@nil": "true" }, "administrativeUnit": { "@href": "#auAdmUnitS.1834" } }, "geometry": { "type": "Polygon", "coordinates": [ [ [ 20.31495751, 48.42406934 ], [ 20.31495388, 48.42405533 ], [ 20.31502944, 48.42404127 ], [ 20.31509361, 48.42402901 ], [ 20.3151656, 48.424014 ], [ 20.315237, 48.42399951 ], [ 20.31531184, 48.42398597 ], [ 20.31536056, 48.42397698 ], [ 20.31541073, 48.42396841 ], [ 20.31553046, 48.4239523 ], [ 20.31560526, 48.42394992 ], [ 20.31564249, 48.42394832 ], [ 20.31580678, 48.42392126 ], [ 20.31599581, 48.42389004 ], [ 20.31599461, 48.42388675 ], [ 20.31594166, 48.42388557 ], [ 20.31593853, 48.42387346 ], [ 20.31588136, 48.42388014 ], [ 20.31580503, 48.42388912 ], [ 20.31577891, 48.42381431 ], [ 20.31577242, 48.42379585 ], [ 20.31584075, 48.42377944 ], [ 20.315904, 48.42376985 ], [ 20.31590738, 48.42377908 ], [ 20.3159444, 48.42377369 ], [ 20.31595829, 48.4237682 ], [ 20.31595098, 48.42374377 ], [ 20.31569376, 48.42378844 ], [ 20.31544528, 48.42383525 ], [ 20.31523691, 48.42387545 ], [ 20.31505546, 48.42390976 ], [ 20.31483289, 48.42394975 ], [ 20.31463348, 48.42398814 ], [ 20.31458969, 48.4239966 ], [ 20.31441022, 48.4240299 ], [ 20.31427091, 48.42405605 ], [ 20.31411716, 48.42408479 ], [ 20.31411178, 48.42412251 ], [ 20.31414384, 48.42419143 ], [ 20.31467178, 48.4240874 ], [ 20.31468213, 48.4241142 ], [ 20.31468695, 48.42411322 ], [ 20.31480011, 48.42409046 ], [ 20.3148245, 48.42408556 ], [ 20.31495751, 48.42406934 ] ] ] } },
{ "type": "Feature", "properties": { "@featureType": "CadastralParcel", "areaValue": { "value": 2589, "@uom": "m2" }, "beginLifespanVersion": { "@nilReason": "http://inspire.ec.europa.eu/codelist/VoidReasonValue/Unpopulated", "@nil": "true" }, "endLifespanVersion": { "@nilReason": "http://inspire.ec.europa.eu/codelist/VoidReasonValue/Unpopulated", "@nil": "true" }, "inspireId": { "@dataType": "Identifier", "localId": "860123_745.E", "namespace": "SK.ESKN.CP", "versionId": "20260703T04:07:53" }, "label": "745", "nationalCadastralReference": "860123_745.E", "referencePoint": { "type": "Point", "coordinates": [ 20.33496077, 48.42399951 ] }, "validFrom": "2026-06-30T16:00:00Z", "validTo": { "@nilReason": "http://inspire.ec.europa.eu/codelist/VoidReasonValue/Unpopulated", "@nil": "true" }, "administrativeUnit": { "@href": "#auAdmUnitS.1834" } }, "geometry": { "type": "Polygon", "coordinates": [ [ [ 20.33503393, 48.42401674 ], [ 20.33531379, 48.42398228 ], [ 20.33584531, 48.42391676 ], [ 20.33611094, 48.423884 ], [ 20.33612585, 48.42388224 ], [ 20.33641056, 48.4238449 ], [ 20.33644151, 48.42384089 ], [ 20.33709817, 48.42375467 ], [ 20.33776257, 48.42367425 ], [ 20.33810921, 48.42362078 ], [ 20.33810446, 48.4235887 ], [ 20.33763188, 48.42364283 ], [ 20.33708644, 48.42371268 ], [ 20.33506641, 48.42396008 ], [ 20.33179347, 48.42436498 ], [ 20.33182439, 48.42442259 ], [ 20.33205078, 48.42439271 ], [ 20.33233964, 48.424356 ], [ 20.33234635, 48.42435509 ], [ 20.33246388, 48.42433942 ], [ 20.33256797, 48.42432566 ], [ 20.33267666, 48.42431189 ], [ 20.3333066, 48.42422952 ], [ 20.33362643, 48.42419005 ], [ 20.33439868, 48.42409495 ], [ 20.33460763, 48.42406934 ], [ 20.33503393, 48.42401674 ] ] ] } },
{ "type": "Feature", "properties": { "@featureType": "CadastralParcel", "areaValue": { "value": 1897, "@uom": "m2" }, "beginLifespanVersion": { "@nilReason": "http://inspire.ec.europa.eu/codelist/VoidReasonValue/Unpopulated", "@nil": "true" }, "endLifespanVersion": { "@nilReason": "http://inspire.ec.europa.eu/codelist/VoidReasonValue/Unpopulated", "@nil": "true" }, "inspireId": { "@dataType": "Identifier", "localId": "860123_60/8.E", "namespace": "SK.ESKN.CP", "versionId": "20260703T04:07:53" }, "label": "60/8", "nationalCadastralReference": "860123_60/8.E", "referencePoint": { "type": "Point", "coordinates": [ 20.31988185, 48.40862016 ] }, "validFrom": "2026-06-30T16:00:00Z", "validTo": { "@nilReason": "http://inspire.ec.europa.eu/codelist/VoidReasonValue/Unpopulated", "@nil": "true" }, "administrativeUnit": { "@href": "#auAdmUnitS.1834" } }, "geometry": { "type": "Polygon", "coordinates": [ [ [ 20.31983737, 48.40877889 ], [ 20.31985909, 48.40886209 ], [ 20.31985999, 48.40886564 ], [ 20.31987427, 48.40891684 ], [ 20.31990212, 48.40901037 ], [ 20.31990316, 48.40901383 ], [ 20.31991409, 48.4090585 ], [ 20.31993819, 48.40915765 ], [ 20.31993929, 48.40916202 ], [ 20.31995645, 48.40922189 ], [ 20.31998249, 48.40930373 ], [ 20.32001096, 48.4093016 ], [ 20.32012336, 48.40929304 ], [ 20.32014693, 48.40929126 ], [ 20.32014569, 48.40928698 ], [ 20.32012142, 48.40920503 ], [ 20.32010972, 48.40916448 ], [ 20.32010815, 48.40915928 ], [ 20.32008385, 48.40907301 ], [ 20.32007593, 48.40903873 ], [ 20.3200533, 48.40895351 ], [ 20.32004312, 48.40891572 ], [ 20.3200426, 48.4089139 ], [ 20.32002263, 48.40883383 ], [ 20.32001009, 48.40878901 ], [ 20.3200096, 48.40878692 ], [ 20.31999298, 48.40872248 ], [ 20.31997681, 48.40865904 ], [ 20.31995542, 48.40858117 ], [ 20.31994471, 48.40854327 ], [ 20.31994335, 48.40853871 ], [ 20.31991999, 48.40846022 ], [ 20.31990911, 48.40841502 ], [ 20.3199083, 48.40841192 ], [ 20.31988875, 48.40833178 ], [ 20.31987784, 48.40828838 ], [ 20.31985758, 48.40820848 ], [ 20.3198478, 48.40816917 ], [ 20.3198467, 48.4081648 ], [ 20.31982505, 48.4080762 ], [ 20.31981737, 48.40804373 ], [ 20.31980449, 48.40799665 ], [ 20.31978361, 48.40791618 ], [ 20.31975381, 48.40791799 ], [ 20.31964834, 48.40792474 ], [ 20.31961906, 48.40792684 ], [ 20.31963971, 48.40800387 ], [ 20.31965355, 48.40805694 ], [ 20.31966283, 48.40809271 ], [ 20.31968349, 48.40817416 ], [ 20.31968481, 48.40817908 ], [ 20.31969416, 48.40821557 ], [ 20.31971453, 48.40829575 ], [ 20.31971622, 48.40830266 ], [ 20.31972538, 48.40833825 ], [ 20.31974588, 48.40841996 ], [ 20.31974782, 48.40843013 ], [ 20.3197623, 48.40848818 ], [ 20.31978598, 48.4085738 ], [ 20.31978722, 48.40857817 ], [ 20.31979428, 48.40860683 ], [ 20.31980085, 48.40863349 ], [ 20.31982236, 48.40871767 ], [ 20.31982316, 48.40872085 ], [ 20.31983737, 48.40877889 ] ] ] } },
{ "type": "Feature", "properties": { "@featureType": "CadastralParcel", "areaValue": { "value": 1135, "@uom": "m2" }, "beginLifespanVersion": { "@nilReason": "http://inspire.ec.europa.eu/codelist/VoidReasonValue/Unpopulated", "@nil": "true" }, "endLifespanVersion": { "@nilReason": "http://inspire.ec.europa.eu/codelist/VoidReasonValue/Unpopulated", "@nil": "true" }, "inspireId": { "@dataType": "Identifier", "localId": "860123_746.E", "namespace": "SK.ESKN.CP", "versionId": "20260703T04:07:53" }, "label": "746", "nationalCadastralReference": "860123_746.E", "referencePoint": { "type": "Point", "coordinates": [ 20.33077317, 48.4245183 ] }, "validFrom": "2026-06-30T16:00:00Z", "validTo": { "@nilReason": "http://inspire.ec.europa.eu/codelist/VoidReasonValue/Unpopulated", "@nil": "true" }, "administrativeUnit": { "@href": "#auAdmUnitS.1834" } }, "geometry": { "type": "Polygon", "coordinates": [ [ [ 20.33087164, 48.42454277 ], [ 20.33090996, 48.42453805 ], [ 20.33094456, 48.424534 ], [ 20.33107048, 48.42451992 ], [ 20.33109784, 48.42451667 ], [ 20.33121071, 48.42450154 ], [ 20.33124523, 48.42449694 ], [ 20.33132877, 48.42448598 ], [ 20.33146037, 48.42446879 ], [ 20.33164432, 48.42444446 ], [ 20.33160871, 48.42438784 ], [ 20.33020086, 48.42454803 ], [ 20.3294665, 48.42458954 ], [ 20.32953334, 48.42464955 ], [ 20.32969417, 48.42463251 ], [ 20.32974165, 48.42462978 ], [ 20.32993111, 48.42462116 ], [ 20.32994292, 48.42462081 ], [ 20.33012242, 48.42461001 ], [ 20.33017424, 48.42460726 ], [ 20.33031836, 48.42459849 ], [ 20.33038679, 48.42459459 ], [ 20.33051362, 48.42458397 ], [ 20.33058622, 48.42457736 ], [ 20.33059429, 48.42457641 ], [ 20.33071153, 48.42456244 ], [ 20.33074942, 48.42455798 ], [ 20.33087164, 48.42454277 ] ] ] } },
{ "type": "Feature", "properties": { "@featureType": "CadastralParcel", "areaValue": { "value": 857, "@uom": "m2" }, "beginLifespanVersion": { "@nilReason": "http://inspire.ec.europa.eu/codelist/VoidReasonValue/Unpopulated", "@nil": "true" }, "endLifespanVersion": { "@nilReason": "http://inspire.ec.europa.eu/codelist/VoidReasonValue/Unpopulated", "@nil": "true" }, "inspireId": { "@dataType": "Identifier", "localId": "860123_456/1.E", "namespace": "SK.ESKN.CP", "versionId": "20260703T04:07:53" }, "label": "456/1", "nationalCadastralReference": "860123_456/1.E", "referencePoint": { "type": "Point", "coordinates": [ 20.33278484, 48.42868827 ] }, "validFrom": "2026-06-30T16:00:00Z", "validTo": { "@nilReason": "http://inspire.ec.europa.eu/codelist/VoidReasonValue/Unpopulated", "@nil": "true" }, "administrativeUnit": { "@href": "#auAdmUnitS.1834" } }, "geometry": { "type": "Polygon", "coordinates": [ [ [ 20.33279753, 48.42873498 ], [ 20.33303765, 48.42866942 ], [ 20.33308135, 48.42865744 ], [ 20.33302357, 48.42853003 ], [ 20.33299956, 48.42847702 ], [ 20.33286605, 48.42848963 ], [ 20.33287586, 48.42851191 ], [ 20.33291383, 48.42859691 ], [ 20.33291587, 48.42860141 ], [ 20.33276994, 48.42864119 ], [ 20.33268067, 48.42866644 ], [ 20.33253236, 48.42870712 ], [ 20.33241505, 48.4287401 ], [ 20.33238732, 48.42874757 ], [ 20.33214178, 48.42881617 ], [ 20.3321983, 48.42890118 ], [ 20.33245932, 48.42882742 ], [ 20.33279753, 48.42873498 ] ] ] } },
{ "type": "Feature", "properties": { "@featureType": "CadastralParcel", "areaValue": { "value": 685, "@uom": "m2" }, "beginLifespanVersion": { "@nilReason": "http://inspire.ec.europa.eu/codelist/VoidReasonValue/Unpopulated", "@nil": "true" }, "endLifespanVersion": { "@nilReason": "http://inspire.ec.europa.eu/codelist/VoidReasonValue/Unpopulated", "@nil": "true" }, "inspireId": { "@dataType": "Identifier", "localId": "860123_207/3.E", "namespace": "SK.ESKN.CP", "versionId": "20260703T04:07:53" }, "label": "207/3", "nationalCadastralReference": "860123_207/3.E", "referencePoint": { "type": "Point", "coordinates": [ 20.31044329, 48.40322131 ] }, "validFrom": "2026-06-30T16:00:00Z", "validTo": { "@nilReason": "http://inspire.ec.europa.eu/codelist/VoidReasonValue/Unpopulated", "@nil": "true" }, "administrativeUnit": { "@href": "#auAdmUnitS.1834" } }, "geometry": { "type": "Polygon", "coordinates": [ [ [ 20.31051936, 48.40334962 ], [ 20.31059812, 48.40352787 ], [ 20.3105467, 48.40333133 ], [ 20.31049816, 48.40311129 ], [ 20.31046304, 48.40308937 ], [ 20.31028472, 48.40300532 ], [ 20.31002718, 48.40291139 ], [ 20.30995314, 48.40292992 ], [ 20.30989105, 48.40294496 ], [ 20.31017169, 48.40306223 ], [ 20.31051936, 48.40334962 ] ] ] } },
{ "type": "Feature", "properties": { "@featureType": "CadastralParcel", "areaValue": { "value": 17, "@uom": "m2" }, "beginLifespanVersion": { "@nilReason": "http://inspire.ec.europa.eu/codelist/VoidReasonValue/Unpopulated", "@nil": "true" }, "endLifespanVersion": { "@nilReason": "http://inspire.ec.europa.eu/codelist/VoidReasonValue/Unpopulated", "@nil": "true" }, "inspireId": { "@dataType": "Identifier", "localId": "860123_60/7.E", "namespace": "SK.ESKN.CP", "versionId": "20260703T04:07:53" }, "label": "60/7", "nationalCadastralReference": "860123_60/7.E", "referencePoint": { "type": "Point", "coordinates": [ 20.31872419, 48.40795064 ] }, "validFrom": "2026-06-30T16:00:00Z", "validTo": { "@nilReason": "http://inspire.ec.europa.eu/codelist/VoidReasonValue/Unpopulated", "@nil": "true" }, "administrativeUnit": { "@href": "#auAdmUnitS.1834" } }, "geometry": { "type": "Polygon", "coordinates": [ [ [ 20.31874645, 48.40799483 ], [ 20.31874385, 48.4079768 ], [ 20.31873563, 48.40792449 ], [ 20.31873576, 48.40791999 ], [ 20.31868526, 48.40792332 ], [ 20.31874645, 48.40799483 ] ] ] } },
{ "type": "Feature", "properties": { "@featureType": "CadastralParcel", "areaValue": { "value": 1441, "@uom": "m2" }, "beginLifespanVersion": { "@nilReason": "http://inspire.ec.europa.eu/codelist/VoidReasonValue/Unpopulated", "@nil": "true" }, "endLifespanVersion": { "@nilReason": "http://inspire.ec.europa.eu/codelist/VoidReasonValue/Unpopulated", "@nil": "true" }, "inspireId": { "@dataType": "Identifier", "localId": "860123_452/13.E", "namespace": "SK.ESKN.CP", "versionId": "20260703T04:07:53" }, "label": "452/13", "nationalCadastralReference": "860123_452/13.E", "referencePoint": { "type": "Point", "coordinates": [ 20.32688272, 48.42204231 ] }, "validFrom": "2026-06-30T16:00:00Z", "validTo": { "@nilReason": "http://inspire.ec.europa.eu/codelist/VoidReasonValue/Unpopulated", "@nil": "true" }, "administrativeUnit": { "@href": "#auAdmUnitS.1834" } }, "geometry": { "type": "Polygon", "coordinates": [ [ [ 20.32683065, 48.42254613 ], [ 20.32695994, 48.42254435 ], [ 20.32703271, 48.42254333 ], [ 20.32701287, 48.4225412 ], [ 20.3270009, 48.42253722 ], [ 20.32699193, 48.42253155 ], [ 20.32698395, 48.42252232 ], [ 20.32698118, 48.4225123 ], [ 20.32698117, 48.42249716 ], [ 20.32698109, 48.4224904 ], [ 20.32697887, 48.42231661 ], [ 20.32697709, 48.42224789 ], [ 20.32697492, 48.42215771 ], [ 20.32697352, 48.4221154 ], [ 20.32696994, 48.42196921 ], [ 20.32696906, 48.42193017 ], [ 20.32696585, 48.42178895 ], [ 20.32696504, 48.42174919 ], [ 20.32696197, 48.42160798 ], [ 20.32696147, 48.42159066 ], [ 20.32696083, 48.42156108 ], [ 20.3267823, 48.42156571 ], [ 20.326782, 48.4215966 ], [ 20.32678781, 48.4217299 ], [ 20.32678795, 48.42177567 ], [ 20.32679065, 48.421892 ], [ 20.32679643, 48.42217558 ], [ 20.32679781, 48.42223338 ], [ 20.32680166, 48.42235814 ], [ 20.32680668, 48.42253096 ], [ 20.32678187, 48.42254674 ], [ 20.32683065, 48.42254613 ] ] ] } },
{ "type": "Feature", "properties": { "@featureType": "CadastralParcel", "areaValue": { "value": 1792, "@uom": "m2" }, "beginLifespanVersion": { "@nilReason": "http://inspire.ec.europa.eu/codelist/VoidReasonValue/Unpopulated", "@nil": "true" }, "endLifespanVersion": { "@nilReason": "http://inspire.ec.europa.eu/codelist/VoidReasonValue/Unpopulated", "@nil": "true" }, "inspireId": { "@dataType": "Identifier", "localId": "860123_557/1.E", "namespace": "SK.ESKN.CP", "versionId": "20260703T04:07:53" }, "label": "557/1", "nationalCadastralReference": "860123_557/1.E", "referencePoint": { "type": "Point", "coordinates": [ 20.33007989, 48.4244776 ] }, "validFrom": "2026-06-30T16:00:00Z", "validTo": { "@nilReason": "http://inspire.ec.europa.eu/codelist/VoidReasonValue/Unpopulated", "@nil": "true" }, "administrativeUnit": { "@href": "#auAdmUnitS.1834" } }, "geometry": { "type": "Polygon", "coordinates": [ [ [ 20.33160871, 48.42438784 ], [ 20.33157677, 48.42434037 ], [ 20.3315724, 48.42433308 ], [ 20.331157, 48.42437114 ], [ 20.33113771, 48.42437192 ], [ 20.33094917, 48.42437931 ], [ 20.33089769, 48.42437972 ], [ 20.33079292, 48.42439049 ], [ 20.33065796, 48.4244043 ], [ 20.33053913, 48.42441641 ], [ 20.33048195, 48.42442011 ], [ 20.33032666, 48.42442493 ], [ 20.3302897, 48.42442655 ], [ 20.33016751, 48.42443068 ], [ 20.33013545, 48.42443195 ], [ 20.32992552, 48.42444093 ], [ 20.32987772, 48.42444267 ], [ 20.32975313, 48.42444797 ], [ 20.32972051, 48.42444948 ], [ 20.32962006, 48.42445419 ], [ 20.32957046, 48.42445631 ], [ 20.32948564, 48.42446028 ], [ 20.32946603, 48.42444942 ], [ 20.3294252, 48.42444728 ], [ 20.32931004, 48.42443935 ], [ 20.32931428, 48.42445564 ], [ 20.32936021, 48.42449492 ], [ 20.3294665, 48.42458954 ], [ 20.33020086, 48.42454803 ], [ 20.33160871, 48.42438784 ] ] ] } },
{ "type": "Feature", "properties": { "@featureType": "CadastralParcel", "areaValue": { "value": 2004, "@uom": "m2" }, "beginLifespanVersion": { "@nilReason": "http://inspire.ec.europa.eu/codelist/VoidReasonValue/Unpopulated", "@nil": "true" }, "endLifespanVersion": { "@nilReason": "http://inspire.ec.europa.eu/codelist/VoidReasonValue/Unpopulated", "@nil": "true" }, "inspireId": { "@dataType": "Identifier", "localId": "860123_557/2.E", "namespace": "SK.ESKN.CP", "versionId": "20260703T04:07:53" }, "label": "557/2", "nationalCadastralReference": "860123_557/2.E", "referencePoint": { "type": "Point", "coordinates": [ 20.33312761, 48.42416344 ] }, "validFrom": "2026-06-30T16:00:00Z", "validTo": { "@nilReason": "http://inspire.ec.europa.eu/codelist/VoidReasonValue/Unpopulated", "@nil": "true" }, "administrativeUnit": { "@href": "#auAdmUnitS.1834" } }, "geometry": { "type": "Polygon", "coordinates": [ [ [ 20.33506641, 48.42396008 ], [ 20.33506701, 48.42388739 ], [ 20.33419108, 48.42399322 ], [ 20.33377374, 48.42404103 ], [ 20.33352985, 48.42407284 ], [ 20.33329469, 48.42410391 ], [ 20.33312839, 48.4241247 ], [ 20.33253692, 48.42420218 ], [ 20.3323858, 48.42421347 ], [ 20.33176137, 48.42430705 ], [ 20.33176647, 48.42431671 ], [ 20.33179347, 48.42436498 ], [ 20.33506641, 48.42396008 ] ] ] } },
{ "type": "Feature", "properties": { "@featureType": "CadastralParcel", "areaValue": { "value": 1141, "@uom": "m2" }, "beginLifespanVersion": { "@nilReason": "http://inspire.ec.europa.eu/codelist/VoidReasonValue/Unpopulated", "@nil": "true" }, "endLifespanVersion": { "@nilReason": "http://inspire.ec.europa.eu/codelist/VoidReasonValue/Unpopulated", "@nil": "true" }, "inspireId": { "@dataType": "Identifier", "localId": "860123_558/2.E", "namespace": "SK.ESKN.CP", "versionId": "20260703T04:07:53" }, "label": "558/2", "nationalCadastralReference": "860123_558/2.E", "referencePoint": { "type": "Point", "coordinates": [ 20.33608925, 48.4237996 ] }, "validFrom": "2026-06-30T16:00:00Z", "validTo": { "@nilReason": "http://inspire.ec.europa.eu/codelist/VoidReasonValue/Unpopulated", "@nil": "true" }, "administrativeUnit": { "@href": "#auAdmUnitS.1834" } }, "geometry": { "type": "Polygon", "coordinates": [ [ [ 20.33708644, 48.42371268 ], [ 20.33707689, 48.42367519 ], [ 20.33707277, 48.42365286 ], [ 20.33667054, 48.42369822 ], [ 20.33630191, 48.4237402 ], [ 20.33530166, 48.423859 ], [ 20.33506701, 48.42388739 ], [ 20.33506641, 48.42396008 ], [ 20.33708644, 48.42371268 ] ] ] } },
{ "type": "Feature", "properties": { "@featureType": "CadastralParcel", "areaValue": { "value": 951, "@uom": "m2" }, "beginLifespanVersion": { "@nilReason": "http://inspire.ec.europa.eu/codelist/VoidReasonValue/Unpopulated", "@nil": "true" }, "endLifespanVersion": { "@nilReason": "http://inspire.ec.europa.eu/codelist/VoidReasonValue/Unpopulated", "@nil": "true" }, "inspireId": { "@dataType": "Identifier", "localId": "860123_451/11.E", "namespace": "SK.ESKN.CP", "versionId": "20260703T04:07:53" }, "label": "451/11", "nationalCadastralReference": "860123_451/11.E", "referencePoint": { "type": "Point", "coordinates": [ 20.3283188, 48.42003499 ] }, "validFrom": "2026-06-30T16:00:00Z", "validTo": { "@nilReason": "http://inspire.ec.europa.eu/codelist/VoidReasonValue/Unpopulated", "@nil": "true" }, "administrativeUnit": { "@href": "#auAdmUnitS.1834" } }, "geometry": { "type": "Polygon", "coordinates": [ [ [ 20.32827213, 48.42009517 ], [ 20.32831889, 48.42009448 ], [ 20.32845669, 48.4200943 ], [ 20.32860747, 48.42009426 ], [ 20.32871144, 48.4200941 ], [ 20.32886068, 48.42009472 ], [ 20.32884719, 48.4200605 ], [ 20.32881524, 48.41997942 ], [ 20.32875742, 48.41997977 ], [ 20.32855773, 48.41998176 ], [ 20.32823261, 48.41998497 ], [ 20.32803276, 48.41998579 ], [ 20.32784307, 48.41998646 ], [ 20.32780003, 48.4199864 ], [ 20.32780025, 48.41999623 ], [ 20.32780043, 48.42000948 ], [ 20.3278005, 48.42007606 ], [ 20.327801, 48.42009635 ], [ 20.32797106, 48.42009572 ], [ 20.32827213, 48.42009517 ] ] ] } },
{ "type": "Feature", "properties": { "@featureType": "CadastralParcel", "areaValue": { "value": 838, "@uom": "m2" }, "beginLifespanVersion": { "@nilReason": "http://inspire.ec.europa.eu/codelist/VoidReasonValue/Unpopulated", "@nil": "true" }, "endLifespanVersion": { "@nilReason": "http://inspire.ec.europa.eu/codelist/VoidReasonValue/Unpopulated", "@nil": "true" }, "inspireId": { "@dataType": "Identifier", "localId": "860123_6016.E", "namespace": "SK.ESKN.CP", "versionId": "20260703T04:07:53" }, "label": "6016", "nationalCadastralReference": "860123_6016.E", "referencePoint": { "type": "Point", "coordinates": [ 20.31384549, 48.42420715 ] }, "validFrom": "2026-06-30T16:00:00Z", "validTo": { "@nilReason": "http://inspire.ec.europa.eu/codelist/VoidReasonValue/Unpopulated", "@nil": "true" }, "administrativeUnit": { "@href": "#auAdmUnitS.1834" } }, "geometry": { "type": "Polygon", "coordinates": [ [ [ 20.31352673, 48.42433015 ], [ 20.31368869, 48.42429733 ], [ 20.31371585, 48.42429182 ], [ 20.31376533, 48.42428178 ], [ 20.31404906, 48.42423906 ], [ 20.31415597, 48.42421794 ], [ 20.31468213, 48.4241142 ], [ 20.31467178, 48.4240874 ], [ 20.31414384, 48.42419143 ], [ 20.31411178, 48.42412251 ], [ 20.31411716, 48.42408479 ], [ 20.31399615, 48.42410913 ], [ 20.31389971, 48.4241266 ], [ 20.31374687, 48.42414961 ], [ 20.3134762, 48.42419636 ], [ 20.31352573, 48.42432759 ], [ 20.31352673, 48.42433015 ] ] ] } },
{ "type": "Feature", "properties": { "@featureType": "CadastralParcel", "areaValue": { "value": 12578, "@uom": "m2" }, "beginLifespanVersion": { "@nilReason": "http://inspire.ec.europa.eu/codelist/VoidReasonValue/Unpopulated", "@nil": "true" }, "endLifespanVersion": { "@nilReason": "http://inspire.ec.europa.eu/codelist/VoidReasonValue/Unpopulated", "@nil": "true" }, "inspireId": { "@dataType": "Identifier", "localId": "858498_1074.C", "namespace": "SK.ESKN.CP", "versionId": "20260703T04:07:36" }, "label": "1074", "nationalCadastralReference": "858498_1074.C", "referencePoint": { "type": "Point", "coordinates": [ 20.3312639, 48.43498555 ] }, "validFrom": "2026-06-30T16:00:00Z", "validTo": { "@nilReason": "http://inspire.ec.europa.eu/codelist/VoidReasonValue/Unpopulated", "@nil": "true" }, "administrativeUnit": { "@href": "#auAdmUnitS.1834" } }, "geometry": { "type": "Polygon", "coordinates": [ [ [ 20.33455676, 48.43467631 ], [ 20.32792075, 48.4350669 ], [ 20.3279711, 48.43523537 ], [ 20.32800872, 48.43529225 ], [ 20.33460852, 48.4349042 ], [ 20.33457991, 48.43476524 ], [ 20.33455676, 48.43467631 ] ] ] } },
{ "type": "Feature", "properties": { "@featureType": "CadastralParcel", "areaValue": { "value": 1982, "@uom": "m2" }, "beginLifespanVersion": { "@nilReason": "http://inspire.ec.europa.eu/codelist/VoidReasonValue/Unpopulated", "@nil": "true" }, "endLifespanVersion": { "@nilReason": "http://inspire.ec.europa.eu/codelist/VoidReasonValue/Unpopulated", "@nil": "true" }, "inspireId": { "@dataType": "Identifier", "localId": "858498_1066.C", "namespace": "SK.ESKN.CP", "versionId": "20260703T04:07:36" }, "label": "1066", "nationalCadastralReference": "858498_1066.C", "referencePoint": { "type": "Point", "coordinates": [ 20.32777741, 48.43474906 ] }, "validFrom": "2026-06-30T16:00:00Z", "validTo": { "@nilReason": "http://inspire.ec.europa.eu/codelist/VoidReasonValue/Unpopulated", "@nil": "true" }, "administrativeUnit": { "@href": "#auAdmUnitS.1834" } }, "geometry": { "type": "Polygon", "coordinates": [ [ [ 20.32774831, 48.43359573 ], [ 20.32771469, 48.43359469 ], [ 20.32765379, 48.43359284 ], [ 20.32757582, 48.43372583 ], [ 20.32759714, 48.43410615 ], [ 20.32733695, 48.43401252 ], [ 20.3273303, 48.43402037 ], [ 20.32732531, 48.43402621 ], [ 20.32729235, 48.43406519 ], [ 20.3272875, 48.43407104 ], [ 20.32728054, 48.43407924 ], [ 20.32760215, 48.43419491 ], [ 20.32761117, 48.43435464 ], [ 20.32765872, 48.43451345 ], [ 20.32770437, 48.43466615 ], [ 20.32775401, 48.43483198 ], [ 20.32777262, 48.43489406 ], [ 20.32782004, 48.43505286 ], [ 20.32786759, 48.43521167 ], [ 20.32788044, 48.43525461 ], [ 20.32793823, 48.43534211 ], [ 20.32806984, 48.43545069 ], [ 20.32819828, 48.43559051 ], [ 20.32823277, 48.43571024 ], [ 20.32825837, 48.4357117 ], [ 20.32829865, 48.435714 ], [ 20.32830835, 48.43571456 ], [ 20.32835193, 48.43605295 ], [ 20.32833898, 48.43581207 ], [ 20.32833379, 48.43571618 ], [ 20.32831126, 48.43564485 ], [ 20.3282863, 48.43556585 ], [ 20.32814787, 48.43541501 ], [ 20.32801982, 48.43530908 ], [ 20.32800872, 48.43529225 ], [ 20.3279711, 48.43523537 ], [ 20.32792075, 48.4350669 ], [ 20.32770537, 48.43434725 ], [ 20.32767796, 48.43379254 ], [ 20.32770518, 48.43367612 ], [ 20.32774831, 48.43359573 ] ] ] } },
{ "type": "Feature", "properties": { "@featureType": "CadastralParcel", "areaValue": { "value": 461, "@uom": "m2" }, "beginLifespanVersion": { "@nilReason": "http://inspire.ec.europa.eu/codelist/VoidReasonValue/Unpopulated", "@nil": "true" }, "endLifespanVersion": { "@nilReason": "http://inspire.ec.europa.eu/codelist/VoidReasonValue/Unpopulated", "@nil": "true" }, "inspireId": { "@dataType": "Identifier", "localId": "858498_994.C", "namespace": "SK.ESKN.CP", "versionId": "20260703T04:07:36" }, "label": "994", "nationalCadastralReference": "858498_994.C", "referencePoint": { "type": "Point", "coordinates": [ 20.33164946, 48.43995435 ] }, "validFrom": "2026-06-30T16:00:00Z", "validTo": { "@nilReason": "http://inspire.ec.europa.eu/codelist/VoidReasonValue/Unpopulated", "@nil": "true" }, "administrativeUnit": { "@href": "#auAdmUnitS.1834" } }, "geometry": { "type": "Polygon", "coordinates": [ [ [ 20.33101947, 48.43993024 ], [ 20.33128396, 48.43994663 ], [ 20.33152145, 48.43996206 ], [ 20.33175298, 48.43997743 ], [ 20.3317421, 48.4400316 ], [ 20.33188102, 48.44003929 ], [ 20.33189254, 48.43997487 ], [ 20.33189923, 48.43993747 ], [ 20.33190033, 48.43993112 ], [ 20.33146359, 48.43990276 ], [ 20.33126222, 48.43988929 ], [ 20.3310263, 48.439876 ], [ 20.33102462, 48.43988891 ], [ 20.3310235, 48.43989851 ], [ 20.33102165, 48.4399133 ], [ 20.33102025, 48.43992451 ], [ 20.3310198, 48.43992809 ], [ 20.33101947, 48.43993024 ] ] ] } },
{ "type": "Feature", "properties": { "@featureType": "CadastralParcel", "areaValue": { "value": 293, "@uom": "m2" }, "beginLifespanVersion": { "@nilReason": "http://inspire.ec.europa.eu/codelist/VoidReasonValue/Unpopulated", "@nil": "true" }, "endLifespanVersion": { "@nilReason": "http://inspire.ec.europa.eu/codelist/VoidReasonValue/Unpopulated", "@nil": "true" }, "inspireId": { "@dataType": "Identifier", "localId": "858498_998.C", "namespace": "SK.ESKN.CP", "versionId": "20260703T04:07:36" }, "label": "998", "nationalCadastralReference": "858498_998.C", "referencePoint": { "type": "Point", "coordinates": [ 20.32916466, 48.43936115 ] }, "validFrom": "2026-06-30T16:00:00Z", "validTo": { "@nilReason": "http://inspire.ec.europa.eu/codelist/VoidReasonValue/Unpopulated", "@nil": "true" }, "administrativeUnit": { "@href": "#auAdmUnitS.1834" } }, "geometry": { "type": "Polygon", "coordinates": [ [ [ 20.32900295, 48.4392853 ], [ 20.32938977, 48.4395611 ], [ 20.32933737, 48.43949229 ], [ 20.32926299, 48.43939477 ], [ 20.32923966, 48.43937683 ], [ 20.32920033, 48.43934547 ], [ 20.32910762, 48.43927454 ], [ 20.32896498, 48.43915885 ], [ 20.32895106, 48.43914488 ], [ 20.32889221, 48.43914429 ], [ 20.32886136, 48.43914398 ], [ 20.32900295, 48.4392853 ] ] ] } },
{ "type": "Feature", "properties": { "@featureType": "CadastralParcel", "areaValue": { "value": 315, "@uom": "m2" }, "beginLifespanVersion": { "@nilReason": "http://inspire.ec.europa.eu/codelist/VoidReasonValue/Unpopulated", "@nil": "true" }, "endLifespanVersion": { "@nilReason": "http://inspire.ec.europa.eu/codelist/VoidReasonValue/Unpopulated", "@nil": "true" }, "inspireId": { "@dataType": "Identifier", "localId": "858498_1182.C", "namespace": "SK.ESKN.CP", "versionId": "20260703T04:07:36" }, "label": "1182", "nationalCadastralReference": "858498_1182.C", "referencePoint": { "type": "Point", "coordinates": [ 20.34145933, 48.44312716 ] }, "validFrom": "2026-06-30T16:00:00Z", "validTo": { "@nilReason": "http://inspire.ec.europa.eu/codelist/VoidReasonValue/Unpopulated", "@nil": "true" }, "administrativeUnit": { "@href": "#auAdmUnitS.1834" } }, "geometry": { "type": "Polygon", "coordinates": [ [ [ 20.341488, 48.4428162 ], [ 20.34146379, 48.44281435 ], [ 20.34143394, 48.44281202 ], [ 20.34143148, 48.44317905 ], [ 20.34143583, 48.44352429 ], [ 20.34148877, 48.44352428 ], [ 20.34148874, 48.44343256 ], [ 20.34148546, 48.44329171 ], [ 20.34148666, 48.44317833 ], [ 20.34148702, 48.44307599 ], [ 20.34148738, 48.44296753 ], [ 20.34148787, 48.44285611 ], [ 20.341488, 48.4428162 ] ] ] } },
{ "type": "Feature", "properties": { "@featureType": "CadastralParcel", "areaValue": { "value": 30141, "@uom": "m2" }, "beginLifespanVersion": { "@nilReason": "http://inspire.ec.europa.eu/codelist/VoidReasonValue/Unpopulated", "@nil": "true" }, "endLifespanVersion": { "@nilReason": "http://inspire.ec.europa.eu/codelist/VoidReasonValue/Unpopulated", "@nil": "true" }, "inspireId": { "@dataType": "Identifier", "localId": "858498_1099.C", "namespace": "SK.ESKN.CP", "versionId": "20260703T04:07:36" }, "label": "1099", "nationalCadastralReference": "858498_1099.C", "referencePoint": { "type": "Point", "coordinates": [ 20.33793977, 48.44103933 ] }, "validFrom": "2026-06-30T16:00:00Z", "validTo": { "@nilReason": "http://inspire.ec.europa.eu/codelist/VoidReasonValue/Unpopulated", "@nil": "true" }, "administrativeUnit": { "@href": "#auAdmUnitS.1834" } }, "geometry": { "type": "Polygon", "coordinates": [ [ [ 20.33683371, 48.44128093 ], [ 20.33687132, 48.44140394 ], [ 20.33687984, 48.44144085 ], [ 20.3369833, 48.44148525 ], [ 20.33717012, 48.44156545 ], [ 20.33752295, 48.44171321 ], [ 20.33782535, 48.44182621 ], [ 20.3379228, 48.44179767 ], [ 20.33806108, 48.44181109 ], [ 20.33856048, 48.44191215 ], [ 20.33940075, 48.44199273 ], [ 20.33955666, 48.44200594 ], [ 20.33915959, 48.4411321 ], [ 20.33873448, 48.44021706 ], [ 20.33838661, 48.44024338 ], [ 20.33698896, 48.44026496 ], [ 20.33657151, 48.4403063 ], [ 20.336655, 48.44063661 ], [ 20.33673609, 48.44094655 ], [ 20.3367902, 48.44113273 ], [ 20.33683371, 48.44128093 ] ] ] } },
{ "type": "Feature", "properties": { "@featureType": "CadastralParcel", "areaValue": { "value": 3083, "@uom": "m2" }, "beginLifespanVersion": { "@nilReason": "http://inspire.ec.europa.eu/codelist/VoidReasonValue/Unpopulated", "@nil": "true" }, "endLifespanVersion": { "@nilReason": "http://inspire.ec.europa.eu/codelist/VoidReasonValue/Unpopulated", "@nil": "true" }, "inspireId": { "@dataType": "Identifier", "localId": "858498_1101.C", "namespace": "SK.ESKN.CP", "versionId": "20260703T04:07:36" }, "label": "1101", "nationalCadastralReference": "858498_1101.C", "referencePoint": { "type": "Point", "coordinates": [ 20.33917416, 48.44097378 ] }, "validFrom": "2026-06-30T16:00:00Z", "validTo": { "@nilReason": "http://inspire.ec.europa.eu/codelist/VoidReasonValue/Unpopulated", "@nil": "true" }, "administrativeUnit": { "@href": "#auAdmUnitS.1834" } }, "geometry": { "type": "Polygon", "coordinates": [ [ [ 20.338705, 48.44015068 ], [ 20.3387145, 48.44017196 ], [ 20.33873448, 48.44021706 ], [ 20.33915959, 48.4411321 ], [ 20.33955666, 48.44200594 ], [ 20.33961707, 48.44201191 ], [ 20.33994781, 48.44204483 ], [ 20.3398382, 48.44176008 ], [ 20.33961762, 48.44180462 ], [ 20.33935524, 48.44122885 ], [ 20.3392046, 48.44081546 ], [ 20.33894907, 48.44031248 ], [ 20.33894111, 48.44017099 ], [ 20.33889884, 48.440136 ], [ 20.3388808, 48.44012097 ], [ 20.33880763, 48.44013541 ], [ 20.33880074, 48.44013677 ], [ 20.33875278, 48.44014624 ], [ 20.33874576, 48.44014759 ], [ 20.338705, 48.44015068 ] ] ] } },
{ "type": "Feature", "properties": { "@featureType": "CadastralParcel", "areaValue": { "value": 588, "@uom": "m2" }, "beginLifespanVersion": { "@nilReason": "http://inspire.ec.europa.eu/codelist/VoidReasonValue/Unpopulated", "@nil": "true" }, "endLifespanVersion": { "@nilReason": "http://inspire.ec.europa.eu/codelist/VoidReasonValue/Unpopulated", "@nil": "true" }, "inspireId": { "@dataType": "Identifier", "localId": "858498_974/1.C", "namespace": "SK.ESKN.CP", "versionId": "20260703T04:07:36" }, "label": "974/1", "nationalCadastralReference": "858498_974/1.C", "referencePoint": { "type": "Point", "coordinates": [ 20.34543697, 48.44267237 ] }, "validFrom": "2026-06-30T16:00:00Z", "validTo": { "@nilReason": "http://inspire.ec.europa.eu/codelist/VoidReasonValue/Unpopulated", "@nil": "true" }, "administrativeUnit": { "@href": "#auAdmUnitS.1834" } }, "geometry": { "type": "Polygon", "coordinates": [ [ [ 20.34565181, 48.44277063 ], [ 20.34566349, 48.44272414 ], [ 20.34567788, 48.44266686 ], [ 20.34569023, 48.44261743 ], [ 20.3455125, 48.44260131 ], [ 20.3452214, 48.4425749 ], [ 20.34520975, 48.44262256 ], [ 20.34519607, 48.44267788 ], [ 20.34518553, 48.44272072 ], [ 20.34539066, 48.44274233 ], [ 20.34565181, 48.44277063 ] ] ] } },
{ "type": "Feature", "properties": { "@featureType": "CadastralParcel", "areaValue": { "value": 3405, "@uom": "m2" }, "beginLifespanVersion": { "@nilReason": "http://inspire.ec.europa.eu/codelist/VoidReasonValue/Unpopulated", "@nil": "true" }, "endLifespanVersion": { "@nilReason": "http://inspire.ec.europa.eu/codelist/VoidReasonValue/Unpopulated", "@nil": "true" }, "inspireId": { "@dataType": "Identifier", "localId": "858498_1077.C", "namespace": "SK.ESKN.CP", "versionId": "20260703T04:07:36" }, "label": "1077", "nationalCadastralReference": "858498_1077.C", "referencePoint": { "type": "Point", "coordinates": [ 20.33470783, 48.43483472 ] }, "validFrom": "2026-06-30T16:00:00Z", "validTo": { "@nilReason": "http://inspire.ec.europa.eu/codelist/VoidReasonValue/Unpopulated", "@nil": "true" }, "administrativeUnit": { "@href": "#auAdmUnitS.1834" } }, "geometry": { "type": "Polygon", "coordinates": [ [ [ 20.33478731, 48.43576629 ], [ 20.33482292, 48.43576164 ], [ 20.33484018, 48.43575944 ], [ 20.33496316, 48.43574362 ], [ 20.33497644, 48.43574188 ], [ 20.33499921, 48.43574007 ], [ 20.33503337, 48.43573654 ], [ 20.33502276, 48.43568811 ], [ 20.3349878, 48.43552439 ], [ 20.33479703, 48.43473355 ], [ 20.33465505, 48.43423346 ], [ 20.33456774, 48.43395436 ], [ 20.33452029, 48.43395502 ], [ 20.33439923, 48.43395686 ], [ 20.33437551, 48.4339572 ], [ 20.33435707, 48.43395747 ], [ 20.33444843, 48.43426124 ], [ 20.33455676, 48.43467631 ], [ 20.33457991, 48.43476524 ], [ 20.33460852, 48.4349042 ], [ 20.33471831, 48.43543618 ], [ 20.33476569, 48.43566625 ], [ 20.33476838, 48.43567861 ], [ 20.33477954, 48.43573013 ], [ 20.33478731, 48.43576629 ] ] ] } },
{ "type": "Feature", "properties": { "@featureType": "CadastralParcel", "areaValue": { "value": 7073, "@uom": "m2" }, "beginLifespanVersion": { "@nilReason": "http://inspire.ec.europa.eu/codelist/VoidReasonValue/Unpopulated", "@nil": "true" }, "endLifespanVersion": { "@nilReason": "http://inspire.ec.europa.eu/codelist/VoidReasonValue/Unpopulated", "@nil": "true" }, "inspireId": { "@dataType": "Identifier", "localId": "858498_1140.C", "namespace": "SK.ESKN.CP", "versionId": "20260703T04:07:36" }, "label": "1140", "nationalCadastralReference": "858498_1140.C", "referencePoint": { "type": "Point", "coordinates": [ 20.33630705, 48.44384986 ] }, "validFrom": "2026-06-30T16:00:00Z", "validTo": { "@nilReason": "http://inspire.ec.europa.eu/codelist/VoidReasonValue/Unpopulated", "@nil": "true" }, "administrativeUnit": { "@href": "#auAdmUnitS.1834" } }, "geometry": { "type": "Polygon", "coordinates": [ [ [ 20.33541741, 48.44209424 ], [ 20.33537537, 48.44210269 ], [ 20.3352655, 48.4421247 ], [ 20.33522318, 48.44213322 ], [ 20.33522499, 48.44215104 ], [ 20.33556108, 48.44268908 ], [ 20.33586126, 48.44317525 ], [ 20.33601936, 48.44346731 ], [ 20.3362259, 48.44392685 ], [ 20.33643494, 48.44441784 ], [ 20.3366398, 48.44491335 ], [ 20.33695589, 48.44566439 ], [ 20.33696764, 48.44569233 ], [ 20.33703143, 48.44569996 ], [ 20.33703873, 48.44569853 ], [ 20.33705238, 48.44569582 ], [ 20.33715338, 48.44567617 ], [ 20.33715972, 48.44567488 ], [ 20.3372384, 48.44566408 ], [ 20.33711063, 48.44539502 ], [ 20.33693948, 48.44503444 ], [ 20.33686338, 48.44485353 ], [ 20.33678714, 48.44467261 ], [ 20.33674572, 48.44457423 ], [ 20.3367043, 48.44447594 ], [ 20.33666274, 48.44437764 ], [ 20.33658394, 48.44419041 ], [ 20.33645739, 48.44392302 ], [ 20.33638825, 48.4437767 ], [ 20.33618637, 48.44336401 ], [ 20.33607048, 48.44314605 ], [ 20.33597696, 48.44299067 ], [ 20.33596504, 48.44297074 ], [ 20.33586407, 48.44280616 ], [ 20.33576891, 48.44265252 ], [ 20.33561941, 48.44239963 ], [ 20.33553084, 48.44226643 ], [ 20.33543551, 48.44212243 ], [ 20.33541741, 48.44209424 ] ] ] } },
{ "type": "Feature", "properties": { "@featureType": "CadastralParcel", "areaValue": { "value": 3523, "@uom": "m2" }, "beginLifespanVersion": { "@nilReason": "http://inspire.ec.europa.eu/codelist/VoidReasonValue/Unpopulated", "@nil": "true" }, "endLifespanVersion": { "@nilReason": "http://inspire.ec.europa.eu/codelist/VoidReasonValue/Unpopulated", "@nil": "true" }, "inspireId": { "@dataType": "Identifier", "localId": "858498_494.C", "namespace": "SK.ESKN.CP", "versionId": "20260703T04:07:36" }, "label": "494", "nationalCadastralReference": "858498_494.C", "referencePoint": { "type": "Point", "coordinates": [ 20.33260574, 48.43864891 ] }, "validFrom": "2026-06-30T16:00:00Z", "validTo": { "@nilReason": "http://inspire.ec.europa.eu/codelist/VoidReasonValue/Unpopulated", "@nil": "true" }, "administrativeUnit": { "@href": "#auAdmUnitS.1834" } }, "geometry": { "type": "Polygon", "coordinates": [ [ [ 20.33206133, 48.43884808 ], [ 20.33212959, 48.43885102 ], [ 20.33214202, 48.43885133 ], [ 20.33217269, 48.43885208 ], [ 20.33312658, 48.43887509 ], [ 20.33313456, 48.43872503 ], [ 20.33314409, 48.43857278 ], [ 20.33315009, 48.43847274 ], [ 20.33266007, 48.43846203 ], [ 20.33257973, 48.43845952 ], [ 20.33208591, 48.43844902 ], [ 20.33207431, 48.43851749 ], [ 20.33207008, 48.43877671 ], [ 20.33206816, 48.43879691 ], [ 20.33206133, 48.43884808 ] ] ] } },
{ "type": "Feature", "properties": { "@featureType": "CadastralParcel", "areaValue": { "value": 36, "@uom": "m2" }, "beginLifespanVersion": { "@nilReason": "http://inspire.ec.europa.eu/codelist/VoidReasonValue/Unpopulated", "@nil": "true" }, "endLifespanVersion": { "@nilReason": "http://inspire.ec.europa.eu/codelist/VoidReasonValue/Unpopulated", "@nil": "true" }, "inspireId": { "@dataType": "Identifier", "localId": "858498_1075/2.C", "namespace": "SK.ESKN.CP", "versionId": "20260703T04:07:36" }, "label": "1075/2", "nationalCadastralReference": "858498_1075/2.C", "referencePoint": { "type": "Point", "coordinates": [ 20.32842397, 48.43568543 ] }, "validFrom": "2026-06-30T16:00:00Z", "validTo": { "@nilReason": "http://inspire.ec.europa.eu/codelist/VoidReasonValue/Unpopulated", "@nil": "true" }, "administrativeUnit": { "@href": "#auAdmUnitS.1834" } }, "geometry": { "type": "Polygon", "coordinates": [ [ [ 20.32837448, 48.43570778 ], [ 20.32847315, 48.43570804 ], [ 20.32847348, 48.43566309 ], [ 20.32837479, 48.43566292 ], [ 20.32837448, 48.43570778 ] ] ] } },
{ "type": "Feature", "properties": { "@featureType": "CadastralParcel", "areaValue": { "value": 974, "@uom": "m2" }, "beginLifespanVersion": { "@nilReason": "http://inspire.ec.europa.eu/codelist/VoidReasonValue/Unpopulated", "@nil": "true" }, "endLifespanVersion": { "@nilReason": "http://inspire.ec.europa.eu/codelist/VoidReasonValue/Unpopulated", "@nil": "true" }, "inspireId": { "@dataType": "Identifier", "localId": "858498_990.C", "namespace": "SK.ESKN.CP", "versionId": "20260703T04:07:36" }, "label": "990", "nationalCadastralReference": "858498_990.C", "referencePoint": { "type": "Point", "coordinates": [ 20.33367877, 48.43938178 ] }, "validFrom": "2026-06-30T16:00:00Z", "validTo": { "@nilReason": "http://inspire.ec.europa.eu/codelist/VoidReasonValue/Unpopulated", "@nil": "true" }, "administrativeUnit": { "@href": "#auAdmUnitS.1834" } }, "geometry": { "type": "Polygon", "coordinates": [ [ [ 20.333922, 48.43936614 ], [ 20.33331706, 48.43934121 ], [ 20.33313753, 48.43933338 ], [ 20.3330073, 48.43932846 ], [ 20.33298931, 48.43939722 ], [ 20.33302401, 48.4393984 ], [ 20.33330153, 48.43940818 ], [ 20.33352223, 48.43941591 ], [ 20.33401734, 48.4394333 ], [ 20.33427024, 48.43944599 ], [ 20.33458318, 48.43945634 ], [ 20.33472926, 48.43946277 ], [ 20.33476257, 48.43946426 ], [ 20.33477232, 48.4394413 ], [ 20.33479113, 48.4393969 ], [ 20.33393725, 48.43936665 ], [ 20.333922, 48.43936614 ] ] ] } },
{ "type": "Feature", "properties": { "@featureType": "CadastralParcel", "areaValue": { "value": 268, "@uom": "m2" }, "beginLifespanVersion": { "@nilReason": "http://inspire.ec.europa.eu/codelist/VoidReasonValue/Unpopulated", "@nil": "true" }, "endLifespanVersion": { "@nilReason": "http://inspire.ec.europa.eu/codelist/VoidReasonValue/Unpopulated", "@nil": "true" }, "inspireId": { "@dataType": "Identifier", "localId": "858498_992.C", "namespace": "SK.ESKN.CP", "versionId": "20260703T04:07:36" }, "label": "992", "nationalCadastralReference": "858498_992.C", "referencePoint": { "type": "Point", "coordinates": [ 20.33202313, 48.43959086 ] }, "validFrom": "2026-06-30T16:00:00Z", "validTo": { "@nilReason": "http://inspire.ec.europa.eu/codelist/VoidReasonValue/Unpopulated", "@nil": "true" }, "administrativeUnit": { "@href": "#auAdmUnitS.1834" } }, "geometry": { "type": "Polygon", "coordinates": [ [ [ 20.33196998, 48.43961959 ], [ 20.33197381, 48.43961911 ], [ 20.33198894, 48.43962412 ], [ 20.33200946, 48.43963096 ], [ 20.33205551, 48.43964619 ], [ 20.33208021, 48.4395521 ], [ 20.33217816, 48.4395545 ], [ 20.33225009, 48.43955569 ], [ 20.33239707, 48.43956261 ], [ 20.33239745, 48.4395583 ], [ 20.33239952, 48.43955325 ], [ 20.33240461, 48.43955084 ], [ 20.33241944, 48.43950403 ], [ 20.33241887, 48.43949824 ], [ 20.33223082, 48.43949646 ], [ 20.33216182, 48.43949583 ], [ 20.33208945, 48.43949498 ], [ 20.33199759, 48.43949256 ], [ 20.33196998, 48.43961959 ] ] ] } },
{ "type": "Feature", "properties": { "@featureType": "CadastralParcel", "areaValue": { "value": 8005, "@uom": "m2" }, "beginLifespanVersion": { "@nilReason": "http://inspire.ec.europa.eu/codelist/VoidReasonValue/Unpopulated", "@nil": "true" }, "endLifespanVersion": { "@nilReason": "http://inspire.ec.europa.eu/codelist/VoidReasonValue/Unpopulated", "@nil": "true" }, "inspireId": { "@dataType": "Identifier", "localId": "858498_987.C", "namespace": "SK.ESKN.CP", "versionId": "20260703T04:07:36" }, "label": "987", "nationalCadastralReference": "858498_987.C", "referencePoint": { "type": "Point", "coordinates": [ 20.33180209, 48.43836971 ] }, "validFrom": "2026-06-30T16:00:00Z", "validTo": { "@nilReason": "http://inspire.ec.europa.eu/codelist/VoidReasonValue/Unpopulated", "@nil": "true" }, "administrativeUnit": { "@href": "#auAdmUnitS.1834" } }, "geometry": { "type": "Polygon", "coordinates": [ [ [ 20.32926025, 48.43826694 ], [ 20.32891129, 48.43822751 ], [ 20.32869615, 48.43822287 ], [ 20.32849613, 48.43821863 ], [ 20.32837393, 48.43821484 ], [ 20.3283686, 48.43825824 ], [ 20.32836124, 48.43831696 ], [ 20.32835427, 48.43835597 ], [ 20.32839169, 48.4383477 ], [ 20.32845065, 48.43834091 ], [ 20.32845201, 48.43833619 ], [ 20.3286105, 48.43835078 ], [ 20.32888722, 48.43837567 ], [ 20.32888946, 48.43837171 ], [ 20.3290793, 48.43837626 ], [ 20.32942103, 48.43838415 ], [ 20.32966925, 48.4383899 ], [ 20.32972721, 48.43839127 ], [ 20.32974681, 48.43839168 ], [ 20.3297691, 48.43839219 ], [ 20.3297914, 48.43839271 ], [ 20.32981031, 48.43839318 ], [ 20.33003258, 48.43839846 ], [ 20.33025297, 48.43840348 ], [ 20.33046638, 48.43840941 ], [ 20.33067853, 48.4384142 ], [ 20.33089557, 48.43841891 ], [ 20.3311149, 48.43842372 ], [ 20.33132822, 48.438429 ], [ 20.33154365, 48.43843356 ], [ 20.33176125, 48.43843956 ], [ 20.33200646, 48.43844717 ], [ 20.33203287, 48.43844704 ], [ 20.33208591, 48.43844902 ], [ 20.33257973, 48.43845952 ], [ 20.33266007, 48.43846203 ], [ 20.33315009, 48.43847274 ], [ 20.33340254, 48.43847812 ], [ 20.33340299, 48.43847912 ], [ 20.33362181, 48.43848507 ], [ 20.33384251, 48.43848974 ], [ 20.33404538, 48.43849534 ], [ 20.33425612, 48.43850079 ], [ 20.33447439, 48.43850537 ], [ 20.33468963, 48.43851045 ], [ 20.33530217, 48.43852585 ], [ 20.33531893, 48.43848326 ], [ 20.33534114, 48.43842656 ], [ 20.33534864, 48.43838298 ], [ 20.33469818, 48.43836772 ], [ 20.33448528, 48.43836218 ], [ 20.33427043, 48.4383572 ], [ 20.3340498, 48.43835181 ], [ 20.3338334, 48.43834614 ], [ 20.33361922, 48.43834127 ], [ 20.33340059, 48.43833623 ], [ 20.33315823, 48.43833008 ], [ 20.33292664, 48.43832453 ], [ 20.33269711, 48.4383187 ], [ 20.33246428, 48.43831355 ], [ 20.33223384, 48.43830733 ], [ 20.332016, 48.43830249 ], [ 20.33178476, 48.43829615 ], [ 20.3315687, 48.43829111 ], [ 20.33135254, 48.43828571 ], [ 20.33113918, 48.43828078 ], [ 20.33092271, 48.43827582 ], [ 20.33070504, 48.43827063 ], [ 20.33048946, 48.43826481 ], [ 20.33027189, 48.43825998 ], [ 20.33005612, 48.43825478 ], [ 20.32982157, 48.4382491 ], [ 20.32981955, 48.43827038 ], [ 20.32962265, 48.43826456 ], [ 20.32961903, 48.43828865 ], [ 20.32926025, 48.43826694 ] ] ] } },
{ "type": "Feature", "properties": { "@featureType": "CadastralParcel", "areaValue": { "value": 1364, "@uom": "m2" }, "beginLifespanVersion": { "@nilReason": "http://inspire.ec.europa.eu/codelist/VoidReasonValue/Unpopulated", "@nil": "true" }, "endLifespanVersion": { "@nilReason": "http://inspire.ec.europa.eu/codelist/VoidReasonValue/Unpopulated", "@nil": "true" }, "inspireId": { "@dataType": "Identifier", "localId": "858498_975.C", "namespace": "SK.ESKN.CP", "versionId": "20260703T04:07:36" }, "label": "975", "nationalCadastralReference": "858498_975.C", "referencePoint": { "type": "Point", "coordinates": [ 20.33976989, 48.44232546 ] }, "validFrom": "2026-06-30T16:00:00Z", "validTo": { "@nilReason": "http://inspire.ec.europa.eu/codelist/VoidReasonValue/Unpopulated", "@nil": "true" }, "administrativeUnit": { "@href": "#auAdmUnitS.1834" } }, "geometry": { "type": "Polygon", "coordinates": [ [ [ 20.33992285, 48.44269281 ], [ 20.34000348, 48.44270136 ], [ 20.33978276, 48.44219037 ], [ 20.3400295, 48.4422147 ], [ 20.3400287, 48.44221295 ], [ 20.34000344, 48.44216169 ], [ 20.34000183, 48.44215839 ], [ 20.33997299, 48.44210005 ], [ 20.33997242, 48.44209895 ], [ 20.33995059, 48.44205467 ], [ 20.33994781, 48.44204483 ], [ 20.33961707, 48.44201191 ], [ 20.33955666, 48.44200594 ], [ 20.33940075, 48.44199273 ], [ 20.33938817, 48.44205396 ], [ 20.33937799, 48.44210338 ], [ 20.33937069, 48.4421385 ], [ 20.33962445, 48.44216608 ], [ 20.33975023, 48.44243623 ], [ 20.33984142, 48.44263205 ], [ 20.3398669, 48.44268693 ], [ 20.33992285, 48.44269281 ] ] ] } },
{ "type": "Feature", "properties": { "@featureType": "CadastralParcel", "areaValue": { "value": 28291, "@uom": "m2" }, "beginLifespanVersion": { "@nilReason": "http://inspire.ec.europa.eu/codelist/VoidReasonValue/Unpopulated", "@nil": "true" }, "endLifespanVersion": { "@nilReason": "http://inspire.ec.europa.eu/codelist/VoidReasonValue/Unpopulated", "@nil": "true" }, "inspireId": { "@dataType": "Identifier", "localId": "858498_1075/1.C", "namespace": "SK.ESKN.CP", "versionId": "20260703T04:07:36" }, "label": "1075/1", "nationalCadastralReference": "858498_1075/1.C", "referencePoint": { "type": "Point", "coordinates": [ 20.33139343, 48.43536205 ] }, "validFrom": "2026-06-30T16:00:00Z", "validTo": { "@nilReason": "http://inspire.ec.europa.eu/codelist/VoidReasonValue/Unpopulated", "@nil": "true" }, "administrativeUnit": { "@href": "#auAdmUnitS.1834" } }, "geometry": { "type": "Polygon", "coordinates": [ [ [ 20.33471831, 48.43543618 ], [ 20.33460852, 48.4349042 ], [ 20.32800872, 48.43529225 ], [ 20.32801982, 48.43530908 ], [ 20.32814787, 48.43541501 ], [ 20.3282863, 48.43556585 ], [ 20.32831126, 48.43564485 ], [ 20.32850052, 48.43564514 ], [ 20.32849931, 48.43580267 ], [ 20.33471831, 48.43543618 ] ] ] } },
{ "type": "Feature", "properties": { "@featureType": "CadastralParcel", "areaValue": { "value": 190, "@uom": "m2" }, "beginLifespanVersion": { "@nilReason": "http://inspire.ec.europa.eu/codelist/VoidReasonValue/Unpopulated", "@nil": "true" }, "endLifespanVersion": { "@nilReason": "http://inspire.ec.europa.eu/codelist/VoidReasonValue/Unpopulated", "@nil": "true" }, "inspireId": { "@dataType": "Identifier", "localId": "858498_1075/3.C", "namespace": "SK.ESKN.CP", "versionId": "20260703T04:07:36" }, "label": "1075/3", "nationalCadastralReference": "858498_1075/3.C", "referencePoint": { "type": "Point", "coordinates": [ 20.32841789, 48.43575943 ] }, "validFrom": "2026-06-30T16:00:00Z", "validTo": { "@nilReason": "http://inspire.ec.europa.eu/codelist/VoidReasonValue/Unpopulated", "@nil": "true" }, "administrativeUnit": { "@href": "#auAdmUnitS.1834" } }, "geometry": { "type": "Polygon", "coordinates": [ [ [ 20.32850052, 48.43564514 ], [ 20.32831126, 48.43564485 ], [ 20.32833379, 48.43571618 ], [ 20.32833898, 48.43581207 ], [ 20.32849931, 48.43580267 ], [ 20.32850052, 48.43564514 ] ], [ [ 20.32837479, 48.43566292 ], [ 20.32847348, 48.43566309 ], [ 20.32847315, 48.43570804 ], [ 20.32837448, 48.43570778 ], [ 20.32837479, 48.43566292 ] ] ] } },
{ "type": "Feature", "properties": { "@featureType": "CadastralParcel", "areaValue": { "value": 4457, "@uom": "m2" }, "beginLifespanVersion": { "@nilReason": "http://inspire.ec.europa.eu/codelist/VoidReasonValue/Unpopulated", "@nil": "true" }, "endLifespanVersion": { "@nilReason": "http://inspire.ec.europa.eu/codelist/VoidReasonValue/Unpopulated", "@nil": "true" }, "inspireId": { "@dataType": "Identifier", "localId": "858498_976.C", "namespace": "SK.ESKN.CP", "versionId": "20260703T04:07:36" }, "label": "976", "nationalCadastralReference": "858498_976.C", "referencePoint": { "type": "Point", "coordinates": [ 20.33743876, 48.44186811 ] }, "validFrom": "2026-06-30T16:00:00Z", "validTo": { "@nilReason": "http://inspire.ec.europa.eu/codelist/VoidReasonValue/Unpopulated", "@nil": "true" }, "administrativeUnit": { "@href": "#auAdmUnitS.1834" } }, "geometry": { "type": "Polygon", "coordinates": [ [ [ 20.33517521, 48.44170907 ], [ 20.33562204, 48.44174294 ], [ 20.33569006, 48.44175002 ], [ 20.3368993, 48.44188145 ], [ 20.33710666, 48.44190073 ], [ 20.33732778, 48.44192226 ], [ 20.33757735, 48.44195436 ], [ 20.33776407, 48.44197742 ], [ 20.33798806, 48.44199708 ], [ 20.33819537, 48.44202005 ], [ 20.33840048, 48.44204041 ], [ 20.33846158, 48.44204469 ], [ 20.33855575, 48.44205783 ], [ 20.3386146, 48.44206607 ], [ 20.33868538, 48.44207415 ], [ 20.33869477, 48.44206903 ], [ 20.33877775, 48.44208002 ], [ 20.33911283, 48.44211131 ], [ 20.33925869, 48.44212638 ], [ 20.33937069, 48.4421385 ], [ 20.33937799, 48.44210338 ], [ 20.33938817, 48.44205396 ], [ 20.33940075, 48.44199273 ], [ 20.33856048, 48.44191215 ], [ 20.33846004, 48.44190255 ], [ 20.33781769, 48.44184095 ], [ 20.33778871, 48.44185478 ], [ 20.3375481, 48.44183014 ], [ 20.33724255, 48.44179712 ], [ 20.3369499, 48.44176531 ], [ 20.33668946, 48.44173837 ], [ 20.33642221, 48.4417118 ], [ 20.33623681, 48.44169058 ], [ 20.33609277, 48.44167486 ], [ 20.33609191, 48.44167996 ], [ 20.33568271, 48.44164162 ], [ 20.33567132, 48.44164036 ], [ 20.33553063, 48.44162495 ], [ 20.33510942, 48.44157397 ], [ 20.33512683, 48.44160979 ], [ 20.33516707, 48.44169236 ], [ 20.33517521, 48.44170907 ] ] ] } },
{ "type": "Feature", "properties": { "@featureType": "CadastralParcel", "areaValue": { "value": 1119, "@uom": "m2" }, "beginLifespanVersion": { "@nilReason": "http://inspire.ec.europa.eu/codelist/VoidReasonValue/Unpopulated", "@nil": "true" }, "endLifespanVersion": { "@nilReason": "http://inspire.ec.europa.eu/codelist/VoidReasonValue/Unpopulated", "@nil": "true" }, "inspireId": { "@dataType": "Identifier", "localId": "858498_985.C", "namespace": "SK.ESKN.CP", "versionId": "20260703T04:07:36" }, "label": "985", "nationalCadastralReference": "858498_985.C", "referencePoint": { "type": "Point", "coordinates": [ 20.32917744, 48.43708795 ] }, "validFrom": "2026-06-30T16:00:00Z", "validTo": { "@nilReason": "http://inspire.ec.europa.eu/codelist/VoidReasonValue/Unpopulated", "@nil": "true" }, "administrativeUnit": { "@href": "#auAdmUnitS.1834" } }, "geometry": { "type": "Polygon", "coordinates": [ [ [ 20.32913452, 48.43713349 ], [ 20.32940265, 48.43714525 ], [ 20.32967657, 48.43715886 ], [ 20.32995506, 48.43717283 ], [ 20.32995535, 48.43717113 ], [ 20.32995822, 48.43714944 ], [ 20.32995832, 48.43714827 ], [ 20.32996653, 48.43709832 ], [ 20.32996743, 48.43708196 ], [ 20.32970655, 48.43707093 ], [ 20.32958001, 48.4370657 ], [ 20.32945402, 48.43706194 ], [ 20.3289362, 48.4370367 ], [ 20.32868268, 48.43702506 ], [ 20.32839195, 48.43701169 ], [ 20.32839155, 48.43701933 ], [ 20.32838852, 48.43707958 ], [ 20.32838725, 48.43709394 ], [ 20.32844831, 48.43709552 ], [ 20.32860231, 48.43710561 ], [ 20.32868978, 48.43711012 ], [ 20.32884963, 48.43711836 ], [ 20.32913452, 48.43713349 ] ] ] } },
{ "type": "Feature", "properties": { "@featureType": "CadastralParcel", "areaValue": { "value": 5984, "@uom": "m2" }, "beginLifespanVersion": { "@nilReason": "http://inspire.ec.europa.eu/codelist/VoidReasonValue/Unpopulated", "@nil": "true" }, "endLifespanVersion": { "@nilReason": "http://inspire.ec.europa.eu/codelist/VoidReasonValue/Unpopulated", "@nil": "true" }, "inspireId": { "@dataType": "Identifier", "localId": "858498_974/2.C", "namespace": "SK.ESKN.CP", "versionId": "20260703T04:07:36" }, "label": "974/2", "nationalCadastralReference": "858498_974/2.C", "referencePoint": { "type": "Point", "coordinates": [ 20.34240322, 48.44237061 ] }, "validFrom": "2026-06-30T16:00:00Z", "validTo": { "@nilReason": "http://inspire.ec.europa.eu/codelist/VoidReasonValue/Unpopulated", "@nil": "true" }, "administrativeUnit": { "@href": "#auAdmUnitS.1834" } }, "geometry": { "type": "Polygon", "coordinates": [ [ [ 20.34150082, 48.44234857 ], [ 20.34157985, 48.44235832 ], [ 20.34178702, 48.4423829 ], [ 20.34204598, 48.44240527 ], [ 20.3420953, 48.44240954 ], [ 20.3423244, 48.44243578 ], [ 20.34252276, 48.44245443 ], [ 20.34256406, 48.44245595 ], [ 20.3429618, 48.44249535 ], [ 20.34312, 48.44251027 ], [ 20.34322469, 48.44251922 ], [ 20.34347102, 48.44254361 ], [ 20.34370763, 48.44256754 ], [ 20.34394953, 48.44259302 ], [ 20.34418765, 48.44261682 ], [ 20.34442928, 48.44264372 ], [ 20.34466835, 48.44266756 ], [ 20.34491071, 48.44269234 ], [ 20.34514863, 48.44271685 ], [ 20.34518553, 48.44272072 ], [ 20.34519607, 48.44267788 ], [ 20.34520975, 48.44262256 ], [ 20.3452214, 48.4425749 ], [ 20.34495961, 48.44256153 ], [ 20.34294733, 48.44235235 ], [ 20.34197763, 48.44225295 ], [ 20.33994781, 48.44204483 ], [ 20.33995059, 48.44205467 ], [ 20.33997242, 48.44209895 ], [ 20.33997299, 48.44210005 ], [ 20.34000183, 48.44215839 ], [ 20.34000344, 48.44216169 ], [ 20.3400287, 48.44221295 ], [ 20.34075349, 48.44225352 ], [ 20.34084152, 48.44226101 ], [ 20.34098449, 48.44227507 ], [ 20.34120191, 48.44230014 ], [ 20.34138334, 48.44232957 ], [ 20.34143073, 48.44233718 ], [ 20.34150082, 48.44234857 ] ] ] } },
{ "type": "Feature", "properties": { "@featureType": "CadastralParcel", "areaValue": { "value": 764, "@uom": "m2" }, "beginLifespanVersion": { "@nilReason": "http://inspire.ec.europa.eu/codelist/VoidReasonValue/Unpopulated", "@nil": "true" }, "endLifespanVersion": { "@nilReason": "http://inspire.ec.europa.eu/codelist/VoidReasonValue/Unpopulated", "@nil": "true" }, "inspireId": { "@dataType": "Identifier", "localId": "858498_128/8.E", "namespace": "SK.ESKN.CP", "versionId": "20260703T04:07:36" }, "label": "128/8", "nationalCadastralReference": "858498_128/8.E", "referencePoint": { "type": "Point", "coordinates": [ 20.33128333, 48.44098425 ] }, "validFrom": "2026-06-30T16:00:00Z", "validTo": { "@nilReason": "http://inspire.ec.europa.eu/codelist/VoidReasonValue/Unpopulated", "@nil": "true" }, "administrativeUnit": { "@href": "#auAdmUnitS.1834" } }, "geometry": { "type": "MultiPolygon", "coordinates": [ [ [ [ 20.33148786, 48.44107864 ], [ 20.33149233, 48.44105413 ], [ 20.33149634, 48.44103627 ], [ 20.33143626, 48.44103581 ], [ 20.33146624, 48.44094184 ], [ 20.33125052, 48.44089916 ], [ 20.33113753, 48.44085843 ], [ 20.331106, 48.44102667 ], [ 20.33148786, 48.44107864 ] ] ], [ [ [ 20.33137454, 48.44055769 ], [ 20.33157952, 48.44059166 ], [ 20.33157955, 48.44056076 ], [ 20.3312477, 48.44047615 ], [ 20.33103315, 48.4403927 ], [ 20.33102191, 48.44044325 ], [ 20.33118052, 48.44049478 ], [ 20.33137454, 48.44055769 ] ] ], [ [ [ 20.33095781, 48.4410151 ], [ 20.33099857, 48.4408083 ], [ 20.33094542, 48.44078919 ], [ 20.3309055, 48.44096962 ], [ 20.33089602, 48.4410125 ], [ 20.33095781, 48.4410151 ] ] ] ] } },
{ "type": "Feature", "properties": { "@featureType": "CadastralParcel", "areaValue": { "value": 1725, "@uom": "m2" }, "beginLifespanVersion": { "@nilReason": "http://inspire.ec.europa.eu/codelist/VoidReasonValue/Unpopulated", "@nil": "true" }, "endLifespanVersion": { "@nilReason": "http://inspire.ec.europa.eu/codelist/VoidReasonValue/Unpopulated", "@nil": "true" }, "inspireId": { "@dataType": "Identifier", "localId": "858498_148/7.E", "namespace": "SK.ESKN.CP", "versionId": "20260703T04:07:36" }, "label": "148/7", "nationalCadastralReference": "858498_148/7.E", "referencePoint": { "type": "Point", "coordinates": [ 20.33270609, 48.43990137 ] }, "validFrom": "2026-06-30T16:00:00Z", "validTo": { "@nilReason": "http://inspire.ec.europa.eu/codelist/VoidReasonValue/Unpopulated", "@nil": "true" }, "administrativeUnit": { "@href": "#auAdmUnitS.1834" } }, "geometry": { "type": "MultiPolygon", "coordinates": [ [ [ [ 20.33284526, 48.44007423 ], [ 20.33284826, 48.44005552 ], [ 20.33286884, 48.43994371 ], [ 20.33288743, 48.43985903 ], [ 20.33289683, 48.43976497 ], [ 20.33291836, 48.43966689 ], [ 20.33268532, 48.43966246 ], [ 20.33262659, 48.43966052 ], [ 20.33255673, 48.43965887 ], [ 20.33254101, 48.43982601 ], [ 20.33252587, 48.43998966 ], [ 20.33235373, 48.43997634 ], [ 20.33212567, 48.43995841 ], [ 20.33210371, 48.440069 ], [ 20.33208961, 48.44013349 ], [ 20.33208521, 48.4401526 ], [ 20.3323093, 48.44019399 ], [ 20.33231856, 48.44016435 ], [ 20.33240499, 48.44016998 ], [ 20.33243448, 48.44017033 ], [ 20.33250915, 48.44017118 ], [ 20.33250888, 48.44006846 ], [ 20.33251921, 48.44006805 ], [ 20.33251892, 48.44007128 ], [ 20.33257935, 48.44006626 ], [ 20.33263991, 48.44006124 ], [ 20.33284526, 48.44007423 ] ] ], [ [ [ 20.33202871, 48.43987578 ], [ 20.33203651, 48.43979527 ], [ 20.33205551, 48.43964619 ], [ 20.33203485, 48.43963934 ], [ 20.33200554, 48.43980703 ], [ 20.33198502, 48.43992281 ], [ 20.3319806, 48.43994832 ], [ 20.33201814, 48.43995096 ], [ 20.33201887, 48.43994882 ], [ 20.33202871, 48.43987578 ] ] ], [ [ [ 20.33149725, 48.43923566 ], [ 20.33149827, 48.43921183 ], [ 20.33112664, 48.43918989 ], [ 20.33112368, 48.43921113 ], [ 20.33129928, 48.43922197 ], [ 20.33149725, 48.43923566 ] ] ] ] } },
{ "type": "Feature", "properties": { "@featureType": "CadastralParcel", "areaValue": { "value": 256, "@uom": "m2" }, "beginLifespanVersion": { "@nilReason": "http://inspire.ec.europa.eu/codelist/VoidReasonValue/Unpopulated", "@nil": "true" }, "endLifespanVersion": { "@nilReason": "http://inspire.ec.europa.eu/codelist/VoidReasonValue/Unpopulated", "@nil": "true" }, "inspireId": { "@dataType": "Identifier", "localId": "858498_39/7.E", "namespace": "SK.ESKN.CP", "versionId": "20260703T04:07:36" }, "label": "39/7", "nationalCadastralReference": "858498_39/7.E", "referencePoint": { "type": "Point", "coordinates": [ 20.32886345, 48.43756064 ] }, "validFrom": "2026-06-30T16:00:00Z", "validTo": { "@nilReason": "http://inspire.ec.europa.eu/codelist/VoidReasonValue/Unpopulated", "@nil": "true" }, "administrativeUnit": { "@href": "#auAdmUnitS.1834" } }, "geometry": { "type": "Polygon", "coordinates": [ [ [ 20.32890736, 48.43757542 ], [ 20.32931139, 48.43760296 ], [ 20.32931648, 48.43756379 ], [ 20.3290881, 48.43755268 ], [ 20.32880774, 48.4375399 ], [ 20.32839118, 48.43752088 ], [ 20.32839063, 48.43752707 ], [ 20.32838846, 48.43755167 ], [ 20.32838984, 48.4375575 ], [ 20.32874612, 48.43757064 ], [ 20.32890736, 48.43757542 ] ] ] } },
{ "type": "Feature", "properties": { "@featureType": "CadastralParcel", "areaValue": { "value": 823, "@uom": "m2" }, "beginLifespanVersion": { "@nilReason": "http://inspire.ec.europa.eu/codelist/VoidReasonValue/Unpopulated", "@nil": "true" }, "endLifespanVersion": { "@nilReason": "http://inspire.ec.europa.eu/codelist/VoidReasonValue/Unpopulated", "@nil": "true" }, "inspireId": { "@dataType": "Identifier", "localId": "858498_61.E", "namespace": "SK.ESKN.CP", "versionId": "20260703T04:07:36" }, "label": "61", "nationalCadastralReference": "858498_61.E", "referencePoint": { "type": "Point", "coordinates": [ 20.33227088, 48.44039567 ] }, "validFrom": "2026-06-30T16:00:00Z", "validTo": { "@nilReason": "http://inspire.ec.europa.eu/codelist/VoidReasonValue/Unpopulated", "@nil": "true" }, "administrativeUnit": { "@href": "#auAdmUnitS.1834" } }, "geometry": { "type": "MultiPolygon", "coordinates": [ [ [ [ 20.33196606, 48.4399473 ], [ 20.3319806, 48.43994832 ], [ 20.33198502, 48.43992281 ], [ 20.33200554, 48.43980703 ], [ 20.33203485, 48.43963934 ], [ 20.33200946, 48.43963096 ], [ 20.33198894, 48.43962412 ], [ 20.33197381, 48.43961911 ], [ 20.33196998, 48.43961959 ], [ 20.33193211, 48.43978911 ], [ 20.33190033, 48.43993112 ], [ 20.33189923, 48.43993747 ], [ 20.33189254, 48.43997487 ], [ 20.33188102, 48.44003929 ], [ 20.3317421, 48.4400316 ], [ 20.33171575, 48.44016265 ], [ 20.33170128, 48.44023136 ], [ 20.33167057, 48.44036134 ], [ 20.33171708, 48.44036667 ], [ 20.33172212, 48.44034029 ], [ 20.33175678, 48.44016119 ], [ 20.33178064, 48.44005059 ], [ 20.33187783, 48.440057 ], [ 20.33191741, 48.44005963 ], [ 20.33193349, 48.4399681 ], [ 20.33196606, 48.4399473 ] ] ], [ [ [ 20.33098298, 48.44018063 ], [ 20.33099996, 48.44006363 ], [ 20.33101084, 48.43998964 ], [ 20.33087742, 48.4399564 ], [ 20.330854, 48.4401172 ], [ 20.33087198, 48.44012673 ], [ 20.33087152, 48.44014113 ], [ 20.33087213, 48.44017251 ], [ 20.3309895, 48.44021719 ], [ 20.33099149, 48.440187 ], [ 20.33098298, 48.44018063 ] ] ], [ [ [ 20.33248373, 48.44043731 ], [ 20.33248646, 48.44040949 ], [ 20.33248904, 48.44038184 ], [ 20.33238218, 48.44037595 ], [ 20.33231669, 48.44037239 ], [ 20.33205894, 48.44037321 ], [ 20.33204829, 48.44042171 ], [ 20.33231357, 48.44043984 ], [ 20.33248373, 48.44043731 ] ] ] ] } },
{ "type": "Feature", "properties": { "@featureType": "CadastralParcel", "areaValue": { "value": 1316, "@uom": "m2" }, "beginLifespanVersion": { "@nilReason": "http://inspire.ec.europa.eu/codelist/VoidReasonValue/Unpopulated", "@nil": "true" }, "endLifespanVersion": { "@nilReason": "http://inspire.ec.europa.eu/codelist/VoidReasonValue/Unpopulated", "@nil": "true" }, "inspireId": { "@dataType": "Identifier", "localId": "858498_122.E", "namespace": "SK.ESKN.CP", "versionId": "20260703T04:07:36" }, "label": "122", "nationalCadastralReference": "858498_122.E", "referencePoint": { "type": "Point", "coordinates": [ 20.34115142, 48.4426474 ] }, "validFrom": "2026-06-30T16:00:00Z", "validTo": { "@nilReason": "http://inspire.ec.europa.eu/codelist/VoidReasonValue/Unpopulated", "@nil": "true" }, "administrativeUnit": { "@href": "#auAdmUnitS.1834" } }, "geometry": { "type": "Polygon", "coordinates": [ [ [ 20.34089331, 48.44261332 ], [ 20.34078817, 48.44268147 ], [ 20.34066174, 48.44271014 ], [ 20.34055106, 48.44273068 ], [ 20.34041382, 48.44273307 ], [ 20.34143394, 48.44281202 ], [ 20.34146379, 48.44281435 ], [ 20.34146141, 48.44258038 ], [ 20.340915, 48.44254083 ], [ 20.34089331, 48.44261332 ] ] ] } },
{ "type": "Feature", "properties": { "@featureType": "CadastralParcel", "areaValue": { "value": 989, "@uom": "m2" }, "beginLifespanVersion": { "@nilReason": "http://inspire.ec.europa.eu/codelist/VoidReasonValue/Unpopulated", "@nil": "true" }, "endLifespanVersion": { "@nilReason": "http://inspire.ec.europa.eu/codelist/VoidReasonValue/Unpopulated", "@nil": "true" }, "inspireId": { "@dataType": "Identifier", "localId": "858498_123.E", "namespace": "SK.ESKN.CP", "versionId": "20260703T04:07:36" }, "label": "123", "nationalCadastralReference": "858498_123.E", "referencePoint": { "type": "Point", "coordinates": [ 20.34119627, 48.44245097 ] }, "validFrom": "2026-06-30T16:00:00Z", "validTo": { "@nilReason": "http://inspire.ec.europa.eu/codelist/VoidReasonValue/Unpopulated", "@nil": "true" }, "administrativeUnit": { "@href": "#auAdmUnitS.1834" } }, "geometry": { "type": "Polygon", "coordinates": [ [ [ 20.34146141, 48.44258038 ], [ 20.34146667, 48.44236111 ], [ 20.34093957, 48.44231151 ], [ 20.34093829, 48.44232291 ], [ 20.34094649, 48.44232368 ], [ 20.34094235, 48.44235207 ], [ 20.340915, 48.44254083 ], [ 20.34146141, 48.44258038 ] ] ] } },
{ "type": "Feature", "properties": { "@featureType": "CadastralParcel", "areaValue": { "value": 12145, "@uom": "m2" }, "beginLifespanVersion": { "@nilReason": "http://inspire.ec.europa.eu/codelist/VoidReasonValue/Unpopulated", "@nil": "true" }, "endLifespanVersion": { "@nilReason": "http://inspire.ec.europa.eu/codelist/VoidReasonValue/Unpopulated", "@nil": "true" }, "inspireId": { "@dataType": "Identifier", "localId": "858498_150/15.E", "namespace": "SK.ESKN.CP", "versionId": "20260703T04:07:36" }, "label": "150/15", "nationalCadastralReference": "858498_150/15.E", "referencePoint": { "type": "Point", "coordinates": [ 20.33699938, 48.43728043 ] }, "validFrom": "2026-06-30T16:00:00Z", "validTo": { "@nilReason": "http://inspire.ec.europa.eu/codelist/VoidReasonValue/Unpopulated", "@nil": "true" }, "administrativeUnit": { "@href": "#auAdmUnitS.1834" } }, "geometry": { "type": "Polygon", "coordinates": [ [ [ 20.33679599, 48.43745142 ], [ 20.33684925, 48.43757351 ], [ 20.33690415, 48.43769701 ], [ 20.33695674, 48.43781754 ], [ 20.33700834, 48.43793551 ], [ 20.337063, 48.43805711 ], [ 20.33717582, 48.43830974 ], [ 20.33719319, 48.43830924 ], [ 20.33725155, 48.43830765 ], [ 20.33729214, 48.43830654 ], [ 20.33767828, 48.43829595 ], [ 20.33787821, 48.4382889 ], [ 20.33748234, 48.43740825 ], [ 20.3370478, 48.43639977 ], [ 20.33698533, 48.43626705 ], [ 20.33695555, 48.43627003 ], [ 20.33664845, 48.43628262 ], [ 20.3363842, 48.43628823 ], [ 20.3362832, 48.43629437 ], [ 20.33630587, 48.43633814 ], [ 20.3363439, 48.43642423 ], [ 20.33640391, 48.4365619 ], [ 20.33646291, 48.43669718 ], [ 20.33652033, 48.4368243 ], [ 20.33658057, 48.43696234 ], [ 20.33663833, 48.43709488 ], [ 20.33671335, 48.43726493 ], [ 20.33664676, 48.43727233 ], [ 20.33649626, 48.43728852 ], [ 20.33637717, 48.43730314 ], [ 20.33607146, 48.43733831 ], [ 20.33590252, 48.43735476 ], [ 20.33561513, 48.43738019 ], [ 20.33538629, 48.43740034 ], [ 20.33539431, 48.43743057 ], [ 20.33540364, 48.43746445 ], [ 20.3354108, 48.43749374 ], [ 20.33563282, 48.43747116 ], [ 20.3357539, 48.43745851 ], [ 20.33610733, 48.43742269 ], [ 20.33630402, 48.43740164 ], [ 20.33639441, 48.43739157 ], [ 20.33656582, 48.43737476 ], [ 20.33668611, 48.4373618 ], [ 20.33675439, 48.43735366 ], [ 20.33679599, 48.43745142 ] ] ] } },
{ "type": "Feature", "properties": { "@featureType": "CadastralParcel", "areaValue": { "value": 14581, "@uom": "m2" }, "beginLifespanVersion": { "@nilReason": "http://inspire.ec.europa.eu/codelist/VoidReasonValue/Unpopulated", "@nil": "true" }, "endLifespanVersion": { "@nilReason": "http://inspire.ec.europa.eu/codelist/VoidReasonValue/Unpopulated", "@nil": "true" }, "inspireId": { "@dataType": "Identifier", "localId": "858498_265/1.E", "namespace": "SK.ESKN.CP", "versionId": "20260703T04:07:36" }, "label": "265/1", "nationalCadastralReference": "858498_265/1.E", "referencePoint": { "type": "Point", "coordinates": [ 20.32751455, 48.43826857 ] }, "validFrom": "2026-06-30T16:00:00Z", "validTo": { "@nilReason": "http://inspire.ec.europa.eu/codelist/VoidReasonValue/Unpopulated", "@nil": "true" }, "administrativeUnit": { "@href": "#auAdmUnitS.1834" } }, "geometry": { "type": "Polygon", "coordinates": [ [ [ 20.32848593, 48.43873187 ], [ 20.32852321, 48.4387436 ], [ 20.32854544, 48.43876321 ], [ 20.32861143, 48.43885598 ], [ 20.32871795, 48.43898511 ], [ 20.32876396, 48.43903737 ], [ 20.32877892, 48.43905805 ], [ 20.32886136, 48.43914398 ], [ 20.32889221, 48.43914429 ], [ 20.32895106, 48.43914488 ], [ 20.32896498, 48.43915885 ], [ 20.32910762, 48.43927454 ], [ 20.32920033, 48.43934547 ], [ 20.32923966, 48.43937683 ], [ 20.32926299, 48.43939477 ], [ 20.32933737, 48.43949229 ], [ 20.32938977, 48.4395611 ], [ 20.32948881, 48.43958038 ], [ 20.32995536, 48.43977686 ], [ 20.33045838, 48.44003261 ], [ 20.33087816, 48.44033239 ], [ 20.33103315, 48.4403927 ], [ 20.3312477, 48.44047615 ], [ 20.33157955, 48.44056076 ], [ 20.33157952, 48.44059166 ], [ 20.33181585, 48.44060181 ], [ 20.33205572, 48.44061183 ], [ 20.33251919, 48.4406243 ], [ 20.33281938, 48.44063199 ], [ 20.33305349, 48.44063214 ], [ 20.33320128, 48.44064063 ], [ 20.33327143, 48.44064355 ], [ 20.33335785, 48.44064928 ], [ 20.33348733, 48.44066578 ], [ 20.33363224, 48.44068082 ], [ 20.33389897, 48.4407009 ], [ 20.33416354, 48.44075323 ], [ 20.33432598, 48.44078437 ], [ 20.33439929, 48.44081742 ], [ 20.33439662, 48.44079866 ], [ 20.33435883, 48.44069456 ], [ 20.3343501, 48.44067071 ], [ 20.33425153, 48.44067992 ], [ 20.33435099, 48.44059326 ], [ 20.33435521, 48.44057153 ], [ 20.33418705, 48.4405545 ], [ 20.33398607, 48.44054583 ], [ 20.33383447, 48.44053603 ], [ 20.33318617, 48.44049291 ], [ 20.33318363, 48.4404956 ], [ 20.3329828, 48.44049585 ], [ 20.33292873, 48.44049482 ], [ 20.33279459, 48.44047741 ], [ 20.33267263, 48.44047083 ], [ 20.33259549, 48.44044286 ], [ 20.33256286, 48.44044122 ], [ 20.33248373, 48.44043731 ], [ 20.33231357, 48.44043984 ], [ 20.33204829, 48.44042171 ], [ 20.33205894, 48.44037321 ], [ 20.33203429, 48.44037332 ], [ 20.33203098, 48.44038779 ], [ 20.33171708, 48.44036667 ], [ 20.33167057, 48.44036134 ], [ 20.33141665, 48.44033419 ], [ 20.33118501, 48.44029395 ], [ 20.33110057, 48.44025803 ], [ 20.33101539, 48.4402046 ], [ 20.33099149, 48.440187 ], [ 20.3309895, 48.44021719 ], [ 20.33087213, 48.44017251 ], [ 20.33079235, 48.44014218 ], [ 20.33074202, 48.44010489 ], [ 20.33060853, 48.44000524 ], [ 20.33056894, 48.43998126 ], [ 20.33039076, 48.43987554 ], [ 20.33010542, 48.43971985 ], [ 20.32983896, 48.43957581 ], [ 20.32971337, 48.4395062 ], [ 20.32963388, 48.43946795 ], [ 20.32954108, 48.43941341 ], [ 20.32953702, 48.43939965 ], [ 20.32953232, 48.43939919 ], [ 20.32944933, 48.43938991 ], [ 20.32927897, 48.43926764 ], [ 20.32924838, 48.43923536 ], [ 20.32917678, 48.43913102 ], [ 20.32913676, 48.43898638 ], [ 20.32909835, 48.43887109 ], [ 20.32909001, 48.43883833 ], [ 20.32908709, 48.43874893 ], [ 20.32881287, 48.43863142 ], [ 20.32866011, 48.43858427 ], [ 20.32856799, 48.43856192 ], [ 20.32848864, 48.43854052 ], [ 20.32841097, 48.43844504 ], [ 20.32838451, 48.43841662 ], [ 20.32836272, 48.43838288 ], [ 20.32835427, 48.43835597 ], [ 20.32836124, 48.43831696 ], [ 20.3283686, 48.43825824 ], [ 20.32837393, 48.43821484 ], [ 20.32837749, 48.43807362 ], [ 20.3283794, 48.43802441 ], [ 20.32837963, 48.43802181 ], [ 20.32838049, 48.4377948 ], [ 20.32838984, 48.4375575 ], [ 20.32838846, 48.43755167 ], [ 20.32839063, 48.43752707 ], [ 20.32839118, 48.43752088 ], [ 20.3283909, 48.43738482 ], [ 20.32839276, 48.43727498 ], [ 20.32839106, 48.43722068 ], [ 20.32838725, 48.43709394 ], [ 20.32838852, 48.43707958 ], [ 20.32839155, 48.43701933 ], [ 20.32839195, 48.43701169 ], [ 20.32839673, 48.43680457 ], [ 20.328397, 48.43679242 ], [ 20.32839874, 48.43671608 ], [ 20.32839859, 48.43666265 ], [ 20.32839917, 48.43661168 ], [ 20.32839929, 48.43659817 ], [ 20.32840093, 48.43651075 ], [ 20.328401, 48.43641039 ], [ 20.32840099, 48.43636615 ], [ 20.32836723, 48.43614626 ], [ 20.32836441, 48.43612921 ], [ 20.32835525, 48.43607353 ], [ 20.32835193, 48.43605295 ], [ 20.32830835, 48.43571456 ], [ 20.32829865, 48.435714 ], [ 20.32825837, 48.4357117 ], [ 20.32823277, 48.43571024 ], [ 20.32823057, 48.43608558 ], [ 20.32823056, 48.43611793 ], [ 20.32822723, 48.43647079 ], [ 20.3282265, 48.43656626 ], [ 20.32822593, 48.43693086 ], [ 20.32822314, 48.43707256 ], [ 20.32822225, 48.43720659 ], [ 20.32822118, 48.43738709 ], [ 20.32822025, 48.43754905 ], [ 20.32822098, 48.43766791 ], [ 20.32822383, 48.43779326 ], [ 20.32823367, 48.43785653 ], [ 20.3282334, 48.43793157 ], [ 20.32822745, 48.43793143 ], [ 20.3282274, 48.43793359 ], [ 20.32822295, 48.43798224 ], [ 20.3282178, 48.43812619 ], [ 20.32820927, 48.43833281 ], [ 20.32784414, 48.43827418 ], [ 20.32775234, 48.43825887 ], [ 20.32768776, 48.43826337 ], [ 20.327279, 48.43819437 ], [ 20.32709368, 48.43816333 ], [ 20.32675899, 48.43816319 ], [ 20.32674268, 48.43816994 ], [ 20.32670993, 48.43818352 ], [ 20.32667142, 48.43819949 ], [ 20.3266658, 48.43820179 ], [ 20.32656613, 48.43824329 ], [ 20.32630819, 48.43828463 ], [ 20.32630374, 48.43830283 ], [ 20.32629205, 48.43832931 ], [ 20.32634636, 48.43832604 ], [ 20.32650155, 48.43831662 ], [ 20.32665429, 48.43827377 ], [ 20.32678563, 48.43823703 ], [ 20.32683647, 48.43822397 ], [ 20.3268688, 48.43823506 ], [ 20.3269236, 48.43825081 ], [ 20.32698992, 48.43824341 ], [ 20.32706848, 48.43823081 ], [ 20.32715818, 48.43825766 ], [ 20.32729451, 48.43828228 ], [ 20.32740843, 48.43829558 ], [ 20.32747854, 48.43833256 ], [ 20.32758188, 48.43832301 ], [ 20.32770479, 48.43839386 ], [ 20.32776514, 48.438431 ], [ 20.32777655, 48.43843821 ], [ 20.32780555, 48.43844412 ], [ 20.32782925, 48.43845315 ], [ 20.32809766, 48.4385598 ], [ 20.32806692, 48.43859355 ], [ 20.32802849, 48.43866971 ], [ 20.32803881, 48.43867093 ], [ 20.32831006, 48.43870263 ], [ 20.32848593, 48.43873187 ] ], [ [ 20.328707, 48.43883179 ], [ 20.32863741, 48.43872149 ], [ 20.32865513, 48.43868192 ], [ 20.3288563, 48.43870376 ], [ 20.32902406, 48.43880016 ], [ 20.32905321, 48.43889166 ], [ 20.32899282, 48.43892227 ], [ 20.32893327, 48.43895256 ], [ 20.3288907, 48.43897458 ], [ 20.328707, 48.43883179 ] ] ] } },
{ "type": "Feature", "properties": { "@featureType": "CadastralParcel", "areaValue": { "value": 4058, "@uom": "m2" }, "beginLifespanVersion": { "@nilReason": "http://inspire.ec.europa.eu/codelist/VoidReasonValue/Unpopulated", "@nil": "true" }, "endLifespanVersion": { "@nilReason": "http://inspire.ec.europa.eu/codelist/VoidReasonValue/Unpopulated", "@nil": "true" }, "inspireId": { "@dataType": "Identifier", "localId": "858498_265/2.E", "namespace": "SK.ESKN.CP", "versionId": "20260703T04:07:36" }, "label": "265/2", "nationalCadastralReference": "858498_265/2.E", "referencePoint": { "type": "Point", "coordinates": [ 20.33458254, 48.44093291 ] }, "validFrom": "2026-06-30T16:00:00Z", "validTo": { "@nilReason": "http://inspire.ec.europa.eu/codelist/VoidReasonValue/Unpopulated", "@nil": "true" }, "administrativeUnit": { "@href": "#auAdmUnitS.1834" } }, "geometry": { "type": "Polygon", "coordinates": [ [ [ 20.33475071, 48.44140858 ], [ 20.33481214, 48.44150558 ], [ 20.33487235, 48.44159812 ], [ 20.33493249, 48.44169138 ], [ 20.3350549, 48.44187987 ], [ 20.33513364, 48.4419926 ], [ 20.3351513, 48.44201797 ], [ 20.33518345, 48.4420695 ], [ 20.33518784, 48.44207652 ], [ 20.33522318, 48.44213322 ], [ 20.3352655, 48.4421247 ], [ 20.33537537, 48.44210269 ], [ 20.33541741, 48.44209424 ], [ 20.33528825, 48.44189936 ], [ 20.33521818, 48.44178058 ], [ 20.33517521, 48.44170907 ], [ 20.33516707, 48.44169236 ], [ 20.33512683, 48.44160979 ], [ 20.33510942, 48.44157397 ], [ 20.33501459, 48.44144872 ], [ 20.33501279, 48.44144613 ], [ 20.33490363, 48.44130537 ], [ 20.33481957, 48.44117937 ], [ 20.33473854, 48.44104511 ], [ 20.33469925, 48.44094429 ], [ 20.33467244, 48.44087531 ], [ 20.33462443, 48.44075198 ], [ 20.33458557, 48.44071371 ], [ 20.33456681, 48.44064864 ], [ 20.33455107, 48.44060758 ], [ 20.3345518, 48.44060085 ], [ 20.33456713, 48.44060514 ], [ 20.33459439, 48.44044521 ], [ 20.33460782, 48.44036681 ], [ 20.33463025, 48.44026156 ], [ 20.33469082, 48.44007103 ], [ 20.3347721, 48.439876 ], [ 20.33482354, 48.43977188 ], [ 20.33482961, 48.4397614 ], [ 20.33480438, 48.43975888 ], [ 20.33464861, 48.43974576 ], [ 20.33460392, 48.43974428 ], [ 20.33458316, 48.43978005 ], [ 20.33453023, 48.43990862 ], [ 20.33450005, 48.4400142 ], [ 20.33443319, 48.44019772 ], [ 20.33441422, 48.44033581 ], [ 20.33439049, 48.44044498 ], [ 20.33435521, 48.44057153 ], [ 20.33435099, 48.44059326 ], [ 20.33425153, 48.44067992 ], [ 20.3343501, 48.44067071 ], [ 20.33435883, 48.44069456 ], [ 20.33439662, 48.44079866 ], [ 20.33439929, 48.44081742 ], [ 20.33446524, 48.44092153 ], [ 20.33451261, 48.44102916 ], [ 20.33457351, 48.44112605 ], [ 20.33465079, 48.44125214 ], [ 20.33465848, 48.44126469 ], [ 20.33475071, 48.44140858 ] ] ] } },
{ "type": "Feature", "properties": { "@featureType": "CadastralParcel", "areaValue": { "value": 7320, "@uom": "m2" }, "beginLifespanVersion": { "@nilReason": "http://inspire.ec.europa.eu/codelist/VoidReasonValue/Unpopulated", "@nil": "true" }, "endLifespanVersion": { "@nilReason": "http://inspire.ec.europa.eu/codelist/VoidReasonValue/Unpopulated", "@nil": "true" }, "inspireId": { "@dataType": "Identifier", "localId": "858498_269.E", "namespace": "SK.ESKN.CP", "versionId": "20260703T04:07:36" }, "label": "269", "nationalCadastralReference": "858498_269.E", "referencePoint": { "type": "Point", "coordinates": [ 20.33534459, 48.43769286 ] }, "validFrom": "2026-06-30T16:00:00Z", "validTo": { "@nilReason": "http://inspire.ec.europa.eu/codelist/VoidReasonValue/Unpopulated", "@nil": "true" }, "administrativeUnit": { "@href": "#auAdmUnitS.1834" } }, "geometry": { "type": "Polygon", "coordinates": [ [ [ 20.33517367, 48.43746834 ], [ 20.33525499, 48.43780154 ], [ 20.33526298, 48.43782906 ], [ 20.33528617, 48.4379406 ], [ 20.33529027, 48.43796004 ], [ 20.33530174, 48.43802644 ], [ 20.33530758, 48.43807523 ], [ 20.33532333, 48.43817441 ], [ 20.33534714, 48.43830796 ], [ 20.33534864, 48.43838298 ], [ 20.33534114, 48.43842656 ], [ 20.33531893, 48.43848326 ], [ 20.33530217, 48.43852585 ], [ 20.3351922, 48.4387285 ], [ 20.3351238, 48.43884529 ], [ 20.33506343, 48.43895086 ], [ 20.33491397, 48.43916971 ], [ 20.33490643, 48.43918302 ], [ 20.33489393, 48.43920497 ], [ 20.33488626, 48.43921827 ], [ 20.33487911, 48.43922709 ], [ 20.3348062, 48.43936118 ], [ 20.33479113, 48.4393969 ], [ 20.33477232, 48.4394413 ], [ 20.33476257, 48.43946426 ], [ 20.33472926, 48.43946277 ], [ 20.33468911, 48.43954941 ], [ 20.33464867, 48.43963621 ], [ 20.33464508, 48.43964472 ], [ 20.33460392, 48.43974428 ], [ 20.33464861, 48.43974576 ], [ 20.33480438, 48.43975888 ], [ 20.33482961, 48.4397614 ], [ 20.33490713, 48.43962731 ], [ 20.33499775, 48.4394767 ], [ 20.33507762, 48.43934504 ], [ 20.33515483, 48.43921742 ], [ 20.33523427, 48.43908458 ], [ 20.33539317, 48.43880321 ], [ 20.33550143, 48.43861383 ], [ 20.33556696, 48.43848504 ], [ 20.33556826, 48.43845959 ], [ 20.33557059, 48.43841788 ], [ 20.33557277, 48.43837634 ], [ 20.33556225, 48.43825943 ], [ 20.33554798, 48.43813427 ], [ 20.33552707, 48.43800922 ], [ 20.33550268, 48.43788375 ], [ 20.33547614, 48.43775811 ], [ 20.33544528, 48.43762762 ], [ 20.3354108, 48.43749374 ], [ 20.33540364, 48.43746445 ], [ 20.33539431, 48.43743057 ], [ 20.33538629, 48.43740034 ], [ 20.33535209, 48.4372617 ], [ 20.33531639, 48.43712327 ], [ 20.33528273, 48.43698627 ], [ 20.33524795, 48.43684499 ], [ 20.33521513, 48.43671073 ], [ 20.3351843, 48.43657078 ], [ 20.33514558, 48.43633321 ], [ 20.33511412, 48.43613296 ], [ 20.33509029, 48.43601491 ], [ 20.33507364, 48.43593362 ], [ 20.3350572, 48.43585153 ], [ 20.33503337, 48.43573654 ], [ 20.33499921, 48.43574007 ], [ 20.33497644, 48.43574188 ], [ 20.33496316, 48.43574362 ], [ 20.33484018, 48.43575944 ], [ 20.33482292, 48.43576164 ], [ 20.33478731, 48.43576629 ], [ 20.33479499, 48.435802 ], [ 20.33487105, 48.43615328 ], [ 20.33495127, 48.43647751 ], [ 20.33496539, 48.43652302 ], [ 20.33497347, 48.4365665 ], [ 20.33516733, 48.4374389 ], [ 20.33517367, 48.43746834 ] ] ] } },
{ "type": "Feature", "properties": { "@featureType": "CadastralParcel", "areaValue": { "value": 337, "@uom": "m2" }, "beginLifespanVersion": { "@nilReason": "http://inspire.ec.europa.eu/codelist/VoidReasonValue/Unpopulated", "@nil": "true" }, "endLifespanVersion": { "@nilReason": "http://inspire.ec.europa.eu/codelist/VoidReasonValue/Unpopulated", "@nil": "true" }, "inspireId": { "@dataType": "Identifier", "localId": "858498_278/1.E", "namespace": "SK.ESKN.CP", "versionId": "20260703T04:07:36" }, "label": "278/1", "nationalCadastralReference": "858498_278/1.E", "referencePoint": { "type": "Point", "coordinates": [ 20.34094305, 48.4422957 ] }, "validFrom": "2026-06-30T16:00:00Z", "validTo": { "@nilReason": "http://inspire.ec.europa.eu/codelist/VoidReasonValue/Unpopulated", "@nil": "true" }, "administrativeUnit": { "@href": "#auAdmUnitS.1834" } }, "geometry": { "type": "Polygon", "coordinates": [ [ [ 20.3400287, 48.44221295 ], [ 20.3400295, 48.4422147 ], [ 20.34039961, 48.44225105 ], [ 20.34054867, 48.44226516 ], [ 20.34062491, 48.44227895 ], [ 20.34069302, 48.44229125 ], [ 20.34069768, 48.44229206 ], [ 20.34074769, 48.44229933 ], [ 20.34086265, 48.44231617 ], [ 20.34092862, 48.44232208 ], [ 20.34093829, 48.44232291 ], [ 20.34093957, 48.44231151 ], [ 20.34146667, 48.44236111 ], [ 20.34149499, 48.44236402 ], [ 20.3415804, 48.44236898 ], [ 20.34175353, 48.44237889 ], [ 20.34150082, 48.44234857 ], [ 20.34120191, 48.44230014 ], [ 20.34098449, 48.44227507 ], [ 20.34084152, 48.44226101 ], [ 20.34075349, 48.44225352 ], [ 20.3400287, 48.44221295 ] ] ] } },
{ "type": "Feature", "properties": { "@featureType": "CadastralParcel", "areaValue": { "value": 760, "@uom": "m2" }, "beginLifespanVersion": { "@nilReason": "http://inspire.ec.europa.eu/codelist/VoidReasonValue/Unpopulated", "@nil": "true" }, "endLifespanVersion": { "@nilReason": "http://inspire.ec.europa.eu/codelist/VoidReasonValue/Unpopulated", "@nil": "true" }, "inspireId": { "@dataType": "Identifier", "localId": "858498_124/442.E", "namespace": "SK.ESKN.CP", "versionId": "20260703T04:07:36" }, "label": "124/442", "nationalCadastralReference": "858498_124/442.E", "referencePoint": { "type": "Point", "coordinates": [ 20.34150038, 48.44296466 ] }, "validFrom": "2026-06-30T16:00:00Z", "validTo": { "@nilReason": "http://inspire.ec.europa.eu/codelist/VoidReasonValue/Unpopulated", "@nil": "true" }, "administrativeUnit": { "@href": "#auAdmUnitS.1834" } }, "geometry": { "type": "Polygon", "coordinates": [ [ [ 20.34187836, 48.44356409 ], [ 20.34189435, 48.44356859 ], [ 20.34185595, 48.44324717 ], [ 20.34185493, 48.44321109 ], [ 20.34184783, 48.44317495 ], [ 20.34181014, 48.44317546 ], [ 20.34181344, 48.44328542 ], [ 20.3418064, 48.44339281 ], [ 20.34163792, 48.44339316 ], [ 20.34150478, 48.44339346 ], [ 20.34150451, 48.44334282 ], [ 20.34150444, 48.44329146 ], [ 20.34152287, 48.44329128 ], [ 20.34152049, 48.44318469 ], [ 20.34151615, 48.44309884 ], [ 20.34151783, 48.44306747 ], [ 20.34151614, 48.44299145 ], [ 20.34151307, 48.44296178 ], [ 20.34151107, 48.44287089 ], [ 20.34151064, 48.44285276 ], [ 20.3415097, 48.44280813 ], [ 20.34150895, 48.44277675 ], [ 20.34150862, 48.44276358 ], [ 20.34150449, 48.44268765 ], [ 20.34150365, 48.44264806 ], [ 20.34149829, 48.44250776 ], [ 20.34149547, 48.4423862 ], [ 20.34149499, 48.44236402 ], [ 20.34146667, 48.44236111 ], [ 20.34146141, 48.44258038 ], [ 20.34146379, 48.44281435 ], [ 20.341488, 48.4428162 ], [ 20.34148787, 48.44285611 ], [ 20.34148738, 48.44296753 ], [ 20.34148702, 48.44307599 ], [ 20.34148666, 48.44317833 ], [ 20.34148546, 48.44329171 ], [ 20.34148874, 48.44343256 ], [ 20.34187836, 48.44356409 ] ] ] } },
{ "type": "Feature", "properties": { "@featureType": "CadastralParcel", "areaValue": { "value": 38208, "@uom": "m2" }, "beginLifespanVersion": { "@nilReason": "http://inspire.ec.europa.eu/codelist/VoidReasonValue/Unpopulated", "@nil": "true" }, "endLifespanVersion": { "@nilReason": "http://inspire.ec.europa.eu/codelist/VoidReasonValue/Unpopulated", "@nil": "true" }, "inspireId": { "@dataType": "Identifier", "localId": "858498_128/101.E", "namespace": "SK.ESKN.CP", "versionId": "20260703T04:07:36" }, "label": "128/101", "nationalCadastralReference": "858498_128/101.E", "referencePoint": { "type": "Point", "coordinates": [ 20.33016368, 48.44127292 ] }, "validFrom": "2026-06-30T16:00:00Z", "validTo": { "@nilReason": "http://inspire.ec.europa.eu/codelist/VoidReasonValue/Unpopulated", "@nil": "true" }, "administrativeUnit": { "@href": "#auAdmUnitS.1834" } }, "geometry": { "type": "Polygon", "coordinates": [ [ [ 20.33051114, 48.44272041 ], [ 20.33083521, 48.44277364 ], [ 20.33090645, 48.44277967 ], [ 20.33104983, 48.44243067 ], [ 20.33112944, 48.44228378 ], [ 20.33133224, 48.44237163 ], [ 20.33133946, 48.44231137 ], [ 20.33115386, 48.44223275 ], [ 20.33118114, 48.44216471 ], [ 20.33135393, 48.44219067 ], [ 20.33115689, 48.44194889 ], [ 20.33114944, 48.44194733 ], [ 20.33115472, 48.44193358 ], [ 20.3312999, 48.44156275 ], [ 20.33148786, 48.44107864 ], [ 20.331106, 48.44102667 ], [ 20.33095781, 48.4410151 ], [ 20.33089602, 48.4410125 ], [ 20.3309055, 48.44096962 ], [ 20.33077543, 48.44094453 ], [ 20.33085278, 48.44075575 ], [ 20.33070537, 48.44070168 ], [ 20.33066995, 48.44068877 ], [ 20.33066155, 48.44068573 ], [ 20.33070198, 48.44058533 ], [ 20.33076998, 48.44041654 ], [ 20.33080293, 48.44033792 ], [ 20.33097751, 48.44042782 ], [ 20.33098716, 48.44043198 ], [ 20.33102191, 48.44044325 ], [ 20.33103315, 48.4403927 ], [ 20.33087816, 48.44033239 ], [ 20.33045838, 48.44003261 ], [ 20.32995536, 48.43977686 ], [ 20.32948881, 48.43958038 ], [ 20.32947881, 48.43960765 ], [ 20.32930047, 48.44009619 ], [ 20.3292217, 48.44030708 ], [ 20.32900739, 48.44075817 ], [ 20.3290095, 48.4408124 ], [ 20.32899202, 48.44080947 ], [ 20.32893559, 48.44094537 ], [ 20.3289827, 48.44095461 ], [ 20.32887358, 48.44146721 ], [ 20.32974572, 48.44163281 ], [ 20.3298637, 48.44165527 ], [ 20.32984382, 48.44170404 ], [ 20.32967234, 48.44212564 ], [ 20.32970103, 48.44221308 ], [ 20.32995342, 48.44263118 ], [ 20.33051114, 48.44272041 ] ], [ [ 20.33030922, 48.44039336 ], [ 20.33033503, 48.44034644 ], [ 20.33038396, 48.44025709 ], [ 20.33042741, 48.4401669 ], [ 20.33045671, 48.44012651 ], [ 20.33049559, 48.44014623 ], [ 20.33056409, 48.44018621 ], [ 20.33066839, 48.44024859 ], [ 20.33073112, 48.44029862 ], [ 20.3306218, 48.44057174 ], [ 20.33059816, 48.44063082 ], [ 20.33040817, 48.44059428 ], [ 20.33042883, 48.44053977 ], [ 20.33044083, 48.44050213 ], [ 20.33045054, 48.44047494 ], [ 20.33043405, 48.44047159 ], [ 20.33043688, 48.44045954 ], [ 20.33030922, 48.44039336 ] ] ] } }
]
}
