{
"type": "FeatureCollection",
"name": "gis",
"crs": { "type": "name", "properties": { "name": "urn:ogc:def:crs:OGC:1.3:CRS84" } },
"features": [
{ "type": "Feature", "properties": { "@featureType": "CadastralParcel", "areaValue": { "value": 624, "@uom": "m2" }, "beginLifespanVersion": { "@nilReason": "http://inspire.ec.europa.eu/codelist/VoidReasonValue/Unpopulated", "@nil": "true" }, "endLifespanVersion": { "@nilReason": "http://inspire.ec.europa.eu/codelist/VoidReasonValue/Unpopulated", "@nil": "true" }, "inspireId": { "@dataType": "Identifier", "localId": "874302_1575/6.C", "namespace": "SK.ESKN.CP", "versionId": "20260703T04:07:20" }, "label": "1575/6", "nationalCadastralReference": "874302_1575/6.C", "referencePoint": { "type": "Point", "coordinates": [ 19.36129339, 48.11704984 ] }, "validFrom": "2026-06-30T16:00:00Z", "validTo": { "@nilReason": "http://inspire.ec.europa.eu/codelist/VoidReasonValue/Unpopulated", "@nil": "true" }, "administrativeUnit": { "@href": "#auAdmUnitS.1383" } }, "geometry": { "type": "Polygon", "coordinates": [ [ [ 19.36128039, 48.11721246 ], [ 19.3615364, 48.1170535 ], [ 19.36130715, 48.11688652 ], [ 19.36105066, 48.11704618 ], [ 19.36107853, 48.11706762 ], [ 19.36128039, 48.11721246 ] ] ] } },
{ "type": "Feature", "properties": { "@featureType": "CadastralParcel", "areaValue": { "value": 23, "@uom": "m2" }, "beginLifespanVersion": { "@nilReason": "http://inspire.ec.europa.eu/codelist/VoidReasonValue/Unpopulated", "@nil": "true" }, "endLifespanVersion": { "@nilReason": "http://inspire.ec.europa.eu/codelist/VoidReasonValue/Unpopulated", "@nil": "true" }, "inspireId": { "@dataType": "Identifier", "localId": "874302_1575/5.C", "namespace": "SK.ESKN.CP", "versionId": "20260703T04:07:20" }, "label": "1575/5", "nationalCadastralReference": "874302_1575/5.C", "referencePoint": { "type": "Point", "coordinates": [ 19.35959386, 48.11793316 ] }, "validFrom": "2026-06-30T16:00:00Z", "validTo": { "@nilReason": "http://inspire.ec.europa.eu/codelist/VoidReasonValue/Unpopulated", "@nil": "true" }, "administrativeUnit": { "@href": "#auAdmUnitS.1383" } }, "geometry": { "type": "Polygon", "coordinates": [ [ [ 19.35961827, 48.11796839 ], [ 19.35964658, 48.11794792 ], [ 19.35956848, 48.11789882 ], [ 19.35954215, 48.11791839 ], [ 19.35961827, 48.11796839 ] ] ] } },
{ "type": "Feature", "properties": { "@featureType": "CadastralParcel", "areaValue": { "value": 210, "@uom": "m2" }, "beginLifespanVersion": { "@nilReason": "http://inspire.ec.europa.eu/codelist/VoidReasonValue/Unpopulated", "@nil": "true" }, "endLifespanVersion": { "@nilReason": "http://inspire.ec.europa.eu/codelist/VoidReasonValue/Unpopulated", "@nil": "true" }, "inspireId": { "@dataType": "Identifier", "localId": "874302_1575/4.C", "namespace": "SK.ESKN.CP", "versionId": "20260703T04:07:20" }, "label": "1575/4", "nationalCadastralReference": "874302_1575/4.C", "referencePoint": { "type": "Point", "coordinates": [ 19.35970975, 48.11800717 ] }, "validFrom": "2026-06-30T16:00:00Z", "validTo": { "@nilReason": "http://inspire.ec.europa.eu/codelist/VoidReasonValue/Unpopulated", "@nil": "true" }, "administrativeUnit": { "@href": "#auAdmUnitS.1383" } }, "geometry": { "type": "Polygon", "coordinates": [ [ [ 19.35972229, 48.11810132 ], [ 19.35984934, 48.11801003 ], [ 19.35969637, 48.11791172 ], [ 19.35964658, 48.11794792 ], [ 19.35961827, 48.11796839 ], [ 19.35957013, 48.11800431 ], [ 19.35972229, 48.11810132 ] ] ] } },
{ "type": "Feature", "properties": { "@featureType": "CadastralParcel", "areaValue": { "value": 141, "@uom": "m2" }, "beginLifespanVersion": { "@nilReason": "http://inspire.ec.europa.eu/codelist/VoidReasonValue/Unpopulated", "@nil": "true" }, "endLifespanVersion": { "@nilReason": "http://inspire.ec.europa.eu/codelist/VoidReasonValue/Unpopulated", "@nil": "true" }, "inspireId": { "@dataType": "Identifier", "localId": "874302_1575/7.C", "namespace": "SK.ESKN.CP", "versionId": "20260703T04:07:20" }, "label": "1575/7", "nationalCadastralReference": "874302_1575/7.C", "referencePoint": { "type": "Point", "coordinates": [ 19.36093793, 48.11713562 ] }, "validFrom": "2026-06-30T16:00:00Z", "validTo": { "@nilReason": "http://inspire.ec.europa.eu/codelist/VoidReasonValue/Unpopulated", "@nil": "true" }, "administrativeUnit": { "@href": "#auAdmUnitS.1383" } }, "geometry": { "type": "Polygon", "coordinates": [ [ [ 19.36107853, 48.11706762 ], [ 19.36105066, 48.11704618 ], [ 19.36078223, 48.11721302 ], [ 19.36053519, 48.11720362 ], [ 19.3605007, 48.11722901 ], [ 19.36079885, 48.11724141 ], [ 19.36107853, 48.11706762 ] ] ] } },
{ "type": "Feature", "properties": { "@featureType": "CadastralParcel", "areaValue": { "value": 95523, "@uom": "m2" }, "beginLifespanVersion": { "@nilReason": "http://inspire.ec.europa.eu/codelist/VoidReasonValue/Unpopulated", "@nil": "true" }, "endLifespanVersion": { "@nilReason": "http://inspire.ec.europa.eu/codelist/VoidReasonValue/Unpopulated", "@nil": "true" }, "inspireId": { "@dataType": "Identifier", "localId": "874302_1575/1.C", "namespace": "SK.ESKN.CP", "versionId": "20260703T04:07:20" }, "label": "1575/1", "nationalCadastralReference": "874302_1575/1.C", "referencePoint": { "type": "Point", "coordinates": [ 19.36015431, 48.11866117 ] }, "validFrom": "2026-06-30T16:00:00Z", "validTo": { "@nilReason": "http://inspire.ec.europa.eu/codelist/VoidReasonValue/Unpopulated", "@nil": "true" }, "administrativeUnit": { "@href": "#auAdmUnitS.1383" } }, "geometry": { "type": "Polygon", "coordinates": [ [ [ 19.36291583, 48.11773022 ], [ 19.36230717, 48.11675997 ], [ 19.36187352, 48.11650727 ], [ 19.36173349, 48.11632572 ], [ 19.36053519, 48.11720362 ], [ 19.36078223, 48.11721302 ], [ 19.36105066, 48.11704618 ], [ 19.36130715, 48.11688652 ], [ 19.3615364, 48.1170535 ], [ 19.36128039, 48.11721246 ], [ 19.36107853, 48.11706762 ], [ 19.36079885, 48.11724141 ], [ 19.3605007, 48.11722901 ], [ 19.35956848, 48.11789882 ], [ 19.35964658, 48.11794792 ], [ 19.35969637, 48.11791172 ], [ 19.35984934, 48.11801003 ], [ 19.35972229, 48.11810132 ], [ 19.35957013, 48.11800431 ], [ 19.35961827, 48.11796839 ], [ 19.35954215, 48.11791839 ], [ 19.35927575, 48.118114 ], [ 19.35932497, 48.11814729 ], [ 19.35791288, 48.11917504 ], [ 19.35738981, 48.11955554 ], [ 19.35671907, 48.12013427 ], [ 19.35789958, 48.12139689 ], [ 19.35797459, 48.12147623 ], [ 19.35798647, 48.12148979 ], [ 19.35976852, 48.12011981 ], [ 19.36291583, 48.11773022 ] ] ] } },
{ "type": "Feature", "properties": { "@featureType": "CadastralParcel", "areaValue": { "value": 754, "@uom": "m2" }, "beginLifespanVersion": { "@nilReason": "http://inspire.ec.europa.eu/codelist/VoidReasonValue/Unpopulated", "@nil": "true" }, "endLifespanVersion": { "@nilReason": "http://inspire.ec.europa.eu/codelist/VoidReasonValue/Unpopulated", "@nil": "true" }, "inspireId": { "@dataType": "Identifier", "localId": "874302_256.C", "namespace": "SK.ESKN.CP", "versionId": "20260703T04:07:20" }, "label": "256", "nationalCadastralReference": "874302_256.C", "referencePoint": { "type": "Point", "coordinates": [ 19.3535358, 48.12577427 ] }, "validFrom": "2026-06-30T16:00:00Z", "validTo": { "@nilReason": "http://inspire.ec.europa.eu/codelist/VoidReasonValue/Unpopulated", "@nil": "true" }, "administrativeUnit": { "@href": "#auAdmUnitS.1383" } }, "geometry": { "type": "Polygon", "coordinates": [ [ [ 19.35384559, 48.12574119 ], [ 19.35407857, 48.12568483 ], [ 19.35404644, 48.12561882 ], [ 19.35381201, 48.12567249 ], [ 19.35351945, 48.12573942 ], [ 19.35298139, 48.125864 ], [ 19.35287215, 48.12588933 ], [ 19.35290979, 48.12596165 ], [ 19.35308054, 48.12592169 ], [ 19.35330381, 48.12586911 ], [ 19.35355972, 48.12580736 ], [ 19.35384559, 48.12574119 ] ] ] } },
{ "type": "Feature", "properties": { "@featureType": "CadastralParcel", "areaValue": { "value": 1804, "@uom": "m2" }, "beginLifespanVersion": { "@nilReason": "http://inspire.ec.europa.eu/codelist/VoidReasonValue/Unpopulated", "@nil": "true" }, "endLifespanVersion": { "@nilReason": "http://inspire.ec.europa.eu/codelist/VoidReasonValue/Unpopulated", "@nil": "true" }, "inspireId": { "@dataType": "Identifier", "localId": "874302_1195/1.C", "namespace": "SK.ESKN.CP", "versionId": "20260703T04:07:20" }, "label": "1195/1", "nationalCadastralReference": "874302_1195/1.C", "referencePoint": { "type": "Point", "coordinates": [ 19.35537292, 48.12373284 ] }, "validFrom": "2026-06-30T16:00:00Z", "validTo": { "@nilReason": "http://inspire.ec.europa.eu/codelist/VoidReasonValue/Unpopulated", "@nil": "true" }, "administrativeUnit": { "@href": "#auAdmUnitS.1383" } }, "geometry": { "type": "Polygon", "coordinates": [ [ [ 19.35569424, 48.1243089 ], [ 19.35577148, 48.12429818 ], [ 19.35565086, 48.12405733 ], [ 19.35560611, 48.12396961 ], [ 19.35558595, 48.12393023 ], [ 19.35552349, 48.1237991 ], [ 19.35545255, 48.12366658 ], [ 19.3554172, 48.1236005 ], [ 19.35537858, 48.1235285 ], [ 19.35532604, 48.12343301 ], [ 19.35530158, 48.12338847 ], [ 19.35525805, 48.12332082 ], [ 19.35521289, 48.12325076 ], [ 19.35517691, 48.1233126 ], [ 19.35514248, 48.12340148 ], [ 19.35513549, 48.12340394 ], [ 19.35512134, 48.12346818 ], [ 19.35556635, 48.12433108 ], [ 19.35563774, 48.12431837 ], [ 19.35569424, 48.1243089 ] ] ] } },
{ "type": "Feature", "properties": { "@featureType": "CadastralParcel", "areaValue": { "value": 11678, "@uom": "m2" }, "beginLifespanVersion": { "@nilReason": "http://inspire.ec.europa.eu/codelist/VoidReasonValue/Unpopulated", "@nil": "true" }, "endLifespanVersion": { "@nilReason": "http://inspire.ec.europa.eu/codelist/VoidReasonValue/Unpopulated", "@nil": "true" }, "inspireId": { "@dataType": "Identifier", "localId": "874302_1183/1.C", "namespace": "SK.ESKN.CP", "versionId": "20260703T04:07:20" }, "label": "1183/1", "nationalCadastralReference": "874302_1183/1.C", "referencePoint": { "type": "Point", "coordinates": [ 19.35450466, 48.12390583 ] }, "validFrom": "2026-06-30T16:00:00Z", "validTo": { "@nilReason": "http://inspire.ec.europa.eu/codelist/VoidReasonValue/Unpopulated", "@nil": "true" }, "administrativeUnit": { "@href": "#auAdmUnitS.1383" } }, "geometry": { "type": "Polygon", "coordinates": [ [ [ 19.35521035, 48.12324676 ], [ 19.35521932, 48.12323971 ], [ 19.35534382, 48.12310826 ], [ 19.35536629, 48.12308833 ], [ 19.35556463, 48.12291246 ], [ 19.35568444, 48.12280973 ], [ 19.35586312, 48.12265654 ], [ 19.3558686, 48.12265184 ], [ 19.35597628, 48.12255927 ], [ 19.35600281, 48.12253159 ], [ 19.35601008, 48.12252915 ], [ 19.35607461, 48.1224886 ], [ 19.35608139, 48.12248568 ], [ 19.35610552, 48.12246285 ], [ 19.35611102, 48.1224605 ], [ 19.35636523, 48.12235529 ], [ 19.35663903, 48.12223678 ], [ 19.35664559, 48.12224476 ], [ 19.35678693, 48.12218364 ], [ 19.35692829, 48.12212243 ], [ 19.35720256, 48.12197058 ], [ 19.35752318, 48.12184628 ], [ 19.35763076, 48.1217949 ], [ 19.35773436, 48.12174541 ], [ 19.35788282, 48.12167444 ], [ 19.35779567, 48.12159524 ], [ 19.35784408, 48.12155059 ], [ 19.35784862, 48.1215472 ], [ 19.35789751, 48.12151068 ], [ 19.35790203, 48.12150738 ], [ 19.35797459, 48.12147623 ], [ 19.35789958, 48.12139689 ], [ 19.35784282, 48.12147045 ], [ 19.3578383, 48.12147375 ], [ 19.35778723, 48.12151053 ], [ 19.35778269, 48.12151392 ], [ 19.35773393, 48.12153917 ], [ 19.35735725, 48.12182254 ], [ 19.35734201, 48.12183408 ], [ 19.35729824, 48.12185795 ], [ 19.35713678, 48.12194605 ], [ 19.3567215, 48.12213695 ], [ 19.35635998, 48.12228976 ], [ 19.35626336, 48.12233066 ], [ 19.3561106, 48.1223952 ], [ 19.35605961, 48.12241484 ], [ 19.35603813, 48.12244068 ], [ 19.35603135, 48.1224436 ], [ 19.35596854, 48.12247431 ], [ 19.35596142, 48.12247668 ], [ 19.35593084, 48.12251579 ], [ 19.3554222, 48.12294223 ], [ 19.35515673, 48.1232193 ], [ 19.35515537, 48.1232874 ], [ 19.35515185, 48.12328877 ], [ 19.35510587, 48.12335473 ], [ 19.35509888, 48.12335719 ], [ 19.35508258, 48.1233748 ], [ 19.35494368, 48.12358914 ], [ 19.35492072, 48.12360617 ], [ 19.35474214, 48.12373826 ], [ 19.35450712, 48.1238415 ], [ 19.35427663, 48.1239427 ], [ 19.35422576, 48.12397137 ], [ 19.35418419, 48.1239948 ], [ 19.35406752, 48.12406062 ], [ 19.35395033, 48.12412118 ], [ 19.35375045, 48.12422457 ], [ 19.35379975, 48.12426724 ], [ 19.35368869, 48.12439131 ], [ 19.35353084, 48.12447192 ], [ 19.35336817, 48.1245321 ], [ 19.35319092, 48.12459762 ], [ 19.35300792, 48.1246653 ], [ 19.352831, 48.12475916 ], [ 19.35275547, 48.12479917 ], [ 19.35259935, 48.1248548 ], [ 19.35207271, 48.12497839 ], [ 19.351988, 48.12496585 ], [ 19.35198146, 48.12496905 ], [ 19.35188122, 48.12499706 ], [ 19.35187468, 48.12500026 ], [ 19.35172294, 48.12493193 ], [ 19.35101693, 48.12504781 ], [ 19.350551, 48.12549487 ], [ 19.35045714, 48.12578512 ], [ 19.34986093, 48.12606524 ], [ 19.34925601, 48.1262819 ], [ 19.34928686, 48.12630953 ], [ 19.34925763, 48.12631831 ], [ 19.34941792, 48.12637732 ], [ 19.34953608, 48.12642086 ], [ 19.34994834, 48.12630036 ], [ 19.35020233, 48.12626035 ], [ 19.3508289, 48.12585897 ], [ 19.35079806, 48.12554586 ], [ 19.35130862, 48.12513359 ], [ 19.35191603, 48.12513985 ], [ 19.35198364, 48.12509837 ], [ 19.35199018, 48.12509516 ], [ 19.35208619, 48.1250638 ], [ 19.35209273, 48.12506059 ], [ 19.35211945, 48.12501481 ], [ 19.35285302, 48.1248768 ], [ 19.35362335, 48.12458654 ], [ 19.35398385, 48.12437418 ], [ 19.35396153, 48.12427573 ], [ 19.35445159, 48.12398284 ], [ 19.3547431, 48.12386896 ], [ 19.35512134, 48.12346818 ], [ 19.35513549, 48.12340394 ], [ 19.35514248, 48.12340148 ], [ 19.35517691, 48.1233126 ], [ 19.35521289, 48.12325076 ], [ 19.35521035, 48.12324676 ] ] ] } },
{ "type": "Feature", "properties": { "@featureType": "CadastralParcel", "areaValue": { "value": 1549, "@uom": "m2" }, "beginLifespanVersion": { "@nilReason": "http://inspire.ec.europa.eu/codelist/VoidReasonValue/Unpopulated", "@nil": "true" }, "endLifespanVersion": { "@nilReason": "http://inspire.ec.europa.eu/codelist/VoidReasonValue/Unpopulated", "@nil": "true" }, "inspireId": { "@dataType": "Identifier", "localId": "874302_27.C", "namespace": "SK.ESKN.CP", "versionId": "20260703T04:07:20" }, "label": "27", "nationalCadastralReference": "874302_27.C", "referencePoint": { "type": "Point", "coordinates": [ 19.36174842, 48.12603626 ] }, "validFrom": "2026-06-30T16:00:00Z", "validTo": { "@nilReason": "http://inspire.ec.europa.eu/codelist/VoidReasonValue/Unpopulated", "@nil": "true" }, "administrativeUnit": { "@href": "#auAdmUnitS.1383" } }, "geometry": { "type": "Polygon", "coordinates": [ [ [ 19.36191058, 48.12625512 ], [ 19.36191374, 48.12626582 ], [ 19.36193069, 48.12626356 ], [ 19.36192751, 48.12625295 ], [ 19.36196427, 48.12624804 ], [ 19.36189935, 48.12605026 ], [ 19.36203231, 48.12603354 ], [ 19.36203486, 48.1260425 ], [ 19.36206284, 48.12603897 ], [ 19.36206043, 48.12603002 ], [ 19.36213388, 48.12602074 ], [ 19.36206802, 48.12580028 ], [ 19.36206331, 48.12578643 ], [ 19.36143938, 48.12587159 ], [ 19.36144339, 48.12588576 ], [ 19.36150435, 48.1261004 ], [ 19.36172923, 48.12607177 ], [ 19.36179199, 48.1262709 ], [ 19.36182313, 48.1262668 ], [ 19.36182926, 48.12628765 ], [ 19.36185467, 48.12628427 ], [ 19.36184841, 48.12626341 ], [ 19.36191058, 48.12625512 ] ] ] } },
{ "type": "Feature", "properties": { "@featureType": "CadastralParcel", "areaValue": { "value": 8813, "@uom": "m2" }, "beginLifespanVersion": { "@nilReason": "http://inspire.ec.europa.eu/codelist/VoidReasonValue/Unpopulated", "@nil": "true" }, "endLifespanVersion": { "@nilReason": "http://inspire.ec.europa.eu/codelist/VoidReasonValue/Unpopulated", "@nil": "true" }, "inspireId": { "@dataType": "Identifier", "localId": "874302_26.C", "namespace": "SK.ESKN.CP", "versionId": "20260703T04:07:20" }, "label": "26", "nationalCadastralReference": "874302_26.C", "referencePoint": { "type": "Point", "coordinates": [ 19.36242984, 48.1259797 ] }, "validFrom": "2026-06-30T16:00:00Z", "validTo": { "@nilReason": "http://inspire.ec.europa.eu/codelist/VoidReasonValue/Unpopulated", "@nil": "true" }, "administrativeUnit": { "@href": "#auAdmUnitS.1383" } }, "geometry": { "type": "Polygon", "coordinates": [ [ [ 19.36254191, 48.12682142 ], [ 19.36295344, 48.1268964 ], [ 19.36305437, 48.12686436 ], [ 19.36316495, 48.12673197 ], [ 19.36311719, 48.1265085 ], [ 19.36303203, 48.12635384 ], [ 19.36246628, 48.12567418 ], [ 19.36216117, 48.12540132 ], [ 19.36198928, 48.12551635 ], [ 19.36223787, 48.12628523 ], [ 19.36224863, 48.12631811 ], [ 19.3622531, 48.12633176 ], [ 19.36170668, 48.12641 ], [ 19.36153543, 48.12643461 ], [ 19.3615813, 48.12658505 ], [ 19.36173256, 48.12657859 ], [ 19.36192655, 48.12662603 ], [ 19.36221894, 48.1267055 ], [ 19.36254191, 48.12682142 ] ] ] } },
{ "type": "Feature", "properties": { "@featureType": "CadastralParcel", "areaValue": { "value": 4311, "@uom": "m2" }, "beginLifespanVersion": { "@nilReason": "http://inspire.ec.europa.eu/codelist/VoidReasonValue/Unpopulated", "@nil": "true" }, "endLifespanVersion": { "@nilReason": "http://inspire.ec.europa.eu/codelist/VoidReasonValue/Unpopulated", "@nil": "true" }, "inspireId": { "@dataType": "Identifier", "localId": "874302_25/1.C", "namespace": "SK.ESKN.CP", "versionId": "20260703T04:07:20" }, "label": "25/1", "nationalCadastralReference": "874302_25/1.C", "referencePoint": { "type": "Point", "coordinates": [ 19.36152658, 48.12583594 ] }, "validFrom": "2026-06-30T16:00:00Z", "validTo": { "@nilReason": "http://inspire.ec.europa.eu/codelist/VoidReasonValue/Unpopulated", "@nil": "true" }, "administrativeUnit": { "@href": "#auAdmUnitS.1383" } }, "geometry": { "type": "Polygon", "coordinates": [ [ [ 19.36153543, 48.12643461 ], [ 19.36170668, 48.12641 ], [ 19.3622531, 48.12633176 ], [ 19.36224863, 48.12631811 ], [ 19.36223787, 48.12628523 ], [ 19.36198928, 48.12551635 ], [ 19.36185242, 48.12540952 ], [ 19.36182784, 48.12525389 ], [ 19.3615493, 48.12523775 ], [ 19.36148335, 48.12524234 ], [ 19.36155016, 48.12547664 ], [ 19.36133784, 48.12550623 ], [ 19.36125518, 48.12551724 ], [ 19.3614127, 48.12603298 ], [ 19.36153543, 48.12643461 ] ], [ [ 19.36172923, 48.12607177 ], [ 19.36150435, 48.1261004 ], [ 19.36144339, 48.12588576 ], [ 19.36143938, 48.12587159 ], [ 19.36206331, 48.12578643 ], [ 19.36206802, 48.12580028 ], [ 19.36213388, 48.12602074 ], [ 19.36206043, 48.12603002 ], [ 19.36206284, 48.12603897 ], [ 19.36203486, 48.1260425 ], [ 19.36203231, 48.12603354 ], [ 19.36189935, 48.12605026 ], [ 19.36196427, 48.12624804 ], [ 19.36192751, 48.12625295 ], [ 19.36193069, 48.12626356 ], [ 19.36191374, 48.12626582 ], [ 19.36191058, 48.12625512 ], [ 19.36184841, 48.12626341 ], [ 19.36185467, 48.12628427 ], [ 19.36182926, 48.12628765 ], [ 19.36182313, 48.1262668 ], [ 19.36179199, 48.1262709 ], [ 19.36172923, 48.12607177 ] ], [ [ 19.36157709, 48.12563167 ], [ 19.36154156, 48.12551546 ], [ 19.36183765, 48.12547455 ], [ 19.36187346, 48.1255906 ], [ 19.36157709, 48.12563167 ] ] ] } },
{ "type": "Feature", "properties": { "@featureType": "CadastralParcel", "areaValue": { "value": 297, "@uom": "m2" }, "beginLifespanVersion": { "@nilReason": "http://inspire.ec.europa.eu/codelist/VoidReasonValue/Unpopulated", "@nil": "true" }, "endLifespanVersion": { "@nilReason": "http://inspire.ec.europa.eu/codelist/VoidReasonValue/Unpopulated", "@nil": "true" }, "inspireId": { "@dataType": "Identifier", "localId": "874302_24.C", "namespace": "SK.ESKN.CP", "versionId": "20260703T04:07:20" }, "label": "24", "nationalCadastralReference": "874302_24.C", "referencePoint": { "type": "Point", "coordinates": [ 19.36170746, 48.12555303 ] }, "validFrom": "2026-06-30T16:00:00Z", "validTo": { "@nilReason": "http://inspire.ec.europa.eu/codelist/VoidReasonValue/Unpopulated", "@nil": "true" }, "administrativeUnit": { "@href": "#auAdmUnitS.1383" } }, "geometry": { "type": "Polygon", "coordinates": [ [ [ 19.36187346, 48.1255906 ], [ 19.36183765, 48.12547455 ], [ 19.36154156, 48.12551546 ], [ 19.36157709, 48.12563167 ], [ 19.36187346, 48.1255906 ] ] ] } },
{ "type": "Feature", "properties": { "@featureType": "CadastralParcel", "areaValue": { "value": 1140, "@uom": "m2" }, "beginLifespanVersion": { "@nilReason": "http://inspire.ec.europa.eu/codelist/VoidReasonValue/Unpopulated", "@nil": "true" }, "endLifespanVersion": { "@nilReason": "http://inspire.ec.europa.eu/codelist/VoidReasonValue/Unpopulated", "@nil": "true" }, "inspireId": { "@dataType": "Identifier", "localId": "874302_22.C", "namespace": "SK.ESKN.CP", "versionId": "20260703T04:07:20" }, "label": "22", "nationalCadastralReference": "874302_22.C", "referencePoint": { "type": "Point", "coordinates": [ 19.36196533, 48.12532761 ] }, "validFrom": "2026-06-30T16:00:00Z", "validTo": { "@nilReason": "http://inspire.ec.europa.eu/codelist/VoidReasonValue/Unpopulated", "@nil": "true" }, "administrativeUnit": { "@href": "#auAdmUnitS.1383" } }, "geometry": { "type": "Polygon", "coordinates": [ [ [ 19.36182784, 48.12525389 ], [ 19.36185242, 48.12540952 ], [ 19.36198928, 48.12551635 ], [ 19.36216117, 48.12540132 ], [ 19.36179378, 48.12501439 ], [ 19.36145863, 48.12510698 ], [ 19.3615493, 48.12523775 ], [ 19.36182784, 48.12525389 ] ] ] } },
{ "type": "Feature", "properties": { "@featureType": "CadastralParcel", "areaValue": { "value": 2387, "@uom": "m2" }, "beginLifespanVersion": { "@nilReason": "http://inspire.ec.europa.eu/codelist/VoidReasonValue/Unpopulated", "@nil": "true" }, "endLifespanVersion": { "@nilReason": "http://inspire.ec.europa.eu/codelist/VoidReasonValue/Unpopulated", "@nil": "true" }, "inspireId": { "@dataType": "Identifier", "localId": "874302_1503.C", "namespace": "SK.ESKN.CP", "versionId": "20260703T04:07:20" }, "label": "1503", "nationalCadastralReference": "874302_1503.C", "referencePoint": { "type": "Point", "coordinates": [ 19.36104619, 48.11676467 ] }, "validFrom": "2026-06-30T16:00:00Z", "validTo": { "@nilReason": "http://inspire.ec.europa.eu/codelist/VoidReasonValue/Unpopulated", "@nil": "true" }, "administrativeUnit": { "@href": "#auAdmUnitS.1383" } }, "geometry": { "type": "Polygon", "coordinates": [ [ [ 19.36167163, 48.11624684 ], [ 19.35933211, 48.11794457 ], [ 19.35927407, 48.11798615 ], [ 19.3591804, 48.11805614 ], [ 19.3592306, 48.11808533 ], [ 19.35927575, 48.118114 ], [ 19.35954215, 48.11791839 ], [ 19.35956848, 48.11789882 ], [ 19.3605007, 48.11722901 ], [ 19.36053519, 48.11720362 ], [ 19.36173349, 48.11632572 ], [ 19.36167163, 48.11624684 ] ] ] } },
{ "type": "Feature", "properties": { "@featureType": "CadastralParcel", "areaValue": { "value": 12488, "@uom": "m2" }, "beginLifespanVersion": { "@nilReason": "http://inspire.ec.europa.eu/codelist/VoidReasonValue/Unpopulated", "@nil": "true" }, "endLifespanVersion": { "@nilReason": "http://inspire.ec.europa.eu/codelist/VoidReasonValue/Unpopulated", "@nil": "true" }, "inspireId": { "@dataType": "Identifier", "localId": "874302_1188/1.C", "namespace": "SK.ESKN.CP", "versionId": "20260703T04:07:20" }, "label": "1188/1", "nationalCadastralReference": "874302_1188/1.C", "referencePoint": { "type": "Point", "coordinates": [ 19.35976246, 48.12543402 ] }, "validFrom": "2026-06-30T16:00:00Z", "validTo": { "@nilReason": "http://inspire.ec.europa.eu/codelist/VoidReasonValue/Unpopulated", "@nil": "true" }, "administrativeUnit": { "@href": "#auAdmUnitS.1383" } }, "geometry": { "type": "Polygon", "coordinates": [ [ [ 19.35723998, 48.12612249 ], [ 19.35731605, 48.12610134 ], [ 19.35739198, 48.12608019 ], [ 19.35743891, 48.12606711 ], [ 19.35746986, 48.12605849 ], [ 19.35764202, 48.12601157 ], [ 19.35774525, 48.12598333 ], [ 19.35783786, 48.12595856 ], [ 19.35793044, 48.12593288 ], [ 19.35794432, 48.12592904 ], [ 19.35794825, 48.12593509 ], [ 19.35801188, 48.12591695 ], [ 19.35800333, 48.12590374 ], [ 19.35848181, 48.12576933 ], [ 19.35849185, 48.12578127 ], [ 19.35855788, 48.12576459 ], [ 19.35860172, 48.12574884 ], [ 19.35865582, 48.12573539 ], [ 19.3586978, 48.12573073 ], [ 19.35891823, 48.12567817 ], [ 19.35913618, 48.12562623 ], [ 19.35945804, 48.12556222 ], [ 19.35982788, 48.12550177 ], [ 19.35991793, 48.12548706 ], [ 19.36001253, 48.12547022 ], [ 19.36018653, 48.12544132 ], [ 19.36027085, 48.12542733 ], [ 19.36028388, 48.12542516 ], [ 19.36035916, 48.12541263 ], [ 19.36072321, 48.12534955 ], [ 19.36072015, 48.12533913 ], [ 19.36097633, 48.12530614 ], [ 19.36102482, 48.12529981 ], [ 19.36147006, 48.12524324 ], [ 19.36148335, 48.12524234 ], [ 19.3615493, 48.12523775 ], [ 19.36145863, 48.12510698 ], [ 19.36142505, 48.1251162 ], [ 19.36133013, 48.12514239 ], [ 19.36131, 48.12509644 ], [ 19.36127026, 48.12500581 ], [ 19.36126629, 48.12500643 ], [ 19.36125324, 48.1249811 ], [ 19.36105249, 48.12459376 ], [ 19.36098252, 48.12446723 ], [ 19.36080991, 48.12424256 ], [ 19.3606209, 48.12405794 ], [ 19.36038841, 48.12382787 ], [ 19.36039726, 48.12380296 ], [ 19.36040859, 48.12379529 ], [ 19.36030857, 48.12375452 ], [ 19.36006048, 48.12370683 ], [ 19.36015881, 48.1238138 ], [ 19.36021839, 48.12385101 ], [ 19.36027374, 48.12389388 ], [ 19.36065112, 48.12422377 ], [ 19.36070331, 48.12425963 ], [ 19.36078518, 48.1243328 ], [ 19.36097055, 48.12459686 ], [ 19.36098527, 48.12462796 ], [ 19.36121434, 48.12516732 ], [ 19.36067546, 48.1252369 ], [ 19.36039712, 48.12527297 ], [ 19.36035247, 48.12527868 ], [ 19.36007441, 48.12531467 ], [ 19.35981782, 48.12534773 ], [ 19.35971237, 48.12536152 ], [ 19.35925582, 48.12544071 ], [ 19.35923433, 48.12544392 ], [ 19.35914767, 48.12549612 ], [ 19.35910476, 48.1254919 ], [ 19.35856204, 48.12556074 ], [ 19.35854771, 48.12556249 ], [ 19.35846532, 48.12557224 ], [ 19.3584589, 48.12557311 ], [ 19.35846463, 48.12559502 ], [ 19.35840536, 48.12561157 ], [ 19.35827998, 48.12564667 ], [ 19.35819069, 48.12567188 ], [ 19.35788695, 48.12575533 ], [ 19.35789289, 48.1257677 ], [ 19.3578629, 48.12577618 ], [ 19.35773363, 48.12581245 ], [ 19.3576856, 48.12582583 ], [ 19.35755666, 48.12586149 ], [ 19.35733392, 48.12592421 ], [ 19.35725661, 48.12594566 ], [ 19.35711091, 48.12598574 ], [ 19.35688472, 48.12604793 ], [ 19.35665696, 48.12610977 ], [ 19.3565711, 48.12613306 ], [ 19.35651441, 48.12614928 ], [ 19.35645049, 48.12616641 ], [ 19.35624803, 48.12622081 ], [ 19.35611421, 48.12625686 ], [ 19.3561042, 48.12625846 ], [ 19.35599333, 48.12628641 ], [ 19.35580209, 48.12634045 ], [ 19.35580652, 48.12634941 ], [ 19.3557189, 48.12637397 ], [ 19.35567809, 48.12638536 ], [ 19.35560408, 48.12640615 ], [ 19.35548551, 48.12643933 ], [ 19.35525615, 48.12649712 ], [ 19.3550507, 48.12655553 ], [ 19.35492484, 48.12659142 ], [ 19.35487177, 48.12660654 ], [ 19.35479897, 48.12662731 ], [ 19.35470218, 48.12665332 ], [ 19.35457019, 48.12668856 ], [ 19.35451571, 48.12670299 ], [ 19.35434743, 48.12674766 ], [ 19.35429125, 48.12676291 ], [ 19.35423064, 48.12677921 ], [ 19.35412926, 48.12680906 ], [ 19.35406891, 48.12682681 ], [ 19.35406678, 48.12682283 ], [ 19.35401485, 48.12683612 ], [ 19.35384136, 48.12688027 ], [ 19.35376504, 48.12689997 ], [ 19.35369123, 48.12691888 ], [ 19.35372875, 48.12697604 ], [ 19.35366647, 48.12699289 ], [ 19.35355025, 48.12702428 ], [ 19.35347144, 48.12704457 ], [ 19.3534123, 48.12701947 ], [ 19.35344767, 48.12706526 ], [ 19.35348425, 48.12713752 ], [ 19.35350461, 48.12717123 ], [ 19.35360217, 48.12714435 ], [ 19.35360745, 48.12714289 ], [ 19.35368282, 48.12712198 ], [ 19.35370475, 48.12711591 ], [ 19.35381206, 48.12708481 ], [ 19.3538646, 48.12706957 ], [ 19.35393202, 48.12704999 ], [ 19.3540697, 48.12701197 ], [ 19.35417047, 48.12698398 ], [ 19.35435076, 48.12693168 ], [ 19.3544029, 48.12691641 ], [ 19.35454778, 48.12687657 ], [ 19.35463994, 48.12685105 ], [ 19.35477179, 48.12681455 ], [ 19.35487576, 48.12678572 ], [ 19.35505862, 48.12673453 ], [ 19.3551132, 48.12671912 ], [ 19.35530366, 48.12666604 ], [ 19.35534838, 48.12665348 ], [ 19.35552206, 48.12660492 ], [ 19.35559024, 48.12658583 ], [ 19.35579001, 48.12653013 ], [ 19.35582999, 48.12651897 ], [ 19.35595972, 48.12648092 ], [ 19.35606875, 48.12644882 ], [ 19.35620214, 48.12641176 ], [ 19.35629796, 48.12638479 ], [ 19.35653577, 48.12631721 ], [ 19.35667966, 48.1262765 ], [ 19.35676812, 48.12625153 ], [ 19.35700495, 48.12618426 ], [ 19.35723998, 48.12612249 ] ] ] } },
{ "type": "Feature", "properties": { "@featureType": "CadastralParcel", "areaValue": { "value": 9390, "@uom": "m2" }, "beginLifespanVersion": { "@nilReason": "http://inspire.ec.europa.eu/codelist/VoidReasonValue/Unpopulated", "@nil": "true" }, "endLifespanVersion": { "@nilReason": "http://inspire.ec.europa.eu/codelist/VoidReasonValue/Unpopulated", "@nil": "true" }, "inspireId": { "@dataType": "Identifier", "localId": "874302_1185.C", "namespace": "SK.ESKN.CP", "versionId": "20260703T04:07:20" }, "label": "1185", "nationalCadastralReference": "874302_1185.C", "referencePoint": { "type": "Point", "coordinates": [ 19.35336616, 48.12715438 ] }, "validFrom": "2026-06-30T16:00:00Z", "validTo": { "@nilReason": "http://inspire.ec.europa.eu/codelist/VoidReasonValue/Unpopulated", "@nil": "true" }, "administrativeUnit": { "@href": "#auAdmUnitS.1383" } }, "geometry": { "type": "Polygon", "coordinates": [ [ [ 19.35379881, 48.1283433 ], [ 19.35384515, 48.12843506 ], [ 19.35391436, 48.12857364 ], [ 19.35393654, 48.12861934 ], [ 19.35398082, 48.12871028 ], [ 19.35400192, 48.12875349 ], [ 19.35404807, 48.12884831 ], [ 19.35411385, 48.12898744 ], [ 19.35416165, 48.12908198 ], [ 19.35419746, 48.12915258 ], [ 19.35426286, 48.12928151 ], [ 19.3542788, 48.12927849 ], [ 19.35431137, 48.12927247 ], [ 19.35434257, 48.12926667 ], [ 19.35441638, 48.12924649 ], [ 19.35449125, 48.12922529 ], [ 19.35440484, 48.12905361 ], [ 19.35434683, 48.12893866 ], [ 19.35430098, 48.12884611 ], [ 19.35425003, 48.1287433 ], [ 19.35420462, 48.12865159 ], [ 19.35418598, 48.12861435 ], [ 19.35417592, 48.12857501 ], [ 19.35415749, 48.12853328 ], [ 19.35410738, 48.12841627 ], [ 19.35406475, 48.1283163 ], [ 19.35392145, 48.1279803 ], [ 19.35385555, 48.12785235 ], [ 19.35382377, 48.12779059 ], [ 19.35359616, 48.12734893 ], [ 19.35351275, 48.12718704 ], [ 19.35350461, 48.12717123 ], [ 19.35348425, 48.12713752 ], [ 19.35344767, 48.12706526 ], [ 19.3534123, 48.12701947 ], [ 19.35340243, 48.12698211 ], [ 19.35307801, 48.12630885 ], [ 19.35290979, 48.12596165 ], [ 19.35287215, 48.12588933 ], [ 19.35281833, 48.12576051 ], [ 19.35281426, 48.12575076 ], [ 19.35274209, 48.12557822 ], [ 19.35267369, 48.12556169 ], [ 19.35261339, 48.12546069 ], [ 19.35258285, 48.12541639 ], [ 19.35211945, 48.12501481 ], [ 19.35209273, 48.12506059 ], [ 19.35208619, 48.1250638 ], [ 19.35199018, 48.12509516 ], [ 19.35198364, 48.12509837 ], [ 19.35191603, 48.12513985 ], [ 19.35204542, 48.12523325 ], [ 19.3521208, 48.12530035 ], [ 19.35213479, 48.12531301 ], [ 19.35221655, 48.12538718 ], [ 19.35236657, 48.12552314 ], [ 19.35243147, 48.12559749 ], [ 19.35249877, 48.12567457 ], [ 19.35259223, 48.12583694 ], [ 19.35268603, 48.12599987 ], [ 19.35276441, 48.12615845 ], [ 19.35278045, 48.12619223 ], [ 19.35279893, 48.12623098 ], [ 19.35284034, 48.12631845 ], [ 19.3528737, 48.12638804 ], [ 19.35291629, 48.12647701 ], [ 19.3529416, 48.12652998 ], [ 19.35298979, 48.12663085 ], [ 19.35302018, 48.12669416 ], [ 19.35306684, 48.1267918 ], [ 19.35308679, 48.12683189 ], [ 19.35314277, 48.12694549 ], [ 19.35316698, 48.12699741 ], [ 19.35321814, 48.12710951 ], [ 19.35325346, 48.12718975 ], [ 19.35329074, 48.12727431 ], [ 19.35332546, 48.12735379 ], [ 19.35336471, 48.1274426 ], [ 19.35340081, 48.12752305 ], [ 19.35344431, 48.12761873 ], [ 19.3534637, 48.12761498 ], [ 19.35348153, 48.12765226 ], [ 19.35353026, 48.12775442 ], [ 19.35350327, 48.12775997 ], [ 19.35352094, 48.12780248 ], [ 19.35356025, 48.12789697 ], [ 19.35363371, 48.12803358 ], [ 19.35366854, 48.12809828 ], [ 19.35370335, 48.12816307 ], [ 19.35377457, 48.12829552 ], [ 19.35379881, 48.1283433 ] ] ] } },
{ "type": "Feature", "properties": { "@featureType": "CadastralParcel", "areaValue": { "value": 5717, "@uom": "m2" }, "beginLifespanVersion": { "@nilReason": "http://inspire.ec.europa.eu/codelist/VoidReasonValue/Unpopulated", "@nil": "true" }, "endLifespanVersion": { "@nilReason": "http://inspire.ec.europa.eu/codelist/VoidReasonValue/Unpopulated", "@nil": "true" }, "inspireId": { "@dataType": "Identifier", "localId": "874302_1208/1.C", "namespace": "SK.ESKN.CP", "versionId": "20260703T04:07:20" }, "label": "1208/1", "nationalCadastralReference": "874302_1208/1.C", "referencePoint": { "type": "Point", "coordinates": [ 19.35313734, 48.11980051 ] }, "validFrom": "2026-06-30T16:00:00Z", "validTo": { "@nilReason": "http://inspire.ec.europa.eu/codelist/VoidReasonValue/Unpopulated", "@nil": "true" }, "administrativeUnit": { "@href": "#auAdmUnitS.1383" } }, "geometry": { "type": "Polygon", "coordinates": [ [ [ 19.35269109, 48.12044469 ], [ 19.35260513, 48.12048781 ], [ 19.35259004, 48.12047284 ], [ 19.3522467, 48.12063444 ], [ 19.3522715, 48.12065691 ], [ 19.35237436, 48.12075022 ], [ 19.3525571, 48.12065845 ], [ 19.35258927, 48.12064223 ], [ 19.35271096, 48.12058108 ], [ 19.35279694, 48.12053777 ], [ 19.35301199, 48.1204297 ], [ 19.35322704, 48.12032163 ], [ 19.35344209, 48.12021356 ], [ 19.35360566, 48.12035621 ], [ 19.35375458, 48.12048599 ], [ 19.3537225, 48.12044351 ], [ 19.35358344, 48.12032223 ], [ 19.35365484, 48.12028554 ], [ 19.35385091, 48.12045671 ], [ 19.35397764, 48.1203912 ], [ 19.35381869, 48.12025066 ], [ 19.35365756, 48.12011038 ], [ 19.35349679, 48.11997056 ], [ 19.35370947, 48.11985823 ], [ 19.35391986, 48.11974714 ], [ 19.35407213, 48.11967194 ], [ 19.35428806, 48.11955561 ], [ 19.35417982, 48.11945719 ], [ 19.35396409, 48.11957424 ], [ 19.35381859, 48.11965274 ], [ 19.35359092, 48.11976553 ], [ 19.35340476, 48.11985785 ], [ 19.35336445, 48.11985195 ], [ 19.35320259, 48.11970974 ], [ 19.35304242, 48.11956436 ], [ 19.35287475, 48.11941223 ], [ 19.35274208, 48.1192917 ], [ 19.35270735, 48.11926019 ], [ 19.35279257, 48.11921631 ], [ 19.35262332, 48.11906518 ], [ 19.35242187, 48.11888527 ], [ 19.35233692, 48.11892907 ], [ 19.35257989, 48.11914379 ], [ 19.35266736, 48.11922112 ], [ 19.35253905, 48.11939566 ], [ 19.35252666, 48.11940201 ], [ 19.35268522, 48.11954614 ], [ 19.35284391, 48.11969027 ], [ 19.35300841, 48.11983549 ], [ 19.35317211, 48.11997815 ], [ 19.35333567, 48.12012081 ], [ 19.35312076, 48.1202288 ], [ 19.352906, 48.1203367 ], [ 19.35269109, 48.12044469 ] ] ] } },
{ "type": "Feature", "properties": { "@featureType": "CadastralParcel", "areaValue": { "value": 2755, "@uom": "m2" }, "beginLifespanVersion": { "@nilReason": "http://inspire.ec.europa.eu/codelist/VoidReasonValue/Unpopulated", "@nil": "true" }, "endLifespanVersion": { "@nilReason": "http://inspire.ec.europa.eu/codelist/VoidReasonValue/Unpopulated", "@nil": "true" }, "inspireId": { "@dataType": "Identifier", "localId": "874302_1189/1.C", "namespace": "SK.ESKN.CP", "versionId": "20260703T04:07:20" }, "label": "1189/1", "nationalCadastralReference": "874302_1189/1.C", "referencePoint": { "type": "Point", "coordinates": [ 19.35904257, 48.12455217 ] }, "validFrom": "2026-06-30T16:00:00Z", "validTo": { "@nilReason": "http://inspire.ec.europa.eu/codelist/VoidReasonValue/Unpopulated", "@nil": "true" }, "administrativeUnit": { "@href": "#auAdmUnitS.1383" } }, "geometry": { "type": "Polygon", "coordinates": [ [ [ 19.35923433, 48.12544392 ], [ 19.35925582, 48.12544071 ], [ 19.35911545, 48.12484031 ], [ 19.35909663, 48.12475943 ], [ 19.35916812, 48.12444609 ], [ 19.35920422, 48.12436289 ], [ 19.3592107, 48.1243136 ], [ 19.35921284, 48.12429612 ], [ 19.35928229, 48.1240963 ], [ 19.35929047, 48.12353873 ], [ 19.35926188, 48.12353537 ], [ 19.35919717, 48.12353218 ], [ 19.35907667, 48.12351423 ], [ 19.35914087, 48.12370225 ], [ 19.35913592, 48.12382788 ], [ 19.35913186, 48.12392751 ], [ 19.35912667, 48.12401887 ], [ 19.3591215, 48.12410753 ], [ 19.35911605, 48.12415217 ], [ 19.35909974, 48.12419638 ], [ 19.35905007, 48.12427047 ], [ 19.35908667, 48.12431739 ], [ 19.35900394, 48.12446248 ], [ 19.3588785, 48.12464185 ], [ 19.35891708, 48.12478734 ], [ 19.35895527, 48.12493146 ], [ 19.35899371, 48.12507577 ], [ 19.35900256, 48.12510883 ], [ 19.35900976, 48.12513596 ], [ 19.35910476, 48.1254919 ], [ 19.35914767, 48.12549612 ], [ 19.35923433, 48.12544392 ] ] ] } },
{ "type": "Feature", "properties": { "@featureType": "CadastralParcel", "areaValue": { "value": 1722, "@uom": "m2" }, "beginLifespanVersion": { "@nilReason": "http://inspire.ec.europa.eu/codelist/VoidReasonValue/Unpopulated", "@nil": "true" }, "endLifespanVersion": { "@nilReason": "http://inspire.ec.europa.eu/codelist/VoidReasonValue/Unpopulated", "@nil": "true" }, "inspireId": { "@dataType": "Identifier", "localId": "874302_1189/2.C", "namespace": "SK.ESKN.CP", "versionId": "20260703T04:07:20" }, "label": "1189/2", "nationalCadastralReference": "874302_1189/2.C", "referencePoint": { "type": "Point", "coordinates": [ 19.35945555, 48.12383284 ] }, "validFrom": "2026-06-30T16:00:00Z", "validTo": { "@nilReason": "http://inspire.ec.europa.eu/codelist/VoidReasonValue/Unpopulated", "@nil": "true" }, "administrativeUnit": { "@href": "#auAdmUnitS.1383" } }, "geometry": { "type": "Polygon", "coordinates": [ [ [ 19.35948874, 48.12399439 ], [ 19.35951072, 48.12394251 ], [ 19.3595477, 48.12389388 ], [ 19.35959749, 48.12385145 ], [ 19.35965238, 48.12381423 ], [ 19.35973636, 48.12377191 ], [ 19.35980214, 48.12375252 ], [ 19.35990445, 48.12373524 ], [ 19.35996051, 48.12373243 ], [ 19.36001985, 48.12374925 ], [ 19.3600913, 48.12378009 ], [ 19.36015881, 48.1238138 ], [ 19.36006048, 48.12370683 ], [ 19.3598979, 48.12365296 ], [ 19.35962335, 48.12357813 ], [ 19.35929047, 48.12353873 ], [ 19.35928229, 48.1240963 ], [ 19.35946948, 48.12408634 ], [ 19.35947355, 48.1240483 ], [ 19.35948874, 48.12399439 ] ] ] } },
{ "type": "Feature", "properties": { "@featureType": "CadastralParcel", "areaValue": { "value": 347, "@uom": "m2" }, "beginLifespanVersion": { "@nilReason": "http://inspire.ec.europa.eu/codelist/VoidReasonValue/Unpopulated", "@nil": "true" }, "endLifespanVersion": { "@nilReason": "http://inspire.ec.europa.eu/codelist/VoidReasonValue/Unpopulated", "@nil": "true" }, "inspireId": { "@dataType": "Identifier", "localId": "874302_1189/3.C", "namespace": "SK.ESKN.CP", "versionId": "20260703T04:07:20" }, "label": "1189/3", "nationalCadastralReference": "874302_1189/3.C", "referencePoint": { "type": "Point", "coordinates": [ 19.35935939, 48.12421055 ] }, "validFrom": "2026-06-30T16:00:00Z", "validTo": { "@nilReason": "http://inspire.ec.europa.eu/codelist/VoidReasonValue/Unpopulated", "@nil": "true" }, "administrativeUnit": { "@href": "#auAdmUnitS.1383" } }, "geometry": { "type": "Polygon", "coordinates": [ [ [ 19.35946775, 48.12410249 ], [ 19.35946948, 48.12408634 ], [ 19.35928229, 48.1240963 ], [ 19.35921284, 48.12429612 ], [ 19.35931203, 48.1242842 ], [ 19.35948484, 48.1242639 ], [ 19.35946756, 48.12415721 ], [ 19.35946775, 48.12410249 ] ] ] } },
{ "type": "Feature", "properties": { "@featureType": "CadastralParcel", "areaValue": { "value": 3306, "@uom": "m2" }, "beginLifespanVersion": { "@nilReason": "http://inspire.ec.europa.eu/codelist/VoidReasonValue/Unpopulated", "@nil": "true" }, "endLifespanVersion": { "@nilReason": "http://inspire.ec.europa.eu/codelist/VoidReasonValue/Unpopulated", "@nil": "true" }, "inspireId": { "@dataType": "Identifier", "localId": "874302_1196.C", "namespace": "SK.ESKN.CP", "versionId": "20260703T04:07:20" }, "label": "1196", "nationalCadastralReference": "874302_1196.C", "referencePoint": { "type": "Point", "coordinates": [ 19.3572307, 48.12084428 ] }, "validFrom": "2026-06-30T16:00:00Z", "validTo": { "@nilReason": "http://inspire.ec.europa.eu/codelist/VoidReasonValue/Unpopulated", "@nil": "true" }, "administrativeUnit": { "@href": "#auAdmUnitS.1383" } }, "geometry": { "type": "Polygon", "coordinates": [ [ [ 19.35752244, 48.12131939 ], [ 19.35758994, 48.12138962 ], [ 19.3577018, 48.12150589 ], [ 19.35773393, 48.12153917 ], [ 19.35778269, 48.12151392 ], [ 19.35778723, 48.12151053 ], [ 19.3578383, 48.12147375 ], [ 19.35784282, 48.12147045 ], [ 19.35789958, 48.12139689 ], [ 19.35671907, 48.12013427 ], [ 19.35670873, 48.12013783 ], [ 19.35658639, 48.12016983 ], [ 19.35653979, 48.1202052 ], [ 19.3564918, 48.1202295 ], [ 19.35658141, 48.12032216 ], [ 19.35668301, 48.1204273 ], [ 19.3567931, 48.12054124 ], [ 19.35687706, 48.12063002 ], [ 19.35701952, 48.12078121 ], [ 19.35704977, 48.12081323 ], [ 19.35710723, 48.12087532 ], [ 19.35715383, 48.12092561 ], [ 19.35718376, 48.12095798 ], [ 19.35725825, 48.12103837 ], [ 19.35741118, 48.12120377 ], [ 19.35752244, 48.12131939 ] ] ] } },
{ "type": "Feature", "properties": { "@featureType": "CadastralParcel", "areaValue": { "value": 291, "@uom": "m2" }, "beginLifespanVersion": { "@nilReason": "http://inspire.ec.europa.eu/codelist/VoidReasonValue/Unpopulated", "@nil": "true" }, "endLifespanVersion": { "@nilReason": "http://inspire.ec.europa.eu/codelist/VoidReasonValue/Unpopulated", "@nil": "true" }, "inspireId": { "@dataType": "Identifier", "localId": "874302_1182/4.C", "namespace": "SK.ESKN.CP", "versionId": "20260703T04:07:20" }, "label": "1182/4", "nationalCadastralReference": "874302_1182/4.C", "referencePoint": { "type": "Point", "coordinates": [ 19.35725584, 48.11841534 ] }, "validFrom": "2026-06-30T16:00:00Z", "validTo": { "@nilReason": "http://inspire.ec.europa.eu/codelist/VoidReasonValue/Unpopulated", "@nil": "true" }, "administrativeUnit": { "@href": "#auAdmUnitS.1383" } }, "geometry": { "type": "Polygon", "coordinates": [ [ [ 19.35714915, 48.11870723 ], [ 19.3572657, 48.11848379 ], [ 19.35730906, 48.11835539 ], [ 19.35743249, 48.11811795 ], [ 19.35737453, 48.11812355 ], [ 19.35727272, 48.11830613 ], [ 19.35719551, 48.11847528 ], [ 19.35712206, 48.11864579 ], [ 19.357137, 48.11864705 ], [ 19.35712423, 48.11869972 ], [ 19.35714915, 48.11870723 ] ] ] } },
{ "type": "Feature", "properties": { "@featureType": "CadastralParcel", "areaValue": { "value": 2755, "@uom": "m2" }, "beginLifespanVersion": { "@nilReason": "http://inspire.ec.europa.eu/codelist/VoidReasonValue/Unpopulated", "@nil": "true" }, "endLifespanVersion": { "@nilReason": "http://inspire.ec.europa.eu/codelist/VoidReasonValue/Unpopulated", "@nil": "true" }, "inspireId": { "@dataType": "Identifier", "localId": "874302_1182/3.C", "namespace": "SK.ESKN.CP", "versionId": "20260703T04:07:20" }, "label": "1182/3", "nationalCadastralReference": "874302_1182/3.C", "referencePoint": { "type": "Point", "coordinates": [ 19.35721742, 48.11757722 ] }, "validFrom": "2026-06-30T16:00:00Z", "validTo": { "@nilReason": "http://inspire.ec.europa.eu/codelist/VoidReasonValue/Unpopulated", "@nil": "true" }, "administrativeUnit": { "@href": "#auAdmUnitS.1383" } }, "geometry": { "type": "Polygon", "coordinates": [ [ [ 19.35638711, 48.11761453 ], [ 19.35633598, 48.11743291 ], [ 19.35648057, 48.11740558 ], [ 19.35657449, 48.11740747 ], [ 19.35662696, 48.11742054 ], [ 19.35675678, 48.11741035 ], [ 19.35683045, 48.11741785 ], [ 19.35694052, 48.11745 ], [ 19.35703735, 48.11749396 ], [ 19.35713058, 48.11754649 ], [ 19.35720682, 48.11760795 ], [ 19.35730563, 48.11769636 ], [ 19.35734334, 48.11778185 ], [ 19.3573596, 48.11794331 ], [ 19.35736752, 48.11794612 ], [ 19.35737453, 48.11812355 ], [ 19.35743249, 48.11811795 ], [ 19.35751108, 48.11806049 ], [ 19.35736957, 48.11766255 ], [ 19.3571383, 48.11747175 ], [ 19.35704154, 48.11742464 ], [ 19.35686684, 48.11735585 ], [ 19.35669304, 48.11728746 ], [ 19.35575464, 48.11697374 ], [ 19.35560112, 48.11709965 ], [ 19.35557005, 48.11707796 ], [ 19.35552564, 48.11710288 ], [ 19.35555229, 48.11712309 ], [ 19.35555719, 48.11713144 ], [ 19.35558069, 48.11717233 ], [ 19.35566428, 48.11717012 ], [ 19.3557396, 48.11718221 ], [ 19.35586797, 48.11722588 ], [ 19.35603357, 48.11729541 ], [ 19.35618601, 48.11738216 ], [ 19.35631213, 48.11749353 ], [ 19.35638711, 48.11761453 ] ] ] } },
{ "type": "Feature", "properties": { "@featureType": "CadastralParcel", "areaValue": { "value": 27, "@uom": "m2" }, "beginLifespanVersion": { "@nilReason": "http://inspire.ec.europa.eu/codelist/VoidReasonValue/Unpopulated", "@nil": "true" }, "endLifespanVersion": { "@nilReason": "http://inspire.ec.europa.eu/codelist/VoidReasonValue/Unpopulated", "@nil": "true" }, "inspireId": { "@dataType": "Identifier", "localId": "874302_748/10.C", "namespace": "SK.ESKN.CP", "versionId": "20260703T04:07:20" }, "label": "748/10", "nationalCadastralReference": "874302_748/10.C", "referencePoint": { "type": "Point", "coordinates": [ 19.3570994, 48.11875238 ] }, "validFrom": "2026-06-30T16:00:00Z", "validTo": { "@nilReason": "http://inspire.ec.europa.eu/codelist/VoidReasonValue/Unpopulated", "@nil": "true" }, "administrativeUnit": { "@href": "#auAdmUnitS.1383" } }, "geometry": { "type": "Polygon", "coordinates": [ [ [ 19.35709657, 48.11880723 ], [ 19.35712423, 48.11869972 ], [ 19.357137, 48.11864705 ], [ 19.35712206, 48.11864579 ], [ 19.35707135, 48.11880503 ], [ 19.35709657, 48.11880723 ] ] ] } },
{ "type": "Feature", "properties": { "@featureType": "CadastralParcel", "areaValue": { "value": 1068, "@uom": "m2" }, "beginLifespanVersion": { "@nilReason": "http://inspire.ec.europa.eu/codelist/VoidReasonValue/Unpopulated", "@nil": "true" }, "endLifespanVersion": { "@nilReason": "http://inspire.ec.europa.eu/codelist/VoidReasonValue/Unpopulated", "@nil": "true" }, "inspireId": { "@dataType": "Identifier", "localId": "874302_748/8.C", "namespace": "SK.ESKN.CP", "versionId": "20260703T04:07:20" }, "label": "748/8", "nationalCadastralReference": "874302_748/8.C", "referencePoint": { "type": "Point", "coordinates": [ 19.35728976, 48.11889877 ] }, "validFrom": "2026-06-30T16:00:00Z", "validTo": { "@nilReason": "http://inspire.ec.europa.eu/codelist/VoidReasonValue/Unpopulated", "@nil": "true" }, "administrativeUnit": { "@href": "#auAdmUnitS.1383" } }, "geometry": { "type": "Polygon", "coordinates": [ [ [ 19.35745229, 48.11914899 ], [ 19.35764994, 48.11900707 ], [ 19.35721157, 48.11872799 ], [ 19.35714915, 48.11870723 ], [ 19.35712423, 48.11869972 ], [ 19.35709657, 48.11880723 ], [ 19.35710284, 48.1189903 ], [ 19.35745229, 48.11914899 ] ] ] } },
{ "type": "Feature", "properties": { "@featureType": "CadastralParcel", "areaValue": { "value": 9903, "@uom": "m2" }, "beginLifespanVersion": { "@nilReason": "http://inspire.ec.europa.eu/codelist/VoidReasonValue/Unpopulated", "@nil": "true" }, "endLifespanVersion": { "@nilReason": "http://inspire.ec.europa.eu/codelist/VoidReasonValue/Unpopulated", "@nil": "true" }, "inspireId": { "@dataType": "Identifier", "localId": "874302_1209.C", "namespace": "SK.ESKN.CP", "versionId": "20260703T04:07:20" }, "label": "1209", "nationalCadastralReference": "874302_1209.C", "referencePoint": { "type": "Point", "coordinates": [ 19.3517074, 48.11917615 ] }, "validFrom": "2026-06-30T16:00:00Z", "validTo": { "@nilReason": "http://inspire.ec.europa.eu/codelist/VoidReasonValue/Unpopulated", "@nil": "true" }, "administrativeUnit": { "@href": "#auAdmUnitS.1383" } }, "geometry": { "type": "Polygon", "coordinates": [ [ [ 19.35417835, 48.11796878 ], [ 19.3542096, 48.1179536 ], [ 19.35425106, 48.11793232 ], [ 19.35428788, 48.11791795 ], [ 19.35473229, 48.11768112 ], [ 19.35504979, 48.11751529 ], [ 19.35536728, 48.11734956 ], [ 19.35562129, 48.11721693 ], [ 19.35560195, 48.11721772 ], [ 19.35558069, 48.11717233 ], [ 19.35555719, 48.11713144 ], [ 19.35545066, 48.11718566 ], [ 19.35532805, 48.11724804 ], [ 19.35527817, 48.11727369 ], [ 19.35521291, 48.11730717 ], [ 19.3551086, 48.11736086 ], [ 19.35505173, 48.11739014 ], [ 19.35492562, 48.11745496 ], [ 19.35485397, 48.11749156 ], [ 19.354746, 48.1175467 ], [ 19.35468449, 48.11757793 ], [ 19.35456474, 48.11763864 ], [ 19.3545079, 48.11766648 ], [ 19.35438128, 48.11772848 ], [ 19.35417393, 48.11783385 ], [ 19.3540605, 48.11773238 ], [ 19.35399169, 48.11767074 ], [ 19.35368914, 48.11739996 ], [ 19.35362462, 48.11743789 ], [ 19.35394424, 48.11773915 ], [ 19.35408773, 48.11787435 ], [ 19.35389889, 48.11797412 ], [ 19.35383826, 48.11800593 ], [ 19.35372128, 48.11806713 ], [ 19.35366792, 48.11809514 ], [ 19.35355379, 48.11815494 ], [ 19.35350164, 48.11818174 ], [ 19.35338467, 48.11824159 ], [ 19.35331984, 48.11827482 ], [ 19.35321156, 48.11833031 ], [ 19.35314603, 48.11836377 ], [ 19.35304034, 48.11841767 ], [ 19.35298607, 48.11844536 ], [ 19.35287013, 48.11850445 ], [ 19.35281669, 48.11853191 ], [ 19.35269856, 48.1185926 ], [ 19.35264696, 48.11861925 ], [ 19.35252737, 48.11868096 ], [ 19.35247726, 48.11870624 ], [ 19.35235482, 48.11876817 ], [ 19.35230255, 48.11879478 ], [ 19.35218548, 48.11885435 ], [ 19.35201806, 48.11894018 ], [ 19.35196213, 48.11896825 ], [ 19.35184416, 48.11902741 ], [ 19.35178261, 48.1190589 ], [ 19.35167489, 48.11911415 ], [ 19.35161947, 48.1191425 ], [ 19.35150266, 48.11920209 ], [ 19.35143792, 48.11923451 ], [ 19.35133135, 48.11928782 ], [ 19.35115819, 48.11937436 ], [ 19.35094829, 48.1194834 ], [ 19.35078972, 48.11933819 ], [ 19.35046338, 48.11903939 ], [ 19.35036671, 48.11909074 ], [ 19.35066175, 48.11937749 ], [ 19.35069602, 48.11941087 ], [ 19.35073602, 48.11944976 ], [ 19.35083202, 48.11954301 ], [ 19.35075231, 48.11958436 ], [ 19.35073548, 48.11959311 ], [ 19.35061785, 48.1196541 ], [ 19.35055832, 48.11968433 ], [ 19.35044711, 48.11974067 ], [ 19.3503846, 48.11977238 ], [ 19.35026967, 48.11983079 ], [ 19.35010227, 48.11991004 ], [ 19.35009883, 48.11991194 ], [ 19.35003876, 48.11994477 ], [ 19.34992446, 48.12000727 ], [ 19.34987013, 48.12003549 ], [ 19.34975061, 48.12009774 ], [ 19.34969111, 48.12012771 ], [ 19.34957767, 48.12018475 ], [ 19.34952284, 48.12021259 ], [ 19.34940692, 48.1202714 ], [ 19.34935088, 48.12030045 ], [ 19.34923324, 48.12036153 ], [ 19.34918418, 48.12038703 ], [ 19.34906483, 48.12044893 ], [ 19.34899783, 48.12048349 ], [ 19.34889078, 48.12053867 ], [ 19.34882987, 48.1205692 ], [ 19.34871885, 48.120625 ], [ 19.34866085, 48.12065477 ], [ 19.34854485, 48.1207143 ], [ 19.34848935, 48.12074211 ], [ 19.34837136, 48.12080136 ], [ 19.34830764, 48.12083428 ], [ 19.34819929, 48.12089021 ], [ 19.34814444, 48.12091823 ], [ 19.34802364, 48.12097987 ], [ 19.34796875, 48.12100826 ], [ 19.34776443, 48.12111404 ], [ 19.34779534, 48.12114474 ], [ 19.34782654, 48.12117789 ], [ 19.34785145, 48.12120054 ], [ 19.34804584, 48.12110195 ], [ 19.34823652, 48.12100525 ], [ 19.34832011, 48.12096292 ], [ 19.34841894, 48.12091284 ], [ 19.34864352, 48.12079893 ], [ 19.34876317, 48.12073804 ], [ 19.34883039, 48.12070385 ], [ 19.34901783, 48.12060852 ], [ 19.34915303, 48.12053819 ], [ 19.34931319, 48.1204549 ], [ 19.34933487, 48.12044359 ], [ 19.34945589, 48.1203825 ], [ 19.34952922, 48.12034535 ], [ 19.34966134, 48.12027866 ], [ 19.34978579, 48.12021314 ], [ 19.34999982, 48.12010087 ], [ 19.35008514, 48.12005736 ], [ 19.35073278, 48.11972769 ], [ 19.35089964, 48.11964211 ], [ 19.35094652, 48.1196256 ], [ 19.35099956, 48.11960696 ], [ 19.35106733, 48.1195865 ], [ 19.35123612, 48.1194992 ], [ 19.35140504, 48.11941201 ], [ 19.35157383, 48.11932471 ], [ 19.35174262, 48.11923741 ], [ 19.35191154, 48.11915021 ], [ 19.3520348, 48.11908571 ], [ 19.35208459, 48.1190596 ], [ 19.35212753, 48.11903714 ], [ 19.35211273, 48.11902317 ], [ 19.35222846, 48.11896354 ], [ 19.35232167, 48.11891553 ], [ 19.35233692, 48.11892907 ], [ 19.35242187, 48.11888527 ], [ 19.35259206, 48.1187975 ], [ 19.35276225, 48.11870964 ], [ 19.35274346, 48.11870026 ], [ 19.352842, 48.11865025 ], [ 19.35290309, 48.11861928 ], [ 19.35311853, 48.11850997 ], [ 19.35315525, 48.11849153 ], [ 19.35321077, 48.11846345 ], [ 19.35326061, 48.11843816 ], [ 19.35352215, 48.11830464 ], [ 19.35383824, 48.11814317 ], [ 19.35417835, 48.11796878 ] ] ] } },
{ "type": "Feature", "properties": { "@featureType": "CadastralParcel", "areaValue": { "value": 4238, "@uom": "m2" }, "beginLifespanVersion": { "@nilReason": "http://inspire.ec.europa.eu/codelist/VoidReasonValue/Unpopulated", "@nil": "true" }, "endLifespanVersion": { "@nilReason": "http://inspire.ec.europa.eu/codelist/VoidReasonValue/Unpopulated", "@nil": "true" }, "inspireId": { "@dataType": "Identifier", "localId": "874302_1207.C", "namespace": "SK.ESKN.CP", "versionId": "20260703T04:07:20" }, "label": "1207", "nationalCadastralReference": "874302_1207.C", "referencePoint": { "type": "Point", "coordinates": [ 19.35213428, 48.12064568 ] }, "validFrom": "2026-06-30T16:00:00Z", "validTo": { "@nilReason": "http://inspire.ec.europa.eu/codelist/VoidReasonValue/Unpopulated", "@nil": "true" }, "administrativeUnit": { "@href": "#auAdmUnitS.1383" } }, "geometry": { "type": "Polygon", "coordinates": [ [ [ 19.3524976, 48.12107831 ], [ 19.35257278, 48.12114594 ], [ 19.35265875, 48.12122346 ], [ 19.35270108, 48.12126201 ], [ 19.3527503, 48.12130666 ], [ 19.35283009, 48.12137776 ], [ 19.3529228, 48.12146282 ], [ 19.35298446, 48.12151961 ], [ 19.35300235, 48.12153607 ], [ 19.35320033, 48.12171843 ], [ 19.35328587, 48.12170053 ], [ 19.35333843, 48.12167501 ], [ 19.35337666, 48.12163618 ], [ 19.35312184, 48.12140745 ], [ 19.35278989, 48.12112687 ], [ 19.35271206, 48.12105632 ], [ 19.35264455, 48.1209951 ], [ 19.35258746, 48.1209434 ], [ 19.35256193, 48.12092026 ], [ 19.35237436, 48.12075022 ], [ 19.3522715, 48.12065691 ], [ 19.3522467, 48.12063444 ], [ 19.35213937, 48.12053885 ], [ 19.35194868, 48.1203691 ], [ 19.35192531, 48.12034842 ], [ 19.35176895, 48.12021016 ], [ 19.35168197, 48.12013205 ], [ 19.35162301, 48.12007899 ], [ 19.35160041, 48.1200587 ], [ 19.35143772, 48.1199142 ], [ 19.3512703, 48.11976603 ], [ 19.35106733, 48.1195865 ], [ 19.35099956, 48.11960696 ], [ 19.35094652, 48.1196256 ], [ 19.35089964, 48.11964211 ], [ 19.35104275, 48.11977206 ], [ 19.3510803, 48.11980614 ], [ 19.35119064, 48.1199063 ], [ 19.35125425, 48.1199612 ], [ 19.35129369, 48.11999529 ], [ 19.3513957, 48.12009405 ], [ 19.35144557, 48.12014018 ], [ 19.35151138, 48.12020086 ], [ 19.35160048, 48.12028314 ], [ 19.35165706, 48.12033319 ], [ 19.35172523, 48.12039336 ], [ 19.35180765, 48.12046621 ], [ 19.35184526, 48.12049984 ], [ 19.3519291, 48.12057456 ], [ 19.35204879, 48.12068049 ], [ 19.3521189, 48.12074264 ], [ 19.35217312, 48.12079087 ], [ 19.35226537, 48.12087266 ], [ 19.35226151, 48.12087473 ], [ 19.35236149, 48.12096096 ], [ 19.35240699, 48.12100011 ], [ 19.3524976, 48.12107831 ] ] ] } },
{ "type": "Feature", "properties": { "@featureType": "CadastralParcel", "areaValue": { "value": 4032, "@uom": "m2" }, "beginLifespanVersion": { "@nilReason": "http://inspire.ec.europa.eu/codelist/VoidReasonValue/Unpopulated", "@nil": "true" }, "endLifespanVersion": { "@nilReason": "http://inspire.ec.europa.eu/codelist/VoidReasonValue/Unpopulated", "@nil": "true" }, "inspireId": { "@dataType": "Identifier", "localId": "874302_1206.C", "namespace": "SK.ESKN.CP", "versionId": "20260703T04:07:20" }, "label": "1206", "nationalCadastralReference": "874302_1206.C", "referencePoint": { "type": "Point", "coordinates": [ 19.3543778, 48.11952825 ] }, "validFrom": "2026-06-30T16:00:00Z", "validTo": { "@nilReason": "http://inspire.ec.europa.eu/codelist/VoidReasonValue/Unpopulated", "@nil": "true" }, "administrativeUnit": { "@href": "#auAdmUnitS.1383" } }, "geometry": { "type": "Polygon", "coordinates": [ [ [ 19.35459416, 48.11982485 ], [ 19.35472941, 48.1199427 ], [ 19.35489989, 48.12009127 ], [ 19.3549641, 48.12014683 ], [ 19.35513691, 48.12029633 ], [ 19.3552402, 48.12038821 ], [ 19.35545253, 48.12057729 ], [ 19.35549386, 48.12055727 ], [ 19.35554753, 48.12053144 ], [ 19.35559503, 48.12050784 ], [ 19.35549936, 48.1204203 ], [ 19.35543072, 48.1203583 ], [ 19.35539744, 48.12032821 ], [ 19.3552513, 48.12019884 ], [ 19.35520197, 48.12015518 ], [ 19.35515263, 48.12011296 ], [ 19.35509191, 48.12006117 ], [ 19.35505934, 48.12003328 ], [ 19.35503527, 48.12001283 ], [ 19.35501208, 48.11999296 ], [ 19.35498938, 48.11997357 ], [ 19.35488888, 48.11988083 ], [ 19.35478922, 48.11978903 ], [ 19.35471349, 48.11972156 ], [ 19.35467169, 48.1196843 ], [ 19.35461871, 48.11963703 ], [ 19.35452682, 48.11955445 ], [ 19.35446846, 48.11950205 ], [ 19.35443786, 48.11947462 ], [ 19.35434801, 48.11939438 ], [ 19.35431618, 48.11936589 ], [ 19.35423978, 48.11929586 ], [ 19.35421341, 48.1192717 ], [ 19.35412902, 48.11919704 ], [ 19.35409372, 48.11916577 ], [ 19.35397628, 48.11905644 ], [ 19.35387751, 48.11897028 ], [ 19.35378969, 48.11889366 ], [ 19.35370332, 48.11881612 ], [ 19.35363306, 48.11875296 ], [ 19.3536049, 48.11872916 ], [ 19.35357243, 48.11870163 ], [ 19.35346856, 48.11861396 ], [ 19.3533357, 48.11850155 ], [ 19.35326061, 48.11843816 ], [ 19.35321077, 48.11846345 ], [ 19.35315525, 48.11849153 ], [ 19.35311853, 48.11850997 ], [ 19.35326258, 48.11863996 ], [ 19.35332741, 48.11869853 ], [ 19.35355791, 48.11890652 ], [ 19.35363935, 48.11897851 ], [ 19.35372755, 48.1190565 ], [ 19.35377468, 48.11909808 ], [ 19.35380963, 48.11912888 ], [ 19.35389895, 48.11920773 ], [ 19.35396105, 48.11926292 ], [ 19.3540737, 48.11936292 ], [ 19.35413064, 48.11941344 ], [ 19.35417982, 48.11945719 ], [ 19.35428806, 48.11955561 ], [ 19.35433984, 48.11960156 ], [ 19.3544091, 48.11966286 ], [ 19.35445891, 48.119707 ], [ 19.35459416, 48.11982485 ] ] ] } },
{ "type": "Feature", "properties": { "@featureType": "CadastralParcel", "areaValue": { "value": 2917, "@uom": "m2" }, "beginLifespanVersion": { "@nilReason": "http://inspire.ec.europa.eu/codelist/VoidReasonValue/Unpopulated", "@nil": "true" }, "endLifespanVersion": { "@nilReason": "http://inspire.ec.europa.eu/codelist/VoidReasonValue/Unpopulated", "@nil": "true" }, "inspireId": { "@dataType": "Identifier", "localId": "874302_1205.C", "namespace": "SK.ESKN.CP", "versionId": "20260703T04:07:20" }, "label": "1205", "nationalCadastralReference": "874302_1205.C", "referencePoint": { "type": "Point", "coordinates": [ 19.35536898, 48.11904245 ] }, "validFrom": "2026-06-30T16:00:00Z", "validTo": { "@nilReason": "http://inspire.ec.europa.eu/codelist/VoidReasonValue/Unpopulated", "@nil": "true" }, "administrativeUnit": { "@href": "#auAdmUnitS.1383" } }, "geometry": { "type": "Polygon", "coordinates": [ [ [ 19.355078, 48.11883213 ], [ 19.35525413, 48.11900712 ], [ 19.35538425, 48.11913644 ], [ 19.35544078, 48.11919335 ], [ 19.35551386, 48.11926674 ], [ 19.35558043, 48.1193317 ], [ 19.35566029, 48.11940974 ], [ 19.35579996, 48.11954917 ], [ 19.35587758, 48.11962674 ], [ 19.35593695, 48.11968603 ], [ 19.35603429, 48.11977816 ], [ 19.35606143, 48.1198039 ], [ 19.35618334, 48.11991931 ], [ 19.35630379, 48.12003329 ], [ 19.35638866, 48.12011364 ], [ 19.35643288, 48.12009178 ], [ 19.3564806, 48.12007369 ], [ 19.35651464, 48.12005882 ], [ 19.3563859, 48.1199393 ], [ 19.35625179, 48.11981195 ], [ 19.35617088, 48.11973747 ], [ 19.35604974, 48.11962499 ], [ 19.35599119, 48.11957051 ], [ 19.35583819, 48.11942224 ], [ 19.35578316, 48.11936892 ], [ 19.35571419, 48.11930367 ], [ 19.35568167, 48.11927289 ], [ 19.35560221, 48.11919361 ], [ 19.35556644, 48.1191579 ], [ 19.35548439, 48.11907777 ], [ 19.35539638, 48.11899167 ], [ 19.35531307, 48.11891067 ], [ 19.3552661, 48.11886514 ], [ 19.35522213, 48.11882173 ], [ 19.35514601, 48.11874657 ], [ 19.35503149, 48.11863504 ], [ 19.35495875, 48.11856356 ], [ 19.35486762, 48.11847389 ], [ 19.35473184, 48.11834339 ], [ 19.3546565, 48.11827098 ], [ 19.35456532, 48.11818554 ], [ 19.35451442, 48.11813774 ], [ 19.35448346, 48.11810867 ], [ 19.35439994, 48.1180272 ], [ 19.35436385, 48.11799202 ], [ 19.35434714, 48.11797571 ], [ 19.35428788, 48.11791795 ], [ 19.35425106, 48.11793232 ], [ 19.3542096, 48.1179536 ], [ 19.35417835, 48.11796878 ], [ 19.35426326, 48.11804986 ], [ 19.35437372, 48.11815516 ], [ 19.35442369, 48.11820291 ], [ 19.35448832, 48.11826462 ], [ 19.35456015, 48.11833326 ], [ 19.35461793, 48.11838851 ], [ 19.35477253, 48.11853317 ], [ 19.35485566, 48.11861335 ], [ 19.35493524, 48.11869011 ], [ 19.355078, 48.11883213 ] ] ] } },
{ "type": "Feature", "properties": { "@featureType": "CadastralParcel", "areaValue": { "value": 2348, "@uom": "m2" }, "beginLifespanVersion": { "@nilReason": "http://inspire.ec.europa.eu/codelist/VoidReasonValue/Unpopulated", "@nil": "true" }, "endLifespanVersion": { "@nilReason": "http://inspire.ec.europa.eu/codelist/VoidReasonValue/Unpopulated", "@nil": "true" }, "inspireId": { "@dataType": "Identifier", "localId": "874302_1204.C", "namespace": "SK.ESKN.CP", "versionId": "20260703T04:07:20" }, "label": "1204", "nationalCadastralReference": "874302_1204.C", "referencePoint": { "type": "Point", "coordinates": [ 19.35639231, 48.11849828 ] }, "validFrom": "2026-06-30T16:00:00Z", "validTo": { "@nilReason": "http://inspire.ec.europa.eu/codelist/VoidReasonValue/Unpopulated", "@nil": "true" }, "administrativeUnit": { "@href": "#auAdmUnitS.1383" } }, "geometry": { "type": "Polygon", "coordinates": [ [ [ 19.35629259, 48.11970381 ], [ 19.3563233, 48.11963576 ], [ 19.35639809, 48.11947038 ], [ 19.35641029, 48.11936393 ], [ 19.35641764, 48.119299 ], [ 19.35642242, 48.11920771 ], [ 19.35643155, 48.11903177 ], [ 19.35642854, 48.11892523 ], [ 19.35642692, 48.11886483 ], [ 19.35642466, 48.11878402 ], [ 19.35642993, 48.11868445 ], [ 19.35643528, 48.11858408 ], [ 19.35645193, 48.11848759 ], [ 19.35646183, 48.11843036 ], [ 19.3564648, 48.11841138 ], [ 19.356475, 48.11835506 ], [ 19.35649119, 48.11826666 ], [ 19.35650479, 48.1181748 ], [ 19.35651314, 48.11811813 ], [ 19.35651016, 48.11796722 ], [ 19.35649014, 48.11786617 ], [ 19.35648321, 48.11783149 ], [ 19.35646128, 48.11778598 ], [ 19.35643141, 48.11772413 ], [ 19.35638711, 48.11761453 ], [ 19.35631213, 48.11749353 ], [ 19.35618601, 48.11738216 ], [ 19.35603357, 48.11729541 ], [ 19.35586797, 48.11722588 ], [ 19.3557396, 48.11718221 ], [ 19.35566428, 48.11717012 ], [ 19.35558069, 48.11717233 ], [ 19.35560195, 48.11721772 ], [ 19.35562129, 48.11721693 ], [ 19.3559872, 48.11732231 ], [ 19.35598749, 48.11732214 ], [ 19.35621721, 48.11746436 ], [ 19.35626328, 48.11758 ], [ 19.35628016, 48.11762238 ], [ 19.35632541, 48.11773564 ], [ 19.35639592, 48.11792369 ], [ 19.356419, 48.11801884 ], [ 19.35641614, 48.11809463 ], [ 19.3563869, 48.11829241 ], [ 19.35633182, 48.11850897 ], [ 19.35631371, 48.1187172 ], [ 19.35630807, 48.11878122 ], [ 19.35632133, 48.11893929 ], [ 19.35632567, 48.11908621 ], [ 19.35630487, 48.11930459 ], [ 19.35629688, 48.11938933 ], [ 19.35627471, 48.11953984 ], [ 19.35617088, 48.11973747 ], [ 19.35625179, 48.11981195 ], [ 19.35625447, 48.11978819 ], [ 19.35629259, 48.11970381 ] ] ] } },
{ "type": "Feature", "properties": { "@featureType": "CadastralParcel", "areaValue": { "value": 4637, "@uom": "m2" }, "beginLifespanVersion": { "@nilReason": "http://inspire.ec.europa.eu/codelist/VoidReasonValue/Unpopulated", "@nil": "true" }, "endLifespanVersion": { "@nilReason": "http://inspire.ec.europa.eu/codelist/VoidReasonValue/Unpopulated", "@nil": "true" }, "inspireId": { "@dataType": "Identifier", "localId": "874302_1203.C", "namespace": "SK.ESKN.CP", "versionId": "20260703T04:07:20" }, "label": "1203", "nationalCadastralReference": "874302_1203.C", "referencePoint": { "type": "Point", "coordinates": [ 19.35785561, 48.11912162 ] }, "validFrom": "2026-06-30T16:00:00Z", "validTo": { "@nilReason": "http://inspire.ec.europa.eu/codelist/VoidReasonValue/Unpopulated", "@nil": "true" }, "administrativeUnit": { "@href": "#auAdmUnitS.1383" } }, "geometry": { "type": "Polygon", "coordinates": [ [ [ 19.35791288, 48.11917504 ], [ 19.35932497, 48.11814729 ], [ 19.35927575, 48.118114 ], [ 19.3592306, 48.11808533 ], [ 19.3591804, 48.11805614 ], [ 19.35915087, 48.1180779 ], [ 19.35777754, 48.11908821 ], [ 19.35767235, 48.11915503 ], [ 19.35760585, 48.1192027 ], [ 19.35759201, 48.1192125 ], [ 19.3575108, 48.11927046 ], [ 19.35711881, 48.11954976 ], [ 19.35694844, 48.11970353 ], [ 19.35685796, 48.11978521 ], [ 19.3568274, 48.11981278 ], [ 19.3566861, 48.11992385 ], [ 19.35651464, 48.12005882 ], [ 19.3564806, 48.12007369 ], [ 19.35643288, 48.12009178 ], [ 19.35638866, 48.12011364 ], [ 19.35644401, 48.12013749 ], [ 19.35644956, 48.12018888 ], [ 19.3564918, 48.1202295 ], [ 19.35653979, 48.1202052 ], [ 19.35658639, 48.12016983 ], [ 19.35670873, 48.12013783 ], [ 19.35671907, 48.12013427 ], [ 19.35738981, 48.11955554 ], [ 19.35791288, 48.11917504 ] ] ] } },
{ "type": "Feature", "properties": { "@featureType": "CadastralParcel", "areaValue": { "value": 12746, "@uom": "m2" }, "beginLifespanVersion": { "@nilReason": "http://inspire.ec.europa.eu/codelist/VoidReasonValue/Unpopulated", "@nil": "true" }, "endLifespanVersion": { "@nilReason": "http://inspire.ec.europa.eu/codelist/VoidReasonValue/Unpopulated", "@nil": "true" }, "inspireId": { "@dataType": "Identifier", "localId": "874302_1200.C", "namespace": "SK.ESKN.CP", "versionId": "20260703T04:07:20" }, "label": "1200", "nationalCadastralReference": "874302_1200.C", "referencePoint": { "type": "Point", "coordinates": [ 19.3490783, 48.12246857 ] }, "validFrom": "2026-06-30T16:00:00Z", "validTo": { "@nilReason": "http://inspire.ec.europa.eu/codelist/VoidReasonValue/Unpopulated", "@nil": "true" }, "administrativeUnit": { "@href": "#auAdmUnitS.1383" } }, "geometry": { "type": "Polygon", "coordinates": [ [ [ 19.34896176, 48.12248812 ], [ 19.3490928, 48.12261001 ], [ 19.34929795, 48.12278939 ], [ 19.34957957, 48.12303564 ], [ 19.34966594, 48.12311075 ], [ 19.34996433, 48.12337016 ], [ 19.35000333, 48.12338709 ], [ 19.35004648, 48.12342929 ], [ 19.35006846, 48.12344919 ], [ 19.35015529, 48.12352613 ], [ 19.35021938, 48.12358286 ], [ 19.3503082, 48.12366151 ], [ 19.35031792, 48.12367009 ], [ 19.35034326, 48.1236925 ], [ 19.35049334, 48.12382531 ], [ 19.35060814, 48.12392163 ], [ 19.35064933, 48.12395823 ], [ 19.35076926, 48.12406453 ], [ 19.35079798, 48.12409061 ], [ 19.35083235, 48.12412175 ], [ 19.35093781, 48.12421725 ], [ 19.35098262, 48.12425664 ], [ 19.35102495, 48.12429393 ], [ 19.35111086, 48.12436956 ], [ 19.35118548, 48.1244386 ], [ 19.35127935, 48.12452535 ], [ 19.3513355, 48.12457574 ], [ 19.35144904, 48.12467758 ], [ 19.35149437, 48.12471961 ], [ 19.35172294, 48.12493193 ], [ 19.35187468, 48.12500026 ], [ 19.35188122, 48.12499706 ], [ 19.35198146, 48.12496905 ], [ 19.351988, 48.12496585 ], [ 19.35207271, 48.12497839 ], [ 19.3520008, 48.12491669 ], [ 19.35196146, 48.12488288 ], [ 19.35177214, 48.12472032 ], [ 19.35163405, 48.12458989 ], [ 19.35160091, 48.12456107 ], [ 19.35141782, 48.12440197 ], [ 19.35137027, 48.12436181 ], [ 19.35120426, 48.12422175 ], [ 19.3511708, 48.1242022 ], [ 19.35112853, 48.12415806 ], [ 19.35110957, 48.12414137 ], [ 19.35090654, 48.12396472 ], [ 19.35087575, 48.1239379 ], [ 19.3508341, 48.12390173 ], [ 19.35064573, 48.12373786 ], [ 19.35053954, 48.12364548 ], [ 19.35024401, 48.12338567 ], [ 19.3501777, 48.12331449 ], [ 19.35015376, 48.12330036 ], [ 19.35013628, 48.12329005 ], [ 19.34990814, 48.12308632 ], [ 19.34988528, 48.12306592 ], [ 19.34975696, 48.12295128 ], [ 19.34967203, 48.12287534 ], [ 19.34954483, 48.12276157 ], [ 19.34950709, 48.12272793 ], [ 19.34943457, 48.12266313 ], [ 19.34933183, 48.12257127 ], [ 19.34928487, 48.12252934 ], [ 19.34919503, 48.12244901 ], [ 19.34910555, 48.12237041 ], [ 19.34906565, 48.1223355 ], [ 19.34897961, 48.12225995 ], [ 19.34896903, 48.1222644 ], [ 19.34887088, 48.1221724 ], [ 19.3487654, 48.12207338 ], [ 19.34877025, 48.12207091 ], [ 19.34868621, 48.12199293 ], [ 19.34861027, 48.12192247 ], [ 19.34856482, 48.12188034 ], [ 19.34844998, 48.12177068 ], [ 19.34840171, 48.12172463 ], [ 19.34826986, 48.121599 ], [ 19.34828411, 48.12159175 ], [ 19.3482414, 48.12155291 ], [ 19.34813291, 48.12145437 ], [ 19.3480312, 48.12136301 ], [ 19.34797936, 48.12131642 ], [ 19.34785145, 48.12120054 ], [ 19.34782654, 48.12117789 ], [ 19.34779534, 48.12114474 ], [ 19.34776443, 48.12111404 ], [ 19.34755445, 48.12093452 ], [ 19.34726116, 48.12066922 ], [ 19.34717753, 48.12059883 ], [ 19.34651061, 48.11998483 ], [ 19.34648879, 48.11996475 ], [ 19.34647213, 48.11994935 ], [ 19.34641592, 48.11997748 ], [ 19.34639428, 48.11998834 ], [ 19.34638616, 48.11999246 ], [ 19.34638033, 48.11999534 ], [ 19.34636424, 48.12000349 ], [ 19.34630817, 48.12003164 ], [ 19.34630318, 48.12003419 ], [ 19.34621691, 48.12007766 ], [ 19.34622108, 48.12008146 ], [ 19.34622329, 48.12008346 ], [ 19.34754144, 48.12128087 ], [ 19.34821423, 48.12182536 ], [ 19.34896176, 48.12248812 ] ] ] } },
{ "type": "Feature", "properties": { "@featureType": "CadastralParcel", "areaValue": { "value": 3436, "@uom": "m2" }, "beginLifespanVersion": { "@nilReason": "http://inspire.ec.europa.eu/codelist/VoidReasonValue/Unpopulated", "@nil": "true" }, "endLifespanVersion": { "@nilReason": "http://inspire.ec.europa.eu/codelist/VoidReasonValue/Unpopulated", "@nil": "true" }, "inspireId": { "@dataType": "Identifier", "localId": "874302_1199.C", "namespace": "SK.ESKN.CP", "versionId": "20260703T04:07:20" }, "label": "1199", "nationalCadastralReference": "874302_1199.C", "referencePoint": { "type": "Point", "coordinates": [ 19.35268514, 48.12331268 ] }, "validFrom": "2026-06-30T16:00:00Z", "validTo": { "@nilReason": "http://inspire.ec.europa.eu/codelist/VoidReasonValue/Unpopulated", "@nil": "true" }, "administrativeUnit": { "@href": "#auAdmUnitS.1383" } }, "geometry": { "type": "Polygon", "coordinates": [ [ [ 19.35214111, 48.12369072 ], [ 19.35227839, 48.12360605 ], [ 19.35236885, 48.12355612 ], [ 19.35238955, 48.12354521 ], [ 19.35242296, 48.12352625 ], [ 19.35253007, 48.12346548 ], [ 19.35258197, 48.12343605 ], [ 19.35274263, 48.12335188 ], [ 19.3528826, 48.12327348 ], [ 19.35293604, 48.12324349 ], [ 19.35305008, 48.12318089 ], [ 19.35316268, 48.12311794 ], [ 19.35321538, 48.12308855 ], [ 19.35326373, 48.12305967 ], [ 19.35339934, 48.12298422 ], [ 19.35347754, 48.12294063 ], [ 19.35358949, 48.12287738 ], [ 19.35369214, 48.12281928 ], [ 19.35381732, 48.12274946 ], [ 19.35391771, 48.1226935 ], [ 19.35401338, 48.1226402 ], [ 19.35418037, 48.12254713 ], [ 19.35415893, 48.12252726 ], [ 19.35410852, 48.12248363 ], [ 19.35408102, 48.12246121 ], [ 19.3539476, 48.12253506 ], [ 19.35381854, 48.1226047 ], [ 19.35358974, 48.12273042 ], [ 19.35337487, 48.12284797 ], [ 19.35338115, 48.1228535 ], [ 19.35330233, 48.12289787 ], [ 19.35325361, 48.12292519 ], [ 19.3529448, 48.12309883 ], [ 19.35231326, 48.12344768 ], [ 19.35155263, 48.12389141 ], [ 19.35110957, 48.12414137 ], [ 19.35112853, 48.12415806 ], [ 19.3511708, 48.1242022 ], [ 19.35120426, 48.12422175 ], [ 19.35141028, 48.12410387 ], [ 19.35151286, 48.12404522 ], [ 19.3517176, 48.123928 ], [ 19.35182075, 48.12386902 ], [ 19.3519125, 48.12381707 ], [ 19.3519895, 48.12377343 ], [ 19.35209734, 48.12371458 ], [ 19.35214111, 48.12369072 ] ] ] } },
{ "type": "Feature", "properties": { "@featureType": "CadastralParcel", "areaValue": { "value": 3036, "@uom": "m2" }, "beginLifespanVersion": { "@nilReason": "http://inspire.ec.europa.eu/codelist/VoidReasonValue/Unpopulated", "@nil": "true" }, "endLifespanVersion": { "@nilReason": "http://inspire.ec.europa.eu/codelist/VoidReasonValue/Unpopulated", "@nil": "true" }, "inspireId": { "@dataType": "Identifier", "localId": "874302_1198.C", "namespace": "SK.ESKN.CP", "versionId": "20260703T04:07:20" }, "label": "1198", "nationalCadastralReference": "874302_1198.C", "referencePoint": { "type": "Point", "coordinates": [ 19.35430937, 48.12255954 ] }, "validFrom": "2026-06-30T16:00:00Z", "validTo": { "@nilReason": "http://inspire.ec.europa.eu/codelist/VoidReasonValue/Unpopulated", "@nil": "true" }, "administrativeUnit": { "@href": "#auAdmUnitS.1383" } }, "geometry": { "type": "Polygon", "coordinates": [ [ [ 19.35428033, 48.12263867 ], [ 19.35430682, 48.12266294 ], [ 19.35441648, 48.12276333 ], [ 19.35451227, 48.12285106 ], [ 19.35463994, 48.122968 ], [ 19.35465343, 48.12298037 ], [ 19.35471449, 48.1230365 ], [ 19.35508258, 48.1233748 ], [ 19.35509888, 48.12335719 ], [ 19.35510587, 48.12335473 ], [ 19.35515185, 48.12328877 ], [ 19.35515537, 48.1232874 ], [ 19.35515673, 48.1232193 ], [ 19.35498302, 48.12306435 ], [ 19.35487555, 48.12296867 ], [ 19.35479467, 48.12289644 ], [ 19.35474573, 48.12285288 ], [ 19.35464109, 48.12275851 ], [ 19.35456457, 48.12268955 ], [ 19.35443817, 48.12257195 ], [ 19.35438048, 48.12251832 ], [ 19.35433146, 48.12247431 ], [ 19.35427961, 48.12242773 ], [ 19.35420247, 48.1223583 ], [ 19.35406562, 48.12223145 ], [ 19.35403047, 48.12219874 ], [ 19.35387292, 48.1220589 ], [ 19.35384021, 48.12202983 ], [ 19.35362785, 48.12184597 ], [ 19.35353074, 48.12176187 ], [ 19.3535298, 48.12174416 ], [ 19.35346138, 48.12178325 ], [ 19.35340993, 48.12180468 ], [ 19.35335585, 48.1218331 ], [ 19.35343965, 48.12190574 ], [ 19.35365842, 48.12209514 ], [ 19.35408102, 48.12246121 ], [ 19.35410852, 48.12248363 ], [ 19.35415893, 48.12252726 ], [ 19.35418037, 48.12254713 ], [ 19.35428033, 48.12263867 ] ] ] } },
{ "type": "Feature", "properties": { "@featureType": "CadastralParcel", "areaValue": { "value": 2734, "@uom": "m2" }, "beginLifespanVersion": { "@nilReason": "http://inspire.ec.europa.eu/codelist/VoidReasonValue/Unpopulated", "@nil": "true" }, "endLifespanVersion": { "@nilReason": "http://inspire.ec.europa.eu/codelist/VoidReasonValue/Unpopulated", "@nil": "true" }, "inspireId": { "@dataType": "Identifier", "localId": "874302_1197.C", "namespace": "SK.ESKN.CP", "versionId": "20260703T04:07:20" }, "label": "1197", "nationalCadastralReference": "874302_1197.C", "referencePoint": { "type": "Point", "coordinates": [ 19.3554018, 48.12178596 ] }, "validFrom": "2026-06-30T16:00:00Z", "validTo": { "@nilReason": "http://inspire.ec.europa.eu/codelist/VoidReasonValue/Unpopulated", "@nil": "true" }, "administrativeUnit": { "@href": "#auAdmUnitS.1383" } }, "geometry": { "type": "Polygon", "coordinates": [ [ [ 19.3552962, 48.12180285 ], [ 19.35544722, 48.12198223 ], [ 19.35545299, 48.12197872 ], [ 19.35550272, 48.1220362 ], [ 19.35561659, 48.12216772 ], [ 19.35565865, 48.12221509 ], [ 19.35576023, 48.12232934 ], [ 19.35593084, 48.12251579 ], [ 19.35596142, 48.12247668 ], [ 19.35596854, 48.12247431 ], [ 19.35603135, 48.1224436 ], [ 19.35603813, 48.12244068 ], [ 19.35605961, 48.12241484 ], [ 19.35598375, 48.1223259 ], [ 19.35595035, 48.12228688 ], [ 19.35587748, 48.12220269 ], [ 19.35584043, 48.12215997 ], [ 19.35580413, 48.12211792 ], [ 19.35573269, 48.12203416 ], [ 19.35571654, 48.12201517 ], [ 19.35566737, 48.12195745 ], [ 19.35564715, 48.12193375 ], [ 19.35562645, 48.12190941 ], [ 19.3555517, 48.12182142 ], [ 19.35550734, 48.12176907 ], [ 19.35544226, 48.12169264 ], [ 19.35540889, 48.12165335 ], [ 19.35533062, 48.12155798 ], [ 19.35524497, 48.12145351 ], [ 19.35519865, 48.12139809 ], [ 19.35517345, 48.12136803 ], [ 19.35513714, 48.12132472 ], [ 19.35509917, 48.12127944 ], [ 19.35506585, 48.1212397 ], [ 19.3550121, 48.12117562 ], [ 19.35490007, 48.12104212 ], [ 19.3548391, 48.12107454 ], [ 19.35478656, 48.12109988 ], [ 19.35471604, 48.1211359 ], [ 19.35481482, 48.12124478 ], [ 19.35485883, 48.12129658 ], [ 19.35488876, 48.12133021 ], [ 19.35492687, 48.12137306 ], [ 19.35500103, 48.12145651 ], [ 19.35507351, 48.1215406 ], [ 19.3551504, 48.12162995 ], [ 19.35516367, 48.12164564 ], [ 19.3552962, 48.12180285 ] ] ] } },
{ "type": "Feature", "properties": { "@featureType": "CadastralParcel", "areaValue": { "value": 2598, "@uom": "m2" }, "beginLifespanVersion": { "@nilReason": "http://inspire.ec.europa.eu/codelist/VoidReasonValue/Unpopulated", "@nil": "true" }, "endLifespanVersion": { "@nilReason": "http://inspire.ec.europa.eu/codelist/VoidReasonValue/Unpopulated", "@nil": "true" }, "inspireId": { "@dataType": "Identifier", "localId": "874302_1194.C", "namespace": "SK.ESKN.CP", "versionId": "20260703T04:07:20" }, "label": "1194", "nationalCadastralReference": "874302_1194.C", "referencePoint": { "type": "Point", "coordinates": [ 19.35665979, 48.12320486 ] }, "validFrom": "2026-06-30T16:00:00Z", "validTo": { "@nilReason": "http://inspire.ec.europa.eu/codelist/VoidReasonValue/Unpopulated", "@nil": "true" }, "administrativeUnit": { "@href": "#auAdmUnitS.1383" } }, "geometry": { "type": "Polygon", "coordinates": [ [ [ 19.35663986, 48.12331533 ], [ 19.35670119, 48.12339041 ], [ 19.35673775, 48.12343508 ], [ 19.35676169, 48.12346436 ], [ 19.3568341, 48.12355287 ], [ 19.3568703, 48.1235959 ], [ 19.35693291, 48.12367032 ], [ 19.35712029, 48.12391536 ], [ 19.3571871, 48.12389512 ], [ 19.35724837, 48.12388517 ], [ 19.35733098, 48.12384937 ], [ 19.35721376, 48.12371516 ], [ 19.35711395, 48.12360073 ], [ 19.35704154, 48.12351602 ], [ 19.3570002, 48.1234694 ], [ 19.356906, 48.12336047 ], [ 19.35683449, 48.12327859 ], [ 19.35682478, 48.12326739 ], [ 19.35675231, 48.12318448 ], [ 19.35667441, 48.12309436 ], [ 19.35664301, 48.12305805 ], [ 19.35652115, 48.12292191 ], [ 19.35648328, 48.12287943 ], [ 19.35644598, 48.12283778 ], [ 19.35636791, 48.12275181 ], [ 19.3562725, 48.12264669 ], [ 19.35610552, 48.12246285 ], [ 19.35608139, 48.12248568 ], [ 19.35607461, 48.1224886 ], [ 19.35601008, 48.12252915 ], [ 19.35600281, 48.12253159 ], [ 19.35597628, 48.12255927 ], [ 19.356086, 48.12268049 ], [ 19.35609154, 48.12268661 ], [ 19.35627462, 48.12288745 ], [ 19.35632654, 48.1229472 ], [ 19.35641491, 48.12304891 ], [ 19.3564894, 48.12313436 ], [ 19.35652957, 48.12318056 ], [ 19.35656614, 48.12322523 ], [ 19.35663986, 48.12331533 ] ] ] } },
{ "type": "Feature", "properties": { "@featureType": "CadastralParcel", "areaValue": { "value": 3407, "@uom": "m2" }, "beginLifespanVersion": { "@nilReason": "http://inspire.ec.europa.eu/codelist/VoidReasonValue/Unpopulated", "@nil": "true" }, "endLifespanVersion": { "@nilReason": "http://inspire.ec.europa.eu/codelist/VoidReasonValue/Unpopulated", "@nil": "true" }, "inspireId": { "@dataType": "Identifier", "localId": "874302_1193.C", "namespace": "SK.ESKN.CP", "versionId": "20260703T04:07:20" }, "label": "1193", "nationalCadastralReference": "874302_1193.C", "referencePoint": { "type": "Point", "coordinates": [ 19.3586976, 48.12243077 ] }, "validFrom": "2026-06-30T16:00:00Z", "validTo": { "@nilReason": "http://inspire.ec.europa.eu/codelist/VoidReasonValue/Unpopulated", "@nil": "true" }, "administrativeUnit": { "@href": "#auAdmUnitS.1383" } }, "geometry": { "type": "Polygon", "coordinates": [ [ [ 19.35869885, 48.12256035 ], [ 19.35873813, 48.12260605 ], [ 19.35883948, 48.12272371 ], [ 19.35889815, 48.12280218 ], [ 19.35892506, 48.12283647 ], [ 19.35896667, 48.12288941 ], [ 19.35902232, 48.12297972 ], [ 19.35904804, 48.12302135 ], [ 19.35910908, 48.12312049 ], [ 19.35916017, 48.12322834 ], [ 19.35916953, 48.12329326 ], [ 19.35915532, 48.12333162 ], [ 19.3591948, 48.12334533 ], [ 19.35928868, 48.12336534 ], [ 19.35935495, 48.12336779 ], [ 19.35934756, 48.12328448 ], [ 19.35928563, 48.123079 ], [ 19.35911271, 48.12283726 ], [ 19.35900432, 48.122662 ], [ 19.35890947, 48.12253897 ], [ 19.3587936, 48.12240727 ], [ 19.35869141, 48.12229111 ], [ 19.35858911, 48.12217484 ], [ 19.35848693, 48.12205867 ], [ 19.35838462, 48.12194241 ], [ 19.35828244, 48.12182624 ], [ 19.35818014, 48.12170998 ], [ 19.35811158, 48.12163203 ], [ 19.35807784, 48.12159371 ], [ 19.3580375, 48.12154778 ], [ 19.35798647, 48.12148979 ], [ 19.35797459, 48.12147623 ], [ 19.35790203, 48.12150738 ], [ 19.35789751, 48.12151068 ], [ 19.35784862, 48.1215472 ], [ 19.35784408, 48.12155059 ], [ 19.35779567, 48.12159524 ], [ 19.35788282, 48.12167444 ], [ 19.35800132, 48.12179915 ], [ 19.35807165, 48.12187312 ], [ 19.35814735, 48.1219561 ], [ 19.35832089, 48.12214674 ], [ 19.35835053, 48.12217558 ], [ 19.35841124, 48.12224124 ], [ 19.35846896, 48.12230596 ], [ 19.35854845, 48.12239507 ], [ 19.35860232, 48.12245428 ], [ 19.35869885, 48.12256035 ] ] ] } },
{ "type": "Feature", "properties": { "@featureType": "CadastralParcel", "areaValue": { "value": 4516, "@uom": "m2" }, "beginLifespanVersion": { "@nilReason": "http://inspire.ec.europa.eu/codelist/VoidReasonValue/Unpopulated", "@nil": "true" }, "endLifespanVersion": { "@nilReason": "http://inspire.ec.europa.eu/codelist/VoidReasonValue/Unpopulated", "@nil": "true" }, "inspireId": { "@dataType": "Identifier", "localId": "874302_1192.C", "namespace": "SK.ESKN.CP", "versionId": "20260703T04:07:20" }, "label": "1192", "nationalCadastralReference": "874302_1192.C", "referencePoint": { "type": "Point", "coordinates": [ 19.35949547, 48.12301036 ] }, "validFrom": "2026-06-30T16:00:00Z", "validTo": { "@nilReason": "http://inspire.ec.europa.eu/codelist/VoidReasonValue/Unpopulated", "@nil": "true" }, "administrativeUnit": { "@href": "#auAdmUnitS.1383" } }, "geometry": { "type": "Polygon", "coordinates": [ [ [ 19.35971042, 48.12348176 ], [ 19.35986659, 48.12352387 ], [ 19.35991395, 48.12354445 ], [ 19.35986848, 48.12335751 ], [ 19.35981654, 48.1231947 ], [ 19.35981371, 48.12318591 ], [ 19.35980023, 48.12314316 ], [ 19.35973073, 48.12294172 ], [ 19.35969059, 48.1228398 ], [ 19.35965644, 48.12277631 ], [ 19.3596426, 48.12275076 ], [ 19.35963478, 48.1227383 ], [ 19.35962383, 48.12272101 ], [ 19.35957617, 48.12264532 ], [ 19.35956126, 48.12257951 ], [ 19.3595577, 48.12256365 ], [ 19.35951834, 48.12238891 ], [ 19.35945332, 48.12240004 ], [ 19.35890947, 48.12253897 ], [ 19.35900432, 48.122662 ], [ 19.35911271, 48.12283726 ], [ 19.35928563, 48.123079 ], [ 19.35934756, 48.12328448 ], [ 19.35935495, 48.12336779 ], [ 19.35971042, 48.12348176 ] ] ] } },
{ "type": "Feature", "properties": { "@featureType": "CadastralParcel", "areaValue": { "value": 3098, "@uom": "m2" }, "beginLifespanVersion": { "@nilReason": "http://inspire.ec.europa.eu/codelist/VoidReasonValue/Unpopulated", "@nil": "true" }, "endLifespanVersion": { "@nilReason": "http://inspire.ec.europa.eu/codelist/VoidReasonValue/Unpopulated", "@nil": "true" }, "inspireId": { "@dataType": "Identifier", "localId": "874302_1190.C", "namespace": "SK.ESKN.CP", "versionId": "20260703T04:07:20" }, "label": "1190", "nationalCadastralReference": "874302_1190.C", "referencePoint": { "type": "Point", "coordinates": [ 19.35613228, 48.12527752 ] }, "validFrom": "2026-06-30T16:00:00Z", "validTo": { "@nilReason": "http://inspire.ec.europa.eu/codelist/VoidReasonValue/Unpopulated", "@nil": "true" }, "administrativeUnit": { "@href": "#auAdmUnitS.1383" } }, "geometry": { "type": "Polygon", "coordinates": [ [ [ 19.35613609, 48.12551113 ], [ 19.35616555, 48.12557314 ], [ 19.35624897, 48.12574891 ], [ 19.35626897, 48.12579108 ], [ 19.35629391, 48.12584367 ], [ 19.35635063, 48.12596938 ], [ 19.35636837, 48.12600874 ], [ 19.35639646, 48.12607095 ], [ 19.35640282, 48.12606945 ], [ 19.35645049, 48.12616641 ], [ 19.35651441, 48.12614928 ], [ 19.3565711, 48.12613306 ], [ 19.35665696, 48.12610977 ], [ 19.35653292, 48.12585928 ], [ 19.3564081, 48.12560723 ], [ 19.35639048, 48.12557176 ], [ 19.3563803, 48.12555116 ], [ 19.35630762, 48.12540845 ], [ 19.35625909, 48.12531325 ], [ 19.35621346, 48.1252236 ], [ 19.35617657, 48.12512156 ], [ 19.35614999, 48.12509053 ], [ 19.35612622, 48.12504079 ], [ 19.35610171, 48.12498921 ], [ 19.35602434, 48.12482743 ], [ 19.3560043, 48.12478562 ], [ 19.35595418, 48.12468259 ], [ 19.35594525, 48.12466413 ], [ 19.35592086, 48.12461391 ], [ 19.3559001, 48.12457125 ], [ 19.35582959, 48.12442721 ], [ 19.35575634, 48.12444975 ], [ 19.35569873, 48.1244671 ], [ 19.35564374, 48.12448258 ], [ 19.35576836, 48.12474392 ], [ 19.35580709, 48.12482504 ], [ 19.35582265, 48.12485707 ], [ 19.35586635, 48.12494708 ], [ 19.35589181, 48.12499988 ], [ 19.35592211, 48.12506283 ], [ 19.35600661, 48.12524226 ], [ 19.35604068, 48.12531278 ], [ 19.35608235, 48.12539918 ], [ 19.35611686, 48.12547063 ], [ 19.35613609, 48.12551113 ] ] ] } },
{ "type": "Feature", "properties": { "@featureType": "CadastralParcel", "areaValue": { "value": 7748, "@uom": "m2" }, "beginLifespanVersion": { "@nilReason": "http://inspire.ec.europa.eu/codelist/VoidReasonValue/Unpopulated", "@nil": "true" }, "endLifespanVersion": { "@nilReason": "http://inspire.ec.europa.eu/codelist/VoidReasonValue/Unpopulated", "@nil": "true" }, "inspireId": { "@dataType": "Identifier", "localId": "874302_1187.C", "namespace": "SK.ESKN.CP", "versionId": "20260703T04:07:20" }, "label": "1187", "nationalCadastralReference": "874302_1187.C", "referencePoint": { "type": "Point", "coordinates": [ 19.3592701, 48.12718932 ] }, "validFrom": "2026-06-30T16:00:00Z", "validTo": { "@nilReason": "http://inspire.ec.europa.eu/codelist/VoidReasonValue/Unpopulated", "@nil": "true" }, "administrativeUnit": { "@href": "#auAdmUnitS.1383" } }, "geometry": { "type": "Polygon", "coordinates": [ [ [ 19.35892257, 48.12735399 ], [ 19.35905968, 48.1273162 ], [ 19.35915224, 48.1272907 ], [ 19.35926577, 48.12725936 ], [ 19.35940149, 48.12722195 ], [ 19.35954804, 48.12718154 ], [ 19.35950283, 48.12710427 ], [ 19.35942689, 48.12697439 ], [ 19.35935095, 48.12684442 ], [ 19.35930962, 48.12677373 ], [ 19.35930609, 48.1267677 ], [ 19.35923237, 48.12664226 ], [ 19.35915853, 48.12651663 ], [ 19.35908458, 48.12639082 ], [ 19.35901097, 48.12626556 ], [ 19.35893714, 48.12613984 ], [ 19.35887598, 48.12603547 ], [ 19.3588156, 48.12593258 ], [ 19.3586978, 48.12573073 ], [ 19.35865582, 48.12573539 ], [ 19.35860172, 48.12574884 ], [ 19.35855788, 48.12576459 ], [ 19.35865562, 48.12594249 ], [ 19.35874118, 48.12608564 ], [ 19.3588017, 48.12618475 ], [ 19.35881635, 48.12620889 ], [ 19.35886758, 48.12629277 ], [ 19.35900877, 48.12652415 ], [ 19.35915797, 48.12676872 ], [ 19.35917618, 48.12679863 ], [ 19.35929637, 48.12701223 ], [ 19.35934559, 48.12710106 ], [ 19.35912247, 48.12716106 ], [ 19.35899228, 48.1271971 ], [ 19.35890748, 48.12722054 ], [ 19.35879562, 48.12725143 ], [ 19.35875384, 48.12726304 ], [ 19.3585388, 48.12732297 ], [ 19.35852687, 48.12732628 ], [ 19.3584029, 48.12736082 ], [ 19.3582613, 48.12740029 ], [ 19.35818951, 48.12742038 ], [ 19.35807955, 48.12745117 ], [ 19.35797113, 48.12748132 ], [ 19.35790185, 48.12750072 ], [ 19.35782199, 48.12752331 ], [ 19.35771172, 48.12755445 ], [ 19.35758034, 48.12759153 ], [ 19.35740886, 48.12763957 ], [ 19.35730028, 48.12766998 ], [ 19.35723379, 48.12768852 ], [ 19.35717269, 48.1277057 ], [ 19.35701941, 48.12774848 ], [ 19.35688674, 48.12778504 ], [ 19.3567374, 48.1278263 ], [ 19.35659296, 48.1278659 ], [ 19.35645712, 48.12790312 ], [ 19.35636406, 48.12792814 ], [ 19.35630387, 48.12794437 ], [ 19.35616686, 48.12798126 ], [ 19.35609192, 48.12800183 ], [ 19.35603155, 48.1280185 ], [ 19.35590096, 48.12805444 ], [ 19.35575539, 48.12809452 ], [ 19.3556151, 48.12813297 ], [ 19.35546504, 48.12817473 ], [ 19.3553311, 48.12821177 ], [ 19.35505346, 48.12828519 ], [ 19.354773, 48.12836353 ], [ 19.35448935, 48.12844154 ], [ 19.35415749, 48.12853328 ], [ 19.35417592, 48.12857501 ], [ 19.35418598, 48.12861435 ], [ 19.35420462, 48.12865159 ], [ 19.35440496, 48.12859826 ], [ 19.35446858, 48.12858147 ], [ 19.35460206, 48.12854622 ], [ 19.35468094, 48.1285253 ], [ 19.35474802, 48.1285076 ], [ 19.35488754, 48.12847002 ], [ 19.3550347, 48.12843028 ], [ 19.35516523, 48.12839488 ], [ 19.35531449, 48.12835434 ], [ 19.35544442, 48.12831829 ], [ 19.3555985, 48.12827554 ], [ 19.35572995, 48.12823911 ], [ 19.35587445, 48.12819897 ], [ 19.35601686, 48.12815954 ], [ 19.35615357, 48.12812174 ], [ 19.35629974, 48.12808114 ], [ 19.35631765, 48.12807614 ], [ 19.35643593, 48.12804322 ], [ 19.35657472, 48.12800488 ], [ 19.35663689, 48.12798775 ], [ 19.35669171, 48.12797262 ], [ 19.35683832, 48.12793168 ], [ 19.35699882, 48.12788681 ], [ 19.35719563, 48.12783241 ], [ 19.35720868, 48.12782879 ], [ 19.35727071, 48.12781166 ], [ 19.35740954, 48.12777296 ], [ 19.35742051, 48.12776988 ], [ 19.35755253, 48.12773311 ], [ 19.35768594, 48.12769596 ], [ 19.35783519, 48.12765424 ], [ 19.35794745, 48.12762338 ], [ 19.35811912, 48.12757606 ], [ 19.35825932, 48.12753842 ], [ 19.35831936, 48.12752227 ], [ 19.35851946, 48.12746857 ], [ 19.35865587, 48.12742975 ], [ 19.35892257, 48.12735399 ] ] ] } },
{ "type": "Feature", "properties": { "@featureType": "CadastralParcel", "areaValue": { "value": 9709, "@uom": "m2" }, "beginLifespanVersion": { "@nilReason": "http://inspire.ec.europa.eu/codelist/VoidReasonValue/Unpopulated", "@nil": "true" }, "endLifespanVersion": { "@nilReason": "http://inspire.ec.europa.eu/codelist/VoidReasonValue/Unpopulated", "@nil": "true" }, "inspireId": { "@dataType": "Identifier", "localId": "874302_1202/5.C", "namespace": "SK.ESKN.CP", "versionId": "20260703T04:07:20" }, "label": "1202/5", "nationalCadastralReference": "874302_1202/5.C", "referencePoint": { "type": "Point", "coordinates": [ 19.35304614, 48.12188759 ] }, "validFrom": "2026-06-30T16:00:00Z", "validTo": { "@nilReason": "http://inspire.ec.europa.eu/codelist/VoidReasonValue/Unpopulated", "@nil": "true" }, "administrativeUnit": { "@href": "#auAdmUnitS.1383" } }, "geometry": { "type": "Polygon", "coordinates": [ [ [ 19.35058095, 48.1232601 ], [ 19.35056778, 48.12325225 ], [ 19.35069884, 48.12318921 ], [ 19.35076771, 48.12315735 ], [ 19.35077085, 48.12315317 ], [ 19.35160021, 48.12273285 ], [ 19.35163282, 48.12271629 ], [ 19.35171328, 48.12267552 ], [ 19.35219084, 48.12243524 ], [ 19.35225098, 48.12240431 ], [ 19.35230314, 48.12237751 ], [ 19.35230799, 48.12237504 ], [ 19.35235278, 48.12235167 ], [ 19.35242081, 48.12231625 ], [ 19.35264064, 48.12220138 ], [ 19.35275072, 48.12214427 ], [ 19.3528645, 48.12208535 ], [ 19.35298035, 48.12202463 ], [ 19.35304269, 48.12199201 ], [ 19.35309035, 48.12196697 ], [ 19.35318588, 48.12191881 ], [ 19.35320837, 48.12190745 ], [ 19.35335585, 48.1218331 ], [ 19.35340993, 48.12180468 ], [ 19.35346138, 48.12178325 ], [ 19.3535298, 48.12174416 ], [ 19.35366087, 48.12167723 ], [ 19.35380318, 48.12160453 ], [ 19.35404678, 48.12148015 ], [ 19.35410348, 48.12145122 ], [ 19.35421676, 48.12139309 ], [ 19.35431025, 48.1213451 ], [ 19.35448043, 48.12125741 ], [ 19.35455199, 48.12122045 ], [ 19.35471604, 48.1211359 ], [ 19.35478656, 48.12109988 ], [ 19.3548391, 48.12107454 ], [ 19.35490007, 48.12104212 ], [ 19.35502509, 48.12097751 ], [ 19.35505631, 48.12096134 ], [ 19.35511405, 48.12093147 ], [ 19.35521145, 48.12087951 ], [ 19.35539933, 48.12078375 ], [ 19.35555345, 48.12070512 ], [ 19.35572994, 48.12061512 ], [ 19.35586215, 48.1205487 ], [ 19.35594484, 48.12050713 ], [ 19.35599223, 48.12048334 ], [ 19.35611088, 48.12042285 ], [ 19.35619478, 48.12038008 ], [ 19.35624335, 48.12035527 ], [ 19.35632679, 48.12031301 ], [ 19.35635028, 48.12030115 ], [ 19.3564918, 48.1202295 ], [ 19.35644956, 48.12018888 ], [ 19.35644401, 48.12013749 ], [ 19.35638866, 48.12011364 ], [ 19.35637155, 48.12012247 ], [ 19.35622872, 48.12019623 ], [ 19.35605436, 48.12028407 ], [ 19.35600579, 48.1203088 ], [ 19.35590457, 48.12035994 ], [ 19.35577652, 48.12042142 ], [ 19.35572712, 48.12044511 ], [ 19.35559503, 48.12050784 ], [ 19.35554753, 48.12053144 ], [ 19.35549386, 48.12055727 ], [ 19.35545253, 48.12057729 ], [ 19.35522498, 48.1206927 ], [ 19.35508855, 48.12076199 ], [ 19.35504298, 48.12078514 ], [ 19.35493275, 48.12084116 ], [ 19.35492731, 48.12083666 ], [ 19.35492216, 48.12083948 ], [ 19.35486659, 48.12086928 ], [ 19.35479116, 48.1209084 ], [ 19.35478802, 48.12091005 ], [ 19.3547178, 48.12094708 ], [ 19.35466143, 48.12097674 ], [ 19.35455488, 48.12103232 ], [ 19.35444634, 48.12108896 ], [ 19.35434952, 48.12113923 ], [ 19.3542363, 48.121198 ], [ 19.35419012, 48.12122175 ], [ 19.35414424, 48.12124534 ], [ 19.35403451, 48.12130166 ], [ 19.35380592, 48.12141666 ], [ 19.35379732, 48.12142156 ], [ 19.35372819, 48.12145594 ], [ 19.35367995, 48.12148004 ], [ 19.35356351, 48.12154001 ], [ 19.35350793, 48.12156854 ], [ 19.35339476, 48.12162686 ], [ 19.35337666, 48.12163618 ], [ 19.35333843, 48.12167501 ], [ 19.35328587, 48.12170053 ], [ 19.35320033, 48.12171843 ], [ 19.35316858, 48.12173439 ], [ 19.35312449, 48.12175509 ], [ 19.35313315, 48.12176092 ], [ 19.35288501, 48.12186983 ], [ 19.35280404, 48.12190535 ], [ 19.35282047, 48.12192048 ], [ 19.35263443, 48.12201281 ], [ 19.35235722, 48.12215423 ], [ 19.3523273, 48.12216948 ], [ 19.35218129, 48.12224398 ], [ 19.35213043, 48.12226995 ], [ 19.35204481, 48.12231363 ], [ 19.35187461, 48.1224014 ], [ 19.35182544, 48.12242672 ], [ 19.3516598, 48.12251218 ], [ 19.35157633, 48.1225547 ], [ 19.35155809, 48.12256401 ], [ 19.35146237, 48.1226128 ], [ 19.3514192, 48.1226348 ], [ 19.35125067, 48.12272085 ], [ 19.3511954, 48.12274903 ], [ 19.35108114, 48.12280739 ], [ 19.35090835, 48.12289413 ], [ 19.35082286, 48.12293791 ], [ 19.35071057, 48.12299545 ], [ 19.35063191, 48.12303577 ], [ 19.35051876, 48.12309382 ], [ 19.3503908, 48.12315945 ], [ 19.35026087, 48.12322579 ], [ 19.35013628, 48.12329005 ], [ 19.35015376, 48.12330036 ], [ 19.3501777, 48.12331449 ], [ 19.35024401, 48.12338567 ], [ 19.35053954, 48.12364548 ], [ 19.35057368, 48.12362845 ], [ 19.35055746, 48.12361523 ], [ 19.35050473, 48.1235668 ], [ 19.35049836, 48.12356217 ], [ 19.35045295, 48.12351968 ], [ 19.35032373, 48.12339328 ], [ 19.35032835, 48.12337655 ], [ 19.35058095, 48.1232601 ] ] ] } },
{ "type": "Feature", "properties": { "@featureType": "CadastralParcel", "areaValue": { "value": 80951, "@uom": "m2" }, "beginLifespanVersion": { "@nilReason": "http://inspire.ec.europa.eu/codelist/VoidReasonValue/Unpopulated", "@nil": "true" }, "endLifespanVersion": { "@nilReason": "http://inspire.ec.europa.eu/codelist/VoidReasonValue/Unpopulated", "@nil": "true" }, "inspireId": { "@dataType": "Identifier", "localId": "874302_169.E", "namespace": "SK.ESKN.CP", "versionId": "20260703T04:07:20" }, "label": "169", "nationalCadastralReference": "874302_169.E", "referencePoint": { "type": "Point", "coordinates": [ 19.35863569, 48.11939021 ] }, "validFrom": "2026-06-30T16:00:00Z", "validTo": { "@nilReason": "http://inspire.ec.europa.eu/codelist/VoidReasonValue/Unpopulated", "@nil": "true" }, "administrativeUnit": { "@href": "#auAdmUnitS.1383" } }, "geometry": { "type": "Polygon", "coordinates": [ [ [ 19.35929909, 48.12066618 ], [ 19.35920196, 48.12049778 ], [ 19.35916274, 48.1203684 ], [ 19.35910099, 48.12008826 ], [ 19.35909306, 48.11993576 ], [ 19.3591127, 48.11980118 ], [ 19.35915253, 48.11967307 ], [ 19.3593589, 48.11945709 ], [ 19.35953143, 48.11932334 ], [ 19.3600172, 48.11906981 ], [ 19.36025403, 48.11894555 ], [ 19.36045916, 48.11882806 ], [ 19.36053368, 48.11877843 ], [ 19.36061023, 48.11871736 ], [ 19.36090429, 48.11840414 ], [ 19.36097241, 48.11831363 ], [ 19.36103016, 48.11820666 ], [ 19.36130372, 48.1177362 ], [ 19.36137921, 48.11764225 ], [ 19.36144331, 48.11757797 ], [ 19.36152693, 48.11750867 ], [ 19.36157528, 48.11748213 ], [ 19.3617963, 48.11739733 ], [ 19.36193214, 48.1173409 ], [ 19.36204841, 48.11728615 ], [ 19.36216425, 48.11722155 ], [ 19.36227011, 48.11715214 ], [ 19.36237297, 48.11706789 ], [ 19.3621758, 48.11706566 ], [ 19.36201136, 48.11707969 ], [ 19.36171927, 48.11717308 ], [ 19.3616249, 48.1172195 ], [ 19.35974528, 48.11829061 ], [ 19.35871517, 48.11888323 ], [ 19.35710379, 48.11980223 ], [ 19.35671907, 48.12013427 ], [ 19.35789958, 48.12139689 ], [ 19.35797459, 48.12147623 ], [ 19.35798647, 48.12148979 ], [ 19.3580375, 48.12154778 ], [ 19.35807784, 48.12159371 ], [ 19.35947402, 48.12087023 ], [ 19.35929909, 48.12066618 ] ] ] } },
{ "type": "Feature", "properties": { "@featureType": "CadastralParcel", "areaValue": { "value": 3674, "@uom": "m2" }, "beginLifespanVersion": { "@nilReason": "http://inspire.ec.europa.eu/codelist/VoidReasonValue/Unpopulated", "@nil": "true" }, "endLifespanVersion": { "@nilReason": "http://inspire.ec.europa.eu/codelist/VoidReasonValue/Unpopulated", "@nil": "true" }, "inspireId": { "@dataType": "Identifier", "localId": "874302_1349/1.E", "namespace": "SK.ESKN.CP", "versionId": "20260703T04:07:20" }, "label": "1349/1", "nationalCadastralReference": "874302_1349/1.E", "referencePoint": { "type": "Point", "coordinates": [ 19.35921003, 48.11855258 ] }, "validFrom": "2026-06-30T16:00:00Z", "validTo": { "@nilReason": "http://inspire.ec.europa.eu/codelist/VoidReasonValue/Unpopulated", "@nil": "true" }, "administrativeUnit": { "@href": "#auAdmUnitS.1383" } }, "geometry": { "type": "Polygon", "coordinates": [ [ [ 19.3616249, 48.1172195 ], [ 19.36171927, 48.11717308 ], [ 19.36201136, 48.11707969 ], [ 19.3621758, 48.11706566 ], [ 19.36237297, 48.11706789 ], [ 19.36243237, 48.11700852 ], [ 19.36243634, 48.11698391 ], [ 19.36207271, 48.11700716 ], [ 19.36196738, 48.11702249 ], [ 19.36186021, 48.11705261 ], [ 19.36167296, 48.11711757 ], [ 19.3615688, 48.11716731 ], [ 19.36021496, 48.11793054 ], [ 19.35965773, 48.1182517 ], [ 19.3586708, 48.11881455 ], [ 19.35811381, 48.11914221 ], [ 19.35750332, 48.11949146 ], [ 19.35738981, 48.11955554 ], [ 19.35710379, 48.11980223 ], [ 19.35871517, 48.11888323 ], [ 19.35974528, 48.11829061 ], [ 19.3616249, 48.1172195 ] ] ] } },
{ "type": "Feature", "properties": { "@featureType": "CadastralParcel", "areaValue": { "value": 882, "@uom": "m2" }, "beginLifespanVersion": { "@nilReason": "http://inspire.ec.europa.eu/codelist/VoidReasonValue/Unpopulated", "@nil": "true" }, "endLifespanVersion": { "@nilReason": "http://inspire.ec.europa.eu/codelist/VoidReasonValue/Unpopulated", "@nil": "true" }, "inspireId": { "@dataType": "Identifier", "localId": "874302_1350/1.E", "namespace": "SK.ESKN.CP", "versionId": "20260703T04:07:20" }, "label": "1350/1", "nationalCadastralReference": "874302_1350/1.E", "referencePoint": { "type": "Point", "coordinates": [ 19.35448116, 48.11621994 ] }, "validFrom": "2026-06-30T16:00:00Z", "validTo": { "@nilReason": "http://inspire.ec.europa.eu/codelist/VoidReasonValue/Unpopulated", "@nil": "true" }, "administrativeUnit": { "@href": "#auAdmUnitS.1383" } }, "geometry": { "type": "Polygon", "coordinates": [ [ [ 19.35501099, 48.11671138 ], [ 19.3550453, 48.11672799 ], [ 19.35516086, 48.11676807 ], [ 19.35506245, 48.11668346 ], [ 19.35469523, 48.11636774 ], [ 19.3546205, 48.11630356 ], [ 19.35445769, 48.11613633 ], [ 19.35439813, 48.11607504 ], [ 19.35430591, 48.11598802 ], [ 19.35429613, 48.1159788 ], [ 19.35407151, 48.11582916 ], [ 19.3540143, 48.11588187 ], [ 19.3542236, 48.1160186 ], [ 19.35455843, 48.11635631 ], [ 19.35499074, 48.11672195 ], [ 19.35500656, 48.11671378 ], [ 19.35501099, 48.11671138 ] ] ] } },
{ "type": "Feature", "properties": { "@featureType": "CadastralParcel", "areaValue": { "value": 1344, "@uom": "m2" }, "beginLifespanVersion": { "@nilReason": "http://inspire.ec.europa.eu/codelist/VoidReasonValue/Unpopulated", "@nil": "true" }, "endLifespanVersion": { "@nilReason": "http://inspire.ec.europa.eu/codelist/VoidReasonValue/Unpopulated", "@nil": "true" }, "inspireId": { "@dataType": "Identifier", "localId": "874302_166/2.E", "namespace": "SK.ESKN.CP", "versionId": "20260703T04:07:20" }, "label": "166/2", "nationalCadastralReference": "874302_166/2.E", "referencePoint": { "type": "Point", "coordinates": [ 19.35733116, 48.11767946 ] }, "validFrom": "2026-06-30T16:00:00Z", "validTo": { "@nilReason": "http://inspire.ec.europa.eu/codelist/VoidReasonValue/Unpopulated", "@nil": "true" }, "administrativeUnit": { "@href": "#auAdmUnitS.1383" } }, "geometry": { "type": "Polygon", "coordinates": [ [ [ 19.35737453, 48.11812355 ], [ 19.35743249, 48.11811795 ], [ 19.35751108, 48.11806049 ], [ 19.35736957, 48.11766255 ], [ 19.3571383, 48.11747175 ], [ 19.35704154, 48.11742464 ], [ 19.35669304, 48.11728746 ], [ 19.35646461, 48.11721113 ], [ 19.35623186, 48.11740799 ], [ 19.3562721, 48.11744093 ], [ 19.35634328, 48.11752081 ], [ 19.35638711, 48.11761453 ], [ 19.35633598, 48.11743291 ], [ 19.35648057, 48.11740558 ], [ 19.35657449, 48.11740747 ], [ 19.35662696, 48.11742054 ], [ 19.35675678, 48.11741035 ], [ 19.35683045, 48.11741785 ], [ 19.35694052, 48.11745 ], [ 19.35703735, 48.11749396 ], [ 19.35713058, 48.11754649 ], [ 19.35720682, 48.11760795 ], [ 19.35730563, 48.11769636 ], [ 19.35734334, 48.11778185 ], [ 19.3573596, 48.11794331 ], [ 19.35736752, 48.11794612 ], [ 19.35737453, 48.11812355 ] ] ] } },
{ "type": "Feature", "properties": { "@featureType": "CadastralParcel", "areaValue": { "value": 115, "@uom": "m2" }, "beginLifespanVersion": { "@nilReason": "http://inspire.ec.europa.eu/codelist/VoidReasonValue/Unpopulated", "@nil": "true" }, "endLifespanVersion": { "@nilReason": "http://inspire.ec.europa.eu/codelist/VoidReasonValue/Unpopulated", "@nil": "true" }, "inspireId": { "@dataType": "Identifier", "localId": "874302_167/2.E", "namespace": "SK.ESKN.CP", "versionId": "20260703T04:07:20" }, "label": "167/2", "nationalCadastralReference": "874302_167/2.E", "referencePoint": { "type": "Point", "coordinates": [ 19.3570663, 48.11894165 ] }, "validFrom": "2026-06-30T16:00:00Z", "validTo": { "@nilReason": "http://inspire.ec.europa.eu/codelist/VoidReasonValue/Unpopulated", "@nil": "true" }, "administrativeUnit": { "@href": "#auAdmUnitS.1383" } }, "geometry": { "type": "Polygon", "coordinates": [ [ [ 19.3571097, 48.11903067 ], [ 19.35710284, 48.1189903 ], [ 19.35707135, 48.11880503 ], [ 19.35698332, 48.11880216 ], [ 19.35700107, 48.11886162 ], [ 19.3570105, 48.118893 ], [ 19.35708842, 48.11903073 ], [ 19.3571097, 48.11903067 ] ] ] } },
{ "type": "Feature", "properties": { "@featureType": "CadastralParcel", "areaValue": { "value": 709, "@uom": "m2" }, "beginLifespanVersion": { "@nilReason": "http://inspire.ec.europa.eu/codelist/VoidReasonValue/Unpopulated", "@nil": "true" }, "endLifespanVersion": { "@nilReason": "http://inspire.ec.europa.eu/codelist/VoidReasonValue/Unpopulated", "@nil": "true" }, "inspireId": { "@dataType": "Identifier", "localId": "874302_11/3.E", "namespace": "SK.ESKN.CP", "versionId": "20260703T04:07:20" }, "label": "11/3", "nationalCadastralReference": "874302_11/3.E", "referencePoint": { "type": "Point", "coordinates": [ 19.36157854, 48.12462835 ] }, "validFrom": "2026-06-30T16:00:00Z", "validTo": { "@nilReason": "http://inspire.ec.europa.eu/codelist/VoidReasonValue/Unpopulated", "@nil": "true" }, "administrativeUnit": { "@href": "#auAdmUnitS.1383" } }, "geometry": { "type": "Polygon", "coordinates": [ [ [ 19.36191354, 48.12505818 ], [ 19.36185581, 48.12499725 ], [ 19.36143333, 48.12434962 ], [ 19.36137072, 48.12436591 ], [ 19.36171312, 48.12489078 ], [ 19.36173834, 48.1249295 ], [ 19.36179378, 48.12501439 ], [ 19.36145863, 48.12510698 ], [ 19.36142505, 48.1251162 ], [ 19.36140785, 48.12507804 ], [ 19.36135256, 48.12508883 ], [ 19.36131, 48.12509644 ], [ 19.36135346, 48.12516858 ], [ 19.36150441, 48.12515751 ], [ 19.36191354, 48.12505818 ] ] ] } },
{ "type": "Feature", "properties": { "@featureType": "CadastralParcel", "areaValue": { "value": 165, "@uom": "m2" }, "beginLifespanVersion": { "@nilReason": "http://inspire.ec.europa.eu/codelist/VoidReasonValue/Unpopulated", "@nil": "true" }, "endLifespanVersion": { "@nilReason": "http://inspire.ec.europa.eu/codelist/VoidReasonValue/Unpopulated", "@nil": "true" }, "inspireId": { "@dataType": "Identifier", "localId": "874302_55/1.E", "namespace": "SK.ESKN.CP", "versionId": "20260703T04:07:20" }, "label": "55/1", "nationalCadastralReference": "874302_55/1.E", "referencePoint": { "type": "Point", "coordinates": [ 19.35241137, 48.12346262 ] }, "validFrom": "2026-06-30T16:00:00Z", "validTo": { "@nilReason": "http://inspire.ec.europa.eu/codelist/VoidReasonValue/Unpopulated", "@nil": "true" }, "administrativeUnit": { "@href": "#auAdmUnitS.1383" } }, "geometry": { "type": "Polygon", "coordinates": [ [ [ 19.35238955, 48.12354521 ], [ 19.35242296, 48.12352625 ], [ 19.35253007, 48.12346548 ], [ 19.35243851, 48.12337849 ], [ 19.35231326, 48.12344768 ], [ 19.35229244, 48.12345975 ], [ 19.35238955, 48.12354521 ] ] ] } },
{ "type": "Feature", "properties": { "@featureType": "CadastralParcel", "areaValue": { "value": 89, "@uom": "m2" }, "beginLifespanVersion": { "@nilReason": "http://inspire.ec.europa.eu/codelist/VoidReasonValue/Unpopulated", "@nil": "true" }, "endLifespanVersion": { "@nilReason": "http://inspire.ec.europa.eu/codelist/VoidReasonValue/Unpopulated", "@nil": "true" }, "inspireId": { "@dataType": "Identifier", "localId": "874302_55/2.E", "namespace": "SK.ESKN.CP", "versionId": "20260703T04:07:20" }, "label": "55/2", "nationalCadastralReference": "874302_55/2.E", "referencePoint": { "type": "Point", "coordinates": [ 19.35252372, 48.12339967 ] }, "validFrom": "2026-06-30T16:00:00Z", "validTo": { "@nilReason": "http://inspire.ec.europa.eu/codelist/VoidReasonValue/Unpopulated", "@nil": "true" }, "administrativeUnit": { "@href": "#auAdmUnitS.1383" } }, "geometry": { "type": "Polygon", "coordinates": [ [ [ 19.35253007, 48.12346548 ], [ 19.35258197, 48.12343605 ], [ 19.35261094, 48.12342085 ], [ 19.35251424, 48.12333659 ], [ 19.35243851, 48.12337849 ], [ 19.35253007, 48.12346548 ] ] ] } },
{ "type": "Feature", "properties": { "@featureType": "CadastralParcel", "areaValue": { "value": 10299, "@uom": "m2" }, "beginLifespanVersion": { "@nilReason": "http://inspire.ec.europa.eu/codelist/VoidReasonValue/Unpopulated", "@nil": "true" }, "endLifespanVersion": { "@nilReason": "http://inspire.ec.europa.eu/codelist/VoidReasonValue/Unpopulated", "@nil": "true" }, "inspireId": { "@dataType": "Identifier", "localId": "874302_159/1.E", "namespace": "SK.ESKN.CP", "versionId": "20260703T04:07:20" }, "label": "159/1", "nationalCadastralReference": "874302_159/1.E", "referencePoint": { "type": "Point", "coordinates": [ 19.35185512, 48.11909993 ] }, "validFrom": "2026-06-30T16:00:00Z", "validTo": { "@nilReason": "http://inspire.ec.europa.eu/codelist/VoidReasonValue/Unpopulated", "@nil": "true" }, "administrativeUnit": { "@href": "#auAdmUnitS.1383" } }, "geometry": { "type": "Polygon", "coordinates": [ [ [ 19.35201806, 48.11894018 ], [ 19.35196213, 48.11896825 ], [ 19.35184416, 48.11902741 ], [ 19.35178261, 48.1190589 ], [ 19.35167489, 48.11911415 ], [ 19.35161947, 48.1191425 ], [ 19.35150266, 48.11920209 ], [ 19.35143792, 48.11923451 ], [ 19.35133135, 48.11928782 ], [ 19.35115819, 48.11937436 ], [ 19.35094829, 48.1194834 ], [ 19.35078972, 48.11933819 ], [ 19.35063348, 48.11919507 ], [ 19.35053039, 48.11924981 ], [ 19.35066175, 48.11937749 ], [ 19.35069602, 48.11941087 ], [ 19.35073602, 48.11944976 ], [ 19.35083202, 48.11954301 ], [ 19.35075231, 48.11958436 ], [ 19.35073548, 48.11959311 ], [ 19.35061785, 48.1196541 ], [ 19.35055832, 48.11968433 ], [ 19.35044711, 48.11974067 ], [ 19.3503846, 48.11977238 ], [ 19.35026967, 48.11983079 ], [ 19.35010227, 48.11991004 ], [ 19.35009883, 48.11991194 ], [ 19.35003876, 48.11994477 ], [ 19.34992446, 48.12000727 ], [ 19.34987013, 48.12003549 ], [ 19.34975061, 48.12009774 ], [ 19.34969111, 48.12012771 ], [ 19.34957767, 48.12018475 ], [ 19.34952284, 48.12021259 ], [ 19.34940692, 48.1202714 ], [ 19.34935088, 48.12030045 ], [ 19.34923324, 48.12036153 ], [ 19.34918418, 48.12038703 ], [ 19.34906483, 48.12044893 ], [ 19.34899783, 48.12048349 ], [ 19.34889078, 48.12053867 ], [ 19.34882987, 48.1205692 ], [ 19.34871885, 48.120625 ], [ 19.34866085, 48.12065477 ], [ 19.34854485, 48.1207143 ], [ 19.34848935, 48.12074211 ], [ 19.34837136, 48.12080136 ], [ 19.34830764, 48.12083428 ], [ 19.34819929, 48.12089021 ], [ 19.34814444, 48.12091823 ], [ 19.34802364, 48.12097987 ], [ 19.34796875, 48.12100826 ], [ 19.34776443, 48.12111404 ], [ 19.34779534, 48.12114474 ], [ 19.34782654, 48.12117789 ], [ 19.34785145, 48.12120054 ], [ 19.34804584, 48.12110195 ], [ 19.34832011, 48.12096292 ], [ 19.34864352, 48.12079893 ], [ 19.34876317, 48.12073804 ], [ 19.34883039, 48.12070385 ], [ 19.34901783, 48.12060852 ], [ 19.34915303, 48.12053819 ], [ 19.34931319, 48.1204549 ], [ 19.34933487, 48.12044359 ], [ 19.34945589, 48.1203825 ], [ 19.34952922, 48.12034535 ], [ 19.34966134, 48.12027866 ], [ 19.34978579, 48.12021314 ], [ 19.34999982, 48.12010087 ], [ 19.35008514, 48.12005736 ], [ 19.35073278, 48.11972769 ], [ 19.35089964, 48.11964211 ], [ 19.35094652, 48.1196256 ], [ 19.35099956, 48.11960696 ], [ 19.35106733, 48.1195865 ], [ 19.35123612, 48.1194992 ], [ 19.35140504, 48.11941201 ], [ 19.35157383, 48.11932471 ], [ 19.35174262, 48.11923741 ], [ 19.35191154, 48.11915021 ], [ 19.3520348, 48.11908571 ], [ 19.35208459, 48.1190596 ], [ 19.35212753, 48.11903714 ], [ 19.35211273, 48.11902317 ], [ 19.35222846, 48.11896354 ], [ 19.35232167, 48.11891553 ], [ 19.35233692, 48.11892907 ], [ 19.35242187, 48.11888527 ], [ 19.35259206, 48.1187975 ], [ 19.35276225, 48.11870964 ], [ 19.35274346, 48.11870026 ], [ 19.352842, 48.11865025 ], [ 19.35290309, 48.11861928 ], [ 19.35311853, 48.11850997 ], [ 19.35315525, 48.11849153 ], [ 19.35321077, 48.11846345 ], [ 19.35326061, 48.11843816 ], [ 19.35352215, 48.11830464 ], [ 19.35383824, 48.11814317 ], [ 19.35417835, 48.11796878 ], [ 19.3542096, 48.1179536 ], [ 19.35425106, 48.11793232 ], [ 19.35428788, 48.11791795 ], [ 19.35473229, 48.11768112 ], [ 19.35504979, 48.11751529 ], [ 19.35536728, 48.11734956 ], [ 19.35562129, 48.11721693 ], [ 19.35569601, 48.11716678 ], [ 19.35539912, 48.11700664 ], [ 19.35552564, 48.11710288 ], [ 19.35555229, 48.11712309 ], [ 19.35555719, 48.11713144 ], [ 19.35545066, 48.11718566 ], [ 19.35532805, 48.11724804 ], [ 19.35527817, 48.11727369 ], [ 19.35521291, 48.11730717 ], [ 19.3551086, 48.11736086 ], [ 19.35505173, 48.11739014 ], [ 19.35492562, 48.11745496 ], [ 19.35485397, 48.11749156 ], [ 19.354746, 48.1175467 ], [ 19.35468449, 48.11757793 ], [ 19.35456474, 48.11763864 ], [ 19.3545079, 48.11766648 ], [ 19.35438128, 48.11772848 ], [ 19.35417393, 48.11783385 ], [ 19.3540605, 48.11773238 ], [ 19.35399169, 48.11767074 ], [ 19.35384852, 48.11754268 ], [ 19.35377385, 48.11757859 ], [ 19.35394424, 48.11773915 ], [ 19.35408773, 48.11787435 ], [ 19.35389889, 48.11797412 ], [ 19.35383826, 48.11800593 ], [ 19.35372128, 48.11806713 ], [ 19.35366792, 48.11809514 ], [ 19.35355379, 48.11815494 ], [ 19.35350164, 48.11818174 ], [ 19.35338467, 48.11824159 ], [ 19.35331984, 48.11827482 ], [ 19.35321156, 48.11833031 ], [ 19.35314603, 48.11836377 ], [ 19.35304034, 48.11841767 ], [ 19.35298607, 48.11844536 ], [ 19.35287013, 48.11850445 ], [ 19.35281669, 48.11853191 ], [ 19.35269856, 48.1185926 ], [ 19.35264696, 48.11861925 ], [ 19.35252737, 48.11868096 ], [ 19.35247726, 48.11870624 ], [ 19.35235482, 48.11876817 ], [ 19.35230255, 48.11879478 ], [ 19.35218548, 48.11885435 ], [ 19.35215466, 48.11882528 ], [ 19.35194803, 48.11863088 ], [ 19.35187243, 48.11855971 ], [ 19.35170168, 48.11864763 ], [ 19.35180743, 48.1187454 ], [ 19.35201806, 48.11894018 ] ] ] } },
{ "type": "Feature", "properties": { "@featureType": "CadastralParcel", "areaValue": { "value": 19964, "@uom": "m2" }, "beginLifespanVersion": { "@nilReason": "http://inspire.ec.europa.eu/codelist/VoidReasonValue/Unpopulated", "@nil": "true" }, "endLifespanVersion": { "@nilReason": "http://inspire.ec.europa.eu/codelist/VoidReasonValue/Unpopulated", "@nil": "true" }, "inspireId": { "@dataType": "Identifier", "localId": "874302_168/1.E", "namespace": "SK.ESKN.CP", "versionId": "20260703T04:07:20" }, "label": "168/1", "nationalCadastralReference": "874302_168/1.E", "referencePoint": { "type": "Point", "coordinates": [ 19.36026191, 48.11757012 ] }, "validFrom": "2026-06-30T16:00:00Z", "validTo": { "@nilReason": "http://inspire.ec.europa.eu/codelist/VoidReasonValue/Unpopulated", "@nil": "true" }, "administrativeUnit": { "@href": "#auAdmUnitS.1383" } }, "geometry": { "type": "Polygon", "coordinates": [ [ [ 19.35965773, 48.1182517 ], [ 19.36021496, 48.11793054 ], [ 19.3615688, 48.11716731 ], [ 19.36167296, 48.11711757 ], [ 19.36186021, 48.11705261 ], [ 19.36196738, 48.11702249 ], [ 19.36207271, 48.11700716 ], [ 19.36243634, 48.11698391 ], [ 19.36243328, 48.11696591 ], [ 19.36239593, 48.11688577 ], [ 19.36232609, 48.11679586 ], [ 19.36228272, 48.11675185 ], [ 19.36175633, 48.11642826 ], [ 19.36167427, 48.11627122 ], [ 19.36162708, 48.11619114 ], [ 19.36161072, 48.11617043 ], [ 19.3590816, 48.11799405 ], [ 19.3591438, 48.11803319 ], [ 19.3591804, 48.11805614 ], [ 19.3592306, 48.11808533 ], [ 19.35927575, 48.118114 ], [ 19.35932497, 48.11814729 ], [ 19.35791288, 48.11917504 ], [ 19.35738981, 48.11955554 ], [ 19.35750332, 48.11949146 ], [ 19.35811381, 48.11914221 ], [ 19.3586708, 48.11881455 ], [ 19.35965773, 48.1182517 ] ], [ [ 19.35957013, 48.11800431 ], [ 19.35961827, 48.11796839 ], [ 19.35954215, 48.11791839 ], [ 19.35956848, 48.11789882 ], [ 19.35964658, 48.11794792 ], [ 19.35969637, 48.11791172 ], [ 19.35984934, 48.11801003 ], [ 19.35972229, 48.11810132 ], [ 19.35957013, 48.11800431 ] ], [ [ 19.36107853, 48.11706762 ], [ 19.36079885, 48.11724141 ], [ 19.3605007, 48.11722901 ], [ 19.36053519, 48.11720362 ], [ 19.36078223, 48.11721302 ], [ 19.36105066, 48.11704618 ], [ 19.36130715, 48.11688652 ], [ 19.3615364, 48.1170535 ], [ 19.36128039, 48.11721246 ], [ 19.36107853, 48.11706762 ] ] ] } },
{ "type": "Feature", "properties": { "@featureType": "CadastralParcel", "areaValue": { "value": 3691, "@uom": "m2" }, "beginLifespanVersion": { "@nilReason": "http://inspire.ec.europa.eu/codelist/VoidReasonValue/Unpopulated", "@nil": "true" }, "endLifespanVersion": { "@nilReason": "http://inspire.ec.europa.eu/codelist/VoidReasonValue/Unpopulated", "@nil": "true" }, "inspireId": { "@dataType": "Identifier", "localId": "874302_168/2.E", "namespace": "SK.ESKN.CP", "versionId": "20260703T04:07:20" }, "label": "168/2", "nationalCadastralReference": "874302_168/2.E", "referencePoint": { "type": "Point", "coordinates": [ 19.35854781, 48.11861775 ] }, "validFrom": "2026-06-30T16:00:00Z", "validTo": { "@nilReason": "http://inspire.ec.europa.eu/codelist/VoidReasonValue/Unpopulated", "@nil": "true" }, "administrativeUnit": { "@href": "#auAdmUnitS.1383" } }, "geometry": { "type": "Polygon", "coordinates": [ [ [ 19.35791288, 48.11917504 ], [ 19.35932497, 48.11814729 ], [ 19.35927575, 48.118114 ], [ 19.3592306, 48.11808533 ], [ 19.3591804, 48.11805614 ], [ 19.35915087, 48.1180779 ], [ 19.35777754, 48.11908821 ], [ 19.35767235, 48.11915503 ], [ 19.35760585, 48.1192027 ], [ 19.35759201, 48.1192125 ], [ 19.3575108, 48.11927046 ], [ 19.35711881, 48.11954976 ], [ 19.35694844, 48.11970353 ], [ 19.35685796, 48.11978521 ], [ 19.3568274, 48.11981278 ], [ 19.35676623, 48.11986088 ], [ 19.3566912, 48.119958 ], [ 19.35738981, 48.11955554 ], [ 19.35791288, 48.11917504 ] ] ] } },
{ "type": "Feature", "properties": { "@featureType": "CadastralParcel", "areaValue": { "value": 4215, "@uom": "m2" }, "beginLifespanVersion": { "@nilReason": "http://inspire.ec.europa.eu/codelist/VoidReasonValue/Unpopulated", "@nil": "true" }, "endLifespanVersion": { "@nilReason": "http://inspire.ec.europa.eu/codelist/VoidReasonValue/Unpopulated", "@nil": "true" }, "inspireId": { "@dataType": "Identifier", "localId": "874302_672/55.E", "namespace": "SK.ESKN.CP", "versionId": "20260703T04:07:20" }, "label": "672/55", "nationalCadastralReference": "874302_672/55.E", "referencePoint": { "type": "Point", "coordinates": [ 19.35606089, 48.12807864 ] }, "validFrom": "2026-06-30T16:00:00Z", "validTo": { "@nilReason": "http://inspire.ec.europa.eu/codelist/VoidReasonValue/Unpopulated", "@nil": "true" }, "administrativeUnit": { "@href": "#auAdmUnitS.1383" } }, "geometry": { "type": "Polygon", "coordinates": [ [ [ 19.35587445, 48.12819897 ], [ 19.35601686, 48.12815954 ], [ 19.35615357, 48.12812174 ], [ 19.35629974, 48.12808114 ], [ 19.35631765, 48.12807614 ], [ 19.35643593, 48.12804322 ], [ 19.35657472, 48.12800488 ], [ 19.35663689, 48.12798775 ], [ 19.35669171, 48.12797262 ], [ 19.35683832, 48.12793168 ], [ 19.35699882, 48.12788681 ], [ 19.35719563, 48.12783241 ], [ 19.35720868, 48.12782879 ], [ 19.35727071, 48.12781166 ], [ 19.35740954, 48.12777296 ], [ 19.35742051, 48.12776988 ], [ 19.35755253, 48.12773311 ], [ 19.35768594, 48.12769596 ], [ 19.35783519, 48.12765424 ], [ 19.35794745, 48.12762338 ], [ 19.35797368, 48.12761616 ], [ 19.35790185, 48.12750072 ], [ 19.35782199, 48.12752331 ], [ 19.35771172, 48.12755445 ], [ 19.35758034, 48.12759153 ], [ 19.35740886, 48.12763957 ], [ 19.35730028, 48.12766998 ], [ 19.35723379, 48.12768852 ], [ 19.35717269, 48.1277057 ], [ 19.35701941, 48.12774848 ], [ 19.35688674, 48.12778504 ], [ 19.3567374, 48.1278263 ], [ 19.35659296, 48.1278659 ], [ 19.35645712, 48.12790312 ], [ 19.35636406, 48.12792814 ], [ 19.35630387, 48.12794437 ], [ 19.35616686, 48.12798126 ], [ 19.35609192, 48.12800183 ], [ 19.35603155, 48.1280185 ], [ 19.35590096, 48.12805444 ], [ 19.35575539, 48.12809452 ], [ 19.3556151, 48.12813297 ], [ 19.35546504, 48.12817473 ], [ 19.3553311, 48.12821177 ], [ 19.35505346, 48.12828519 ], [ 19.354773, 48.12836353 ], [ 19.35448935, 48.12844154 ], [ 19.35415749, 48.12853328 ], [ 19.35417592, 48.12857501 ], [ 19.35418598, 48.12861435 ], [ 19.35420462, 48.12865159 ], [ 19.35440496, 48.12859826 ], [ 19.35446858, 48.12858147 ], [ 19.35460206, 48.12854622 ], [ 19.35468094, 48.1285253 ], [ 19.35474802, 48.1285076 ], [ 19.35488754, 48.12847002 ], [ 19.3550347, 48.12843028 ], [ 19.35516523, 48.12839488 ], [ 19.35531449, 48.12835434 ], [ 19.35544442, 48.12831829 ], [ 19.3555985, 48.12827554 ], [ 19.35572995, 48.12823911 ], [ 19.35587445, 48.12819897 ] ] ] } },
{ "type": "Feature", "properties": { "@featureType": "CadastralParcel", "areaValue": { "value": 691, "@uom": "m2" }, "beginLifespanVersion": { "@nilReason": "http://inspire.ec.europa.eu/codelist/VoidReasonValue/Unpopulated", "@nil": "true" }, "endLifespanVersion": { "@nilReason": "http://inspire.ec.europa.eu/codelist/VoidReasonValue/Unpopulated", "@nil": "true" }, "inspireId": { "@dataType": "Identifier", "localId": "874302_1349/2.E", "namespace": "SK.ESKN.CP", "versionId": "20260703T04:07:20" }, "label": "1349/2", "nationalCadastralReference": "874302_1349/2.E", "referencePoint": { "type": "Point", "coordinates": [ 19.35691997, 48.11988012 ] }, "validFrom": "2026-06-30T16:00:00Z", "validTo": { "@nilReason": "http://inspire.ec.europa.eu/codelist/VoidReasonValue/Unpopulated", "@nil": "true" }, "administrativeUnit": { "@href": "#auAdmUnitS.1383" } }, "geometry": { "type": "Polygon", "coordinates": [ [ [ 19.35710379, 48.11980223 ], [ 19.35738981, 48.11955554 ], [ 19.3566912, 48.119958 ], [ 19.35655773, 48.12002491 ], [ 19.35660879, 48.12009012 ], [ 19.35666536, 48.12014918 ], [ 19.35671907, 48.12013427 ], [ 19.35710379, 48.11980223 ] ] ] } },
{ "type": "Feature", "properties": { "@featureType": "CadastralParcel", "areaValue": { "value": 2705, "@uom": "m2" }, "beginLifespanVersion": { "@nilReason": "http://inspire.ec.europa.eu/codelist/VoidReasonValue/Unpopulated", "@nil": "true" }, "endLifespanVersion": { "@nilReason": "http://inspire.ec.europa.eu/codelist/VoidReasonValue/Unpopulated", "@nil": "true" }, "inspireId": { "@dataType": "Identifier", "localId": "874302_1350/2.E", "namespace": "SK.ESKN.CP", "versionId": "20260703T04:07:20" }, "label": "1350/2", "nationalCadastralReference": "874302_1350/2.E", "referencePoint": { "type": "Point", "coordinates": [ 19.35644774, 48.11822073 ] }, "validFrom": "2026-06-30T16:00:00Z", "validTo": { "@nilReason": "http://inspire.ec.europa.eu/codelist/VoidReasonValue/Unpopulated", "@nil": "true" }, "administrativeUnit": { "@href": "#auAdmUnitS.1383" } }, "geometry": { "type": "Polygon", "coordinates": [ [ [ 19.35632541, 48.11773564 ], [ 19.35639592, 48.11792369 ], [ 19.356419, 48.11801884 ], [ 19.35641614, 48.11809463 ], [ 19.3563869, 48.11829241 ], [ 19.35633182, 48.11850897 ], [ 19.35631371, 48.1187172 ], [ 19.35630807, 48.11878122 ], [ 19.35632133, 48.11893929 ], [ 19.35632567, 48.11908621 ], [ 19.35630487, 48.11930459 ], [ 19.35629688, 48.11938933 ], [ 19.35627471, 48.11953984 ], [ 19.35617088, 48.11973747 ], [ 19.35625179, 48.11981195 ], [ 19.35625447, 48.11978819 ], [ 19.35629259, 48.11970381 ], [ 19.3563233, 48.11963576 ], [ 19.35639809, 48.11947038 ], [ 19.35641029, 48.11936393 ], [ 19.35641764, 48.119299 ], [ 19.35642242, 48.11920771 ], [ 19.35643155, 48.11903177 ], [ 19.35642854, 48.11892523 ], [ 19.35642692, 48.11886483 ], [ 19.35642466, 48.11878402 ], [ 19.35642993, 48.11868445 ], [ 19.35643528, 48.11858408 ], [ 19.35645193, 48.11848759 ], [ 19.35646183, 48.11843036 ], [ 19.3564648, 48.11841138 ], [ 19.356475, 48.11835506 ], [ 19.35649119, 48.11826666 ], [ 19.35650479, 48.1181748 ], [ 19.35651314, 48.11811813 ], [ 19.35651016, 48.11796722 ], [ 19.35649014, 48.11786617 ], [ 19.35648321, 48.11783149 ], [ 19.35646128, 48.11778598 ], [ 19.35643141, 48.11772413 ], [ 19.35638711, 48.11761453 ], [ 19.35634328, 48.11752081 ], [ 19.3562721, 48.11744093 ], [ 19.35623186, 48.11740799 ], [ 19.35613839, 48.11733137 ], [ 19.35600598, 48.11724999 ], [ 19.35599798, 48.11724673 ], [ 19.35587179, 48.11719523 ], [ 19.35526566, 48.11685957 ], [ 19.35516086, 48.11676807 ], [ 19.3550453, 48.11672799 ], [ 19.35501099, 48.11671138 ], [ 19.35511935, 48.11679349 ], [ 19.35533039, 48.11695429 ], [ 19.35539912, 48.11700664 ], [ 19.35569601, 48.11716678 ], [ 19.35598749, 48.11732214 ], [ 19.35621721, 48.11746436 ], [ 19.35626328, 48.11758 ], [ 19.35628016, 48.11762238 ], [ 19.35632541, 48.11773564 ] ] ] } },
{ "type": "Feature", "properties": { "@featureType": "CadastralParcel", "areaValue": { "value": 6885, "@uom": "m2" }, "beginLifespanVersion": { "@nilReason": "http://inspire.ec.europa.eu/codelist/VoidReasonValue/Unpopulated", "@nil": "true" }, "endLifespanVersion": { "@nilReason": "http://inspire.ec.europa.eu/codelist/VoidReasonValue/Unpopulated", "@nil": "true" }, "inspireId": { "@dataType": "Identifier", "localId": "874302_1360/1.E", "namespace": "SK.ESKN.CP", "versionId": "20260703T04:07:20" }, "label": "1360/1", "nationalCadastralReference": "874302_1360/1.E", "referencePoint": { "type": "Point", "coordinates": [ 19.35320504, 48.12465958 ] }, "validFrom": "2026-06-30T16:00:00Z", "validTo": { "@nilReason": "http://inspire.ec.europa.eu/codelist/VoidReasonValue/Unpopulated", "@nil": "true" }, "administrativeUnit": { "@href": "#auAdmUnitS.1383" } }, "geometry": { "type": "Polygon", "coordinates": [ [ [ 19.35492723, 48.12368628 ], [ 19.35508439, 48.12354666 ], [ 19.35513651, 48.12349759 ], [ 19.35520289, 48.12343603 ], [ 19.3552033, 48.12335165 ], [ 19.35523172, 48.12327989 ], [ 19.35521289, 48.12325076 ], [ 19.35521035, 48.12324676 ], [ 19.35521932, 48.12323971 ], [ 19.35530708, 48.12314708 ], [ 19.35537257, 48.12305356 ], [ 19.355404, 48.12296129 ], [ 19.35515673, 48.1232193 ], [ 19.35512464, 48.12319071 ], [ 19.35509135, 48.12326891 ], [ 19.35506941, 48.12333053 ], [ 19.35508258, 48.1233748 ], [ 19.35494368, 48.12358914 ], [ 19.35489483, 48.1236253 ], [ 19.35476866, 48.123761 ], [ 19.35473703, 48.12378473 ], [ 19.35455845, 48.12387282 ], [ 19.35454621, 48.12387521 ], [ 19.35440332, 48.12390289 ], [ 19.3542662, 48.12396592 ], [ 19.35425442, 48.12395525 ], [ 19.35422576, 48.12397137 ], [ 19.35418419, 48.1239948 ], [ 19.35406752, 48.12406062 ], [ 19.35399083, 48.12412276 ], [ 19.35396016, 48.12414762 ], [ 19.35386563, 48.12420666 ], [ 19.35383778, 48.12422398 ], [ 19.35379975, 48.12426724 ], [ 19.35368869, 48.12439131 ], [ 19.35353084, 48.12447192 ], [ 19.35336817, 48.1245321 ], [ 19.35322414, 48.12461437 ], [ 19.35316742, 48.12464221 ], [ 19.35315975, 48.12464599 ], [ 19.35310418, 48.12467317 ], [ 19.35302174, 48.12471358 ], [ 19.35284785, 48.12475023 ], [ 19.352831, 48.12475916 ], [ 19.35275547, 48.12479917 ], [ 19.35259935, 48.1248548 ], [ 19.35207271, 48.12497839 ], [ 19.35204619, 48.12495566 ], [ 19.35201113, 48.12495857 ], [ 19.35196334, 48.12491561 ], [ 19.35181501, 48.12499028 ], [ 19.3517392, 48.12496121 ], [ 19.35171589, 48.12496261 ], [ 19.35166938, 48.12496552 ], [ 19.35157691, 48.12497127 ], [ 19.35147875, 48.12497738 ], [ 19.35147604, 48.12497752 ], [ 19.35142738, 48.12498041 ], [ 19.35133128, 48.12500628 ], [ 19.35128177, 48.12501959 ], [ 19.35120309, 48.12503745 ], [ 19.35119489, 48.12503986 ], [ 19.35104879, 48.12508234 ], [ 19.35098693, 48.1251443 ], [ 19.35094996, 48.12521285 ], [ 19.35086309, 48.12537009 ], [ 19.35065889, 48.12546578 ], [ 19.35052904, 48.12562185 ], [ 19.35056584, 48.12574354 ], [ 19.35054324, 48.12576464 ], [ 19.35046559, 48.12583702 ], [ 19.35037981, 48.12588339 ], [ 19.35017142, 48.12594282 ], [ 19.35008727, 48.12599919 ], [ 19.34996324, 48.1261348 ], [ 19.34993883, 48.12616158 ], [ 19.3499286, 48.12617281 ], [ 19.34983316, 48.1262088 ], [ 19.34972031, 48.12620609 ], [ 19.34957512, 48.12623627 ], [ 19.34942827, 48.12626691 ], [ 19.34928686, 48.12630953 ], [ 19.34925763, 48.12631831 ], [ 19.34941792, 48.12637732 ], [ 19.34952752, 48.12636004 ], [ 19.34994834, 48.12630036 ], [ 19.35006072, 48.12626969 ], [ 19.35033492, 48.12607366 ], [ 19.35055315, 48.12603554 ], [ 19.35069027, 48.12588703 ], [ 19.35077551, 48.12574505 ], [ 19.35083588, 48.12558383 ], [ 19.35111269, 48.12553942 ], [ 19.35111911, 48.12529086 ], [ 19.35128092, 48.12516337 ], [ 19.35151295, 48.12509696 ], [ 19.35193101, 48.12509178 ], [ 19.35206084, 48.12502768 ], [ 19.35208373, 48.12502013 ], [ 19.35247847, 48.12495233 ], [ 19.3527863, 48.12486467 ], [ 19.35309415, 48.12474672 ], [ 19.35357538, 48.12451878 ], [ 19.35378307, 48.12441044 ], [ 19.35388128, 48.1242781 ], [ 19.35401729, 48.12419518 ], [ 19.35420707, 48.1240528 ], [ 19.35445258, 48.12395349 ], [ 19.35460817, 48.12392922 ], [ 19.35481647, 48.12381514 ], [ 19.35492723, 48.12368628 ] ] ] } },
{ "type": "Feature", "properties": { "@featureType": "CadastralParcel", "areaValue": { "value": 227, "@uom": "m2" }, "beginLifespanVersion": { "@nilReason": "http://inspire.ec.europa.eu/codelist/VoidReasonValue/Unpopulated", "@nil": "true" }, "endLifespanVersion": { "@nilReason": "http://inspire.ec.europa.eu/codelist/VoidReasonValue/Unpopulated", "@nil": "true" }, "inspireId": { "@dataType": "Identifier", "localId": "874302_1360/2.E", "namespace": "SK.ESKN.CP", "versionId": "20260703T04:07:20" }, "label": "1360/2", "nationalCadastralReference": "874302_1360/2.E", "referencePoint": { "type": "Point", "coordinates": [ 19.35574969, 48.12268964 ] }, "validFrom": "2026-06-30T16:00:00Z", "validTo": { "@nilReason": "http://inspire.ec.europa.eu/codelist/VoidReasonValue/Unpopulated", "@nil": "true" }, "administrativeUnit": { "@href": "#auAdmUnitS.1383" } }, "geometry": { "type": "Polygon", "coordinates": [ [ [ 19.3561301, 48.12248982 ], [ 19.35610552, 48.12246285 ], [ 19.35596629, 48.12249657 ], [ 19.35593084, 48.12251579 ], [ 19.35549039, 48.12288509 ], [ 19.35553555, 48.12287211 ], [ 19.35565502, 48.12280282 ], [ 19.35573191, 48.1227286 ], [ 19.35581984, 48.12265068 ], [ 19.35592996, 48.12256931 ], [ 19.35597047, 48.12255322 ], [ 19.3561301, 48.12248982 ] ] ] } },
{ "type": "Feature", "properties": { "@featureType": "CadastralParcel", "areaValue": { "value": 13703, "@uom": "m2" }, "beginLifespanVersion": { "@nilReason": "http://inspire.ec.europa.eu/codelist/VoidReasonValue/Unpopulated", "@nil": "true" }, "endLifespanVersion": { "@nilReason": "http://inspire.ec.europa.eu/codelist/VoidReasonValue/Unpopulated", "@nil": "true" }, "inspireId": { "@dataType": "Identifier", "localId": "874302_1364.E", "namespace": "SK.ESKN.CP", "versionId": "20260703T04:07:20" }, "label": "1364", "nationalCadastralReference": "874302_1364.E", "referencePoint": { "type": "Point", "coordinates": [ 19.35342041, 48.12170948 ] }, "validFrom": "2026-06-30T16:00:00Z", "validTo": { "@nilReason": "http://inspire.ec.europa.eu/codelist/VoidReasonValue/Unpopulated", "@nil": "true" }, "administrativeUnit": { "@href": "#auAdmUnitS.1383" } }, "geometry": { "type": "Polygon", "coordinates": [ [ [ 19.35160021, 48.12273285 ], [ 19.35163282, 48.12271629 ], [ 19.35171328, 48.12267552 ], [ 19.35219084, 48.12243524 ], [ 19.35225098, 48.12240431 ], [ 19.35230314, 48.12237751 ], [ 19.35230799, 48.12237504 ], [ 19.35235278, 48.12235167 ], [ 19.35242081, 48.12231625 ], [ 19.35264064, 48.12220138 ], [ 19.35275072, 48.12214427 ], [ 19.3528645, 48.12208535 ], [ 19.35298035, 48.12202463 ], [ 19.35304269, 48.12199201 ], [ 19.35309035, 48.12196697 ], [ 19.35318588, 48.12191881 ], [ 19.35320837, 48.12190745 ], [ 19.35335585, 48.1218331 ], [ 19.35340993, 48.12180468 ], [ 19.35346138, 48.12178325 ], [ 19.3535298, 48.12174416 ], [ 19.35366087, 48.12167723 ], [ 19.35380318, 48.12160453 ], [ 19.35404678, 48.12148015 ], [ 19.35410348, 48.12145122 ], [ 19.35421676, 48.12139309 ], [ 19.35431025, 48.1213451 ], [ 19.35448043, 48.12125741 ], [ 19.35455199, 48.12122045 ], [ 19.35471604, 48.1211359 ], [ 19.35478656, 48.12109988 ], [ 19.3548391, 48.12107454 ], [ 19.35490007, 48.12104212 ], [ 19.35502509, 48.12097751 ], [ 19.35505631, 48.12096134 ], [ 19.35511405, 48.12093147 ], [ 19.35521145, 48.12087951 ], [ 19.35539933, 48.12078375 ], [ 19.35555345, 48.12070512 ], [ 19.35572994, 48.12061512 ], [ 19.35586215, 48.1205487 ], [ 19.35594484, 48.12050713 ], [ 19.35599223, 48.12048334 ], [ 19.35611088, 48.12042285 ], [ 19.35619478, 48.12038008 ], [ 19.35624335, 48.12035527 ], [ 19.35632679, 48.12031301 ], [ 19.35635028, 48.12030115 ], [ 19.3564918, 48.1202295 ], [ 19.35658141, 48.12032216 ], [ 19.35668301, 48.1204273 ], [ 19.3567931, 48.12054124 ], [ 19.35687706, 48.12063002 ], [ 19.35701952, 48.12078121 ], [ 19.35704977, 48.12081323 ], [ 19.35710723, 48.12087532 ], [ 19.35703388, 48.12090129 ], [ 19.35708543, 48.12095443 ], [ 19.35715383, 48.12092561 ], [ 19.35718376, 48.12095798 ], [ 19.35725825, 48.12103837 ], [ 19.35741118, 48.12120377 ], [ 19.35752244, 48.12131939 ], [ 19.35758994, 48.12138962 ], [ 19.3577018, 48.12150589 ], [ 19.35773393, 48.12153917 ], [ 19.35766626, 48.12159012 ], [ 19.35781744, 48.12173172 ], [ 19.35805871, 48.1216038 ], [ 19.35807784, 48.12159371 ], [ 19.3580375, 48.12154778 ], [ 19.35798647, 48.12148979 ], [ 19.35797459, 48.12147623 ], [ 19.35789958, 48.12139689 ], [ 19.35671907, 48.12013427 ], [ 19.35666536, 48.12014918 ], [ 19.35660879, 48.12009012 ], [ 19.35655773, 48.12002491 ], [ 19.35651464, 48.12005882 ], [ 19.3564806, 48.12007369 ], [ 19.35643288, 48.12009178 ], [ 19.35638866, 48.12011364 ], [ 19.35637155, 48.12012247 ], [ 19.35622872, 48.12019623 ], [ 19.35605436, 48.12028407 ], [ 19.35600579, 48.1203088 ], [ 19.35590457, 48.12035994 ], [ 19.35577652, 48.12042142 ], [ 19.35572712, 48.12044511 ], [ 19.35559503, 48.12050784 ], [ 19.35554753, 48.12053144 ], [ 19.35549386, 48.12055727 ], [ 19.35545253, 48.12057729 ], [ 19.35522498, 48.1206927 ], [ 19.35508855, 48.12076199 ], [ 19.35504298, 48.12078514 ], [ 19.35493275, 48.12084116 ], [ 19.35492731, 48.12083666 ], [ 19.35492216, 48.12083948 ], [ 19.35486659, 48.12086928 ], [ 19.35479116, 48.1209084 ], [ 19.35478802, 48.12091005 ], [ 19.3547178, 48.12094708 ], [ 19.35466143, 48.12097674 ], [ 19.35455488, 48.12103232 ], [ 19.35444634, 48.12108896 ], [ 19.35434952, 48.12113923 ], [ 19.3542363, 48.121198 ], [ 19.35419012, 48.12122175 ], [ 19.35414424, 48.12124534 ], [ 19.35403451, 48.12130166 ], [ 19.35380592, 48.12141666 ], [ 19.35379732, 48.12142156 ], [ 19.35372819, 48.12145594 ], [ 19.35367995, 48.12148004 ], [ 19.35356351, 48.12154001 ], [ 19.35350793, 48.12156854 ], [ 19.35339476, 48.12162686 ], [ 19.35337666, 48.12163618 ], [ 19.35333843, 48.12167501 ], [ 19.35328587, 48.12170053 ], [ 19.35320033, 48.12171843 ], [ 19.35321386, 48.12172908 ], [ 19.35282047, 48.12192048 ], [ 19.35263443, 48.12201281 ], [ 19.35235722, 48.12215423 ], [ 19.3523273, 48.12216948 ], [ 19.35218129, 48.12224398 ], [ 19.35213043, 48.12226995 ], [ 19.35204481, 48.12231363 ], [ 19.35187461, 48.1224014 ], [ 19.35182544, 48.12242672 ], [ 19.3516598, 48.12251218 ], [ 19.35157633, 48.1225547 ], [ 19.35155809, 48.12256401 ], [ 19.35146237, 48.1226128 ], [ 19.3514192, 48.1226348 ], [ 19.35125067, 48.12272085 ], [ 19.3511954, 48.12274903 ], [ 19.35108114, 48.12280739 ], [ 19.35090835, 48.12289413 ], [ 19.35082286, 48.12293791 ], [ 19.35071057, 48.12299545 ], [ 19.35063191, 48.12303577 ], [ 19.35051876, 48.12309382 ], [ 19.3503908, 48.12315945 ], [ 19.35026087, 48.12322579 ], [ 19.35013628, 48.12329005 ], [ 19.35024401, 48.12338567 ], [ 19.35025508, 48.12339549 ], [ 19.35029641, 48.12337168 ], [ 19.35056778, 48.12325225 ], [ 19.35069884, 48.12318921 ], [ 19.35076771, 48.12315735 ], [ 19.35077085, 48.12315317 ], [ 19.35160021, 48.12273285 ] ] ] } },
{ "type": "Feature", "properties": { "@featureType": "CadastralParcel", "areaValue": { "value": 4032, "@uom": "m2" }, "beginLifespanVersion": { "@nilReason": "http://inspire.ec.europa.eu/codelist/VoidReasonValue/Unpopulated", "@nil": "true" }, "endLifespanVersion": { "@nilReason": "http://inspire.ec.europa.eu/codelist/VoidReasonValue/Unpopulated", "@nil": "true" }, "inspireId": { "@dataType": "Identifier", "localId": "874302_1365.E", "namespace": "SK.ESKN.CP", "versionId": "20260703T04:07:20" }, "label": "1365", "nationalCadastralReference": "874302_1365.E", "referencePoint": { "type": "Point", "coordinates": [ 19.3543778, 48.11952825 ] }, "validFrom": "2026-06-30T16:00:00Z", "validTo": { "@nilReason": "http://inspire.ec.europa.eu/codelist/VoidReasonValue/Unpopulated", "@nil": "true" }, "administrativeUnit": { "@href": "#auAdmUnitS.1383" } }, "geometry": { "type": "Polygon", "coordinates": [ [ [ 19.35355791, 48.11890652 ], [ 19.35363935, 48.11897851 ], [ 19.35372755, 48.1190565 ], [ 19.35377468, 48.11909808 ], [ 19.35380963, 48.11912888 ], [ 19.35389895, 48.11920773 ], [ 19.35396105, 48.11926292 ], [ 19.3540737, 48.11936292 ], [ 19.35413064, 48.11941344 ], [ 19.35417982, 48.11945719 ], [ 19.35428806, 48.11955561 ], [ 19.35433984, 48.11960156 ], [ 19.3544091, 48.11966286 ], [ 19.35445891, 48.119707 ], [ 19.35459416, 48.11982485 ], [ 19.35472941, 48.1199427 ], [ 19.35489989, 48.12009127 ], [ 19.3549641, 48.12014683 ], [ 19.35513691, 48.12029633 ], [ 19.3552402, 48.12038821 ], [ 19.35545253, 48.12057729 ], [ 19.35549386, 48.12055727 ], [ 19.35554753, 48.12053144 ], [ 19.35559503, 48.12050784 ], [ 19.35549936, 48.1204203 ], [ 19.35543072, 48.1203583 ], [ 19.35539744, 48.12032821 ], [ 19.3552513, 48.12019884 ], [ 19.35520197, 48.12015518 ], [ 19.35515263, 48.12011296 ], [ 19.35509191, 48.12006117 ], [ 19.35505934, 48.12003328 ], [ 19.35503527, 48.12001283 ], [ 19.35501208, 48.11999296 ], [ 19.35498938, 48.11997357 ], [ 19.35488888, 48.11988083 ], [ 19.35478922, 48.11978903 ], [ 19.35471349, 48.11972156 ], [ 19.35467169, 48.1196843 ], [ 19.35461871, 48.11963703 ], [ 19.35452682, 48.11955445 ], [ 19.35446846, 48.11950205 ], [ 19.35443786, 48.11947462 ], [ 19.35434801, 48.11939438 ], [ 19.35431618, 48.11936589 ], [ 19.35423978, 48.11929586 ], [ 19.35421341, 48.1192717 ], [ 19.35412902, 48.11919704 ], [ 19.35409372, 48.11916577 ], [ 19.35397628, 48.11905644 ], [ 19.35387751, 48.11897028 ], [ 19.35378969, 48.11889366 ], [ 19.35370332, 48.11881612 ], [ 19.35363306, 48.11875296 ], [ 19.3536049, 48.11872916 ], [ 19.35357243, 48.11870163 ], [ 19.35346856, 48.11861396 ], [ 19.3533357, 48.11850155 ], [ 19.35326061, 48.11843816 ], [ 19.35321077, 48.11846345 ], [ 19.35315525, 48.11849153 ], [ 19.35311853, 48.11850997 ], [ 19.35326258, 48.11863996 ], [ 19.35332741, 48.11869853 ], [ 19.35355791, 48.11890652 ] ] ] } },
{ "type": "Feature", "properties": { "@featureType": "CadastralParcel", "areaValue": { "value": 3830, "@uom": "m2" }, "beginLifespanVersion": { "@nilReason": "http://inspire.ec.europa.eu/codelist/VoidReasonValue/Unpopulated", "@nil": "true" }, "endLifespanVersion": { "@nilReason": "http://inspire.ec.europa.eu/codelist/VoidReasonValue/Unpopulated", "@nil": "true" }, "inspireId": { "@dataType": "Identifier", "localId": "874302_1366.E", "namespace": "SK.ESKN.CP", "versionId": "20260703T04:07:20" }, "label": "1366", "nationalCadastralReference": "874302_1366.E", "referencePoint": { "type": "Point", "coordinates": [ 19.35213785, 48.12066147 ] }, "validFrom": "2026-06-30T16:00:00Z", "validTo": { "@nilReason": "http://inspire.ec.europa.eu/codelist/VoidReasonValue/Unpopulated", "@nil": "true" }, "administrativeUnit": { "@href": "#auAdmUnitS.1383" } }, "geometry": { "type": "Polygon", "coordinates": [ [ [ 19.35204879, 48.12068049 ], [ 19.3521189, 48.12074264 ], [ 19.35217312, 48.12079087 ], [ 19.35226537, 48.12087266 ], [ 19.35226151, 48.12087473 ], [ 19.35236149, 48.12096096 ], [ 19.35240699, 48.12100011 ], [ 19.3524976, 48.12107831 ], [ 19.35257278, 48.12114594 ], [ 19.35265875, 48.12122346 ], [ 19.35270108, 48.12126201 ], [ 19.3527503, 48.12130666 ], [ 19.35283009, 48.12137776 ], [ 19.3529228, 48.12146282 ], [ 19.35298446, 48.12151961 ], [ 19.35300235, 48.12153607 ], [ 19.35320033, 48.12171843 ], [ 19.35328587, 48.12170053 ], [ 19.35333843, 48.12167501 ], [ 19.35337666, 48.12163618 ], [ 19.35333631, 48.12165083 ], [ 19.35320283, 48.12152901 ], [ 19.35271744, 48.12109165 ], [ 19.35222766, 48.12064246 ], [ 19.35222693, 48.12064179 ], [ 19.35200123, 48.12043547 ], [ 19.3516117, 48.12006889 ], [ 19.35160041, 48.1200587 ], [ 19.35143772, 48.1199142 ], [ 19.3512703, 48.11976603 ], [ 19.35106733, 48.1195865 ], [ 19.35099956, 48.11960696 ], [ 19.35094652, 48.1196256 ], [ 19.35089964, 48.11964211 ], [ 19.35104275, 48.11977206 ], [ 19.3510803, 48.11980614 ], [ 19.35119064, 48.1199063 ], [ 19.35125425, 48.1199612 ], [ 19.35129369, 48.11999529 ], [ 19.3513957, 48.12009405 ], [ 19.35144557, 48.12014018 ], [ 19.35151138, 48.12020086 ], [ 19.35160048, 48.12028314 ], [ 19.35165706, 48.12033319 ], [ 19.35172523, 48.12039336 ], [ 19.35180765, 48.12046621 ], [ 19.35184526, 48.12049984 ], [ 19.3519291, 48.12057456 ], [ 19.35204879, 48.12068049 ] ] ] } },
{ "type": "Feature", "properties": { "@featureType": "CadastralParcel", "areaValue": { "value": 2917, "@uom": "m2" }, "beginLifespanVersion": { "@nilReason": "http://inspire.ec.europa.eu/codelist/VoidReasonValue/Unpopulated", "@nil": "true" }, "endLifespanVersion": { "@nilReason": "http://inspire.ec.europa.eu/codelist/VoidReasonValue/Unpopulated", "@nil": "true" }, "inspireId": { "@dataType": "Identifier", "localId": "874302_1367.E", "namespace": "SK.ESKN.CP", "versionId": "20260703T04:07:20" }, "label": "1367", "nationalCadastralReference": "874302_1367.E", "referencePoint": { "type": "Point", "coordinates": [ 19.35536898, 48.11904245 ] }, "validFrom": "2026-06-30T16:00:00Z", "validTo": { "@nilReason": "http://inspire.ec.europa.eu/codelist/VoidReasonValue/Unpopulated", "@nil": "true" }, "administrativeUnit": { "@href": "#auAdmUnitS.1383" } }, "geometry": { "type": "Polygon", "coordinates": [ [ [ 19.35603429, 48.11977816 ], [ 19.35606143, 48.1198039 ], [ 19.35618334, 48.11991931 ], [ 19.35630379, 48.12003329 ], [ 19.35638866, 48.12011364 ], [ 19.35643288, 48.12009178 ], [ 19.3564806, 48.12007369 ], [ 19.35651464, 48.12005882 ], [ 19.3563859, 48.1199393 ], [ 19.35625179, 48.11981195 ], [ 19.35617088, 48.11973747 ], [ 19.35604974, 48.11962499 ], [ 19.35599119, 48.11957051 ], [ 19.35583819, 48.11942224 ], [ 19.35578316, 48.11936892 ], [ 19.35571419, 48.11930367 ], [ 19.35568167, 48.11927289 ], [ 19.35560221, 48.11919361 ], [ 19.35556644, 48.1191579 ], [ 19.35548439, 48.11907777 ], [ 19.35539638, 48.11899167 ], [ 19.35531307, 48.11891067 ], [ 19.3552661, 48.11886514 ], [ 19.35522213, 48.11882173 ], [ 19.35514601, 48.11874657 ], [ 19.35503149, 48.11863504 ], [ 19.35495875, 48.11856356 ], [ 19.35486762, 48.11847389 ], [ 19.35473184, 48.11834339 ], [ 19.3546565, 48.11827098 ], [ 19.35456532, 48.11818554 ], [ 19.35451442, 48.11813774 ], [ 19.35448346, 48.11810867 ], [ 19.35439994, 48.1180272 ], [ 19.35436385, 48.11799202 ], [ 19.35434714, 48.11797571 ], [ 19.35428788, 48.11791795 ], [ 19.35425106, 48.11793232 ], [ 19.3542096, 48.1179536 ], [ 19.35417835, 48.11796878 ], [ 19.35426326, 48.11804986 ], [ 19.35437372, 48.11815516 ], [ 19.35442369, 48.11820291 ], [ 19.35448832, 48.11826462 ], [ 19.35456015, 48.11833326 ], [ 19.35461793, 48.11838851 ], [ 19.35477253, 48.11853317 ], [ 19.35485566, 48.11861335 ], [ 19.35493524, 48.11869011 ], [ 19.355078, 48.11883213 ], [ 19.35525413, 48.11900712 ], [ 19.35538425, 48.11913644 ], [ 19.35544078, 48.11919335 ], [ 19.35551386, 48.11926674 ], [ 19.35558043, 48.1193317 ], [ 19.35566029, 48.11940974 ], [ 19.35579996, 48.11954917 ], [ 19.35587758, 48.11962674 ], [ 19.35593695, 48.11968603 ], [ 19.35603429, 48.11977816 ] ] ] } },
{ "type": "Feature", "properties": { "@featureType": "CadastralParcel", "areaValue": { "value": 2773, "@uom": "m2" }, "beginLifespanVersion": { "@nilReason": "http://inspire.ec.europa.eu/codelist/VoidReasonValue/Unpopulated", "@nil": "true" }, "endLifespanVersion": { "@nilReason": "http://inspire.ec.europa.eu/codelist/VoidReasonValue/Unpopulated", "@nil": "true" }, "inspireId": { "@dataType": "Identifier", "localId": "874302_1368.E", "namespace": "SK.ESKN.CP", "versionId": "20260703T04:07:20" }, "label": "1368", "nationalCadastralReference": "874302_1368.E", "referencePoint": { "type": "Point", "coordinates": [ 19.3554018, 48.12178596 ] }, "validFrom": "2026-06-30T16:00:00Z", "validTo": { "@nilReason": "http://inspire.ec.europa.eu/codelist/VoidReasonValue/Unpopulated", "@nil": "true" }, "administrativeUnit": { "@href": "#auAdmUnitS.1383" } }, "geometry": { "type": "Polygon", "coordinates": [ [ [ 19.35500103, 48.12145651 ], [ 19.35507351, 48.1215406 ], [ 19.3551504, 48.12162995 ], [ 19.35516367, 48.12164564 ], [ 19.3552962, 48.12180285 ], [ 19.35544722, 48.12198223 ], [ 19.35545299, 48.12197872 ], [ 19.35550272, 48.1220362 ], [ 19.35561659, 48.12216772 ], [ 19.35565865, 48.12221509 ], [ 19.35576023, 48.12232934 ], [ 19.35593084, 48.12251579 ], [ 19.35596629, 48.12249657 ], [ 19.35610552, 48.12246285 ], [ 19.35605961, 48.12241484 ], [ 19.35598375, 48.1223259 ], [ 19.35595035, 48.12228688 ], [ 19.35587748, 48.12220269 ], [ 19.35584043, 48.12215997 ], [ 19.35580413, 48.12211792 ], [ 19.35573269, 48.12203416 ], [ 19.35571654, 48.12201517 ], [ 19.35566737, 48.12195745 ], [ 19.35564715, 48.12193375 ], [ 19.35562645, 48.12190941 ], [ 19.3555517, 48.12182142 ], [ 19.35550734, 48.12176907 ], [ 19.35544226, 48.12169264 ], [ 19.35540889, 48.12165335 ], [ 19.35533062, 48.12155798 ], [ 19.35524497, 48.12145351 ], [ 19.35519865, 48.12139809 ], [ 19.35517345, 48.12136803 ], [ 19.35513714, 48.12132472 ], [ 19.35509917, 48.12127944 ], [ 19.35506585, 48.1212397 ], [ 19.35490007, 48.12104212 ], [ 19.3548391, 48.12107454 ], [ 19.35478656, 48.12109988 ], [ 19.35471604, 48.1211359 ], [ 19.35481482, 48.12124478 ], [ 19.35485883, 48.12129658 ], [ 19.35488876, 48.12133021 ], [ 19.35492687, 48.12137306 ], [ 19.35500103, 48.12145651 ] ] ] } },
{ "type": "Feature", "properties": { "@featureType": "CadastralParcel", "areaValue": { "value": 2992, "@uom": "m2" }, "beginLifespanVersion": { "@nilReason": "http://inspire.ec.europa.eu/codelist/VoidReasonValue/Unpopulated", "@nil": "true" }, "endLifespanVersion": { "@nilReason": "http://inspire.ec.europa.eu/codelist/VoidReasonValue/Unpopulated", "@nil": "true" }, "inspireId": { "@dataType": "Identifier", "localId": "874302_1369.E", "namespace": "SK.ESKN.CP", "versionId": "20260703T04:07:20" }, "label": "1369", "nationalCadastralReference": "874302_1369.E", "referencePoint": { "type": "Point", "coordinates": [ 19.35430294, 48.12255361 ] }, "validFrom": "2026-06-30T16:00:00Z", "validTo": { "@nilReason": "http://inspire.ec.europa.eu/codelist/VoidReasonValue/Unpopulated", "@nil": "true" }, "administrativeUnit": { "@href": "#auAdmUnitS.1383" } }, "geometry": { "type": "Polygon", "coordinates": [ [ [ 19.35408102, 48.12246121 ], [ 19.35405984, 48.12247291 ], [ 19.35415703, 48.12256008 ], [ 19.35418037, 48.12254713 ], [ 19.35428033, 48.12263867 ], [ 19.35430682, 48.12266294 ], [ 19.35441648, 48.12276333 ], [ 19.35451227, 48.12285106 ], [ 19.35463994, 48.122968 ], [ 19.35465343, 48.12298037 ], [ 19.35471449, 48.1230365 ], [ 19.35508258, 48.1233748 ], [ 19.35506941, 48.12333053 ], [ 19.35509135, 48.12326891 ], [ 19.35512464, 48.12319071 ], [ 19.35498302, 48.12306435 ], [ 19.35487555, 48.12296867 ], [ 19.35479467, 48.12289644 ], [ 19.35474573, 48.12285288 ], [ 19.35464109, 48.12275851 ], [ 19.35456457, 48.12268955 ], [ 19.35443817, 48.12257195 ], [ 19.35438048, 48.12251832 ], [ 19.35433146, 48.12247431 ], [ 19.35427961, 48.12242773 ], [ 19.35420247, 48.1223583 ], [ 19.35406562, 48.12223145 ], [ 19.35403047, 48.12219874 ], [ 19.35387292, 48.1220589 ], [ 19.35384021, 48.12202983 ], [ 19.35362785, 48.12184597 ], [ 19.35353074, 48.12176187 ], [ 19.3535298, 48.12174416 ], [ 19.35346138, 48.12178325 ], [ 19.35340993, 48.12180468 ], [ 19.35335585, 48.1218331 ], [ 19.35343965, 48.12190574 ], [ 19.35365842, 48.12209514 ], [ 19.35408102, 48.12246121 ] ] ] } },
{ "type": "Feature", "properties": { "@featureType": "CadastralParcel", "areaValue": { "value": 1714, "@uom": "m2" }, "beginLifespanVersion": { "@nilReason": "http://inspire.ec.europa.eu/codelist/VoidReasonValue/Unpopulated", "@nil": "true" }, "endLifespanVersion": { "@nilReason": "http://inspire.ec.europa.eu/codelist/VoidReasonValue/Unpopulated", "@nil": "true" }, "inspireId": { "@dataType": "Identifier", "localId": "874302_1370.E", "namespace": "SK.ESKN.CP", "versionId": "20260703T04:07:20" }, "label": "1370", "nationalCadastralReference": "874302_1370.E", "referencePoint": { "type": "Point", "coordinates": [ 19.35544027, 48.12386467 ] }, "validFrom": "2026-06-30T16:00:00Z", "validTo": { "@nilReason": "http://inspire.ec.europa.eu/codelist/VoidReasonValue/Unpopulated", "@nil": "true" }, "administrativeUnit": { "@href": "#auAdmUnitS.1383" } }, "geometry": { "type": "Polygon", "coordinates": [ [ [ 19.35556635, 48.12433108 ], [ 19.35563774, 48.12431837 ], [ 19.35569424, 48.1243089 ], [ 19.35577148, 48.12429818 ], [ 19.35565086, 48.12405733 ], [ 19.35560611, 48.12396961 ], [ 19.35558595, 48.12393023 ], [ 19.35552349, 48.1237991 ], [ 19.35545255, 48.12366658 ], [ 19.3554172, 48.1236005 ], [ 19.35537858, 48.1235285 ], [ 19.35532604, 48.12343301 ], [ 19.35530158, 48.12338847 ], [ 19.35525805, 48.12332082 ], [ 19.35523172, 48.12327989 ], [ 19.3552033, 48.12335165 ], [ 19.35520289, 48.12343603 ], [ 19.35513651, 48.12349759 ], [ 19.35524637, 48.12371061 ], [ 19.35556635, 48.12433108 ] ] ] } },
{ "type": "Feature", "properties": { "@featureType": "CadastralParcel", "areaValue": { "value": 2579, "@uom": "m2" }, "beginLifespanVersion": { "@nilReason": "http://inspire.ec.europa.eu/codelist/VoidReasonValue/Unpopulated", "@nil": "true" }, "endLifespanVersion": { "@nilReason": "http://inspire.ec.europa.eu/codelist/VoidReasonValue/Unpopulated", "@nil": "true" }, "inspireId": { "@dataType": "Identifier", "localId": "874302_1371.E", "namespace": "SK.ESKN.CP", "versionId": "20260703T04:07:20" }, "label": "1371", "nationalCadastralReference": "874302_1371.E", "referencePoint": { "type": "Point", "coordinates": [ 19.35665979, 48.12320486 ] }, "validFrom": "2026-06-30T16:00:00Z", "validTo": { "@nilReason": "http://inspire.ec.europa.eu/codelist/VoidReasonValue/Unpopulated", "@nil": "true" }, "administrativeUnit": { "@href": "#auAdmUnitS.1383" } }, "geometry": { "type": "Polygon", "coordinates": [ [ [ 19.3568703, 48.1235959 ], [ 19.35693291, 48.12367032 ], [ 19.35712029, 48.12391536 ], [ 19.3571871, 48.12389512 ], [ 19.35724837, 48.12388517 ], [ 19.35733098, 48.12384937 ], [ 19.35721376, 48.12371516 ], [ 19.35711395, 48.12360073 ], [ 19.35704154, 48.12351602 ], [ 19.3570002, 48.1234694 ], [ 19.356906, 48.12336047 ], [ 19.35683449, 48.12327859 ], [ 19.35682478, 48.12326739 ], [ 19.35675231, 48.12318448 ], [ 19.35667441, 48.12309436 ], [ 19.35664301, 48.12305805 ], [ 19.35652115, 48.12292191 ], [ 19.35648328, 48.12287943 ], [ 19.35644598, 48.12283778 ], [ 19.35636791, 48.12275181 ], [ 19.3562725, 48.12264669 ], [ 19.3561301, 48.12248982 ], [ 19.35597047, 48.12255322 ], [ 19.35597628, 48.12255927 ], [ 19.356086, 48.12268049 ], [ 19.35627462, 48.12288745 ], [ 19.35632654, 48.1229472 ], [ 19.35641491, 48.12304891 ], [ 19.3564894, 48.12313436 ], [ 19.35652957, 48.12318056 ], [ 19.35656614, 48.12322523 ], [ 19.35663986, 48.12331533 ], [ 19.35670119, 48.12339041 ], [ 19.35673775, 48.12343508 ], [ 19.35676169, 48.12346436 ], [ 19.3568341, 48.12355287 ], [ 19.3568703, 48.1235959 ] ] ] } },
{ "type": "Feature", "properties": { "@featureType": "CadastralParcel", "areaValue": { "value": 3104, "@uom": "m2" }, "beginLifespanVersion": { "@nilReason": "http://inspire.ec.europa.eu/codelist/VoidReasonValue/Unpopulated", "@nil": "true" }, "endLifespanVersion": { "@nilReason": "http://inspire.ec.europa.eu/codelist/VoidReasonValue/Unpopulated", "@nil": "true" }, "inspireId": { "@dataType": "Identifier", "localId": "874302_1372.E", "namespace": "SK.ESKN.CP", "versionId": "20260703T04:07:20" }, "label": "1372", "nationalCadastralReference": "874302_1372.E", "referencePoint": { "type": "Point", "coordinates": [ 19.35613228, 48.12527752 ] }, "validFrom": "2026-06-30T16:00:00Z", "validTo": { "@nilReason": "http://inspire.ec.europa.eu/codelist/VoidReasonValue/Unpopulated", "@nil": "true" }, "administrativeUnit": { "@href": "#auAdmUnitS.1383" } }, "geometry": { "type": "Polygon", "coordinates": [ [ [ 19.35651441, 48.12614928 ], [ 19.3565711, 48.12613306 ], [ 19.35665696, 48.12610977 ], [ 19.35653292, 48.12585928 ], [ 19.3564081, 48.12560723 ], [ 19.35639048, 48.12557176 ], [ 19.3563803, 48.12555116 ], [ 19.35630762, 48.12540845 ], [ 19.35625909, 48.12531325 ], [ 19.35621346, 48.1252236 ], [ 19.35617657, 48.12512156 ], [ 19.35614999, 48.12509053 ], [ 19.35612622, 48.12504079 ], [ 19.35610171, 48.12498921 ], [ 19.35602434, 48.12482743 ], [ 19.3560043, 48.12478562 ], [ 19.35595418, 48.12468259 ], [ 19.35594525, 48.12466413 ], [ 19.35592086, 48.12461391 ], [ 19.3559001, 48.12457125 ], [ 19.35582959, 48.12442721 ], [ 19.35575634, 48.12444975 ], [ 19.35569873, 48.1244671 ], [ 19.35564374, 48.12448258 ], [ 19.35576836, 48.12474392 ], [ 19.35580709, 48.12482504 ], [ 19.35582265, 48.12485707 ], [ 19.35586635, 48.12494708 ], [ 19.35589181, 48.12499988 ], [ 19.35592211, 48.12506283 ], [ 19.35600661, 48.12524226 ], [ 19.35604068, 48.12531278 ], [ 19.35608235, 48.12539918 ], [ 19.35611686, 48.12547063 ], [ 19.35613609, 48.12551113 ], [ 19.35616555, 48.12557314 ], [ 19.35624897, 48.12574891 ], [ 19.35626897, 48.12579108 ], [ 19.35625462, 48.12579427 ], [ 19.35627832, 48.12584716 ], [ 19.35629391, 48.12584367 ], [ 19.35635063, 48.12596938 ], [ 19.35636837, 48.12600874 ], [ 19.35639646, 48.12607095 ], [ 19.35640282, 48.12606945 ], [ 19.35645049, 48.12616641 ], [ 19.35651441, 48.12614928 ] ] ] } },
{ "type": "Feature", "properties": { "@featureType": "CadastralParcel", "areaValue": { "value": 19241, "@uom": "m2" }, "beginLifespanVersion": { "@nilReason": "http://inspire.ec.europa.eu/codelist/VoidReasonValue/Unpopulated", "@nil": "true" }, "endLifespanVersion": { "@nilReason": "http://inspire.ec.europa.eu/codelist/VoidReasonValue/Unpopulated", "@nil": "true" }, "inspireId": { "@dataType": "Identifier", "localId": "874302_1373.E", "namespace": "SK.ESKN.CP", "versionId": "20260703T04:07:20" }, "label": "1373", "nationalCadastralReference": "874302_1373.E", "referencePoint": { "type": "Point", "coordinates": [ 19.36039061, 48.1236306 ] }, "validFrom": "2026-06-30T16:00:00Z", "validTo": { "@nilReason": "http://inspire.ec.europa.eu/codelist/VoidReasonValue/Unpopulated", "@nil": "true" }, "administrativeUnit": { "@href": "#auAdmUnitS.1383" } }, "geometry": { "type": "Polygon", "coordinates": [ [ [ 19.35926188, 48.12353537 ], [ 19.35929047, 48.12353873 ], [ 19.35962335, 48.12357813 ], [ 19.3598979, 48.12365296 ], [ 19.36006048, 48.12370683 ], [ 19.36015881, 48.1238138 ], [ 19.36021839, 48.12385101 ], [ 19.36027374, 48.12389388 ], [ 19.36065112, 48.12422377 ], [ 19.36070331, 48.12425963 ], [ 19.36078518, 48.1243328 ], [ 19.36097055, 48.12459686 ], [ 19.36098527, 48.12462796 ], [ 19.36101841, 48.12470601 ], [ 19.36104584, 48.12458172 ], [ 19.36098252, 48.12446723 ], [ 19.36080991, 48.12424256 ], [ 19.3606209, 48.12405794 ], [ 19.36038841, 48.12382787 ], [ 19.36039726, 48.12380296 ], [ 19.36040859, 48.12379529 ], [ 19.36093047, 48.12369569 ], [ 19.36095543, 48.12373431 ], [ 19.36102121, 48.1237224 ], [ 19.36099549, 48.1236833 ], [ 19.36097962, 48.12365792 ], [ 19.36097713, 48.12365474 ], [ 19.36094952, 48.12359805 ], [ 19.360948, 48.12359464 ], [ 19.3609304, 48.12353879 ], [ 19.36088097, 48.1235477 ], [ 19.36043213, 48.12360409 ], [ 19.36030979, 48.12361211 ], [ 19.36001371, 48.12358882 ], [ 19.35991395, 48.12354445 ], [ 19.35986848, 48.12335751 ], [ 19.35981654, 48.1231947 ], [ 19.35981371, 48.12318591 ], [ 19.35980023, 48.12314316 ], [ 19.35973073, 48.12294172 ], [ 19.35969059, 48.1228398 ], [ 19.35965644, 48.12277631 ], [ 19.3596426, 48.12275076 ], [ 19.35963478, 48.1227383 ], [ 19.35962383, 48.12272101 ], [ 19.35957617, 48.12264532 ], [ 19.35956126, 48.12257951 ], [ 19.3595577, 48.12256365 ], [ 19.35951834, 48.12238891 ], [ 19.35945332, 48.12240004 ], [ 19.35890947, 48.12253897 ], [ 19.3587936, 48.12240727 ], [ 19.35869141, 48.12229111 ], [ 19.35858911, 48.12217484 ], [ 19.35848693, 48.12205867 ], [ 19.35838462, 48.12194241 ], [ 19.35828244, 48.12182624 ], [ 19.35818014, 48.12170998 ], [ 19.35811158, 48.12163203 ], [ 19.35787472, 48.12175142 ], [ 19.35804174, 48.12191858 ], [ 19.35805719, 48.12198063 ], [ 19.35806957, 48.12199331 ], [ 19.35814735, 48.1219561 ], [ 19.35832089, 48.12214674 ], [ 19.35835053, 48.12217558 ], [ 19.35841124, 48.12224124 ], [ 19.35846896, 48.12230596 ], [ 19.35854845, 48.12239507 ], [ 19.35860232, 48.12245428 ], [ 19.35869885, 48.12256035 ], [ 19.35873813, 48.12260605 ], [ 19.35883948, 48.12272371 ], [ 19.35889815, 48.12280218 ], [ 19.35892506, 48.12283647 ], [ 19.35896667, 48.12288941 ], [ 19.35902232, 48.12297972 ], [ 19.35904804, 48.12302135 ], [ 19.35910908, 48.12312049 ], [ 19.35916017, 48.12322834 ], [ 19.35916953, 48.12329326 ], [ 19.35915532, 48.12333162 ], [ 19.35901653, 48.12336888 ], [ 19.35895136, 48.12338641 ], [ 19.35876319, 48.12343699 ], [ 19.35859644, 48.12348255 ], [ 19.35853443, 48.12349951 ], [ 19.35836758, 48.12354723 ], [ 19.35829825, 48.12356834 ], [ 19.35820485, 48.12359669 ], [ 19.3581211, 48.12362044 ], [ 19.35804875, 48.12364087 ], [ 19.35804472, 48.12364203 ], [ 19.35798986, 48.12365761 ], [ 19.35789806, 48.1236836 ], [ 19.35783135, 48.12370294 ], [ 19.3577695, 48.1237208 ], [ 19.3575916, 48.12377242 ], [ 19.35751678, 48.12379453 ], [ 19.35733098, 48.12384937 ], [ 19.35724837, 48.12388517 ], [ 19.3571871, 48.12389512 ], [ 19.35712029, 48.12391536 ], [ 19.35656189, 48.12407551 ], [ 19.35613684, 48.12419524 ], [ 19.356007, 48.12423184 ], [ 19.35577148, 48.12429818 ], [ 19.35569424, 48.1243089 ], [ 19.35563774, 48.12431837 ], [ 19.35556635, 48.12433108 ], [ 19.35557266, 48.12434635 ], [ 19.35508717, 48.12452865 ], [ 19.35370782, 48.12503414 ], [ 19.35256756, 48.12545732 ], [ 19.35270961, 48.12561237 ], [ 19.35274209, 48.12557822 ], [ 19.35326855, 48.12535183 ], [ 19.35359556, 48.125231 ], [ 19.35367215, 48.12520249 ], [ 19.35374214, 48.12517645 ], [ 19.35381872, 48.12514803 ], [ 19.35396882, 48.12509211 ], [ 19.35402772, 48.12507023 ], [ 19.35420759, 48.12500546 ], [ 19.35427595, 48.12498079 ], [ 19.35448249, 48.12490333 ], [ 19.35454393, 48.12488049 ], [ 19.35465782, 48.12483807 ], [ 19.35477508, 48.12479446 ], [ 19.35481464, 48.12477977 ], [ 19.35491084, 48.12474291 ], [ 19.3549694, 48.12472047 ], [ 19.35508559, 48.12467681 ], [ 19.3551288, 48.12466058 ], [ 19.35523994, 48.12462011 ], [ 19.35532023, 48.12459096 ], [ 19.35537706, 48.12457078 ], [ 19.35545534, 48.12454288 ], [ 19.35564374, 48.12448258 ], [ 19.35569873, 48.1244671 ], [ 19.35575634, 48.12444975 ], [ 19.35582959, 48.12442721 ], [ 19.35602976, 48.12437026 ], [ 19.35609713, 48.12435104 ], [ 19.35615478, 48.1243346 ], [ 19.35647668, 48.12424382 ], [ 19.35680066, 48.12415368 ], [ 19.35701811, 48.12409378 ], [ 19.35712634, 48.12406398 ], [ 19.35726172, 48.12402602 ], [ 19.35731919, 48.12400993 ], [ 19.35745775, 48.12397113 ], [ 19.35779034, 48.12387473 ], [ 19.35810125, 48.12378468 ], [ 19.35828587, 48.12373069 ], [ 19.35857031, 48.12364757 ], [ 19.35857032, 48.12364748 ], [ 19.35856727, 48.12364075 ], [ 19.35884457, 48.12354368 ], [ 19.35907294, 48.12350377 ], [ 19.35907667, 48.12351423 ], [ 19.35919717, 48.12353218 ], [ 19.35926188, 48.12353537 ] ] ] } },
{ "type": "Feature", "properties": { "@featureType": "CadastralParcel", "areaValue": { "value": 9966, "@uom": "m2" }, "beginLifespanVersion": { "@nilReason": "http://inspire.ec.europa.eu/codelist/VoidReasonValue/Unpopulated", "@nil": "true" }, "endLifespanVersion": { "@nilReason": "http://inspire.ec.europa.eu/codelist/VoidReasonValue/Unpopulated", "@nil": "true" }, "inspireId": { "@dataType": "Identifier", "localId": "874302_1374.E", "namespace": "SK.ESKN.CP", "versionId": "20260703T04:07:20" }, "label": "1374", "nationalCadastralReference": "874302_1374.E", "referencePoint": { "type": "Point", "coordinates": [ 19.35662833, 48.12620254 ] }, "validFrom": "2026-06-30T16:00:00Z", "validTo": { "@nilReason": "http://inspire.ec.europa.eu/codelist/VoidReasonValue/Unpopulated", "@nil": "true" }, "administrativeUnit": { "@href": "#auAdmUnitS.1383" } }, "geometry": { "type": "Polygon", "coordinates": [ [ [ 19.35848181, 48.12576933 ], [ 19.35849185, 48.12578127 ], [ 19.35855788, 48.12576459 ], [ 19.35860172, 48.12574884 ], [ 19.35865582, 48.12573539 ], [ 19.3586978, 48.12573073 ], [ 19.35891823, 48.12567817 ], [ 19.35913618, 48.12562623 ], [ 19.35945804, 48.12556222 ], [ 19.35961984, 48.1255303 ], [ 19.36048985, 48.12536425 ], [ 19.36054998, 48.12535865 ], [ 19.36067546, 48.1252369 ], [ 19.36039712, 48.12527297 ], [ 19.36035247, 48.12527868 ], [ 19.36007441, 48.12531467 ], [ 19.35981782, 48.12534773 ], [ 19.35971237, 48.12536152 ], [ 19.35925582, 48.12544071 ], [ 19.35923433, 48.12544392 ], [ 19.35914767, 48.12549612 ], [ 19.35910476, 48.1254919 ], [ 19.35870622, 48.12554241 ], [ 19.35856204, 48.12556074 ], [ 19.35854771, 48.12556249 ], [ 19.35846532, 48.12557224 ], [ 19.3584589, 48.12557311 ], [ 19.35846463, 48.12559502 ], [ 19.35840536, 48.12561157 ], [ 19.35827998, 48.12564667 ], [ 19.35819069, 48.12567188 ], [ 19.35788695, 48.12575533 ], [ 19.35789289, 48.1257677 ], [ 19.3578629, 48.12577618 ], [ 19.35773363, 48.12581245 ], [ 19.3576856, 48.12582583 ], [ 19.35755666, 48.12586149 ], [ 19.35733392, 48.12592421 ], [ 19.35725661, 48.12594566 ], [ 19.35711091, 48.12598574 ], [ 19.35688472, 48.12604793 ], [ 19.35665696, 48.12610977 ], [ 19.3565711, 48.12613306 ], [ 19.35651441, 48.12614928 ], [ 19.35645049, 48.12616641 ], [ 19.35624803, 48.12622081 ], [ 19.35611421, 48.12625686 ], [ 19.3561042, 48.12625846 ], [ 19.35599333, 48.12628641 ], [ 19.35580209, 48.12634045 ], [ 19.35580652, 48.12634941 ], [ 19.3557189, 48.12637397 ], [ 19.35567809, 48.12638536 ], [ 19.35560408, 48.12640615 ], [ 19.35548551, 48.12643933 ], [ 19.35525615, 48.12649712 ], [ 19.3550507, 48.12655553 ], [ 19.35492484, 48.12659142 ], [ 19.35487177, 48.12660654 ], [ 19.35479897, 48.12662731 ], [ 19.35470218, 48.12665332 ], [ 19.35457019, 48.12668856 ], [ 19.35451571, 48.12670299 ], [ 19.35434743, 48.12674766 ], [ 19.35429125, 48.12676291 ], [ 19.35423064, 48.12677921 ], [ 19.35412926, 48.12680906 ], [ 19.35406891, 48.12682681 ], [ 19.35406678, 48.12682283 ], [ 19.35401485, 48.12683612 ], [ 19.35384136, 48.12688027 ], [ 19.35376504, 48.12689997 ], [ 19.35369123, 48.12691888 ], [ 19.35372875, 48.12697604 ], [ 19.35366647, 48.12699289 ], [ 19.35355025, 48.12702428 ], [ 19.35347144, 48.12704457 ], [ 19.3534123, 48.12701947 ], [ 19.35344767, 48.12706526 ], [ 19.35348425, 48.12713752 ], [ 19.35350461, 48.12717123 ], [ 19.35360217, 48.12714435 ], [ 19.35360745, 48.12714289 ], [ 19.35368282, 48.12712198 ], [ 19.35370475, 48.12711591 ], [ 19.35381206, 48.12708481 ], [ 19.3538646, 48.12706957 ], [ 19.35393202, 48.12704999 ], [ 19.3540697, 48.12701197 ], [ 19.35417047, 48.12698398 ], [ 19.35435076, 48.12693168 ], [ 19.3544029, 48.12691641 ], [ 19.35454778, 48.12687657 ], [ 19.35463994, 48.12685105 ], [ 19.35477179, 48.12681455 ], [ 19.35487576, 48.12678572 ], [ 19.35505862, 48.12673453 ], [ 19.3551132, 48.12671912 ], [ 19.35530366, 48.12666604 ], [ 19.35534838, 48.12665348 ], [ 19.35552206, 48.12660492 ], [ 19.35559024, 48.12658583 ], [ 19.35579001, 48.12653013 ], [ 19.35582999, 48.12651897 ], [ 19.35595972, 48.12648092 ], [ 19.35606875, 48.12644882 ], [ 19.35620214, 48.12641176 ], [ 19.35629796, 48.12638479 ], [ 19.35653577, 48.12631721 ], [ 19.35667966, 48.1262765 ], [ 19.35676812, 48.12625153 ], [ 19.35700495, 48.12618426 ], [ 19.35723998, 48.12612249 ], [ 19.35731605, 48.12610134 ], [ 19.35739198, 48.12608019 ], [ 19.35743891, 48.12606711 ], [ 19.35746986, 48.12605849 ], [ 19.35764202, 48.12601157 ], [ 19.35774525, 48.12598333 ], [ 19.35783786, 48.12595856 ], [ 19.35793044, 48.12593288 ], [ 19.35794432, 48.12592904 ], [ 19.35794825, 48.12593509 ], [ 19.35801188, 48.12591695 ], [ 19.35800333, 48.12590374 ], [ 19.35848181, 48.12576933 ] ] ] } },
{ "type": "Feature", "properties": { "@featureType": "CadastralParcel", "areaValue": { "value": 579, "@uom": "m2" }, "beginLifespanVersion": { "@nilReason": "http://inspire.ec.europa.eu/codelist/VoidReasonValue/Unpopulated", "@nil": "true" }, "endLifespanVersion": { "@nilReason": "http://inspire.ec.europa.eu/codelist/VoidReasonValue/Unpopulated", "@nil": "true" }, "inspireId": { "@dataType": "Identifier", "localId": "874302_50/2.E", "namespace": "SK.ESKN.CP", "versionId": "20260703T04:07:20" }, "label": "50/2", "nationalCadastralReference": "874302_50/2.E", "referencePoint": { "type": "Point", "coordinates": [ 19.35127859, 48.12429178 ] }, "validFrom": "2026-06-30T16:00:00Z", "validTo": { "@nilReason": "http://inspire.ec.europa.eu/codelist/VoidReasonValue/Unpopulated", "@nil": "true" }, "administrativeUnit": { "@href": "#auAdmUnitS.1383" } }, "geometry": { "type": "Polygon", "coordinates": [ [ [ 19.35141028, 48.12410387 ], [ 19.35151286, 48.12404522 ], [ 19.3516404, 48.12397227 ], [ 19.35155263, 48.12389141 ], [ 19.35110957, 48.12414137 ], [ 19.35112853, 48.12415806 ], [ 19.3511708, 48.1242022 ], [ 19.35151376, 48.12451216 ], [ 19.35168407, 48.12466488 ], [ 19.35170267, 48.12465468 ], [ 19.35163405, 48.12458989 ], [ 19.35160091, 48.12456107 ], [ 19.35141782, 48.12440197 ], [ 19.35137027, 48.12436181 ], [ 19.35120426, 48.12422175 ], [ 19.35141028, 48.12410387 ] ] ] } },
{ "type": "Feature", "properties": { "@featureType": "CadastralParcel", "areaValue": { "value": 181, "@uom": "m2" }, "beginLifespanVersion": { "@nilReason": "http://inspire.ec.europa.eu/codelist/VoidReasonValue/Unpopulated", "@nil": "true" }, "endLifespanVersion": { "@nilReason": "http://inspire.ec.europa.eu/codelist/VoidReasonValue/Unpopulated", "@nil": "true" }, "inspireId": { "@dataType": "Identifier", "localId": "874302_56/1.E", "namespace": "SK.ESKN.CP", "versionId": "20260703T04:07:20" }, "label": "56/1", "nationalCadastralReference": "874302_56/1.E", "referencePoint": { "type": "Point", "coordinates": [ 19.35265665, 48.12329329 ] }, "validFrom": "2026-06-30T16:00:00Z", "validTo": { "@nilReason": "http://inspire.ec.europa.eu/codelist/VoidReasonValue/Unpopulated", "@nil": "true" }, "administrativeUnit": { "@href": "#auAdmUnitS.1383" } }, "geometry": { "type": "Polygon", "coordinates": [ [ [ 19.35261094, 48.12342085 ], [ 19.35274263, 48.12335188 ], [ 19.35276985, 48.12333659 ], [ 19.35267125, 48.12324999 ], [ 19.35251424, 48.12333659 ], [ 19.35261094, 48.12342085 ] ] ] } },
{ "type": "Feature", "properties": { "@featureType": "CadastralParcel", "areaValue": { "value": 58, "@uom": "m2" }, "beginLifespanVersion": { "@nilReason": "http://inspire.ec.europa.eu/codelist/VoidReasonValue/Unpopulated", "@nil": "true" }, "endLifespanVersion": { "@nilReason": "http://inspire.ec.europa.eu/codelist/VoidReasonValue/Unpopulated", "@nil": "true" }, "inspireId": { "@dataType": "Identifier", "localId": "874302_57/1.E", "namespace": "SK.ESKN.CP", "versionId": "20260703T04:07:20" }, "label": "57/1", "nationalCadastralReference": "874302_57/1.E", "referencePoint": { "type": "Point", "coordinates": [ 19.35286578, 48.12321322 ] }, "validFrom": "2026-06-30T16:00:00Z", "validTo": { "@nilReason": "http://inspire.ec.europa.eu/codelist/VoidReasonValue/Unpopulated", "@nil": "true" }, "administrativeUnit": { "@href": "#auAdmUnitS.1383" } }, "geometry": { "type": "Polygon", "coordinates": [ [ [ 19.35288891, 48.1232699 ], [ 19.35293604, 48.12324349 ], [ 19.35284531, 48.12315383 ], [ 19.35279263, 48.12318296 ], [ 19.35288891, 48.1232699 ] ] ] } },
{ "type": "Feature", "properties": { "@featureType": "CadastralParcel", "areaValue": { "value": 1500, "@uom": "m2" }, "beginLifespanVersion": { "@nilReason": "http://inspire.ec.europa.eu/codelist/VoidReasonValue/Unpopulated", "@nil": "true" }, "endLifespanVersion": { "@nilReason": "http://inspire.ec.europa.eu/codelist/VoidReasonValue/Unpopulated", "@nil": "true" }, "inspireId": { "@dataType": "Identifier", "localId": "874302_57/2.E", "namespace": "SK.ESKN.CP", "versionId": "20260703T04:07:20" }, "label": "57/2", "nationalCadastralReference": "874302_57/2.E", "referencePoint": { "type": "Point", "coordinates": [ 19.35362559, 48.12375931 ] }, "validFrom": "2026-06-30T16:00:00Z", "validTo": { "@nilReason": "http://inspire.ec.europa.eu/codelist/VoidReasonValue/Unpopulated", "@nil": "true" }, "administrativeUnit": { "@href": "#auAdmUnitS.1383" } }, "geometry": { "type": "Polygon", "coordinates": [ [ [ 19.35318391, 48.123458 ], [ 19.35395033, 48.12412118 ], [ 19.3539355, 48.12412886 ], [ 19.35396016, 48.12414762 ], [ 19.35399083, 48.12412276 ], [ 19.35406752, 48.12406062 ], [ 19.35323338, 48.12333936 ], [ 19.35320219, 48.12331244 ], [ 19.35315129, 48.12326834 ], [ 19.35305008, 48.12318089 ], [ 19.3529448, 48.12309883 ], [ 19.35284531, 48.12315383 ], [ 19.35293604, 48.12324349 ], [ 19.35318391, 48.123458 ] ] ] } },
{ "type": "Feature", "properties": { "@featureType": "CadastralParcel", "areaValue": { "value": 79, "@uom": "m2" }, "beginLifespanVersion": { "@nilReason": "http://inspire.ec.europa.eu/codelist/VoidReasonValue/Unpopulated", "@nil": "true" }, "endLifespanVersion": { "@nilReason": "http://inspire.ec.europa.eu/codelist/VoidReasonValue/Unpopulated", "@nil": "true" }, "inspireId": { "@dataType": "Identifier", "localId": "874302_87.E", "namespace": "SK.ESKN.CP", "versionId": "20260703T04:07:20" }, "label": "87", "nationalCadastralReference": "874302_87.E", "referencePoint": { "type": "Point", "coordinates": [ 19.3481644, 48.12151576 ] }, "validFrom": "2026-06-30T16:00:00Z", "validTo": { "@nilReason": "http://inspire.ec.europa.eu/codelist/VoidReasonValue/Unpopulated", "@nil": "true" }, "administrativeUnit": { "@href": "#auAdmUnitS.1383" } }, "geometry": { "type": "Polygon", "coordinates": [ [ [ 19.34824318, 48.12161178 ], [ 19.34826986, 48.121599 ], [ 19.34828411, 48.12159175 ], [ 19.3482414, 48.12155291 ], [ 19.34813291, 48.12145437 ], [ 19.34808385, 48.12147861 ], [ 19.34824318, 48.12161178 ] ] ] } },
{ "type": "Feature", "properties": { "@featureType": "CadastralParcel", "areaValue": { "value": 93, "@uom": "m2" }, "beginLifespanVersion": { "@nilReason": "http://inspire.ec.europa.eu/codelist/VoidReasonValue/Unpopulated", "@nil": "true" }, "endLifespanVersion": { "@nilReason": "http://inspire.ec.europa.eu/codelist/VoidReasonValue/Unpopulated", "@nil": "true" }, "inspireId": { "@dataType": "Identifier", "localId": "874302_88.E", "namespace": "SK.ESKN.CP", "versionId": "20260703T04:07:20" }, "label": "88", "nationalCadastralReference": "874302_88.E", "referencePoint": { "type": "Point", "coordinates": [ 19.3480411, 48.12140869 ] }, "validFrom": "2026-06-30T16:00:00Z", "validTo": { "@nilReason": "http://inspire.ec.europa.eu/codelist/VoidReasonValue/Unpopulated", "@nil": "true" }, "administrativeUnit": { "@href": "#auAdmUnitS.1383" } }, "geometry": { "type": "Polygon", "coordinates": [ [ [ 19.34808385, 48.12147861 ], [ 19.34813291, 48.12145437 ], [ 19.3480312, 48.12136301 ], [ 19.34797936, 48.12131642 ], [ 19.34792405, 48.12134488 ], [ 19.34792774, 48.12134821 ], [ 19.34808385, 48.12147861 ] ] ] } },
{ "type": "Feature", "properties": { "@featureType": "CadastralParcel", "areaValue": { "value": 629, "@uom": "m2" }, "beginLifespanVersion": { "@nilReason": "http://inspire.ec.europa.eu/codelist/VoidReasonValue/Unpopulated", "@nil": "true" }, "endLifespanVersion": { "@nilReason": "http://inspire.ec.europa.eu/codelist/VoidReasonValue/Unpopulated", "@nil": "true" }, "inspireId": { "@dataType": "Identifier", "localId": "874302_58/1.E", "namespace": "SK.ESKN.CP", "versionId": "20260703T04:07:20" }, "label": "58/1", "nationalCadastralReference": "874302_58/1.E", "referencePoint": { "type": "Point", "coordinates": [ 19.35284168, 48.1229372 ] }, "validFrom": "2026-06-30T16:00:00Z", "validTo": { "@nilReason": "http://inspire.ec.europa.eu/codelist/VoidReasonValue/Unpopulated", "@nil": "true" }, "administrativeUnit": { "@href": "#auAdmUnitS.1383" } }, "geometry": { "type": "Polygon", "coordinates": [ [ [ 19.3529448, 48.12309883 ], [ 19.35305008, 48.12318089 ], [ 19.35314821, 48.12312599 ], [ 19.35267766, 48.12270964 ], [ 19.35257406, 48.12276409 ], [ 19.35255222, 48.12277557 ], [ 19.3529448, 48.12309883 ] ] ] } },
{ "type": "Feature", "properties": { "@featureType": "CadastralParcel", "areaValue": { "value": 263, "@uom": "m2" }, "beginLifespanVersion": { "@nilReason": "http://inspire.ec.europa.eu/codelist/VoidReasonValue/Unpopulated", "@nil": "true" }, "endLifespanVersion": { "@nilReason": "http://inspire.ec.europa.eu/codelist/VoidReasonValue/Unpopulated", "@nil": "true" }, "inspireId": { "@dataType": "Identifier", "localId": "874302_58/2.E", "namespace": "SK.ESKN.CP", "versionId": "20260703T04:07:20" }, "label": "58/2", "nationalCadastralReference": "874302_58/2.E", "referencePoint": { "type": "Point", "coordinates": [ 19.35293658, 48.12290499 ] }, "validFrom": "2026-06-30T16:00:00Z", "validTo": { "@nilReason": "http://inspire.ec.europa.eu/codelist/VoidReasonValue/Unpopulated", "@nil": "true" }, "administrativeUnit": { "@href": "#auAdmUnitS.1383" } }, "geometry": { "type": "Polygon", "coordinates": [ [ [ 19.35314821, 48.12312599 ], [ 19.35316268, 48.12311794 ], [ 19.35319432, 48.12310034 ], [ 19.35272633, 48.12268402 ], [ 19.35268537, 48.12270559 ], [ 19.35267766, 48.12270964 ], [ 19.35314821, 48.12312599 ] ] ] } },
{ "type": "Feature", "properties": { "@featureType": "CadastralParcel", "areaValue": { "value": 397, "@uom": "m2" }, "beginLifespanVersion": { "@nilReason": "http://inspire.ec.europa.eu/codelist/VoidReasonValue/Unpopulated", "@nil": "true" }, "endLifespanVersion": { "@nilReason": "http://inspire.ec.europa.eu/codelist/VoidReasonValue/Unpopulated", "@nil": "true" }, "inspireId": { "@dataType": "Identifier", "localId": "874302_58/4.E", "namespace": "SK.ESKN.CP", "versionId": "20260703T04:07:20" }, "label": "58/4", "nationalCadastralReference": "874302_58/4.E", "referencePoint": { "type": "Point", "coordinates": [ 19.3529952, 48.12287185 ] }, "validFrom": "2026-06-30T16:00:00Z", "validTo": { "@nilReason": "http://inspire.ec.europa.eu/codelist/VoidReasonValue/Unpopulated", "@nil": "true" }, "administrativeUnit": { "@href": "#auAdmUnitS.1383" } }, "geometry": { "type": "Polygon", "coordinates": [ [ [ 19.35319432, 48.12310034 ], [ 19.35321538, 48.12308855 ], [ 19.35326373, 48.12305967 ], [ 19.3528419, 48.1226838 ], [ 19.35279911, 48.12264577 ], [ 19.35274102, 48.12267634 ], [ 19.35272633, 48.12268402 ], [ 19.35319432, 48.12310034 ] ] ] } },
{ "type": "Feature", "properties": { "@featureType": "CadastralParcel", "areaValue": { "value": 1148, "@uom": "m2" }, "beginLifespanVersion": { "@nilReason": "http://inspire.ec.europa.eu/codelist/VoidReasonValue/Unpopulated", "@nil": "true" }, "endLifespanVersion": { "@nilReason": "http://inspire.ec.europa.eu/codelist/VoidReasonValue/Unpopulated", "@nil": "true" }, "inspireId": { "@dataType": "Identifier", "localId": "874302_59.E", "namespace": "SK.ESKN.CP", "versionId": "20260703T04:07:20" }, "label": "59", "nationalCadastralReference": "874302_59.E", "referencePoint": { "type": "Point", "coordinates": [ 19.35311159, 48.12276986 ] }, "validFrom": "2026-06-30T16:00:00Z", "validTo": { "@nilReason": "http://inspire.ec.europa.eu/codelist/VoidReasonValue/Unpopulated", "@nil": "true" }, "administrativeUnit": { "@href": "#auAdmUnitS.1383" } }, "geometry": { "type": "MultiPolygon", "coordinates": [ [ [ [ 19.35326373, 48.12305967 ], [ 19.35339934, 48.12298422 ], [ 19.35347754, 48.12294063 ], [ 19.35338115, 48.1228535 ], [ 19.35337487, 48.12284797 ], [ 19.35305826, 48.12257372 ], [ 19.35301217, 48.12253372 ], [ 19.35279911, 48.12264577 ], [ 19.3528419, 48.1226838 ], [ 19.35326373, 48.12305967 ] ], [ [ 19.35280516, 48.12264831 ], [ 19.35284101, 48.12263047 ], [ 19.3528743, 48.12261385 ], [ 19.35287772, 48.12261212 ], [ 19.35291387, 48.12259402 ], [ 19.35295015, 48.12257592 ], [ 19.35299826, 48.12261962 ], [ 19.35296212, 48.12263763 ], [ 19.35292585, 48.12265564 ], [ 19.35292215, 48.12265753 ], [ 19.35288914, 48.12267398 ], [ 19.35285344, 48.12269175 ], [ 19.35284349, 48.12268279 ], [ 19.35280516, 48.12264831 ] ] ], [ [ [ 19.35455845, 48.12387282 ], [ 19.35450712, 48.1238415 ], [ 19.35427663, 48.1239427 ], [ 19.35425442, 48.12395525 ], [ 19.3542662, 48.12396592 ], [ 19.35440332, 48.12390289 ], [ 19.35454621, 48.12387521 ], [ 19.35455845, 48.12387282 ] ] ] ] } },
{ "type": "Feature", "properties": { "@featureType": "CadastralParcel", "areaValue": { "value": 354, "@uom": "m2" }, "beginLifespanVersion": { "@nilReason": "http://inspire.ec.europa.eu/codelist/VoidReasonValue/Unpopulated", "@nil": "true" }, "endLifespanVersion": { "@nilReason": "http://inspire.ec.europa.eu/codelist/VoidReasonValue/Unpopulated", "@nil": "true" }, "inspireId": { "@dataType": "Identifier", "localId": "874302_60.E", "namespace": "SK.ESKN.CP", "versionId": "20260703T04:07:20" }, "label": "60", "nationalCadastralReference": "874302_60.E", "referencePoint": { "type": "Point", "coordinates": [ 19.35353394, 48.12283362 ] }, "validFrom": "2026-06-30T16:00:00Z", "validTo": { "@nilReason": "http://inspire.ec.europa.eu/codelist/VoidReasonValue/Unpopulated", "@nil": "true" }, "administrativeUnit": { "@href": "#auAdmUnitS.1383" } }, "geometry": { "type": "MultiPolygon", "coordinates": [ [ [ [ 19.35358949, 48.12287738 ], [ 19.35369214, 48.12281928 ], [ 19.35358974, 48.12273042 ], [ 19.35337487, 48.12284797 ], [ 19.35338115, 48.1228535 ], [ 19.35347754, 48.12294063 ], [ 19.35358949, 48.12287738 ] ] ], [ [ [ 19.35473703, 48.12378473 ], [ 19.35476866, 48.123761 ], [ 19.35474214, 48.12373826 ], [ 19.35450712, 48.1238415 ], [ 19.35455845, 48.12387282 ], [ 19.35473703, 48.12378473 ] ] ] ] } },
{ "type": "Feature", "properties": { "@featureType": "CadastralParcel", "areaValue": { "value": 150, "@uom": "m2" }, "beginLifespanVersion": { "@nilReason": "http://inspire.ec.europa.eu/codelist/VoidReasonValue/Unpopulated", "@nil": "true" }, "endLifespanVersion": { "@nilReason": "http://inspire.ec.europa.eu/codelist/VoidReasonValue/Unpopulated", "@nil": "true" }, "inspireId": { "@dataType": "Identifier", "localId": "874302_62/2.E", "namespace": "SK.ESKN.CP", "versionId": "20260703T04:07:20" }, "label": "62/2", "nationalCadastralReference": "874302_62/2.E", "referencePoint": { "type": "Point", "coordinates": [ 19.35393109, 48.12261411 ] }, "validFrom": "2026-06-30T16:00:00Z", "validTo": { "@nilReason": "http://inspire.ec.europa.eu/codelist/VoidReasonValue/Unpopulated", "@nil": "true" }, "administrativeUnit": { "@href": "#auAdmUnitS.1383" } }, "geometry": { "type": "Polygon", "coordinates": [ [ [ 19.35391771, 48.1226935 ], [ 19.35401338, 48.1226402 ], [ 19.35404331, 48.12262351 ], [ 19.3539476, 48.12253506 ], [ 19.35381854, 48.1226047 ], [ 19.35391771, 48.1226935 ] ] ] } },
{ "type": "Feature", "properties": { "@featureType": "CadastralParcel", "areaValue": { "value": 132, "@uom": "m2" }, "beginLifespanVersion": { "@nilReason": "http://inspire.ec.europa.eu/codelist/VoidReasonValue/Unpopulated", "@nil": "true" }, "endLifespanVersion": { "@nilReason": "http://inspire.ec.europa.eu/codelist/VoidReasonValue/Unpopulated", "@nil": "true" }, "inspireId": { "@dataType": "Identifier", "localId": "874302_62/3.E", "namespace": "SK.ESKN.CP", "versionId": "20260703T04:07:20" }, "label": "62/3", "nationalCadastralReference": "874302_62/3.E", "referencePoint": { "type": "Point", "coordinates": [ 19.35405211, 48.12254757 ] }, "validFrom": "2026-06-30T16:00:00Z", "validTo": { "@nilReason": "http://inspire.ec.europa.eu/codelist/VoidReasonValue/Unpopulated", "@nil": "true" }, "administrativeUnit": { "@href": "#auAdmUnitS.1383" } }, "geometry": { "type": "Polygon", "coordinates": [ [ [ 19.35415703, 48.12256008 ], [ 19.35405984, 48.12247291 ], [ 19.3539476, 48.12253506 ], [ 19.35404331, 48.12262351 ], [ 19.35415703, 48.12256008 ] ] ] } },
{ "type": "Feature", "properties": { "@featureType": "CadastralParcel", "areaValue": { "value": 67, "@uom": "m2" }, "beginLifespanVersion": { "@nilReason": "http://inspire.ec.europa.eu/codelist/VoidReasonValue/Unpopulated", "@nil": "true" }, "endLifespanVersion": { "@nilReason": "http://inspire.ec.europa.eu/codelist/VoidReasonValue/Unpopulated", "@nil": "true" }, "inspireId": { "@dataType": "Identifier", "localId": "874302_77/3.E", "namespace": "SK.ESKN.CP", "versionId": "20260703T04:07:20" }, "label": "77/3", "nationalCadastralReference": "874302_77/3.E", "referencePoint": { "type": "Point", "coordinates": [ 19.35302279, 48.12181538 ] }, "validFrom": "2026-06-30T16:00:00Z", "validTo": { "@nilReason": "http://inspire.ec.europa.eu/codelist/VoidReasonValue/Unpopulated", "@nil": "true" }, "administrativeUnit": { "@href": "#auAdmUnitS.1383" } }, "geometry": { "type": "Polygon", "coordinates": [ [ [ 19.35321386, 48.12172908 ], [ 19.35320033, 48.12171843 ], [ 19.35316858, 48.12173439 ], [ 19.35313539, 48.12170485 ], [ 19.35309346, 48.12172538 ], [ 19.35312449, 48.12175509 ], [ 19.35313315, 48.12176092 ], [ 19.35288501, 48.12186983 ], [ 19.35280404, 48.12190535 ], [ 19.35282047, 48.12192048 ], [ 19.35321386, 48.12172908 ] ] ] } },
{ "type": "Feature", "properties": { "@featureType": "CadastralParcel", "areaValue": { "value": 14, "@uom": "m2" }, "beginLifespanVersion": { "@nilReason": "http://inspire.ec.europa.eu/codelist/VoidReasonValue/Unpopulated", "@nil": "true" }, "endLifespanVersion": { "@nilReason": "http://inspire.ec.europa.eu/codelist/VoidReasonValue/Unpopulated", "@nil": "true" }, "inspireId": { "@dataType": "Identifier", "localId": "874302_85.E", "namespace": "SK.ESKN.CP", "versionId": "20260703T04:07:20" }, "label": "85", "nationalCadastralReference": "874302_85.E", "referencePoint": { "type": "Point", "coordinates": [ 19.34850327, 48.12182551 ] }, "validFrom": "2026-06-30T16:00:00Z", "validTo": { "@nilReason": "http://inspire.ec.europa.eu/codelist/VoidReasonValue/Unpopulated", "@nil": "true" }, "administrativeUnit": { "@href": "#auAdmUnitS.1383" } }, "geometry": { "type": "Polygon", "coordinates": [ [ [ 19.34856482, 48.12188034 ], [ 19.34844998, 48.12177068 ], [ 19.34840171, 48.12172463 ], [ 19.34838718, 48.12173204 ], [ 19.34856482, 48.12188034 ] ] ] } },
{ "type": "Feature", "properties": { "@featureType": "CadastralParcel", "areaValue": { "value": 33, "@uom": "m2" }, "beginLifespanVersion": { "@nilReason": "http://inspire.ec.europa.eu/codelist/VoidReasonValue/Unpopulated", "@nil": "true" }, "endLifespanVersion": { "@nilReason": "http://inspire.ec.europa.eu/codelist/VoidReasonValue/Unpopulated", "@nil": "true" }, "inspireId": { "@dataType": "Identifier", "localId": "874302_86.E", "namespace": "SK.ESKN.CP", "versionId": "20260703T04:07:20" }, "label": "86", "nationalCadastralReference": "874302_86.E", "referencePoint": { "type": "Point", "coordinates": [ 19.34832662, 48.1216682 ] }, "validFrom": "2026-06-30T16:00:00Z", "validTo": { "@nilReason": "http://inspire.ec.europa.eu/codelist/VoidReasonValue/Unpopulated", "@nil": "true" }, "administrativeUnit": { "@href": "#auAdmUnitS.1383" } }, "geometry": { "type": "Polygon", "coordinates": [ [ [ 19.34838718, 48.12173204 ], [ 19.34840171, 48.12172463 ], [ 19.34826986, 48.121599 ], [ 19.34824318, 48.12161178 ], [ 19.34838718, 48.12173204 ] ] ] } },
{ "type": "Feature", "properties": { "@featureType": "CadastralParcel", "areaValue": { "value": 84, "@uom": "m2" }, "beginLifespanVersion": { "@nilReason": "http://inspire.ec.europa.eu/codelist/VoidReasonValue/Unpopulated", "@nil": "true" }, "endLifespanVersion": { "@nilReason": "http://inspire.ec.europa.eu/codelist/VoidReasonValue/Unpopulated", "@nil": "true" }, "inspireId": { "@dataType": "Identifier", "localId": "874302_89.E", "namespace": "SK.ESKN.CP", "versionId": "20260703T04:07:20" }, "label": "89", "nationalCadastralReference": "874302_89.E", "referencePoint": { "type": "Point", "coordinates": [ 19.34788742, 48.1212726 ] }, "validFrom": "2026-06-30T16:00:00Z", "validTo": { "@nilReason": "http://inspire.ec.europa.eu/codelist/VoidReasonValue/Unpopulated", "@nil": "true" }, "administrativeUnit": { "@href": "#auAdmUnitS.1383" } }, "geometry": { "type": "Polygon", "coordinates": [ [ [ 19.34792405, 48.12134488 ], [ 19.34797936, 48.12131642 ], [ 19.34785145, 48.12120054 ], [ 19.34779523, 48.12122877 ], [ 19.34792405, 48.12134488 ] ] ] } },
{ "type": "Feature", "properties": { "@featureType": "CadastralParcel", "areaValue": { "value": 333, "@uom": "m2" }, "beginLifespanVersion": { "@nilReason": "http://inspire.ec.europa.eu/codelist/VoidReasonValue/Unpopulated", "@nil": "true" }, "endLifespanVersion": { "@nilReason": "http://inspire.ec.europa.eu/codelist/VoidReasonValue/Unpopulated", "@nil": "true" }, "inspireId": { "@dataType": "Identifier", "localId": "874302_97/1.E", "namespace": "SK.ESKN.CP", "versionId": "20260703T04:07:20" }, "label": "97/1", "nationalCadastralReference": "874302_97/1.E", "referencePoint": { "type": "Point", "coordinates": [ 19.35293404, 48.12126716 ] }, "validFrom": "2026-06-30T16:00:00Z", "validTo": { "@nilReason": "http://inspire.ec.europa.eu/codelist/VoidReasonValue/Unpopulated", "@nil": "true" }, "administrativeUnit": { "@href": "#auAdmUnitS.1383" } }, "geometry": { "type": "Polygon", "coordinates": [ [ [ 19.35271744, 48.12109165 ], [ 19.35320283, 48.12152901 ], [ 19.35333631, 48.12165083 ], [ 19.35337666, 48.12163618 ], [ 19.35312184, 48.12140745 ], [ 19.35278989, 48.12112687 ], [ 19.35271206, 48.12105632 ], [ 19.35264455, 48.1209951 ], [ 19.35258746, 48.1209434 ], [ 19.35256193, 48.12092026 ], [ 19.35237436, 48.12075022 ], [ 19.3522715, 48.12065691 ], [ 19.3522467, 48.12063444 ], [ 19.35222766, 48.12064246 ], [ 19.35271744, 48.12109165 ] ] ] } },
{ "type": "Feature", "properties": { "@featureType": "CadastralParcel", "areaValue": { "value": 74, "@uom": "m2" }, "beginLifespanVersion": { "@nilReason": "http://inspire.ec.europa.eu/codelist/VoidReasonValue/Unpopulated", "@nil": "true" }, "endLifespanVersion": { "@nilReason": "http://inspire.ec.europa.eu/codelist/VoidReasonValue/Unpopulated", "@nil": "true" }, "inspireId": { "@dataType": "Identifier", "localId": "874302_97/2.E", "namespace": "SK.ESKN.CP", "versionId": "20260703T04:07:20" }, "label": "97/2", "nationalCadastralReference": "874302_97/2.E", "referencePoint": { "type": "Point", "coordinates": [ 19.35192836, 48.12035876 ] }, "validFrom": "2026-06-30T16:00:00Z", "validTo": { "@nilReason": "http://inspire.ec.europa.eu/codelist/VoidReasonValue/Unpopulated", "@nil": "true" }, "administrativeUnit": { "@href": "#auAdmUnitS.1383" } }, "geometry": { "type": "Polygon", "coordinates": [ [ [ 19.35222693, 48.12064179 ], [ 19.35222766, 48.12064246 ], [ 19.3522467, 48.12063444 ], [ 19.35213937, 48.12053885 ], [ 19.35194868, 48.1203691 ], [ 19.35192531, 48.12034842 ], [ 19.35176895, 48.12021016 ], [ 19.35168197, 48.12013205 ], [ 19.35162301, 48.12007899 ], [ 19.3516117, 48.12006889 ], [ 19.35200123, 48.12043547 ], [ 19.35222693, 48.12064179 ] ] ] } },
{ "type": "Feature", "properties": { "@featureType": "CadastralParcel", "areaValue": { "value": 42, "@uom": "m2" }, "beginLifespanVersion": { "@nilReason": "http://inspire.ec.europa.eu/codelist/VoidReasonValue/Unpopulated", "@nil": "true" }, "endLifespanVersion": { "@nilReason": "http://inspire.ec.europa.eu/codelist/VoidReasonValue/Unpopulated", "@nil": "true" }, "inspireId": { "@dataType": "Identifier", "localId": "874302_145.E", "namespace": "SK.ESKN.CP", "versionId": "20260703T04:07:20" }, "label": "145", "nationalCadastralReference": "874302_145.E", "referencePoint": { "type": "Point", "coordinates": [ 19.3566844, 48.11994093 ] }, "validFrom": "2026-06-30T16:00:00Z", "validTo": { "@nilReason": "http://inspire.ec.europa.eu/codelist/VoidReasonValue/Unpopulated", "@nil": "true" }, "administrativeUnit": { "@href": "#auAdmUnitS.1383" } }, "geometry": { "type": "Polygon", "coordinates": [ [ [ 19.35676623, 48.11986088 ], [ 19.3566861, 48.11992385 ], [ 19.35655773, 48.12002491 ], [ 19.3566912, 48.119958 ], [ 19.35676623, 48.11986088 ] ] ] } },
{ "type": "Feature", "properties": { "@featureType": "CadastralParcel", "areaValue": { "value": 109, "@uom": "m2" }, "beginLifespanVersion": { "@nilReason": "http://inspire.ec.europa.eu/codelist/VoidReasonValue/Unpopulated", "@nil": "true" }, "endLifespanVersion": { "@nilReason": "http://inspire.ec.europa.eu/codelist/VoidReasonValue/Unpopulated", "@nil": "true" }, "inspireId": { "@dataType": "Identifier", "localId": "874302_158.E", "namespace": "SK.ESKN.CP", "versionId": "20260703T04:07:20" }, "label": "158", "nationalCadastralReference": "874302_158.E", "referencePoint": { "type": "Point", "coordinates": [ 19.35584638, 48.11726954 ] }, "validFrom": "2026-06-30T16:00:00Z", "validTo": { "@nilReason": "http://inspire.ec.europa.eu/codelist/VoidReasonValue/Unpopulated", "@nil": "true" }, "administrativeUnit": { "@href": "#auAdmUnitS.1383" } }, "geometry": { "type": "Polygon", "coordinates": [ [ [ 19.35598749, 48.11732214 ], [ 19.35569601, 48.11716678 ], [ 19.35562129, 48.11721693 ], [ 19.3559872, 48.11732231 ], [ 19.35598749, 48.11732214 ] ] ] } },
{ "type": "Feature", "properties": { "@featureType": "CadastralParcel", "areaValue": { "value": 280, "@uom": "m2" }, "beginLifespanVersion": { "@nilReason": "http://inspire.ec.europa.eu/codelist/VoidReasonValue/Unpopulated", "@nil": "true" }, "endLifespanVersion": { "@nilReason": "http://inspire.ec.europa.eu/codelist/VoidReasonValue/Unpopulated", "@nil": "true" }, "inspireId": { "@dataType": "Identifier", "localId": "874302_159/2.E", "namespace": "SK.ESKN.CP", "versionId": "20260703T04:07:20" }, "label": "159/2", "nationalCadastralReference": "874302_159/2.E", "referencePoint": { "type": "Point", "coordinates": [ 19.34761381, 48.12102428 ] }, "validFrom": "2026-06-30T16:00:00Z", "validTo": { "@nilReason": "http://inspire.ec.europa.eu/codelist/VoidReasonValue/Unpopulated", "@nil": "true" }, "administrativeUnit": { "@href": "#auAdmUnitS.1383" } }, "geometry": { "type": "Polygon", "coordinates": [ [ [ 19.34779523, 48.12122877 ], [ 19.34785145, 48.12120054 ], [ 19.34782654, 48.12117789 ], [ 19.34779534, 48.12114474 ], [ 19.34776443, 48.12111404 ], [ 19.34755445, 48.12093452 ], [ 19.34743439, 48.12082587 ], [ 19.34737765, 48.12085272 ], [ 19.34738023, 48.12085501 ], [ 19.34779523, 48.12122877 ] ] ] } },
{ "type": "Feature", "properties": { "@featureType": "CadastralParcel", "areaValue": { "value": 10218, "@uom": "m2" }, "beginLifespanVersion": { "@nilReason": "http://inspire.ec.europa.eu/codelist/VoidReasonValue/Unpopulated", "@nil": "true" }, "endLifespanVersion": { "@nilReason": "http://inspire.ec.europa.eu/codelist/VoidReasonValue/Unpopulated", "@nil": "true" }, "inspireId": { "@dataType": "Identifier", "localId": "874302_1320/3.E", "namespace": "SK.ESKN.CP", "versionId": "20260703T04:07:20" }, "label": "1320/3", "nationalCadastralReference": "874302_1320/3.E", "referencePoint": { "type": "Point", "coordinates": [ 19.34912404, 48.12250873 ] }, "validFrom": "2026-06-30T16:00:00Z", "validTo": { "@nilReason": "http://inspire.ec.europa.eu/codelist/VoidReasonValue/Unpopulated", "@nil": "true" }, "administrativeUnit": { "@href": "#auAdmUnitS.1383" } }, "geometry": { "type": "Polygon", "coordinates": [ [ [ 19.35064933, 48.12395823 ], [ 19.35076926, 48.12406453 ], [ 19.35079798, 48.12409061 ], [ 19.35083235, 48.12412175 ], [ 19.35093781, 48.12421725 ], [ 19.35098262, 48.12425664 ], [ 19.35102495, 48.12429393 ], [ 19.35111086, 48.12436956 ], [ 19.35118548, 48.1244386 ], [ 19.35127935, 48.12452535 ], [ 19.3513355, 48.12457574 ], [ 19.35144904, 48.12467758 ], [ 19.35149437, 48.12471961 ], [ 19.35172294, 48.12493193 ], [ 19.35181501, 48.12499028 ], [ 19.35196334, 48.12491561 ], [ 19.35185658, 48.12481969 ], [ 19.35168407, 48.12466488 ], [ 19.35151376, 48.12451216 ], [ 19.3511708, 48.1242022 ], [ 19.35112853, 48.12415806 ], [ 19.35110957, 48.12414137 ], [ 19.35090654, 48.12396472 ], [ 19.35087575, 48.1239379 ], [ 19.3508341, 48.12390173 ], [ 19.35064573, 48.12373786 ], [ 19.35053954, 48.12364548 ], [ 19.35044697, 48.12356412 ], [ 19.35025508, 48.12339549 ], [ 19.35024401, 48.12338567 ], [ 19.35013628, 48.12329005 ], [ 19.34990814, 48.12308632 ], [ 19.34988528, 48.12306592 ], [ 19.34975696, 48.12295128 ], [ 19.34967203, 48.12287534 ], [ 19.34954483, 48.12276157 ], [ 19.34950709, 48.12272793 ], [ 19.34943457, 48.12266313 ], [ 19.34933183, 48.12257127 ], [ 19.34928487, 48.12252934 ], [ 19.34919503, 48.12244901 ], [ 19.34910555, 48.12237041 ], [ 19.34906565, 48.1223355 ], [ 19.34897961, 48.12225995 ], [ 19.34896903, 48.1222644 ], [ 19.34887088, 48.1221724 ], [ 19.3487654, 48.12207338 ], [ 19.34877025, 48.12207091 ], [ 19.34868621, 48.12199293 ], [ 19.34861027, 48.12192247 ], [ 19.34856482, 48.12188034 ], [ 19.34838718, 48.12173204 ], [ 19.34824318, 48.12161178 ], [ 19.34808385, 48.12147861 ], [ 19.34792774, 48.12134821 ], [ 19.34792405, 48.12134488 ], [ 19.34779523, 48.12122877 ], [ 19.34738023, 48.12085501 ], [ 19.34737765, 48.12085272 ], [ 19.34696979, 48.12048524 ], [ 19.34636424, 48.12000349 ], [ 19.34630817, 48.12003164 ], [ 19.34630318, 48.12003419 ], [ 19.34625093, 48.12006053 ], [ 19.34633492, 48.12013256 ], [ 19.346505, 48.12027833 ], [ 19.3474329, 48.12112002 ], [ 19.34795218, 48.12158887 ], [ 19.34801862, 48.12164878 ], [ 19.34821423, 48.12182536 ], [ 19.34896176, 48.12248812 ], [ 19.3492459, 48.12272719 ], [ 19.3496743, 48.12310304 ], [ 19.34999508, 48.12339112 ], [ 19.35004066, 48.12343208 ], [ 19.35006278, 48.12345189 ], [ 19.35006846, 48.12344919 ], [ 19.35015529, 48.12352613 ], [ 19.35021938, 48.12358286 ], [ 19.3503082, 48.12366151 ], [ 19.35034326, 48.1236925 ], [ 19.35049334, 48.12382531 ], [ 19.35060814, 48.12392163 ], [ 19.35064933, 48.12395823 ] ] ] } },
{ "type": "Feature", "properties": { "@featureType": "CadastralParcel", "areaValue": { "value": 1319, "@uom": "m2" }, "beginLifespanVersion": { "@nilReason": "http://inspire.ec.europa.eu/codelist/VoidReasonValue/Unpopulated", "@nil": "true" }, "endLifespanVersion": { "@nilReason": "http://inspire.ec.europa.eu/codelist/VoidReasonValue/Unpopulated", "@nil": "true" }, "inspireId": { "@dataType": "Identifier", "localId": "874302_1376.E", "namespace": "SK.ESKN.CP", "versionId": "20260703T04:07:20" }, "label": "1376", "nationalCadastralReference": "874302_1376.E", "referencePoint": { "type": "Point", "coordinates": [ 19.36112939, 48.12484355 ] }, "validFrom": "2026-06-30T16:00:00Z", "validTo": { "@nilReason": "http://inspire.ec.europa.eu/codelist/VoidReasonValue/Unpopulated", "@nil": "true" }, "administrativeUnit": { "@href": "#auAdmUnitS.1383" } }, "geometry": { "type": "Polygon", "coordinates": [ [ [ 19.36147006, 48.12524324 ], [ 19.36148335, 48.12524234 ], [ 19.36163627, 48.12521288 ], [ 19.36167761, 48.12520909 ], [ 19.36150441, 48.12515751 ], [ 19.36135346, 48.12516858 ], [ 19.36131, 48.12509644 ], [ 19.36127026, 48.12500581 ], [ 19.36126629, 48.12500643 ], [ 19.36125324, 48.1249811 ], [ 19.36105249, 48.12459376 ], [ 19.36104584, 48.12458172 ], [ 19.36101841, 48.12470601 ], [ 19.36121434, 48.12516732 ], [ 19.36067546, 48.1252369 ], [ 19.36054998, 48.12535865 ], [ 19.36059215, 48.12535472 ], [ 19.3608093, 48.12534926 ], [ 19.36080482, 48.12532822 ], [ 19.36097633, 48.12530614 ], [ 19.36102482, 48.12529981 ], [ 19.36147006, 48.12524324 ] ] ] } },
{ "type": "Feature", "properties": { "@featureType": "CadastralParcel", "areaValue": { "value": 624, "@uom": "m2" }, "beginLifespanVersion": { "@nilReason": "http://inspire.ec.europa.eu/codelist/VoidReasonValue/Unpopulated", "@nil": "true" }, "endLifespanVersion": { "@nilReason": "http://inspire.ec.europa.eu/codelist/VoidReasonValue/Unpopulated", "@nil": "true" }, "inspireId": { "@dataType": "Identifier", "localId": "874302_12.E", "namespace": "SK.ESKN.CP", "versionId": "20260703T04:07:20" }, "label": "12", "nationalCadastralReference": "874302_12.E", "referencePoint": { "type": "Point", "coordinates": [ 19.36196531, 48.12532761 ] }, "validFrom": "2026-06-30T16:00:00Z", "validTo": { "@nilReason": "http://inspire.ec.europa.eu/codelist/VoidReasonValue/Unpopulated", "@nil": "true" }, "administrativeUnit": { "@href": "#auAdmUnitS.1383" } }, "geometry": { "type": "Polygon", "coordinates": [ [ [ 19.36198928, 48.12551635 ], [ 19.36216117, 48.12540132 ], [ 19.36195997, 48.12518953 ], [ 19.36167761, 48.12520909 ], [ 19.36163627, 48.12521288 ], [ 19.36148335, 48.12524234 ], [ 19.3615493, 48.12523775 ], [ 19.36182784, 48.12525389 ], [ 19.36185242, 48.12540952 ], [ 19.36198928, 48.12551635 ] ] ] } },
{ "type": "Feature", "properties": { "@featureType": "CadastralParcel", "areaValue": { "value": 60, "@uom": "m2" }, "beginLifespanVersion": { "@nilReason": "http://inspire.ec.europa.eu/codelist/VoidReasonValue/Unpopulated", "@nil": "true" }, "endLifespanVersion": { "@nilReason": "http://inspire.ec.europa.eu/codelist/VoidReasonValue/Unpopulated", "@nil": "true" }, "inspireId": { "@dataType": "Identifier", "localId": "874302_23/1.E", "namespace": "SK.ESKN.CP", "versionId": "20260703T04:07:20" }, "label": "23/1", "nationalCadastralReference": "874302_23/1.E", "referencePoint": { "type": "Point", "coordinates": [ 19.35882161, 48.12356386 ] }, "validFrom": "2026-06-30T16:00:00Z", "validTo": { "@nilReason": "http://inspire.ec.europa.eu/codelist/VoidReasonValue/Unpopulated", "@nil": "true" }, "administrativeUnit": { "@href": "#auAdmUnitS.1383" } }, "geometry": { "type": "Polygon", "coordinates": [ [ [ 19.35898433, 48.1235264 ], [ 19.35907667, 48.12351423 ], [ 19.35907294, 48.12350377 ], [ 19.35884457, 48.12354368 ], [ 19.35856727, 48.12364075 ], [ 19.35857032, 48.12364748 ], [ 19.35864428, 48.12362587 ], [ 19.35878733, 48.12358404 ], [ 19.35898433, 48.1235264 ] ] ] } },
{ "type": "Feature", "properties": { "@featureType": "CadastralParcel", "areaValue": { "value": 376, "@uom": "m2" }, "beginLifespanVersion": { "@nilReason": "http://inspire.ec.europa.eu/codelist/VoidReasonValue/Unpopulated", "@nil": "true" }, "endLifespanVersion": { "@nilReason": "http://inspire.ec.europa.eu/codelist/VoidReasonValue/Unpopulated", "@nil": "true" }, "inspireId": { "@dataType": "Identifier", "localId": "874302_54.E", "namespace": "SK.ESKN.CP", "versionId": "20260703T04:07:20" }, "label": "54", "nationalCadastralReference": "874302_54.E", "referencePoint": { "type": "Point", "coordinates": [ 19.35220405, 48.12358108 ] }, "validFrom": "2026-06-30T16:00:00Z", "validTo": { "@nilReason": "http://inspire.ec.europa.eu/codelist/VoidReasonValue/Unpopulated", "@nil": "true" }, "administrativeUnit": { "@href": "#auAdmUnitS.1383" } }, "geometry": { "type": "MultiPolygon", "coordinates": [ [ [ [ 19.35227839, 48.12360605 ], [ 19.35236885, 48.12355612 ], [ 19.35238955, 48.12354521 ], [ 19.35229244, 48.12345975 ], [ 19.3520037, 48.12362822 ], [ 19.35209734, 48.12371458 ], [ 19.35214111, 48.12369072 ], [ 19.35227839, 48.12360605 ] ] ], [ [ [ 19.35322414, 48.12461437 ], [ 19.35336817, 48.1245321 ], [ 19.35319092, 48.12459762 ], [ 19.35313034, 48.12462005 ], [ 19.35315975, 48.12464599 ], [ 19.35316742, 48.12464221 ], [ 19.35322414, 48.12461437 ] ] ] ] } },
{ "type": "Feature", "properties": { "@featureType": "CadastralParcel", "areaValue": { "value": 9078, "@uom": "m2" }, "beginLifespanVersion": { "@nilReason": "http://inspire.ec.europa.eu/codelist/VoidReasonValue/Unpopulated", "@nil": "true" }, "endLifespanVersion": { "@nilReason": "http://inspire.ec.europa.eu/codelist/VoidReasonValue/Unpopulated", "@nil": "true" }, "inspireId": { "@dataType": "Identifier", "localId": "874302_1320/4.E", "namespace": "SK.ESKN.CP", "versionId": "20260703T04:07:20" }, "label": "1320/4", "nationalCadastralReference": "874302_1320/4.E", "referencePoint": { "type": "Point", "coordinates": [ 19.35336616, 48.12715438 ] }, "validFrom": "2026-06-30T16:00:00Z", "validTo": { "@nilReason": "http://inspire.ec.europa.eu/codelist/VoidReasonValue/Unpopulated", "@nil": "true" }, "administrativeUnit": { "@href": "#auAdmUnitS.1383" } }, "geometry": { "type": "Polygon", "coordinates": [ [ [ 19.35363371, 48.12803358 ], [ 19.35366854, 48.12809828 ], [ 19.35370335, 48.12816307 ], [ 19.35377457, 48.12829552 ], [ 19.35379881, 48.1283433 ], [ 19.35384515, 48.12843506 ], [ 19.35391436, 48.12857364 ], [ 19.35393654, 48.12861934 ], [ 19.35398082, 48.12871028 ], [ 19.35400192, 48.12875349 ], [ 19.35404807, 48.12884831 ], [ 19.35411385, 48.12898744 ], [ 19.35416165, 48.12908198 ], [ 19.35419746, 48.12915258 ], [ 19.35426286, 48.12928151 ], [ 19.3542788, 48.12927849 ], [ 19.35431137, 48.12927247 ], [ 19.35434257, 48.12926667 ], [ 19.35441638, 48.12924649 ], [ 19.35449125, 48.12922529 ], [ 19.35440484, 48.12905361 ], [ 19.35434683, 48.12893866 ], [ 19.35430098, 48.12884611 ], [ 19.35425003, 48.1287433 ], [ 19.35420462, 48.12865159 ], [ 19.35418598, 48.12861435 ], [ 19.35417592, 48.12857501 ], [ 19.35415749, 48.12853328 ], [ 19.35410738, 48.12841627 ], [ 19.35406475, 48.1283163 ], [ 19.35392145, 48.1279803 ], [ 19.35385555, 48.12785235 ], [ 19.35382377, 48.12779059 ], [ 19.35359616, 48.12734893 ], [ 19.35351275, 48.12718704 ], [ 19.35350461, 48.12717123 ], [ 19.35348425, 48.12713752 ], [ 19.35344767, 48.12706526 ], [ 19.3534123, 48.12701947 ], [ 19.35340243, 48.12698211 ], [ 19.35307801, 48.12630885 ], [ 19.35290979, 48.12596165 ], [ 19.35284122, 48.12585241 ], [ 19.35270961, 48.12561237 ], [ 19.35256756, 48.12545732 ], [ 19.35243236, 48.12533514 ], [ 19.35240903, 48.125314 ], [ 19.35239748, 48.12530362 ], [ 19.3523044, 48.12521953 ], [ 19.35208373, 48.12502013 ], [ 19.35206084, 48.12502768 ], [ 19.35193101, 48.12509178 ], [ 19.35206906, 48.12522257 ], [ 19.35214144, 48.12529115 ], [ 19.3521208, 48.12530035 ], [ 19.35213479, 48.12531301 ], [ 19.35221655, 48.12538718 ], [ 19.35236657, 48.12552314 ], [ 19.35243147, 48.12559749 ], [ 19.35249877, 48.12567457 ], [ 19.35259223, 48.12583694 ], [ 19.35268603, 48.12599987 ], [ 19.35276441, 48.12615845 ], [ 19.35278045, 48.12619223 ], [ 19.35279893, 48.12623098 ], [ 19.35284034, 48.12631845 ], [ 19.3528737, 48.12638804 ], [ 19.35291629, 48.12647701 ], [ 19.3529416, 48.12652998 ], [ 19.35298979, 48.12663085 ], [ 19.35302018, 48.12669416 ], [ 19.35306684, 48.1267918 ], [ 19.35308679, 48.12683189 ], [ 19.35314277, 48.12694549 ], [ 19.35316698, 48.12699741 ], [ 19.35321814, 48.12710951 ], [ 19.35325346, 48.12718975 ], [ 19.35329074, 48.12727431 ], [ 19.35332546, 48.12735379 ], [ 19.35336471, 48.1274426 ], [ 19.35340081, 48.12752305 ], [ 19.35344431, 48.12761873 ], [ 19.3534637, 48.12761498 ], [ 19.35348153, 48.12765226 ], [ 19.35353026, 48.12775442 ], [ 19.35350327, 48.12775997 ], [ 19.35352094, 48.12780248 ], [ 19.35356025, 48.12789697 ], [ 19.35363371, 48.12803358 ] ] ] } },
{ "type": "Feature", "properties": { "@featureType": "CadastralParcel", "areaValue": { "value": 357, "@uom": "m2" }, "beginLifespanVersion": { "@nilReason": "http://inspire.ec.europa.eu/codelist/VoidReasonValue/Unpopulated", "@nil": "true" }, "endLifespanVersion": { "@nilReason": "http://inspire.ec.europa.eu/codelist/VoidReasonValue/Unpopulated", "@nil": "true" }, "inspireId": { "@dataType": "Identifier", "localId": "874302_672/56.E", "namespace": "SK.ESKN.CP", "versionId": "20260703T04:07:20" }, "label": "672/56", "nationalCadastralReference": "874302_672/56.E", "referencePoint": { "type": "Point", "coordinates": [ 19.36183477, 48.12510784 ] }, "validFrom": "2026-06-30T16:00:00Z", "validTo": { "@nilReason": "http://inspire.ec.europa.eu/codelist/VoidReasonValue/Unpopulated", "@nil": "true" }, "administrativeUnit": { "@href": "#auAdmUnitS.1383" } }, "geometry": { "type": "Polygon", "coordinates": [ [ [ 19.36195997, 48.12518953 ], [ 19.36203311, 48.12518446 ], [ 19.36191354, 48.12505818 ], [ 19.36150441, 48.12515751 ], [ 19.36167761, 48.12520909 ], [ 19.36195997, 48.12518953 ] ] ] } },
{ "type": "Feature", "properties": { "@featureType": "CadastralParcel", "areaValue": { "value": 4034, "@uom": "m2" }, "beginLifespanVersion": { "@nilReason": "http://inspire.ec.europa.eu/codelist/VoidReasonValue/Unpopulated", "@nil": "true" }, "endLifespanVersion": { "@nilReason": "http://inspire.ec.europa.eu/codelist/VoidReasonValue/Unpopulated", "@nil": "true" }, "inspireId": { "@dataType": "Identifier", "localId": "874302_672/312.E", "namespace": "SK.ESKN.CP", "versionId": "20260703T04:07:20" }, "label": "672/312", "nationalCadastralReference": "874302_672/312.E", "referencePoint": { "type": "Point", "coordinates": [ 19.35919416, 48.12670498 ] }, "validFrom": "2026-06-30T16:00:00Z", "validTo": { "@nilReason": "http://inspire.ec.europa.eu/codelist/VoidReasonValue/Unpopulated", "@nil": "true" }, "administrativeUnit": { "@href": "#auAdmUnitS.1383" } }, "geometry": { "type": "MultiPolygon", "coordinates": [ [ [ [ 19.35917618, 48.12679863 ], [ 19.35929637, 48.12701223 ], [ 19.35934559, 48.12710106 ], [ 19.35912247, 48.12716106 ], [ 19.35899228, 48.1271971 ], [ 19.35890748, 48.12722054 ], [ 19.35879562, 48.12725143 ], [ 19.35875384, 48.12726304 ], [ 19.35852687, 48.12732628 ], [ 19.3584029, 48.12736082 ], [ 19.3582613, 48.12740029 ], [ 19.35818951, 48.12742038 ], [ 19.35807955, 48.12745117 ], [ 19.35797113, 48.12748132 ], [ 19.35790185, 48.12750072 ], [ 19.35797368, 48.12761616 ], [ 19.35811912, 48.12757606 ], [ 19.35825932, 48.12753842 ], [ 19.35831936, 48.12752227 ], [ 19.35851946, 48.12746857 ], [ 19.35865587, 48.12742975 ], [ 19.35892257, 48.12735399 ], [ 19.35905968, 48.1273162 ], [ 19.35915224, 48.1272907 ], [ 19.35926577, 48.12725936 ], [ 19.35940149, 48.12722195 ], [ 19.35954804, 48.12718154 ], [ 19.35950283, 48.12710427 ], [ 19.35942689, 48.12697439 ], [ 19.35935095, 48.12684442 ], [ 19.35930962, 48.12677373 ], [ 19.35930609, 48.1267677 ], [ 19.35923237, 48.12664226 ], [ 19.35915854, 48.12651654 ], [ 19.35908459, 48.12639073 ], [ 19.35901098, 48.12626547 ], [ 19.35893714, 48.12613984 ], [ 19.35887598, 48.12603547 ], [ 19.3588156, 48.12593258 ], [ 19.3586978, 48.12573073 ], [ 19.35865582, 48.12573539 ], [ 19.35860172, 48.12574884 ], [ 19.35855788, 48.12576459 ], [ 19.35865562, 48.12594249 ], [ 19.35874118, 48.12608564 ], [ 19.3588017, 48.12618475 ], [ 19.35881635, 48.12620889 ], [ 19.35886758, 48.12629277 ], [ 19.35900877, 48.12652415 ], [ 19.35915797, 48.12676872 ], [ 19.35917618, 48.12679863 ] ] ], [ [ [ 19.35942713, 48.12615603 ], [ 19.35950071, 48.12628155 ], [ 19.35955163, 48.12636839 ], [ 19.35947978, 48.12584765 ], [ 19.35925333, 48.12589468 ], [ 19.35928612, 48.12596965 ], [ 19.35931989, 48.12604683 ], [ 19.35935777, 48.12603765 ], [ 19.35942713, 48.12615603 ] ] ] ] } },
{ "type": "Feature", "properties": { "@featureType": "CadastralParcel", "areaValue": { "value": 57648, "@uom": "m2" }, "beginLifespanVersion": { "@nilReason": "http://inspire.ec.europa.eu/codelist/VoidReasonValue/Unpopulated", "@nil": "true" }, "endLifespanVersion": { "@nilReason": "http://inspire.ec.europa.eu/codelist/VoidReasonValue/Unpopulated", "@nil": "true" }, "inspireId": { "@dataType": "Identifier", "localId": "874302_1304.E", "namespace": "SK.ESKN.CP", "versionId": "20260703T04:07:20" }, "label": "1304", "nationalCadastralReference": "874302_1304.E", "referencePoint": { "type": "Point", "coordinates": [ 19.36064435, 48.11881033 ] }, "validFrom": "2026-06-30T16:00:00Z", "validTo": { "@nilReason": "http://inspire.ec.europa.eu/codelist/VoidReasonValue/Unpopulated", "@nil": "true" }, "administrativeUnit": { "@href": "#auAdmUnitS.1383" } }, "geometry": { "type": "MultiPolygon", "coordinates": [ [ [ [ 19.36731598, 48.12571445 ], [ 19.36745083, 48.125776 ], [ 19.36757215, 48.12568289 ], [ 19.3674484, 48.12562846 ], [ 19.36732348, 48.12557992 ], [ 19.36711112, 48.12551033 ], [ 19.36701967, 48.12548639 ], [ 19.36688302, 48.12545433 ], [ 19.36666245, 48.12541618 ], [ 19.36651406, 48.12540213 ], [ 19.36643487, 48.12538951 ], [ 19.36640739, 48.12537818 ], [ 19.36632483, 48.12534411 ], [ 19.36616345, 48.12525875 ], [ 19.36607625, 48.12521265 ], [ 19.36567918, 48.12505793 ], [ 19.36548666, 48.12498289 ], [ 19.36539551, 48.12491451 ], [ 19.36530834, 48.12483919 ], [ 19.36527098, 48.12480693 ], [ 19.36515648, 48.12469495 ], [ 19.36502711, 48.1245545 ], [ 19.36488941, 48.12440382 ], [ 19.36477534, 48.12429917 ], [ 19.36477215, 48.12429622 ], [ 19.36474584, 48.12424879 ], [ 19.36470267, 48.12421291 ], [ 19.36455687, 48.12413172 ], [ 19.36395063, 48.12378069 ], [ 19.3636402, 48.12357404 ], [ 19.3632254, 48.12327284 ], [ 19.36309889, 48.12318383 ], [ 19.36267451, 48.12288542 ], [ 19.36247971, 48.12272721 ], [ 19.36234156, 48.1226325 ], [ 19.36225687, 48.12257434 ], [ 19.36201443, 48.12240836 ], [ 19.36172521, 48.12217097 ], [ 19.3615747, 48.12204951 ], [ 19.36134205, 48.12188391 ], [ 19.36122263, 48.12180551 ], [ 19.36109575, 48.1217226 ], [ 19.36092026, 48.12160806 ], [ 19.3608618, 48.12156036 ], [ 19.36076597, 48.12146911 ], [ 19.36067366, 48.12137777 ], [ 19.36058696, 48.12128678 ], [ 19.36048239, 48.12117654 ], [ 19.36039906, 48.12104911 ], [ 19.36034828, 48.12094713 ], [ 19.36030837, 48.12087578 ], [ 19.36029707, 48.12085549 ], [ 19.36027257, 48.12082015 ], [ 19.36016177, 48.12071285 ], [ 19.36011796, 48.12067036 ], [ 19.36006291, 48.12062859 ], [ 19.35988854, 48.12052131 ], [ 19.35978362, 48.12046218 ], [ 19.35973409, 48.12043429 ], [ 19.35971672, 48.12040271 ], [ 19.3596551, 48.12028254 ], [ 19.3596223, 48.12021775 ], [ 19.35957993, 48.12008381 ], [ 19.35953395, 48.11993832 ], [ 19.35953479, 48.11988002 ], [ 19.35954075, 48.11981422 ], [ 19.35954678, 48.11974778 ], [ 19.35955904, 48.11961167 ], [ 19.35956314, 48.11958725 ], [ 19.35961917, 48.11951411 ], [ 19.35970182, 48.11940608 ], [ 19.35975819, 48.11937515 ], [ 19.35983572, 48.11933261 ], [ 19.35991314, 48.11928997 ], [ 19.36046257, 48.11901406 ], [ 19.36075116, 48.11886911 ], [ 19.360775, 48.11884771 ], [ 19.36081617, 48.1187926 ], [ 19.36085722, 48.1187374 ], [ 19.36092481, 48.11863037 ], [ 19.36112674, 48.11837017 ], [ 19.36130118, 48.11814292 ], [ 19.36148364, 48.11794518 ], [ 19.36162191, 48.11781817 ], [ 19.36197007, 48.11757192 ], [ 19.36245749, 48.11730142 ], [ 19.36250115, 48.11727718 ], [ 19.36261442, 48.11720768 ], [ 19.36266626, 48.11714344 ], [ 19.3627007, 48.1170744 ], [ 19.36271911, 48.11703822 ], [ 19.36273288, 48.1170102 ], [ 19.3627319, 48.11698401 ], [ 19.36271834, 48.11694964 ], [ 19.36268714, 48.11690387 ], [ 19.36264601, 48.11685654 ], [ 19.36253639, 48.1167521 ], [ 19.36180546, 48.11615244 ], [ 19.36101456, 48.11518571 ], [ 19.36088608, 48.11503718 ], [ 19.35988375, 48.11387329 ], [ 19.35979932, 48.11378637 ], [ 19.35966425, 48.11366187 ], [ 19.35956952, 48.11356184 ], [ 19.35939263, 48.11322523 ], [ 19.35934311, 48.11314811 ], [ 19.35875704, 48.11246258 ], [ 19.35870456, 48.11239686 ], [ 19.35843215, 48.11205585 ], [ 19.3581255, 48.11181843 ], [ 19.35799682, 48.11187979 ], [ 19.35831863, 48.11219946 ], [ 19.35848664, 48.11241508 ], [ 19.3585639, 48.11251608 ], [ 19.35861707, 48.11258166 ], [ 19.35876484, 48.11276367 ], [ 19.35883092, 48.1128332 ], [ 19.35923081, 48.1132539 ], [ 19.35942257, 48.11359374 ], [ 19.35951023, 48.113702 ], [ 19.35973216, 48.11391336 ], [ 19.3598067, 48.11399195 ], [ 19.35991899, 48.11411041 ], [ 19.35999118, 48.11419709 ], [ 19.36066329, 48.11500386 ], [ 19.36076705, 48.11514932 ], [ 19.36096432, 48.11536472 ], [ 19.36101575, 48.11542525 ], [ 19.36115464, 48.11558844 ], [ 19.36138463, 48.11588575 ], [ 19.3614549, 48.11597406 ], [ 19.36155747, 48.11610296 ], [ 19.36161072, 48.11617043 ], [ 19.36162708, 48.11619114 ], [ 19.36167427, 48.11627122 ], [ 19.36175633, 48.11642826 ], [ 19.36228272, 48.11675185 ], [ 19.36232609, 48.11679586 ], [ 19.36239593, 48.11688577 ], [ 19.36243328, 48.11696591 ], [ 19.36243634, 48.11698391 ], [ 19.36243237, 48.11700852 ], [ 19.36237297, 48.11706789 ], [ 19.36227011, 48.11715214 ], [ 19.36216425, 48.11722155 ], [ 19.36204841, 48.11728615 ], [ 19.36193214, 48.1173409 ], [ 19.3617963, 48.11739733 ], [ 19.36157528, 48.11748213 ], [ 19.36152693, 48.11750867 ], [ 19.36144331, 48.11757797 ], [ 19.36137921, 48.11764225 ], [ 19.36130372, 48.1177362 ], [ 19.36103016, 48.11820666 ], [ 19.36097241, 48.11831363 ], [ 19.36090429, 48.11840414 ], [ 19.36061023, 48.11871736 ], [ 19.36053368, 48.11877843 ], [ 19.36045916, 48.11882806 ], [ 19.36025403, 48.11894555 ], [ 19.3600172, 48.11906981 ], [ 19.35953143, 48.11932334 ], [ 19.3593589, 48.11945709 ], [ 19.35915253, 48.11967307 ], [ 19.3591127, 48.11980118 ], [ 19.35909306, 48.11993576 ], [ 19.35910099, 48.12008826 ], [ 19.35916274, 48.1203684 ], [ 19.35920196, 48.12049778 ], [ 19.35929909, 48.12066618 ], [ 19.35947402, 48.12087023 ], [ 19.35951011, 48.12091434 ], [ 19.35991628, 48.12138781 ], [ 19.36006767, 48.12155764 ], [ 19.36013841, 48.12160639 ], [ 19.36079997, 48.12199003 ], [ 19.3610991, 48.12215738 ], [ 19.36128966, 48.12225307 ], [ 19.36183195, 48.12253559 ], [ 19.36237145, 48.12288208 ], [ 19.36289913, 48.12330897 ], [ 19.36302956, 48.12343947 ], [ 19.36314337, 48.12359307 ], [ 19.36317414, 48.12362403 ], [ 19.36320694, 48.1236485 ], [ 19.36374001, 48.12388016 ], [ 19.36443894, 48.12427503 ], [ 19.36450445, 48.1243173 ], [ 19.36466013, 48.1244674 ], [ 19.3648677, 48.12468771 ], [ 19.36496941, 48.12477571 ], [ 19.36510809, 48.12486684 ], [ 19.36520713, 48.12494832 ], [ 19.36530148, 48.12503958 ], [ 19.36534978, 48.12508039 ], [ 19.36539751, 48.12510639 ], [ 19.36560994, 48.1251905 ], [ 19.3659323, 48.12531838 ], [ 19.36627589, 48.12548712 ], [ 19.36632823, 48.12550649 ], [ 19.36638279, 48.12551767 ], [ 19.36669464, 48.12555865 ], [ 19.36696037, 48.1256179 ], [ 19.36718646, 48.12567246 ], [ 19.36731598, 48.12571445 ] ] ], [ [ [ 19.3696191, 48.12799727 ], [ 19.36964024, 48.12802263 ], [ 19.36976074, 48.12833713 ], [ 19.36976267, 48.12834939 ], [ 19.3697717, 48.12837832 ], [ 19.36977826, 48.12842669 ], [ 19.36983706, 48.12871741 ], [ 19.36991105, 48.12923175 ], [ 19.36993903, 48.12952614 ], [ 19.36985109, 48.12984644 ], [ 19.36971471, 48.13010583 ], [ 19.36949663, 48.13034191 ], [ 19.36930753, 48.13069002 ], [ 19.36919556, 48.13108276 ], [ 19.36918658, 48.13149367 ], [ 19.3691843, 48.13160077 ], [ 19.36912185, 48.1318489 ], [ 19.3691094, 48.13188852 ], [ 19.36907022, 48.13201325 ], [ 19.36906714, 48.13213167 ], [ 19.36906444, 48.13219736 ], [ 19.3690477, 48.13259384 ], [ 19.36904767, 48.13259537 ], [ 19.36888338, 48.13295838 ], [ 19.3688645, 48.13301157 ], [ 19.36878555, 48.13323376 ], [ 19.3687632, 48.13329671 ], [ 19.36873721, 48.13367002 ], [ 19.36871589, 48.13373978 ], [ 19.36868092, 48.13385407 ], [ 19.36850246, 48.134197 ], [ 19.36843229, 48.13433187 ], [ 19.36842842, 48.13454728 ], [ 19.36862285, 48.13452656 ], [ 19.3686636, 48.13430137 ], [ 19.36889692, 48.13378902 ], [ 19.36894377, 48.13348649 ], [ 19.3689437, 48.1334607 ], [ 19.36894332, 48.13330397 ], [ 19.3689651, 48.13323757 ], [ 19.36902085, 48.13306738 ], [ 19.36912993, 48.13282536 ], [ 19.36925368, 48.13255068 ], [ 19.36925538, 48.1323872 ], [ 19.36925563, 48.1323533 ], [ 19.3692557, 48.13235268 ], [ 19.36925311, 48.13233776 ], [ 19.36923692, 48.13224213 ], [ 19.3692206, 48.13216669 ], [ 19.36922142, 48.1321615 ], [ 19.36923618, 48.13205987 ], [ 19.36925245, 48.13199573 ], [ 19.36925349, 48.13199235 ], [ 19.36925673, 48.13198213 ], [ 19.36928283, 48.13190043 ], [ 19.36928394, 48.13189633 ], [ 19.36936663, 48.13158993 ], [ 19.36936674, 48.13158759 ], [ 19.36937229, 48.13148137 ], [ 19.36937223, 48.13147938 ], [ 19.36936966, 48.13132183 ], [ 19.36936957, 48.13131758 ], [ 19.36936807, 48.13122311 ], [ 19.36936808, 48.13122175 ], [ 19.36936891, 48.13112441 ], [ 19.36937277, 48.13109331 ], [ 19.36938188, 48.13101431 ], [ 19.369405, 48.13092137 ], [ 19.36940731, 48.13091237 ], [ 19.36947555, 48.13077155 ], [ 19.36948126, 48.13075965 ], [ 19.36953861, 48.13064634 ], [ 19.36956481, 48.13058394 ], [ 19.36959301, 48.13053173 ], [ 19.36959585, 48.13052654 ], [ 19.36962191, 48.13046413 ], [ 19.36963834, 48.13044147 ], [ 19.36964988, 48.13042544 ], [ 19.36969429, 48.13036399 ], [ 19.36970625, 48.13035041 ], [ 19.36978394, 48.13026233 ], [ 19.36979577, 48.13024991 ], [ 19.36987602, 48.13016557 ], [ 19.36989411, 48.13014002 ], [ 19.36994105, 48.13007373 ], [ 19.36995989, 48.13004867 ], [ 19.37000136, 48.1299933 ], [ 19.37001327, 48.12996376 ], [ 19.37003463, 48.12991122 ], [ 19.37004236, 48.12988048 ], [ 19.37005539, 48.12982908 ], [ 19.37006537, 48.12979484 ], [ 19.3700788, 48.1297485 ], [ 19.37008873, 48.12970849 ], [ 19.3700996, 48.12966474 ], [ 19.37010856, 48.12961864 ], [ 19.37011551, 48.12958255 ], [ 19.3701237, 48.12953109 ], [ 19.3701289, 48.1294987 ], [ 19.37013741, 48.12944176 ], [ 19.37014233, 48.12940827 ], [ 19.3701382, 48.12934857 ], [ 19.37013586, 48.12931617 ], [ 19.37012896, 48.12925336 ], [ 19.3701271, 48.1292355 ], [ 19.37010839, 48.1291622 ], [ 19.37009555, 48.12911209 ], [ 19.3700902, 48.12908902 ], [ 19.37008851, 48.12908344 ], [ 19.37006934, 48.12901823 ], [ 19.37006853, 48.12901323 ], [ 19.37005841, 48.12895405 ], [ 19.37005504, 48.12893892 ], [ 19.37004244, 48.1288816 ], [ 19.37004131, 48.12887073 ], [ 19.37003404, 48.12880257 ], [ 19.37003045, 48.12876931 ], [ 19.37002793, 48.12874502 ], [ 19.37002741, 48.12873472 ], [ 19.3700244, 48.12868093 ], [ 19.37002504, 48.12867492 ], [ 19.37002811, 48.12864359 ], [ 19.37002343, 48.12861172 ], [ 19.37001532, 48.12855651 ], [ 19.36999607, 48.12842521 ], [ 19.36998639, 48.12837957 ], [ 19.36998293, 48.12833757 ], [ 19.36998544, 48.12828124 ], [ 19.36999148, 48.12783475 ], [ 19.36971298, 48.12749258 ], [ 19.36948651, 48.12722693 ], [ 19.36926645, 48.12696059 ], [ 19.36901773, 48.12668648 ], [ 19.36867238, 48.12630577 ], [ 19.36839332, 48.12614174 ], [ 19.36793159, 48.12588359 ], [ 19.36792805, 48.12595465 ], [ 19.36809032, 48.12610993 ], [ 19.36853769, 48.12640167 ], [ 19.36866068, 48.12658816 ], [ 19.36869519, 48.12665473 ], [ 19.36873249, 48.12672667 ], [ 19.36896791, 48.12698157 ], [ 19.36947056, 48.12753157 ], [ 19.36950226, 48.12759043 ], [ 19.3696191, 48.12799727 ] ] ] ] } },
{ "type": "Feature", "properties": { "@featureType": "CadastralParcel", "areaValue": { "value": 592, "@uom": "m2" }, "beginLifespanVersion": { "@nilReason": "http://inspire.ec.europa.eu/codelist/VoidReasonValue/Unpopulated", "@nil": "true" }, "endLifespanVersion": { "@nilReason": "http://inspire.ec.europa.eu/codelist/VoidReasonValue/Unpopulated", "@nil": "true" }, "inspireId": { "@dataType": "Identifier", "localId": "874302_53.E", "namespace": "SK.ESKN.CP", "versionId": "20260703T04:07:20" }, "label": "53", "nationalCadastralReference": "874302_53.E", "referencePoint": { "type": "Point", "coordinates": [ 19.35183422, 48.12379525 ] }, "validFrom": "2026-06-30T16:00:00Z", "validTo": { "@nilReason": "http://inspire.ec.europa.eu/codelist/VoidReasonValue/Unpopulated", "@nil": "true" }, "administrativeUnit": { "@href": "#auAdmUnitS.1383" } }, "geometry": { "type": "MultiPolygon", "coordinates": [ [ [ [ 19.35310418, 48.12467317 ], [ 19.35315975, 48.12464599 ], [ 19.35313034, 48.12462005 ], [ 19.35300792, 48.1246653 ], [ 19.35284785, 48.12475023 ], [ 19.35302174, 48.12471358 ], [ 19.35310418, 48.12467317 ] ] ], [ [ [ 19.35182075, 48.12386902 ], [ 19.3519125, 48.12381707 ], [ 19.3519895, 48.12377343 ], [ 19.35209734, 48.12371458 ], [ 19.3520037, 48.12362822 ], [ 19.35155263, 48.12389141 ], [ 19.3516404, 48.12397227 ], [ 19.3517176, 48.123928 ], [ 19.35182075, 48.12386902 ] ] ] ] } },
{ "type": "Feature", "properties": { "@featureType": "CadastralParcel", "areaValue": { "value": 207, "@uom": "m2" }, "beginLifespanVersion": { "@nilReason": "http://inspire.ec.europa.eu/codelist/VoidReasonValue/Unpopulated", "@nil": "true" }, "endLifespanVersion": { "@nilReason": "http://inspire.ec.europa.eu/codelist/VoidReasonValue/Unpopulated", "@nil": "true" }, "inspireId": { "@dataType": "Identifier", "localId": "874302_56/2.E", "namespace": "SK.ESKN.CP", "versionId": "20260703T04:07:20" }, "label": "56/2", "nationalCadastralReference": "874302_56/2.E", "referencePoint": { "type": "Point", "coordinates": [ 19.35278023, 48.12325994 ] }, "validFrom": "2026-06-30T16:00:00Z", "validTo": { "@nilReason": "http://inspire.ec.europa.eu/codelist/VoidReasonValue/Unpopulated", "@nil": "true" }, "administrativeUnit": { "@href": "#auAdmUnitS.1383" } }, "geometry": { "type": "MultiPolygon", "coordinates": [ [ [ [ 19.3528826, 48.12327348 ], [ 19.35288891, 48.1232699 ], [ 19.35279263, 48.12318296 ], [ 19.35267125, 48.12324999 ], [ 19.35276985, 48.12333659 ], [ 19.3528826, 48.12327348 ] ] ], [ [ [ 19.35386563, 48.12420666 ], [ 19.35396016, 48.12414762 ], [ 19.3539355, 48.12412886 ], [ 19.35375045, 48.12422457 ], [ 19.35379975, 48.12426724 ], [ 19.35383778, 48.12422398 ], [ 19.35386563, 48.12420666 ] ] ] ] } },
{ "type": "Feature", "properties": { "@featureType": "CadastralParcel", "areaValue": { "value": 299, "@uom": "m2" }, "beginLifespanVersion": { "@nilReason": "http://inspire.ec.europa.eu/codelist/VoidReasonValue/Unpopulated", "@nil": "true" }, "endLifespanVersion": { "@nilReason": "http://inspire.ec.europa.eu/codelist/VoidReasonValue/Unpopulated", "@nil": "true" }, "inspireId": { "@dataType": "Identifier", "localId": "874302_61.E", "namespace": "SK.ESKN.CP", "versionId": "20260703T04:07:20" }, "label": "61", "nationalCadastralReference": "874302_61.E", "referencePoint": { "type": "Point", "coordinates": [ 19.35375396, 48.12271196 ] }, "validFrom": "2026-06-30T16:00:00Z", "validTo": { "@nilReason": "http://inspire.ec.europa.eu/codelist/VoidReasonValue/Unpopulated", "@nil": "true" }, "administrativeUnit": { "@href": "#auAdmUnitS.1383" } }, "geometry": { "type": "MultiPolygon", "coordinates": [ [ [ [ 19.35381732, 48.12274946 ], [ 19.35391771, 48.1226935 ], [ 19.35381854, 48.1226047 ], [ 19.35358974, 48.12273042 ], [ 19.35369214, 48.12281928 ], [ 19.35381732, 48.12274946 ] ] ], [ [ [ 19.35489483, 48.1236253 ], [ 19.35474214, 48.12373826 ], [ 19.35476866, 48.123761 ], [ 19.35489483, 48.1236253 ] ] ] ] } }
]
}
