{
"type": "FeatureCollection",
"name": "gis",
"crs": { "type": "name", "properties": { "name": "urn:ogc:def:crs:OGC:1.3:CRS84" } },
"features": [
{ "type": "Feature", "properties": { "@featureType": "CadastralZoning", "beginLifespanVersion": { "@nilReason": "http://inspire.ec.europa.eu/codelist/VoidReasonValue/Unpopulated", "@nil": "true" }, "endLifespanVersion": { "@nilReason": "http://inspire.ec.europa.eu/codelist/VoidReasonValue/Unpopulated", "@nil": "true" }, "estimatedAccuracy": { "value": -1, "@uom": "m" }, "inspireId": { "@dataType": "Identifier", "localId": "825883", "namespace": "SK.ESKN.CP", "versionId": "20260703T04:07:40" }, "label": "Komárno", "level": { "@href": "http://inspire.ec.europa.eu/codelist/CadastralZoningLevelValue/3rdOrder" }, "levelName": { "value": "Katastrálne územie", "@locale": "sk" }, "name": { "@dataType": "name", "GeographicalName": { "@dataType": "GeographicalName", "language": "SLK", "nativeness": { "@href": "http://inspire.ec.europa.eu/codelist/NativenessValue/endonym", "@title": "endonym" }, "nameStatus": { "@href": "http://inspire.ec.europa.eu/codelist/NameStatusValue/official", "@title": "official" }, "sourceOfName": { "@nilReason": "http://inspire.ec.europa.eu/codelist/VoidReasonValue/Unpopulated", "@nil": "true" }, "pronunciation": { "@dataType": "pronunciation", "@nilReason": "http://inspire.ec.europa.eu/codelist/VoidReasonValue/Unpopulated", "@nil": "true" }, "spelling": { "@dataType": "SpellingOfName", "text": "Komárno", "script": "LATN" } } }, "nationalCadastalZoningReference": "825883", "validFrom": "2026-06-30T16:00:00Z", "validTo": { "@nilReason": "http://inspire.ec.europa.eu/codelist/VoidReasonValue/Unpopulated", "@nil": "true" } }, "geometry": { "type": "MultiPolygon", "coordinates": [ [ [ [ 18.10380005, 47.84877254 ], [ 18.10390855, 47.84874079 ], [ 18.10401171, 47.84874375 ], [ 18.10411063, 47.8487647 ], [ 18.10432034, 47.84866989 ], [ 18.10464625, 47.84859208 ], [ 18.10477784, 47.8484967 ], [ 18.10491743, 47.84842833 ], [ 18.10517302, 47.84826681 ], [ 18.10530674, 47.84817669 ], [ 18.10543083, 47.84806579 ], [ 18.10594451, 47.8478107 ], [ 18.10620082, 47.84772153 ], [ 18.10624031, 47.8477078 ], [ 18.10661326, 47.84771214 ], [ 18.10687954, 47.84755911 ], [ 18.10712819, 47.84738598 ], [ 18.10750667, 47.84726099 ], [ 18.10808857, 47.84707991 ], [ 18.1083485, 47.84701325 ], [ 18.10861992, 47.84692841 ], [ 18.10923943, 47.84678169 ], [ 18.11066791, 47.84661666 ], [ 18.11137967, 47.84660233 ], [ 18.11210939, 47.84655521 ], [ 18.1125801, 47.84659349 ], [ 18.11352286, 47.84691722 ], [ 18.11411192, 47.8469448 ], [ 18.11461354, 47.84683693 ], [ 18.11494114, 47.8466598 ], [ 18.11499912, 47.84663488 ], [ 18.11502383, 47.84662434 ], [ 18.11506731, 47.8466057 ], [ 18.11507688, 47.84659507 ], [ 18.11509116, 47.84657922 ], [ 18.11508333, 47.8465365 ], [ 18.11509927, 47.84649456 ], [ 18.11517944, 47.84628345 ], [ 18.11526286, 47.84616443 ], [ 18.11561095, 47.84585616 ], [ 18.11593246, 47.84567532 ], [ 18.11616545, 47.84558674 ], [ 18.11644291, 47.84546279 ], [ 18.11653622, 47.845383 ], [ 18.11663194, 47.84530118 ], [ 18.11679413, 47.84497756 ], [ 18.11664022, 47.84457897 ], [ 18.11670064, 47.84373589 ], [ 18.11675232, 47.84363603 ], [ 18.11692094, 47.84331036 ], [ 18.11697248, 47.84296619 ], [ 18.11698313, 47.84289495 ], [ 18.11689932, 47.84255315 ], [ 18.11668273, 47.84220845 ], [ 18.1166392, 47.8419669 ], [ 18.11672019, 47.84177506 ], [ 18.11682115, 47.84172489 ], [ 18.11699915, 47.84169787 ], [ 18.11711424, 47.84168943 ], [ 18.11732111, 47.84175043 ], [ 18.11780056, 47.84208786 ], [ 18.11889624, 47.84281639 ], [ 18.11963024, 47.84304294 ], [ 18.1198932, 47.84298466 ], [ 18.12004491, 47.84285804 ], [ 18.12016725, 47.84270792 ], [ 18.12035093, 47.84244542 ], [ 18.12055301, 47.84207586 ], [ 18.12073681, 47.84163064 ], [ 18.12083797, 47.8413099 ], [ 18.12119443, 47.84074399 ], [ 18.12162062, 47.8402139 ], [ 18.12187821, 47.83980221 ], [ 18.12196883, 47.83963198 ], [ 18.12214607, 47.8393375 ], [ 18.12220733, 47.83897206 ], [ 18.1222777, 47.8384033 ], [ 18.12226067, 47.83838072 ], [ 18.12216109, 47.83824879 ], [ 18.12211799, 47.83819171 ], [ 18.12201545, 47.83805582 ], [ 18.1219599, 47.8379822 ], [ 18.121904, 47.83790811 ], [ 18.1218968, 47.83789857 ], [ 18.12186349, 47.83785272 ], [ 18.12181345, 47.83778413 ], [ 18.12176171, 47.83771308 ], [ 18.12170861, 47.83764015 ], [ 18.12165551, 47.83756722 ], [ 18.12161561, 47.83751241 ], [ 18.12159664, 47.83749025 ], [ 18.12152498, 47.83740647 ], [ 18.12139039, 47.83724909 ], [ 18.12135979, 47.83721333 ], [ 18.12133988, 47.83716449 ], [ 18.1213089, 47.83708853 ], [ 18.12129119, 47.83699106 ], [ 18.12129026, 47.83698586 ], [ 18.12135544, 47.83691289 ], [ 18.12143743, 47.83682105 ], [ 18.1215191, 47.83672956 ], [ 18.1216124, 47.83662503 ], [ 18.12161821, 47.83661851 ], [ 18.12167032, 47.83651416 ], [ 18.12174601, 47.83636273 ], [ 18.12177452, 47.83625319 ], [ 18.12178847, 47.83619976 ], [ 18.12180463, 47.83611088 ], [ 18.12181701, 47.83604282 ], [ 18.12181542, 47.83596662 ], [ 18.12181232, 47.83581684 ], [ 18.12181014, 47.83570928 ], [ 18.12177123, 47.83553075 ], [ 18.12174004, 47.83538761 ], [ 18.12171002, 47.83524987 ], [ 18.12169125, 47.83516363 ], [ 18.12166037, 47.83510637 ], [ 18.12162015, 47.8350324 ], [ 18.12158007, 47.83496863 ], [ 18.12151668, 47.83486774 ], [ 18.12149705, 47.83483841 ], [ 18.12143982, 47.83475296 ], [ 18.12140562, 47.83470994 ], [ 18.12129977, 47.83457683 ], [ 18.12121961, 47.83447603 ], [ 18.12121087, 47.83445673 ], [ 18.12115488, 47.83433307 ], [ 18.1211041, 47.83422083 ], [ 18.12109474, 47.83420014 ], [ 18.12105811, 47.83410688 ], [ 18.12101444, 47.83399569 ], [ 18.12097277, 47.83388967 ], [ 18.12093231, 47.8337867 ], [ 18.12092939, 47.83377524 ], [ 18.12090218, 47.83366936 ], [ 18.12087515, 47.8335642 ], [ 18.12086928, 47.83354138 ], [ 18.12086143, 47.8334639 ], [ 18.12081971, 47.8330493 ], [ 18.12080934, 47.83294694 ], [ 18.12079369, 47.83279163 ], [ 18.12079278, 47.83274211 ], [ 18.12079099, 47.83264386 ], [ 18.12078904, 47.83254588 ], [ 18.12078739, 47.83244657 ], [ 18.12078679, 47.83241629 ], [ 18.1208126, 47.83215393 ], [ 18.12082284, 47.83204981 ], [ 18.12082463, 47.83203204 ], [ 18.12083709, 47.83195197 ], [ 18.12085261, 47.83185268 ], [ 18.12089797, 47.83175578 ], [ 18.12092345, 47.83170132 ], [ 18.12093814, 47.83166996 ], [ 18.12086999, 47.83155939 ], [ 18.12086015, 47.83154337 ], [ 18.12084875, 47.83152491 ], [ 18.1208703, 47.83151698 ], [ 18.12096253, 47.83148317 ], [ 18.12098737, 47.83146649 ], [ 18.1211295, 47.8313709 ], [ 18.12118447, 47.83133398 ], [ 18.121261, 47.83126845 ], [ 18.12138598, 47.83116147 ], [ 18.12151097, 47.83105448 ], [ 18.12163701, 47.83094656 ], [ 18.12164833, 47.83093685 ], [ 18.12173991, 47.8308259 ], [ 18.12181238, 47.8307381 ], [ 18.12183004, 47.83071269 ], [ 18.12191505, 47.83059043 ], [ 18.12200287, 47.83046409 ], [ 18.12202499, 47.83043227 ], [ 18.12208339, 47.83033822 ], [ 18.12210106, 47.83030974 ], [ 18.12216055, 47.83020321 ], [ 18.12227708, 47.82999452 ], [ 18.12241016, 47.82962421 ], [ 18.12247798, 47.82938302 ], [ 18.12255194, 47.82919131 ], [ 18.12262915, 47.82899112 ], [ 18.12266684, 47.82889341 ], [ 18.12268876, 47.82879333 ], [ 18.12270379, 47.82872434 ], [ 18.12272848, 47.82858758 ], [ 18.12280816, 47.82814559 ], [ 18.12281556, 47.82796673 ], [ 18.12282687, 47.82769213 ], [ 18.1227718, 47.82755833 ], [ 18.12267105, 47.82731339 ], [ 18.12258509, 47.82724574 ], [ 18.12255956, 47.82722563 ], [ 18.12252139, 47.82719556 ], [ 18.12230426, 47.82709351 ], [ 18.12199913, 47.82697334 ], [ 18.12166331, 47.82687158 ], [ 18.12139661, 47.82684523 ], [ 18.12130307, 47.826848 ], [ 18.12125287, 47.82684945 ], [ 18.12114655, 47.82685263 ], [ 18.12107838, 47.8268644 ], [ 18.12093575, 47.8268889 ], [ 18.12057149, 47.82700709 ], [ 18.12034521, 47.8270921 ], [ 18.11996156, 47.82724985 ], [ 18.11960496, 47.82733085 ], [ 18.11930913, 47.82736018 ], [ 18.11907005, 47.82736977 ], [ 18.11893298, 47.8273435 ], [ 18.11880669, 47.82727265 ], [ 18.11870632, 47.82720351 ], [ 18.11862586, 47.82709898 ], [ 18.11859472, 47.82699557 ], [ 18.11858332, 47.8268704 ], [ 18.11861108, 47.82674411 ], [ 18.11874549, 47.82649712 ], [ 18.11893525, 47.82634576 ], [ 18.11910899, 47.8262237 ], [ 18.11938766, 47.82608339 ], [ 18.11983666, 47.82594666 ], [ 18.1203073, 47.82581771 ], [ 18.12033278, 47.82581353 ], [ 18.12044168, 47.82579578 ], [ 18.12068715, 47.8257557 ], [ 18.12187911, 47.82560255 ], [ 18.1220733, 47.82557017 ], [ 18.12255683, 47.82547285 ], [ 18.12306195, 47.8253323 ], [ 18.1231045, 47.82531956 ], [ 18.12384125, 47.82510009 ], [ 18.12452857, 47.8248032 ], [ 18.12497409, 47.82442683 ], [ 18.12511064, 47.82427005 ], [ 18.12565973, 47.82361966 ], [ 18.12608171, 47.82266933 ], [ 18.12613634, 47.82240154 ], [ 18.12619298, 47.82194889 ], [ 18.12614065, 47.82169544 ], [ 18.12592079, 47.82139246 ], [ 18.12565162, 47.82102146 ], [ 18.12552747, 47.82087264 ], [ 18.12550312, 47.82078291 ], [ 18.12546469, 47.82064079 ], [ 18.12545872, 47.82061877 ], [ 18.12549534, 47.82046547 ], [ 18.12551621, 47.82044621 ], [ 18.12564956, 47.82032311 ], [ 18.12605509, 47.82010705 ], [ 18.12632021, 47.82005584 ], [ 18.12681605, 47.82000645 ], [ 18.12692594, 47.82001177 ], [ 18.12728879, 47.81998927 ], [ 18.12753544, 47.8199738 ], [ 18.127796, 47.8199689 ], [ 18.12801422, 47.8199782 ], [ 18.12900527, 47.82008773 ], [ 18.13026821, 47.82010247 ], [ 18.1327765, 47.82012374 ], [ 18.13416238, 47.82010841 ], [ 18.13488862, 47.81987805 ], [ 18.13497987, 47.8198495 ], [ 18.13506692, 47.81982232 ], [ 18.13511597, 47.81980698 ], [ 18.13527918, 47.81975596 ], [ 18.13531985, 47.8197432 ], [ 18.1354558, 47.81970076 ], [ 18.13554299, 47.8196735 ], [ 18.13573149, 47.81961458 ], [ 18.13618519, 47.81947798 ], [ 18.13624658, 47.81945949 ], [ 18.13633531, 47.81943277 ], [ 18.13658239, 47.81935836 ], [ 18.1366721, 47.81933133 ], [ 18.13709147, 47.81920507 ], [ 18.13744173, 47.81916076 ], [ 18.13754721, 47.81914749 ], [ 18.13768649, 47.8191299 ], [ 18.13773106, 47.81912422 ], [ 18.13782891, 47.81911186 ], [ 18.13788206, 47.81910516 ], [ 18.13800309, 47.81908982 ], [ 18.13808622, 47.8190793 ], [ 18.13923701, 47.81893384 ], [ 18.14101006, 47.81858912 ], [ 18.14177626, 47.81837462 ], [ 18.14305717, 47.81801589 ], [ 18.14557173, 47.81729958 ], [ 18.14571883, 47.81717952 ], [ 18.14662477, 47.8164405 ], [ 18.1476645, 47.81513096 ], [ 18.14797161, 47.81426254 ], [ 18.14753422, 47.81321867 ], [ 18.14700204, 47.81261329 ], [ 18.14705833, 47.81257102 ], [ 18.14713672, 47.81251236 ], [ 18.14837636, 47.81158294 ], [ 18.14984966, 47.8108269 ], [ 18.15156181, 47.8099496 ], [ 18.15149055, 47.80962437 ], [ 18.15147171, 47.80953831 ], [ 18.15122386, 47.80840723 ], [ 18.15107252, 47.80771644 ], [ 18.15106427, 47.80767885 ], [ 18.15101269, 47.80744361 ], [ 18.15098298, 47.80722258 ], [ 18.15105835, 47.80715715 ], [ 18.1512766, 47.8069677 ], [ 18.15137189, 47.80696456 ], [ 18.15139639, 47.80695445 ], [ 18.15174412, 47.8068102 ], [ 18.1524745, 47.80641676 ], [ 18.15277916, 47.80624396 ], [ 18.15296528, 47.8061234 ], [ 18.15328112, 47.80588824 ], [ 18.15360774, 47.80571033 ], [ 18.15404995, 47.80543486 ], [ 18.15434648, 47.80519045 ], [ 18.15477823, 47.8049799 ], [ 18.15513943, 47.80473487 ], [ 18.15585591, 47.80451312 ], [ 18.15632665, 47.80439343 ], [ 18.15684448, 47.80415455 ], [ 18.15710601, 47.80417853 ], [ 18.15722904, 47.80418975 ], [ 18.15740045, 47.80415859 ], [ 18.15736437, 47.80409589 ], [ 18.15735114, 47.8040729 ], [ 18.15740961, 47.80405811 ], [ 18.15741446, 47.80405686 ], [ 18.15753388, 47.8040267 ], [ 18.15778741, 47.80396264 ], [ 18.15781232, 47.80396176 ], [ 18.15789685, 47.8039588 ], [ 18.15800507, 47.80395506 ], [ 18.15815111, 47.80395003 ], [ 18.1582164, 47.80394774 ], [ 18.15843338, 47.80394021 ], [ 18.15939207, 47.80382306 ], [ 18.15978967, 47.80391788 ], [ 18.16015202, 47.80416356 ], [ 18.16040975, 47.80451122 ], [ 18.16046347, 47.80455059 ], [ 18.16060308, 47.80465306 ], [ 18.16085406, 47.80469853 ], [ 18.160901, 47.80465994 ], [ 18.1612313, 47.80438834 ], [ 18.16132069, 47.80439134 ], [ 18.16228237, 47.80454148 ], [ 18.16354813, 47.804743 ], [ 18.16431614, 47.80485933 ], [ 18.16493155, 47.80495377 ], [ 18.16538638, 47.80471891 ], [ 18.16572652, 47.80453968 ], [ 18.1664118, 47.80434735 ], [ 18.16690379, 47.80418436 ], [ 18.16702827, 47.80411206 ], [ 18.16762121, 47.80414206 ], [ 18.16813692, 47.80432234 ], [ 18.16814218, 47.80432419 ], [ 18.16818624, 47.8043461 ], [ 18.16818889, 47.80434734 ], [ 18.16820543, 47.80435725 ], [ 18.16835826, 47.80444874 ], [ 18.16840152, 47.80447783 ], [ 18.1683473, 47.80453224 ], [ 18.1682803, 47.80459953 ], [ 18.16832897, 47.80460031 ], [ 18.16883053, 47.80460859 ], [ 18.16931417, 47.80458963 ], [ 18.169723, 47.80429798 ], [ 18.16998228, 47.80408492 ], [ 18.17014096, 47.80392444 ], [ 18.17021341, 47.80383264 ], [ 18.17046568, 47.80341505 ], [ 18.17017701, 47.80318891 ], [ 18.17006876, 47.80327147 ], [ 18.17006766, 47.80327068 ], [ 18.1700307, 47.80324359 ], [ 18.17000855, 47.80322739 ], [ 18.1698446, 47.80312865 ], [ 18.16982309, 47.80311674 ], [ 18.16980509, 47.80310674 ], [ 18.16977648, 47.80309079 ], [ 18.17040209, 47.80261084 ], [ 18.17047624, 47.80255769 ], [ 18.17131271, 47.80191562 ], [ 18.17222979, 47.80121266 ], [ 18.17484355, 47.79919703 ], [ 18.17545414, 47.79872583 ], [ 18.1763284, 47.79805363 ], [ 18.1771866, 47.79739259 ], [ 18.17808071, 47.79671469 ], [ 18.178965, 47.79604008 ], [ 18.17947641, 47.79565043 ], [ 18.1795271, 47.79561377 ], [ 18.17956368, 47.79548836 ], [ 18.17958302, 47.79544553 ], [ 18.17961848, 47.79537747 ], [ 18.1796805, 47.79534031 ], [ 18.17994085, 47.79528717 ], [ 18.17997418, 47.7952615 ], [ 18.1801796, 47.79510366 ], [ 18.18020107, 47.79513453 ], [ 18.18020694, 47.795143 ], [ 18.18024748, 47.79520145 ], [ 18.1803474, 47.79534561 ], [ 18.18036241, 47.79536735 ], [ 18.18037291, 47.7953825 ], [ 18.18058101, 47.7956826 ], [ 18.18062233, 47.79574226 ], [ 18.18063882, 47.79576607 ], [ 18.18065645, 47.79579446 ], [ 18.18069923, 47.7958635 ], [ 18.18101547, 47.7963728 ], [ 18.18113721, 47.79656898 ], [ 18.18135021, 47.79691216 ], [ 18.18140876, 47.79700641 ], [ 18.18148464, 47.79711586 ], [ 18.18169412, 47.79741793 ], [ 18.18226273, 47.79834746 ], [ 18.18276876, 47.79917149 ], [ 18.18282055, 47.79925595 ], [ 18.18285951, 47.79931936 ], [ 18.18293179, 47.79944845 ], [ 18.18315441, 47.79985827 ], [ 18.18332307, 47.80006894 ], [ 18.18369325, 47.80053553 ], [ 18.18412759, 47.80121171 ], [ 18.18422779, 47.80117561 ], [ 18.18437662, 47.80112088 ], [ 18.18452229, 47.80106578 ], [ 18.18455513, 47.80105327 ], [ 18.18461153, 47.80103256 ], [ 18.18468653, 47.80100483 ], [ 18.18475421, 47.80097982 ], [ 18.18477011, 47.80097398 ], [ 18.1848938, 47.80092816 ], [ 18.18489634, 47.80092722 ], [ 18.18497864, 47.80089684 ], [ 18.18635299, 47.80038842 ], [ 18.18668517, 47.80026789 ], [ 18.18670105, 47.80026214 ], [ 18.18678609, 47.80023345 ], [ 18.18679422, 47.80023068 ], [ 18.18693245, 47.80017812 ], [ 18.18713958, 47.80009936 ], [ 18.18745846, 47.79997805 ], [ 18.18751046, 47.79995826 ], [ 18.18753342, 47.79994958 ], [ 18.18755116, 47.79994295 ], [ 18.18792519, 47.79980329 ], [ 18.18792604, 47.79980298 ], [ 18.18885117, 47.7994546 ], [ 18.19021496, 47.79894218 ], [ 18.19173136, 47.79837242 ], [ 18.19243969, 47.79810276 ], [ 18.19303846, 47.79787732 ], [ 18.19400842, 47.7975216 ], [ 18.194089, 47.79750348 ], [ 18.19464669, 47.79729521 ], [ 18.19533231, 47.79703927 ], [ 18.19586633, 47.79684198 ], [ 18.19608354, 47.79676172 ], [ 18.19611, 47.7967519 ], [ 18.19705973, 47.79639993 ], [ 18.19740022, 47.79627372 ], [ 18.19814636, 47.79600019 ], [ 18.19834369, 47.79592653 ], [ 18.1983921, 47.79590851 ], [ 18.19840125, 47.79590507 ], [ 18.19847768, 47.79587651 ], [ 18.19850371, 47.79586684 ], [ 18.19854339, 47.7958521 ], [ 18.19856223, 47.79584526 ], [ 18.19856462, 47.79584441 ], [ 18.19857155, 47.79584156 ], [ 18.19861544, 47.79582635 ], [ 18.19888384, 47.79573346 ], [ 18.19961948, 47.79545498 ], [ 18.20016654, 47.79524778 ], [ 18.20020803, 47.79523143 ], [ 18.20021269, 47.79522962 ], [ 18.20114641, 47.79488292 ], [ 18.20339861, 47.79404356 ], [ 18.20424742, 47.79372743 ], [ 18.20490543, 47.79348229 ], [ 18.20502743, 47.79343689 ], [ 18.2057054, 47.79318433 ], [ 18.20725612, 47.79260736 ], [ 18.20742538, 47.79254441 ], [ 18.20765332, 47.79245961 ], [ 18.20800941, 47.79232634 ], [ 18.20936382, 47.79181911 ], [ 18.20972439, 47.7916842 ], [ 18.20994762, 47.79160057 ], [ 18.21109847, 47.79116962 ], [ 18.21168999, 47.79094818 ], [ 18.21216949, 47.79076857 ], [ 18.21224001, 47.79074209 ], [ 18.21462177, 47.78984645 ], [ 18.21473452, 47.78980402 ], [ 18.21473225, 47.78980082 ], [ 18.21471479, 47.78977624 ], [ 18.21470192, 47.78975861 ], [ 18.21469032, 47.78974258 ], [ 18.21292022, 47.78756997 ], [ 18.21250597, 47.78706146 ], [ 18.2122355, 47.78674009 ], [ 18.21118974, 47.78548296 ], [ 18.2110871, 47.78535943 ], [ 18.21105683, 47.785323 ], [ 18.21104023, 47.78530316 ], [ 18.21103408, 47.78529576 ], [ 18.21101958, 47.78527839 ], [ 18.21097296, 47.78522223 ], [ 18.21095219, 47.78519727 ], [ 18.21093548, 47.78517725 ], [ 18.21089524, 47.78512877 ], [ 18.21051536, 47.78467208 ], [ 18.21023548, 47.78433544 ], [ 18.21000233, 47.78405524 ], [ 18.20995083, 47.78399328 ], [ 18.20994691, 47.78398836 ], [ 18.20934171, 47.78324479 ], [ 18.20909168, 47.7829376 ], [ 18.20806987, 47.78168194 ], [ 18.20806814, 47.78167976 ], [ 18.20803667, 47.78164118 ], [ 18.20801274, 47.7816117 ], [ 18.20798868, 47.78158222 ], [ 18.20798245, 47.78157445 ], [ 18.20797339, 47.78156363 ], [ 18.20796135, 47.78154903 ], [ 18.20784382, 47.78140702 ], [ 18.20768449, 47.78140971 ], [ 18.20591602, 47.7817468 ], [ 18.20575843, 47.78177973 ], [ 18.20570708, 47.78160332 ], [ 18.20519584, 47.78163461 ], [ 18.20503641, 47.78164433 ], [ 18.2050227, 47.78164055 ], [ 18.20475784, 47.78156837 ], [ 18.20456846, 47.781507 ], [ 18.20435671, 47.78143837 ], [ 18.20401764, 47.78140057 ], [ 18.20368978, 47.78139736 ], [ 18.20366222, 47.78139711 ], [ 18.20348685, 47.78139542 ], [ 18.20330906, 47.78138754 ], [ 18.20286722, 47.78131682 ], [ 18.20252874, 47.78138773 ], [ 18.2021707, 47.78150859 ], [ 18.20187773, 47.78164103 ], [ 18.20152049, 47.78167247 ], [ 18.20124735, 47.78164267 ], [ 18.20123586, 47.78164146 ], [ 18.20116837, 47.78163408 ], [ 18.20115464, 47.78163255 ], [ 18.20094172, 47.78160935 ], [ 18.20053014, 47.78140985 ], [ 18.20021602, 47.78123457 ], [ 18.19974173, 47.78101244 ], [ 18.19914013, 47.78087927 ], [ 18.19877489, 47.78074215 ], [ 18.19837764, 47.78054899 ], [ 18.19827302, 47.78049818 ], [ 18.19805369, 47.78041781 ], [ 18.19778814, 47.78035938 ], [ 18.19731292, 47.78028695 ], [ 18.19708286, 47.78028665 ], [ 18.19675336, 47.78033153 ], [ 18.1964671, 47.78038797 ], [ 18.19624396, 47.78043999 ], [ 18.19615395, 47.78052002 ], [ 18.19523029, 47.78172711 ], [ 18.19506994, 47.78224022 ], [ 18.19505536, 47.78236466 ], [ 18.19498371, 47.78242384 ], [ 18.19493195, 47.78246793 ], [ 18.19487083, 47.78251914 ], [ 18.19486934, 47.78252032 ], [ 18.19467782, 47.78257734 ], [ 18.19441172, 47.78269228 ], [ 18.19411396, 47.78277964 ], [ 18.19394873, 47.78280625 ], [ 18.19364833, 47.78283098 ], [ 18.19327059, 47.78278763 ], [ 18.19290912, 47.78265243 ], [ 18.19247055, 47.78230102 ], [ 18.19222052, 47.78206311 ], [ 18.19208404, 47.78195202 ], [ 18.19182069, 47.78176859 ], [ 18.19145575, 47.78162505 ], [ 18.19144122, 47.78158511 ], [ 18.19142482, 47.78153992 ], [ 18.19140863, 47.78149518 ], [ 18.19139499, 47.78145764 ], [ 18.19138165, 47.78141055 ], [ 18.19137414, 47.78138366 ], [ 18.19110424, 47.78070821 ], [ 18.19052333, 47.77923302 ], [ 18.19018401, 47.77745938 ], [ 18.18983694, 47.77588804 ], [ 18.18983537, 47.77588054 ], [ 18.18983171, 47.77586426 ], [ 18.18982614, 47.77583893 ], [ 18.18982419, 47.77583015 ], [ 18.18981863, 47.77580481 ], [ 18.18925385, 47.77407464 ], [ 18.18905249, 47.77302748 ], [ 18.18901587, 47.77289101 ], [ 18.18898909, 47.7727914 ], [ 18.1889397, 47.77260759 ], [ 18.18889225, 47.77243058 ], [ 18.18884655, 47.77226071 ], [ 18.18866343, 47.77157861 ], [ 18.18834682, 47.77074188 ], [ 18.1881067, 47.770183 ], [ 18.18742271, 47.76848517 ], [ 18.18741458, 47.76846519 ], [ 18.18738731, 47.76839742 ], [ 18.18735268, 47.76830674 ], [ 18.18730966, 47.76819399 ], [ 18.1872729, 47.76813126 ], [ 18.18689815, 47.76749216 ], [ 18.18675228, 47.76692328 ], [ 18.18662512, 47.76604973 ], [ 18.18657301, 47.76447474 ], [ 18.18653879, 47.76311168 ], [ 18.18647365, 47.7625533 ], [ 18.18634356, 47.76143711 ], [ 18.18634272, 47.76143011 ], [ 18.18634059, 47.76142692 ], [ 18.18631654, 47.76139129 ], [ 18.18627013, 47.76132249 ], [ 18.18625428, 47.76129908 ], [ 18.18624219, 47.76126614 ], [ 18.18620382, 47.76116098 ], [ 18.1861949, 47.7611368 ], [ 18.18615987, 47.76104104 ], [ 18.18601766, 47.76066582 ], [ 18.18586362, 47.76034082 ], [ 18.18582422, 47.7602644 ], [ 18.18540097, 47.75968419 ], [ 18.18517748, 47.75942228 ], [ 18.18503834, 47.7592712 ], [ 18.18470803, 47.75894795 ], [ 18.18428852, 47.75851835 ], [ 18.18396695, 47.75814515 ], [ 18.18338558, 47.75744714 ], [ 18.1832028, 47.75722778 ], [ 18.18256316, 47.75650224 ], [ 18.18231106, 47.75622465 ], [ 18.18205954, 47.75586485 ], [ 18.18200091, 47.75578088 ], [ 18.18198023, 47.75575132 ], [ 18.18186805, 47.75559072 ], [ 18.18182668, 47.75553169 ], [ 18.18181289, 47.75551201 ], [ 18.18180396, 47.75549921 ], [ 18.18178939, 47.75547831 ], [ 18.18746483, 47.75365022 ], [ 18.18793269, 47.75349975 ], [ 18.18806272, 47.75345791 ], [ 18.18821733, 47.75340812 ], [ 18.18911528, 47.75311868 ], [ 18.18983779, 47.75288682 ], [ 18.19037475, 47.75350591 ], [ 18.19198852, 47.75316401 ], [ 18.19205198, 47.75315049 ], [ 18.19443091, 47.75264626 ], [ 18.19449449, 47.75263275 ], [ 18.19453881, 47.75262334 ], [ 18.19446396, 47.75197982 ], [ 18.19444778, 47.75192877 ], [ 18.19444332, 47.75191461 ], [ 18.19374097, 47.75080586 ], [ 18.19208927, 47.7504649 ], [ 18.19150528, 47.75031844 ], [ 18.19067922, 47.75011128 ], [ 18.19072794, 47.75001267 ], [ 18.19088203, 47.74970115 ], [ 18.19099504, 47.74947262 ], [ 18.19102943, 47.74940314 ], [ 18.19119172, 47.74907477 ], [ 18.19116482, 47.74875408 ], [ 18.19116122, 47.74871036 ], [ 18.1911607, 47.74858575 ], [ 18.19115959, 47.74830683 ], [ 18.19115913, 47.74819424 ], [ 18.1911481, 47.74795491 ], [ 18.19115595, 47.747892 ], [ 18.19123744, 47.74724257 ], [ 18.19124715, 47.74716515 ], [ 18.19126059, 47.74705887 ], [ 18.19133781, 47.74644359 ], [ 18.19137107, 47.7462677 ], [ 18.19139205, 47.74615582 ], [ 18.19139526, 47.74608948 ], [ 18.19155983, 47.74576088 ], [ 18.19158468, 47.74558486 ], [ 18.19158926, 47.7455576 ], [ 18.19159284, 47.74553714 ], [ 18.19159722, 47.74551149 ], [ 18.19159878, 47.74550246 ], [ 18.19160498, 47.74546581 ], [ 18.19160824, 47.74544677 ], [ 18.19160869, 47.74544436 ], [ 18.19162083, 47.74537304 ], [ 18.19157717, 47.74537219 ], [ 18.19134141, 47.74434947 ], [ 18.19132002, 47.74400681 ], [ 18.19131954, 47.74399811 ], [ 18.19131927, 47.74399503 ], [ 18.1913169, 47.74395634 ], [ 18.19130921, 47.7438343 ], [ 18.19130628, 47.74378646 ], [ 18.19130377, 47.74374578 ], [ 18.19143442, 47.7437715 ], [ 18.19142724, 47.74366735 ], [ 18.19140846, 47.7433958 ], [ 18.19140425, 47.74332884 ], [ 18.19139928, 47.7432594 ], [ 18.19139268, 47.74316738 ], [ 18.19139074, 47.74313992 ], [ 18.19138619, 47.74307447 ], [ 18.19138408, 47.7430442 ], [ 18.1913815, 47.74300604 ], [ 18.19137878, 47.74296589 ], [ 18.19137506, 47.74291277 ], [ 18.19137313, 47.74288621 ], [ 18.19136947, 47.7428368 ], [ 18.19136831, 47.74281985 ], [ 18.19136377, 47.74275856 ], [ 18.19136201, 47.74273173 ], [ 18.19135175, 47.74257984 ], [ 18.19135143, 47.74217034 ], [ 18.19135138, 47.7421261 ], [ 18.19135131, 47.74206435 ], [ 18.19129128, 47.7420639 ], [ 18.19126181, 47.74001244 ], [ 18.19120628, 47.74001451 ], [ 18.19093501, 47.74002486 ], [ 18.19066361, 47.74003521 ], [ 18.1903918, 47.74004562 ], [ 18.19012, 47.74005603 ], [ 18.18984833, 47.74006636 ], [ 18.18957666, 47.74007677 ], [ 18.18930472, 47.74008717 ], [ 18.18903305, 47.7400975 ], [ 18.18876124, 47.7401079 ], [ 18.18848958, 47.74011823 ], [ 18.1882179, 47.74012864 ], [ 18.18794609, 47.74013904 ], [ 18.18767443, 47.74014937 ], [ 18.18740262, 47.74015977 ], [ 18.18713096, 47.74017009 ], [ 18.18685928, 47.7401805 ], [ 18.1865876, 47.74019091 ], [ 18.1863158, 47.74020122 ], [ 18.18604413, 47.74021163 ], [ 18.18577259, 47.74022195 ], [ 18.18550078, 47.74023235 ], [ 18.18521755, 47.74024316 ], [ 18.18493404, 47.74025396 ], [ 18.18465027, 47.74026473 ], [ 18.18436609, 47.74027558 ], [ 18.18408257, 47.74028646 ], [ 18.18379732, 47.74029733 ], [ 18.18351248, 47.74030813 ], [ 18.18322708, 47.74031908 ], [ 18.18294572, 47.74032981 ], [ 18.18266423, 47.74034054 ], [ 18.18238247, 47.74035125 ], [ 18.18210044, 47.74036203 ], [ 18.18181814, 47.7403728 ], [ 18.18153571, 47.74038356 ], [ 18.18125288, 47.74039429 ], [ 18.18099102, 47.74040427 ], [ 18.17928661, 47.74046921 ], [ 18.17764378, 47.74053179 ], [ 18.17753921, 47.74054252 ], [ 18.17692044, 47.74060625 ], [ 18.17621271, 47.74067902 ], [ 18.17566636, 47.74073526 ], [ 18.17518147, 47.74078511 ], [ 18.175019, 47.74080787 ], [ 18.17335506, 47.74104084 ], [ 18.17274266, 47.7411266 ], [ 18.17164197, 47.74132254 ], [ 18.17033413, 47.7415554 ], [ 18.16796316, 47.74207014 ], [ 18.16765699, 47.74215972 ], [ 18.16667798, 47.74244611 ], [ 18.16565764, 47.74274459 ], [ 18.16411717, 47.74319514 ], [ 18.16396555, 47.74323947 ], [ 18.16238311, 47.74366144 ], [ 18.16110244, 47.74400295 ], [ 18.15991353, 47.74431997 ], [ 18.1595344, 47.74441155 ], [ 18.15813698, 47.74474886 ], [ 18.15683295, 47.74506367 ], [ 18.15581104, 47.74531034 ], [ 18.15279675, 47.74606308 ], [ 18.15160007, 47.74636178 ], [ 18.1490546, 47.74699738 ], [ 18.14750387, 47.74738446 ], [ 18.14634294, 47.74758356 ], [ 18.14510711, 47.74779556 ], [ 18.14418014, 47.74795448 ], [ 18.14361595, 47.74804718 ], [ 18.14215219, 47.74828757 ], [ 18.14154012, 47.74838816 ], [ 18.14084721, 47.74850194 ], [ 18.13925794, 47.74873867 ], [ 18.13781418, 47.74895365 ], [ 18.13745327, 47.74901148 ], [ 18.13548536, 47.74932687 ], [ 18.13319014, 47.74978509 ], [ 18.13226183, 47.75000821 ], [ 18.1314377, 47.75020625 ], [ 18.13093526, 47.750327 ], [ 18.12902495, 47.75060832 ], [ 18.12897732, 47.75061534 ], [ 18.1269995, 47.75083304 ], [ 18.12647535, 47.7508716 ], [ 18.12500725, 47.75097953 ], [ 18.12095207, 47.75128338 ], [ 18.1209176, 47.75128594 ], [ 18.12084365, 47.75129149 ], [ 18.12080945, 47.75129406 ], [ 18.11611452, 47.75164558 ], [ 18.11460825, 47.75175833 ], [ 18.11284321, 47.75189047 ], [ 18.11279941, 47.75189374 ], [ 18.11047935, 47.75214158 ], [ 18.10979224, 47.75221498 ], [ 18.10680993, 47.75262845 ], [ 18.10564573, 47.75282759 ], [ 18.1040436, 47.75310162 ], [ 18.1038586, 47.75313324 ], [ 18.10161, 47.75359235 ], [ 18.10094455, 47.7537282 ], [ 18.09922472, 47.75413799 ], [ 18.09807365, 47.75441223 ], [ 18.09701092, 47.75470282 ], [ 18.09525198, 47.75518381 ], [ 18.09481251, 47.75529795 ], [ 18.09394684, 47.75552287 ], [ 18.09343723, 47.75565523 ], [ 18.09300354, 47.75574145 ], [ 18.09157176, 47.756026 ], [ 18.09043668, 47.75618555 ], [ 18.08966809, 47.75629362 ], [ 18.08785276, 47.75644676 ], [ 18.08773822, 47.75645645 ], [ 18.08717897, 47.75647288 ], [ 18.08692388, 47.75648034 ], [ 18.08684794, 47.75648259 ], [ 18.08655252, 47.75649125 ], [ 18.08579544, 47.7565134 ], [ 18.08500167, 47.7565152 ], [ 18.08348616, 47.75651867 ], [ 18.08160758, 47.75652294 ], [ 18.07971132, 47.75652721 ], [ 18.07617378, 47.75653516 ], [ 18.07351038, 47.75654103 ], [ 18.07085513, 47.75654688 ], [ 18.06676834, 47.75655568 ], [ 18.06268516, 47.75656429 ], [ 18.0624777, 47.75863847 ], [ 18.06245819, 47.75883367 ], [ 18.06243259, 47.75908936 ], [ 18.06241797, 47.75917706 ], [ 18.06241273, 47.7592078 ], [ 18.06240961, 47.7592264 ], [ 18.06238633, 47.75936576 ], [ 18.06238369, 47.75938176 ], [ 18.06237687, 47.75942235 ], [ 18.06236173, 47.75951308 ], [ 18.06235485, 47.7595542 ], [ 18.06234918, 47.75958808 ], [ 18.06234869, 47.75963256 ], [ 18.06234678, 47.75984046 ], [ 18.06234573, 47.75994721 ], [ 18.06234354, 47.76017559 ], [ 18.06234258, 47.76027963 ], [ 18.06234195, 47.76034036 ], [ 18.0623414, 47.76039341 ], [ 18.0623392, 47.76063308 ], [ 18.06233868, 47.76068388 ], [ 18.06233697, 47.76085875 ], [ 18.06233473, 47.76108442 ], [ 18.0623325, 47.76131009 ], [ 18.0623304, 47.76153577 ], [ 18.06232924, 47.76165045 ], [ 18.06234111, 47.76176077 ], [ 18.06238932, 47.76220867 ], [ 18.06241355, 47.76243366 ], [ 18.06243765, 47.76265766 ], [ 18.06250575, 47.7632903 ], [ 18.0625072, 47.76330366 ], [ 18.06251012, 47.76333137 ], [ 18.06251222, 47.763351 ], [ 18.06251324, 47.76335954 ], [ 18.06251988, 47.76342206 ], [ 18.06252343, 47.76345414 ], [ 18.0625257, 47.76347558 ], [ 18.06252786, 47.76349576 ], [ 18.06218809, 47.76348393 ], [ 18.06142088, 47.76349646 ], [ 18.06069325, 47.76348301 ], [ 18.0599417, 47.76347327 ], [ 18.05936507, 47.76346929 ], [ 18.05903951, 47.76346751 ], [ 18.05850689, 47.76348115 ], [ 18.05803779, 47.76348739 ], [ 18.05739904, 47.76351083 ], [ 18.05655486, 47.76354148 ], [ 18.05562011, 47.76357952 ], [ 18.05554229, 47.76358272 ], [ 18.05553532, 47.76362853 ], [ 18.0555097, 47.7638546 ], [ 18.05548307, 47.76407719 ], [ 18.05545294, 47.76432024 ], [ 18.05544443, 47.76439097 ], [ 18.05542187, 47.76457751 ], [ 18.05542286, 47.76463101 ], [ 18.05542647, 47.76484259 ], [ 18.05525688, 47.76677513 ], [ 18.05505144, 47.76911705 ], [ 18.05505086, 47.76912343 ], [ 18.05504801, 47.76915422 ], [ 18.05501579, 47.76950568 ], [ 18.05501095, 47.76955865 ], [ 18.05500644, 47.76960813 ], [ 18.05500543, 47.76961891 ], [ 18.05498361, 47.77032653 ], [ 18.05496163, 47.77104245 ], [ 18.05494051, 47.77173359 ], [ 18.05493867, 47.77179434 ], [ 18.05493838, 47.77180371 ], [ 18.0549378, 47.77182227 ], [ 18.05493455, 47.77193142 ], [ 18.05493686, 47.77202672 ], [ 18.05493752, 47.77205529 ], [ 18.05493811, 47.77208232 ], [ 18.05492935, 47.77210003 ], [ 18.05450719, 47.77295515 ], [ 18.05446461, 47.77304144 ], [ 18.05441949, 47.77313282 ], [ 18.05424304, 47.77349017 ], [ 18.05354804, 47.77489821 ], [ 18.0535265, 47.77494171 ], [ 18.05350849, 47.77508147 ], [ 18.05351588, 47.77510368 ], [ 18.05482638, 47.77905063 ], [ 18.05593081, 47.78230997 ], [ 18.05609872, 47.78280576 ], [ 18.05650196, 47.78412369 ], [ 18.05737761, 47.78660614 ], [ 18.05742795, 47.78674873 ], [ 18.0574396, 47.78678238 ], [ 18.05745048, 47.78681364 ], [ 18.05751209, 47.78699077 ], [ 18.05752344, 47.78702359 ], [ 18.05752665, 47.78703281 ], [ 18.05753423, 47.78705457 ], [ 18.0575766, 47.78717637 ], [ 18.05763199, 47.78733561 ], [ 18.05895528, 47.79125924 ], [ 18.0589652, 47.7912908 ], [ 18.06025206, 47.79509161 ], [ 18.0604426, 47.79568995 ], [ 18.06045708, 47.79572856 ], [ 18.0610492, 47.79748607 ], [ 18.06103294, 47.79749557 ], [ 18.06102494, 47.79750033 ], [ 18.06096904, 47.79753311 ], [ 18.06095494, 47.79754147 ], [ 18.06093548, 47.79755286 ], [ 18.05606083, 47.80041518 ], [ 18.05544696, 47.80078828 ], [ 18.05528782, 47.80090678 ], [ 18.05527462, 47.80091954 ], [ 18.0552551, 47.8009385 ], [ 18.05519593, 47.800996 ], [ 18.05520758, 47.80100419 ], [ 18.05524518, 47.80103 ], [ 18.05525588, 47.80103732 ], [ 18.05540921, 47.80114184 ], [ 18.05545703, 47.80117458 ], [ 18.05547694, 47.80118823 ], [ 18.0554976, 47.80120229 ], [ 18.05554393, 47.80123404 ], [ 18.05560368, 47.80127491 ], [ 18.05574243, 47.801366 ], [ 18.05619287, 47.80157623 ], [ 18.05620574, 47.80158025 ], [ 18.05628849, 47.80160614 ], [ 18.0563818, 47.80163538 ], [ 18.05665708, 47.80172163 ], [ 18.05758783, 47.8021677 ], [ 18.0580284, 47.80240206 ], [ 18.05824124, 47.80254525 ], [ 18.05835537, 47.80260769 ], [ 18.05891406, 47.80288947 ], [ 18.05992529, 47.80341879 ], [ 18.06006183, 47.80348916 ], [ 18.06011778, 47.80350695 ], [ 18.06020246, 47.80345928 ], [ 18.06026951, 47.8034223 ], [ 18.06082525, 47.80310891 ], [ 18.06121728, 47.80300982 ], [ 18.06137767, 47.8029693 ], [ 18.06167641, 47.80289379 ], [ 18.06332196, 47.80342902 ], [ 18.06467891, 47.80386834 ], [ 18.06564623, 47.80419716 ], [ 18.0668794, 47.80507841 ], [ 18.06721251, 47.80528664 ], [ 18.06732963, 47.80546598 ], [ 18.0673859, 47.80563926 ], [ 18.06769165, 47.80584459 ], [ 18.06774572, 47.80600817 ], [ 18.0677574, 47.80605383 ], [ 18.06778513, 47.80616292 ], [ 18.06779957, 47.80621922 ], [ 18.06780646, 47.80624635 ], [ 18.06784082, 47.8063814 ], [ 18.06788157, 47.80654129 ], [ 18.06792684, 47.80671878 ], [ 18.06797913, 47.80692541 ], [ 18.06800763, 47.8070378 ], [ 18.06807614, 47.80731573 ], [ 18.06835245, 47.80843778 ], [ 18.06842768, 47.8087431 ], [ 18.06848883, 47.80899549 ], [ 18.06849836, 47.80903 ], [ 18.06852929, 47.80915554 ], [ 18.06824189, 47.80909685 ], [ 18.06812259, 47.80907249 ], [ 18.06807182, 47.80906214 ], [ 18.06804037, 47.80905566 ], [ 18.06797067, 47.80904148 ], [ 18.0678763, 47.80902221 ], [ 18.06661444, 47.80876458 ], [ 18.06536538, 47.80852684 ], [ 18.06459377, 47.80839977 ], [ 18.06339068, 47.80823951 ], [ 18.06206243, 47.80808936 ], [ 18.06133426, 47.80803655 ], [ 18.0598472, 47.80791391 ], [ 18.05994543, 47.80802288 ], [ 18.05987049, 47.80801994 ], [ 18.05965314, 47.80804306 ], [ 18.05869606, 47.80828018 ], [ 18.05785014, 47.80859003 ], [ 18.05732322, 47.80887435 ], [ 18.05662278, 47.80921311 ], [ 18.05606902, 47.8095555 ], [ 18.0555379, 47.81005038 ], [ 18.05524147, 47.8103612 ], [ 18.05499409, 47.81066692 ], [ 18.05484339, 47.8109164 ], [ 18.05470868, 47.8111839 ], [ 18.05453305, 47.81164884 ], [ 18.05442886, 47.81212194 ], [ 18.05441944, 47.81216499 ], [ 18.05494127, 47.81289376 ], [ 18.05514526, 47.81332399 ], [ 18.05542046, 47.8140743 ], [ 18.05572528, 47.81504741 ], [ 18.05626973, 47.81690773 ], [ 18.05630153, 47.81701635 ], [ 18.05632926, 47.81711101 ], [ 18.05635329, 47.81719316 ], [ 18.05637362, 47.81726263 ], [ 18.05640856, 47.81738201 ], [ 18.05642315, 47.817432 ], [ 18.0565261, 47.81778386 ], [ 18.05654579, 47.81785113 ], [ 18.05660365, 47.81804879 ], [ 18.05662835, 47.81813297 ], [ 18.05671984, 47.81844569 ], [ 18.05686716, 47.81894918 ], [ 18.05705831, 47.81960228 ], [ 18.05707164, 47.81964759 ], [ 18.05695268, 47.82044845 ], [ 18.05695677, 47.82049068 ], [ 18.05702352, 47.82118645 ], [ 18.05713538, 47.82201402 ], [ 18.05728366, 47.82238828 ], [ 18.05736482, 47.82304193 ], [ 18.05753168, 47.82370549 ], [ 18.05752344, 47.8239532 ], [ 18.05769786, 47.82408334 ], [ 18.05781566, 47.82417119 ], [ 18.05790721, 47.8242395 ], [ 18.05799508, 47.82430516 ], [ 18.05801645, 47.82432106 ], [ 18.05810482, 47.82436264 ], [ 18.05857325, 47.82452336 ], [ 18.05876229, 47.82468309 ], [ 18.05897484, 47.82486273 ], [ 18.05934739, 47.82509798 ], [ 18.05964419, 47.82520709 ], [ 18.05983844, 47.82532524 ], [ 18.05988414, 47.82537727 ], [ 18.05992481, 47.82542375 ], [ 18.06000477, 47.82551494 ], [ 18.06014506, 47.82570787 ], [ 18.06020491, 47.82581022 ], [ 18.06022991, 47.82580972 ], [ 18.06028087, 47.82580862 ], [ 18.06046668, 47.82580464 ], [ 18.06064967, 47.82580068 ], [ 18.06076812, 47.82579818 ], [ 18.06083681, 47.82579678 ], [ 18.06097691, 47.82579377 ], [ 18.06109913, 47.82579115 ], [ 18.06123943, 47.82577235 ], [ 18.06137877, 47.82575368 ], [ 18.06161188, 47.82572246 ], [ 18.06210501, 47.82556557 ], [ 18.0623169, 47.82543991 ], [ 18.06246642, 47.82530727 ], [ 18.06284368, 47.824946 ], [ 18.06352669, 47.82424807 ], [ 18.06384652, 47.82376789 ], [ 18.06388376, 47.82370809 ], [ 18.06398518, 47.8232982 ], [ 18.06407547, 47.82282832 ], [ 18.06406922, 47.822438 ], [ 18.06391598, 47.82191774 ], [ 18.06384338, 47.82152328 ], [ 18.06382117, 47.82139673 ], [ 18.06377284, 47.82112127 ], [ 18.06376855, 47.8210969 ], [ 18.063761, 47.82105447 ], [ 18.06375474, 47.82101852 ], [ 18.06391677, 47.82103714 ], [ 18.0668939, 47.82137959 ], [ 18.06695187, 47.8213863 ], [ 18.06743891, 47.82144228 ], [ 18.06751313, 47.82145077 ], [ 18.06790574, 47.82149597 ], [ 18.06855133, 47.82173259 ], [ 18.06904218, 47.82191248 ], [ 18.06919897, 47.82191398 ], [ 18.06928773, 47.82191485 ], [ 18.07044242, 47.82192579 ], [ 18.07115796, 47.82176326 ], [ 18.07171121, 47.82187545 ], [ 18.07179413, 47.82189222 ], [ 18.07406226, 47.82235217 ], [ 18.07408657, 47.82237628 ], [ 18.07411826, 47.82240751 ], [ 18.07459649, 47.82288042 ], [ 18.0747582, 47.82304029 ], [ 18.07559059, 47.82386331 ], [ 18.07631025, 47.82457314 ], [ 18.07926224, 47.82602498 ], [ 18.08090983, 47.82683522 ], [ 18.08225415, 47.82740382 ], [ 18.0829607, 47.82773255 ], [ 18.08347752, 47.82801666 ], [ 18.08367571, 47.8281257 ], [ 18.0837081, 47.82814343 ], [ 18.0837815, 47.82818382 ], [ 18.08386603, 47.82823029 ], [ 18.08467272, 47.82866248 ], [ 18.08470805, 47.8286589 ], [ 18.08475848, 47.82865368 ], [ 18.08479597, 47.82864788 ], [ 18.08511456, 47.82859868 ], [ 18.08538924, 47.82863363 ], [ 18.08572429, 47.82887161 ], [ 18.08577694, 47.82894553 ], [ 18.08581859, 47.82920017 ], [ 18.08582404, 47.82923327 ], [ 18.08583392, 47.82926627 ], [ 18.08585314, 47.82933025 ], [ 18.08587803, 47.82941335 ], [ 18.08592435, 47.82956814 ], [ 18.08623218, 47.82983989 ], [ 18.08673499, 47.82987144 ], [ 18.08686105, 47.8298794 ], [ 18.08698472, 47.82988712 ], [ 18.08713525, 47.82989662 ], [ 18.08720392, 47.8299138 ], [ 18.08825519, 47.83003151 ], [ 18.08838911, 47.83005926 ], [ 18.08951533, 47.83047846 ], [ 18.08966236, 47.83050336 ], [ 18.0897936, 47.83048923 ], [ 18.09196283, 47.83037177 ], [ 18.09211541, 47.83039628 ], [ 18.09226572, 47.83042996 ], [ 18.0926778, 47.8306595 ], [ 18.09342917, 47.83094685 ], [ 18.0936065, 47.83102709 ], [ 18.09374877, 47.83109144 ], [ 18.09387664, 47.8311152 ], [ 18.09416672, 47.83112802 ], [ 18.09457824, 47.83114616 ], [ 18.0950985, 47.83123794 ], [ 18.09493446, 47.83149209 ], [ 18.09500868, 47.83151302 ], [ 18.0950829, 47.83153395 ], [ 18.0951425, 47.83155077 ], [ 18.09513357, 47.83156369 ], [ 18.09510385, 47.83161754 ], [ 18.09501288, 47.83178268 ], [ 18.09492844, 47.83192978 ], [ 18.09517383, 47.83234387 ], [ 18.09531723, 47.83254687 ], [ 18.09566875, 47.83304437 ], [ 18.09620026, 47.83335845 ], [ 18.09662278, 47.83375525 ], [ 18.09679724, 47.83387892 ], [ 18.09709942, 47.83406553 ], [ 18.0972598, 47.83416462 ], [ 18.09808807, 47.83446328 ], [ 18.0991139, 47.83522626 ], [ 18.09933458, 47.83538924 ], [ 18.09934617, 47.83539904 ], [ 18.09930149, 47.83550166 ], [ 18.09924507, 47.83563138 ], [ 18.09937573, 47.83593599 ], [ 18.09938492, 47.83602348 ], [ 18.09938911, 47.83606318 ], [ 18.09923149, 47.83647923 ], [ 18.09914281, 47.83684909 ], [ 18.09920634, 47.83701104 ], [ 18.0991952, 47.83724349 ], [ 18.099063, 47.83742559 ], [ 18.09893617, 47.83760043 ], [ 18.09903591, 47.83771424 ], [ 18.09907748, 47.83776032 ], [ 18.0991234, 47.83789901 ], [ 18.09907831, 47.83801596 ], [ 18.09920855, 47.83841696 ], [ 18.09938677, 47.83859096 ], [ 18.09944444, 47.83872502 ], [ 18.09959211, 47.83877695 ], [ 18.09970174, 47.83885424 ], [ 18.09985566, 47.83890049 ], [ 18.10002591, 47.8389552 ], [ 18.10011751, 47.83898682 ], [ 18.10025563, 47.83904829 ], [ 18.10034764, 47.8391034 ], [ 18.10039095, 47.83920989 ], [ 18.1000863, 47.83928136 ], [ 18.09968967, 47.83938141 ], [ 18.09914833, 47.83957063 ], [ 18.09871586, 47.8397293 ], [ 18.09864852, 47.83975401 ], [ 18.09859105, 47.83977506 ], [ 18.09833605, 47.83995574 ], [ 18.0981144, 47.84023094 ], [ 18.09795219, 47.84046588 ], [ 18.09789202, 47.84059457 ], [ 18.09787756, 47.8408707 ], [ 18.098227, 47.84164161 ], [ 18.09833463, 47.84191118 ], [ 18.09834408, 47.8420376 ], [ 18.09832675, 47.84215457 ], [ 18.0983224, 47.84218365 ], [ 18.0983116, 47.84225686 ], [ 18.0983074, 47.84228478 ], [ 18.09825024, 47.84254808 ], [ 18.09795733, 47.84330449 ], [ 18.09788934, 47.84351226 ], [ 18.0978379, 47.84384749 ], [ 18.09787099, 47.84433997 ], [ 18.09799138, 47.84498713 ], [ 18.09822671, 47.84550218 ], [ 18.0982948, 47.84569699 ], [ 18.09834, 47.84582589 ], [ 18.09835072, 47.84585668 ], [ 18.09826323, 47.8464906 ], [ 18.09814387, 47.84673612 ], [ 18.09803075, 47.84693407 ], [ 18.09785898, 47.84717531 ], [ 18.09778666, 47.847239 ], [ 18.0978021, 47.84727061 ], [ 18.09781689, 47.84730101 ], [ 18.09783486, 47.84733792 ], [ 18.097903, 47.84733167 ], [ 18.09788376, 47.84738741 ], [ 18.0978584, 47.8474612 ], [ 18.0979258, 47.84763051 ], [ 18.09794205, 47.84767129 ], [ 18.09795337, 47.84769959 ], [ 18.09795797, 47.8477023 ], [ 18.09799123, 47.84772179 ], [ 18.09800792, 47.84773154 ], [ 18.09807618, 47.84777153 ], [ 18.09812514, 47.84780016 ], [ 18.09828713, 47.84782902 ], [ 18.09836683, 47.84784314 ], [ 18.09857363, 47.84781967 ], [ 18.09873428, 47.84780149 ], [ 18.09894507, 47.84776706 ], [ 18.09906281, 47.84774778 ], [ 18.09911462, 47.8477393 ], [ 18.09916242, 47.84774395 ], [ 18.09930666, 47.84775784 ], [ 18.09936565, 47.84779384 ], [ 18.09943607, 47.84783685 ], [ 18.09950101, 47.84787654 ], [ 18.09967786, 47.84798446 ], [ 18.09996651, 47.8480611 ], [ 18.10000638, 47.8480557 ], [ 18.10010907, 47.84804175 ], [ 18.10018718, 47.84803113 ], [ 18.10039269, 47.84800316 ], [ 18.10055055, 47.84798174 ], [ 18.101085, 47.84786414 ], [ 18.10128621, 47.84781993 ], [ 18.10152852, 47.84778141 ], [ 18.10175836, 47.84774178 ], [ 18.10199648, 47.84776495 ], [ 18.10237403, 47.84785299 ], [ 18.10261819, 47.84797338 ], [ 18.10283418, 47.84824441 ], [ 18.10285156, 47.84826629 ], [ 18.10304866, 47.84851363 ], [ 18.10312789, 47.84855182 ], [ 18.10363004, 47.8487936 ], [ 18.10380005, 47.84877254 ] ] ] ] } },
{ "type": "Feature", "properties": { "@featureType": "CadastralZoning", "beginLifespanVersion": { "@nilReason": "http://inspire.ec.europa.eu/codelist/VoidReasonValue/Unpopulated", "@nil": "true" }, "endLifespanVersion": { "@nilReason": "http://inspire.ec.europa.eu/codelist/VoidReasonValue/Unpopulated", "@nil": "true" }, "estimatedAccuracy": { "value": -1, "@uom": "m" }, "inspireId": { "@dataType": "Identifier", "localId": "821501", "namespace": "SK.ESKN.CP", "versionId": "20260703T04:07:40" }, "label": "Iža", "level": { "@href": "http://inspire.ec.europa.eu/codelist/CadastralZoningLevelValue/3rdOrder" }, "levelName": { "value": "Katastrálne územie", "@locale": "sk" }, "name": { "@dataType": "name", "GeographicalName": { "@dataType": "GeographicalName", "language": "SLK", "nativeness": { "@href": "http://inspire.ec.europa.eu/codelist/NativenessValue/endonym", "@title": "endonym" }, "nameStatus": { "@href": "http://inspire.ec.europa.eu/codelist/NameStatusValue/official", "@title": "official" }, "sourceOfName": { "@nilReason": "http://inspire.ec.europa.eu/codelist/VoidReasonValue/Unpopulated", "@nil": "true" }, "pronunciation": { "@dataType": "pronunciation", "@nilReason": "http://inspire.ec.europa.eu/codelist/VoidReasonValue/Unpopulated", "@nil": "true" }, "spelling": { "@dataType": "SpellingOfName", "text": "Iža", "script": "LATN" } } }, "nationalCadastalZoningReference": "821501", "validFrom": "2026-06-30T16:00:00Z", "validTo": { "@nilReason": "http://inspire.ec.europa.eu/codelist/VoidReasonValue/Unpopulated", "@nil": "true" } }, "geometry": { "type": "MultiPolygon", "coordinates": [ [ [ [ 18.29093242, 47.83247207 ], [ 18.29092329, 47.83246378 ], [ 18.29066192, 47.83222539 ], [ 18.29032321, 47.83191853 ], [ 18.29025875, 47.83185939 ], [ 18.28996638, 47.83159078 ], [ 18.28991849, 47.83154676 ], [ 18.28972229, 47.83136944 ], [ 18.28948786, 47.83115752 ], [ 18.28887834, 47.83060025 ], [ 18.28845523, 47.83021839 ], [ 18.2883873, 47.83015706 ], [ 18.28674878, 47.82941086 ], [ 18.28624907, 47.82918334 ], [ 18.2838232, 47.82819116 ], [ 18.28321293, 47.82793097 ], [ 18.28233654, 47.82758391 ], [ 18.28079247, 47.82668267 ], [ 18.28051312, 47.82652915 ], [ 18.28047354, 47.82650736 ], [ 18.28018581, 47.8263492 ], [ 18.2794901, 47.82596671 ], [ 18.27940454, 47.8259197 ], [ 18.27926931, 47.82593327 ], [ 18.2792264, 47.82593756 ], [ 18.27912862, 47.82595069 ], [ 18.27910421, 47.82595397 ], [ 18.27903678, 47.8259656 ], [ 18.2782178, 47.82541674 ], [ 18.2780657, 47.82528609 ], [ 18.27776632, 47.82502913 ], [ 18.27771775, 47.82498742 ], [ 18.27764357, 47.82492373 ], [ 18.27727064, 47.82460339 ], [ 18.27660426, 47.82403121 ], [ 18.2764786, 47.82389928 ], [ 18.27621324, 47.82362054 ], [ 18.27589692, 47.8232884 ], [ 18.27584018, 47.82322879 ], [ 18.27550012, 47.82285167 ], [ 18.27525508, 47.82260488 ], [ 18.27511661, 47.82246526 ], [ 18.2749685, 47.82231606 ], [ 18.27477811, 47.82212425 ], [ 18.27467823, 47.8220236 ], [ 18.27457643, 47.82192113 ], [ 18.27451302, 47.82185716 ], [ 18.27450625, 47.82185036 ], [ 18.27446137, 47.82181337 ], [ 18.27432311, 47.82169949 ], [ 18.2741619, 47.82156686 ], [ 18.27401987, 47.82144988 ], [ 18.27384946, 47.82130958 ], [ 18.27370209, 47.82118823 ], [ 18.27352623, 47.82104338 ], [ 18.27328341, 47.82084347 ], [ 18.27299159, 47.82060318 ], [ 18.27280146, 47.82042211 ], [ 18.27275796, 47.82038069 ], [ 18.27267479, 47.82030141 ], [ 18.27265458, 47.82028228 ], [ 18.27265207, 47.82027987 ], [ 18.27256221, 47.82019425 ], [ 18.2722514, 47.81989806 ], [ 18.27220343, 47.81984753 ], [ 18.27059914, 47.8185054 ], [ 18.27021406, 47.81817909 ], [ 18.26796358, 47.81665905 ], [ 18.26587718, 47.81518999 ], [ 18.2641956, 47.81380066 ], [ 18.26378789, 47.81336253 ], [ 18.262728, 47.81213846 ], [ 18.261908, 47.81133729 ], [ 18.26187154, 47.81130169 ], [ 18.26179971, 47.81123145 ], [ 18.26051561, 47.81013518 ], [ 18.26014604, 47.80980061 ], [ 18.2599086, 47.80958564 ], [ 18.25965349, 47.80935475 ], [ 18.25902379, 47.80885814 ], [ 18.25899214, 47.80883319 ], [ 18.25893944, 47.80879159 ], [ 18.25856005, 47.80857488 ], [ 18.25827006, 47.80840939 ], [ 18.25613571, 47.80693643 ], [ 18.25544398, 47.80642238 ], [ 18.25529849, 47.80631429 ], [ 18.25437712, 47.80556864 ], [ 18.25374845, 47.8051328 ], [ 18.25290304, 47.80447144 ], [ 18.2528906, 47.80446178 ], [ 18.25285518, 47.80443391 ], [ 18.25271897, 47.80432662 ], [ 18.25265921, 47.80427955 ], [ 18.2518436, 47.80360429 ], [ 18.25150692, 47.80329308 ], [ 18.25036642, 47.80223895 ], [ 18.25034162, 47.80221603 ], [ 18.2501629, 47.80205048 ], [ 18.2501307, 47.8020236 ], [ 18.25006183, 47.80196607 ], [ 18.2500271, 47.80193697 ], [ 18.2496008, 47.80158084 ], [ 18.24943013, 47.80143823 ], [ 18.24927303, 47.80130697 ], [ 18.24922192, 47.80124154 ], [ 18.24851311, 47.80069558 ], [ 18.24837831, 47.80042877 ], [ 18.24829363, 47.80026136 ], [ 18.24824499, 47.80016511 ], [ 18.24809436, 47.79986714 ], [ 18.24793441, 47.79955093 ], [ 18.24792368, 47.79952901 ], [ 18.24791513, 47.79951208 ], [ 18.24791416, 47.79951022 ], [ 18.24789385, 47.79947004 ], [ 18.24787761, 47.79943787 ], [ 18.24787009, 47.79942335 ], [ 18.24786793, 47.79941925 ], [ 18.24784698, 47.79937777 ], [ 18.2478319, 47.79934801 ], [ 18.24782508, 47.79933434 ], [ 18.24780796, 47.79930058 ], [ 18.2477399, 47.79917504 ], [ 18.24737931, 47.79850993 ], [ 18.24730854, 47.79837935 ], [ 18.2472572, 47.7982508 ], [ 18.24706504, 47.79776979 ], [ 18.24696345, 47.79743314 ], [ 18.24696118, 47.79739961 ], [ 18.2469592, 47.79737106 ], [ 18.24695331, 47.79728316 ], [ 18.24695141, 47.79725507 ], [ 18.2469507, 47.79724392 ], [ 18.24694325, 47.79721731 ], [ 18.24682494, 47.79679466 ], [ 18.24675148, 47.79667882 ], [ 18.24656424, 47.79638341 ], [ 18.24632116, 47.7959999 ], [ 18.2460532, 47.79565999 ], [ 18.24578365, 47.795318 ], [ 18.24550546, 47.7950591 ], [ 18.24525422, 47.79482523 ], [ 18.24523998, 47.79481195 ], [ 18.2452316, 47.79480415 ], [ 18.24519509, 47.79477016 ], [ 18.24518372, 47.79475957 ], [ 18.24517762, 47.79475389 ], [ 18.24500992, 47.79459782 ], [ 18.24443588, 47.79403402 ], [ 18.24328604, 47.79321757 ], [ 18.24194957, 47.79193422 ], [ 18.24186787, 47.79183685 ], [ 18.24100595, 47.79080946 ], [ 18.24067189, 47.7903932 ], [ 18.24042802, 47.79013348 ], [ 18.24037815, 47.79008048 ], [ 18.23977703, 47.78944025 ], [ 18.23903424, 47.78878934 ], [ 18.23893556, 47.78868349 ], [ 18.23890083, 47.78864617 ], [ 18.23884972, 47.78859138 ], [ 18.238843, 47.78858422 ], [ 18.23882522, 47.78856513 ], [ 18.23877788, 47.78851435 ], [ 18.23875456, 47.78848934 ], [ 18.23852752, 47.78824585 ], [ 18.23832345, 47.7880269 ], [ 18.23799705, 47.78768393 ], [ 18.23798442, 47.78767064 ], [ 18.23766221, 47.78735454 ], [ 18.23763698, 47.78732978 ], [ 18.23700651, 47.78671536 ], [ 18.23659261, 47.78631213 ], [ 18.23657024, 47.78629025 ], [ 18.23656143, 47.78628161 ], [ 18.23655547, 47.78627585 ], [ 18.23645831, 47.78618119 ], [ 18.236452, 47.78617504 ], [ 18.23644391, 47.78616708 ], [ 18.23580289, 47.78554219 ], [ 18.23519148, 47.78446488 ], [ 18.234871, 47.78412305 ], [ 18.23477016, 47.78401536 ], [ 18.23423561, 47.78341697 ], [ 18.23376411, 47.78275726 ], [ 18.23332773, 47.7821664 ], [ 18.23292751, 47.78157763 ], [ 18.23249025, 47.7809896 ], [ 18.23226688, 47.78067301 ], [ 18.23225337, 47.78065408 ], [ 18.23224986, 47.78064909 ], [ 18.23222092, 47.78060841 ], [ 18.2322014, 47.780581 ], [ 18.23217081, 47.78053652 ], [ 18.23215795, 47.78051781 ], [ 18.23199318, 47.78027793 ], [ 18.23196937, 47.78024323 ], [ 18.23196175, 47.78023376 ], [ 18.2318793, 47.78013002 ], [ 18.23259362, 47.77995283 ], [ 18.23313882, 47.77974087 ], [ 18.23337192, 47.77965262 ], [ 18.23350283, 47.77961764 ], [ 18.23387835, 47.77952578 ], [ 18.23430171, 47.77945349 ], [ 18.23474847, 47.7794703 ], [ 18.2352432, 47.77948901 ], [ 18.23544124, 47.77950704 ], [ 18.23550857, 47.77952504 ], [ 18.23578879, 47.77960202 ], [ 18.23585669, 47.77962078 ], [ 18.23589279, 47.77963064 ], [ 18.23600587, 47.7796616 ], [ 18.23638195, 47.77982865 ], [ 18.23693635, 47.77995445 ], [ 18.23709387, 47.77996678 ], [ 18.23727579, 47.77998108 ], [ 18.23779598, 47.7799767 ], [ 18.23804402, 47.77991387 ], [ 18.23824065, 47.77982168 ], [ 18.23905535, 47.7794629 ], [ 18.23908434, 47.77944987 ], [ 18.23915566, 47.77941791 ], [ 18.23928553, 47.77935967 ], [ 18.23965454, 47.77926415 ], [ 18.23992445, 47.77922715 ], [ 18.24018326, 47.77921404 ], [ 18.24037525, 47.7791873 ], [ 18.24044304, 47.77917247 ], [ 18.24097526, 47.77924136 ], [ 18.24106647, 47.7792612 ], [ 18.24136603, 47.7793262 ], [ 18.24222927, 47.77951363 ], [ 18.2424622, 47.77958965 ], [ 18.24302261, 47.77975115 ], [ 18.24319995, 47.77980227 ], [ 18.2433373, 47.77981314 ], [ 18.24347103, 47.77981569 ], [ 18.24377765, 47.77982143 ], [ 18.24387718, 47.7798171 ], [ 18.24485884, 47.77977418 ], [ 18.2448327, 47.77961749 ], [ 18.24483003, 47.77960171 ], [ 18.24482493, 47.77957145 ], [ 18.24482493, 47.77955989 ], [ 18.24482488, 47.77954256 ], [ 18.24482508, 47.77926689 ], [ 18.24491947, 47.7789438 ], [ 18.24519548, 47.77865403 ], [ 18.24533775, 47.77859297 ], [ 18.24553411, 47.77857803 ], [ 18.24573556, 47.77855689 ], [ 18.24645115, 47.77839846 ], [ 18.24667006, 47.77837472 ], [ 18.24717404, 47.77829173 ], [ 18.24748915, 47.77824469 ], [ 18.24785052, 47.77827147 ], [ 18.24817836, 47.77843893 ], [ 18.2482506, 47.77848971 ], [ 18.24853322, 47.77869245 ], [ 18.24899458, 47.77885466 ], [ 18.24935914, 47.77883144 ], [ 18.24983026, 47.77869958 ], [ 18.25022698, 47.77851285 ], [ 18.25097483, 47.7780685 ], [ 18.25104835, 47.77800046 ], [ 18.2511492, 47.77790712 ], [ 18.25128757, 47.77770899 ], [ 18.25140452, 47.77762804 ], [ 18.2515105, 47.77758257 ], [ 18.25182705, 47.77744461 ], [ 18.25199395, 47.77723478 ], [ 18.25200097, 47.77722598 ], [ 18.25203129, 47.77718784 ], [ 18.25226891, 47.77715182 ], [ 18.25236136, 47.77712 ], [ 18.252637, 47.77701288 ], [ 18.25284647, 47.77692467 ], [ 18.25339573, 47.77670094 ], [ 18.25433242, 47.77632097 ], [ 18.25514004, 47.77600355 ], [ 18.25612209, 47.77576305 ], [ 18.25758051, 47.77547906 ], [ 18.25795556, 47.77551599 ], [ 18.25806376, 47.77558726 ], [ 18.25851467, 47.77582285 ], [ 18.25859645, 47.77588717 ], [ 18.25922878, 47.77595637 ], [ 18.25948622, 47.77595795 ], [ 18.25964555, 47.77596863 ], [ 18.26031553, 47.77601148 ], [ 18.26044664, 47.7760292 ], [ 18.26051871, 47.77601857 ], [ 18.26082319, 47.77597368 ], [ 18.26136815, 47.77589346 ], [ 18.26173486, 47.77585732 ], [ 18.26239659, 47.77574658 ], [ 18.26288064, 47.77560207 ], [ 18.26308417, 47.77553191 ], [ 18.26315042, 47.77553322 ], [ 18.26346298, 47.77552265 ], [ 18.26441169, 47.77536445 ], [ 18.265241, 47.77523742 ], [ 18.26554526, 47.77521209 ], [ 18.266106, 47.77511606 ], [ 18.26637506, 47.77484497 ], [ 18.26638853, 47.77483176 ], [ 18.26642205, 47.77479886 ], [ 18.2665055, 47.7747137 ], [ 18.2668306, 47.77445777 ], [ 18.26724058, 47.77410115 ], [ 18.26742534, 47.77384946 ], [ 18.26811168, 47.7735223 ], [ 18.26845503, 47.77345284 ], [ 18.26915972, 47.77337867 ], [ 18.26948566, 47.7734037 ], [ 18.2695098, 47.77319026 ], [ 18.26951738, 47.77312345 ], [ 18.26953231, 47.77299271 ], [ 18.26953288, 47.77298724 ], [ 18.26953794, 47.77294754 ], [ 18.26954567, 47.77288796 ], [ 18.27014456, 47.77289883 ], [ 18.27044581, 47.77288018 ], [ 18.27134051, 47.77273974 ], [ 18.2722135, 47.77262241 ], [ 18.27264142, 47.77255332 ], [ 18.27393373, 47.77207699 ], [ 18.27527007, 47.7715828 ], [ 18.2770112, 47.77093998 ], [ 18.27757201, 47.77080292 ], [ 18.27827727, 47.77064803 ], [ 18.27978799, 47.77021272 ], [ 18.28001358, 47.77014769 ], [ 18.28000238, 47.77013576 ], [ 18.2779463, 47.76796029 ], [ 18.27671163, 47.76657854 ], [ 18.27602334, 47.76581008 ], [ 18.2751224, 47.76481086 ], [ 18.27465427, 47.76429451 ], [ 18.27416584, 47.76375677 ], [ 18.27367039, 47.76313125 ], [ 18.27283951, 47.76245705 ], [ 18.27201448, 47.76163424 ], [ 18.2719764, 47.76159367 ], [ 18.27144622, 47.76102994 ], [ 18.27109478, 47.76054597 ], [ 18.27057659, 47.75981476 ], [ 18.27028325, 47.75942226 ], [ 18.26972139, 47.75874087 ], [ 18.26925393, 47.75817381 ], [ 18.2689953, 47.75786095 ], [ 18.26890414, 47.75774861 ], [ 18.26851998, 47.75724649 ], [ 18.26850094, 47.75722155 ], [ 18.26760924, 47.75607025 ], [ 18.26756776, 47.75601657 ], [ 18.26702979, 47.75532373 ], [ 18.26621615, 47.75420528 ], [ 18.2651712, 47.75295813 ], [ 18.26514436, 47.75292616 ], [ 18.26512973, 47.75290861 ], [ 18.26510649, 47.75288099 ], [ 18.26509605, 47.75286838 ], [ 18.26493504, 47.75267626 ], [ 18.26443042, 47.751905 ], [ 18.26358175, 47.75062238 ], [ 18.26173605, 47.74793909 ], [ 18.26156861, 47.74770732 ], [ 18.26135944, 47.74741247 ], [ 18.26107601, 47.74700318 ], [ 18.26093449, 47.74679701 ], [ 18.26091102, 47.74676279 ], [ 18.26088042, 47.74671832 ], [ 18.26076408, 47.74654873 ], [ 18.26074726, 47.74652428 ], [ 18.26074499, 47.74652108 ], [ 18.26070584, 47.74646393 ], [ 18.26044678, 47.74609866 ], [ 18.25978718, 47.74515021 ], [ 18.25904822, 47.74406456 ], [ 18.25866836, 47.74351769 ], [ 18.25865129, 47.74349314 ], [ 18.25863507, 47.74346711 ], [ 18.25860644, 47.74342094 ], [ 18.25858434, 47.74338545 ], [ 18.25854179, 47.74332665 ], [ 18.25851424, 47.74328877 ], [ 18.25849833, 47.74326663 ], [ 18.25848387, 47.74324674 ], [ 18.25836258, 47.74307939 ], [ 18.25826611, 47.74294606 ], [ 18.25818182, 47.74282851 ], [ 18.25701432, 47.74123746 ], [ 18.25695173, 47.74115223 ], [ 18.25692294, 47.74111463 ], [ 18.25686814, 47.74104284 ], [ 18.25684647, 47.7410145 ], [ 18.25573366, 47.73905237 ], [ 18.25502237, 47.7391932 ], [ 18.25492677, 47.73920832 ], [ 18.25404721, 47.73934749 ], [ 18.25392683, 47.73935864 ], [ 18.25322238, 47.73942385 ], [ 18.25305486, 47.73943939 ], [ 18.25219219, 47.73946417 ], [ 18.25205398, 47.73946814 ], [ 18.25137023, 47.73943941 ], [ 18.25125789, 47.73943468 ], [ 18.25019747, 47.73945914 ], [ 18.2499244, 47.73948388 ], [ 18.24914577, 47.73955459 ], [ 18.24880162, 47.73959939 ], [ 18.2480586, 47.73969618 ], [ 18.24728359, 47.73979715 ], [ 18.24720344, 47.73980756 ], [ 18.24681014, 47.73984318 ], [ 18.24641317, 47.73987921 ], [ 18.24620399, 47.73989818 ], [ 18.24574584, 47.73993967 ], [ 18.24531367, 47.73997889 ], [ 18.24524273, 47.73998532 ], [ 18.24450101, 47.74002367 ], [ 18.24374407, 47.74006275 ], [ 18.24327582, 47.74008695 ], [ 18.24327003, 47.74008724 ], [ 18.24278254, 47.74010905 ], [ 18.24189974, 47.74014865 ], [ 18.24160405, 47.74016185 ], [ 18.24141128, 47.74017284 ], [ 18.24081706, 47.74020666 ], [ 18.24030873, 47.74023555 ], [ 18.23994031, 47.74025652 ], [ 18.23957833, 47.74028157 ], [ 18.23895967, 47.74032443 ], [ 18.23827931, 47.74037155 ], [ 18.23823198, 47.74037538 ], [ 18.23763452, 47.74042407 ], [ 18.23694213, 47.74048041 ], [ 18.23662176, 47.74050652 ], [ 18.23610664, 47.74055485 ], [ 18.23528216, 47.74063219 ], [ 18.23496805, 47.74066163 ], [ 18.2342022, 47.74074292 ], [ 18.23331872, 47.74083675 ], [ 18.23220388, 47.74096899 ], [ 18.23167433, 47.74103173 ], [ 18.23080418, 47.74112063 ], [ 18.2305685, 47.74114471 ], [ 18.22983337, 47.74120862 ], [ 18.22969365, 47.74122746 ], [ 18.22896755, 47.74132529 ], [ 18.22844805, 47.74142534 ], [ 18.22763972, 47.74158101 ], [ 18.22692406, 47.74167872 ], [ 18.22628876, 47.7417655 ], [ 18.22491961, 47.74187263 ], [ 18.22375882, 47.74189739 ], [ 18.22354196, 47.74190197 ], [ 18.22294064, 47.74191164 ], [ 18.22245317, 47.74191946 ], [ 18.22234855, 47.74192545 ], [ 18.22179634, 47.74195702 ], [ 18.22136789, 47.74198147 ], [ 18.2209444, 47.74201216 ], [ 18.22034717, 47.74205554 ], [ 18.21985198, 47.74207554 ], [ 18.21932221, 47.74209695 ], [ 18.21921322, 47.74209844 ], [ 18.21870003, 47.74210538 ], [ 18.21819113, 47.7421122 ], [ 18.21812126, 47.74211543 ], [ 18.21751178, 47.74214373 ], [ 18.21741398, 47.74214659 ], [ 18.21656181, 47.74217117 ], [ 18.21590038, 47.74219029 ], [ 18.21583469, 47.74219222 ], [ 18.21498734, 47.74218232 ], [ 18.21421096, 47.74217322 ], [ 18.21415631, 47.74217255 ], [ 18.21339872, 47.74213277 ], [ 18.21279761, 47.74210114 ], [ 18.21248296, 47.74208464 ], [ 18.21196795, 47.74203385 ], [ 18.21125656, 47.74196371 ], [ 18.21068644, 47.74190753 ], [ 18.21021955, 47.74186144 ], [ 18.20963715, 47.74180398 ], [ 18.20933266, 47.74177398 ], [ 18.20904373, 47.74172711 ], [ 18.20825532, 47.74159928 ], [ 18.20776725, 47.74152017 ], [ 18.20737868, 47.74145716 ], [ 18.206883, 47.74136135 ], [ 18.2060474, 47.74119987 ], [ 18.20544686, 47.74108383 ], [ 18.20459016, 47.74092101 ], [ 18.20390318, 47.74079034 ], [ 18.20326387, 47.74066876 ], [ 18.2024166, 47.74050775 ], [ 18.20213614, 47.7404544 ], [ 18.20181638, 47.74041211 ], [ 18.20092187, 47.74029372 ], [ 18.20019131, 47.74019702 ], [ 18.19978073, 47.7401596 ], [ 18.19855191, 47.7400476 ], [ 18.19822731, 47.74001802 ], [ 18.19762727, 47.73998763 ], [ 18.19686448, 47.73994906 ], [ 18.19625113, 47.73991807 ], [ 18.19581264, 47.73991348 ], [ 18.19426954, 47.73989747 ], [ 18.19389606, 47.73991177 ], [ 18.19126181, 47.74001244 ], [ 18.19129128, 47.7420639 ], [ 18.19135131, 47.74206435 ], [ 18.19135138, 47.7421261 ], [ 18.19135143, 47.74217034 ], [ 18.19135175, 47.74257984 ], [ 18.19136201, 47.74273173 ], [ 18.19136377, 47.74275856 ], [ 18.19136831, 47.74281985 ], [ 18.19136947, 47.7428368 ], [ 18.19137313, 47.74288621 ], [ 18.19137506, 47.74291277 ], [ 18.19137878, 47.74296589 ], [ 18.1913815, 47.74300604 ], [ 18.19138408, 47.7430442 ], [ 18.19138619, 47.74307447 ], [ 18.19139074, 47.74313992 ], [ 18.19139268, 47.74316738 ], [ 18.19139928, 47.7432594 ], [ 18.19140425, 47.74332884 ], [ 18.19140846, 47.7433958 ], [ 18.19142724, 47.74366735 ], [ 18.19143442, 47.7437715 ], [ 18.19130377, 47.74374578 ], [ 18.19130628, 47.74378646 ], [ 18.19130921, 47.7438343 ], [ 18.1913169, 47.74395634 ], [ 18.19131927, 47.74399503 ], [ 18.19131954, 47.74399811 ], [ 18.19132002, 47.74400681 ], [ 18.19134141, 47.74434947 ], [ 18.19157717, 47.74537219 ], [ 18.19162083, 47.74537304 ], [ 18.19160869, 47.74544436 ], [ 18.19160824, 47.74544677 ], [ 18.19160498, 47.74546581 ], [ 18.19159878, 47.74550246 ], [ 18.19159722, 47.74551149 ], [ 18.19159284, 47.74553714 ], [ 18.19158926, 47.7455576 ], [ 18.19158468, 47.74558486 ], [ 18.19155983, 47.74576088 ], [ 18.19139526, 47.74608948 ], [ 18.19139205, 47.74615582 ], [ 18.19137107, 47.7462677 ], [ 18.19133781, 47.74644359 ], [ 18.19126059, 47.74705887 ], [ 18.19124715, 47.74716515 ], [ 18.19123744, 47.74724257 ], [ 18.19115595, 47.747892 ], [ 18.1911481, 47.74795491 ], [ 18.19115913, 47.74819424 ], [ 18.19115959, 47.74830683 ], [ 18.1911607, 47.74858575 ], [ 18.19116122, 47.74871036 ], [ 18.19116482, 47.74875408 ], [ 18.19119172, 47.74907477 ], [ 18.19102943, 47.74940314 ], [ 18.19099504, 47.74947262 ], [ 18.19088203, 47.74970115 ], [ 18.19072794, 47.75001267 ], [ 18.19067922, 47.75011128 ], [ 18.19150528, 47.75031844 ], [ 18.19208927, 47.7504649 ], [ 18.19374097, 47.75080586 ], [ 18.19444332, 47.75191461 ], [ 18.19444778, 47.75192877 ], [ 18.19446396, 47.75197982 ], [ 18.19453881, 47.75262334 ], [ 18.19449449, 47.75263275 ], [ 18.19443091, 47.75264626 ], [ 18.19205198, 47.75315049 ], [ 18.19198852, 47.75316401 ], [ 18.19037475, 47.75350591 ], [ 18.18983779, 47.75288682 ], [ 18.18911528, 47.75311868 ], [ 18.18821733, 47.75340812 ], [ 18.18806272, 47.75345791 ], [ 18.18793269, 47.75349975 ], [ 18.18746483, 47.75365022 ], [ 18.18178939, 47.75547831 ], [ 18.18180396, 47.75549921 ], [ 18.18181289, 47.75551201 ], [ 18.18182668, 47.75553169 ], [ 18.18186805, 47.75559072 ], [ 18.18198023, 47.75575132 ], [ 18.18200091, 47.75578088 ], [ 18.18205954, 47.75586485 ], [ 18.18231106, 47.75622465 ], [ 18.18256316, 47.75650224 ], [ 18.1832028, 47.75722778 ], [ 18.18338558, 47.75744714 ], [ 18.18396695, 47.75814515 ], [ 18.18428852, 47.75851835 ], [ 18.18470803, 47.75894795 ], [ 18.18503834, 47.7592712 ], [ 18.18517748, 47.75942228 ], [ 18.18540097, 47.75968419 ], [ 18.18582422, 47.7602644 ], [ 18.18586362, 47.76034082 ], [ 18.18601766, 47.76066582 ], [ 18.18615987, 47.76104104 ], [ 18.1861949, 47.7611368 ], [ 18.18620382, 47.76116098 ], [ 18.18624219, 47.76126614 ], [ 18.18625428, 47.76129908 ], [ 18.18627013, 47.76132249 ], [ 18.18631654, 47.76139129 ], [ 18.18634059, 47.76142692 ], [ 18.18634272, 47.76143011 ], [ 18.18634356, 47.76143711 ], [ 18.18647365, 47.7625533 ], [ 18.18653879, 47.76311168 ], [ 18.18657301, 47.76447474 ], [ 18.18662512, 47.76604973 ], [ 18.18675228, 47.76692328 ], [ 18.18689815, 47.76749216 ], [ 18.1872729, 47.76813126 ], [ 18.18730966, 47.76819399 ], [ 18.18735268, 47.76830674 ], [ 18.18738731, 47.76839742 ], [ 18.18741458, 47.76846519 ], [ 18.18742271, 47.76848517 ], [ 18.1881067, 47.770183 ], [ 18.18834682, 47.77074188 ], [ 18.18866343, 47.77157861 ], [ 18.18884655, 47.77226071 ], [ 18.18889225, 47.77243058 ], [ 18.1889397, 47.77260759 ], [ 18.18898909, 47.7727914 ], [ 18.18901587, 47.77289101 ], [ 18.18905249, 47.77302748 ], [ 18.18925385, 47.77407464 ], [ 18.18981863, 47.77580481 ], [ 18.18982419, 47.77583015 ], [ 18.18982614, 47.77583893 ], [ 18.18983171, 47.77586426 ], [ 18.18983537, 47.77588054 ], [ 18.18983694, 47.77588804 ], [ 18.19018401, 47.77745938 ], [ 18.19052333, 47.77923302 ], [ 18.19110424, 47.78070821 ], [ 18.19137414, 47.78138366 ], [ 18.19138165, 47.78141055 ], [ 18.19139499, 47.78145764 ], [ 18.19140863, 47.78149518 ], [ 18.19142482, 47.78153992 ], [ 18.19144122, 47.78158511 ], [ 18.19145575, 47.78162505 ], [ 18.19182069, 47.78176859 ], [ 18.19208404, 47.78195202 ], [ 18.19222052, 47.78206311 ], [ 18.19247055, 47.78230102 ], [ 18.19290912, 47.78265243 ], [ 18.19327059, 47.78278763 ], [ 18.19364833, 47.78283098 ], [ 18.19394873, 47.78280625 ], [ 18.19411396, 47.78277964 ], [ 18.19441172, 47.78269228 ], [ 18.19467782, 47.78257734 ], [ 18.19486934, 47.78252032 ], [ 18.19487083, 47.78251914 ], [ 18.19493195, 47.78246793 ], [ 18.19498371, 47.78242384 ], [ 18.19505536, 47.78236466 ], [ 18.19506994, 47.78224022 ], [ 18.19523029, 47.78172711 ], [ 18.19615395, 47.78052002 ], [ 18.19624396, 47.78043999 ], [ 18.1964671, 47.78038797 ], [ 18.19675336, 47.78033153 ], [ 18.19708286, 47.78028665 ], [ 18.19731292, 47.78028695 ], [ 18.19778814, 47.78035938 ], [ 18.19805369, 47.78041781 ], [ 18.19827302, 47.78049818 ], [ 18.19837764, 47.78054899 ], [ 18.19877489, 47.78074215 ], [ 18.19914013, 47.78087927 ], [ 18.19974173, 47.78101244 ], [ 18.20021602, 47.78123457 ], [ 18.20053014, 47.78140985 ], [ 18.20094172, 47.78160935 ], [ 18.20115464, 47.78163255 ], [ 18.20116837, 47.78163408 ], [ 18.20123586, 47.78164146 ], [ 18.20124735, 47.78164267 ], [ 18.20152049, 47.78167247 ], [ 18.20187773, 47.78164103 ], [ 18.2021707, 47.78150859 ], [ 18.20252874, 47.78138773 ], [ 18.20286722, 47.78131682 ], [ 18.20330906, 47.78138754 ], [ 18.20348685, 47.78139542 ], [ 18.20366222, 47.78139711 ], [ 18.20368978, 47.78139736 ], [ 18.20401764, 47.78140057 ], [ 18.20435671, 47.78143837 ], [ 18.20456846, 47.781507 ], [ 18.20475784, 47.78156837 ], [ 18.2050227, 47.78164055 ], [ 18.20503641, 47.78164433 ], [ 18.20519584, 47.78163461 ], [ 18.20570708, 47.78160332 ], [ 18.20575843, 47.78177973 ], [ 18.20591602, 47.7817468 ], [ 18.20768449, 47.78140971 ], [ 18.20784382, 47.78140702 ], [ 18.20819048, 47.78142955 ], [ 18.20906181, 47.78141117 ], [ 18.2104122, 47.78140635 ], [ 18.21167247, 47.78142747 ], [ 18.21212479, 47.78142412 ], [ 18.2123131, 47.78143873 ], [ 18.2126427, 47.7814273 ], [ 18.21388622, 47.78148281 ], [ 18.21521229, 47.78165669 ], [ 18.21560586, 47.7816582 ], [ 18.2163201, 47.78170732 ], [ 18.2169241, 47.78172851 ], [ 18.21753975, 47.78174442 ], [ 18.21858585, 47.78175621 ], [ 18.21913323, 47.78168021 ], [ 18.21995805, 47.78177764 ], [ 18.2205718, 47.78190211 ], [ 18.22091587, 47.78194494 ], [ 18.22284401, 47.78205295 ], [ 18.2235069, 47.782064 ], [ 18.22453414, 47.78217682 ], [ 18.22459077, 47.78222084 ], [ 18.22463838, 47.78225783 ], [ 18.22468041, 47.78229043 ], [ 18.22481254, 47.7823931 ], [ 18.22493787, 47.78250386 ], [ 18.22504858, 47.78254913 ], [ 18.22507397, 47.78254754 ], [ 18.22519171, 47.78254015 ], [ 18.22552017, 47.78262105 ], [ 18.22606244, 47.78266405 ], [ 18.22632249, 47.78258515 ], [ 18.22646464, 47.78254199 ], [ 18.22671933, 47.78241927 ], [ 18.22686652, 47.78219712 ], [ 18.22696026, 47.78201465 ], [ 18.22697011, 47.78199527 ], [ 18.22698656, 47.7819631 ], [ 18.22700359, 47.78198377 ], [ 18.22714641, 47.78215766 ], [ 18.22796698, 47.78318791 ], [ 18.22840691, 47.78374028 ], [ 18.22854567, 47.78391455 ], [ 18.22855617, 47.78392771 ], [ 18.22857209, 47.78394769 ], [ 18.2285728, 47.78394845 ], [ 18.22857348, 47.78394939 ], [ 18.22861143, 47.78399701 ], [ 18.22861707, 47.7840042 ], [ 18.22862018, 47.78400817 ], [ 18.22880047, 47.78423452 ], [ 18.22896752, 47.78441387 ], [ 18.22900341, 47.78445252 ], [ 18.22905413, 47.78450811 ], [ 18.22922332, 47.78469372 ], [ 18.22936815, 47.78485102 ], [ 18.22996108, 47.78545446 ], [ 18.23052618, 47.7859252 ], [ 18.23130861, 47.78668573 ], [ 18.23224902, 47.78772473 ], [ 18.23250896, 47.78777427 ], [ 18.2333927, 47.78835518 ], [ 18.23349172, 47.78853246 ], [ 18.2334976, 47.788543 ], [ 18.23350926, 47.7885639 ], [ 18.23351568, 47.78857547 ], [ 18.23351613, 47.78857612 ], [ 18.23351971, 47.78858265 ], [ 18.23352157, 47.78858592 ], [ 18.2335871, 47.78870366 ], [ 18.23358884, 47.78870683 ], [ 18.23359418, 47.78871635 ], [ 18.23359975, 47.78872624 ], [ 18.23361378, 47.78875152 ], [ 18.23380725, 47.78909796 ], [ 18.23422918, 47.78945003 ], [ 18.23455333, 47.7897269 ], [ 18.23461995, 47.78978187 ], [ 18.23510091, 47.79017826 ], [ 18.23519307, 47.79024718 ], [ 18.23520615, 47.79025697 ], [ 18.23561183, 47.79056043 ], [ 18.23585055, 47.79073898 ], [ 18.23610221, 47.79106 ], [ 18.23628317, 47.79129098 ], [ 18.23668142, 47.79172777 ], [ 18.23789882, 47.79306331 ], [ 18.24018817, 47.79500163 ], [ 18.24115601, 47.7959943 ], [ 18.24127086, 47.7961121 ], [ 18.2413039, 47.79614598 ], [ 18.24133859, 47.79618157 ], [ 18.24136334, 47.79620694 ], [ 18.24138039, 47.79622445 ], [ 18.24138086, 47.79622492 ], [ 18.24138406, 47.79622818 ], [ 18.24138643, 47.79623057 ], [ 18.24141274, 47.79625738 ], [ 18.24142742, 47.7962725 ], [ 18.24143322, 47.79627843 ], [ 18.24143737, 47.79628264 ], [ 18.24145347, 47.7962992 ], [ 18.24187025, 47.79672577 ], [ 18.24223836, 47.79710247 ], [ 18.24246472, 47.797334 ], [ 18.24247146, 47.79734098 ], [ 18.24257878, 47.79745076 ], [ 18.24259159, 47.79746468 ], [ 18.24259924, 47.79747298 ], [ 18.24269567, 47.7975778 ], [ 18.24275166, 47.79763855 ], [ 18.24292558, 47.79782758 ], [ 18.24297508, 47.79788146 ], [ 18.24367084, 47.79863739 ], [ 18.24368837, 47.79865637 ], [ 18.24369543, 47.798664 ], [ 18.24374683, 47.7987198 ], [ 18.24376095, 47.79873506 ], [ 18.2437847, 47.7987609 ], [ 18.24379705, 47.79877435 ], [ 18.2442915, 47.79931239 ], [ 18.24432394, 47.79934885 ], [ 18.24449875, 47.79954262 ], [ 18.24498472, 47.80008107 ], [ 18.24602484, 47.80123369 ], [ 18.24602672, 47.80123569 ], [ 18.24603258, 47.80124226 ], [ 18.24604738, 47.80125856 ], [ 18.24605559, 47.8012677 ], [ 18.24606004, 47.80127265 ], [ 18.24608241, 47.80129363 ], [ 18.24609055, 47.80130124 ], [ 18.24609725, 47.80130749 ], [ 18.24609832, 47.80130855 ], [ 18.24610203, 47.80131201 ], [ 18.2461189, 47.8013278 ], [ 18.24612442, 47.8013339 ], [ 18.24625442, 47.80147694 ], [ 18.24657672, 47.80196182 ], [ 18.24664368, 47.80206257 ], [ 18.24730235, 47.80309533 ], [ 18.24747348, 47.80337347 ], [ 18.24747741, 47.80339725 ], [ 18.24749025, 47.80347482 ], [ 18.24754039, 47.80377815 ], [ 18.24857961, 47.80494612 ], [ 18.24888089, 47.8052847 ], [ 18.24972395, 47.8062322 ], [ 18.24986741, 47.80639381 ], [ 18.25026967, 47.80684703 ], [ 18.25266584, 47.80870848 ], [ 18.25607403, 47.8109336 ], [ 18.25637516, 47.81113992 ], [ 18.25864088, 47.8130228 ], [ 18.25868292, 47.81305774 ], [ 18.25881774, 47.81316982 ], [ 18.25957289, 47.81363841 ], [ 18.25971022, 47.81372364 ], [ 18.26101457, 47.81453296 ], [ 18.26157025, 47.81502959 ], [ 18.26392757, 47.81710362 ], [ 18.26451661, 47.81761228 ], [ 18.26520186, 47.81820405 ], [ 18.26529155, 47.81828146 ], [ 18.26535312, 47.81833458 ], [ 18.26537709, 47.81836098 ], [ 18.26545263, 47.81844425 ], [ 18.26552878, 47.818528 ], [ 18.26560435, 47.81861109 ], [ 18.26575804, 47.81878031 ], [ 18.26580315, 47.81883004 ], [ 18.26593808, 47.81897723 ], [ 18.26598477, 47.81902823 ], [ 18.26637756, 47.81945673 ], [ 18.2671957, 47.82034955 ], [ 18.26722462, 47.82037921 ], [ 18.26746882, 47.8206479 ], [ 18.2692493, 47.8221216 ], [ 18.27062911, 47.82326355 ], [ 18.27103675, 47.82393435 ], [ 18.27177009, 47.82460531 ], [ 18.27175751, 47.82462824 ], [ 18.27179966, 47.82466877 ], [ 18.27184335, 47.82471083 ], [ 18.27186973, 47.82473619 ], [ 18.27219938, 47.82495954 ], [ 18.2724976, 47.82518657 ], [ 18.27252224, 47.82520253 ], [ 18.272756, 47.82535488 ], [ 18.27343078, 47.82579489 ], [ 18.27402072, 47.82605098 ], [ 18.27406073, 47.82606837 ], [ 18.27409735, 47.82608285 ], [ 18.27426473, 47.82616827 ], [ 18.27535456, 47.82671729 ], [ 18.27635612, 47.82722184 ], [ 18.27723239, 47.82767473 ], [ 18.27730507, 47.82771233 ], [ 18.27732354, 47.82772198 ], [ 18.27742136, 47.82777277 ], [ 18.27816678, 47.82815968 ], [ 18.27914452, 47.82868955 ], [ 18.27981593, 47.82905475 ], [ 18.28089889, 47.82964069 ], [ 18.28285323, 47.83032741 ], [ 18.28302029, 47.83038607 ], [ 18.28436509, 47.83070168 ], [ 18.28584399, 47.83104866 ], [ 18.28711574, 47.83147402 ], [ 18.28748848, 47.83159871 ], [ 18.2881648, 47.83182495 ], [ 18.28905286, 47.83202225 ], [ 18.28960991, 47.83214601 ], [ 18.28971525, 47.83216942 ], [ 18.28977235, 47.8321821 ], [ 18.28980503, 47.83218868 ], [ 18.28997849, 47.83222351 ], [ 18.29099076, 47.83252346 ], [ 18.29093242, 47.83247207 ] ] ] ] } },
{ "type": "Feature", "properties": { "@featureType": "CadastralZoning", "beginLifespanVersion": { "@nilReason": "http://inspire.ec.europa.eu/codelist/VoidReasonValue/Unpopulated", "@nil": "true" }, "endLifespanVersion": { "@nilReason": "http://inspire.ec.europa.eu/codelist/VoidReasonValue/Unpopulated", "@nil": "true" }, "estimatedAccuracy": { "value": -1, "@uom": "m" }, "inspireId": { "@dataType": "Identifier", "localId": "812536", "namespace": "SK.ESKN.CP", "versionId": "20260703T04:07:40" }, "label": "Svätý Peter", "level": { "@href": "http://inspire.ec.europa.eu/codelist/CadastralZoningLevelValue/3rdOrder" }, "levelName": { "value": "Katastrálne územie", "@locale": "sk" }, "name": { "@dataType": "name", "GeographicalName": { "@dataType": "GeographicalName", "language": "SLK", "nativeness": { "@href": "http://inspire.ec.europa.eu/codelist/NativenessValue/endonym", "@title": "endonym" }, "nameStatus": { "@href": "http://inspire.ec.europa.eu/codelist/NameStatusValue/official", "@title": "official" }, "sourceOfName": { "@nilReason": "http://inspire.ec.europa.eu/codelist/VoidReasonValue/Unpopulated", "@nil": "true" }, "pronunciation": { "@dataType": "pronunciation", "@nilReason": "http://inspire.ec.europa.eu/codelist/VoidReasonValue/Unpopulated", "@nil": "true" }, "spelling": { "@dataType": "SpellingOfName", "text": "Svätý Peter", "script": "LATN" } } }, "nationalCadastalZoningReference": "812536", "validFrom": "2026-06-30T16:00:00Z", "validTo": { "@nilReason": "http://inspire.ec.europa.eu/codelist/VoidReasonValue/Unpopulated", "@nil": "true" } }, "geometry": { "type": "MultiPolygon", "coordinates": [ [ [ [ 18.30734223, 47.86701603 ], [ 18.30823406, 47.8665371 ], [ 18.30841719, 47.86643868 ], [ 18.30875722, 47.86622436 ], [ 18.3087998, 47.86619747 ], [ 18.3088329, 47.86617663 ], [ 18.30887815, 47.86614141 ], [ 18.30917196, 47.86591287 ], [ 18.30920829, 47.86588454 ], [ 18.30973351, 47.86546351 ], [ 18.30991214, 47.86532963 ], [ 18.31011465, 47.8651778 ], [ 18.31033508, 47.86501265 ], [ 18.31034289, 47.86500714 ], [ 18.31056936, 47.86484929 ], [ 18.31068665, 47.86476749 ], [ 18.31088827, 47.86462581 ], [ 18.31138457, 47.86427703 ], [ 18.3119354, 47.86389284 ], [ 18.31237053, 47.86358947 ], [ 18.31266087, 47.863387 ], [ 18.31302143, 47.86317438 ], [ 18.31337402, 47.86296646 ], [ 18.31391726, 47.86264609 ], [ 18.31457819, 47.8622564 ], [ 18.31476376, 47.86211523 ], [ 18.31527218, 47.86172869 ], [ 18.31571589, 47.86139123 ], [ 18.31595, 47.86122685 ], [ 18.31626243, 47.8610075 ], [ 18.31668544, 47.86071046 ], [ 18.31679144, 47.86063612 ], [ 18.31698258, 47.86046783 ], [ 18.31736652, 47.86012982 ], [ 18.31768267, 47.85986834 ], [ 18.31800228, 47.8596039 ], [ 18.31828262, 47.85937196 ], [ 18.31841582, 47.85926181 ], [ 18.31845597, 47.85923921 ], [ 18.31802269, 47.85911387 ], [ 18.31765424, 47.85905697 ], [ 18.31722559, 47.85898397 ], [ 18.31700701, 47.858916 ], [ 18.31670341, 47.85875803 ], [ 18.31599769, 47.85843434 ], [ 18.31580711, 47.85832113 ], [ 18.31559193, 47.85815027 ], [ 18.31522631, 47.85787545 ], [ 18.31497581, 47.85773776 ], [ 18.31458031, 47.85756845 ], [ 18.31411369, 47.85732763 ], [ 18.31390486, 47.85723259 ], [ 18.31347046, 47.85696934 ], [ 18.3133195, 47.85685054 ], [ 18.31277317, 47.85651189 ], [ 18.31215981, 47.85600078 ], [ 18.31193715, 47.85566809 ], [ 18.31183911, 47.85532252 ], [ 18.31164976, 47.85508987 ], [ 18.31146456, 47.85485103 ], [ 18.31144706, 47.85470777 ], [ 18.31150338, 47.85446586 ], [ 18.3115268, 47.85438488 ], [ 18.3116473, 47.85380095 ], [ 18.31159924, 47.85350754 ], [ 18.31151294, 47.85303673 ], [ 18.31151328, 47.85286281 ], [ 18.31147076, 47.85247504 ], [ 18.31159108, 47.85214509 ], [ 18.3117168, 47.851651 ], [ 18.31170218, 47.85130012 ], [ 18.31169118, 47.85110569 ], [ 18.31171294, 47.85069435 ], [ 18.31175571, 47.85041853 ], [ 18.3117616, 47.84987332 ], [ 18.3117833, 47.84978367 ], [ 18.31187514, 47.84940326 ], [ 18.31187551, 47.84936762 ], [ 18.31187839, 47.84912399 ], [ 18.31188341, 47.84909079 ], [ 18.31192553, 47.84881268 ], [ 18.31192532, 47.84879957 ], [ 18.31191809, 47.84844434 ], [ 18.31191686, 47.84838641 ], [ 18.31186599, 47.84802324 ], [ 18.31186384, 47.84800534 ], [ 18.31178011, 47.84773416 ], [ 18.31176717, 47.84770931 ], [ 18.31164356, 47.8474724 ], [ 18.31164008, 47.84745541 ], [ 18.31157498, 47.84713151 ], [ 18.31151461, 47.84702396 ], [ 18.31134215, 47.84671654 ], [ 18.31133256, 47.84669704 ], [ 18.31125787, 47.84654489 ], [ 18.31125044, 47.84651675 ], [ 18.31116245, 47.84618413 ], [ 18.31115621, 47.84616039 ], [ 18.31097122, 47.8457637 ], [ 18.31089798, 47.8456065 ], [ 18.31078509, 47.84536442 ], [ 18.31076666, 47.84533845 ], [ 18.31047294, 47.84492377 ], [ 18.31046765, 47.84491155 ], [ 18.3103285, 47.84459016 ], [ 18.31030206, 47.84452906 ], [ 18.31012938, 47.84413055 ], [ 18.31002933, 47.84389932 ], [ 18.30996575, 47.84376325 ], [ 18.30993903, 47.84370755 ], [ 18.30968392, 47.84317577 ], [ 18.30940631, 47.84259728 ], [ 18.30931565, 47.84235766 ], [ 18.30908666, 47.84175218 ], [ 18.3087338, 47.84102837 ], [ 18.30868442, 47.84092724 ], [ 18.30851441, 47.84072023 ], [ 18.30815092, 47.8402778 ], [ 18.30808195, 47.84019376 ], [ 18.3080526, 47.84014297 ], [ 18.30797371, 47.84000611 ], [ 18.30791583, 47.83991071 ], [ 18.30785326, 47.83982064 ], [ 18.30756659, 47.83948073 ], [ 18.30750378, 47.83940626 ], [ 18.30723178, 47.8390839 ], [ 18.30702611, 47.83884 ], [ 18.30699844, 47.83881503 ], [ 18.30688041, 47.83870877 ], [ 18.30679428, 47.83863106 ], [ 18.30677706, 47.8386168 ], [ 18.30656323, 47.83843932 ], [ 18.30655704, 47.83843418 ], [ 18.3064054, 47.8382822 ], [ 18.30638768, 47.83826439 ], [ 18.30609039, 47.83784571 ], [ 18.30607665, 47.8378135 ], [ 18.30602538, 47.83769357 ], [ 18.30592277, 47.83739404 ], [ 18.30585525, 47.83741263 ], [ 18.30542945, 47.83656068 ], [ 18.30510734, 47.83612847 ], [ 18.30470038, 47.83558224 ], [ 18.30407561, 47.83505479 ], [ 18.30366223, 47.83483376 ], [ 18.30254124, 47.83423423 ], [ 18.3012454, 47.83400553 ], [ 18.3012196, 47.83400079 ], [ 18.3011833, 47.83399419 ], [ 18.30069823, 47.83390704 ], [ 18.30013595, 47.83380614 ], [ 18.29956503, 47.83370357 ], [ 18.29914405, 47.83362796 ], [ 18.29877235, 47.83356123 ], [ 18.29810414, 47.83351957 ], [ 18.29793257, 47.83350887 ], [ 18.29711582, 47.83345783 ], [ 18.29598013, 47.83338696 ], [ 18.29469521, 47.83330675 ], [ 18.29455635, 47.83329811 ], [ 18.29430241, 47.83328365 ], [ 18.29341185, 47.83311739 ], [ 18.29196724, 47.83284886 ], [ 18.29099076, 47.83252346 ], [ 18.28997849, 47.83222351 ], [ 18.28980503, 47.83218868 ], [ 18.28977235, 47.8321821 ], [ 18.28971525, 47.83216942 ], [ 18.28960991, 47.83214601 ], [ 18.28905286, 47.83202225 ], [ 18.2881648, 47.83182495 ], [ 18.28748848, 47.83159871 ], [ 18.28711574, 47.83147402 ], [ 18.28584399, 47.83104866 ], [ 18.28436509, 47.83070168 ], [ 18.28302029, 47.83038607 ], [ 18.28285323, 47.83032741 ], [ 18.28089889, 47.82964069 ], [ 18.27981593, 47.82905475 ], [ 18.27914452, 47.82868955 ], [ 18.27816678, 47.82815968 ], [ 18.27742136, 47.82777277 ], [ 18.27732354, 47.82772198 ], [ 18.27730507, 47.82771233 ], [ 18.27723239, 47.82767473 ], [ 18.27635612, 47.82722184 ], [ 18.27535456, 47.82671729 ], [ 18.27426473, 47.82616827 ], [ 18.27409735, 47.82608285 ], [ 18.27406073, 47.82606837 ], [ 18.27402072, 47.82605098 ], [ 18.27343078, 47.82579489 ], [ 18.272756, 47.82535488 ], [ 18.27252224, 47.82520253 ], [ 18.2724976, 47.82518657 ], [ 18.27219938, 47.82495954 ], [ 18.27186973, 47.82473619 ], [ 18.27184335, 47.82471083 ], [ 18.27179966, 47.82466877 ], [ 18.27175751, 47.82462824 ], [ 18.27174386, 47.82464911 ], [ 18.27144026, 47.82511555 ], [ 18.27135435, 47.82523731 ], [ 18.27120183, 47.82545352 ], [ 18.27114904, 47.82552376 ], [ 18.27084526, 47.82592746 ], [ 18.27074823, 47.82604388 ], [ 18.27074332, 47.82604982 ], [ 18.27065598, 47.82614181 ], [ 18.27057147, 47.82624524 ], [ 18.27049996, 47.82630663 ], [ 18.2704571, 47.82633999 ], [ 18.27029603, 47.8264657 ], [ 18.27018291, 47.82655484 ], [ 18.27012018, 47.82660419 ], [ 18.27009925, 47.82661273 ], [ 18.26987913, 47.82671797 ], [ 18.2697271, 47.82679059 ], [ 18.26962309, 47.82683674 ], [ 18.26955272, 47.82686399 ], [ 18.26942807, 47.82691229 ], [ 18.26932709, 47.82695149 ], [ 18.26928922, 47.82696356 ], [ 18.26912409, 47.82701601 ], [ 18.26886226, 47.82709925 ], [ 18.26862701, 47.82721372 ], [ 18.26843492, 47.82730722 ], [ 18.26811342, 47.8274778 ], [ 18.26810191, 47.82748391 ], [ 18.26765469, 47.82778667 ], [ 18.26744371, 47.82792936 ], [ 18.26724636, 47.8280629 ], [ 18.26701746, 47.8282179 ], [ 18.26697361, 47.82824425 ], [ 18.26685847, 47.8283135 ], [ 18.26673155, 47.82838991 ], [ 18.26657823, 47.82848204 ], [ 18.26632311, 47.82863553 ], [ 18.2662675, 47.82866896 ], [ 18.26618485, 47.82873566 ], [ 18.26616976, 47.82874779 ], [ 18.26611341, 47.82879336 ], [ 18.26610474, 47.82880035 ], [ 18.26603629, 47.8288556 ], [ 18.26602971, 47.8288609 ], [ 18.26588339, 47.82897907 ], [ 18.26583018, 47.82902203 ], [ 18.26554258, 47.82929856 ], [ 18.26546893, 47.82936931 ], [ 18.2652401, 47.82958343 ], [ 18.2650936, 47.8297071 ], [ 18.26494314, 47.82983135 ], [ 18.26488182, 47.82987067 ], [ 18.26479733, 47.8299213 ], [ 18.26463008, 47.83004268 ], [ 18.26454202, 47.83010654 ], [ 18.26436263, 47.83023164 ], [ 18.26428465, 47.83028489 ], [ 18.26413129, 47.83039399 ], [ 18.26404492, 47.830451 ], [ 18.26375448, 47.8306426 ], [ 18.2635756, 47.83078569 ], [ 18.2635541, 47.83080286 ], [ 18.26352154, 47.83082896 ], [ 18.2630112, 47.83125696 ], [ 18.26289728, 47.83135534 ], [ 18.26280039, 47.831439 ], [ 18.26274342, 47.83148823 ], [ 18.26263145, 47.83158501 ], [ 18.26247391, 47.83171426 ], [ 18.26246052, 47.83172567 ], [ 18.26243149, 47.83175035 ], [ 18.26240638, 47.83177164 ], [ 18.26216818, 47.83197394 ], [ 18.26093455, 47.83302186 ], [ 18.26075837, 47.83316889 ], [ 18.25981132, 47.83410559 ], [ 18.25871197, 47.83495917 ], [ 18.25854699, 47.83508139 ], [ 18.25851559, 47.83510467 ], [ 18.25844376, 47.83515792 ], [ 18.25833891, 47.8352356 ], [ 18.25803075, 47.83546471 ], [ 18.25775326, 47.83570977 ], [ 18.25772756, 47.83573247 ], [ 18.25770293, 47.83575424 ], [ 18.25763133, 47.83584334 ], [ 18.2573239, 47.83619877 ], [ 18.25719548, 47.83633909 ], [ 18.25696406, 47.83657499 ], [ 18.25689066, 47.8366499 ], [ 18.25681451, 47.83672745 ], [ 18.25664184, 47.83690348 ], [ 18.25662117, 47.83692458 ], [ 18.25635156, 47.83713624 ], [ 18.25622577, 47.83723501 ], [ 18.25605794, 47.83736681 ], [ 18.25599698, 47.83741464 ], [ 18.25598058, 47.83742759 ], [ 18.2552016, 47.83804489 ], [ 18.25504777, 47.83816677 ], [ 18.25492243, 47.83827035 ], [ 18.25480095, 47.83837207 ], [ 18.25475513, 47.83841157 ], [ 18.25471112, 47.83844955 ], [ 18.25465537, 47.83849759 ], [ 18.25461904, 47.83852897 ], [ 18.25451204, 47.83862125 ], [ 18.25450014, 47.83863148 ], [ 18.25441, 47.8387093 ], [ 18.25440156, 47.83871657 ], [ 18.254286, 47.83881702 ], [ 18.25427708, 47.8388239 ], [ 18.25425176, 47.83884572 ], [ 18.25415951, 47.8389254 ], [ 18.25409878, 47.83897775 ], [ 18.2540611, 47.83901023 ], [ 18.25401559, 47.83904948 ], [ 18.25397684, 47.83908297 ], [ 18.25385762, 47.83918582 ], [ 18.2535066, 47.83948862 ], [ 18.25332773, 47.83937344 ], [ 18.25319049, 47.83928505 ], [ 18.2531075, 47.83923158 ], [ 18.253088, 47.83921953 ], [ 18.2529093, 47.83910932 ], [ 18.25271632, 47.83899026 ], [ 18.25262076, 47.83893127 ], [ 18.2524719, 47.83883941 ], [ 18.25244406, 47.83882227 ], [ 18.25243351, 47.8388157 ], [ 18.25220599, 47.83867531 ], [ 18.25217961, 47.83865933 ], [ 18.25216965, 47.83865334 ], [ 18.2519639, 47.83852929 ], [ 18.25186438, 47.83846881 ], [ 18.25041567, 47.8376513 ], [ 18.25018037, 47.83751831 ], [ 18.24871462, 47.83668976 ], [ 18.24758997, 47.83605387 ], [ 18.24753884, 47.836025 ], [ 18.24749799, 47.83600268 ], [ 18.24748697, 47.83599662 ], [ 18.24744047, 47.83597126 ], [ 18.24586763, 47.83511281 ], [ 18.24533116, 47.83482772 ], [ 18.24532777, 47.8348259 ], [ 18.24506857, 47.83468925 ], [ 18.24461932, 47.83445273 ], [ 18.24454273, 47.83441226 ], [ 18.24433411, 47.83429516 ], [ 18.24431821, 47.83428638 ], [ 18.24429633, 47.8342741 ], [ 18.24427293, 47.834261 ], [ 18.24426456, 47.83425627 ], [ 18.2442219, 47.8342324 ], [ 18.24379573, 47.83390271 ], [ 18.24347689, 47.83365616 ], [ 18.24325197, 47.83348223 ], [ 18.24318562, 47.8334309 ], [ 18.24304948, 47.83332576 ], [ 18.24286775, 47.83318513 ], [ 18.24251954, 47.83291575 ], [ 18.24241052, 47.83283124 ], [ 18.24232647, 47.83276632 ], [ 18.24224284, 47.83272219 ], [ 18.24211161, 47.83265309 ], [ 18.24202484, 47.83260734 ], [ 18.2419883, 47.83258806 ], [ 18.24190485, 47.83254359 ], [ 18.24186621, 47.83252292 ], [ 18.24173951, 47.832454 ], [ 18.24156868, 47.8323612 ], [ 18.24147067, 47.83230793 ], [ 18.24136265, 47.83224911 ], [ 18.24121025, 47.83216632 ], [ 18.24111276, 47.83211327 ], [ 18.2410155, 47.8320604 ], [ 18.24087814, 47.8319858 ], [ 18.24075745, 47.8319202 ], [ 18.24046796, 47.83176273 ], [ 18.23974172, 47.83136791 ], [ 18.2396293, 47.83130685 ], [ 18.23938819, 47.83117575 ], [ 18.23937383, 47.83116643 ], [ 18.23935354, 47.83115324 ], [ 18.23934377, 47.83114789 ], [ 18.23816385, 47.83049424 ], [ 18.23712612, 47.82991943 ], [ 18.23701091, 47.82985514 ], [ 18.23700193, 47.82984992 ], [ 18.23697123, 47.82983216 ], [ 18.23634874, 47.82948478 ], [ 18.23609129, 47.82934108 ], [ 18.23604826, 47.82931709 ], [ 18.23589537, 47.829234 ], [ 18.23585112, 47.82921012 ], [ 18.23566971, 47.82911218 ], [ 18.2355283, 47.8290358 ], [ 18.23542988, 47.82898268 ], [ 18.23523647, 47.82887385 ], [ 18.23438794, 47.82841401 ], [ 18.23328272, 47.82816518 ], [ 18.23256676, 47.82800958 ], [ 18.23251902, 47.82799922 ], [ 18.23249724, 47.82799452 ], [ 18.2310361, 47.82767701 ], [ 18.23061695, 47.82758598 ], [ 18.23042825, 47.82754493 ], [ 18.23037468, 47.82753306 ], [ 18.22814982, 47.82703969 ], [ 18.22807279, 47.82702265 ], [ 18.22795559, 47.82699163 ], [ 18.22777305, 47.82694336 ], [ 18.22771237, 47.82692736 ], [ 18.22742664, 47.82685177 ], [ 18.2274081, 47.8268469 ], [ 18.2261503, 47.82651427 ], [ 18.22526583, 47.82630475 ], [ 18.22521198, 47.82629195 ], [ 18.2250292, 47.82624871 ], [ 18.2233756, 47.82593893 ], [ 18.22282351, 47.82584572 ], [ 18.22274899, 47.82583524 ], [ 18.22134507, 47.82563756 ], [ 18.22114679, 47.82561381 ], [ 18.22108897, 47.82560683 ], [ 18.22010483, 47.82548886 ], [ 18.2189226, 47.82525181 ], [ 18.21825365, 47.82498034 ], [ 18.21815548, 47.82502552 ], [ 18.21780537, 47.8251869 ], [ 18.21724306, 47.825142 ], [ 18.21716467, 47.8250949 ], [ 18.21712125, 47.82506881 ], [ 18.216005, 47.8243984 ], [ 18.21495096, 47.82377809 ], [ 18.21491234, 47.82375535 ], [ 18.21485864, 47.82372369 ], [ 18.21478636, 47.82367605 ], [ 18.21361821, 47.82475448 ], [ 18.21355208, 47.82474656 ], [ 18.21345902, 47.82473535 ], [ 18.21227929, 47.82402012 ], [ 18.21159381, 47.82436139 ], [ 18.21157597, 47.82435006 ], [ 18.21155192, 47.82433484 ], [ 18.21035526, 47.82357861 ], [ 18.20961082, 47.82406123 ], [ 18.20868295, 47.8234745 ], [ 18.20865308, 47.8234556 ], [ 18.20799494, 47.82303945 ], [ 18.20743629, 47.82281443 ], [ 18.20737041, 47.82278792 ], [ 18.20727943, 47.82275128 ], [ 18.20726006, 47.82274347 ], [ 18.20716551, 47.82270535 ], [ 18.2071534, 47.82270049 ], [ 18.20714029, 47.82269512 ], [ 18.20708094, 47.82267098 ], [ 18.20707304, 47.82266781 ], [ 18.20705928, 47.82266222 ], [ 18.20675845, 47.82254083 ], [ 18.20671194, 47.82252213 ], [ 18.20655216, 47.82245764 ], [ 18.2061824, 47.82230639 ], [ 18.20611161, 47.82227743 ], [ 18.20608233, 47.82226543 ], [ 18.20584771, 47.82217011 ], [ 18.20579402, 47.8221509 ], [ 18.20524706, 47.82192691 ], [ 18.20517538, 47.82189754 ], [ 18.20505367, 47.82184763 ], [ 18.20345333, 47.82073876 ], [ 18.20205704, 47.81977134 ], [ 18.20153116, 47.81945378 ], [ 18.201352, 47.81935267 ], [ 18.20130602, 47.81932669 ], [ 18.20124468, 47.81929205 ], [ 18.20103693, 47.81917463 ], [ 18.19850557, 47.81813281 ], [ 18.19850212, 47.81813044 ], [ 18.19845561, 47.81809829 ], [ 18.19840479, 47.81806309 ], [ 18.19836086, 47.81803272 ], [ 18.19822687, 47.81794002 ], [ 18.19779368, 47.81734278 ], [ 18.19748749, 47.81668374 ], [ 18.19729229, 47.81621472 ], [ 18.19719606, 47.81599866 ], [ 18.19714268, 47.81587953 ], [ 18.19701069, 47.81558744 ], [ 18.1969583, 47.81546792 ], [ 18.19694306, 47.81543336 ], [ 18.1969181, 47.81537647 ], [ 18.19661877, 47.81503315 ], [ 18.19658142, 47.81499025 ], [ 18.19656824, 47.81497503 ], [ 18.1965471, 47.81495087 ], [ 18.19649982, 47.81489664 ], [ 18.19649466, 47.81486908 ], [ 18.19648716, 47.81482856 ], [ 18.1964841, 47.81481177 ], [ 18.19639058, 47.81430681 ], [ 18.19611871, 47.8141247 ], [ 18.19517085, 47.81348973 ], [ 18.19513367, 47.81346526 ], [ 18.19497817, 47.81336281 ], [ 18.19494038, 47.81333785 ], [ 18.19482032, 47.81325878 ], [ 18.194628, 47.81313214 ], [ 18.19373586, 47.81254448 ], [ 18.19237113, 47.81163248 ], [ 18.19226342, 47.81156054 ], [ 18.19225402, 47.81154726 ], [ 18.19224518, 47.81153474 ], [ 18.19198278, 47.81116116 ], [ 18.19198243, 47.81116069 ], [ 18.1919277, 47.81108327 ], [ 18.19190085, 47.81104523 ], [ 18.19171181, 47.81077814 ], [ 18.19167028, 47.81074691 ], [ 18.19163558, 47.81072086 ], [ 18.19132875, 47.81049011 ], [ 18.19108057, 47.81030422 ], [ 18.19065883, 47.80998684 ], [ 18.1904768, 47.80984708 ], [ 18.19017744, 47.80962389 ], [ 18.19007804, 47.80954991 ], [ 18.18997586, 47.80947369 ], [ 18.18961941, 47.80920797 ], [ 18.18900709, 47.80874039 ], [ 18.18922674, 47.8081376 ], [ 18.1892624, 47.80803994 ], [ 18.18837846, 47.80704448 ], [ 18.18835997, 47.8070248 ], [ 18.18835679, 47.80702137 ], [ 18.18828495, 47.80694475 ], [ 18.18823559, 47.80689221 ], [ 18.18817753, 47.80683022 ], [ 18.18816309, 47.80681547 ], [ 18.18796917, 47.8066175 ], [ 18.18784137, 47.80647929 ], [ 18.18779517, 47.80642928 ], [ 18.1876803, 47.80630501 ], [ 18.18758085, 47.80619735 ], [ 18.18727507, 47.80586644 ], [ 18.18660168, 47.80511595 ], [ 18.18607586, 47.80446493 ], [ 18.18604571, 47.80442759 ], [ 18.18600723, 47.80438002 ], [ 18.18600608, 47.8043786 ], [ 18.18599015, 47.80435879 ], [ 18.18597651, 47.80434192 ], [ 18.18583928, 47.80417201 ], [ 18.18581259, 47.80413903 ], [ 18.18578869, 47.80410938 ], [ 18.1857821, 47.80410123 ], [ 18.18576051, 47.80407441 ], [ 18.18573961, 47.80404845 ], [ 18.18546792, 47.80371213 ], [ 18.18438716, 47.8016292 ], [ 18.18412759, 47.80121171 ], [ 18.18369325, 47.80053553 ], [ 18.18332307, 47.80006894 ], [ 18.18315441, 47.79985827 ], [ 18.18293179, 47.79944845 ], [ 18.18285951, 47.79931936 ], [ 18.18282055, 47.79925595 ], [ 18.18276876, 47.79917149 ], [ 18.18226273, 47.79834746 ], [ 18.18169412, 47.79741793 ], [ 18.18148464, 47.79711586 ], [ 18.18140876, 47.79700641 ], [ 18.18135021, 47.79691216 ], [ 18.18113721, 47.79656898 ], [ 18.18101547, 47.7963728 ], [ 18.18069923, 47.7958635 ], [ 18.18065645, 47.79579446 ], [ 18.18063882, 47.79576607 ], [ 18.18062233, 47.79574226 ], [ 18.18058101, 47.7956826 ], [ 18.18037291, 47.7953825 ], [ 18.18036241, 47.79536735 ], [ 18.1803474, 47.79534561 ], [ 18.18024748, 47.79520145 ], [ 18.18020694, 47.795143 ], [ 18.18020107, 47.79513453 ], [ 18.1801796, 47.79510366 ], [ 18.17997418, 47.7952615 ], [ 18.17994085, 47.79528717 ], [ 18.1796805, 47.79534031 ], [ 18.17961848, 47.79537747 ], [ 18.17958302, 47.79544553 ], [ 18.17956368, 47.79548836 ], [ 18.1795271, 47.79561377 ], [ 18.17947641, 47.79565043 ], [ 18.178965, 47.79604008 ], [ 18.17808071, 47.79671469 ], [ 18.1771866, 47.79739259 ], [ 18.1763284, 47.79805363 ], [ 18.17545414, 47.79872583 ], [ 18.17484355, 47.79919703 ], [ 18.17222979, 47.80121266 ], [ 18.17131271, 47.80191562 ], [ 18.17047624, 47.80255769 ], [ 18.17040209, 47.80261084 ], [ 18.16977648, 47.80309079 ], [ 18.16980509, 47.80310674 ], [ 18.16982309, 47.80311674 ], [ 18.1698446, 47.80312865 ], [ 18.17000855, 47.80322739 ], [ 18.1700307, 47.80324359 ], [ 18.17006766, 47.80327068 ], [ 18.17006876, 47.80327147 ], [ 18.17017701, 47.80318891 ], [ 18.17046568, 47.80341505 ], [ 18.17021341, 47.80383264 ], [ 18.17014096, 47.80392444 ], [ 18.16998228, 47.80408492 ], [ 18.169723, 47.80429798 ], [ 18.16931417, 47.80458963 ], [ 18.16883053, 47.80460859 ], [ 18.16832897, 47.80460031 ], [ 18.1682803, 47.80459953 ], [ 18.1683473, 47.80453224 ], [ 18.16840152, 47.80447783 ], [ 18.16835826, 47.80444874 ], [ 18.16820543, 47.80435725 ], [ 18.16818889, 47.80434734 ], [ 18.16818624, 47.8043461 ], [ 18.16814218, 47.80432419 ], [ 18.16813692, 47.80432234 ], [ 18.16762121, 47.80414206 ], [ 18.16702827, 47.80411206 ], [ 18.16690379, 47.80418436 ], [ 18.1664118, 47.80434735 ], [ 18.16572652, 47.80453968 ], [ 18.16538638, 47.80471891 ], [ 18.16493155, 47.80495377 ], [ 18.16431614, 47.80485933 ], [ 18.16354813, 47.804743 ], [ 18.16228237, 47.80454148 ], [ 18.16132069, 47.80439134 ], [ 18.1612313, 47.80438834 ], [ 18.160901, 47.80465994 ], [ 18.16085406, 47.80469853 ], [ 18.16060308, 47.80465306 ], [ 18.16046347, 47.80455059 ], [ 18.16040975, 47.80451122 ], [ 18.16015202, 47.80416356 ], [ 18.15978967, 47.80391788 ], [ 18.15939207, 47.80382306 ], [ 18.15843338, 47.80394021 ], [ 18.1582164, 47.80394774 ], [ 18.15815111, 47.80395003 ], [ 18.15800507, 47.80395506 ], [ 18.15789685, 47.8039588 ], [ 18.15781232, 47.80396176 ], [ 18.15778741, 47.80396264 ], [ 18.15753388, 47.8040267 ], [ 18.15741446, 47.80405686 ], [ 18.15740961, 47.80405811 ], [ 18.15735114, 47.8040729 ], [ 18.15736437, 47.80409589 ], [ 18.15740045, 47.80415859 ], [ 18.15722904, 47.80418975 ], [ 18.15710601, 47.80417853 ], [ 18.15684448, 47.80415455 ], [ 18.15632665, 47.80439343 ], [ 18.15585591, 47.80451312 ], [ 18.15513943, 47.80473487 ], [ 18.15477823, 47.8049799 ], [ 18.15434648, 47.80519045 ], [ 18.15404995, 47.80543486 ], [ 18.15360774, 47.80571033 ], [ 18.15328112, 47.80588824 ], [ 18.15296528, 47.8061234 ], [ 18.15277916, 47.80624396 ], [ 18.1524745, 47.80641676 ], [ 18.15174412, 47.8068102 ], [ 18.15139639, 47.80695445 ], [ 18.15137189, 47.80696456 ], [ 18.1512766, 47.8069677 ], [ 18.15105835, 47.80715715 ], [ 18.15098298, 47.80722258 ], [ 18.15101269, 47.80744361 ], [ 18.15106427, 47.80767885 ], [ 18.15107252, 47.80771644 ], [ 18.15122386, 47.80840723 ], [ 18.15147171, 47.80953831 ], [ 18.15149055, 47.80962437 ], [ 18.15156181, 47.8099496 ], [ 18.14984966, 47.8108269 ], [ 18.14837636, 47.81158294 ], [ 18.14713672, 47.81251236 ], [ 18.14705833, 47.81257102 ], [ 18.14700204, 47.81261329 ], [ 18.14753422, 47.81321867 ], [ 18.14797161, 47.81426254 ], [ 18.1476645, 47.81513096 ], [ 18.14662477, 47.8164405 ], [ 18.14571883, 47.81717952 ], [ 18.14557173, 47.81729958 ], [ 18.14305717, 47.81801589 ], [ 18.14177626, 47.81837462 ], [ 18.14101006, 47.81858912 ], [ 18.13923701, 47.81893384 ], [ 18.13808622, 47.8190793 ], [ 18.13800309, 47.81908982 ], [ 18.13788206, 47.81910516 ], [ 18.13782891, 47.81911186 ], [ 18.13773106, 47.81912422 ], [ 18.13768649, 47.8191299 ], [ 18.13754721, 47.81914749 ], [ 18.13744173, 47.81916076 ], [ 18.13709147, 47.81920507 ], [ 18.1366721, 47.81933133 ], [ 18.13658239, 47.81935836 ], [ 18.13633531, 47.81943277 ], [ 18.13624658, 47.81945949 ], [ 18.13618519, 47.81947798 ], [ 18.13573149, 47.81961458 ], [ 18.13554299, 47.8196735 ], [ 18.1354558, 47.81970076 ], [ 18.13531985, 47.8197432 ], [ 18.13527918, 47.81975596 ], [ 18.13511597, 47.81980698 ], [ 18.13506692, 47.81982232 ], [ 18.13497987, 47.8198495 ], [ 18.13488862, 47.81987805 ], [ 18.13416238, 47.82010841 ], [ 18.1327765, 47.82012374 ], [ 18.13026821, 47.82010247 ], [ 18.12900527, 47.82008773 ], [ 18.12801422, 47.8199782 ], [ 18.127796, 47.8199689 ], [ 18.12753544, 47.8199738 ], [ 18.12728879, 47.81998927 ], [ 18.12692594, 47.82001177 ], [ 18.12681605, 47.82000645 ], [ 18.12632021, 47.82005584 ], [ 18.12605509, 47.82010705 ], [ 18.12564956, 47.82032311 ], [ 18.12551621, 47.82044621 ], [ 18.12549534, 47.82046547 ], [ 18.12545872, 47.82061877 ], [ 18.12546469, 47.82064079 ], [ 18.12550312, 47.82078291 ], [ 18.12552747, 47.82087264 ], [ 18.12565162, 47.82102146 ], [ 18.12592079, 47.82139246 ], [ 18.12614065, 47.82169544 ], [ 18.12619298, 47.82194889 ], [ 18.12613634, 47.82240154 ], [ 18.12608171, 47.82266933 ], [ 18.12565973, 47.82361966 ], [ 18.12511064, 47.82427005 ], [ 18.12497409, 47.82442683 ], [ 18.12452857, 47.8248032 ], [ 18.12384125, 47.82510009 ], [ 18.1231045, 47.82531956 ], [ 18.12306195, 47.8253323 ], [ 18.12255683, 47.82547285 ], [ 18.1220733, 47.82557017 ], [ 18.12187911, 47.82560255 ], [ 18.12068715, 47.8257557 ], [ 18.12044168, 47.82579578 ], [ 18.12033278, 47.82581353 ], [ 18.1203073, 47.82581771 ], [ 18.11983666, 47.82594666 ], [ 18.11938766, 47.82608339 ], [ 18.11910899, 47.8262237 ], [ 18.11893525, 47.82634576 ], [ 18.11874549, 47.82649712 ], [ 18.11861108, 47.82674411 ], [ 18.11858332, 47.8268704 ], [ 18.11859472, 47.82699557 ], [ 18.11862586, 47.82709898 ], [ 18.11870632, 47.82720351 ], [ 18.11880669, 47.82727265 ], [ 18.11893298, 47.8273435 ], [ 18.11907005, 47.82736977 ], [ 18.11930913, 47.82736018 ], [ 18.11960496, 47.82733085 ], [ 18.11996156, 47.82724985 ], [ 18.12034521, 47.8270921 ], [ 18.12057149, 47.82700709 ], [ 18.12093575, 47.8268889 ], [ 18.12107838, 47.8268644 ], [ 18.12114655, 47.82685263 ], [ 18.12125287, 47.82684945 ], [ 18.12130307, 47.826848 ], [ 18.12139661, 47.82684523 ], [ 18.12166331, 47.82687158 ], [ 18.12199913, 47.82697334 ], [ 18.12210687, 47.82681243 ], [ 18.12220981, 47.82677357 ], [ 18.1233609, 47.82635337 ], [ 18.1233837, 47.82634506 ], [ 18.12513336, 47.82571002 ], [ 18.12514506, 47.82570565 ], [ 18.1255398, 47.8255582 ], [ 18.12592059, 47.82541597 ], [ 18.12593623, 47.82541012 ], [ 18.1260695, 47.82536068 ], [ 18.12614529, 47.82533257 ], [ 18.1273538, 47.82488784 ], [ 18.12780141, 47.82473267 ], [ 18.12786263, 47.82471146 ], [ 18.12837497, 47.82453385 ], [ 18.12938771, 47.82418685 ], [ 18.1298693, 47.82402186 ], [ 18.13148754, 47.82351852 ], [ 18.1328523, 47.82309399 ], [ 18.13323862, 47.82297382 ], [ 18.13351406, 47.82298847 ], [ 18.13394683, 47.82301387 ], [ 18.13454935, 47.8230492 ], [ 18.13455466, 47.8230496 ], [ 18.13462601, 47.82305445 ], [ 18.13466827, 47.82305731 ], [ 18.13471768, 47.82306077 ], [ 18.13472858, 47.82306151 ], [ 18.13482225, 47.82306794 ], [ 18.13483248, 47.82306864 ], [ 18.13485401, 47.82307009 ], [ 18.1348669, 47.82307094 ], [ 18.1349037, 47.82307348 ], [ 18.1350088, 47.82308068 ], [ 18.13504254, 47.82308304 ], [ 18.13515057, 47.82309041 ], [ 18.13516053, 47.82309109 ], [ 18.13579271, 47.8231344 ], [ 18.13581835, 47.82313618 ], [ 18.13583138, 47.82313704 ], [ 18.13607984, 47.82315407 ], [ 18.13631963, 47.82316769 ], [ 18.136334, 47.82316845 ], [ 18.13634679, 47.82316912 ], [ 18.13700457, 47.82320418 ], [ 18.13701495, 47.82320479 ], [ 18.13711306, 47.82321005 ], [ 18.13724218, 47.82321704 ], [ 18.13724817, 47.82321739 ], [ 18.13726853, 47.82321851 ], [ 18.13727665, 47.82321899 ], [ 18.13741123, 47.82322621 ], [ 18.13744984, 47.82322831 ], [ 18.1375952, 47.82323618 ], [ 18.13759879, 47.82323639 ], [ 18.138293, 47.82327278 ], [ 18.13841386, 47.82327839 ], [ 18.14013159, 47.82318887 ], [ 18.14088388, 47.82314057 ], [ 18.14135053, 47.82311061 ], [ 18.14222928, 47.82312058 ], [ 18.14227251, 47.82312106 ], [ 18.14274906, 47.82312625 ], [ 18.14288241, 47.82307291 ], [ 18.14289754, 47.82306686 ], [ 18.14343667, 47.82292073 ], [ 18.14376303, 47.82262447 ], [ 18.14388169, 47.82255004 ], [ 18.14392012, 47.82252567 ], [ 18.14463126, 47.82207525 ], [ 18.14520213, 47.8218901 ], [ 18.14521151, 47.82188704 ], [ 18.14525489, 47.82187299 ], [ 18.14532402, 47.82185061 ], [ 18.1453313, 47.82184824 ], [ 18.14534054, 47.82184527 ], [ 18.14543109, 47.82181585 ], [ 18.14756918, 47.8240403 ], [ 18.1481674, 47.8244542 ], [ 18.14933913, 47.82527738 ], [ 18.15004614, 47.82576314 ], [ 18.15029363, 47.82593319 ], [ 18.15176926, 47.82598739 ], [ 18.15189501, 47.82598216 ], [ 18.1529675, 47.82593757 ], [ 18.15374165, 47.82590996 ], [ 18.15389222, 47.82590457 ], [ 18.15398752, 47.82590675 ], [ 18.15454061, 47.82591939 ], [ 18.15454476, 47.82591945 ], [ 18.15507506, 47.825932 ], [ 18.15624613, 47.82596956 ], [ 18.15657728, 47.82596008 ], [ 18.15777413, 47.82592601 ], [ 18.15780347, 47.82592512 ], [ 18.15812472, 47.82592165 ], [ 18.15923213, 47.82590948 ], [ 18.15929374, 47.82590886 ], [ 18.1593716, 47.82590803 ], [ 18.15939201, 47.82590778 ], [ 18.15994291, 47.8258577 ], [ 18.16077409, 47.82578204 ], [ 18.16100526, 47.82576097 ], [ 18.16167525, 47.8257001 ], [ 18.16199391, 47.8256711 ], [ 18.16227407, 47.82574355 ], [ 18.16227887, 47.82574483 ], [ 18.16279718, 47.82588185 ], [ 18.16316812, 47.82597996 ], [ 18.16365585, 47.82610886 ], [ 18.16466111, 47.82637463 ], [ 18.16471866, 47.82638984 ], [ 18.16716811, 47.82703736 ], [ 18.16722225, 47.82706022 ], [ 18.16726036, 47.82708268 ], [ 18.16846223, 47.82769662 ], [ 18.16883906, 47.82788912 ], [ 18.16986552, 47.82761218 ], [ 18.17216692, 47.82733268 ], [ 18.17370444, 47.82837071 ], [ 18.17380023, 47.82843538 ], [ 18.17394393, 47.82851821 ], [ 18.17395304, 47.82852344 ], [ 18.17399048, 47.82854495 ], [ 18.17399472, 47.82854737 ], [ 18.17410251, 47.8286094 ], [ 18.17412159, 47.82862045 ], [ 18.1741806, 47.82865443 ], [ 18.1742335, 47.82868489 ], [ 18.17425782, 47.82869896 ], [ 18.17427854, 47.82871083 ], [ 18.17431645, 47.82873273 ], [ 18.17432257, 47.82873625 ], [ 18.17643836, 47.82995255 ], [ 18.17799654, 47.83084043 ], [ 18.17849393, 47.8311242 ], [ 18.1821314, 47.83143738 ], [ 18.18285125, 47.83138418 ], [ 18.18285557, 47.83138389 ], [ 18.18297253, 47.83137522 ], [ 18.18297415, 47.83137514 ], [ 18.18326207, 47.83135384 ], [ 18.18493638, 47.83097473 ], [ 18.18497309, 47.83097075 ], [ 18.1862912, 47.83082784 ], [ 18.1878076, 47.83144086 ], [ 18.18871252, 47.83180723 ], [ 18.18951332, 47.83212669 ], [ 18.19052292, 47.83248203 ], [ 18.19114454, 47.8326952 ], [ 18.19187111, 47.83321161 ], [ 18.19191708, 47.83324499 ], [ 18.19294249, 47.83395772 ], [ 18.19302234, 47.83401322 ], [ 18.19305887, 47.83403865 ], [ 18.19320163, 47.8341344 ], [ 18.19424859, 47.83486219 ], [ 18.19505889, 47.8354222 ], [ 18.19525934, 47.83555716 ], [ 18.19572654, 47.83582544 ], [ 18.19573353, 47.83582946 ], [ 18.19583417, 47.835886 ], [ 18.19663582, 47.83633662 ], [ 18.19754336, 47.83709205 ], [ 18.19812405, 47.83758552 ], [ 18.19868481, 47.83796029 ], [ 18.19963449, 47.83860045 ], [ 18.19972138, 47.83865861 ], [ 18.19992442, 47.83879444 ], [ 18.20045315, 47.83912254 ], [ 18.20095761, 47.8394299 ], [ 18.20137104, 47.83968834 ], [ 18.20163566, 47.83981873 ], [ 18.20186697, 47.839934 ], [ 18.20235678, 47.84008793 ], [ 18.20454381, 47.84054799 ], [ 18.20476855, 47.84064562 ], [ 18.2048198, 47.84069222 ], [ 18.2050005, 47.84084649 ], [ 18.20508435, 47.84088362 ], [ 18.20546542, 47.84100952 ], [ 18.20580429, 47.84125573 ], [ 18.2059797, 47.84130868 ], [ 18.20615131, 47.8413234 ], [ 18.20652191, 47.84145979 ], [ 18.20795802, 47.84199036 ], [ 18.20813405, 47.84209146 ], [ 18.21006901, 47.8432287 ], [ 18.21054832, 47.84350512 ], [ 18.21140306, 47.84398166 ], [ 18.21265316, 47.84469954 ], [ 18.21301691, 47.84485401 ], [ 18.21347098, 47.84501845 ], [ 18.21367611, 47.84507285 ], [ 18.21404759, 47.84521116 ], [ 18.21574284, 47.84576018 ], [ 18.21774523, 47.84639144 ], [ 18.21912746, 47.84629828 ], [ 18.22046186, 47.84657793 ], [ 18.22114913, 47.84672172 ], [ 18.22211589, 47.84692901 ], [ 18.22254455, 47.84702341 ], [ 18.22284161, 47.84708261 ], [ 18.2235866, 47.8472209 ], [ 18.22372502, 47.84724675 ], [ 18.22579581, 47.84763387 ], [ 18.22636923, 47.84780295 ], [ 18.2267446, 47.84796455 ], [ 18.22732041, 47.8482569 ], [ 18.22778649, 47.84848489 ], [ 18.22790397, 47.84849119 ], [ 18.22792328, 47.8484776 ], [ 18.22835832, 47.84810818 ], [ 18.22848064, 47.84800264 ], [ 18.22912285, 47.84744858 ], [ 18.22930293, 47.84729324 ], [ 18.22934878, 47.84725366 ], [ 18.22949576, 47.84712736 ], [ 18.22977402, 47.84688827 ], [ 18.22979433, 47.84687113 ], [ 18.22980742, 47.84686007 ], [ 18.23133682, 47.84655326 ], [ 18.23169863, 47.84648215 ], [ 18.23267799, 47.84664693 ], [ 18.23271658, 47.84665342 ], [ 18.23285468, 47.84667869 ], [ 18.23411723, 47.84695752 ], [ 18.23519474, 47.84720914 ], [ 18.23524299, 47.84722187 ], [ 18.235634, 47.84731404 ], [ 18.23736219, 47.84770566 ], [ 18.23854726, 47.84797307 ], [ 18.24008666, 47.84834492 ], [ 18.24044878, 47.8484408 ], [ 18.24053178, 47.84846278 ], [ 18.2405703, 47.84847296 ], [ 18.24062491, 47.84848742 ], [ 18.24080857, 47.848536 ], [ 18.24108535, 47.84860923 ], [ 18.24116927, 47.84863144 ], [ 18.24142576, 47.84862242 ], [ 18.24175527, 47.84861079 ], [ 18.24186546, 47.8486069 ], [ 18.24197458, 47.84860304 ], [ 18.24205864, 47.84860007 ], [ 18.24216884, 47.84859619 ], [ 18.24249453, 47.84858505 ], [ 18.24267461, 47.8485789 ], [ 18.24269467, 47.84857826 ], [ 18.24272606, 47.8485772 ], [ 18.24274087, 47.84857671 ], [ 18.24275138, 47.84857632 ], [ 18.24280849, 47.84857441 ], [ 18.24287187, 47.84856852 ], [ 18.24317848, 47.84853984 ], [ 18.24325029, 47.84853309 ], [ 18.24362042, 47.84849854 ], [ 18.2440238, 47.84846086 ], [ 18.24435932, 47.84842953 ], [ 18.24464295, 47.84846198 ], [ 18.24466859, 47.84846491 ], [ 18.24489842, 47.84849117 ], [ 18.24495975, 47.84849816 ], [ 18.24517148, 47.84852238 ], [ 18.24518892, 47.84852438 ], [ 18.24542908, 47.84855178 ], [ 18.24553203, 47.84856363 ], [ 18.24563171, 47.84857474 ], [ 18.24566362, 47.84857795 ], [ 18.24567101, 47.84857892 ], [ 18.24595572, 47.84861757 ], [ 18.24623384, 47.84865529 ], [ 18.246491, 47.84869018 ], [ 18.24674803, 47.84872505 ], [ 18.24676464, 47.84872728 ], [ 18.24693324, 47.84874691 ], [ 18.24694752, 47.84874855 ], [ 18.24703864, 47.84876476 ], [ 18.24710668, 47.84878009 ], [ 18.24728786, 47.84882085 ], [ 18.24748521, 47.84886516 ], [ 18.24765934, 47.84890443 ], [ 18.24780389, 47.84893701 ], [ 18.24783534, 47.8489438 ], [ 18.24813859, 47.84900943 ], [ 18.24845371, 47.84907764 ], [ 18.24867997, 47.84912661 ], [ 18.24987524, 47.84940406 ], [ 18.25005884, 47.84945001 ], [ 18.25082974, 47.84964315 ], [ 18.25195776, 47.84992858 ], [ 18.25211775, 47.85012129 ], [ 18.25209317, 47.8502169 ], [ 18.25206477, 47.85032764 ], [ 18.25203606, 47.8504398 ], [ 18.25200897, 47.85054556 ], [ 18.25199028, 47.85061822 ], [ 18.25192387, 47.85074724 ], [ 18.25186173, 47.85086803 ], [ 18.25180409, 47.85097987 ], [ 18.25174944, 47.85108619 ], [ 18.25171513, 47.85117817 ], [ 18.25167675, 47.85128102 ], [ 18.25166512, 47.85131212 ], [ 18.2514183, 47.85197337 ], [ 18.25128231, 47.8522519 ], [ 18.25105758, 47.85345893 ], [ 18.25105011, 47.85350255 ], [ 18.25098531, 47.85383468 ], [ 18.25014558, 47.85472276 ], [ 18.24949121, 47.85543781 ], [ 18.2491948, 47.85575713 ], [ 18.24907508, 47.85588135 ], [ 18.24903132, 47.85592557 ], [ 18.24869352, 47.8562664 ], [ 18.24825776, 47.85676666 ], [ 18.248251, 47.85677439 ], [ 18.2478836, 47.85722472 ], [ 18.24703753, 47.85804318 ], [ 18.24700813, 47.85807162 ], [ 18.24699695, 47.85808244 ], [ 18.24645636, 47.85863645 ], [ 18.24626027, 47.85883828 ], [ 18.24582501, 47.85928828 ], [ 18.24546493, 47.85968225 ], [ 18.2450645, 47.8601126 ], [ 18.24506195, 47.86012094 ], [ 18.24508023, 47.86012904 ], [ 18.24511905, 47.86014637 ], [ 18.24545933, 47.86022598 ], [ 18.24559387, 47.86025635 ], [ 18.24621683, 47.86039724 ], [ 18.24654459, 47.86046366 ], [ 18.24659662, 47.86047417 ], [ 18.24689744, 47.86036255 ], [ 18.24778119, 47.86003544 ], [ 18.24782937, 47.86001639 ], [ 18.24863564, 47.86024869 ], [ 18.24954267, 47.86031866 ], [ 18.25011099, 47.86036996 ], [ 18.25075063, 47.86038496 ], [ 18.25106352, 47.86037901 ], [ 18.25123903, 47.86037953 ], [ 18.25171853, 47.86040491 ], [ 18.2520569, 47.86044819 ], [ 18.25251787, 47.86055743 ], [ 18.25328463, 47.8606974 ], [ 18.25359024, 47.86080594 ], [ 18.25420148, 47.86037433 ], [ 18.25626785, 47.86106553 ], [ 18.25742806, 47.86132054 ], [ 18.25912288, 47.86130456 ], [ 18.25918942, 47.86130345 ], [ 18.26032709, 47.86128921 ], [ 18.26038315, 47.86128821 ], [ 18.26156988, 47.86126795 ], [ 18.2618152, 47.86126699 ], [ 18.26203983, 47.86126836 ], [ 18.26244713, 47.86120068 ], [ 18.26307234, 47.8611848 ], [ 18.26358671, 47.86113263 ], [ 18.26364766, 47.86111964 ], [ 18.26391505, 47.86106245 ], [ 18.26396469, 47.86105188 ], [ 18.26404696, 47.86103895 ], [ 18.26424682, 47.86100746 ], [ 18.26429733, 47.86099946 ], [ 18.26430013, 47.86099963 ], [ 18.26458537, 47.86101163 ], [ 18.26484353, 47.86102251 ], [ 18.26486105, 47.86102081 ], [ 18.26532162, 47.86097598 ], [ 18.26578029, 47.86093131 ], [ 18.26632128, 47.86087859 ], [ 18.26659423, 47.86085241 ], [ 18.26695556, 47.86078856 ], [ 18.26696453, 47.86078872 ], [ 18.26751764, 47.8608006 ], [ 18.26774865, 47.86080557 ], [ 18.26800025, 47.8608111 ], [ 18.26815995, 47.86081041 ], [ 18.26892238, 47.86080705 ], [ 18.26963543, 47.86080388 ], [ 18.26964214, 47.86080382 ], [ 18.27058195, 47.86079473 ], [ 18.2706808, 47.86079376 ], [ 18.27096242, 47.86079101 ], [ 18.27142991, 47.86078645 ], [ 18.27144079, 47.86078636 ], [ 18.27184395, 47.86078142 ], [ 18.2718923, 47.86078087 ], [ 18.27199442, 47.86077947 ], [ 18.27212168, 47.86077762 ], [ 18.27238182, 47.86077398 ], [ 18.27240292, 47.86077366 ], [ 18.27255692, 47.86077146 ], [ 18.27258836, 47.86077103 ], [ 18.27278426, 47.86076836 ], [ 18.27280066, 47.86076814 ], [ 18.27284526, 47.86076756 ], [ 18.27291969, 47.86076662 ], [ 18.27295879, 47.86076609 ], [ 18.27298163, 47.86076578 ], [ 18.27310524, 47.86076417 ], [ 18.27317605, 47.86076321 ], [ 18.27347326, 47.86075918 ], [ 18.27349872, 47.86075831 ], [ 18.27364196, 47.8607563 ], [ 18.27366975, 47.8607561 ], [ 18.27429192, 47.86075235 ], [ 18.27518646, 47.86074692 ], [ 18.27556058, 47.86074462 ], [ 18.27619176, 47.8607375 ], [ 18.27679381, 47.86073067 ], [ 18.2771734, 47.86072643 ], [ 18.27718724, 47.86072624 ], [ 18.27773529, 47.86071791 ], [ 18.27807717, 47.86071275 ], [ 18.27812837, 47.86071201 ], [ 18.27825348, 47.86071012 ], [ 18.27902225, 47.86071274 ], [ 18.27940784, 47.86071407 ], [ 18.27942876, 47.8607141 ], [ 18.27998712, 47.86077948 ], [ 18.28006615, 47.86078874 ], [ 18.28047581, 47.8608411 ], [ 18.28057762, 47.86085266 ], [ 18.28068185, 47.86086518 ], [ 18.28113697, 47.86091972 ], [ 18.28153119, 47.86096694 ], [ 18.28153819, 47.8609678 ], [ 18.28218397, 47.86095986 ], [ 18.28243639, 47.86095467 ], [ 18.28277998, 47.86094769 ], [ 18.28335422, 47.86093589 ], [ 18.28355867, 47.86093144 ], [ 18.28410571, 47.86091942 ], [ 18.28447977, 47.86084488 ], [ 18.28490971, 47.8607592 ], [ 18.28515359, 47.86071054 ], [ 18.28520519, 47.86070025 ], [ 18.28602695, 47.86053645 ], [ 18.28603053, 47.86053575 ], [ 18.28636327, 47.86054123 ], [ 18.28691045, 47.86055015 ], [ 18.28717909, 47.86055454 ], [ 18.28721452, 47.86052905 ], [ 18.28722604, 47.86052078 ], [ 18.28757825, 47.86063778 ], [ 18.28760383, 47.86064756 ], [ 18.28799196, 47.86079632 ], [ 18.28842433, 47.86096207 ], [ 18.28868587, 47.86106227 ], [ 18.28908646, 47.86121852 ], [ 18.28910028, 47.86122591 ], [ 18.28930007, 47.86133275 ], [ 18.28951594, 47.86144819 ], [ 18.28952662, 47.86145386 ], [ 18.28977096, 47.86151742 ], [ 18.28981808, 47.8615297 ], [ 18.29008947, 47.86154201 ], [ 18.29015435, 47.86154232 ], [ 18.2906141, 47.86154482 ], [ 18.29085268, 47.86154612 ], [ 18.29103305, 47.86154434 ], [ 18.291089, 47.86153474 ], [ 18.29134185, 47.86149137 ], [ 18.29137577, 47.86148313 ], [ 18.29168585, 47.86140749 ], [ 18.29194304, 47.86134478 ], [ 18.29197292, 47.86133134 ], [ 18.2920317, 47.86130476 ], [ 18.2923634, 47.86115517 ], [ 18.29255806, 47.86106737 ], [ 18.29257103, 47.86106135 ], [ 18.29281944, 47.86094749 ], [ 18.29300064, 47.86086433 ], [ 18.29300933, 47.86086032 ], [ 18.29324899, 47.86079308 ], [ 18.29338183, 47.86075578 ], [ 18.29339446, 47.86075461 ], [ 18.29360782, 47.86073486 ], [ 18.29381493, 47.86071575 ], [ 18.29385763, 47.86071857 ], [ 18.29418493, 47.86074041 ], [ 18.2942259, 47.86074313 ], [ 18.2943616, 47.86077821 ], [ 18.29456638, 47.86083118 ], [ 18.29460871, 47.8608421 ], [ 18.29469711, 47.86088953 ], [ 18.29485205, 47.86097256 ], [ 18.2949824, 47.86104236 ], [ 18.29516573, 47.86114057 ], [ 18.2951813, 47.86114896 ], [ 18.29534277, 47.86131352 ], [ 18.29543932, 47.86141178 ], [ 18.29580026, 47.86177973 ], [ 18.29581321, 47.86179285 ], [ 18.29617181, 47.86213602 ], [ 18.2965335, 47.86248235 ], [ 18.29653889, 47.86248744 ], [ 18.29672109, 47.86264516 ], [ 18.29673656, 47.86265851 ], [ 18.29691577, 47.8627544 ], [ 18.29697881, 47.86278818 ], [ 18.29699953, 47.86279614 ], [ 18.29725135, 47.8628927 ], [ 18.29730047, 47.86291674 ], [ 18.29770317, 47.86311369 ], [ 18.29774964, 47.86313641 ], [ 18.29795869, 47.86324557 ], [ 18.29803129, 47.86328956 ], [ 18.29815672, 47.86336539 ], [ 18.29837818, 47.86349936 ], [ 18.29868122, 47.86368263 ], [ 18.29883818, 47.86373518 ], [ 18.2991499, 47.86383969 ], [ 18.29918438, 47.86385124 ], [ 18.29923275, 47.86385692 ], [ 18.29947381, 47.86388524 ], [ 18.29950236, 47.86389275 ], [ 18.29988048, 47.86399197 ], [ 18.30012374, 47.8640558 ], [ 18.30012637, 47.86405622 ], [ 18.30044042, 47.86410228 ], [ 18.30072314, 47.86414374 ], [ 18.30076291, 47.86414955 ], [ 18.30108206, 47.86422307 ], [ 18.30112984, 47.86422609 ], [ 18.30152318, 47.86425099 ], [ 18.30158798, 47.86425508 ], [ 18.30168494, 47.86425732 ], [ 18.30201463, 47.86426484 ], [ 18.30212707, 47.86426038 ], [ 18.30243013, 47.8642484 ], [ 18.30273441, 47.8642363 ], [ 18.30275396, 47.86423553 ], [ 18.30330328, 47.86428592 ], [ 18.30333619, 47.86429296 ], [ 18.3037633, 47.8643846 ], [ 18.30382773, 47.86440853 ], [ 18.30403949, 47.86448696 ], [ 18.30442073, 47.86462823 ], [ 18.30465477, 47.86471498 ], [ 18.30466715, 47.86472102 ], [ 18.30491413, 47.86484003 ], [ 18.30492633, 47.86484642 ], [ 18.30523804, 47.86500814 ], [ 18.30524267, 47.86501815 ], [ 18.30533192, 47.86521311 ], [ 18.30544552, 47.86546137 ], [ 18.30546034, 47.86548298 ], [ 18.3056498, 47.86575817 ], [ 18.30565346, 47.86576209 ], [ 18.30578656, 47.86590432 ], [ 18.30586487, 47.86598799 ], [ 18.30588047, 47.86600459 ], [ 18.30605486, 47.86611012 ], [ 18.30628095, 47.86624688 ], [ 18.30629352, 47.86625455 ], [ 18.30638296, 47.86632243 ], [ 18.30658324, 47.8664744 ], [ 18.30670303, 47.86656523 ], [ 18.30675919, 47.86660781 ], [ 18.30699337, 47.86678547 ], [ 18.30716393, 47.86691488 ], [ 18.30730487, 47.86702182 ], [ 18.30731576, 47.86703012 ], [ 18.30734223, 47.86701603 ] ] ] ] } }
]
}
