{
"type": "FeatureCollection",
"name": "gis",
"crs": { "type": "name", "properties": { "name": "urn:ogc:def:crs:OGC:1.3:CRS84" } },
"features": [
{ "type": "Feature", "properties": { "@featureType": "CadastralZoning", "beginLifespanVersion": { "@nilReason": "http://inspire.ec.europa.eu/codelist/VoidReasonValue/Unpopulated", "@nil": "true" }, "endLifespanVersion": { "@nilReason": "http://inspire.ec.europa.eu/codelist/VoidReasonValue/Unpopulated", "@nil": "true" }, "estimatedAccuracy": { "value": -1, "@uom": "m" }, "inspireId": { "@dataType": "Identifier", "localId": "842044", "namespace": "SK.ESKN.CP", "versionId": "20260703T04:07:40" }, "label": "Nové Mesto nad Váhom", "level": { "@href": "http://inspire.ec.europa.eu/codelist/CadastralZoningLevelValue/3rdOrder" }, "levelName": { "value": "Katastrálne územie", "@locale": "sk" }, "name_1": { "@dataType": "name", "GeographicalName": { "@dataType": "GeographicalName", "language": "SLK", "nativeness": { "@href": "http://inspire.ec.europa.eu/codelist/NativenessValue/endonym", "@title": "endonym" }, "nameStatus": { "@href": "http://inspire.ec.europa.eu/codelist/NameStatusValue/official", "@title": "official" }, "sourceOfName": { "@nilReason": "http://inspire.ec.europa.eu/codelist/VoidReasonValue/Unpopulated", "@nil": "true" }, "pronunciation": { "@dataType": "pronunciation", "@nilReason": "http://inspire.ec.europa.eu/codelist/VoidReasonValue/Unpopulated", "@nil": "true" }, "spelling": { "@dataType": "SpellingOfName", "text": "Nové Mesto nad Váhom", "script": "LATN" } } }, "nationalCadastalZoningReference": "842044", "validFrom": "2026-06-30T16:00:00Z", "validTo": { "@nilReason": "http://inspire.ec.europa.eu/codelist/VoidReasonValue/Unpopulated", "@nil": "true" }, "place_id": 186108218, "osm_type": "relation", "osm_id": 5734913, "place_rank": 22, "category": "boundary", "type": "administrative", "importance": 0.51346628514201864, "addresstype": "town", "name_2": "Nové Mesto nad Váhom - Okrajová časť mesta", "display_name": "Nové Mesto nad Váhom - Okrajová časť mesta, Nové Mesto nad Váhom, okres Nové Mesto nad Váhom, Trenčiansky kraj, Slovensko" }, "geometry": { "type": "Polygon", "coordinates": [ [ [ 17.83626812, 48.72227854 ], [ 17.83347568, 48.72196586 ], [ 17.83271017, 48.72186491 ], [ 17.8324774, 48.7218338 ], [ 17.83192329, 48.72176645 ], [ 17.83175648, 48.7217528 ], [ 17.83156351929636, 48.721726801781692 ], [ 17.8308653, 48.7216331 ], [ 17.8304022, 48.7215813 ], [ 17.829878468484747, 48.721511355099075 ], [ 17.8292693, 48.72143019 ], [ 17.82917787, 48.72165918 ], [ 17.829177713959684, 48.721659165070307 ], [ 17.8291777, 48.7216592 ], [ 17.8258008, 48.7213366 ], [ 17.82547212171313, 48.721304495200187 ], [ 17.82543149, 48.72130061 ], [ 17.82534433, 48.72129233 ], [ 17.82502387, 48.72126164 ], [ 17.82502037, 48.72126134 ], [ 17.822268177733058, 48.720997758433825 ], [ 17.818732, 48.7206595 ], [ 17.8125334, 48.7206264 ], [ 17.8122997, 48.7197552 ], [ 17.81048504214834, 48.719739126772701 ], [ 17.81039166, 48.71973838 ], [ 17.81033706, 48.71942166 ], [ 17.81028931, 48.71939699 ], [ 17.8076336, 48.72042738 ], [ 17.80739973, 48.72053071 ], [ 17.80740672, 48.72056284 ], [ 17.807406509966146, 48.7205629729823 ], [ 17.8074066, 48.7205634 ], [ 17.80733069211194, 48.720610976827857 ], [ 17.80726541, 48.72065231 ], [ 17.806905571925082, 48.72110337725811 ], [ 17.8068029, 48.7212322 ], [ 17.806702859867812, 48.721282269837303 ], [ 17.806690072639995, 48.721610194929639 ], [ 17.8066885, 48.721652 ], [ 17.806849, 48.7219801 ], [ 17.807184564723762, 48.722770706495673 ], [ 17.807201258789853, 48.722809987152559 ], [ 17.807203068874411, 48.722812670498413 ], [ 17.80751741, 48.72327848 ], [ 17.807562513069062, 48.723384443595947 ], [ 17.8076152, 48.7235079 ], [ 17.807676045164918, 48.723631546316774 ], [ 17.80770231, 48.72368479 ], [ 17.80788439, 48.72408984 ], [ 17.807905283035815, 48.72412094881728 ], [ 17.80799, 48.7242465 ], [ 17.808048243312388, 48.724297090531479 ], [ 17.8081035, 48.7243446 ], [ 17.8083172, 48.72446962 ], [ 17.808678747251555, 48.724386863948467 ], [ 17.8094149, 48.7242182 ], [ 17.8097529, 48.724459 ], [ 17.809760702969076, 48.7244651468896 ], [ 17.80990979, 48.72458247 ], [ 17.8100585, 48.72471346 ], [ 17.810058302300259, 48.724713513871698 ], [ 17.8100584, 48.7247136 ], [ 17.809460799923322, 48.724876328805976 ], [ 17.80890056, 48.72502899 ], [ 17.808839143824777, 48.725045608159498 ], [ 17.808534, 48.7251287 ], [ 17.8079573, 48.7253057 ], [ 17.807939057527896, 48.725312157657662 ], [ 17.80740225, 48.72550259 ], [ 17.80732309, 48.72556424 ], [ 17.8072482, 48.72557855 ], [ 17.80718775, 48.72559013 ], [ 17.806658485851688, 48.725835202616182 ], [ 17.806929273087658, 48.725977396826849 ], [ 17.80703061, 48.72603041 ], [ 17.807040360598652, 48.726168824588235 ], [ 17.8076658, 48.7264226 ], [ 17.8078938, 48.7266171 ], [ 17.8081834, 48.727013 ], [ 17.808192877223693, 48.727050802409117 ], [ 17.80820131, 48.72708348 ], [ 17.808201097139783, 48.727083589714873 ], [ 17.8082012, 48.727084 ], [ 17.808143944364978, 48.727113075905088 ], [ 17.80813212, 48.72714023 ], [ 17.808123603190079, 48.727159405273795 ], [ 17.808134744182183, 48.727177823409029 ], [ 17.80817368, 48.72724174 ], [ 17.80820507, 48.72729378 ], [ 17.80840328, 48.72739871 ], [ 17.808501011246886, 48.727490820799481 ], [ 17.8087155, 48.7276922 ], [ 17.808714983007157, 48.72769248721152 ], [ 17.80871523, 48.72769272 ], [ 17.80843222, 48.72784978 ], [ 17.80841356, 48.72786021 ], [ 17.807900214022606, 48.728145126050414 ], [ 17.8070069, 48.7286414 ], [ 17.806758066758661, 48.728788751316692 ], [ 17.80673302, 48.72880363 ], [ 17.80665997, 48.72884686 ], [ 17.80655222, 48.72891083 ], [ 17.806476238398592, 48.728945363296511 ], [ 17.8062427, 48.7290521 ], [ 17.806175343276688, 48.729116932506855 ], [ 17.80614115, 48.72915012 ], [ 17.806092681329019, 48.729245103844221 ], [ 17.806083518362552, 48.729296066410527 ], [ 17.80608053, 48.72931288 ], [ 17.806077436719477, 48.729329891279313 ], [ 17.8060393, 48.729542 ], [ 17.8060086521076, 48.729466256479398 ], [ 17.80598537, 48.72940895 ], [ 17.80596045, 48.72934773 ], [ 17.805942425555891, 48.729348895928688 ], [ 17.8058942, 48.7293526 ], [ 17.805796423407706, 48.729448481697091 ], [ 17.80576552, 48.72947891 ], [ 17.805765428785406, 48.729478875648418 ], [ 17.8057652, 48.7294791 ], [ 17.8055254, 48.7293887 ], [ 17.8054154, 48.7296417 ], [ 17.805345368602595, 48.729835047553713 ], [ 17.80534188, 48.72984469 ], [ 17.80533376, 48.72991075 ], [ 17.805274203322302, 48.730014772205948 ], [ 17.8052766, 48.730139 ], [ 17.8052644, 48.7302264 ], [ 17.805218984681133, 48.730301388084641 ], [ 17.80519842, 48.73033547 ], [ 17.805174065804948, 48.730375698711235 ], [ 17.8051291, 48.730637 ], [ 17.80509735000016, 48.730733199999513 ], [ 17.80506564, 48.73082998 ], [ 17.805047783132746, 48.730914893339765 ], [ 17.8050398, 48.7309532 ], [ 17.805010271400562, 48.731001868672422 ], [ 17.80499291, 48.73103065 ], [ 17.80494997, 48.7312438 ], [ 17.804916795783871, 48.73128868027711 ], [ 17.8048793, 48.7313397 ], [ 17.804841646429654, 48.731422673137047 ], [ 17.80474595, 48.73163425 ], [ 17.804656792780914, 48.731738859331116 ], [ 17.8045881, 48.7318198 ], [ 17.804542752120742, 48.731866267103506 ], [ 17.80447078, 48.73194053 ], [ 17.804285308427691, 48.732033003615435 ], [ 17.8041771, 48.7320872 ], [ 17.8040358, 48.7321891 ], [ 17.804006210627062, 48.732207113550842 ], [ 17.80393792, 48.73224916 ], [ 17.803856092296265, 48.732336054938443 ], [ 17.803791989945442, 48.732404503955522 ], [ 17.80377717, 48.73247102 ], [ 17.80380361, 48.73263402 ], [ 17.803803455502106, 48.732634226128063 ], [ 17.8038035, 48.7326345 ], [ 17.8036934, 48.7327813 ], [ 17.8036029, 48.733076 ], [ 17.8033827, 48.7336948 ], [ 17.803315645308054, 48.733781431652616 ], [ 17.80296375, 48.73423639 ], [ 17.80286511, 48.73441028 ], [ 17.80283541, 48.73446275 ], [ 17.80279406, 48.7345351 ], [ 17.80252491, 48.73490966 ], [ 17.802332330256352, 48.735177444717586 ], [ 17.8019926, 48.7356501 ], [ 17.8015162, 48.7362555 ], [ 17.800754989360527, 48.737281404773455 ], [ 17.80071994, 48.73732867 ], [ 17.800719912591383, 48.737328678711883 ], [ 17.8007196, 48.7373291 ], [ 17.799098, 48.7378443 ], [ 17.7978563, 48.7383533 ], [ 17.797191662227601, 48.738865332551207 ], [ 17.7969237, 48.73907189 ], [ 17.79575161, 48.73955616 ], [ 17.79459225, 48.73974261 ], [ 17.794159111386264, 48.739791816412584 ], [ 17.7937341, 48.7398403 ], [ 17.792946601626443, 48.740232299634719 ], [ 17.79322052, 48.74058171 ], [ 17.793220155480302, 48.740581860206341 ], [ 17.7932205, 48.7405823 ], [ 17.7927878, 48.7407601 ], [ 17.7930276, 48.7411394 ], [ 17.793221947011066, 48.741348696781152 ], [ 17.79331095, 48.74144442 ], [ 17.793310872332803, 48.741444462512256 ], [ 17.793311, 48.7414446 ], [ 17.793122536036652, 48.741547551084899 ], [ 17.79305295, 48.74158564 ], [ 17.79305275521126, 48.741585669840077 ], [ 17.7930527, 48.7415857 ], [ 17.7928904, 48.7416108 ], [ 17.7926831, 48.7416908 ], [ 17.7925688, 48.7417571 ], [ 17.792494032119034, 48.741785204637196 ], [ 17.79230245, 48.74185764 ], [ 17.7920523, 48.74191227 ], [ 17.7918316, 48.74189969 ], [ 17.7917761, 48.74179939 ], [ 17.791659979140665, 48.741656631065247 ], [ 17.7914817, 48.7414379 ], [ 17.791287637481741, 48.741610158736805 ], [ 17.79104374, 48.74182692 ], [ 17.790964193142486, 48.741804095869455 ], [ 17.790911602773782, 48.741789229053211 ], [ 17.79046724, 48.74219046 ], [ 17.790291871355546, 48.742390670960965 ], [ 17.7902444, 48.742445 ], [ 17.790155510587351, 48.742445569317326 ], [ 17.79001015, 48.74244694 ], [ 17.789455371127115, 48.742424523497291 ], [ 17.789119, 48.7424112 ], [ 17.78890814467244, 48.742851373270227 ], [ 17.78880967, 48.74305712 ], [ 17.788809504600845, 48.743057290395448 ], [ 17.7888095, 48.7430573 ], [ 17.7886732, 48.743198 ], [ 17.788649531107279, 48.743199830283444 ], [ 17.78861629, 48.74320291 ], [ 17.788488533110151, 48.743326859315033 ], [ 17.7884811, 48.7433341 ], [ 17.788475982270985, 48.743343430063057 ], [ 17.78840157, 48.74347989 ], [ 17.78838536, 48.74360182 ], [ 17.788347705264414, 48.743696630528177 ], [ 17.7883435, 48.7437073 ], [ 17.788203606218705, 48.743883892149938 ], [ 17.78810264, 48.74414866 ], [ 17.78802975, 48.74425692 ], [ 17.7879235, 48.74464801 ], [ 17.78778394, 48.74481704 ], [ 17.787711504163113, 48.744880009955509 ], [ 17.7876596, 48.7449254 ], [ 17.787551550657756, 48.74504967993014 ], [ 17.78754337, 48.74505911 ], [ 17.787543304671505, 48.74505916458385 ], [ 17.7875431, 48.7450594 ], [ 17.7870986, 48.7454309 ], [ 17.787049362140696, 48.745453991815602 ], [ 17.78688597, 48.74553113 ], [ 17.786791861297665, 48.745564505206175 ], [ 17.7867677, 48.7455732 ], [ 17.7863508, 48.745664 ], [ 17.7856271, 48.7457755 ], [ 17.785289701208431, 48.745843033003787 ], [ 17.78524719, 48.74585158 ], [ 17.785202091226342, 48.74586574370327 ], [ 17.7849171, 48.7459557 ], [ 17.7848276, 48.7459942 ], [ 17.784443, 48.7460892 ], [ 17.784330393832079, 48.746092032523443 ], [ 17.78423222, 48.7460949 ], [ 17.784209520591379, 48.746102240762688 ], [ 17.783906725256269, 48.746205134866429 ], [ 17.78387737, 48.74621537 ], [ 17.783835611849401, 48.746250954275055 ], [ 17.783327041466503, 48.746687308172739 ], [ 17.7832779, 48.74672984 ], [ 17.78310590728038, 48.746822402392709 ], [ 17.7830569, 48.7468489 ], [ 17.782937093364183, 48.746891601509112 ], [ 17.78280022, 48.74694051 ], [ 17.78262782329481, 48.746986867112192 ], [ 17.7823219, 48.7470693 ], [ 17.782289635439074, 48.747082555655666 ], [ 17.78216902, 48.74713277 ], [ 17.78195036, 48.74731358 ], [ 17.78186822, 48.74791378 ], [ 17.78170207, 48.74823761 ], [ 17.78163386, 48.74833179 ], [ 17.78136401, 48.74850939 ], [ 17.781153162047641, 48.748694108474453 ], [ 17.7810973, 48.7487432 ], [ 17.780932732494708, 48.748827746136882 ], [ 17.78090107, 48.74884406 ], [ 17.78050531, 48.74905965 ], [ 17.78017075, 48.74926923 ], [ 17.779893124758633, 48.749419438742301 ], [ 17.7796408, 48.7495562 ], [ 17.779531999516891, 48.749616732393292 ], [ 17.77931006, 48.7497407 ], [ 17.779054815676204, 48.749833006231391 ], [ 17.7789511, 48.7498707 ], [ 17.7776312, 48.750131 ], [ 17.777614131721897, 48.750143629468937 ], [ 17.77759891, 48.75015525 ], [ 17.7774725, 48.75018509 ], [ 17.77739762, 48.75019604 ], [ 17.777265393128612, 48.750238794238108 ], [ 17.777257833516668, 48.750241256511714 ], [ 17.77710856, 48.75039069 ], [ 17.77705762, 48.7506084 ], [ 17.777041685229555, 48.750858697838773 ], [ 17.7770344, 48.750974 ], [ 17.777015669178866, 48.751042598591688 ], [ 17.77699603, 48.75111493 ], [ 17.77694363, 48.75122191 ], [ 17.776943398184322, 48.751222099711448 ], [ 17.7769433, 48.7512223 ], [ 17.7768237, 48.7513201 ], [ 17.776793717042249, 48.751340526985835 ], [ 17.77668724, 48.75141341 ], [ 17.77659241, 48.7515084 ], [ 17.77650677, 48.75161091 ], [ 17.77599575, 48.75204171 ], [ 17.77589462, 48.75209775 ], [ 17.77568902, 48.75231765 ], [ 17.775428875050011, 48.752525236260837 ], [ 17.7751573, 48.7527422 ], [ 17.7749761, 48.7529851 ], [ 17.7749106, 48.7531809 ], [ 17.774881062889268, 48.753236926016015 ], [ 17.7748137, 48.75336523 ], [ 17.77466632, 48.75367061 ], [ 17.77464007, 48.75380936 ], [ 17.77462531, 48.75404653 ], [ 17.774631639465188, 48.754296648330808 ], [ 17.7746366, 48.7544895 ], [ 17.774609, 48.7547633 ], [ 17.774608950613889, 48.754763445176081 ], [ 17.77460893, 48.75476365 ], [ 17.7745264, 48.75500688 ], [ 17.774280366741923, 48.755786773532876 ], [ 17.774279227500077, 48.755799568749126 ], [ 17.77426733, 48.75593639 ], [ 17.77429244, 48.75601361 ], [ 17.774337401982891, 48.756315258211011 ], [ 17.7743642, 48.7564938 ], [ 17.774331781602452, 48.756760357116207 ], [ 17.7743027, 48.75699997 ], [ 17.77430468, 48.75704245 ], [ 17.774376, 48.75728823 ], [ 17.77435557, 48.75752976 ], [ 17.77437381, 48.75760051 ], [ 17.77451922, 48.75786347 ], [ 17.774591089831311, 48.758095700031205 ], [ 17.774667, 48.7583401 ], [ 17.774813902160226, 48.758499731387225 ], [ 17.77488043, 48.75857173 ], [ 17.77496063, 48.75881751 ], [ 17.775042354620105, 48.759093699048094 ], [ 17.775110712963173, 48.759181699235484 ], [ 17.77544763, 48.75961475 ], [ 17.775565310184511, 48.759971347974066 ], [ 17.7755797, 48.7600148 ], [ 17.7755724, 48.7602673 ], [ 17.775636293208439, 48.760416868192486 ], [ 17.7757222, 48.76061709 ], [ 17.775742108109309, 48.760812808169376 ], [ 17.7757691, 48.76084 ], [ 17.7758053, 48.7608765 ], [ 17.775921420479392, 48.760943489297901 ], [ 17.77594111, 48.76095437 ], [ 17.77611447492853, 48.76102063454514 ], [ 17.7762533, 48.7610733 ], [ 17.776598721957196, 48.761110048483665 ], [ 17.77675417, 48.7611264 ], [ 17.7772858, 48.76121077 ], [ 17.777442681811674, 48.761206880034813 ], [ 17.77748, 48.7612059 ], [ 17.777528438920253, 48.761199291733327 ], [ 17.77762896, 48.76118542 ], [ 17.777678654729037, 48.761175856210031 ], [ 17.7777956, 48.761153 ], [ 17.778235749801837, 48.761149209920475 ], [ 17.77841116, 48.76114756 ], [ 17.778518093972345, 48.76115790879777 ], [ 17.7787077, 48.761176 ], [ 17.778713764979599, 48.761185768594196 ], [ 17.77875672, 48.7612544 ], [ 17.77891365, 48.76181611 ], [ 17.77905903, 48.7621254 ], [ 17.779096361052869, 48.762189546316193 ], [ 17.7791116, 48.7622156 ], [ 17.779167394820693, 48.762299967587339 ], [ 17.77927285, 48.76245919 ], [ 17.77939333, 48.76273859 ], [ 17.77941106, 48.76289114 ], [ 17.779478693342714, 48.763010484731758 ], [ 17.7797225, 48.7632318 ], [ 17.77979943581121, 48.763286111026517 ], [ 17.779856, 48.76332577 ], [ 17.78014186, 48.76347863 ], [ 17.780198522755796, 48.763511795309533 ], [ 17.780274, 48.7635557 ], [ 17.780274073832032, 48.763556016152556 ], [ 17.7802742, 48.76355609 ], [ 17.78030155, 48.7636721 ], [ 17.78031205, 48.76386268 ], [ 17.78025635, 48.76422958 ], [ 17.780326709034231, 48.764375262683942 ], [ 17.7804129, 48.7645532 ], [ 17.7805683, 48.7647941 ], [ 17.780774062621244, 48.765091323661444 ], [ 17.78077669, 48.76509511 ], [ 17.78092401, 48.7654699 ], [ 17.78103597, 48.76566957 ], [ 17.7810798, 48.76579581 ], [ 17.781044997212369, 48.765925423139578 ], [ 17.781203, 48.7662881 ], [ 17.7812464, 48.7664602 ], [ 17.7812097, 48.7666341 ], [ 17.781218, 48.7668829 ], [ 17.781360953394351, 48.767136446149891 ], [ 17.78148036, 48.76734792 ], [ 17.78158342, 48.76755075 ], [ 17.781718251849686, 48.767743108841671 ], [ 17.7818252, 48.7678955 ], [ 17.781838686331255, 48.767920028398983 ], [ 17.78188849, 48.76800996 ], [ 17.78201434, 48.76818474 ], [ 17.7820948, 48.76823563 ], [ 17.782094897407838, 48.768235998356268 ], [ 17.7820949, 48.768236 ], [ 17.78218, 48.7685572 ], [ 17.782179878516125, 48.768557361861589 ], [ 17.78217996, 48.76855767 ], [ 17.782021900165041, 48.768767847632859 ], [ 17.7819029, 48.7689264 ], [ 17.781677028751098, 48.769126528569799 ], [ 17.78160381, 48.76919152 ], [ 17.781307575893408, 48.769401533659057 ], [ 17.7845697, 48.7708483 ], [ 17.784619586298696, 48.77087100572399 ], [ 17.78463024, 48.77087572 ], [ 17.785236870650593, 48.771144809206618 ], [ 17.7874797, 48.7721392 ], [ 17.78759854806006, 48.77219042373855 ], [ 17.78763878, 48.77220732 ], [ 17.78809076, 48.77222796 ], [ 17.78892099, 48.77228552 ], [ 17.78944481, 48.77229962 ], [ 17.78950417415658, 48.772314756222777 ], [ 17.7895642, 48.7723297 ], [ 17.789645468708084, 48.772371902504467 ], [ 17.78971207, 48.77240625 ], [ 17.78973675, 48.77243006 ], [ 17.789892330306103, 48.772580413950138 ], [ 17.7900156, 48.7726993 ], [ 17.7901207, 48.7727871 ], [ 17.790234940772944, 48.772848886027106 ], [ 17.79054431, 48.77301566 ], [ 17.790868557163975, 48.773233215436946 ], [ 17.7909413, 48.7732819 ], [ 17.7911859, 48.7734211 ], [ 17.7915567, 48.7736706 ], [ 17.791704986855041, 48.773785751150399 ], [ 17.79180008, 48.77385945 ], [ 17.79183928, 48.77388108 ], [ 17.791840457517718, 48.77388173011078 ], [ 17.7919358, 48.7739342 ], [ 17.792027964367122, 48.773976686262351 ], [ 17.7920885, 48.77400448 ], [ 17.7924256, 48.77425978 ], [ 17.792553013831668, 48.774329875254764 ], [ 17.7929302, 48.7745367 ], [ 17.793472, 48.7750079 ], [ 17.7937162, 48.7751797 ], [ 17.79379213984112, 48.775245200808342 ], [ 17.79384959, 48.77529471 ], [ 17.79431515, 48.77569585 ], [ 17.794507395294492, 48.775891998944097 ], [ 17.7946712, 48.7760587 ], [ 17.794846900114528, 48.776183061066121 ], [ 17.79503271, 48.77631412 ], [ 17.79507527, 48.77635085 ], [ 17.79513773, 48.7764046 ], [ 17.79519017, 48.7764498 ], [ 17.79545888, 48.77668132 ], [ 17.795492774750361, 48.776617381843273 ], [ 17.7955052, 48.7765939 ], [ 17.795505226515495, 48.776593893164282 ], [ 17.79550526, 48.77659383 ], [ 17.79552444705498, 48.776588938092068 ], [ 17.7956398, 48.7765592 ], [ 17.7962854, 48.7772025 ], [ 17.796339389890797, 48.77725494051203 ], [ 17.79634366, 48.77725902 ], [ 17.79637621, 48.77729009 ], [ 17.796732231486871, 48.777157778645098 ], [ 17.797014, 48.7770528 ], [ 17.797280290246174, 48.777060420168333 ], [ 17.7973984, 48.77706368 ], [ 17.79796092, 48.7774988 ], [ 17.79848279, 48.77729318 ], [ 17.798853578640447, 48.777258809397821 ], [ 17.798891, 48.7772553 ], [ 17.798891030897433, 48.777255337725592 ], [ 17.79889133, 48.77725531 ], [ 17.798987208606405, 48.777372770176882 ], [ 17.799072, 48.7774763 ], [ 17.799190879839049, 48.777697403382312 ], [ 17.79967048, 48.77858826 ], [ 17.7996913, 48.77861238 ], [ 17.800034599378122, 48.778518115875372 ], [ 17.8012671, 48.7781791 ], [ 17.8022802, 48.7778073 ], [ 17.8032219, 48.7776174 ], [ 17.8035203, 48.7775995 ], [ 17.8040555, 48.7776479 ], [ 17.8060952, 48.7781571 ], [ 17.8067153, 48.778494 ], [ 17.8076114, 48.7788331 ], [ 17.807611147452036, 48.778833461622192 ], [ 17.80761146, 48.77883358 ], [ 17.807609628419058, 48.778835636718057 ], [ 17.807375, 48.7791716 ], [ 17.8079482, 48.7793492 ], [ 17.8089864, 48.7794779 ], [ 17.809241158971254, 48.779515421895908 ], [ 17.80958437, 48.77956565 ], [ 17.80978365, 48.77959485 ], [ 17.809783340581816, 48.779595276520261 ], [ 17.8097835, 48.7795953 ], [ 17.809520028475127, 48.779958324283456 ], [ 17.80950775, 48.77997526 ], [ 17.80945056, 48.78005423 ], [ 17.80941149, 48.78010803 ], [ 17.80937276, 48.78016139 ], [ 17.80933434, 48.78021451 ], [ 17.8092924, 48.78027229 ], [ 17.80928784, 48.78027752 ], [ 17.80924903, 48.78032266 ], [ 17.80910264, 48.78049248 ], [ 17.80904705, 48.78055701 ], [ 17.80892672, 48.78069672 ], [ 17.80878488, 48.7808614 ], [ 17.80871429, 48.78094335 ], [ 17.80861711, 48.7810562 ], [ 17.808427, 48.78127691 ], [ 17.80857041, 48.78131969 ], [ 17.808570353267442, 48.781319786146085 ], [ 17.8085704, 48.7813198 ], [ 17.808562894781151, 48.781332426229476 ], [ 17.808525947118071, 48.781395042358824 ], [ 17.8095163, 48.7815648 ], [ 17.809914626780177, 48.78114680937378 ], [ 17.81003693, 48.78101834 ], [ 17.81019328, 48.78108395 ], [ 17.81069577, 48.78129587 ], [ 17.81074107, 48.78131498 ], [ 17.81084394, 48.78135836 ], [ 17.81088306, 48.78137483 ], [ 17.81090358, 48.78138348 ], [ 17.811209664674301, 48.781512546976273 ], [ 17.812209254540161, 48.781932099949728 ], [ 17.812227600721656, 48.781939799319282 ], [ 17.8127988, 48.781401 ], [ 17.813583, 48.7816362 ], [ 17.8137828, 48.7814586 ], [ 17.814649655453849, 48.781747551817951 ], [ 17.81497461, 48.78185574 ], [ 17.81533638, 48.78197619 ], [ 17.815361321926826, 48.781956783978579 ], [ 17.8154635, 48.781877 ], [ 17.815463715874639, 48.781877116551179 ], [ 17.81546375, 48.78187709 ], [ 17.81577947, 48.78204756 ], [ 17.81602161, 48.78217825 ], [ 17.81617109, 48.78225896 ], [ 17.81643726, 48.78240257 ], [ 17.81647311, 48.78242191 ], [ 17.816526191380792, 48.782450618803132 ], [ 17.816666525687786, 48.782325924035902 ], [ 17.8168591, 48.78215448 ], [ 17.81694238, 48.78219134 ], [ 17.8169783, 48.78220725 ], [ 17.81711565, 48.78226807 ], [ 17.81722829, 48.78231791 ], [ 17.817406938113244, 48.7823969653831 ], [ 17.8178663, 48.7825999 ], [ 17.817866050770842, 48.782600111122377 ], [ 17.81786641, 48.78260027 ], [ 17.817782600929625, 48.782670801603821 ], [ 17.817728725377798, 48.782716439661854 ], [ 17.81833518, 48.78297322 ], [ 17.818554142924032, 48.783065949244509 ], [ 17.8186562, 48.7829583 ], [ 17.8194423, 48.7833031 ], [ 17.819475886665028, 48.783272276794754 ], [ 17.81948978, 48.78325933 ], [ 17.81984574, 48.78339521 ], [ 17.820545500670192, 48.783662361321639 ], [ 17.8214222, 48.7839968 ], [ 17.8231439, 48.7846557 ], [ 17.823820469363344, 48.784260852496786 ], [ 17.82401128, 48.78414942 ], [ 17.824231003052095, 48.784220832399697 ], [ 17.8245816, 48.7843344 ], [ 17.8258707, 48.7840768 ], [ 17.8263396, 48.7834984 ], [ 17.8261605, 48.7829154 ], [ 17.8259709, 48.7820894 ], [ 17.8270875, 48.781069 ], [ 17.827235, 48.7795418 ], [ 17.8278382, 48.7785407 ], [ 17.8282107, 48.7777111 ], [ 17.8283058, 48.7767943 ], [ 17.8283585, 48.7762528 ], [ 17.8290643, 48.7757391 ], [ 17.8297807, 48.7749338 ], [ 17.8297491, 48.7738369 ], [ 17.8298439, 48.7729031 ], [ 17.8301178, 48.7725004 ], [ 17.8306287, 48.7721463 ], [ 17.8316927, 48.7714416 ], [ 17.8319943, 48.7711471 ], [ 17.8323631, 48.7707249 ], [ 17.8323929, 48.7703836 ], [ 17.8323762, 48.7695113 ], [ 17.8322181, 48.7684143 ], [ 17.8326055, 48.7678595 ], [ 17.8341593, 48.7672875 ], [ 17.8352004, 48.7670596 ], [ 17.8351104, 48.7668674 ], [ 17.8350243, 48.7666644 ], [ 17.8349338, 48.7664556 ], [ 17.8348045, 48.7660978 ], [ 17.8347097, 48.7658578 ], [ 17.834602, 48.7655781 ], [ 17.8344232, 48.7650698 ], [ 17.8343241, 48.7648014 ], [ 17.8342423, 48.7645231 ], [ 17.8341108, 48.7641297 ], [ 17.8340321, 48.7638933 ], [ 17.833975, 48.7637312 ], [ 17.8339041, 48.7635128 ], [ 17.8338432, 48.7633175 ], [ 17.833812, 48.7631533 ], [ 17.8337868, 48.7630187 ], [ 17.8337739, 48.7628551 ], [ 17.8338082, 48.7627486 ], [ 17.8338539, 48.7625759 ], [ 17.8337554, 48.762564 ], [ 17.83366, 48.7625373 ], [ 17.8332609, 48.7625775 ], [ 17.8329876, 48.7626729 ], [ 17.8329264, 48.7626653 ], [ 17.8327584, 48.7625935 ], [ 17.8326367, 48.762536 ], [ 17.8324999, 48.762475 ], [ 17.8323814, 48.7625375 ], [ 17.8321994, 48.7626347 ], [ 17.8320335, 48.7627221 ], [ 17.8318417, 48.7628264 ], [ 17.8317599, 48.7628676 ], [ 17.8317044, 48.7628237 ], [ 17.831642, 48.7627755 ], [ 17.8315848, 48.7627238 ], [ 17.8315346, 48.7626872 ], [ 17.8314583, 48.7626261 ], [ 17.8313231, 48.7625136 ], [ 17.8312445, 48.7624469 ], [ 17.83114, 48.7623631 ], [ 17.8310592, 48.7622946 ], [ 17.8309407, 48.762198 ], [ 17.8308599, 48.7621263 ], [ 17.8307537, 48.7620431 ], [ 17.8306514, 48.7619465 ], [ 17.8305049, 48.7618145 ], [ 17.8303832, 48.7617058 ], [ 17.8303229, 48.7616306 ], [ 17.8302014, 48.7615276 ], [ 17.8301831, 48.7613978 ], [ 17.8301206, 48.7614644 ], [ 17.8300719, 48.7615274 ], [ 17.8300144, 48.7615932 ], [ 17.8299439, 48.7616529 ], [ 17.8298875, 48.7616956 ], [ 17.8298015, 48.7617729 ], [ 17.8297268, 48.7618281 ], [ 17.8295905, 48.7618964 ], [ 17.8294949, 48.7619454 ], [ 17.8293635, 48.7620149 ], [ 17.829279, 48.7620573 ], [ 17.8291057, 48.7621387 ], [ 17.8290048, 48.7621949 ], [ 17.8288151, 48.7623001 ], [ 17.8287089, 48.762346 ], [ 17.828555, 48.7624218 ], [ 17.8284415, 48.7624733 ], [ 17.8283556, 48.7625218 ], [ 17.828267, 48.7625641 ], [ 17.8281496, 48.7626189 ], [ 17.8280793, 48.7626461 ], [ 17.8279336, 48.762707 ], [ 17.8278499, 48.7627446 ], [ 17.8277228, 48.7628044 ], [ 17.8276713, 48.762825 ], [ 17.8275321, 48.7628864 ], [ 17.8274788, 48.7629125 ], [ 17.8273681, 48.7629555 ], [ 17.8273342, 48.7629722 ], [ 17.8272222, 48.763018 ], [ 17.8270736, 48.7630737 ], [ 17.8269874, 48.7630875 ], [ 17.8269336, 48.7630591 ], [ 17.8268899, 48.7629963 ], [ 17.8268307, 48.7629235 ], [ 17.8267941, 48.7627915 ], [ 17.8267521, 48.7626352 ], [ 17.8267149, 48.7624783 ], [ 17.8266611, 48.7622919 ], [ 17.8266061, 48.7620694 ], [ 17.8265733, 48.7619426 ], [ 17.8265372, 48.7617978 ], [ 17.8264731, 48.7615617 ], [ 17.8264176, 48.7613483 ], [ 17.8263745, 48.7611903 ], [ 17.826325, 48.7610209 ], [ 17.8261525, 48.7610534 ], [ 17.8260063, 48.7611006 ], [ 17.8256072, 48.7612533 ], [ 17.825205, 48.761421 ], [ 17.8247648, 48.7616208 ], [ 17.8241753, 48.7618688 ], [ 17.8238082, 48.7620315 ], [ 17.8232247, 48.7622775 ], [ 17.8227571, 48.7624864 ], [ 17.8222468, 48.7627063 ], [ 17.8217822, 48.7629191 ], [ 17.8214288, 48.7630778 ], [ 17.8212383, 48.7631621 ], [ 17.8210693, 48.7632375 ], [ 17.8208834, 48.7633178 ], [ 17.8207996, 48.7633138 ], [ 17.8207722, 48.7632736 ], [ 17.8207996, 48.763135 ], [ 17.8208027, 48.7629955 ], [ 17.8208174, 48.7629084 ], [ 17.8208123, 48.7628812 ], [ 17.8208128, 48.7628597 ], [ 17.8207746, 48.7628553 ], [ 17.820707, 48.7628482 ], [ 17.82069, 48.7628496 ], [ 17.8206706, 48.762866 ], [ 17.8205718, 48.7628667 ], [ 17.8204835, 48.7628311 ], [ 17.8204546, 48.7627286 ], [ 17.82038, 48.7624675 ], [ 17.8202033, 48.7624384 ], [ 17.8200883, 48.7624432 ], [ 17.8200221, 48.762405 ], [ 17.8198362, 48.762275 ], [ 17.8197326, 48.7621781 ], [ 17.8196199, 48.7621159 ], [ 17.8194394, 48.7619949 ], [ 17.8193587, 48.7619326 ], [ 17.8191675, 48.7619311 ], [ 17.8190456, 48.7620285 ], [ 17.8188613, 48.7621043 ], [ 17.8187745, 48.7621525 ], [ 17.8185336, 48.7623026 ], [ 17.818399, 48.7623118 ], [ 17.8183467, 48.7622849 ], [ 17.818295, 48.7621762 ], [ 17.8182665, 48.7621017 ], [ 17.8182185, 48.7619877 ], [ 17.8181851, 48.761913 ], [ 17.8181318, 48.7617674 ], [ 17.8180816, 48.7616512 ], [ 17.8180553, 48.7615907 ], [ 17.8180283, 48.7614931 ], [ 17.8179556, 48.7614712 ], [ 17.817884, 48.7614587 ], [ 17.8178628, 48.7613231 ], [ 17.8178337, 48.7611363 ], [ 17.8178057, 48.7609957 ], [ 17.8178538, 48.7608412 ], [ 17.8179982, 48.7607677 ], [ 17.8178603, 48.7605873 ], [ 17.8178818, 48.7603857 ], [ 17.8177289, 48.760096 ], [ 17.8176061, 48.7598688 ], [ 17.8173885, 48.759491 ], [ 17.81727, 48.7592808 ], [ 17.8172485, 48.7592112 ], [ 17.816962, 48.7589726 ], [ 17.8165483, 48.7587923 ], [ 17.8162338, 48.7586929 ], [ 17.8159947, 48.7586261 ], [ 17.8159194, 48.7585717 ], [ 17.8160659, 48.7581087 ], [ 17.8163079, 48.7573703 ], [ 17.8164716, 48.756825 ], [ 17.8165287, 48.7566524 ], [ 17.8168518, 48.7567319 ], [ 17.8172191, 48.7568122 ], [ 17.8175283, 48.7568605 ], [ 17.817831, 48.7569272 ], [ 17.8181821, 48.7570103 ], [ 17.8186026, 48.7570991 ], [ 17.8187928, 48.7571398 ], [ 17.8188502, 48.7567336 ], [ 17.818945, 48.7563601 ], [ 17.8190355, 48.7559184 ], [ 17.8191044, 48.7556783 ], [ 17.8192315, 48.7551756 ], [ 17.8193048, 48.7549327 ], [ 17.819419, 48.7545066 ], [ 17.8194879, 48.7542197 ], [ 17.8196258, 48.7536644 ], [ 17.8197098, 48.7533235 ], [ 17.8198498, 48.7527469 ], [ 17.8199123, 48.7525395 ], [ 17.8200286, 48.7520693 ], [ 17.8201083, 48.7517526 ], [ 17.8201966, 48.7514018 ], [ 17.8202527, 48.7510637 ], [ 17.8203281, 48.7506987 ], [ 17.8204509, 48.7503819 ], [ 17.8206555, 48.7498805 ], [ 17.8207826, 48.7495339 ], [ 17.8209399, 48.7491874 ], [ 17.8211273, 48.7487669 ], [ 17.8212501, 48.748355 ], [ 17.8214892, 48.7479729 ], [ 17.821537, 48.7477765 ], [ 17.8216318, 48.7474186 ], [ 17.8217245, 48.7473596 ], [ 17.8219388, 48.7472424 ], [ 17.8220853, 48.7472083 ], [ 17.82229, 48.7472254 ], [ 17.8226626, 48.7472396 ], [ 17.8230472, 48.7472651 ], [ 17.8234263, 48.7472794 ], [ 17.8235491, 48.7472907 ], [ 17.8232341, 48.7469802 ], [ 17.822963, 48.7466709 ], [ 17.8228503, 48.7465563 ], [ 17.8226279, 48.7462872 ], [ 17.8223141, 48.7459436 ], [ 17.8220094, 48.7456282 ], [ 17.8216255, 48.7452124 ], [ 17.8212752, 48.7448367 ], [ 17.8209078, 48.7444748 ], [ 17.8208259, 48.7443683 ], [ 17.8208862, 48.7443015 ], [ 17.8207496, 48.7441423 ], [ 17.820461, 48.7438113 ], [ 17.8201766, 48.7434945 ], [ 17.8197673, 48.7430456 ], [ 17.8195605, 48.7428112 ], [ 17.8196467, 48.7427061 ], [ 17.8197694, 48.742689 ], [ 17.8202671, 48.7427231 ], [ 17.8209791, 48.7427664 ], [ 17.821565, 48.7428027 ], [ 17.8219442, 48.7428339 ], [ 17.8221962, 48.742846 ], [ 17.8224084, 48.7428089 ], [ 17.8226461, 48.7428451 ], [ 17.8232097, 48.7428803 ], [ 17.8236514, 48.7429265 ], [ 17.8244055, 48.7429998 ], [ 17.8249234, 48.743038 ], [ 17.8256211, 48.7430932 ], [ 17.8260735, 48.7431424 ], [ 17.8268656, 48.7432128 ], [ 17.8273957, 48.7432519 ], [ 17.8281513, 48.7433233 ], [ 17.8286662, 48.7433695 ], [ 17.829274, 48.7434197 ], [ 17.8298772, 48.743478 ], [ 17.8304043, 48.7435272 ], [ 17.8308018, 48.7436015 ], [ 17.8311888, 48.7437301 ], [ 17.831307, 48.7437978 ], [ 17.8314955, 48.7438994 ], [ 17.8317799, 48.7439818 ], [ 17.8320685, 48.7441409 ], [ 17.8322518, 48.7442523 ], [ 17.8325151, 48.7439933 ], [ 17.8327304, 48.7438288 ], [ 17.833075, 48.7435796 ], [ 17.8332885, 48.7434045 ], [ 17.8333715, 48.7432909 ], [ 17.8333839, 48.7432526 ], [ 17.8333937, 48.7431641 ], [ 17.8334109, 48.7430432 ], [ 17.8334277, 48.7429058 ], [ 17.833447, 48.7427672 ], [ 17.8334594, 48.7426453 ], [ 17.8334765, 48.7425104 ], [ 17.8334958, 48.7423696 ], [ 17.8335111, 48.7422395 ], [ 17.8335295, 48.7420956 ], [ 17.8335469, 48.7419672 ], [ 17.8335628, 48.7418424 ], [ 17.8335812, 48.7417104 ], [ 17.8335996, 48.7415759 ], [ 17.8336135, 48.7414575 ], [ 17.8336376, 48.7412926 ], [ 17.8336609, 48.7411844 ], [ 17.8337291, 48.7408667 ], [ 17.8338062, 48.7404988 ], [ 17.8338789, 48.7401551 ], [ 17.8339524, 48.7397918 ], [ 17.8340251, 48.7394724 ], [ 17.8340708, 48.7392151 ], [ 17.8341525, 48.7388169 ], [ 17.834209, 48.7384993 ], [ 17.8342798, 48.7382123 ], [ 17.8343453, 48.7379266 ], [ 17.8343974, 48.7377095 ], [ 17.8344709, 48.737477 ], [ 17.8345364, 48.7372238 ], [ 17.8346028, 48.7369245 ], [ 17.8346718, 48.7366369 ], [ 17.8347553, 48.7362749 ], [ 17.8348775, 48.7357976 ], [ 17.8351033, 48.7348338 ], [ 17.8353519, 48.7337896 ], [ 17.8356082, 48.7327169 ], [ 17.8358391, 48.7316978 ], [ 17.8360902, 48.7305414 ], [ 17.8363008, 48.7295507 ], [ 17.8365393, 48.7285382 ], [ 17.8367753, 48.7274922 ], [ 17.8369808, 48.7265232 ], [ 17.8372599, 48.7253968 ], [ 17.8375009, 48.7243173 ], [ 17.8377368, 48.7232628 ], [ 17.837923, 48.7224746 ], [ 17.837674, 48.7224405 ], [ 17.836754175556106, 48.722334451961338 ], [ 17.83626812, 48.72227854 ] ] ] } },
{ "type": "Feature", "properties": { "@featureType": "CadastralZoning", "beginLifespanVersion": { "@nilReason": "http://inspire.ec.europa.eu/codelist/VoidReasonValue/Unpopulated", "@nil": "true" }, "endLifespanVersion": { "@nilReason": "http://inspire.ec.europa.eu/codelist/VoidReasonValue/Unpopulated", "@nil": "true" }, "estimatedAccuracy": { "value": -1, "@uom": "m" }, "inspireId": { "@dataType": "Identifier", "localId": "842044", "namespace": "SK.ESKN.CP", "versionId": "20260703T04:07:40" }, "label": "Nové Mesto nad Váhom", "level": { "@href": "http://inspire.ec.europa.eu/codelist/CadastralZoningLevelValue/3rdOrder" }, "levelName": { "value": "Katastrálne územie", "@locale": "sk" }, "name_1": { "@dataType": "name", "GeographicalName": { "@dataType": "GeographicalName", "language": "SLK", "nativeness": { "@href": "http://inspire.ec.europa.eu/codelist/NativenessValue/endonym", "@title": "endonym" }, "nameStatus": { "@href": "http://inspire.ec.europa.eu/codelist/NameStatusValue/official", "@title": "official" }, "sourceOfName": { "@nilReason": "http://inspire.ec.europa.eu/codelist/VoidReasonValue/Unpopulated", "@nil": "true" }, "pronunciation": { "@dataType": "pronunciation", "@nilReason": "http://inspire.ec.europa.eu/codelist/VoidReasonValue/Unpopulated", "@nil": "true" }, "spelling": { "@dataType": "SpellingOfName", "text": "Nové Mesto nad Váhom", "script": "LATN" } } }, "nationalCadastalZoningReference": "842044", "validFrom": "2026-06-30T16:00:00Z", "validTo": { "@nilReason": "http://inspire.ec.europa.eu/codelist/VoidReasonValue/Unpopulated", "@nil": "true" }, "place_id": 419243357, "osm_type": "relation", "osm_id": 1538747, "place_rank": 22, "category": "place", "type": "cadastral_community", "importance": 0.10672402456702523, "addresstype": "cadastral_community", "name_2": "Nové Mesto nad Váhom", "display_name": "Nové Mesto nad Váhom, okres Nové Mesto nad Váhom, Trenčiansky kraj, 915 01, Slovensko" }, "geometry": { "type": "Polygon", "coordinates": [ [ [ 17.84489677, 48.79109861 ], [ 17.84545596, 48.79135959 ], [ 17.84618429, 48.79151657 ], [ 17.8462269, 48.79152574 ], [ 17.84629912722804, 48.791446219447892 ], [ 17.8465645, 48.7911535 ], [ 17.847220983935063, 48.79046869609239 ], [ 17.84729466, 48.79039178 ], [ 17.84807398, 48.78965235 ], [ 17.848391626873941, 48.789210474592515 ], [ 17.8485446, 48.7889976 ], [ 17.848595326917163, 48.788953270006814 ], [ 17.84957377, 48.78809766 ], [ 17.849853543810056, 48.787943943885573 ], [ 17.8500704, 48.7878244 ], [ 17.850368237700842, 48.787653996566874 ], [ 17.85055571, 48.78754649 ], [ 17.85099537, 48.7877212 ], [ 17.851022246212221, 48.787726837497125 ], [ 17.8512701, 48.7877785 ], [ 17.8519221, 48.7877367 ], [ 17.8524863, 48.7879277 ], [ 17.8528848, 48.7881922 ], [ 17.8529257, 48.7881745 ], [ 17.8542901, 48.7876451 ], [ 17.854624284357037, 48.787556189412882 ], [ 17.85524519, 48.78739084 ], [ 17.85537558101429, 48.787356226894616 ], [ 17.855247881331518, 48.78686451317089 ], [ 17.855172718158915, 48.786766083496417 ], [ 17.8550594, 48.786618 ], [ 17.8552222, 48.7862498 ], [ 17.85522211804156, 48.786237575583471 ], [ 17.85522175, 48.78618813 ], [ 17.855219554254361, 48.785855176861858 ], [ 17.8552183, 48.7856681 ], [ 17.8551886, 48.7847192 ], [ 17.8550429, 48.7844022 ], [ 17.85504292956908, 48.784402199930291 ], [ 17.85504281, 48.78440194 ], [ 17.8555995, 48.78440037 ], [ 17.855604342826588, 48.784365076522597 ], [ 17.8556137, 48.7842944 ], [ 17.8562766, 48.7843962 ], [ 17.856772574498358, 48.784472365097891 ], [ 17.85693707, 48.78449758 ], [ 17.856941365081081, 48.784497955829082 ], [ 17.857020545628401, 48.784504265846991 ], [ 17.85703766, 48.78450537 ], [ 17.857053760594798, 48.784506438711936 ], [ 17.8571202, 48.7843156 ], [ 17.8575092, 48.7839022 ], [ 17.8576837, 48.7836193 ], [ 17.8579086, 48.7833699 ], [ 17.857921171723998, 48.783355220259089 ], [ 17.85807325, 48.78317739 ], [ 17.85817978, 48.78289737 ], [ 17.85821453, 48.78257617 ], [ 17.858392659823654, 48.782414891925299 ], [ 17.8584803, 48.7823353 ], [ 17.8588622, 48.7820988 ], [ 17.859068600909193, 48.782014635691205 ], [ 17.85958546, 48.78180371 ], [ 17.859684765416755, 48.781813000412413 ], [ 17.8598005, 48.7818236 ], [ 17.860200256288149, 48.781705076225883 ], [ 17.86025923, 48.78168755 ], [ 17.86100513, 48.78125254 ], [ 17.86104942, 48.78109438 ], [ 17.86106235, 48.78104829 ], [ 17.86108088, 48.78098249 ], [ 17.861081069161191, 48.780982209924126 ], [ 17.8610811, 48.7809821 ], [ 17.861091615386975, 48.780966341168032 ], [ 17.86110816, 48.78094133 ], [ 17.86111746, 48.78092744 ], [ 17.86112332, 48.78091868 ], [ 17.86113039, 48.78090809 ], [ 17.86114848, 48.780881 ], [ 17.86115506, 48.78087101 ], [ 17.86116634, 48.78086059 ], [ 17.8612025, 48.78082737 ], [ 17.86121674, 48.78081432 ], [ 17.86126074, 48.78077382 ], [ 17.86126809, 48.78076712 ], [ 17.86130794021129, 48.780730621611319 ], [ 17.8614783, 48.7805738 ], [ 17.8630071, 48.7791715 ], [ 17.8643122, 48.7771281 ], [ 17.864288809109947, 48.776983084933654 ], [ 17.8640906, 48.7757561 ], [ 17.86406027, 48.77566613 ], [ 17.86387897, 48.77512841 ], [ 17.863851694432373, 48.775051256517763 ], [ 17.8637436, 48.7747458 ], [ 17.863585753663749, 48.774176841051634 ], [ 17.86357816, 48.77414964 ], [ 17.863575720433349, 48.774140676156385 ], [ 17.86355753036576, 48.774075109846947 ], [ 17.86355282, 48.77405816 ], [ 17.86352573, 48.77396062 ], [ 17.86330299, 48.77315841 ], [ 17.86328833, 48.77310533 ], [ 17.86327328, 48.77305114 ], [ 17.86326023, 48.7730042 ], [ 17.86331429, 48.77291364 ], [ 17.863330758339462, 48.772886033369304 ], [ 17.8634766, 48.7726413 ], [ 17.863476745440721, 48.772641308514039 ], [ 17.86347684, 48.77264115 ], [ 17.86357388, 48.77264683 ], [ 17.86367105, 48.77265252 ], [ 17.86373923, 48.77265646 ], [ 17.86394362, 48.77266835 ], [ 17.86401463, 48.77267255 ], [ 17.86411533, 48.77267845 ], [ 17.86414799, 48.77268034 ], [ 17.86435238, 48.77269223 ], [ 17.86445782, 48.77269842 ], [ 17.86446148, 48.77269864 ], [ 17.86452951, 48.77270266 ], [ 17.864539, 48.77270323 ], [ 17.8645569, 48.77270422 ], [ 17.8645718, 48.77270512 ], [ 17.86463469, 48.77270874 ], [ 17.86476128, 48.77271611 ], [ 17.86480818, 48.77271885 ], [ 17.86496567, 48.772728 ], [ 17.865018867594159, 48.772731118246298 ], [ 17.8653746, 48.7727513 ], [ 17.8672064, 48.7728586 ], [ 17.867340957028151, 48.772866716448647 ], [ 17.8676194, 48.77288299 ], [ 17.868418961945359, 48.772929603775715 ], [ 17.868889, 48.7729567 ], [ 17.8695352, 48.7724979 ], [ 17.86889, 48.7714238 ], [ 17.8678496, 48.7700346 ], [ 17.867250687603114, 48.769449148031228 ], [ 17.86394287, 48.76621616 ], [ 17.86156067, 48.7638875 ], [ 17.86153143, 48.76385891 ], [ 17.861529731675393, 48.76385723298155 ], [ 17.8604798, 48.7628311 ], [ 17.8596659, 48.7629038 ], [ 17.859155156039364, 48.762959964284327 ], [ 17.85899656, 48.76297745 ], [ 17.85841423, 48.76304357 ], [ 17.85834734, 48.76305118 ], [ 17.85826803, 48.76305767 ], [ 17.85822864, 48.76306098 ], [ 17.85821773, 48.76306186 ], [ 17.85762475, 48.76311117 ], [ 17.85751268, 48.76312046 ], [ 17.8573491, 48.76312981 ], [ 17.85707151, 48.76314572 ], [ 17.856693956566676, 48.763181258316607 ], [ 17.855799, 48.763266 ], [ 17.855732623017694, 48.763276622474017 ], [ 17.85567596, 48.7632861 ], [ 17.855555192853515, 48.763294676892698 ], [ 17.8555253, 48.7632969 ], [ 17.855308728013657, 48.763318467477923 ], [ 17.8543839, 48.76341096 ], [ 17.85427849, 48.76342147 ], [ 17.85427031, 48.76342233 ], [ 17.854270232649966, 48.763421886789956 ], [ 17.8542701, 48.7634219 ], [ 17.8542675, 48.7634071 ], [ 17.8528493, 48.7635369 ], [ 17.852848574787092, 48.763536849985314 ], [ 17.85284647, 48.76353703 ], [ 17.85278621, 48.76354206 ], [ 17.85273964, 48.76354592 ], [ 17.85269722, 48.76354941 ], [ 17.85262703, 48.76355518 ], [ 17.852626481691129, 48.763555225066483 ], [ 17.852394187785944, 48.763574792605255 ], [ 17.85243993, 48.76370181 ], [ 17.85241889, 48.76399296 ], [ 17.852451960110962, 48.76421641576129 ], [ 17.8524841, 48.7644325 ], [ 17.852531723125328, 48.764718238751954 ], [ 17.85255292, 48.76484528 ], [ 17.85267225, 48.7653381 ], [ 17.8528339, 48.76578181 ], [ 17.85298355, 48.76613567 ], [ 17.852983420774319, 48.766135612970231 ], [ 17.8529835, 48.7661358 ], [ 17.852683129113803, 48.766003088522581 ], [ 17.8515917, 48.76552142 ], [ 17.850835363036396, 48.765209201911134 ], [ 17.8501372, 48.7649215 ], [ 17.850067747427289, 48.764881020246079 ], [ 17.85003585, 48.76486265 ], [ 17.850035146492683, 48.764862244858257 ], [ 17.8494069, 48.7647131 ], [ 17.8484841, 48.7640596 ], [ 17.8483481, 48.76397 ], [ 17.8473888, 48.7633384 ], [ 17.847340303050533, 48.763287634885508 ], [ 17.8472261, 48.76316874 ], [ 17.847187698564763, 48.763128722806258 ], [ 17.846576643798691, 48.762502221933602 ], [ 17.84616282, 48.76207816 ], [ 17.846151354247823, 48.762066182007977 ], [ 17.8461463, 48.762061 ], [ 17.8459265, 48.7618309 ], [ 17.845853950255172, 48.761760663703669 ], [ 17.84584802, 48.76175538 ], [ 17.84575614, 48.76167323 ], [ 17.84568573, 48.76161053 ], [ 17.84567719, 48.76160315 ], [ 17.84565604, 48.76158426 ], [ 17.8456107, 48.76154376 ], [ 17.845600061502633, 48.761534273512268 ], [ 17.8452587, 48.7612305 ], [ 17.845259102998419, 48.761230352067074 ], [ 17.84525873, 48.76123002 ], [ 17.84540581, 48.76117607 ], [ 17.84560586, 48.76110258 ], [ 17.84568143, 48.76107482 ], [ 17.84571337, 48.76106312 ], [ 17.845934, 48.76098211 ], [ 17.8459907, 48.76096134 ], [ 17.84604467, 48.76094149 ], [ 17.8460559, 48.76093739 ], [ 17.846063260229851, 48.760933637011512 ], [ 17.8460719, 48.7609287 ], [ 17.846076431398441, 48.760926932754607 ], [ 17.84608176, 48.76092423 ], [ 17.84615154, 48.7608889 ], [ 17.84618636, 48.76087123 ], [ 17.84627246, 48.76082759 ], [ 17.84691683, 48.76050095 ], [ 17.84707006, 48.76042326 ], [ 17.847070140499021, 48.760423219593882 ], [ 17.84708839475725, 48.760413954664678 ], [ 17.8470899, 48.76041318 ], [ 17.847093331575053, 48.760411448988094 ], [ 17.8471549, 48.7603802 ], [ 17.847384315644998, 48.760254511030794 ], [ 17.84763778, 48.76011546 ], [ 17.847652947961159, 48.760107915300118 ], [ 17.848127566762074, 48.759865668005155 ], [ 17.8481151, 48.75971864 ], [ 17.84810416, 48.75957872 ], [ 17.848072357323826, 48.759171300971637 ], [ 17.8480683, 48.7591204 ], [ 17.8479948, 48.7579588 ], [ 17.847941940593099, 48.757794098122339 ], [ 17.8478869, 48.75762291 ], [ 17.84780248, 48.75732619 ], [ 17.84785806, 48.75697725 ], [ 17.847861577138183, 48.756954818252225 ], [ 17.847860331554983, 48.756939467755039 ], [ 17.8478545, 48.75686785 ], [ 17.84783271274457, 48.756599494690398 ], [ 17.8477956, 48.7561428 ], [ 17.8478106, 48.7560782 ], [ 17.8476999, 48.7558548 ], [ 17.84755, 48.7557103 ], [ 17.847317, 48.7556115 ], [ 17.8471765, 48.755603 ], [ 17.847170878605006, 48.755603300348902 ], [ 17.84704484, 48.75561165 ], [ 17.84703518, 48.75561233 ], [ 17.84701596, 48.75561306 ], [ 17.84695486, 48.75561532 ], [ 17.846925013996096, 48.755616436797325 ], [ 17.8468995, 48.7556178 ], [ 17.846645598479501, 48.755606330837054 ], [ 17.84646577, 48.75559852 ], [ 17.84616135, 48.75552833 ], [ 17.84614786, 48.75552516 ], [ 17.84603575, 48.75549932 ], [ 17.84599483, 48.75548122 ], [ 17.84598659, 48.75547756 ], [ 17.84592483, 48.75545015 ], [ 17.84590334, 48.75544063 ], [ 17.84587798, 48.75542943 ], [ 17.84587438, 48.75542786 ], [ 17.845863726242587, 48.755423131854123 ], [ 17.8457414, 48.7553693 ], [ 17.8455172, 48.755306 ], [ 17.8453105, 48.7552574 ], [ 17.8451659, 48.7550127 ], [ 17.8450513, 48.7549312 ], [ 17.844867, 48.7547248 ], [ 17.84486490932364, 48.754573866654979 ], [ 17.8448638, 48.75450138 ], [ 17.84484102, 48.75410796 ], [ 17.8448277, 48.75387686 ], [ 17.8448925, 48.75362503 ], [ 17.844894631047474, 48.753617057265373 ], [ 17.844913252389794, 48.753544684340525 ], [ 17.84491491, 48.75353824 ], [ 17.844914970112747, 48.753538008310834 ], [ 17.8449565, 48.7533766 ], [ 17.8450989, 48.7529586 ], [ 17.8451963, 48.752776 ], [ 17.8454843, 48.7524412 ], [ 17.845589008782767, 48.75235507170364 ], [ 17.84559466, 48.7523504 ], [ 17.84564665, 48.7523074 ], [ 17.84566286, 48.7522998 ], [ 17.84569733, 48.75228365 ], [ 17.84574143, 48.75226302 ], [ 17.84577327, 48.75224815 ], [ 17.84577415, 48.75224766 ], [ 17.84583112, 48.75222095 ], [ 17.84583403, 48.75221968 ], [ 17.84588749, 48.75219456 ], [ 17.84596132, 48.75215162 ], [ 17.84597678, 48.75214253 ], [ 17.8461791, 48.75202483 ], [ 17.846279787077481, 48.751991210985949 ], [ 17.8465641, 48.7518958 ], [ 17.846568444859031, 48.751894825476597 ], [ 17.84657103, 48.75189396 ], [ 17.84669082, 48.75186726 ], [ 17.84671731, 48.75186137 ], [ 17.84677777, 48.75184787 ], [ 17.84678468, 48.75184631 ], [ 17.84680723, 48.75184126 ], [ 17.846807600822622, 48.751841184361496 ], [ 17.8468967, 48.7518212 ], [ 17.8471239, 48.7517886 ], [ 17.8475509, 48.7516892 ], [ 17.8478275, 48.7516303 ], [ 17.847827775243669, 48.751630289404851 ], [ 17.84789639, 48.75162438 ], [ 17.84792556, 48.75162181 ], [ 17.84798652, 48.75162144 ], [ 17.84806636, 48.75162086 ], [ 17.848168696997949, 48.751632374724188 ], [ 17.8482922, 48.751646 ], [ 17.8485945, 48.7516395 ], [ 17.848694808043774, 48.751639747230222 ], [ 17.84871096, 48.75163975 ], [ 17.84877213, 48.75163985 ], [ 17.84878223, 48.75163991 ], [ 17.84903303, 48.75164047 ], [ 17.84904054, 48.75164048 ], [ 17.84932503, 48.7515832 ], [ 17.849485622801698, 48.751432421010193 ], [ 17.8495101, 48.7514094 ], [ 17.8494883, 48.7508708 ], [ 17.8497009, 48.7507255 ], [ 17.849746981691307, 48.750436015015126 ], [ 17.84972878, 48.75037762 ], [ 17.84972717, 48.75037247 ], [ 17.8496993, 48.75028282 ], [ 17.849691933819898, 48.75026680191651 ], [ 17.8496725, 48.7502249 ], [ 17.849672515530557, 48.750224575989968 ], [ 17.84967243, 48.75022439 ], [ 17.84967496, 48.75010353 ], [ 17.849682510345026, 48.750016056723354 ], [ 17.8496827, 48.7500121 ], [ 17.849683389158724, 48.750009590796083 ], [ 17.84969311, 48.74996654 ], [ 17.84969524, 48.7499571 ], [ 17.84972763, 48.74984346 ], [ 17.849766095676628, 48.749708459124442 ], [ 17.8497696, 48.7496957 ], [ 17.849934599293501, 48.749323676799548 ], [ 17.84994226, 48.74930629 ], [ 17.84999791, 48.74918052 ], [ 17.850035841148479, 48.749094959966079 ], [ 17.850037219682545, 48.749076868042295 ], [ 17.85003748, 48.74907328 ], [ 17.850037897963492, 48.749067966262103 ], [ 17.8500745, 48.7485876 ], [ 17.8502343, 48.748026 ], [ 17.8500876, 48.7475408 ], [ 17.8500135, 48.7474223 ], [ 17.85001365307815, 48.747422252334459 ], [ 17.85001347, 48.74742196 ], [ 17.85010223, 48.74739437 ], [ 17.85021481, 48.74735946 ], [ 17.85039333, 48.74730398 ], [ 17.85053093, 48.74726291 ], [ 17.85055785, 48.74725488 ], [ 17.850566847019632, 48.747252202990069 ], [ 17.850595561621713, 48.74724362614085 ], [ 17.85061099, 48.74723895 ], [ 17.85064759, 48.74722807 ], [ 17.85071768, 48.74720712 ], [ 17.85079347, 48.74718444 ], [ 17.85089903, 48.7471529 ], [ 17.851326501679367, 48.74702518211852 ], [ 17.851339899408845, 48.746084741495395 ], [ 17.85069411, 48.74594705 ], [ 17.85008158, 48.7458164 ], [ 17.8500348, 48.74580616 ], [ 17.85002821090244, 48.74580472683143 ], [ 17.849721863487375, 48.745739338580023 ], [ 17.84970064, 48.74573517 ], [ 17.84962729, 48.74571953 ], [ 17.848752286114848, 48.745532886088462 ], [ 17.8473072, 48.7452252 ], [ 17.847257763269845, 48.744999868538116 ], [ 17.84717858, 48.74463985 ], [ 17.847178714888667, 48.744639567862194 ], [ 17.8471787, 48.7446395 ], [ 17.847272026162308, 48.744444394772977 ], [ 17.84742292, 48.74412878 ], [ 17.84749962, 48.74404528 ], [ 17.847671309605264, 48.743858341944055 ], [ 17.8476896, 48.7438384 ], [ 17.8478426, 48.7430936 ], [ 17.848048649880809, 48.74289251972845 ], [ 17.84846666, 48.74248433 ], [ 17.84847141, 48.74247965 ], [ 17.84850647, 48.74244538 ], [ 17.84855146, 48.74240151 ], [ 17.84924592, 48.74172307 ], [ 17.84932519, 48.7416456 ], [ 17.84943507, 48.74153838 ], [ 17.84946698, 48.74150717 ], [ 17.84954308, 48.74143284 ], [ 17.8496413, 48.74133683 ], [ 17.8497267, 48.74125359 ], [ 17.84976964, 48.74121167 ], [ 17.8499048, 48.7410796 ], [ 17.85022518, 48.74076657 ], [ 17.85065418047002, 48.740347535793951 ], [ 17.8524861, 48.7385578 ], [ 17.852806217334244, 48.738245382955512 ], [ 17.85335075, 48.73771342 ], [ 17.85343553, 48.73662698 ], [ 17.8534376, 48.7365992 ], [ 17.8535569, 48.73506981 ], [ 17.85352261, 48.73494166 ], [ 17.85351883, 48.73492752 ], [ 17.85345728, 48.73469739 ], [ 17.85332299, 48.73419572 ], [ 17.85325462, 48.73393998 ], [ 17.85320829, 48.73376667 ], [ 17.853204890472337, 48.733753859463199 ], [ 17.852999610939847, 48.732986652023406 ], [ 17.85298116, 48.73291774 ], [ 17.852933233764134, 48.732738575352428 ], [ 17.852800071157713, 48.732240896206783 ], [ 17.85258853, 48.73145046 ], [ 17.852491234650749, 48.731086657092192 ], [ 17.8520576, 48.729466 ], [ 17.851948275183464, 48.72897823884653 ], [ 17.85191598, 48.72883446 ], [ 17.85186097, 48.72858973 ], [ 17.85186495, 48.72843663 ], [ 17.85187808, 48.72792148 ], [ 17.85188004, 48.7278471 ], [ 17.85190075, 48.7270324 ], [ 17.85190228, 48.72697695 ], [ 17.85190419, 48.72690202 ], [ 17.85190874, 48.72672412 ], [ 17.85191078, 48.72664323 ], [ 17.85191314, 48.72655117 ], [ 17.85191363, 48.72653187 ], [ 17.85191692, 48.72640546 ], [ 17.85191966, 48.72629391 ], [ 17.85192108, 48.72623927 ], [ 17.851942477298842, 48.725401965699959 ], [ 17.8517155, 48.7255235 ], [ 17.851706752731271, 48.725525802890282 ], [ 17.85158914, 48.72556026 ], [ 17.85143309, 48.72559796 ], [ 17.85138163090916, 48.725604088324175 ], [ 17.851302, 48.7256137 ], [ 17.851296399267085, 48.72561376618016 ], [ 17.8512645, 48.72561484 ], [ 17.85122596, 48.72561612 ], [ 17.85116056, 48.72561821 ], [ 17.85111695, 48.72561773 ], [ 17.851032517194522, 48.725616884300536 ], [ 17.8510058, 48.7256172 ], [ 17.8506278, 48.7257975 ], [ 17.8504343, 48.7257621 ], [ 17.850243334374397, 48.725737923190792 ], [ 17.85000519, 48.72570816 ], [ 17.84995882234983, 48.725684745626175 ], [ 17.8499458, 48.7256783 ], [ 17.849659726361661, 48.725694858403266 ], [ 17.84962964, 48.72569661 ], [ 17.84918393, 48.72572244 ], [ 17.84831248, 48.72576799 ], [ 17.8478036, 48.72574627 ], [ 17.84677301, 48.72570983 ], [ 17.84656483, 48.72570895 ], [ 17.846127996349878, 48.725705357961623 ], [ 17.8459165, 48.725704 ], [ 17.8432193, 48.723496 ], [ 17.842978357688864, 48.723369082916491 ], [ 17.84240045, 48.72306524 ], [ 17.84237297, 48.7230567 ], [ 17.84229827, 48.7230333 ], [ 17.84222474, 48.72301033 ], [ 17.84219713, 48.72300179 ], [ 17.84206168, 48.72298238 ], [ 17.842052845149336, 48.722981087685689 ], [ 17.8412768, 48.7228702 ], [ 17.840940409185826, 48.722825935730349 ], [ 17.84089503, 48.72282004 ], [ 17.840838659286277, 48.722814037819603 ], [ 17.8404374, 48.7227718 ], [ 17.840025381936872, 48.722723819700278 ], [ 17.83983218, 48.72270155 ], [ 17.839545290683059, 48.722669129528114 ], [ 17.839152, 48.722625 ], [ 17.8384308, 48.722535 ], [ 17.838338712880013, 48.72252449341584 ], [ 17.83802845, 48.72248951 ], [ 17.838016827870263, 48.722487495773635 ], [ 17.837923, 48.7224746 ], [ 17.837674, 48.7224405 ], [ 17.836754175556106, 48.722334451961338 ], [ 17.83626812, 48.72227854 ], [ 17.83347568, 48.72196586 ], [ 17.83271017, 48.72186491 ], [ 17.8324774, 48.7218338 ], [ 17.83192329, 48.72176645 ], [ 17.83175648, 48.7217528 ], [ 17.83156351929636, 48.721726801781692 ], [ 17.8308653, 48.7216331 ], [ 17.8304022, 48.7215813 ], [ 17.829878468484747, 48.721511355099075 ], [ 17.8292693, 48.72143019 ], [ 17.82917787, 48.72165918 ], [ 17.829177713959684, 48.721659165070307 ], [ 17.8291777, 48.7216592 ], [ 17.8258008, 48.7213366 ], [ 17.82547212171313, 48.721304495200187 ], [ 17.82543149, 48.72130061 ], [ 17.82534433, 48.72129233 ], [ 17.82502387, 48.72126164 ], [ 17.82502037, 48.72126134 ], [ 17.822268177733058, 48.720997758433825 ], [ 17.818732, 48.7206595 ], [ 17.8125334, 48.7206264 ], [ 17.8122997, 48.7197552 ], [ 17.81048504214834, 48.719739126772701 ], [ 17.81039166, 48.71973838 ], [ 17.81033706, 48.71942166 ], [ 17.81028931, 48.71939699 ], [ 17.8076336, 48.72042738 ], [ 17.80739973, 48.72053071 ], [ 17.80740672, 48.72056284 ], [ 17.807406509966146, 48.7205629729823 ], [ 17.8074066, 48.7205634 ], [ 17.80733069211194, 48.720610976827857 ], [ 17.80726541, 48.72065231 ], [ 17.806905571925082, 48.72110337725811 ], [ 17.8068029, 48.7212322 ], [ 17.806702859867812, 48.721282269837303 ], [ 17.806690072639995, 48.721610194929639 ], [ 17.8066885, 48.721652 ], [ 17.806849, 48.7219801 ], [ 17.807184564723762, 48.722770706495673 ], [ 17.807201258789853, 48.722809987152559 ], [ 17.807203068874411, 48.722812670498413 ], [ 17.80751741, 48.72327848 ], [ 17.807562513069062, 48.723384443595947 ], [ 17.8076152, 48.7235079 ], [ 17.807676045164918, 48.723631546316774 ], [ 17.80770231, 48.72368479 ], [ 17.80788439, 48.72408984 ], [ 17.807905283035815, 48.72412094881728 ], [ 17.80799, 48.7242465 ], [ 17.808048243312388, 48.724297090531479 ], [ 17.8081035, 48.7243446 ], [ 17.8083172, 48.72446962 ], [ 17.808678747251555, 48.724386863948467 ], [ 17.8094149, 48.7242182 ], [ 17.8097529, 48.724459 ], [ 17.809760702969076, 48.7244651468896 ], [ 17.80990979, 48.72458247 ], [ 17.8100585, 48.72471346 ], [ 17.810058302300259, 48.724713513871698 ], [ 17.8100584, 48.7247136 ], [ 17.809460799923322, 48.724876328805976 ], [ 17.80890056, 48.72502899 ], [ 17.808839143824777, 48.725045608159498 ], [ 17.808534, 48.7251287 ], [ 17.8079573, 48.7253057 ], [ 17.807939057527896, 48.725312157657662 ], [ 17.80740225, 48.72550259 ], [ 17.80732309, 48.72556424 ], [ 17.8072482, 48.72557855 ], [ 17.80718775, 48.72559013 ], [ 17.806658485851688, 48.725835202616182 ], [ 17.806929273087658, 48.725977396826849 ], [ 17.80703061, 48.72603041 ], [ 17.807040360598652, 48.726168824588235 ], [ 17.8076658, 48.7264226 ], [ 17.8078938, 48.7266171 ], [ 17.8081834, 48.727013 ], [ 17.808192877223693, 48.727050802409117 ], [ 17.80820131, 48.72708348 ], [ 17.808201097139783, 48.727083589714873 ], [ 17.8082012, 48.727084 ], [ 17.808143944364978, 48.727113075905088 ], [ 17.80813212, 48.72714023 ], [ 17.808123603190079, 48.727159405273795 ], [ 17.808134744182183, 48.727177823409029 ], [ 17.80817368, 48.72724174 ], [ 17.80820507, 48.72729378 ], [ 17.80840328, 48.72739871 ], [ 17.808501011246886, 48.727490820799481 ], [ 17.8087155, 48.7276922 ], [ 17.808714983007157, 48.72769248721152 ], [ 17.80871523, 48.72769272 ], [ 17.80843222, 48.72784978 ], [ 17.80841356, 48.72786021 ], [ 17.807900214022606, 48.728145126050414 ], [ 17.8070069, 48.7286414 ], [ 17.806758066758661, 48.728788751316692 ], [ 17.80673302, 48.72880363 ], [ 17.80665997, 48.72884686 ], [ 17.80655222, 48.72891083 ], [ 17.806476238398592, 48.728945363296511 ], [ 17.8062427, 48.7290521 ], [ 17.806175343276688, 48.729116932506855 ], [ 17.80614115, 48.72915012 ], [ 17.806092681329019, 48.729245103844221 ], [ 17.806083518362552, 48.729296066410527 ], [ 17.80608053, 48.72931288 ], [ 17.806077436719477, 48.729329891279313 ], [ 17.8060393, 48.729542 ], [ 17.8060086521076, 48.729466256479398 ], [ 17.80598537, 48.72940895 ], [ 17.80596045, 48.72934773 ], [ 17.805942425555891, 48.729348895928688 ], [ 17.8058942, 48.7293526 ], [ 17.805796423407706, 48.729448481697091 ], [ 17.80576552, 48.72947891 ], [ 17.805765428785406, 48.729478875648418 ], [ 17.8057652, 48.7294791 ], [ 17.8055254, 48.7293887 ], [ 17.8054154, 48.7296417 ], [ 17.805345368602595, 48.729835047553713 ], [ 17.80534188, 48.72984469 ], [ 17.80533376, 48.72991075 ], [ 17.805274203322302, 48.730014772205948 ], [ 17.8052766, 48.730139 ], [ 17.8052644, 48.7302264 ], [ 17.805218984681133, 48.730301388084641 ], [ 17.80519842, 48.73033547 ], [ 17.805174065804948, 48.730375698711235 ], [ 17.8051291, 48.730637 ], [ 17.80509735000016, 48.730733199999513 ], [ 17.80506564, 48.73082998 ], [ 17.805047783132746, 48.730914893339765 ], [ 17.8050398, 48.7309532 ], [ 17.805010271400562, 48.731001868672422 ], [ 17.80499291, 48.73103065 ], [ 17.80494997, 48.7312438 ], [ 17.804916795783871, 48.73128868027711 ], [ 17.8048793, 48.7313397 ], [ 17.804841646429654, 48.731422673137047 ], [ 17.80474595, 48.73163425 ], [ 17.804656792780914, 48.731738859331116 ], [ 17.8045881, 48.7318198 ], [ 17.804542752120742, 48.731866267103506 ], [ 17.80447078, 48.73194053 ], [ 17.804285308427691, 48.732033003615435 ], [ 17.8041771, 48.7320872 ], [ 17.8040358, 48.7321891 ], [ 17.804006210627062, 48.732207113550842 ], [ 17.80393792, 48.73224916 ], [ 17.803856092296265, 48.732336054938443 ], [ 17.803791989945442, 48.732404503955522 ], [ 17.80377717, 48.73247102 ], [ 17.80380361, 48.73263402 ], [ 17.803803455502106, 48.732634226128063 ], [ 17.8038035, 48.7326345 ], [ 17.8036934, 48.7327813 ], [ 17.8036029, 48.733076 ], [ 17.8033827, 48.7336948 ], [ 17.803315645308054, 48.733781431652616 ], [ 17.80296375, 48.73423639 ], [ 17.80286511, 48.73441028 ], [ 17.80283541, 48.73446275 ], [ 17.80279406, 48.7345351 ], [ 17.80252491, 48.73490966 ], [ 17.802332330256352, 48.735177444717586 ], [ 17.8019926, 48.7356501 ], [ 17.8015162, 48.7362555 ], [ 17.800754989360527, 48.737281404773455 ], [ 17.80071994, 48.73732867 ], [ 17.800719912591383, 48.737328678711883 ], [ 17.8007196, 48.7373291 ], [ 17.799098, 48.7378443 ], [ 17.7978563, 48.7383533 ], [ 17.797191662227601, 48.738865332551207 ], [ 17.7969237, 48.73907189 ], [ 17.79575161, 48.73955616 ], [ 17.79459225, 48.73974261 ], [ 17.794159111386264, 48.739791816412584 ], [ 17.7937341, 48.7398403 ], [ 17.792946601626443, 48.740232299634719 ], [ 17.79322052, 48.74058171 ], [ 17.793220155480302, 48.740581860206341 ], [ 17.7932205, 48.7405823 ], [ 17.7927878, 48.7407601 ], [ 17.7930276, 48.7411394 ], [ 17.793221947011066, 48.741348696781152 ], [ 17.79331095, 48.74144442 ], [ 17.793310872332803, 48.741444462512256 ], [ 17.793311, 48.7414446 ], [ 17.793122536036652, 48.741547551084899 ], [ 17.79305295, 48.74158564 ], [ 17.79305275521126, 48.741585669840077 ], [ 17.7930527, 48.7415857 ], [ 17.7928904, 48.7416108 ], [ 17.7926831, 48.7416908 ], [ 17.7925688, 48.7417571 ], [ 17.792494032119034, 48.741785204637196 ], [ 17.79230245, 48.74185764 ], [ 17.7920523, 48.74191227 ], [ 17.7918316, 48.74189969 ], [ 17.7917761, 48.74179939 ], [ 17.791659979140665, 48.741656631065247 ], [ 17.7914817, 48.7414379 ], [ 17.791287637481741, 48.741610158736805 ], [ 17.79104374, 48.74182692 ], [ 17.790964193142486, 48.741804095869455 ], [ 17.790911602773782, 48.741789229053211 ], [ 17.79046724, 48.74219046 ], [ 17.790291871355546, 48.742390670960965 ], [ 17.7902444, 48.742445 ], [ 17.790155510587351, 48.742445569317326 ], [ 17.79001015, 48.74244694 ], [ 17.789455371127115, 48.742424523497291 ], [ 17.789119, 48.7424112 ], [ 17.78890814467244, 48.742851373270227 ], [ 17.78880967, 48.74305712 ], [ 17.788809504600845, 48.743057290395448 ], [ 17.7888095, 48.7430573 ], [ 17.7886732, 48.743198 ], [ 17.788649531107279, 48.743199830283444 ], [ 17.78861629, 48.74320291 ], [ 17.788488533110151, 48.743326859315033 ], [ 17.7884811, 48.7433341 ], [ 17.788475982270985, 48.743343430063057 ], [ 17.78840157, 48.74347989 ], [ 17.78838536, 48.74360182 ], [ 17.788347705264414, 48.743696630528177 ], [ 17.7883435, 48.7437073 ], [ 17.788203606218705, 48.743883892149938 ], [ 17.78810264, 48.74414866 ], [ 17.78802975, 48.74425692 ], [ 17.7879235, 48.74464801 ], [ 17.78778394, 48.74481704 ], [ 17.787711504163113, 48.744880009955509 ], [ 17.7876596, 48.7449254 ], [ 17.787551550657756, 48.74504967993014 ], [ 17.78754337, 48.74505911 ], [ 17.787543304671505, 48.74505916458385 ], [ 17.7875431, 48.7450594 ], [ 17.7870986, 48.7454309 ], [ 17.787049362140696, 48.745453991815602 ], [ 17.78688597, 48.74553113 ], [ 17.786791861297665, 48.745564505206175 ], [ 17.7867677, 48.7455732 ], [ 17.7863508, 48.745664 ], [ 17.7856271, 48.7457755 ], [ 17.785289701208431, 48.745843033003787 ], [ 17.78524719, 48.74585158 ], [ 17.785202091226342, 48.74586574370327 ], [ 17.7849171, 48.7459557 ], [ 17.7848276, 48.7459942 ], [ 17.784443, 48.7460892 ], [ 17.784330393832079, 48.746092032523443 ], [ 17.78423222, 48.7460949 ], [ 17.784209520591379, 48.746102240762688 ], [ 17.783906725256269, 48.746205134866429 ], [ 17.78387737, 48.74621537 ], [ 17.783835611849401, 48.746250954275055 ], [ 17.783327041466503, 48.746687308172739 ], [ 17.7832779, 48.74672984 ], [ 17.78310590728038, 48.746822402392709 ], [ 17.7830569, 48.7468489 ], [ 17.782937093364183, 48.746891601509112 ], [ 17.78280022, 48.74694051 ], [ 17.78262782329481, 48.746986867112192 ], [ 17.7823219, 48.7470693 ], [ 17.782289635439074, 48.747082555655666 ], [ 17.78216902, 48.74713277 ], [ 17.78195036, 48.74731358 ], [ 17.78186822, 48.74791378 ], [ 17.78170207, 48.74823761 ], [ 17.78163386, 48.74833179 ], [ 17.78136401, 48.74850939 ], [ 17.781153162047641, 48.748694108474453 ], [ 17.7810973, 48.7487432 ], [ 17.780932732494708, 48.748827746136882 ], [ 17.78090107, 48.74884406 ], [ 17.78050531, 48.74905965 ], [ 17.78017075, 48.74926923 ], [ 17.779893124758633, 48.749419438742301 ], [ 17.7796408, 48.7495562 ], [ 17.779531999516891, 48.749616732393292 ], [ 17.77931006, 48.7497407 ], [ 17.779054815676204, 48.749833006231391 ], [ 17.7789511, 48.7498707 ], [ 17.7776312, 48.750131 ], [ 17.777614131721897, 48.750143629468937 ], [ 17.77759891, 48.75015525 ], [ 17.7774725, 48.75018509 ], [ 17.77739762, 48.75019604 ], [ 17.777265393128612, 48.750238794238108 ], [ 17.777257833516668, 48.750241256511714 ], [ 17.77710856, 48.75039069 ], [ 17.77705762, 48.7506084 ], [ 17.777041685229555, 48.750858697838773 ], [ 17.7770344, 48.750974 ], [ 17.777015669178866, 48.751042598591688 ], [ 17.77699603, 48.75111493 ], [ 17.77694363, 48.75122191 ], [ 17.776943398184322, 48.751222099711448 ], [ 17.7769433, 48.7512223 ], [ 17.7768237, 48.7513201 ], [ 17.776793717042249, 48.751340526985835 ], [ 17.77668724, 48.75141341 ], [ 17.77659241, 48.7515084 ], [ 17.77650677, 48.75161091 ], [ 17.77599575, 48.75204171 ], [ 17.77589462, 48.75209775 ], [ 17.77568902, 48.75231765 ], [ 17.775428875050011, 48.752525236260837 ], [ 17.7751573, 48.7527422 ], [ 17.7749761, 48.7529851 ], [ 17.7749106, 48.7531809 ], [ 17.774881062889268, 48.753236926016015 ], [ 17.7748137, 48.75336523 ], [ 17.77466632, 48.75367061 ], [ 17.77464007, 48.75380936 ], [ 17.77462531, 48.75404653 ], [ 17.774631639465188, 48.754296648330808 ], [ 17.7746366, 48.7544895 ], [ 17.774609, 48.7547633 ], [ 17.774608950613889, 48.754763445176081 ], [ 17.77460893, 48.75476365 ], [ 17.7745264, 48.75500688 ], [ 17.774280366741923, 48.755786773532876 ], [ 17.774279227500077, 48.755799568749126 ], [ 17.77426733, 48.75593639 ], [ 17.77429244, 48.75601361 ], [ 17.774337401982891, 48.756315258211011 ], [ 17.7743642, 48.7564938 ], [ 17.774331781602452, 48.756760357116207 ], [ 17.7743027, 48.75699997 ], [ 17.77430468, 48.75704245 ], [ 17.774376, 48.75728823 ], [ 17.77435557, 48.75752976 ], [ 17.77437381, 48.75760051 ], [ 17.77451922, 48.75786347 ], [ 17.774591089831311, 48.758095700031205 ], [ 17.774667, 48.7583401 ], [ 17.774813902160226, 48.758499731387225 ], [ 17.77488043, 48.75857173 ], [ 17.77496063, 48.75881751 ], [ 17.775042354620105, 48.759093699048094 ], [ 17.775110712963173, 48.759181699235484 ], [ 17.77544763, 48.75961475 ], [ 17.775565310184511, 48.759971347974066 ], [ 17.7755797, 48.7600148 ], [ 17.7755724, 48.7602673 ], [ 17.775636293208439, 48.760416868192486 ], [ 17.7757222, 48.76061709 ], [ 17.775742108109309, 48.760812808169376 ], [ 17.7757691, 48.76084 ], [ 17.7758053, 48.7608765 ], [ 17.775921420479392, 48.760943489297901 ], [ 17.77594111, 48.76095437 ], [ 17.77611447492853, 48.76102063454514 ], [ 17.7762533, 48.7610733 ], [ 17.776598721957196, 48.761110048483665 ], [ 17.77675417, 48.7611264 ], [ 17.7772858, 48.76121077 ], [ 17.777442681811674, 48.761206880034813 ], [ 17.77748, 48.7612059 ], [ 17.777528438920253, 48.761199291733327 ], [ 17.77762896, 48.76118542 ], [ 17.777678654729037, 48.761175856210031 ], [ 17.7777956, 48.761153 ], [ 17.778235749801837, 48.761149209920475 ], [ 17.77841116, 48.76114756 ], [ 17.778518093972345, 48.76115790879777 ], [ 17.7787077, 48.761176 ], [ 17.778713764979599, 48.761185768594196 ], [ 17.77875672, 48.7612544 ], [ 17.77891365, 48.76181611 ], [ 17.77905903, 48.7621254 ], [ 17.779096361052869, 48.762189546316193 ], [ 17.7791116, 48.7622156 ], [ 17.779167394820693, 48.762299967587339 ], [ 17.77927285, 48.76245919 ], [ 17.77939333, 48.76273859 ], [ 17.77941106, 48.76289114 ], [ 17.779478693342714, 48.763010484731758 ], [ 17.7797225, 48.7632318 ], [ 17.77979943581121, 48.763286111026517 ], [ 17.779856, 48.76332577 ], [ 17.78014186, 48.76347863 ], [ 17.780198522755796, 48.763511795309533 ], [ 17.780274, 48.7635557 ], [ 17.780274073832032, 48.763556016152556 ], [ 17.7802742, 48.76355609 ], [ 17.78030155, 48.7636721 ], [ 17.78031205, 48.76386268 ], [ 17.78025635, 48.76422958 ], [ 17.780326709034231, 48.764375262683942 ], [ 17.7804129, 48.7645532 ], [ 17.7805683, 48.7647941 ], [ 17.780774062621244, 48.765091323661444 ], [ 17.78077669, 48.76509511 ], [ 17.78092401, 48.7654699 ], [ 17.78103597, 48.76566957 ], [ 17.7810798, 48.76579581 ], [ 17.781044997212369, 48.765925423139578 ], [ 17.781203, 48.7662881 ], [ 17.7812464, 48.7664602 ], [ 17.7812097, 48.7666341 ], [ 17.781218, 48.7668829 ], [ 17.781360953394351, 48.767136446149891 ], [ 17.78148036, 48.76734792 ], [ 17.78158342, 48.76755075 ], [ 17.781718251849686, 48.767743108841671 ], [ 17.7818252, 48.7678955 ], [ 17.781838686331255, 48.767920028398983 ], [ 17.78188849, 48.76800996 ], [ 17.78201434, 48.76818474 ], [ 17.7820948, 48.76823563 ], [ 17.782094897407838, 48.768235998356268 ], [ 17.7820949, 48.768236 ], [ 17.78218, 48.7685572 ], [ 17.782179878516125, 48.768557361861589 ], [ 17.78217996, 48.76855767 ], [ 17.782021900165041, 48.768767847632859 ], [ 17.7819029, 48.7689264 ], [ 17.781677028751098, 48.769126528569799 ], [ 17.78160381, 48.76919152 ], [ 17.781307575893408, 48.769401533659057 ], [ 17.7845697, 48.7708483 ], [ 17.784619586298696, 48.77087100572399 ], [ 17.78463024, 48.77087572 ], [ 17.785236870650593, 48.771144809206618 ], [ 17.7874797, 48.7721392 ], [ 17.78759854806006, 48.77219042373855 ], [ 17.78763878, 48.77220732 ], [ 17.78809076, 48.77222796 ], [ 17.78892099, 48.77228552 ], [ 17.78944481, 48.77229962 ], [ 17.78950417415658, 48.772314756222777 ], [ 17.7895642, 48.7723297 ], [ 17.789645468708084, 48.772371902504467 ], [ 17.78971207, 48.77240625 ], [ 17.78973675, 48.77243006 ], [ 17.789892330306103, 48.772580413950138 ], [ 17.7900156, 48.7726993 ], [ 17.7901207, 48.7727871 ], [ 17.790234940772944, 48.772848886027106 ], [ 17.79054431, 48.77301566 ], [ 17.790868557163975, 48.773233215436946 ], [ 17.7909413, 48.7732819 ], [ 17.7911859, 48.7734211 ], [ 17.7915567, 48.7736706 ], [ 17.791704986855041, 48.773785751150399 ], [ 17.79180008, 48.77385945 ], [ 17.79183928, 48.77388108 ], [ 17.791840457517718, 48.77388173011078 ], [ 17.7919358, 48.7739342 ], [ 17.792027964367122, 48.773976686262351 ], [ 17.7920885, 48.77400448 ], [ 17.7924256, 48.77425978 ], [ 17.792553013831668, 48.774329875254764 ], [ 17.7929302, 48.7745367 ], [ 17.793472, 48.7750079 ], [ 17.7937162, 48.7751797 ], [ 17.79379213984112, 48.775245200808342 ], [ 17.79384959, 48.77529471 ], [ 17.79431515, 48.77569585 ], [ 17.794507395294492, 48.775891998944097 ], [ 17.7946712, 48.7760587 ], [ 17.794846900114528, 48.776183061066121 ], [ 17.79503271, 48.77631412 ], [ 17.79507527, 48.77635085 ], [ 17.79513773, 48.7764046 ], [ 17.79519017, 48.7764498 ], [ 17.79545888, 48.77668132 ], [ 17.795492774750361, 48.776617381843273 ], [ 17.7955052, 48.7765939 ], [ 17.795505226515495, 48.776593893164282 ], [ 17.79550526, 48.77659383 ], [ 17.79552444705498, 48.776588938092068 ], [ 17.7956398, 48.7765592 ], [ 17.7962854, 48.7772025 ], [ 17.796339389890797, 48.77725494051203 ], [ 17.79634366, 48.77725902 ], [ 17.79637621, 48.77729009 ], [ 17.796732231486871, 48.777157778645098 ], [ 17.797014, 48.7770528 ], [ 17.797280290246174, 48.777060420168333 ], [ 17.7973984, 48.77706368 ], [ 17.79796092, 48.7774988 ], [ 17.79848279, 48.77729318 ], [ 17.798853578640447, 48.777258809397821 ], [ 17.798891, 48.7772553 ], [ 17.798891030897433, 48.777255337725592 ], [ 17.79889133, 48.77725531 ], [ 17.798987208606405, 48.777372770176882 ], [ 17.799072, 48.7774763 ], [ 17.799190879839049, 48.777697403382312 ], [ 17.79967048, 48.77858826 ], [ 17.7996913, 48.77861238 ], [ 17.800034599378122, 48.778518115875372 ], [ 17.8012671, 48.7781791 ], [ 17.8022802, 48.7778073 ], [ 17.8032219, 48.7776174 ], [ 17.8035203, 48.7775995 ], [ 17.8040555, 48.7776479 ], [ 17.8060952, 48.7781571 ], [ 17.8067153, 48.778494 ], [ 17.8076114, 48.7788331 ], [ 17.807611147452036, 48.778833461622192 ], [ 17.80761146, 48.77883358 ], [ 17.807609628419058, 48.778835636718057 ], [ 17.807375, 48.7791716 ], [ 17.8079482, 48.7793492 ], [ 17.8089864, 48.7794779 ], [ 17.809241158971254, 48.779515421895908 ], [ 17.80958437, 48.77956565 ], [ 17.80978365, 48.77959485 ], [ 17.809783340581816, 48.779595276520261 ], [ 17.8097835, 48.7795953 ], [ 17.809520028475127, 48.779958324283456 ], [ 17.80950775, 48.77997526 ], [ 17.80945056, 48.78005423 ], [ 17.80941149, 48.78010803 ], [ 17.80937276, 48.78016139 ], [ 17.80933434, 48.78021451 ], [ 17.8092924, 48.78027229 ], [ 17.80928784, 48.78027752 ], [ 17.80924903, 48.78032266 ], [ 17.80910264, 48.78049248 ], [ 17.80904705, 48.78055701 ], [ 17.80892672, 48.78069672 ], [ 17.80878488, 48.7808614 ], [ 17.80871429, 48.78094335 ], [ 17.80861711, 48.7810562 ], [ 17.808427, 48.78127691 ], [ 17.80857041, 48.78131969 ], [ 17.808570353267442, 48.781319786146085 ], [ 17.8085704, 48.7813198 ], [ 17.808562894781151, 48.781332426229476 ], [ 17.808525947118071, 48.781395042358824 ], [ 17.8095163, 48.7815648 ], [ 17.809914626780177, 48.78114680937378 ], [ 17.81003693, 48.78101834 ], [ 17.81019328, 48.78108395 ], [ 17.81069577, 48.78129587 ], [ 17.81074107, 48.78131498 ], [ 17.81084394, 48.78135836 ], [ 17.81088306, 48.78137483 ], [ 17.81090358, 48.78138348 ], [ 17.811209664674301, 48.781512546976273 ], [ 17.812209254540161, 48.781932099949728 ], [ 17.812227600721656, 48.781939799319282 ], [ 17.8127988, 48.781401 ], [ 17.813583, 48.7816362 ], [ 17.8137828, 48.7814586 ], [ 17.814649655453849, 48.781747551817951 ], [ 17.81497461, 48.78185574 ], [ 17.81533638, 48.78197619 ], [ 17.815361321926826, 48.781956783978579 ], [ 17.8154635, 48.781877 ], [ 17.815463715874639, 48.781877116551179 ], [ 17.81546375, 48.78187709 ], [ 17.81577947, 48.78204756 ], [ 17.81602161, 48.78217825 ], [ 17.81617109, 48.78225896 ], [ 17.81643726, 48.78240257 ], [ 17.81647311, 48.78242191 ], [ 17.816526191380792, 48.782450618803132 ], [ 17.816666525687786, 48.782325924035902 ], [ 17.8168591, 48.78215448 ], [ 17.81694238, 48.78219134 ], [ 17.8169783, 48.78220725 ], [ 17.81711565, 48.78226807 ], [ 17.81722829, 48.78231791 ], [ 17.817406938113244, 48.7823969653831 ], [ 17.8178663, 48.7825999 ], [ 17.817866050770842, 48.782600111122377 ], [ 17.81786641, 48.78260027 ], [ 17.817782600929625, 48.782670801603821 ], [ 17.817728725377798, 48.782716439661854 ], [ 17.81833518, 48.78297322 ], [ 17.818554142924032, 48.783065949244509 ], [ 17.8186562, 48.7829583 ], [ 17.8194423, 48.7833031 ], [ 17.819475886665028, 48.783272276794754 ], [ 17.81948978, 48.78325933 ], [ 17.81984574, 48.78339521 ], [ 17.820545500670192, 48.783662361321639 ], [ 17.8214222, 48.7839968 ], [ 17.8231439, 48.7846557 ], [ 17.823820469363344, 48.784260852496786 ], [ 17.82401128, 48.78414942 ], [ 17.824231003052095, 48.784220832399697 ], [ 17.8245816, 48.7843344 ], [ 17.8258707, 48.7840768 ], [ 17.826376359841788, 48.783975776223109 ], [ 17.82661883, 48.78392727 ], [ 17.82668888, 48.78394047 ], [ 17.82677131, 48.78395604 ], [ 17.82684016, 48.78396898 ], [ 17.82824152, 48.78444771 ], [ 17.82830193, 48.78446836 ], [ 17.82832948, 48.78448448 ], [ 17.828536497755874, 48.784605798665595 ], [ 17.8286927, 48.7846969 ], [ 17.829045322792169, 48.784892440620567 ], [ 17.82913723, 48.78494325 ], [ 17.82929815, 48.78503231 ], [ 17.8293007, 48.78503364 ], [ 17.82960267, 48.78521994 ], [ 17.82963981, 48.78524279 ], [ 17.82971294, 48.78528795 ], [ 17.82985378, 48.78537489 ], [ 17.83002031, 48.78547766 ], [ 17.83011295, 48.78553484 ], [ 17.83012227, 48.78554056 ], [ 17.83027861, 48.7856567 ], [ 17.83045539, 48.78578799 ], [ 17.83060429, 48.78589863 ], [ 17.8306795, 48.7859544 ], [ 17.83075631, 48.78601144 ], [ 17.83087535, 48.78609994 ], [ 17.83096407, 48.78604075 ], [ 17.83103775, 48.78599149 ], [ 17.83117151, 48.78590225 ], [ 17.83132517, 48.78579958 ], [ 17.83150308, 48.78568078 ], [ 17.831853132679065, 48.785939857711469 ], [ 17.8320544, 48.7860884 ], [ 17.83222424278388, 48.785972661059098 ], [ 17.8322506, 48.78595461 ], [ 17.83239125, 48.78604994 ], [ 17.83250217, 48.78610642 ], [ 17.83278977, 48.78625265 ], [ 17.83286443, 48.78627597 ], [ 17.83311632, 48.78635464 ], [ 17.8336152, 48.78646753 ], [ 17.833722764058436, 48.786480983035808 ], [ 17.8339545, 48.7865096 ], [ 17.8344648, 48.7865259 ], [ 17.834603, 48.7865636 ], [ 17.83499597438102, 48.786772033932053 ], [ 17.83519196, 48.7868759 ], [ 17.835231348770993, 48.786887757444966 ], [ 17.8356871, 48.7870244 ], [ 17.835855705416588, 48.78703955875671 ], [ 17.83592298, 48.78704539 ], [ 17.836061649464508, 48.787031126716698 ], [ 17.8360945, 48.7870277 ], [ 17.8362389, 48.7869405 ], [ 17.8362652, 48.7868349 ], [ 17.836265298087248, 48.786834947617834 ], [ 17.83626532, 48.78683486 ], [ 17.836396260410343, 48.786898525115348 ], [ 17.8368018, 48.7870954 ], [ 17.837551064456783, 48.78746322375261 ], [ 17.83770412, 48.78753826 ], [ 17.837990358961154, 48.787655690417921 ], [ 17.8383217, 48.7877915 ], [ 17.8387325, 48.7874845 ], [ 17.8395478, 48.787894 ], [ 17.8401144, 48.7881654 ], [ 17.840114046064635, 48.788165680692138 ], [ 17.84011442, 48.78816586 ], [ 17.839633480332349, 48.788547117044487 ], [ 17.8399812, 48.7885627 ], [ 17.840269313137053, 48.788686299337471 ], [ 17.84031799, 48.78870714 ], [ 17.840456345159431, 48.788750812436518 ], [ 17.8405441, 48.7887785 ], [ 17.8406472, 48.7887464 ], [ 17.841253, 48.7887638 ], [ 17.841252747575641, 48.788764313457996 ], [ 17.84125297, 48.78876432 ], [ 17.841179723905878, 48.78891309144435 ], [ 17.8412645, 48.789592 ], [ 17.841405160247326, 48.789811637821551 ], [ 17.84145408, 48.78988786 ], [ 17.841504502340278, 48.789980132742528 ], [ 17.8417315, 48.7903947 ], [ 17.841767546202725, 48.790420410062666 ], [ 17.84177302, 48.79042421 ], [ 17.841810488324533, 48.790436533364101 ], [ 17.8418919, 48.7904631 ], [ 17.842315069650724, 48.790547847787444 ], [ 17.84253526, 48.79059184 ], [ 17.84300712, 48.79068607 ], [ 17.84332326, 48.7907856 ], [ 17.843323143132519, 48.790785782128907 ], [ 17.8433232, 48.7907858 ], [ 17.843248192494055, 48.79090265004492 ], [ 17.84324773, 48.79090348 ], [ 17.843225186531974, 48.790938489760805 ], [ 17.843211931750673, 48.79095913865148 ], [ 17.843197040764789, 48.790982414920059 ], [ 17.8436847, 48.7911609 ], [ 17.844064406275663, 48.791336662545739 ], [ 17.84412957, 48.7913668 ], [ 17.84414433, 48.79137365 ], [ 17.844737097633249, 48.79164766409513 ], [ 17.8448966, 48.7910989 ], [ 17.844896675691558, 48.791098935287536 ], [ 17.84489677, 48.79109861 ] ] ] } },
{ "type": "Feature", "properties": { "@featureType": "CadastralZoning", "beginLifespanVersion": { "@nilReason": "http://inspire.ec.europa.eu/codelist/VoidReasonValue/Unpopulated", "@nil": "true" }, "endLifespanVersion": { "@nilReason": "http://inspire.ec.europa.eu/codelist/VoidReasonValue/Unpopulated", "@nil": "true" }, "estimatedAccuracy": { "value": -1, "@uom": "m" }, "inspireId": { "@dataType": "Identifier", "localId": "812145", "namespace": "SK.ESKN.CP", "versionId": "20260703T04:07:40" }, "label": "Dolné Srnie", "level": { "@href": "http://inspire.ec.europa.eu/codelist/CadastralZoningLevelValue/3rdOrder" }, "levelName": { "value": "Katastrálne územie", "@locale": "sk" }, "name_1": { "@dataType": "name", "GeographicalName": { "@dataType": "GeographicalName", "language": "SLK", "nativeness": { "@href": "http://inspire.ec.europa.eu/codelist/NativenessValue/endonym", "@title": "endonym" }, "nameStatus": { "@href": "http://inspire.ec.europa.eu/codelist/NameStatusValue/official", "@title": "official" }, "sourceOfName": { "@nilReason": "http://inspire.ec.europa.eu/codelist/VoidReasonValue/Unpopulated", "@nil": "true" }, "pronunciation": { "@dataType": "pronunciation", "@nilReason": "http://inspire.ec.europa.eu/codelist/VoidReasonValue/Unpopulated", "@nil": "true" }, "spelling": { "@dataType": "SpellingOfName", "text": "Dolné Srnie", "script": "LATN" } } }, "nationalCadastalZoningReference": "812145", "validFrom": "2026-06-30T16:00:00Z", "validTo": { "@nilReason": "http://inspire.ec.europa.eu/codelist/VoidReasonValue/Unpopulated", "@nil": "true" }, "place_id": 186108218, "osm_type": "relation", "osm_id": 5734913, "place_rank": 22, "category": "boundary", "type": "administrative", "importance": 0.51346628514201864, "addresstype": "town", "name_2": "Nové Mesto nad Váhom - Okrajová časť mesta", "display_name": "Nové Mesto nad Váhom - Okrajová časť mesta, Nové Mesto nad Váhom, okres Nové Mesto nad Váhom, Trenčiansky kraj, Slovensko" }, "geometry": { "type": "MultiPolygon", "coordinates": [ [ [ [ 17.82401128, 48.78414942 ], [ 17.823820469363344, 48.784260852496786 ], [ 17.8240111, 48.7841496 ], [ 17.824231003052095, 48.784220832399697 ], [ 17.82401128, 48.78414942 ] ] ], [ [ [ 17.81984574, 48.78339521 ], [ 17.81948978, 48.78325933 ], [ 17.819475886665028, 48.783272276794754 ], [ 17.8194897, 48.7832596 ], [ 17.820545500670192, 48.783662361321639 ], [ 17.81984574, 48.78339521 ] ] ], [ [ [ 17.81833518, 48.78297322 ], [ 17.817728725377798, 48.782716439661854 ], [ 17.8177283, 48.7827168 ], [ 17.818554, 48.7830661 ], [ 17.818554142924032, 48.783065949244509 ], [ 17.81833518, 48.78297322 ] ] ], [ [ [ 17.81786641, 48.78260027 ], [ 17.817866050770842, 48.782600111122377 ], [ 17.817782600929625, 48.782670801603821 ], [ 17.81786641, 48.78260027 ] ] ], [ [ [ 17.81722829, 48.78231791 ], [ 17.81711565, 48.78226807 ], [ 17.8169783, 48.78220725 ], [ 17.81694238, 48.78219134 ], [ 17.8168591, 48.78215448 ], [ 17.816666525687786, 48.782325924035902 ], [ 17.816859, 48.7821549 ], [ 17.817406938113244, 48.7823969653831 ], [ 17.81722829, 48.78231791 ] ] ], [ [ [ 17.81647311, 48.78242191 ], [ 17.81643726, 48.78240257 ], [ 17.81617109, 48.78225896 ], [ 17.81602161, 48.78217825 ], [ 17.81577947, 48.78204756 ], [ 17.81546375, 48.78187709 ], [ 17.815463715874639, 48.781877116551179 ], [ 17.8165261, 48.7824507 ], [ 17.816526191380792, 48.782450618803132 ], [ 17.81647311, 48.78242191 ] ] ], [ [ [ 17.81533638, 48.78197619 ], [ 17.81497461, 48.78185574 ], [ 17.814649655453849, 48.781747551817951 ], [ 17.8153362, 48.7819764 ], [ 17.815361321926826, 48.781956783978579 ], [ 17.81533638, 48.78197619 ] ] ], [ [ [ 17.812209254540161, 48.781932099949728 ], [ 17.8122276, 48.7819398 ], [ 17.812227600721656, 48.781939799319282 ], [ 17.812209254540161, 48.781932099949728 ] ] ], [ [ [ 17.81090358, 48.78138348 ], [ 17.81088306, 48.78137483 ], [ 17.81084394, 48.78135836 ], [ 17.81074107, 48.78131498 ], [ 17.81069577, 48.78129587 ], [ 17.81019328, 48.78108395 ], [ 17.81003693, 48.78101834 ], [ 17.809914626780177, 48.78114680937378 ], [ 17.8100369, 48.7810185 ], [ 17.8109034, 48.781384 ], [ 17.811209664674301, 48.781512546976273 ], [ 17.81090358, 48.78138348 ] ] ], [ [ [ 17.808562894781151, 48.781332426229476 ], [ 17.8085257, 48.781395 ], [ 17.808525947118071, 48.781395042358824 ], [ 17.808562894781151, 48.781332426229476 ] ] ], [ [ [ 17.80857041, 48.78131969 ], [ 17.808427, 48.78127691 ], [ 17.80861711, 48.7810562 ], [ 17.80871429, 48.78094335 ], [ 17.80878488, 48.7808614 ], [ 17.80892672, 48.78069672 ], [ 17.80904705, 48.78055701 ], [ 17.80910264, 48.78049248 ], [ 17.80924903, 48.78032266 ], [ 17.80928784, 48.78027752 ], [ 17.8092924, 48.78027229 ], [ 17.80933434, 48.78021451 ], [ 17.80937276, 48.78016139 ], [ 17.80941149, 48.78010803 ], [ 17.80945056, 48.78005423 ], [ 17.80950775, 48.77997526 ], [ 17.809520028475127, 48.779958324283456 ], [ 17.8092923, 48.7802721 ], [ 17.8084267, 48.7812772 ], [ 17.808570353267442, 48.781319786146085 ], [ 17.80857041, 48.78131969 ] ] ], [ [ [ 17.80978365, 48.77959485 ], [ 17.80958437, 48.77956565 ], [ 17.809241158971254, 48.779515421895908 ], [ 17.809783340581816, 48.779595276520261 ], [ 17.80978365, 48.77959485 ] ] ] ] } },
{ "type": "Feature", "properties": { "@featureType": "CadastralZoning", "beginLifespanVersion": { "@nilReason": "http://inspire.ec.europa.eu/codelist/VoidReasonValue/Unpopulated", "@nil": "true" }, "endLifespanVersion": { "@nilReason": "http://inspire.ec.europa.eu/codelist/VoidReasonValue/Unpopulated", "@nil": "true" }, "estimatedAccuracy": { "value": -1, "@uom": "m" }, "inspireId": { "@dataType": "Identifier", "localId": "812145", "namespace": "SK.ESKN.CP", "versionId": "20260703T04:07:40" }, "label": "Dolné Srnie", "level": { "@href": "http://inspire.ec.europa.eu/codelist/CadastralZoningLevelValue/3rdOrder" }, "levelName": { "value": "Katastrálne územie", "@locale": "sk" }, "name_1": { "@dataType": "name", "GeographicalName": { "@dataType": "GeographicalName", "language": "SLK", "nativeness": { "@href": "http://inspire.ec.europa.eu/codelist/NativenessValue/endonym", "@title": "endonym" }, "nameStatus": { "@href": "http://inspire.ec.europa.eu/codelist/NameStatusValue/official", "@title": "official" }, "sourceOfName": { "@nilReason": "http://inspire.ec.europa.eu/codelist/VoidReasonValue/Unpopulated", "@nil": "true" }, "pronunciation": { "@dataType": "pronunciation", "@nilReason": "http://inspire.ec.europa.eu/codelist/VoidReasonValue/Unpopulated", "@nil": "true" }, "spelling": { "@dataType": "SpellingOfName", "text": "Dolné Srnie", "script": "LATN" } } }, "nationalCadastalZoningReference": "812145", "validFrom": "2026-06-30T16:00:00Z", "validTo": { "@nilReason": "http://inspire.ec.europa.eu/codelist/VoidReasonValue/Unpopulated", "@nil": "true" }, "place_id": 419243357, "osm_type": "relation", "osm_id": 1538747, "place_rank": 22, "category": "place", "type": "cadastral_community", "importance": 0.10672402456702523, "addresstype": "cadastral_community", "name_2": "Nové Mesto nad Váhom", "display_name": "Nové Mesto nad Váhom, okres Nové Mesto nad Váhom, Trenčiansky kraj, 915 01, Slovensko" }, "geometry": { "type": "MultiPolygon", "coordinates": [ [ [ [ 17.8462269, 48.79152574 ], [ 17.84618429, 48.79151657 ], [ 17.84545596, 48.79135959 ], [ 17.84489677, 48.79109861 ], [ 17.844896675691558, 48.791098935287536 ], [ 17.8454558, 48.7913596 ], [ 17.8462268, 48.791526 ], [ 17.846226867913671, 48.791525925087818 ], [ 17.8462269, 48.79152574 ] ] ], [ [ [ 17.84414433, 48.79137365 ], [ 17.84412957, 48.7913668 ], [ 17.844064406275663, 48.791336662545739 ], [ 17.844737, 48.791648 ], [ 17.844737097633249, 48.79164766409513 ], [ 17.84414433, 48.79137365 ] ] ], [ [ [ 17.843211931750673, 48.79095913865148 ], [ 17.843197, 48.7909824 ], [ 17.843197040764789, 48.790982414920059 ], [ 17.843211931750673, 48.79095913865148 ] ] ], [ [ [ 17.84324773, 48.79090348 ], [ 17.843248192494055, 48.79090265004492 ], [ 17.843225186531974, 48.790938489760805 ], [ 17.84324773, 48.79090348 ] ] ], [ [ [ 17.84332326, 48.7907856 ], [ 17.84300712, 48.79068607 ], [ 17.84253526, 48.79059184 ], [ 17.842315069650724, 48.790547847787444 ], [ 17.8430069, 48.7906864 ], [ 17.843323143132519, 48.790785782128907 ], [ 17.84332326, 48.7907856 ] ] ], [ [ [ 17.84177302, 48.79042421 ], [ 17.841767546202725, 48.790420410062666 ], [ 17.841773, 48.7904243 ], [ 17.841810488324533, 48.790436533364101 ], [ 17.84177302, 48.79042421 ] ] ], [ [ [ 17.84145408, 48.78988786 ], [ 17.841405160247326, 48.789811637821551 ], [ 17.841454, 48.7898879 ], [ 17.841504502340278, 48.789980132742528 ], [ 17.84145408, 48.78988786 ] ] ], [ [ [ 17.84125297, 48.78876432 ], [ 17.841252747575641, 48.788764313457996 ], [ 17.8411797, 48.7889129 ], [ 17.841179723905878, 48.78891309144435 ], [ 17.84125297, 48.78876432 ] ] ], [ [ [ 17.84031799, 48.78870714 ], [ 17.840269313137053, 48.788686299337471 ], [ 17.8403178, 48.7887071 ], [ 17.840456345159431, 48.788750812436518 ], [ 17.84031799, 48.78870714 ] ] ], [ [ [ 17.84011442, 48.78816586 ], [ 17.840114046064635, 48.788165680692138 ], [ 17.8396331, 48.7885471 ], [ 17.839633480332349, 48.788547117044487 ], [ 17.84011442, 48.78816586 ] ] ], [ [ [ 17.83770412, 48.78753826 ], [ 17.837551064456783, 48.78746322375261 ], [ 17.8377042, 48.7875384 ], [ 17.837990358961154, 48.787655690417921 ], [ 17.83770412, 48.78753826 ] ] ], [ [ [ 17.83626532, 48.78683486 ], [ 17.836265298087248, 48.786834947617834 ], [ 17.836396260410343, 48.786898525115348 ], [ 17.83626532, 48.78683486 ] ] ], [ [ [ 17.83592298, 48.78704539 ], [ 17.835855705416588, 48.78703955875671 ], [ 17.8359229, 48.7870456 ], [ 17.836061649464508, 48.787031126716698 ], [ 17.83592298, 48.78704539 ] ] ], [ [ [ 17.83519196, 48.7868759 ], [ 17.83499597438102, 48.786772033932053 ], [ 17.8351918, 48.7868759 ], [ 17.835231348770993, 48.786887757444966 ], [ 17.83519196, 48.7868759 ] ] ], [ [ [ 17.8336152, 48.78646753 ], [ 17.83311632, 48.78635464 ], [ 17.83286443, 48.78627597 ], [ 17.83278977, 48.78625265 ], [ 17.83250217, 48.78610642 ], [ 17.83239125, 48.78604994 ], [ 17.8322506, 48.78595461 ], [ 17.83222424278388, 48.785972661059098 ], [ 17.8322506, 48.7859547 ], [ 17.8323911, 48.7860502 ], [ 17.8327896, 48.7862527 ], [ 17.8331162, 48.786355 ], [ 17.8336152, 48.7864677 ], [ 17.833722764058436, 48.786480983035808 ], [ 17.8336152, 48.78646753 ] ] ], [ [ [ 17.83150308, 48.78568078 ], [ 17.83132517, 48.78579958 ], [ 17.83117151, 48.78590225 ], [ 17.83103775, 48.78599149 ], [ 17.83096407, 48.78604075 ], [ 17.83087535, 48.78609994 ], [ 17.83075631, 48.78601144 ], [ 17.8306795, 48.7859544 ], [ 17.83060429, 48.78589863 ], [ 17.83045539, 48.78578799 ], [ 17.83027861, 48.7856567 ], [ 17.83012227, 48.78554056 ], [ 17.83011295, 48.78553484 ], [ 17.83002031, 48.78547766 ], [ 17.82985378, 48.78537489 ], [ 17.82971294, 48.78528795 ], [ 17.82963981, 48.78524279 ], [ 17.82960267, 48.78521994 ], [ 17.8293007, 48.78503364 ], [ 17.82929815, 48.78503231 ], [ 17.82913723, 48.78494325 ], [ 17.829045322792169, 48.784892440620567 ], [ 17.8293006, 48.785034 ], [ 17.8301222, 48.7855411 ], [ 17.8308752, 48.7861005 ], [ 17.8315028, 48.7856813 ], [ 17.831853132679065, 48.785939857711469 ], [ 17.83150308, 48.78568078 ] ] ], [ [ [ 17.82832948, 48.78448448 ], [ 17.82830193, 48.78446836 ], [ 17.82824152, 48.78444771 ], [ 17.82684016, 48.78396898 ], [ 17.82677131, 48.78395604 ], [ 17.82668888, 48.78394047 ], [ 17.82661883, 48.78392727 ], [ 17.826376359841788, 48.783975776223109 ], [ 17.8266185, 48.7839274 ], [ 17.82684, 48.7839692 ], [ 17.8283016, 48.7844688 ], [ 17.828536497755874, 48.784605798665595 ], [ 17.82832948, 48.78448448 ] ] ], [ [ [ 17.82401128, 48.78414942 ], [ 17.823820469363344, 48.784260852496786 ], [ 17.8240111, 48.7841496 ], [ 17.824231003052095, 48.784220832399697 ], [ 17.82401128, 48.78414942 ] ] ], [ [ [ 17.81984574, 48.78339521 ], [ 17.81948978, 48.78325933 ], [ 17.819475886665028, 48.783272276794754 ], [ 17.8194897, 48.7832596 ], [ 17.820545500670192, 48.783662361321639 ], [ 17.81984574, 48.78339521 ] ] ], [ [ [ 17.81833518, 48.78297322 ], [ 17.817728725377798, 48.782716439661854 ], [ 17.8177283, 48.7827168 ], [ 17.818554, 48.7830661 ], [ 17.818554142924032, 48.783065949244509 ], [ 17.81833518, 48.78297322 ] ] ], [ [ [ 17.81786641, 48.78260027 ], [ 17.817866050770842, 48.782600111122377 ], [ 17.817782600929625, 48.782670801603821 ], [ 17.81786641, 48.78260027 ] ] ], [ [ [ 17.81722829, 48.78231791 ], [ 17.81711565, 48.78226807 ], [ 17.8169783, 48.78220725 ], [ 17.81694238, 48.78219134 ], [ 17.8168591, 48.78215448 ], [ 17.816666525687786, 48.782325924035902 ], [ 17.816859, 48.7821549 ], [ 17.817406938113244, 48.7823969653831 ], [ 17.81722829, 48.78231791 ] ] ], [ [ [ 17.81647311, 48.78242191 ], [ 17.81643726, 48.78240257 ], [ 17.81617109, 48.78225896 ], [ 17.81602161, 48.78217825 ], [ 17.81577947, 48.78204756 ], [ 17.81546375, 48.78187709 ], [ 17.815463715874639, 48.781877116551179 ], [ 17.8165261, 48.7824507 ], [ 17.816526191380792, 48.782450618803132 ], [ 17.81647311, 48.78242191 ] ] ], [ [ [ 17.81533638, 48.78197619 ], [ 17.81497461, 48.78185574 ], [ 17.814649655453849, 48.781747551817951 ], [ 17.8153362, 48.7819764 ], [ 17.815361321926826, 48.781956783978579 ], [ 17.81533638, 48.78197619 ] ] ], [ [ [ 17.812209254540161, 48.781932099949728 ], [ 17.8122276, 48.7819398 ], [ 17.812227600721656, 48.781939799319282 ], [ 17.812209254540161, 48.781932099949728 ] ] ], [ [ [ 17.81090358, 48.78138348 ], [ 17.81088306, 48.78137483 ], [ 17.81084394, 48.78135836 ], [ 17.81074107, 48.78131498 ], [ 17.81069577, 48.78129587 ], [ 17.81019328, 48.78108395 ], [ 17.81003693, 48.78101834 ], [ 17.809914626780177, 48.78114680937378 ], [ 17.8100369, 48.7810185 ], [ 17.8109034, 48.781384 ], [ 17.811209664674301, 48.781512546976273 ], [ 17.81090358, 48.78138348 ] ] ], [ [ [ 17.808562894781151, 48.781332426229476 ], [ 17.8085257, 48.781395 ], [ 17.808525947118071, 48.781395042358824 ], [ 17.808562894781151, 48.781332426229476 ] ] ], [ [ [ 17.80857041, 48.78131969 ], [ 17.808427, 48.78127691 ], [ 17.80861711, 48.7810562 ], [ 17.80871429, 48.78094335 ], [ 17.80878488, 48.7808614 ], [ 17.80892672, 48.78069672 ], [ 17.80904705, 48.78055701 ], [ 17.80910264, 48.78049248 ], [ 17.80924903, 48.78032266 ], [ 17.80928784, 48.78027752 ], [ 17.8092924, 48.78027229 ], [ 17.80933434, 48.78021451 ], [ 17.80937276, 48.78016139 ], [ 17.80941149, 48.78010803 ], [ 17.80945056, 48.78005423 ], [ 17.80950775, 48.77997526 ], [ 17.809520028475127, 48.779958324283456 ], [ 17.8092923, 48.7802721 ], [ 17.8084267, 48.7812772 ], [ 17.808570353267442, 48.781319786146085 ], [ 17.80857041, 48.78131969 ] ] ], [ [ [ 17.80978365, 48.77959485 ], [ 17.80958437, 48.77956565 ], [ 17.809241158971254, 48.779515421895908 ], [ 17.809783340581816, 48.779595276520261 ], [ 17.80978365, 48.77959485 ] ] ] ] } },
{ "type": "Feature", "properties": { "@featureType": "CadastralZoning", "beginLifespanVersion": { "@nilReason": "http://inspire.ec.europa.eu/codelist/VoidReasonValue/Unpopulated", "@nil": "true" }, "endLifespanVersion": { "@nilReason": "http://inspire.ec.europa.eu/codelist/VoidReasonValue/Unpopulated", "@nil": "true" }, "estimatedAccuracy": { "value": -1, "@uom": "m" }, "inspireId": { "@dataType": "Identifier", "localId": "808555", "namespace": "SK.ESKN.CP", "versionId": "20260703T04:07:40" }, "label": "Čachtice", "level": { "@href": "http://inspire.ec.europa.eu/codelist/CadastralZoningLevelValue/3rdOrder" }, "levelName": { "value": "Katastrálne územie", "@locale": "sk" }, "name_1": { "@dataType": "name", "GeographicalName": { "@dataType": "GeographicalName", "language": "SLK", "nativeness": { "@href": "http://inspire.ec.europa.eu/codelist/NativenessValue/endonym", "@title": "endonym" }, "nameStatus": { "@href": "http://inspire.ec.europa.eu/codelist/NameStatusValue/official", "@title": "official" }, "sourceOfName": { "@nilReason": "http://inspire.ec.europa.eu/codelist/VoidReasonValue/Unpopulated", "@nil": "true" }, "pronunciation": { "@dataType": "pronunciation", "@nilReason": "http://inspire.ec.europa.eu/codelist/VoidReasonValue/Unpopulated", "@nil": "true" }, "spelling": { "@dataType": "SpellingOfName", "text": "Čachtice", "script": "LATN" } } }, "nationalCadastalZoningReference": "808555", "validFrom": "2026-06-30T16:00:00Z", "validTo": { "@nilReason": "http://inspire.ec.europa.eu/codelist/VoidReasonValue/Unpopulated", "@nil": "true" }, "place_id": 186108218, "osm_type": "relation", "osm_id": 5734913, "place_rank": 22, "category": "boundary", "type": "administrative", "importance": 0.51346628514201864, "addresstype": "town", "name_2": "Nové Mesto nad Váhom - Okrajová časť mesta", "display_name": "Nové Mesto nad Váhom - Okrajová časť mesta, Nové Mesto nad Váhom, okres Nové Mesto nad Váhom, Trenčiansky kraj, Slovensko" }, "geometry": { "type": "MultiPolygon", "coordinates": [ [ [ [ 17.78160381, 48.76919152 ], [ 17.781677028751098, 48.769126528569799 ], [ 17.7816037, 48.7691915 ], [ 17.7813075, 48.7694015 ], [ 17.781307575893408, 48.769401533659057 ], [ 17.78160381, 48.76919152 ] ] ], [ [ [ 17.78217996, 48.76855767 ], [ 17.782179878516125, 48.768557361861589 ], [ 17.782021900165041, 48.768767847632859 ], [ 17.78217996, 48.76855767 ] ] ], [ [ [ 17.7820948, 48.76823563 ], [ 17.78201434, 48.76818474 ], [ 17.78188849, 48.76800996 ], [ 17.781838686331255, 48.767920028398983 ], [ 17.7818881, 48.7680099 ], [ 17.782014, 48.7681847 ], [ 17.782094897407838, 48.768235998356268 ], [ 17.7820948, 48.76823563 ] ] ], [ [ [ 17.78158342, 48.76755075 ], [ 17.78148036, 48.76734792 ], [ 17.781360953394351, 48.767136446149891 ], [ 17.7814804, 48.7673483 ], [ 17.7815835, 48.7675511 ], [ 17.781718251849686, 48.767743108841671 ], [ 17.78158342, 48.76755075 ] ] ], [ [ [ 17.7810798, 48.76579581 ], [ 17.78103597, 48.76566957 ], [ 17.78092401, 48.7654699 ], [ 17.78077669, 48.76509511 ], [ 17.780774062621244, 48.765091323661444 ], [ 17.7807764, 48.7650947 ], [ 17.7809238, 48.7654696 ], [ 17.7810358, 48.7656695 ], [ 17.7810796, 48.7657962 ], [ 17.7810449, 48.7659252 ], [ 17.781044997212369, 48.765925423139578 ], [ 17.7810798, 48.76579581 ] ] ], [ [ [ 17.78025635, 48.76422958 ], [ 17.78031205, 48.76386268 ], [ 17.78030155, 48.7636721 ], [ 17.7802742, 48.76355609 ], [ 17.780274073832032, 48.763556016152556 ], [ 17.7803013, 48.7636726 ], [ 17.7803118, 48.7638628 ], [ 17.7802562, 48.7642297 ], [ 17.780326709034231, 48.764375262683942 ], [ 17.78025635, 48.76422958 ] ] ], [ [ [ 17.78014186, 48.76347863 ], [ 17.779856, 48.76332577 ], [ 17.77979943581121, 48.763286111026517 ], [ 17.7798558, 48.7633259 ], [ 17.7801418, 48.7634788 ], [ 17.780198522755796, 48.763511795309533 ], [ 17.78014186, 48.76347863 ] ] ], [ [ [ 17.77941106, 48.76289114 ], [ 17.77939333, 48.76273859 ], [ 17.77927285, 48.76245919 ], [ 17.779167394820693, 48.762299967587339 ], [ 17.7792727, 48.7624592 ], [ 17.7793932, 48.7627387 ], [ 17.7794107, 48.762891 ], [ 17.7794786, 48.7630104 ], [ 17.779478693342714, 48.763010484731758 ], [ 17.77941106, 48.76289114 ] ] ], [ [ [ 17.77905903, 48.7621254 ], [ 17.77891365, 48.76181611 ], [ 17.77875672, 48.7612544 ], [ 17.778713764979599, 48.761185768594196 ], [ 17.7787565, 48.7612546 ], [ 17.7789135, 48.7618164 ], [ 17.7790589, 48.7621255 ], [ 17.779096361052869, 48.762189546316193 ], [ 17.77905903, 48.7621254 ] ] ], [ [ [ 17.77841116, 48.76114756 ], [ 17.778235749801837, 48.761149209920475 ], [ 17.7784111, 48.7611477 ], [ 17.778518093972345, 48.76115790879777 ], [ 17.77841116, 48.76114756 ] ] ], [ [ [ 17.77762896, 48.76118542 ], [ 17.777528438920253, 48.761199291733327 ], [ 17.7776288, 48.7611856 ], [ 17.777678654729037, 48.761175856210031 ], [ 17.77762896, 48.76118542 ] ] ], [ [ [ 17.7772858, 48.76121077 ], [ 17.77675417, 48.7611264 ], [ 17.776598721957196, 48.761110048483665 ], [ 17.7767543, 48.7611266 ], [ 17.7772858, 48.761211 ], [ 17.777442681811674, 48.761206880034813 ], [ 17.7772858, 48.76121077 ] ] ], [ [ [ 17.77594111, 48.76095437 ], [ 17.775921420479392, 48.760943489297901 ], [ 17.7759412, 48.7609549 ], [ 17.77611447492853, 48.76102063454514 ], [ 17.77594111, 48.76095437 ] ] ], [ [ [ 17.7757222, 48.76061709 ], [ 17.775636293208439, 48.760416868192486 ], [ 17.775722, 48.7606175 ], [ 17.7757421, 48.7608128 ], [ 17.775742108109309, 48.760812808169376 ], [ 17.7757222, 48.76061709 ] ] ], [ [ [ 17.77544763, 48.75961475 ], [ 17.775110712963173, 48.759181699235484 ], [ 17.7754473, 48.759615 ], [ 17.775565310184511, 48.759971347974066 ], [ 17.77544763, 48.75961475 ] ] ], [ [ [ 17.77496063, 48.75881751 ], [ 17.77488043, 48.75857173 ], [ 17.774813902160226, 48.758499731387225 ], [ 17.7748805, 48.7585721 ], [ 17.7749604, 48.7588175 ], [ 17.7750422, 48.7590935 ], [ 17.775042354620105, 48.759093699048094 ], [ 17.77496063, 48.75881751 ] ] ], [ [ [ 17.77451922, 48.75786347 ], [ 17.77437381, 48.75760051 ], [ 17.77435557, 48.75752976 ], [ 17.774376, 48.75728823 ], [ 17.77430468, 48.75704245 ], [ 17.7743027, 48.75699997 ], [ 17.774331781602452, 48.756760357116207 ], [ 17.7743026, 48.7570003 ], [ 17.7743044, 48.7570422 ], [ 17.7743759, 48.7572881 ], [ 17.7743553, 48.7575296 ], [ 17.7743735, 48.7576007 ], [ 17.774519, 48.7578636 ], [ 17.774591089831311, 48.758095700031205 ], [ 17.77451922, 48.75786347 ] ] ], [ [ [ 17.77429244, 48.75601361 ], [ 17.77426733, 48.75593639 ], [ 17.774279227500077, 48.755799568749126 ], [ 17.774267, 48.7559369 ], [ 17.7742922, 48.7560141 ], [ 17.774337401982891, 48.756315258211011 ], [ 17.77429244, 48.75601361 ] ] ], [ [ [ 17.7745264, 48.75500688 ], [ 17.77460893, 48.75476365 ], [ 17.774608950613889, 48.754763445176081 ], [ 17.7745262, 48.7550067 ], [ 17.7742804, 48.7557864 ], [ 17.774280366741923, 48.755786773532876 ], [ 17.7745264, 48.75500688 ] ] ], [ [ [ 17.77462531, 48.75404653 ], [ 17.77464007, 48.75380936 ], [ 17.77466632, 48.75367061 ], [ 17.7748137, 48.75336523 ], [ 17.774881062889268, 48.753236926016015 ], [ 17.7748137, 48.7533647 ], [ 17.7746662, 48.7536707 ], [ 17.77464, 48.753809 ], [ 17.7746252, 48.7540463 ], [ 17.774631639465188, 48.754296648330808 ], [ 17.77462531, 48.75404653 ] ] ], [ [ [ 17.77568902, 48.75231765 ], [ 17.77589462, 48.75209775 ], [ 17.77599575, 48.75204171 ], [ 17.77650677, 48.75161091 ], [ 17.77659241, 48.7515084 ], [ 17.77668724, 48.75141341 ], [ 17.776793717042249, 48.751340526985835 ], [ 17.7766869, 48.7514133 ], [ 17.7765923, 48.7515079 ], [ 17.7765065, 48.751611 ], [ 17.7759956, 48.7520416 ], [ 17.7758946, 48.7520975 ], [ 17.7756889, 48.7523175 ], [ 17.775428875050011, 48.752525236260837 ], [ 17.77568902, 48.75231765 ] ] ], [ [ [ 17.77694363, 48.75122191 ], [ 17.77699603, 48.75111493 ], [ 17.777015669178866, 48.751042598591688 ], [ 17.7769959, 48.751115 ], [ 17.776943398184322, 48.751222099711448 ], [ 17.77694363, 48.75122191 ] ] ], [ [ [ 17.77705762, 48.7506084 ], [ 17.77710856, 48.75039069 ], [ 17.777257833516668, 48.750241256511714 ], [ 17.7772577, 48.7502413 ], [ 17.7771084, 48.7503902 ], [ 17.7770575, 48.7506084 ], [ 17.777041685229555, 48.750858697838773 ], [ 17.77705762, 48.7506084 ] ] ], [ [ [ 17.77739762, 48.75019604 ], [ 17.7774725, 48.75018509 ], [ 17.77759891, 48.75015525 ], [ 17.777614131721897, 48.750143629468937 ], [ 17.7775989, 48.7501549 ], [ 17.7773977, 48.7501957 ], [ 17.777265393128612, 48.750238794238108 ], [ 17.77739762, 48.75019604 ] ] ], [ [ [ 17.77931006, 48.7497407 ], [ 17.779531999516891, 48.749616732393292 ], [ 17.7793099, 48.7497403 ], [ 17.779054815676204, 48.749833006231391 ], [ 17.77931006, 48.7497407 ] ] ], [ [ [ 17.78017075, 48.74926923 ], [ 17.78050531, 48.74905965 ], [ 17.78090107, 48.74884406 ], [ 17.780932732494708, 48.748827746136882 ], [ 17.7809009, 48.7488441 ], [ 17.7805056, 48.7490593 ], [ 17.7801705, 48.7492691 ], [ 17.779893124758633, 48.749419438742301 ], [ 17.78017075, 48.74926923 ] ] ], [ [ [ 17.78136401, 48.74850939 ], [ 17.78163386, 48.74833179 ], [ 17.78170207, 48.74823761 ], [ 17.78186822, 48.74791378 ], [ 17.78195036, 48.74731358 ], [ 17.78216902, 48.74713277 ], [ 17.782289635439074, 48.747082555655666 ], [ 17.7821688, 48.7471322 ], [ 17.7819503, 48.7473131 ], [ 17.7818679, 48.7479143 ], [ 17.781702, 48.7482372 ], [ 17.7816337, 48.7483312 ], [ 17.7813638, 48.748509 ], [ 17.781153162047641, 48.748694108474453 ], [ 17.78136401, 48.74850939 ] ] ], [ [ [ 17.78280022, 48.74694051 ], [ 17.782937093364183, 48.746891601509112 ], [ 17.7827999, 48.7469405 ], [ 17.78262782329481, 48.746986867112192 ], [ 17.78280022, 48.74694051 ] ] ], [ [ [ 17.7832779, 48.74672984 ], [ 17.783327041466503, 48.746687308172739 ], [ 17.7832781, 48.7467293 ], [ 17.78310590728038, 48.746822402392709 ], [ 17.7832779, 48.74672984 ] ] ], [ [ [ 17.78387737, 48.74621537 ], [ 17.783906725256269, 48.746205134866429 ], [ 17.7838774, 48.7462151 ], [ 17.783835611849401, 48.746250954275055 ], [ 17.78387737, 48.74621537 ] ] ], [ [ [ 17.78423222, 48.7460949 ], [ 17.784330393832079, 48.746092032523443 ], [ 17.7842323, 48.7460945 ], [ 17.784209520591379, 48.746102240762688 ], [ 17.78423222, 48.7460949 ] ] ], [ [ [ 17.78524719, 48.74585158 ], [ 17.785289701208431, 48.745843033003787 ], [ 17.7852469, 48.7458516 ], [ 17.785202091226342, 48.74586574370327 ], [ 17.78524719, 48.74585158 ] ] ], [ [ [ 17.78688597, 48.74553113 ], [ 17.787049362140696, 48.745453991815602 ], [ 17.7868858, 48.7455307 ], [ 17.786791861297665, 48.745564505206175 ], [ 17.78688597, 48.74553113 ] ] ], [ [ [ 17.78754337, 48.74505911 ], [ 17.787551550657756, 48.74504967993014 ], [ 17.787543304671505, 48.74505916458385 ], [ 17.78754337, 48.74505911 ] ] ], [ [ [ 17.78778394, 48.74481704 ], [ 17.7879235, 48.74464801 ], [ 17.78802975, 48.74425692 ], [ 17.78810264, 48.74414866 ], [ 17.788203606218705, 48.743883892149938 ], [ 17.7882036, 48.7438839 ], [ 17.7881026, 48.7441487 ], [ 17.7880295, 48.7442571 ], [ 17.7879232, 48.744648 ], [ 17.7877839, 48.7448167 ], [ 17.787711504163113, 48.744880009955509 ], [ 17.78778394, 48.74481704 ] ] ], [ [ [ 17.78838536, 48.74360182 ], [ 17.78840157, 48.74347989 ], [ 17.788475982270985, 48.743343430063057 ], [ 17.7884014, 48.7434794 ], [ 17.7883852, 48.7436015 ], [ 17.788347705264414, 48.743696630528177 ], [ 17.78838536, 48.74360182 ] ] ], [ [ [ 17.78861629, 48.74320291 ], [ 17.788649531107279, 48.743199830283444 ], [ 17.7886163, 48.7432024 ], [ 17.788488533110151, 48.743326859315033 ], [ 17.78861629, 48.74320291 ] ] ], [ [ [ 17.78880967, 48.74305712 ], [ 17.78890814467244, 48.742851373270227 ], [ 17.788809504600845, 48.743057290395448 ], [ 17.78880967, 48.74305712 ] ] ], [ [ [ 17.79001015, 48.74244694 ], [ 17.790155510587351, 48.742445569317326 ], [ 17.7900102, 48.7424465 ], [ 17.789455371127115, 48.742424523497291 ], [ 17.79001015, 48.74244694 ] ] ], [ [ [ 17.79046724, 48.74219046 ], [ 17.790911602773782, 48.741789229053211 ], [ 17.7909115, 48.7417892 ], [ 17.7904673, 48.7421899 ], [ 17.790291871355546, 48.742390670960965 ], [ 17.79046724, 48.74219046 ] ] ], [ [ [ 17.79104374, 48.74182692 ], [ 17.791287637481741, 48.741610158736805 ], [ 17.7910438, 48.7418266 ], [ 17.790964193142486, 48.741804095869455 ], [ 17.79104374, 48.74182692 ] ] ], [ [ [ 17.7917761, 48.74179939 ], [ 17.7918316, 48.74189969 ], [ 17.7920523, 48.74191227 ], [ 17.79230245, 48.74185764 ], [ 17.792494032119034, 48.741785204637196 ], [ 17.7923025, 48.7418572 ], [ 17.7920522, 48.7419119 ], [ 17.7918316, 48.7418996 ], [ 17.7917761, 48.7417991 ], [ 17.791659979140665, 48.741656631065247 ], [ 17.7917761, 48.74179939 ] ] ], [ [ [ 17.79305295, 48.74158564 ], [ 17.793122536036652, 48.741547551084899 ], [ 17.79305275521126, 48.741585669840077 ], [ 17.79305295, 48.74158564 ] ] ], [ [ [ 17.79331095, 48.74144442 ], [ 17.793221947011066, 48.741348696781152 ], [ 17.793310872332803, 48.741444462512256 ], [ 17.79331095, 48.74144442 ] ] ], [ [ [ 17.79322052, 48.74058171 ], [ 17.792946601626443, 48.740232299634719 ], [ 17.7929464, 48.7402324 ], [ 17.793220155480302, 48.740581860206341 ], [ 17.79322052, 48.74058171 ] ] ], [ [ [ 17.79459225, 48.73974261 ], [ 17.79575161, 48.73955616 ], [ 17.7969237, 48.73907189 ], [ 17.797191662227601, 48.738865332551207 ], [ 17.7969234, 48.739072 ], [ 17.7957516, 48.7395558 ], [ 17.7945923, 48.7397424 ], [ 17.794159111386264, 48.739791816412584 ], [ 17.79459225, 48.73974261 ] ] ], [ [ [ 17.80071994, 48.73732867 ], [ 17.800754989360527, 48.737281404773455 ], [ 17.800719912591383, 48.737328678711883 ], [ 17.80071994, 48.73732867 ] ] ], [ [ [ 17.80252491, 48.73490966 ], [ 17.80279406, 48.7345351 ], [ 17.80283541, 48.73446275 ], [ 17.80286511, 48.73441028 ], [ 17.80296375, 48.73423639 ], [ 17.803315645308054, 48.733781431652616 ], [ 17.8029638, 48.734236 ], [ 17.8027941, 48.734535 ], [ 17.802332330256352, 48.735177444717586 ], [ 17.80252491, 48.73490966 ] ] ], [ [ [ 17.80380361, 48.73263402 ], [ 17.80377717, 48.73247102 ], [ 17.803791989945442, 48.732404503955522 ], [ 17.8037919, 48.7324046 ], [ 17.803777, 48.7324714 ], [ 17.803803455502106, 48.732634226128063 ], [ 17.80380361, 48.73263402 ] ] ], [ [ [ 17.80393792, 48.73224916 ], [ 17.804006210627062, 48.732207113550842 ], [ 17.8039379, 48.7322487 ], [ 17.803856092296265, 48.732336054938443 ], [ 17.80393792, 48.73224916 ] ] ], [ [ [ 17.80447078, 48.73194053 ], [ 17.804542752120742, 48.731866267103506 ], [ 17.8044706, 48.7319402 ], [ 17.804285308427691, 48.732033003615435 ], [ 17.80447078, 48.73194053 ] ] ], [ [ [ 17.80474595, 48.73163425 ], [ 17.804841646429654, 48.731422673137047 ], [ 17.8047457, 48.7316341 ], [ 17.804656792780914, 48.731738859331116 ], [ 17.80474595, 48.73163425 ] ] ], [ [ [ 17.80494997, 48.7312438 ], [ 17.80499291, 48.73103065 ], [ 17.805010271400562, 48.731001868672422 ], [ 17.8049929, 48.7310305 ], [ 17.80495, 48.7312435 ], [ 17.804916795783871, 48.73128868027711 ], [ 17.80494997, 48.7312438 ] ] ], [ [ [ 17.80506564, 48.73082998 ], [ 17.80509735000016, 48.730733199999513 ], [ 17.8050656, 48.7308294 ], [ 17.805047783132746, 48.730914893339765 ], [ 17.80506564, 48.73082998 ] ] ], [ [ [ 17.80519842, 48.73033547 ], [ 17.805218984681133, 48.730301388084641 ], [ 17.8051741, 48.7303755 ], [ 17.805174065804948, 48.730375698711235 ], [ 17.80519842, 48.73033547 ] ] ], [ [ [ 17.80533376, 48.72991075 ], [ 17.80534188, 48.72984469 ], [ 17.805345368602595, 48.729835047553713 ], [ 17.8053418, 48.7298449 ], [ 17.8053335, 48.7299111 ], [ 17.8052742, 48.7300146 ], [ 17.805274203322302, 48.730014772205948 ], [ 17.80533376, 48.72991075 ] ] ], [ [ [ 17.80576552, 48.72947891 ], [ 17.805796423407706, 48.729448481697091 ], [ 17.805765428785406, 48.729478875648418 ], [ 17.80576552, 48.72947891 ] ] ], [ [ [ 17.80596045, 48.72934773 ], [ 17.80598537, 48.72940895 ], [ 17.8060086521076, 48.729466256479398 ], [ 17.8059606, 48.7293475 ], [ 17.805942425555891, 48.729348895928688 ], [ 17.80596045, 48.72934773 ] ] ], [ [ [ 17.80608053, 48.72931288 ], [ 17.806083518362552, 48.729296066410527 ], [ 17.806077436719477, 48.729329891279313 ], [ 17.80608053, 48.72931288 ] ] ], [ [ [ 17.80614115, 48.72915012 ], [ 17.806175343276688, 48.729116932506855 ], [ 17.8061413, 48.7291497 ], [ 17.8060927, 48.729245 ], [ 17.806092681329019, 48.729245103844221 ], [ 17.80614115, 48.72915012 ] ] ], [ [ [ 17.80655222, 48.72891083 ], [ 17.80665997, 48.72884686 ], [ 17.80673302, 48.72880363 ], [ 17.806758066758661, 48.728788751316692 ], [ 17.8065523, 48.7289106 ], [ 17.806476238398592, 48.728945363296511 ], [ 17.80655222, 48.72891083 ] ] ], [ [ [ 17.80841356, 48.72786021 ], [ 17.80843222, 48.72784978 ], [ 17.80871523, 48.72769272 ], [ 17.808714983007157, 48.72769248721152 ], [ 17.807900214022606, 48.728145126050414 ], [ 17.80841356, 48.72786021 ] ] ], [ [ [ 17.80840328, 48.72739871 ], [ 17.80820507, 48.72729378 ], [ 17.80817368, 48.72724174 ], [ 17.808134744182183, 48.727177823409029 ], [ 17.8082052, 48.7272943 ], [ 17.808403, 48.7273988 ], [ 17.808501011246886, 48.727490820799481 ], [ 17.80840328, 48.72739871 ] ] ], [ [ [ 17.80813212, 48.72714023 ], [ 17.808143944364978, 48.727113075905088 ], [ 17.8081437, 48.7271132 ], [ 17.8081236, 48.7271594 ], [ 17.808123603190079, 48.727159405273795 ], [ 17.80813212, 48.72714023 ] ] ], [ [ [ 17.80820131, 48.72708348 ], [ 17.808192877223693, 48.727050802409117 ], [ 17.808201097139783, 48.727083589714873 ], [ 17.80820131, 48.72708348 ] ] ], [ [ [ 17.80703061, 48.72603041 ], [ 17.806929273087658, 48.725977396826849 ], [ 17.8070304, 48.7260305 ], [ 17.8070403, 48.7261688 ], [ 17.807040360598652, 48.726168824588235 ], [ 17.80703061, 48.72603041 ] ] ], [ [ [ 17.80718775, 48.72559013 ], [ 17.8072482, 48.72557855 ], [ 17.80732309, 48.72556424 ], [ 17.80740225, 48.72550259 ], [ 17.807939057527896, 48.725312157657662 ], [ 17.8074022, 48.7255022 ], [ 17.8073233, 48.725564 ], [ 17.8071878, 48.7255897 ], [ 17.8066581, 48.725835 ], [ 17.806658485851688, 48.725835202616182 ], [ 17.80718775, 48.72559013 ] ] ], [ [ [ 17.80890056, 48.72502899 ], [ 17.809460799923322, 48.724876328805976 ], [ 17.808839143824777, 48.725045608159498 ], [ 17.80890056, 48.72502899 ] ] ], [ [ [ 17.8100585, 48.72471346 ], [ 17.80990979, 48.72458247 ], [ 17.809760702969076, 48.7244651468896 ], [ 17.8099098, 48.7245826 ], [ 17.810058302300259, 48.724713513871698 ], [ 17.8100585, 48.72471346 ] ] ], [ [ [ 17.8083172, 48.72446962 ], [ 17.8081035, 48.7243446 ], [ 17.808048243312388, 48.724297090531479 ], [ 17.8081034, 48.724345 ], [ 17.8083172, 48.7244697 ], [ 17.808678747251555, 48.724386863948467 ], [ 17.8083172, 48.72446962 ] ] ], [ [ [ 17.80788439, 48.72408984 ], [ 17.80770231, 48.72368479 ], [ 17.807676045164918, 48.723631546316774 ], [ 17.8077023, 48.7236849 ], [ 17.8078844, 48.72409 ], [ 17.807905283035815, 48.72412094881728 ], [ 17.80788439, 48.72408984 ] ] ], [ [ [ 17.80751741, 48.72327848 ], [ 17.807203068874411, 48.722812670498413 ], [ 17.8075173, 48.7232785 ], [ 17.807562513069062, 48.723384443595947 ], [ 17.80751741, 48.72327848 ] ] ], [ [ [ 17.807184564723762, 48.722770706495673 ], [ 17.8072012, 48.7228099 ], [ 17.807201258789853, 48.722809987152559 ], [ 17.807184564723762, 48.722770706495673 ] ] ], [ [ [ 17.806702859867812, 48.721282269837303 ], [ 17.8067024, 48.7212825 ], [ 17.806690072639995, 48.721610194929639 ], [ 17.806702859867812, 48.721282269837303 ] ] ], [ [ [ 17.80726541, 48.72065231 ], [ 17.80733069211194, 48.720610976827857 ], [ 17.8072654, 48.7206519 ], [ 17.806905571925082, 48.72110337725811 ], [ 17.80726541, 48.72065231 ] ] ], [ [ [ 17.80740672, 48.72056284 ], [ 17.80739973, 48.72053071 ], [ 17.8076336, 48.72042738 ], [ 17.81028931, 48.71939699 ], [ 17.81033706, 48.71942166 ], [ 17.81039166, 48.71973838 ], [ 17.81048504214834, 48.719739126772701 ], [ 17.8103917, 48.7197383 ], [ 17.8103373, 48.7194212 ], [ 17.8102894, 48.7193969 ], [ 17.8076337, 48.7204271 ], [ 17.8073996, 48.7205302 ], [ 17.807406509966146, 48.7205629729823 ], [ 17.80740672, 48.72056284 ] ] ], [ [ [ 17.82502037, 48.72126134 ], [ 17.82502387, 48.72126164 ], [ 17.82534433, 48.72129233 ], [ 17.82543149, 48.72130061 ], [ 17.82547212171313, 48.721304495200187 ], [ 17.8253442, 48.721292 ], [ 17.822268177733058, 48.720997758433825 ], [ 17.82502037, 48.72126134 ] ] ], [ [ [ 17.82917787, 48.72165918 ], [ 17.8292693, 48.72143019 ], [ 17.829269351947804, 48.72143000693768 ], [ 17.8292693, 48.72143 ], [ 17.829177713959684, 48.721659165070307 ], [ 17.82917787, 48.72165918 ] ] ] ] } },
{ "type": "Feature", "properties": { "@featureType": "CadastralZoning", "beginLifespanVersion": { "@nilReason": "http://inspire.ec.europa.eu/codelist/VoidReasonValue/Unpopulated", "@nil": "true" }, "endLifespanVersion": { "@nilReason": "http://inspire.ec.europa.eu/codelist/VoidReasonValue/Unpopulated", "@nil": "true" }, "estimatedAccuracy": { "value": -1, "@uom": "m" }, "inspireId": { "@dataType": "Identifier", "localId": "808555", "namespace": "SK.ESKN.CP", "versionId": "20260703T04:07:40" }, "label": "Čachtice", "level": { "@href": "http://inspire.ec.europa.eu/codelist/CadastralZoningLevelValue/3rdOrder" }, "levelName": { "value": "Katastrálne územie", "@locale": "sk" }, "name_1": { "@dataType": "name", "GeographicalName": { "@dataType": "GeographicalName", "language": "SLK", "nativeness": { "@href": "http://inspire.ec.europa.eu/codelist/NativenessValue/endonym", "@title": "endonym" }, "nameStatus": { "@href": "http://inspire.ec.europa.eu/codelist/NameStatusValue/official", "@title": "official" }, "sourceOfName": { "@nilReason": "http://inspire.ec.europa.eu/codelist/VoidReasonValue/Unpopulated", "@nil": "true" }, "pronunciation": { "@dataType": "pronunciation", "@nilReason": "http://inspire.ec.europa.eu/codelist/VoidReasonValue/Unpopulated", "@nil": "true" }, "spelling": { "@dataType": "SpellingOfName", "text": "Čachtice", "script": "LATN" } } }, "nationalCadastalZoningReference": "808555", "validFrom": "2026-06-30T16:00:00Z", "validTo": { "@nilReason": "http://inspire.ec.europa.eu/codelist/VoidReasonValue/Unpopulated", "@nil": "true" }, "place_id": 419243357, "osm_type": "relation", "osm_id": 1538747, "place_rank": 22, "category": "place", "type": "cadastral_community", "importance": 0.10672402456702523, "addresstype": "cadastral_community", "name_2": "Nové Mesto nad Váhom", "display_name": "Nové Mesto nad Váhom, okres Nové Mesto nad Váhom, Trenčiansky kraj, 915 01, Slovensko" }, "geometry": { "type": "MultiPolygon", "coordinates": [ [ [ [ 17.78160381, 48.76919152 ], [ 17.781677028751098, 48.769126528569799 ], [ 17.7816037, 48.7691915 ], [ 17.7813075, 48.7694015 ], [ 17.781307575893408, 48.769401533659057 ], [ 17.78160381, 48.76919152 ] ] ], [ [ [ 17.78217996, 48.76855767 ], [ 17.782179878516125, 48.768557361861589 ], [ 17.782021900165041, 48.768767847632859 ], [ 17.78217996, 48.76855767 ] ] ], [ [ [ 17.7820948, 48.76823563 ], [ 17.78201434, 48.76818474 ], [ 17.78188849, 48.76800996 ], [ 17.781838686331255, 48.767920028398983 ], [ 17.7818881, 48.7680099 ], [ 17.782014, 48.7681847 ], [ 17.782094897407838, 48.768235998356268 ], [ 17.7820948, 48.76823563 ] ] ], [ [ [ 17.78158342, 48.76755075 ], [ 17.78148036, 48.76734792 ], [ 17.781360953394351, 48.767136446149891 ], [ 17.7814804, 48.7673483 ], [ 17.7815835, 48.7675511 ], [ 17.781718251849686, 48.767743108841671 ], [ 17.78158342, 48.76755075 ] ] ], [ [ [ 17.7810798, 48.76579581 ], [ 17.78103597, 48.76566957 ], [ 17.78092401, 48.7654699 ], [ 17.78077669, 48.76509511 ], [ 17.780774062621244, 48.765091323661444 ], [ 17.7807764, 48.7650947 ], [ 17.7809238, 48.7654696 ], [ 17.7810358, 48.7656695 ], [ 17.7810796, 48.7657962 ], [ 17.7810449, 48.7659252 ], [ 17.781044997212369, 48.765925423139578 ], [ 17.7810798, 48.76579581 ] ] ], [ [ [ 17.78025635, 48.76422958 ], [ 17.78031205, 48.76386268 ], [ 17.78030155, 48.7636721 ], [ 17.7802742, 48.76355609 ], [ 17.780274073832032, 48.763556016152556 ], [ 17.7803013, 48.7636726 ], [ 17.7803118, 48.7638628 ], [ 17.7802562, 48.7642297 ], [ 17.780326709034231, 48.764375262683942 ], [ 17.78025635, 48.76422958 ] ] ], [ [ [ 17.78014186, 48.76347863 ], [ 17.779856, 48.76332577 ], [ 17.77979943581121, 48.763286111026517 ], [ 17.7798558, 48.7633259 ], [ 17.7801418, 48.7634788 ], [ 17.780198522755796, 48.763511795309533 ], [ 17.78014186, 48.76347863 ] ] ], [ [ [ 17.77941106, 48.76289114 ], [ 17.77939333, 48.76273859 ], [ 17.77927285, 48.76245919 ], [ 17.779167394820693, 48.762299967587339 ], [ 17.7792727, 48.7624592 ], [ 17.7793932, 48.7627387 ], [ 17.7794107, 48.762891 ], [ 17.7794786, 48.7630104 ], [ 17.779478693342714, 48.763010484731758 ], [ 17.77941106, 48.76289114 ] ] ], [ [ [ 17.77905903, 48.7621254 ], [ 17.77891365, 48.76181611 ], [ 17.77875672, 48.7612544 ], [ 17.778713764979599, 48.761185768594196 ], [ 17.7787565, 48.7612546 ], [ 17.7789135, 48.7618164 ], [ 17.7790589, 48.7621255 ], [ 17.779096361052869, 48.762189546316193 ], [ 17.77905903, 48.7621254 ] ] ], [ [ [ 17.77841116, 48.76114756 ], [ 17.778235749801837, 48.761149209920475 ], [ 17.7784111, 48.7611477 ], [ 17.778518093972345, 48.76115790879777 ], [ 17.77841116, 48.76114756 ] ] ], [ [ [ 17.77762896, 48.76118542 ], [ 17.777528438920253, 48.761199291733327 ], [ 17.7776288, 48.7611856 ], [ 17.777678654729037, 48.761175856210031 ], [ 17.77762896, 48.76118542 ] ] ], [ [ [ 17.7772858, 48.76121077 ], [ 17.77675417, 48.7611264 ], [ 17.776598721957196, 48.761110048483665 ], [ 17.7767543, 48.7611266 ], [ 17.7772858, 48.761211 ], [ 17.777442681811674, 48.761206880034813 ], [ 17.7772858, 48.76121077 ] ] ], [ [ [ 17.77594111, 48.76095437 ], [ 17.775921420479392, 48.760943489297901 ], [ 17.7759412, 48.7609549 ], [ 17.77611447492853, 48.76102063454514 ], [ 17.77594111, 48.76095437 ] ] ], [ [ [ 17.7757222, 48.76061709 ], [ 17.775636293208439, 48.760416868192486 ], [ 17.775722, 48.7606175 ], [ 17.7757421, 48.7608128 ], [ 17.775742108109309, 48.760812808169376 ], [ 17.7757222, 48.76061709 ] ] ], [ [ [ 17.77544763, 48.75961475 ], [ 17.775110712963173, 48.759181699235484 ], [ 17.7754473, 48.759615 ], [ 17.775565310184511, 48.759971347974066 ], [ 17.77544763, 48.75961475 ] ] ], [ [ [ 17.77496063, 48.75881751 ], [ 17.77488043, 48.75857173 ], [ 17.774813902160226, 48.758499731387225 ], [ 17.7748805, 48.7585721 ], [ 17.7749604, 48.7588175 ], [ 17.7750422, 48.7590935 ], [ 17.775042354620105, 48.759093699048094 ], [ 17.77496063, 48.75881751 ] ] ], [ [ [ 17.77451922, 48.75786347 ], [ 17.77437381, 48.75760051 ], [ 17.77435557, 48.75752976 ], [ 17.774376, 48.75728823 ], [ 17.77430468, 48.75704245 ], [ 17.7743027, 48.75699997 ], [ 17.774331781602452, 48.756760357116207 ], [ 17.7743026, 48.7570003 ], [ 17.7743044, 48.7570422 ], [ 17.7743759, 48.7572881 ], [ 17.7743553, 48.7575296 ], [ 17.7743735, 48.7576007 ], [ 17.774519, 48.7578636 ], [ 17.774591089831311, 48.758095700031205 ], [ 17.77451922, 48.75786347 ] ] ], [ [ [ 17.77429244, 48.75601361 ], [ 17.77426733, 48.75593639 ], [ 17.774279227500077, 48.755799568749126 ], [ 17.774267, 48.7559369 ], [ 17.7742922, 48.7560141 ], [ 17.774337401982891, 48.756315258211011 ], [ 17.77429244, 48.75601361 ] ] ], [ [ [ 17.7745264, 48.75500688 ], [ 17.77460893, 48.75476365 ], [ 17.774608950613889, 48.754763445176081 ], [ 17.7745262, 48.7550067 ], [ 17.7742804, 48.7557864 ], [ 17.774280366741923, 48.755786773532876 ], [ 17.7745264, 48.75500688 ] ] ], [ [ [ 17.77462531, 48.75404653 ], [ 17.77464007, 48.75380936 ], [ 17.77466632, 48.75367061 ], [ 17.7748137, 48.75336523 ], [ 17.774881062889268, 48.753236926016015 ], [ 17.7748137, 48.7533647 ], [ 17.7746662, 48.7536707 ], [ 17.77464, 48.753809 ], [ 17.7746252, 48.7540463 ], [ 17.774631639465188, 48.754296648330808 ], [ 17.77462531, 48.75404653 ] ] ], [ [ [ 17.77568902, 48.75231765 ], [ 17.77589462, 48.75209775 ], [ 17.77599575, 48.75204171 ], [ 17.77650677, 48.75161091 ], [ 17.77659241, 48.7515084 ], [ 17.77668724, 48.75141341 ], [ 17.776793717042249, 48.751340526985835 ], [ 17.7766869, 48.7514133 ], [ 17.7765923, 48.7515079 ], [ 17.7765065, 48.751611 ], [ 17.7759956, 48.7520416 ], [ 17.7758946, 48.7520975 ], [ 17.7756889, 48.7523175 ], [ 17.775428875050011, 48.752525236260837 ], [ 17.77568902, 48.75231765 ] ] ], [ [ [ 17.77694363, 48.75122191 ], [ 17.77699603, 48.75111493 ], [ 17.777015669178866, 48.751042598591688 ], [ 17.7769959, 48.751115 ], [ 17.776943398184322, 48.751222099711448 ], [ 17.77694363, 48.75122191 ] ] ], [ [ [ 17.77705762, 48.7506084 ], [ 17.77710856, 48.75039069 ], [ 17.777257833516668, 48.750241256511714 ], [ 17.7772577, 48.7502413 ], [ 17.7771084, 48.7503902 ], [ 17.7770575, 48.7506084 ], [ 17.777041685229555, 48.750858697838773 ], [ 17.77705762, 48.7506084 ] ] ], [ [ [ 17.77739762, 48.75019604 ], [ 17.7774725, 48.75018509 ], [ 17.77759891, 48.75015525 ], [ 17.777614131721897, 48.750143629468937 ], [ 17.7775989, 48.7501549 ], [ 17.7773977, 48.7501957 ], [ 17.777265393128612, 48.750238794238108 ], [ 17.77739762, 48.75019604 ] ] ], [ [ [ 17.77931006, 48.7497407 ], [ 17.779531999516891, 48.749616732393292 ], [ 17.7793099, 48.7497403 ], [ 17.779054815676204, 48.749833006231391 ], [ 17.77931006, 48.7497407 ] ] ], [ [ [ 17.78017075, 48.74926923 ], [ 17.78050531, 48.74905965 ], [ 17.78090107, 48.74884406 ], [ 17.780932732494708, 48.748827746136882 ], [ 17.7809009, 48.7488441 ], [ 17.7805056, 48.7490593 ], [ 17.7801705, 48.7492691 ], [ 17.779893124758633, 48.749419438742301 ], [ 17.78017075, 48.74926923 ] ] ], [ [ [ 17.78136401, 48.74850939 ], [ 17.78163386, 48.74833179 ], [ 17.78170207, 48.74823761 ], [ 17.78186822, 48.74791378 ], [ 17.78195036, 48.74731358 ], [ 17.78216902, 48.74713277 ], [ 17.782289635439074, 48.747082555655666 ], [ 17.7821688, 48.7471322 ], [ 17.7819503, 48.7473131 ], [ 17.7818679, 48.7479143 ], [ 17.781702, 48.7482372 ], [ 17.7816337, 48.7483312 ], [ 17.7813638, 48.748509 ], [ 17.781153162047641, 48.748694108474453 ], [ 17.78136401, 48.74850939 ] ] ], [ [ [ 17.78280022, 48.74694051 ], [ 17.782937093364183, 48.746891601509112 ], [ 17.7827999, 48.7469405 ], [ 17.78262782329481, 48.746986867112192 ], [ 17.78280022, 48.74694051 ] ] ], [ [ [ 17.7832779, 48.74672984 ], [ 17.783327041466503, 48.746687308172739 ], [ 17.7832781, 48.7467293 ], [ 17.78310590728038, 48.746822402392709 ], [ 17.7832779, 48.74672984 ] ] ], [ [ [ 17.78387737, 48.74621537 ], [ 17.783906725256269, 48.746205134866429 ], [ 17.7838774, 48.7462151 ], [ 17.783835611849401, 48.746250954275055 ], [ 17.78387737, 48.74621537 ] ] ], [ [ [ 17.78423222, 48.7460949 ], [ 17.784330393832079, 48.746092032523443 ], [ 17.7842323, 48.7460945 ], [ 17.784209520591379, 48.746102240762688 ], [ 17.78423222, 48.7460949 ] ] ], [ [ [ 17.78524719, 48.74585158 ], [ 17.785289701208431, 48.745843033003787 ], [ 17.7852469, 48.7458516 ], [ 17.785202091226342, 48.74586574370327 ], [ 17.78524719, 48.74585158 ] ] ], [ [ [ 17.78688597, 48.74553113 ], [ 17.787049362140696, 48.745453991815602 ], [ 17.7868858, 48.7455307 ], [ 17.786791861297665, 48.745564505206175 ], [ 17.78688597, 48.74553113 ] ] ], [ [ [ 17.78754337, 48.74505911 ], [ 17.787551550657756, 48.74504967993014 ], [ 17.787543304671505, 48.74505916458385 ], [ 17.78754337, 48.74505911 ] ] ], [ [ [ 17.78778394, 48.74481704 ], [ 17.7879235, 48.74464801 ], [ 17.78802975, 48.74425692 ], [ 17.78810264, 48.74414866 ], [ 17.788203606218705, 48.743883892149938 ], [ 17.7882036, 48.7438839 ], [ 17.7881026, 48.7441487 ], [ 17.7880295, 48.7442571 ], [ 17.7879232, 48.744648 ], [ 17.7877839, 48.7448167 ], [ 17.787711504163113, 48.744880009955509 ], [ 17.78778394, 48.74481704 ] ] ], [ [ [ 17.78838536, 48.74360182 ], [ 17.78840157, 48.74347989 ], [ 17.788475982270985, 48.743343430063057 ], [ 17.7884014, 48.7434794 ], [ 17.7883852, 48.7436015 ], [ 17.788347705264414, 48.743696630528177 ], [ 17.78838536, 48.74360182 ] ] ], [ [ [ 17.78861629, 48.74320291 ], [ 17.788649531107279, 48.743199830283444 ], [ 17.7886163, 48.7432024 ], [ 17.788488533110151, 48.743326859315033 ], [ 17.78861629, 48.74320291 ] ] ], [ [ [ 17.78880967, 48.74305712 ], [ 17.78890814467244, 48.742851373270227 ], [ 17.788809504600845, 48.743057290395448 ], [ 17.78880967, 48.74305712 ] ] ], [ [ [ 17.79001015, 48.74244694 ], [ 17.790155510587351, 48.742445569317326 ], [ 17.7900102, 48.7424465 ], [ 17.789455371127115, 48.742424523497291 ], [ 17.79001015, 48.74244694 ] ] ], [ [ [ 17.79046724, 48.74219046 ], [ 17.790911602773782, 48.741789229053211 ], [ 17.7909115, 48.7417892 ], [ 17.7904673, 48.7421899 ], [ 17.790291871355546, 48.742390670960965 ], [ 17.79046724, 48.74219046 ] ] ], [ [ [ 17.79104374, 48.74182692 ], [ 17.791287637481741, 48.741610158736805 ], [ 17.7910438, 48.7418266 ], [ 17.790964193142486, 48.741804095869455 ], [ 17.79104374, 48.74182692 ] ] ], [ [ [ 17.7917761, 48.74179939 ], [ 17.7918316, 48.74189969 ], [ 17.7920523, 48.74191227 ], [ 17.79230245, 48.74185764 ], [ 17.792494032119034, 48.741785204637196 ], [ 17.7923025, 48.7418572 ], [ 17.7920522, 48.7419119 ], [ 17.7918316, 48.7418996 ], [ 17.7917761, 48.7417991 ], [ 17.791659979140665, 48.741656631065247 ], [ 17.7917761, 48.74179939 ] ] ], [ [ [ 17.79305295, 48.74158564 ], [ 17.793122536036652, 48.741547551084899 ], [ 17.79305275521126, 48.741585669840077 ], [ 17.79305295, 48.74158564 ] ] ], [ [ [ 17.79331095, 48.74144442 ], [ 17.793221947011066, 48.741348696781152 ], [ 17.793310872332803, 48.741444462512256 ], [ 17.79331095, 48.74144442 ] ] ], [ [ [ 17.79322052, 48.74058171 ], [ 17.792946601626443, 48.740232299634719 ], [ 17.7929464, 48.7402324 ], [ 17.793220155480302, 48.740581860206341 ], [ 17.79322052, 48.74058171 ] ] ], [ [ [ 17.79459225, 48.73974261 ], [ 17.79575161, 48.73955616 ], [ 17.7969237, 48.73907189 ], [ 17.797191662227601, 48.738865332551207 ], [ 17.7969234, 48.739072 ], [ 17.7957516, 48.7395558 ], [ 17.7945923, 48.7397424 ], [ 17.794159111386264, 48.739791816412584 ], [ 17.79459225, 48.73974261 ] ] ], [ [ [ 17.80071994, 48.73732867 ], [ 17.800754989360527, 48.737281404773455 ], [ 17.800719912591383, 48.737328678711883 ], [ 17.80071994, 48.73732867 ] ] ], [ [ [ 17.80252491, 48.73490966 ], [ 17.80279406, 48.7345351 ], [ 17.80283541, 48.73446275 ], [ 17.80286511, 48.73441028 ], [ 17.80296375, 48.73423639 ], [ 17.803315645308054, 48.733781431652616 ], [ 17.8029638, 48.734236 ], [ 17.8027941, 48.734535 ], [ 17.802332330256352, 48.735177444717586 ], [ 17.80252491, 48.73490966 ] ] ], [ [ [ 17.80380361, 48.73263402 ], [ 17.80377717, 48.73247102 ], [ 17.803791989945442, 48.732404503955522 ], [ 17.8037919, 48.7324046 ], [ 17.803777, 48.7324714 ], [ 17.803803455502106, 48.732634226128063 ], [ 17.80380361, 48.73263402 ] ] ], [ [ [ 17.80393792, 48.73224916 ], [ 17.804006210627062, 48.732207113550842 ], [ 17.8039379, 48.7322487 ], [ 17.803856092296265, 48.732336054938443 ], [ 17.80393792, 48.73224916 ] ] ], [ [ [ 17.80447078, 48.73194053 ], [ 17.804542752120742, 48.731866267103506 ], [ 17.8044706, 48.7319402 ], [ 17.804285308427691, 48.732033003615435 ], [ 17.80447078, 48.73194053 ] ] ], [ [ [ 17.80474595, 48.73163425 ], [ 17.804841646429654, 48.731422673137047 ], [ 17.8047457, 48.7316341 ], [ 17.804656792780914, 48.731738859331116 ], [ 17.80474595, 48.73163425 ] ] ], [ [ [ 17.80494997, 48.7312438 ], [ 17.80499291, 48.73103065 ], [ 17.805010271400562, 48.731001868672422 ], [ 17.8049929, 48.7310305 ], [ 17.80495, 48.7312435 ], [ 17.804916795783871, 48.73128868027711 ], [ 17.80494997, 48.7312438 ] ] ], [ [ [ 17.80506564, 48.73082998 ], [ 17.80509735000016, 48.730733199999513 ], [ 17.8050656, 48.7308294 ], [ 17.805047783132746, 48.730914893339765 ], [ 17.80506564, 48.73082998 ] ] ], [ [ [ 17.80519842, 48.73033547 ], [ 17.805218984681133, 48.730301388084641 ], [ 17.8051741, 48.7303755 ], [ 17.805174065804948, 48.730375698711235 ], [ 17.80519842, 48.73033547 ] ] ], [ [ [ 17.80533376, 48.72991075 ], [ 17.80534188, 48.72984469 ], [ 17.805345368602595, 48.729835047553713 ], [ 17.8053418, 48.7298449 ], [ 17.8053335, 48.7299111 ], [ 17.8052742, 48.7300146 ], [ 17.805274203322302, 48.730014772205948 ], [ 17.80533376, 48.72991075 ] ] ], [ [ [ 17.80576552, 48.72947891 ], [ 17.805796423407706, 48.729448481697091 ], [ 17.805765428785406, 48.729478875648418 ], [ 17.80576552, 48.72947891 ] ] ], [ [ [ 17.80596045, 48.72934773 ], [ 17.80598537, 48.72940895 ], [ 17.8060086521076, 48.729466256479398 ], [ 17.8059606, 48.7293475 ], [ 17.805942425555891, 48.729348895928688 ], [ 17.80596045, 48.72934773 ] ] ], [ [ [ 17.80608053, 48.72931288 ], [ 17.806083518362552, 48.729296066410527 ], [ 17.806077436719477, 48.729329891279313 ], [ 17.80608053, 48.72931288 ] ] ], [ [ [ 17.80614115, 48.72915012 ], [ 17.806175343276688, 48.729116932506855 ], [ 17.8061413, 48.7291497 ], [ 17.8060927, 48.729245 ], [ 17.806092681329019, 48.729245103844221 ], [ 17.80614115, 48.72915012 ] ] ], [ [ [ 17.80655222, 48.72891083 ], [ 17.80665997, 48.72884686 ], [ 17.80673302, 48.72880363 ], [ 17.806758066758661, 48.728788751316692 ], [ 17.8065523, 48.7289106 ], [ 17.806476238398592, 48.728945363296511 ], [ 17.80655222, 48.72891083 ] ] ], [ [ [ 17.80841356, 48.72786021 ], [ 17.80843222, 48.72784978 ], [ 17.80871523, 48.72769272 ], [ 17.808714983007157, 48.72769248721152 ], [ 17.807900214022606, 48.728145126050414 ], [ 17.80841356, 48.72786021 ] ] ], [ [ [ 17.80840328, 48.72739871 ], [ 17.80820507, 48.72729378 ], [ 17.80817368, 48.72724174 ], [ 17.808134744182183, 48.727177823409029 ], [ 17.8082052, 48.7272943 ], [ 17.808403, 48.7273988 ], [ 17.808501011246886, 48.727490820799481 ], [ 17.80840328, 48.72739871 ] ] ], [ [ [ 17.80813212, 48.72714023 ], [ 17.808143944364978, 48.727113075905088 ], [ 17.8081437, 48.7271132 ], [ 17.8081236, 48.7271594 ], [ 17.808123603190079, 48.727159405273795 ], [ 17.80813212, 48.72714023 ] ] ], [ [ [ 17.80820131, 48.72708348 ], [ 17.808192877223693, 48.727050802409117 ], [ 17.808201097139783, 48.727083589714873 ], [ 17.80820131, 48.72708348 ] ] ], [ [ [ 17.80703061, 48.72603041 ], [ 17.806929273087658, 48.725977396826849 ], [ 17.8070304, 48.7260305 ], [ 17.8070403, 48.7261688 ], [ 17.807040360598652, 48.726168824588235 ], [ 17.80703061, 48.72603041 ] ] ], [ [ [ 17.80718775, 48.72559013 ], [ 17.8072482, 48.72557855 ], [ 17.80732309, 48.72556424 ], [ 17.80740225, 48.72550259 ], [ 17.807939057527896, 48.725312157657662 ], [ 17.8074022, 48.7255022 ], [ 17.8073233, 48.725564 ], [ 17.8071878, 48.7255897 ], [ 17.8066581, 48.725835 ], [ 17.806658485851688, 48.725835202616182 ], [ 17.80718775, 48.72559013 ] ] ], [ [ [ 17.80890056, 48.72502899 ], [ 17.809460799923322, 48.724876328805976 ], [ 17.808839143824777, 48.725045608159498 ], [ 17.80890056, 48.72502899 ] ] ], [ [ [ 17.8100585, 48.72471346 ], [ 17.80990979, 48.72458247 ], [ 17.809760702969076, 48.7244651468896 ], [ 17.8099098, 48.7245826 ], [ 17.810058302300259, 48.724713513871698 ], [ 17.8100585, 48.72471346 ] ] ], [ [ [ 17.8083172, 48.72446962 ], [ 17.8081035, 48.7243446 ], [ 17.808048243312388, 48.724297090531479 ], [ 17.8081034, 48.724345 ], [ 17.8083172, 48.7244697 ], [ 17.808678747251555, 48.724386863948467 ], [ 17.8083172, 48.72446962 ] ] ], [ [ [ 17.80788439, 48.72408984 ], [ 17.80770231, 48.72368479 ], [ 17.807676045164918, 48.723631546316774 ], [ 17.8077023, 48.7236849 ], [ 17.8078844, 48.72409 ], [ 17.807905283035815, 48.72412094881728 ], [ 17.80788439, 48.72408984 ] ] ], [ [ [ 17.80751741, 48.72327848 ], [ 17.807203068874411, 48.722812670498413 ], [ 17.8075173, 48.7232785 ], [ 17.807562513069062, 48.723384443595947 ], [ 17.80751741, 48.72327848 ] ] ], [ [ [ 17.807184564723762, 48.722770706495673 ], [ 17.8072012, 48.7228099 ], [ 17.807201258789853, 48.722809987152559 ], [ 17.807184564723762, 48.722770706495673 ] ] ], [ [ [ 17.806702859867812, 48.721282269837303 ], [ 17.8067024, 48.7212825 ], [ 17.806690072639995, 48.721610194929639 ], [ 17.806702859867812, 48.721282269837303 ] ] ], [ [ [ 17.80726541, 48.72065231 ], [ 17.80733069211194, 48.720610976827857 ], [ 17.8072654, 48.7206519 ], [ 17.806905571925082, 48.72110337725811 ], [ 17.80726541, 48.72065231 ] ] ], [ [ [ 17.80740672, 48.72056284 ], [ 17.80739973, 48.72053071 ], [ 17.8076336, 48.72042738 ], [ 17.81028931, 48.71939699 ], [ 17.81033706, 48.71942166 ], [ 17.81039166, 48.71973838 ], [ 17.81048504214834, 48.719739126772701 ], [ 17.8103917, 48.7197383 ], [ 17.8103373, 48.7194212 ], [ 17.8102894, 48.7193969 ], [ 17.8076337, 48.7204271 ], [ 17.8073996, 48.7205302 ], [ 17.807406509966146, 48.7205629729823 ], [ 17.80740672, 48.72056284 ] ] ], [ [ [ 17.82502037, 48.72126134 ], [ 17.82502387, 48.72126164 ], [ 17.82534433, 48.72129233 ], [ 17.82543149, 48.72130061 ], [ 17.82547212171313, 48.721304495200187 ], [ 17.8253442, 48.721292 ], [ 17.822268177733058, 48.720997758433825 ], [ 17.82502037, 48.72126134 ] ] ], [ [ [ 17.82917787, 48.72165918 ], [ 17.8292693, 48.72143019 ], [ 17.829269351947804, 48.72143000693768 ], [ 17.8292693, 48.72143 ], [ 17.829177713959684, 48.721659165070307 ], [ 17.82917787, 48.72165918 ] ] ] ] } },
{ "type": "Feature", "properties": { "@featureType": "CadastralZoning", "beginLifespanVersion": { "@nilReason": "http://inspire.ec.europa.eu/codelist/VoidReasonValue/Unpopulated", "@nil": "true" }, "endLifespanVersion": { "@nilReason": "http://inspire.ec.europa.eu/codelist/VoidReasonValue/Unpopulated", "@nil": "true" }, "estimatedAccuracy": { "value": -1, "@uom": "m" }, "inspireId": { "@dataType": "Identifier", "localId": "848808", "namespace": "SK.ESKN.CP", "versionId": "20260703T04:07:40" }, "label": "Považany", "level": { "@href": "http://inspire.ec.europa.eu/codelist/CadastralZoningLevelValue/3rdOrder" }, "levelName": { "value": "Katastrálne územie", "@locale": "sk" }, "name_1": { "@dataType": "name", "GeographicalName": { "@dataType": "GeographicalName", "language": "SLK", "nativeness": { "@href": "http://inspire.ec.europa.eu/codelist/NativenessValue/endonym", "@title": "endonym" }, "nameStatus": { "@href": "http://inspire.ec.europa.eu/codelist/NameStatusValue/official", "@title": "official" }, "sourceOfName": { "@nilReason": "http://inspire.ec.europa.eu/codelist/VoidReasonValue/Unpopulated", "@nil": "true" }, "pronunciation": { "@dataType": "pronunciation", "@nilReason": "http://inspire.ec.europa.eu/codelist/VoidReasonValue/Unpopulated", "@nil": "true" }, "spelling": { "@dataType": "SpellingOfName", "text": "Považany", "script": "LATN" } } }, "nationalCadastalZoningReference": "848808", "validFrom": "2026-06-30T16:00:00Z", "validTo": { "@nilReason": "http://inspire.ec.europa.eu/codelist/VoidReasonValue/Unpopulated", "@nil": "true" }, "place_id": 186108218, "osm_type": "relation", "osm_id": 5734913, "place_rank": 22, "category": "boundary", "type": "administrative", "importance": 0.51346628514201864, "addresstype": "town", "name_2": "Nové Mesto nad Váhom - Okrajová časť mesta", "display_name": "Nové Mesto nad Váhom - Okrajová časť mesta, Nové Mesto nad Váhom, okres Nové Mesto nad Váhom, Trenčiansky kraj, Slovensko" }, "geometry": { "type": "MultiPolygon", "coordinates": [ [ [ [ 17.8292693, 48.72143019 ], [ 17.829878468484747, 48.721511355099075 ], [ 17.829269351947804, 48.72143000693768 ], [ 17.8292693, 48.72143019 ] ] ], [ [ [ 17.83175648, 48.7217528 ], [ 17.83192329, 48.72176645 ], [ 17.8324774, 48.7218338 ], [ 17.83271017, 48.72186491 ], [ 17.83347568, 48.72196586 ], [ 17.83626812, 48.72227854 ], [ 17.836754175556106, 48.722334451961338 ], [ 17.836268, 48.7222784 ], [ 17.8334758, 48.7219655 ], [ 17.8324776, 48.7218338 ], [ 17.8319235, 48.7217662 ], [ 17.8317565, 48.7217527 ], [ 17.83156351929636, 48.721726801781692 ], [ 17.83175648, 48.7217528 ] ] ] ] } },
{ "type": "Feature", "properties": { "@featureType": "CadastralZoning", "beginLifespanVersion": { "@nilReason": "http://inspire.ec.europa.eu/codelist/VoidReasonValue/Unpopulated", "@nil": "true" }, "endLifespanVersion": { "@nilReason": "http://inspire.ec.europa.eu/codelist/VoidReasonValue/Unpopulated", "@nil": "true" }, "estimatedAccuracy": { "value": -1, "@uom": "m" }, "inspireId": { "@dataType": "Identifier", "localId": "848808", "namespace": "SK.ESKN.CP", "versionId": "20260703T04:07:40" }, "label": "Považany", "level": { "@href": "http://inspire.ec.europa.eu/codelist/CadastralZoningLevelValue/3rdOrder" }, "levelName": { "value": "Katastrálne územie", "@locale": "sk" }, "name_1": { "@dataType": "name", "GeographicalName": { "@dataType": "GeographicalName", "language": "SLK", "nativeness": { "@href": "http://inspire.ec.europa.eu/codelist/NativenessValue/endonym", "@title": "endonym" }, "nameStatus": { "@href": "http://inspire.ec.europa.eu/codelist/NameStatusValue/official", "@title": "official" }, "sourceOfName": { "@nilReason": "http://inspire.ec.europa.eu/codelist/VoidReasonValue/Unpopulated", "@nil": "true" }, "pronunciation": { "@dataType": "pronunciation", "@nilReason": "http://inspire.ec.europa.eu/codelist/VoidReasonValue/Unpopulated", "@nil": "true" }, "spelling": { "@dataType": "SpellingOfName", "text": "Považany", "script": "LATN" } } }, "nationalCadastalZoningReference": "848808", "validFrom": "2026-06-30T16:00:00Z", "validTo": { "@nilReason": "http://inspire.ec.europa.eu/codelist/VoidReasonValue/Unpopulated", "@nil": "true" }, "place_id": 419243357, "osm_type": "relation", "osm_id": 1538747, "place_rank": 22, "category": "place", "type": "cadastral_community", "importance": 0.10672402456702523, "addresstype": "cadastral_community", "name_2": "Nové Mesto nad Váhom", "display_name": "Nové Mesto nad Váhom, okres Nové Mesto nad Váhom, Trenčiansky kraj, 915 01, Slovensko" }, "geometry": { "type": "MultiPolygon", "coordinates": [ [ [ [ 17.84677301, 48.72570983 ], [ 17.8478036, 48.72574627 ], [ 17.84831248, 48.72576799 ], [ 17.84918393, 48.72572244 ], [ 17.84962964, 48.72569661 ], [ 17.849659726361661, 48.725694858403266 ], [ 17.8491839, 48.7257224 ], [ 17.8483125, 48.7257678 ], [ 17.8478037, 48.7257461 ], [ 17.8467731, 48.7257095 ], [ 17.846127996349878, 48.725705357961623 ], [ 17.84656483, 48.72570895 ], [ 17.84677301, 48.72570983 ] ] ], [ [ [ 17.85000519, 48.72570816 ], [ 17.850243334374397, 48.725737923190792 ], [ 17.8500054, 48.7257078 ], [ 17.84995882234983, 48.725684745626175 ], [ 17.85000519, 48.72570816 ] ] ], [ [ [ 17.85111695, 48.72561773 ], [ 17.85116056, 48.72561821 ], [ 17.85122596, 48.72561612 ], [ 17.8512645, 48.72561484 ], [ 17.851296399267085, 48.72561376618016 ], [ 17.851032517194522, 48.725616884300536 ], [ 17.85111695, 48.72561773 ] ] ], [ [ [ 17.85143309, 48.72559796 ], [ 17.85158914, 48.72556026 ], [ 17.851706752731271, 48.725525802890282 ], [ 17.8514329, 48.7255979 ], [ 17.85138163090916, 48.725604088324175 ], [ 17.85143309, 48.72559796 ] ] ], [ [ [ 17.8292693, 48.72143019 ], [ 17.829878468484747, 48.721511355099075 ], [ 17.829269351947804, 48.72143000693768 ], [ 17.8292693, 48.72143019 ] ] ], [ [ [ 17.83175648, 48.7217528 ], [ 17.83192329, 48.72176645 ], [ 17.8324774, 48.7218338 ], [ 17.83271017, 48.72186491 ], [ 17.83347568, 48.72196586 ], [ 17.83626812, 48.72227854 ], [ 17.836754175556106, 48.722334451961338 ], [ 17.836268, 48.7222784 ], [ 17.8334758, 48.7219655 ], [ 17.8324776, 48.7218338 ], [ 17.8319235, 48.7217662 ], [ 17.8317565, 48.7217527 ], [ 17.83156351929636, 48.721726801781692 ], [ 17.83175648, 48.7217528 ] ] ], [ [ [ 17.83802845, 48.72248951 ], [ 17.838338712880013, 48.72252449341584 ], [ 17.8380285, 48.7224891 ], [ 17.838016827870263, 48.722487495773635 ], [ 17.83802845, 48.72248951 ] ] ], [ [ [ 17.83983218, 48.72270155 ], [ 17.840025381936872, 48.722723819700278 ], [ 17.839832, 48.7227013 ], [ 17.839545290683059, 48.722669129528114 ], [ 17.83983218, 48.72270155 ] ] ], [ [ [ 17.84089503, 48.72282004 ], [ 17.840940409185826, 48.722825935730349 ], [ 17.8408953, 48.72282 ], [ 17.840838659286277, 48.722814037819603 ], [ 17.84089503, 48.72282004 ] ] ], [ [ [ 17.84206168, 48.72298238 ], [ 17.84219713, 48.72300179 ], [ 17.84222474, 48.72301033 ], [ 17.84229827, 48.7230333 ], [ 17.84237297, 48.7230567 ], [ 17.84240045, 48.72306524 ], [ 17.842978357688864, 48.723369082916491 ], [ 17.8424007, 48.7230648 ], [ 17.8421971, 48.7230017 ], [ 17.842052845149336, 48.722981087685689 ], [ 17.84206168, 48.72298238 ] ] ] ] } },
{ "type": "Feature", "properties": { "@featureType": "CadastralZoning", "beginLifespanVersion": { "@nilReason": "http://inspire.ec.europa.eu/codelist/VoidReasonValue/Unpopulated", "@nil": "true" }, "endLifespanVersion": { "@nilReason": "http://inspire.ec.europa.eu/codelist/VoidReasonValue/Unpopulated", "@nil": "true" }, "estimatedAccuracy": { "value": -1, "@uom": "m" }, "inspireId": { "@dataType": "Identifier", "localId": "842044", "namespace": "SK.ESKN.CP", "versionId": "20260703T04:07:40" }, "label": "Nové Mesto nad Váhom", "level": { "@href": "http://inspire.ec.europa.eu/codelist/CadastralZoningLevelValue/3rdOrder" }, "levelName": { "value": "Katastrálne územie", "@locale": "sk" }, "name_1": { "@dataType": "name", "GeographicalName": { "@dataType": "GeographicalName", "language": "SLK", "nativeness": { "@href": "http://inspire.ec.europa.eu/codelist/NativenessValue/endonym", "@title": "endonym" }, "nameStatus": { "@href": "http://inspire.ec.europa.eu/codelist/NameStatusValue/official", "@title": "official" }, "sourceOfName": { "@nilReason": "http://inspire.ec.europa.eu/codelist/VoidReasonValue/Unpopulated", "@nil": "true" }, "pronunciation": { "@dataType": "pronunciation", "@nilReason": "http://inspire.ec.europa.eu/codelist/VoidReasonValue/Unpopulated", "@nil": "true" }, "spelling": { "@dataType": "SpellingOfName", "text": "Nové Mesto nad Váhom", "script": "LATN" } } }, "nationalCadastalZoningReference": "842044", "validFrom": "2026-06-30T16:00:00Z", "validTo": { "@nilReason": "http://inspire.ec.europa.eu/codelist/VoidReasonValue/Unpopulated", "@nil": "true" }, "place_id": 186108218, "osm_type": "relation", "osm_id": 5734913, "place_rank": 22, "category": "boundary", "type": "administrative", "importance": 0.51346628514201864, "addresstype": "town", "name_2": "Nové Mesto nad Váhom - Okrajová časť mesta", "display_name": "Nové Mesto nad Váhom - Okrajová časť mesta, Nové Mesto nad Váhom, okres Nové Mesto nad Váhom, Trenčiansky kraj, Slovensko" }, "geometry": { "type": "Polygon", "coordinates": [ [ [ 17.83626812, 48.72227854 ], [ 17.83347568, 48.72196586 ], [ 17.83271017, 48.72186491 ], [ 17.8324774, 48.7218338 ], [ 17.83192329, 48.72176645 ], [ 17.83175648, 48.7217528 ], [ 17.83156351929636, 48.721726801781692 ], [ 17.8308653, 48.7216331 ], [ 17.8304022, 48.7215813 ], [ 17.829878468484747, 48.721511355099075 ], [ 17.8292693, 48.72143019 ], [ 17.82917787, 48.72165918 ], [ 17.829177713959684, 48.721659165070307 ], [ 17.8291777, 48.7216592 ], [ 17.8258008, 48.7213366 ], [ 17.82547212171313, 48.721304495200187 ], [ 17.82543149, 48.72130061 ], [ 17.82534433, 48.72129233 ], [ 17.82502387, 48.72126164 ], [ 17.82502037, 48.72126134 ], [ 17.822268177733058, 48.720997758433825 ], [ 17.818732, 48.7206595 ], [ 17.8125334, 48.7206264 ], [ 17.8122997, 48.7197552 ], [ 17.81048504214834, 48.719739126772701 ], [ 17.81039166, 48.71973838 ], [ 17.81033706, 48.71942166 ], [ 17.81028931, 48.71939699 ], [ 17.8076336, 48.72042738 ], [ 17.80739973, 48.72053071 ], [ 17.80740672, 48.72056284 ], [ 17.807406509966146, 48.7205629729823 ], [ 17.8074066, 48.7205634 ], [ 17.80733069211194, 48.720610976827857 ], [ 17.80726541, 48.72065231 ], [ 17.806905571925082, 48.72110337725811 ], [ 17.8068029, 48.7212322 ], [ 17.806702859867812, 48.721282269837303 ], [ 17.806690072639995, 48.721610194929639 ], [ 17.8066885, 48.721652 ], [ 17.806849, 48.7219801 ], [ 17.807184564723762, 48.722770706495673 ], [ 17.807201258789853, 48.722809987152559 ], [ 17.807203068874411, 48.722812670498413 ], [ 17.80751741, 48.72327848 ], [ 17.807562513069062, 48.723384443595947 ], [ 17.8076152, 48.7235079 ], [ 17.807676045164918, 48.723631546316774 ], [ 17.80770231, 48.72368479 ], [ 17.80788439, 48.72408984 ], [ 17.807905283035815, 48.72412094881728 ], [ 17.80799, 48.7242465 ], [ 17.808048243312388, 48.724297090531479 ], [ 17.8081035, 48.7243446 ], [ 17.8083172, 48.72446962 ], [ 17.808678747251555, 48.724386863948467 ], [ 17.8094149, 48.7242182 ], [ 17.8097529, 48.724459 ], [ 17.809760702969076, 48.7244651468896 ], [ 17.80990979, 48.72458247 ], [ 17.8100585, 48.72471346 ], [ 17.810058302300259, 48.724713513871698 ], [ 17.8100584, 48.7247136 ], [ 17.809460799923322, 48.724876328805976 ], [ 17.80890056, 48.72502899 ], [ 17.808839143824777, 48.725045608159498 ], [ 17.808534, 48.7251287 ], [ 17.8079573, 48.7253057 ], [ 17.807939057527896, 48.725312157657662 ], [ 17.80740225, 48.72550259 ], [ 17.80732309, 48.72556424 ], [ 17.8072482, 48.72557855 ], [ 17.80718775, 48.72559013 ], [ 17.806658485851688, 48.725835202616182 ], [ 17.806929273087658, 48.725977396826849 ], [ 17.80703061, 48.72603041 ], [ 17.807040360598652, 48.726168824588235 ], [ 17.8076658, 48.7264226 ], [ 17.8078938, 48.7266171 ], [ 17.8081834, 48.727013 ], [ 17.808192877223693, 48.727050802409117 ], [ 17.80820131, 48.72708348 ], [ 17.808201097139783, 48.727083589714873 ], [ 17.8082012, 48.727084 ], [ 17.808143944364978, 48.727113075905088 ], [ 17.80813212, 48.72714023 ], [ 17.808123603190079, 48.727159405273795 ], [ 17.808134744182183, 48.727177823409029 ], [ 17.80817368, 48.72724174 ], [ 17.80820507, 48.72729378 ], [ 17.80840328, 48.72739871 ], [ 17.808501011246886, 48.727490820799481 ], [ 17.8087155, 48.7276922 ], [ 17.808714983007157, 48.72769248721152 ], [ 17.80871523, 48.72769272 ], [ 17.80843222, 48.72784978 ], [ 17.80841356, 48.72786021 ], [ 17.807900214022606, 48.728145126050414 ], [ 17.8070069, 48.7286414 ], [ 17.806758066758661, 48.728788751316692 ], [ 17.80673302, 48.72880363 ], [ 17.80665997, 48.72884686 ], [ 17.80655222, 48.72891083 ], [ 17.806476238398592, 48.728945363296511 ], [ 17.8062427, 48.7290521 ], [ 17.806175343276688, 48.729116932506855 ], [ 17.80614115, 48.72915012 ], [ 17.806092681329019, 48.729245103844221 ], [ 17.806083518362552, 48.729296066410527 ], [ 17.80608053, 48.72931288 ], [ 17.806077436719477, 48.729329891279313 ], [ 17.8060393, 48.729542 ], [ 17.8060086521076, 48.729466256479398 ], [ 17.80598537, 48.72940895 ], [ 17.80596045, 48.72934773 ], [ 17.805942425555891, 48.729348895928688 ], [ 17.8058942, 48.7293526 ], [ 17.805796423407706, 48.729448481697091 ], [ 17.80576552, 48.72947891 ], [ 17.805765428785406, 48.729478875648418 ], [ 17.8057652, 48.7294791 ], [ 17.8055254, 48.7293887 ], [ 17.8054154, 48.7296417 ], [ 17.805345368602595, 48.729835047553713 ], [ 17.80534188, 48.72984469 ], [ 17.80533376, 48.72991075 ], [ 17.805274203322302, 48.730014772205948 ], [ 17.8052766, 48.730139 ], [ 17.8052644, 48.7302264 ], [ 17.805218984681133, 48.730301388084641 ], [ 17.80519842, 48.73033547 ], [ 17.805174065804948, 48.730375698711235 ], [ 17.8051291, 48.730637 ], [ 17.80509735000016, 48.730733199999513 ], [ 17.80506564, 48.73082998 ], [ 17.805047783132746, 48.730914893339765 ], [ 17.8050398, 48.7309532 ], [ 17.805010271400562, 48.731001868672422 ], [ 17.80499291, 48.73103065 ], [ 17.80494997, 48.7312438 ], [ 17.804916795783871, 48.73128868027711 ], [ 17.8048793, 48.7313397 ], [ 17.804841646429654, 48.731422673137047 ], [ 17.80474595, 48.73163425 ], [ 17.804656792780914, 48.731738859331116 ], [ 17.8045881, 48.7318198 ], [ 17.804542752120742, 48.731866267103506 ], [ 17.80447078, 48.73194053 ], [ 17.804285308427691, 48.732033003615435 ], [ 17.8041771, 48.7320872 ], [ 17.8040358, 48.7321891 ], [ 17.804006210627062, 48.732207113550842 ], [ 17.80393792, 48.73224916 ], [ 17.803856092296265, 48.732336054938443 ], [ 17.803791989945442, 48.732404503955522 ], [ 17.80377717, 48.73247102 ], [ 17.80380361, 48.73263402 ], [ 17.803803455502106, 48.732634226128063 ], [ 17.8038035, 48.7326345 ], [ 17.8036934, 48.7327813 ], [ 17.8036029, 48.733076 ], [ 17.8033827, 48.7336948 ], [ 17.803315645308054, 48.733781431652616 ], [ 17.80296375, 48.73423639 ], [ 17.80286511, 48.73441028 ], [ 17.80283541, 48.73446275 ], [ 17.80279406, 48.7345351 ], [ 17.80252491, 48.73490966 ], [ 17.802332330256352, 48.735177444717586 ], [ 17.8019926, 48.7356501 ], [ 17.8015162, 48.7362555 ], [ 17.800754989360527, 48.737281404773455 ], [ 17.80071994, 48.73732867 ], [ 17.800719912591383, 48.737328678711883 ], [ 17.8007196, 48.7373291 ], [ 17.799098, 48.7378443 ], [ 17.7978563, 48.7383533 ], [ 17.797191662227601, 48.738865332551207 ], [ 17.7969237, 48.73907189 ], [ 17.79575161, 48.73955616 ], [ 17.79459225, 48.73974261 ], [ 17.794159111386264, 48.739791816412584 ], [ 17.7937341, 48.7398403 ], [ 17.792946601626443, 48.740232299634719 ], [ 17.79322052, 48.74058171 ], [ 17.793220155480302, 48.740581860206341 ], [ 17.7932205, 48.7405823 ], [ 17.7927878, 48.7407601 ], [ 17.7930276, 48.7411394 ], [ 17.793221947011066, 48.741348696781152 ], [ 17.79331095, 48.74144442 ], [ 17.793310872332803, 48.741444462512256 ], [ 17.793311, 48.7414446 ], [ 17.793122536036652, 48.741547551084899 ], [ 17.79305295, 48.74158564 ], [ 17.79305275521126, 48.741585669840077 ], [ 17.7930527, 48.7415857 ], [ 17.7928904, 48.7416108 ], [ 17.7926831, 48.7416908 ], [ 17.7925688, 48.7417571 ], [ 17.792494032119034, 48.741785204637196 ], [ 17.79230245, 48.74185764 ], [ 17.7920523, 48.74191227 ], [ 17.7918316, 48.74189969 ], [ 17.7917761, 48.74179939 ], [ 17.791659979140665, 48.741656631065247 ], [ 17.7914817, 48.7414379 ], [ 17.791287637481741, 48.741610158736805 ], [ 17.79104374, 48.74182692 ], [ 17.790964193142486, 48.741804095869455 ], [ 17.790911602773782, 48.741789229053211 ], [ 17.79046724, 48.74219046 ], [ 17.790291871355546, 48.742390670960965 ], [ 17.7902444, 48.742445 ], [ 17.790155510587351, 48.742445569317326 ], [ 17.79001015, 48.74244694 ], [ 17.789455371127115, 48.742424523497291 ], [ 17.789119, 48.7424112 ], [ 17.78890814467244, 48.742851373270227 ], [ 17.78880967, 48.74305712 ], [ 17.788809504600845, 48.743057290395448 ], [ 17.7888095, 48.7430573 ], [ 17.7886732, 48.743198 ], [ 17.788649531107279, 48.743199830283444 ], [ 17.78861629, 48.74320291 ], [ 17.788488533110151, 48.743326859315033 ], [ 17.7884811, 48.7433341 ], [ 17.788475982270985, 48.743343430063057 ], [ 17.78840157, 48.74347989 ], [ 17.78838536, 48.74360182 ], [ 17.788347705264414, 48.743696630528177 ], [ 17.7883435, 48.7437073 ], [ 17.788203606218705, 48.743883892149938 ], [ 17.78810264, 48.74414866 ], [ 17.78802975, 48.74425692 ], [ 17.7879235, 48.74464801 ], [ 17.78778394, 48.74481704 ], [ 17.787711504163113, 48.744880009955509 ], [ 17.7876596, 48.7449254 ], [ 17.787551550657756, 48.74504967993014 ], [ 17.78754337, 48.74505911 ], [ 17.787543304671505, 48.74505916458385 ], [ 17.7875431, 48.7450594 ], [ 17.7870986, 48.7454309 ], [ 17.787049362140696, 48.745453991815602 ], [ 17.78688597, 48.74553113 ], [ 17.786791861297665, 48.745564505206175 ], [ 17.7867677, 48.7455732 ], [ 17.7863508, 48.745664 ], [ 17.7856271, 48.7457755 ], [ 17.785289701208431, 48.745843033003787 ], [ 17.78524719, 48.74585158 ], [ 17.785202091226342, 48.74586574370327 ], [ 17.7849171, 48.7459557 ], [ 17.7848276, 48.7459942 ], [ 17.784443, 48.7460892 ], [ 17.784330393832079, 48.746092032523443 ], [ 17.78423222, 48.7460949 ], [ 17.784209520591379, 48.746102240762688 ], [ 17.783906725256269, 48.746205134866429 ], [ 17.78387737, 48.74621537 ], [ 17.783835611849401, 48.746250954275055 ], [ 17.783327041466503, 48.746687308172739 ], [ 17.7832779, 48.74672984 ], [ 17.78310590728038, 48.746822402392709 ], [ 17.7830569, 48.7468489 ], [ 17.782937093364183, 48.746891601509112 ], [ 17.78280022, 48.74694051 ], [ 17.78262782329481, 48.746986867112192 ], [ 17.7823219, 48.7470693 ], [ 17.782289635439074, 48.747082555655666 ], [ 17.78216902, 48.74713277 ], [ 17.78195036, 48.74731358 ], [ 17.78186822, 48.74791378 ], [ 17.78170207, 48.74823761 ], [ 17.78163386, 48.74833179 ], [ 17.78136401, 48.74850939 ], [ 17.781153162047641, 48.748694108474453 ], [ 17.7810973, 48.7487432 ], [ 17.780932732494708, 48.748827746136882 ], [ 17.78090107, 48.74884406 ], [ 17.78050531, 48.74905965 ], [ 17.78017075, 48.74926923 ], [ 17.779893124758633, 48.749419438742301 ], [ 17.7796408, 48.7495562 ], [ 17.779531999516891, 48.749616732393292 ], [ 17.77931006, 48.7497407 ], [ 17.779054815676204, 48.749833006231391 ], [ 17.7789511, 48.7498707 ], [ 17.7776312, 48.750131 ], [ 17.777614131721897, 48.750143629468937 ], [ 17.77759891, 48.75015525 ], [ 17.7774725, 48.75018509 ], [ 17.77739762, 48.75019604 ], [ 17.777265393128612, 48.750238794238108 ], [ 17.777257833516668, 48.750241256511714 ], [ 17.77710856, 48.75039069 ], [ 17.77705762, 48.7506084 ], [ 17.777041685229555, 48.750858697838773 ], [ 17.7770344, 48.750974 ], [ 17.777015669178866, 48.751042598591688 ], [ 17.77699603, 48.75111493 ], [ 17.77694363, 48.75122191 ], [ 17.776943398184322, 48.751222099711448 ], [ 17.7769433, 48.7512223 ], [ 17.7768237, 48.7513201 ], [ 17.776793717042249, 48.751340526985835 ], [ 17.77668724, 48.75141341 ], [ 17.77659241, 48.7515084 ], [ 17.77650677, 48.75161091 ], [ 17.77599575, 48.75204171 ], [ 17.77589462, 48.75209775 ], [ 17.77568902, 48.75231765 ], [ 17.775428875050011, 48.752525236260837 ], [ 17.7751573, 48.7527422 ], [ 17.7749761, 48.7529851 ], [ 17.7749106, 48.7531809 ], [ 17.774881062889268, 48.753236926016015 ], [ 17.7748137, 48.75336523 ], [ 17.77466632, 48.75367061 ], [ 17.77464007, 48.75380936 ], [ 17.77462531, 48.75404653 ], [ 17.774631639465188, 48.754296648330808 ], [ 17.7746366, 48.7544895 ], [ 17.774609, 48.7547633 ], [ 17.774608950613889, 48.754763445176081 ], [ 17.77460893, 48.75476365 ], [ 17.7745264, 48.75500688 ], [ 17.774280366741923, 48.755786773532876 ], [ 17.774279227500077, 48.755799568749126 ], [ 17.77426733, 48.75593639 ], [ 17.77429244, 48.75601361 ], [ 17.774337401982891, 48.756315258211011 ], [ 17.7743642, 48.7564938 ], [ 17.774331781602452, 48.756760357116207 ], [ 17.7743027, 48.75699997 ], [ 17.77430468, 48.75704245 ], [ 17.774376, 48.75728823 ], [ 17.77435557, 48.75752976 ], [ 17.77437381, 48.75760051 ], [ 17.77451922, 48.75786347 ], [ 17.774591089831311, 48.758095700031205 ], [ 17.774667, 48.7583401 ], [ 17.774813902160226, 48.758499731387225 ], [ 17.77488043, 48.75857173 ], [ 17.77496063, 48.75881751 ], [ 17.775042354620105, 48.759093699048094 ], [ 17.775110712963173, 48.759181699235484 ], [ 17.77544763, 48.75961475 ], [ 17.775565310184511, 48.759971347974066 ], [ 17.7755797, 48.7600148 ], [ 17.7755724, 48.7602673 ], [ 17.775636293208439, 48.760416868192486 ], [ 17.7757222, 48.76061709 ], [ 17.775742108109309, 48.760812808169376 ], [ 17.7757691, 48.76084 ], [ 17.7758053, 48.7608765 ], [ 17.775921420479392, 48.760943489297901 ], [ 17.77594111, 48.76095437 ], [ 17.77611447492853, 48.76102063454514 ], [ 17.7762533, 48.7610733 ], [ 17.776598721957196, 48.761110048483665 ], [ 17.77675417, 48.7611264 ], [ 17.7772858, 48.76121077 ], [ 17.777442681811674, 48.761206880034813 ], [ 17.77748, 48.7612059 ], [ 17.777528438920253, 48.761199291733327 ], [ 17.77762896, 48.76118542 ], [ 17.777678654729037, 48.761175856210031 ], [ 17.7777956, 48.761153 ], [ 17.778235749801837, 48.761149209920475 ], [ 17.77841116, 48.76114756 ], [ 17.778518093972345, 48.76115790879777 ], [ 17.7787077, 48.761176 ], [ 17.778713764979599, 48.761185768594196 ], [ 17.77875672, 48.7612544 ], [ 17.77891365, 48.76181611 ], [ 17.77905903, 48.7621254 ], [ 17.779096361052869, 48.762189546316193 ], [ 17.7791116, 48.7622156 ], [ 17.779167394820693, 48.762299967587339 ], [ 17.77927285, 48.76245919 ], [ 17.77939333, 48.76273859 ], [ 17.77941106, 48.76289114 ], [ 17.779478693342714, 48.763010484731758 ], [ 17.7797225, 48.7632318 ], [ 17.77979943581121, 48.763286111026517 ], [ 17.779856, 48.76332577 ], [ 17.78014186, 48.76347863 ], [ 17.780198522755796, 48.763511795309533 ], [ 17.780274, 48.7635557 ], [ 17.780274073832032, 48.763556016152556 ], [ 17.7802742, 48.76355609 ], [ 17.78030155, 48.7636721 ], [ 17.78031205, 48.76386268 ], [ 17.78025635, 48.76422958 ], [ 17.780326709034231, 48.764375262683942 ], [ 17.7804129, 48.7645532 ], [ 17.7805683, 48.7647941 ], [ 17.780774062621244, 48.765091323661444 ], [ 17.78077669, 48.76509511 ], [ 17.78092401, 48.7654699 ], [ 17.78103597, 48.76566957 ], [ 17.7810798, 48.76579581 ], [ 17.781044997212369, 48.765925423139578 ], [ 17.781203, 48.7662881 ], [ 17.7812464, 48.7664602 ], [ 17.7812097, 48.7666341 ], [ 17.781218, 48.7668829 ], [ 17.781360953394351, 48.767136446149891 ], [ 17.78148036, 48.76734792 ], [ 17.78158342, 48.76755075 ], [ 17.781718251849686, 48.767743108841671 ], [ 17.7818252, 48.7678955 ], [ 17.781838686331255, 48.767920028398983 ], [ 17.78188849, 48.76800996 ], [ 17.78201434, 48.76818474 ], [ 17.7820948, 48.76823563 ], [ 17.782094897407838, 48.768235998356268 ], [ 17.7820949, 48.768236 ], [ 17.78218, 48.7685572 ], [ 17.782179878516125, 48.768557361861589 ], [ 17.78217996, 48.76855767 ], [ 17.782021900165041, 48.768767847632859 ], [ 17.7819029, 48.7689264 ], [ 17.781677028751098, 48.769126528569799 ], [ 17.78160381, 48.76919152 ], [ 17.781307575893408, 48.769401533659057 ], [ 17.7845697, 48.7708483 ], [ 17.784619586298696, 48.77087100572399 ], [ 17.78463024, 48.77087572 ], [ 17.785236870650593, 48.771144809206618 ], [ 17.7874797, 48.7721392 ], [ 17.78759854806006, 48.77219042373855 ], [ 17.78763878, 48.77220732 ], [ 17.78809076, 48.77222796 ], [ 17.78892099, 48.77228552 ], [ 17.78944481, 48.77229962 ], [ 17.78950417415658, 48.772314756222777 ], [ 17.7895642, 48.7723297 ], [ 17.789645468708084, 48.772371902504467 ], [ 17.78971207, 48.77240625 ], [ 17.78973675, 48.77243006 ], [ 17.789892330306103, 48.772580413950138 ], [ 17.7900156, 48.7726993 ], [ 17.7901207, 48.7727871 ], [ 17.790234940772944, 48.772848886027106 ], [ 17.79054431, 48.77301566 ], [ 17.790868557163975, 48.773233215436946 ], [ 17.7909413, 48.7732819 ], [ 17.7911859, 48.7734211 ], [ 17.7915567, 48.7736706 ], [ 17.791704986855041, 48.773785751150399 ], [ 17.79180008, 48.77385945 ], [ 17.79183928, 48.77388108 ], [ 17.791840457517718, 48.77388173011078 ], [ 17.7919358, 48.7739342 ], [ 17.792027964367122, 48.773976686262351 ], [ 17.7920885, 48.77400448 ], [ 17.7924256, 48.77425978 ], [ 17.792553013831668, 48.774329875254764 ], [ 17.7929302, 48.7745367 ], [ 17.793472, 48.7750079 ], [ 17.7937162, 48.7751797 ], [ 17.79379213984112, 48.775245200808342 ], [ 17.79384959, 48.77529471 ], [ 17.79431515, 48.77569585 ], [ 17.794507395294492, 48.775891998944097 ], [ 17.7946712, 48.7760587 ], [ 17.794846900114528, 48.776183061066121 ], [ 17.79503271, 48.77631412 ], [ 17.79507527, 48.77635085 ], [ 17.79513773, 48.7764046 ], [ 17.79519017, 48.7764498 ], [ 17.79545888, 48.77668132 ], [ 17.795492774750361, 48.776617381843273 ], [ 17.7955052, 48.7765939 ], [ 17.795505226515495, 48.776593893164282 ], [ 17.79550526, 48.77659383 ], [ 17.79552444705498, 48.776588938092068 ], [ 17.7956398, 48.7765592 ], [ 17.7962854, 48.7772025 ], [ 17.796339389890797, 48.77725494051203 ], [ 17.79634366, 48.77725902 ], [ 17.79637621, 48.77729009 ], [ 17.796732231486871, 48.777157778645098 ], [ 17.797014, 48.7770528 ], [ 17.797280290246174, 48.777060420168333 ], [ 17.7973984, 48.77706368 ], [ 17.79796092, 48.7774988 ], [ 17.79848279, 48.77729318 ], [ 17.798853578640447, 48.777258809397821 ], [ 17.798891, 48.7772553 ], [ 17.798891030897433, 48.777255337725592 ], [ 17.79889133, 48.77725531 ], [ 17.798987208606405, 48.777372770176882 ], [ 17.799072, 48.7774763 ], [ 17.799190879839049, 48.777697403382312 ], [ 17.79967048, 48.77858826 ], [ 17.7996913, 48.77861238 ], [ 17.800034599378122, 48.778518115875372 ], [ 17.8012671, 48.7781791 ], [ 17.8022802, 48.7778073 ], [ 17.8032219, 48.7776174 ], [ 17.8035203, 48.7775995 ], [ 17.8040555, 48.7776479 ], [ 17.8060952, 48.7781571 ], [ 17.8067153, 48.778494 ], [ 17.8076114, 48.7788331 ], [ 17.807611147452036, 48.778833461622192 ], [ 17.80761146, 48.77883358 ], [ 17.807609628419058, 48.778835636718057 ], [ 17.807375, 48.7791716 ], [ 17.8079482, 48.7793492 ], [ 17.8089864, 48.7794779 ], [ 17.809241158971254, 48.779515421895908 ], [ 17.80958437, 48.77956565 ], [ 17.80978365, 48.77959485 ], [ 17.809783340581816, 48.779595276520261 ], [ 17.8097835, 48.7795953 ], [ 17.809520028475127, 48.779958324283456 ], [ 17.80950775, 48.77997526 ], [ 17.80945056, 48.78005423 ], [ 17.80941149, 48.78010803 ], [ 17.80937276, 48.78016139 ], [ 17.80933434, 48.78021451 ], [ 17.8092924, 48.78027229 ], [ 17.80928784, 48.78027752 ], [ 17.80924903, 48.78032266 ], [ 17.80910264, 48.78049248 ], [ 17.80904705, 48.78055701 ], [ 17.80892672, 48.78069672 ], [ 17.80878488, 48.7808614 ], [ 17.80871429, 48.78094335 ], [ 17.80861711, 48.7810562 ], [ 17.808427, 48.78127691 ], [ 17.80857041, 48.78131969 ], [ 17.808570353267442, 48.781319786146085 ], [ 17.8085704, 48.7813198 ], [ 17.808562894781151, 48.781332426229476 ], [ 17.808525947118071, 48.781395042358824 ], [ 17.8095163, 48.7815648 ], [ 17.809914626780177, 48.78114680937378 ], [ 17.81003693, 48.78101834 ], [ 17.81019328, 48.78108395 ], [ 17.81069577, 48.78129587 ], [ 17.81074107, 48.78131498 ], [ 17.81084394, 48.78135836 ], [ 17.81088306, 48.78137483 ], [ 17.81090358, 48.78138348 ], [ 17.811209664674301, 48.781512546976273 ], [ 17.812209254540161, 48.781932099949728 ], [ 17.812227600721656, 48.781939799319282 ], [ 17.8127988, 48.781401 ], [ 17.813583, 48.7816362 ], [ 17.8137828, 48.7814586 ], [ 17.814649655453849, 48.781747551817951 ], [ 17.81497461, 48.78185574 ], [ 17.81533638, 48.78197619 ], [ 17.815361321926826, 48.781956783978579 ], [ 17.8154635, 48.781877 ], [ 17.815463715874639, 48.781877116551179 ], [ 17.81546375, 48.78187709 ], [ 17.81577947, 48.78204756 ], [ 17.81602161, 48.78217825 ], [ 17.81617109, 48.78225896 ], [ 17.81643726, 48.78240257 ], [ 17.81647311, 48.78242191 ], [ 17.816526191380792, 48.782450618803132 ], [ 17.816666525687786, 48.782325924035902 ], [ 17.8168591, 48.78215448 ], [ 17.81694238, 48.78219134 ], [ 17.8169783, 48.78220725 ], [ 17.81711565, 48.78226807 ], [ 17.81722829, 48.78231791 ], [ 17.817406938113244, 48.7823969653831 ], [ 17.8178663, 48.7825999 ], [ 17.817866050770842, 48.782600111122377 ], [ 17.81786641, 48.78260027 ], [ 17.817782600929625, 48.782670801603821 ], [ 17.817728725377798, 48.782716439661854 ], [ 17.81833518, 48.78297322 ], [ 17.818554142924032, 48.783065949244509 ], [ 17.8186562, 48.7829583 ], [ 17.8194423, 48.7833031 ], [ 17.819475886665028, 48.783272276794754 ], [ 17.81948978, 48.78325933 ], [ 17.81984574, 48.78339521 ], [ 17.820545500670192, 48.783662361321639 ], [ 17.8214222, 48.7839968 ], [ 17.8231439, 48.7846557 ], [ 17.823820469363344, 48.784260852496786 ], [ 17.82401128, 48.78414942 ], [ 17.824231003052095, 48.784220832399697 ], [ 17.8245816, 48.7843344 ], [ 17.8258707, 48.7840768 ], [ 17.8263396, 48.7834984 ], [ 17.8261605, 48.7829154 ], [ 17.8259709, 48.7820894 ], [ 17.8270875, 48.781069 ], [ 17.827235, 48.7795418 ], [ 17.8278382, 48.7785407 ], [ 17.8282107, 48.7777111 ], [ 17.8283058, 48.7767943 ], [ 17.8283585, 48.7762528 ], [ 17.8290643, 48.7757391 ], [ 17.8297807, 48.7749338 ], [ 17.8297491, 48.7738369 ], [ 17.8298439, 48.7729031 ], [ 17.8301178, 48.7725004 ], [ 17.8306287, 48.7721463 ], [ 17.8316927, 48.7714416 ], [ 17.8319943, 48.7711471 ], [ 17.8323631, 48.7707249 ], [ 17.8323929, 48.7703836 ], [ 17.8323762, 48.7695113 ], [ 17.8322181, 48.7684143 ], [ 17.8326055, 48.7678595 ], [ 17.8341593, 48.7672875 ], [ 17.8352004, 48.7670596 ], [ 17.8351104, 48.7668674 ], [ 17.8350243, 48.7666644 ], [ 17.8349338, 48.7664556 ], [ 17.8348045, 48.7660978 ], [ 17.8347097, 48.7658578 ], [ 17.834602, 48.7655781 ], [ 17.8344232, 48.7650698 ], [ 17.8343241, 48.7648014 ], [ 17.8342423, 48.7645231 ], [ 17.8341108, 48.7641297 ], [ 17.8340321, 48.7638933 ], [ 17.833975, 48.7637312 ], [ 17.8339041, 48.7635128 ], [ 17.8338432, 48.7633175 ], [ 17.833812, 48.7631533 ], [ 17.8337868, 48.7630187 ], [ 17.8337739, 48.7628551 ], [ 17.8338082, 48.7627486 ], [ 17.8338539, 48.7625759 ], [ 17.8337554, 48.762564 ], [ 17.83366, 48.7625373 ], [ 17.8332609, 48.7625775 ], [ 17.8329876, 48.7626729 ], [ 17.8329264, 48.7626653 ], [ 17.8327584, 48.7625935 ], [ 17.8326367, 48.762536 ], [ 17.8324999, 48.762475 ], [ 17.8323814, 48.7625375 ], [ 17.8321994, 48.7626347 ], [ 17.8320335, 48.7627221 ], [ 17.8318417, 48.7628264 ], [ 17.8317599, 48.7628676 ], [ 17.8317044, 48.7628237 ], [ 17.831642, 48.7627755 ], [ 17.8315848, 48.7627238 ], [ 17.8315346, 48.7626872 ], [ 17.8314583, 48.7626261 ], [ 17.8313231, 48.7625136 ], [ 17.8312445, 48.7624469 ], [ 17.83114, 48.7623631 ], [ 17.8310592, 48.7622946 ], [ 17.8309407, 48.762198 ], [ 17.8308599, 48.7621263 ], [ 17.8307537, 48.7620431 ], [ 17.8306514, 48.7619465 ], [ 17.8305049, 48.7618145 ], [ 17.8303832, 48.7617058 ], [ 17.8303229, 48.7616306 ], [ 17.8302014, 48.7615276 ], [ 17.8301831, 48.7613978 ], [ 17.8301206, 48.7614644 ], [ 17.8300719, 48.7615274 ], [ 17.8300144, 48.7615932 ], [ 17.8299439, 48.7616529 ], [ 17.8298875, 48.7616956 ], [ 17.8298015, 48.7617729 ], [ 17.8297268, 48.7618281 ], [ 17.8295905, 48.7618964 ], [ 17.8294949, 48.7619454 ], [ 17.8293635, 48.7620149 ], [ 17.829279, 48.7620573 ], [ 17.8291057, 48.7621387 ], [ 17.8290048, 48.7621949 ], [ 17.8288151, 48.7623001 ], [ 17.8287089, 48.762346 ], [ 17.828555, 48.7624218 ], [ 17.8284415, 48.7624733 ], [ 17.8283556, 48.7625218 ], [ 17.828267, 48.7625641 ], [ 17.8281496, 48.7626189 ], [ 17.8280793, 48.7626461 ], [ 17.8279336, 48.762707 ], [ 17.8278499, 48.7627446 ], [ 17.8277228, 48.7628044 ], [ 17.8276713, 48.762825 ], [ 17.8275321, 48.7628864 ], [ 17.8274788, 48.7629125 ], [ 17.8273681, 48.7629555 ], [ 17.8273342, 48.7629722 ], [ 17.8272222, 48.763018 ], [ 17.8270736, 48.7630737 ], [ 17.8269874, 48.7630875 ], [ 17.8269336, 48.7630591 ], [ 17.8268899, 48.7629963 ], [ 17.8268307, 48.7629235 ], [ 17.8267941, 48.7627915 ], [ 17.8267521, 48.7626352 ], [ 17.8267149, 48.7624783 ], [ 17.8266611, 48.7622919 ], [ 17.8266061, 48.7620694 ], [ 17.8265733, 48.7619426 ], [ 17.8265372, 48.7617978 ], [ 17.8264731, 48.7615617 ], [ 17.8264176, 48.7613483 ], [ 17.8263745, 48.7611903 ], [ 17.826325, 48.7610209 ], [ 17.8261525, 48.7610534 ], [ 17.8260063, 48.7611006 ], [ 17.8256072, 48.7612533 ], [ 17.825205, 48.761421 ], [ 17.8247648, 48.7616208 ], [ 17.8241753, 48.7618688 ], [ 17.8238082, 48.7620315 ], [ 17.8232247, 48.7622775 ], [ 17.8227571, 48.7624864 ], [ 17.8222468, 48.7627063 ], [ 17.8217822, 48.7629191 ], [ 17.8214288, 48.7630778 ], [ 17.8212383, 48.7631621 ], [ 17.8210693, 48.7632375 ], [ 17.8208834, 48.7633178 ], [ 17.8207996, 48.7633138 ], [ 17.8207722, 48.7632736 ], [ 17.8207996, 48.763135 ], [ 17.8208027, 48.7629955 ], [ 17.8208174, 48.7629084 ], [ 17.8208123, 48.7628812 ], [ 17.8208128, 48.7628597 ], [ 17.8207746, 48.7628553 ], [ 17.820707, 48.7628482 ], [ 17.82069, 48.7628496 ], [ 17.8206706, 48.762866 ], [ 17.8205718, 48.7628667 ], [ 17.8204835, 48.7628311 ], [ 17.8204546, 48.7627286 ], [ 17.82038, 48.7624675 ], [ 17.8202033, 48.7624384 ], [ 17.8200883, 48.7624432 ], [ 17.8200221, 48.762405 ], [ 17.8198362, 48.762275 ], [ 17.8197326, 48.7621781 ], [ 17.8196199, 48.7621159 ], [ 17.8194394, 48.7619949 ], [ 17.8193587, 48.7619326 ], [ 17.8191675, 48.7619311 ], [ 17.8190456, 48.7620285 ], [ 17.8188613, 48.7621043 ], [ 17.8187745, 48.7621525 ], [ 17.8185336, 48.7623026 ], [ 17.818399, 48.7623118 ], [ 17.8183467, 48.7622849 ], [ 17.818295, 48.7621762 ], [ 17.8182665, 48.7621017 ], [ 17.8182185, 48.7619877 ], [ 17.8181851, 48.761913 ], [ 17.8181318, 48.7617674 ], [ 17.8180816, 48.7616512 ], [ 17.8180553, 48.7615907 ], [ 17.8180283, 48.7614931 ], [ 17.8179556, 48.7614712 ], [ 17.817884, 48.7614587 ], [ 17.8178628, 48.7613231 ], [ 17.8178337, 48.7611363 ], [ 17.8178057, 48.7609957 ], [ 17.8178538, 48.7608412 ], [ 17.8179982, 48.7607677 ], [ 17.8178603, 48.7605873 ], [ 17.8178818, 48.7603857 ], [ 17.8177289, 48.760096 ], [ 17.8176061, 48.7598688 ], [ 17.8173885, 48.759491 ], [ 17.81727, 48.7592808 ], [ 17.8172485, 48.7592112 ], [ 17.816962, 48.7589726 ], [ 17.8165483, 48.7587923 ], [ 17.8162338, 48.7586929 ], [ 17.8159947, 48.7586261 ], [ 17.8159194, 48.7585717 ], [ 17.8160659, 48.7581087 ], [ 17.8163079, 48.7573703 ], [ 17.8164716, 48.756825 ], [ 17.8165287, 48.7566524 ], [ 17.8168518, 48.7567319 ], [ 17.8172191, 48.7568122 ], [ 17.8175283, 48.7568605 ], [ 17.817831, 48.7569272 ], [ 17.8181821, 48.7570103 ], [ 17.8186026, 48.7570991 ], [ 17.8187928, 48.7571398 ], [ 17.8188502, 48.7567336 ], [ 17.818945, 48.7563601 ], [ 17.8190355, 48.7559184 ], [ 17.8191044, 48.7556783 ], [ 17.8192315, 48.7551756 ], [ 17.8193048, 48.7549327 ], [ 17.819419, 48.7545066 ], [ 17.8194879, 48.7542197 ], [ 17.8196258, 48.7536644 ], [ 17.8197098, 48.7533235 ], [ 17.8198498, 48.7527469 ], [ 17.8199123, 48.7525395 ], [ 17.8200286, 48.7520693 ], [ 17.8201083, 48.7517526 ], [ 17.8201966, 48.7514018 ], [ 17.8202527, 48.7510637 ], [ 17.8203281, 48.7506987 ], [ 17.8204509, 48.7503819 ], [ 17.8206555, 48.7498805 ], [ 17.8207826, 48.7495339 ], [ 17.8209399, 48.7491874 ], [ 17.8211273, 48.7487669 ], [ 17.8212501, 48.748355 ], [ 17.8214892, 48.7479729 ], [ 17.821537, 48.7477765 ], [ 17.8216318, 48.7474186 ], [ 17.8217245, 48.7473596 ], [ 17.8219388, 48.7472424 ], [ 17.8220853, 48.7472083 ], [ 17.82229, 48.7472254 ], [ 17.8226626, 48.7472396 ], [ 17.8230472, 48.7472651 ], [ 17.8234263, 48.7472794 ], [ 17.8235491, 48.7472907 ], [ 17.8232341, 48.7469802 ], [ 17.822963, 48.7466709 ], [ 17.8228503, 48.7465563 ], [ 17.8226279, 48.7462872 ], [ 17.8223141, 48.7459436 ], [ 17.8220094, 48.7456282 ], [ 17.8216255, 48.7452124 ], [ 17.8212752, 48.7448367 ], [ 17.8209078, 48.7444748 ], [ 17.8208259, 48.7443683 ], [ 17.8208862, 48.7443015 ], [ 17.8207496, 48.7441423 ], [ 17.820461, 48.7438113 ], [ 17.8201766, 48.7434945 ], [ 17.8197673, 48.7430456 ], [ 17.8195605, 48.7428112 ], [ 17.8196467, 48.7427061 ], [ 17.8197694, 48.742689 ], [ 17.8202671, 48.7427231 ], [ 17.8209791, 48.7427664 ], [ 17.821565, 48.7428027 ], [ 17.8219442, 48.7428339 ], [ 17.8221962, 48.742846 ], [ 17.8224084, 48.7428089 ], [ 17.8226461, 48.7428451 ], [ 17.8232097, 48.7428803 ], [ 17.8236514, 48.7429265 ], [ 17.8244055, 48.7429998 ], [ 17.8249234, 48.743038 ], [ 17.8256211, 48.7430932 ], [ 17.8260735, 48.7431424 ], [ 17.8268656, 48.7432128 ], [ 17.8273957, 48.7432519 ], [ 17.8281513, 48.7433233 ], [ 17.8286662, 48.7433695 ], [ 17.829274, 48.7434197 ], [ 17.8298772, 48.743478 ], [ 17.8304043, 48.7435272 ], [ 17.8308018, 48.7436015 ], [ 17.8311888, 48.7437301 ], [ 17.831307, 48.7437978 ], [ 17.8314955, 48.7438994 ], [ 17.8317799, 48.7439818 ], [ 17.8320685, 48.7441409 ], [ 17.8322518, 48.7442523 ], [ 17.8325151, 48.7439933 ], [ 17.8327304, 48.7438288 ], [ 17.833075, 48.7435796 ], [ 17.8332885, 48.7434045 ], [ 17.8333715, 48.7432909 ], [ 17.8333839, 48.7432526 ], [ 17.8333937, 48.7431641 ], [ 17.8334109, 48.7430432 ], [ 17.8334277, 48.7429058 ], [ 17.833447, 48.7427672 ], [ 17.8334594, 48.7426453 ], [ 17.8334765, 48.7425104 ], [ 17.8334958, 48.7423696 ], [ 17.8335111, 48.7422395 ], [ 17.8335295, 48.7420956 ], [ 17.8335469, 48.7419672 ], [ 17.8335628, 48.7418424 ], [ 17.8335812, 48.7417104 ], [ 17.8335996, 48.7415759 ], [ 17.8336135, 48.7414575 ], [ 17.8336376, 48.7412926 ], [ 17.8336609, 48.7411844 ], [ 17.8337291, 48.7408667 ], [ 17.8338062, 48.7404988 ], [ 17.8338789, 48.7401551 ], [ 17.8339524, 48.7397918 ], [ 17.8340251, 48.7394724 ], [ 17.8340708, 48.7392151 ], [ 17.8341525, 48.7388169 ], [ 17.834209, 48.7384993 ], [ 17.8342798, 48.7382123 ], [ 17.8343453, 48.7379266 ], [ 17.8343974, 48.7377095 ], [ 17.8344709, 48.737477 ], [ 17.8345364, 48.7372238 ], [ 17.8346028, 48.7369245 ], [ 17.8346718, 48.7366369 ], [ 17.8347553, 48.7362749 ], [ 17.8348775, 48.7357976 ], [ 17.8351033, 48.7348338 ], [ 17.8353519, 48.7337896 ], [ 17.8356082, 48.7327169 ], [ 17.8358391, 48.7316978 ], [ 17.8360902, 48.7305414 ], [ 17.8363008, 48.7295507 ], [ 17.8365393, 48.7285382 ], [ 17.8367753, 48.7274922 ], [ 17.8369808, 48.7265232 ], [ 17.8372599, 48.7253968 ], [ 17.8375009, 48.7243173 ], [ 17.8377368, 48.7232628 ], [ 17.837923, 48.7224746 ], [ 17.837674, 48.7224405 ], [ 17.836754175556106, 48.722334451961338 ], [ 17.83626812, 48.72227854 ] ] ] } },
{ "type": "Feature", "properties": { "@featureType": "CadastralZoning", "beginLifespanVersion": { "@nilReason": "http://inspire.ec.europa.eu/codelist/VoidReasonValue/Unpopulated", "@nil": "true" }, "endLifespanVersion": { "@nilReason": "http://inspire.ec.europa.eu/codelist/VoidReasonValue/Unpopulated", "@nil": "true" }, "estimatedAccuracy": { "value": -1, "@uom": "m" }, "inspireId": { "@dataType": "Identifier", "localId": "842044", "namespace": "SK.ESKN.CP", "versionId": "20260703T04:07:40" }, "label": "Nové Mesto nad Váhom", "level": { "@href": "http://inspire.ec.europa.eu/codelist/CadastralZoningLevelValue/3rdOrder" }, "levelName": { "value": "Katastrálne územie", "@locale": "sk" }, "name_1": { "@dataType": "name", "GeographicalName": { "@dataType": "GeographicalName", "language": "SLK", "nativeness": { "@href": "http://inspire.ec.europa.eu/codelist/NativenessValue/endonym", "@title": "endonym" }, "nameStatus": { "@href": "http://inspire.ec.europa.eu/codelist/NameStatusValue/official", "@title": "official" }, "sourceOfName": { "@nilReason": "http://inspire.ec.europa.eu/codelist/VoidReasonValue/Unpopulated", "@nil": "true" }, "pronunciation": { "@dataType": "pronunciation", "@nilReason": "http://inspire.ec.europa.eu/codelist/VoidReasonValue/Unpopulated", "@nil": "true" }, "spelling": { "@dataType": "SpellingOfName", "text": "Nové Mesto nad Váhom", "script": "LATN" } } }, "nationalCadastalZoningReference": "842044", "validFrom": "2026-06-30T16:00:00Z", "validTo": { "@nilReason": "http://inspire.ec.europa.eu/codelist/VoidReasonValue/Unpopulated", "@nil": "true" }, "place_id": 419243357, "osm_type": "relation", "osm_id": 1538747, "place_rank": 22, "category": "place", "type": "cadastral_community", "importance": 0.10672402456702523, "addresstype": "cadastral_community", "name_2": "Nové Mesto nad Váhom", "display_name": "Nové Mesto nad Váhom, okres Nové Mesto nad Váhom, Trenčiansky kraj, 915 01, Slovensko" }, "geometry": { "type": "Polygon", "coordinates": [ [ [ 17.84489677, 48.79109861 ], [ 17.84545596, 48.79135959 ], [ 17.84618429, 48.79151657 ], [ 17.8462269, 48.79152574 ], [ 17.84629912722804, 48.791446219447892 ], [ 17.8465645, 48.7911535 ], [ 17.847220983935063, 48.79046869609239 ], [ 17.84729466, 48.79039178 ], [ 17.84807398, 48.78965235 ], [ 17.848391626873941, 48.789210474592515 ], [ 17.8485446, 48.7889976 ], [ 17.848595326917163, 48.788953270006814 ], [ 17.84957377, 48.78809766 ], [ 17.849853543810056, 48.787943943885573 ], [ 17.8500704, 48.7878244 ], [ 17.850368237700842, 48.787653996566874 ], [ 17.85055571, 48.78754649 ], [ 17.85099537, 48.7877212 ], [ 17.851022246212221, 48.787726837497125 ], [ 17.8512701, 48.7877785 ], [ 17.8519221, 48.7877367 ], [ 17.8524863, 48.7879277 ], [ 17.8528848, 48.7881922 ], [ 17.8529257, 48.7881745 ], [ 17.8542901, 48.7876451 ], [ 17.854624284357037, 48.787556189412882 ], [ 17.85524519, 48.78739084 ], [ 17.85537558101429, 48.787356226894616 ], [ 17.855247881331518, 48.78686451317089 ], [ 17.855172718158915, 48.786766083496417 ], [ 17.8550594, 48.786618 ], [ 17.8552222, 48.7862498 ], [ 17.85522211804156, 48.786237575583471 ], [ 17.85522175, 48.78618813 ], [ 17.855219554254361, 48.785855176861858 ], [ 17.8552183, 48.7856681 ], [ 17.8551886, 48.7847192 ], [ 17.8550429, 48.7844022 ], [ 17.85504292956908, 48.784402199930291 ], [ 17.85504281, 48.78440194 ], [ 17.8555995, 48.78440037 ], [ 17.855604342826588, 48.784365076522597 ], [ 17.8556137, 48.7842944 ], [ 17.8562766, 48.7843962 ], [ 17.856772574498358, 48.784472365097891 ], [ 17.85693707, 48.78449758 ], [ 17.856941365081081, 48.784497955829082 ], [ 17.857020545628401, 48.784504265846991 ], [ 17.85703766, 48.78450537 ], [ 17.857053760594798, 48.784506438711936 ], [ 17.8571202, 48.7843156 ], [ 17.8575092, 48.7839022 ], [ 17.8576837, 48.7836193 ], [ 17.8579086, 48.7833699 ], [ 17.857921171723998, 48.783355220259089 ], [ 17.85807325, 48.78317739 ], [ 17.85817978, 48.78289737 ], [ 17.85821453, 48.78257617 ], [ 17.858392659823654, 48.782414891925299 ], [ 17.8584803, 48.7823353 ], [ 17.8588622, 48.7820988 ], [ 17.859068600909193, 48.782014635691205 ], [ 17.85958546, 48.78180371 ], [ 17.859684765416755, 48.781813000412413 ], [ 17.8598005, 48.7818236 ], [ 17.860200256288149, 48.781705076225883 ], [ 17.86025923, 48.78168755 ], [ 17.86100513, 48.78125254 ], [ 17.86104942, 48.78109438 ], [ 17.86106235, 48.78104829 ], [ 17.86108088, 48.78098249 ], [ 17.861081069161191, 48.780982209924126 ], [ 17.8610811, 48.7809821 ], [ 17.861091615386975, 48.780966341168032 ], [ 17.86110816, 48.78094133 ], [ 17.86111746, 48.78092744 ], [ 17.86112332, 48.78091868 ], [ 17.86113039, 48.78090809 ], [ 17.86114848, 48.780881 ], [ 17.86115506, 48.78087101 ], [ 17.86116634, 48.78086059 ], [ 17.8612025, 48.78082737 ], [ 17.86121674, 48.78081432 ], [ 17.86126074, 48.78077382 ], [ 17.86126809, 48.78076712 ], [ 17.86130794021129, 48.780730621611319 ], [ 17.8614783, 48.7805738 ], [ 17.8630071, 48.7791715 ], [ 17.8643122, 48.7771281 ], [ 17.864288809109947, 48.776983084933654 ], [ 17.8640906, 48.7757561 ], [ 17.86406027, 48.77566613 ], [ 17.86387897, 48.77512841 ], [ 17.863851694432373, 48.775051256517763 ], [ 17.8637436, 48.7747458 ], [ 17.863585753663749, 48.774176841051634 ], [ 17.86357816, 48.77414964 ], [ 17.863575720433349, 48.774140676156385 ], [ 17.86355753036576, 48.774075109846947 ], [ 17.86355282, 48.77405816 ], [ 17.86352573, 48.77396062 ], [ 17.86330299, 48.77315841 ], [ 17.86328833, 48.77310533 ], [ 17.86327328, 48.77305114 ], [ 17.86326023, 48.7730042 ], [ 17.86331429, 48.77291364 ], [ 17.863330758339462, 48.772886033369304 ], [ 17.8634766, 48.7726413 ], [ 17.863476745440721, 48.772641308514039 ], [ 17.86347684, 48.77264115 ], [ 17.86357388, 48.77264683 ], [ 17.86367105, 48.77265252 ], [ 17.86373923, 48.77265646 ], [ 17.86394362, 48.77266835 ], [ 17.86401463, 48.77267255 ], [ 17.86411533, 48.77267845 ], [ 17.86414799, 48.77268034 ], [ 17.86435238, 48.77269223 ], [ 17.86445782, 48.77269842 ], [ 17.86446148, 48.77269864 ], [ 17.86452951, 48.77270266 ], [ 17.864539, 48.77270323 ], [ 17.8645569, 48.77270422 ], [ 17.8645718, 48.77270512 ], [ 17.86463469, 48.77270874 ], [ 17.86476128, 48.77271611 ], [ 17.86480818, 48.77271885 ], [ 17.86496567, 48.772728 ], [ 17.865018867594159, 48.772731118246298 ], [ 17.8653746, 48.7727513 ], [ 17.8672064, 48.7728586 ], [ 17.867340957028151, 48.772866716448647 ], [ 17.8676194, 48.77288299 ], [ 17.868418961945359, 48.772929603775715 ], [ 17.868889, 48.7729567 ], [ 17.8695352, 48.7724979 ], [ 17.86889, 48.7714238 ], [ 17.8678496, 48.7700346 ], [ 17.867250687603114, 48.769449148031228 ], [ 17.86394287, 48.76621616 ], [ 17.86156067, 48.7638875 ], [ 17.86153143, 48.76385891 ], [ 17.861529731675393, 48.76385723298155 ], [ 17.8604798, 48.7628311 ], [ 17.8596659, 48.7629038 ], [ 17.859155156039364, 48.762959964284327 ], [ 17.85899656, 48.76297745 ], [ 17.85841423, 48.76304357 ], [ 17.85834734, 48.76305118 ], [ 17.85826803, 48.76305767 ], [ 17.85822864, 48.76306098 ], [ 17.85821773, 48.76306186 ], [ 17.85762475, 48.76311117 ], [ 17.85751268, 48.76312046 ], [ 17.8573491, 48.76312981 ], [ 17.85707151, 48.76314572 ], [ 17.856693956566676, 48.763181258316607 ], [ 17.855799, 48.763266 ], [ 17.855732623017694, 48.763276622474017 ], [ 17.85567596, 48.7632861 ], [ 17.855555192853515, 48.763294676892698 ], [ 17.8555253, 48.7632969 ], [ 17.855308728013657, 48.763318467477923 ], [ 17.8543839, 48.76341096 ], [ 17.85427849, 48.76342147 ], [ 17.85427031, 48.76342233 ], [ 17.854270232649966, 48.763421886789956 ], [ 17.8542701, 48.7634219 ], [ 17.8542675, 48.7634071 ], [ 17.8528493, 48.7635369 ], [ 17.852848574787092, 48.763536849985314 ], [ 17.85284647, 48.76353703 ], [ 17.85278621, 48.76354206 ], [ 17.85273964, 48.76354592 ], [ 17.85269722, 48.76354941 ], [ 17.85262703, 48.76355518 ], [ 17.852626481691129, 48.763555225066483 ], [ 17.852394187785944, 48.763574792605255 ], [ 17.85243993, 48.76370181 ], [ 17.85241889, 48.76399296 ], [ 17.852451960110962, 48.76421641576129 ], [ 17.8524841, 48.7644325 ], [ 17.852531723125328, 48.764718238751954 ], [ 17.85255292, 48.76484528 ], [ 17.85267225, 48.7653381 ], [ 17.8528339, 48.76578181 ], [ 17.85298355, 48.76613567 ], [ 17.852983420774319, 48.766135612970231 ], [ 17.8529835, 48.7661358 ], [ 17.852683129113803, 48.766003088522581 ], [ 17.8515917, 48.76552142 ], [ 17.850835363036396, 48.765209201911134 ], [ 17.8501372, 48.7649215 ], [ 17.850067747427289, 48.764881020246079 ], [ 17.85003585, 48.76486265 ], [ 17.850035146492683, 48.764862244858257 ], [ 17.8494069, 48.7647131 ], [ 17.8484841, 48.7640596 ], [ 17.8483481, 48.76397 ], [ 17.8473888, 48.7633384 ], [ 17.847340303050533, 48.763287634885508 ], [ 17.8472261, 48.76316874 ], [ 17.847187698564763, 48.763128722806258 ], [ 17.846576643798691, 48.762502221933602 ], [ 17.84616282, 48.76207816 ], [ 17.846151354247823, 48.762066182007977 ], [ 17.8461463, 48.762061 ], [ 17.8459265, 48.7618309 ], [ 17.845853950255172, 48.761760663703669 ], [ 17.84584802, 48.76175538 ], [ 17.84575614, 48.76167323 ], [ 17.84568573, 48.76161053 ], [ 17.84567719, 48.76160315 ], [ 17.84565604, 48.76158426 ], [ 17.8456107, 48.76154376 ], [ 17.845600061502633, 48.761534273512268 ], [ 17.8452587, 48.7612305 ], [ 17.845259102998419, 48.761230352067074 ], [ 17.84525873, 48.76123002 ], [ 17.84540581, 48.76117607 ], [ 17.84560586, 48.76110258 ], [ 17.84568143, 48.76107482 ], [ 17.84571337, 48.76106312 ], [ 17.845934, 48.76098211 ], [ 17.8459907, 48.76096134 ], [ 17.84604467, 48.76094149 ], [ 17.8460559, 48.76093739 ], [ 17.846063260229851, 48.760933637011512 ], [ 17.8460719, 48.7609287 ], [ 17.846076431398441, 48.760926932754607 ], [ 17.84608176, 48.76092423 ], [ 17.84615154, 48.7608889 ], [ 17.84618636, 48.76087123 ], [ 17.84627246, 48.76082759 ], [ 17.84691683, 48.76050095 ], [ 17.84707006, 48.76042326 ], [ 17.847070140499021, 48.760423219593882 ], [ 17.84708839475725, 48.760413954664678 ], [ 17.8470899, 48.76041318 ], [ 17.847093331575053, 48.760411448988094 ], [ 17.8471549, 48.7603802 ], [ 17.847384315644998, 48.760254511030794 ], [ 17.84763778, 48.76011546 ], [ 17.847652947961159, 48.760107915300118 ], [ 17.848127566762074, 48.759865668005155 ], [ 17.8481151, 48.75971864 ], [ 17.84810416, 48.75957872 ], [ 17.848072357323826, 48.759171300971637 ], [ 17.8480683, 48.7591204 ], [ 17.8479948, 48.7579588 ], [ 17.847941940593099, 48.757794098122339 ], [ 17.8478869, 48.75762291 ], [ 17.84780248, 48.75732619 ], [ 17.84785806, 48.75697725 ], [ 17.847861577138183, 48.756954818252225 ], [ 17.847860331554983, 48.756939467755039 ], [ 17.8478545, 48.75686785 ], [ 17.84783271274457, 48.756599494690398 ], [ 17.8477956, 48.7561428 ], [ 17.8478106, 48.7560782 ], [ 17.8476999, 48.7558548 ], [ 17.84755, 48.7557103 ], [ 17.847317, 48.7556115 ], [ 17.8471765, 48.755603 ], [ 17.847170878605006, 48.755603300348902 ], [ 17.84704484, 48.75561165 ], [ 17.84703518, 48.75561233 ], [ 17.84701596, 48.75561306 ], [ 17.84695486, 48.75561532 ], [ 17.846925013996096, 48.755616436797325 ], [ 17.8468995, 48.7556178 ], [ 17.846645598479501, 48.755606330837054 ], [ 17.84646577, 48.75559852 ], [ 17.84616135, 48.75552833 ], [ 17.84614786, 48.75552516 ], [ 17.84603575, 48.75549932 ], [ 17.84599483, 48.75548122 ], [ 17.84598659, 48.75547756 ], [ 17.84592483, 48.75545015 ], [ 17.84590334, 48.75544063 ], [ 17.84587798, 48.75542943 ], [ 17.84587438, 48.75542786 ], [ 17.845863726242587, 48.755423131854123 ], [ 17.8457414, 48.7553693 ], [ 17.8455172, 48.755306 ], [ 17.8453105, 48.7552574 ], [ 17.8451659, 48.7550127 ], [ 17.8450513, 48.7549312 ], [ 17.844867, 48.7547248 ], [ 17.84486490932364, 48.754573866654979 ], [ 17.8448638, 48.75450138 ], [ 17.84484102, 48.75410796 ], [ 17.8448277, 48.75387686 ], [ 17.8448925, 48.75362503 ], [ 17.844894631047474, 48.753617057265373 ], [ 17.844913252389794, 48.753544684340525 ], [ 17.84491491, 48.75353824 ], [ 17.844914970112747, 48.753538008310834 ], [ 17.8449565, 48.7533766 ], [ 17.8450989, 48.7529586 ], [ 17.8451963, 48.752776 ], [ 17.8454843, 48.7524412 ], [ 17.845589008782767, 48.75235507170364 ], [ 17.84559466, 48.7523504 ], [ 17.84564665, 48.7523074 ], [ 17.84566286, 48.7522998 ], [ 17.84569733, 48.75228365 ], [ 17.84574143, 48.75226302 ], [ 17.84577327, 48.75224815 ], [ 17.84577415, 48.75224766 ], [ 17.84583112, 48.75222095 ], [ 17.84583403, 48.75221968 ], [ 17.84588749, 48.75219456 ], [ 17.84596132, 48.75215162 ], [ 17.84597678, 48.75214253 ], [ 17.8461791, 48.75202483 ], [ 17.846279787077481, 48.751991210985949 ], [ 17.8465641, 48.7518958 ], [ 17.846568444859031, 48.751894825476597 ], [ 17.84657103, 48.75189396 ], [ 17.84669082, 48.75186726 ], [ 17.84671731, 48.75186137 ], [ 17.84677777, 48.75184787 ], [ 17.84678468, 48.75184631 ], [ 17.84680723, 48.75184126 ], [ 17.846807600822622, 48.751841184361496 ], [ 17.8468967, 48.7518212 ], [ 17.8471239, 48.7517886 ], [ 17.8475509, 48.7516892 ], [ 17.8478275, 48.7516303 ], [ 17.847827775243669, 48.751630289404851 ], [ 17.84789639, 48.75162438 ], [ 17.84792556, 48.75162181 ], [ 17.84798652, 48.75162144 ], [ 17.84806636, 48.75162086 ], [ 17.848168696997949, 48.751632374724188 ], [ 17.8482922, 48.751646 ], [ 17.8485945, 48.7516395 ], [ 17.848694808043774, 48.751639747230222 ], [ 17.84871096, 48.75163975 ], [ 17.84877213, 48.75163985 ], [ 17.84878223, 48.75163991 ], [ 17.84903303, 48.75164047 ], [ 17.84904054, 48.75164048 ], [ 17.84932503, 48.7515832 ], [ 17.849485622801698, 48.751432421010193 ], [ 17.8495101, 48.7514094 ], [ 17.8494883, 48.7508708 ], [ 17.8497009, 48.7507255 ], [ 17.849746981691307, 48.750436015015126 ], [ 17.84972878, 48.75037762 ], [ 17.84972717, 48.75037247 ], [ 17.8496993, 48.75028282 ], [ 17.849691933819898, 48.75026680191651 ], [ 17.8496725, 48.7502249 ], [ 17.849672515530557, 48.750224575989968 ], [ 17.84967243, 48.75022439 ], [ 17.84967496, 48.75010353 ], [ 17.849682510345026, 48.750016056723354 ], [ 17.8496827, 48.7500121 ], [ 17.849683389158724, 48.750009590796083 ], [ 17.84969311, 48.74996654 ], [ 17.84969524, 48.7499571 ], [ 17.84972763, 48.74984346 ], [ 17.849766095676628, 48.749708459124442 ], [ 17.8497696, 48.7496957 ], [ 17.849934599293501, 48.749323676799548 ], [ 17.84994226, 48.74930629 ], [ 17.84999791, 48.74918052 ], [ 17.850035841148479, 48.749094959966079 ], [ 17.850037219682545, 48.749076868042295 ], [ 17.85003748, 48.74907328 ], [ 17.850037897963492, 48.749067966262103 ], [ 17.8500745, 48.7485876 ], [ 17.8502343, 48.748026 ], [ 17.8500876, 48.7475408 ], [ 17.8500135, 48.7474223 ], [ 17.85001365307815, 48.747422252334459 ], [ 17.85001347, 48.74742196 ], [ 17.85010223, 48.74739437 ], [ 17.85021481, 48.74735946 ], [ 17.85039333, 48.74730398 ], [ 17.85053093, 48.74726291 ], [ 17.85055785, 48.74725488 ], [ 17.850566847019632, 48.747252202990069 ], [ 17.850595561621713, 48.74724362614085 ], [ 17.85061099, 48.74723895 ], [ 17.85064759, 48.74722807 ], [ 17.85071768, 48.74720712 ], [ 17.85079347, 48.74718444 ], [ 17.85089903, 48.7471529 ], [ 17.851326501679367, 48.74702518211852 ], [ 17.851339899408845, 48.746084741495395 ], [ 17.85069411, 48.74594705 ], [ 17.85008158, 48.7458164 ], [ 17.8500348, 48.74580616 ], [ 17.85002821090244, 48.74580472683143 ], [ 17.849721863487375, 48.745739338580023 ], [ 17.84970064, 48.74573517 ], [ 17.84962729, 48.74571953 ], [ 17.848752286114848, 48.745532886088462 ], [ 17.8473072, 48.7452252 ], [ 17.847257763269845, 48.744999868538116 ], [ 17.84717858, 48.74463985 ], [ 17.847178714888667, 48.744639567862194 ], [ 17.8471787, 48.7446395 ], [ 17.847272026162308, 48.744444394772977 ], [ 17.84742292, 48.74412878 ], [ 17.84749962, 48.74404528 ], [ 17.847671309605264, 48.743858341944055 ], [ 17.8476896, 48.7438384 ], [ 17.8478426, 48.7430936 ], [ 17.848048649880809, 48.74289251972845 ], [ 17.84846666, 48.74248433 ], [ 17.84847141, 48.74247965 ], [ 17.84850647, 48.74244538 ], [ 17.84855146, 48.74240151 ], [ 17.84924592, 48.74172307 ], [ 17.84932519, 48.7416456 ], [ 17.84943507, 48.74153838 ], [ 17.84946698, 48.74150717 ], [ 17.84954308, 48.74143284 ], [ 17.8496413, 48.74133683 ], [ 17.8497267, 48.74125359 ], [ 17.84976964, 48.74121167 ], [ 17.8499048, 48.7410796 ], [ 17.85022518, 48.74076657 ], [ 17.85065418047002, 48.740347535793951 ], [ 17.8524861, 48.7385578 ], [ 17.852806217334244, 48.738245382955512 ], [ 17.85335075, 48.73771342 ], [ 17.85343553, 48.73662698 ], [ 17.8534376, 48.7365992 ], [ 17.8535569, 48.73506981 ], [ 17.85352261, 48.73494166 ], [ 17.85351883, 48.73492752 ], [ 17.85345728, 48.73469739 ], [ 17.85332299, 48.73419572 ], [ 17.85325462, 48.73393998 ], [ 17.85320829, 48.73376667 ], [ 17.853204890472337, 48.733753859463199 ], [ 17.852999610939847, 48.732986652023406 ], [ 17.85298116, 48.73291774 ], [ 17.852933233764134, 48.732738575352428 ], [ 17.852800071157713, 48.732240896206783 ], [ 17.85258853, 48.73145046 ], [ 17.852491234650749, 48.731086657092192 ], [ 17.8520576, 48.729466 ], [ 17.851948275183464, 48.72897823884653 ], [ 17.85191598, 48.72883446 ], [ 17.85186097, 48.72858973 ], [ 17.85186495, 48.72843663 ], [ 17.85187808, 48.72792148 ], [ 17.85188004, 48.7278471 ], [ 17.85190075, 48.7270324 ], [ 17.85190228, 48.72697695 ], [ 17.85190419, 48.72690202 ], [ 17.85190874, 48.72672412 ], [ 17.85191078, 48.72664323 ], [ 17.85191314, 48.72655117 ], [ 17.85191363, 48.72653187 ], [ 17.85191692, 48.72640546 ], [ 17.85191966, 48.72629391 ], [ 17.85192108, 48.72623927 ], [ 17.851942477298842, 48.725401965699959 ], [ 17.8517155, 48.7255235 ], [ 17.851706752731271, 48.725525802890282 ], [ 17.85158914, 48.72556026 ], [ 17.85143309, 48.72559796 ], [ 17.85138163090916, 48.725604088324175 ], [ 17.851302, 48.7256137 ], [ 17.851296399267085, 48.72561376618016 ], [ 17.8512645, 48.72561484 ], [ 17.85122596, 48.72561612 ], [ 17.85116056, 48.72561821 ], [ 17.85111695, 48.72561773 ], [ 17.851032517194522, 48.725616884300536 ], [ 17.8510058, 48.7256172 ], [ 17.8506278, 48.7257975 ], [ 17.8504343, 48.7257621 ], [ 17.850243334374397, 48.725737923190792 ], [ 17.85000519, 48.72570816 ], [ 17.84995882234983, 48.725684745626175 ], [ 17.8499458, 48.7256783 ], [ 17.849659726361661, 48.725694858403266 ], [ 17.84962964, 48.72569661 ], [ 17.84918393, 48.72572244 ], [ 17.84831248, 48.72576799 ], [ 17.8478036, 48.72574627 ], [ 17.84677301, 48.72570983 ], [ 17.84656483, 48.72570895 ], [ 17.846127996349878, 48.725705357961623 ], [ 17.8459165, 48.725704 ], [ 17.8432193, 48.723496 ], [ 17.842978357688864, 48.723369082916491 ], [ 17.84240045, 48.72306524 ], [ 17.84237297, 48.7230567 ], [ 17.84229827, 48.7230333 ], [ 17.84222474, 48.72301033 ], [ 17.84219713, 48.72300179 ], [ 17.84206168, 48.72298238 ], [ 17.842052845149336, 48.722981087685689 ], [ 17.8412768, 48.7228702 ], [ 17.840940409185826, 48.722825935730349 ], [ 17.84089503, 48.72282004 ], [ 17.840838659286277, 48.722814037819603 ], [ 17.8404374, 48.7227718 ], [ 17.840025381936872, 48.722723819700278 ], [ 17.83983218, 48.72270155 ], [ 17.839545290683059, 48.722669129528114 ], [ 17.839152, 48.722625 ], [ 17.8384308, 48.722535 ], [ 17.838338712880013, 48.72252449341584 ], [ 17.83802845, 48.72248951 ], [ 17.838016827870263, 48.722487495773635 ], [ 17.837923, 48.7224746 ], [ 17.837674, 48.7224405 ], [ 17.836754175556106, 48.722334451961338 ], [ 17.83626812, 48.72227854 ], [ 17.83347568, 48.72196586 ], [ 17.83271017, 48.72186491 ], [ 17.8324774, 48.7218338 ], [ 17.83192329, 48.72176645 ], [ 17.83175648, 48.7217528 ], [ 17.83156351929636, 48.721726801781692 ], [ 17.8308653, 48.7216331 ], [ 17.8304022, 48.7215813 ], [ 17.829878468484747, 48.721511355099075 ], [ 17.8292693, 48.72143019 ], [ 17.82917787, 48.72165918 ], [ 17.829177713959684, 48.721659165070307 ], [ 17.8291777, 48.7216592 ], [ 17.8258008, 48.7213366 ], [ 17.82547212171313, 48.721304495200187 ], [ 17.82543149, 48.72130061 ], [ 17.82534433, 48.72129233 ], [ 17.82502387, 48.72126164 ], [ 17.82502037, 48.72126134 ], [ 17.822268177733058, 48.720997758433825 ], [ 17.818732, 48.7206595 ], [ 17.8125334, 48.7206264 ], [ 17.8122997, 48.7197552 ], [ 17.81048504214834, 48.719739126772701 ], [ 17.81039166, 48.71973838 ], [ 17.81033706, 48.71942166 ], [ 17.81028931, 48.71939699 ], [ 17.8076336, 48.72042738 ], [ 17.80739973, 48.72053071 ], [ 17.80740672, 48.72056284 ], [ 17.807406509966146, 48.7205629729823 ], [ 17.8074066, 48.7205634 ], [ 17.80733069211194, 48.720610976827857 ], [ 17.80726541, 48.72065231 ], [ 17.806905571925082, 48.72110337725811 ], [ 17.8068029, 48.7212322 ], [ 17.806702859867812, 48.721282269837303 ], [ 17.806690072639995, 48.721610194929639 ], [ 17.8066885, 48.721652 ], [ 17.806849, 48.7219801 ], [ 17.807184564723762, 48.722770706495673 ], [ 17.807201258789853, 48.722809987152559 ], [ 17.807203068874411, 48.722812670498413 ], [ 17.80751741, 48.72327848 ], [ 17.807562513069062, 48.723384443595947 ], [ 17.8076152, 48.7235079 ], [ 17.807676045164918, 48.723631546316774 ], [ 17.80770231, 48.72368479 ], [ 17.80788439, 48.72408984 ], [ 17.807905283035815, 48.72412094881728 ], [ 17.80799, 48.7242465 ], [ 17.808048243312388, 48.724297090531479 ], [ 17.8081035, 48.7243446 ], [ 17.8083172, 48.72446962 ], [ 17.808678747251555, 48.724386863948467 ], [ 17.8094149, 48.7242182 ], [ 17.8097529, 48.724459 ], [ 17.809760702969076, 48.7244651468896 ], [ 17.80990979, 48.72458247 ], [ 17.8100585, 48.72471346 ], [ 17.810058302300259, 48.724713513871698 ], [ 17.8100584, 48.7247136 ], [ 17.809460799923322, 48.724876328805976 ], [ 17.80890056, 48.72502899 ], [ 17.808839143824777, 48.725045608159498 ], [ 17.808534, 48.7251287 ], [ 17.8079573, 48.7253057 ], [ 17.807939057527896, 48.725312157657662 ], [ 17.80740225, 48.72550259 ], [ 17.80732309, 48.72556424 ], [ 17.8072482, 48.72557855 ], [ 17.80718775, 48.72559013 ], [ 17.806658485851688, 48.725835202616182 ], [ 17.806929273087658, 48.725977396826849 ], [ 17.80703061, 48.72603041 ], [ 17.807040360598652, 48.726168824588235 ], [ 17.8076658, 48.7264226 ], [ 17.8078938, 48.7266171 ], [ 17.8081834, 48.727013 ], [ 17.808192877223693, 48.727050802409117 ], [ 17.80820131, 48.72708348 ], [ 17.808201097139783, 48.727083589714873 ], [ 17.8082012, 48.727084 ], [ 17.808143944364978, 48.727113075905088 ], [ 17.80813212, 48.72714023 ], [ 17.808123603190079, 48.727159405273795 ], [ 17.808134744182183, 48.727177823409029 ], [ 17.80817368, 48.72724174 ], [ 17.80820507, 48.72729378 ], [ 17.80840328, 48.72739871 ], [ 17.808501011246886, 48.727490820799481 ], [ 17.8087155, 48.7276922 ], [ 17.808714983007157, 48.72769248721152 ], [ 17.80871523, 48.72769272 ], [ 17.80843222, 48.72784978 ], [ 17.80841356, 48.72786021 ], [ 17.807900214022606, 48.728145126050414 ], [ 17.8070069, 48.7286414 ], [ 17.806758066758661, 48.728788751316692 ], [ 17.80673302, 48.72880363 ], [ 17.80665997, 48.72884686 ], [ 17.80655222, 48.72891083 ], [ 17.806476238398592, 48.728945363296511 ], [ 17.8062427, 48.7290521 ], [ 17.806175343276688, 48.729116932506855 ], [ 17.80614115, 48.72915012 ], [ 17.806092681329019, 48.729245103844221 ], [ 17.806083518362552, 48.729296066410527 ], [ 17.80608053, 48.72931288 ], [ 17.806077436719477, 48.729329891279313 ], [ 17.8060393, 48.729542 ], [ 17.8060086521076, 48.729466256479398 ], [ 17.80598537, 48.72940895 ], [ 17.80596045, 48.72934773 ], [ 17.805942425555891, 48.729348895928688 ], [ 17.8058942, 48.7293526 ], [ 17.805796423407706, 48.729448481697091 ], [ 17.80576552, 48.72947891 ], [ 17.805765428785406, 48.729478875648418 ], [ 17.8057652, 48.7294791 ], [ 17.8055254, 48.7293887 ], [ 17.8054154, 48.7296417 ], [ 17.805345368602595, 48.729835047553713 ], [ 17.80534188, 48.72984469 ], [ 17.80533376, 48.72991075 ], [ 17.805274203322302, 48.730014772205948 ], [ 17.8052766, 48.730139 ], [ 17.8052644, 48.7302264 ], [ 17.805218984681133, 48.730301388084641 ], [ 17.80519842, 48.73033547 ], [ 17.805174065804948, 48.730375698711235 ], [ 17.8051291, 48.730637 ], [ 17.80509735000016, 48.730733199999513 ], [ 17.80506564, 48.73082998 ], [ 17.805047783132746, 48.730914893339765 ], [ 17.8050398, 48.7309532 ], [ 17.805010271400562, 48.731001868672422 ], [ 17.80499291, 48.73103065 ], [ 17.80494997, 48.7312438 ], [ 17.804916795783871, 48.73128868027711 ], [ 17.8048793, 48.7313397 ], [ 17.804841646429654, 48.731422673137047 ], [ 17.80474595, 48.73163425 ], [ 17.804656792780914, 48.731738859331116 ], [ 17.8045881, 48.7318198 ], [ 17.804542752120742, 48.731866267103506 ], [ 17.80447078, 48.73194053 ], [ 17.804285308427691, 48.732033003615435 ], [ 17.8041771, 48.7320872 ], [ 17.8040358, 48.7321891 ], [ 17.804006210627062, 48.732207113550842 ], [ 17.80393792, 48.73224916 ], [ 17.803856092296265, 48.732336054938443 ], [ 17.803791989945442, 48.732404503955522 ], [ 17.80377717, 48.73247102 ], [ 17.80380361, 48.73263402 ], [ 17.803803455502106, 48.732634226128063 ], [ 17.8038035, 48.7326345 ], [ 17.8036934, 48.7327813 ], [ 17.8036029, 48.733076 ], [ 17.8033827, 48.7336948 ], [ 17.803315645308054, 48.733781431652616 ], [ 17.80296375, 48.73423639 ], [ 17.80286511, 48.73441028 ], [ 17.80283541, 48.73446275 ], [ 17.80279406, 48.7345351 ], [ 17.80252491, 48.73490966 ], [ 17.802332330256352, 48.735177444717586 ], [ 17.8019926, 48.7356501 ], [ 17.8015162, 48.7362555 ], [ 17.800754989360527, 48.737281404773455 ], [ 17.80071994, 48.73732867 ], [ 17.800719912591383, 48.737328678711883 ], [ 17.8007196, 48.7373291 ], [ 17.799098, 48.7378443 ], [ 17.7978563, 48.7383533 ], [ 17.797191662227601, 48.738865332551207 ], [ 17.7969237, 48.73907189 ], [ 17.79575161, 48.73955616 ], [ 17.79459225, 48.73974261 ], [ 17.794159111386264, 48.739791816412584 ], [ 17.7937341, 48.7398403 ], [ 17.792946601626443, 48.740232299634719 ], [ 17.79322052, 48.74058171 ], [ 17.793220155480302, 48.740581860206341 ], [ 17.7932205, 48.7405823 ], [ 17.7927878, 48.7407601 ], [ 17.7930276, 48.7411394 ], [ 17.793221947011066, 48.741348696781152 ], [ 17.79331095, 48.74144442 ], [ 17.793310872332803, 48.741444462512256 ], [ 17.793311, 48.7414446 ], [ 17.793122536036652, 48.741547551084899 ], [ 17.79305295, 48.74158564 ], [ 17.79305275521126, 48.741585669840077 ], [ 17.7930527, 48.7415857 ], [ 17.7928904, 48.7416108 ], [ 17.7926831, 48.7416908 ], [ 17.7925688, 48.7417571 ], [ 17.792494032119034, 48.741785204637196 ], [ 17.79230245, 48.74185764 ], [ 17.7920523, 48.74191227 ], [ 17.7918316, 48.74189969 ], [ 17.7917761, 48.74179939 ], [ 17.791659979140665, 48.741656631065247 ], [ 17.7914817, 48.7414379 ], [ 17.791287637481741, 48.741610158736805 ], [ 17.79104374, 48.74182692 ], [ 17.790964193142486, 48.741804095869455 ], [ 17.790911602773782, 48.741789229053211 ], [ 17.79046724, 48.74219046 ], [ 17.790291871355546, 48.742390670960965 ], [ 17.7902444, 48.742445 ], [ 17.790155510587351, 48.742445569317326 ], [ 17.79001015, 48.74244694 ], [ 17.789455371127115, 48.742424523497291 ], [ 17.789119, 48.7424112 ], [ 17.78890814467244, 48.742851373270227 ], [ 17.78880967, 48.74305712 ], [ 17.788809504600845, 48.743057290395448 ], [ 17.7888095, 48.7430573 ], [ 17.7886732, 48.743198 ], [ 17.788649531107279, 48.743199830283444 ], [ 17.78861629, 48.74320291 ], [ 17.788488533110151, 48.743326859315033 ], [ 17.7884811, 48.7433341 ], [ 17.788475982270985, 48.743343430063057 ], [ 17.78840157, 48.74347989 ], [ 17.78838536, 48.74360182 ], [ 17.788347705264414, 48.743696630528177 ], [ 17.7883435, 48.7437073 ], [ 17.788203606218705, 48.743883892149938 ], [ 17.78810264, 48.74414866 ], [ 17.78802975, 48.74425692 ], [ 17.7879235, 48.74464801 ], [ 17.78778394, 48.74481704 ], [ 17.787711504163113, 48.744880009955509 ], [ 17.7876596, 48.7449254 ], [ 17.787551550657756, 48.74504967993014 ], [ 17.78754337, 48.74505911 ], [ 17.787543304671505, 48.74505916458385 ], [ 17.7875431, 48.7450594 ], [ 17.7870986, 48.7454309 ], [ 17.787049362140696, 48.745453991815602 ], [ 17.78688597, 48.74553113 ], [ 17.786791861297665, 48.745564505206175 ], [ 17.7867677, 48.7455732 ], [ 17.7863508, 48.745664 ], [ 17.7856271, 48.7457755 ], [ 17.785289701208431, 48.745843033003787 ], [ 17.78524719, 48.74585158 ], [ 17.785202091226342, 48.74586574370327 ], [ 17.7849171, 48.7459557 ], [ 17.7848276, 48.7459942 ], [ 17.784443, 48.7460892 ], [ 17.784330393832079, 48.746092032523443 ], [ 17.78423222, 48.7460949 ], [ 17.784209520591379, 48.746102240762688 ], [ 17.783906725256269, 48.746205134866429 ], [ 17.78387737, 48.74621537 ], [ 17.783835611849401, 48.746250954275055 ], [ 17.783327041466503, 48.746687308172739 ], [ 17.7832779, 48.74672984 ], [ 17.78310590728038, 48.746822402392709 ], [ 17.7830569, 48.7468489 ], [ 17.782937093364183, 48.746891601509112 ], [ 17.78280022, 48.74694051 ], [ 17.78262782329481, 48.746986867112192 ], [ 17.7823219, 48.7470693 ], [ 17.782289635439074, 48.747082555655666 ], [ 17.78216902, 48.74713277 ], [ 17.78195036, 48.74731358 ], [ 17.78186822, 48.74791378 ], [ 17.78170207, 48.74823761 ], [ 17.78163386, 48.74833179 ], [ 17.78136401, 48.74850939 ], [ 17.781153162047641, 48.748694108474453 ], [ 17.7810973, 48.7487432 ], [ 17.780932732494708, 48.748827746136882 ], [ 17.78090107, 48.74884406 ], [ 17.78050531, 48.74905965 ], [ 17.78017075, 48.74926923 ], [ 17.779893124758633, 48.749419438742301 ], [ 17.7796408, 48.7495562 ], [ 17.779531999516891, 48.749616732393292 ], [ 17.77931006, 48.7497407 ], [ 17.779054815676204, 48.749833006231391 ], [ 17.7789511, 48.7498707 ], [ 17.7776312, 48.750131 ], [ 17.777614131721897, 48.750143629468937 ], [ 17.77759891, 48.75015525 ], [ 17.7774725, 48.75018509 ], [ 17.77739762, 48.75019604 ], [ 17.777265393128612, 48.750238794238108 ], [ 17.777257833516668, 48.750241256511714 ], [ 17.77710856, 48.75039069 ], [ 17.77705762, 48.7506084 ], [ 17.777041685229555, 48.750858697838773 ], [ 17.7770344, 48.750974 ], [ 17.777015669178866, 48.751042598591688 ], [ 17.77699603, 48.75111493 ], [ 17.77694363, 48.75122191 ], [ 17.776943398184322, 48.751222099711448 ], [ 17.7769433, 48.7512223 ], [ 17.7768237, 48.7513201 ], [ 17.776793717042249, 48.751340526985835 ], [ 17.77668724, 48.75141341 ], [ 17.77659241, 48.7515084 ], [ 17.77650677, 48.75161091 ], [ 17.77599575, 48.75204171 ], [ 17.77589462, 48.75209775 ], [ 17.77568902, 48.75231765 ], [ 17.775428875050011, 48.752525236260837 ], [ 17.7751573, 48.7527422 ], [ 17.7749761, 48.7529851 ], [ 17.7749106, 48.7531809 ], [ 17.774881062889268, 48.753236926016015 ], [ 17.7748137, 48.75336523 ], [ 17.77466632, 48.75367061 ], [ 17.77464007, 48.75380936 ], [ 17.77462531, 48.75404653 ], [ 17.774631639465188, 48.754296648330808 ], [ 17.7746366, 48.7544895 ], [ 17.774609, 48.7547633 ], [ 17.774608950613889, 48.754763445176081 ], [ 17.77460893, 48.75476365 ], [ 17.7745264, 48.75500688 ], [ 17.774280366741923, 48.755786773532876 ], [ 17.774279227500077, 48.755799568749126 ], [ 17.77426733, 48.75593639 ], [ 17.77429244, 48.75601361 ], [ 17.774337401982891, 48.756315258211011 ], [ 17.7743642, 48.7564938 ], [ 17.774331781602452, 48.756760357116207 ], [ 17.7743027, 48.75699997 ], [ 17.77430468, 48.75704245 ], [ 17.774376, 48.75728823 ], [ 17.77435557, 48.75752976 ], [ 17.77437381, 48.75760051 ], [ 17.77451922, 48.75786347 ], [ 17.774591089831311, 48.758095700031205 ], [ 17.774667, 48.7583401 ], [ 17.774813902160226, 48.758499731387225 ], [ 17.77488043, 48.75857173 ], [ 17.77496063, 48.75881751 ], [ 17.775042354620105, 48.759093699048094 ], [ 17.775110712963173, 48.759181699235484 ], [ 17.77544763, 48.75961475 ], [ 17.775565310184511, 48.759971347974066 ], [ 17.7755797, 48.7600148 ], [ 17.7755724, 48.7602673 ], [ 17.775636293208439, 48.760416868192486 ], [ 17.7757222, 48.76061709 ], [ 17.775742108109309, 48.760812808169376 ], [ 17.7757691, 48.76084 ], [ 17.7758053, 48.7608765 ], [ 17.775921420479392, 48.760943489297901 ], [ 17.77594111, 48.76095437 ], [ 17.77611447492853, 48.76102063454514 ], [ 17.7762533, 48.7610733 ], [ 17.776598721957196, 48.761110048483665 ], [ 17.77675417, 48.7611264 ], [ 17.7772858, 48.76121077 ], [ 17.777442681811674, 48.761206880034813 ], [ 17.77748, 48.7612059 ], [ 17.777528438920253, 48.761199291733327 ], [ 17.77762896, 48.76118542 ], [ 17.777678654729037, 48.761175856210031 ], [ 17.7777956, 48.761153 ], [ 17.778235749801837, 48.761149209920475 ], [ 17.77841116, 48.76114756 ], [ 17.778518093972345, 48.76115790879777 ], [ 17.7787077, 48.761176 ], [ 17.778713764979599, 48.761185768594196 ], [ 17.77875672, 48.7612544 ], [ 17.77891365, 48.76181611 ], [ 17.77905903, 48.7621254 ], [ 17.779096361052869, 48.762189546316193 ], [ 17.7791116, 48.7622156 ], [ 17.779167394820693, 48.762299967587339 ], [ 17.77927285, 48.76245919 ], [ 17.77939333, 48.76273859 ], [ 17.77941106, 48.76289114 ], [ 17.779478693342714, 48.763010484731758 ], [ 17.7797225, 48.7632318 ], [ 17.77979943581121, 48.763286111026517 ], [ 17.779856, 48.76332577 ], [ 17.78014186, 48.76347863 ], [ 17.780198522755796, 48.763511795309533 ], [ 17.780274, 48.7635557 ], [ 17.780274073832032, 48.763556016152556 ], [ 17.7802742, 48.76355609 ], [ 17.78030155, 48.7636721 ], [ 17.78031205, 48.76386268 ], [ 17.78025635, 48.76422958 ], [ 17.780326709034231, 48.764375262683942 ], [ 17.7804129, 48.7645532 ], [ 17.7805683, 48.7647941 ], [ 17.780774062621244, 48.765091323661444 ], [ 17.78077669, 48.76509511 ], [ 17.78092401, 48.7654699 ], [ 17.78103597, 48.76566957 ], [ 17.7810798, 48.76579581 ], [ 17.781044997212369, 48.765925423139578 ], [ 17.781203, 48.7662881 ], [ 17.7812464, 48.7664602 ], [ 17.7812097, 48.7666341 ], [ 17.781218, 48.7668829 ], [ 17.781360953394351, 48.767136446149891 ], [ 17.78148036, 48.76734792 ], [ 17.78158342, 48.76755075 ], [ 17.781718251849686, 48.767743108841671 ], [ 17.7818252, 48.7678955 ], [ 17.781838686331255, 48.767920028398983 ], [ 17.78188849, 48.76800996 ], [ 17.78201434, 48.76818474 ], [ 17.7820948, 48.76823563 ], [ 17.782094897407838, 48.768235998356268 ], [ 17.7820949, 48.768236 ], [ 17.78218, 48.7685572 ], [ 17.782179878516125, 48.768557361861589 ], [ 17.78217996, 48.76855767 ], [ 17.782021900165041, 48.768767847632859 ], [ 17.7819029, 48.7689264 ], [ 17.781677028751098, 48.769126528569799 ], [ 17.78160381, 48.76919152 ], [ 17.781307575893408, 48.769401533659057 ], [ 17.7845697, 48.7708483 ], [ 17.784619586298696, 48.77087100572399 ], [ 17.78463024, 48.77087572 ], [ 17.785236870650593, 48.771144809206618 ], [ 17.7874797, 48.7721392 ], [ 17.78759854806006, 48.77219042373855 ], [ 17.78763878, 48.77220732 ], [ 17.78809076, 48.77222796 ], [ 17.78892099, 48.77228552 ], [ 17.78944481, 48.77229962 ], [ 17.78950417415658, 48.772314756222777 ], [ 17.7895642, 48.7723297 ], [ 17.789645468708084, 48.772371902504467 ], [ 17.78971207, 48.77240625 ], [ 17.78973675, 48.77243006 ], [ 17.789892330306103, 48.772580413950138 ], [ 17.7900156, 48.7726993 ], [ 17.7901207, 48.7727871 ], [ 17.790234940772944, 48.772848886027106 ], [ 17.79054431, 48.77301566 ], [ 17.790868557163975, 48.773233215436946 ], [ 17.7909413, 48.7732819 ], [ 17.7911859, 48.7734211 ], [ 17.7915567, 48.7736706 ], [ 17.791704986855041, 48.773785751150399 ], [ 17.79180008, 48.77385945 ], [ 17.79183928, 48.77388108 ], [ 17.791840457517718, 48.77388173011078 ], [ 17.7919358, 48.7739342 ], [ 17.792027964367122, 48.773976686262351 ], [ 17.7920885, 48.77400448 ], [ 17.7924256, 48.77425978 ], [ 17.792553013831668, 48.774329875254764 ], [ 17.7929302, 48.7745367 ], [ 17.793472, 48.7750079 ], [ 17.7937162, 48.7751797 ], [ 17.79379213984112, 48.775245200808342 ], [ 17.79384959, 48.77529471 ], [ 17.79431515, 48.77569585 ], [ 17.794507395294492, 48.775891998944097 ], [ 17.7946712, 48.7760587 ], [ 17.794846900114528, 48.776183061066121 ], [ 17.79503271, 48.77631412 ], [ 17.79507527, 48.77635085 ], [ 17.79513773, 48.7764046 ], [ 17.79519017, 48.7764498 ], [ 17.79545888, 48.77668132 ], [ 17.795492774750361, 48.776617381843273 ], [ 17.7955052, 48.7765939 ], [ 17.795505226515495, 48.776593893164282 ], [ 17.79550526, 48.77659383 ], [ 17.79552444705498, 48.776588938092068 ], [ 17.7956398, 48.7765592 ], [ 17.7962854, 48.7772025 ], [ 17.796339389890797, 48.77725494051203 ], [ 17.79634366, 48.77725902 ], [ 17.79637621, 48.77729009 ], [ 17.796732231486871, 48.777157778645098 ], [ 17.797014, 48.7770528 ], [ 17.797280290246174, 48.777060420168333 ], [ 17.7973984, 48.77706368 ], [ 17.79796092, 48.7774988 ], [ 17.79848279, 48.77729318 ], [ 17.798853578640447, 48.777258809397821 ], [ 17.798891, 48.7772553 ], [ 17.798891030897433, 48.777255337725592 ], [ 17.79889133, 48.77725531 ], [ 17.798987208606405, 48.777372770176882 ], [ 17.799072, 48.7774763 ], [ 17.799190879839049, 48.777697403382312 ], [ 17.79967048, 48.77858826 ], [ 17.7996913, 48.77861238 ], [ 17.800034599378122, 48.778518115875372 ], [ 17.8012671, 48.7781791 ], [ 17.8022802, 48.7778073 ], [ 17.8032219, 48.7776174 ], [ 17.8035203, 48.7775995 ], [ 17.8040555, 48.7776479 ], [ 17.8060952, 48.7781571 ], [ 17.8067153, 48.778494 ], [ 17.8076114, 48.7788331 ], [ 17.807611147452036, 48.778833461622192 ], [ 17.80761146, 48.77883358 ], [ 17.807609628419058, 48.778835636718057 ], [ 17.807375, 48.7791716 ], [ 17.8079482, 48.7793492 ], [ 17.8089864, 48.7794779 ], [ 17.809241158971254, 48.779515421895908 ], [ 17.80958437, 48.77956565 ], [ 17.80978365, 48.77959485 ], [ 17.809783340581816, 48.779595276520261 ], [ 17.8097835, 48.7795953 ], [ 17.809520028475127, 48.779958324283456 ], [ 17.80950775, 48.77997526 ], [ 17.80945056, 48.78005423 ], [ 17.80941149, 48.78010803 ], [ 17.80937276, 48.78016139 ], [ 17.80933434, 48.78021451 ], [ 17.8092924, 48.78027229 ], [ 17.80928784, 48.78027752 ], [ 17.80924903, 48.78032266 ], [ 17.80910264, 48.78049248 ], [ 17.80904705, 48.78055701 ], [ 17.80892672, 48.78069672 ], [ 17.80878488, 48.7808614 ], [ 17.80871429, 48.78094335 ], [ 17.80861711, 48.7810562 ], [ 17.808427, 48.78127691 ], [ 17.80857041, 48.78131969 ], [ 17.808570353267442, 48.781319786146085 ], [ 17.8085704, 48.7813198 ], [ 17.808562894781151, 48.781332426229476 ], [ 17.808525947118071, 48.781395042358824 ], [ 17.8095163, 48.7815648 ], [ 17.809914626780177, 48.78114680937378 ], [ 17.81003693, 48.78101834 ], [ 17.81019328, 48.78108395 ], [ 17.81069577, 48.78129587 ], [ 17.81074107, 48.78131498 ], [ 17.81084394, 48.78135836 ], [ 17.81088306, 48.78137483 ], [ 17.81090358, 48.78138348 ], [ 17.811209664674301, 48.781512546976273 ], [ 17.812209254540161, 48.781932099949728 ], [ 17.812227600721656, 48.781939799319282 ], [ 17.8127988, 48.781401 ], [ 17.813583, 48.7816362 ], [ 17.8137828, 48.7814586 ], [ 17.814649655453849, 48.781747551817951 ], [ 17.81497461, 48.78185574 ], [ 17.81533638, 48.78197619 ], [ 17.815361321926826, 48.781956783978579 ], [ 17.8154635, 48.781877 ], [ 17.815463715874639, 48.781877116551179 ], [ 17.81546375, 48.78187709 ], [ 17.81577947, 48.78204756 ], [ 17.81602161, 48.78217825 ], [ 17.81617109, 48.78225896 ], [ 17.81643726, 48.78240257 ], [ 17.81647311, 48.78242191 ], [ 17.816526191380792, 48.782450618803132 ], [ 17.816666525687786, 48.782325924035902 ], [ 17.8168591, 48.78215448 ], [ 17.81694238, 48.78219134 ], [ 17.8169783, 48.78220725 ], [ 17.81711565, 48.78226807 ], [ 17.81722829, 48.78231791 ], [ 17.817406938113244, 48.7823969653831 ], [ 17.8178663, 48.7825999 ], [ 17.817866050770842, 48.782600111122377 ], [ 17.81786641, 48.78260027 ], [ 17.817782600929625, 48.782670801603821 ], [ 17.817728725377798, 48.782716439661854 ], [ 17.81833518, 48.78297322 ], [ 17.818554142924032, 48.783065949244509 ], [ 17.8186562, 48.7829583 ], [ 17.8194423, 48.7833031 ], [ 17.819475886665028, 48.783272276794754 ], [ 17.81948978, 48.78325933 ], [ 17.81984574, 48.78339521 ], [ 17.820545500670192, 48.783662361321639 ], [ 17.8214222, 48.7839968 ], [ 17.8231439, 48.7846557 ], [ 17.823820469363344, 48.784260852496786 ], [ 17.82401128, 48.78414942 ], [ 17.824231003052095, 48.784220832399697 ], [ 17.8245816, 48.7843344 ], [ 17.8258707, 48.7840768 ], [ 17.826376359841788, 48.783975776223109 ], [ 17.82661883, 48.78392727 ], [ 17.82668888, 48.78394047 ], [ 17.82677131, 48.78395604 ], [ 17.82684016, 48.78396898 ], [ 17.82824152, 48.78444771 ], [ 17.82830193, 48.78446836 ], [ 17.82832948, 48.78448448 ], [ 17.828536497755874, 48.784605798665595 ], [ 17.8286927, 48.7846969 ], [ 17.829045322792169, 48.784892440620567 ], [ 17.82913723, 48.78494325 ], [ 17.82929815, 48.78503231 ], [ 17.8293007, 48.78503364 ], [ 17.82960267, 48.78521994 ], [ 17.82963981, 48.78524279 ], [ 17.82971294, 48.78528795 ], [ 17.82985378, 48.78537489 ], [ 17.83002031, 48.78547766 ], [ 17.83011295, 48.78553484 ], [ 17.83012227, 48.78554056 ], [ 17.83027861, 48.7856567 ], [ 17.83045539, 48.78578799 ], [ 17.83060429, 48.78589863 ], [ 17.8306795, 48.7859544 ], [ 17.83075631, 48.78601144 ], [ 17.83087535, 48.78609994 ], [ 17.83096407, 48.78604075 ], [ 17.83103775, 48.78599149 ], [ 17.83117151, 48.78590225 ], [ 17.83132517, 48.78579958 ], [ 17.83150308, 48.78568078 ], [ 17.831853132679065, 48.785939857711469 ], [ 17.8320544, 48.7860884 ], [ 17.83222424278388, 48.785972661059098 ], [ 17.8322506, 48.78595461 ], [ 17.83239125, 48.78604994 ], [ 17.83250217, 48.78610642 ], [ 17.83278977, 48.78625265 ], [ 17.83286443, 48.78627597 ], [ 17.83311632, 48.78635464 ], [ 17.8336152, 48.78646753 ], [ 17.833722764058436, 48.786480983035808 ], [ 17.8339545, 48.7865096 ], [ 17.8344648, 48.7865259 ], [ 17.834603, 48.7865636 ], [ 17.83499597438102, 48.786772033932053 ], [ 17.83519196, 48.7868759 ], [ 17.835231348770993, 48.786887757444966 ], [ 17.8356871, 48.7870244 ], [ 17.835855705416588, 48.78703955875671 ], [ 17.83592298, 48.78704539 ], [ 17.836061649464508, 48.787031126716698 ], [ 17.8360945, 48.7870277 ], [ 17.8362389, 48.7869405 ], [ 17.8362652, 48.7868349 ], [ 17.836265298087248, 48.786834947617834 ], [ 17.83626532, 48.78683486 ], [ 17.836396260410343, 48.786898525115348 ], [ 17.8368018, 48.7870954 ], [ 17.837551064456783, 48.78746322375261 ], [ 17.83770412, 48.78753826 ], [ 17.837990358961154, 48.787655690417921 ], [ 17.8383217, 48.7877915 ], [ 17.8387325, 48.7874845 ], [ 17.8395478, 48.787894 ], [ 17.8401144, 48.7881654 ], [ 17.840114046064635, 48.788165680692138 ], [ 17.84011442, 48.78816586 ], [ 17.839633480332349, 48.788547117044487 ], [ 17.8399812, 48.7885627 ], [ 17.840269313137053, 48.788686299337471 ], [ 17.84031799, 48.78870714 ], [ 17.840456345159431, 48.788750812436518 ], [ 17.8405441, 48.7887785 ], [ 17.8406472, 48.7887464 ], [ 17.841253, 48.7887638 ], [ 17.841252747575641, 48.788764313457996 ], [ 17.84125297, 48.78876432 ], [ 17.841179723905878, 48.78891309144435 ], [ 17.8412645, 48.789592 ], [ 17.841405160247326, 48.789811637821551 ], [ 17.84145408, 48.78988786 ], [ 17.841504502340278, 48.789980132742528 ], [ 17.8417315, 48.7903947 ], [ 17.841767546202725, 48.790420410062666 ], [ 17.84177302, 48.79042421 ], [ 17.841810488324533, 48.790436533364101 ], [ 17.8418919, 48.7904631 ], [ 17.842315069650724, 48.790547847787444 ], [ 17.84253526, 48.79059184 ], [ 17.84300712, 48.79068607 ], [ 17.84332326, 48.7907856 ], [ 17.843323143132519, 48.790785782128907 ], [ 17.8433232, 48.7907858 ], [ 17.843248192494055, 48.79090265004492 ], [ 17.84324773, 48.79090348 ], [ 17.843225186531974, 48.790938489760805 ], [ 17.843211931750673, 48.79095913865148 ], [ 17.843197040764789, 48.790982414920059 ], [ 17.8436847, 48.7911609 ], [ 17.844064406275663, 48.791336662545739 ], [ 17.84412957, 48.7913668 ], [ 17.84414433, 48.79137365 ], [ 17.844737097633249, 48.79164766409513 ], [ 17.8448966, 48.7910989 ], [ 17.844896675691558, 48.791098935287536 ], [ 17.84489677, 48.79109861 ] ] ] } },
{ "type": "Feature", "properties": { "@featureType": "CadastralZoning", "beginLifespanVersion": { "@nilReason": "http://inspire.ec.europa.eu/codelist/VoidReasonValue/Unpopulated", "@nil": "true" }, "endLifespanVersion": { "@nilReason": "http://inspire.ec.europa.eu/codelist/VoidReasonValue/Unpopulated", "@nil": "true" }, "estimatedAccuracy": { "value": -1, "@uom": "m" }, "inspireId": { "@dataType": "Identifier", "localId": "825093", "namespace": "SK.ESKN.CP", "versionId": "20260703T04:07:40" }, "label": "Kočovce", "level": { "@href": "http://inspire.ec.europa.eu/codelist/CadastralZoningLevelValue/3rdOrder" }, "levelName": { "value": "Katastrálne územie", "@locale": "sk" }, "name_1": { "@dataType": "name", "GeographicalName": { "@dataType": "GeographicalName", "language": "SLK", "nativeness": { "@href": "http://inspire.ec.europa.eu/codelist/NativenessValue/endonym", "@title": "endonym" }, "nameStatus": { "@href": "http://inspire.ec.europa.eu/codelist/NameStatusValue/official", "@title": "official" }, "sourceOfName": { "@nilReason": "http://inspire.ec.europa.eu/codelist/VoidReasonValue/Unpopulated", "@nil": "true" }, "pronunciation": { "@dataType": "pronunciation", "@nilReason": "http://inspire.ec.europa.eu/codelist/VoidReasonValue/Unpopulated", "@nil": "true" }, "spelling": { "@dataType": "SpellingOfName", "text": "Kočovce", "script": "LATN" } } }, "nationalCadastalZoningReference": "825093", "validFrom": "2026-06-30T16:00:00Z", "validTo": { "@nilReason": "http://inspire.ec.europa.eu/codelist/VoidReasonValue/Unpopulated", "@nil": "true" }, "place_id": 419243357, "osm_type": "relation", "osm_id": 1538747, "place_rank": 22, "category": "place", "type": "cadastral_community", "importance": 0.10672402456702523, "addresstype": "cadastral_community", "name_2": "Nové Mesto nad Váhom", "display_name": "Nové Mesto nad Váhom, okres Nové Mesto nad Váhom, Trenčiansky kraj, 915 01, Slovensko" }, "geometry": { "type": "MultiPolygon", "coordinates": [ [ [ [ 17.85335075, 48.73771342 ], [ 17.852806217334244, 48.738245382955512 ], [ 17.8533508, 48.7377139 ], [ 17.853350839124364, 48.737713398627825 ], [ 17.85335075, 48.73771342 ] ] ], [ [ [ 17.85022518, 48.74076657 ], [ 17.8499048, 48.7410796 ], [ 17.84976964, 48.74121167 ], [ 17.8497267, 48.74125359 ], [ 17.8496413, 48.74133683 ], [ 17.84954308, 48.74143284 ], [ 17.84946698, 48.74150717 ], [ 17.84943507, 48.74153838 ], [ 17.84932519, 48.7416456 ], [ 17.84924592, 48.74172307 ], [ 17.84855146, 48.74240151 ], [ 17.84850647, 48.74244538 ], [ 17.84847141, 48.74247965 ], [ 17.84846666, 48.74248433 ], [ 17.848048649880809, 48.74289251972845 ], [ 17.8485516, 48.7424017 ], [ 17.85065418047002, 48.740347535793951 ], [ 17.85022518, 48.74076657 ] ] ], [ [ [ 17.84749962, 48.74404528 ], [ 17.84742292, 48.74412878 ], [ 17.847272026162308, 48.744444394772977 ], [ 17.8474227, 48.7441294 ], [ 17.847671309605264, 48.743858341944055 ], [ 17.84749962, 48.74404528 ] ] ], [ [ [ 17.84717858, 48.74463985 ], [ 17.847257763269845, 48.744999868538116 ], [ 17.847178714888667, 48.744639567862194 ], [ 17.84717858, 48.74463985 ] ] ], [ [ [ 17.84962729, 48.74571953 ], [ 17.84970064, 48.74573517 ], [ 17.849721863487375, 48.745739338580023 ], [ 17.8497006, 48.7457348 ], [ 17.848752286114848, 48.745532886088462 ], [ 17.84962729, 48.74571953 ] ] ], [ [ [ 17.8500348, 48.74580616 ], [ 17.85008158, 48.7458164 ], [ 17.85069411, 48.74594705 ], [ 17.851339899408845, 48.746084741495395 ], [ 17.8513399, 48.7460847 ], [ 17.85002821090244, 48.74580472683143 ], [ 17.8500348, 48.74580616 ] ] ], [ [ [ 17.85089903, 48.7471529 ], [ 17.85079347, 48.74718444 ], [ 17.85071768, 48.74720712 ], [ 17.85064759, 48.74722807 ], [ 17.85061099, 48.74723895 ], [ 17.850595561621713, 48.74724362614085 ], [ 17.8513265, 48.7470253 ], [ 17.851326501679367, 48.74702518211852 ], [ 17.85089903, 48.7471529 ] ] ], [ [ [ 17.85055785, 48.74725488 ], [ 17.85053093, 48.74726291 ], [ 17.85039333, 48.74730398 ], [ 17.85021481, 48.74735946 ], [ 17.85010223, 48.74739437 ], [ 17.85001347, 48.74742196 ], [ 17.850014415259569, 48.747422015006109 ], [ 17.8503931, 48.7473041 ], [ 17.850566847019632, 48.747252202990069 ], [ 17.85055785, 48.74725488 ] ] ] ] } },
{ "type": "Feature", "properties": { "@featureType": "CadastralZoning", "beginLifespanVersion": { "@nilReason": "http://inspire.ec.europa.eu/codelist/VoidReasonValue/Unpopulated", "@nil": "true" }, "endLifespanVersion": { "@nilReason": "http://inspire.ec.europa.eu/codelist/VoidReasonValue/Unpopulated", "@nil": "true" }, "estimatedAccuracy": { "value": -1, "@uom": "m" }, "inspireId": { "@dataType": "Identifier", "localId": "802255", "namespace": "SK.ESKN.CP", "versionId": "20260703T04:07:40" }, "label": "Beckov", "level": { "@href": "http://inspire.ec.europa.eu/codelist/CadastralZoningLevelValue/3rdOrder" }, "levelName": { "value": "Katastrálne územie", "@locale": "sk" }, "name_1": { "@dataType": "name", "GeographicalName": { "@dataType": "GeographicalName", "language": "SLK", "nativeness": { "@href": "http://inspire.ec.europa.eu/codelist/NativenessValue/endonym", "@title": "endonym" }, "nameStatus": { "@href": "http://inspire.ec.europa.eu/codelist/NameStatusValue/official", "@title": "official" }, "sourceOfName": { "@nilReason": "http://inspire.ec.europa.eu/codelist/VoidReasonValue/Unpopulated", "@nil": "true" }, "pronunciation": { "@dataType": "pronunciation", "@nilReason": "http://inspire.ec.europa.eu/codelist/VoidReasonValue/Unpopulated", "@nil": "true" }, "spelling": { "@dataType": "SpellingOfName", "text": "Beckov", "script": "LATN" } } }, "nationalCadastalZoningReference": "802255", "validFrom": "2026-06-30T16:00:00Z", "validTo": { "@nilReason": "http://inspire.ec.europa.eu/codelist/VoidReasonValue/Unpopulated", "@nil": "true" }, "place_id": 419243357, "osm_type": "relation", "osm_id": 1538747, "place_rank": 22, "category": "place", "type": "cadastral_community", "importance": 0.10672402456702523, "addresstype": "cadastral_community", "name_2": "Nové Mesto nad Váhom", "display_name": "Nové Mesto nad Váhom, okres Nové Mesto nad Váhom, Trenčiansky kraj, 915 01, Slovensko" }, "geometry": { "type": "MultiPolygon", "coordinates": [ [ [ [ 17.8478545, 48.75686785 ], [ 17.847860331554983, 48.756939467755039 ], [ 17.847854520267649, 48.756867849777365 ], [ 17.8478545, 48.75686785 ] ] ], [ [ [ 17.84785806, 48.75697725 ], [ 17.84780248, 48.75732619 ], [ 17.8478869, 48.75762291 ], [ 17.847941940593099, 48.757794098122339 ], [ 17.8478869, 48.7576226 ], [ 17.8478025, 48.7573262 ], [ 17.8478616, 48.7569551 ], [ 17.847861577138183, 48.756954818252225 ], [ 17.84785806, 48.75697725 ] ] ], [ [ [ 17.84810416, 48.75957872 ], [ 17.8481151, 48.75971864 ], [ 17.848127566762074, 48.759865668005155 ], [ 17.8481277, 48.7598656 ], [ 17.848072357323826, 48.759171300971637 ], [ 17.84810416, 48.75957872 ] ] ], [ [ [ 17.84763778, 48.76011546 ], [ 17.847384315644998, 48.760254511030794 ], [ 17.8476375, 48.7601158 ], [ 17.847652947961159, 48.760107915300118 ], [ 17.84763778, 48.76011546 ] ] ], [ [ [ 17.8470899, 48.76041318 ], [ 17.84708839475725, 48.760413954664678 ], [ 17.847093331575053, 48.760411448988094 ], [ 17.8470899, 48.76041318 ] ] ], [ [ [ 17.84707006, 48.76042326 ], [ 17.84691683, 48.76050095 ], [ 17.84627246, 48.76082759 ], [ 17.84618636, 48.76087123 ], [ 17.84615154, 48.7608889 ], [ 17.84608176, 48.76092423 ], [ 17.846076431398441, 48.760926932754607 ], [ 17.8460819, 48.7609248 ], [ 17.847070140499021, 48.760423219593882 ], [ 17.84707006, 48.76042326 ] ] ], [ [ [ 17.8460559, 48.76093739 ], [ 17.84604467, 48.76094149 ], [ 17.8459907, 48.76096134 ], [ 17.845934, 48.76098211 ], [ 17.84571337, 48.76106312 ], [ 17.84568143, 48.76107482 ], [ 17.84560586, 48.76110258 ], [ 17.84540581, 48.76117607 ], [ 17.84525873, 48.76123002 ], [ 17.845259102998419, 48.761230352067074 ], [ 17.8460558, 48.7609379 ], [ 17.846063260229851, 48.760933637011512 ], [ 17.8460559, 48.76093739 ] ] ], [ [ [ 17.8456107, 48.76154376 ], [ 17.84565604, 48.76158426 ], [ 17.84567719, 48.76160315 ], [ 17.84568573, 48.76161053 ], [ 17.84575614, 48.76167323 ], [ 17.84584802, 48.76175538 ], [ 17.845853950255172, 48.761760663703669 ], [ 17.8458481, 48.761755 ], [ 17.845600061502633, 48.761534273512268 ], [ 17.8456107, 48.76154376 ] ] ], [ [ [ 17.84616282, 48.76207816 ], [ 17.846576643798691, 48.762502221933602 ], [ 17.846151354247823, 48.762066182007977 ], [ 17.84616282, 48.76207816 ] ] ], [ [ [ 17.8472261, 48.76316874 ], [ 17.847340303050533, 48.763287634885508 ], [ 17.8472263, 48.7631683 ], [ 17.847187698564763, 48.763128722806258 ], [ 17.8472261, 48.76316874 ] ] ], [ [ [ 17.85003585, 48.76486265 ], [ 17.850067747427289, 48.764881020246079 ], [ 17.8500358, 48.7648624 ], [ 17.850035146492683, 48.764862244858257 ], [ 17.85003585, 48.76486265 ] ] ], [ [ [ 17.8515917, 48.76552142 ], [ 17.852683129113803, 48.766003088522581 ], [ 17.851592, 48.765521 ], [ 17.850835363036396, 48.765209201911134 ], [ 17.8515917, 48.76552142 ] ] ], [ [ [ 17.85298355, 48.76613567 ], [ 17.8528339, 48.76578181 ], [ 17.85267225, 48.7653381 ], [ 17.85255292, 48.76484528 ], [ 17.852531723125328, 48.764718238751954 ], [ 17.8525529, 48.7648453 ], [ 17.8526722, 48.765338 ], [ 17.8528338, 48.7657824 ], [ 17.852983420774319, 48.766135612970231 ], [ 17.85298355, 48.76613567 ] ] ], [ [ [ 17.85241889, 48.76399296 ], [ 17.85243993, 48.76370181 ], [ 17.852394187785944, 48.763574792605255 ], [ 17.8523941, 48.7635748 ], [ 17.8524398, 48.7637017 ], [ 17.8524187, 48.7639928 ], [ 17.852451960110962, 48.76421641576129 ], [ 17.85241889, 48.76399296 ] ] ], [ [ [ 17.85262703, 48.76355518 ], [ 17.85269722, 48.76354941 ], [ 17.85273964, 48.76354592 ], [ 17.85278621, 48.76354206 ], [ 17.85284647, 48.76353703 ], [ 17.852848574787092, 48.763536849985314 ], [ 17.8528464, 48.7635367 ], [ 17.852626481691129, 48.763555225066483 ], [ 17.85262703, 48.76355518 ] ] ], [ [ [ 17.85427031, 48.76342233 ], [ 17.85427849, 48.76342147 ], [ 17.8543839, 48.76341096 ], [ 17.855308728013657, 48.763318467477923 ], [ 17.854270232649966, 48.763421886789956 ], [ 17.85427031, 48.76342233 ] ] ], [ [ [ 17.85567596, 48.7632861 ], [ 17.855732623017694, 48.763276622474017 ], [ 17.8556759, 48.7632857 ], [ 17.855555192853515, 48.763294676892698 ], [ 17.85567596, 48.7632861 ] ] ], [ [ [ 17.85707151, 48.76314572 ], [ 17.8573491, 48.76312981 ], [ 17.85751268, 48.76312046 ], [ 17.85762475, 48.76311117 ], [ 17.85821773, 48.76306186 ], [ 17.85822864, 48.76306098 ], [ 17.85826803, 48.76305767 ], [ 17.85834734, 48.76305118 ], [ 17.85841423, 48.76304357 ], [ 17.85899656, 48.76297745 ], [ 17.859155156039364, 48.762959964284327 ], [ 17.8589966, 48.7629774 ], [ 17.8583474, 48.763051 ], [ 17.8575127, 48.7631202 ], [ 17.8570716, 48.7631455 ], [ 17.856693956566676, 48.763181258316607 ], [ 17.85707151, 48.76314572 ] ] ], [ [ [ 17.86153143, 48.76385891 ], [ 17.86156067, 48.7638875 ], [ 17.86394287, 48.76621616 ], [ 17.867250687603114, 48.769449148031228 ], [ 17.863943, 48.7662158 ], [ 17.861529731675393, 48.76385723298155 ], [ 17.86153143, 48.76385891 ] ] ], [ [ [ 17.8676194, 48.77288299 ], [ 17.867340957028151, 48.772866716448647 ], [ 17.8676192, 48.7728835 ], [ 17.868418961945359, 48.772929603775715 ], [ 17.8676194, 48.77288299 ] ] ], [ [ [ 17.86496567, 48.772728 ], [ 17.86480818, 48.77271885 ], [ 17.86476128, 48.77271611 ], [ 17.86463469, 48.77270874 ], [ 17.8645718, 48.77270512 ], [ 17.8645569, 48.77270422 ], [ 17.864539, 48.77270323 ], [ 17.86452951, 48.77270266 ], [ 17.86446148, 48.77269864 ], [ 17.86445782, 48.77269842 ], [ 17.86435238, 48.77269223 ], [ 17.86414799, 48.77268034 ], [ 17.86411533, 48.77267845 ], [ 17.86401463, 48.77267255 ], [ 17.86394362, 48.77266835 ], [ 17.86373923, 48.77265646 ], [ 17.86367105, 48.77265252 ], [ 17.86357388, 48.77264683 ], [ 17.86347684, 48.77264115 ], [ 17.863476745440721, 48.772641308514039 ], [ 17.8647612, 48.7727165 ], [ 17.865018867594159, 48.772731118246298 ], [ 17.86496567, 48.772728 ] ] ], [ [ [ 17.86331429, 48.77291364 ], [ 17.86326023, 48.7730042 ], [ 17.86327328, 48.77305114 ], [ 17.86328833, 48.77310533 ], [ 17.86330299, 48.77315841 ], [ 17.86352573, 48.77396062 ], [ 17.86355282, 48.77405816 ], [ 17.86355753036576, 48.774075109846947 ], [ 17.8632604, 48.7730041 ], [ 17.863330758339462, 48.772886033369304 ], [ 17.86331429, 48.77291364 ] ] ], [ [ [ 17.86357816, 48.77414964 ], [ 17.863585753663749, 48.774176841051634 ], [ 17.863575720433349, 48.774140676156385 ], [ 17.86357816, 48.77414964 ] ] ], [ [ [ 17.86387897, 48.77512841 ], [ 17.86406027, 48.77566613 ], [ 17.8640906, 48.7757561 ], [ 17.864288809109947, 48.776983084933654 ], [ 17.8640908, 48.7757555 ], [ 17.8638791, 48.7751287 ], [ 17.863851694432373, 48.775051256517763 ], [ 17.86387897, 48.77512841 ] ] ] ] } },
{ "type": "Feature", "properties": { "@featureType": "CadastralZoning", "beginLifespanVersion": { "@nilReason": "http://inspire.ec.europa.eu/codelist/VoidReasonValue/Unpopulated", "@nil": "true" }, "endLifespanVersion": { "@nilReason": "http://inspire.ec.europa.eu/codelist/VoidReasonValue/Unpopulated", "@nil": "true" }, "estimatedAccuracy": { "value": -1, "@uom": "m" }, "inspireId": { "@dataType": "Identifier", "localId": "864404", "namespace": "SK.ESKN.CP", "versionId": "20260703T04:07:40" }, "label": "Trenčianske Bohuslavice", "level": { "@href": "http://inspire.ec.europa.eu/codelist/CadastralZoningLevelValue/3rdOrder" }, "levelName": { "value": "Katastrálne územie", "@locale": "sk" }, "name_1": { "@dataType": "name", "GeographicalName": { "@dataType": "GeographicalName", "language": "SLK", "nativeness": { "@href": "http://inspire.ec.europa.eu/codelist/NativenessValue/endonym", "@title": "endonym" }, "nameStatus": { "@href": "http://inspire.ec.europa.eu/codelist/NameStatusValue/official", "@title": "official" }, "sourceOfName": { "@nilReason": "http://inspire.ec.europa.eu/codelist/VoidReasonValue/Unpopulated", "@nil": "true" }, "pronunciation": { "@dataType": "pronunciation", "@nilReason": "http://inspire.ec.europa.eu/codelist/VoidReasonValue/Unpopulated", "@nil": "true" }, "spelling": { "@dataType": "SpellingOfName", "text": "Trenčianske Bohuslavice", "script": "LATN" } } }, "nationalCadastalZoningReference": "864404", "validFrom": "2026-06-30T16:00:00Z", "validTo": { "@nilReason": "http://inspire.ec.europa.eu/codelist/VoidReasonValue/Unpopulated", "@nil": "true" }, "place_id": 419243357, "osm_type": "relation", "osm_id": 1538747, "place_rank": 22, "category": "place", "type": "cadastral_community", "importance": 0.10672402456702523, "addresstype": "cadastral_community", "name_2": "Nové Mesto nad Váhom", "display_name": "Nové Mesto nad Váhom, okres Nové Mesto nad Váhom, Trenčiansky kraj, 915 01, Slovensko" }, "geometry": { "type": "MultiPolygon", "coordinates": [ [ [ [ 17.86126809, 48.78076712 ], [ 17.86126074, 48.78077382 ], [ 17.86121674, 48.78081432 ], [ 17.8612025, 48.78082737 ], [ 17.86116634, 48.78086059 ], [ 17.86115506, 48.78087101 ], [ 17.86114848, 48.780881 ], [ 17.86113039, 48.78090809 ], [ 17.86112332, 48.78091868 ], [ 17.86111746, 48.78092744 ], [ 17.86110816, 48.78094133 ], [ 17.861091615386975, 48.780966341168032 ], [ 17.8611549, 48.7808715 ], [ 17.86130794021129, 48.780730621611319 ], [ 17.86126809, 48.78076712 ] ] ], [ [ [ 17.86108088, 48.78098249 ], [ 17.86106235, 48.78104829 ], [ 17.86104942, 48.78109438 ], [ 17.86100513, 48.78125254 ], [ 17.86025923, 48.78168755 ], [ 17.860200256288149, 48.781705076225883 ], [ 17.8602592, 48.7816876 ], [ 17.8607646, 48.7813931 ], [ 17.8610051, 48.781253 ], [ 17.861081069161191, 48.780982209924126 ], [ 17.86108088, 48.78098249 ] ] ], [ [ [ 17.85958546, 48.78180371 ], [ 17.859068600909193, 48.782014635691205 ], [ 17.8595854, 48.7818039 ], [ 17.859684765416755, 48.781813000412413 ], [ 17.85958546, 48.78180371 ] ] ], [ [ [ 17.85821453, 48.78257617 ], [ 17.85817978, 48.78289737 ], [ 17.85807325, 48.78317739 ], [ 17.857921171723998, 48.783355220259089 ], [ 17.8580732, 48.7831777 ], [ 17.8581798, 48.7828974 ], [ 17.8582146, 48.7825766 ], [ 17.858392659823654, 48.782414891925299 ], [ 17.85821453, 48.78257617 ] ] ], [ [ [ 17.85703766, 48.78450537 ], [ 17.857020545628401, 48.784504265846991 ], [ 17.8570536, 48.7845069 ], [ 17.857053760594798, 48.784506438711936 ], [ 17.85703766, 48.78450537 ] ] ], [ [ [ 17.85693707, 48.78449758 ], [ 17.856772574498358, 48.784472365097891 ], [ 17.8569369, 48.7844976 ], [ 17.856941365081081, 48.784497955829082 ], [ 17.85693707, 48.78449758 ] ] ], [ [ [ 17.8555995, 48.78440037 ], [ 17.85504281, 48.78440194 ], [ 17.85504292956908, 48.784402199930291 ], [ 17.8552974, 48.7844016 ], [ 17.8555996, 48.7844009 ], [ 17.855604342826588, 48.784365076522597 ], [ 17.8555995, 48.78440037 ] ] ], [ [ [ 17.85522175, 48.78618813 ], [ 17.85522211804156, 48.786237575583471 ], [ 17.855219554254361, 48.785855176861858 ], [ 17.85522175, 48.78618813 ] ] ], [ [ [ 17.855247881331518, 48.78686451317089 ], [ 17.8552478, 48.7868642 ], [ 17.855172718158915, 48.786766083496417 ], [ 17.855247881331518, 48.78686451317089 ] ] ], [ [ [ 17.85524519, 48.78739084 ], [ 17.854624284357037, 48.787556189412882 ], [ 17.8553756, 48.7873563 ], [ 17.85537558101429, 48.787356226894616 ], [ 17.85524519, 48.78739084 ] ] ], [ [ [ 17.85099537, 48.7877212 ], [ 17.85055571, 48.78754649 ], [ 17.850368237700842, 48.787653996566874 ], [ 17.8505556, 48.7875468 ], [ 17.8509952, 48.7877212 ], [ 17.851022246212221, 48.787726837497125 ], [ 17.85099537, 48.7877212 ] ] ], [ [ [ 17.84957377, 48.78809766 ], [ 17.848595326917163, 48.788953270006814 ], [ 17.8495739, 48.7880981 ], [ 17.849853543810056, 48.787943943885573 ], [ 17.84957377, 48.78809766 ] ] ], [ [ [ 17.84807398, 48.78965235 ], [ 17.84729466, 48.79039178 ], [ 17.847220983935063, 48.79046869609239 ], [ 17.8472947, 48.7903918 ], [ 17.8480742, 48.7896522 ], [ 17.848391626873941, 48.789210474592515 ], [ 17.84807398, 48.78965235 ] ] ], [ [ [ 17.8462269, 48.79152574 ], [ 17.846226867913671, 48.791525925087818 ], [ 17.84629912722804, 48.791446219447892 ], [ 17.8462269, 48.79152574 ] ] ] ] } }
]
}
