{
"type": "FeatureCollection",
"name": "gis",
"crs": { "type": "name", "properties": { "name": "urn:ogc:def:crs:OGC:1.3:CRS84" } },
"features": [
{ "type": "Feature", "properties": { "@featureType": "CadastralParcel", "areaValue": { "value": 19602, "@uom": "m2" }, "beginLifespanVersion": { "@nilReason": "http://inspire.ec.europa.eu/codelist/VoidReasonValue/Unpopulated", "@nil": "true" }, "endLifespanVersion": { "@nilReason": "http://inspire.ec.europa.eu/codelist/VoidReasonValue/Unpopulated", "@nil": "true" }, "inspireId": { "@dataType": "Identifier", "localId": "805343_2737/101.C", "namespace": "SK.ESKN.CP", "versionId": "20261005T06:10:54" }, "label": "2737/101", "nationalCadastralReference": "805343_2737/101.C", "referencePoint": { "type": "Point", "coordinates": [ 17.20589594, 48.1902882 ] }, "validFrom": "2026-09-30T16:00:00Z", "validTo": { "@nilReason": "http://inspire.ec.europa.eu/codelist/VoidReasonValue/Unpopulated", "@nil": "true" }, "administrativeUnit": { "@href": "#auAdmUnitS.2397" } }, "geometry": { "type": "Polygon", "coordinates": [ [ [ 17.20751697, 48.19057964 ], [ 17.20764157, 48.1905906 ], [ 17.20775125, 48.1906002 ], [ 17.20793778, 48.19061647 ], [ 17.20809548, 48.19063028 ], [ 17.20810709, 48.19063132 ], [ 17.20826747, 48.19064531 ], [ 17.20843252, 48.19065969 ], [ 17.20860811, 48.19067506 ], [ 17.20896756, 48.19070642 ], [ 17.2091701, 48.19072413 ], [ 17.20938651, 48.19074304 ], [ 17.20957198, 48.19075924 ], [ 17.20983976, 48.19078176 ], [ 17.20996351, 48.19079211 ], [ 17.20989494, 48.19075897 ], [ 17.20974924, 48.1906884 ], [ 17.20964018, 48.19063582 ], [ 17.20956604, 48.19060013 ], [ 17.20948573, 48.19056141 ], [ 17.20935052, 48.19048584 ], [ 17.20883379, 48.19047035 ], [ 17.20818752, 48.19043886 ], [ 17.20763575, 48.19039381 ], [ 17.20764082, 48.19026147 ], [ 17.20671118, 48.19025024 ], [ 17.20582902, 48.19022076 ], [ 17.2051033, 48.19016388 ], [ 17.20480236, 48.19014437 ], [ 17.20476843, 48.18993675 ], [ 17.20458095, 48.18994942 ], [ 17.20440563, 48.18995576 ], [ 17.20434107, 48.18995812 ], [ 17.20426604, 48.18996088 ], [ 17.20394566, 48.18995479 ], [ 17.20344888, 48.1899388 ], [ 17.20340433, 48.18993573 ], [ 17.20315657, 48.18991851 ], [ 17.20306494, 48.1899121 ], [ 17.20267577, 48.18988424 ], [ 17.20266642, 48.18988352 ], [ 17.20260194, 48.18987903 ], [ 17.20245719, 48.18986897 ], [ 17.20233921, 48.18986071 ], [ 17.20227179, 48.18985602 ], [ 17.20222433, 48.18985338 ], [ 17.20199085, 48.18984019 ], [ 17.20197853, 48.18984027 ], [ 17.20192688, 48.18984042 ], [ 17.2017423, 48.18983005 ], [ 17.2016206, 48.18982317 ], [ 17.20150425, 48.18981664 ], [ 17.20146524, 48.18981448 ], [ 17.20129528, 48.18980672 ], [ 17.20111109, 48.18979827 ], [ 17.20109644, 48.18979774 ], [ 17.20087815, 48.18979044 ], [ 17.20078993, 48.18978743 ], [ 17.20066043, 48.18988043 ], [ 17.20062494, 48.18990716 ], [ 17.20050688, 48.18999596 ], [ 17.20047078, 48.1900231 ], [ 17.20195052, 48.19011668 ], [ 17.20249383, 48.19015866 ], [ 17.20259994, 48.19016676 ], [ 17.20264907, 48.19017086 ], [ 17.20270987, 48.19017556 ], [ 17.20294306, 48.19019344 ], [ 17.20318493, 48.19021207 ], [ 17.20342373, 48.19023041 ], [ 17.20364329, 48.19024727 ], [ 17.20379055, 48.19025858 ], [ 17.20399405, 48.19027527 ], [ 17.20431013, 48.19030113 ], [ 17.20435793, 48.19030505 ], [ 17.2048341, 48.19034587 ], [ 17.20488722, 48.19035042 ], [ 17.20495301, 48.19035609 ], [ 17.2050611, 48.1903654 ], [ 17.20530306, 48.19038612 ], [ 17.20554541, 48.19040695 ], [ 17.20569529, 48.19041978 ], [ 17.2057779, 48.19042685 ], [ 17.20585474, 48.19043361 ], [ 17.2061532, 48.19045982 ], [ 17.2062514, 48.19046838 ], [ 17.20634465, 48.19047661 ], [ 17.20635652, 48.19047768 ], [ 17.20644485, 48.1904854 ], [ 17.20645859, 48.19048659 ], [ 17.20655625, 48.1904952 ], [ 17.20676999, 48.19051393 ], [ 17.20694942, 48.19052974 ], [ 17.20712859, 48.19054552 ], [ 17.20726149, 48.19055712 ], [ 17.20739182, 48.19056865 ], [ 17.20751697, 48.19057964 ] ] ] } },
{ "type": "Feature", "properties": { "@featureType": "CadastralParcel", "areaValue": { "value": 80321, "@uom": "m2" }, "beginLifespanVersion": { "@nilReason": "http://inspire.ec.europa.eu/codelist/VoidReasonValue/Unpopulated", "@nil": "true" }, "endLifespanVersion": { "@nilReason": "http://inspire.ec.europa.eu/codelist/VoidReasonValue/Unpopulated", "@nil": "true" }, "inspireId": { "@dataType": "Identifier", "localId": "805343_2737/3.C", "namespace": "SK.ESKN.CP", "versionId": "20261005T06:10:54" }, "label": "2737/3", "nationalCadastralReference": "805343_2737/3.C", "referencePoint": { "type": "Point", "coordinates": [ 17.20678092, 48.19010017 ] }, "validFrom": "2026-09-30T16:00:00Z", "validTo": { "@nilReason": "http://inspire.ec.europa.eu/codelist/VoidReasonValue/Unpopulated", "@nil": "true" }, "administrativeUnit": { "@href": "#auAdmUnitS.2397" } }, "geometry": { "type": "Polygon", "coordinates": [ [ [ 17.21022839, 48.19043376 ], [ 17.21044104, 48.19053565 ], [ 17.21078674, 48.19055687 ], [ 17.21082455, 48.19056437 ], [ 17.21087306, 48.19058072 ], [ 17.21091503, 48.19060287 ], [ 17.21094954, 48.19062967 ], [ 17.21095093, 48.19067188 ], [ 17.21100599, 48.19072853 ], [ 17.21103598, 48.19075936 ], [ 17.21112089, 48.19084684 ], [ 17.21117298, 48.19087002 ], [ 17.21123837, 48.19089916 ], [ 17.21135678, 48.19090907 ], [ 17.2116474, 48.19093347 ], [ 17.2128313, 48.19103866 ], [ 17.2129048, 48.19104521 ], [ 17.21287865, 48.1910167 ], [ 17.21279472, 48.19092532 ], [ 17.2127628, 48.19090827 ], [ 17.21269795, 48.19087375 ], [ 17.2126063, 48.19082496 ], [ 17.21269166, 48.19073957 ], [ 17.2127804, 48.19065232 ], [ 17.21217806, 48.19036332 ], [ 17.21231452, 48.19024799 ], [ 17.21313822, 48.19069549 ], [ 17.21344478, 48.19085463 ], [ 17.21353879, 48.19090114 ], [ 17.2140317, 48.19097024 ], [ 17.21409513, 48.19080366 ], [ 17.21436123, 48.19089981 ], [ 17.21462867, 48.19098159 ], [ 17.21480318, 48.19101133 ], [ 17.21483313, 48.19098007 ], [ 17.21511508, 48.19101274 ], [ 17.21535436, 48.1910451 ], [ 17.2155878, 48.19107218 ], [ 17.21586996, 48.19109167 ], [ 17.21585623, 48.19107864 ], [ 17.21585065, 48.19107348 ], [ 17.21578477, 48.19096441 ], [ 17.21569373, 48.19087807 ], [ 17.21548301, 48.1907117 ], [ 17.21543264, 48.19067606 ], [ 17.21502518, 48.19041429 ], [ 17.2148291, 48.19032355 ], [ 17.21443383, 48.19014122 ], [ 17.21416475, 48.19001803 ], [ 17.21374855, 48.18985455 ], [ 17.2137402, 48.18985164 ], [ 17.21364342, 48.18981733 ], [ 17.21346573, 48.18975457 ], [ 17.21331984, 48.18970694 ], [ 17.21323928, 48.18968348 ], [ 17.2131354, 48.18965322 ], [ 17.21298377, 48.18961687 ], [ 17.21294559, 48.18960826 ], [ 17.21277093, 48.18956233 ], [ 17.21271826, 48.1895485 ], [ 17.21257545, 48.18951103 ], [ 17.21235046, 48.18945368 ], [ 17.212122, 48.18939963 ], [ 17.21206779, 48.18938797 ], [ 17.21193264, 48.18935895 ], [ 17.21177239, 48.18932781 ], [ 17.21174556, 48.18932466 ], [ 17.2114672, 48.18929159 ], [ 17.21136387, 48.18927934 ], [ 17.21126025, 48.18926907 ], [ 17.21103317, 48.18924647 ], [ 17.2112516, 48.18939285 ], [ 17.21173118, 48.18963316 ], [ 17.2120597, 48.18976919 ], [ 17.21250577, 48.18996884 ], [ 17.21247375, 48.19005094 ], [ 17.2118954, 48.1897977 ], [ 17.21167235, 48.18971021 ], [ 17.21142036, 48.18959846 ], [ 17.21094961, 48.18934609 ], [ 17.21078693, 48.18922277 ], [ 17.210617, 48.18920671 ], [ 17.21055073, 48.18920155 ], [ 17.21033931, 48.18918542 ], [ 17.21054691, 48.18932376 ], [ 17.21079776, 48.18949554 ], [ 17.21125398, 48.18973664 ], [ 17.21139918, 48.189806 ], [ 17.21169875, 48.18993766 ], [ 17.21230097, 48.19019041 ], [ 17.21212151, 48.19034553 ], [ 17.21103456, 48.1898607 ], [ 17.21061806, 48.18964241 ], [ 17.21046504, 48.18953312 ], [ 17.21032744, 48.1894283 ], [ 17.21001425, 48.18918085 ], [ 17.20996875, 48.18918142 ], [ 17.2099066, 48.18918305 ], [ 17.20985608, 48.18918464 ], [ 17.20962168, 48.18919201 ], [ 17.20937928, 48.18920951 ], [ 17.20907775, 48.18923733 ], [ 17.20876882, 48.18926583 ], [ 17.20857841, 48.18928274 ], [ 17.20815306, 48.1893377 ], [ 17.2080869, 48.18934629 ], [ 17.20793777, 48.18936551 ], [ 17.2076915, 48.18940977 ], [ 17.20758913, 48.18942813 ], [ 17.20739279, 48.18946841 ], [ 17.20678868, 48.18962773 ], [ 17.20640977, 48.1897083 ], [ 17.20612581, 48.18976504 ], [ 17.20609476, 48.18977019 ], [ 17.20588882, 48.18980413 ], [ 17.20585805, 48.18980921 ], [ 17.20584059, 48.18981211 ], [ 17.20568423, 48.18983716 ], [ 17.20545179, 48.18986752 ], [ 17.20506312, 48.18991219 ], [ 17.20486129, 48.1899304 ], [ 17.20476843, 48.18993675 ], [ 17.20480236, 48.19014437 ], [ 17.2051033, 48.19016388 ], [ 17.20582902, 48.19022076 ], [ 17.20671118, 48.19025024 ], [ 17.20764082, 48.19026147 ], [ 17.20763575, 48.19039381 ], [ 17.20818752, 48.19043886 ], [ 17.20883379, 48.19047035 ], [ 17.20935052, 48.19048584 ], [ 17.20925522, 48.19043256 ], [ 17.20893183, 48.19023514 ], [ 17.2087207, 48.19006257 ], [ 17.20857224, 48.18992195 ], [ 17.20844313, 48.18976771 ], [ 17.20850674, 48.18971656 ], [ 17.20856377, 48.18965521 ], [ 17.20854025, 48.18938783 ], [ 17.20857419, 48.18938775 ], [ 17.20858831, 48.18949751 ], [ 17.20862623, 48.18969844 ], [ 17.20874176, 48.18986225 ], [ 17.20885071, 48.1899724 ], [ 17.20905969, 48.19015485 ], [ 17.20937477, 48.19036256 ], [ 17.20960854, 48.19049497 ], [ 17.21013781, 48.19051699 ], [ 17.21032251, 48.19052835 ], [ 17.21020955, 48.19047299 ], [ 17.20993398, 48.1903263 ], [ 17.20968564, 48.19018018 ], [ 17.20941655, 48.1899957 ], [ 17.20934727, 48.18993837 ], [ 17.20914978, 48.18975687 ], [ 17.2090696, 48.18966311 ], [ 17.20912896, 48.18965931 ], [ 17.20919261, 48.18973623 ], [ 17.20940452, 48.18992792 ], [ 17.20950032, 48.19000049 ], [ 17.20970956, 48.19013776 ], [ 17.20996257, 48.19029062 ], [ 17.21022839, 48.19043376 ] ] ] } },
{ "type": "Feature", "properties": { "@featureType": "CadastralParcel", "areaValue": { "value": 1045, "@uom": "m2" }, "beginLifespanVersion": { "@nilReason": "http://inspire.ec.europa.eu/codelist/VoidReasonValue/Unpopulated", "@nil": "true" }, "endLifespanVersion": { "@nilReason": "http://inspire.ec.europa.eu/codelist/VoidReasonValue/Unpopulated", "@nil": "true" }, "inspireId": { "@dataType": "Identifier", "localId": "805343_1999/20.C", "namespace": "SK.ESKN.CP", "versionId": "20261005T06:10:54" }, "label": "1999/20", "nationalCadastralReference": "805343_1999/20.C", "referencePoint": { "type": "Point", "coordinates": [ 17.22355582, 48.19143174 ] }, "validFrom": "2026-09-30T16:00:00Z", "validTo": { "@nilReason": "http://inspire.ec.europa.eu/codelist/VoidReasonValue/Unpopulated", "@nil": "true" }, "administrativeUnit": { "@href": "#auAdmUnitS.2397" } }, "geometry": { "type": "Polygon", "coordinates": [ [ [ 17.22439738, 48.19144724 ], [ 17.22387888, 48.19142004 ], [ 17.22340472, 48.19139462 ], [ 17.22296044, 48.19137002 ], [ 17.22251646, 48.19134525 ], [ 17.22244554, 48.19134133 ], [ 17.22239388, 48.19140304 ], [ 17.22246506, 48.19140707 ], [ 17.22275983, 48.1914245 ], [ 17.22282685, 48.19142825 ], [ 17.2228945, 48.19142689 ], [ 17.22309263, 48.19143524 ], [ 17.22316305, 48.19143886 ], [ 17.22322995, 48.1914435 ], [ 17.22336358, 48.19145378 ], [ 17.22349729, 48.19146352 ], [ 17.22358596, 48.19146899 ], [ 17.22363122, 48.19147183 ], [ 17.22369863, 48.19147299 ], [ 17.2237652, 48.19147978 ], [ 17.22383165, 48.19148829 ], [ 17.22389881, 48.19149114 ], [ 17.22396625, 48.19149122 ], [ 17.22398073, 48.191492 ], [ 17.22416659, 48.19150287 ], [ 17.22423277, 48.19150774 ], [ 17.2242988, 48.19151541 ], [ 17.22434021, 48.191516 ], [ 17.22439467, 48.19147445 ], [ 17.22439738, 48.19144724 ] ] ] } },
{ "type": "Feature", "properties": { "@featureType": "CadastralParcel", "areaValue": { "value": 1908, "@uom": "m2" }, "beginLifespanVersion": { "@nilReason": "http://inspire.ec.europa.eu/codelist/VoidReasonValue/Unpopulated", "@nil": "true" }, "endLifespanVersion": { "@nilReason": "http://inspire.ec.europa.eu/codelist/VoidReasonValue/Unpopulated", "@nil": "true" }, "inspireId": { "@dataType": "Identifier", "localId": "805343_1999/1.C", "namespace": "SK.ESKN.CP", "versionId": "20261005T06:10:54" }, "label": "1999/1", "nationalCadastralReference": "805343_1999/1.C", "referencePoint": { "type": "Point", "coordinates": [ 17.22025741, 48.19126768 ] }, "validFrom": "2026-09-30T16:00:00Z", "validTo": { "@nilReason": "http://inspire.ec.europa.eu/codelist/VoidReasonValue/Unpopulated", "@nil": "true" }, "administrativeUnit": { "@href": "#auAdmUnitS.2397" } }, "geometry": { "type": "Polygon", "coordinates": [ [ [ 17.22166254, 48.19129862 ], [ 17.22143364, 48.19128632 ], [ 17.22076877, 48.19124905 ], [ 17.22015765, 48.19121573 ], [ 17.21942935, 48.19117594 ], [ 17.21940944, 48.19129202 ], [ 17.21970145, 48.19131342 ], [ 17.22003605, 48.19133207 ], [ 17.22037162, 48.19134147 ], [ 17.22067142, 48.1913623 ], [ 17.22067398, 48.19133708 ], [ 17.22067595, 48.19131841 ], [ 17.22077227, 48.19132331 ], [ 17.22080997, 48.19132519 ], [ 17.22094422, 48.19133045 ], [ 17.22101166, 48.19133053 ], [ 17.22107872, 48.19133311 ], [ 17.2211613, 48.19133772 ], [ 17.22121272, 48.19134097 ], [ 17.22148103, 48.19135455 ], [ 17.2215921, 48.19135935 ], [ 17.22168217, 48.19136446 ], [ 17.22181631, 48.19137134 ], [ 17.22207245, 48.19138583 ], [ 17.22166254, 48.19129862 ] ] ] } },
{ "type": "Feature", "properties": { "@featureType": "CadastralParcel", "areaValue": { "value": 670, "@uom": "m2" }, "beginLifespanVersion": { "@nilReason": "http://inspire.ec.europa.eu/codelist/VoidReasonValue/Unpopulated", "@nil": "true" }, "endLifespanVersion": { "@nilReason": "http://inspire.ec.europa.eu/codelist/VoidReasonValue/Unpopulated", "@nil": "true" }, "inspireId": { "@dataType": "Identifier", "localId": "805343_2033/71.C", "namespace": "SK.ESKN.CP", "versionId": "20261005T06:10:54" }, "label": "2033/71", "nationalCadastralReference": "805343_2033/71.C", "referencePoint": { "type": "Point", "coordinates": [ 17.19993267, 48.18958887 ] }, "validFrom": "2026-09-30T16:00:00Z", "validTo": { "@nilReason": "http://inspire.ec.europa.eu/codelist/VoidReasonValue/Unpopulated", "@nil": "true" }, "administrativeUnit": { "@href": "#auAdmUnitS.2397" } }, "geometry": { "type": "Polygon", "coordinates": [ [ [ 17.19992726, 48.18959905 ], [ 17.19991385, 48.18964072 ], [ 17.1999006, 48.18964706 ], [ 17.19975768, 48.18966451 ], [ 17.19966571, 48.18967571 ], [ 17.19964025, 48.18967879 ], [ 17.19959294, 48.1896815 ], [ 17.19943549, 48.18969038 ], [ 17.1993057, 48.18969778 ], [ 17.19928707, 48.18969852 ], [ 17.19920779, 48.1897017 ], [ 17.19912648, 48.18970493 ], [ 17.19912249, 48.18973422 ], [ 17.19919579, 48.1897385 ], [ 17.19927337, 48.18974306 ], [ 17.19941593, 48.18975144 ], [ 17.19956707, 48.1897603 ], [ 17.1996385, 48.18976445 ], [ 17.19972345, 48.18976941 ], [ 17.19987071, 48.18977801 ], [ 17.19998353, 48.18978467 ], [ 17.20002717, 48.18960881 ], [ 17.19997609, 48.1895997 ], [ 17.19993247, 48.1895787 ], [ 17.19991406, 48.18956987 ], [ 17.1998868, 48.18954337 ], [ 17.19987167, 48.18951534 ], [ 17.19986736, 48.18949363 ], [ 17.19987501, 48.18946242 ], [ 17.19991104, 48.18937616 ], [ 17.19985593, 48.1894427 ], [ 17.19985151, 48.18946048 ], [ 17.19984611, 48.1894866 ], [ 17.19985133, 48.18952211 ], [ 17.19986508, 48.18954852 ], [ 17.1998875, 48.18957298 ], [ 17.19992726, 48.18959905 ] ] ] } },
{ "type": "Feature", "properties": { "@featureType": "CadastralParcel", "areaValue": { "value": 627, "@uom": "m2" }, "beginLifespanVersion": { "@nilReason": "http://inspire.ec.europa.eu/codelist/VoidReasonValue/Unpopulated", "@nil": "true" }, "endLifespanVersion": { "@nilReason": "http://inspire.ec.europa.eu/codelist/VoidReasonValue/Unpopulated", "@nil": "true" }, "inspireId": { "@dataType": "Identifier", "localId": "805343_2033/2.C", "namespace": "SK.ESKN.CP", "versionId": "20261005T06:10:54" }, "label": "2033/2", "nationalCadastralReference": "805343_2033/2.C", "referencePoint": { "type": "Point", "coordinates": [ 17.20219758, 48.1897046 ] }, "validFrom": "2026-09-30T16:00:00Z", "validTo": { "@nilReason": "http://inspire.ec.europa.eu/codelist/VoidReasonValue/Unpopulated", "@nil": "true" }, "administrativeUnit": { "@href": "#auAdmUnitS.2397" } }, "geometry": { "type": "Polygon", "coordinates": [ [ [ 17.20197853, 48.18984027 ], [ 17.20199085, 48.18984019 ], [ 17.20222433, 48.18985338 ], [ 17.20242628, 48.189569 ], [ 17.20216341, 48.18955077 ], [ 17.20197853, 48.18984027 ] ] ] } },
{ "type": "Feature", "properties": { "@featureType": "CadastralParcel", "areaValue": { "value": 100, "@uom": "m2" }, "beginLifespanVersion": { "@nilReason": "http://inspire.ec.europa.eu/codelist/VoidReasonValue/Unpopulated", "@nil": "true" }, "endLifespanVersion": { "@nilReason": "http://inspire.ec.europa.eu/codelist/VoidReasonValue/Unpopulated", "@nil": "true" }, "inspireId": { "@dataType": "Identifier", "localId": "805343_1999/10.C", "namespace": "SK.ESKN.CP", "versionId": "20261005T06:10:54" }, "label": "1999/10", "nationalCadastralReference": "805343_1999/10.C", "referencePoint": { "type": "Point", "coordinates": [ 17.21816978, 48.19124954 ] }, "validFrom": "2026-09-30T16:00:00Z", "validTo": { "@nilReason": "http://inspire.ec.europa.eu/codelist/VoidReasonValue/Unpopulated", "@nil": "true" }, "administrativeUnit": { "@href": "#auAdmUnitS.2397" } }, "geometry": { "type": "Polygon", "coordinates": [ [ [ 17.21799643, 48.19121208 ], [ 17.21812208, 48.19127398 ], [ 17.21830113, 48.19128513 ], [ 17.21834357, 48.19128787 ], [ 17.21821832, 48.19122509 ], [ 17.21802935, 48.19121428 ], [ 17.21799643, 48.19121208 ] ] ] } },
{ "type": "Feature", "properties": { "@featureType": "CadastralParcel", "areaValue": { "value": 101, "@uom": "m2" }, "beginLifespanVersion": { "@nilReason": "http://inspire.ec.europa.eu/codelist/VoidReasonValue/Unpopulated", "@nil": "true" }, "endLifespanVersion": { "@nilReason": "http://inspire.ec.europa.eu/codelist/VoidReasonValue/Unpopulated", "@nil": "true" }, "inspireId": { "@dataType": "Identifier", "localId": "805343_1999/11.C", "namespace": "SK.ESKN.CP", "versionId": "20261005T06:10:54" }, "label": "1999/11", "nationalCadastralReference": "805343_1999/11.C", "referencePoint": { "type": "Point", "coordinates": [ 17.21794769, 48.19123613 ] }, "validFrom": "2026-09-30T16:00:00Z", "validTo": { "@nilReason": "http://inspire.ec.europa.eu/codelist/VoidReasonValue/Unpopulated", "@nil": "true" }, "administrativeUnit": { "@href": "#auAdmUnitS.2397" } }, "geometry": { "type": "Polygon", "coordinates": [ [ [ 17.21777036, 48.19119715 ], [ 17.21789935, 48.19126018 ], [ 17.21812208, 48.19127398 ], [ 17.21799643, 48.19121208 ], [ 17.21777036, 48.19119715 ] ] ] } },
{ "type": "Feature", "properties": { "@featureType": "CadastralParcel", "areaValue": { "value": 253, "@uom": "m2" }, "beginLifespanVersion": { "@nilReason": "http://inspire.ec.europa.eu/codelist/VoidReasonValue/Unpopulated", "@nil": "true" }, "endLifespanVersion": { "@nilReason": "http://inspire.ec.europa.eu/codelist/VoidReasonValue/Unpopulated", "@nil": "true" }, "inspireId": { "@dataType": "Identifier", "localId": "805343_1999/15.C", "namespace": "SK.ESKN.CP", "versionId": "20261005T06:10:54" }, "label": "1999/15", "nationalCadastralReference": "805343_1999/15.C", "referencePoint": { "type": "Point", "coordinates": [ 17.21675622, 48.19115677 ] }, "validFrom": "2026-09-30T16:00:00Z", "validTo": { "@nilReason": "http://inspire.ec.europa.eu/codelist/VoidReasonValue/Unpopulated", "@nil": "true" }, "administrativeUnit": { "@href": "#auAdmUnitS.2397" } }, "geometry": { "type": "Polygon", "coordinates": [ [ [ 17.21632976, 48.19110197 ], [ 17.21646174, 48.19116213 ], [ 17.21675612, 48.19118216 ], [ 17.21714171, 48.19120874 ], [ 17.21715343, 48.19119814 ], [ 17.21705066, 48.19115141 ], [ 17.21702689, 48.19114946 ], [ 17.21669018, 48.19114495 ], [ 17.21635904, 48.19110321 ], [ 17.21632976, 48.19110197 ] ] ] } },
{ "type": "Feature", "properties": { "@featureType": "CadastralParcel", "areaValue": { "value": 101, "@uom": "m2" }, "beginLifespanVersion": { "@nilReason": "http://inspire.ec.europa.eu/codelist/VoidReasonValue/Unpopulated", "@nil": "true" }, "endLifespanVersion": { "@nilReason": "http://inspire.ec.europa.eu/codelist/VoidReasonValue/Unpopulated", "@nil": "true" }, "inspireId": { "@dataType": "Identifier", "localId": "805343_1999/16.C", "namespace": "SK.ESKN.CP", "versionId": "20261005T06:10:54" }, "label": "1999/16", "nationalCadastralReference": "805343_1999/16.C", "referencePoint": { "type": "Point", "coordinates": [ 17.21627082, 48.1911235 ] }, "validFrom": "2026-09-30T16:00:00Z", "validTo": { "@nilReason": "http://inspire.ec.europa.eu/codelist/VoidReasonValue/Unpopulated", "@nil": "true" }, "administrativeUnit": { "@href": "#auAdmUnitS.2397" } }, "geometry": { "type": "Polygon", "coordinates": [ [ [ 17.21609595, 48.19109177 ], [ 17.21621126, 48.19114503 ], [ 17.21646174, 48.19116213 ], [ 17.21632976, 48.19110197 ], [ 17.21609595, 48.19109177 ] ] ] } },
{ "type": "Feature", "properties": { "@featureType": "CadastralParcel", "areaValue": { "value": 99, "@uom": "m2" }, "beginLifespanVersion": { "@nilReason": "http://inspire.ec.europa.eu/codelist/VoidReasonValue/Unpopulated", "@nil": "true" }, "endLifespanVersion": { "@nilReason": "http://inspire.ec.europa.eu/codelist/VoidReasonValue/Unpopulated", "@nil": "true" }, "inspireId": { "@dataType": "Identifier", "localId": "805343_1999/17.C", "namespace": "SK.ESKN.CP", "versionId": "20261005T06:10:54" }, "label": "1999/17", "nationalCadastralReference": "805343_1999/17.C", "referencePoint": { "type": "Point", "coordinates": [ 17.2160091, 48.19110796 ] }, "validFrom": "2026-09-30T16:00:00Z", "validTo": { "@nilReason": "http://inspire.ec.europa.eu/codelist/VoidReasonValue/Unpopulated", "@nil": "true" }, "administrativeUnit": { "@href": "#auAdmUnitS.2397" } }, "geometry": { "type": "Polygon", "coordinates": [ [ [ 17.21585623, 48.19107864 ], [ 17.21586996, 48.19109167 ], [ 17.21590431, 48.19112415 ], [ 17.21621126, 48.19114503 ], [ 17.21609595, 48.19109177 ], [ 17.21602384, 48.19108858 ], [ 17.21585623, 48.19107864 ] ] ] } },
{ "type": "Feature", "properties": { "@featureType": "CadastralParcel", "areaValue": { "value": 2009, "@uom": "m2" }, "beginLifespanVersion": { "@nilReason": "http://inspire.ec.europa.eu/codelist/VoidReasonValue/Unpopulated", "@nil": "true" }, "endLifespanVersion": { "@nilReason": "http://inspire.ec.europa.eu/codelist/VoidReasonValue/Unpopulated", "@nil": "true" }, "inspireId": { "@dataType": "Identifier", "localId": "805343_2030/34.C", "namespace": "SK.ESKN.CP", "versionId": "20261005T06:10:54" }, "label": "2030/34", "nationalCadastralReference": "805343_2030/34.C", "referencePoint": { "type": "Point", "coordinates": [ 17.2147492, 48.19019833 ] }, "validFrom": "2026-09-30T16:00:00Z", "validTo": { "@nilReason": "http://inspire.ec.europa.eu/codelist/VoidReasonValue/Unpopulated", "@nil": "true" }, "administrativeUnit": { "@href": "#auAdmUnitS.2397" } }, "geometry": { "type": "Polygon", "coordinates": [ [ [ 17.21329899, 48.18962674 ], [ 17.21371345, 48.18983801 ], [ 17.2137402, 48.18985164 ], [ 17.21374855, 48.18985455 ], [ 17.21416475, 48.19001803 ], [ 17.21443383, 48.19014122 ], [ 17.2148291, 48.19032355 ], [ 17.21502518, 48.19041429 ], [ 17.21543264, 48.19067606 ], [ 17.21548301, 48.1907117 ], [ 17.21546076, 48.19069503 ], [ 17.21528125, 48.1905414 ], [ 17.21512032, 48.19040357 ], [ 17.2151142, 48.19034595 ], [ 17.21512442, 48.1902577 ], [ 17.21506775, 48.19026792 ], [ 17.21502216, 48.19025005 ], [ 17.2149914, 48.19022983 ], [ 17.21489011, 48.19016684 ], [ 17.2147884, 48.1901031 ], [ 17.21466245, 48.19006224 ], [ 17.21454442, 48.19001449 ], [ 17.21442181, 48.18997394 ], [ 17.21429993, 48.18993388 ], [ 17.21399516, 48.18983877 ], [ 17.21369052, 48.18974366 ], [ 17.2133835, 48.18965182 ], [ 17.21329899, 48.18962674 ] ] ] } },
{ "type": "Feature", "properties": { "@featureType": "CadastralParcel", "areaValue": { "value": 1085, "@uom": "m2" }, "beginLifespanVersion": { "@nilReason": "http://inspire.ec.europa.eu/codelist/VoidReasonValue/Unpopulated", "@nil": "true" }, "endLifespanVersion": { "@nilReason": "http://inspire.ec.europa.eu/codelist/VoidReasonValue/Unpopulated", "@nil": "true" }, "inspireId": { "@dataType": "Identifier", "localId": "805343_1999/3.C", "namespace": "SK.ESKN.CP", "versionId": "20261005T06:10:54" }, "label": "1999/3", "nationalCadastralReference": "805343_1999/3.C", "referencePoint": { "type": "Point", "coordinates": [ 17.21945063, 48.19132736 ] }, "validFrom": "2026-09-30T16:00:00Z", "validTo": { "@nilReason": "http://inspire.ec.europa.eu/codelist/VoidReasonValue/Unpopulated", "@nil": "true" }, "administrativeUnit": { "@href": "#auAdmUnitS.2397" } }, "geometry": { "type": "Polygon", "coordinates": [ [ [ 17.21865029, 48.19130854 ], [ 17.21887365, 48.19132265 ], [ 17.21905793, 48.19133406 ], [ 17.21929979, 48.19134922 ], [ 17.21931025, 48.19134974 ], [ 17.21939862, 48.19135537 ], [ 17.21978835, 48.1913796 ], [ 17.22035822, 48.19140492 ], [ 17.22066554, 48.19141885 ], [ 17.22067142, 48.1913623 ], [ 17.22037162, 48.19134147 ], [ 17.22003605, 48.19133207 ], [ 17.21970145, 48.19131342 ], [ 17.21940944, 48.19129202 ], [ 17.21936763, 48.19128868 ], [ 17.21935583, 48.19128807 ], [ 17.21934631, 48.19128753 ], [ 17.21903299, 48.1912703 ], [ 17.21869836, 48.19125283 ], [ 17.21845058, 48.19123844 ], [ 17.21859571, 48.19130472 ], [ 17.21865029, 48.19130854 ] ] ] } },
{ "type": "Feature", "properties": { "@featureType": "CadastralParcel", "areaValue": { "value": 71, "@uom": "m2" }, "beginLifespanVersion": { "@nilReason": "http://inspire.ec.europa.eu/codelist/VoidReasonValue/Unpopulated", "@nil": "true" }, "endLifespanVersion": { "@nilReason": "http://inspire.ec.europa.eu/codelist/VoidReasonValue/Unpopulated", "@nil": "true" }, "inspireId": { "@dataType": "Identifier", "localId": "805343_2033/57.C", "namespace": "SK.ESKN.CP", "versionId": "20261005T06:10:54" }, "label": "2033/57", "nationalCadastralReference": "805343_2033/57.C", "referencePoint": { "type": "Point", "coordinates": [ 17.20040941, 48.18983727 ] }, "validFrom": "2026-09-30T16:00:00Z", "validTo": { "@nilReason": "http://inspire.ec.europa.eu/codelist/VoidReasonValue/Unpopulated", "@nil": "true" }, "administrativeUnit": { "@href": "#auAdmUnitS.2397" } }, "geometry": { "type": "Polygon", "coordinates": [ [ [ 17.2003188, 48.18985737 ], [ 17.20048366, 48.18986851 ], [ 17.20049987, 48.18981717 ], [ 17.20033518, 48.18980668 ], [ 17.2003188, 48.18985737 ] ] ] } },
{ "type": "Feature", "properties": { "@featureType": "CadastralParcel", "areaValue": { "value": 186, "@uom": "m2" }, "beginLifespanVersion": { "@nilReason": "http://inspire.ec.europa.eu/codelist/VoidReasonValue/Unpopulated", "@nil": "true" }, "endLifespanVersion": { "@nilReason": "http://inspire.ec.europa.eu/codelist/VoidReasonValue/Unpopulated", "@nil": "true" }, "inspireId": { "@dataType": "Identifier", "localId": "805343_23036/41.C", "namespace": "SK.ESKN.CP", "versionId": "20261005T06:10:54" }, "label": "23036/41", "nationalCadastralReference": "805343_23036/41.C", "referencePoint": { "type": "Point", "coordinates": [ 17.22394422, 48.19151989 ] }, "validFrom": "2026-09-30T16:00:00Z", "validTo": { "@nilReason": "http://inspire.ec.europa.eu/codelist/VoidReasonValue/Unpopulated", "@nil": "true" }, "administrativeUnit": { "@href": "#auAdmUnitS.2397" } }, "geometry": { "type": "Polygon", "coordinates": [ [ [ 17.22390387, 48.19154779 ], [ 17.22427814, 48.19156328 ], [ 17.22398073, 48.191492 ], [ 17.22396625, 48.19149122 ], [ 17.22389881, 48.19149114 ], [ 17.22383165, 48.19148829 ], [ 17.2237652, 48.19147978 ], [ 17.22369863, 48.19147299 ], [ 17.22363122, 48.19147183 ], [ 17.22358596, 48.19146899 ], [ 17.22390387, 48.19154779 ] ] ] } },
{ "type": "Feature", "properties": { "@featureType": "CadastralParcel", "areaValue": { "value": 249, "@uom": "m2" }, "beginLifespanVersion": { "@nilReason": "http://inspire.ec.europa.eu/codelist/VoidReasonValue/Unpopulated", "@nil": "true" }, "endLifespanVersion": { "@nilReason": "http://inspire.ec.europa.eu/codelist/VoidReasonValue/Unpopulated", "@nil": "true" }, "inspireId": { "@dataType": "Identifier", "localId": "805343_23036/40.C", "namespace": "SK.ESKN.CP", "versionId": "20261005T06:10:54" }, "label": "23036/40", "nationalCadastralReference": "805343_23036/40.C", "referencePoint": { "type": "Point", "coordinates": [ 17.22357072, 48.19150733 ] }, "validFrom": "2026-09-30T16:00:00Z", "validTo": { "@nilReason": "http://inspire.ec.europa.eu/codelist/VoidReasonValue/Unpopulated", "@nil": "true" }, "administrativeUnit": { "@href": "#auAdmUnitS.2397" } }, "geometry": { "type": "Polygon", "coordinates": [ [ [ 17.22375208, 48.19154145 ], [ 17.22390387, 48.19154779 ], [ 17.22358596, 48.19146899 ], [ 17.22349729, 48.19146352 ], [ 17.22336358, 48.19145378 ], [ 17.22322995, 48.1914435 ], [ 17.22316305, 48.19143886 ], [ 17.22309263, 48.19143524 ], [ 17.22329493, 48.19148173 ], [ 17.22350666, 48.19153293 ], [ 17.22375208, 48.19154145 ] ] ] } },
{ "type": "Feature", "properties": { "@featureType": "CadastralParcel", "areaValue": { "value": 500, "@uom": "m2" }, "beginLifespanVersion": { "@nilReason": "http://inspire.ec.europa.eu/codelist/VoidReasonValue/Unpopulated", "@nil": "true" }, "endLifespanVersion": { "@nilReason": "http://inspire.ec.europa.eu/codelist/VoidReasonValue/Unpopulated", "@nil": "true" }, "inspireId": { "@dataType": "Identifier", "localId": "805343_23036/39.C", "namespace": "SK.ESKN.CP", "versionId": "20261005T06:10:54" }, "label": "23036/39", "nationalCadastralReference": "805343_23036/39.C", "referencePoint": { "type": "Point", "coordinates": [ 17.22286477, 48.19146093 ] }, "validFrom": "2026-09-30T16:00:00Z", "validTo": { "@nilReason": "http://inspire.ec.europa.eu/codelist/VoidReasonValue/Unpopulated", "@nil": "true" }, "administrativeUnit": { "@href": "#auAdmUnitS.2397" } }, "geometry": { "type": "Polygon", "coordinates": [ [ [ 17.22330657, 48.19152598 ], [ 17.22350666, 48.19153293 ], [ 17.22329493, 48.19148173 ], [ 17.22309263, 48.19143524 ], [ 17.2228945, 48.19142689 ], [ 17.22282685, 48.19142825 ], [ 17.22275983, 48.1914245 ], [ 17.22246506, 48.19140707 ], [ 17.22243622, 48.19144175 ], [ 17.22261405, 48.19148011 ], [ 17.22268179, 48.19148363 ], [ 17.22271317, 48.19148528 ], [ 17.22291347, 48.19150444 ], [ 17.22303261, 48.19151583 ], [ 17.22330657, 48.19152598 ] ] ] } },
{ "type": "Feature", "properties": { "@featureType": "CadastralParcel", "areaValue": { "value": 37, "@uom": "m2" }, "beginLifespanVersion": { "@nilReason": "http://inspire.ec.europa.eu/codelist/VoidReasonValue/Unpopulated", "@nil": "true" }, "endLifespanVersion": { "@nilReason": "http://inspire.ec.europa.eu/codelist/VoidReasonValue/Unpopulated", "@nil": "true" }, "inspireId": { "@dataType": "Identifier", "localId": "805343_23036/36.C", "namespace": "SK.ESKN.CP", "versionId": "20261005T06:10:54" }, "label": "23036/36", "nationalCadastralReference": "805343_23036/36.C", "referencePoint": { "type": "Point", "coordinates": [ 17.22240687, 48.19143322 ] }, "validFrom": "2026-09-30T16:00:00Z", "validTo": { "@nilReason": "http://inspire.ec.europa.eu/codelist/VoidReasonValue/Unpopulated", "@nil": "true" }, "administrativeUnit": { "@href": "#auAdmUnitS.2397" } }, "geometry": { "type": "Polygon", "coordinates": [ [ [ 17.22237828, 48.19146771 ], [ 17.22241274, 48.19146956 ], [ 17.22242158, 48.19145921 ], [ 17.22243622, 48.19144175 ], [ 17.22246506, 48.19140707 ], [ 17.22239388, 48.19140304 ], [ 17.22237578, 48.1914247 ], [ 17.22236159, 48.19144734 ], [ 17.22234726, 48.19146726 ], [ 17.22237828, 48.19146771 ] ] ] } },
{ "type": "Feature", "properties": { "@featureType": "CadastralParcel", "areaValue": { "value": 44, "@uom": "m2" }, "beginLifespanVersion": { "@nilReason": "http://inspire.ec.europa.eu/codelist/VoidReasonValue/Unpopulated", "@nil": "true" }, "endLifespanVersion": { "@nilReason": "http://inspire.ec.europa.eu/codelist/VoidReasonValue/Unpopulated", "@nil": "true" }, "inspireId": { "@dataType": "Identifier", "localId": "805343_23036/34.C", "namespace": "SK.ESKN.CP", "versionId": "20261005T06:10:54" }, "label": "23036/34", "nationalCadastralReference": "805343_23036/34.C", "referencePoint": { "type": "Point", "coordinates": [ 17.22224056, 48.19140924 ] }, "validFrom": "2026-09-30T16:00:00Z", "validTo": { "@nilReason": "http://inspire.ec.europa.eu/codelist/VoidReasonValue/Unpopulated", "@nil": "true" }, "administrativeUnit": { "@href": "#auAdmUnitS.2397" } }, "geometry": { "type": "Polygon", "coordinates": [ [ [ 17.22222144, 48.19139379 ], [ 17.22215341, 48.19139042 ], [ 17.22207245, 48.19138583 ], [ 17.22236159, 48.19144734 ], [ 17.22237578, 48.1914247 ], [ 17.22222144, 48.19139379 ] ] ] } },
{ "type": "Feature", "properties": { "@featureType": "CadastralParcel", "areaValue": { "value": 283, "@uom": "m2" }, "beginLifespanVersion": { "@nilReason": "http://inspire.ec.europa.eu/codelist/VoidReasonValue/Unpopulated", "@nil": "true" }, "endLifespanVersion": { "@nilReason": "http://inspire.ec.europa.eu/codelist/VoidReasonValue/Unpopulated", "@nil": "true" }, "inspireId": { "@dataType": "Identifier", "localId": "805343_23036/33.C", "namespace": "SK.ESKN.CP", "versionId": "20261005T06:10:54" }, "label": "23036/33", "nationalCadastralReference": "805343_23036/33.C", "referencePoint": { "type": "Point", "coordinates": [ 17.22202873, 48.19141658 ] }, "validFrom": "2026-09-30T16:00:00Z", "validTo": { "@nilReason": "http://inspire.ec.europa.eu/codelist/VoidReasonValue/Unpopulated", "@nil": "true" }, "administrativeUnit": { "@href": "#auAdmUnitS.2397" } }, "geometry": { "type": "Polygon", "coordinates": [ [ [ 17.22204213, 48.19146306 ], [ 17.22234726, 48.19146726 ], [ 17.22236159, 48.19144734 ], [ 17.22207245, 48.19138583 ], [ 17.22181631, 48.19137134 ], [ 17.22168217, 48.19136446 ], [ 17.2215921, 48.19135935 ], [ 17.22204213, 48.19146306 ] ] ] } },
{ "type": "Feature", "properties": { "@featureType": "CadastralParcel", "areaValue": { "value": 6147, "@uom": "m2" }, "beginLifespanVersion": { "@nilReason": "http://inspire.ec.europa.eu/codelist/VoidReasonValue/Unpopulated", "@nil": "true" }, "endLifespanVersion": { "@nilReason": "http://inspire.ec.europa.eu/codelist/VoidReasonValue/Unpopulated", "@nil": "true" }, "inspireId": { "@dataType": "Identifier", "localId": "805343_2033/182.C", "namespace": "SK.ESKN.CP", "versionId": "20261005T06:10:54" }, "label": "2033/182", "nationalCadastralReference": "805343_2033/182.C", "referencePoint": { "type": "Point", "coordinates": [ 17.20075406, 48.18854585 ] }, "validFrom": "2026-09-30T16:00:00Z", "validTo": { "@nilReason": "http://inspire.ec.europa.eu/codelist/VoidReasonValue/Unpopulated", "@nil": "true" }, "administrativeUnit": { "@href": "#auAdmUnitS.2397" } }, "geometry": { "type": "Polygon", "coordinates": [ [ [ 17.1999714, 48.18983402 ], [ 17.20023703, 48.1898519 ], [ 17.20024963, 48.18980122 ], [ 17.20033518, 48.18980668 ], [ 17.20049987, 48.18981717 ], [ 17.20054578, 48.18966587 ], [ 17.20061355, 48.18943271 ], [ 17.20074534, 48.1890302 ], [ 17.20087914, 48.18855833 ], [ 17.20091366, 48.1884145 ], [ 17.20100709, 48.18811653 ], [ 17.2012975, 48.18723875 ], [ 17.20084659, 48.18734169 ], [ 17.20080348, 48.18742376 ], [ 17.20078722, 48.18746108 ], [ 17.20076662, 48.1876374 ], [ 17.20074049, 48.18774781 ], [ 17.20071858, 48.18785796 ], [ 17.20068423, 48.18808189 ], [ 17.20065485, 48.18830696 ], [ 17.20062769, 48.18853336 ], [ 17.20059666, 48.18875949 ], [ 17.20055532, 48.18898404 ], [ 17.20053786, 48.18917909 ], [ 17.20053506, 48.18920954 ], [ 17.20050506, 48.18953254 ], [ 17.20046239, 48.18958102 ], [ 17.20041601, 48.1896091 ], [ 17.20039748, 48.18961364 ], [ 17.20035567, 48.18962386 ], [ 17.20029303, 48.18962246 ], [ 17.20021738, 48.18961857 ], [ 17.20007251, 48.18961113 ], [ 17.20002717, 48.18960881 ], [ 17.19998353, 48.18978467 ], [ 17.1999714, 48.18983402 ] ] ] } },
{ "type": "Feature", "properties": { "@featureType": "CadastralParcel", "areaValue": { "value": 7508, "@uom": "m2" }, "beginLifespanVersion": { "@nilReason": "http://inspire.ec.europa.eu/codelist/VoidReasonValue/Unpopulated", "@nil": "true" }, "endLifespanVersion": { "@nilReason": "http://inspire.ec.europa.eu/codelist/VoidReasonValue/Unpopulated", "@nil": "true" }, "inspireId": { "@dataType": "Identifier", "localId": "805343_2033/181.C", "namespace": "SK.ESKN.CP", "versionId": "20261005T06:10:54" }, "label": "2033/181", "nationalCadastralReference": "805343_2033/181.C", "referencePoint": { "type": "Point", "coordinates": [ 17.20106014, 48.18851217 ] }, "validFrom": "2026-09-30T16:00:00Z", "validTo": { "@nilReason": "http://inspire.ec.europa.eu/codelist/VoidReasonValue/Unpopulated", "@nil": "true" }, "administrativeUnit": { "@href": "#auAdmUnitS.2397" } }, "geometry": { "type": "Polygon", "coordinates": [ [ [ 17.20049987, 48.18981717 ], [ 17.20060645, 48.18982395 ], [ 17.20061159, 48.18987716 ], [ 17.20066043, 48.18988043 ], [ 17.20078993, 48.18978743 ], [ 17.20087815, 48.18979044 ], [ 17.20097762, 48.18948646 ], [ 17.20108201, 48.18911258 ], [ 17.20124143, 48.188466 ], [ 17.20131486, 48.18816344 ], [ 17.20144086, 48.1877779 ], [ 17.20166332, 48.18715524 ], [ 17.2012975, 48.18723875 ], [ 17.20100709, 48.18811653 ], [ 17.20091366, 48.1884145 ], [ 17.20087914, 48.18855833 ], [ 17.20074534, 48.1890302 ], [ 17.20061355, 48.18943271 ], [ 17.20054578, 48.18966587 ], [ 17.20049987, 48.18981717 ] ] ] } },
{ "type": "Feature", "properties": { "@featureType": "CadastralParcel", "areaValue": { "value": 978, "@uom": "m2" }, "beginLifespanVersion": { "@nilReason": "http://inspire.ec.europa.eu/codelist/VoidReasonValue/Unpopulated", "@nil": "true" }, "endLifespanVersion": { "@nilReason": "http://inspire.ec.europa.eu/codelist/VoidReasonValue/Unpopulated", "@nil": "true" }, "inspireId": { "@dataType": "Identifier", "localId": "805343_1999/2.C", "namespace": "SK.ESKN.CP", "versionId": "20261005T06:10:54" }, "label": "1999/2", "nationalCadastralReference": "805343_1999/2.C", "referencePoint": { "type": "Point", "coordinates": [ 17.21604736, 48.19108361 ] }, "validFrom": "2026-09-30T16:00:00Z", "validTo": { "@nilReason": "http://inspire.ec.europa.eu/codelist/VoidReasonValue/Unpopulated", "@nil": "true" }, "administrativeUnit": { "@href": "#auAdmUnitS.2397" } }, "geometry": { "type": "Polygon", "coordinates": [ [ [ 17.21934873, 48.19128308 ], [ 17.21924937, 48.19124246 ], [ 17.2191764, 48.19123144 ], [ 17.21853462, 48.19119887 ], [ 17.21778252, 48.1911619 ], [ 17.21735265, 48.19114131 ], [ 17.21695873, 48.19112258 ], [ 17.21639919, 48.19109595 ], [ 17.21601268, 48.19107644 ], [ 17.21592792, 48.19106472 ], [ 17.21585979, 48.1910223 ], [ 17.21579529, 48.19096096 ], [ 17.21569373, 48.19087807 ], [ 17.21578477, 48.19096441 ], [ 17.21585065, 48.19107348 ], [ 17.21585623, 48.19107864 ], [ 17.21602384, 48.19108858 ], [ 17.21609595, 48.19109177 ], [ 17.21632976, 48.19110197 ], [ 17.21635904, 48.19110321 ], [ 17.21669018, 48.19114495 ], [ 17.21702689, 48.19114946 ], [ 17.21705066, 48.19115141 ], [ 17.21732213, 48.19117371 ], [ 17.21736017, 48.19117688 ], [ 17.21769526, 48.19119223 ], [ 17.21777036, 48.19119715 ], [ 17.21799643, 48.19121208 ], [ 17.21802935, 48.19121428 ], [ 17.21821832, 48.19122509 ], [ 17.21836387, 48.19123346 ], [ 17.21845058, 48.19123844 ], [ 17.21869836, 48.19125283 ], [ 17.21903299, 48.1912703 ], [ 17.21934631, 48.19128753 ], [ 17.21934873, 48.19128308 ] ] ] } },
{ "type": "Feature", "properties": { "@featureType": "CadastralParcel", "areaValue": { "value": 8770, "@uom": "m2" }, "beginLifespanVersion": { "@nilReason": "http://inspire.ec.europa.eu/codelist/VoidReasonValue/Unpopulated", "@nil": "true" }, "endLifespanVersion": { "@nilReason": "http://inspire.ec.europa.eu/codelist/VoidReasonValue/Unpopulated", "@nil": "true" }, "inspireId": { "@dataType": "Identifier", "localId": "805343_2002/2.C", "namespace": "SK.ESKN.CP", "versionId": "20261005T06:10:54" }, "label": "2002/2", "nationalCadastralReference": "805343_2002/2.C", "referencePoint": { "type": "Point", "coordinates": [ 17.2155647, 48.18690771 ] }, "validFrom": "2026-09-30T16:00:00Z", "validTo": { "@nilReason": "http://inspire.ec.europa.eu/codelist/VoidReasonValue/Unpopulated", "@nil": "true" }, "administrativeUnit": { "@href": "#auAdmUnitS.2397" } }, "geometry": { "type": "Polygon", "coordinates": [ [ [ 17.21769412, 48.18261065 ], [ 17.21766824, 48.18261561 ], [ 17.21758693, 48.18263159 ], [ 17.21747763, 48.18282764 ], [ 17.21743251, 48.18290163 ], [ 17.21734249, 48.18304827 ], [ 17.21713423, 48.18338647 ], [ 17.21702171, 48.18356965 ], [ 17.21689189, 48.18378087 ], [ 17.21675477, 48.18400561 ], [ 17.21661445, 48.18423556 ], [ 17.21642652, 48.18454439 ], [ 17.21628829, 48.18477113 ], [ 17.21613329, 48.18502685 ], [ 17.21595158, 48.18532119 ], [ 17.21570051, 48.18572594 ], [ 17.21565554, 48.18581431 ], [ 17.21564195, 48.18587088 ], [ 17.21563236, 48.18595583 ], [ 17.21556923, 48.18648576 ], [ 17.21551044, 48.18697486 ], [ 17.21544035, 48.18756216 ], [ 17.21538928, 48.18798878 ], [ 17.21534556, 48.18835904 ], [ 17.21526361, 48.18905726 ], [ 17.21516961, 48.18986865 ], [ 17.21512442, 48.1902577 ], [ 17.2151142, 48.19034595 ], [ 17.21512032, 48.19040357 ], [ 17.21528125, 48.1905414 ], [ 17.21546076, 48.19069503 ], [ 17.21548301, 48.1907117 ], [ 17.21569373, 48.19087807 ], [ 17.21579529, 48.19096096 ], [ 17.21585979, 48.1910223 ], [ 17.21592792, 48.19106472 ], [ 17.21601268, 48.19107644 ], [ 17.21639919, 48.19109595 ], [ 17.21695873, 48.19112258 ], [ 17.21735265, 48.19114131 ], [ 17.21778252, 48.1911619 ], [ 17.21853462, 48.19119887 ], [ 17.2191764, 48.19123144 ], [ 17.21924937, 48.19124246 ], [ 17.21934873, 48.19128308 ], [ 17.21934631, 48.19128753 ], [ 17.21935583, 48.19128807 ], [ 17.21936763, 48.19128868 ], [ 17.21940944, 48.19129202 ], [ 17.21942935, 48.19117594 ], [ 17.21937892, 48.1911733 ], [ 17.21902195, 48.19115424 ], [ 17.21811432, 48.19110427 ], [ 17.2175075, 48.19107204 ], [ 17.21696643, 48.19104302 ], [ 17.21594418, 48.19098763 ], [ 17.21580373, 48.19087196 ], [ 17.21551062, 48.19063274 ], [ 17.21535009, 48.19050045 ], [ 17.21521348, 48.19038982 ], [ 17.21520138, 48.19038124 ], [ 17.21519445, 48.19035529 ], [ 17.21522148, 48.19013558 ], [ 17.21529779, 48.18950675 ], [ 17.21535127, 48.18906402 ], [ 17.21539766, 48.18867596 ], [ 17.21540415, 48.18862352 ], [ 17.21543714, 48.18835576 ], [ 17.21549272, 48.18790441 ], [ 17.21553403, 48.18756481 ], [ 17.21558215, 48.18715246 ], [ 17.21561877, 48.18684056 ], [ 17.21565754, 48.18650621 ], [ 17.21569552, 48.18618519 ], [ 17.21571894, 48.18598602 ], [ 17.21572655, 48.18587997 ], [ 17.21573946, 48.18583158 ], [ 17.21578743, 48.18574395 ], [ 17.21597423, 48.1854355 ], [ 17.21622054, 48.18503088 ], [ 17.21655804, 48.18448187 ], [ 17.21660608, 48.18440184 ], [ 17.21674392, 48.18417769 ], [ 17.21688499, 48.18394635 ], [ 17.21698799, 48.18377988 ], [ 17.21729831, 48.18327967 ], [ 17.21739947, 48.18311462 ], [ 17.21756922, 48.18284416 ], [ 17.21769412, 48.18261065 ] ] ] } },
{ "type": "Feature", "properties": { "@featureType": "CadastralParcel", "areaValue": { "value": 57878, "@uom": "m2" }, "beginLifespanVersion": { "@nilReason": "http://inspire.ec.europa.eu/codelist/VoidReasonValue/Unpopulated", "@nil": "true" }, "endLifespanVersion": { "@nilReason": "http://inspire.ec.europa.eu/codelist/VoidReasonValue/Unpopulated", "@nil": "true" }, "inspireId": { "@dataType": "Identifier", "localId": "805343_2002/1.C", "namespace": "SK.ESKN.CP", "versionId": "20261005T06:10:54" }, "label": "2002/1", "nationalCadastralReference": "805343_2002/1.C", "referencePoint": { "type": "Point", "coordinates": [ 17.2152752, 48.18631868 ] }, "validFrom": "2026-09-30T16:00:00Z", "validTo": { "@nilReason": "http://inspire.ec.europa.eu/codelist/VoidReasonValue/Unpopulated", "@nil": "true" }, "administrativeUnit": { "@href": "#auAdmUnitS.2397" } }, "geometry": { "type": "Polygon", "coordinates": [ [ [ 17.21526361, 48.18905726 ], [ 17.21534556, 48.18835904 ], [ 17.21538928, 48.18798878 ], [ 17.21544035, 48.18756216 ], [ 17.21551044, 48.18697486 ], [ 17.21556923, 48.18648576 ], [ 17.21563236, 48.18595583 ], [ 17.21564195, 48.18587088 ], [ 17.21565554, 48.18581431 ], [ 17.21570051, 48.18572594 ], [ 17.21595158, 48.18532119 ], [ 17.21613329, 48.18502685 ], [ 17.21628829, 48.18477113 ], [ 17.21642652, 48.18454439 ], [ 17.21661445, 48.18423556 ], [ 17.21675477, 48.18400561 ], [ 17.21689189, 48.18378087 ], [ 17.21702171, 48.18356965 ], [ 17.21713423, 48.18338647 ], [ 17.21734249, 48.18304827 ], [ 17.21743251, 48.18290163 ], [ 17.21747763, 48.18282764 ], [ 17.21758693, 48.18263159 ], [ 17.21731926, 48.18268275 ], [ 17.21725355, 48.18268116 ], [ 17.2172008, 48.18286409 ], [ 17.21719145, 48.1828923 ], [ 17.21717993, 48.18292416 ], [ 17.21716923, 48.18294694 ], [ 17.21715758, 48.18296885 ], [ 17.21713779, 48.18300178 ], [ 17.21711096, 48.18304382 ], [ 17.21709289, 48.18306891 ], [ 17.21707381, 48.18309529 ], [ 17.21705354, 48.1831215 ], [ 17.21691143, 48.18329828 ], [ 17.21684028, 48.18338915 ], [ 17.21681089, 48.1834321 ], [ 17.21673703, 48.18354466 ], [ 17.21661094, 48.18373905 ], [ 17.21657411, 48.18379289 ], [ 17.21652982, 48.18385952 ], [ 17.21649375, 48.18391459 ], [ 17.21645373, 48.18397437 ], [ 17.21640768, 48.18404559 ], [ 17.2163672, 48.18410841 ], [ 17.21628865, 48.18423068 ], [ 17.21622349, 48.18433027 ], [ 17.21617732, 48.18440229 ], [ 17.21612789, 48.18447707 ], [ 17.21605133, 48.18460047 ], [ 17.21597284, 48.18472953 ], [ 17.21592305, 48.18481125 ], [ 17.21586916, 48.18490056 ], [ 17.21582365, 48.18497353 ], [ 17.2157481, 48.18509474 ], [ 17.21566653, 48.1852245 ], [ 17.21554644, 48.18541486 ], [ 17.21543292, 48.18559381 ], [ 17.21539028, 48.18566028 ], [ 17.21531169, 48.18578545 ], [ 17.21527614, 48.18584788 ], [ 17.21526015, 48.18587799 ], [ 17.21516632, 48.18602103 ], [ 17.21506823, 48.18616459 ], [ 17.21485429, 48.18647277 ], [ 17.21476218, 48.18661429 ], [ 17.2146407, 48.18679308 ], [ 17.21452116, 48.18698609 ], [ 17.21447123, 48.18706871 ], [ 17.21441449, 48.18716162 ], [ 17.21429494, 48.18731306 ], [ 17.21413724, 48.18748283 ], [ 17.21405288, 48.18755708 ], [ 17.21387335, 48.18772096 ], [ 17.2137717, 48.18782136 ], [ 17.21365169, 48.18797674 ], [ 17.21349219, 48.18824436 ], [ 17.2133664, 48.18845196 ], [ 17.21332075, 48.18854028 ], [ 17.21321657, 48.18877237 ], [ 17.2131798, 48.18889175 ], [ 17.21315344, 48.18916203 ], [ 17.21309873, 48.18936607 ], [ 17.21301691, 48.18954443 ], [ 17.21307535, 48.18956036 ], [ 17.21329899, 48.18962674 ], [ 17.2133835, 48.18965182 ], [ 17.21369052, 48.18974366 ], [ 17.21399516, 48.18983877 ], [ 17.21429993, 48.18993388 ], [ 17.21442181, 48.18997394 ], [ 17.21454442, 48.19001449 ], [ 17.21466245, 48.19006224 ], [ 17.2147884, 48.1901031 ], [ 17.21489011, 48.19016684 ], [ 17.2149914, 48.19022983 ], [ 17.21502216, 48.19025005 ], [ 17.21506775, 48.19026792 ], [ 17.21512442, 48.1902577 ], [ 17.21516961, 48.18986865 ], [ 17.21526361, 48.18905726 ] ] ] } },
{ "type": "Feature", "properties": { "@featureType": "CadastralParcel", "areaValue": { "value": 230, "@uom": "m2" }, "beginLifespanVersion": { "@nilReason": "http://inspire.ec.europa.eu/codelist/VoidReasonValue/Unpopulated", "@nil": "true" }, "endLifespanVersion": { "@nilReason": "http://inspire.ec.europa.eu/codelist/VoidReasonValue/Unpopulated", "@nil": "true" }, "inspireId": { "@dataType": "Identifier", "localId": "805343_23036/32.C", "namespace": "SK.ESKN.CP", "versionId": "20261005T06:10:54" }, "label": "23036/32", "nationalCadastralReference": "805343_23036/32.C", "referencePoint": { "type": "Point", "coordinates": [ 17.22154911, 48.19138782 ] }, "validFrom": "2026-09-30T16:00:00Z", "validTo": { "@nilReason": "http://inspire.ec.europa.eu/codelist/VoidReasonValue/Unpopulated", "@nil": "true" }, "administrativeUnit": { "@href": "#auAdmUnitS.2397" } }, "geometry": { "type": "Polygon", "coordinates": [ [ [ 17.22170915, 48.19142546 ], [ 17.22204213, 48.19146306 ], [ 17.2215921, 48.19135935 ], [ 17.22148103, 48.19135455 ], [ 17.22121272, 48.19134097 ], [ 17.2211613, 48.19133772 ], [ 17.2215083, 48.1914163 ], [ 17.22170915, 48.19142546 ] ] ] } },
{ "type": "Feature", "properties": { "@featureType": "CadastralParcel", "areaValue": { "value": 201, "@uom": "m2" }, "beginLifespanVersion": { "@nilReason": "http://inspire.ec.europa.eu/codelist/VoidReasonValue/Unpopulated", "@nil": "true" }, "endLifespanVersion": { "@nilReason": "http://inspire.ec.europa.eu/codelist/VoidReasonValue/Unpopulated", "@nil": "true" }, "inspireId": { "@dataType": "Identifier", "localId": "805343_23036/31.C", "namespace": "SK.ESKN.CP", "versionId": "20261005T06:10:54" }, "label": "23036/31", "nationalCadastralReference": "805343_23036/31.C", "referencePoint": { "type": "Point", "coordinates": [ 17.2211327, 48.19137082 ] }, "validFrom": "2026-09-30T16:00:00Z", "validTo": { "@nilReason": "http://inspire.ec.europa.eu/codelist/VoidReasonValue/Unpopulated", "@nil": "true" }, "administrativeUnit": { "@href": "#auAdmUnitS.2397" } }, "geometry": { "type": "Polygon", "coordinates": [ [ [ 17.22137419, 48.19141014 ], [ 17.2215083, 48.1914163 ], [ 17.2211613, 48.19133772 ], [ 17.22107872, 48.19133311 ], [ 17.22101166, 48.19133053 ], [ 17.22094422, 48.19133045 ], [ 17.22080997, 48.19132519 ], [ 17.22077227, 48.19132331 ], [ 17.22091112, 48.19136024 ], [ 17.22100474, 48.1913814 ], [ 17.22104026, 48.19138341 ], [ 17.22137419, 48.19141014 ] ] ] } },
{ "type": "Feature", "properties": { "@featureType": "CadastralParcel", "areaValue": { "value": 548, "@uom": "m2" }, "beginLifespanVersion": { "@nilReason": "http://inspire.ec.europa.eu/codelist/VoidReasonValue/Unpopulated", "@nil": "true" }, "endLifespanVersion": { "@nilReason": "http://inspire.ec.europa.eu/codelist/VoidReasonValue/Unpopulated", "@nil": "true" }, "inspireId": { "@dataType": "Identifier", "localId": "805343_23036/23.C", "namespace": "SK.ESKN.CP", "versionId": "20261005T06:10:54" }, "label": "23036/23", "nationalCadastralReference": "805343_23036/23.C", "referencePoint": { "type": "Point", "coordinates": [ 17.22128435, 48.1914269 ] }, "validFrom": "2026-09-30T16:00:00Z", "validTo": { "@nilReason": "http://inspire.ec.europa.eu/codelist/VoidReasonValue/Unpopulated", "@nil": "true" }, "administrativeUnit": { "@href": "#auAdmUnitS.2397" } }, "geometry": { "type": "Polygon", "coordinates": [ [ [ 17.22066554, 48.19141885 ], [ 17.22074382, 48.19142236 ], [ 17.22087945, 48.19142835 ], [ 17.22106959, 48.1914368 ], [ 17.2213001, 48.19144822 ], [ 17.22145763, 48.19145602 ], [ 17.22174954, 48.19147082 ], [ 17.22213719, 48.1914836 ], [ 17.22220525, 48.19148589 ], [ 17.22232989, 48.19149032 ], [ 17.22234726, 48.19146726 ], [ 17.22204213, 48.19146306 ], [ 17.22170915, 48.19142546 ], [ 17.2215083, 48.1914163 ], [ 17.22137419, 48.19141014 ], [ 17.22104026, 48.19138341 ], [ 17.22100474, 48.1913814 ], [ 17.22080594, 48.19137029 ], [ 17.22070567, 48.19136468 ], [ 17.22067142, 48.1913623 ], [ 17.22066554, 48.19141885 ] ] ] } },
{ "type": "Feature", "properties": { "@featureType": "CadastralParcel", "areaValue": { "value": 307, "@uom": "m2" }, "beginLifespanVersion": { "@nilReason": "http://inspire.ec.europa.eu/codelist/VoidReasonValue/Unpopulated", "@nil": "true" }, "endLifespanVersion": { "@nilReason": "http://inspire.ec.europa.eu/codelist/VoidReasonValue/Unpopulated", "@nil": "true" }, "inspireId": { "@dataType": "Identifier", "localId": "805343_23036/16.C", "namespace": "SK.ESKN.CP", "versionId": "20261005T06:10:54" }, "label": "23036/16", "nationalCadastralReference": "805343_23036/16.C", "referencePoint": { "type": "Point", "coordinates": [ 17.22397896, 48.19160724 ] }, "validFrom": "2026-09-30T16:00:00Z", "validTo": { "@nilReason": "http://inspire.ec.europa.eu/codelist/VoidReasonValue/Unpopulated", "@nil": "true" }, "administrativeUnit": { "@href": "#auAdmUnitS.2397" } }, "geometry": { "type": "Polygon", "coordinates": [ [ [ 17.22390387, 48.19154779 ], [ 17.22375208, 48.19154145 ], [ 17.22350666, 48.19153293 ], [ 17.22368905, 48.19157701 ], [ 17.22412451, 48.19168236 ], [ 17.2242025, 48.19162177 ], [ 17.22408532, 48.19159271 ], [ 17.22390387, 48.19154779 ] ] ] } },
{ "type": "Feature", "properties": { "@featureType": "CadastralParcel", "areaValue": { "value": 5690, "@uom": "m2" }, "beginLifespanVersion": { "@nilReason": "http://inspire.ec.europa.eu/codelist/VoidReasonValue/Unpopulated", "@nil": "true" }, "endLifespanVersion": { "@nilReason": "http://inspire.ec.europa.eu/codelist/VoidReasonValue/Unpopulated", "@nil": "true" }, "inspireId": { "@dataType": "Identifier", "localId": "805700_1965/81.C", "namespace": "SK.ESKN.CP", "versionId": "20261005T06:10:16" }, "label": "1965/81", "nationalCadastralReference": "805700_1965/81.C", "referencePoint": { "type": "Point", "coordinates": [ 17.21238909, 48.20439748 ] }, "validFrom": "2026-09-30T16:00:00Z", "validTo": { "@nilReason": "http://inspire.ec.europa.eu/codelist/VoidReasonValue/Unpopulated", "@nil": "true" }, "administrativeUnit": { "@href": "#auAdmUnitS.116" } }, "geometry": { "type": "Polygon", "coordinates": [ [ [ 17.21290663, 48.20450554 ], [ 17.21256274, 48.20431706 ], [ 17.21191706, 48.20396335 ], [ 17.21190348, 48.20395467 ], [ 17.21180141, 48.2040441 ], [ 17.21166041, 48.20414792 ], [ 17.21153264, 48.20424187 ], [ 17.21141977, 48.2041839 ], [ 17.21147168, 48.20413422 ], [ 17.2116058, 48.20404296 ], [ 17.21180527, 48.20390716 ], [ 17.21181632, 48.20389832 ], [ 17.21179499, 48.2038846 ], [ 17.21179215, 48.20388279 ], [ 17.21137646, 48.20420766 ], [ 17.21236197, 48.2044779 ], [ 17.21228368, 48.20452581 ], [ 17.21183111, 48.20494176 ], [ 17.21183324, 48.2049429 ], [ 17.21183861, 48.20494588 ], [ 17.21198475, 48.20502642 ], [ 17.21218329, 48.20483263 ], [ 17.21228649, 48.20488933 ], [ 17.21244674, 48.20475896 ], [ 17.21284329, 48.20497689 ], [ 17.21318319, 48.20465698 ], [ 17.21302149, 48.20456835 ], [ 17.21290663, 48.20450554 ] ] ] } },
{ "type": "Feature", "properties": { "@featureType": "CadastralParcel", "areaValue": { "value": 848, "@uom": "m2" }, "beginLifespanVersion": { "@nilReason": "http://inspire.ec.europa.eu/codelist/VoidReasonValue/Unpopulated", "@nil": "true" }, "endLifespanVersion": { "@nilReason": "http://inspire.ec.europa.eu/codelist/VoidReasonValue/Unpopulated", "@nil": "true" }, "inspireId": { "@dataType": "Identifier", "localId": "805700_1965/14.C", "namespace": "SK.ESKN.CP", "versionId": "20261005T06:10:16" }, "label": "1965/14", "nationalCadastralReference": "805700_1965/14.C", "referencePoint": { "type": "Point", "coordinates": [ 17.21309856, 48.20486238 ] }, "validFrom": "2026-09-30T16:00:00Z", "validTo": { "@nilReason": "http://inspire.ec.europa.eu/codelist/VoidReasonValue/Unpopulated", "@nil": "true" }, "administrativeUnit": { "@href": "#auAdmUnitS.116" } }, "geometry": { "type": "Polygon", "coordinates": [ [ [ 17.21284329, 48.20497689 ], [ 17.21301745, 48.20507258 ], [ 17.21334915, 48.20474787 ], [ 17.21343311, 48.20466564 ], [ 17.21342063, 48.20466227 ], [ 17.21323118, 48.20461183 ], [ 17.21318319, 48.20465698 ], [ 17.21284329, 48.20497689 ] ] ] } },
{ "type": "Feature", "properties": { "@featureType": "CadastralParcel", "areaValue": { "value": 61, "@uom": "m2" }, "beginLifespanVersion": { "@nilReason": "http://inspire.ec.europa.eu/codelist/VoidReasonValue/Unpopulated", "@nil": "true" }, "endLifespanVersion": { "@nilReason": "http://inspire.ec.europa.eu/codelist/VoidReasonValue/Unpopulated", "@nil": "true" }, "inspireId": { "@dataType": "Identifier", "localId": "805700_2966/21.C", "namespace": "SK.ESKN.CP", "versionId": "20261005T06:10:16" }, "label": "2966/21", "nationalCadastralReference": "805700_2966/21.C", "referencePoint": { "type": "Point", "coordinates": [ 17.2237398, 48.19174512 ] }, "validFrom": "2026-09-30T16:00:00Z", "validTo": { "@nilReason": "http://inspire.ec.europa.eu/codelist/VoidReasonValue/Unpopulated", "@nil": "true" }, "administrativeUnit": { "@href": "#auAdmUnitS.116" } }, "geometry": { "type": "Polygon", "coordinates": [ [ [ 17.22404064, 48.19182308 ], [ 17.22404366, 48.19180828 ], [ 17.22389835, 48.19177572 ], [ 17.22365175, 48.19171451 ], [ 17.22356038, 48.19170995 ], [ 17.2235664, 48.19171126 ], [ 17.22390087, 48.19179324 ], [ 17.22404064, 48.19182308 ] ] ] } },
{ "type": "Feature", "properties": { "@featureType": "CadastralParcel", "areaValue": { "value": 416, "@uom": "m2" }, "beginLifespanVersion": { "@nilReason": "http://inspire.ec.europa.eu/codelist/VoidReasonValue/Unpopulated", "@nil": "true" }, "endLifespanVersion": { "@nilReason": "http://inspire.ec.europa.eu/codelist/VoidReasonValue/Unpopulated", "@nil": "true" }, "inspireId": { "@dataType": "Identifier", "localId": "805700_2966/20.C", "namespace": "SK.ESKN.CP", "versionId": "20261005T06:10:16" }, "label": "2966/20", "nationalCadastralReference": "805700_2966/20.C", "referencePoint": { "type": "Point", "coordinates": [ 17.22354884, 48.19175159 ] }, "validFrom": "2026-09-30T16:00:00Z", "validTo": { "@nilReason": "http://inspire.ec.europa.eu/codelist/VoidReasonValue/Unpopulated", "@nil": "true" }, "administrativeUnit": { "@href": "#auAdmUnitS.116" } }, "geometry": { "type": "Polygon", "coordinates": [ [ [ 17.22403537, 48.1918484 ], [ 17.22404064, 48.19182308 ], [ 17.22390087, 48.19179324 ], [ 17.2235664, 48.19171126 ], [ 17.22356038, 48.19170995 ], [ 17.22308531, 48.19168609 ], [ 17.22354003, 48.19179192 ], [ 17.22369016, 48.19182662 ], [ 17.22371852, 48.1918277 ], [ 17.2237857, 48.19183038 ], [ 17.22385269, 48.1918344 ], [ 17.22391938, 48.19184039 ], [ 17.22398611, 48.19184611 ], [ 17.22403537, 48.1918484 ] ] ] } },
{ "type": "Feature", "properties": { "@featureType": "CadastralParcel", "areaValue": { "value": 12925, "@uom": "m2" }, "beginLifespanVersion": { "@nilReason": "http://inspire.ec.europa.eu/codelist/VoidReasonValue/Unpopulated", "@nil": "true" }, "endLifespanVersion": { "@nilReason": "http://inspire.ec.europa.eu/codelist/VoidReasonValue/Unpopulated", "@nil": "true" }, "inspireId": { "@dataType": "Identifier", "localId": "805700_1992/2.C", "namespace": "SK.ESKN.CP", "versionId": "20261005T06:10:16" }, "label": "1992/2", "nationalCadastralReference": "805700_1992/2.C", "referencePoint": { "type": "Point", "coordinates": [ 17.21975765, 48.19611315 ] }, "validFrom": "2026-09-30T16:00:00Z", "validTo": { "@nilReason": "http://inspire.ec.europa.eu/codelist/VoidReasonValue/Unpopulated", "@nil": "true" }, "administrativeUnit": { "@href": "#auAdmUnitS.116" } }, "geometry": { "type": "Polygon", "coordinates": [ [ [ 17.21827683, 48.19581181 ], [ 17.2182406, 48.19590502 ], [ 17.21818353, 48.19609055 ], [ 17.21831441, 48.19613382 ], [ 17.22218899, 48.19658004 ], [ 17.22218899, 48.19657733 ], [ 17.22211069, 48.19653315 ], [ 17.22200314, 48.1964749 ], [ 17.22190232, 48.19642045 ], [ 17.22181143, 48.19637642 ], [ 17.22164175, 48.19629423 ], [ 17.22163747, 48.19629214 ], [ 17.2214612, 48.19620789 ], [ 17.22127739, 48.19611987 ], [ 17.22124939, 48.19610643 ], [ 17.2211148, 48.19603373 ], [ 17.22108038, 48.19601525 ], [ 17.22103848, 48.19599257 ], [ 17.2209992, 48.19597142 ], [ 17.22082941, 48.19588 ], [ 17.22072159, 48.19581993 ], [ 17.22072021, 48.19581921 ], [ 17.22068092, 48.19579905 ], [ 17.22057544, 48.19574772 ], [ 17.22046315, 48.19570307 ], [ 17.22043922, 48.19569497 ], [ 17.22043511, 48.19569352 ], [ 17.22041704, 48.19568779 ], [ 17.22036615, 48.19567463 ], [ 17.22031467, 48.19566451 ], [ 17.22028783, 48.19566045 ], [ 17.22025149, 48.19565667 ], [ 17.22019378, 48.1956548 ], [ 17.22015462, 48.19565635 ], [ 17.22011978, 48.19565971 ], [ 17.22010037, 48.19566203 ], [ 17.22006171, 48.1956684 ], [ 17.22000648, 48.19568062 ], [ 17.21996596, 48.19569128 ], [ 17.21988082, 48.19571551 ], [ 17.21988148, 48.19572649 ], [ 17.21988, 48.19573733 ], [ 17.21987638, 48.19574794 ], [ 17.21987092, 48.19575824 ], [ 17.21986352, 48.19576795 ], [ 17.21985446, 48.19577702 ], [ 17.21984365, 48.19578515 ], [ 17.21983149, 48.19579239 ], [ 17.21981799, 48.19579853 ], [ 17.2198076, 48.19580209 ], [ 17.21980346, 48.19580353 ], [ 17.21971102, 48.19582781 ], [ 17.21953933, 48.1958731 ], [ 17.21953807, 48.19587338 ], [ 17.21950188, 48.19588217 ], [ 17.21946324, 48.19589016 ], [ 17.21942469, 48.19589753 ], [ 17.21939378, 48.1959027 ], [ 17.21938421, 48.19590432 ], [ 17.21934463, 48.19591044 ], [ 17.21930243, 48.19591603 ], [ 17.21926644, 48.19591986 ], [ 17.21926135, 48.19592042 ], [ 17.21921785, 48.19592384 ], [ 17.21917572, 48.19592627 ], [ 17.21913096, 48.19592726 ], [ 17.21908884, 48.19592688 ], [ 17.21904335, 48.19592466 ], [ 17.21901034, 48.19592119 ], [ 17.21900639, 48.19593855 ], [ 17.21875467, 48.19589796 ], [ 17.21863034, 48.19587782 ], [ 17.21864254, 48.19582874 ], [ 17.21858256, 48.19580042 ], [ 17.21853153, 48.19577189 ], [ 17.21850737, 48.19585487 ], [ 17.21837583, 48.19583054 ], [ 17.21827683, 48.19581181 ] ] ] } },
{ "type": "Feature", "properties": { "@featureType": "CadastralParcel", "areaValue": { "value": 3350, "@uom": "m2" }, "beginLifespanVersion": { "@nilReason": "http://inspire.ec.europa.eu/codelist/VoidReasonValue/Unpopulated", "@nil": "true" }, "endLifespanVersion": { "@nilReason": "http://inspire.ec.europa.eu/codelist/VoidReasonValue/Unpopulated", "@nil": "true" }, "inspireId": { "@dataType": "Identifier", "localId": "805700_1965/2.C", "namespace": "SK.ESKN.CP", "versionId": "20261005T06:10:16" }, "label": "1965/2", "nationalCadastralReference": "805700_1965/2.C", "referencePoint": { "type": "Point", "coordinates": [ 17.2126408, 48.20301526 ] }, "validFrom": "2026-09-30T16:00:00Z", "validTo": { "@nilReason": "http://inspire.ec.europa.eu/codelist/VoidReasonValue/Unpopulated", "@nil": "true" }, "administrativeUnit": { "@href": "#auAdmUnitS.116" } }, "geometry": { "type": "Polygon", "coordinates": [ [ [ 17.21311696, 48.20259874 ], [ 17.21337107, 48.20231448 ], [ 17.21337887, 48.2023057 ], [ 17.21290328, 48.2021762 ], [ 17.21289562, 48.20219033 ], [ 17.21288063, 48.20221825 ], [ 17.21298219, 48.2022452 ], [ 17.21291807, 48.20234756 ], [ 17.21283068, 48.20232437 ], [ 17.21263032, 48.20274823 ], [ 17.21256942, 48.20293568 ], [ 17.21248816, 48.20309483 ], [ 17.2122697, 48.20334766 ], [ 17.21212444, 48.203564 ], [ 17.21193073, 48.20377438 ], [ 17.21179215, 48.20388279 ], [ 17.21179499, 48.2038846 ], [ 17.21181632, 48.20389832 ], [ 17.21196522, 48.20377876 ], [ 17.21211802, 48.20359972 ], [ 17.21215871, 48.2035455 ], [ 17.21219435, 48.20349799 ], [ 17.21219776, 48.20349958 ], [ 17.21228891, 48.20354281 ], [ 17.21260274, 48.20318745 ], [ 17.21291155, 48.2028331 ], [ 17.21311696, 48.20259874 ] ] ] } },
{ "type": "Feature", "properties": { "@featureType": "CadastralParcel", "areaValue": { "value": 28276, "@uom": "m2" }, "beginLifespanVersion": { "@nilReason": "http://inspire.ec.europa.eu/codelist/VoidReasonValue/Unpopulated", "@nil": "true" }, "endLifespanVersion": { "@nilReason": "http://inspire.ec.europa.eu/codelist/VoidReasonValue/Unpopulated", "@nil": "true" }, "inspireId": { "@dataType": "Identifier", "localId": "805700_2830/2.C", "namespace": "SK.ESKN.CP", "versionId": "20261005T06:10:16" }, "label": "2830/2", "nationalCadastralReference": "805700_2830/2.C", "referencePoint": { "type": "Point", "coordinates": [ 17.22324713, 48.19689889 ] }, "validFrom": "2026-09-30T16:00:00Z", "validTo": { "@nilReason": "http://inspire.ec.europa.eu/codelist/VoidReasonValue/Unpopulated", "@nil": "true" }, "administrativeUnit": { "@href": "#auAdmUnitS.116" } }, "geometry": { "type": "Polygon", "coordinates": [ [ [ 17.22298099, 48.19700745 ], [ 17.22299906, 48.19700956 ], [ 17.22299224, 48.19699456 ], [ 17.22299319, 48.19696651 ], [ 17.2230063, 48.19694208 ], [ 17.22300987, 48.19693898 ], [ 17.22294688, 48.19690368 ], [ 17.22342076, 48.19695846 ], [ 17.22356393, 48.1969747 ], [ 17.22429955, 48.19705833 ], [ 17.22441241, 48.19707111 ], [ 17.22493496, 48.19712949 ], [ 17.22501338, 48.19716653 ], [ 17.22521497, 48.19728311 ], [ 17.22541114, 48.19739707 ], [ 17.22548554, 48.19740131 ], [ 17.22558406, 48.19740689 ], [ 17.22570967, 48.19741401 ], [ 17.2258531, 48.19742213 ], [ 17.22598259, 48.19742951 ], [ 17.22606824, 48.19743441 ], [ 17.22616704, 48.19744001 ], [ 17.22626648, 48.19744583 ], [ 17.22638694, 48.19745297 ], [ 17.22645126, 48.19745681 ], [ 17.22646479, 48.19745762 ], [ 17.2264916, 48.19745914 ], [ 17.22656798, 48.19746369 ], [ 17.22656905, 48.19746376 ], [ 17.22845696, 48.19762642 ], [ 17.22905323, 48.19770723 ], [ 17.22911911, 48.19734189 ], [ 17.22766876, 48.19716505 ], [ 17.22738341, 48.19712956 ], [ 17.22660785, 48.19708432 ], [ 17.22593378, 48.19696694 ], [ 17.22518492, 48.19689681 ], [ 17.2244721, 48.196828 ], [ 17.22440947, 48.19682192 ], [ 17.22440371, 48.19682704 ], [ 17.22461663, 48.19694736 ], [ 17.22408943, 48.1968875 ], [ 17.22396714, 48.19687364 ], [ 17.2236341, 48.19683613 ], [ 17.2236155, 48.19683399 ], [ 17.2232339, 48.19679035 ], [ 17.22310364, 48.1967755 ], [ 17.223104, 48.19677399 ], [ 17.22308923, 48.19677246 ], [ 17.22308537, 48.19677203 ], [ 17.22308504, 48.19677336 ], [ 17.22261779, 48.19672029 ], [ 17.22253765, 48.19667581 ], [ 17.22252538, 48.19668285 ], [ 17.22249462, 48.19669327 ], [ 17.22245946, 48.19669788 ], [ 17.22242328, 48.19669574 ], [ 17.22238769, 48.19668604 ], [ 17.22219444, 48.19658068 ], [ 17.22218899, 48.19658004 ], [ 17.21831441, 48.19613382 ], [ 17.21818353, 48.19609055 ], [ 17.21810488, 48.19641148 ], [ 17.21964247, 48.19658866 ], [ 17.21975752, 48.19660312 ], [ 17.21985862, 48.19661584 ], [ 17.22002409, 48.19663665 ], [ 17.22020057, 48.19665884 ], [ 17.22037001, 48.19668018 ], [ 17.22045148, 48.19669042 ], [ 17.22054609, 48.19670234 ], [ 17.22064998, 48.19671542 ], [ 17.22071713, 48.19672289 ], [ 17.22089095, 48.19674209 ], [ 17.22107088, 48.19676197 ], [ 17.22122553, 48.19677916 ], [ 17.22140441, 48.19679888 ], [ 17.22158791, 48.19681927 ], [ 17.2217648, 48.19683876 ], [ 17.22193754, 48.19685789 ], [ 17.22211733, 48.19687785 ], [ 17.22229713, 48.19689772 ], [ 17.22231192, 48.19690006 ], [ 17.22249965, 48.19693022 ], [ 17.22259906, 48.19694616 ], [ 17.22269318, 48.19696131 ], [ 17.22278415, 48.19697588 ], [ 17.22288541, 48.19699213 ], [ 17.22298099, 48.19700745 ] ] ] } },
{ "type": "Feature", "properties": { "@featureType": "CadastralParcel", "areaValue": { "value": 3891, "@uom": "m2" }, "beginLifespanVersion": { "@nilReason": "http://inspire.ec.europa.eu/codelist/VoidReasonValue/Unpopulated", "@nil": "true" }, "endLifespanVersion": { "@nilReason": "http://inspire.ec.europa.eu/codelist/VoidReasonValue/Unpopulated", "@nil": "true" }, "inspireId": { "@dataType": "Identifier", "localId": "804274_9225/384.C", "namespace": "SK.ESKN.CP", "versionId": "20261005T06:10:47" }, "label": "9225/384", "nationalCadastralReference": "804274_9225/384.C", "referencePoint": { "type": "Point", "coordinates": [ 17.14330114, 48.14215866 ] }, "validFrom": "2026-09-30T16:00:00Z", "validTo": { "@nilReason": "http://inspire.ec.europa.eu/codelist/VoidReasonValue/Unpopulated", "@nil": "true" }, "administrativeUnit": { "@href": "#auAdmUnitS.2397" } }, "geometry": { "type": "Polygon", "coordinates": [ [ [ 17.14405546, 48.14213755 ], [ 17.14405763, 48.14208915 ], [ 17.14405154, 48.1420892 ], [ 17.14400654, 48.14208851 ], [ 17.14400817, 48.14203827 ], [ 17.14405319, 48.14203887 ], [ 17.14409886, 48.14203961 ], [ 17.14413717, 48.14199872 ], [ 17.14374144, 48.14195861 ], [ 17.14367774, 48.14196009 ], [ 17.14293724, 48.14198709 ], [ 17.14209414, 48.14201564 ], [ 17.14233364, 48.14210124 ], [ 17.14264231, 48.14218401 ], [ 17.14291467, 48.14223711 ], [ 17.14297319, 48.14224848 ], [ 17.14312255, 48.14226462 ], [ 17.14376996, 48.14233465 ], [ 17.1445072, 48.1423463 ], [ 17.14452062, 48.14229849 ], [ 17.14369975, 48.14228436 ], [ 17.14370499, 48.14217977 ], [ 17.14405338, 48.14218359 ], [ 17.14405546, 48.14213755 ] ], [ [ 17.14366765, 48.14231184 ], [ 17.14362293, 48.14231107 ], [ 17.14362487, 48.1422624 ], [ 17.14366962, 48.14226298 ], [ 17.14366765, 48.14231184 ] ] ] } },
{ "type": "Feature", "properties": { "@featureType": "CadastralParcel", "areaValue": { "value": 2511, "@uom": "m2" }, "beginLifespanVersion": { "@nilReason": "http://inspire.ec.europa.eu/codelist/VoidReasonValue/Unpopulated", "@nil": "true" }, "endLifespanVersion": { "@nilReason": "http://inspire.ec.europa.eu/codelist/VoidReasonValue/Unpopulated", "@nil": "true" }, "inspireId": { "@dataType": "Identifier", "localId": "804274_9225/410.C", "namespace": "SK.ESKN.CP", "versionId": "20261005T06:10:47" }, "label": "9225/410", "nationalCadastralReference": "804274_9225/410.C", "referencePoint": { "type": "Point", "coordinates": [ 17.14817757, 48.1420977 ] }, "validFrom": "2026-09-30T16:00:00Z", "validTo": { "@nilReason": "http://inspire.ec.europa.eu/codelist/VoidReasonValue/Unpopulated", "@nil": "true" }, "administrativeUnit": { "@href": "#auAdmUnitS.2397" } }, "geometry": { "type": "Polygon", "coordinates": [ [ [ 17.14747198, 48.1423498 ], [ 17.14888368, 48.14237929 ], [ 17.14889312, 48.14206113 ], [ 17.14809682, 48.14204535 ], [ 17.14805303, 48.1418439 ], [ 17.14854633, 48.14181908 ], [ 17.1485396, 48.14181709 ], [ 17.14842596, 48.14181665 ], [ 17.14795866, 48.1418321 ], [ 17.14799748, 48.14204316 ], [ 17.14720368, 48.14202961 ], [ 17.14725746, 48.14209389 ], [ 17.14730198, 48.14209509 ], [ 17.14735002, 48.14209535 ], [ 17.14739551, 48.14209643 ], [ 17.14744075, 48.14209732 ], [ 17.14748547, 48.14209808 ], [ 17.1475291, 48.14209895 ], [ 17.14757276, 48.14209954 ], [ 17.14761853, 48.14210055 ], [ 17.14766729, 48.1421014 ], [ 17.14771226, 48.14210227 ], [ 17.14775748, 48.14210334 ], [ 17.14780244, 48.14210429 ], [ 17.14784846, 48.14210541 ], [ 17.14789268, 48.14210595 ], [ 17.14794216, 48.1421074 ], [ 17.14799033, 48.14210857 ], [ 17.14798728, 48.14215744 ], [ 17.14798561, 48.14220623 ], [ 17.14793687, 48.1422052 ], [ 17.14788732, 48.14220421 ], [ 17.14784211, 48.14220314 ], [ 17.14779681, 48.14220261 ], [ 17.1477508, 48.14220141 ], [ 17.14770739, 48.14220092 ], [ 17.14766159, 48.14220018 ], [ 17.14761315, 48.14219898 ], [ 17.14756708, 48.14219822 ], [ 17.14752452, 48.14219743 ], [ 17.14748007, 48.14219669 ], [ 17.14743458, 48.14219561 ], [ 17.14739015, 48.14219469 ], [ 17.14734567, 48.14219412 ], [ 17.1473415, 48.14219402 ], [ 17.14742483, 48.14229347 ], [ 17.14743143, 48.14229356 ], [ 17.14747562, 48.14229428 ], [ 17.14751898, 48.14229513 ], [ 17.14756725, 48.14229567 ], [ 17.14761135, 48.14229693 ], [ 17.14765713, 48.14229785 ], [ 17.14770236, 48.14229883 ], [ 17.14774814, 48.14229975 ], [ 17.1477929, 48.14230024 ], [ 17.14783841, 48.14230114 ], [ 17.14788315, 48.14230181 ], [ 17.14792759, 48.14230264 ], [ 17.14797576, 48.14230382 ], [ 17.14797332, 48.14235047 ], [ 17.14792598, 48.14234918 ], [ 17.14788133, 48.14234797 ], [ 17.14783664, 48.14234694 ], [ 17.14779216, 48.14234638 ], [ 17.14774584, 48.14234551 ], [ 17.14770061, 48.14234454 ], [ 17.14765592, 48.14234351 ], [ 17.1476099, 48.14234239 ], [ 17.14756603, 48.14234142 ], [ 17.14751808, 48.14234053 ], [ 17.14747417, 48.14233974 ], [ 17.1474634, 48.14233955 ], [ 17.14747198, 48.1423498 ] ], [ [ 17.14806791, 48.14210992 ], [ 17.14810877, 48.14211123 ], [ 17.14814915, 48.14211215 ], [ 17.14819876, 48.1421127 ], [ 17.14824478, 48.14211381 ], [ 17.14829089, 48.1421143 ], [ 17.14833507, 48.14211512 ], [ 17.14837927, 48.14211575 ], [ 17.14842724, 48.14211646 ], [ 17.14847275, 48.14211736 ], [ 17.14851854, 48.14211819 ], [ 17.14855948, 48.14211897 ], [ 17.14860742, 48.14211985 ], [ 17.14865291, 48.14212093 ], [ 17.14869736, 48.14212168 ], [ 17.1487427, 48.14212193 ], [ 17.14878959, 48.14212266 ], [ 17.14883537, 48.14212358 ], [ 17.14888167, 48.14212462 ], [ 17.14887895, 48.14217316 ], [ 17.14887642, 48.14222397 ], [ 17.14883228, 48.14222298 ], [ 17.14878571, 48.14222191 ], [ 17.14873857, 48.14222108 ], [ 17.14869336, 48.14221993 ], [ 17.14864828, 48.14221978 ], [ 17.14860223, 48.14221884 ], [ 17.14855511, 48.14221792 ], [ 17.14851418, 48.14221705 ], [ 17.14846785, 48.14221619 ], [ 17.14842261, 48.1422153 ], [ 17.14837439, 48.14221449 ], [ 17.14833045, 48.14221387 ], [ 17.14828578, 48.14221275 ], [ 17.14823942, 48.14221215 ], [ 17.14819364, 48.14221123 ], [ 17.14814492, 48.14221011 ], [ 17.14810176, 48.14220973 ], [ 17.14806189, 48.14220903 ], [ 17.14806535, 48.14215919 ], [ 17.14806791, 48.14210992 ] ], [ [ 17.14801249, 48.14230386 ], [ 17.14805557, 48.14230478 ], [ 17.14809891, 48.14230571 ], [ 17.14814202, 48.14230645 ], [ 17.14819126, 48.1423077 ], [ 17.1482373, 48.14230864 ], [ 17.14828283, 48.14230945 ], [ 17.14832643, 48.14231049 ], [ 17.14837249, 48.14231134 ], [ 17.14842206, 48.14231216 ], [ 17.14846565, 48.14231329 ], [ 17.14851124, 48.14231366 ], [ 17.1485551, 48.14231472 ], [ 17.1486006, 48.14231571 ], [ 17.14864475, 48.14231671 ], [ 17.14869192, 48.14231736 ], [ 17.14873505, 48.14231792 ], [ 17.14878217, 48.14231893 ], [ 17.14882848, 48.14231989 ], [ 17.14887406, 48.14232034 ], [ 17.1488716, 48.1423698 ], [ 17.14882703, 48.14236896 ], [ 17.14878058, 48.1423689 ], [ 17.14873423, 48.14236821 ], [ 17.1486893, 48.14236699 ], [ 17.14864354, 48.14236598 ], [ 17.14859807, 48.1423648 ], [ 17.14855226, 48.14236406 ], [ 17.14850916, 48.14236332 ], [ 17.1484631, 48.14236247 ], [ 17.1484192, 48.14236159 ], [ 17.14837, 48.14236008 ], [ 17.14832423, 48.14235916 ], [ 17.1482812, 48.14235788 ], [ 17.14823516, 48.14235694 ], [ 17.14818856, 48.14235605 ], [ 17.14813934, 48.14235472 ], [ 17.14809634, 48.14235326 ], [ 17.14805294, 48.14235268 ], [ 17.14800955, 48.14235201 ], [ 17.14801249, 48.14230386 ] ] ] } },
{ "type": "Feature", "properties": { "@featureType": "CadastralParcel", "areaValue": { "value": 1196, "@uom": "m2" }, "beginLifespanVersion": { "@nilReason": "http://inspire.ec.europa.eu/codelist/VoidReasonValue/Unpopulated", "@nil": "true" }, "endLifespanVersion": { "@nilReason": "http://inspire.ec.europa.eu/codelist/VoidReasonValue/Unpopulated", "@nil": "true" }, "inspireId": { "@dataType": "Identifier", "localId": "804274_9225/17.C", "namespace": "SK.ESKN.CP", "versionId": "20261005T06:10:47" }, "label": "9225/17", "nationalCadastralReference": "804274_9225/17.C", "referencePoint": { "type": "Point", "coordinates": [ 17.14763294, 48.14190031 ] }, "validFrom": "2026-09-30T16:00:00Z", "validTo": { "@nilReason": "http://inspire.ec.europa.eu/codelist/VoidReasonValue/Unpopulated", "@nil": "true" }, "administrativeUnit": { "@href": "#auAdmUnitS.2397" } }, "geometry": { "type": "Polygon", "coordinates": [ [ [ 17.14720368, 48.14202961 ], [ 17.14799748, 48.14204316 ], [ 17.14795866, 48.1418321 ], [ 17.14744944, 48.14184699 ], [ 17.14713991, 48.14195363 ], [ 17.14720368, 48.14202961 ] ] ] } },
{ "type": "Feature", "properties": { "@featureType": "CadastralParcel", "areaValue": { "value": 2004, "@uom": "m2" }, "beginLifespanVersion": { "@nilReason": "http://inspire.ec.europa.eu/codelist/VoidReasonValue/Unpopulated", "@nil": "true" }, "endLifespanVersion": { "@nilReason": "http://inspire.ec.europa.eu/codelist/VoidReasonValue/Unpopulated", "@nil": "true" }, "inspireId": { "@dataType": "Identifier", "localId": "804274_9225/379.C", "namespace": "SK.ESKN.CP", "versionId": "20261005T06:10:47" }, "label": "9225/379", "nationalCadastralReference": "804274_9225/379.C", "referencePoint": { "type": "Point", "coordinates": [ 17.1421242, 48.14214262 ] }, "validFrom": "2026-09-30T16:00:00Z", "validTo": { "@nilReason": "http://inspire.ec.europa.eu/codelist/VoidReasonValue/Unpopulated", "@nil": "true" }, "administrativeUnit": { "@href": "#auAdmUnitS.2397" } }, "geometry": { "type": "Polygon", "coordinates": [ [ [ 17.14293507, 48.14232843 ], [ 17.14291467, 48.14223711 ], [ 17.14264231, 48.14218401 ], [ 17.14233364, 48.14210124 ], [ 17.14209414, 48.14201564 ], [ 17.14205925, 48.14201681 ], [ 17.14155746, 48.14203796 ], [ 17.14157784, 48.14204964 ], [ 17.14187044, 48.14219866 ], [ 17.14185918, 48.14230917 ], [ 17.14196777, 48.1423109 ], [ 17.14208226, 48.14231294 ], [ 17.14264513, 48.14232294 ], [ 17.14293507, 48.14232843 ] ] ] } },
{ "type": "Feature", "properties": { "@featureType": "CadastralParcel", "areaValue": { "value": 9, "@uom": "m2" }, "beginLifespanVersion": { "@nilReason": "http://inspire.ec.europa.eu/codelist/VoidReasonValue/Unpopulated", "@nil": "true" }, "endLifespanVersion": { "@nilReason": "http://inspire.ec.europa.eu/codelist/VoidReasonValue/Unpopulated", "@nil": "true" }, "inspireId": { "@dataType": "Identifier", "localId": "804274_9225/400.C", "namespace": "SK.ESKN.CP", "versionId": "20261005T06:10:47" }, "label": "9225/400", "nationalCadastralReference": "804274_9225/400.C", "referencePoint": { "type": "Point", "coordinates": [ 17.14848668, 48.14190887 ] }, "validFrom": "2026-09-30T16:00:00Z", "validTo": { "@nilReason": "http://inspire.ec.europa.eu/codelist/VoidReasonValue/Unpopulated", "@nil": "true" }, "administrativeUnit": { "@href": "#auAdmUnitS.2397" } }, "geometry": { "type": "Polygon", "coordinates": [ [ [ 17.14850332, 48.14192346 ], [ 17.1485082, 48.14189641 ], [ 17.14847004, 48.14189428 ], [ 17.14846515, 48.14192134 ], [ 17.14850332, 48.14192346 ] ] ] } },
{ "type": "Feature", "properties": { "@featureType": "CadastralParcel", "areaValue": { "value": 1382, "@uom": "m2" }, "beginLifespanVersion": { "@nilReason": "http://inspire.ec.europa.eu/codelist/VoidReasonValue/Unpopulated", "@nil": "true" }, "endLifespanVersion": { "@nilReason": "http://inspire.ec.europa.eu/codelist/VoidReasonValue/Unpopulated", "@nil": "true" }, "inspireId": { "@dataType": "Identifier", "localId": "804274_9225/16.C", "namespace": "SK.ESKN.CP", "versionId": "20261005T06:10:47" }, "label": "9225/16", "nationalCadastralReference": "804274_9225/16.C", "referencePoint": { "type": "Point", "coordinates": [ 17.14848932, 48.14198457 ] }, "validFrom": "2026-09-30T16:00:00Z", "validTo": { "@nilReason": "http://inspire.ec.europa.eu/codelist/VoidReasonValue/Unpopulated", "@nil": "true" }, "administrativeUnit": { "@href": "#auAdmUnitS.2397" } }, "geometry": { "type": "Polygon", "coordinates": [ [ [ 17.14809682, 48.14204535 ], [ 17.14889312, 48.14206113 ], [ 17.14889653, 48.14192379 ], [ 17.14854633, 48.14181908 ], [ 17.14805303, 48.1418439 ], [ 17.14809682, 48.14204535 ] ], [ [ 17.14850332, 48.14192346 ], [ 17.14846515, 48.14192134 ], [ 17.14847004, 48.14189428 ], [ 17.1485082, 48.14189641 ], [ 17.14850332, 48.14192346 ] ] ] } },
{ "type": "Feature", "properties": { "@featureType": "CadastralParcel", "areaValue": { "value": 79, "@uom": "m2" }, "beginLifespanVersion": { "@nilReason": "http://inspire.ec.europa.eu/codelist/VoidReasonValue/Unpopulated", "@nil": "true" }, "endLifespanVersion": { "@nilReason": "http://inspire.ec.europa.eu/codelist/VoidReasonValue/Unpopulated", "@nil": "true" }, "inspireId": { "@dataType": "Identifier", "localId": "804274_9225/387.C", "namespace": "SK.ESKN.CP", "versionId": "20261005T06:10:47" }, "label": "9225/387", "nationalCadastralReference": "804274_9225/387.C", "referencePoint": { "type": "Point", "coordinates": [ 17.14420187, 48.14201316 ] }, "validFrom": "2026-09-30T16:00:00Z", "validTo": { "@nilReason": "http://inspire.ec.europa.eu/codelist/VoidReasonValue/Unpopulated", "@nil": "true" }, "administrativeUnit": { "@href": "#auAdmUnitS.2397" } }, "geometry": { "type": "Polygon", "coordinates": [ [ [ 17.14413717, 48.14199872 ], [ 17.14409886, 48.14203961 ], [ 17.14414196, 48.14204035 ], [ 17.14418614, 48.14204116 ], [ 17.1442328, 48.1420416 ], [ 17.14427915, 48.14204229 ], [ 17.1443225, 48.14204323 ], [ 17.14436695, 48.14204397 ], [ 17.14441308, 48.14204438 ], [ 17.14445807, 48.14204515 ], [ 17.14446804, 48.14204529 ], [ 17.14442303, 48.1420276 ], [ 17.14413717, 48.14199872 ] ] ] } },
{ "type": "Feature", "properties": { "@featureType": "CadastralParcel", "areaValue": { "value": 977, "@uom": "m2" }, "beginLifespanVersion": { "@nilReason": "http://inspire.ec.europa.eu/codelist/VoidReasonValue/Unpopulated", "@nil": "true" }, "endLifespanVersion": { "@nilReason": "http://inspire.ec.europa.eu/codelist/VoidReasonValue/Unpopulated", "@nil": "true" }, "inspireId": { "@dataType": "Identifier", "localId": "804274_9225/369.C", "namespace": "SK.ESKN.CP", "versionId": "20261005T06:10:47" }, "label": "9225/369", "nationalCadastralReference": "804274_9225/369.C", "referencePoint": { "type": "Point", "coordinates": [ 17.14155339, 48.14216291 ] }, "validFrom": "2026-09-30T16:00:00Z", "validTo": { "@nilReason": "http://inspire.ec.europa.eu/codelist/VoidReasonValue/Unpopulated", "@nil": "true" }, "administrativeUnit": { "@href": "#auAdmUnitS.2397" } }, "geometry": { "type": "Polygon", "coordinates": [ [ [ 17.14155746, 48.14203796 ], [ 17.14141964, 48.14204374 ], [ 17.14135371, 48.14207083 ], [ 17.14133346, 48.14208419 ], [ 17.14130422, 48.14213302 ], [ 17.14130884, 48.14219281 ], [ 17.14133201, 48.14228901 ], [ 17.14139197, 48.14230065 ], [ 17.14185918, 48.14230917 ], [ 17.14187044, 48.14219866 ], [ 17.14157784, 48.14204964 ], [ 17.14155746, 48.14203796 ] ] ] } },
{ "type": "Feature", "properties": { "@featureType": "CadastralParcel", "areaValue": { "value": 1052, "@uom": "m2" }, "beginLifespanVersion": { "@nilReason": "http://inspire.ec.europa.eu/codelist/VoidReasonValue/Unpopulated", "@nil": "true" }, "endLifespanVersion": { "@nilReason": "http://inspire.ec.europa.eu/codelist/VoidReasonValue/Unpopulated", "@nil": "true" }, "inspireId": { "@dataType": "Identifier", "localId": "804274_9225/396.C", "namespace": "SK.ESKN.CP", "versionId": "20261005T06:10:47" }, "label": "9225/396", "nationalCadastralReference": "804274_9225/396.C", "referencePoint": { "type": "Point", "coordinates": [ 17.14946507, 48.14215925 ] }, "validFrom": "2026-09-30T16:00:00Z", "validTo": { "@nilReason": "http://inspire.ec.europa.eu/codelist/VoidReasonValue/Unpopulated", "@nil": "true" }, "administrativeUnit": { "@href": "#auAdmUnitS.2397" } }, "geometry": { "type": "Polygon", "coordinates": [ [ [ 17.1489216, 48.14193127 ], [ 17.14897908, 48.14199978 ], [ 17.14911054, 48.14213655 ], [ 17.14911089, 48.1421288 ], [ 17.14915588, 48.14212957 ], [ 17.14920154, 48.1421304 ], [ 17.1492468, 48.14213119 ], [ 17.14924482, 48.14218195 ], [ 17.14928995, 48.14218273 ], [ 17.14928796, 48.14223358 ], [ 17.14924283, 48.14223279 ], [ 17.14920186, 48.14223138 ], [ 17.14929, 48.14232311 ], [ 17.14929049, 48.14231356 ], [ 17.14929199, 48.14228392 ], [ 17.14929355, 48.14225384 ], [ 17.14936635, 48.14225559 ], [ 17.14936465, 48.14228566 ], [ 17.14936301, 48.14231538 ], [ 17.1493614, 48.14234492 ], [ 17.14935966, 48.14237526 ], [ 17.14935911, 48.14238426 ], [ 17.14980489, 48.14219525 ], [ 17.1489216, 48.14193127 ] ] ] } },
{ "type": "Feature", "properties": { "@featureType": "CadastralParcel", "areaValue": { "value": 1669, "@uom": "m2" }, "beginLifespanVersion": { "@nilReason": "http://inspire.ec.europa.eu/codelist/VoidReasonValue/Unpopulated", "@nil": "true" }, "endLifespanVersion": { "@nilReason": "http://inspire.ec.europa.eu/codelist/VoidReasonValue/Unpopulated", "@nil": "true" }, "inspireId": { "@dataType": "Identifier", "localId": "804274_9225/407.C", "namespace": "SK.ESKN.CP", "versionId": "20261005T06:10:47" }, "label": "9225/407", "nationalCadastralReference": "804274_9225/407.C", "referencePoint": { "type": "Point", "coordinates": [ 17.14890627, 48.14220316 ] }, "validFrom": "2026-09-30T16:00:00Z", "validTo": { "@nilReason": "http://inspire.ec.europa.eu/codelist/VoidReasonValue/Unpopulated", "@nil": "true" }, "administrativeUnit": { "@href": "#auAdmUnitS.2397" } }, "geometry": { "type": "Polygon", "coordinates": [ [ [ 17.14752957, 48.14241841 ], [ 17.14762208, 48.14242022 ], [ 17.14802076, 48.14242824 ], [ 17.14909892, 48.14244941 ], [ 17.14920961, 48.14245155 ], [ 17.14929364, 48.14241365 ], [ 17.14929374, 48.14241122 ], [ 17.14929871, 48.14241137 ], [ 17.14931524, 48.1424039 ], [ 17.14928592, 48.1424031 ], [ 17.14928744, 48.14237328 ], [ 17.14928905, 48.14234284 ], [ 17.14929, 48.14232311 ], [ 17.14920186, 48.14223138 ], [ 17.14919675, 48.14223122 ], [ 17.14919708, 48.14222636 ], [ 17.14915387, 48.1421815 ], [ 17.14915033, 48.14223007 ], [ 17.14910419, 48.14222886 ], [ 17.14905728, 48.14222741 ], [ 17.14901257, 48.14222656 ], [ 17.14896786, 48.14222571 ], [ 17.14892262, 48.14222483 ], [ 17.14892501, 48.14217401 ], [ 17.14896998, 48.14217487 ], [ 17.14897163, 48.14212627 ], [ 17.14901864, 48.14212709 ], [ 17.14901469, 48.14217572 ], [ 17.1490594, 48.14217657 ], [ 17.14905928, 48.14217828 ], [ 17.14910892, 48.14217955 ], [ 17.14911054, 48.14213655 ], [ 17.14897908, 48.14199978 ], [ 17.1489216, 48.14193127 ], [ 17.14889653, 48.14192379 ], [ 17.14889312, 48.14206113 ], [ 17.14888368, 48.14237929 ], [ 17.14747198, 48.1423498 ], [ 17.14752957, 48.14241841 ] ], [ [ 17.1490108, 48.14237721 ], [ 17.14901115, 48.14237045 ], [ 17.14901398, 48.14231487 ], [ 17.14902071, 48.14231506 ], [ 17.1490208, 48.14231804 ], [ 17.14913929, 48.14232035 ], [ 17.14913959, 48.14231657 ], [ 17.14914765, 48.14231684 ], [ 17.14914629, 48.14235011 ], [ 17.14915975, 48.14235038 ], [ 17.14915846, 48.14237958 ], [ 17.1490108, 48.14237721 ] ] ] } },
{ "type": "Feature", "properties": { "@featureType": "CadastralParcel", "areaValue": { "value": 5565, "@uom": "m2" }, "beginLifespanVersion": { "@nilReason": "http://inspire.ec.europa.eu/codelist/VoidReasonValue/Unpopulated", "@nil": "true" }, "endLifespanVersion": { "@nilReason": "http://inspire.ec.europa.eu/codelist/VoidReasonValue/Unpopulated", "@nil": "true" }, "inspireId": { "@dataType": "Identifier", "localId": "804274_21796/19.C", "namespace": "SK.ESKN.CP", "versionId": "20261005T06:10:47" }, "label": "21796/19", "nationalCadastralReference": "804274_21796/19.C", "referencePoint": { "type": "Point", "coordinates": [ 17.15136468, 48.14332641 ] }, "validFrom": "2026-09-30T16:00:00Z", "validTo": { "@nilReason": "http://inspire.ec.europa.eu/codelist/VoidReasonValue/Unpopulated", "@nil": "true" }, "administrativeUnit": { "@href": "#auAdmUnitS.2397" } }, "geometry": { "type": "Polygon", "coordinates": [ [ [ 17.15134848, 48.14379414 ], [ 17.15133301, 48.14392641 ], [ 17.15131426, 48.14401057 ], [ 17.15130378, 48.14410702 ], [ 17.15130176, 48.14410698 ], [ 17.15130054, 48.14411594 ], [ 17.15129878, 48.14412946 ], [ 17.1512966, 48.14414658 ], [ 17.15129174, 48.14418422 ], [ 17.15128444, 48.14420045 ], [ 17.15128828, 48.14421083 ], [ 17.1512144, 48.14429515 ], [ 17.15121113, 48.1442989 ], [ 17.15123977, 48.14431674 ], [ 17.1512332, 48.14439449 ], [ 17.15121833, 48.14444121 ], [ 17.15119554, 48.1445127 ], [ 17.15119065, 48.1445281 ], [ 17.15115886, 48.144628 ], [ 17.15122671, 48.14463122 ], [ 17.15125399, 48.14463126 ], [ 17.15139424, 48.14463168 ], [ 17.15143453, 48.14462961 ], [ 17.15144863, 48.14462839 ], [ 17.15147024, 48.14462659 ], [ 17.15159993, 48.14461555 ], [ 17.15163987, 48.14461219 ], [ 17.15166574, 48.14460995 ], [ 17.1516829, 48.14454712 ], [ 17.15178476, 48.14417481 ], [ 17.15173961, 48.14402263 ], [ 17.15181812, 48.143904 ], [ 17.15190019, 48.1437689 ], [ 17.15191227, 48.14375055 ], [ 17.15189531, 48.1437457 ], [ 17.15187629, 48.14374017 ], [ 17.15184976, 48.1437325 ], [ 17.15181822, 48.14370426 ], [ 17.15175684, 48.14364914 ], [ 17.15170949, 48.14360662 ], [ 17.15170627, 48.14360379 ], [ 17.15167426, 48.14357514 ], [ 17.1516137, 48.1435208 ], [ 17.15157016, 48.14348171 ], [ 17.15154291, 48.14345727 ], [ 17.15151803, 48.14345749 ], [ 17.15147233, 48.14345785 ], [ 17.15145285, 48.14345807 ], [ 17.15140033, 48.14345886 ], [ 17.15138333, 48.1429548 ], [ 17.15135461, 48.14289086 ], [ 17.15121363, 48.14290512 ], [ 17.15113666, 48.14280014 ], [ 17.15101896, 48.142685 ], [ 17.15093401, 48.14261952 ], [ 17.15084606, 48.14255971 ], [ 17.15059742, 48.14243339 ], [ 17.15022679, 48.142301 ], [ 17.1502254, 48.14230308 ], [ 17.15022197, 48.14230791 ], [ 17.15013351, 48.14228015 ], [ 17.15012048, 48.14227792 ], [ 17.15010694, 48.14227366 ], [ 17.15009586, 48.1422683 ], [ 17.1498294, 48.14218497 ], [ 17.14980489, 48.14219525 ], [ 17.1500923, 48.14228117 ], [ 17.15040858, 48.14247217 ], [ 17.15040107, 48.14256503 ], [ 17.15083187, 48.14257765 ], [ 17.15091219, 48.1426326 ], [ 17.15099533, 48.14269479 ], [ 17.15111246, 48.14281017 ], [ 17.15116261, 48.14287176 ], [ 17.15122738, 48.14296986 ], [ 17.15128975, 48.14310359 ], [ 17.15131948, 48.14322003 ], [ 17.15134753, 48.14343279 ], [ 17.15136342, 48.14350663 ], [ 17.15135988, 48.14362335 ], [ 17.15134848, 48.14379414 ] ] ] } },
{ "type": "Feature", "properties": { "@featureType": "CadastralParcel", "areaValue": { "value": 581, "@uom": "m2" }, "beginLifespanVersion": { "@nilReason": "http://inspire.ec.europa.eu/codelist/VoidReasonValue/Unpopulated", "@nil": "true" }, "endLifespanVersion": { "@nilReason": "http://inspire.ec.europa.eu/codelist/VoidReasonValue/Unpopulated", "@nil": "true" }, "inspireId": { "@dataType": "Identifier", "localId": "804274_15371.E", "namespace": "SK.ESKN.CP", "versionId": "20261005T06:10:47" }, "label": "15371", "nationalCadastralReference": "804274_15371.E", "referencePoint": { "type": "Point", "coordinates": [ 17.14665208, 48.14207044 ] }, "validFrom": "2026-09-30T16:00:00Z", "validTo": { "@nilReason": "http://inspire.ec.europa.eu/codelist/VoidReasonValue/Unpopulated", "@nil": "true" }, "administrativeUnit": { "@href": "#auAdmUnitS.2397" } }, "geometry": { "type": "Polygon", "coordinates": [ [ [ 17.14643114, 48.14219574 ], [ 17.14663287, 48.1421216 ], [ 17.14722385, 48.14190922 ], [ 17.14724461, 48.14185296 ], [ 17.14716947, 48.14185512 ], [ 17.14703641, 48.14189747 ], [ 17.14685216, 48.14195599 ], [ 17.14667102, 48.14201363 ], [ 17.14665693, 48.14201927 ], [ 17.14637038, 48.14213379 ], [ 17.14643114, 48.14219574 ] ] ] } },
{ "type": "Feature", "properties": { "@featureType": "CadastralParcel", "areaValue": { "value": 34, "@uom": "m2" }, "beginLifespanVersion": { "@nilReason": "http://inspire.ec.europa.eu/codelist/VoidReasonValue/Unpopulated", "@nil": "true" }, "endLifespanVersion": { "@nilReason": "http://inspire.ec.europa.eu/codelist/VoidReasonValue/Unpopulated", "@nil": "true" }, "inspireId": { "@dataType": "Identifier", "localId": "804274_15372.E", "namespace": "SK.ESKN.CP", "versionId": "20261005T06:10:47" }, "label": "15372", "nationalCadastralReference": "804274_15372.E", "referencePoint": { "type": "Point", "coordinates": [ 17.14726816, 48.14188109 ] }, "validFrom": "2026-09-30T16:00:00Z", "validTo": { "@nilReason": "http://inspire.ec.europa.eu/codelist/VoidReasonValue/Unpopulated", "@nil": "true" }, "administrativeUnit": { "@href": "#auAdmUnitS.2397" } }, "geometry": { "type": "Polygon", "coordinates": [ [ [ 17.14722385, 48.14190922 ], [ 17.14739233, 48.14184865 ], [ 17.14724461, 48.14185296 ], [ 17.14722385, 48.14190922 ] ] ] } },
{ "type": "Feature", "properties": { "@featureType": "CadastralParcel", "areaValue": { "value": 214, "@uom": "m2" }, "beginLifespanVersion": { "@nilReason": "http://inspire.ec.europa.eu/codelist/VoidReasonValue/Unpopulated", "@nil": "true" }, "endLifespanVersion": { "@nilReason": "http://inspire.ec.europa.eu/codelist/VoidReasonValue/Unpopulated", "@nil": "true" }, "inspireId": { "@dataType": "Identifier", "localId": "804274_15373/2.E", "namespace": "SK.ESKN.CP", "versionId": "20261005T06:10:47" }, "label": "15373/2", "nationalCadastralReference": "804274_15373/2.E", "referencePoint": { "type": "Point", "coordinates": [ 17.14688902, 48.14203761 ] }, "validFrom": "2026-09-30T16:00:00Z", "validTo": { "@nilReason": "http://inspire.ec.europa.eu/codelist/VoidReasonValue/Unpopulated", "@nil": "true" }, "administrativeUnit": { "@href": "#auAdmUnitS.2397" } }, "geometry": { "type": "Polygon", "coordinates": [ [ [ 17.14596152, 48.14238693 ], [ 17.14644406, 48.14220945 ], [ 17.14713991, 48.14195363 ], [ 17.14744959, 48.14184691 ], [ 17.14739233, 48.14184865 ], [ 17.14722385, 48.14190922 ], [ 17.14663287, 48.1421216 ], [ 17.14643114, 48.14219574 ], [ 17.14591182, 48.14238602 ], [ 17.14596152, 48.14238693 ] ] ] } },
{ "type": "Feature", "properties": { "@featureType": "CadastralParcel", "areaValue": { "value": 1778, "@uom": "m2" }, "beginLifespanVersion": { "@nilReason": "http://inspire.ec.europa.eu/codelist/VoidReasonValue/Unpopulated", "@nil": "true" }, "endLifespanVersion": { "@nilReason": "http://inspire.ec.europa.eu/codelist/VoidReasonValue/Unpopulated", "@nil": "true" }, "inspireId": { "@dataType": "Identifier", "localId": "804274_15377/1.E", "namespace": "SK.ESKN.CP", "versionId": "20261005T06:10:47" }, "label": "15377/1", "nationalCadastralReference": "804274_15377/1.E", "referencePoint": { "type": "Point", "coordinates": [ 17.14664022, 48.14218565 ] }, "validFrom": "2026-09-30T16:00:00Z", "validTo": { "@nilReason": "http://inspire.ec.europa.eu/codelist/VoidReasonValue/Unpopulated", "@nil": "true" }, "administrativeUnit": { "@href": "#auAdmUnitS.2397" } }, "geometry": { "type": "Polygon", "coordinates": [ [ [ 17.14662585, 48.14240024 ], [ 17.14674098, 48.1424025 ], [ 17.14750265, 48.14241786 ], [ 17.14752957, 48.14241841 ], [ 17.14743124, 48.14230113 ], [ 17.14742483, 48.14229347 ], [ 17.1473005, 48.14214525 ], [ 17.14729891, 48.14214324 ], [ 17.14713991, 48.14195363 ], [ 17.14644406, 48.14220945 ], [ 17.14662585, 48.14240024 ] ], [ [ 17.14738478, 48.14233786 ], [ 17.14734007, 48.14233701 ], [ 17.14729269, 48.14233598 ], [ 17.14724694, 48.14233488 ], [ 17.14720087, 48.14233412 ], [ 17.14715676, 48.14233286 ], [ 17.14711523, 48.14233241 ], [ 17.14707024, 48.14233163 ], [ 17.14702715, 48.1423308 ], [ 17.14698119, 48.14232932 ], [ 17.14698367, 48.14228421 ], [ 17.14702964, 48.14228559 ], [ 17.14707272, 48.14228651 ], [ 17.14711631, 48.14228765 ], [ 17.14715834, 48.14228832 ], [ 17.14720301, 48.14228943 ], [ 17.1472488, 48.14229026 ], [ 17.14729431, 48.14229117 ], [ 17.14734168, 48.14229229 ], [ 17.14738618, 48.14229276 ], [ 17.14738478, 48.14233786 ] ], [ [ 17.14696826, 48.14232908 ], [ 17.14692469, 48.14232786 ], [ 17.14687866, 48.14232683 ], [ 17.14683254, 48.14232634 ], [ 17.14678837, 48.14232552 ], [ 17.14674334, 48.14232502 ], [ 17.14669919, 48.14232402 ], [ 17.14665504, 48.14232303 ], [ 17.14661003, 48.14232243 ], [ 17.14656369, 48.14232165 ], [ 17.14656639, 48.14227682 ], [ 17.14661216, 48.14227783 ], [ 17.14665637, 48.14227838 ], [ 17.14670188, 48.14227928 ], [ 17.14674523, 48.14228022 ], [ 17.14679078, 48.14228086 ], [ 17.14683519, 48.14228187 ], [ 17.14688128, 48.14228254 ], [ 17.1469268, 48.14228335 ], [ 17.14697043, 48.14228422 ], [ 17.14696826, 48.14232908 ] ], [ [ 17.14729719, 48.1421932 ], [ 17.14725194, 48.14219241 ], [ 17.14720612, 48.14219175 ], [ 17.1471638, 48.14219116 ], [ 17.14712229, 48.14219061 ], [ 17.14708105, 48.14219 ], [ 17.14708338, 48.14214234 ], [ 17.1470862, 48.14209137 ], [ 17.14712692, 48.14209177 ], [ 17.14716867, 48.14209251 ], [ 17.14721072, 48.14209309 ], [ 17.14725544, 48.14209385 ], [ 17.14725364, 48.14214525 ], [ 17.14729875, 48.14214522 ], [ 17.14729719, 48.1421932 ] ], [ [ 17.14701254, 48.14219116 ], [ 17.14696764, 48.14218984 ], [ 17.14692757, 48.14218867 ], [ 17.14688314, 48.14218775 ], [ 17.14683791, 48.14218678 ], [ 17.14679481, 48.14218604 ], [ 17.14674847, 48.14218526 ], [ 17.14670512, 48.14218432 ], [ 17.14670784, 48.14213579 ], [ 17.1467512, 48.14213664 ], [ 17.14679731, 48.14213713 ], [ 17.14680018, 48.14208589 ], [ 17.14684299, 48.14208679 ], [ 17.14688763, 48.14208809 ], [ 17.14693347, 48.14208856 ], [ 17.14697254, 48.14208921 ], [ 17.14701753, 48.14208999 ], [ 17.14701474, 48.14214078 ], [ 17.14701254, 48.14219116 ] ] ] } },
{ "type": "Feature", "properties": { "@featureType": "CadastralParcel", "areaValue": { "value": 1424, "@uom": "m2" }, "beginLifespanVersion": { "@nilReason": "http://inspire.ec.europa.eu/codelist/VoidReasonValue/Unpopulated", "@nil": "true" }, "endLifespanVersion": { "@nilReason": "http://inspire.ec.europa.eu/codelist/VoidReasonValue/Unpopulated", "@nil": "true" }, "inspireId": { "@dataType": "Identifier", "localId": "804274_15381/1.E", "namespace": "SK.ESKN.CP", "versionId": "20261005T06:10:47" }, "label": "15381/1", "nationalCadastralReference": "804274_15381/1.E", "referencePoint": { "type": "Point", "coordinates": [ 17.14982045, 48.14235777 ] }, "validFrom": "2026-09-30T16:00:00Z", "validTo": { "@nilReason": "http://inspire.ec.europa.eu/codelist/VoidReasonValue/Unpopulated", "@nil": "true" }, "administrativeUnit": { "@href": "#auAdmUnitS.2397" } }, "geometry": { "type": "Polygon", "coordinates": [ [ [ 17.14920961, 48.14245155 ], [ 17.14925135, 48.14245237 ], [ 17.1498088, 48.14246333 ], [ 17.14987572, 48.14246468 ], [ 17.15040858, 48.14247217 ], [ 17.1500923, 48.14228117 ], [ 17.14980503, 48.14219526 ], [ 17.14935189, 48.14238739 ], [ 17.14929871, 48.14241137 ], [ 17.14934564, 48.14241273 ], [ 17.14934425, 48.14243451 ], [ 17.14929235, 48.142433 ], [ 17.14929364, 48.14241365 ], [ 17.14920961, 48.14245155 ] ], [ [ 17.14964586, 48.14229795 ], [ 17.14964456, 48.14232815 ], [ 17.14956969, 48.14232671 ], [ 17.14957114, 48.14229644 ], [ 17.14964586, 48.14229795 ] ] ] } },
{ "type": "Feature", "properties": { "@featureType": "CadastralParcel", "areaValue": { "value": 843, "@uom": "m2" }, "beginLifespanVersion": { "@nilReason": "http://inspire.ec.europa.eu/codelist/VoidReasonValue/Unpopulated", "@nil": "true" }, "endLifespanVersion": { "@nilReason": "http://inspire.ec.europa.eu/codelist/VoidReasonValue/Unpopulated", "@nil": "true" }, "inspireId": { "@dataType": "Identifier", "localId": "804274_1811/30.E", "namespace": "SK.ESKN.CP", "versionId": "20261005T06:10:47" }, "label": "1811/30", "nationalCadastralReference": "804274_1811/30.E", "referencePoint": { "type": "Point", "coordinates": [ 17.14559249, 48.14206331 ] }, "validFrom": "2026-09-30T16:00:00Z", "validTo": { "@nilReason": "http://inspire.ec.europa.eu/codelist/VoidReasonValue/Unpopulated", "@nil": "true" }, "administrativeUnit": { "@href": "#auAdmUnitS.2397" } }, "geometry": { "type": "Polygon", "coordinates": [ [ [ 17.14586518, 48.14189531 ], [ 17.14584044, 48.14190539 ], [ 17.14566062, 48.1419784 ], [ 17.14552817, 48.14203553 ], [ 17.14538866, 48.1420911 ], [ 17.14524699, 48.14214932 ], [ 17.14507308, 48.14222254 ], [ 17.14501741, 48.14224517 ], [ 17.14503073, 48.14224996 ], [ 17.14512969, 48.14228783 ], [ 17.14560526, 48.14210644 ], [ 17.14617648, 48.14190332 ], [ 17.14622826, 48.14188413 ], [ 17.14586518, 48.14189531 ] ] ] } },
{ "type": "Feature", "properties": { "@featureType": "CadastralParcel", "areaValue": { "value": 317, "@uom": "m2" }, "beginLifespanVersion": { "@nilReason": "http://inspire.ec.europa.eu/codelist/VoidReasonValue/Unpopulated", "@nil": "true" }, "endLifespanVersion": { "@nilReason": "http://inspire.ec.europa.eu/codelist/VoidReasonValue/Unpopulated", "@nil": "true" }, "inspireId": { "@dataType": "Identifier", "localId": "804274_1811/312.E", "namespace": "SK.ESKN.CP", "versionId": "20261005T06:10:47" }, "label": "1811/312", "nationalCadastralReference": "804274_1811/312.E", "referencePoint": { "type": "Point", "coordinates": [ 17.14470336, 48.14210709 ] }, "validFrom": "2026-09-30T16:00:00Z", "validTo": { "@nilReason": "http://inspire.ec.europa.eu/codelist/VoidReasonValue/Unpopulated", "@nil": "true" }, "administrativeUnit": { "@href": "#auAdmUnitS.2397" } }, "geometry": { "type": "Polygon", "coordinates": [ [ [ 17.14420538, 48.14194665 ], [ 17.14442303, 48.1420276 ], [ 17.14446804, 48.14204529 ], [ 17.14458114, 48.1420861 ], [ 17.14475422, 48.14214913 ], [ 17.1448187, 48.14217291 ], [ 17.14501741, 48.14224517 ], [ 17.14507308, 48.14222254 ], [ 17.14482154, 48.14212809 ], [ 17.14468764, 48.14207566 ], [ 17.14456266, 48.14202863 ], [ 17.14441303, 48.14197215 ], [ 17.14433537, 48.14194259 ], [ 17.14420538, 48.14194665 ] ] ] } },
{ "type": "Feature", "properties": { "@featureType": "CadastralParcel", "areaValue": { "value": 2804, "@uom": "m2" }, "beginLifespanVersion": { "@nilReason": "http://inspire.ec.europa.eu/codelist/VoidReasonValue/Unpopulated", "@nil": "true" }, "endLifespanVersion": { "@nilReason": "http://inspire.ec.europa.eu/codelist/VoidReasonValue/Unpopulated", "@nil": "true" }, "inspireId": { "@dataType": "Identifier", "localId": "804274_1812/1.E", "namespace": "SK.ESKN.CP", "versionId": "20261005T06:10:47" }, "label": "1812/1", "nationalCadastralReference": "804274_1812/1.E", "referencePoint": { "type": "Point", "coordinates": [ 17.145987, 48.14212012 ] }, "validFrom": "2026-09-30T16:00:00Z", "validTo": { "@nilReason": "http://inspire.ec.europa.eu/codelist/VoidReasonValue/Unpopulated", "@nil": "true" }, "administrativeUnit": { "@href": "#auAdmUnitS.2397" } }, "geometry": { "type": "Polygon", "coordinates": [ [ [ 17.14622826, 48.14188413 ], [ 17.14617648, 48.14190332 ], [ 17.14560526, 48.14210644 ], [ 17.14512969, 48.14228783 ], [ 17.14516235, 48.14229781 ], [ 17.14519576, 48.14231 ], [ 17.14537578, 48.1423754 ], [ 17.14556375, 48.14237914 ], [ 17.14574903, 48.1423828 ], [ 17.14637038, 48.14213379 ], [ 17.14665693, 48.14201927 ], [ 17.14627372, 48.14188268 ], [ 17.14622826, 48.14188413 ] ] ] } },
{ "type": "Feature", "properties": { "@featureType": "CadastralParcel", "areaValue": { "value": 159, "@uom": "m2" }, "beginLifespanVersion": { "@nilReason": "http://inspire.ec.europa.eu/codelist/VoidReasonValue/Unpopulated", "@nil": "true" }, "endLifespanVersion": { "@nilReason": "http://inspire.ec.europa.eu/codelist/VoidReasonValue/Unpopulated", "@nil": "true" }, "inspireId": { "@dataType": "Identifier", "localId": "804274_1812/2.E", "namespace": "SK.ESKN.CP", "versionId": "20261005T06:10:47" }, "label": "1812/2", "nationalCadastralReference": "804274_1812/2.E", "referencePoint": { "type": "Point", "coordinates": [ 17.14653157, 48.14195098 ] }, "validFrom": "2026-09-30T16:00:00Z", "validTo": { "@nilReason": "http://inspire.ec.europa.eu/codelist/VoidReasonValue/Unpopulated", "@nil": "true" }, "administrativeUnit": { "@href": "#auAdmUnitS.2397" } }, "geometry": { "type": "Polygon", "coordinates": [ [ [ 17.14627372, 48.14188268 ], [ 17.14665693, 48.14201927 ], [ 17.14653179, 48.1418747 ], [ 17.14627372, 48.14188268 ] ] ] } },
{ "type": "Feature", "properties": { "@featureType": "CadastralParcel", "areaValue": { "value": 239, "@uom": "m2" }, "beginLifespanVersion": { "@nilReason": "http://inspire.ec.europa.eu/codelist/VoidReasonValue/Unpopulated", "@nil": "true" }, "endLifespanVersion": { "@nilReason": "http://inspire.ec.europa.eu/codelist/VoidReasonValue/Unpopulated", "@nil": "true" }, "inspireId": { "@dataType": "Identifier", "localId": "804274_1812/3.E", "namespace": "SK.ESKN.CP", "versionId": "20261005T06:10:47" }, "label": "1812/3", "nationalCadastralReference": "804274_1812/3.E", "referencePoint": { "type": "Point", "coordinates": [ 17.14669078, 48.14191534 ] }, "validFrom": "2026-09-30T16:00:00Z", "validTo": { "@nilReason": "http://inspire.ec.europa.eu/codelist/VoidReasonValue/Unpopulated", "@nil": "true" }, "administrativeUnit": { "@href": "#auAdmUnitS.2397" } }, "geometry": { "type": "Polygon", "coordinates": [ [ [ 17.14665693, 48.14201927 ], [ 17.14667102, 48.14201363 ], [ 17.14685216, 48.14195599 ], [ 17.14677019, 48.1418673 ], [ 17.14653179, 48.1418747 ], [ 17.14665693, 48.14201927 ] ] ] } },
{ "type": "Feature", "properties": { "@featureType": "CadastralParcel", "areaValue": { "value": 124, "@uom": "m2" }, "beginLifespanVersion": { "@nilReason": "http://inspire.ec.europa.eu/codelist/VoidReasonValue/Unpopulated", "@nil": "true" }, "endLifespanVersion": { "@nilReason": "http://inspire.ec.europa.eu/codelist/VoidReasonValue/Unpopulated", "@nil": "true" }, "inspireId": { "@dataType": "Identifier", "localId": "804274_1812/4.E", "namespace": "SK.ESKN.CP", "versionId": "20261005T06:10:47" }, "label": "1812/4", "nationalCadastralReference": "804274_1812/4.E", "referencePoint": { "type": "Point", "coordinates": [ 17.1468847, 48.14192673 ] }, "validFrom": "2026-09-30T16:00:00Z", "validTo": { "@nilReason": "http://inspire.ec.europa.eu/codelist/VoidReasonValue/Unpopulated", "@nil": "true" }, "administrativeUnit": { "@href": "#auAdmUnitS.2397" } }, "geometry": { "type": "Polygon", "coordinates": [ [ [ 17.14685216, 48.14195599 ], [ 17.14703641, 48.14189747 ], [ 17.14700193, 48.14186016 ], [ 17.14677019, 48.1418673 ], [ 17.14685216, 48.14195599 ] ] ] } },
{ "type": "Feature", "properties": { "@featureType": "CadastralParcel", "areaValue": { "value": 27, "@uom": "m2" }, "beginLifespanVersion": { "@nilReason": "http://inspire.ec.europa.eu/codelist/VoidReasonValue/Unpopulated", "@nil": "true" }, "endLifespanVersion": { "@nilReason": "http://inspire.ec.europa.eu/codelist/VoidReasonValue/Unpopulated", "@nil": "true" }, "inspireId": { "@dataType": "Identifier", "localId": "804274_1812/5.E", "namespace": "SK.ESKN.CP", "versionId": "20261005T06:10:47" }, "label": "1812/5", "nationalCadastralReference": "804274_1812/5.E", "referencePoint": { "type": "Point", "coordinates": [ 17.14705709, 48.14187882 ] }, "validFrom": "2026-09-30T16:00:00Z", "validTo": { "@nilReason": "http://inspire.ec.europa.eu/codelist/VoidReasonValue/Unpopulated", "@nil": "true" }, "administrativeUnit": { "@href": "#auAdmUnitS.2397" } }, "geometry": { "type": "Polygon", "coordinates": [ [ [ 17.14703641, 48.14189747 ], [ 17.14716947, 48.14185512 ], [ 17.14708809, 48.14185748 ], [ 17.14700193, 48.14186016 ], [ 17.14703641, 48.14189747 ] ] ] } },
{ "type": "Feature", "properties": { "@featureType": "CadastralParcel", "areaValue": { "value": 399, "@uom": "m2" }, "beginLifespanVersion": { "@nilReason": "http://inspire.ec.europa.eu/codelist/VoidReasonValue/Unpopulated", "@nil": "true" }, "endLifespanVersion": { "@nilReason": "http://inspire.ec.europa.eu/codelist/VoidReasonValue/Unpopulated", "@nil": "true" }, "inspireId": { "@dataType": "Identifier", "localId": "804274_1813/1.E", "namespace": "SK.ESKN.CP", "versionId": "20261005T06:10:47" }, "label": "1813/1", "nationalCadastralReference": "804274_1813/1.E", "referencePoint": { "type": "Point", "coordinates": [ 17.14489796, 48.14204151 ] }, "validFrom": "2026-09-30T16:00:00Z", "validTo": { "@nilReason": "http://inspire.ec.europa.eu/codelist/VoidReasonValue/Unpopulated", "@nil": "true" }, "administrativeUnit": { "@href": "#auAdmUnitS.2397" } }, "geometry": { "type": "Polygon", "coordinates": [ [ [ 17.14505876, 48.14191977 ], [ 17.14497987, 48.14194951 ], [ 17.14468764, 48.14207566 ], [ 17.14482154, 48.14212809 ], [ 17.14511106, 48.14200736 ], [ 17.1452558, 48.14194482 ], [ 17.14532644, 48.14191344 ], [ 17.14505998, 48.14192247 ], [ 17.14505876, 48.14191977 ] ] ] } },
{ "type": "Feature", "properties": { "@featureType": "CadastralParcel", "areaValue": { "value": 85, "@uom": "m2" }, "beginLifespanVersion": { "@nilReason": "http://inspire.ec.europa.eu/codelist/VoidReasonValue/Unpopulated", "@nil": "true" }, "endLifespanVersion": { "@nilReason": "http://inspire.ec.europa.eu/codelist/VoidReasonValue/Unpopulated", "@nil": "true" }, "inspireId": { "@dataType": "Identifier", "localId": "804274_1813/158.E", "namespace": "SK.ESKN.CP", "versionId": "20261005T06:10:47" }, "label": "1813/158", "nationalCadastralReference": "804274_1813/158.E", "referencePoint": { "type": "Point", "coordinates": [ 17.14568837, 48.1419419 ] }, "validFrom": "2026-09-30T16:00:00Z", "validTo": { "@nilReason": "http://inspire.ec.europa.eu/codelist/VoidReasonValue/Unpopulated", "@nil": "true" }, "administrativeUnit": { "@href": "#auAdmUnitS.2397" } }, "geometry": { "type": "Polygon", "coordinates": [ [ [ 17.14559099, 48.14190455 ], [ 17.14566062, 48.1419784 ], [ 17.14584044, 48.14190539 ], [ 17.14582773, 48.14189649 ], [ 17.14559099, 48.14190455 ] ] ] } },
{ "type": "Feature", "properties": { "@featureType": "CadastralParcel", "areaValue": { "value": 155, "@uom": "m2" }, "beginLifespanVersion": { "@nilReason": "http://inspire.ec.europa.eu/codelist/VoidReasonValue/Unpopulated", "@nil": "true" }, "endLifespanVersion": { "@nilReason": "http://inspire.ec.europa.eu/codelist/VoidReasonValue/Unpopulated", "@nil": "true" }, "inspireId": { "@dataType": "Identifier", "localId": "804274_1813/159.E", "namespace": "SK.ESKN.CP", "versionId": "20261005T06:10:47" }, "label": "1813/159", "nationalCadastralReference": "804274_1813/159.E", "referencePoint": { "type": "Point", "coordinates": [ 17.1455346, 48.14194456 ] }, "validFrom": "2026-09-30T16:00:00Z", "validTo": { "@nilReason": "http://inspire.ec.europa.eu/codelist/VoidReasonValue/Unpopulated", "@nil": "true" }, "administrativeUnit": { "@href": "#auAdmUnitS.2397" } }, "geometry": { "type": "Polygon", "coordinates": [ [ [ 17.14540788, 48.14191071 ], [ 17.14552817, 48.14203553 ], [ 17.14566062, 48.1419784 ], [ 17.14559099, 48.14190455 ], [ 17.14540788, 48.14191071 ] ] ] } },
{ "type": "Feature", "properties": { "@featureType": "CadastralParcel", "areaValue": { "value": 220, "@uom": "m2" }, "beginLifespanVersion": { "@nilReason": "http://inspire.ec.europa.eu/codelist/VoidReasonValue/Unpopulated", "@nil": "true" }, "endLifespanVersion": { "@nilReason": "http://inspire.ec.europa.eu/codelist/VoidReasonValue/Unpopulated", "@nil": "true" }, "inspireId": { "@dataType": "Identifier", "localId": "804274_1813/160.E", "namespace": "SK.ESKN.CP", "versionId": "20261005T06:10:47" }, "label": "1813/160", "nationalCadastralReference": "804274_1813/160.E", "referencePoint": { "type": "Point", "coordinates": [ 17.14539073, 48.14199018 ] }, "validFrom": "2026-09-30T16:00:00Z", "validTo": { "@nilReason": "http://inspire.ec.europa.eu/codelist/VoidReasonValue/Unpopulated", "@nil": "true" }, "administrativeUnit": { "@href": "#auAdmUnitS.2397" } }, "geometry": { "type": "Polygon", "coordinates": [ [ [ 17.14538866, 48.1420911 ], [ 17.14552817, 48.14203553 ], [ 17.14540788, 48.14191071 ], [ 17.14532644, 48.14191344 ], [ 17.1452558, 48.14194482 ], [ 17.14538866, 48.1420911 ] ] ] } },
{ "type": "Feature", "properties": { "@featureType": "CadastralParcel", "areaValue": { "value": 241, "@uom": "m2" }, "beginLifespanVersion": { "@nilReason": "http://inspire.ec.europa.eu/codelist/VoidReasonValue/Unpopulated", "@nil": "true" }, "endLifespanVersion": { "@nilReason": "http://inspire.ec.europa.eu/codelist/VoidReasonValue/Unpopulated", "@nil": "true" }, "inspireId": { "@dataType": "Identifier", "localId": "804274_1813/161.E", "namespace": "SK.ESKN.CP", "versionId": "20261005T06:10:47" }, "label": "1813/161", "nationalCadastralReference": "804274_1813/161.E", "referencePoint": { "type": "Point", "coordinates": [ 17.14525089, 48.14204923 ] }, "validFrom": "2026-09-30T16:00:00Z", "validTo": { "@nilReason": "http://inspire.ec.europa.eu/codelist/VoidReasonValue/Unpopulated", "@nil": "true" }, "administrativeUnit": { "@href": "#auAdmUnitS.2397" } }, "geometry": { "type": "Polygon", "coordinates": [ [ [ 17.14524699, 48.14214932 ], [ 17.14538866, 48.1420911 ], [ 17.1452558, 48.14194482 ], [ 17.14511106, 48.14200736 ], [ 17.14524699, 48.14214932 ] ] ] } },
{ "type": "Feature", "properties": { "@featureType": "CadastralParcel", "areaValue": { "value": 297, "@uom": "m2" }, "beginLifespanVersion": { "@nilReason": "http://inspire.ec.europa.eu/codelist/VoidReasonValue/Unpopulated", "@nil": "true" }, "endLifespanVersion": { "@nilReason": "http://inspire.ec.europa.eu/codelist/VoidReasonValue/Unpopulated", "@nil": "true" }, "inspireId": { "@dataType": "Identifier", "localId": "804274_1813/163.E", "namespace": "SK.ESKN.CP", "versionId": "20261005T06:10:47" }, "label": "1813/163", "nationalCadastralReference": "804274_1813/163.E", "referencePoint": { "type": "Point", "coordinates": [ 17.14474194, 48.14198907 ] }, "validFrom": "2026-09-30T16:00:00Z", "validTo": { "@nilReason": "http://inspire.ec.europa.eu/codelist/VoidReasonValue/Unpopulated", "@nil": "true" }, "administrativeUnit": { "@href": "#auAdmUnitS.2397" } }, "geometry": { "type": "Polygon", "coordinates": [ [ [ 17.14464244, 48.14193296 ], [ 17.14456266, 48.14202863 ], [ 17.14468764, 48.14207566 ], [ 17.14497987, 48.14194951 ], [ 17.14495806, 48.14192309 ], [ 17.14464244, 48.14193296 ] ] ] } },
{ "type": "Feature", "properties": { "@featureType": "CadastralParcel", "areaValue": { "value": 105, "@uom": "m2" }, "beginLifespanVersion": { "@nilReason": "http://inspire.ec.europa.eu/codelist/VoidReasonValue/Unpopulated", "@nil": "true" }, "endLifespanVersion": { "@nilReason": "http://inspire.ec.europa.eu/codelist/VoidReasonValue/Unpopulated", "@nil": "true" }, "inspireId": { "@dataType": "Identifier", "localId": "804274_1813/164.E", "namespace": "SK.ESKN.CP", "versionId": "20261005T06:10:47" }, "label": "1813/164", "nationalCadastralReference": "804274_1813/164.E", "referencePoint": { "type": "Point", "coordinates": [ 17.14453702, 48.14200039 ] }, "validFrom": "2026-09-30T16:00:00Z", "validTo": { "@nilReason": "http://inspire.ec.europa.eu/codelist/VoidReasonValue/Unpopulated", "@nil": "true" }, "administrativeUnit": { "@href": "#auAdmUnitS.2397" } }, "geometry": { "type": "Polygon", "coordinates": [ [ [ 17.1444404, 48.14193929 ], [ 17.14441303, 48.14197215 ], [ 17.14456266, 48.14202863 ], [ 17.14464244, 48.14193296 ], [ 17.1444404, 48.14193929 ] ] ] } },
{ "type": "Feature", "properties": { "@featureType": "CadastralParcel", "areaValue": { "value": 14, "@uom": "m2" }, "beginLifespanVersion": { "@nilReason": "http://inspire.ec.europa.eu/codelist/VoidReasonValue/Unpopulated", "@nil": "true" }, "endLifespanVersion": { "@nilReason": "http://inspire.ec.europa.eu/codelist/VoidReasonValue/Unpopulated", "@nil": "true" }, "inspireId": { "@dataType": "Identifier", "localId": "804274_1813/165.E", "namespace": "SK.ESKN.CP", "versionId": "20261005T06:10:47" }, "label": "1813/165", "nationalCadastralReference": "804274_1813/165.E", "referencePoint": { "type": "Point", "coordinates": [ 17.14439977, 48.14195737 ] }, "validFrom": "2026-09-30T16:00:00Z", "validTo": { "@nilReason": "http://inspire.ec.europa.eu/codelist/VoidReasonValue/Unpopulated", "@nil": "true" }, "administrativeUnit": { "@href": "#auAdmUnitS.2397" } }, "geometry": { "type": "Polygon", "coordinates": [ [ [ 17.14433537, 48.14194259 ], [ 17.14441303, 48.14197215 ], [ 17.1444404, 48.14193929 ], [ 17.14433537, 48.14194259 ] ] ] } },
{ "type": "Feature", "properties": { "@featureType": "CadastralParcel", "areaValue": { "value": 11, "@uom": "m2" }, "beginLifespanVersion": { "@nilReason": "http://inspire.ec.europa.eu/codelist/VoidReasonValue/Unpopulated", "@nil": "true" }, "endLifespanVersion": { "@nilReason": "http://inspire.ec.europa.eu/codelist/VoidReasonValue/Unpopulated", "@nil": "true" }, "inspireId": { "@dataType": "Identifier", "localId": "804274_1813/178.E", "namespace": "SK.ESKN.CP", "versionId": "20261005T06:10:47" }, "label": "1813/178", "nationalCadastralReference": "804274_1813/178.E", "referencePoint": { "type": "Point", "coordinates": [ 17.14499193, 48.1419363 ] }, "validFrom": "2026-09-30T16:00:00Z", "validTo": { "@nilReason": "http://inspire.ec.europa.eu/codelist/VoidReasonValue/Unpopulated", "@nil": "true" }, "administrativeUnit": { "@href": "#auAdmUnitS.2397" } }, "geometry": { "type": "Polygon", "coordinates": [ [ [ 17.14495806, 48.14192309 ], [ 17.14497987, 48.14194951 ], [ 17.14505876, 48.14191977 ], [ 17.14495806, 48.14192309 ] ] ] } },
{ "type": "Feature", "properties": { "@featureType": "CadastralParcel", "areaValue": { "value": 164, "@uom": "m2" }, "beginLifespanVersion": { "@nilReason": "http://inspire.ec.europa.eu/codelist/VoidReasonValue/Unpopulated", "@nil": "true" }, "endLifespanVersion": { "@nilReason": "http://inspire.ec.europa.eu/codelist/VoidReasonValue/Unpopulated", "@nil": "true" }, "inspireId": { "@dataType": "Identifier", "localId": "804274_9215/102.E", "namespace": "SK.ESKN.CP", "versionId": "20261005T06:10:47" }, "label": "9215/102", "nationalCadastralReference": "804274_9215/102.E", "referencePoint": { "type": "Point", "coordinates": [ 17.14411538, 48.14197866 ] }, "validFrom": "2026-09-30T16:00:00Z", "validTo": { "@nilReason": "http://inspire.ec.europa.eu/codelist/VoidReasonValue/Unpopulated", "@nil": "true" }, "administrativeUnit": { "@href": "#auAdmUnitS.2397" } }, "geometry": { "type": "Polygon", "coordinates": [ [ [ 17.14374144, 48.14195861 ], [ 17.14413717, 48.14199872 ], [ 17.14442303, 48.1420276 ], [ 17.14420538, 48.14194665 ], [ 17.14419249, 48.14194704 ], [ 17.14418484, 48.14194761 ], [ 17.14407807, 48.14195089 ], [ 17.14374144, 48.14195861 ] ] ] } }
]
}
