{
"type": "FeatureCollection",
"name": "gis",
"crs": { "type": "name", "properties": { "name": "urn:ogc:def:crs:OGC:1.3:CRS84" } },
"features": [
{ "type": "Feature", "properties": { "@featureType": "CadastralZoning", "beginLifespanVersion": { "@nilReason": "http://inspire.ec.europa.eu/codelist/VoidReasonValue/Unpopulated", "@nil": "true" }, "endLifespanVersion": { "@nilReason": "http://inspire.ec.europa.eu/codelist/VoidReasonValue/Unpopulated", "@nil": "true" }, "estimatedAccuracy": { "value": -1, "@uom": "m" }, "inspireId": { "@dataType": "Identifier", "localId": "818577", "namespace": "SK.ESKN.CP", "versionId": "20260703T04:07:40" }, "label": "Horovce", "level": { "@href": "http://inspire.ec.europa.eu/codelist/CadastralZoningLevelValue/3rdOrder" }, "levelName": { "value": "Katastrálne územie", "@locale": "sk" }, "name": { "@dataType": "name", "GeographicalName": { "@dataType": "GeographicalName", "language": "SLK", "nativeness": { "@href": "http://inspire.ec.europa.eu/codelist/NativenessValue/endonym", "@title": "endonym" }, "nameStatus": { "@href": "http://inspire.ec.europa.eu/codelist/NameStatusValue/official", "@title": "official" }, "sourceOfName": { "@nilReason": "http://inspire.ec.europa.eu/codelist/VoidReasonValue/Unpopulated", "@nil": "true" }, "pronunciation": { "@dataType": "pronunciation", "@nilReason": "http://inspire.ec.europa.eu/codelist/VoidReasonValue/Unpopulated", "@nil": "true" }, "spelling": { "@dataType": "SpellingOfName", "text": "Horovce", "script": "LATN" } } }, "nationalCadastalZoningReference": "818577", "validFrom": "2026-06-30T16:00:00Z", "validTo": { "@nilReason": "http://inspire.ec.europa.eu/codelist/VoidReasonValue/Unpopulated", "@nil": "true" } }, "geometry": { "type": "MultiPolygon", "coordinates": [ [ [ [ 21.78172256, 48.72218646 ], [ 21.78180666, 48.72212036 ], [ 21.78191295, 48.72206988 ], [ 21.78209392, 48.72189725 ], [ 21.78210052, 48.72180346 ], [ 21.78203938, 48.72168026 ], [ 21.78186227, 48.72158523 ], [ 21.78140508, 48.72142035 ], [ 21.78138302, 48.72137549 ], [ 21.78136332, 48.72129145 ], [ 21.78144961, 48.72119354 ], [ 21.78147928, 48.72101468 ], [ 21.7817071, 48.7206604 ], [ 21.78182244, 48.72060619 ], [ 21.78194262, 48.7205847 ], [ 21.78232971, 48.72051543 ], [ 21.78237532, 48.72051474 ], [ 21.78266502, 48.72051067 ], [ 21.78283465, 48.7205083 ], [ 21.78299639, 48.72050599 ], [ 21.78301542, 48.72050856 ], [ 21.7832294, 48.72053769 ], [ 21.78344878, 48.72056758 ], [ 21.78380606, 48.7205256 ], [ 21.78438112, 48.72049484 ], [ 21.78464183, 48.72040081 ], [ 21.78521724, 48.7201356 ], [ 21.78537228, 48.72013167 ], [ 21.7859295, 48.72036819 ], [ 21.78608324, 48.72041067 ], [ 21.78626863, 48.72044255 ], [ 21.78745146, 48.72057006 ], [ 21.78755026, 48.72058067 ], [ 21.78759107, 48.72058507 ], [ 21.78760802, 48.7205883 ], [ 21.78765642, 48.72059777 ], [ 21.78771397, 48.72060891 ], [ 21.78781473, 48.72056413 ], [ 21.78844944, 48.72023548 ], [ 21.78876191, 48.72016044 ], [ 21.78904457, 48.72014447 ], [ 21.78923766, 48.72015692 ], [ 21.78974303, 48.7201586 ], [ 21.78989478, 48.72012091 ], [ 21.79006144, 48.72001396 ], [ 21.79021101, 48.71987199 ], [ 21.79087934, 48.71924792 ], [ 21.79125777, 48.71889182 ], [ 21.79143186, 48.71872205 ], [ 21.79165069, 48.71850936 ], [ 21.79181312, 48.71827539 ], [ 21.79189111, 48.718023 ], [ 21.79188776, 48.71774993 ], [ 21.79179278, 48.71749219 ], [ 21.79158086, 48.71721562 ], [ 21.79156869, 48.71720315 ], [ 21.79147001, 48.71712261 ], [ 21.79120166, 48.71695248 ], [ 21.79082204, 48.7167463 ], [ 21.79035451, 48.71649775 ], [ 21.78982767, 48.71621318 ], [ 21.78975182, 48.71613981 ], [ 21.789725, 48.7160338 ], [ 21.78974709, 48.71598299 ], [ 21.78978368, 48.71589908 ], [ 21.78987633, 48.71578541 ], [ 21.78990584, 48.71575837 ], [ 21.79038452, 48.71531778 ], [ 21.79055161, 48.71523964 ], [ 21.79098827, 48.71501638 ], [ 21.7912639, 48.71479304 ], [ 21.79166222, 48.71446977 ], [ 21.79190736, 48.71436001 ], [ 21.79265914, 48.71411415 ], [ 21.79292854, 48.71396264 ], [ 21.79301582, 48.71383173 ], [ 21.79307341, 48.71330447 ], [ 21.793103, 48.71294262 ], [ 21.79303754, 48.71271644 ], [ 21.79296365, 48.71234062 ], [ 21.79282695, 48.71215027 ], [ 21.79274374, 48.71201848 ], [ 21.79264661, 48.71180343 ], [ 21.79260635, 48.71170823 ], [ 21.79263892, 48.71162989 ], [ 21.79297616, 48.71130411 ], [ 21.79350395, 48.71093932 ], [ 21.79374366, 48.7106657 ], [ 21.79440207, 48.7101885 ], [ 21.7948204, 48.70991381 ], [ 21.79487234, 48.70977099 ], [ 21.79479485, 48.70956177 ], [ 21.79480635, 48.70949466 ], [ 21.79486959, 48.70937211 ], [ 21.79500601, 48.70921071 ], [ 21.79509114, 48.70918127 ], [ 21.79515527, 48.70916864 ], [ 21.79525316, 48.70916455 ], [ 21.79571524, 48.70920583 ], [ 21.79583632, 48.70920289 ], [ 21.79587819, 48.709185 ], [ 21.79580731, 48.70912868 ], [ 21.79576155, 48.70908662 ], [ 21.79551165, 48.70899258 ], [ 21.79529606, 48.7089115 ], [ 21.79338637, 48.70825458 ], [ 21.79275737, 48.70803744 ], [ 21.79111012, 48.70746819 ], [ 21.79109519, 48.70746303 ], [ 21.79101419, 48.70743507 ], [ 21.790997, 48.70742913 ], [ 21.78867727, 48.70662742 ], [ 21.78808376, 48.70642227 ], [ 21.78787727, 48.70635086 ], [ 21.78784076, 48.70633829 ], [ 21.78767357, 48.70628052 ], [ 21.78879861, 48.7036434 ], [ 21.78829828, 48.70289473 ], [ 21.78807274, 48.70254516 ], [ 21.78734535, 48.70244628 ], [ 21.78643299, 48.70218971 ], [ 21.78593722, 48.70212859 ], [ 21.78528492, 48.70220368 ], [ 21.78329233, 48.70101625 ], [ 21.78323378, 48.70093397 ], [ 21.78321936, 48.7009137 ], [ 21.78315083, 48.70082099 ], [ 21.78312443, 48.70078519 ], [ 21.78312066, 48.70078014 ], [ 21.78309884, 48.70074267 ], [ 21.78322375, 48.69994537 ], [ 21.78382039, 48.69785788 ], [ 21.78430518, 48.69712614 ], [ 21.7847798, 48.69656108 ], [ 21.78528794, 48.69595605 ], [ 21.78679072, 48.69471297 ], [ 21.78598838, 48.69427495 ], [ 21.78549115, 48.69391804 ], [ 21.78493811, 48.69346066 ], [ 21.78481047, 48.69320465 ], [ 21.78493044, 48.69293006 ], [ 21.7852402, 48.69269584 ], [ 21.78567772, 48.69251205 ], [ 21.78580683, 48.69238378 ], [ 21.78606941, 48.69231725 ], [ 21.78609963, 48.69222381 ], [ 21.78612348, 48.69215036 ], [ 21.78614317, 48.69208968 ], [ 21.78616003, 48.69203747 ], [ 21.78593564, 48.69183283 ], [ 21.78570669, 48.69172672 ], [ 21.78374451, 48.69151015 ], [ 21.78328767, 48.69154275 ], [ 21.78316118, 48.69159342 ], [ 21.78309776, 48.69163531 ], [ 21.78300799, 48.69169469 ], [ 21.78282438, 48.69230881 ], [ 21.78274973, 48.69255534 ], [ 21.78260299, 48.69268288 ], [ 21.78238307, 48.69270228 ], [ 21.78230347, 48.69277813 ], [ 21.78201679, 48.69260559 ], [ 21.78183864, 48.69224484 ], [ 21.78168618, 48.69173059 ], [ 21.78147198, 48.69150137 ], [ 21.78070485, 48.6913248 ], [ 21.78026129, 48.69122031 ], [ 21.78011705, 48.69115026 ], [ 21.78008178, 48.69113313 ], [ 21.77992435, 48.69105643 ], [ 21.77978529, 48.69095223 ], [ 21.77961736, 48.69082647 ], [ 21.77942288, 48.69068085 ], [ 21.77921489, 48.69056789 ], [ 21.77913972, 48.69052703 ], [ 21.77862957, 48.69025741 ], [ 21.77835536, 48.68999132 ], [ 21.77830353, 48.68997384 ], [ 21.77779693, 48.68989369 ], [ 21.77784959, 48.68960625 ], [ 21.77922346, 48.68582787 ], [ 21.77983686, 48.68397467 ], [ 21.78032648, 48.6840604 ], [ 21.78045454, 48.68408277 ], [ 21.78195341, 48.68403536 ], [ 21.78221873, 48.68373958 ], [ 21.78239005, 48.68339497 ], [ 21.78251013, 48.68237002 ], [ 21.78232709, 48.6820527 ], [ 21.78114108, 48.68159777 ], [ 21.78110977, 48.68158956 ], [ 21.78070045, 48.68148201 ], [ 21.78155008, 48.67854445 ], [ 21.78164233, 48.67809983 ], [ 21.7816301, 48.67776073 ], [ 21.78130275, 48.67574635 ], [ 21.78100652, 48.67323543 ], [ 21.78137804, 48.67323578 ], [ 21.78166124, 48.67323839 ], [ 21.78175726, 48.6732393 ], [ 21.78165829, 48.67315406 ], [ 21.78191473, 48.67215962 ], [ 21.78215535, 48.67122695 ], [ 21.78295205, 48.66813705 ], [ 21.78325985, 48.6676505 ], [ 21.78335489, 48.66750045 ], [ 21.78368452, 48.66639039 ], [ 21.78396622, 48.66557589 ], [ 21.78420055, 48.6648984 ], [ 21.78422444, 48.66454594 ], [ 21.78424134, 48.66429626 ], [ 21.78418201, 48.6638363 ], [ 21.78390553, 48.66364829 ], [ 21.78369809, 48.66360007 ], [ 21.78241646, 48.66326682 ], [ 21.78195705, 48.66314742 ], [ 21.78172899, 48.6630559 ], [ 21.78167672, 48.6630349 ], [ 21.78158557, 48.66299829 ], [ 21.78161673, 48.66292747 ], [ 21.78170313, 48.6627312 ], [ 21.78191699, 48.66224524 ], [ 21.78192437, 48.66222185 ], [ 21.78214398, 48.66153182 ], [ 21.78226442, 48.66115329 ], [ 21.78227324, 48.66112634 ], [ 21.7822915, 48.66106895 ], [ 21.78234397, 48.66090355 ], [ 21.78255726, 48.66023243 ], [ 21.78277359, 48.6595514 ], [ 21.78289137, 48.65918081 ], [ 21.78290344, 48.6591427 ], [ 21.78290929, 48.65912449 ], [ 21.78291262, 48.65911648 ], [ 21.78292199, 48.65909404 ], [ 21.78293469, 48.65906351 ], [ 21.78299657, 48.65872105 ], [ 21.78304427, 48.65845626 ], [ 21.7831292, 48.6579857 ], [ 21.78321835, 48.6574924 ], [ 21.78322329, 48.65746445 ], [ 21.78323813, 48.65738257 ], [ 21.78349657, 48.65595049 ], [ 21.78355638, 48.65561968 ], [ 21.78359267, 48.65541812 ], [ 21.78364172, 48.65514661 ], [ 21.78385569, 48.65486388 ], [ 21.78380134, 48.65477127 ], [ 21.78383235, 48.65467119 ], [ 21.78391276, 48.65435713 ], [ 21.78392901, 48.65430814 ], [ 21.78393534, 48.65423901 ], [ 21.78394164, 48.65417032 ], [ 21.78401658, 48.65399472 ], [ 21.78404089, 48.65389068 ], [ 21.78405718, 48.65382091 ], [ 21.78407984, 48.65372394 ], [ 21.78408861, 48.65368655 ], [ 21.78414533, 48.6535678 ], [ 21.78419444, 48.65336991 ], [ 21.78421575, 48.65328425 ], [ 21.7842163, 48.65328184 ], [ 21.78425519, 48.65312517 ], [ 21.78427257, 48.65305507 ], [ 21.78449026, 48.65217858 ], [ 21.78480044, 48.65092903 ], [ 21.78486404, 48.65067285 ], [ 21.78489577, 48.65054498 ], [ 21.78492729, 48.65041818 ], [ 21.78495868, 48.65029129 ], [ 21.78496439, 48.65026849 ], [ 21.7849893, 48.65016357 ], [ 21.78518441, 48.64934148 ], [ 21.78526659, 48.64899533 ], [ 21.78535145, 48.64863836 ], [ 21.78552419, 48.64791045 ], [ 21.78553889, 48.64784883 ], [ 21.78555362, 48.64778675 ], [ 21.78556837, 48.64772432 ], [ 21.78561345, 48.64753461 ], [ 21.78565929, 48.64734113 ], [ 21.78570725, 48.64713944 ], [ 21.78589635, 48.64634248 ], [ 21.78599269, 48.64593676 ], [ 21.7860423, 48.6457279 ], [ 21.78609286, 48.64551467 ], [ 21.78623443, 48.64491869 ], [ 21.78637623, 48.64432111 ], [ 21.78644421, 48.64403489 ], [ 21.78651201, 48.6437492 ], [ 21.78657948, 48.64346449 ], [ 21.78664725, 48.64317934 ], [ 21.78668107, 48.64303676 ], [ 21.78671505, 48.64289374 ], [ 21.78671578, 48.64289052 ], [ 21.78672252, 48.64286208 ], [ 21.7867227, 48.64286136 ], [ 21.78672961, 48.64283211 ], [ 21.78673398, 48.6428136 ], [ 21.7867369, 48.64280125 ], [ 21.78404444, 48.64317472 ], [ 21.78393066, 48.64319665 ], [ 21.78311078, 48.64330418 ], [ 21.78301968, 48.64334885 ], [ 21.78297338, 48.64343682 ], [ 21.78099419, 48.65194172 ], [ 21.78099511, 48.65231742 ], [ 21.78095762, 48.65264945 ], [ 21.78088375, 48.65276865 ], [ 21.78074883, 48.652864 ], [ 21.780673, 48.65288936 ], [ 21.78055367, 48.65289485 ], [ 21.77999722, 48.65277342 ], [ 21.7798334, 48.65277773 ], [ 21.77974579, 48.65281817 ], [ 21.77966502, 48.6529776 ], [ 21.77952291, 48.65325799 ], [ 21.77949547, 48.65331208 ], [ 21.77948894, 48.65335061 ], [ 21.77946453, 48.65345842 ], [ 21.77947878, 48.65351964 ], [ 21.77948045, 48.65367467 ], [ 21.77831228, 48.65766631 ], [ 21.77829637, 48.65772062 ], [ 21.77822438, 48.6579665 ], [ 21.77818982, 48.65804191 ], [ 21.77807723, 48.65814739 ], [ 21.77562733, 48.66028255 ], [ 21.77549691, 48.66039737 ], [ 21.77534153, 48.66049118 ], [ 21.77524698, 48.66050903 ], [ 21.77509896, 48.66047397 ], [ 21.77507881, 48.66057388 ], [ 21.77505438, 48.6605916 ], [ 21.7750487, 48.66059559 ], [ 21.77486573, 48.66072792 ], [ 21.77479468, 48.66109317 ], [ 21.77478648, 48.66149761 ], [ 21.77488039, 48.66188055 ], [ 21.77533323, 48.6625933 ], [ 21.77356362, 48.66346833 ], [ 21.77350998, 48.66349482 ], [ 21.77341615, 48.66354112 ], [ 21.77341167, 48.66354343 ], [ 21.7735478, 48.66359095 ], [ 21.77345933, 48.6637895 ], [ 21.77331762, 48.66384129 ], [ 21.77256256, 48.66480569 ], [ 21.77213271, 48.66525748 ], [ 21.77204243, 48.66552205 ], [ 21.77176152, 48.66626841 ], [ 21.7715828, 48.66670596 ], [ 21.77117289, 48.66679979 ], [ 21.7700165, 48.66675972 ], [ 21.76955921, 48.66702159 ], [ 21.76852693, 48.66802921 ], [ 21.76843036, 48.66845607 ], [ 21.76842366, 48.66848586 ], [ 21.76840197, 48.66858186 ], [ 21.76837769, 48.66868913 ], [ 21.76954781, 48.66945466 ], [ 21.77002891, 48.6702058 ], [ 21.77015856, 48.67079094 ], [ 21.76942524, 48.67149624 ], [ 21.76910191, 48.67180728 ], [ 21.76829487, 48.67261431 ], [ 21.76791879, 48.67300199 ], [ 21.7673389, 48.67356004 ], [ 21.76730099, 48.6736701 ], [ 21.76726574, 48.67377214 ], [ 21.76718194, 48.67414245 ], [ 21.76723263, 48.67416728 ], [ 21.76731407, 48.67420715 ], [ 21.7673674, 48.67423323 ], [ 21.76747472, 48.67428575 ], [ 21.76723144, 48.67466822 ], [ 21.76658798, 48.67531747 ], [ 21.76657474, 48.6754353 ], [ 21.76656109, 48.6755577 ], [ 21.76654151, 48.67573323 ], [ 21.76656833, 48.67576175 ], [ 21.76660818, 48.67683846 ], [ 21.76660763, 48.67686788 ], [ 21.76660748, 48.67687247 ], [ 21.76660575, 48.67695513 ], [ 21.76660671, 48.67696407 ], [ 21.76661237, 48.67701651 ], [ 21.76634604, 48.67705167 ], [ 21.76609655, 48.67708456 ], [ 21.76562679, 48.67713043 ], [ 21.76522833, 48.67719061 ], [ 21.7652186, 48.67719638 ], [ 21.76497185, 48.677346 ], [ 21.76466749, 48.67752217 ], [ 21.76434068, 48.67756831 ], [ 21.76407301, 48.67763673 ], [ 21.76386484, 48.67768998 ], [ 21.76376793, 48.67771477 ], [ 21.76361884, 48.67775276 ], [ 21.76348576, 48.67778676 ], [ 21.76326316, 48.67790551 ], [ 21.76274843, 48.67788123 ], [ 21.76259553, 48.67803846 ], [ 21.76247344, 48.67811758 ], [ 21.76240831, 48.67823258 ], [ 21.76239566, 48.67842144 ], [ 21.76232141, 48.67861298 ], [ 21.76232097, 48.67875059 ], [ 21.76225687, 48.67897201 ], [ 21.76220362, 48.6793533 ], [ 21.76219023, 48.67944871 ], [ 21.76206421, 48.67962654 ], [ 21.76195988, 48.67967283 ], [ 21.76187501, 48.67974789 ], [ 21.76179699, 48.6801521 ], [ 21.76177602, 48.68026045 ], [ 21.76172601, 48.68038153 ], [ 21.76151621, 48.6805287 ], [ 21.76101149, 48.68069558 ], [ 21.76072256, 48.68083417 ], [ 21.76055199, 48.68095069 ], [ 21.7605461, 48.6809761 ], [ 21.76031055, 48.68196584 ], [ 21.76024487, 48.68206499 ], [ 21.76069681, 48.68275869 ], [ 21.76088796, 48.68316438 ], [ 21.76115406, 48.68342328 ], [ 21.76120229, 48.68356065 ], [ 21.76121608, 48.68359999 ], [ 21.76096311, 48.68393232 ], [ 21.76084533, 48.68420272 ], [ 21.76098374, 48.68436157 ], [ 21.7610696, 48.6847911 ], [ 21.76102995, 48.68488707 ], [ 21.76061861, 48.68511826 ], [ 21.76031375, 48.6854431 ], [ 21.76024991, 48.68550972 ], [ 21.76020658, 48.68554943 ], [ 21.76019281, 48.68558164 ], [ 21.76036552, 48.68582051 ], [ 21.76076509, 48.68639186 ], [ 21.76097399, 48.68669559 ], [ 21.76115364, 48.68698379 ], [ 21.76116346, 48.68735595 ], [ 21.76103913, 48.68777252 ], [ 21.76104663, 48.68779459 ], [ 21.76107329, 48.68787297 ], [ 21.76105504, 48.68794989 ], [ 21.76089345, 48.6880906 ], [ 21.76088874, 48.68821315 ], [ 21.76090308, 48.68838724 ], [ 21.76082999, 48.68850546 ], [ 21.76057723, 48.68860036 ], [ 21.76050966, 48.68866328 ], [ 21.7604486, 48.68871315 ], [ 21.76037036, 48.68877929 ], [ 21.76035002, 48.68879648 ], [ 21.76022425, 48.68898755 ], [ 21.7601774, 48.68905858 ], [ 21.76004538, 48.68925858 ], [ 21.76004819, 48.68927063 ], [ 21.76008004, 48.68940675 ], [ 21.76008242, 48.68941689 ], [ 21.76011843, 48.68955628 ], [ 21.7601523, 48.68970857 ], [ 21.76048184, 48.69042431 ], [ 21.76032464, 48.69058889 ], [ 21.76023082, 48.69071259 ], [ 21.76026442, 48.69093678 ], [ 21.75969, 48.69142421 ], [ 21.75968378, 48.69145734 ], [ 21.7596761, 48.6914989 ], [ 21.75965677, 48.69160252 ], [ 21.75969689, 48.69168972 ], [ 21.75991327, 48.69182076 ], [ 21.75986895, 48.69193524 ], [ 21.75963013, 48.69255137 ], [ 21.75953094, 48.69258861 ], [ 21.75929036, 48.69262596 ], [ 21.75912547, 48.69281617 ], [ 21.7590984, 48.69291743 ], [ 21.75879831, 48.69348108 ], [ 21.75821434, 48.69386303 ], [ 21.75772376, 48.69391327 ], [ 21.75761301, 48.69399979 ], [ 21.75760387, 48.69400693 ], [ 21.75747985, 48.6941039 ], [ 21.75746857, 48.69411269 ], [ 21.75728114, 48.69419924 ], [ 21.75719651, 48.6942384 ], [ 21.75716155, 48.69434646 ], [ 21.75714561, 48.69442093 ], [ 21.75661553, 48.69480169 ], [ 21.75646292, 48.69493948 ], [ 21.75628168, 48.69499335 ], [ 21.75606182, 48.69525347 ], [ 21.75516615, 48.69581757 ], [ 21.75459052, 48.69599163 ], [ 21.7539763, 48.69613415 ], [ 21.75381175, 48.69613013 ], [ 21.75369819, 48.69619119 ], [ 21.75345665, 48.69636928 ], [ 21.75333036, 48.69639805 ], [ 21.75305153, 48.69642429 ], [ 21.75290037, 48.69645069 ], [ 21.75254395, 48.69657477 ], [ 21.75213056, 48.69664072 ], [ 21.75211531, 48.6966432 ], [ 21.75204242, 48.69666817 ], [ 21.75193062, 48.69670668 ], [ 21.75172057, 48.69680721 ], [ 21.75116243, 48.6969819 ], [ 21.75100045, 48.69704968 ], [ 21.75077409, 48.69727982 ], [ 21.75068079, 48.69735177 ], [ 21.75029581, 48.69753404 ], [ 21.75009866, 48.69758991 ], [ 21.74975289, 48.69755864 ], [ 21.74958658, 48.69744044 ], [ 21.7491401, 48.69748687 ], [ 21.7489068, 48.69749101 ], [ 21.7488823, 48.69749143 ], [ 21.74883502, 48.69749314 ], [ 21.7487411, 48.69749928 ], [ 21.74871012, 48.69750124 ], [ 21.74865731, 48.69750875 ], [ 21.74852683, 48.69751688 ], [ 21.74826353, 48.69764991 ], [ 21.74800116, 48.69766038 ], [ 21.74777359, 48.69761732 ], [ 21.7475457, 48.69760404 ], [ 21.7472266, 48.6976886 ], [ 21.74705265, 48.69772069 ], [ 21.74686422, 48.6976712 ], [ 21.7466404, 48.69764246 ], [ 21.74659134, 48.69763539 ], [ 21.74647529, 48.69761861 ], [ 21.74606321, 48.69743265 ], [ 21.74584778, 48.69737551 ], [ 21.74568111, 48.69739078 ], [ 21.74518722, 48.69754582 ], [ 21.744919, 48.6977014 ], [ 21.74476237, 48.69776157 ], [ 21.74439943, 48.69774 ], [ 21.74400109, 48.69779274 ], [ 21.74373657, 48.69790097 ], [ 21.74346969, 48.69804344 ], [ 21.74275854, 48.6983005 ], [ 21.74258496, 48.6988665 ], [ 21.74258122, 48.69887882 ], [ 21.74256635, 48.6989264 ], [ 21.74245858, 48.69898356 ], [ 21.74243522, 48.69901425 ], [ 21.74241017, 48.69905283 ], [ 21.74223886, 48.69957245 ], [ 21.74194278, 48.6999684 ], [ 21.74171697, 48.70015273 ], [ 21.74148011, 48.70029536 ], [ 21.74120887, 48.70032169 ], [ 21.74093239, 48.70034247 ], [ 21.74077312, 48.70037449 ], [ 21.74023183, 48.70048325 ], [ 21.73997393, 48.7005093 ], [ 21.73955719, 48.70055126 ], [ 21.73915451, 48.70056318 ], [ 21.73883474, 48.70065616 ], [ 21.73838897, 48.70067016 ], [ 21.73816092, 48.7006214 ], [ 21.73809679, 48.70062058 ], [ 21.73803226, 48.70061967 ], [ 21.73726407, 48.70060956 ], [ 21.73666228, 48.70053091 ], [ 21.73621052, 48.70050055 ], [ 21.73599118, 48.70052529 ], [ 21.73590789, 48.70055312 ], [ 21.73601495, 48.70067038 ], [ 21.73581746, 48.70115878 ], [ 21.73555781, 48.70133581 ], [ 21.73533058, 48.70143836 ], [ 21.73499967, 48.70171338 ], [ 21.7348845, 48.70180904 ], [ 21.73452278, 48.70201618 ], [ 21.73422637, 48.70208259 ], [ 21.73378686, 48.70200953 ], [ 21.73297057, 48.70194509 ], [ 21.7324917, 48.70197529 ], [ 21.73226008, 48.70210949 ], [ 21.73246612, 48.70262733 ], [ 21.73245004, 48.70277469 ], [ 21.73236975, 48.70287785 ], [ 21.73201525, 48.70310236 ], [ 21.73172162, 48.70326992 ], [ 21.73133318, 48.70346887 ], [ 21.73141591, 48.70423506 ], [ 21.73171953, 48.70464489 ], [ 21.73180309, 48.70490842 ], [ 21.73193069, 48.70507889 ], [ 21.73197434, 48.70527465 ], [ 21.73191666, 48.70552179 ], [ 21.7319175, 48.70564152 ], [ 21.7319444, 48.70581091 ], [ 21.73203248, 48.70618302 ], [ 21.73402286, 48.70609367 ], [ 21.73481823, 48.70612333 ], [ 21.73510033, 48.70615581 ], [ 21.73597929, 48.70633099 ], [ 21.73688818, 48.7065103 ], [ 21.73780638, 48.70669992 ], [ 21.73789717, 48.70671864 ], [ 21.73818628, 48.70612837 ], [ 21.73895932, 48.70627658 ], [ 21.739176, 48.7063181 ], [ 21.73974106, 48.70642933 ], [ 21.74065509, 48.70614341 ], [ 21.74072116, 48.70583592 ], [ 21.741041, 48.70589856 ], [ 21.74271764, 48.70605665 ], [ 21.74333921, 48.70611752 ], [ 21.74570667, 48.70649949 ], [ 21.74578585, 48.70651232 ], [ 21.74594131, 48.70657902 ], [ 21.74611674, 48.70666605 ], [ 21.74802033, 48.70757617 ], [ 21.74839436, 48.70762673 ], [ 21.75024688, 48.70821494 ], [ 21.75041739, 48.708023 ], [ 21.75042945, 48.70806842 ], [ 21.75338808, 48.70954747 ], [ 21.75605913, 48.71088261 ], [ 21.75672267, 48.71124821 ], [ 21.75692113, 48.71135753 ], [ 21.7571121, 48.71146269 ], [ 21.75716431, 48.71145165 ], [ 21.75736303, 48.71142228 ], [ 21.75751878, 48.71149347 ], [ 21.75785963, 48.71165005 ], [ 21.75854016, 48.71196694 ], [ 21.75890435, 48.71212215 ], [ 21.75951117, 48.71236966 ], [ 21.76033222, 48.71270431 ], [ 21.76065663, 48.7128383 ], [ 21.76134357, 48.7131891 ], [ 21.76135323, 48.71347422 ], [ 21.76142376, 48.71345719 ], [ 21.76181866, 48.71357279 ], [ 21.76775214, 48.71531007 ], [ 21.76789775, 48.71541239 ], [ 21.76790244, 48.71541134 ], [ 21.76801224, 48.71544674 ], [ 21.76942168, 48.71578547 ], [ 21.77354952, 48.71856082 ], [ 21.77375436, 48.71869845 ], [ 21.77414706, 48.71895993 ], [ 21.77515583, 48.71963146 ], [ 21.77568475, 48.71999581 ], [ 21.77582723, 48.72009399 ], [ 21.77837484, 48.72178489 ], [ 21.77851886, 48.72177645 ], [ 21.78019748, 48.72211278 ], [ 21.78082054, 48.72213695 ], [ 21.78095794, 48.72217063 ], [ 21.78114489, 48.72226034 ], [ 21.78132279, 48.72226755 ], [ 21.78172256, 48.72218646 ] ] ] ] } },
{ "type": "Feature", "properties": { "@featureType": "CadastralZoning", "beginLifespanVersion": { "@nilReason": "http://inspire.ec.europa.eu/codelist/VoidReasonValue/Unpopulated", "@nil": "true" }, "endLifespanVersion": { "@nilReason": "http://inspire.ec.europa.eu/codelist/VoidReasonValue/Unpopulated", "@nil": "true" }, "estimatedAccuracy": { "value": -1, "@uom": "m" }, "inspireId": { "@dataType": "Identifier", "localId": "851523", "namespace": "SK.ESKN.CP", "versionId": "20260703T04:07:40" }, "label": "Rakovec nad Ondavou", "level": { "@href": "http://inspire.ec.europa.eu/codelist/CadastralZoningLevelValue/3rdOrder" }, "levelName": { "value": "Katastrálne územie", "@locale": "sk" }, "name": { "@dataType": "name", "GeographicalName": { "@dataType": "GeographicalName", "language": "SLK", "nativeness": { "@href": "http://inspire.ec.europa.eu/codelist/NativenessValue/endonym", "@title": "endonym" }, "nameStatus": { "@href": "http://inspire.ec.europa.eu/codelist/NameStatusValue/official", "@title": "official" }, "sourceOfName": { "@nilReason": "http://inspire.ec.europa.eu/codelist/VoidReasonValue/Unpopulated", "@nil": "true" }, "pronunciation": { "@dataType": "pronunciation", "@nilReason": "http://inspire.ec.europa.eu/codelist/VoidReasonValue/Unpopulated", "@nil": "true" }, "spelling": { "@dataType": "SpellingOfName", "text": "Rakovec nad Ondavou", "script": "LATN" } } }, "nationalCadastalZoningReference": "851523", "validFrom": "2026-06-30T16:00:00Z", "validTo": { "@nilReason": "http://inspire.ec.europa.eu/codelist/VoidReasonValue/Unpopulated", "@nil": "true" } }, "geometry": { "type": "MultiPolygon", "coordinates": [ [ [ [ 21.79466076, 48.79181016 ], [ 21.79503314, 48.79186978 ], [ 21.79538743, 48.79192658 ], [ 21.79595535, 48.79208951 ], [ 21.79655479, 48.79222419 ], [ 21.79719556, 48.79206052 ], [ 21.79742915, 48.79197907 ], [ 21.79794891, 48.79181844 ], [ 21.79862897, 48.79160817 ], [ 21.79941722, 48.79137662 ], [ 21.79988532, 48.7913481 ], [ 21.80125791, 48.7907278 ], [ 21.80175239, 48.79071372 ], [ 21.80227171, 48.79055756 ], [ 21.80234176, 48.79053653 ], [ 21.80239782, 48.79052161 ], [ 21.80249392, 48.79042935 ], [ 21.80259748, 48.79030588 ], [ 21.80263264, 48.79020087 ], [ 21.80272113, 48.78996729 ], [ 21.80278663, 48.78984237 ], [ 21.80284941, 48.78973097 ], [ 21.8028651, 48.7897033 ], [ 21.80285249, 48.7896136 ], [ 21.80278495, 48.78950851 ], [ 21.80278939, 48.78945706 ], [ 21.80282633, 48.78938387 ], [ 21.80289122, 48.78934875 ], [ 21.80306349, 48.78927873 ], [ 21.80325278, 48.78918378 ], [ 21.80348533, 48.78909886 ], [ 21.80368102, 48.78899255 ], [ 21.80381821, 48.7889398 ], [ 21.80401799, 48.7888903 ], [ 21.80431949, 48.78882302 ], [ 21.80440956, 48.78877677 ], [ 21.80450752, 48.78873532 ], [ 21.80462266, 48.78868676 ], [ 21.80465719, 48.78866966 ], [ 21.80459992, 48.78853181 ], [ 21.80461444, 48.78846667 ], [ 21.80461372, 48.7883762 ], [ 21.80453239, 48.78823305 ], [ 21.80445749, 48.7880348 ], [ 21.80462517, 48.7878752 ], [ 21.80468618, 48.78786392 ], [ 21.80481399, 48.78790173 ], [ 21.80497528, 48.78786724 ], [ 21.80517574, 48.78779481 ], [ 21.80556631, 48.78781193 ], [ 21.80570294, 48.7878389 ], [ 21.80593105, 48.78783262 ], [ 21.80605085, 48.78780397 ], [ 21.80612259, 48.78776589 ], [ 21.80613844, 48.78770816 ], [ 21.8061304, 48.78767177 ], [ 21.80604934, 48.78756732 ], [ 21.80592337, 48.78747124 ], [ 21.80583225, 48.78741199 ], [ 21.80581728, 48.78736164 ], [ 21.80583647, 48.78727763 ], [ 21.80609495, 48.78712328 ], [ 21.8062716, 48.78703222 ], [ 21.80652688, 48.78694493 ], [ 21.80687684, 48.78685974 ], [ 21.80705633, 48.78684642 ], [ 21.80724091, 48.7869326 ], [ 21.80732884, 48.78694029 ], [ 21.80743425, 48.78693368 ], [ 21.80762474, 48.78686629 ], [ 21.8079627, 48.78673777 ], [ 21.80810928, 48.78662792 ], [ 21.80820953, 48.78649095 ], [ 21.80863003, 48.78630329 ], [ 21.80880839, 48.78614693 ], [ 21.80900513, 48.78602039 ], [ 21.80932963, 48.78585038 ], [ 21.80972007, 48.7857369 ], [ 21.80981915, 48.78569259 ], [ 21.81000515, 48.78549485 ], [ 21.81012172, 48.78550887 ], [ 21.81037067, 48.7855798 ], [ 21.81067979, 48.78561945 ], [ 21.81098108, 48.7855985 ], [ 21.81117538, 48.7855105 ], [ 21.81147119, 48.78542857 ], [ 21.8117229, 48.78541002 ], [ 21.8118064, 48.78537782 ], [ 21.811888, 48.78526564 ], [ 21.81195926, 48.78516013 ], [ 21.8120014, 48.7850976 ], [ 21.81209596, 48.78493716 ], [ 21.81223912, 48.78485242 ], [ 21.81239738, 48.78484313 ], [ 21.81244868, 48.78480739 ], [ 21.81256137, 48.78472887 ], [ 21.81283438, 48.78457695 ], [ 21.81311893, 48.78432273 ], [ 21.81330264, 48.78413807 ], [ 21.81347929, 48.78402378 ], [ 21.81360259, 48.7839477 ], [ 21.81374683, 48.78397477 ], [ 21.81388827, 48.78391428 ], [ 21.81409051, 48.78388246 ], [ 21.81418838, 48.78383533 ], [ 21.81424662, 48.78372201 ], [ 21.81439307, 48.78369612 ], [ 21.81454263, 48.78370721 ], [ 21.81457662, 48.78368065 ], [ 21.81477127, 48.78350653 ], [ 21.81494536, 48.78346246 ], [ 21.81532532, 48.78339414 ], [ 21.81565748, 48.78335094 ], [ 21.81570615, 48.78333178 ], [ 21.8158934, 48.78316979 ], [ 21.81603103, 48.78310902 ], [ 21.81614798, 48.78309361 ], [ 21.81631389, 48.78311827 ], [ 21.81660459, 48.78320179 ], [ 21.81677562, 48.78322496 ], [ 21.81698841, 48.78329953 ], [ 21.81712784, 48.78336624 ], [ 21.81715468, 48.7834393 ], [ 21.81719978, 48.78346864 ], [ 21.81743805, 48.78345612 ], [ 21.81761481, 48.78347458 ], [ 21.81775396, 48.78124998 ], [ 21.81782537, 48.77980364 ], [ 21.81785468, 48.77902555 ], [ 21.81788836, 48.77812813 ], [ 21.8179472, 48.77630509 ], [ 21.81798231, 48.77546828 ], [ 21.81798309, 48.77539342 ], [ 21.8183057, 48.76848507 ], [ 21.81832193, 48.76821918 ], [ 21.81832294, 48.76817942 ], [ 21.81849383, 48.76453721 ], [ 21.81849608, 48.76449947 ], [ 21.81854479, 48.76375418 ], [ 21.81873545, 48.7604084 ], [ 21.81873785, 48.76036571 ], [ 21.81889105, 48.75767668 ], [ 21.81889725, 48.75763418 ], [ 21.81902118, 48.75474827 ], [ 21.81906901, 48.75470614 ], [ 21.81800037, 48.75420772 ], [ 21.81764739, 48.75404373 ], [ 21.81715219, 48.75375364 ], [ 21.81588569, 48.75355911 ], [ 21.81402507, 48.7535246 ], [ 21.81402594, 48.75350986 ], [ 21.81403943, 48.75341832 ], [ 21.81404607, 48.75337313 ], [ 21.81411741, 48.75288853 ], [ 21.81436393, 48.75258895 ], [ 21.81432385, 48.75250781 ], [ 21.81442424, 48.75235337 ], [ 21.81437376, 48.7522868 ], [ 21.8144493, 48.75217267 ], [ 21.81430368, 48.75190967 ], [ 21.81467522, 48.75149904 ], [ 21.81450579, 48.75096182 ], [ 21.81448307, 48.75090902 ], [ 21.81447592, 48.75086915 ], [ 21.81484564, 48.75044317 ], [ 21.81507335, 48.75004769 ], [ 21.81528766, 48.75003708 ], [ 21.81533843, 48.749916 ], [ 21.81532262, 48.74974728 ], [ 21.81544572, 48.74943998 ], [ 21.81544873, 48.74943745 ], [ 21.81565181, 48.74924735 ], [ 21.81577416, 48.74919716 ], [ 21.8157983, 48.74918726 ], [ 21.81581424, 48.74915491 ], [ 21.81587257, 48.74903709 ], [ 21.81593353, 48.74901888 ], [ 21.81599996, 48.74902331 ], [ 21.81613907, 48.74904133 ], [ 21.81623706, 48.74897278 ], [ 21.81634576, 48.74879291 ], [ 21.81639299, 48.74873114 ], [ 21.81640843, 48.74868672 ], [ 21.81641597, 48.74866513 ], [ 21.81642646, 48.74860331 ], [ 21.81670606, 48.74850168 ], [ 21.81676936, 48.74830713 ], [ 21.8169437, 48.74816766 ], [ 21.81687407, 48.74810285 ], [ 21.81687276, 48.74799904 ], [ 21.81687247, 48.74796961 ], [ 21.81689886, 48.74794923 ], [ 21.81692668, 48.74792782 ], [ 21.8172526, 48.7477797 ], [ 21.81737409, 48.74779636 ], [ 21.81785604, 48.7475191 ], [ 21.81816806, 48.74739852 ], [ 21.81881464, 48.74696173 ], [ 21.81883308, 48.74692621 ], [ 21.81895884, 48.74680258 ], [ 21.81916577, 48.74666639 ], [ 21.81903801, 48.74652627 ], [ 21.81727738, 48.74649665 ], [ 21.81479088, 48.7464526 ], [ 21.81198387, 48.74639743 ], [ 21.81171716, 48.74639237 ], [ 21.81166958, 48.74639149 ], [ 21.80909245, 48.7463427 ], [ 21.80666048, 48.74629719 ], [ 21.80460318, 48.74625846 ], [ 21.80136565, 48.74619745 ], [ 21.7992448, 48.74616083 ], [ 21.79922326, 48.74625468 ], [ 21.79919787, 48.74636508 ], [ 21.79917909, 48.74644676 ], [ 21.79916566, 48.74650527 ], [ 21.7985128, 48.74651004 ], [ 21.79825343, 48.74651198 ], [ 21.79826195, 48.7466877 ], [ 21.79856136, 48.74678096 ], [ 21.79870685, 48.74682626 ], [ 21.7992174, 48.74686843 ], [ 21.79989838, 48.74688267 ], [ 21.80012513, 48.74695971 ], [ 21.80054289, 48.74696974 ], [ 21.80096363, 48.74697985 ], [ 21.80093516, 48.7468189 ], [ 21.80113661, 48.74677287 ], [ 21.80137986, 48.74673334 ], [ 21.80174188, 48.74671041 ], [ 21.80202374, 48.74677629 ], [ 21.80202584, 48.74693682 ], [ 21.80202626, 48.74696392 ], [ 21.80202648, 48.74698066 ], [ 21.80179206, 48.74698623 ], [ 21.80177072, 48.7470313 ], [ 21.80162386, 48.74734094 ], [ 21.80123861, 48.74734256 ], [ 21.80147767, 48.74792825 ], [ 21.80150923, 48.74800576 ], [ 21.80138199, 48.74833544 ], [ 21.80145108, 48.7483476 ], [ 21.80150333, 48.74835679 ], [ 21.80183181, 48.74841471 ], [ 21.8025124, 48.7478898 ], [ 21.80284924, 48.74801264 ], [ 21.80305715, 48.74808846 ], [ 21.80317969, 48.74813316 ], [ 21.80320363, 48.74814702 ], [ 21.80332334, 48.7482163 ], [ 21.80340748, 48.74830679 ], [ 21.80345351, 48.74835633 ], [ 21.80347879, 48.74837517 ], [ 21.80356193, 48.74843683 ], [ 21.80360754, 48.7484707 ], [ 21.80364507, 48.74849859 ], [ 21.80372769, 48.74855997 ], [ 21.80372846, 48.74856062 ], [ 21.80376183, 48.74864682 ], [ 21.8037947, 48.74873201 ], [ 21.80382384, 48.74880702 ], [ 21.80385036, 48.74887558 ], [ 21.80385931, 48.74889885 ], [ 21.80462694, 48.74873891 ], [ 21.805234, 48.74860583 ], [ 21.80531674, 48.74883372 ], [ 21.80532025, 48.74884344 ], [ 21.80557998, 48.74948474 ], [ 21.80604735, 48.74945285 ], [ 21.80596286, 48.74971444 ], [ 21.80584865, 48.75006777 ], [ 21.8059717, 48.7504913 ], [ 21.80601629, 48.75058787 ], [ 21.80674431, 48.75063569 ], [ 21.80669221, 48.75096103 ], [ 21.80674255, 48.75125755 ], [ 21.80736074, 48.751253 ], [ 21.80738133, 48.75159195 ], [ 21.80735504, 48.75175866 ], [ 21.80719121, 48.75197219 ], [ 21.80708427, 48.75216533 ], [ 21.80698831, 48.7523386 ], [ 21.80696185, 48.75250801 ], [ 21.80700271, 48.75268998 ], [ 21.80688831, 48.7529417 ], [ 21.80688683, 48.75298243 ], [ 21.80688192, 48.75311704 ], [ 21.80681146, 48.75334641 ], [ 21.80679288, 48.75340677 ], [ 21.80677397, 48.75346811 ], [ 21.80675183, 48.75354025 ], [ 21.80658562, 48.75351098 ], [ 21.80615109, 48.75343456 ], [ 21.80609299, 48.75349343 ], [ 21.80602649, 48.7535609 ], [ 21.80602618, 48.75356144 ], [ 21.80589649, 48.75375461 ], [ 21.80587132, 48.75381597 ], [ 21.80578349, 48.75403076 ], [ 21.80575145, 48.75410903 ], [ 21.80576251, 48.75420652 ], [ 21.80576661, 48.75424263 ], [ 21.80570872, 48.75435488 ], [ 21.80569887, 48.75437406 ], [ 21.80556673, 48.75444189 ], [ 21.80542364, 48.75451538 ], [ 21.80541902, 48.75452426 ], [ 21.80528809, 48.75477914 ], [ 21.80523571, 48.75488127 ], [ 21.80562516, 48.75496975 ], [ 21.80561392, 48.75499376 ], [ 21.80556044, 48.75510747 ], [ 21.80553159, 48.75516891 ], [ 21.80555269, 48.75525542 ], [ 21.80556659, 48.75531203 ], [ 21.80636381, 48.75528957 ], [ 21.80636862, 48.7554345 ], [ 21.80636978, 48.75546982 ], [ 21.8064273, 48.75555502 ], [ 21.80650857, 48.75556623 ], [ 21.80667597, 48.75558942 ], [ 21.80766393, 48.75572592 ], [ 21.80765643, 48.75574435 ], [ 21.80761594, 48.75584338 ], [ 21.80756782, 48.75596092 ], [ 21.80756432, 48.75596929 ], [ 21.80755698, 48.75598728 ], [ 21.80750629, 48.75611142 ], [ 21.80749177, 48.75614713 ], [ 21.80746294, 48.75615808 ], [ 21.80738313, 48.75618839 ], [ 21.80733289, 48.75634351 ], [ 21.80732152, 48.75637894 ], [ 21.80731667, 48.75639402 ], [ 21.80730484, 48.75643035 ], [ 21.80723872, 48.75663481 ], [ 21.8072302, 48.75666132 ], [ 21.8072028, 48.7567462 ], [ 21.80708387, 48.75675479 ], [ 21.80709464, 48.75691618 ], [ 21.80716072, 48.75701781 ], [ 21.80720336, 48.75712422 ], [ 21.80727981, 48.75721172 ], [ 21.80732816, 48.75745059 ], [ 21.80741519, 48.75772557 ], [ 21.80746211, 48.7580796 ], [ 21.80751625, 48.75835822 ], [ 21.80731554, 48.75843668 ], [ 21.80717535, 48.75866432 ], [ 21.80701177, 48.75866815 ], [ 21.80713357, 48.75877123 ], [ 21.80722621, 48.75877005 ], [ 21.80733516, 48.758997 ], [ 21.80782503, 48.75890899 ], [ 21.80793476, 48.75907746 ], [ 21.80797018, 48.75923436 ], [ 21.80799182, 48.75933005 ], [ 21.80795711, 48.75950105 ], [ 21.80762344, 48.75945814 ], [ 21.80754121, 48.7594469 ], [ 21.80638354, 48.75928806 ], [ 21.80634587, 48.75928293 ], [ 21.80491678, 48.75907829 ], [ 21.80241438, 48.75872072 ], [ 21.80208597, 48.7586719 ], [ 21.80199611, 48.75865857 ], [ 21.80088082, 48.75849268 ], [ 21.80064741, 48.75845786 ], [ 21.80063027, 48.75845535 ], [ 21.80059209, 48.75844967 ], [ 21.80044638, 48.75842794 ], [ 21.80016762, 48.75838654 ], [ 21.80010988, 48.75837792 ], [ 21.79753503, 48.75800358 ], [ 21.79493864, 48.75762592 ], [ 21.79186981, 48.75717334 ], [ 21.7907277, 48.7569971 ], [ 21.78676314, 48.75639945 ], [ 21.78393073, 48.75599239 ], [ 21.78388759, 48.75600115 ], [ 21.7838293, 48.75601303 ], [ 21.78382117, 48.7560147 ], [ 21.7837852, 48.75602204 ], [ 21.78370789, 48.75603773 ], [ 21.78368418, 48.7560426 ], [ 21.7836795, 48.75604356 ], [ 21.78361321, 48.75605702 ], [ 21.78357187, 48.75606547 ], [ 21.78340347, 48.75609974 ], [ 21.78338955, 48.75610262 ], [ 21.78170275, 48.75644603 ], [ 21.78073475, 48.75664311 ], [ 21.77991449, 48.75681014 ], [ 21.77950931, 48.75689262 ], [ 21.77926001, 48.75694338 ], [ 21.77902296, 48.75699167 ], [ 21.7789943, 48.75699749 ], [ 21.77869097, 48.75705925 ], [ 21.77531362, 48.75688313 ], [ 21.77508837, 48.75687134 ], [ 21.77491321, 48.7568731 ], [ 21.77481024, 48.75687408 ], [ 21.77405039, 48.75684484 ], [ 21.77334806, 48.75681891 ], [ 21.77262258, 48.75679318 ], [ 21.77189457, 48.75677107 ], [ 21.77121091, 48.75674472 ], [ 21.77089379, 48.7567259 ], [ 21.77071136, 48.75671514 ], [ 21.77051007, 48.75669425 ], [ 21.77021602, 48.75668792 ], [ 21.7695138, 48.75666917 ], [ 21.76874045, 48.75664728 ], [ 21.76815276, 48.75662994 ], [ 21.76742941, 48.75660729 ], [ 21.76669593, 48.75658779 ], [ 21.7662645, 48.75657529 ], [ 21.76625522, 48.75675334 ], [ 21.76625461, 48.75676566 ], [ 21.76602926, 48.76105232 ], [ 21.76601593, 48.76130614 ], [ 21.76625232, 48.76387101 ], [ 21.76627781, 48.76394701 ], [ 21.76637229, 48.76438999 ], [ 21.76641184, 48.76454638 ], [ 21.76635426, 48.76469453 ], [ 21.76620989, 48.7647944 ], [ 21.76590355, 48.76497458 ], [ 21.76582391, 48.76503961 ], [ 21.76574606, 48.76511351 ], [ 21.76569648, 48.76517223 ], [ 21.76556204, 48.76537334 ], [ 21.76556597, 48.76539396 ], [ 21.76549947, 48.76549382 ], [ 21.76546043, 48.76555624 ], [ 21.76539117, 48.76560283 ], [ 21.76532623, 48.76561173 ], [ 21.76523506, 48.76564009 ], [ 21.76502622, 48.76568263 ], [ 21.76493132, 48.76571198 ], [ 21.76467287, 48.76579802 ], [ 21.7645652, 48.7658921 ], [ 21.76450714, 48.76596949 ], [ 21.76448591, 48.76605704 ], [ 21.76448479, 48.76612713 ], [ 21.76451083, 48.76627938 ], [ 21.76453301, 48.76634927 ], [ 21.76453481, 48.76640944 ], [ 21.76460683, 48.76657813 ], [ 21.76461547, 48.76667817 ], [ 21.76461884, 48.76678896 ], [ 21.76460185, 48.76683567 ], [ 21.76459547, 48.76686683 ], [ 21.76455307, 48.76693743 ], [ 21.7644184, 48.76698265 ], [ 21.76427321, 48.76699249 ], [ 21.76400706, 48.76692919 ], [ 21.76383637, 48.76683844 ], [ 21.76371806, 48.76677546 ], [ 21.76367628, 48.76676625 ], [ 21.76339508, 48.76676258 ], [ 21.76327138, 48.76678622 ], [ 21.76293087, 48.76691202 ], [ 21.76284146, 48.76694277 ], [ 21.76256582, 48.76702025 ], [ 21.7624492, 48.76710465 ], [ 21.76239681, 48.76726139 ], [ 21.76230347, 48.76753199 ], [ 21.76219612, 48.76769034 ], [ 21.76201967, 48.76774192 ], [ 21.76137811, 48.76786316 ], [ 21.76117007, 48.76796187 ], [ 21.76114418, 48.76799592 ], [ 21.76109714, 48.768089 ], [ 21.76110963, 48.76821318 ], [ 21.76112415, 48.76827449 ], [ 21.76116356, 48.76837679 ], [ 21.76125485, 48.76862717 ], [ 21.76126322, 48.76871812 ], [ 21.76120424, 48.76881511 ], [ 21.76116345, 48.76886353 ], [ 21.76094858, 48.76888402 ], [ 21.76074302, 48.76887884 ], [ 21.76057306, 48.76885697 ], [ 21.76011699, 48.7687753 ], [ 21.75999784, 48.76876206 ], [ 21.7597195, 48.76878069 ], [ 21.75938236, 48.76883484 ], [ 21.75904563, 48.7688305 ], [ 21.75860598, 48.76876322 ], [ 21.75811948, 48.76874554 ], [ 21.75800264, 48.76880193 ], [ 21.75798848, 48.7688534 ], [ 21.75796845, 48.76897032 ], [ 21.75805107, 48.76914127 ], [ 21.75812993, 48.76934263 ], [ 21.7581845, 48.76942841 ], [ 21.75827438, 48.76961872 ], [ 21.75830762, 48.76993696 ], [ 21.75826713, 48.77007917 ], [ 21.75820613, 48.7701374 ], [ 21.75813513, 48.7701474 ], [ 21.75785554, 48.77012351 ], [ 21.7576928, 48.77008598 ], [ 21.75750931, 48.77001559 ], [ 21.75746406, 48.76999827 ], [ 21.75735345, 48.76997221 ], [ 21.75729746, 48.76995929 ], [ 21.75718452, 48.76993343 ], [ 21.75706988, 48.76991536 ], [ 21.75698828, 48.76990257 ], [ 21.75664556, 48.7697771 ], [ 21.75656346, 48.76996528 ], [ 21.75595696, 48.77088719 ], [ 21.75587792, 48.77106537 ], [ 21.7558179, 48.77164754 ], [ 21.7561406, 48.7717642 ], [ 21.75634196, 48.77182076 ], [ 21.75641135, 48.77185086 ], [ 21.75654588, 48.77190916 ], [ 21.75675537, 48.77199995 ], [ 21.75685957, 48.77206887 ], [ 21.75725001, 48.77233025 ], [ 21.75733219, 48.77241425 ], [ 21.75742157, 48.77252552 ], [ 21.75799494, 48.77335131 ], [ 21.75825025, 48.77363403 ], [ 21.75852824, 48.77395147 ], [ 21.7585942, 48.77411198 ], [ 21.7585587, 48.77416972 ], [ 21.75853214, 48.77421015 ], [ 21.7580008, 48.77455553 ], [ 21.75755349, 48.77490736 ], [ 21.75742713, 48.77487359 ], [ 21.75647233, 48.77473385 ], [ 21.7564026, 48.77561728 ], [ 21.75632101, 48.77699612 ], [ 21.75632856, 48.77758458 ], [ 21.75619414, 48.77889821 ], [ 21.75615286, 48.77930419 ], [ 21.75603614, 48.78079713 ], [ 21.75609877, 48.78079969 ], [ 21.75773846, 48.78086732 ], [ 21.75842051, 48.78070334 ], [ 21.75875629, 48.78072665 ], [ 21.75929986, 48.78088534 ], [ 21.75969306, 48.78099711 ], [ 21.76005278, 48.7812141 ], [ 21.76034508, 48.78167366 ], [ 21.76050964, 48.78173806 ], [ 21.76064734, 48.78167952 ], [ 21.76070271, 48.78154796 ], [ 21.76080528, 48.78157012 ], [ 21.76091794, 48.78159434 ], [ 21.76101675, 48.78161568 ], [ 21.76102804, 48.78161814 ], [ 21.76323275, 48.78207328 ], [ 21.76588822, 48.7826286 ], [ 21.76861632, 48.78329882 ], [ 21.7713044, 48.78380096 ], [ 21.77137752, 48.78381927 ], [ 21.7714104, 48.78382743 ], [ 21.77141308, 48.78382813 ], [ 21.7707496, 48.78569615 ], [ 21.77042618, 48.78664325 ], [ 21.77018932, 48.78737501 ], [ 21.77021445, 48.78737622 ], [ 21.77220371, 48.7874734 ], [ 21.77262814, 48.78749801 ], [ 21.77449444, 48.78759478 ], [ 21.775596, 48.78762969 ], [ 21.77790666, 48.78774371 ], [ 21.77800489, 48.78785619 ], [ 21.77820006, 48.78807986 ], [ 21.7782618, 48.78810858 ], [ 21.77835494, 48.78815189 ], [ 21.77845788, 48.78819979 ], [ 21.77848041, 48.78811767 ], [ 21.77849315, 48.7880712 ], [ 21.77850785, 48.78801732 ], [ 21.77852829, 48.78794262 ], [ 21.77946079, 48.78819498 ], [ 21.77971748, 48.78828634 ], [ 21.78007887, 48.78826994 ], [ 21.78038065, 48.78848318 ], [ 21.78091474, 48.78834955 ], [ 21.78148365, 48.78849241 ], [ 21.78192706, 48.78863396 ], [ 21.78247818, 48.78899074 ], [ 21.78293629, 48.78927486 ], [ 21.78380393, 48.78943125 ], [ 21.78442135, 48.78967816 ], [ 21.78488608, 48.78982556 ], [ 21.78512318, 48.79003214 ], [ 21.78579168, 48.79040603 ], [ 21.7864993, 48.79072523 ], [ 21.78759326, 48.79090346 ], [ 21.78817165, 48.79090533 ], [ 21.78834482, 48.79102247 ], [ 21.78913775, 48.79155882 ], [ 21.79062459, 48.79180053 ], [ 21.79133138, 48.79205047 ], [ 21.79244908, 48.79209058 ], [ 21.79318648, 48.79217112 ], [ 21.79466076, 48.79181016 ] ] ] ] } },
{ "type": "Feature", "properties": { "@featureType": "CadastralZoning", "beginLifespanVersion": { "@nilReason": "http://inspire.ec.europa.eu/codelist/VoidReasonValue/Unpopulated", "@nil": "true" }, "endLifespanVersion": { "@nilReason": "http://inspire.ec.europa.eu/codelist/VoidReasonValue/Unpopulated", "@nil": "true" }, "estimatedAccuracy": { "value": -1, "@uom": "m" }, "inspireId": { "@dataType": "Identifier", "localId": "838411", "namespace": "SK.ESKN.CP", "versionId": "20260703T04:07:40" }, "label": "Moravany", "level": { "@href": "http://inspire.ec.europa.eu/codelist/CadastralZoningLevelValue/3rdOrder" }, "levelName": { "value": "Katastrálne územie", "@locale": "sk" }, "name": { "@dataType": "name", "GeographicalName": { "@dataType": "GeographicalName", "language": "SLK", "nativeness": { "@href": "http://inspire.ec.europa.eu/codelist/NativenessValue/endonym", "@title": "endonym" }, "nameStatus": { "@href": "http://inspire.ec.europa.eu/codelist/NameStatusValue/official", "@title": "official" }, "sourceOfName": { "@nilReason": "http://inspire.ec.europa.eu/codelist/VoidReasonValue/Unpopulated", "@nil": "true" }, "pronunciation": { "@dataType": "pronunciation", "@nilReason": "http://inspire.ec.europa.eu/codelist/VoidReasonValue/Unpopulated", "@nil": "true" }, "spelling": { "@dataType": "SpellingOfName", "text": "Moravany", "script": "LATN" } } }, "nationalCadastalZoningReference": "838411", "validFrom": "2026-06-30T16:00:00Z", "validTo": { "@nilReason": "http://inspire.ec.europa.eu/codelist/VoidReasonValue/Unpopulated", "@nil": "true" } }, "geometry": { "type": "MultiPolygon", "coordinates": [ [ [ [ 21.80799182, 48.75933005 ], [ 21.80797018, 48.75923436 ], [ 21.80793476, 48.75907746 ], [ 21.80782503, 48.75890899 ], [ 21.80733516, 48.758997 ], [ 21.80722621, 48.75877005 ], [ 21.80713357, 48.75877123 ], [ 21.80701177, 48.75866815 ], [ 21.80717535, 48.75866432 ], [ 21.80731554, 48.75843668 ], [ 21.80751625, 48.75835822 ], [ 21.80746211, 48.7580796 ], [ 21.80741519, 48.75772557 ], [ 21.80732816, 48.75745059 ], [ 21.80727981, 48.75721172 ], [ 21.80720336, 48.75712422 ], [ 21.80716072, 48.75701781 ], [ 21.80709464, 48.75691618 ], [ 21.80708387, 48.75675479 ], [ 21.8072028, 48.7567462 ], [ 21.8072302, 48.75666132 ], [ 21.80723872, 48.75663481 ], [ 21.80730484, 48.75643035 ], [ 21.80731667, 48.75639402 ], [ 21.80732152, 48.75637894 ], [ 21.80733289, 48.75634351 ], [ 21.80738313, 48.75618839 ], [ 21.80746294, 48.75615808 ], [ 21.80749177, 48.75614713 ], [ 21.80750629, 48.75611142 ], [ 21.80755698, 48.75598728 ], [ 21.80756432, 48.75596929 ], [ 21.80756782, 48.75596092 ], [ 21.80761594, 48.75584338 ], [ 21.80765643, 48.75574435 ], [ 21.80766393, 48.75572592 ], [ 21.80667597, 48.75558942 ], [ 21.80650857, 48.75556623 ], [ 21.8064273, 48.75555502 ], [ 21.80636978, 48.75546982 ], [ 21.80636862, 48.7554345 ], [ 21.80636381, 48.75528957 ], [ 21.80556659, 48.75531203 ], [ 21.80555269, 48.75525542 ], [ 21.80553159, 48.75516891 ], [ 21.80556044, 48.75510747 ], [ 21.80561392, 48.75499376 ], [ 21.80562516, 48.75496975 ], [ 21.80523571, 48.75488127 ], [ 21.80528809, 48.75477914 ], [ 21.80541902, 48.75452426 ], [ 21.80542364, 48.75451538 ], [ 21.80556673, 48.75444189 ], [ 21.80569887, 48.75437406 ], [ 21.80570872, 48.75435488 ], [ 21.80576661, 48.75424263 ], [ 21.80576251, 48.75420652 ], [ 21.80575145, 48.75410903 ], [ 21.80578349, 48.75403076 ], [ 21.80587132, 48.75381597 ], [ 21.80589649, 48.75375461 ], [ 21.80602618, 48.75356144 ], [ 21.80602649, 48.7535609 ], [ 21.80609299, 48.75349343 ], [ 21.80615109, 48.75343456 ], [ 21.80658562, 48.75351098 ], [ 21.80675183, 48.75354025 ], [ 21.80677397, 48.75346811 ], [ 21.80679288, 48.75340677 ], [ 21.80681146, 48.75334641 ], [ 21.80688192, 48.75311704 ], [ 21.80688683, 48.75298243 ], [ 21.80688831, 48.7529417 ], [ 21.80700271, 48.75268998 ], [ 21.80696185, 48.75250801 ], [ 21.80698831, 48.7523386 ], [ 21.80708427, 48.75216533 ], [ 21.80719121, 48.75197219 ], [ 21.80735504, 48.75175866 ], [ 21.80738133, 48.75159195 ], [ 21.80736074, 48.751253 ], [ 21.80674255, 48.75125755 ], [ 21.80669221, 48.75096103 ], [ 21.80674431, 48.75063569 ], [ 21.80601629, 48.75058787 ], [ 21.8059717, 48.7504913 ], [ 21.80584865, 48.75006777 ], [ 21.80596286, 48.74971444 ], [ 21.80604735, 48.74945285 ], [ 21.80557998, 48.74948474 ], [ 21.80532025, 48.74884344 ], [ 21.80531674, 48.74883372 ], [ 21.805234, 48.74860583 ], [ 21.80462694, 48.74873891 ], [ 21.80385931, 48.74889885 ], [ 21.80385036, 48.74887558 ], [ 21.80382384, 48.74880702 ], [ 21.8037947, 48.74873201 ], [ 21.80376183, 48.74864682 ], [ 21.80372846, 48.74856062 ], [ 21.80372769, 48.74855997 ], [ 21.80364507, 48.74849859 ], [ 21.80360754, 48.7484707 ], [ 21.80356193, 48.74843683 ], [ 21.80347879, 48.74837517 ], [ 21.80345351, 48.74835633 ], [ 21.80340748, 48.74830679 ], [ 21.80332334, 48.7482163 ], [ 21.80320363, 48.74814702 ], [ 21.80317969, 48.74813316 ], [ 21.80305715, 48.74808846 ], [ 21.80284924, 48.74801264 ], [ 21.8025124, 48.7478898 ], [ 21.80183181, 48.74841471 ], [ 21.80150333, 48.74835679 ], [ 21.80145108, 48.7483476 ], [ 21.80138199, 48.74833544 ], [ 21.80150923, 48.74800576 ], [ 21.80147767, 48.74792825 ], [ 21.80123861, 48.74734256 ], [ 21.80162386, 48.74734094 ], [ 21.80177072, 48.7470313 ], [ 21.80179206, 48.74698623 ], [ 21.80202648, 48.74698066 ], [ 21.80202626, 48.74696392 ], [ 21.80202584, 48.74693682 ], [ 21.80202374, 48.74677629 ], [ 21.80174188, 48.74671041 ], [ 21.80137986, 48.74673334 ], [ 21.80113661, 48.74677287 ], [ 21.80093516, 48.7468189 ], [ 21.80096363, 48.74697985 ], [ 21.80054289, 48.74696974 ], [ 21.80012513, 48.74695971 ], [ 21.79989838, 48.74688267 ], [ 21.7992174, 48.74686843 ], [ 21.79870685, 48.74682626 ], [ 21.79856136, 48.74678096 ], [ 21.79826195, 48.7466877 ], [ 21.79825343, 48.74651198 ], [ 21.7985128, 48.74651004 ], [ 21.79916566, 48.74650527 ], [ 21.79917909, 48.74644676 ], [ 21.79919787, 48.74636508 ], [ 21.79922326, 48.74625468 ], [ 21.7992448, 48.74616083 ], [ 21.80136565, 48.74619745 ], [ 21.80460318, 48.74625846 ], [ 21.80666048, 48.74629719 ], [ 21.80909245, 48.7463427 ], [ 21.81166958, 48.74639149 ], [ 21.81171716, 48.74639237 ], [ 21.81198387, 48.74639743 ], [ 21.81479088, 48.7464526 ], [ 21.81727738, 48.74649665 ], [ 21.81903801, 48.74652627 ], [ 21.81916577, 48.74666639 ], [ 21.81930119, 48.74658621 ], [ 21.81930852, 48.74658416 ], [ 21.81934411, 48.74657383 ], [ 21.81950145, 48.74667423 ], [ 21.81973836, 48.74655799 ], [ 21.81988978, 48.74647183 ], [ 21.81992147, 48.74645385 ], [ 21.81993818, 48.74642458 ], [ 21.81992202, 48.74635306 ], [ 21.81997809, 48.74627982 ], [ 21.82002544, 48.74623875 ], [ 21.8201498, 48.74618438 ], [ 21.8203254, 48.74618355 ], [ 21.82041059, 48.74614706 ], [ 21.82041698, 48.74609458 ], [ 21.82042131, 48.74605824 ], [ 21.8204625, 48.74593781 ], [ 21.82050062, 48.74591234 ], [ 21.82059573, 48.74584857 ], [ 21.82065746, 48.7458518 ], [ 21.82073683, 48.74585584 ], [ 21.82096079, 48.74588866 ], [ 21.82097801, 48.74588731 ], [ 21.82114948, 48.74587377 ], [ 21.82142276, 48.74567207 ], [ 21.82143966, 48.74565784 ], [ 21.8214915, 48.74561446 ], [ 21.82182355, 48.74547728 ], [ 21.82183598, 48.74547644 ], [ 21.82208576, 48.74545953 ], [ 21.82211185, 48.74545778 ], [ 21.8221756, 48.74545691 ], [ 21.82218131, 48.74545688 ], [ 21.82215423, 48.74532865 ], [ 21.82214521, 48.74528584 ], [ 21.82246282, 48.74507089 ], [ 21.82263506, 48.74482876 ], [ 21.82257737, 48.74465446 ], [ 21.82259424, 48.7446225 ], [ 21.82281, 48.74461011 ], [ 21.82283117, 48.74445288 ], [ 21.82284165, 48.74437513 ], [ 21.82300753, 48.74433173 ], [ 21.8232867, 48.74391598 ], [ 21.82327331, 48.74379773 ], [ 21.82338176, 48.74366735 ], [ 21.82380802, 48.74352452 ], [ 21.82388371, 48.74346438 ], [ 21.82388685, 48.74325116 ], [ 21.82392335, 48.74323231 ], [ 21.82404491, 48.74331647 ], [ 21.82418678, 48.74328775 ], [ 21.82416459, 48.74322598 ], [ 21.82403773, 48.74311648 ], [ 21.82398768, 48.74301978 ], [ 21.82398116, 48.74296921 ], [ 21.82414253, 48.7429788 ], [ 21.82432545, 48.74301505 ], [ 21.82454465, 48.74303604 ], [ 21.8246261, 48.74301656 ], [ 21.82453635, 48.74290083 ], [ 21.82465923, 48.74280232 ], [ 21.82457124, 48.74265693 ], [ 21.8245538, 48.74251517 ], [ 21.82472627, 48.74247069 ], [ 21.82490897, 48.7424236 ], [ 21.82525384, 48.74206985 ], [ 21.82528802, 48.74206713 ], [ 21.82540446, 48.74209986 ], [ 21.82548447, 48.74210463 ], [ 21.82579596, 48.74203802 ], [ 21.82590514, 48.74198685 ], [ 21.82596773, 48.74168877 ], [ 21.82594627, 48.74145421 ], [ 21.82514233, 48.74114921 ], [ 21.82511851, 48.74114022 ], [ 21.82471011, 48.74105131 ], [ 21.82457194, 48.74092622 ], [ 21.82407371, 48.74088358 ], [ 21.82364028, 48.74066622 ], [ 21.82319864, 48.74063314 ], [ 21.82292032, 48.74066821 ], [ 21.82269662, 48.74049409 ], [ 21.8225593, 48.74035462 ], [ 21.82225969, 48.74029013 ], [ 21.82200592, 48.73984343 ], [ 21.8217318, 48.7397391 ], [ 21.82186048, 48.73952014 ], [ 21.82173107, 48.73940788 ], [ 21.82163808, 48.73905157 ], [ 21.82160505, 48.73892507 ], [ 21.82157038, 48.73879187 ], [ 21.82153479, 48.73865567 ], [ 21.82150155, 48.73852817 ], [ 21.82149722, 48.73851168 ], [ 21.82147269, 48.73850537 ], [ 21.82105895, 48.7383993 ], [ 21.8205014, 48.73825628 ], [ 21.82042475, 48.73821118 ], [ 21.81994792, 48.73793048 ], [ 21.81965847, 48.73769524 ], [ 21.81970129, 48.73749925 ], [ 21.81980569, 48.73702028 ], [ 21.81985861, 48.73677793 ], [ 21.81995519, 48.73659063 ], [ 21.82001855, 48.73646799 ], [ 21.82003462, 48.73642187 ], [ 21.82023034, 48.73585788 ], [ 21.82015254, 48.73508832 ], [ 21.82015982, 48.73506889 ], [ 21.8201611, 48.73506569 ], [ 21.82017093, 48.73504002 ], [ 21.82017432, 48.73503102 ], [ 21.82017803, 48.73502131 ], [ 21.82037095, 48.73477432 ], [ 21.82064415, 48.73455012 ], [ 21.82077619, 48.73436824 ], [ 21.82080005, 48.73433538 ], [ 21.82098203, 48.7340846 ], [ 21.82125485, 48.73354628 ], [ 21.82132195, 48.73328702 ], [ 21.82129925, 48.73298223 ], [ 21.82161211, 48.73245665 ], [ 21.82120665, 48.73186641 ], [ 21.82114754, 48.73178036 ], [ 21.82115261, 48.73174089 ], [ 21.82136673, 48.73141165 ], [ 21.82144284, 48.73134433 ], [ 21.82183465, 48.73109261 ], [ 21.82187757, 48.73103432 ], [ 21.82190865, 48.73067612 ], [ 21.82192078, 48.73053594 ], [ 21.82234971, 48.73014028 ], [ 21.82241553, 48.7301086 ], [ 21.82323206, 48.72971501 ], [ 21.82398429, 48.72960225 ], [ 21.82429998, 48.7294201 ], [ 21.82443508, 48.72934216 ], [ 21.82505457, 48.72889834 ], [ 21.82513334, 48.72883199 ], [ 21.8255403, 48.72842288 ], [ 21.82576626, 48.72819591 ], [ 21.82593046, 48.72803098 ], [ 21.82610561, 48.72787847 ], [ 21.82610862, 48.72787585 ], [ 21.82622166, 48.72777753 ], [ 21.82651794, 48.72750712 ], [ 21.82678681, 48.727263 ], [ 21.82728069, 48.72671151 ], [ 21.82748183, 48.72648533 ], [ 21.82768589, 48.72625582 ], [ 21.82771338, 48.72620523 ], [ 21.82820023, 48.72570305 ], [ 21.82841923, 48.72547383 ], [ 21.82871679, 48.72525025 ], [ 21.8290161, 48.72495579 ], [ 21.82906349, 48.72490914 ], [ 21.82923491, 48.72470208 ], [ 21.82932298, 48.72452437 ], [ 21.82948842, 48.72430365 ], [ 21.82962719, 48.72418845 ], [ 21.82976016, 48.7240335 ], [ 21.83004637, 48.72381772 ], [ 21.83010807, 48.72376352 ], [ 21.83039923, 48.72358801 ], [ 21.83049741, 48.72352881 ], [ 21.83049379, 48.72345221 ], [ 21.83055496, 48.7233152 ], [ 21.83065015, 48.72322614 ], [ 21.83066441, 48.72321274 ], [ 21.83070551, 48.72319859 ], [ 21.83098518, 48.72310225 ], [ 21.83090669, 48.72307925 ], [ 21.82974573, 48.7227389 ], [ 21.82934187, 48.7226332 ], [ 21.82898275, 48.7225392 ], [ 21.82891323, 48.72252101 ], [ 21.828472, 48.72240561 ], [ 21.82793106, 48.7222743 ], [ 21.82637865, 48.7218973 ], [ 21.82391354, 48.72128425 ], [ 21.82353066, 48.72118069 ], [ 21.82385211, 48.72071744 ], [ 21.82382945, 48.72072333 ], [ 21.82352845, 48.7207597 ], [ 21.8231888, 48.72075519 ], [ 21.82283594, 48.72073945 ], [ 21.8222948, 48.72063708 ], [ 21.82192691, 48.7206088 ], [ 21.82169963, 48.72051468 ], [ 21.82146862, 48.72035981 ], [ 21.82140652, 48.72032202 ], [ 21.82126745, 48.720259 ], [ 21.82096196, 48.72014431 ], [ 21.82047266, 48.71995247 ], [ 21.81992316, 48.71984457 ], [ 21.81966504, 48.71966298 ], [ 21.81956579, 48.71961423 ], [ 21.8192097, 48.7195569 ], [ 21.81883761, 48.71959707 ], [ 21.81856631, 48.71957786 ], [ 21.81855791, 48.71957728 ], [ 21.81812998, 48.71955462 ], [ 21.81766357, 48.71972382 ], [ 21.81750139, 48.71977036 ], [ 21.81727497, 48.71985861 ], [ 21.81684993, 48.71991072 ], [ 21.81669992, 48.71988989 ], [ 21.81641011, 48.7197747 ], [ 21.81613968, 48.71966766 ], [ 21.81587255, 48.71953496 ], [ 21.81567267, 48.71944695 ], [ 21.81548533, 48.71936539 ], [ 21.81526099, 48.71924722 ], [ 21.81507192, 48.71919018 ], [ 21.81506364, 48.71918771 ], [ 21.81463475, 48.71917653 ], [ 21.81446934, 48.71917222 ], [ 21.81407664, 48.71913597 ], [ 21.81377038, 48.71910764 ], [ 21.81335118, 48.71903434 ], [ 21.81312832, 48.71905147 ], [ 21.81309102, 48.71905428 ], [ 21.81265942, 48.71889686 ], [ 21.81258702, 48.71887013 ], [ 21.8120901, 48.71870668 ], [ 21.81188487, 48.71863778 ], [ 21.81153905, 48.71852247 ], [ 21.81087297, 48.7183537 ], [ 21.81055196, 48.71819654 ], [ 21.81015775, 48.71798257 ], [ 21.8098378, 48.71786253 ], [ 21.80921826, 48.71762971 ], [ 21.80799057, 48.71686187 ], [ 21.80732226, 48.71643705 ], [ 21.80732653, 48.71626292 ], [ 21.80671387, 48.71595637 ], [ 21.80631602, 48.7157882 ], [ 21.80601733, 48.71559012 ], [ 21.80585628, 48.7154834 ], [ 21.80552714, 48.71531935 ], [ 21.80546546, 48.71528858 ], [ 21.80520302, 48.71518523 ], [ 21.80487859, 48.71510637 ], [ 21.80397178, 48.71487708 ], [ 21.80342134, 48.71454514 ], [ 21.80322369, 48.71448867 ], [ 21.8029623, 48.71440199 ], [ 21.80285242, 48.71436537 ], [ 21.80232295, 48.71424476 ], [ 21.80187886, 48.71418156 ], [ 21.80168668, 48.71415421 ], [ 21.80140593, 48.71412517 ], [ 21.80127482, 48.71411156 ], [ 21.80107733, 48.71409136 ], [ 21.80082564, 48.71408126 ], [ 21.80064518, 48.71407401 ], [ 21.80028915, 48.71407801 ], [ 21.80002919, 48.71408127 ], [ 21.79976759, 48.71403905 ], [ 21.7995538, 48.71400465 ], [ 21.79905517, 48.71390743 ], [ 21.79867927, 48.71383431 ], [ 21.79795417, 48.71365789 ], [ 21.79789612, 48.71364376 ], [ 21.79752228, 48.71355449 ], [ 21.79730251, 48.71350202 ], [ 21.79661009, 48.71336145 ], [ 21.79597922, 48.7132243 ], [ 21.79596857, 48.71322267 ], [ 21.79592059, 48.7132153 ], [ 21.79591695, 48.71321475 ], [ 21.7958357, 48.71320218 ], [ 21.79582774, 48.71320098 ], [ 21.79578475, 48.71319436 ], [ 21.79578235, 48.71319367 ], [ 21.79571094, 48.71317334 ], [ 21.79466093, 48.71287452 ], [ 21.79350698, 48.71273533 ], [ 21.79325758, 48.71270529 ], [ 21.79320515, 48.71270428 ], [ 21.79313452, 48.71270944 ], [ 21.79303754, 48.71271644 ], [ 21.793103, 48.71294262 ], [ 21.79307341, 48.71330447 ], [ 21.79301582, 48.71383173 ], [ 21.79292854, 48.71396264 ], [ 21.79265914, 48.71411415 ], [ 21.79190736, 48.71436001 ], [ 21.79166222, 48.71446977 ], [ 21.7912639, 48.71479304 ], [ 21.79098827, 48.71501638 ], [ 21.79055161, 48.71523964 ], [ 21.79038452, 48.71531778 ], [ 21.78990584, 48.71575837 ], [ 21.78987633, 48.71578541 ], [ 21.78978368, 48.71589908 ], [ 21.78974709, 48.71598299 ], [ 21.789725, 48.7160338 ], [ 21.78975182, 48.71613981 ], [ 21.78982767, 48.71621318 ], [ 21.79035451, 48.71649775 ], [ 21.79082204, 48.7167463 ], [ 21.79120166, 48.71695248 ], [ 21.79147001, 48.71712261 ], [ 21.79156869, 48.71720315 ], [ 21.79158086, 48.71721562 ], [ 21.79179278, 48.71749219 ], [ 21.79188776, 48.71774993 ], [ 21.79189111, 48.718023 ], [ 21.79181312, 48.71827539 ], [ 21.79165069, 48.71850936 ], [ 21.79143186, 48.71872205 ], [ 21.79125777, 48.71889182 ], [ 21.79087934, 48.71924792 ], [ 21.79021101, 48.71987199 ], [ 21.79006144, 48.72001396 ], [ 21.78989478, 48.72012091 ], [ 21.78974303, 48.7201586 ], [ 21.78923766, 48.72015692 ], [ 21.78904457, 48.72014447 ], [ 21.78876191, 48.72016044 ], [ 21.78844944, 48.72023548 ], [ 21.78781473, 48.72056413 ], [ 21.78771397, 48.72060891 ], [ 21.78765642, 48.72059777 ], [ 21.78760802, 48.7205883 ], [ 21.78759107, 48.72058507 ], [ 21.78755026, 48.72058067 ], [ 21.78745146, 48.72057006 ], [ 21.78626863, 48.72044255 ], [ 21.78608324, 48.72041067 ], [ 21.7859295, 48.72036819 ], [ 21.78537228, 48.72013167 ], [ 21.78521724, 48.7201356 ], [ 21.78464183, 48.72040081 ], [ 21.78438112, 48.72049484 ], [ 21.78380606, 48.7205256 ], [ 21.78344878, 48.72056758 ], [ 21.7832294, 48.72053769 ], [ 21.78301542, 48.72050856 ], [ 21.78299639, 48.72050599 ], [ 21.78283465, 48.7205083 ], [ 21.78266502, 48.72051067 ], [ 21.78237532, 48.72051474 ], [ 21.78232971, 48.72051543 ], [ 21.78194262, 48.7205847 ], [ 21.78182244, 48.72060619 ], [ 21.7817071, 48.7206604 ], [ 21.78147928, 48.72101468 ], [ 21.78144961, 48.72119354 ], [ 21.78136332, 48.72129145 ], [ 21.78138302, 48.72137549 ], [ 21.78140508, 48.72142035 ], [ 21.78186227, 48.72158523 ], [ 21.78203938, 48.72168026 ], [ 21.78210052, 48.72180346 ], [ 21.78209392, 48.72189725 ], [ 21.78191295, 48.72206988 ], [ 21.78180666, 48.72212036 ], [ 21.78172256, 48.72218646 ], [ 21.78132279, 48.72226755 ], [ 21.78114489, 48.72226034 ], [ 21.78095794, 48.72217063 ], [ 21.78082054, 48.72213695 ], [ 21.78019748, 48.72211278 ], [ 21.77851886, 48.72177645 ], [ 21.77837484, 48.72178489 ], [ 21.77828736, 48.7218302 ], [ 21.77815467, 48.72189897 ], [ 21.77812521, 48.72218468 ], [ 21.77829728, 48.72244672 ], [ 21.77871311, 48.722526 ], [ 21.77879456, 48.7225763 ], [ 21.77891181, 48.7226486 ], [ 21.77901367, 48.72282518 ], [ 21.77881611, 48.72310582 ], [ 21.77879241, 48.7231222 ], [ 21.77852721, 48.7233062 ], [ 21.77844855, 48.72350537 ], [ 21.77839847, 48.72363213 ], [ 21.77839238, 48.72363836 ], [ 21.77828554, 48.72374759 ], [ 21.77810376, 48.72393342 ], [ 21.77807868, 48.72395904 ], [ 21.77771957, 48.72409862 ], [ 21.77760319, 48.72410869 ], [ 21.77724668, 48.7241396 ], [ 21.77704256, 48.72419047 ], [ 21.77690214, 48.7241909 ], [ 21.77674839, 48.72419143 ], [ 21.77660232, 48.72449314 ], [ 21.77707133, 48.72480082 ], [ 21.77709142, 48.72494815 ], [ 21.77707939, 48.72503496 ], [ 21.77707502, 48.72504195 ], [ 21.77704938, 48.72508376 ], [ 21.77704395, 48.72509252 ], [ 21.77697262, 48.72520828 ], [ 21.7769574, 48.72523289 ], [ 21.77694564, 48.72525194 ], [ 21.77689996, 48.72532597 ], [ 21.77689091, 48.72534058 ], [ 21.7768816, 48.72538453 ], [ 21.77683507, 48.72560345 ], [ 21.77684103, 48.72561297 ], [ 21.77694831, 48.72578537 ], [ 21.77703463, 48.72592409 ], [ 21.77719614, 48.72599343 ], [ 21.7771958, 48.7261097 ], [ 21.7771958, 48.7261232 ], [ 21.77709619, 48.72619366 ], [ 21.77698322, 48.72627357 ], [ 21.77692296, 48.72631626 ], [ 21.77686652, 48.72634988 ], [ 21.77674954, 48.72641951 ], [ 21.77672372, 48.72643494 ], [ 21.77663057, 48.72648612 ], [ 21.77652476, 48.72654435 ], [ 21.7764855, 48.72656591 ], [ 21.77643245, 48.72660645 ], [ 21.77634759, 48.72667126 ], [ 21.77626374, 48.72673538 ], [ 21.77623935, 48.726754 ], [ 21.77617113, 48.72679342 ], [ 21.77607964, 48.72684645 ], [ 21.77604736, 48.72686513 ], [ 21.77598287, 48.72689232 ], [ 21.77589228, 48.72693034 ], [ 21.77580406, 48.72696752 ], [ 21.77571863, 48.72700352 ], [ 21.7756353, 48.72703858 ], [ 21.77561673, 48.72704637 ], [ 21.77553848, 48.72706707 ], [ 21.77544005, 48.72709301 ], [ 21.77534715, 48.72711755 ], [ 21.77528314, 48.7271345 ], [ 21.77526913, 48.72714574 ], [ 21.77516263, 48.72723113 ], [ 21.77502821, 48.7273733 ], [ 21.77487082, 48.7276819 ], [ 21.7746902, 48.7278368 ], [ 21.77452452, 48.72793557 ], [ 21.77425397, 48.72798882 ], [ 21.77393789, 48.72787471 ], [ 21.77351297, 48.72792055 ], [ 21.77317848, 48.72784529 ], [ 21.77236454, 48.72737628 ], [ 21.77235784, 48.72737241 ], [ 21.7723372, 48.72736053 ], [ 21.77233024, 48.72736088 ], [ 21.77227649, 48.72736333 ], [ 21.77215929, 48.72736878 ], [ 21.7721054, 48.72737132 ], [ 21.77202178, 48.72737514 ], [ 21.77181769, 48.72738451 ], [ 21.77141989, 48.72806477 ], [ 21.77154329, 48.72819305 ], [ 21.77162048, 48.7282733 ], [ 21.77166836, 48.72832299 ], [ 21.77167872, 48.72833398 ], [ 21.77169227, 48.72834837 ], [ 21.77170352, 48.72836037 ], [ 21.77174313, 48.72840948 ], [ 21.77181489, 48.72849859 ], [ 21.77188438, 48.72858467 ], [ 21.77188868, 48.72859001 ], [ 21.77190619, 48.72864474 ], [ 21.77195773, 48.72880514 ], [ 21.77180239, 48.72911335 ], [ 21.77154685, 48.72932333 ], [ 21.77132395, 48.72933543 ], [ 21.77105111, 48.729314 ], [ 21.77099572, 48.72930965 ], [ 21.7709528, 48.72930627 ], [ 21.7709161, 48.72930341 ], [ 21.77050616, 48.7298352 ], [ 21.76994401, 48.73049006 ], [ 21.7699589, 48.73050926 ], [ 21.769981, 48.73053757 ], [ 21.76999578, 48.7305565 ], [ 21.77013126, 48.73073037 ], [ 21.77046282, 48.73090592 ], [ 21.77067665, 48.73109149 ], [ 21.77071655, 48.73121018 ], [ 21.77068057, 48.7313914 ], [ 21.77060307, 48.73148061 ], [ 21.77040002, 48.73151755 ], [ 21.77008015, 48.73139811 ], [ 21.76980909, 48.73127727 ], [ 21.76940641, 48.73120001 ], [ 21.76936552, 48.73119218 ], [ 21.76933822, 48.73118696 ], [ 21.76909654, 48.73127768 ], [ 21.76897584, 48.73132291 ], [ 21.7689448, 48.7313346 ], [ 21.76891347, 48.73134637 ], [ 21.76857597, 48.7316718 ], [ 21.76859986, 48.7316953 ], [ 21.76865073, 48.73174507 ], [ 21.76870364, 48.73179696 ], [ 21.76873511, 48.73182785 ], [ 21.7687599, 48.73185209 ], [ 21.76886381, 48.73195402 ], [ 21.76898228, 48.73206489 ], [ 21.76899423, 48.73208564 ], [ 21.76909386, 48.7322582 ], [ 21.76906098, 48.73233627 ], [ 21.76899185, 48.73250086 ], [ 21.76894385, 48.73254756 ], [ 21.76881531, 48.73267295 ], [ 21.7687365, 48.73270057 ], [ 21.76852603, 48.73277447 ], [ 21.76835609, 48.73275207 ], [ 21.7680167, 48.73255732 ], [ 21.76798895, 48.73254137 ], [ 21.7679858, 48.73253958 ], [ 21.76797462, 48.73253307 ], [ 21.76786433, 48.73252556 ], [ 21.76776772, 48.73251895 ], [ 21.7677436, 48.73251733 ], [ 21.76753398, 48.73250305 ], [ 21.76699867, 48.73293791 ], [ 21.76662992, 48.73301041 ], [ 21.76615379, 48.73345637 ], [ 21.76576422, 48.73382111 ], [ 21.76574058, 48.73384307 ], [ 21.76566023, 48.73391835 ], [ 21.76578775, 48.73410452 ], [ 21.7649646, 48.73511543 ], [ 21.76460902, 48.73555207 ], [ 21.76467452, 48.73568602 ], [ 21.76457465, 48.73584547 ], [ 21.76369049, 48.73725626 ], [ 21.76349751, 48.73802735 ], [ 21.76303754, 48.73796052 ], [ 21.76300989, 48.73795646 ], [ 21.76299519, 48.73795886 ], [ 21.76278702, 48.73799213 ], [ 21.76275926, 48.73799662 ], [ 21.76214079, 48.73809561 ], [ 21.76202462, 48.7383197 ], [ 21.76130796, 48.73874757 ], [ 21.76027502, 48.74074707 ], [ 21.75980258, 48.74160352 ], [ 21.75951704, 48.74204849 ], [ 21.75890654, 48.74299993 ], [ 21.75843955, 48.74372782 ], [ 21.75839898, 48.74387831 ], [ 21.75834191, 48.74409001 ], [ 21.75829755, 48.74438828 ], [ 21.7582569, 48.74456919 ], [ 21.75820132, 48.74481675 ], [ 21.75823213, 48.74484727 ], [ 21.75827047, 48.74496899 ], [ 21.75831085, 48.74509751 ], [ 21.75852548, 48.7457569 ], [ 21.75862723, 48.7460694 ], [ 21.75867255, 48.74620858 ], [ 21.7587158, 48.74634131 ], [ 21.75872395, 48.74636628 ], [ 21.75877639, 48.74643958 ], [ 21.7588119, 48.74648913 ], [ 21.76013194, 48.74833323 ], [ 21.76088534, 48.74936225 ], [ 21.76089527, 48.74937584 ], [ 21.76090571, 48.74939006 ], [ 21.76122799, 48.74983027 ], [ 21.76140334, 48.75006974 ], [ 21.76160949, 48.75035125 ], [ 21.76177491, 48.75057722 ], [ 21.76191696, 48.75077117 ], [ 21.7620414, 48.75094115 ], [ 21.76216245, 48.75110646 ], [ 21.76221597, 48.75115999 ], [ 21.7623774, 48.7513216 ], [ 21.7625201, 48.75146443 ], [ 21.76252661, 48.7514692 ], [ 21.76260983, 48.75153116 ], [ 21.76266845, 48.75158807 ], [ 21.76281474, 48.75173001 ], [ 21.76294733, 48.75191623 ], [ 21.76303187, 48.75203494 ], [ 21.76313708, 48.75222818 ], [ 21.76317349, 48.75229007 ], [ 21.76341346, 48.75269875 ], [ 21.76355795, 48.75290203 ], [ 21.76379813, 48.75314573 ], [ 21.7640345, 48.7534815 ], [ 21.76432886, 48.75386443 ], [ 21.76453625, 48.75414848 ], [ 21.76481667, 48.75453249 ], [ 21.76503236, 48.75482801 ], [ 21.76505259, 48.75485582 ], [ 21.7650864, 48.75490207 ], [ 21.76539599, 48.75532609 ], [ 21.76573411, 48.75576904 ], [ 21.76620804, 48.75646678 ], [ 21.76622666, 48.75649428 ], [ 21.76626578, 48.75655183 ], [ 21.7662645, 48.75657529 ], [ 21.76669593, 48.75658779 ], [ 21.76742941, 48.75660729 ], [ 21.76815276, 48.75662994 ], [ 21.76874045, 48.75664728 ], [ 21.7695138, 48.75666917 ], [ 21.77021602, 48.75668792 ], [ 21.77051007, 48.75669425 ], [ 21.77071136, 48.75671514 ], [ 21.77089379, 48.7567259 ], [ 21.77121091, 48.75674472 ], [ 21.77189457, 48.75677107 ], [ 21.77262258, 48.75679318 ], [ 21.77334806, 48.75681891 ], [ 21.77405039, 48.75684484 ], [ 21.77481024, 48.75687408 ], [ 21.77491321, 48.7568731 ], [ 21.77508837, 48.75687134 ], [ 21.77531362, 48.75688313 ], [ 21.77869097, 48.75705925 ], [ 21.7789943, 48.75699749 ], [ 21.77902296, 48.75699167 ], [ 21.77926001, 48.75694338 ], [ 21.77950931, 48.75689262 ], [ 21.77991449, 48.75681014 ], [ 21.78073475, 48.75664311 ], [ 21.78170275, 48.75644603 ], [ 21.78338955, 48.75610262 ], [ 21.78340347, 48.75609974 ], [ 21.78357187, 48.75606547 ], [ 21.78361321, 48.75605702 ], [ 21.7836795, 48.75604356 ], [ 21.78368418, 48.7560426 ], [ 21.78370789, 48.75603773 ], [ 21.7837852, 48.75602204 ], [ 21.78382117, 48.7560147 ], [ 21.7838293, 48.75601303 ], [ 21.78388759, 48.75600115 ], [ 21.78393073, 48.75599239 ], [ 21.78676314, 48.75639945 ], [ 21.7907277, 48.7569971 ], [ 21.79186981, 48.75717334 ], [ 21.79493864, 48.75762592 ], [ 21.79753503, 48.75800358 ], [ 21.80010988, 48.75837792 ], [ 21.80016762, 48.75838654 ], [ 21.80044638, 48.75842794 ], [ 21.80059209, 48.75844967 ], [ 21.80063027, 48.75845535 ], [ 21.80064741, 48.75845786 ], [ 21.80088082, 48.75849268 ], [ 21.80199611, 48.75865857 ], [ 21.80208597, 48.7586719 ], [ 21.80241438, 48.75872072 ], [ 21.80491678, 48.75907829 ], [ 21.80634587, 48.75928293 ], [ 21.80638354, 48.75928806 ], [ 21.80754121, 48.7594469 ], [ 21.80762344, 48.75945814 ], [ 21.80795711, 48.75950105 ], [ 21.80799182, 48.75933005 ] ] ] ] } },
{ "type": "Feature", "properties": { "@featureType": "CadastralZoning", "beginLifespanVersion": { "@nilReason": "http://inspire.ec.europa.eu/codelist/VoidReasonValue/Unpopulated", "@nil": "true" }, "endLifespanVersion": { "@nilReason": "http://inspire.ec.europa.eu/codelist/VoidReasonValue/Unpopulated", "@nil": "true" }, "estimatedAccuracy": { "value": -1, "@uom": "m" }, "inspireId": { "@dataType": "Identifier", "localId": "864757", "namespace": "SK.ESKN.CP", "versionId": "20260703T04:07:40" }, "label": "Trhovište", "level": { "@href": "http://inspire.ec.europa.eu/codelist/CadastralZoningLevelValue/3rdOrder" }, "levelName": { "value": "Katastrálne územie", "@locale": "sk" }, "name": { "@dataType": "name", "GeographicalName": { "@dataType": "GeographicalName", "language": "SLK", "nativeness": { "@href": "http://inspire.ec.europa.eu/codelist/NativenessValue/endonym", "@title": "endonym" }, "nameStatus": { "@href": "http://inspire.ec.europa.eu/codelist/NameStatusValue/official", "@title": "official" }, "sourceOfName": { "@nilReason": "http://inspire.ec.europa.eu/codelist/VoidReasonValue/Unpopulated", "@nil": "true" }, "pronunciation": { "@dataType": "pronunciation", "@nilReason": "http://inspire.ec.europa.eu/codelist/VoidReasonValue/Unpopulated", "@nil": "true" }, "spelling": { "@dataType": "SpellingOfName", "text": "Trhovište", "script": "LATN" } } }, "nationalCadastalZoningReference": "864757", "validFrom": "2026-06-30T16:00:00Z", "validTo": { "@nilReason": "http://inspire.ec.europa.eu/codelist/VoidReasonValue/Unpopulated", "@nil": "true" } }, "geometry": { "type": "MultiPolygon", "coordinates": [ [ [ [ 21.82352845, 48.7207597 ], [ 21.82382945, 48.72072333 ], [ 21.82385211, 48.72071744 ], [ 21.8245608, 48.7205338 ], [ 21.82525436, 48.72035067 ], [ 21.82741845, 48.71949488 ], [ 21.82743775, 48.71948818 ], [ 21.82782102, 48.71913543 ], [ 21.82791697, 48.7186709 ], [ 21.82822073, 48.718333 ], [ 21.82866517, 48.71797822 ], [ 21.82885385, 48.71776649 ], [ 21.82907054, 48.71762154 ], [ 21.82927957, 48.71748431 ], [ 21.83006625, 48.71683006 ], [ 21.83085493, 48.71613726 ], [ 21.83105781, 48.7159888 ], [ 21.83192632, 48.71540821 ], [ 21.83218018, 48.71516117 ], [ 21.83232575, 48.71502022 ], [ 21.83257989, 48.71481657 ], [ 21.83255851, 48.71479171 ], [ 21.83290277, 48.71448329 ], [ 21.83320133, 48.71420932 ], [ 21.83325757, 48.71406552 ], [ 21.83335623, 48.71396574 ], [ 21.83348823, 48.71377359 ], [ 21.83362936, 48.71360426 ], [ 21.83381953, 48.71343567 ], [ 21.83395404, 48.71333673 ], [ 21.83428039, 48.7131974 ], [ 21.83452679, 48.71308525 ], [ 21.83469169, 48.7129646 ], [ 21.83475917, 48.71293431 ], [ 21.83498432, 48.71283412 ], [ 21.83509425, 48.71288413 ], [ 21.83513347, 48.71286255 ], [ 21.8351373, 48.71285527 ], [ 21.83514266, 48.71284515 ], [ 21.83527348, 48.71281533 ], [ 21.83533602, 48.71282487 ], [ 21.83536257, 48.71282898 ], [ 21.83570224, 48.71275866 ], [ 21.83570515, 48.71257369 ], [ 21.83585534, 48.71247165 ], [ 21.83607712, 48.71238487 ], [ 21.83636558, 48.71238244 ], [ 21.83645843, 48.71229331 ], [ 21.83648123, 48.71186379 ], [ 21.83680324, 48.71172173 ], [ 21.83696063, 48.71161969 ], [ 21.83705308, 48.7115373 ], [ 21.83709172, 48.71142886 ], [ 21.8371005, 48.71133081 ], [ 21.83719251, 48.711226 ], [ 21.83725958, 48.71116347 ], [ 21.83736084, 48.71102632 ], [ 21.83734405, 48.71096298 ], [ 21.83733496, 48.71095797 ], [ 21.83723358, 48.71090144 ], [ 21.83713305, 48.71082827 ], [ 21.83707318, 48.71076669 ], [ 21.83704544, 48.71069991 ], [ 21.83715707, 48.71050696 ], [ 21.83722638, 48.71024316 ], [ 21.83738717, 48.71003969 ], [ 21.8372342, 48.70971937 ], [ 21.83724078, 48.70968633 ], [ 21.8371975, 48.70962023 ], [ 21.83731376, 48.70940859 ], [ 21.83729588, 48.7091059 ], [ 21.83738444, 48.70895348 ], [ 21.83735116, 48.7088538 ], [ 21.83745223, 48.70878432 ], [ 21.83756, 48.70865427 ], [ 21.83778728, 48.70853388 ], [ 21.83781417, 48.70838706 ], [ 21.8378667, 48.70824136 ], [ 21.83793262, 48.70820509 ], [ 21.83808598, 48.70818727 ], [ 21.83828191, 48.70814869 ], [ 21.83830922, 48.7081053 ], [ 21.83825498, 48.70808662 ], [ 21.83831988, 48.70785564 ], [ 21.83856153, 48.70781419 ], [ 21.83866031, 48.70779497 ], [ 21.83876576, 48.70770644 ], [ 21.8389104, 48.70745611 ], [ 21.83908144, 48.70730699 ], [ 21.83910898, 48.70722049 ], [ 21.83918863, 48.70711752 ], [ 21.83931903, 48.70702558 ], [ 21.83904631, 48.70671126 ], [ 21.83912065, 48.70667061 ], [ 21.8392568, 48.70653877 ], [ 21.83921867, 48.70651889 ], [ 21.83915957, 48.70648811 ], [ 21.83911377, 48.70645767 ], [ 21.83907646, 48.7063389 ], [ 21.83904942, 48.70621643 ], [ 21.83895116, 48.7059599 ], [ 21.83872759, 48.70546046 ], [ 21.83861499, 48.70515892 ], [ 21.83848871, 48.7049302 ], [ 21.83838384, 48.70470969 ], [ 21.83840849, 48.70470222 ], [ 21.83820792, 48.70434306 ], [ 21.83805951, 48.70401017 ], [ 21.83795003, 48.70383094 ], [ 21.83785819, 48.70365009 ], [ 21.83756205, 48.70315723 ], [ 21.83747793, 48.7030115 ], [ 21.83728136, 48.70268142 ], [ 21.83717896, 48.70249525 ], [ 21.83698544, 48.70201719 ], [ 21.83687462, 48.70175017 ], [ 21.83666778, 48.70123064 ], [ 21.83657116, 48.70096047 ], [ 21.83638889, 48.70051763 ], [ 21.83627294, 48.7003078 ], [ 21.83624107, 48.70023965 ], [ 21.83619651, 48.70014463 ], [ 21.83621781, 48.69997985 ], [ 21.83617103, 48.69983265 ], [ 21.83581316, 48.69912668 ], [ 21.83553953, 48.6985183 ], [ 21.83544708, 48.69827659 ], [ 21.83537155, 48.6980571 ], [ 21.83530843, 48.69790588 ], [ 21.83526149, 48.69776372 ], [ 21.83522737, 48.69766015 ], [ 21.83520963, 48.6976497 ], [ 21.83495436, 48.69749917 ], [ 21.83471895, 48.69732324 ], [ 21.83443213, 48.69706488 ], [ 21.83436449, 48.69702002 ], [ 21.83408962, 48.69693882 ], [ 21.8336649, 48.69677319 ], [ 21.8333524, 48.69665709 ], [ 21.83251686, 48.69635759 ], [ 21.83184149, 48.69610832 ], [ 21.83149697, 48.69600057 ], [ 21.83068155, 48.69569906 ], [ 21.83047103, 48.69591365 ], [ 21.83029298, 48.6961676 ], [ 21.8297653, 48.69600991 ], [ 21.82965819, 48.69598886 ], [ 21.82889723, 48.69574572 ], [ 21.82848511, 48.69559497 ], [ 21.82797024, 48.69537028 ], [ 21.82780525, 48.69534187 ], [ 21.82772672, 48.69530887 ], [ 21.82773737, 48.69528737 ], [ 21.82683935, 48.69496938 ], [ 21.82588595, 48.69457425 ], [ 21.82529711, 48.69431126 ], [ 21.82496997, 48.6946786 ], [ 21.82474985, 48.69461006 ], [ 21.82434711, 48.69445972 ], [ 21.82380618, 48.69424153 ], [ 21.82368659, 48.69427055 ], [ 21.82342394, 48.69421782 ], [ 21.82306432, 48.69409444 ], [ 21.82301436, 48.6940773 ], [ 21.82291643, 48.6940437 ], [ 21.82290417, 48.69403951 ], [ 21.82287273, 48.6940287 ], [ 21.8228638, 48.69402568 ], [ 21.82285621, 48.69402305 ], [ 21.82283245, 48.69401334 ], [ 21.8228209, 48.69400863 ], [ 21.82276289, 48.69398507 ], [ 21.82059381, 48.69310115 ], [ 21.81996599, 48.69283117 ], [ 21.81992911, 48.6928159 ], [ 21.81932248, 48.69254414 ], [ 21.81953233, 48.69232523 ], [ 21.81811801, 48.69160815 ], [ 21.81732328, 48.69121492 ], [ 21.81610336, 48.69063357 ], [ 21.81363307, 48.68975785 ], [ 21.81327029, 48.68962922 ], [ 21.81229927, 48.6893165 ], [ 21.81126631, 48.68901916 ], [ 21.81114162, 48.68898323 ], [ 21.81066611, 48.68883707 ], [ 21.8106041, 48.68882375 ], [ 21.81050854, 48.68880316 ], [ 21.81042022, 48.6887842 ], [ 21.80994183, 48.6885953 ], [ 21.80970743, 48.6886007 ], [ 21.80962113, 48.68856613 ], [ 21.80950788, 48.68852078 ], [ 21.80934882, 48.68845713 ], [ 21.80906044, 48.68834168 ], [ 21.80826224, 48.68802219 ], [ 21.80613219, 48.68721685 ], [ 21.80611145, 48.68720902 ], [ 21.80610999, 48.68720844 ], [ 21.80610376, 48.68720585 ], [ 21.80603701, 48.68717845 ], [ 21.80603409, 48.6871773 ], [ 21.80601711, 48.68717028 ], [ 21.80599084, 48.68715951 ], [ 21.80596085, 48.68714721 ], [ 21.80595289, 48.68714394 ], [ 21.80586957, 48.68710963 ], [ 21.80472869, 48.68664029 ], [ 21.80475229, 48.68655919 ], [ 21.80475416, 48.68655293 ], [ 21.80488431, 48.68649046 ], [ 21.80488585, 48.68648969 ], [ 21.80493249, 48.68643475 ], [ 21.8049847, 48.68635259 ], [ 21.80498816, 48.68634701 ], [ 21.80505913, 48.68628533 ], [ 21.80512265, 48.68623002 ], [ 21.80522299, 48.68618404 ], [ 21.80531504, 48.6861221 ], [ 21.80534866, 48.68606223 ], [ 21.80532814, 48.68585936 ], [ 21.80531077, 48.68581787 ], [ 21.80507318, 48.68567646 ], [ 21.80484484, 48.68540732 ], [ 21.80478584, 48.68525934 ], [ 21.80473949, 48.6851341 ], [ 21.80466724, 48.68504653 ], [ 21.80458082, 48.68500494 ], [ 21.80449468, 48.68496344 ], [ 21.80458474, 48.68478903 ], [ 21.80465358, 48.68469921 ], [ 21.80476644, 48.68463025 ], [ 21.80506996, 48.68441391 ], [ 21.80517114, 48.68430378 ], [ 21.80519835, 48.68426246 ], [ 21.80522571, 48.6842207 ], [ 21.80521919, 48.68416824 ], [ 21.80518653, 48.68390241 ], [ 21.80519985, 48.68367919 ], [ 21.80529283, 48.68352646 ], [ 21.80534714, 48.68322916 ], [ 21.80546001, 48.68307794 ], [ 21.80546681, 48.68306876 ], [ 21.80550687, 48.68299879 ], [ 21.80557955, 48.68288549 ], [ 21.80556314, 48.68285068 ], [ 21.8055632, 48.68273134 ], [ 21.80554418, 48.68238037 ], [ 21.80555014, 48.68228269 ], [ 21.8056014, 48.68219133 ], [ 21.80571981, 48.68204286 ], [ 21.8057677, 48.68198283 ], [ 21.8057824, 48.68196431 ], [ 21.80580061, 48.68194156 ], [ 21.80580517, 48.68193574 ], [ 21.80585028, 48.68187905 ], [ 21.80585571, 48.68187235 ], [ 21.80593027, 48.68164111 ], [ 21.80596095, 48.68145038 ], [ 21.80595552, 48.68142054 ], [ 21.80595011, 48.68139052 ], [ 21.8059449, 48.68136158 ], [ 21.80592929, 48.68134992 ], [ 21.80591719, 48.68134087 ], [ 21.8059155, 48.68133957 ], [ 21.80589871, 48.68132707 ], [ 21.80584588, 48.68128762 ], [ 21.80568558, 48.68116786 ], [ 21.8052807, 48.68086223 ], [ 21.80524731, 48.6807773 ], [ 21.80523304, 48.68074083 ], [ 21.80524193, 48.68064872 ], [ 21.80530345, 48.68054035 ], [ 21.80533883, 48.68047809 ], [ 21.80538392, 48.6804286 ], [ 21.80538828, 48.68042385 ], [ 21.80543743, 48.68037006 ], [ 21.80544364, 48.68034799 ], [ 21.80545937, 48.68029152 ], [ 21.80546247, 48.68028062 ], [ 21.80541632, 48.68026375 ], [ 21.80535064, 48.68024592 ], [ 21.80474219, 48.68008122 ], [ 21.80461566, 48.68004695 ], [ 21.80447579, 48.6799766 ], [ 21.80434344, 48.67991004 ], [ 21.8041497, 48.67979039 ], [ 21.80409571, 48.67975694 ], [ 21.80400643, 48.67964282 ], [ 21.80395327, 48.67946088 ], [ 21.80393127, 48.67938551 ], [ 21.80391526, 48.67933037 ], [ 21.80381151, 48.67931532 ], [ 21.80376367, 48.6793084 ], [ 21.80368709, 48.67932997 ], [ 21.80331502, 48.67943363 ], [ 21.80300576, 48.67936631 ], [ 21.80146773, 48.67911883 ], [ 21.80011084, 48.67889273 ], [ 21.80008565, 48.67888892 ], [ 21.80007447, 48.67888728 ], [ 21.80007245, 48.67888695 ], [ 21.80006002, 48.67893109 ], [ 21.80001163, 48.67892217 ], [ 21.79999496, 48.67891912 ], [ 21.79995221, 48.67891125 ], [ 21.79994065, 48.67890906 ], [ 21.79992855, 48.67890685 ], [ 21.79991309, 48.67890402 ], [ 21.79986133, 48.67889447 ], [ 21.79933758, 48.67879802 ], [ 21.79782917, 48.67854443 ], [ 21.79772852, 48.67852748 ], [ 21.79735687, 48.67846499 ], [ 21.79539046, 48.67813184 ], [ 21.79332237, 48.67778132 ], [ 21.79125437, 48.67743194 ], [ 21.78923695, 48.67709159 ], [ 21.78715955, 48.676739 ], [ 21.78570218, 48.67649505 ], [ 21.78342729, 48.67611397 ], [ 21.78246379, 48.67594537 ], [ 21.78238686, 48.67593191 ], [ 21.78226528, 48.67591062 ], [ 21.78220032, 48.67589927 ], [ 21.78209448, 48.67588073 ], [ 21.7820166, 48.67586716 ], [ 21.78165913, 48.67580462 ], [ 21.78130275, 48.67574635 ], [ 21.7816301, 48.67776073 ], [ 21.78164233, 48.67809983 ], [ 21.78155008, 48.67854445 ], [ 21.78070045, 48.68148201 ], [ 21.78110977, 48.68158956 ], [ 21.78114108, 48.68159777 ], [ 21.78232709, 48.6820527 ], [ 21.78251013, 48.68237002 ], [ 21.78239005, 48.68339497 ], [ 21.78221873, 48.68373958 ], [ 21.78195341, 48.68403536 ], [ 21.78045454, 48.68408277 ], [ 21.78032648, 48.6840604 ], [ 21.77983686, 48.68397467 ], [ 21.77922346, 48.68582787 ], [ 21.77784959, 48.68960625 ], [ 21.77779693, 48.68989369 ], [ 21.77830353, 48.68997384 ], [ 21.77835536, 48.68999132 ], [ 21.77862957, 48.69025741 ], [ 21.77913972, 48.69052703 ], [ 21.77921489, 48.69056789 ], [ 21.77942288, 48.69068085 ], [ 21.77961736, 48.69082647 ], [ 21.77978529, 48.69095223 ], [ 21.77992435, 48.69105643 ], [ 21.78008178, 48.69113313 ], [ 21.78011705, 48.69115026 ], [ 21.78026129, 48.69122031 ], [ 21.78070485, 48.6913248 ], [ 21.78147198, 48.69150137 ], [ 21.78168618, 48.69173059 ], [ 21.78183864, 48.69224484 ], [ 21.78201679, 48.69260559 ], [ 21.78230347, 48.69277813 ], [ 21.78238307, 48.69270228 ], [ 21.78260299, 48.69268288 ], [ 21.78274973, 48.69255534 ], [ 21.78282438, 48.69230881 ], [ 21.78300799, 48.69169469 ], [ 21.78309776, 48.69163531 ], [ 21.78316118, 48.69159342 ], [ 21.78328767, 48.69154275 ], [ 21.78374451, 48.69151015 ], [ 21.78570669, 48.69172672 ], [ 21.78593564, 48.69183283 ], [ 21.78616003, 48.69203747 ], [ 21.78614317, 48.69208968 ], [ 21.78612348, 48.69215036 ], [ 21.78609963, 48.69222381 ], [ 21.78606941, 48.69231725 ], [ 21.78580683, 48.69238378 ], [ 21.78567772, 48.69251205 ], [ 21.7852402, 48.69269584 ], [ 21.78493044, 48.69293006 ], [ 21.78481047, 48.69320465 ], [ 21.78493811, 48.69346066 ], [ 21.78549115, 48.69391804 ], [ 21.78598838, 48.69427495 ], [ 21.78679072, 48.69471297 ], [ 21.78528794, 48.69595605 ], [ 21.7847798, 48.69656108 ], [ 21.78430518, 48.69712614 ], [ 21.78382039, 48.69785788 ], [ 21.78322375, 48.69994537 ], [ 21.78309884, 48.70074267 ], [ 21.78312066, 48.70078014 ], [ 21.78312443, 48.70078519 ], [ 21.78315083, 48.70082099 ], [ 21.78321936, 48.7009137 ], [ 21.78323378, 48.70093397 ], [ 21.78329233, 48.70101625 ], [ 21.78528492, 48.70220368 ], [ 21.78593722, 48.70212859 ], [ 21.78643299, 48.70218971 ], [ 21.78734535, 48.70244628 ], [ 21.78807274, 48.70254516 ], [ 21.78829828, 48.70289473 ], [ 21.78879861, 48.7036434 ], [ 21.78767357, 48.70628052 ], [ 21.78784076, 48.70633829 ], [ 21.78787727, 48.70635086 ], [ 21.78808376, 48.70642227 ], [ 21.78867727, 48.70662742 ], [ 21.790997, 48.70742913 ], [ 21.79101419, 48.70743507 ], [ 21.79109519, 48.70746303 ], [ 21.79111012, 48.70746819 ], [ 21.79275737, 48.70803744 ], [ 21.79338637, 48.70825458 ], [ 21.79529606, 48.7089115 ], [ 21.79551165, 48.70899258 ], [ 21.79576155, 48.70908662 ], [ 21.79580731, 48.70912868 ], [ 21.79587819, 48.709185 ], [ 21.79583632, 48.70920289 ], [ 21.79571524, 48.70920583 ], [ 21.79525316, 48.70916455 ], [ 21.79515527, 48.70916864 ], [ 21.79509114, 48.70918127 ], [ 21.79500601, 48.70921071 ], [ 21.79486959, 48.70937211 ], [ 21.79480635, 48.70949466 ], [ 21.79479485, 48.70956177 ], [ 21.79487234, 48.70977099 ], [ 21.7948204, 48.70991381 ], [ 21.79440207, 48.7101885 ], [ 21.79374366, 48.7106657 ], [ 21.79350395, 48.71093932 ], [ 21.79297616, 48.71130411 ], [ 21.79263892, 48.71162989 ], [ 21.79260635, 48.71170823 ], [ 21.79264661, 48.71180343 ], [ 21.79274374, 48.71201848 ], [ 21.79282695, 48.71215027 ], [ 21.79296365, 48.71234062 ], [ 21.79303754, 48.71271644 ], [ 21.79313452, 48.71270944 ], [ 21.79320515, 48.71270428 ], [ 21.79325758, 48.71270529 ], [ 21.79350698, 48.71273533 ], [ 21.79466093, 48.71287452 ], [ 21.79571094, 48.71317334 ], [ 21.79578235, 48.71319367 ], [ 21.79578475, 48.71319436 ], [ 21.79582774, 48.71320098 ], [ 21.7958357, 48.71320218 ], [ 21.79591695, 48.71321475 ], [ 21.79592059, 48.7132153 ], [ 21.79596857, 48.71322267 ], [ 21.79597922, 48.7132243 ], [ 21.79661009, 48.71336145 ], [ 21.79730251, 48.71350202 ], [ 21.79752228, 48.71355449 ], [ 21.79789612, 48.71364376 ], [ 21.79795417, 48.71365789 ], [ 21.79867927, 48.71383431 ], [ 21.79905517, 48.71390743 ], [ 21.7995538, 48.71400465 ], [ 21.79976759, 48.71403905 ], [ 21.80002919, 48.71408127 ], [ 21.80028915, 48.71407801 ], [ 21.80064518, 48.71407401 ], [ 21.80082564, 48.71408126 ], [ 21.80107733, 48.71409136 ], [ 21.80127482, 48.71411156 ], [ 21.80140593, 48.71412517 ], [ 21.80168668, 48.71415421 ], [ 21.80187886, 48.71418156 ], [ 21.80232295, 48.71424476 ], [ 21.80285242, 48.71436537 ], [ 21.8029623, 48.71440199 ], [ 21.80322369, 48.71448867 ], [ 21.80342134, 48.71454514 ], [ 21.80397178, 48.71487708 ], [ 21.80487859, 48.71510637 ], [ 21.80520302, 48.71518523 ], [ 21.80546546, 48.71528858 ], [ 21.80552714, 48.71531935 ], [ 21.80585628, 48.7154834 ], [ 21.80601733, 48.71559012 ], [ 21.80631602, 48.7157882 ], [ 21.80671387, 48.71595637 ], [ 21.80732653, 48.71626292 ], [ 21.80732226, 48.71643705 ], [ 21.80799057, 48.71686187 ], [ 21.80921826, 48.71762971 ], [ 21.8098378, 48.71786253 ], [ 21.81015775, 48.71798257 ], [ 21.81055196, 48.71819654 ], [ 21.81087297, 48.7183537 ], [ 21.81153905, 48.71852247 ], [ 21.81188487, 48.71863778 ], [ 21.8120901, 48.71870668 ], [ 21.81258702, 48.71887013 ], [ 21.81265942, 48.71889686 ], [ 21.81309102, 48.71905428 ], [ 21.81312832, 48.71905147 ], [ 21.81335118, 48.71903434 ], [ 21.81377038, 48.71910764 ], [ 21.81407664, 48.71913597 ], [ 21.81446934, 48.71917222 ], [ 21.81463475, 48.71917653 ], [ 21.81506364, 48.71918771 ], [ 21.81507192, 48.71919018 ], [ 21.81526099, 48.71924722 ], [ 21.81548533, 48.71936539 ], [ 21.81567267, 48.71944695 ], [ 21.81587255, 48.71953496 ], [ 21.81613968, 48.71966766 ], [ 21.81641011, 48.7197747 ], [ 21.81669992, 48.71988989 ], [ 21.81684993, 48.71991072 ], [ 21.81727497, 48.71985861 ], [ 21.81750139, 48.71977036 ], [ 21.81766357, 48.71972382 ], [ 21.81812998, 48.71955462 ], [ 21.81855791, 48.71957728 ], [ 21.81856631, 48.71957786 ], [ 21.81883761, 48.71959707 ], [ 21.8192097, 48.7195569 ], [ 21.81956579, 48.71961423 ], [ 21.81966504, 48.71966298 ], [ 21.81992316, 48.71984457 ], [ 21.82047266, 48.71995247 ], [ 21.82096196, 48.72014431 ], [ 21.82126745, 48.720259 ], [ 21.82140652, 48.72032202 ], [ 21.82146862, 48.72035981 ], [ 21.82169963, 48.72051468 ], [ 21.82192691, 48.7206088 ], [ 21.8222948, 48.72063708 ], [ 21.82283594, 48.72073945 ], [ 21.8231888, 48.72075519 ], [ 21.82352845, 48.7207597 ] ] ] ] } },
{ "type": "Feature", "properties": { "@featureType": "CadastralZoning", "beginLifespanVersion": { "@nilReason": "http://inspire.ec.europa.eu/codelist/VoidReasonValue/Unpopulated", "@nil": "true" }, "endLifespanVersion": { "@nilReason": "http://inspire.ec.europa.eu/codelist/VoidReasonValue/Unpopulated", "@nil": "true" }, "estimatedAccuracy": { "value": -1, "@uom": "m" }, "inspireId": { "@dataType": "Identifier", "localId": "874051", "namespace": "SK.ESKN.CP", "versionId": "20260703T04:07:40" }, "label": "Žbince", "level": { "@href": "http://inspire.ec.europa.eu/codelist/CadastralZoningLevelValue/3rdOrder" }, "levelName": { "value": "Katastrálne územie", "@locale": "sk" }, "name": { "@dataType": "name", "GeographicalName": { "@dataType": "GeographicalName", "language": "SLK", "nativeness": { "@href": "http://inspire.ec.europa.eu/codelist/NativenessValue/endonym", "@title": "endonym" }, "nameStatus": { "@href": "http://inspire.ec.europa.eu/codelist/NameStatusValue/official", "@title": "official" }, "sourceOfName": { "@nilReason": "http://inspire.ec.europa.eu/codelist/VoidReasonValue/Unpopulated", "@nil": "true" }, "pronunciation": { "@dataType": "pronunciation", "@nilReason": "http://inspire.ec.europa.eu/codelist/VoidReasonValue/Unpopulated", "@nil": "true" }, "spelling": { "@dataType": "SpellingOfName", "text": "Žbince", "script": "LATN" } } }, "nationalCadastalZoningReference": "874051", "validFrom": "2026-06-30T16:00:00Z", "validTo": { "@nilReason": "http://inspire.ec.europa.eu/codelist/VoidReasonValue/Unpopulated", "@nil": "true" } }, "geometry": { "type": "MultiPolygon", "coordinates": [ [ [ [ 21.85925727, 48.6976768 ], [ 21.85928248, 48.6975806 ], [ 21.85928403, 48.69739659 ], [ 21.85926331, 48.697321 ], [ 21.8592487, 48.69728732 ], [ 21.85922235, 48.69722662 ], [ 21.85920629, 48.69718975 ], [ 21.85912883, 48.69709866 ], [ 21.85907108, 48.69705191 ], [ 21.8589362, 48.69695691 ], [ 21.858902, 48.69693281 ], [ 21.85862421, 48.6968939 ], [ 21.85836182, 48.69686133 ], [ 21.85821426, 48.69681802 ], [ 21.85806645, 48.69667706 ], [ 21.85812324, 48.6964321 ], [ 21.85820978, 48.6960601 ], [ 21.85821631, 48.69594408 ], [ 21.85825447, 48.69552296 ], [ 21.85837215, 48.69528055 ], [ 21.85853403, 48.69516303 ], [ 21.8585702, 48.69513741 ], [ 21.85885044, 48.6950323 ], [ 21.85922605, 48.69502116 ], [ 21.85929968, 48.6950406 ], [ 21.85938351, 48.69506247 ], [ 21.85941039, 48.69503517 ], [ 21.85953595, 48.6949087 ], [ 21.85946974, 48.69472322 ], [ 21.85943843, 48.69463584 ], [ 21.85938259, 48.69455169 ], [ 21.85931795, 48.6944531 ], [ 21.85932079, 48.6944232 ], [ 21.85935972, 48.69426472 ], [ 21.85940196, 48.69418895 ], [ 21.85944398, 48.69410984 ], [ 21.85948122, 48.69403825 ], [ 21.85958091, 48.6938474 ], [ 21.859625, 48.69376322 ], [ 21.8596805, 48.69366051 ], [ 21.85971447, 48.69357507 ], [ 21.85983489, 48.69329503 ], [ 21.85984113, 48.69327656 ], [ 21.85992686, 48.69317787 ], [ 21.85999776, 48.6929771 ], [ 21.86000371, 48.69288257 ], [ 21.86000293, 48.69280317 ], [ 21.86000573, 48.69277165 ], [ 21.85998123, 48.69270955 ], [ 21.85993107, 48.69260503 ], [ 21.85989262, 48.69252349 ], [ 21.85986627, 48.69246972 ], [ 21.85985189, 48.6924437 ], [ 21.85986003, 48.69241862 ], [ 21.85988624, 48.69232848 ], [ 21.85990811, 48.69225002 ], [ 21.85992383, 48.69222306 ], [ 21.85998715, 48.69212839 ], [ 21.86003628, 48.69204406 ], [ 21.86009952, 48.69194615 ], [ 21.86011692, 48.69190915 ], [ 21.86012259, 48.69188419 ], [ 21.8601337, 48.69179447 ], [ 21.86014614, 48.69172126 ], [ 21.86015458, 48.69166316 ], [ 21.86016388, 48.69161813 ], [ 21.86017094, 48.69157655 ], [ 21.86017946, 48.69155643 ], [ 21.86019621, 48.69150961 ], [ 21.86022092, 48.6914359 ], [ 21.8602498, 48.69134899 ], [ 21.8602696, 48.69131034 ], [ 21.86029853, 48.69122505 ], [ 21.86033228, 48.69113627 ], [ 21.86035776, 48.69107267 ], [ 21.86039933, 48.69096178 ], [ 21.8604211, 48.69090338 ], [ 21.86044299, 48.69084545 ], [ 21.86046781, 48.69077903 ], [ 21.86053662, 48.6905954 ], [ 21.86057878, 48.69056498 ], [ 21.86068187, 48.69048996 ], [ 21.86083146, 48.69044016 ], [ 21.86109697, 48.69035167 ], [ 21.86114689, 48.69033487 ], [ 21.86132955, 48.69019187 ], [ 21.86138151, 48.69014712 ], [ 21.86154475, 48.69001298 ], [ 21.86169588, 48.68988582 ], [ 21.86187785, 48.68973129 ], [ 21.86188839, 48.68970447 ], [ 21.86195113, 48.68949899 ], [ 21.86198126, 48.68939536 ], [ 21.86204398, 48.68929248 ], [ 21.86211922, 48.6891892 ], [ 21.86214721, 48.68914987 ], [ 21.86217619, 48.68911002 ], [ 21.86221361, 48.68905824 ], [ 21.86235715, 48.6888588 ], [ 21.86240819, 48.68878802 ], [ 21.86267024, 48.68856804 ], [ 21.86294753, 48.68850333 ], [ 21.86305586, 48.68847803 ], [ 21.86333301, 48.68841333 ], [ 21.86378853, 48.6883064 ], [ 21.86387029, 48.68828672 ], [ 21.86390669, 48.68827784 ], [ 21.86400036, 48.68822192 ], [ 21.86412204, 48.68814036 ], [ 21.86417246, 48.68797335 ], [ 21.86419162, 48.68791543 ], [ 21.86422792, 48.68780611 ], [ 21.86422266, 48.68776818 ], [ 21.86417757, 48.68758882 ], [ 21.86417388, 48.68757513 ], [ 21.86414485, 48.68745802 ], [ 21.86422099, 48.68734387 ], [ 21.86448126, 48.68695437 ], [ 21.86452371, 48.68689327 ], [ 21.86457864, 48.68681404 ], [ 21.86469485, 48.6866237 ], [ 21.86473738, 48.68655423 ], [ 21.86478095, 48.68648335 ], [ 21.86481561, 48.68642771 ], [ 21.86495083, 48.68625631 ], [ 21.865415, 48.68592901 ], [ 21.86567495, 48.68577476 ], [ 21.86606247, 48.68554475 ], [ 21.86618735, 48.68548487 ], [ 21.86632832, 48.6854172 ], [ 21.86643945, 48.68536245 ], [ 21.86650649, 48.68528758 ], [ 21.86659217, 48.68519383 ], [ 21.86660835, 48.68517517 ], [ 21.86663979, 48.685093 ], [ 21.8666668, 48.68501935 ], [ 21.86673655, 48.68481207 ], [ 21.86677367, 48.68470502 ], [ 21.86678537, 48.68469308 ], [ 21.86691582, 48.68463108 ], [ 21.8670227, 48.68458369 ], [ 21.86720899, 48.68450108 ], [ 21.86725272, 48.68448312 ], [ 21.8673721, 48.6842709 ], [ 21.86743142, 48.68415821 ], [ 21.86749935, 48.68402864 ], [ 21.86757231, 48.68389893 ], [ 21.86766561, 48.68373059 ], [ 21.86772454, 48.68362455 ], [ 21.86772922, 48.68358633 ], [ 21.86771047, 48.68353734 ], [ 21.86768197, 48.68347631 ], [ 21.86766967, 48.68344953 ], [ 21.86765191, 48.68341155 ], [ 21.86758552, 48.68326836 ], [ 21.86753521, 48.68316402 ], [ 21.86745573, 48.68310538 ], [ 21.86739396, 48.68308084 ], [ 21.8671999, 48.68299442 ], [ 21.86701073, 48.68290776 ], [ 21.86666428, 48.68275667 ], [ 21.86650888, 48.68268537 ], [ 21.86633807, 48.68260809 ], [ 21.86616449, 48.6825293 ], [ 21.86596521, 48.68240656 ], [ 21.86583804, 48.68221051 ], [ 21.86581116, 48.68203108 ], [ 21.86577321, 48.68177586 ], [ 21.86576558, 48.68172742 ], [ 21.86574405, 48.68158656 ], [ 21.86577701, 48.6813903 ], [ 21.86578009, 48.68136545 ], [ 21.86578961, 48.6813585 ], [ 21.865806, 48.68134317 ], [ 21.86583883, 48.68131395 ], [ 21.86585046, 48.68130327 ], [ 21.86587631, 48.68127972 ], [ 21.86594214, 48.68122309 ], [ 21.86601731, 48.68115788 ], [ 21.86610422, 48.68108234 ], [ 21.86613946, 48.68105148 ], [ 21.8661871, 48.68102021 ], [ 21.86624949, 48.68098518 ], [ 21.86629989, 48.68095542 ], [ 21.86640789, 48.68089582 ], [ 21.86650588, 48.68083317 ], [ 21.86655946, 48.68081637 ], [ 21.86662255, 48.68078109 ], [ 21.86668065, 48.68074505 ], [ 21.86672908, 48.68071407 ], [ 21.86684816, 48.68064854 ], [ 21.86702582, 48.68055517 ], [ 21.86710609, 48.68051205 ], [ 21.86719376, 48.68046543 ], [ 21.86732799, 48.6804011 ], [ 21.86746708, 48.6803351 ], [ 21.86762343, 48.68026215 ], [ 21.86766492, 48.68024297 ], [ 21.86780575, 48.68020995 ], [ 21.86803329, 48.68015845 ], [ 21.86835982, 48.68008969 ], [ 21.86888789, 48.68004454 ], [ 21.86895501, 48.68003798 ], [ 21.86924746, 48.67998499 ], [ 21.86939361, 48.6799585 ], [ 21.86941311, 48.67994811 ], [ 21.86948203, 48.67988048 ], [ 21.86958715, 48.67978399 ], [ 21.86964909, 48.67972645 ], [ 21.86976084, 48.67961645 ], [ 21.8697659, 48.67957176 ], [ 21.8697795, 48.67949714 ], [ 21.86981454, 48.67931138 ], [ 21.8698246, 48.67926492 ], [ 21.86982983, 48.67922186 ], [ 21.86984394, 48.67915715 ], [ 21.86985521, 48.67908751 ], [ 21.86988038, 48.67894973 ], [ 21.86987568, 48.67890695 ], [ 21.86987088, 48.6788657 ], [ 21.86985765, 48.67871074 ], [ 21.86985543, 48.67866955 ], [ 21.8698531, 48.67862332 ], [ 21.86985553, 48.67857703 ], [ 21.86986095, 48.67839357 ], [ 21.86986163, 48.67821674 ], [ 21.86986397, 48.67812086 ], [ 21.86986286, 48.67805144 ], [ 21.86986137, 48.67802341 ], [ 21.86986448, 48.67798866 ], [ 21.86986355, 48.67789756 ], [ 21.86986387, 48.6778829 ], [ 21.86987056, 48.67786597 ], [ 21.86988746, 48.67782104 ], [ 21.86989274, 48.67780741 ], [ 21.86990984, 48.67776122 ], [ 21.86992759, 48.67771794 ], [ 21.86999043, 48.67767518 ], [ 21.87012057, 48.67758302 ], [ 21.87021233, 48.67751976 ], [ 21.87025812, 48.67748736 ], [ 21.87028489, 48.67747347 ], [ 21.87030421, 48.67746145 ], [ 21.87032853, 48.67744768 ], [ 21.87048634, 48.6773565 ], [ 21.87068824, 48.67727113 ], [ 21.8712619, 48.67702662 ], [ 21.87156441, 48.67692897 ], [ 21.87182063, 48.67682807 ], [ 21.8719294, 48.67678531 ], [ 21.87201387, 48.67667921 ], [ 21.87204408, 48.67658071 ], [ 21.87209913, 48.67640131 ], [ 21.87230089, 48.6761506 ], [ 21.87243721, 48.67588958 ], [ 21.87262818, 48.67557461 ], [ 21.87281869, 48.67525125 ], [ 21.87285788, 48.67518754 ], [ 21.87301195, 48.6749808 ], [ 21.87305496, 48.67484924 ], [ 21.87313764, 48.67470852 ], [ 21.8732551, 48.67451911 ], [ 21.87329312, 48.67433792 ], [ 21.87331114, 48.67425486 ], [ 21.87332998, 48.67413699 ], [ 21.87331417, 48.67402823 ], [ 21.87327932, 48.6739827 ], [ 21.87321945, 48.67388612 ], [ 21.87320271, 48.6738587 ], [ 21.87341228, 48.67379782 ], [ 21.87368069, 48.67376716 ], [ 21.87388867, 48.67371947 ], [ 21.87434292, 48.67361535 ], [ 21.87456697, 48.67356474 ], [ 21.8747234, 48.67352941 ], [ 21.87500515, 48.67350304 ], [ 21.87517883, 48.67348661 ], [ 21.87532751, 48.6734887 ], [ 21.87549099, 48.67349099 ], [ 21.87576473, 48.67349475 ], [ 21.87593203, 48.67349686 ], [ 21.87621649, 48.67356606 ], [ 21.87645125, 48.67362318 ], [ 21.87661701, 48.67368897 ], [ 21.87690312, 48.67380231 ], [ 21.87735574, 48.67404094 ], [ 21.87764158, 48.67419873 ], [ 21.87789422, 48.67424973 ], [ 21.87790915, 48.67424777 ], [ 21.87825089, 48.67418766 ], [ 21.87873382, 48.67405536 ], [ 21.87915088, 48.67395261 ], [ 21.87955761, 48.67384519 ], [ 21.87958794, 48.67385172 ], [ 21.8796736, 48.67386957 ], [ 21.87973107, 48.67388148 ], [ 21.87989044, 48.67391471 ], [ 21.87993072, 48.67392312 ], [ 21.88001145, 48.67393238 ], [ 21.88008205, 48.67394048 ], [ 21.88058641, 48.6739979 ], [ 21.88074486, 48.67399322 ], [ 21.88081755, 48.67399102 ], [ 21.88090796, 48.67399045 ], [ 21.88113131, 48.67398904 ], [ 21.88120041, 48.67399036 ], [ 21.88127139, 48.67399181 ], [ 21.88147487, 48.67399574 ], [ 21.8817044, 48.67400025 ], [ 21.88172056, 48.67400057 ], [ 21.8817478, 48.67399946 ], [ 21.88183024, 48.67400256 ], [ 21.8818444, 48.6740022 ], [ 21.88187108, 48.67400144 ], [ 21.88204978, 48.67400834 ], [ 21.8820618, 48.67391613 ], [ 21.88205565, 48.67387943 ], [ 21.88249625, 48.67389994 ], [ 21.8827295, 48.67391525 ], [ 21.88287787, 48.67392506 ], [ 21.88302624, 48.67393479 ], [ 21.88310381, 48.67393992 ], [ 21.8831613, 48.67394687 ], [ 21.88330258, 48.67396397 ], [ 21.88354656, 48.6739936 ], [ 21.88367516, 48.67400921 ], [ 21.88380767, 48.67402518 ], [ 21.88395679, 48.67404321 ], [ 21.88396799, 48.67404457 ], [ 21.88415536, 48.67408013 ], [ 21.88427835, 48.67410342 ], [ 21.88433377, 48.67411555 ], [ 21.88451945, 48.67415673 ], [ 21.88484535, 48.67422876 ], [ 21.88494089, 48.67418889 ], [ 21.88504981, 48.67414334 ], [ 21.88537378, 48.67418535 ], [ 21.88550799, 48.67420272 ], [ 21.88560604, 48.67421547 ], [ 21.88571475, 48.67422958 ], [ 21.88579069, 48.67423935 ], [ 21.88619301, 48.6742919 ], [ 21.88629929, 48.67430586 ], [ 21.88638911, 48.6743176 ], [ 21.88665521, 48.67435236 ], [ 21.8869326, 48.67437752 ], [ 21.8873649, 48.6744311 ], [ 21.88740643, 48.67443441 ], [ 21.88747649, 48.67444474 ], [ 21.88757733, 48.6754652 ], [ 21.88763999, 48.67600806 ], [ 21.88772614, 48.67694004 ], [ 21.88779277, 48.67775398 ], [ 21.88787938, 48.67775564 ], [ 21.88790293, 48.67775957 ], [ 21.88789036, 48.67768356 ], [ 21.88872026, 48.67774546 ], [ 21.89006191, 48.67784602 ], [ 21.89092265, 48.67792921 ], [ 21.89160072, 48.67800099 ], [ 21.89168744, 48.67801022 ], [ 21.89184066, 48.67802797 ], [ 21.89277873, 48.67816522 ], [ 21.89389983, 48.67833609 ], [ 21.89472821, 48.67847134 ], [ 21.89516182, 48.67854517 ], [ 21.89523436, 48.67855755 ], [ 21.89514655, 48.67860464 ], [ 21.89509975, 48.67865241 ], [ 21.89502446, 48.67869225 ], [ 21.89496277, 48.678732 ], [ 21.89488765, 48.67877365 ], [ 21.89482587, 48.67881258 ], [ 21.89477746, 48.6788505 ], [ 21.89467858, 48.67891288 ], [ 21.8946049, 48.67896257 ], [ 21.89453229, 48.67901941 ], [ 21.8945203, 48.67902928 ], [ 21.89448854, 48.67908499 ], [ 21.89444547, 48.67915508 ], [ 21.89441462, 48.67921613 ], [ 21.89437177, 48.67928713 ], [ 21.89434153, 48.6793517 ], [ 21.89431984, 48.67938589 ], [ 21.89431189, 48.67941998 ], [ 21.89426852, 48.67948826 ], [ 21.89422728, 48.67956903 ], [ 21.89419612, 48.67962835 ], [ 21.89417611, 48.67966646 ], [ 21.89415458, 48.67970731 ], [ 21.89414671, 48.6797423 ], [ 21.89412555, 48.67977911 ], [ 21.8941063, 48.67982758 ], [ 21.89408704, 48.67987605 ], [ 21.89407423, 48.6799048 ], [ 21.89403733, 48.67998819 ], [ 21.89401777, 48.68003485 ], [ 21.89400841, 48.68006035 ], [ 21.89398533, 48.68012321 ], [ 21.89398129, 48.68014849 ], [ 21.89397711, 48.68016189 ], [ 21.89396541, 48.68019975 ], [ 21.89395504, 48.68023323 ], [ 21.89393365, 48.68035149 ], [ 21.89390382, 48.68046278 ], [ 21.89378554, 48.68090455 ], [ 21.89378171, 48.68091894 ], [ 21.89374063, 48.6810016 ], [ 21.8937113, 48.68107159 ], [ 21.89368266, 48.68114601 ], [ 21.89363172, 48.6812511 ], [ 21.89360308, 48.68132552 ], [ 21.89356183, 48.68140637 ], [ 21.89353358, 48.6814835 ], [ 21.89327948, 48.68144735 ], [ 21.89325898, 48.68144467 ], [ 21.89319225, 48.68143523 ], [ 21.89317824, 48.68143307 ], [ 21.89314184, 48.68142783 ], [ 21.89310517, 48.68150241 ], [ 21.89304005, 48.68163881 ], [ 21.89297845, 48.68176135 ], [ 21.89291671, 48.68188389 ], [ 21.8927748, 48.68218196 ], [ 21.89262855, 48.68245409 ], [ 21.89241561, 48.68290111 ], [ 21.89249503, 48.68290736 ], [ 21.8926371, 48.68291853 ], [ 21.89289197, 48.68289 ], [ 21.89316934, 48.68283189 ], [ 21.89326197, 48.68281426 ], [ 21.89359853, 48.68270113 ], [ 21.89430385, 48.68266973 ], [ 21.89493413, 48.68268088 ], [ 21.89542611, 48.68276366 ], [ 21.89580801, 48.68285328 ], [ 21.89593794, 48.68288385 ], [ 21.89571314, 48.68317712 ], [ 21.89538906, 48.68361231 ], [ 21.89526504, 48.68377062 ], [ 21.89518807, 48.68388387 ], [ 21.89506496, 48.6840476 ], [ 21.89486506, 48.68432629 ], [ 21.89490567, 48.68433848 ], [ 21.89624536, 48.68473897 ], [ 21.89723638, 48.68502971 ], [ 21.89745418, 48.68509464 ], [ 21.89758833, 48.68513458 ], [ 21.89815648, 48.68530388 ], [ 21.8982799, 48.68514412 ], [ 21.8983068, 48.68510907 ], [ 21.89854421, 48.68480207 ], [ 21.89857272, 48.68476509 ], [ 21.89903243, 48.68490086 ], [ 21.89970675, 48.68509336 ], [ 21.89983388, 48.68513025 ], [ 21.89992801, 48.68515729 ], [ 21.9002327, 48.68524503 ], [ 21.90033966, 48.68527582 ], [ 21.90038125, 48.68528767 ], [ 21.90085501, 48.68542514 ], [ 21.9015395, 48.68559701 ], [ 21.90164117, 48.68564414 ], [ 21.90165428, 48.68565014 ], [ 21.90171531, 48.68567832 ], [ 21.90173186, 48.68568594 ], [ 21.90180613, 48.68572014 ], [ 21.90187988, 48.68575404 ], [ 21.90207041, 48.68585814 ], [ 21.90213722, 48.68589457 ], [ 21.90288872, 48.68597976 ], [ 21.90354104, 48.68593697 ], [ 21.90464156, 48.68586484 ], [ 21.90485496, 48.6858508 ], [ 21.90494828, 48.6858447 ], [ 21.90519965, 48.68582272 ], [ 21.90651826, 48.68571388 ], [ 21.90769913, 48.68563665 ], [ 21.90788747, 48.6856163 ], [ 21.90798909, 48.68560537 ], [ 21.90863808, 48.68553529 ], [ 21.90885972, 48.68553369 ], [ 21.90906822, 48.68560691 ], [ 21.90943441, 48.68565621 ], [ 21.90957827, 48.6856954 ], [ 21.9096881, 48.68569997 ], [ 21.90984831, 48.68576918 ], [ 21.91016367, 48.68590558 ], [ 21.91021526, 48.68592794 ], [ 21.9103346, 48.68594211 ], [ 21.91077144, 48.68599419 ], [ 21.91106064, 48.68546888 ], [ 21.91108083, 48.68543222 ], [ 21.91112211, 48.68535731 ], [ 21.91147824, 48.68544442 ], [ 21.91167192, 48.68549179 ], [ 21.91219103, 48.68561874 ], [ 21.91247217, 48.68549507 ], [ 21.91255083, 48.68546043 ], [ 21.91278186, 48.68525801 ], [ 21.91279989, 48.68524217 ], [ 21.9128783, 48.68524955 ], [ 21.91289915, 48.68524873 ], [ 21.91312897, 48.68523968 ], [ 21.91330544, 48.68521515 ], [ 21.91334545, 48.68520959 ], [ 21.91343529, 48.68518612 ], [ 21.91370287, 48.68511601 ], [ 21.91393996, 48.6851058 ], [ 21.91404121, 48.6851061 ], [ 21.91407541, 48.68517311 ], [ 21.91444411, 48.68517882 ], [ 21.91511619, 48.68517957 ], [ 21.91528493, 48.68517617 ], [ 21.91530956, 48.6851615 ], [ 21.91542248, 48.68518324 ], [ 21.91547397, 48.68518364 ], [ 21.91608682, 48.68518875 ], [ 21.91621802, 48.68522355 ], [ 21.91632007, 48.68525934 ], [ 21.91685821, 48.68544804 ], [ 21.91696498, 48.68538773 ], [ 21.91729395, 48.68526867 ], [ 21.91742377, 48.68523055 ], [ 21.91755862, 48.68519021 ], [ 21.91781419, 48.68511385 ], [ 21.91809464, 48.68503011 ], [ 21.91818422, 48.68500636 ], [ 21.91848483, 48.68492681 ], [ 21.91861014, 48.6848937 ], [ 21.91871025, 48.68486652 ], [ 21.91879014, 48.68485287 ], [ 21.91892163, 48.68483045 ], [ 21.91901851, 48.68481219 ], [ 21.91909176, 48.68479108 ], [ 21.91913489, 48.68477372 ], [ 21.91924421, 48.68459783 ], [ 21.91925978, 48.68456825 ], [ 21.91932661, 48.68444106 ], [ 21.91963814, 48.68427071 ], [ 21.91980437, 48.68419254 ], [ 21.92026926, 48.68391941 ], [ 21.92052668, 48.68375624 ], [ 21.92088719, 48.68347822 ], [ 21.92141095, 48.68346972 ], [ 21.92163678, 48.68346604 ], [ 21.92171607, 48.68345328 ], [ 21.92173007, 48.68345102 ], [ 21.92185751, 48.68343056 ], [ 21.92187852, 48.68342677 ], [ 21.92255884, 48.68328819 ], [ 21.92307813, 48.68318237 ], [ 21.92337887, 48.68322809 ], [ 21.92355416, 48.68325482 ], [ 21.92376718, 48.68328726 ], [ 21.92394747, 48.68331457 ], [ 21.92414203, 48.68334421 ], [ 21.92454356, 48.68340524 ], [ 21.92469245, 48.68342788 ], [ 21.92471926, 48.68343198 ], [ 21.92517942, 48.6835015 ], [ 21.92557923, 48.68356186 ], [ 21.92580412, 48.68359586 ], [ 21.9260189, 48.68362844 ], [ 21.92657023, 48.68376028 ], [ 21.92693574, 48.68384758 ], [ 21.92717614, 48.6839051 ], [ 21.92720752, 48.68391255 ], [ 21.92724215, 48.68392007 ], [ 21.92730364, 48.68393341 ], [ 21.92743655, 48.68396213 ], [ 21.92770558, 48.68402045 ], [ 21.92790092, 48.68406271 ], [ 21.92792783, 48.68406752 ], [ 21.92832033, 48.68413687 ], [ 21.92837078, 48.68414587 ], [ 21.9288401, 48.68422893 ], [ 21.92903544, 48.68424986 ], [ 21.92950149, 48.68429989 ], [ 21.92957754, 48.6843081 ], [ 21.92986096, 48.68433843 ], [ 21.93033889, 48.68438985 ], [ 21.93065469, 48.68440065 ], [ 21.93093373, 48.68441008 ], [ 21.93111035, 48.68441604 ], [ 21.93112134, 48.68441641 ], [ 21.93155882, 48.68443134 ], [ 21.93192631, 48.6844437 ], [ 21.93216275, 48.68445179 ], [ 21.93235375, 48.68445829 ], [ 21.93270225, 48.68447009 ], [ 21.932828, 48.68447441 ], [ 21.93313634, 48.68448493 ], [ 21.93326097, 48.68453719 ], [ 21.93369593, 48.6847199 ], [ 21.93380929, 48.68476747 ], [ 21.93382349, 48.6847735 ], [ 21.93404304, 48.68487502 ], [ 21.93407336, 48.68488901 ], [ 21.934248, 48.68495117 ], [ 21.93457203, 48.68513424 ], [ 21.93460113, 48.68515072 ], [ 21.93462114, 48.68516202 ], [ 21.93465501, 48.68517826 ], [ 21.93490254, 48.68529687 ], [ 21.93493085, 48.68531035 ], [ 21.93494805, 48.68531862 ], [ 21.93501724, 48.68534708 ], [ 21.93506146, 48.68536528 ], [ 21.93519107, 48.68541857 ], [ 21.93522069, 48.68543074 ], [ 21.9354503, 48.68552514 ], [ 21.93569671, 48.68530164 ], [ 21.93606785, 48.68521932 ], [ 21.93621579, 48.68520637 ], [ 21.93681712, 48.68520604 ], [ 21.93785609, 48.68526543 ], [ 21.93847626, 48.68524927 ], [ 21.93948752, 48.68513678 ], [ 21.93971863, 48.68509774 ], [ 21.94004875, 48.68506964 ], [ 21.94043219, 48.68503135 ], [ 21.94078862, 48.68499931 ], [ 21.94227627, 48.68487477 ], [ 21.94255762, 48.68483914 ], [ 21.94307634, 48.6847379 ], [ 21.94318609, 48.68469141 ], [ 21.94358027, 48.68438321 ], [ 21.94384053, 48.68401118 ], [ 21.94391397, 48.68391501 ], [ 21.94412214, 48.68347202 ], [ 21.94437363, 48.68320381 ], [ 21.94457411, 48.68298635 ], [ 21.94472207, 48.68287503 ], [ 21.94496575, 48.68267223 ], [ 21.94518493, 48.68243669 ], [ 21.94551813, 48.68201023 ], [ 21.94588451, 48.68149253 ], [ 21.94606223, 48.68122842 ], [ 21.94644079, 48.68096932 ], [ 21.94671054, 48.68069265 ], [ 21.94699035, 48.68038257 ], [ 21.94699723, 48.68037392 ], [ 21.94703046, 48.680332 ], [ 21.94726439, 48.68003752 ], [ 21.94742615, 48.67977166 ], [ 21.94813021, 48.67842226 ], [ 21.9478651, 48.67833582 ], [ 21.94784095, 48.67832793 ], [ 21.94779131, 48.67831184 ], [ 21.94776729, 48.67830404 ], [ 21.94770898, 48.67828504 ], [ 21.94768563, 48.67827743 ], [ 21.94765881, 48.67826867 ], [ 21.94763573, 48.67826116 ], [ 21.94758236, 48.67824381 ], [ 21.94756395, 48.67823777 ], [ 21.947552, 48.6782327 ], [ 21.94754152, 48.67822821 ], [ 21.94721595, 48.67808887 ], [ 21.94714956, 48.67806391 ], [ 21.94705724, 48.67806709 ], [ 21.94702061, 48.67806834 ], [ 21.94699243, 48.67806926 ], [ 21.94695905, 48.67807076 ], [ 21.94677129, 48.6780794 ], [ 21.94640792, 48.67809562 ], [ 21.9463834, 48.67809663 ], [ 21.94632905, 48.67809887 ], [ 21.94612155, 48.67810809 ], [ 21.94611269, 48.6781085 ], [ 21.94588368, 48.67811854 ], [ 21.94395684, 48.67820299 ], [ 21.9431841, 48.6782367 ], [ 21.94292389, 48.67824793 ], [ 21.9428916, 48.67824937 ], [ 21.94290616, 48.67810349 ], [ 21.94292235, 48.677941 ], [ 21.94294331, 48.6777735 ], [ 21.94295975, 48.67761605 ], [ 21.94297747, 48.67745288 ], [ 21.94299685, 48.67728453 ], [ 21.94301583, 48.67713021 ], [ 21.94303417, 48.67697039 ], [ 21.94304507, 48.67688642 ], [ 21.94305577, 48.67680839 ], [ 21.94307443, 48.67664776 ], [ 21.94307554, 48.6766378 ], [ 21.94308854, 48.67648351 ], [ 21.94309535, 48.67642608 ], [ 21.94309659, 48.67641378 ], [ 21.9431002, 48.67637904 ], [ 21.94310271, 48.67635886 ], [ 21.94310717, 48.67632351 ], [ 21.94313022, 48.67615507 ], [ 21.9431511, 48.6759936 ], [ 21.94315283, 48.67597987 ], [ 21.94316447, 48.67584958 ], [ 21.94316601, 48.67583198 ], [ 21.94316711, 48.67582697 ], [ 21.94317425, 48.67576604 ], [ 21.94317605, 48.67575123 ], [ 21.94318613, 48.67567445 ], [ 21.94320288, 48.67550207 ], [ 21.94331609, 48.67452366 ], [ 21.94332709, 48.67442836 ], [ 21.94334917, 48.67422426 ], [ 21.94337435, 48.67399449 ], [ 21.94337468, 48.67399117 ], [ 21.94337735, 48.67397774 ], [ 21.94338297, 48.67395061 ], [ 21.94341148, 48.67381273 ], [ 21.9434163, 48.67379008 ], [ 21.943655, 48.67376715 ], [ 21.9439019, 48.67374344 ], [ 21.94414034, 48.67372033 ], [ 21.94437508, 48.67369766 ], [ 21.94462062, 48.67367392 ], [ 21.94485919, 48.67365089 ], [ 21.94511717, 48.67362593 ], [ 21.94510871, 48.67360034 ], [ 21.9450576, 48.67344301 ], [ 21.94499879, 48.67326343 ], [ 21.94499181, 48.67324049 ], [ 21.94498962, 48.67323351 ], [ 21.94491272, 48.67299705 ], [ 21.94487435, 48.67287856 ], [ 21.94476312, 48.67253622 ], [ 21.94476254, 48.67253432 ], [ 21.9447052, 48.67235523 ], [ 21.94469632, 48.67232747 ], [ 21.94466374, 48.67223144 ], [ 21.94464328, 48.67216604 ], [ 21.94463937, 48.67215353 ], [ 21.94458601, 48.67198084 ], [ 21.94458303, 48.67197122 ], [ 21.94452385, 48.67177913 ], [ 21.94440652, 48.67141504 ], [ 21.94429804, 48.67107458 ], [ 21.94428748, 48.67104515 ], [ 21.94422385, 48.67085025 ], [ 21.94419567, 48.67076522 ], [ 21.9441668, 48.67066847 ], [ 21.94410587, 48.6704857 ], [ 21.94404529, 48.67029438 ], [ 21.9439313, 48.66993622 ], [ 21.94387004, 48.669752 ], [ 21.94381039, 48.66956826 ], [ 21.94374687, 48.66937381 ], [ 21.94374294, 48.66936175 ], [ 21.94368671, 48.66918476 ], [ 21.94362863, 48.66899962 ], [ 21.9435693, 48.66882228 ], [ 21.94356651, 48.66881394 ], [ 21.94351091, 48.66864029 ], [ 21.94348435, 48.6685508 ], [ 21.94348138, 48.66854083 ], [ 21.94345159, 48.66844361 ], [ 21.94339167, 48.66825986 ], [ 21.94332966, 48.66807706 ], [ 21.94325333, 48.66783315 ], [ 21.94321109, 48.6677016 ], [ 21.94315248, 48.66752365 ], [ 21.94309334, 48.66733345 ], [ 21.94303447, 48.66715036 ], [ 21.94297266, 48.66696171 ], [ 21.9429167, 48.66678491 ], [ 21.94285523, 48.66659024 ], [ 21.94279781, 48.666408 ], [ 21.94273864, 48.66622797 ], [ 21.94267562, 48.66603434 ], [ 21.94267475, 48.66603054 ], [ 21.94261426, 48.66584012 ], [ 21.94249719, 48.66548396 ], [ 21.94247305, 48.66540677 ], [ 21.94245468, 48.66535015 ], [ 21.94243652, 48.66529435 ], [ 21.94241934, 48.66525261 ], [ 21.942244, 48.66520611 ], [ 21.9420277, 48.66514418 ], [ 21.94181884, 48.66508037 ], [ 21.94128645, 48.66491955 ], [ 21.94096577, 48.66482739 ], [ 21.94037519, 48.66466259 ], [ 21.94031503, 48.6646501 ], [ 21.94001076, 48.66458705 ], [ 21.93965731, 48.66449064 ], [ 21.93939097, 48.66440091 ], [ 21.9393675, 48.66439304 ], [ 21.93928953, 48.66436669 ], [ 21.93927308, 48.66436214 ], [ 21.93886473, 48.66424915 ], [ 21.93853609, 48.66411087 ], [ 21.93825225, 48.66399217 ], [ 21.93760005, 48.66371935 ], [ 21.93707273, 48.6634987 ], [ 21.93696991, 48.6634721 ], [ 21.93625164, 48.66328599 ], [ 21.93552989, 48.66300152 ], [ 21.93526204, 48.66289581 ], [ 21.93461861, 48.66268646 ], [ 21.93427161, 48.66257498 ], [ 21.93396885, 48.66252149 ], [ 21.93391289, 48.66251163 ], [ 21.9337277, 48.66247873 ], [ 21.93348741, 48.66243508 ], [ 21.93347491, 48.66243279 ], [ 21.93346765, 48.66243153 ], [ 21.93346186, 48.66243048 ], [ 21.93345541, 48.66242933 ], [ 21.93344761, 48.66242787 ], [ 21.93332283, 48.66240522 ], [ 21.93308248, 48.66233421 ], [ 21.933077, 48.66233263 ], [ 21.9328297, 48.66225965 ], [ 21.93281326, 48.66225483 ], [ 21.93227539, 48.66209581 ], [ 21.93223998, 48.66209015 ], [ 21.93220836, 48.66208 ], [ 21.93219369, 48.66207531 ], [ 21.93207961, 48.66203888 ], [ 21.93205373, 48.66203058 ], [ 21.93195692, 48.6620034 ], [ 21.93193385, 48.6619959 ], [ 21.93175041, 48.66193703 ], [ 21.93131895, 48.66180371 ], [ 21.93111733, 48.66173961 ], [ 21.93075835, 48.66164079 ], [ 21.93064488, 48.6616104 ], [ 21.93058545, 48.66159478 ], [ 21.93052983, 48.66157907 ], [ 21.92998712, 48.66141713 ], [ 21.92901268, 48.66112177 ], [ 21.92857264, 48.66098661 ], [ 21.92843913, 48.66094555 ], [ 21.9279817, 48.66079627 ], [ 21.92703607, 48.66048694 ], [ 21.92653865, 48.66033863 ], [ 21.92615286, 48.66022418 ], [ 21.9252872, 48.65996581 ], [ 21.92511429, 48.65991088 ], [ 21.92509921, 48.65990609 ], [ 21.92508907, 48.65990287 ], [ 21.92500776, 48.65987796 ], [ 21.92490371, 48.65984456 ], [ 21.92382908, 48.65951361 ], [ 21.92334434, 48.65936461 ], [ 21.92330563, 48.65935275 ], [ 21.92323858, 48.65953637 ], [ 21.92320888, 48.65959943 ], [ 21.92311841, 48.65979137 ], [ 21.92308335, 48.65986735 ], [ 21.92305878, 48.65988833 ], [ 21.92289611, 48.65996496 ], [ 21.92262429, 48.66007125 ], [ 21.92260787, 48.66007803 ], [ 21.92241505, 48.66015697 ], [ 21.92236708, 48.66018339 ], [ 21.92233695, 48.66020882 ], [ 21.92227948, 48.66025156 ], [ 21.92225286, 48.66031542 ], [ 21.92224813, 48.66032682 ], [ 21.92221426, 48.66040805 ], [ 21.9221792, 48.66048403 ], [ 21.92217075, 48.6605343 ], [ 21.92221039, 48.66059875 ], [ 21.92224037, 48.66065872 ], [ 21.92227183, 48.66070469 ], [ 21.92229984, 48.6607351 ], [ 21.92232065, 48.6607583 ], [ 21.92233547, 48.66077469 ], [ 21.92246605, 48.66081929 ], [ 21.92260121, 48.6608622 ], [ 21.92276282, 48.66091064 ], [ 21.92281752, 48.66092092 ], [ 21.92297814, 48.66095116 ], [ 21.92317439, 48.6609876 ], [ 21.92344048, 48.6610455 ], [ 21.92357083, 48.66108694 ], [ 21.92367487, 48.66112295 ], [ 21.92374859, 48.66120202 ], [ 21.92383348, 48.66130423 ], [ 21.92390137, 48.66140215 ], [ 21.92398972, 48.66159328 ], [ 21.92405515, 48.66176007 ], [ 21.92411436, 48.66190511 ], [ 21.92419379, 48.66210276 ], [ 21.92427189, 48.66228319 ], [ 21.9243166, 48.66245837 ], [ 21.92433738, 48.66259362 ], [ 21.92427394, 48.6627048 ], [ 21.92418268, 48.66286054 ], [ 21.92403679, 48.66304748 ], [ 21.92390103, 48.66320921 ], [ 21.92375739, 48.6633946 ], [ 21.92365306, 48.66353192 ], [ 21.92360265, 48.66359122 ], [ 21.92340565, 48.66375465 ], [ 21.92323327, 48.66389872 ], [ 21.92297524, 48.66403424 ], [ 21.92282695, 48.66411358 ], [ 21.92266611, 48.66421978 ], [ 21.92249947, 48.66434176 ], [ 21.92228822, 48.66450717 ], [ 21.92212586, 48.66465878 ], [ 21.92197503, 48.66480834 ], [ 21.92193291, 48.66484868 ], [ 21.92190172, 48.6649495 ], [ 21.92193889, 48.6650453 ], [ 21.92200313, 48.66519487 ], [ 21.92205342, 48.66531053 ], [ 21.92214627, 48.66542815 ], [ 21.922262, 48.6655684 ], [ 21.92236396, 48.66568103 ], [ 21.9224748, 48.66579515 ], [ 21.92269987, 48.66602617 ], [ 21.92265361, 48.66607937 ], [ 21.92251921, 48.66623609 ], [ 21.92243931, 48.66625991 ], [ 21.9221623, 48.66634249 ], [ 21.9218936, 48.66635336 ], [ 21.92164393, 48.66636886 ], [ 21.92143187, 48.66638251 ], [ 21.92106962, 48.66644691 ], [ 21.92078538, 48.66652021 ], [ 21.92047773, 48.66660138 ], [ 21.92022638, 48.66666516 ], [ 21.92014076, 48.6666892 ], [ 21.92007945, 48.66670637 ], [ 21.91998209, 48.66673362 ], [ 21.9197674, 48.66687824 ], [ 21.91959296, 48.66704133 ], [ 21.91936056, 48.66727181 ], [ 21.91913608, 48.6675537 ], [ 21.9189582, 48.66780724 ], [ 21.91879652, 48.66802951 ], [ 21.91863308, 48.66813798 ], [ 21.91850427, 48.66819476 ], [ 21.91816202, 48.66833392 ], [ 21.91792928, 48.66838817 ], [ 21.91763315, 48.66845531 ], [ 21.91758132, 48.6684541 ], [ 21.91720334, 48.66841568 ], [ 21.91689647, 48.66839084 ], [ 21.91674942, 48.66833709 ], [ 21.91646002, 48.6682281 ], [ 21.91632494, 48.66818356 ], [ 21.91614754, 48.66814714 ], [ 21.91588994, 48.66810653 ], [ 21.91566883, 48.66814514 ], [ 21.9155329, 48.66820048 ], [ 21.91539221, 48.66826047 ], [ 21.91530538, 48.66844494 ], [ 21.91536933, 48.66877667 ], [ 21.91546508, 48.66903486 ], [ 21.915554, 48.66930097 ], [ 21.91549455, 48.66942754 ], [ 21.91546184, 48.66944337 ], [ 21.91531677, 48.66952053 ], [ 21.9151447, 48.66953085 ], [ 21.9147228, 48.66954721 ], [ 21.91455261, 48.66952014 ], [ 21.914328, 48.66948244 ], [ 21.91421906, 48.66945341 ], [ 21.91397758, 48.66939241 ], [ 21.91374204, 48.66941239 ], [ 21.91318398, 48.66947165 ], [ 21.91261409, 48.6695262 ], [ 21.91236945, 48.66955539 ], [ 21.91224559, 48.66955919 ], [ 21.91224021, 48.6695488 ], [ 21.91218904, 48.66945094 ], [ 21.91218451, 48.66944236 ], [ 21.91209136, 48.66926415 ], [ 21.91198131, 48.66899966 ], [ 21.91193137, 48.66881444 ], [ 21.91187371, 48.66857935 ], [ 21.91190236, 48.66828928 ], [ 21.91183061, 48.66806517 ], [ 21.91175023, 48.66805 ], [ 21.91130908, 48.66803535 ], [ 21.91124353, 48.6680669 ], [ 21.91093237, 48.66824165 ], [ 21.91069437, 48.66840816 ], [ 21.91049346, 48.66853718 ], [ 21.9100867, 48.668463 ], [ 21.90991336, 48.66838446 ], [ 21.90959039, 48.66823347 ], [ 21.90918007, 48.66807514 ], [ 21.9087972, 48.66801335 ], [ 21.90864675, 48.66805158 ], [ 21.90817542, 48.66823037 ], [ 21.90812996, 48.66822715 ], [ 21.90811968, 48.66822635 ], [ 21.90800668, 48.66821827 ], [ 21.90799329, 48.6682173 ], [ 21.90787326, 48.66820868 ], [ 21.90728064, 48.66816048 ], [ 21.90672122, 48.6681277 ], [ 21.90613802, 48.66808099 ], [ 21.90609604, 48.66811395 ], [ 21.90589182, 48.66818213 ], [ 21.90562169, 48.66825062 ], [ 21.90537376, 48.66826396 ], [ 21.90497361, 48.66822629 ], [ 21.9045545, 48.66818742 ], [ 21.90432994, 48.66813017 ], [ 21.90397902, 48.6680446 ], [ 21.90394252, 48.66784127 ], [ 21.90352581, 48.66775871 ], [ 21.90316415, 48.66769213 ], [ 21.90297795, 48.66765762 ], [ 21.90295389, 48.66765314 ], [ 21.90292135, 48.66764719 ], [ 21.90289514, 48.6676423 ], [ 21.90191641, 48.6674429 ], [ 21.90139003, 48.66733478 ], [ 21.90090207, 48.66724132 ], [ 21.90067647, 48.66720446 ], [ 21.90065157, 48.66720041 ], [ 21.90058993, 48.6671903 ], [ 21.90056691, 48.66718657 ], [ 21.90053176, 48.66717883 ], [ 21.90031184, 48.66768787 ], [ 21.90007156, 48.66821997 ], [ 21.89970689, 48.66891074 ], [ 21.89936478, 48.66958228 ], [ 21.89911937, 48.67003595 ], [ 21.89890262, 48.66998689 ], [ 21.89861157, 48.66991866 ], [ 21.89839988, 48.66983616 ], [ 21.89818409, 48.66967427 ], [ 21.89793612, 48.66943677 ], [ 21.89777665, 48.66926901 ], [ 21.89774621, 48.66922918 ], [ 21.89765836, 48.66903318 ], [ 21.8975886, 48.66900828 ], [ 21.89752893, 48.66921998 ], [ 21.89745243, 48.66942431 ], [ 21.8973664, 48.66962886 ], [ 21.89728913, 48.66982066 ], [ 21.89720922, 48.67000638 ], [ 21.89712991, 48.6702029 ], [ 21.89698823, 48.67056137 ], [ 21.89691575, 48.67070794 ], [ 21.89689176, 48.67070445 ], [ 21.89635061, 48.67062564 ], [ 21.89584573, 48.67061516 ], [ 21.89537927, 48.67061942 ], [ 21.89495036, 48.67061816 ], [ 21.89457832, 48.670625 ], [ 21.89420312, 48.6707051 ], [ 21.89385355, 48.67078154 ], [ 21.89359093, 48.670816 ], [ 21.89325769, 48.67078872 ], [ 21.89262398, 48.67065642 ], [ 21.89225125, 48.67056036 ], [ 21.89197962, 48.67049469 ], [ 21.8918503, 48.67046341 ], [ 21.89145599, 48.67044897 ], [ 21.89115926, 48.67054438 ], [ 21.89081808, 48.67068924 ], [ 21.8904537, 48.67093422 ], [ 21.89000346, 48.67120455 ], [ 21.88978183, 48.67134048 ], [ 21.8895075, 48.67150396 ], [ 21.88936863, 48.67159754 ], [ 21.88914476, 48.67150742 ], [ 21.88886318, 48.67139531 ], [ 21.88859531, 48.67131874 ], [ 21.88820761, 48.67120438 ], [ 21.88794813, 48.67115413 ], [ 21.88757454, 48.67108458 ], [ 21.88755032, 48.67108046 ], [ 21.8872205, 48.67102463 ], [ 21.88719626, 48.67102095 ], [ 21.8871704, 48.67101696 ], [ 21.88704945, 48.6709984 ], [ 21.88701982, 48.67099387 ], [ 21.88669498, 48.67093906 ], [ 21.88655781, 48.67079256 ], [ 21.88642006, 48.67063515 ], [ 21.88625605, 48.67038014 ], [ 21.88618048, 48.67015124 ], [ 21.88619583, 48.66976292 ], [ 21.88616715, 48.66943783 ], [ 21.88584958, 48.66940292 ], [ 21.88583889, 48.66942559 ], [ 21.88582373, 48.6694667 ], [ 21.88581061, 48.66946339 ], [ 21.88578755, 48.66946029 ], [ 21.8857746, 48.66945861 ], [ 21.88569816, 48.66944829 ], [ 21.88571017, 48.66941232 ], [ 21.88577642, 48.66917236 ], [ 21.88579062, 48.6690964 ], [ 21.88581514, 48.66896419 ], [ 21.88577436, 48.66872357 ], [ 21.88575231, 48.66856983 ], [ 21.8856835, 48.66843272 ], [ 21.88564722, 48.66836024 ], [ 21.88557361, 48.6682123 ], [ 21.88550149, 48.66805035 ], [ 21.8854899, 48.66803934 ], [ 21.88541718, 48.66796963 ], [ 21.88530824, 48.66786605 ], [ 21.88525264, 48.66779408 ], [ 21.88518506, 48.66767094 ], [ 21.88509154, 48.66757091 ], [ 21.88503526, 48.66751071 ], [ 21.88497143, 48.66742124 ], [ 21.88491589, 48.6673435 ], [ 21.88485013, 48.6672476 ], [ 21.88483698, 48.66722836 ], [ 21.88468975, 48.66703552 ], [ 21.88468269, 48.66702616 ], [ 21.88461563, 48.66693841 ], [ 21.88457144, 48.66688058 ], [ 21.88454227, 48.66672549 ], [ 21.88450882, 48.6664991 ], [ 21.88450208, 48.66645366 ], [ 21.88452911, 48.66639773 ], [ 21.88459009, 48.66633278 ], [ 21.88459357, 48.666329 ], [ 21.88471814, 48.66619609 ], [ 21.88481446, 48.66608416 ], [ 21.88494268, 48.66593524 ], [ 21.88533719, 48.66554561 ], [ 21.88542878, 48.66544489 ], [ 21.88544864, 48.66539293 ], [ 21.88551671, 48.66521295 ], [ 21.88552591, 48.66517143 ], [ 21.88557837, 48.66496072 ], [ 21.88559475, 48.66490084 ], [ 21.88560737, 48.66482628 ], [ 21.88562582, 48.66469112 ], [ 21.88563495, 48.66459938 ], [ 21.88563153, 48.66445007 ], [ 21.88562287, 48.66436291 ], [ 21.88557148, 48.66409925 ], [ 21.88553551, 48.66396063 ], [ 21.88550903, 48.66367259 ], [ 21.88557755, 48.66357587 ], [ 21.88561745, 48.66351587 ], [ 21.88566911, 48.66343808 ], [ 21.88573969, 48.6633317 ], [ 21.88579081, 48.66325623 ], [ 21.88580219, 48.66324041 ], [ 21.88586543, 48.6631459 ], [ 21.8858907, 48.66310848 ], [ 21.88584847, 48.66310092 ], [ 21.88582938, 48.66309755 ], [ 21.88581607, 48.66309514 ], [ 21.88575864, 48.66308495 ], [ 21.88570928, 48.66308576 ], [ 21.88552599, 48.66306948 ], [ 21.88539434, 48.66305784 ], [ 21.88504273, 48.66301324 ], [ 21.88464795, 48.66296799 ], [ 21.88441028, 48.66294069 ], [ 21.88429788, 48.6629344 ], [ 21.88418467, 48.662928 ], [ 21.88395259, 48.66290976 ], [ 21.88379719, 48.66289994 ], [ 21.88349572, 48.66288091 ], [ 21.88322317, 48.66282032 ], [ 21.88312953, 48.66281154 ], [ 21.88303879, 48.66280428 ], [ 21.88283949, 48.66280162 ], [ 21.88181987, 48.6626281 ], [ 21.88174765, 48.66208274 ], [ 21.88171889, 48.66180634 ], [ 21.88168143, 48.66149272 ], [ 21.88167414, 48.66143107 ], [ 21.88163955, 48.66113822 ], [ 21.88161568, 48.66093664 ], [ 21.88159807, 48.6607885 ], [ 21.88155912, 48.66046774 ], [ 21.8815042, 48.65997305 ], [ 21.88147044, 48.65973134 ], [ 21.88144359, 48.65953896 ], [ 21.88143416, 48.65945115 ], [ 21.88141198, 48.6592461 ], [ 21.88130513, 48.65837379 ], [ 21.88123898, 48.6578456 ], [ 21.88119853, 48.65745739 ], [ 21.88119036, 48.65740399 ], [ 21.88116702, 48.65739655 ], [ 21.88114995, 48.65739108 ], [ 21.88113194, 48.65738531 ], [ 21.88110433, 48.6573765 ], [ 21.881087, 48.65737093 ], [ 21.88049176, 48.65718077 ], [ 21.88007187, 48.65704504 ], [ 21.87874853, 48.65661154 ], [ 21.87836338, 48.65648587 ], [ 21.87763326, 48.65625634 ], [ 21.87704954, 48.6560625 ], [ 21.87643526, 48.65586391 ], [ 21.87588247, 48.65568256 ], [ 21.87533654, 48.65550713 ], [ 21.87472274, 48.65530297 ], [ 21.87457109, 48.65525256 ], [ 21.87450355, 48.6552133 ], [ 21.87444114, 48.65517696 ], [ 21.87442786, 48.65518805 ], [ 21.87418772, 48.65538792 ], [ 21.87415717, 48.65541333 ], [ 21.87395914, 48.65557818 ], [ 21.87362006, 48.65586497 ], [ 21.87341127, 48.65633546 ], [ 21.87326116, 48.65667101 ], [ 21.87299273, 48.65716472 ], [ 21.87285726, 48.6573562 ], [ 21.87288224, 48.6579062 ], [ 21.8728912, 48.65805763 ], [ 21.87289202, 48.65810886 ], [ 21.87289673, 48.65815857 ], [ 21.87289842, 48.65821568 ], [ 21.87290007, 48.65827368 ], [ 21.872905, 48.65838253 ], [ 21.87291137, 48.65848286 ], [ 21.87281186, 48.65845367 ], [ 21.87279637, 48.65844914 ], [ 21.87265807, 48.65840248 ], [ 21.87253351, 48.65836042 ], [ 21.87233714, 48.65829158 ], [ 21.87233334, 48.65898547 ], [ 21.87227506, 48.65947917 ], [ 21.87224498, 48.65970367 ], [ 21.8718824, 48.65962886 ], [ 21.87142583, 48.65954895 ], [ 21.87106177, 48.65980441 ], [ 21.87083972, 48.65996837 ], [ 21.87067763, 48.66011524 ], [ 21.87060769, 48.66028697 ], [ 21.87054242, 48.66045549 ], [ 21.87048653, 48.66061471 ], [ 21.87000715, 48.66053447 ], [ 21.86944054, 48.66044498 ], [ 21.86883674, 48.66033411 ], [ 21.86879794, 48.66032618 ], [ 21.86752222, 48.66010555 ], [ 21.86667059, 48.65995114 ], [ 21.86623086, 48.65987137 ], [ 21.86608519, 48.65984396 ], [ 21.86594606, 48.65981627 ], [ 21.86592861, 48.65981276 ], [ 21.86546731, 48.65972082 ], [ 21.86542752, 48.65969964 ], [ 21.86541145, 48.65969104 ], [ 21.86536534, 48.65966645 ], [ 21.86534268, 48.65965435 ], [ 21.86532753, 48.65964631 ], [ 21.86529749, 48.65963024 ], [ 21.8641932, 48.65904578 ], [ 21.86372151, 48.6588903 ], [ 21.86335109, 48.65891022 ], [ 21.86333474, 48.65891106 ], [ 21.86327409, 48.65891427 ], [ 21.86325024, 48.65891555 ], [ 21.86324329, 48.65891591 ], [ 21.86315075, 48.65892091 ], [ 21.86298734, 48.65896009 ], [ 21.86273982, 48.659018 ], [ 21.86239763, 48.65909642 ], [ 21.86237835, 48.65910087 ], [ 21.86232905, 48.65911221 ], [ 21.86211024, 48.65916229 ], [ 21.86207361, 48.65917071 ], [ 21.86116235, 48.65941802 ], [ 21.8606675, 48.65955587 ], [ 21.8602014, 48.65967367 ], [ 21.85972847, 48.65978518 ], [ 21.85941221, 48.65985912 ], [ 21.85907123, 48.65987727 ], [ 21.85893389, 48.65987013 ], [ 21.85891412, 48.65986908 ], [ 21.85888649, 48.65986765 ], [ 21.85855953, 48.65985051 ], [ 21.85846932, 48.65984585 ], [ 21.85841238, 48.65983449 ], [ 21.85734738, 48.65962151 ], [ 21.85716759, 48.65944867 ], [ 21.85703611, 48.65906827 ], [ 21.85691526, 48.65893744 ], [ 21.85637874, 48.65872932 ], [ 21.85593735, 48.65866918 ], [ 21.85490327, 48.65866595 ], [ 21.85489539, 48.65866602 ], [ 21.85486386, 48.65866629 ], [ 21.8547792, 48.65885185 ], [ 21.85474646, 48.65892364 ], [ 21.85473991, 48.65893787 ], [ 21.85465344, 48.65913814 ], [ 21.8546484, 48.65914989 ], [ 21.85461383, 48.65922973 ], [ 21.85453259, 48.659408 ], [ 21.85450077, 48.65947793 ], [ 21.85443302, 48.65962306 ], [ 21.85441903, 48.65965312 ], [ 21.85438019, 48.65973618 ], [ 21.85429936, 48.65990969 ], [ 21.85427496, 48.6599619 ], [ 21.85411016, 48.66025601 ], [ 21.85408891, 48.66029398 ], [ 21.85408619, 48.66029868 ], [ 21.85398179, 48.6604849 ], [ 21.85390175, 48.66061712 ], [ 21.85376906, 48.66083619 ], [ 21.8536062, 48.66106231 ], [ 21.85340356, 48.66134365 ], [ 21.85335889, 48.6614055 ], [ 21.85333892, 48.66143324 ], [ 21.85324145, 48.66156852 ], [ 21.85395257, 48.66179043 ], [ 21.85390993, 48.66187105 ], [ 21.85389832, 48.66189298 ], [ 21.85384945, 48.66198479 ], [ 21.85377033, 48.66213377 ], [ 21.85366141, 48.66233896 ], [ 21.85362422, 48.66241009 ], [ 21.85357033, 48.66251337 ], [ 21.85356986, 48.66251444 ], [ 21.85349577, 48.66265635 ], [ 21.85349393, 48.66266 ], [ 21.85343075, 48.66279427 ], [ 21.85365518, 48.66285009 ], [ 21.85363694, 48.66290155 ], [ 21.8536239, 48.66293866 ], [ 21.85356475, 48.66310607 ], [ 21.8535149, 48.66324708 ], [ 21.85351065, 48.66326848 ], [ 21.85348168, 48.66341245 ], [ 21.85345958, 48.66348118 ], [ 21.85343916, 48.6635442 ], [ 21.85338465, 48.66374377 ], [ 21.85334585, 48.66388623 ], [ 21.85331669, 48.66404262 ], [ 21.85331628, 48.66404504 ], [ 21.85328606, 48.66420806 ], [ 21.85324905, 48.66440799 ], [ 21.85323715, 48.66447168 ], [ 21.85322617, 48.66453152 ], [ 21.85319711, 48.66466775 ], [ 21.85318905, 48.66470552 ], [ 21.85315665, 48.66485697 ], [ 21.85315018, 48.66488623 ], [ 21.85312062, 48.66502173 ], [ 21.85311539, 48.66504599 ], [ 21.85301556, 48.66550116 ], [ 21.8538796, 48.66544755 ], [ 21.85450226, 48.66540887 ], [ 21.85447262, 48.6657565 ], [ 21.85443772, 48.66612884 ], [ 21.85443634, 48.6661432 ], [ 21.85443334, 48.6661758 ], [ 21.85442947, 48.6662162 ], [ 21.85442395, 48.66627546 ], [ 21.85442336, 48.66628093 ], [ 21.85441636, 48.66635167 ], [ 21.85440906, 48.66642735 ], [ 21.85440318, 48.66648813 ], [ 21.85440158, 48.66650384 ], [ 21.85437225, 48.66673493 ], [ 21.85436993, 48.66675377 ], [ 21.85434179, 48.66702008 ], [ 21.8543093, 48.66729357 ], [ 21.85430179, 48.6673984 ], [ 21.85426225, 48.66796088 ], [ 21.85422397, 48.66835374 ], [ 21.85421437, 48.66848013 ], [ 21.85416925, 48.66863305 ], [ 21.85416296, 48.66865467 ], [ 21.85415769, 48.66867253 ], [ 21.85414001, 48.6687331 ], [ 21.85412586, 48.66878196 ], [ 21.8541177, 48.66880992 ], [ 21.8541158, 48.66881671 ], [ 21.85410867, 48.66884101 ], [ 21.85409422, 48.6688905 ], [ 21.85407989, 48.66894008 ], [ 21.85407745, 48.66894929 ], [ 21.8540564, 48.66903002 ], [ 21.85403084, 48.66912746 ], [ 21.85402263, 48.66915857 ], [ 21.8540211, 48.66916609 ], [ 21.85401668, 48.6691882 ], [ 21.85400068, 48.66926852 ], [ 21.85399497, 48.66929646 ], [ 21.85361667, 48.66937968 ], [ 21.85328148, 48.66946015 ], [ 21.85283839, 48.66956843 ], [ 21.85265545, 48.66961538 ], [ 21.85244947, 48.66966821 ], [ 21.85219211, 48.66972836 ], [ 21.85215174, 48.66973785 ], [ 21.85211178, 48.66974717 ], [ 21.85210593, 48.66976583 ], [ 21.8520729, 48.66987244 ], [ 21.85198288, 48.67019971 ], [ 21.85194453, 48.67031815 ], [ 21.85193672, 48.67034243 ], [ 21.85186131, 48.67057584 ], [ 21.85178357, 48.67083736 ], [ 21.8516709, 48.67119617 ], [ 21.85160704, 48.67144356 ], [ 21.85161006, 48.67146379 ], [ 21.85162107, 48.67153779 ], [ 21.85163041, 48.67160085 ], [ 21.85166848, 48.67186418 ], [ 21.85167284, 48.67210451 ], [ 21.85159769, 48.67228492 ], [ 21.85144235, 48.67247252 ], [ 21.85118138, 48.67267694 ], [ 21.85117496, 48.67268685 ], [ 21.85101852, 48.67292546 ], [ 21.85081908, 48.67322282 ], [ 21.85081612, 48.67322697 ], [ 21.85075943, 48.67330606 ], [ 21.85069933, 48.67338974 ], [ 21.85065035, 48.67345787 ], [ 21.85060298, 48.67352397 ], [ 21.85059647, 48.67353298 ], [ 21.85063695, 48.67370431 ], [ 21.8506501, 48.67376027 ], [ 21.85063022, 48.67386497 ], [ 21.85061745, 48.67393196 ], [ 21.85059146, 48.67406908 ], [ 21.85055823, 48.67424363 ], [ 21.85052792, 48.67440323 ], [ 21.85051337, 48.67447963 ], [ 21.85050472, 48.67452504 ], [ 21.85048994, 48.67460314 ], [ 21.85048933, 48.67460663 ], [ 21.85050248, 48.67461174 ], [ 21.85051576, 48.67461694 ], [ 21.85075634, 48.67471117 ], [ 21.85078629, 48.67472643 ], [ 21.85084817, 48.67475791 ], [ 21.85087047, 48.67476928 ], [ 21.85089607, 48.67478227 ], [ 21.85090096, 48.67478474 ], [ 21.85121292, 48.67494074 ], [ 21.85148104, 48.67502874 ], [ 21.8518728, 48.67514495 ], [ 21.85157303, 48.67583375 ], [ 21.85158126, 48.675911 ], [ 21.85141066, 48.67618471 ], [ 21.8512995, 48.67635104 ], [ 21.85118953, 48.67652029 ], [ 21.85108191, 48.6766842 ], [ 21.85072951, 48.67717903 ], [ 21.85070744, 48.67721005 ], [ 21.8506864, 48.67723957 ], [ 21.8506798, 48.67724786 ], [ 21.85061863, 48.67732431 ], [ 21.85058651, 48.67736444 ], [ 21.85015816, 48.67792805 ], [ 21.8494109, 48.67891103 ], [ 21.84944668, 48.67892194 ], [ 21.84945683, 48.678925 ], [ 21.84948154, 48.67893247 ], [ 21.84951866, 48.67894369 ], [ 21.84966234, 48.67898727 ], [ 21.84964866, 48.67901184 ], [ 21.84947199, 48.67938133 ], [ 21.84952662, 48.67939993 ], [ 21.84957434, 48.67993586 ], [ 21.84961824, 48.68043038 ], [ 21.84963387, 48.68060611 ], [ 21.8496416, 48.68068272 ], [ 21.84966582, 48.68092247 ], [ 21.84967703, 48.68103238 ], [ 21.84969042, 48.68116521 ], [ 21.84970304, 48.68129037 ], [ 21.84971054, 48.68136391 ], [ 21.84972874, 48.68154438 ], [ 21.84974785, 48.68173253 ], [ 21.84975018, 48.68175536 ], [ 21.84979857, 48.68223361 ], [ 21.84980029, 48.68225058 ], [ 21.84980088, 48.6822568 ], [ 21.84979008, 48.68228092 ], [ 21.84978398, 48.68229453 ], [ 21.84978068, 48.68230218 ], [ 21.84977458, 48.68231571 ], [ 21.84972905, 48.6824174 ], [ 21.84967836, 48.68253049 ], [ 21.84963972, 48.68261661 ], [ 21.84956987, 48.68275971 ], [ 21.8494747, 48.68295436 ], [ 21.84943653, 48.68303249 ], [ 21.8493985, 48.68311062 ], [ 21.84934753, 48.68321469 ], [ 21.84930626, 48.68329931 ], [ 21.8492912, 48.68334041 ], [ 21.84924409, 48.68346889 ], [ 21.84917226, 48.68361788 ], [ 21.84908368, 48.68380199 ], [ 21.84902215, 48.68391227 ], [ 21.84895195, 48.68403817 ], [ 21.84886621, 48.68419715 ], [ 21.84876946, 48.68437691 ], [ 21.84844991, 48.68490813 ], [ 21.84844001, 48.6849239 ], [ 21.84840682, 48.68497974 ], [ 21.84819347, 48.68536007 ], [ 21.84815871, 48.68542182 ], [ 21.84808252, 48.68560075 ], [ 21.84804627, 48.68568559 ], [ 21.84845372, 48.68576513 ], [ 21.84839039, 48.68594287 ], [ 21.84856991, 48.68597585 ], [ 21.84854548, 48.68609771 ], [ 21.84853903, 48.68643136 ], [ 21.84853756, 48.68650944 ], [ 21.84853272, 48.68662416 ], [ 21.84848608, 48.68704245 ], [ 21.84847596, 48.68713597 ], [ 21.84846529, 48.68723182 ], [ 21.84861813, 48.68727716 ], [ 21.8484675, 48.6875755 ], [ 21.84837071, 48.68776731 ], [ 21.84823743, 48.68802713 ], [ 21.84818922, 48.68812111 ], [ 21.84874783, 48.68826107 ], [ 21.84893794, 48.68830368 ], [ 21.84939816, 48.68839007 ], [ 21.84944128, 48.68839874 ], [ 21.84925904, 48.68867755 ], [ 21.84922379, 48.68873154 ], [ 21.84918256, 48.68879456 ], [ 21.84941462, 48.68886588 ], [ 21.84964423, 48.68893732 ], [ 21.8495875, 48.68902811 ], [ 21.84944976, 48.6892483 ], [ 21.84959792, 48.68929712 ], [ 21.84974099, 48.68934446 ], [ 21.84963026, 48.68954231 ], [ 21.84949823, 48.68977858 ], [ 21.84936395, 48.69001848 ], [ 21.84935225, 48.69003951 ], [ 21.84932769, 48.69008495 ], [ 21.84929641, 48.69014067 ], [ 21.84926293, 48.69020136 ], [ 21.84949787, 48.69027924 ], [ 21.84942327, 48.69042429 ], [ 21.84934964, 48.6905691 ], [ 21.84925387, 48.69075509 ], [ 21.84915256, 48.69094985 ], [ 21.84904133, 48.69116298 ], [ 21.84902968, 48.69118536 ], [ 21.84898101, 48.69128239 ], [ 21.8489003, 48.69144348 ], [ 21.84885166, 48.6915378 ], [ 21.84941566, 48.69172074 ], [ 21.84986146, 48.69185401 ], [ 21.85031472, 48.69198548 ], [ 21.8506163, 48.69205149 ], [ 21.85096263, 48.69214951 ], [ 21.8509058, 48.69227225 ], [ 21.85088609, 48.69231602 ], [ 21.85084636, 48.69239519 ], [ 21.85081065, 48.69245925 ], [ 21.85075232, 48.69255891 ], [ 21.85070087, 48.69265001 ], [ 21.85063768, 48.69275134 ], [ 21.85059492, 48.69293519 ], [ 21.8505749, 48.69301217 ], [ 21.85059445, 48.69315595 ], [ 21.85059878, 48.69318406 ], [ 21.85068858, 48.69329608 ], [ 21.85082744, 48.69343151 ], [ 21.85087532, 48.69347496 ], [ 21.85090554, 48.69350436 ], [ 21.85094965, 48.69354716 ], [ 21.85096328, 48.69356039 ], [ 21.85102215, 48.69380769 ], [ 21.85110148, 48.69402628 ], [ 21.85113504, 48.69419302 ], [ 21.85113763, 48.6942785 ], [ 21.8511411, 48.69436049 ], [ 21.85112922, 48.69446314 ], [ 21.85112043, 48.69453869 ], [ 21.85108764, 48.69466628 ], [ 21.85106081, 48.69477116 ], [ 21.85106259, 48.69483799 ], [ 21.85103739, 48.69499601 ], [ 21.85103657, 48.69500076 ], [ 21.85104133, 48.69508386 ], [ 21.85106698, 48.69516318 ], [ 21.85107102, 48.69517544 ], [ 21.85109696, 48.6952545 ], [ 21.85116954, 48.69547921 ], [ 21.8512401, 48.69564096 ], [ 21.85127465, 48.69572852 ], [ 21.85135464, 48.69591742 ], [ 21.85136672, 48.69594311 ], [ 21.85146952, 48.69604449 ], [ 21.85159679, 48.69604894 ], [ 21.85166929, 48.69605288 ], [ 21.85194777, 48.69606609 ], [ 21.85197908, 48.69606761 ], [ 21.85200256, 48.69606831 ], [ 21.85219585, 48.69607365 ], [ 21.85239076, 48.69607903 ], [ 21.85239808, 48.69610946 ], [ 21.85249037, 48.69649623 ], [ 21.85254487, 48.69657296 ], [ 21.85261543, 48.69667234 ], [ 21.85284597, 48.69699706 ], [ 21.85289843, 48.69699958 ], [ 21.85319429, 48.69704104 ], [ 21.85328305, 48.69705296 ], [ 21.85338657, 48.69707281 ], [ 21.85472491, 48.69723299 ], [ 21.85545736, 48.69732474 ], [ 21.85622891, 48.69740372 ], [ 21.85626229, 48.6974071 ], [ 21.85632189, 48.69741323 ], [ 21.85664976, 48.69744677 ], [ 21.85752919, 48.6975431 ], [ 21.85818502, 48.69761081 ], [ 21.85827749, 48.69761993 ], [ 21.85870449, 48.69766466 ], [ 21.85873248, 48.69766736 ], [ 21.85882774, 48.69767737 ], [ 21.85893466, 48.69768795 ], [ 21.85901221, 48.69769642 ], [ 21.85904629, 48.69769945 ], [ 21.85908047, 48.69770312 ], [ 21.85924607, 48.69771935 ], [ 21.85925727, 48.6976768 ] ] ] ] } },
{ "type": "Feature", "properties": { "@featureType": "CadastralZoning", "beginLifespanVersion": { "@nilReason": "http://inspire.ec.europa.eu/codelist/VoidReasonValue/Unpopulated", "@nil": "true" }, "endLifespanVersion": { "@nilReason": "http://inspire.ec.europa.eu/codelist/VoidReasonValue/Unpopulated", "@nil": "true" }, "estimatedAccuracy": { "value": -1, "@uom": "m" }, "inspireId": { "@dataType": "Identifier", "localId": "807231", "namespace": "SK.ESKN.CP", "versionId": "20260703T04:07:40" }, "label": "Budkovce", "level": { "@href": "http://inspire.ec.europa.eu/codelist/CadastralZoningLevelValue/3rdOrder" }, "levelName": { "value": "Katastrálne územie", "@locale": "sk" }, "name": { "@dataType": "name", "GeographicalName": { "@dataType": "GeographicalName", "language": "SLK", "nativeness": { "@href": "http://inspire.ec.europa.eu/codelist/NativenessValue/endonym", "@title": "endonym" }, "nameStatus": { "@href": "http://inspire.ec.europa.eu/codelist/NameStatusValue/official", "@title": "official" }, "sourceOfName": { "@nilReason": "http://inspire.ec.europa.eu/codelist/VoidReasonValue/Unpopulated", "@nil": "true" }, "pronunciation": { "@dataType": "pronunciation", "@nilReason": "http://inspire.ec.europa.eu/codelist/VoidReasonValue/Unpopulated", "@nil": "true" }, "spelling": { "@dataType": "SpellingOfName", "text": "Budkovce", "script": "LATN" } } }, "nationalCadastalZoningReference": "807231", "validFrom": "2026-06-30T16:00:00Z", "validTo": { "@nilReason": "http://inspire.ec.europa.eu/codelist/VoidReasonValue/Unpopulated", "@nil": "true" } }, "geometry": { "type": "MultiPolygon", "coordinates": [ [ [ [ 21.96304571, 48.65843404 ], [ 21.96321027, 48.65813034 ], [ 21.96728485, 48.65061302 ], [ 21.96730336, 48.65057874 ], [ 21.9673731, 48.65044998 ], [ 21.96739145, 48.65041605 ], [ 21.96740995, 48.65038195 ], [ 21.96754079, 48.65014049 ], [ 21.9678665, 48.65014758 ], [ 21.96791551, 48.65019613 ], [ 21.96808679, 48.65011182 ], [ 21.9661344, 48.64815558 ], [ 21.96601894, 48.64808126 ], [ 21.96531964, 48.64757605 ], [ 21.96509476, 48.64727006 ], [ 21.96507274, 48.64713578 ], [ 21.96510931, 48.64686346 ], [ 21.96549966, 48.64607685 ], [ 21.96540025, 48.64528089 ], [ 21.96518538, 48.64453848 ], [ 21.96513725, 48.64410413 ], [ 21.96508305, 48.64399632 ], [ 21.96497033, 48.64385682 ], [ 21.96485176, 48.64379457 ], [ 21.96463517, 48.64376301 ], [ 21.96404686, 48.6437197 ], [ 21.96366359, 48.64351346 ], [ 21.96342135, 48.64338307 ], [ 21.96332575, 48.64329646 ], [ 21.96330394, 48.64306012 ], [ 21.96350137, 48.64265941 ], [ 21.96393267, 48.64160941 ], [ 21.96403972, 48.64135639 ], [ 21.96418438, 48.64109134 ], [ 21.96456307, 48.64030139 ], [ 21.96462559, 48.64008902 ], [ 21.96492393, 48.63969234 ], [ 21.96518729, 48.63950385 ], [ 21.96632309, 48.63913082 ], [ 21.96664333, 48.63899548 ], [ 21.96678969, 48.63880112 ], [ 21.96687704, 48.63854545 ], [ 21.96642766, 48.63781496 ], [ 21.96643254, 48.6376925 ], [ 21.96669914, 48.63737414 ], [ 21.96675098, 48.63731225 ], [ 21.9677506, 48.63712554 ], [ 21.96820928, 48.63685126 ], [ 21.96820004, 48.63661794 ], [ 21.96775872, 48.63610086 ], [ 21.96760992, 48.63566492 ], [ 21.96771619, 48.63532178 ], [ 21.96812345, 48.63507071 ], [ 21.96863034, 48.63470691 ], [ 21.96904478, 48.6340395 ], [ 21.96928394, 48.63341734 ], [ 21.96963121, 48.63289569 ], [ 21.97008502, 48.63267825 ], [ 21.97097242, 48.63255587 ], [ 21.971294, 48.63231139 ], [ 21.9714373, 48.63210066 ], [ 21.97162405, 48.63164432 ], [ 21.97179959, 48.63153131 ], [ 21.97271422, 48.63140465 ], [ 21.97348347, 48.63113533 ], [ 21.97394746, 48.63069773 ], [ 21.97395004, 48.63012875 ], [ 21.9742416, 48.62944497 ], [ 21.97456782, 48.62936106 ], [ 21.97507763, 48.62941399 ], [ 21.97581311, 48.62984543 ], [ 21.97609035, 48.62989854 ], [ 21.97637621, 48.62981993 ], [ 21.97668593, 48.62960692 ], [ 21.97681811, 48.62900937 ], [ 21.97672273, 48.6285906 ], [ 21.97656403, 48.62842387 ], [ 21.97652033, 48.62837788 ], [ 21.97636798, 48.62804023 ], [ 21.9763628, 48.62802867 ], [ 21.9764266, 48.62794664 ], [ 21.976729, 48.62774776 ], [ 21.97681346, 48.62770646 ], [ 21.97699675, 48.62761686 ], [ 21.97718018, 48.62752725 ], [ 21.97730086, 48.62750333 ], [ 21.97741647, 48.62748035 ], [ 21.97848351, 48.62726858 ], [ 21.97891236, 48.6271674 ], [ 21.9791325, 48.62711551 ], [ 21.97914034, 48.62711363 ], [ 21.97939741, 48.62689238 ], [ 21.97945971, 48.6267042 ], [ 21.97945386, 48.62666824 ], [ 21.97943688, 48.62656442 ], [ 21.97926469, 48.62631159 ], [ 21.97917403, 48.62619038 ], [ 21.97914768, 48.62616408 ], [ 21.97903637, 48.62605262 ], [ 21.97897718, 48.6259923 ], [ 21.97889333, 48.62590689 ], [ 21.97887048, 48.62588356 ], [ 21.97869669, 48.62569063 ], [ 21.97850948, 48.62539118 ], [ 21.97835316, 48.62514109 ], [ 21.97823134, 48.6249463 ], [ 21.97849919, 48.62442446 ], [ 21.97855349, 48.62406221 ], [ 21.97857299, 48.62393265 ], [ 21.97858301, 48.62386558 ], [ 21.97858777, 48.62383402 ], [ 21.97828337, 48.62357397 ], [ 21.97824024, 48.62351531 ], [ 21.97823683, 48.62351072 ], [ 21.97806038, 48.62327111 ], [ 21.97789099, 48.62304122 ], [ 21.97781027, 48.62293168 ], [ 21.97780208, 48.6229205 ], [ 21.97755801, 48.62303389 ], [ 21.97700451, 48.62225255 ], [ 21.9772083, 48.62169421 ], [ 21.97760494, 48.62060794 ], [ 21.97763012, 48.620539 ], [ 21.97737888, 48.62048797 ], [ 21.97719609, 48.62045078 ], [ 21.97713315, 48.62043798 ], [ 21.97710335, 48.62043193 ], [ 21.9770957, 48.62043039 ], [ 21.97707892, 48.62042701 ], [ 21.97706644, 48.62042445 ], [ 21.97703448, 48.62041844 ], [ 21.97682065, 48.62037797 ], [ 21.97680252, 48.62037455 ], [ 21.97678073, 48.62037329 ], [ 21.97672106, 48.62036984 ], [ 21.9763273, 48.62038143 ], [ 21.97625633, 48.62038346 ], [ 21.97359775, 48.62046161 ], [ 21.9728961, 48.62048321 ], [ 21.97273646, 48.62048817 ], [ 21.97022315, 48.6205656 ], [ 21.97002148, 48.61890556 ], [ 21.96611109, 48.61905258 ], [ 21.96332011, 48.61918759 ], [ 21.96285465, 48.6191637 ], [ 21.96261549, 48.61915146 ], [ 21.96233072, 48.61913683 ], [ 21.96208479, 48.61912424 ], [ 21.96196893, 48.6191183 ], [ 21.96185564, 48.61911251 ], [ 21.96014877, 48.619025 ], [ 21.96054281, 48.61812033 ], [ 21.9609925, 48.61726826 ], [ 21.96117914, 48.61689851 ], [ 21.95980725, 48.61688699 ], [ 21.95934244, 48.61686382 ], [ 21.95929953, 48.61684503 ], [ 21.95928933, 48.61684054 ], [ 21.95852153, 48.61650393 ], [ 21.95841252, 48.61645613 ], [ 21.95840481, 48.6164509 ], [ 21.9583796, 48.61643353 ], [ 21.95837006, 48.616427 ], [ 21.95829383, 48.61649809 ], [ 21.95827462, 48.61651606 ], [ 21.95812573, 48.61665491 ], [ 21.95774486, 48.61684685 ], [ 21.95735092, 48.61691219 ], [ 21.95700461, 48.61701625 ], [ 21.95689183, 48.61709021 ], [ 21.95675597, 48.61718591 ], [ 21.95650485, 48.61756242 ], [ 21.9561318, 48.61790592 ], [ 21.95616213, 48.61816848 ], [ 21.9561358, 48.61822596 ], [ 21.9561084, 48.61826875 ], [ 21.95608398, 48.61830693 ], [ 21.95592554, 48.61843933 ], [ 21.95563555, 48.61852652 ], [ 21.95526797, 48.61877331 ], [ 21.95524186, 48.61876924 ], [ 21.9551563, 48.61875568 ], [ 21.95456524, 48.61866311 ], [ 21.95392229, 48.61826955 ], [ 21.95380879, 48.61799448 ], [ 21.95343798, 48.61789362 ], [ 21.95327846, 48.61773836 ], [ 21.95311881, 48.61771485 ], [ 21.95301733, 48.61767335 ], [ 21.95268453, 48.61748371 ], [ 21.9524169, 48.61726276 ], [ 21.95181396, 48.61709284 ], [ 21.95174007, 48.61706976 ], [ 21.95156082, 48.61701372 ], [ 21.95151352, 48.61696943 ], [ 21.95108652, 48.61656945 ], [ 21.95107997, 48.61648163 ], [ 21.95090218, 48.61629702 ], [ 21.95061791, 48.61607762 ], [ 21.95060465, 48.61606739 ], [ 21.95026405, 48.61585046 ], [ 21.95007312, 48.61579718 ], [ 21.94954632, 48.61575929 ], [ 21.94921845, 48.61565787 ], [ 21.94912422, 48.61559135 ], [ 21.94907228, 48.61555468 ], [ 21.94898529, 48.61555449 ], [ 21.9485742, 48.61525497 ], [ 21.94797606, 48.61491037 ], [ 21.94764185, 48.61468414 ], [ 21.94735759, 48.6143121 ], [ 21.94731602, 48.61425778 ], [ 21.94707585, 48.61402481 ], [ 21.94662803, 48.61384667 ], [ 21.94656339, 48.61382094 ], [ 21.94645428, 48.61377762 ], [ 21.9463594, 48.61376589 ], [ 21.94612878, 48.61373754 ], [ 21.94556041, 48.61377715 ], [ 21.94515159, 48.6138131 ], [ 21.94502129, 48.61382983 ], [ 21.94483479, 48.61385162 ], [ 21.9444508, 48.61418122 ], [ 21.94435866, 48.61420961 ], [ 21.94423833, 48.61424665 ], [ 21.94319973, 48.61456654 ], [ 21.94280065, 48.61455988 ], [ 21.94238435, 48.61461751 ], [ 21.94221529, 48.61453291 ], [ 21.94204713, 48.61424178 ], [ 21.94115392, 48.61441787 ], [ 21.94083007, 48.61447034 ], [ 21.94081541, 48.61447267 ], [ 21.94072432, 48.6144874 ], [ 21.94070609, 48.61449036 ], [ 21.94061719, 48.61450478 ], [ 21.93989546, 48.6145462 ], [ 21.93957688, 48.61440835 ], [ 21.93795055, 48.61522808 ], [ 21.93775602, 48.61532616 ], [ 21.93772462, 48.6155366 ], [ 21.93771855, 48.61618354 ], [ 21.93733912, 48.61618222 ], [ 21.93725986, 48.61618203 ], [ 21.93717115, 48.61618089 ], [ 21.93706693, 48.61617576 ], [ 21.93689504, 48.61614571 ], [ 21.93681189, 48.61612337 ], [ 21.93673013, 48.61611457 ], [ 21.93667172, 48.61612256 ], [ 21.93656913, 48.61619361 ], [ 21.9363079, 48.61644238 ], [ 21.93624565, 48.61653676 ], [ 21.93609921, 48.61655541 ], [ 21.93592685, 48.61656458 ], [ 21.93585986, 48.61670618 ], [ 21.93555618, 48.61671882 ], [ 21.935501, 48.61672481 ], [ 21.93528874, 48.61686474 ], [ 21.93513769, 48.61692854 ], [ 21.93468599, 48.6170064 ], [ 21.93448342, 48.61702643 ], [ 21.93435893, 48.6170387 ], [ 21.93413652, 48.6170899 ], [ 21.93402965, 48.61712637 ], [ 21.93385011, 48.61717326 ], [ 21.93369678, 48.61720793 ], [ 21.93353819, 48.61722555 ], [ 21.93303211, 48.61727638 ], [ 21.93281513, 48.61728471 ], [ 21.93239342, 48.61730085 ], [ 21.93205967, 48.61727906 ], [ 21.93204262, 48.617278 ], [ 21.93194836, 48.61727185 ], [ 21.9319343, 48.61727087 ], [ 21.93168561, 48.61725472 ], [ 21.9314855, 48.61721721 ], [ 21.93103925, 48.61721617 ], [ 21.93079445, 48.61723162 ], [ 21.93030747, 48.61718087 ], [ 21.93004709, 48.61712221 ], [ 21.92873002, 48.61700136 ], [ 21.9285899, 48.61740796 ], [ 21.92828396, 48.61740774 ], [ 21.92827679, 48.6179651 ], [ 21.92827581, 48.61804869 ], [ 21.92610981, 48.61799421 ], [ 21.92511801, 48.61802892 ], [ 21.92498363, 48.61803364 ], [ 21.92435398, 48.61806818 ], [ 21.92433478, 48.61806923 ], [ 21.92421319, 48.61807589 ], [ 21.9241929, 48.618077 ], [ 21.92416362, 48.6180786 ], [ 21.92414442, 48.61809621 ], [ 21.92413383, 48.61810584 ], [ 21.92410617, 48.61813124 ], [ 21.92403297, 48.61819825 ], [ 21.92402424, 48.61820622 ], [ 21.92400505, 48.61822374 ], [ 21.92395023, 48.61823514 ], [ 21.92320908, 48.61805276 ], [ 21.92269888, 48.61794766 ], [ 21.92222901, 48.61790388 ], [ 21.92158962, 48.61786922 ], [ 21.92068205, 48.61781737 ], [ 21.92027285, 48.61778797 ], [ 21.91921166, 48.61916718 ], [ 21.91859654, 48.6189956 ], [ 21.91852611, 48.61907564 ], [ 21.91796702, 48.6189259 ], [ 21.91782226, 48.61907831 ], [ 21.91696546, 48.6188298 ], [ 21.91659594, 48.61919199 ], [ 21.91602285, 48.61907573 ], [ 21.91572205, 48.61899055 ], [ 21.91562918, 48.61909963 ], [ 21.91507617, 48.61882062 ], [ 21.91461841, 48.61941187 ], [ 21.9142788, 48.61990287 ], [ 21.91376033, 48.62054155 ], [ 21.91315294, 48.62042198 ], [ 21.91270744, 48.62029417 ], [ 21.91261725, 48.62027137 ], [ 21.91257123, 48.62025968 ], [ 21.91249643, 48.62024078 ], [ 21.91243627, 48.62022936 ], [ 21.91235758, 48.62021216 ], [ 21.91214805, 48.62016627 ], [ 21.9116689, 48.62006173 ], [ 21.91117809, 48.61995455 ], [ 21.91097676, 48.61991247 ], [ 21.91069825, 48.61985745 ], [ 21.91064606, 48.61984911 ], [ 21.91047213, 48.6198214 ], [ 21.91028176, 48.61978941 ], [ 21.90998823, 48.61975237 ], [ 21.90994859, 48.61974534 ], [ 21.90985115, 48.61973549 ], [ 21.90973941, 48.61972411 ], [ 21.90883443, 48.61958898 ], [ 21.90860527, 48.61955402 ], [ 21.90852278, 48.61954141 ], [ 21.90849917, 48.61953649 ], [ 21.90847356, 48.61953107 ], [ 21.90843385, 48.61952277 ], [ 21.90842639, 48.61953456 ], [ 21.90814736, 48.61997902 ], [ 21.90812285, 48.61997336 ], [ 21.90810275, 48.61996871 ], [ 21.90808225, 48.61996396 ], [ 21.90590845, 48.61946368 ], [ 21.90587175, 48.61945519 ], [ 21.90577849, 48.61933034 ], [ 21.9057332, 48.61925647 ], [ 21.90568927, 48.61917319 ], [ 21.90563196, 48.61904645 ], [ 21.90560267, 48.61895877 ], [ 21.90557261, 48.61878773 ], [ 21.90557393, 48.61862595 ], [ 21.90559712, 48.61851565 ], [ 21.90564543, 48.61831321 ], [ 21.90565836, 48.61821373 ], [ 21.90564735, 48.61815513 ], [ 21.9056853, 48.61796772 ], [ 21.90568641, 48.61790835 ], [ 21.90566952, 48.61773026 ], [ 21.90563226, 48.6175171 ], [ 21.90557051, 48.6171495 ], [ 21.90550746, 48.61681374 ], [ 21.90547305, 48.61669011 ], [ 21.90541498, 48.61645644 ], [ 21.90540389, 48.61632394 ], [ 21.90539884, 48.61618774 ], [ 21.90541059, 48.61603576 ], [ 21.90543779, 48.6159099 ], [ 21.90550107, 48.61565744 ], [ 21.90551992, 48.61555415 ], [ 21.90555069, 48.6153428 ], [ 21.90559068, 48.61519531 ], [ 21.90566605, 48.61502982 ], [ 21.90565494, 48.61502477 ], [ 21.90577236, 48.61469943 ], [ 21.90579776, 48.61435276 ], [ 21.90432202, 48.61393952 ], [ 21.90279021, 48.6135314 ], [ 21.90241328, 48.61439286 ], [ 21.902117, 48.61431001 ], [ 21.9021572, 48.61416847 ], [ 21.90121288, 48.61392914 ], [ 21.90116967, 48.61391814 ], [ 21.90006931, 48.61365 ], [ 21.9000562, 48.6138276 ], [ 21.89870056, 48.61350481 ], [ 21.8986616, 48.61370695 ], [ 21.89803482, 48.61356782 ], [ 21.89798074, 48.61375914 ], [ 21.89744261, 48.61362675 ], [ 21.89738614, 48.61361281 ], [ 21.89607248, 48.61328962 ], [ 21.89597702, 48.61345468 ], [ 21.89549825, 48.61339202 ], [ 21.89455257, 48.61333179 ], [ 21.89443441, 48.61356764 ], [ 21.89401268, 48.61425064 ], [ 21.89334051, 48.61406334 ], [ 21.89328468, 48.6140477 ], [ 21.89305238, 48.61398302 ], [ 21.89303875, 48.61397926 ], [ 21.89301551, 48.61397281 ], [ 21.89294698, 48.6139537 ], [ 21.89292367, 48.61398596 ], [ 21.89291703, 48.61399515 ], [ 21.8927961, 48.6141592 ], [ 21.89172118, 48.61390918 ], [ 21.89080894, 48.61368138 ], [ 21.89076566, 48.61373976 ], [ 21.8906444, 48.61423042 ], [ 21.89055609, 48.61452472 ], [ 21.89053958, 48.61457785 ], [ 21.89034571, 48.61498619 ], [ 21.89030015, 48.6150393 ], [ 21.89009124, 48.61528319 ], [ 21.88982504, 48.61562093 ], [ 21.88962472, 48.61585235 ], [ 21.88927905, 48.61621462 ], [ 21.88912408, 48.61635908 ], [ 21.88900479, 48.61650148 ], [ 21.88898116, 48.61652968 ], [ 21.88948517, 48.61679668 ], [ 21.89002337, 48.61700317 ], [ 21.89074023, 48.61726065 ], [ 21.89154409, 48.61756327 ], [ 21.89146879, 48.61763759 ], [ 21.89139882, 48.61769953 ], [ 21.89109683, 48.61792638 ], [ 21.89103142, 48.61798231 ], [ 21.89092096, 48.61814105 ], [ 21.89089285, 48.61818569 ], [ 21.89085176, 48.6183444 ], [ 21.89082245, 48.6184332 ], [ 21.89081686, 48.61845007 ], [ 21.89078671, 48.61854182 ], [ 21.89100738, 48.61861305 ], [ 21.8910038, 48.61863969 ], [ 21.8910016, 48.61865656 ], [ 21.89097166, 48.6189203 ], [ 21.8909694, 48.61894068 ], [ 21.89096793, 48.61895189 ], [ 21.89095874, 48.61902384 ], [ 21.89095532, 48.61905021 ], [ 21.89094768, 48.61910941 ], [ 21.89094406, 48.61913668 ], [ 21.89080001, 48.62025505 ], [ 21.890517, 48.62228401 ], [ 21.8916284, 48.62260571 ], [ 21.89170105, 48.62262646 ], [ 21.89356317, 48.62315975 ], [ 21.89355752, 48.62317059 ], [ 21.89354838, 48.62318791 ], [ 21.89354426, 48.62319572 ], [ 21.89279249, 48.62470048 ], [ 21.89647149, 48.62565389 ], [ 21.89645454, 48.62570287 ], [ 21.89613293, 48.62675913 ], [ 21.89604928, 48.62705058 ], [ 21.89520151, 48.62976215 ], [ 21.89511889, 48.63040184 ], [ 21.89511736, 48.63041422 ], [ 21.89511036, 48.63047183 ], [ 21.89510876, 48.63048538 ], [ 21.89505222, 48.63091576 ], [ 21.89502334, 48.6311357 ], [ 21.89499653, 48.63134094 ], [ 21.89497109, 48.63153434 ], [ 21.89494738, 48.63174937 ], [ 21.89492516, 48.63195032 ], [ 21.89488587, 48.63216244 ], [ 21.89484613, 48.63237761 ], [ 21.89481831, 48.63252756 ], [ 21.89477073, 48.63278429 ], [ 21.89475076, 48.6328925 ], [ 21.89468926, 48.63320198 ], [ 21.89464921, 48.63340382 ], [ 21.89460573, 48.63361313 ], [ 21.89458332, 48.63372111 ], [ 21.89456456, 48.63382485 ], [ 21.89453567, 48.63401428 ], [ 21.89453477, 48.63402047 ], [ 21.89453422, 48.63402532 ], [ 21.89453049, 48.63405222 ], [ 21.89702924, 48.63489764 ], [ 21.89701279, 48.63492612 ], [ 21.89700751, 48.63493525 ], [ 21.89695841, 48.63502355 ], [ 21.89546202, 48.63771352 ], [ 21.89540806, 48.6378106 ], [ 21.894765, 48.63894761 ], [ 21.89475234, 48.63896681 ], [ 21.89474233, 48.63898267 ], [ 21.89472483, 48.63901057 ], [ 21.89553785, 48.63916336 ], [ 21.89597944, 48.63915442 ], [ 21.89840004, 48.6395993 ], [ 21.89912891, 48.6396529 ], [ 21.89928146, 48.63964507 ], [ 21.89968796, 48.63959248 ], [ 21.90008263, 48.63955201 ], [ 21.90070033, 48.63953168 ], [ 21.90067752, 48.63958564 ], [ 21.90067203, 48.63959846 ], [ 21.90066981, 48.63960398 ], [ 21.90027341, 48.64037755 ], [ 21.90025503, 48.64041363 ], [ 21.900218, 48.64048586 ], [ 21.90020255, 48.64051579 ], [ 21.90018242, 48.64055398 ], [ 21.89941771, 48.64200661 ], [ 21.89947734, 48.64202279 ], [ 21.89952703, 48.64203485 ], [ 21.90015025, 48.64220421 ], [ 21.9008536, 48.64240385 ], [ 21.90108086, 48.64233699 ], [ 21.90088775, 48.6420125 ], [ 21.90086203, 48.64190052 ], [ 21.90086247, 48.64169308 ], [ 21.90094188, 48.64148432 ], [ 21.90105142, 48.64136056 ], [ 21.90122866, 48.64124274 ], [ 21.90165715, 48.64103995 ], [ 21.90192973, 48.64098314 ], [ 21.90216977, 48.64095593 ], [ 21.90251755, 48.64098662 ], [ 21.90274711, 48.64102817 ], [ 21.90309904, 48.64119639 ], [ 21.90376971, 48.64158833 ], [ 21.9040002, 48.64170073 ], [ 21.90444545, 48.64185475 ], [ 21.90480272, 48.64190475 ], [ 21.90532843, 48.6420294 ], [ 21.90566463, 48.64208453 ], [ 21.90600119, 48.64212402 ], [ 21.90651292, 48.64212842 ], [ 21.90716856, 48.6420489 ], [ 21.90763896, 48.64195038 ], [ 21.90816497, 48.64183193 ], [ 21.90837306, 48.64179832 ], [ 21.90884352, 48.6417906 ], [ 21.91058474, 48.64184841 ], [ 21.91152256, 48.64209001 ], [ 21.91227343, 48.64233308 ], [ 21.9126427, 48.64243664 ], [ 21.91300274, 48.64251657 ], [ 21.91297561, 48.64258689 ], [ 21.91297081, 48.64259946 ], [ 21.91294751, 48.64265998 ], [ 21.91293439, 48.64269673 ], [ 21.91292759, 48.64271573 ], [ 21.912919, 48.64274008 ], [ 21.91215971, 48.644869 ], [ 21.91140223, 48.64488414 ], [ 21.91138204, 48.64488336 ], [ 21.91137079, 48.6448829 ], [ 21.91126889, 48.64487888 ], [ 21.91125792, 48.64487842 ], [ 21.91125507, 48.64487835 ], [ 21.91123772, 48.64487764 ], [ 21.91052525, 48.64482102 ], [ 21.90952509, 48.64469196 ], [ 21.90884634, 48.64467479 ], [ 21.90852397, 48.64463856 ], [ 21.90818337, 48.64454624 ], [ 21.90790564, 48.64448026 ], [ 21.9064761, 48.6440605 ], [ 21.90439016, 48.64689755 ], [ 21.90439849, 48.64692512 ], [ 21.90440317, 48.64694054 ], [ 21.90440946, 48.64696095 ], [ 21.90443504, 48.64704485 ], [ 21.90444189, 48.64706734 ], [ 21.90443128, 48.64707238 ], [ 21.90421355, 48.64717621 ], [ 21.90394243, 48.64740721 ], [ 21.90322543, 48.64851332 ], [ 21.90321346, 48.64870669 ], [ 21.90321568, 48.6487153 ], [ 21.90329989, 48.6490471 ], [ 21.90313488, 48.64948679 ], [ 21.90274214, 48.64993746 ], [ 21.90229267, 48.65025294 ], [ 21.90208831, 48.65045422 ], [ 21.90178276, 48.65053782 ], [ 21.90183696, 48.65094932 ], [ 21.90184776, 48.65119746 ], [ 21.90204876, 48.65133908 ], [ 21.90210107, 48.65157405 ], [ 21.9020748, 48.65196776 ], [ 21.90187501, 48.65242376 ], [ 21.90172853, 48.65273972 ], [ 21.90309214, 48.65310504 ], [ 21.90419348, 48.65336433 ], [ 21.90420607, 48.65336735 ], [ 21.90429385, 48.65338802 ], [ 21.90430672, 48.65339105 ], [ 21.90448228, 48.65343231 ], [ 21.90456312, 48.65352147 ], [ 21.90514837, 48.65373232 ], [ 21.90628533, 48.65413982 ], [ 21.90688096, 48.65436855 ], [ 21.9076584, 48.65460135 ], [ 21.90844941, 48.65488398 ], [ 21.90888813, 48.65499074 ], [ 21.90921759, 48.65509132 ], [ 21.90971771, 48.65525004 ], [ 21.91024907, 48.65540189 ], [ 21.91057624, 48.6554692 ], [ 21.91115411, 48.65559657 ], [ 21.91175695, 48.65572692 ], [ 21.91230483, 48.65583022 ], [ 21.91244135, 48.65552344 ], [ 21.91264188, 48.6551641 ], [ 21.91286524, 48.65469347 ], [ 21.91303511, 48.6543428 ], [ 21.91310266, 48.65421464 ], [ 21.9131482, 48.65416917 ], [ 21.91343534, 48.6541955 ], [ 21.91363802, 48.65424724 ], [ 21.91407617, 48.65433822 ], [ 21.91439311, 48.65442038 ], [ 21.91518648, 48.65453707 ], [ 21.91521495, 48.65454057 ], [ 21.91557129, 48.65458485 ], [ 21.91572487, 48.65442978 ], [ 21.91584108, 48.6543033 ], [ 21.91616457, 48.65397126 ], [ 21.91663858, 48.6535893 ], [ 21.91696591, 48.65350243 ], [ 21.91699267, 48.65349536 ], [ 21.91701153, 48.65349107 ], [ 21.91710305, 48.65347034 ], [ 21.91711599, 48.65346742 ], [ 21.91713897, 48.65346224 ], [ 21.91715755, 48.65345803 ], [ 21.91836759, 48.65350492 ], [ 21.91831256, 48.65306533 ], [ 21.91828154, 48.65291947 ], [ 21.91829145, 48.65273514 ], [ 21.91827517, 48.65232073 ], [ 21.91831463, 48.65185598 ], [ 21.91832223, 48.6518254 ], [ 21.91832823, 48.65179648 ], [ 21.91836573, 48.65161653 ], [ 21.91840556, 48.6515404 ], [ 21.9184481, 48.65145939 ], [ 21.91852929, 48.65128747 ], [ 21.91866551, 48.65115051 ], [ 21.91872238, 48.65108966 ], [ 21.91875928, 48.65105028 ], [ 21.91892865, 48.65094871 ], [ 21.91895735, 48.65093152 ], [ 21.91920956, 48.65077804 ], [ 21.9195135, 48.65063684 ], [ 21.92000317, 48.65044264 ], [ 21.92031052, 48.65031763 ], [ 21.92124256, 48.65057574 ], [ 21.92195377, 48.6507768 ], [ 21.92231642, 48.6508978 ], [ 21.92301826, 48.651132 ], [ 21.92303545, 48.65113774 ], [ 21.9230934, 48.65115756 ], [ 21.92311671, 48.65116571 ], [ 21.92398847, 48.65146889 ], [ 21.9248144, 48.65171854 ], [ 21.92544752, 48.65190573 ], [ 21.9255074, 48.65191786 ], [ 21.92681416, 48.65153231 ], [ 21.92716607, 48.65117675 ], [ 21.92728416, 48.65105714 ], [ 21.92729108, 48.65105012 ], [ 21.92733505, 48.65100568 ], [ 21.92734544, 48.65099515 ], [ 21.92741017, 48.65092972 ], [ 21.92818866, 48.65036844 ], [ 21.92828753, 48.65019291 ], [ 21.92833896, 48.64998252 ], [ 21.92812883, 48.64948675 ], [ 21.92780097, 48.64902123 ], [ 21.92738205, 48.64861867 ], [ 21.92718046, 48.64853612 ], [ 21.92687165, 48.6484641 ], [ 21.92678662, 48.64836224 ], [ 21.92675929, 48.64832951 ], [ 21.92687862, 48.64777776 ], [ 21.92689436, 48.64755262 ], [ 21.92697312, 48.64744607 ], [ 21.92700257, 48.64740622 ], [ 21.92700831, 48.64739844 ], [ 21.92702126, 48.64738095 ], [ 21.92698848, 48.64733665 ], [ 21.92697802, 48.64732244 ], [ 21.92668543, 48.64692701 ], [ 21.92657861, 48.64681678 ], [ 21.92655908, 48.64679721 ], [ 21.92633461, 48.64657368 ], [ 21.92618476, 48.64630639 ], [ 21.9261645, 48.64613615 ], [ 21.92619222, 48.64596261 ], [ 21.92667211, 48.64478508 ], [ 21.92667956, 48.64477581 ], [ 21.92670716, 48.64474213 ], [ 21.92673286, 48.64471074 ], [ 21.92867069, 48.64233777 ], [ 21.9287366, 48.64222305 ], [ 21.92883372, 48.64205405 ], [ 21.92947182, 48.64065135 ], [ 21.92947447, 48.64064538 ], [ 21.92947699, 48.64064401 ], [ 21.92965424, 48.64054847 ], [ 21.92968602, 48.64052947 ], [ 21.93016858, 48.640241 ], [ 21.93025533, 48.64018918 ], [ 21.93028345, 48.64017233 ], [ 21.93154409, 48.63941866 ], [ 21.93211781, 48.63894365 ], [ 21.93214717, 48.63891937 ], [ 21.9323353, 48.63876381 ], [ 21.93235825, 48.63874485 ], [ 21.93238533, 48.63872249 ], [ 21.93261379, 48.63853365 ], [ 21.93326943, 48.63823124 ], [ 21.93370422, 48.63815305 ], [ 21.93387779, 48.63812176 ], [ 21.93392951, 48.63811721 ], [ 21.93429815, 48.6380847 ], [ 21.93431439, 48.63808322 ], [ 21.93436107, 48.63807908 ], [ 21.93442944, 48.63807305 ], [ 21.93480558, 48.63803983 ], [ 21.93513983, 48.63819103 ], [ 21.93550309, 48.63835503 ], [ 21.93597839, 48.63860679 ], [ 21.93599751, 48.6386169 ], [ 21.93603061, 48.63862214 ], [ 21.93624083, 48.6386553 ], [ 21.93631364, 48.63866676 ], [ 21.93658503, 48.63856313 ], [ 21.9366997, 48.6385193 ], [ 21.93694527, 48.63828966 ], [ 21.93700882, 48.63823023 ], [ 21.93704482, 48.63819657 ], [ 21.9370662, 48.6381765 ], [ 21.93710278, 48.63814232 ], [ 21.93713735, 48.63810997 ], [ 21.93747194, 48.63777897 ], [ 21.93795094, 48.637304 ], [ 21.93934916, 48.63793795 ], [ 21.93843178, 48.63864972 ], [ 21.93753248, 48.63927014 ], [ 21.93705529, 48.63954635 ], [ 21.93721051, 48.6396892 ], [ 21.93774604, 48.64007818 ], [ 21.93819722, 48.64031537 ], [ 21.93869576, 48.64050074 ], [ 21.94158618, 48.63885638 ], [ 21.94184434, 48.63887031 ], [ 21.94190147, 48.63887345 ], [ 21.94195129, 48.63887613 ], [ 21.94199285, 48.63887834 ], [ 21.94209655, 48.63888391 ], [ 21.94214884, 48.63924863 ], [ 21.94217749, 48.63944905 ], [ 21.94223213, 48.63971303 ], [ 21.94277008, 48.64320435 ], [ 21.94153778, 48.64528128 ], [ 21.94488557, 48.64899268 ], [ 21.94577836, 48.64998074 ], [ 21.94579917, 48.65000169 ], [ 21.94587148, 48.65007469 ], [ 21.94944793, 48.65071419 ], [ 21.94948948, 48.65072162 ], [ 21.94950576, 48.65072437 ], [ 21.94959751, 48.65073988 ], [ 21.94961715, 48.65074325 ], [ 21.94979467, 48.6507745 ], [ 21.9528291, 48.65132109 ], [ 21.95463109, 48.65164477 ], [ 21.9548098, 48.65171249 ], [ 21.95526463, 48.65172786 ], [ 21.95558339, 48.65175955 ], [ 21.95562254, 48.651795 ], [ 21.95572941, 48.65171396 ], [ 21.95595473, 48.65168312 ], [ 21.95615034, 48.65174036 ], [ 21.95626283, 48.65187159 ], [ 21.95678429, 48.65205123 ], [ 21.95700024, 48.65222652 ], [ 21.95690916, 48.6526953 ], [ 21.95691695, 48.652843 ], [ 21.95689093, 48.65304808 ], [ 21.95692171, 48.65316899 ], [ 21.95694567, 48.65337892 ], [ 21.95697459, 48.6534367 ], [ 21.95698358, 48.65353214 ], [ 21.95705317, 48.65369443 ], [ 21.95694689, 48.65383209 ], [ 21.95678878, 48.65393525 ], [ 21.95686411, 48.65405844 ], [ 21.95687724, 48.65414318 ], [ 21.95680749, 48.65423783 ], [ 21.9567104, 48.65430679 ], [ 21.95662504, 48.65436055 ], [ 21.95653175, 48.65442483 ], [ 21.95650472, 48.65449192 ], [ 21.95632895, 48.65471713 ], [ 21.95627195, 48.65480733 ], [ 21.95620872, 48.65491159 ], [ 21.95618486, 48.65495384 ], [ 21.95623133, 48.65498712 ], [ 21.95621041, 48.65507102 ], [ 21.95624273, 48.65516461 ], [ 21.95628296, 48.65528648 ], [ 21.95628552, 48.65529401 ], [ 21.95628808, 48.65530172 ], [ 21.95630847, 48.6553637 ], [ 21.95630178, 48.65539314 ], [ 21.95629885, 48.65540648 ], [ 21.95628451, 48.65547011 ], [ 21.95629836, 48.65551086 ], [ 21.9562309, 48.65556273 ], [ 21.9562076, 48.65562641 ], [ 21.95608152, 48.65570814 ], [ 21.95606446, 48.65571915 ], [ 21.95570866, 48.65571029 ], [ 21.95560245, 48.65587774 ], [ 21.95564518, 48.65603936 ], [ 21.95563534, 48.65618185 ], [ 21.95554159, 48.65632108 ], [ 21.95550228, 48.65637959 ], [ 21.95542966, 48.6564289 ], [ 21.95535444, 48.6564282 ], [ 21.95526128, 48.65649248 ], [ 21.95537117, 48.65654525 ], [ 21.95535919, 48.65659841 ], [ 21.95545278, 48.65674708 ], [ 21.95563771, 48.65683493 ], [ 21.9556471, 48.65692084 ], [ 21.95561878, 48.65697953 ], [ 21.95568901, 48.65722391 ], [ 21.95555206, 48.65752388 ], [ 21.95552451, 48.65766233 ], [ 21.95545983, 48.65772966 ], [ 21.95520329, 48.65783154 ], [ 21.95509018, 48.65790009 ], [ 21.95973912, 48.65901926 ], [ 21.95979901, 48.65903397 ], [ 21.96237716, 48.65966714 ], [ 21.96304571, 48.65843404 ] ] ] ] } },
{ "type": "Feature", "properties": { "@featureType": "CadastralZoning", "beginLifespanVersion": { "@nilReason": "http://inspire.ec.europa.eu/codelist/VoidReasonValue/Unpopulated", "@nil": "true" }, "endLifespanVersion": { "@nilReason": "http://inspire.ec.europa.eu/codelist/VoidReasonValue/Unpopulated", "@nil": "true" }, "estimatedAccuracy": { "value": -1, "@uom": "m" }, "inspireId": { "@dataType": "Identifier", "localId": "856444", "namespace": "SK.ESKN.CP", "versionId": "20260703T04:07:40" }, "label": "Sliepkovce", "level": { "@href": "http://inspire.ec.europa.eu/codelist/CadastralZoningLevelValue/3rdOrder" }, "levelName": { "value": "Katastrálne územie", "@locale": "sk" }, "name": { "@dataType": "name", "GeographicalName": { "@dataType": "GeographicalName", "language": "SLK", "nativeness": { "@href": "http://inspire.ec.europa.eu/codelist/NativenessValue/endonym", "@title": "endonym" }, "nameStatus": { "@href": "http://inspire.ec.europa.eu/codelist/NameStatusValue/official", "@title": "official" }, "sourceOfName": { "@nilReason": "http://inspire.ec.europa.eu/codelist/VoidReasonValue/Unpopulated", "@nil": "true" }, "pronunciation": { "@dataType": "pronunciation", "@nilReason": "http://inspire.ec.europa.eu/codelist/VoidReasonValue/Unpopulated", "@nil": "true" }, "spelling": { "@dataType": "SpellingOfName", "text": "Sliepkovce", "script": "LATN" } } }, "nationalCadastalZoningReference": "856444", "validFrom": "2026-06-30T16:00:00Z", "validTo": { "@nilReason": "http://inspire.ec.europa.eu/codelist/VoidReasonValue/Unpopulated", "@nil": "true" } }, "geometry": { "type": "MultiPolygon", "coordinates": [ [ [ [ 21.94874152, 48.67727673 ], [ 21.94893428, 48.67685252 ], [ 21.94934811, 48.6760894 ], [ 21.94977069, 48.6756262 ], [ 21.95029168, 48.67506689 ], [ 21.95091218, 48.67460726 ], [ 21.95181899, 48.67416169 ], [ 21.95299815, 48.67371057 ], [ 21.95351061, 48.67358545 ], [ 21.95338621, 48.67341658 ], [ 21.95338104, 48.67340952 ], [ 21.95333929, 48.67335277 ], [ 21.95332982, 48.67334003 ], [ 21.95330609, 48.67330794 ], [ 21.9532791, 48.67327118 ], [ 21.95321816, 48.67318848 ], [ 21.9531976, 48.67316052 ], [ 21.9538316, 48.67298632 ], [ 21.95390542, 48.67296908 ], [ 21.95418421, 48.67287874 ], [ 21.95438193, 48.67280923 ], [ 21.95462329, 48.67261706 ], [ 21.95496085, 48.67244178 ], [ 21.9551159, 48.67243673 ], [ 21.95533873, 48.67243957 ], [ 21.95546774, 48.67220618 ], [ 21.95556404, 48.67203191 ], [ 21.9557815, 48.67166438 ], [ 21.95608809, 48.67110773 ], [ 21.95650755, 48.67033816 ], [ 21.95695826, 48.66949197 ], [ 21.95739731, 48.66868329 ], [ 21.95792993, 48.6676784 ], [ 21.95831248, 48.66700556 ], [ 21.95840535, 48.66683885 ], [ 21.95885369, 48.66603319 ], [ 21.95895964, 48.6658417 ], [ 21.95914175, 48.66551225 ], [ 21.95932205, 48.66518572 ], [ 21.95936791, 48.66510289 ], [ 21.95938744, 48.66506747 ], [ 21.95949754, 48.66487932 ], [ 21.95984518, 48.66432557 ], [ 21.96000883, 48.66402914 ], [ 21.96060927, 48.66294043 ], [ 21.9610793, 48.66207922 ], [ 21.96120086, 48.66186139 ], [ 21.96125805, 48.6617558 ], [ 21.96130819, 48.66166192 ], [ 21.96141829, 48.66146405 ], [ 21.96146392, 48.66138023 ], [ 21.96153901, 48.66124404 ], [ 21.9616217, 48.66109364 ], [ 21.96173126, 48.66089081 ], [ 21.96183657, 48.66070299 ], [ 21.96188894, 48.66060574 ], [ 21.96194368, 48.66050514 ], [ 21.9620154, 48.66037552 ], [ 21.96237716, 48.65966714 ], [ 21.95979901, 48.65903397 ], [ 21.95973912, 48.65901926 ], [ 21.95509018, 48.65790009 ], [ 21.95520329, 48.65783154 ], [ 21.95545983, 48.65772966 ], [ 21.95552451, 48.65766233 ], [ 21.95555206, 48.65752388 ], [ 21.95568901, 48.65722391 ], [ 21.95561878, 48.65697953 ], [ 21.9556471, 48.65692084 ], [ 21.95563771, 48.65683493 ], [ 21.95545278, 48.65674708 ], [ 21.95535919, 48.65659841 ], [ 21.95537117, 48.65654525 ], [ 21.95526128, 48.65649248 ], [ 21.95535444, 48.6564282 ], [ 21.95542966, 48.6564289 ], [ 21.95550228, 48.65637959 ], [ 21.95554159, 48.65632108 ], [ 21.95563534, 48.65618185 ], [ 21.95564518, 48.65603936 ], [ 21.95560245, 48.65587774 ], [ 21.95570866, 48.65571029 ], [ 21.95606446, 48.65571915 ], [ 21.95608152, 48.65570814 ], [ 21.9562076, 48.65562641 ], [ 21.9562309, 48.65556273 ], [ 21.95629836, 48.65551086 ], [ 21.95628451, 48.65547011 ], [ 21.95629885, 48.65540648 ], [ 21.95630178, 48.65539314 ], [ 21.95630847, 48.6553637 ], [ 21.95628808, 48.65530172 ], [ 21.95628552, 48.65529401 ], [ 21.95628296, 48.65528648 ], [ 21.95624273, 48.65516461 ], [ 21.95621041, 48.65507102 ], [ 21.95623133, 48.65498712 ], [ 21.95618486, 48.65495384 ], [ 21.95620872, 48.65491159 ], [ 21.95627195, 48.65480733 ], [ 21.95632895, 48.65471713 ], [ 21.95650472, 48.65449192 ], [ 21.95653175, 48.65442483 ], [ 21.95662504, 48.65436055 ], [ 21.9567104, 48.65430679 ], [ 21.95680749, 48.65423783 ], [ 21.95687724, 48.65414318 ], [ 21.95686411, 48.65405844 ], [ 21.95678878, 48.65393525 ], [ 21.95694689, 48.65383209 ], [ 21.95705317, 48.65369443 ], [ 21.95698358, 48.65353214 ], [ 21.95697459, 48.6534367 ], [ 21.95694567, 48.65337892 ], [ 21.95692171, 48.65316899 ], [ 21.95689093, 48.65304808 ], [ 21.95691695, 48.652843 ], [ 21.95690916, 48.6526953 ], [ 21.95700024, 48.65222652 ], [ 21.95678429, 48.65205123 ], [ 21.95626283, 48.65187159 ], [ 21.95615034, 48.65174036 ], [ 21.95595473, 48.65168312 ], [ 21.95572941, 48.65171396 ], [ 21.95562254, 48.651795 ], [ 21.95558339, 48.65175955 ], [ 21.95526463, 48.65172786 ], [ 21.9548098, 48.65171249 ], [ 21.95463109, 48.65164477 ], [ 21.9528291, 48.65132109 ], [ 21.94979467, 48.6507745 ], [ 21.94961715, 48.65074325 ], [ 21.94959751, 48.65073988 ], [ 21.94950576, 48.65072437 ], [ 21.94948948, 48.65072162 ], [ 21.94944793, 48.65071419 ], [ 21.94587148, 48.65007469 ], [ 21.94579917, 48.65000169 ], [ 21.94577836, 48.64998074 ], [ 21.94488557, 48.64899268 ], [ 21.94153778, 48.64528128 ], [ 21.94277008, 48.64320435 ], [ 21.94223213, 48.63971303 ], [ 21.94217749, 48.63944905 ], [ 21.94214884, 48.63924863 ], [ 21.94209655, 48.63888391 ], [ 21.94199285, 48.63887834 ], [ 21.94195129, 48.63887613 ], [ 21.94190147, 48.63887345 ], [ 21.94184434, 48.63887031 ], [ 21.94158618, 48.63885638 ], [ 21.93869576, 48.64050074 ], [ 21.93819722, 48.64031537 ], [ 21.93774604, 48.64007818 ], [ 21.93721051, 48.6396892 ], [ 21.93705529, 48.63954635 ], [ 21.93753248, 48.63927014 ], [ 21.93843178, 48.63864972 ], [ 21.93934916, 48.63793795 ], [ 21.93795094, 48.637304 ], [ 21.93747194, 48.63777897 ], [ 21.93713735, 48.63810997 ], [ 21.93710278, 48.63814232 ], [ 21.9370662, 48.6381765 ], [ 21.93704482, 48.63819657 ], [ 21.93700882, 48.63823023 ], [ 21.93694527, 48.63828966 ], [ 21.9366997, 48.6385193 ], [ 21.93658503, 48.63856313 ], [ 21.93631364, 48.63866676 ], [ 21.93624083, 48.6386553 ], [ 21.93603061, 48.63862214 ], [ 21.93599751, 48.6386169 ], [ 21.93597839, 48.63860679 ], [ 21.93550309, 48.63835503 ], [ 21.93513983, 48.63819103 ], [ 21.93480558, 48.63803983 ], [ 21.93442944, 48.63807305 ], [ 21.93436107, 48.63807908 ], [ 21.93431439, 48.63808322 ], [ 21.93429815, 48.6380847 ], [ 21.93392951, 48.63811721 ], [ 21.93387779, 48.63812176 ], [ 21.93370422, 48.63815305 ], [ 21.93326943, 48.63823124 ], [ 21.93261379, 48.63853365 ], [ 21.93238533, 48.63872249 ], [ 21.93235825, 48.63874485 ], [ 21.9323353, 48.63876381 ], [ 21.93214717, 48.63891937 ], [ 21.93211781, 48.63894365 ], [ 21.93154409, 48.63941866 ], [ 21.93028345, 48.64017233 ], [ 21.93025533, 48.64018918 ], [ 21.93016858, 48.640241 ], [ 21.92968602, 48.64052947 ], [ 21.92965424, 48.64054847 ], [ 21.92947699, 48.64064401 ], [ 21.92947447, 48.64064538 ], [ 21.92947182, 48.64065135 ], [ 21.92883372, 48.64205405 ], [ 21.9287366, 48.64222305 ], [ 21.92867069, 48.64233777 ], [ 21.92673286, 48.64471074 ], [ 21.92670716, 48.64474213 ], [ 21.92667956, 48.64477581 ], [ 21.92667211, 48.64478508 ], [ 21.92619222, 48.64596261 ], [ 21.9261645, 48.64613615 ], [ 21.92618476, 48.64630639 ], [ 21.92633461, 48.64657368 ], [ 21.92655908, 48.64679721 ], [ 21.92657861, 48.64681678 ], [ 21.92668543, 48.64692701 ], [ 21.92697802, 48.64732244 ], [ 21.92698848, 48.64733665 ], [ 21.92702126, 48.64738095 ], [ 21.92700831, 48.64739844 ], [ 21.92700257, 48.64740622 ], [ 21.92697312, 48.64744607 ], [ 21.92689436, 48.64755262 ], [ 21.92687862, 48.64777776 ], [ 21.92675929, 48.64832951 ], [ 21.92678662, 48.64836224 ], [ 21.92687165, 48.6484641 ], [ 21.92718046, 48.64853612 ], [ 21.92738205, 48.64861867 ], [ 21.92780097, 48.64902123 ], [ 21.92812883, 48.64948675 ], [ 21.92833896, 48.64998252 ], [ 21.92828753, 48.65019291 ], [ 21.92818866, 48.65036844 ], [ 21.92741017, 48.65092972 ], [ 21.92734544, 48.65099515 ], [ 21.92733505, 48.65100568 ], [ 21.92729108, 48.65105012 ], [ 21.92728416, 48.65105714 ], [ 21.92716607, 48.65117675 ], [ 21.92681416, 48.65153231 ], [ 21.9255074, 48.65191786 ], [ 21.92544752, 48.65190573 ], [ 21.9248144, 48.65171854 ], [ 21.92398847, 48.65146889 ], [ 21.92311671, 48.65116571 ], [ 21.9230934, 48.65115756 ], [ 21.92303545, 48.65113774 ], [ 21.92301826, 48.651132 ], [ 21.92231642, 48.6508978 ], [ 21.92195377, 48.6507768 ], [ 21.92124256, 48.65057574 ], [ 21.92031052, 48.65031763 ], [ 21.92000317, 48.65044264 ], [ 21.9195135, 48.65063684 ], [ 21.91920956, 48.65077804 ], [ 21.91895735, 48.65093152 ], [ 21.91892865, 48.65094871 ], [ 21.91875928, 48.65105028 ], [ 21.91872238, 48.65108966 ], [ 21.91866551, 48.65115051 ], [ 21.91852929, 48.65128747 ], [ 21.9184481, 48.65145939 ], [ 21.91840556, 48.6515404 ], [ 21.91836573, 48.65161653 ], [ 21.91832823, 48.65179648 ], [ 21.91832223, 48.6518254 ], [ 21.91831463, 48.65185598 ], [ 21.91827517, 48.65232073 ], [ 21.91829145, 48.65273514 ], [ 21.91828154, 48.65291947 ], [ 21.91831256, 48.65306533 ], [ 21.91836759, 48.65350492 ], [ 21.9186483, 48.65352019 ], [ 21.91892149, 48.65353644 ], [ 21.91955548, 48.65352379 ], [ 21.91969518, 48.6535203 ], [ 21.91996451, 48.65346885 ], [ 21.92013771, 48.65357041 ], [ 21.92031319, 48.65367023 ], [ 21.92048647, 48.65377513 ], [ 21.92066986, 48.65388145 ], [ 21.92077211, 48.65396493 ], [ 21.92080588, 48.6539872 ], [ 21.92098255, 48.65406392 ], [ 21.92106325, 48.65409448 ], [ 21.92107747, 48.65409988 ], [ 21.92109609, 48.65410692 ], [ 21.9211587, 48.65413064 ], [ 21.92118456, 48.6541393 ], [ 21.92134961, 48.65419367 ], [ 21.92134806, 48.65429641 ], [ 21.92133494, 48.65459146 ], [ 21.92132866, 48.65478857 ], [ 21.92127222, 48.65507146 ], [ 21.92121762, 48.65520859 ], [ 21.92119426, 48.65528198 ], [ 21.92201915, 48.65564547 ], [ 21.9221067, 48.65573434 ], [ 21.92207657, 48.65577651 ], [ 21.9219372, 48.65595885 ], [ 21.9217909, 48.65615289 ], [ 21.92161422, 48.65638415 ], [ 21.92143705, 48.65660729 ], [ 21.92126028, 48.65683522 ], [ 21.92112051, 48.65701259 ], [ 21.92136282, 48.65710086 ], [ 21.92156161, 48.65721846 ], [ 21.9218129, 48.65728994 ], [ 21.92202753, 48.65735385 ], [ 21.92206627, 48.65736535 ], [ 21.9223362, 48.65744577 ], [ 21.92246819, 48.65748221 ], [ 21.92352179, 48.65783335 ], [ 21.92356771, 48.65785214 ], [ 21.92350602, 48.65830751 ], [ 21.92346154, 48.65857864 ], [ 21.92339374, 48.65892477 ], [ 21.92330563, 48.65935275 ], [ 21.92334434, 48.65936461 ], [ 21.92382908, 48.65951361 ], [ 21.92490371, 48.65984456 ], [ 21.92500776, 48.65987796 ], [ 21.92508907, 48.65990287 ], [ 21.92509921, 48.65990609 ], [ 21.92511429, 48.65991088 ], [ 21.9252872, 48.65996581 ], [ 21.92615286, 48.66022418 ], [ 21.92653865, 48.66033863 ], [ 21.92703607, 48.66048694 ], [ 21.9279817, 48.66079627 ], [ 21.92843913, 48.66094555 ], [ 21.92857264, 48.66098661 ], [ 21.92901268, 48.66112177 ], [ 21.92998712, 48.66141713 ], [ 21.93052983, 48.66157907 ], [ 21.93058545, 48.66159478 ], [ 21.93064488, 48.6616104 ], [ 21.93075835, 48.66164079 ], [ 21.93111733, 48.66173961 ], [ 21.93131895, 48.66180371 ], [ 21.93175041, 48.66193703 ], [ 21.93193385, 48.6619959 ], [ 21.93195692, 48.6620034 ], [ 21.93205373, 48.66203058 ], [ 21.93207961, 48.66203888 ], [ 21.93219369, 48.66207531 ], [ 21.93220836, 48.66208 ], [ 21.93223998, 48.66209015 ], [ 21.93227539, 48.66209581 ], [ 21.93281326, 48.66225483 ], [ 21.9328297, 48.66225965 ], [ 21.933077, 48.66233263 ], [ 21.93308248, 48.66233421 ], [ 21.93332283, 48.66240522 ], [ 21.93344761, 48.66242787 ], [ 21.93345541, 48.66242933 ], [ 21.93346186, 48.66243048 ], [ 21.93346765, 48.66243153 ], [ 21.93347491, 48.66243279 ], [ 21.93348741, 48.66243508 ], [ 21.9337277, 48.66247873 ], [ 21.93391289, 48.66251163 ], [ 21.93396885, 48.66252149 ], [ 21.93427161, 48.66257498 ], [ 21.93461861, 48.66268646 ], [ 21.93526204, 48.66289581 ], [ 21.93552989, 48.66300152 ], [ 21.93625164, 48.66328599 ], [ 21.93696991, 48.6634721 ], [ 21.93707273, 48.6634987 ], [ 21.93760005, 48.66371935 ], [ 21.93825225, 48.66399217 ], [ 21.93853609, 48.66411087 ], [ 21.93886473, 48.66424915 ], [ 21.93927308, 48.66436214 ], [ 21.93928953, 48.66436669 ], [ 21.9393675, 48.66439304 ], [ 21.93939097, 48.66440091 ], [ 21.93965731, 48.66449064 ], [ 21.94001076, 48.66458705 ], [ 21.94031503, 48.6646501 ], [ 21.94037519, 48.66466259 ], [ 21.94096577, 48.66482739 ], [ 21.94128645, 48.66491955 ], [ 21.94181884, 48.66508037 ], [ 21.9420277, 48.66514418 ], [ 21.942244, 48.66520611 ], [ 21.94241934, 48.66525261 ], [ 21.94243652, 48.66529435 ], [ 21.94245468, 48.66535015 ], [ 21.94247305, 48.66540677 ], [ 21.94249719, 48.66548396 ], [ 21.94261426, 48.66584012 ], [ 21.94267475, 48.66603054 ], [ 21.94267562, 48.66603434 ], [ 21.94273864, 48.66622797 ], [ 21.94279781, 48.666408 ], [ 21.94285523, 48.66659024 ], [ 21.9429167, 48.66678491 ], [ 21.94297266, 48.66696171 ], [ 21.94303447, 48.66715036 ], [ 21.94309334, 48.66733345 ], [ 21.94315248, 48.66752365 ], [ 21.94321109, 48.6677016 ], [ 21.94325333, 48.66783315 ], [ 21.94332966, 48.66807706 ], [ 21.94339167, 48.66825986 ], [ 21.94345159, 48.66844361 ], [ 21.94348138, 48.66854083 ], [ 21.94348435, 48.6685508 ], [ 21.94351091, 48.66864029 ], [ 21.94356651, 48.66881394 ], [ 21.9435693, 48.66882228 ], [ 21.94362863, 48.66899962 ], [ 21.94368671, 48.66918476 ], [ 21.94374294, 48.66936175 ], [ 21.94374687, 48.66937381 ], [ 21.94381039, 48.66956826 ], [ 21.94387004, 48.669752 ], [ 21.9439313, 48.66993622 ], [ 21.94404529, 48.67029438 ], [ 21.94410587, 48.6704857 ], [ 21.9441668, 48.67066847 ], [ 21.94419567, 48.67076522 ], [ 21.94422385, 48.67085025 ], [ 21.94428748, 48.67104515 ], [ 21.94429804, 48.67107458 ], [ 21.94440652, 48.67141504 ], [ 21.94452385, 48.67177913 ], [ 21.94458303, 48.67197122 ], [ 21.94458601, 48.67198084 ], [ 21.94463937, 48.67215353 ], [ 21.94464328, 48.67216604 ], [ 21.94466374, 48.67223144 ], [ 21.94469632, 48.67232747 ], [ 21.9447052, 48.67235523 ], [ 21.94476254, 48.67253432 ], [ 21.94476312, 48.67253622 ], [ 21.94487435, 48.67287856 ], [ 21.94491272, 48.67299705 ], [ 21.94498962, 48.67323351 ], [ 21.94499181, 48.67324049 ], [ 21.94499879, 48.67326343 ], [ 21.9450576, 48.67344301 ], [ 21.94510871, 48.67360034 ], [ 21.94511717, 48.67362593 ], [ 21.94485919, 48.67365089 ], [ 21.94462062, 48.67367392 ], [ 21.94437508, 48.67369766 ], [ 21.94414034, 48.67372033 ], [ 21.9439019, 48.67374344 ], [ 21.943655, 48.67376715 ], [ 21.9434163, 48.67379008 ], [ 21.94341148, 48.67381273 ], [ 21.94338297, 48.67395061 ], [ 21.94337735, 48.67397774 ], [ 21.94337468, 48.67399117 ], [ 21.94337435, 48.67399449 ], [ 21.94334917, 48.67422426 ], [ 21.94332709, 48.67442836 ], [ 21.94331609, 48.67452366 ], [ 21.94320288, 48.67550207 ], [ 21.94318613, 48.67567445 ], [ 21.94317605, 48.67575123 ], [ 21.94317425, 48.67576604 ], [ 21.94316711, 48.67582697 ], [ 21.94316601, 48.67583198 ], [ 21.94316447, 48.67584958 ], [ 21.94315283, 48.67597987 ], [ 21.9431511, 48.6759936 ], [ 21.94313022, 48.67615507 ], [ 21.94310717, 48.67632351 ], [ 21.94310271, 48.67635886 ], [ 21.9431002, 48.67637904 ], [ 21.94309659, 48.67641378 ], [ 21.94309535, 48.67642608 ], [ 21.94308854, 48.67648351 ], [ 21.94307554, 48.6766378 ], [ 21.94307443, 48.67664776 ], [ 21.94305577, 48.67680839 ], [ 21.94304507, 48.67688642 ], [ 21.94303417, 48.67697039 ], [ 21.94301583, 48.67713021 ], [ 21.94299685, 48.67728453 ], [ 21.94297747, 48.67745288 ], [ 21.94295975, 48.67761605 ], [ 21.94294331, 48.6777735 ], [ 21.94292235, 48.677941 ], [ 21.94290616, 48.67810349 ], [ 21.9428916, 48.67824937 ], [ 21.94292389, 48.67824793 ], [ 21.9431841, 48.6782367 ], [ 21.94395684, 48.67820299 ], [ 21.94588368, 48.67811854 ], [ 21.94611269, 48.6781085 ], [ 21.94612155, 48.67810809 ], [ 21.94632905, 48.67809887 ], [ 21.9463834, 48.67809663 ], [ 21.94640792, 48.67809562 ], [ 21.94677129, 48.6780794 ], [ 21.94695905, 48.67807076 ], [ 21.94699243, 48.67806926 ], [ 21.94702061, 48.67806834 ], [ 21.94705724, 48.67806709 ], [ 21.94714956, 48.67806391 ], [ 21.94721595, 48.67808887 ], [ 21.94754152, 48.67822821 ], [ 21.947552, 48.6782327 ], [ 21.94756395, 48.67823777 ], [ 21.94758236, 48.67824381 ], [ 21.94763573, 48.67826116 ], [ 21.94765881, 48.67826867 ], [ 21.94768563, 48.67827743 ], [ 21.94770898, 48.67828504 ], [ 21.94776729, 48.67830404 ], [ 21.94779131, 48.67831184 ], [ 21.94784095, 48.67832793 ], [ 21.9478651, 48.67833582 ], [ 21.94813021, 48.67842226 ], [ 21.94874152, 48.67727673 ] ] ] ] } },
{ "type": "Feature", "properties": { "@featureType": "CadastralZoning", "beginLifespanVersion": { "@nilReason": "http://inspire.ec.europa.eu/codelist/VoidReasonValue/Unpopulated", "@nil": "true" }, "endLifespanVersion": { "@nilReason": "http://inspire.ec.europa.eu/codelist/VoidReasonValue/Unpopulated", "@nil": "true" }, "estimatedAccuracy": { "value": -1, "@uom": "m" }, "inspireId": { "@dataType": "Identifier", "localId": "859061", "namespace": "SK.ESKN.CP", "versionId": "20260703T04:07:40" }, "label": "Stretava", "level": { "@href": "http://inspire.ec.europa.eu/codelist/CadastralZoningLevelValue/3rdOrder" }, "levelName": { "value": "Katastrálne územie", "@locale": "sk" }, "name": { "@dataType": "name", "GeographicalName": { "@dataType": "GeographicalName", "language": "SLK", "nativeness": { "@href": "http://inspire.ec.europa.eu/codelist/NativenessValue/endonym", "@title": "endonym" }, "nameStatus": { "@href": "http://inspire.ec.europa.eu/codelist/NameStatusValue/official", "@title": "official" }, "sourceOfName": { "@nilReason": "http://inspire.ec.europa.eu/codelist/VoidReasonValue/Unpopulated", "@nil": "true" }, "pronunciation": { "@dataType": "pronunciation", "@nilReason": "http://inspire.ec.europa.eu/codelist/VoidReasonValue/Unpopulated", "@nil": "true" }, "spelling": { "@dataType": "SpellingOfName", "text": "Stretava", "script": "LATN" } } }, "nationalCadastalZoningReference": "859061", "validFrom": "2026-06-30T16:00:00Z", "validTo": { "@nilReason": "http://inspire.ec.europa.eu/codelist/VoidReasonValue/Unpopulated", "@nil": "true" } }, "geometry": { "type": "MultiPolygon", "coordinates": [ [ [ [ 22.00763338, 48.66383169 ], [ 22.00776321, 48.66380328 ], [ 22.00770796, 48.66363418 ], [ 22.00777717, 48.66322549 ], [ 22.00798748, 48.66257124 ], [ 22.00812681, 48.66242579 ], [ 22.00831, 48.66232461 ], [ 22.00886616, 48.66209548 ], [ 22.009004, 48.66199382 ], [ 22.00907878, 48.66162172 ], [ 22.00892334, 48.66133399 ], [ 22.00896045, 48.66065481 ], [ 22.00910933, 48.6602253 ], [ 22.00926874, 48.65979452 ], [ 22.00940875, 48.65953398 ], [ 22.00957139, 48.65933799 ], [ 22.00972189, 48.65914547 ], [ 22.01004918, 48.65873912 ], [ 22.01061227, 48.6580402 ], [ 22.01065494, 48.65794945 ], [ 22.0113282, 48.65738685 ], [ 22.01188311, 48.65700783 ], [ 22.01247977, 48.65650573 ], [ 22.01298424, 48.65633993 ], [ 22.0130165, 48.65635098 ], [ 22.01327386, 48.65628094 ], [ 22.0133902, 48.65612826 ], [ 22.01372454, 48.65600016 ], [ 22.01385348, 48.65595075 ], [ 22.01393587, 48.65582946 ], [ 22.01445615, 48.65506324 ], [ 22.01490551, 48.65450003 ], [ 22.01510961, 48.65437874 ], [ 22.0151679, 48.65434416 ], [ 22.01567327, 48.65404411 ], [ 22.01604277, 48.65390624 ], [ 22.01647747, 48.65342807 ], [ 22.01684693, 48.65292122 ], [ 22.01703462, 48.65269153 ], [ 22.01725391, 48.65210012 ], [ 22.01775694, 48.65136163 ], [ 22.01775523, 48.65134836 ], [ 22.01840173, 48.65123595 ], [ 22.01842032, 48.65122164 ], [ 22.01836832, 48.65074611 ], [ 22.01844011, 48.65059036 ], [ 22.01838364, 48.65053598 ], [ 22.01841993, 48.65038109 ], [ 22.01837753, 48.65020763 ], [ 22.01840333, 48.65019547 ], [ 22.01853611, 48.65013274 ], [ 22.01854018, 48.65013284 ], [ 22.01860924, 48.65001402 ], [ 22.01845181, 48.64994332 ], [ 22.01844506, 48.64994262 ], [ 22.01824934, 48.64977604 ], [ 22.0182272, 48.64976137 ], [ 22.01801745, 48.64950267 ], [ 22.01805505, 48.64933898 ], [ 22.01802948, 48.64926852 ], [ 22.01805557, 48.64919482 ], [ 22.01810494, 48.6491153 ], [ 22.01806515, 48.64910533 ], [ 22.01801264, 48.64909217 ], [ 22.01830517, 48.64867857 ], [ 22.01848899, 48.64822921 ], [ 22.01851605, 48.64806202 ], [ 22.01844966, 48.64734873 ], [ 22.01813432, 48.64705461 ], [ 22.0176974, 48.646925 ], [ 22.01714596, 48.64681816 ], [ 22.01681214, 48.64690875 ], [ 22.01506603, 48.64829343 ], [ 22.01500545, 48.64827648 ], [ 22.01497549, 48.64826819 ], [ 22.01475417, 48.64834784 ], [ 22.01470428, 48.64836579 ], [ 22.01413954, 48.64840044 ], [ 22.01387427, 48.64840568 ], [ 22.01376161, 48.64839231 ], [ 22.01327337, 48.64829662 ], [ 22.01308108, 48.6482302 ], [ 22.01278179, 48.64812678 ], [ 22.01259342, 48.64800943 ], [ 22.0122295, 48.647688 ], [ 22.01215675, 48.64762377 ], [ 22.01212131, 48.64757962 ], [ 22.01198707, 48.64741201 ], [ 22.01187162, 48.6472679 ], [ 22.01178729, 48.64716262 ], [ 22.01148811, 48.64668834 ], [ 22.01124009, 48.6463836 ], [ 22.0110049, 48.64609464 ], [ 22.01093765, 48.6460121 ], [ 22.0108819, 48.64595458 ], [ 22.01087157, 48.6459303 ], [ 22.01115608, 48.64590116 ], [ 22.01121701, 48.64588005 ], [ 22.01144957, 48.64585468 ], [ 22.01150354, 48.6458488 ], [ 22.01661943, 48.64529055 ], [ 22.01790186, 48.64514341 ], [ 22.01796736, 48.64514266 ], [ 22.01805636, 48.64514168 ], [ 22.01812276, 48.64512728 ], [ 22.01889065, 48.64477366 ], [ 22.01988695, 48.64430248 ], [ 22.02047981, 48.64394793 ], [ 22.02100864, 48.64357013 ], [ 22.02112643, 48.64351036 ], [ 22.02152136, 48.64324512 ], [ 22.02158862, 48.64321255 ], [ 22.02204069, 48.64301656 ], [ 22.02292363, 48.64263935 ], [ 22.02362324, 48.64236234 ], [ 22.02376208, 48.64230739 ], [ 22.02434386, 48.64167375 ], [ 22.02413913, 48.64161397 ], [ 22.01967926, 48.64031123 ], [ 22.01950581, 48.64026057 ], [ 22.0176417, 48.63971599 ], [ 22.01771076, 48.63917339 ], [ 22.01768225, 48.63875206 ], [ 22.01746813, 48.63847507 ], [ 22.01738851, 48.63768253 ], [ 22.01710046, 48.63729916 ], [ 22.01702029, 48.63719245 ], [ 22.0165762, 48.63660144 ], [ 22.01599314, 48.6358698 ], [ 22.01533427, 48.63499979 ], [ 22.01389944, 48.63333779 ], [ 22.0133527, 48.63272618 ], [ 22.01290519, 48.6322445 ], [ 22.01274706, 48.63217539 ], [ 22.01250184, 48.63206808 ], [ 22.01176314, 48.63174497 ], [ 22.01137254, 48.631564 ], [ 22.01090864, 48.63136557 ], [ 22.01044437, 48.6311495 ], [ 22.00973782, 48.63084687 ], [ 22.00925859, 48.63062647 ], [ 22.00895219, 48.63051621 ], [ 22.00976585, 48.62950267 ], [ 22.00968928, 48.62936833 ], [ 22.00952609, 48.62919983 ], [ 22.00947327, 48.6290559 ], [ 22.00941884, 48.62883121 ], [ 22.00939529, 48.62864911 ], [ 22.00938363, 48.62855847 ], [ 22.0097699, 48.62863378 ], [ 22.01025108, 48.62848903 ], [ 22.01048799, 48.62818605 ], [ 22.0104985, 48.62748155 ], [ 22.01047887, 48.62738046 ], [ 22.01038475, 48.626812 ], [ 22.01030754, 48.6267113 ], [ 22.01039452, 48.62599392 ], [ 22.01061109, 48.62532875 ], [ 22.01070754, 48.62514931 ], [ 22.01087936, 48.62472252 ], [ 22.01091682, 48.62451258 ], [ 22.0108779, 48.6244264 ], [ 22.0106943, 48.62414654 ], [ 22.01019821, 48.62391321 ], [ 22.00988217, 48.62386212 ], [ 22.00952693, 48.62382761 ], [ 22.00871952, 48.62374912 ], [ 22.00833843, 48.62365206 ], [ 22.00795906, 48.62342194 ], [ 22.00742834, 48.62284983 ], [ 22.00736313, 48.62278002 ], [ 22.00713376, 48.62238905 ], [ 22.00708497, 48.62207035 ], [ 22.00729611, 48.6217303 ], [ 22.00757919, 48.6215269 ], [ 22.00751967, 48.62150609 ], [ 22.00703518, 48.62136493 ], [ 22.00679504, 48.62129669 ], [ 22.00613857, 48.62128243 ], [ 22.00607811, 48.62111509 ], [ 22.00555675, 48.62137061 ], [ 22.00540129, 48.62144682 ], [ 22.00321671, 48.62251739 ], [ 22.00160945, 48.6232896 ], [ 22.00030986, 48.62392354 ], [ 22.00036552, 48.62401112 ], [ 21.99983516, 48.62420295 ], [ 21.99847598, 48.62479473 ], [ 21.99899091, 48.62530764 ], [ 21.99658474, 48.6265531 ], [ 21.99763453, 48.6285548 ], [ 21.99847185, 48.62978434 ], [ 21.99311341, 48.62941297 ], [ 21.99360645, 48.63008907 ], [ 21.99357459, 48.63014426 ], [ 21.99354092, 48.63020247 ], [ 21.99352198, 48.6302353 ], [ 21.99281958, 48.63020005 ], [ 21.99219585, 48.63016879 ], [ 21.99083839, 48.63009465 ], [ 21.98997829, 48.63003426 ], [ 21.98943877, 48.62999993 ], [ 21.98283126, 48.62962686 ], [ 21.98279202, 48.62962455 ], [ 21.98275913, 48.62962265 ], [ 21.98270419, 48.62961941 ], [ 21.98255237, 48.62961045 ], [ 21.98017716, 48.62905633 ], [ 21.9783037, 48.62875493 ], [ 21.97816964, 48.62873677 ], [ 21.97814148, 48.62873301 ], [ 21.97804204, 48.62871958 ], [ 21.976904, 48.62860228 ], [ 21.97672273, 48.6285906 ], [ 21.97681811, 48.62900937 ], [ 21.97668593, 48.62960692 ], [ 21.97637621, 48.62981993 ], [ 21.97609035, 48.62989854 ], [ 21.97581311, 48.62984543 ], [ 21.97507763, 48.62941399 ], [ 21.97456782, 48.62936106 ], [ 21.9742416, 48.62944497 ], [ 21.97395004, 48.63012875 ], [ 21.97394746, 48.63069773 ], [ 21.97348347, 48.63113533 ], [ 21.97271422, 48.63140465 ], [ 21.97179959, 48.63153131 ], [ 21.97162405, 48.63164432 ], [ 21.9714373, 48.63210066 ], [ 21.971294, 48.63231139 ], [ 21.97097242, 48.63255587 ], [ 21.97008502, 48.63267825 ], [ 21.96963121, 48.63289569 ], [ 21.96928394, 48.63341734 ], [ 21.96904478, 48.6340395 ], [ 21.96863034, 48.63470691 ], [ 21.96812345, 48.63507071 ], [ 21.96771619, 48.63532178 ], [ 21.96760992, 48.63566492 ], [ 21.96775872, 48.63610086 ], [ 21.96820004, 48.63661794 ], [ 21.96820928, 48.63685126 ], [ 21.9677506, 48.63712554 ], [ 21.96675098, 48.63731225 ], [ 21.96669914, 48.63737414 ], [ 21.96643254, 48.6376925 ], [ 21.96642766, 48.63781496 ], [ 21.96687704, 48.63854545 ], [ 21.96678969, 48.63880112 ], [ 21.96664333, 48.63899548 ], [ 21.96632309, 48.63913082 ], [ 21.96518729, 48.63950385 ], [ 21.96492393, 48.63969234 ], [ 21.96462559, 48.64008902 ], [ 21.96456307, 48.64030139 ], [ 21.96418438, 48.64109134 ], [ 21.96403972, 48.64135639 ], [ 21.96393267, 48.64160941 ], [ 21.96417538, 48.64168078 ], [ 21.96427114, 48.64171177 ], [ 21.96513763, 48.64193864 ], [ 21.96530246, 48.64198242 ], [ 21.96905783, 48.64297792 ], [ 21.97195228, 48.64370665 ], [ 21.97208769, 48.64375221 ], [ 21.97295173, 48.64404304 ], [ 21.97586797, 48.64335873 ], [ 21.97597887, 48.64329443 ], [ 21.97634486, 48.6431521 ], [ 21.9770444, 48.64338357 ], [ 21.97731624, 48.64347362 ], [ 21.97936768, 48.64415272 ], [ 21.97982166, 48.64430296 ], [ 21.9805881, 48.64442465 ], [ 21.9808001, 48.64445832 ], [ 21.98200685, 48.64464999 ], [ 21.98274279, 48.6447467 ], [ 21.98307285, 48.6447821 ], [ 21.98308018, 48.64476518 ], [ 21.98548581, 48.64512459 ], [ 21.98648999, 48.64531311 ], [ 21.98651995, 48.64527056 ], [ 21.98876531, 48.64577148 ], [ 21.98961699, 48.64600157 ], [ 21.9898993, 48.64610175 ], [ 21.98991042, 48.64608492 ], [ 21.98992864, 48.6462228 ], [ 21.99047037, 48.64547115 ], [ 21.99155954, 48.64592288 ], [ 21.99221082, 48.64616667 ], [ 21.99317258, 48.64652678 ], [ 21.99460147, 48.64702445 ], [ 21.99468286, 48.64705281 ], [ 21.99461324, 48.64712958 ], [ 21.99448791, 48.64726762 ], [ 21.9937611, 48.64806792 ], [ 21.99365544, 48.64818439 ], [ 21.99361905, 48.648223 ], [ 21.99303038, 48.64884778 ], [ 21.99297997, 48.64892835 ], [ 21.99294407, 48.64891946 ], [ 21.99273549, 48.64886781 ], [ 21.99204721, 48.64869719 ], [ 21.99169365, 48.64908106 ], [ 21.99222407, 48.64931557 ], [ 21.99299866, 48.6496575 ], [ 21.99341725, 48.64984219 ], [ 21.9942282, 48.65019977 ], [ 21.99488623, 48.6504868 ], [ 21.99466605, 48.65071296 ], [ 21.9947402, 48.65074718 ], [ 21.99466708, 48.6508208 ], [ 21.99520146, 48.651058 ], [ 21.99480534, 48.65145506 ], [ 21.99483508, 48.65151095 ], [ 21.99487972, 48.65159449 ], [ 21.99491881, 48.6516678 ], [ 21.99489069, 48.65169465 ], [ 21.99796808, 48.65299794 ], [ 22.0009124, 48.65424479 ], [ 22.00097199, 48.65426983 ], [ 21.99961439, 48.65582903 ], [ 21.99965711, 48.65584736 ], [ 21.99979322, 48.65590568 ], [ 22.00114174, 48.65648363 ], [ 22.0011169, 48.65649805 ], [ 22.00081721, 48.65667142 ], [ 22.00195672, 48.65723694 ], [ 22.0015266, 48.65800739 ], [ 22.00248018, 48.65818804 ], [ 22.00331239, 48.65834565 ], [ 22.00334316, 48.65834937 ], [ 22.0029591, 48.66043055 ], [ 22.00289503, 48.66077807 ], [ 22.00318399, 48.66085579 ], [ 22.00358664, 48.66092908 ], [ 22.00218446, 48.66324193 ], [ 22.00221502, 48.66324691 ], [ 22.00657538, 48.66375023 ], [ 22.0070109, 48.66383629 ], [ 22.00728955, 48.66381915 ], [ 22.00729198, 48.66382677 ], [ 22.00750355, 48.66386011 ], [ 22.00763338, 48.66383169 ] ] ] ] } },
{ "type": "Feature", "properties": { "@featureType": "CadastralZoning", "beginLifespanVersion": { "@nilReason": "http://inspire.ec.europa.eu/codelist/VoidReasonValue/Unpopulated", "@nil": "true" }, "endLifespanVersion": { "@nilReason": "http://inspire.ec.europa.eu/codelist/VoidReasonValue/Unpopulated", "@nil": "true" }, "estimatedAccuracy": { "value": -1, "@uom": "m" }, "inspireId": { "@dataType": "Identifier", "localId": "845787", "namespace": "SK.ESKN.CP", "versionId": "20260703T04:07:40" }, "label": "Pavlovce nad Uhom", "level": { "@href": "http://inspire.ec.europa.eu/codelist/CadastralZoningLevelValue/3rdOrder" }, "levelName": { "value": "Katastrálne územie", "@locale": "sk" }, "name": { "@dataType": "name", "GeographicalName": { "@dataType": "GeographicalName", "language": "SLK", "nativeness": { "@href": "http://inspire.ec.europa.eu/codelist/NativenessValue/endonym", "@title": "endonym" }, "nameStatus": { "@href": "http://inspire.ec.europa.eu/codelist/NameStatusValue/official", "@title": "official" }, "sourceOfName": { "@nilReason": "http://inspire.ec.europa.eu/codelist/VoidReasonValue/Unpopulated", "@nil": "true" }, "pronunciation": { "@dataType": "pronunciation", "@nilReason": "http://inspire.ec.europa.eu/codelist/VoidReasonValue/Unpopulated", "@nil": "true" }, "spelling": { "@dataType": "SpellingOfName", "text": "Pavlovce nad Uhom", "script": "LATN" } } }, "nationalCadastalZoningReference": "845787", "validFrom": "2026-06-30T16:00:00Z", "validTo": { "@nilReason": "http://inspire.ec.europa.eu/codelist/VoidReasonValue/Unpopulated", "@nil": "true" } }, "geometry": { "type": "MultiPolygon", "coordinates": [ [ [ [ 22.02734074, 48.65051309 ], [ 22.02814683, 48.65047874 ], [ 22.03002652, 48.65039868 ], [ 22.03096341, 48.65036901 ], [ 22.03203618, 48.65031851 ], [ 22.03219441, 48.65031109 ], [ 22.03274877, 48.65028501 ], [ 22.03489896, 48.6501586 ], [ 22.03896478, 48.64990531 ], [ 22.03926006, 48.64988787 ], [ 22.03941866, 48.64987857 ], [ 22.04133242, 48.64976577 ], [ 22.0443943, 48.64958253 ], [ 22.04661245, 48.64944909 ], [ 22.04667513, 48.64944529 ], [ 22.04678551, 48.64943859 ], [ 22.04970841, 48.64926006 ], [ 22.05022625, 48.64932013 ], [ 22.05171396, 48.64981624 ], [ 22.05290704, 48.65021192 ], [ 22.0530439, 48.65025742 ], [ 22.05332909, 48.65035229 ], [ 22.05568472, 48.64994787 ], [ 22.05758586, 48.64949649 ], [ 22.05992581, 48.64903959 ], [ 22.06149036, 48.64870696 ], [ 22.06154317, 48.64869743 ], [ 22.0616918, 48.64866419 ], [ 22.06170855, 48.64866099 ], [ 22.06243986, 48.6485051 ], [ 22.06518924, 48.64792265 ], [ 22.06803744, 48.64730272 ], [ 22.06950065, 48.6430494 ], [ 22.06950107, 48.64302421 ], [ 22.06950484, 48.64297741 ], [ 22.07021191, 48.64054527 ], [ 22.07082575, 48.63845026 ], [ 22.06903519, 48.63764108 ], [ 22.0683345, 48.63732528 ], [ 22.06655907, 48.6365266 ], [ 22.06661779, 48.63651532 ], [ 22.06673759, 48.63649227 ], [ 22.06679357, 48.63648155 ], [ 22.06721771, 48.6364 ], [ 22.06762873, 48.63628762 ], [ 22.06859304, 48.63593866 ], [ 22.06926166, 48.63572832 ], [ 22.06955412, 48.63563632 ], [ 22.06993014, 48.63551806 ], [ 22.07140677, 48.63513047 ], [ 22.07154658, 48.63509377 ], [ 22.0718397, 48.63501681 ], [ 22.07215017, 48.63493531 ], [ 22.07215991, 48.63491107 ], [ 22.07217515, 48.634873 ], [ 22.07218113, 48.63485794 ], [ 22.07219102, 48.63483325 ], [ 22.07222717, 48.63474277 ], [ 22.07231095, 48.63455039 ], [ 22.07237037, 48.63440647 ], [ 22.07263048, 48.63376789 ], [ 22.0727307, 48.6335228 ], [ 22.07291377, 48.63307487 ], [ 22.07296621, 48.63294681 ], [ 22.07298203, 48.63290813 ], [ 22.07299848, 48.63286775 ], [ 22.0730248, 48.63280809 ], [ 22.07304124, 48.63276798 ], [ 22.07306558, 48.63270737 ], [ 22.07318387, 48.63254677 ], [ 22.07423777, 48.63111649 ], [ 22.07563469, 48.62931363 ], [ 22.07690995, 48.6276395 ], [ 22.07700985, 48.62750474 ], [ 22.07783359, 48.62639444 ], [ 22.07801306, 48.6261516 ], [ 22.07807202, 48.62606571 ], [ 22.07830176, 48.62573462 ], [ 22.07810754, 48.62557862 ], [ 22.07807086, 48.62554913 ], [ 22.07967749, 48.62327058 ], [ 22.0801376, 48.62259814 ], [ 22.08023784, 48.62245177 ], [ 22.08032129, 48.62232975 ], [ 22.08042888, 48.62220542 ], [ 22.08041664, 48.62219829 ], [ 22.08025795, 48.62210587 ], [ 22.08023571, 48.62209292 ], [ 22.08004741, 48.62198323 ], [ 22.07990714, 48.62190151 ], [ 22.07989595, 48.62189503 ], [ 22.08048507, 48.621006 ], [ 22.08118179, 48.61995439 ], [ 22.08122628, 48.61988732 ], [ 22.08139294, 48.61994799 ], [ 22.08248045, 48.6203441 ], [ 22.08315469, 48.6206268 ], [ 22.08503326, 48.62146044 ], [ 22.08605648, 48.62186174 ], [ 22.08612719, 48.62188952 ], [ 22.08616175, 48.62190303 ], [ 22.08626011, 48.62194164 ], [ 22.08753148, 48.61946054 ], [ 22.08771314, 48.61889485 ], [ 22.08780056, 48.6180133 ], [ 22.08787716, 48.61773857 ], [ 22.08794116, 48.61750872 ], [ 22.08809562, 48.61693366 ], [ 22.08824403, 48.61648803 ], [ 22.08833101, 48.61582029 ], [ 22.08841296, 48.61529848 ], [ 22.08834114, 48.61474621 ], [ 22.08829639, 48.61440147 ], [ 22.08832087, 48.61418202 ], [ 22.08844338, 48.61308523 ], [ 22.08839688, 48.61232081 ], [ 22.08841972, 48.61191819 ], [ 22.08846318, 48.61185992 ], [ 22.08916739, 48.61091535 ], [ 22.08955904, 48.61066935 ], [ 22.08993853, 48.61043241 ], [ 22.09011745, 48.61032075 ], [ 22.09068134, 48.60996868 ], [ 22.09189033, 48.60921489 ], [ 22.09374243, 48.60806282 ], [ 22.09383208, 48.60801095 ], [ 22.09584929, 48.60676468 ], [ 22.09608417, 48.60661888 ], [ 22.09611112, 48.60660233 ], [ 22.09861798, 48.60504779 ], [ 22.09863072, 48.604869 ], [ 22.09863579, 48.60479758 ], [ 22.09864058, 48.60473128 ], [ 22.09865724, 48.60469892 ], [ 22.09891716, 48.60419347 ], [ 22.09900612, 48.60402045 ], [ 22.09887044, 48.60398997 ], [ 22.09812328, 48.60382182 ], [ 22.09719836, 48.60326834 ], [ 22.09716609, 48.60325777 ], [ 22.09701516, 48.60320812 ], [ 22.09613559, 48.60291902 ], [ 22.09530958, 48.60268607 ], [ 22.09397468, 48.60231588 ], [ 22.09405538, 48.6021856 ], [ 22.09409979, 48.60211682 ], [ 22.09468227, 48.6012137 ], [ 22.09596699, 48.59950245 ], [ 22.09619398, 48.59919277 ], [ 22.09622108, 48.5991557 ], [ 22.09628742, 48.59906512 ], [ 22.0963416, 48.59899117 ], [ 22.09644177, 48.59885451 ], [ 22.09697458, 48.59770561 ], [ 22.09864161, 48.59551248 ], [ 22.09977473, 48.59402177 ], [ 22.09981343, 48.59397067 ], [ 22.09988059, 48.59388235 ], [ 22.10060793, 48.5929254 ], [ 22.10066895, 48.59284513 ], [ 22.10072589, 48.59277026 ], [ 22.10080808, 48.59266205 ], [ 22.10078592, 48.59233504 ], [ 22.10080651, 48.59222961 ], [ 22.10082565, 48.59214358 ], [ 22.10113337, 48.59149428 ], [ 22.10121528, 48.5913812 ], [ 22.10149916, 48.59111218 ], [ 22.10199266, 48.59061792 ], [ 22.10263788, 48.59000108 ], [ 22.10343574, 48.58926221 ], [ 22.10366112, 48.58906154 ], [ 22.10392326, 48.588828 ], [ 22.10424524, 48.58854116 ], [ 22.10502827, 48.5878831 ], [ 22.10509983, 48.58784627 ], [ 22.10540656, 48.58766139 ], [ 22.1067106, 48.58687389 ], [ 22.10681884, 48.58682101 ], [ 22.10687009, 48.58678856 ], [ 22.10698973, 48.58667223 ], [ 22.10703934, 48.58659943 ], [ 22.10716333, 48.5864375 ], [ 22.10744745, 48.58607425 ], [ 22.10760647, 48.58578751 ], [ 22.10776321, 48.58549036 ], [ 22.10781353, 48.58541452 ], [ 22.10783039, 48.58536308 ], [ 22.10783371, 48.58535677 ], [ 22.10785089, 48.58532487 ], [ 22.10799452, 48.58505684 ], [ 22.1080593, 48.58492897 ], [ 22.10807751, 48.58487522 ], [ 22.10828046, 48.58413326 ], [ 22.10839348, 48.58366212 ], [ 22.10855328, 48.58307726 ], [ 22.10869757, 48.58250319 ], [ 22.10876292, 48.5822811 ], [ 22.1090009, 48.58139382 ], [ 22.10903665, 48.58126076 ], [ 22.10898178, 48.58113554 ], [ 22.10895904, 48.58106139 ], [ 22.10894088, 48.58101804 ], [ 22.10899407, 48.58100238 ], [ 22.11013762, 48.58033308 ], [ 22.10979235, 48.58009438 ], [ 22.10930532, 48.57975758 ], [ 22.10836094, 48.57992986 ], [ 22.10738843, 48.57992076 ], [ 22.10681898, 48.57985171 ], [ 22.10645113, 48.57972063 ], [ 22.10625457, 48.57965066 ], [ 22.10599758, 48.5795591 ], [ 22.10581723, 48.5796091 ], [ 22.10500441, 48.57983414 ], [ 22.10481098, 48.5798877 ], [ 22.10413474, 48.5802945 ], [ 22.10375885, 48.5805205 ], [ 22.10338315, 48.58077565 ], [ 22.10263286, 48.58103302 ], [ 22.10249636, 48.58102394 ], [ 22.10187293, 48.58098238 ], [ 22.10062916, 48.58060955 ], [ 22.10057609, 48.58060532 ], [ 22.09985802, 48.5805481 ], [ 22.0997131, 48.58053936 ], [ 22.09949164, 48.58052368 ], [ 22.09949009, 48.58053489 ], [ 22.09894558, 48.58088719 ], [ 22.09844336, 48.58121196 ], [ 22.09833949, 48.58133755 ], [ 22.09822256, 48.58147904 ], [ 22.09790065, 48.58186819 ], [ 22.09724593, 48.58228689 ], [ 22.09656948, 48.58260258 ], [ 22.09609801, 48.58289972 ], [ 22.09463741, 48.58366125 ], [ 22.09426798, 48.5837108 ], [ 22.09257847, 48.58364786 ], [ 22.09140581, 48.58315873 ], [ 22.09079553, 48.58278751 ], [ 22.09050164, 48.58244009 ], [ 22.0900468, 48.58254663 ], [ 22.08978999, 48.58292705 ], [ 22.08972604, 48.58445108 ], [ 22.08880141, 48.58440778 ], [ 22.08867303, 48.58443164 ], [ 22.08855815, 48.58487851 ], [ 22.08847983, 48.58507049 ], [ 22.08846529, 48.58510614 ], [ 22.08835569, 48.58537487 ], [ 22.08775223, 48.58654473 ], [ 22.08733269, 48.58735792 ], [ 22.08676927, 48.58852396 ], [ 22.08864566, 48.58965585 ], [ 22.08869916, 48.58968241 ], [ 22.09199942, 48.59166825 ], [ 22.09258381, 48.59284356 ], [ 22.09214054, 48.59321955 ], [ 22.09148127, 48.59368608 ], [ 22.09145626, 48.5936971 ], [ 22.09142062, 48.59372649 ], [ 22.08995288, 48.59501021 ], [ 22.08990547, 48.59507162 ], [ 22.08898753, 48.59463208 ], [ 22.08726454, 48.59381621 ], [ 22.08490914, 48.59268424 ], [ 22.08231934, 48.59142866 ], [ 22.08208192, 48.59131358 ], [ 22.08200761, 48.59127545 ], [ 22.08142961, 48.5909891 ], [ 22.07824324, 48.58951537 ], [ 22.0782095, 48.58949972 ], [ 22.07576225, 48.59345796 ], [ 22.07576077, 48.59346036 ], [ 22.07575928, 48.59346275 ], [ 22.07575794, 48.59346488 ], [ 22.07575541, 48.59346896 ], [ 22.07575289, 48.59347304 ], [ 22.07575214, 48.59347437 ], [ 22.07575051, 48.59347685 ], [ 22.07568105, 48.5935893 ], [ 22.07567852, 48.59359338 ], [ 22.0720828, 48.59235558 ], [ 22.07161104, 48.59222938 ], [ 22.07063341, 48.59196068 ], [ 22.07059184, 48.59194925 ], [ 22.07025835, 48.59185758 ], [ 22.07022627, 48.59184871 ], [ 22.06941894, 48.59162682 ], [ 22.06875693, 48.59136233 ], [ 22.06805484, 48.59098672 ], [ 22.06749921, 48.59072693 ], [ 22.06564384, 48.58985932 ], [ 22.06557829, 48.58982994 ], [ 22.06480825, 48.58948481 ], [ 22.0618845, 48.58730255 ], [ 22.05854022, 48.58569192 ], [ 22.05853131, 48.585716 ], [ 22.05851393, 48.58576337 ], [ 22.05849299, 48.58579419 ], [ 22.05689735, 48.58815129 ], [ 22.05687905, 48.58817839 ], [ 22.05648108, 48.58876611 ], [ 22.05628349, 48.58905797 ], [ 22.05610482, 48.58932375 ], [ 22.05474487, 48.59135091 ], [ 22.05454799, 48.59164441 ], [ 22.05444992, 48.59179045 ], [ 22.05440694, 48.59185457 ], [ 22.05411703, 48.59167094 ], [ 22.05305307, 48.59254563 ], [ 22.05309818, 48.59257146 ], [ 22.05238106, 48.59328306 ], [ 22.05231008, 48.59332059 ], [ 22.05225769, 48.59336315 ], [ 22.05221458, 48.5934072 ], [ 22.05218718, 48.5934393 ], [ 22.05212635, 48.59350974 ], [ 22.05198142, 48.59366401 ], [ 22.05130987, 48.59442718 ], [ 22.05127358, 48.59449534 ], [ 22.05060797, 48.5952141 ], [ 22.04991337, 48.59599102 ], [ 22.04920169, 48.59677491 ], [ 22.04865353, 48.59738697 ], [ 22.04859413, 48.59745321 ], [ 22.04850602, 48.5975508 ], [ 22.04780171, 48.59833063 ], [ 22.04711378, 48.59909815 ], [ 22.04698895, 48.59923931 ], [ 22.04668532, 48.5995827 ], [ 22.04642797, 48.59987383 ], [ 22.04571072, 48.60065576 ], [ 22.04545727, 48.60094248 ], [ 22.04537311, 48.60103701 ], [ 22.04501188, 48.60144299 ], [ 22.04431657, 48.60221743 ], [ 22.04338412, 48.60326746 ], [ 22.0429269, 48.60376291 ], [ 22.04247445, 48.60427988 ], [ 22.04219838, 48.60458486 ], [ 22.04167282, 48.60516541 ], [ 22.04097713, 48.60520178 ], [ 22.03929507, 48.60532392 ], [ 22.03659505, 48.60550158 ], [ 22.03655166, 48.60550836 ], [ 22.03642041, 48.6055212 ], [ 22.03637852, 48.60552307 ], [ 22.03627503, 48.60552956 ], [ 22.03519042, 48.60560265 ], [ 22.03300868, 48.60575193 ], [ 22.03155872, 48.60585042 ], [ 22.02888284, 48.60603218 ], [ 22.02882808, 48.60603589 ], [ 22.02657876, 48.60617458 ], [ 22.02579329, 48.60617259 ], [ 22.0256966, 48.60617375 ], [ 22.02414255, 48.60624974 ], [ 22.02395965, 48.60628354 ], [ 22.02308046, 48.60677621 ], [ 22.02286937, 48.60770729 ], [ 22.02257826, 48.60811481 ], [ 22.02170045, 48.60838054 ], [ 22.02168006, 48.60842288 ], [ 22.02152991, 48.60863233 ], [ 22.02148344, 48.60869717 ], [ 22.02127915, 48.60898243 ], [ 22.02068615, 48.6095428 ], [ 22.02056575, 48.60970509 ], [ 22.02042916, 48.61012772 ], [ 22.02028914, 48.61056096 ], [ 22.02242215, 48.6114194 ], [ 22.02181094, 48.6123087 ], [ 22.02123431, 48.61292337 ], [ 22.02083271, 48.61321517 ], [ 22.01991311, 48.61388332 ], [ 22.01841586, 48.61311349 ], [ 22.01688746, 48.61233344 ], [ 22.01684255, 48.61231119 ], [ 22.01650294, 48.612143 ], [ 22.01633043, 48.61205753 ], [ 22.01614247, 48.61196448 ], [ 22.01614012, 48.6119628 ], [ 22.01564612, 48.61161742 ], [ 22.01560445, 48.61159318 ], [ 22.01544488, 48.61151424 ], [ 22.01434165, 48.6109686 ], [ 22.01430097, 48.61094844 ], [ 22.01414917, 48.61085924 ], [ 22.01311203, 48.61016734 ], [ 22.01293995, 48.61005245 ], [ 22.01252629, 48.60977641 ], [ 22.0123826, 48.60968048 ], [ 22.01219678, 48.60955643 ], [ 22.01195269, 48.609382 ], [ 22.01167756, 48.60918719 ], [ 22.01139814, 48.60898913 ], [ 22.01123975, 48.608877 ], [ 22.01120411, 48.60885174 ], [ 22.01067651, 48.60847734 ], [ 22.0105619, 48.60846626 ], [ 22.00986293, 48.60798409 ], [ 22.00975218, 48.60790858 ], [ 22.00959214, 48.60779946 ], [ 22.0095133, 48.60774561 ], [ 22.00864416, 48.6073319 ], [ 22.008265, 48.60715137 ], [ 22.00680473, 48.60646967 ], [ 22.00601588, 48.60610389 ], [ 22.00558087, 48.60589813 ], [ 22.00513574, 48.6056915 ], [ 22.00419744, 48.60524897 ], [ 22.00414378, 48.60527682 ], [ 22.00410535, 48.605326 ], [ 22.0040927, 48.6053508 ], [ 22.00401797, 48.60539163 ], [ 22.00399241, 48.60540207 ], [ 22.00357775, 48.605572 ], [ 22.00338083, 48.60565267 ], [ 22.00266076, 48.60594561 ], [ 22.00229897, 48.60609172 ], [ 22.00210651, 48.60739284 ], [ 22.00208367, 48.60754698 ], [ 22.00199491, 48.60814616 ], [ 22.00238833, 48.6105378 ], [ 22.00235353, 48.61057537 ], [ 22.00233217, 48.61059834 ], [ 22.00226617, 48.61066962 ], [ 22.00118186, 48.61022799 ], [ 21.99961084, 48.60958794 ], [ 21.99663392, 48.6083688 ], [ 21.99633698, 48.60830347 ], [ 21.99625614, 48.60828564 ], [ 21.99626989, 48.6083893 ], [ 21.99623855, 48.60839411 ], [ 21.99620597, 48.60839907 ], [ 21.99554801, 48.60849945 ], [ 21.99550722, 48.60850565 ], [ 21.99546904, 48.60868866 ], [ 21.99540278, 48.60880349 ], [ 21.99536386, 48.60887093 ], [ 21.99512419, 48.6092865 ], [ 21.9951566, 48.60959544 ], [ 21.99535251, 48.6105732 ], [ 21.99567081, 48.61113359 ], [ 21.99600692, 48.61148706 ], [ 21.99623403, 48.61191148 ], [ 21.99676945, 48.61383883 ], [ 21.99695572, 48.61463033 ], [ 21.99722022, 48.61563253 ], [ 21.9975296, 48.61688863 ], [ 21.99766269, 48.61735897 ], [ 21.9980696, 48.61902992 ], [ 21.99832344, 48.62003671 ], [ 21.99835979, 48.62018079 ], [ 21.99863141, 48.62125812 ], [ 21.99883717, 48.62165024 ], [ 22.00030073, 48.62390955 ], [ 22.00030986, 48.62392354 ], [ 22.00160945, 48.6232896 ], [ 22.00321671, 48.62251739 ], [ 22.00540129, 48.62144682 ], [ 22.00555675, 48.62137061 ], [ 22.00607811, 48.62111509 ], [ 22.00613857, 48.62128243 ], [ 22.00679504, 48.62129669 ], [ 22.00703518, 48.62136493 ], [ 22.00751967, 48.62150609 ], [ 22.00757919, 48.6215269 ], [ 22.00729611, 48.6217303 ], [ 22.00708497, 48.62207035 ], [ 22.00713376, 48.62238905 ], [ 22.00736313, 48.62278002 ], [ 22.00742834, 48.62284983 ], [ 22.00795906, 48.62342194 ], [ 22.00833843, 48.62365206 ], [ 22.00871952, 48.62374912 ], [ 22.00952693, 48.62382761 ], [ 22.00988217, 48.62386212 ], [ 22.01019821, 48.62391321 ], [ 22.0106943, 48.62414654 ], [ 22.0108779, 48.6244264 ], [ 22.01091682, 48.62451258 ], [ 22.01087936, 48.62472252 ], [ 22.01070754, 48.62514931 ], [ 22.01061109, 48.62532875 ], [ 22.01039452, 48.62599392 ], [ 22.01030754, 48.6267113 ], [ 22.01038475, 48.626812 ], [ 22.01047887, 48.62738046 ], [ 22.0104985, 48.62748155 ], [ 22.01048799, 48.62818605 ], [ 22.01025108, 48.62848903 ], [ 22.0097699, 48.62863378 ], [ 22.00938363, 48.62855847 ], [ 22.00939529, 48.62864911 ], [ 22.00941884, 48.62883121 ], [ 22.00947327, 48.6290559 ], [ 22.00952609, 48.62919983 ], [ 22.00968928, 48.62936833 ], [ 22.00976585, 48.62950267 ], [ 22.00895219, 48.63051621 ], [ 22.00925859, 48.63062647 ], [ 22.00973782, 48.63084687 ], [ 22.01044437, 48.6311495 ], [ 22.01090864, 48.63136557 ], [ 22.01137254, 48.631564 ], [ 22.01176314, 48.63174497 ], [ 22.01250184, 48.63206808 ], [ 22.01274706, 48.63217539 ], [ 22.01290519, 48.6322445 ], [ 22.0133527, 48.63272618 ], [ 22.01389944, 48.63333779 ], [ 22.01533427, 48.63499979 ], [ 22.01599314, 48.6358698 ], [ 22.0165762, 48.63660144 ], [ 22.01702029, 48.63719245 ], [ 22.01710046, 48.63729916 ], [ 22.01738851, 48.63768253 ], [ 22.01746813, 48.63847507 ], [ 22.01768225, 48.63875206 ], [ 22.01771076, 48.63917339 ], [ 22.0176417, 48.63971599 ], [ 22.01950581, 48.64026057 ], [ 22.01967926, 48.64031123 ], [ 22.02413913, 48.64161397 ], [ 22.02434386, 48.64167375 ], [ 22.02376208, 48.64230739 ], [ 22.02362324, 48.64236234 ], [ 22.02292363, 48.64263935 ], [ 22.02204069, 48.64301656 ], [ 22.02158862, 48.64321255 ], [ 22.02152136, 48.64324512 ], [ 22.02112643, 48.64351036 ], [ 22.02100864, 48.64357013 ], [ 22.02047981, 48.64394793 ], [ 22.01988695, 48.64430248 ], [ 22.01889065, 48.64477366 ], [ 22.01812276, 48.64512728 ], [ 22.01805636, 48.64514168 ], [ 22.01796736, 48.64514266 ], [ 22.01790186, 48.64514341 ], [ 22.01661943, 48.64529055 ], [ 22.01150354, 48.6458488 ], [ 22.01144957, 48.64585468 ], [ 22.01121701, 48.64588005 ], [ 22.01115608, 48.64590116 ], [ 22.01087157, 48.6459303 ], [ 22.0108819, 48.64595458 ], [ 22.01093765, 48.6460121 ], [ 22.0110049, 48.64609464 ], [ 22.01124009, 48.6463836 ], [ 22.01148811, 48.64668834 ], [ 22.01178729, 48.64716262 ], [ 22.01187162, 48.6472679 ], [ 22.01198707, 48.64741201 ], [ 22.01212131, 48.64757962 ], [ 22.01215675, 48.64762377 ], [ 22.0122295, 48.647688 ], [ 22.01259342, 48.64800943 ], [ 22.01278179, 48.64812678 ], [ 22.01308108, 48.6482302 ], [ 22.01327337, 48.64829662 ], [ 22.01376161, 48.64839231 ], [ 22.01387427, 48.64840568 ], [ 22.01413954, 48.64840044 ], [ 22.01470428, 48.64836579 ], [ 22.01475417, 48.64834784 ], [ 22.01497549, 48.64826819 ], [ 22.01500545, 48.64827648 ], [ 22.01506603, 48.64829343 ], [ 22.01681214, 48.64690875 ], [ 22.01714596, 48.64681816 ], [ 22.0176974, 48.646925 ], [ 22.01813432, 48.64705461 ], [ 22.01844966, 48.64734873 ], [ 22.01851605, 48.64806202 ], [ 22.01848899, 48.64822921 ], [ 22.01830517, 48.64867857 ], [ 22.01801264, 48.64909217 ], [ 22.01806515, 48.64910533 ], [ 22.01810494, 48.6491153 ], [ 22.0188949, 48.64936176 ], [ 22.01901561, 48.64939908 ], [ 22.01958044, 48.64955402 ], [ 22.02026759, 48.64974919 ], [ 22.02248145, 48.65037187 ], [ 22.0236406, 48.65065526 ], [ 22.02734074, 48.65051309 ] ] ] ] } },
{ "type": "Feature", "properties": { "@featureType": "CadastralZoning", "beginLifespanVersion": { "@nilReason": "http://inspire.ec.europa.eu/codelist/VoidReasonValue/Unpopulated", "@nil": "true" }, "endLifespanVersion": { "@nilReason": "http://inspire.ec.europa.eu/codelist/VoidReasonValue/Unpopulated", "@nil": "true" }, "estimatedAccuracy": { "value": -1, "@uom": "m" }, "inspireId": { "@dataType": "Identifier", "localId": "809705", "namespace": "SK.ESKN.CP", "versionId": "20260703T04:07:40" }, "label": "Čierne Pole", "level": { "@href": "http://inspire.ec.europa.eu/codelist/CadastralZoningLevelValue/3rdOrder" }, "levelName": { "value": "Katastrálne územie", "@locale": "sk" }, "name": { "@dataType": "name", "GeographicalName": { "@dataType": "GeographicalName", "language": "SLK", "nativeness": { "@href": "http://inspire.ec.europa.eu/codelist/NativenessValue/endonym", "@title": "endonym" }, "nameStatus": { "@href": "http://inspire.ec.europa.eu/codelist/NameStatusValue/official", "@title": "official" }, "sourceOfName": { "@nilReason": "http://inspire.ec.europa.eu/codelist/VoidReasonValue/Unpopulated", "@nil": "true" }, "pronunciation": { "@dataType": "pronunciation", "@nilReason": "http://inspire.ec.europa.eu/codelist/VoidReasonValue/Unpopulated", "@nil": "true" }, "spelling": { "@dataType": "SpellingOfName", "text": "Čierne Pole", "script": "LATN" } } }, "nationalCadastalZoningReference": "809705", "validFrom": "2026-06-30T16:00:00Z", "validTo": { "@nilReason": "http://inspire.ec.europa.eu/codelist/VoidReasonValue/Unpopulated", "@nil": "true" } }, "geometry": { "type": "MultiPolygon", "coordinates": [ [ [ [ 22.08995288, 48.59501021 ], [ 22.09142062, 48.59372649 ], [ 22.09145626, 48.5936971 ], [ 22.09148127, 48.59368608 ], [ 22.09214054, 48.59321955 ], [ 22.09258381, 48.59284356 ], [ 22.09199942, 48.59166825 ], [ 22.08869916, 48.58968241 ], [ 22.08864566, 48.58965585 ], [ 22.08676927, 48.58852396 ], [ 22.08733269, 48.58735792 ], [ 22.08775223, 48.58654473 ], [ 22.08835569, 48.58537487 ], [ 22.08846529, 48.58510614 ], [ 22.08847983, 48.58507049 ], [ 22.08855815, 48.58487851 ], [ 22.08867303, 48.58443164 ], [ 22.08880141, 48.58440778 ], [ 22.08972604, 48.58445108 ], [ 22.08978999, 48.58292705 ], [ 22.0900468, 48.58254663 ], [ 22.09050164, 48.58244009 ], [ 22.0904435, 48.5823713 ], [ 22.09021416, 48.58185821 ], [ 22.09028568, 48.58060083 ], [ 22.08958355, 48.57976099 ], [ 22.08912066, 48.57881623 ], [ 22.08849146, 48.57788992 ], [ 22.08856331, 48.57734303 ], [ 22.08836377, 48.57675604 ], [ 22.0880678, 48.57619438 ], [ 22.08739436, 48.57559603 ], [ 22.08726621, 48.57515399 ], [ 22.0867837, 48.57469184 ], [ 22.0862725, 48.5745401 ], [ 22.08584307, 48.57446617 ], [ 22.08536511, 48.57441699 ], [ 22.08487208, 48.57430555 ], [ 22.08457145, 48.57418221 ], [ 22.0838629, 48.5738932 ], [ 22.08313774, 48.57379107 ], [ 22.08240261, 48.57382576 ], [ 22.08168548, 48.57375323 ], [ 22.08107914, 48.573914 ], [ 22.08071905, 48.57418754 ], [ 22.08031096, 48.57456631 ], [ 22.08008142, 48.57507605 ], [ 22.07976354, 48.57554912 ], [ 22.07945505, 48.57574632 ], [ 22.07912524, 48.57591376 ], [ 22.07881965, 48.57602463 ], [ 22.07861382, 48.57607147 ], [ 22.0784866, 48.57608922 ], [ 22.07832684, 48.57609423 ], [ 22.07821229, 48.57608834 ], [ 22.07808132, 48.5760701 ], [ 22.07796583, 48.57604656 ], [ 22.07783216, 48.57600809 ], [ 22.07771004, 48.57596675 ], [ 22.07759744, 48.57590737 ], [ 22.07707887, 48.57561403 ], [ 22.07652769, 48.57525692 ], [ 22.07594521, 48.57487953 ], [ 22.07556776, 48.57455752 ], [ 22.07534483, 48.57419465 ], [ 22.07499802, 48.57373055 ], [ 22.07451087, 48.57359131 ], [ 22.07441418, 48.57356371 ], [ 22.07347322, 48.57357767 ], [ 22.07271058, 48.57371675 ], [ 22.07220299, 48.57377642 ], [ 22.07049569, 48.57329858 ], [ 22.06975527, 48.57309106 ], [ 22.06948054, 48.57289874 ], [ 22.06935025, 48.5727061 ], [ 22.06858469, 48.57157464 ], [ 22.06818862, 48.56996579 ], [ 22.0681783, 48.56984135 ], [ 22.06808798, 48.56973687 ], [ 22.06781574, 48.56942176 ], [ 22.06747282, 48.56903764 ], [ 22.06706458, 48.56888216 ], [ 22.06668011, 48.56886035 ], [ 22.06661967, 48.56885476 ], [ 22.06659835, 48.56885281 ], [ 22.06652911, 48.56884935 ], [ 22.06648514, 48.56884758 ], [ 22.06643399, 48.56884554 ], [ 22.06463604, 48.56870165 ], [ 22.06407382, 48.56867458 ], [ 22.06397333, 48.56866974 ], [ 22.06397035, 48.56866985 ], [ 22.06386675, 48.56867231 ], [ 22.06328717, 48.56864545 ], [ 22.06206266, 48.56858142 ], [ 22.061943, 48.56857512 ], [ 22.06060137, 48.56850052 ], [ 22.06047628, 48.56852425 ], [ 22.0598774, 48.57010383 ], [ 22.05833506, 48.57213826 ], [ 22.05775566, 48.57259158 ], [ 22.0577245, 48.57261594 ], [ 22.05762193, 48.57269627 ], [ 22.05754119, 48.57275939 ], [ 22.05479591, 48.5749073 ], [ 22.05410127, 48.57562197 ], [ 22.05407585, 48.57564772 ], [ 22.05381579, 48.57591217 ], [ 22.05373093, 48.57609002 ], [ 22.05363886, 48.57628309 ], [ 22.05341108, 48.5767607 ], [ 22.05263075, 48.57845575 ], [ 22.05233412, 48.57903852 ], [ 22.05001519, 48.58213136 ], [ 22.0500616, 48.58214823 ], [ 22.05238017, 48.58320203 ], [ 22.05241551, 48.58321809 ], [ 22.0526329, 48.58330558 ], [ 22.05268519, 48.58332664 ], [ 22.05525957, 48.58436268 ], [ 22.05854022, 48.58569192 ], [ 22.0618845, 48.58730255 ], [ 22.06480825, 48.58948481 ], [ 22.06557829, 48.58982994 ], [ 22.06564384, 48.58985932 ], [ 22.06749921, 48.59072693 ], [ 22.06805484, 48.59098672 ], [ 22.06875693, 48.59136233 ], [ 22.06941894, 48.59162682 ], [ 22.07022627, 48.59184871 ], [ 22.07025835, 48.59185758 ], [ 22.07059184, 48.59194925 ], [ 22.07063341, 48.59196068 ], [ 22.07161104, 48.59222938 ], [ 22.0720828, 48.59235558 ], [ 22.07567852, 48.59359338 ], [ 22.07568105, 48.5935893 ], [ 22.07575051, 48.59347685 ], [ 22.07575214, 48.59347437 ], [ 22.07575289, 48.59347304 ], [ 22.07575541, 48.59346896 ], [ 22.07575794, 48.59346488 ], [ 22.07575928, 48.59346275 ], [ 22.07576077, 48.59346036 ], [ 22.07576225, 48.59345796 ], [ 22.0782095, 48.58949972 ], [ 22.07824324, 48.58951537 ], [ 22.08142961, 48.5909891 ], [ 22.08200761, 48.59127545 ], [ 22.08208192, 48.59131358 ], [ 22.08231934, 48.59142866 ], [ 22.08490914, 48.59268424 ], [ 22.08726454, 48.59381621 ], [ 22.08898753, 48.59463208 ], [ 22.08990547, 48.59507162 ], [ 22.08995288, 48.59501021 ] ] ] ] } }
]
}
