{
"type": "FeatureCollection",
"name": "gis",
"crs": { "type": "name", "properties": { "name": "urn:ogc:def:crs:OGC:1.3:CRS84" } },
"features": [
{ "type": "Feature", "properties": { "@featureType": "CadastralZoning", "beginLifespanVersion": { "@nilReason": "http://inspire.ec.europa.eu/codelist/VoidReasonValue/Unpopulated", "@nil": "true" }, "endLifespanVersion": { "@nilReason": "http://inspire.ec.europa.eu/codelist/VoidReasonValue/Unpopulated", "@nil": "true" }, "estimatedAccuracy": { "value": -1, "@uom": "m" }, "inspireId": { "@dataType": "Identifier", "localId": "848832", "namespace": "SK.ESKN.CP", "versionId": "20260703T04:07:40" }, "label": "Považská Bystrica", "level": { "@href": "http://inspire.ec.europa.eu/codelist/CadastralZoningLevelValue/3rdOrder" }, "levelName": { "value": "Katastrálne územie", "@locale": "sk" }, "name": { "@dataType": "name", "GeographicalName": { "@dataType": "GeographicalName", "language": "SLK", "nativeness": { "@href": "http://inspire.ec.europa.eu/codelist/NativenessValue/endonym", "@title": "endonym" }, "nameStatus": { "@href": "http://inspire.ec.europa.eu/codelist/NameStatusValue/official", "@title": "official" }, "sourceOfName": { "@nilReason": "http://inspire.ec.europa.eu/codelist/VoidReasonValue/Unpopulated", "@nil": "true" }, "pronunciation": { "@dataType": "pronunciation", "@nilReason": "http://inspire.ec.europa.eu/codelist/VoidReasonValue/Unpopulated", "@nil": "true" }, "spelling": { "@dataType": "SpellingOfName", "text": "Považská Bystrica", "script": "LATN" } } }, "nationalCadastalZoningReference": "848832", "validFrom": "2026-06-30T16:00:00Z", "validTo": { "@nilReason": "http://inspire.ec.europa.eu/codelist/VoidReasonValue/Unpopulated", "@nil": "true" } }, "geometry": { "type": "MultiPolygon", "coordinates": [ [ [ [ 18.4169864, 49.1286133 ], [ 18.41730886, 49.12814313 ], [ 18.41737643, 49.12816635 ], [ 18.41744176, 49.12818882 ], [ 18.41822096, 49.12844187 ], [ 18.41830653, 49.12846951 ], [ 18.41838385, 49.12849607 ], [ 18.41841103, 49.12850506 ], [ 18.41847319, 49.12852545 ], [ 18.41853994, 49.12854754 ], [ 18.41861105, 49.12857104 ], [ 18.418629, 49.12857691 ], [ 18.41866567, 49.12861277 ], [ 18.41867837, 49.1286252 ], [ 18.41870181, 49.12864734 ], [ 18.41872964, 49.12867378 ], [ 18.41873884, 49.12868241 ], [ 18.41881549, 49.12875504 ], [ 18.41892059, 49.1288546 ], [ 18.41896806, 49.12889954 ], [ 18.41902842, 49.12895332 ], [ 18.41914172, 49.12886426 ], [ 18.41953804, 49.12854635 ], [ 18.41976807, 49.12862391 ], [ 18.42025239, 49.12878724 ], [ 18.4223674, 49.12947469 ], [ 18.42287806, 49.12904972 ], [ 18.42332627, 49.12867969 ], [ 18.42357932, 49.12849789 ], [ 18.42392587, 49.12827315 ], [ 18.42417973, 49.12808499 ], [ 18.42435898, 49.12796726 ], [ 18.42438254, 49.12795186 ], [ 18.4252766, 49.12746949 ], [ 18.42531884, 49.12744673 ], [ 18.42622475, 49.12700173 ], [ 18.42646142, 49.12688545 ], [ 18.42685641, 49.12669143 ], [ 18.4276438, 49.12633637 ], [ 18.42836842, 49.12603018 ], [ 18.42892249, 49.12583716 ], [ 18.42917689, 49.12575099 ], [ 18.42976742, 49.12556421 ], [ 18.43027135, 49.12540307 ], [ 18.4307208, 49.12528938 ], [ 18.43123435, 49.12517443 ], [ 18.4315625, 49.12510396 ], [ 18.43193778, 49.12501551 ], [ 18.43211955, 49.12497787 ], [ 18.4329664, 49.12482097 ], [ 18.4332724, 49.12478176 ], [ 18.43455245, 49.12465861 ], [ 18.43495904, 49.1246382 ], [ 18.43567614, 49.12460455 ], [ 18.43634281, 49.12457822 ], [ 18.43663762, 49.12457278 ], [ 18.43731657, 49.12454387 ], [ 18.43788811, 49.12451953 ], [ 18.43841655, 49.12449344 ], [ 18.43843661, 49.12449247 ], [ 18.43851558, 49.12448887 ], [ 18.43888319, 49.12446675 ], [ 18.43911512, 49.12441534 ], [ 18.43982401, 49.12433284 ], [ 18.4403958, 49.12427628 ], [ 18.44108866, 49.12427086 ], [ 18.4413561, 49.12428808 ], [ 18.44153757, 49.12407489 ], [ 18.44187343, 49.12374871 ], [ 18.4422994, 49.12333363 ], [ 18.44232657, 49.12330715 ], [ 18.44279672, 49.12316233 ], [ 18.44280974, 49.12315836 ], [ 18.44282934, 49.12315231 ], [ 18.44297661, 49.12310697 ], [ 18.44299635, 49.12310093 ], [ 18.44300924, 49.12309694 ], [ 18.44377534, 49.122861 ], [ 18.44434362, 49.12278004 ], [ 18.44435019, 49.12277914 ], [ 18.44481079, 49.12271347 ], [ 18.4448175, 49.12271258 ], [ 18.44537247, 49.1226335 ], [ 18.44725238, 49.12268023 ], [ 18.44891661, 49.12299737 ], [ 18.45050697, 49.12376614 ], [ 18.45179627, 49.12442894 ], [ 18.45257439, 49.12471275 ], [ 18.45329115, 49.12497414 ], [ 18.45489309, 49.12543477 ], [ 18.45611268, 49.12556787 ], [ 18.45710458, 49.12563072 ], [ 18.45763197, 49.1258235 ], [ 18.45923715, 49.12614455 ], [ 18.4601227, 49.12636038 ], [ 18.46029967, 49.12640355 ], [ 18.46050079, 49.12645256 ], [ 18.46254673, 49.12696582 ], [ 18.4634044, 49.12745956 ], [ 18.46426059, 49.1285384 ], [ 18.46491178, 49.12953391 ], [ 18.46484339, 49.13041487 ], [ 18.46606274, 49.13030537 ], [ 18.46622895, 49.13029056 ], [ 18.4669667, 49.13022345 ], [ 18.46828096, 49.13010388 ], [ 18.46828791, 49.13010326 ], [ 18.46838015, 49.13009486 ], [ 18.46887179, 49.1300502 ], [ 18.46894301, 49.13004372 ], [ 18.46991127, 49.12995564 ], [ 18.47033347, 49.12984707 ], [ 18.4703602, 49.12983906 ], [ 18.47038222, 49.12983242 ], [ 18.4703889, 49.12983071 ], [ 18.47044576, 49.12981829 ], [ 18.47055267, 49.12979499 ], [ 18.47048203, 49.12969837 ], [ 18.47052428, 49.12968507 ], [ 18.47062296, 49.1296541 ], [ 18.47117263, 49.12948157 ], [ 18.47177754, 49.12941322 ], [ 18.47231324, 49.12920663 ], [ 18.47234794, 49.12919328 ], [ 18.47280656, 49.12903165 ], [ 18.47299055, 49.12883768 ], [ 18.47327579, 49.1288503 ], [ 18.47352361, 49.12875033 ], [ 18.47436406, 49.1284133 ], [ 18.47445009, 49.12848523 ], [ 18.47473375, 49.12872262 ], [ 18.4749747, 49.12903863 ], [ 18.47505223, 49.12920899 ], [ 18.4750143, 49.12952952 ], [ 18.47556206, 49.12960593 ], [ 18.47567845, 49.12989807 ], [ 18.47621565, 49.12980307 ], [ 18.47673598, 49.12968388 ], [ 18.47754979, 49.12966734 ], [ 18.47791481, 49.12937839 ], [ 18.47783115, 49.129252 ], [ 18.47844786, 49.1291978 ], [ 18.47904006, 49.12921445 ], [ 18.47932356, 49.12914204 ], [ 18.4796471, 49.12924408 ], [ 18.47972152, 49.12923298 ], [ 18.47982473, 49.12921074 ], [ 18.47986477, 49.12920399 ], [ 18.48037553, 49.12926861 ], [ 18.48083577, 49.1290972 ], [ 18.48136583, 49.1289759 ], [ 18.48183013, 49.12854032 ], [ 18.48190585, 49.12837688 ], [ 18.48215371, 49.12814082 ], [ 18.48237104, 49.12821621 ], [ 18.48278818, 49.12870794 ], [ 18.4830713, 49.12912133 ], [ 18.48330978, 49.12853076 ], [ 18.48420506, 49.12777345 ], [ 18.48415138, 49.12720095 ], [ 18.48407694, 49.12668055 ], [ 18.48409821, 49.12637707 ], [ 18.48417641, 49.12566116 ], [ 18.4843949, 49.125392 ], [ 18.48497008, 49.1249131 ], [ 18.48511325, 49.12437778 ], [ 18.48503763, 49.12434198 ], [ 18.4852861, 49.12371017 ], [ 18.48543758, 49.12317864 ], [ 18.485258, 49.12308655 ], [ 18.48550574, 49.12239207 ], [ 18.48424936, 49.12232612 ], [ 18.48417297, 49.12232024 ], [ 18.48379976, 49.12231972 ], [ 18.48400975, 49.1220427 ], [ 18.48414657, 49.1217495 ], [ 18.484282, 49.12140334 ], [ 18.48452411, 49.12076631 ], [ 18.48436184, 49.12075042 ], [ 18.48435887, 49.12074998 ], [ 18.48422781, 49.12072966 ], [ 18.48421414, 49.120729 ], [ 18.48409114, 49.12072328 ], [ 18.48408129, 49.12072175 ], [ 18.48396144, 49.12070303 ], [ 18.48389355, 49.12069418 ], [ 18.48382632, 49.12070287 ], [ 18.48375821, 49.12069789 ], [ 18.4836133, 49.12069142 ], [ 18.48360055, 49.12069109 ], [ 18.48333772, 49.12068432 ], [ 18.48332885, 49.12068492 ], [ 18.483305, 49.12068326 ], [ 18.48308279, 49.12070199 ], [ 18.4830757, 49.12070259 ], [ 18.4828042, 49.12072404 ], [ 18.48280169, 49.12072436 ], [ 18.48249526, 49.12027837 ], [ 18.48223673, 49.12008685 ], [ 18.48187068, 49.11978704 ], [ 18.48148023, 49.11939223 ], [ 18.48101661, 49.11952059 ], [ 18.48077687, 49.11902581 ], [ 18.48019219, 49.1183957 ], [ 18.47992166, 49.11813638 ], [ 18.47977725, 49.11773018 ], [ 18.4798226, 49.1173367 ], [ 18.47945651, 49.11704942 ], [ 18.4794014, 49.11686386 ], [ 18.47939803, 49.1168145 ], [ 18.47940002, 49.11678474 ], [ 18.47940283, 49.11674194 ], [ 18.47941212, 49.11642364 ], [ 18.47942395, 49.11604195 ], [ 18.47931769, 49.11560174 ], [ 18.4788621, 49.11521915 ], [ 18.47863422, 49.11499112 ], [ 18.47860148, 49.11480814 ], [ 18.4783511, 49.11434129 ], [ 18.47836004, 49.11386532 ], [ 18.47813648, 49.11313067 ], [ 18.4778006, 49.1125892 ], [ 18.47736387, 49.11234976 ], [ 18.47699325, 49.11230117 ], [ 18.47611317, 49.1123212 ], [ 18.47571426, 49.11237321 ], [ 18.47510129, 49.1122814 ], [ 18.47480507, 49.11224554 ], [ 18.47445062, 49.11205877 ], [ 18.47441132, 49.11202612 ], [ 18.47438584, 49.11200487 ], [ 18.47414487, 49.11180445 ], [ 18.47403473, 49.1115057 ], [ 18.4739037, 49.11138357 ], [ 18.47364097, 49.11124531 ], [ 18.47365672, 49.11107463 ], [ 18.47369658, 49.11102366 ], [ 18.47371167, 49.11100553 ], [ 18.47403541, 49.11061419 ], [ 18.4748793, 49.11049032 ], [ 18.47506194, 49.11046133 ], [ 18.47550089, 49.11039157 ], [ 18.47555446, 49.11038213 ], [ 18.47656556, 49.11021749 ], [ 18.47683317, 49.11017536 ], [ 18.47693618, 49.11032664 ], [ 18.4772462, 49.11020155 ], [ 18.47738468, 49.11014577 ], [ 18.47751646, 49.11008863 ], [ 18.47766341, 49.11003106 ], [ 18.47779996, 49.10997969 ], [ 18.47782179, 49.10997231 ], [ 18.47794441, 49.10991476 ], [ 18.47807607, 49.10985852 ], [ 18.47820675, 49.1098144 ], [ 18.47834359, 49.1097607 ], [ 18.47836023, 49.10975412 ], [ 18.47853183, 49.10967885 ], [ 18.47874049, 49.10959316 ], [ 18.47913147, 49.10948206 ], [ 18.47933403, 49.10963091 ], [ 18.47984894, 49.1094432 ], [ 18.48043849, 49.10935954 ], [ 18.48076676, 49.10927144 ], [ 18.48095505, 49.10922822 ], [ 18.4811246, 49.1091615 ], [ 18.48128173, 49.10910051 ], [ 18.48137901, 49.10907262 ], [ 18.48141923, 49.10882251 ], [ 18.48142359, 49.10879351 ], [ 18.48147382, 49.10873661 ], [ 18.48147943, 49.10873033 ], [ 18.48151773, 49.10870039 ], [ 18.48172931, 49.10845811 ], [ 18.4825771, 49.1087401 ], [ 18.4833892, 49.10900553 ], [ 18.48341243, 49.10901312 ], [ 18.48341375, 49.10901355 ], [ 18.48348567, 49.10888853 ], [ 18.48362618, 49.10864408 ], [ 18.48368476, 49.10864935 ], [ 18.48389333, 49.1086814 ], [ 18.48410906, 49.10871448 ], [ 18.48450936, 49.10877594 ], [ 18.48456935, 49.10878518 ], [ 18.48462545, 49.10878833 ], [ 18.48490726, 49.10884008 ], [ 18.4851761, 49.10891503 ], [ 18.48522017, 49.10892736 ], [ 18.48574433, 49.10905821 ], [ 18.4857523, 49.10904845 ], [ 18.48576594, 49.10901887 ], [ 18.48578486, 49.10898778 ], [ 18.48579306, 49.10896757 ], [ 18.48580192, 49.10894531 ], [ 18.48588547, 49.10877183 ], [ 18.48596544, 49.10861251 ], [ 18.4860081, 49.10853832 ], [ 18.48614409, 49.10830012 ], [ 18.48618261, 49.10823256 ], [ 18.4862477, 49.10811907 ], [ 18.48627599, 49.10806178 ], [ 18.48632746, 49.10796136 ], [ 18.48638665, 49.10784999 ], [ 18.48640196, 49.10782132 ], [ 18.48649365, 49.10764973 ], [ 18.48654118, 49.10755875 ], [ 18.48656128, 49.10752158 ], [ 18.48653122, 49.10751254 ], [ 18.48621603, 49.10737063 ], [ 18.48596727, 49.1072587 ], [ 18.48565371, 49.10707131 ], [ 18.48544528, 49.10683416 ], [ 18.48482434, 49.10663964 ], [ 18.48479639, 49.10628303 ], [ 18.48479234, 49.10615874 ], [ 18.48479142, 49.10614208 ], [ 18.48478989, 49.10611836 ], [ 18.48478745, 49.1060769 ], [ 18.48478564, 49.10604558 ], [ 18.48477635, 49.10588887 ], [ 18.48475678, 49.10577753 ], [ 18.48473065, 49.10557036 ], [ 18.48467064, 49.10548209 ], [ 18.48463635, 49.10543158 ], [ 18.48432898, 49.10512712 ], [ 18.48401631, 49.10497298 ], [ 18.48405828, 49.10488693 ], [ 18.48407495, 49.10485292 ], [ 18.48423436, 49.10452648 ], [ 18.48430991, 49.10437161 ], [ 18.48433552, 49.10432897 ], [ 18.48435379, 49.10429866 ], [ 18.48457717, 49.10392608 ], [ 18.48465226, 49.10380087 ], [ 18.48465607, 49.10379467 ], [ 18.48469895, 49.10372302 ], [ 18.48472351, 49.10367997 ], [ 18.48476605, 49.10360559 ], [ 18.48483015, 49.10350207 ], [ 18.48491484, 49.10336511 ], [ 18.48522106, 49.10339753 ], [ 18.48495534, 49.10323196 ], [ 18.48495333, 49.1032305 ], [ 18.48461998, 49.10294782 ], [ 18.48465846, 49.10292934 ], [ 18.48466398, 49.10292703 ], [ 18.4849855, 49.10278983 ], [ 18.48523015, 49.10268542 ], [ 18.485149, 49.10244177 ], [ 18.48514717, 49.10243563 ], [ 18.48513758, 49.10240388 ], [ 18.48513362, 49.10238959 ], [ 18.48506591, 49.10214613 ], [ 18.48522942, 49.10134113 ], [ 18.48535448, 49.10045019 ], [ 18.4855779, 49.10042873 ], [ 18.48579761, 49.10050497 ], [ 18.48580128, 49.10050634 ], [ 18.4858152, 49.10051152 ], [ 18.4859098, 49.10054692 ], [ 18.48594372, 49.10057855 ], [ 18.48600737, 49.10125131 ], [ 18.48606391, 49.10190428 ], [ 18.48638042, 49.10249257 ], [ 18.48668696, 49.10269826 ], [ 18.48676751, 49.10275238 ], [ 18.48693974, 49.10285535 ], [ 18.48750256, 49.10282137 ], [ 18.48799516, 49.10280476 ], [ 18.48858383, 49.1027794 ], [ 18.48865474, 49.10277515 ], [ 18.48870835, 49.102775 ], [ 18.48910934, 49.10275799 ], [ 18.48929517, 49.10275017 ], [ 18.48930885, 49.10274956 ], [ 18.48952354, 49.10231506 ], [ 18.48860859, 49.10239165 ], [ 18.48882876, 49.10187578 ], [ 18.4894979, 49.1011026 ], [ 18.48989937, 49.10043428 ], [ 18.49010274, 49.09995115 ], [ 18.48909216, 49.09954797 ], [ 18.48826292, 49.09950155 ], [ 18.48838331, 49.0991377 ], [ 18.48805943, 49.09907455 ], [ 18.48799714, 49.09890114 ], [ 18.488024, 49.09855646 ], [ 18.48807995, 49.09766599 ], [ 18.48808283, 49.09762049 ], [ 18.48770384, 49.09759322 ], [ 18.48755068, 49.09728987 ], [ 18.48779316, 49.09696896 ], [ 18.48812475, 49.09667583 ], [ 18.48820014, 49.09654919 ], [ 18.48821639, 49.09652175 ], [ 18.48831122, 49.09636206 ], [ 18.48836603, 49.09626985 ], [ 18.48848682, 49.09606682 ], [ 18.48850016, 49.09604608 ], [ 18.48907908, 49.09597335 ], [ 18.48943186, 49.09585247 ], [ 18.4909067, 49.0947946 ], [ 18.49167866, 49.0941972 ], [ 18.49245704, 49.09368353 ], [ 18.49282042, 49.09348733 ], [ 18.49319142, 49.09335804 ], [ 18.49350624, 49.09329697 ], [ 18.49400077, 49.09326213 ], [ 18.49401776, 49.09323752 ], [ 18.49406478, 49.09319487 ], [ 18.49408903, 49.09316939 ], [ 18.49424481, 49.09335773 ], [ 18.49428837, 49.09335875 ], [ 18.49434063, 49.09336277 ], [ 18.4946482, 49.09338622 ], [ 18.49475871, 49.09339459 ], [ 18.49477915, 49.09337964 ], [ 18.49486723, 49.09336983 ], [ 18.49539422, 49.09303906 ], [ 18.4969524, 49.09270737 ], [ 18.49814951, 49.09254269 ], [ 18.49888512, 49.092431 ], [ 18.49950689, 49.09233728 ], [ 18.49949653, 49.09212556 ], [ 18.49954743, 49.09200977 ], [ 18.49963073, 49.0918203 ], [ 18.49962362, 49.0917156 ], [ 18.49961847, 49.0916443 ], [ 18.49946211, 49.09123099 ], [ 18.49931239, 49.09100437 ], [ 18.49928394, 49.09098486 ], [ 18.49925083, 49.09096203 ], [ 18.49921151, 49.09093499 ], [ 18.49871684, 49.09106144 ], [ 18.49879383, 49.09087406 ], [ 18.49895804, 49.09078573 ], [ 18.49930138, 49.09073803 ], [ 18.49929245, 49.09061184 ], [ 18.49929044, 49.09059621 ], [ 18.49928149, 49.09052462 ], [ 18.49927869, 49.09050218 ], [ 18.49874463, 49.09051847 ], [ 18.49875762, 49.09019812 ], [ 18.49863022, 49.08969488 ], [ 18.49853508, 49.08952682 ], [ 18.4984962, 49.0893713 ], [ 18.49820478, 49.08887221 ], [ 18.49798433, 49.08844971 ], [ 18.49782613, 49.08792503 ], [ 18.49775304, 49.08764772 ], [ 18.49812946, 49.08723357 ], [ 18.49861528, 49.08696588 ], [ 18.49857117, 49.08634717 ], [ 18.49859428, 49.0859337 ], [ 18.49874011, 49.08558838 ], [ 18.49910663, 49.08533078 ], [ 18.49947207, 49.08488264 ], [ 18.49966009, 49.08455893 ], [ 18.49988779, 49.08426038 ], [ 18.49990759, 49.08402531 ], [ 18.49986125, 49.08382436 ], [ 18.50001069, 49.0833797 ], [ 18.50012662, 49.08294251 ], [ 18.50035742, 49.08265523 ], [ 18.50021162, 49.08240545 ], [ 18.4999219, 49.0821574 ], [ 18.49955278, 49.081421 ], [ 18.49911562, 49.08143219 ], [ 18.49886322, 49.08138035 ], [ 18.49809806, 49.08139775 ], [ 18.49779108, 49.08137344 ], [ 18.49686045, 49.08147738 ], [ 18.49632448, 49.08148452 ], [ 18.49570167, 49.08153421 ], [ 18.49478109, 49.08162153 ], [ 18.49394054, 49.0817669 ], [ 18.49317789, 49.08195342 ], [ 18.49201354, 49.08232575 ], [ 18.4911891, 49.08285305 ], [ 18.49043567, 49.08335308 ], [ 18.48861554, 49.08381349 ], [ 18.48742797, 49.08455104 ], [ 18.48573096, 49.08553275 ], [ 18.48481228, 49.08604484 ], [ 18.48470097, 49.08610689 ], [ 18.48364139, 49.08660641 ], [ 18.48249379, 49.08716392 ], [ 18.48215229, 49.08734577 ], [ 18.48200716, 49.08742312 ], [ 18.48107985, 49.08791703 ], [ 18.48010716, 49.0885716 ], [ 18.47893143, 49.08918566 ], [ 18.47824445, 49.08938398 ], [ 18.47727342, 49.09007265 ], [ 18.47682919, 49.0900489 ], [ 18.47564575, 49.08994728 ], [ 18.47476424, 49.08974322 ], [ 18.47465853, 49.08971876 ], [ 18.47458698, 49.08970221 ], [ 18.47429758, 49.08963098 ], [ 18.47416261, 49.08959779 ], [ 18.47394356, 49.08954393 ], [ 18.47382072, 49.08951366 ], [ 18.47365537, 49.08947294 ], [ 18.47354978, 49.08944749 ], [ 18.47350059, 49.0894356 ], [ 18.47326288, 49.08937828 ], [ 18.47316595, 49.08935493 ], [ 18.47308502, 49.08933544 ], [ 18.47268653, 49.08923937 ], [ 18.47262551, 49.08922754 ], [ 18.47217551, 49.08914002 ], [ 18.47216761, 49.08913842 ], [ 18.47214803, 49.08913464 ], [ 18.4721371, 49.08907349 ], [ 18.47218712, 49.08901387 ], [ 18.47213163, 49.08899748 ], [ 18.47212193, 49.0889743 ], [ 18.47215854, 49.08894346 ], [ 18.47215955, 49.08889109 ], [ 18.4722245, 49.08884808 ], [ 18.47220865, 49.08884198 ], [ 18.47219529, 49.08883466 ], [ 18.47181293, 49.08872846 ], [ 18.47180762, 49.08872699 ], [ 18.47160698, 49.08867423 ], [ 18.47147362, 49.08863914 ], [ 18.47142792, 49.08862031 ], [ 18.47135102, 49.08858858 ], [ 18.47132569, 49.08857817 ], [ 18.47122295, 49.08853573 ], [ 18.4708922, 49.08855336 ], [ 18.47075118, 49.08853319 ], [ 18.47067631, 49.08849299 ], [ 18.47064454, 49.08847591 ], [ 18.47049156, 49.08837026 ], [ 18.47030395, 49.08839031 ], [ 18.47016502, 49.08845869 ], [ 18.46998667, 49.08854647 ], [ 18.46995566, 49.0885288 ], [ 18.4698228, 49.08845304 ], [ 18.4695486, 49.0882968 ], [ 18.46948107, 49.08825837 ], [ 18.4693084, 49.08812168 ], [ 18.46922388, 49.08805478 ], [ 18.46916158, 49.08800544 ], [ 18.46910814, 49.08796317 ], [ 18.46902467, 49.08793234 ], [ 18.468527, 49.08774853 ], [ 18.46776376, 49.08731474 ], [ 18.46739641, 49.08707092 ], [ 18.4673431, 49.08700709 ], [ 18.46721581, 49.0868745 ], [ 18.46709069, 49.0867443 ], [ 18.46696582, 49.08661428 ], [ 18.46678483, 49.08642633 ], [ 18.46674745, 49.08639396 ], [ 18.4665429, 49.08624983 ], [ 18.46652015, 49.08623316 ], [ 18.466291, 49.08599826 ], [ 18.46616152, 49.08585481 ], [ 18.46611852, 49.08580716 ], [ 18.46590616, 49.08557209 ], [ 18.46578724, 49.08512909 ], [ 18.46559978, 49.08420353 ], [ 18.46557416, 49.08401253 ], [ 18.46555682, 49.0838829 ], [ 18.46553037, 49.08368554 ], [ 18.46520464, 49.08334148 ], [ 18.46508206, 49.08321195 ], [ 18.46481013, 49.08291271 ], [ 18.46468898, 49.08276972 ], [ 18.46460701, 49.0826666 ], [ 18.46448763, 49.08251622 ], [ 18.46443765, 49.08252792 ], [ 18.46369181, 49.08270317 ], [ 18.46346417, 49.0827507 ], [ 18.46343027, 49.08275696 ], [ 18.46265959, 49.08291894 ], [ 18.46183037, 49.08308861 ], [ 18.461814, 49.08309205 ], [ 18.46181639, 49.08309588 ], [ 18.46190876, 49.08326743 ], [ 18.46200536, 49.08350193 ], [ 18.46208875, 49.083942 ], [ 18.46209505, 49.08414547 ], [ 18.4621082, 49.08453395 ], [ 18.46214633, 49.08499076 ], [ 18.46221932, 49.08550191 ], [ 18.46226494, 49.08593115 ], [ 18.46226582, 49.08593941 ], [ 18.46221807, 49.08606863 ], [ 18.46188363, 49.0870053 ], [ 18.46186641, 49.08705209 ], [ 18.46170374, 49.08746189 ], [ 18.46130921, 49.0877857 ], [ 18.46056866, 49.08924722 ], [ 18.46056553, 49.08925346 ], [ 18.4605209, 49.08935271 ], [ 18.46061314, 49.08941615 ], [ 18.46074051, 49.08954261 ], [ 18.46078209, 49.08961113 ], [ 18.46082154, 49.0897278 ], [ 18.46086273, 49.08983501 ], [ 18.46075748, 49.09033882 ], [ 18.46073536, 49.09044472 ], [ 18.46030464, 49.09106388 ], [ 18.46002772, 49.09146209 ], [ 18.46002242, 49.09148427 ], [ 18.460014, 49.09153434 ], [ 18.46000411, 49.09155591 ], [ 18.45999384, 49.09157835 ], [ 18.45995005, 49.09167531 ], [ 18.45975503, 49.09195446 ], [ 18.45957312, 49.0921986 ], [ 18.4594016, 49.09237509 ], [ 18.45939544, 49.09238134 ], [ 18.4591923, 49.09259039 ], [ 18.45913955, 49.09265075 ], [ 18.45894562, 49.09280463 ], [ 18.45887259, 49.09285702 ], [ 18.45872924, 49.09292532 ], [ 18.45864535, 49.09295186 ], [ 18.45861762, 49.09293436 ], [ 18.45848336, 49.09302951 ], [ 18.4582918, 49.09311818 ], [ 18.45814731, 49.09319662 ], [ 18.45799235, 49.09330326 ], [ 18.45776514, 49.09348644 ], [ 18.45765451, 49.0935449 ], [ 18.45751845, 49.09362614 ], [ 18.45738621, 49.09368918 ], [ 18.45727607, 49.09377293 ], [ 18.45731688, 49.0938248 ], [ 18.45654263, 49.09396796 ], [ 18.45533951, 49.09406682 ], [ 18.45493759, 49.09406778 ], [ 18.4543951, 49.09411084 ], [ 18.45391774, 49.09421333 ], [ 18.45317732, 49.09427403 ], [ 18.45264783, 49.09425057 ], [ 18.45247026, 49.09439225 ], [ 18.45224911, 49.09456862 ], [ 18.45219661, 49.09460427 ], [ 18.45206797, 49.0946509 ], [ 18.45195137, 49.09467951 ], [ 18.45184207, 49.09476845 ], [ 18.45171796, 49.09484095 ], [ 18.45164596, 49.09493049 ], [ 18.45155453, 49.09504423 ], [ 18.45143035, 49.0951799 ], [ 18.45124129, 49.09529956 ], [ 18.45112259, 49.09533924 ], [ 18.45094428, 49.09539921 ], [ 18.45078344, 49.09544182 ], [ 18.45054623, 49.09549169 ], [ 18.45033702, 49.09554076 ], [ 18.45008294, 49.09561407 ], [ 18.45004546, 49.09562888 ], [ 18.44998624, 49.09566119 ], [ 18.44985336, 49.09573024 ], [ 18.44979595, 49.09578502 ], [ 18.44974691, 49.09583566 ], [ 18.44969666, 49.09587955 ], [ 18.44964442, 49.09594554 ], [ 18.44959189, 49.09602567 ], [ 18.44947722, 49.09620635 ], [ 18.44939828, 49.09632664 ], [ 18.44934323, 49.09640709 ], [ 18.44926921, 49.09649733 ], [ 18.44920316, 49.09661462 ], [ 18.44918265, 49.0966699 ], [ 18.449121, 49.09683887 ], [ 18.44887789, 49.09718432 ], [ 18.4488974, 49.0971973 ], [ 18.44886714, 49.09719961 ], [ 18.44886327, 49.09720517 ], [ 18.4488518, 49.09722295 ], [ 18.44873878, 49.0973087 ], [ 18.44873173, 49.09736832 ], [ 18.44864444, 49.09745269 ], [ 18.44862386, 49.09758195 ], [ 18.44876336, 49.09757752 ], [ 18.4487748, 49.09759882 ], [ 18.448735, 49.09763832 ], [ 18.44857938, 49.09767652 ], [ 18.4485833, 49.09773205 ], [ 18.44869942, 49.0977461 ], [ 18.44873958, 49.09776311 ], [ 18.44862341, 49.09783902 ], [ 18.44865118, 49.09791662 ], [ 18.44850201, 49.0981685 ], [ 18.44856297, 49.09823267 ], [ 18.44855212, 49.09833937 ], [ 18.44859839, 49.0983948 ], [ 18.44859043, 49.09843244 ], [ 18.4485382, 49.09847244 ], [ 18.44856138, 49.09854401 ], [ 18.44847188, 49.09863168 ], [ 18.44838973, 49.09867247 ], [ 18.44839321, 49.09874765 ], [ 18.44837148, 49.09878228 ], [ 18.448207, 49.09885112 ], [ 18.44796465, 49.09892291 ], [ 18.44774231, 49.09888498 ], [ 18.44768707, 49.09889142 ], [ 18.44753623, 49.09882836 ], [ 18.44726614, 49.09886758 ], [ 18.44716851, 49.09884643 ], [ 18.44709336, 49.09891638 ], [ 18.4469894, 49.09893414 ], [ 18.44671053, 49.09907674 ], [ 18.44653489, 49.09909082 ], [ 18.44649003, 49.09909774 ], [ 18.4464043, 49.09912453 ], [ 18.44616146, 49.09917093 ], [ 18.44610611, 49.0992084 ], [ 18.44588575, 49.09922833 ], [ 18.44584041, 49.0991948 ], [ 18.44580131, 49.09919861 ], [ 18.44573495, 49.09919523 ], [ 18.44566067, 49.09925829 ], [ 18.44559256, 49.09926863 ], [ 18.44553915, 49.09931893 ], [ 18.44549798, 49.09932606 ], [ 18.44541664, 49.09930002 ], [ 18.44512009, 49.09939905 ], [ 18.445001, 49.09938024 ], [ 18.44479818, 49.09945978 ], [ 18.44459205, 49.09949421 ], [ 18.44443801, 49.09948755 ], [ 18.44421416, 49.0995672 ], [ 18.44408975, 49.09971305 ], [ 18.44388131, 49.09981079 ], [ 18.44381128, 49.09982219 ], [ 18.44361938, 49.09987003 ], [ 18.44339928, 49.09985767 ], [ 18.4433853, 49.09985735 ], [ 18.44319593, 49.09985299 ], [ 18.4429553, 49.0998949 ], [ 18.44293092, 49.09988237 ], [ 18.44288206, 49.09985712 ], [ 18.44286581, 49.09984874 ], [ 18.4427811, 49.09986637 ], [ 18.44277175, 49.09988048 ], [ 18.44275898, 49.09989972 ], [ 18.4427255, 49.09995004 ], [ 18.44268226, 49.0999593 ], [ 18.44258435, 49.0999393 ], [ 18.44252082, 49.09995683 ], [ 18.44231029, 49.09987478 ], [ 18.44214597, 49.09981079 ], [ 18.44204617, 49.09982182 ], [ 18.44195107, 49.09980883 ], [ 18.44187362, 49.09982452 ], [ 18.44180228, 49.09982141 ], [ 18.44170744, 49.09981719 ], [ 18.44162503, 49.099778 ], [ 18.44158758, 49.09976024 ], [ 18.44144047, 49.09972508 ], [ 18.44133316, 49.09963652 ], [ 18.44119114, 49.09964776 ], [ 18.44112251, 49.09958885 ], [ 18.44093158, 49.09956869 ], [ 18.44090415, 49.09953271 ], [ 18.44084163, 49.09951105 ], [ 18.44075737, 49.09952518 ], [ 18.44061203, 49.09946007 ], [ 18.44058388, 49.09946096 ], [ 18.44046632, 49.09948833 ], [ 18.44034259, 49.09943478 ], [ 18.44028899, 49.09944122 ], [ 18.44022736, 49.09942773 ], [ 18.44018637, 49.09946247 ], [ 18.44024166, 49.09947833 ], [ 18.44021718, 49.09949999 ], [ 18.44014155, 49.09956712 ], [ 18.44012651, 49.09958055 ], [ 18.44010467, 49.09959984 ], [ 18.43994396, 49.09974252 ], [ 18.4399374, 49.09976165 ], [ 18.4398278, 49.10008329 ], [ 18.43987935, 49.10009605 ], [ 18.43989348, 49.10009953 ], [ 18.43991107, 49.10010384 ], [ 18.43991533, 49.10010488 ], [ 18.43992172, 49.1001065 ], [ 18.43992386, 49.10010698 ], [ 18.43993719, 49.10011024 ], [ 18.43995917, 49.10011569 ], [ 18.43993852, 49.10016229 ], [ 18.43993563, 49.10016881 ], [ 18.43992581, 49.10019083 ], [ 18.43989268, 49.10025127 ], [ 18.43988477, 49.10026582 ], [ 18.43987046, 49.10029183 ], [ 18.43985847, 49.10031689 ], [ 18.43983326, 49.10036911 ], [ 18.43979548, 49.10044437 ], [ 18.43975711, 49.10051138 ], [ 18.43975287, 49.10051882 ], [ 18.43973498, 49.10055023 ], [ 18.43971433, 49.10058285 ], [ 18.43968369, 49.10063125 ], [ 18.43961852, 49.10071547 ], [ 18.43956525, 49.10075279 ], [ 18.43951014, 49.10079154 ], [ 18.43943822, 49.10082963 ], [ 18.43940254, 49.10084861 ], [ 18.4393287, 49.10087902 ], [ 18.43932073, 49.10088228 ], [ 18.43926807, 49.10090402 ], [ 18.43923485, 49.10091772 ], [ 18.43914566, 49.10094458 ], [ 18.4391398, 49.10094633 ], [ 18.43907634, 49.10097298 ], [ 18.43905355, 49.10098255 ], [ 18.43904221, 49.10098735 ], [ 18.43900807, 49.1010018 ], [ 18.43897292, 49.10101665 ], [ 18.43895564, 49.10102392 ], [ 18.4388923, 49.10104642 ], [ 18.43880637, 49.1010768 ], [ 18.43879481, 49.10112327 ], [ 18.43878779, 49.10115032 ], [ 18.43879493, 49.10130114 ], [ 18.43881349, 49.10137111 ], [ 18.43880443, 49.10141519 ], [ 18.43880146, 49.10142991 ], [ 18.43878718, 49.10146748 ], [ 18.43877972, 49.10148719 ], [ 18.43877852, 49.10148686 ], [ 18.43870427, 49.10146563 ], [ 18.43825066, 49.10135305 ], [ 18.43820323, 49.10134133 ], [ 18.43815904, 49.10133439 ], [ 18.43813708, 49.10133092 ], [ 18.4381112, 49.10132688 ], [ 18.4381039, 49.10132702 ], [ 18.43801671, 49.10132855 ], [ 18.43791821, 49.10133035 ], [ 18.43789549, 49.10133072 ], [ 18.4378407, 49.10134115 ], [ 18.4377878, 49.10137768 ], [ 18.43767403, 49.1014604 ], [ 18.43765888, 49.10147139 ], [ 18.43761102, 49.10148455 ], [ 18.43756045, 49.10149855 ], [ 18.43746501, 49.10152163 ], [ 18.43744445, 49.10152655 ], [ 18.43738292, 49.1015413 ], [ 18.43737327, 49.10154366 ], [ 18.43734072, 49.10155324 ], [ 18.43727019, 49.10144459 ], [ 18.43727767, 49.10140105 ], [ 18.43728178, 49.10137746 ], [ 18.43728286, 49.1013712 ], [ 18.43730432, 49.10130425 ], [ 18.43730954, 49.10128811 ], [ 18.43732815, 49.10122948 ], [ 18.4373269, 49.10122526 ], [ 18.43729772, 49.1011373 ], [ 18.43727367, 49.10110069 ], [ 18.43724711, 49.10106006 ], [ 18.43721684, 49.101014 ], [ 18.43718042, 49.10093213 ], [ 18.4372027, 49.1007952 ], [ 18.4371831, 49.10074205 ], [ 18.43716593, 49.10073118 ], [ 18.4371158, 49.10071263 ], [ 18.4369876, 49.10071027 ], [ 18.43687731, 49.10072045 ], [ 18.43685331, 49.10072869 ], [ 18.43680875, 49.10074402 ], [ 18.43671273, 49.100777 ], [ 18.43662486, 49.10071603 ], [ 18.43644578, 49.10055557 ], [ 18.43618855, 49.10037645 ], [ 18.43612835, 49.10033451 ], [ 18.43611108, 49.1003018 ], [ 18.43609381, 49.10026917 ], [ 18.43604483, 49.10025231 ], [ 18.43603029, 49.10023274 ], [ 18.43597044, 49.10015247 ], [ 18.43591759, 49.10011753 ], [ 18.43586978, 49.10008512 ], [ 18.43568212, 49.10000052 ], [ 18.43535082, 49.09981922 ], [ 18.43516201, 49.09972437 ], [ 18.43505758, 49.09965852 ], [ 18.43498188, 49.09950545 ], [ 18.43492705, 49.09945154 ], [ 18.4349133, 49.09936009 ], [ 18.43487216, 49.09934537 ], [ 18.43478622, 49.09939632 ], [ 18.43468348, 49.09937866 ], [ 18.43450018, 49.09937841 ], [ 18.43447559, 49.09932878 ], [ 18.43440911, 49.09932422 ], [ 18.43436256, 49.09920867 ], [ 18.43414672, 49.09914256 ], [ 18.43402169, 49.09905726 ], [ 18.43385815, 49.09898942 ], [ 18.43368396, 49.09894797 ], [ 18.43357657, 49.09885796 ], [ 18.43350999, 49.09878959 ], [ 18.43352188, 49.0987287 ], [ 18.43344896, 49.09860989 ], [ 18.433312, 49.09853946 ], [ 18.43322344, 49.09854424 ], [ 18.43311616, 49.0985072 ], [ 18.4330876, 49.09847368 ], [ 18.43306526, 49.09845061 ], [ 18.43307728, 49.09838332 ], [ 18.43301046, 49.0982996 ], [ 18.4328322, 49.09827607 ], [ 18.43280899, 49.09825656 ], [ 18.43269839, 49.09824876 ], [ 18.4326861, 49.09818572 ], [ 18.43259313, 49.09817663 ], [ 18.43253361, 49.09813257 ], [ 18.43254648, 49.09808563 ], [ 18.43246051, 49.09800013 ], [ 18.43251679, 49.09792742 ], [ 18.43249122, 49.09778217 ], [ 18.43226706, 49.09761876 ], [ 18.43222707, 49.09755628 ], [ 18.43222397, 49.09749556 ], [ 18.43215297, 49.09745862 ], [ 18.43195215, 49.09734378 ], [ 18.43181338, 49.09727144 ], [ 18.43174476, 49.0971609 ], [ 18.43172973, 49.09710647 ], [ 18.43161895, 49.09706779 ], [ 18.43149663, 49.09702812 ], [ 18.43148323, 49.09697053 ], [ 18.43154279, 49.09685604 ], [ 18.43151625, 49.0968045 ], [ 18.43147404, 49.09670029 ], [ 18.43142252, 49.09664096 ], [ 18.43135459, 49.09660365 ], [ 18.43121554, 49.09649799 ], [ 18.43115919, 49.0964281 ], [ 18.4308523, 49.09625292 ], [ 18.43077171, 49.09620173 ], [ 18.43069495, 49.09616258 ], [ 18.43054272, 49.09621926 ], [ 18.43051266, 49.09620931 ], [ 18.43048351, 49.09619976 ], [ 18.43040015, 49.09616169 ], [ 18.43035525, 49.09611301 ], [ 18.43029421, 49.09606687 ], [ 18.43025181, 49.09599866 ], [ 18.43014129, 49.09591172 ], [ 18.43012755, 49.09580087 ], [ 18.43005881, 49.09571938 ], [ 18.42998062, 49.09562465 ], [ 18.42996171, 49.09551451 ], [ 18.43003311, 49.09544291 ], [ 18.43012606, 49.09543169 ], [ 18.43014616, 49.09535609 ], [ 18.43024878, 49.09528748 ], [ 18.43028463, 49.09517574 ], [ 18.43027342, 49.09505159 ], [ 18.43031513, 49.09501228 ], [ 18.43033636, 49.09495687 ], [ 18.4302794, 49.09486484 ], [ 18.43019164, 49.09484837 ], [ 18.43012468, 49.0947927 ], [ 18.43007322, 49.09471253 ], [ 18.43000942, 49.09459125 ], [ 18.42999288, 49.09451417 ], [ 18.42975356, 49.09445452 ], [ 18.42963222, 49.0943566 ], [ 18.42951324, 49.09433488 ], [ 18.4294292, 49.09434406 ], [ 18.4293568, 49.09439882 ], [ 18.42927609, 49.09445077 ], [ 18.429165, 49.09446415 ], [ 18.4290299, 49.09445887 ], [ 18.42886631, 49.09438624 ], [ 18.42861349, 49.0943086 ], [ 18.42853813, 49.09427782 ], [ 18.42832453, 49.09421046 ], [ 18.42816162, 49.09420131 ], [ 18.42805493, 49.09418027 ], [ 18.42786712, 49.09414546 ], [ 18.42765979, 49.09411193 ], [ 18.42756328, 49.09408107 ], [ 18.42748506, 49.09401675 ], [ 18.42728814, 49.09391566 ], [ 18.4272238, 49.09389118 ], [ 18.42713836, 49.09388764 ], [ 18.42699067, 49.09385622 ], [ 18.42688764, 49.09382049 ], [ 18.4267251, 49.0937536 ], [ 18.42660265, 49.09369135 ], [ 18.42651752, 49.09365426 ], [ 18.42640842, 49.09361007 ], [ 18.42606297, 49.09351216 ], [ 18.42576606, 49.09343434 ], [ 18.42538841, 49.09339051 ], [ 18.42527832, 49.0933756 ], [ 18.42523645, 49.09336995 ], [ 18.42517597, 49.09336788 ], [ 18.42514737, 49.09336694 ], [ 18.4250735, 49.09336431 ], [ 18.42496952, 49.09336074 ], [ 18.42465276, 49.09335447 ], [ 18.42444196, 49.09337489 ], [ 18.42433556, 49.0933655 ], [ 18.42417853, 49.09336307 ], [ 18.4240746, 49.09337954 ], [ 18.42394843, 49.09341193 ], [ 18.42389375, 49.09344303 ], [ 18.42381784, 49.09351871 ], [ 18.42372215, 49.09350296 ], [ 18.42370356, 49.09349679 ], [ 18.42360548, 49.09346431 ], [ 18.42355902, 49.09345688 ], [ 18.42350246, 49.0934478 ], [ 18.42348052, 49.09344425 ], [ 18.4234447, 49.09344498 ], [ 18.42339441, 49.093446 ], [ 18.42337528, 49.09344729 ], [ 18.42330901, 49.09345184 ], [ 18.42328392, 49.09345145 ], [ 18.4232429, 49.09345091 ], [ 18.42321328, 49.09345045 ], [ 18.42308504, 49.09344852 ], [ 18.42292091, 49.09345752 ], [ 18.42272578, 49.09346823 ], [ 18.42261048, 49.09346828 ], [ 18.42239821, 49.0934712 ], [ 18.42226991, 49.09348804 ], [ 18.42221154, 49.09350602 ], [ 18.42210893, 49.09352076 ], [ 18.42194994, 49.09351217 ], [ 18.4218665, 49.09350378 ], [ 18.4217245, 49.09349667 ], [ 18.42170778, 49.0934888 ], [ 18.42154685, 49.0934663 ], [ 18.421527, 49.09346358 ], [ 18.42149001, 49.09345838 ], [ 18.42126929, 49.0934296 ], [ 18.42116835, 49.09342376 ], [ 18.42113384, 49.09341852 ], [ 18.42108154, 49.09341058 ], [ 18.42102112, 49.09339948 ], [ 18.42080671, 49.09336004 ], [ 18.42070787, 49.09334096 ], [ 18.4205296, 49.09329837 ], [ 18.42039491, 49.09327055 ], [ 18.42025105, 49.09321352 ], [ 18.42016744, 49.09316243 ], [ 18.42006122, 49.09310116 ], [ 18.41982676, 49.09294672 ], [ 18.4197392, 49.0928771 ], [ 18.41969081, 49.0928386 ], [ 18.41956922, 49.09276105 ], [ 18.41945008, 49.09267191 ], [ 18.41946273, 49.09264499 ], [ 18.41924251, 49.09245443 ], [ 18.41916229, 49.09239198 ], [ 18.41884152, 49.09214208 ], [ 18.41874802, 49.09208341 ], [ 18.41863696, 49.09201384 ], [ 18.41842433, 49.09183281 ], [ 18.41840686, 49.09182002 ], [ 18.41835596, 49.09178292 ], [ 18.41814094, 49.09162585 ], [ 18.41789063, 49.09148046 ], [ 18.41781681, 49.09153225 ], [ 18.41781122, 49.09153618 ], [ 18.41779825, 49.09154521 ], [ 18.4177845, 49.09155492 ], [ 18.41765876, 49.09164301 ], [ 18.41765166, 49.09164803 ], [ 18.41753241, 49.0917316 ], [ 18.41753044, 49.09173303 ], [ 18.41677429, 49.09226316 ], [ 18.41672976, 49.09229437 ], [ 18.4167165, 49.09231204 ], [ 18.41666918, 49.09237468 ], [ 18.41666253, 49.0923837 ], [ 18.41662346, 49.0924356 ], [ 18.41661453, 49.09244738 ], [ 18.4164458, 49.092619 ], [ 18.41600553, 49.09307199 ], [ 18.41524723, 49.09334057 ], [ 18.41477875, 49.09352208 ], [ 18.4145685, 49.09368203 ], [ 18.41437157, 49.09374218 ], [ 18.41362506, 49.09397006 ], [ 18.413278, 49.09390631 ], [ 18.41297283, 49.0938502 ], [ 18.41283856, 49.09382555 ], [ 18.41245924, 49.09376579 ], [ 18.41203938, 49.09369965 ], [ 18.41118504, 49.09374685 ], [ 18.41091327, 49.09372398 ], [ 18.41038155, 49.09363531 ], [ 18.4097994, 49.09363455 ], [ 18.40824656, 49.09374709 ], [ 18.4075664, 49.09383015 ], [ 18.4066859, 49.09402243 ], [ 18.40596183, 49.09427641 ], [ 18.40574174, 49.09444528 ], [ 18.40543853, 49.09479617 ], [ 18.4053118, 49.09505141 ], [ 18.40531473, 49.09566199 ], [ 18.40518487, 49.09619664 ], [ 18.40514763, 49.09623953 ], [ 18.40501412, 49.09635686 ], [ 18.40478103, 49.09666128 ], [ 18.40424991, 49.09707023 ], [ 18.40354385, 49.09748764 ], [ 18.40226423, 49.09786042 ], [ 18.4007788, 49.09843162 ], [ 18.39980974, 49.09903029 ], [ 18.39892569, 49.09875782 ], [ 18.39849016, 49.09862614 ], [ 18.39759448, 49.09835545 ], [ 18.39646932, 49.09812205 ], [ 18.3964199, 49.09812698 ], [ 18.3965785, 49.0983335 ], [ 18.39674207, 49.09865977 ], [ 18.39676206, 49.09885942 ], [ 18.39656878, 49.09910267 ], [ 18.39605421, 49.09914664 ], [ 18.39568305, 49.09909595 ], [ 18.39555619, 49.09902106 ], [ 18.3953962, 49.09904793 ], [ 18.39500939, 49.09895964 ], [ 18.39464195, 49.09904578 ], [ 18.39436378, 49.09898696 ], [ 18.39420965, 49.0990249 ], [ 18.39401234, 49.09914221 ], [ 18.3939699, 49.099418 ], [ 18.39350905, 49.09979362 ], [ 18.39338838, 49.09989198 ], [ 18.39278208, 49.10037163 ], [ 18.3920306, 49.10075415 ], [ 18.39168296, 49.10102187 ], [ 18.39120619, 49.10119715 ], [ 18.39096371, 49.10132143 ], [ 18.39073309, 49.1014785 ], [ 18.39017477, 49.10153004 ], [ 18.38969827, 49.10169775 ], [ 18.38940729, 49.10188278 ], [ 18.38894214, 49.10203804 ], [ 18.38815427, 49.10215906 ], [ 18.38687085, 49.10227408 ], [ 18.38651929, 49.10218094 ], [ 18.38621282, 49.10214969 ], [ 18.38540134, 49.10202996 ], [ 18.38493969, 49.10191546 ], [ 18.38451226, 49.10178923 ], [ 18.38417305, 49.10192907 ], [ 18.38388527, 49.10195552 ], [ 18.38320544, 49.10189488 ], [ 18.3827238, 49.10187799 ], [ 18.38272302, 49.10202505 ], [ 18.38273278, 49.10260381 ], [ 18.38275195, 49.10320881 ], [ 18.38280158, 49.10352057 ], [ 18.38289709, 49.1039383 ], [ 18.38365904, 49.10449219 ], [ 18.38406415, 49.10461258 ], [ 18.38453788, 49.10487378 ], [ 18.38478155, 49.10505028 ], [ 18.3853, 49.10515628 ], [ 18.38565855, 49.10541966 ], [ 18.38589022, 49.10579422 ], [ 18.38599473, 49.10588259 ], [ 18.38597229, 49.10589461 ], [ 18.38615674, 49.10606458 ], [ 18.3861708, 49.1061658 ], [ 18.38609495, 49.10634299 ], [ 18.38606914, 49.10640365 ], [ 18.38608279, 49.10650269 ], [ 18.3862271, 49.10677421 ], [ 18.38620626, 49.10702385 ], [ 18.38611677, 49.10717773 ], [ 18.38595597, 49.10750444 ], [ 18.38604307, 49.10769391 ], [ 18.38622345, 49.10781763 ], [ 18.38676225, 49.10807556 ], [ 18.3870334, 49.10825349 ], [ 18.38716785, 49.10855154 ], [ 18.38746599, 49.10865001 ], [ 18.38782404, 49.10861183 ], [ 18.38842682, 49.10869948 ], [ 18.38879264, 49.10891623 ], [ 18.3890841, 49.10901965 ], [ 18.38909129, 49.10900651 ], [ 18.38940312, 49.10906585 ], [ 18.38985909, 49.10890656 ], [ 18.39003023, 49.108897 ], [ 18.39003677, 49.10888356 ], [ 18.39068138, 49.10908316 ], [ 18.39143327, 49.10932192 ], [ 18.39187696, 49.10933937 ], [ 18.39234524, 49.1095089 ], [ 18.39269233, 49.10967902 ], [ 18.39340335, 49.10992253 ], [ 18.39411038, 49.11038007 ], [ 18.39436521, 49.11052261 ], [ 18.39498103, 49.1107187 ], [ 18.3954563, 49.11105004 ], [ 18.39595278, 49.11125811 ], [ 18.39671432, 49.11149069 ], [ 18.39700829, 49.11159513 ], [ 18.39729502, 49.11176234 ], [ 18.39769057, 49.11199315 ], [ 18.39782729, 49.11207292 ], [ 18.39791294, 49.11211998 ], [ 18.3980836, 49.11221372 ], [ 18.39818274, 49.11236874 ], [ 18.39837216, 49.11271142 ], [ 18.39840165, 49.11322683 ], [ 18.39868304, 49.11369805 ], [ 18.3986639, 49.11369825 ], [ 18.39878076, 49.11392411 ], [ 18.39926673, 49.11391237 ], [ 18.39929431, 49.11398673 ], [ 18.39920908, 49.11405944 ], [ 18.39902487, 49.11421675 ], [ 18.39816312, 49.11481117 ], [ 18.39758909, 49.11541744 ], [ 18.39706642, 49.11583884 ], [ 18.39689416, 49.11633009 ], [ 18.3973003, 49.11662646 ], [ 18.39700961, 49.11709346 ], [ 18.39694033, 49.11736623 ], [ 18.39691045, 49.11806444 ], [ 18.39691739, 49.11856479 ], [ 18.39696169, 49.11895945 ], [ 18.39689041, 49.11912047 ], [ 18.39656812, 49.11978409 ], [ 18.39627041, 49.12044355 ], [ 18.39609387, 49.12069821 ], [ 18.39588053, 49.12086048 ], [ 18.39600551, 49.1210478 ], [ 18.39601858, 49.12105845 ], [ 18.39579203, 49.12114157 ], [ 18.39568501, 49.12118474 ], [ 18.39534374, 49.12134842 ], [ 18.39504349, 49.12143586 ], [ 18.39457392, 49.12163818 ], [ 18.39431635, 49.12191335 ], [ 18.39432921, 49.12191604 ], [ 18.39523287, 49.1220389 ], [ 18.39631486, 49.12213732 ], [ 18.39691222, 49.12223743 ], [ 18.397611, 49.12254133 ], [ 18.39771817, 49.12275709 ], [ 18.39748509, 49.12299589 ], [ 18.39817948, 49.1235525 ], [ 18.3982894, 49.12364197 ], [ 18.39887017, 49.12411441 ], [ 18.39878351, 49.12483303 ], [ 18.39901968, 49.1249395 ], [ 18.39917139, 49.12491991 ], [ 18.39961002, 49.12486332 ], [ 18.39964763, 49.12485845 ], [ 18.3997462, 49.12484576 ], [ 18.40005077, 49.12505032 ], [ 18.40009534, 49.12508022 ], [ 18.40041093, 49.1252889 ], [ 18.40082629, 49.12527866 ], [ 18.40235702, 49.12525085 ], [ 18.40253274, 49.12589905 ], [ 18.40326915, 49.12605617 ], [ 18.40393755, 49.12635329 ], [ 18.40454566, 49.12625009 ], [ 18.40565779, 49.12639737 ], [ 18.40656585, 49.1265061 ], [ 18.40817662, 49.1265385 ], [ 18.40891402, 49.12651118 ], [ 18.41040114, 49.126325 ], [ 18.41110292, 49.12625797 ], [ 18.41150116, 49.12632544 ], [ 18.41153126, 49.12633089 ], [ 18.41160775, 49.12634459 ], [ 18.41199927, 49.12641521 ], [ 18.4122182, 49.12648053 ], [ 18.41238081, 49.12655178 ], [ 18.41248797, 49.1265826 ], [ 18.41281725, 49.12666566 ], [ 18.4128612, 49.12667576 ], [ 18.41291488, 49.1266539 ], [ 18.41294576, 49.12662646 ], [ 18.41300207, 49.1266431 ], [ 18.413036, 49.12664552 ], [ 18.41303957, 49.12664445 ], [ 18.41306146, 49.12664963 ], [ 18.4131366, 49.1266674 ], [ 18.41316383, 49.12667387 ], [ 18.41330036, 49.12670613 ], [ 18.41343557, 49.12673805 ], [ 18.41346134, 49.12674407 ], [ 18.41348069, 49.12674866 ], [ 18.41356237, 49.12676797 ], [ 18.41355562, 49.1267777 ], [ 18.41371278, 49.12682401 ], [ 18.41364973, 49.12691465 ], [ 18.41361186, 49.12690327 ], [ 18.41357751, 49.12695245 ], [ 18.41361538, 49.12696383 ], [ 18.41347136, 49.12717446 ], [ 18.41316285, 49.12762571 ], [ 18.41383636, 49.12782442 ], [ 18.41391453, 49.1278475 ], [ 18.41392805, 49.1278515 ], [ 18.41434345, 49.12797405 ], [ 18.41433317, 49.12798882 ], [ 18.41436243, 49.12799765 ], [ 18.41435536, 49.12800773 ], [ 18.41443533, 49.12803182 ], [ 18.41445286, 49.12800662 ], [ 18.41468737, 49.12807605 ], [ 18.41543752, 49.1282981 ], [ 18.41543922, 49.12829666 ], [ 18.4155423, 49.12832608 ], [ 18.41554382, 49.12832382 ], [ 18.41554051, 49.12832282 ], [ 18.41563885, 49.12817456 ], [ 18.41564218, 49.12817547 ], [ 18.4156437, 49.12817321 ], [ 18.41554199, 49.12814603 ], [ 18.41574736, 49.1278471 ], [ 18.41587109, 49.12766703 ], [ 18.41617097, 49.12776605 ], [ 18.41625, 49.12779216 ], [ 18.41627572, 49.12780071 ], [ 18.41630302, 49.12780979 ], [ 18.41634377, 49.12782341 ], [ 18.41643042, 49.12785229 ], [ 18.41662626, 49.12791651 ], [ 18.41670636, 49.12794277 ], [ 18.41637117, 49.12843182 ], [ 18.41624348, 49.12861808 ], [ 18.41620084, 49.12868043 ], [ 18.41609684, 49.12883208 ], [ 18.4159462, 49.12878749 ], [ 18.4158039, 49.12899442 ], [ 18.41656911, 49.12922145 ], [ 18.4169864, 49.1286133 ] ] ] ] } },
{ "type": "Feature", "properties": { "@featureType": "CadastralZoning", "beginLifespanVersion": { "@nilReason": "http://inspire.ec.europa.eu/codelist/VoidReasonValue/Unpopulated", "@nil": "true" }, "endLifespanVersion": { "@nilReason": "http://inspire.ec.europa.eu/codelist/VoidReasonValue/Unpopulated", "@nil": "true" }, "estimatedAccuracy": { "value": -1, "@uom": "m" }, "inspireId": { "@dataType": "Identifier", "localId": "803294", "namespace": "SK.ESKN.CP", "versionId": "20260703T04:07:40" }, "label": "Bodiná", "level": { "@href": "http://inspire.ec.europa.eu/codelist/CadastralZoningLevelValue/3rdOrder" }, "levelName": { "value": "Katastrálne územie", "@locale": "sk" }, "name": { "@dataType": "name", "GeographicalName": { "@dataType": "GeographicalName", "language": "SLK", "nativeness": { "@href": "http://inspire.ec.europa.eu/codelist/NativenessValue/endonym", "@title": "endonym" }, "nameStatus": { "@href": "http://inspire.ec.europa.eu/codelist/NameStatusValue/official", "@title": "official" }, "sourceOfName": { "@nilReason": "http://inspire.ec.europa.eu/codelist/VoidReasonValue/Unpopulated", "@nil": "true" }, "pronunciation": { "@dataType": "pronunciation", "@nilReason": "http://inspire.ec.europa.eu/codelist/VoidReasonValue/Unpopulated", "@nil": "true" }, "spelling": { "@dataType": "SpellingOfName", "text": "Bodiná", "script": "LATN" } } }, "nationalCadastalZoningReference": "803294", "validFrom": "2026-06-30T16:00:00Z", "validTo": { "@nilReason": "http://inspire.ec.europa.eu/codelist/VoidReasonValue/Unpopulated", "@nil": "true" } }, "geometry": { "type": "MultiPolygon", "coordinates": [ [ [ [ 18.57093013, 49.12513121 ], [ 18.57107271, 49.12511569 ], [ 18.57112986, 49.12510947 ], [ 18.57181085, 49.12503532 ], [ 18.57277234, 49.12488387 ], [ 18.57383067, 49.12448967 ], [ 18.5746876, 49.12430127 ], [ 18.5763102, 49.12397241 ], [ 18.5774531, 49.1236966 ], [ 18.57809099, 49.12334968 ], [ 18.57850929, 49.12298536 ], [ 18.57920356, 49.12254448 ], [ 18.57968662, 49.12230879 ], [ 18.58119825, 49.12212043 ], [ 18.58190005, 49.12194953 ], [ 18.58250666, 49.12192231 ], [ 18.5830291, 49.12181169 ], [ 18.58337181, 49.12174998 ], [ 18.58427569, 49.12163955 ], [ 18.5843787, 49.12161161 ], [ 18.58442936, 49.12159782 ], [ 18.58447987, 49.12158411 ], [ 18.58516469, 49.12142465 ], [ 18.58651223, 49.12111084 ], [ 18.58679546, 49.12099684 ], [ 18.5871969, 49.12072624 ], [ 18.58786321, 49.12008964 ], [ 18.58825332, 49.11978198 ], [ 18.58827648, 49.11976373 ], [ 18.58849548, 49.11925723 ], [ 18.58850619, 49.11922749 ], [ 18.58865052, 49.11882705 ], [ 18.58871158, 49.11866792 ], [ 18.5889876, 49.11841089 ], [ 18.58907626, 49.11828617 ], [ 18.58912509, 49.11821751 ], [ 18.58945132, 49.11812341 ], [ 18.58973723, 49.11799322 ], [ 18.59045261, 49.1177677 ], [ 18.59063189, 49.11721115 ], [ 18.59073713, 49.11697761 ], [ 18.59095732, 49.11648876 ], [ 18.59105332, 49.11607661 ], [ 18.59106552, 49.1155923 ], [ 18.59097499, 49.1152288 ], [ 18.59062485, 49.11471602 ], [ 18.59035944, 49.11412884 ], [ 18.59041972, 49.1140035 ], [ 18.59043308, 49.11398672 ], [ 18.59051611, 49.1138829 ], [ 18.59060205, 49.11377554 ], [ 18.59015385, 49.11334177 ], [ 18.59012, 49.11330892 ], [ 18.59011848, 49.11325497 ], [ 18.59011563, 49.11315205 ], [ 18.59010567, 49.11278393 ], [ 18.59003722, 49.11267136 ], [ 18.59003105, 49.11266137 ], [ 18.58967063, 49.11206909 ], [ 18.58951546, 49.11181417 ], [ 18.58941826, 49.1116544 ], [ 18.5892855, 49.11159368 ], [ 18.58900969, 49.11146762 ], [ 18.58896314, 49.11144636 ], [ 18.58855283, 49.11111134 ], [ 18.58835198, 49.11094735 ], [ 18.58815775, 49.11078868 ], [ 18.58778863, 49.11048727 ], [ 18.58760837, 49.11034008 ], [ 18.58743834, 49.10996626 ], [ 18.58727066, 49.10959788 ], [ 18.58687299, 49.10930946 ], [ 18.58674874, 49.10919153 ], [ 18.58650295, 49.10895818 ], [ 18.58644468, 49.10890299 ], [ 18.5863503, 49.10881338 ], [ 18.58601197, 49.10849223 ], [ 18.58577367, 49.10826604 ], [ 18.58560151, 49.1081312 ], [ 18.58548344, 49.10803869 ], [ 18.5847998, 49.10750328 ], [ 18.58470388, 49.10742821 ], [ 18.58465744, 49.10739178 ], [ 18.58439511, 49.10725706 ], [ 18.58427383, 49.10719478 ], [ 18.58400855, 49.10697571 ], [ 18.5837413, 49.10675483 ], [ 18.58355252, 49.10659897 ], [ 18.58345895, 49.10652167 ], [ 18.58341286, 49.10648355 ], [ 18.58327013, 49.10639269 ], [ 18.58310295, 49.10628626 ], [ 18.58285965, 49.10613126 ], [ 18.58274869, 49.10608217 ], [ 18.5825821, 49.10600852 ], [ 18.58247998, 49.10596343 ], [ 18.58235547, 49.10590837 ], [ 18.58220451, 49.10584161 ], [ 18.58194571, 49.10568208 ], [ 18.58182257, 49.10560607 ], [ 18.58148899, 49.10540038 ], [ 18.58089968, 49.10503703 ], [ 18.58077296, 49.10498537 ], [ 18.58074274, 49.1049731 ], [ 18.58058335, 49.10492889 ], [ 18.58028035, 49.10489456 ], [ 18.58005594, 49.10486923 ], [ 18.57974725, 49.10483422 ], [ 18.57970253, 49.1048292 ], [ 18.57940044, 49.1047424 ], [ 18.57904595, 49.1046406 ], [ 18.57891977, 49.1046044 ], [ 18.57844607, 49.10451306 ], [ 18.57801919, 49.10449028 ], [ 18.57793251, 49.10448562 ], [ 18.57778711, 49.10447789 ], [ 18.57765483, 49.10447087 ], [ 18.57749334, 49.10446218 ], [ 18.57730536, 49.10445216 ], [ 18.57717377, 49.10444508 ], [ 18.57705881, 49.10434984 ], [ 18.57696242, 49.10426995 ], [ 18.57663824, 49.10400123 ], [ 18.5765567, 49.10390806 ], [ 18.57639168, 49.10371954 ], [ 18.57631476, 49.10365765 ], [ 18.57606235, 49.10345477 ], [ 18.57525522, 49.10280574 ], [ 18.57496994, 49.10227834 ], [ 18.57465287, 49.10169203 ], [ 18.57455406, 49.10150933 ], [ 18.5741663, 49.10111726 ], [ 18.57405686, 49.10100661 ], [ 18.57251389, 49.1009038 ], [ 18.57247151, 49.10090098 ], [ 18.57113844, 49.10081206 ], [ 18.5709629, 49.10080152 ], [ 18.57055741, 49.10077716 ], [ 18.56985528, 49.10038403 ], [ 18.56978618, 49.10034539 ], [ 18.56941842, 49.09980244 ], [ 18.56905435, 49.09926509 ], [ 18.56891897, 49.09906525 ], [ 18.56834781, 49.09853363 ], [ 18.5676462, 49.09788055 ], [ 18.56760457, 49.09785413 ], [ 18.56755911, 49.09782533 ], [ 18.56635706, 49.09706255 ], [ 18.56631595, 49.09703642 ], [ 18.56503794, 49.09622541 ], [ 18.56484278, 49.09610156 ], [ 18.56463922, 49.09597238 ], [ 18.56458831, 49.09594004 ], [ 18.56444808, 49.09582421 ], [ 18.56425231, 49.09566243 ], [ 18.56413675, 49.09556687 ], [ 18.56394072, 49.09540499 ], [ 18.56378194, 49.09527381 ], [ 18.56323898, 49.09482515 ], [ 18.56300068, 49.09464646 ], [ 18.56295308, 49.09461068 ], [ 18.56244822, 49.09423211 ], [ 18.56213229, 49.09406664 ], [ 18.56139873, 49.09402708 ], [ 18.56127062, 49.09417807 ], [ 18.561177, 49.09428941 ], [ 18.56104383, 49.09434458 ], [ 18.56058404, 49.09453506 ], [ 18.56032288, 49.09471379 ], [ 18.56011056, 49.09485907 ], [ 18.560009, 49.09492848 ], [ 18.55975969, 49.09567909 ], [ 18.55950072, 49.09603461 ], [ 18.55945029, 49.0961038 ], [ 18.55940583, 49.09616484 ], [ 18.55922861, 49.09630848 ], [ 18.5589318, 49.09654908 ], [ 18.55890474, 49.09657099 ], [ 18.55833238, 49.09703493 ], [ 18.55818353, 49.09714943 ], [ 18.55784206, 49.09741197 ], [ 18.55757159, 49.09761988 ], [ 18.55729791, 49.09783033 ], [ 18.55724461, 49.09788402 ], [ 18.55695572, 49.09817539 ], [ 18.55683134, 49.09830078 ], [ 18.55655141, 49.09858307 ], [ 18.55590634, 49.09921134 ], [ 18.55575485, 49.0993589 ], [ 18.55558239, 49.0995269 ], [ 18.55561201, 49.09953616 ], [ 18.55562549, 49.0995701 ], [ 18.55560728, 49.09959591 ], [ 18.55549032, 49.09971574 ], [ 18.55531909, 49.09988813 ], [ 18.55530777, 49.09989952 ], [ 18.55529345, 49.09991399 ], [ 18.55528595, 49.09992234 ], [ 18.55526909, 49.09994724 ], [ 18.55522655, 49.09997968 ], [ 18.55520938, 49.09999283 ], [ 18.55520633, 49.09999519 ], [ 18.5551925, 49.09999922 ], [ 18.55503482, 49.10004584 ], [ 18.55469299, 49.10034716 ], [ 18.55440095, 49.10051312 ], [ 18.55426729, 49.10058846 ], [ 18.55422839, 49.10061045 ], [ 18.55407875, 49.10070478 ], [ 18.55382283, 49.10089064 ], [ 18.55362151, 49.1010245 ], [ 18.55360413, 49.10103601 ], [ 18.55355995, 49.10108479 ], [ 18.55353733, 49.1011184 ], [ 18.55353784, 49.10117798 ], [ 18.55357537, 49.10123053 ], [ 18.55351853, 49.10126626 ], [ 18.55344147, 49.10128691 ], [ 18.55343393, 49.10135589 ], [ 18.55342462, 49.10136324 ], [ 18.55336502, 49.10139368 ], [ 18.55333449, 49.10141693 ], [ 18.55294262, 49.10156901 ], [ 18.55287328, 49.10159595 ], [ 18.55281421, 49.10161883 ], [ 18.55274921, 49.10164411 ], [ 18.55263727, 49.10168751 ], [ 18.55124281, 49.10232853 ], [ 18.55014656, 49.10282891 ], [ 18.54958614, 49.10371267 ], [ 18.54896091, 49.10450711 ], [ 18.54888032, 49.10460949 ], [ 18.54814226, 49.10554726 ], [ 18.54767155, 49.10575344 ], [ 18.54690329, 49.10589824 ], [ 18.54615892, 49.1062755 ], [ 18.54556044, 49.10657872 ], [ 18.54533394, 49.10679466 ], [ 18.54502689, 49.10708737 ], [ 18.54490606, 49.10720256 ], [ 18.54487671, 49.10723057 ], [ 18.54476357, 49.10740943 ], [ 18.54460808, 49.1076552 ], [ 18.54454623, 49.10775273 ], [ 18.54448999, 49.10784173 ], [ 18.5442298, 49.10825264 ], [ 18.54384544, 49.10902228 ], [ 18.54341801, 49.1091208 ], [ 18.54283488, 49.10925529 ], [ 18.54215651, 49.10943127 ], [ 18.5419174, 49.10949332 ], [ 18.54122344, 49.10974091 ], [ 18.54094473, 49.10984034 ], [ 18.54090068, 49.10988361 ], [ 18.54085022, 49.10993303 ], [ 18.54080193, 49.1099805 ], [ 18.54065253, 49.11012716 ], [ 18.5404165, 49.11034421 ], [ 18.54041005, 49.11035839 ], [ 18.54015536, 49.11091234 ], [ 18.54013817, 49.11094967 ], [ 18.54010148, 49.11113898 ], [ 18.54006858, 49.11130909 ], [ 18.54001641, 49.11157795 ], [ 18.54011279, 49.11192144 ], [ 18.54023018, 49.11233961 ], [ 18.54025667, 49.11243407 ], [ 18.54027853, 49.11251285 ], [ 18.54024655, 49.11256499 ], [ 18.54023083, 49.11259057 ], [ 18.54003003, 49.11291781 ], [ 18.54041122, 49.11349227 ], [ 18.54096304, 49.11369744 ], [ 18.54127366, 49.11404476 ], [ 18.54169254, 49.11443854 ], [ 18.54205565, 49.11481675 ], [ 18.54301971, 49.11543608 ], [ 18.54411568, 49.11621042 ], [ 18.54472327, 49.11660798 ], [ 18.54545809, 49.11700068 ], [ 18.54678233, 49.1179492 ], [ 18.5476205, 49.1186437 ], [ 18.5473523, 49.11947566 ], [ 18.54804234, 49.12024011 ], [ 18.54892589, 49.12103467 ], [ 18.54965191, 49.12177128 ], [ 18.55099801, 49.12123212 ], [ 18.55164944, 49.12099679 ], [ 18.55413097, 49.12117217 ], [ 18.55624498, 49.12110326 ], [ 18.55644618, 49.12132877 ], [ 18.55834287, 49.12199204 ], [ 18.55895264, 49.1220409 ], [ 18.55971795, 49.12241105 ], [ 18.56033036, 49.12252997 ], [ 18.5605884, 49.12253766 ], [ 18.56088243, 49.12253574 ], [ 18.56134132, 49.12242585 ], [ 18.56209664, 49.12221573 ], [ 18.5629661, 49.12190096 ], [ 18.56302213, 49.12187177 ], [ 18.5630436, 49.12186056 ], [ 18.56365046, 49.12167546 ], [ 18.56425519, 49.12156124 ], [ 18.56477004, 49.12156002 ], [ 18.56569535, 49.12176353 ], [ 18.56655274, 49.12202861 ], [ 18.5667046, 49.12200701 ], [ 18.56820255, 49.12177351 ], [ 18.56934427, 49.12196149 ], [ 18.5695902, 49.12211882 ], [ 18.56943104, 49.1229556 ], [ 18.56939379, 49.12316455 ], [ 18.56918748, 49.12432018 ], [ 18.56864578, 49.12504848 ], [ 18.56893827, 49.12509409 ], [ 18.5700443, 49.12516455 ], [ 18.57093013, 49.12513121 ] ] ] ] } },
{ "type": "Feature", "properties": { "@featureType": "CadastralZoning", "beginLifespanVersion": { "@nilReason": "http://inspire.ec.europa.eu/codelist/VoidReasonValue/Unpopulated", "@nil": "true" }, "endLifespanVersion": { "@nilReason": "http://inspire.ec.europa.eu/codelist/VoidReasonValue/Unpopulated", "@nil": "true" }, "estimatedAccuracy": { "value": -1, "@uom": "m" }, "inspireId": { "@dataType": "Identifier", "localId": "807044", "namespace": "SK.ESKN.CP", "versionId": "20260703T04:07:40" }, "label": "Brvnište", "level": { "@href": "http://inspire.ec.europa.eu/codelist/CadastralZoningLevelValue/3rdOrder" }, "levelName": { "value": "Katastrálne územie", "@locale": "sk" }, "name": { "@dataType": "name", "GeographicalName": { "@dataType": "GeographicalName", "language": "SLK", "nativeness": { "@href": "http://inspire.ec.europa.eu/codelist/NativenessValue/endonym", "@title": "endonym" }, "nameStatus": { "@href": "http://inspire.ec.europa.eu/codelist/NameStatusValue/official", "@title": "official" }, "sourceOfName": { "@nilReason": "http://inspire.ec.europa.eu/codelist/VoidReasonValue/Unpopulated", "@nil": "true" }, "pronunciation": { "@dataType": "pronunciation", "@nilReason": "http://inspire.ec.europa.eu/codelist/VoidReasonValue/Unpopulated", "@nil": "true" }, "spelling": { "@dataType": "SpellingOfName", "text": "Brvnište", "script": "LATN" } } }, "nationalCadastalZoningReference": "807044", "validFrom": "2026-06-30T16:00:00Z", "validTo": { "@nilReason": "http://inspire.ec.europa.eu/codelist/VoidReasonValue/Unpopulated", "@nil": "true" } }, "geometry": { "type": "MultiPolygon", "coordinates": [ [ [ [ 18.44221188, 49.22902171 ], [ 18.44217776, 49.22899863 ], [ 18.44214555, 49.22897683 ], [ 18.4416314, 49.22862912 ], [ 18.44116186, 49.22812331 ], [ 18.44096686, 49.22744991 ], [ 18.44121427, 49.22702988 ], [ 18.4412868, 49.22685482 ], [ 18.44119979, 49.22652339 ], [ 18.44118933, 49.22648338 ], [ 18.44118888, 49.22645674 ], [ 18.44117869, 49.22592748 ], [ 18.44140863, 49.22560629 ], [ 18.44163695, 49.22526445 ], [ 18.44175149, 49.22504847 ], [ 18.44260977, 49.22410345 ], [ 18.44266834, 49.22405486 ], [ 18.44270482, 49.22402275 ], [ 18.44306136, 49.22371338 ], [ 18.44309516, 49.223685 ], [ 18.44428487, 49.22268821 ], [ 18.44477229, 49.22213397 ], [ 18.44493307, 49.22188262 ], [ 18.44495901, 49.22184019 ], [ 18.44508755, 49.22169248 ], [ 18.44509474, 49.22168683 ], [ 18.44524176, 49.22157126 ], [ 18.44544113, 49.22141362 ], [ 18.44561121, 49.2212976 ], [ 18.44579317, 49.22119856 ], [ 18.44615384, 49.22106483 ], [ 18.44634787, 49.22090581 ], [ 18.44646843, 49.22070605 ], [ 18.4467609, 49.22032421 ], [ 18.44701785, 49.22015682 ], [ 18.44743335, 49.2200898 ], [ 18.44782793, 49.22005186 ], [ 18.44797205, 49.22001608 ], [ 18.44802438, 49.22000541 ], [ 18.44815603, 49.21997454 ], [ 18.4482364, 49.21996875 ], [ 18.44877978, 49.21992948 ], [ 18.44904606, 49.21973859 ], [ 18.44907389, 49.21970835 ], [ 18.44937362, 49.21940533 ], [ 18.44996177, 49.21879288 ], [ 18.45024568, 49.21859547 ], [ 18.45048742, 49.21842724 ], [ 18.4505355, 49.21839378 ], [ 18.45079173, 49.2182156 ], [ 18.45066219, 49.21807893 ], [ 18.45075361, 49.21803178 ], [ 18.45064324, 49.2179586 ], [ 18.45052314, 49.21786882 ], [ 18.45036225, 49.21774893 ], [ 18.45029592, 49.2177009 ], [ 18.45024814, 49.21762411 ], [ 18.45023444, 49.21756633 ], [ 18.45032077, 49.21730865 ], [ 18.45042843, 49.21709761 ], [ 18.45064961, 49.21666837 ], [ 18.44979553, 49.21605969 ], [ 18.4489251, 49.21555235 ], [ 18.44811631, 49.21511903 ], [ 18.44796616, 49.21499494 ], [ 18.44780734, 49.21480396 ], [ 18.44775143, 49.21472185 ], [ 18.44770679, 49.21465606 ], [ 18.4476865, 49.21462616 ], [ 18.44766434, 49.21459372 ], [ 18.44766179, 49.21458988 ], [ 18.44744069, 49.21427394 ], [ 18.44730614, 49.21414204 ], [ 18.44712898, 49.21403109 ], [ 18.44695595, 49.21389635 ], [ 18.4468361, 49.21379179 ], [ 18.44661998, 49.21351456 ], [ 18.44656922, 49.21333924 ], [ 18.44655435, 49.21315145 ], [ 18.44656562, 49.21278165 ], [ 18.44647184, 49.21271677 ], [ 18.44648138, 49.212696 ], [ 18.44650392, 49.2126467 ], [ 18.44664653, 49.2123357 ], [ 18.44746061, 49.21140213 ], [ 18.44785455, 49.21102442 ], [ 18.4480756, 49.21087672 ], [ 18.44737267, 49.21051569 ], [ 18.4468753, 49.21015005 ], [ 18.4443725, 49.20845807 ], [ 18.4437517, 49.20813166 ], [ 18.44319312, 49.20807306 ], [ 18.43972088, 49.20669417 ], [ 18.43695823, 49.20640748 ], [ 18.43659633, 49.20633501 ], [ 18.43650037, 49.20632071 ], [ 18.43504489, 49.20604499 ], [ 18.43490329, 49.20601818 ], [ 18.43421321, 49.20588743 ], [ 18.43328427, 49.20560738 ], [ 18.43266581, 49.20532589 ], [ 18.43261809, 49.20529845 ], [ 18.432585, 49.2052794 ], [ 18.43244144, 49.20519689 ], [ 18.43241578, 49.20518212 ], [ 18.43232316, 49.20512885 ], [ 18.43228327, 49.2051059 ], [ 18.43209905, 49.20507313 ], [ 18.43158425, 49.20498159 ], [ 18.4313455, 49.20493915 ], [ 18.43123379, 49.20495647 ], [ 18.43121988, 49.20495869 ], [ 18.43093064, 49.20496202 ], [ 18.43038128, 49.20496838 ], [ 18.430093, 49.20497176 ], [ 18.42924596, 49.2047182 ], [ 18.42803207, 49.20469561 ], [ 18.42767389, 49.20452856 ], [ 18.42753587, 49.20445022 ], [ 18.42720923, 49.20441765 ], [ 18.4257979, 49.20375918 ], [ 18.42487042, 49.20362425 ], [ 18.42345254, 49.20299579 ], [ 18.42224131, 49.20202314 ], [ 18.42067746, 49.20123411 ], [ 18.41989109, 49.20022435 ], [ 18.41885837, 49.20067465 ], [ 18.41829301, 49.2001111 ], [ 18.4180873, 49.19979296 ], [ 18.41797931, 49.19931415 ], [ 18.4179032, 49.19864037 ], [ 18.41719608, 49.19811954 ], [ 18.41685675, 49.19818839 ], [ 18.41641048, 49.19884423 ], [ 18.41590362, 49.1988127 ], [ 18.41494285, 49.19842823 ], [ 18.41428419, 49.19895965 ], [ 18.41375947, 49.19926373 ], [ 18.41355664, 49.19941066 ], [ 18.41325225, 49.19950226 ], [ 18.41259261, 49.19974268 ], [ 18.41217238, 49.20000189 ], [ 18.41164176, 49.20056427 ], [ 18.41157275, 49.20063735 ], [ 18.41060696, 49.20166079 ], [ 18.41055692, 49.20172445 ], [ 18.41017767, 49.202207 ], [ 18.40929881, 49.2030689 ], [ 18.40906941, 49.20321977 ], [ 18.40848213, 49.20342707 ], [ 18.40693346, 49.20432647 ], [ 18.40669022, 49.20427624 ], [ 18.40576099, 49.20577381 ], [ 18.40558435, 49.20602739 ], [ 18.40555076, 49.2060712 ], [ 18.40562408, 49.20619842 ], [ 18.40562393, 49.20636356 ], [ 18.4054088, 49.20720718 ], [ 18.40531324, 49.20801625 ], [ 18.40500184, 49.20825401 ], [ 18.40499973, 49.20852985 ], [ 18.40437442, 49.20936998 ], [ 18.40429095, 49.20949541 ], [ 18.4039209, 49.21005119 ], [ 18.40387309, 49.21009737 ], [ 18.40384086, 49.21012844 ], [ 18.4028925, 49.2110436 ], [ 18.40234445, 49.21145473 ], [ 18.40221408, 49.21158813 ], [ 18.40201199, 49.21195464 ], [ 18.40177219, 49.21355719 ], [ 18.40107626, 49.21364305 ], [ 18.40052689, 49.21360569 ], [ 18.39934607, 49.21341948 ], [ 18.39898858, 49.21338224 ], [ 18.39694992, 49.21309187 ], [ 18.39604465, 49.21314952 ], [ 18.39592568, 49.2133996 ], [ 18.39683964, 49.21409659 ], [ 18.39653404, 49.21481428 ], [ 18.39695201, 49.21503997 ], [ 18.39827378, 49.21495098 ], [ 18.39929676, 49.21504834 ], [ 18.40029162, 49.21521435 ], [ 18.40147806, 49.21532397 ], [ 18.40225481, 49.21537153 ], [ 18.4027971, 49.21557237 ], [ 18.40257132, 49.21593126 ], [ 18.40334528, 49.21653211 ], [ 18.40351117, 49.21703876 ], [ 18.403287, 49.21761441 ], [ 18.4044854, 49.21785974 ], [ 18.40451878, 49.21767081 ], [ 18.40474471, 49.21772758 ], [ 18.40536821, 49.21788416 ], [ 18.40569511, 49.21728719 ], [ 18.40616627, 49.21761828 ], [ 18.4067734, 49.21796445 ], [ 18.40722216, 49.21836812 ], [ 18.4078403, 49.21844434 ], [ 18.4076627, 49.21868894 ], [ 18.40747844, 49.21888895 ], [ 18.40810344, 49.21925062 ], [ 18.40870902, 49.21937316 ], [ 18.4091516, 49.2196182 ], [ 18.4093353, 49.21950514 ], [ 18.41003164, 49.21965903 ], [ 18.41049896, 49.21956666 ], [ 18.41078928, 49.21958239 ], [ 18.41104696, 49.21920855 ], [ 18.41120285, 49.21921443 ], [ 18.41141478, 49.21921185 ], [ 18.41169636, 49.21916474 ], [ 18.41182674, 49.21914286 ], [ 18.41257654, 49.21913472 ], [ 18.41259861, 49.21913449 ], [ 18.41290387, 49.21915717 ], [ 18.41315898, 49.21922934 ], [ 18.41346994, 49.21939013 ], [ 18.41357223, 49.21943466 ], [ 18.41370845, 49.21949396 ], [ 18.41371249, 49.21949572 ], [ 18.41382445, 49.21953365 ], [ 18.41391211, 49.21956338 ], [ 18.41396914, 49.21958277 ], [ 18.41427449, 49.2196327 ], [ 18.41462679, 49.21960879 ], [ 18.41495388, 49.21948079 ], [ 18.41511509, 49.21940114 ], [ 18.41527953, 49.21931996 ], [ 18.41528223, 49.21931722 ], [ 18.41542702, 49.21943095 ], [ 18.4154375, 49.21943947 ], [ 18.41546987, 49.21946742 ], [ 18.41554301, 49.21952442 ], [ 18.4156303, 49.2195979 ], [ 18.41583405, 49.21973212 ], [ 18.41605864, 49.21988002 ], [ 18.41616877, 49.21995259 ], [ 18.41617754, 49.21995624 ], [ 18.41619976, 49.21996558 ], [ 18.41671581, 49.22011717 ], [ 18.41675864, 49.22013018 ], [ 18.41684257, 49.22015564 ], [ 18.4168915, 49.22017052 ], [ 18.41710594, 49.22023547 ], [ 18.41759301, 49.22038312 ], [ 18.41760175, 49.22037412 ], [ 18.41764775, 49.22038387 ], [ 18.41775839, 49.22040738 ], [ 18.41784517, 49.22042578 ], [ 18.4179735, 49.22046497 ], [ 18.41811401, 49.22054562 ], [ 18.41828239, 49.22068826 ], [ 18.41851511, 49.22083409 ], [ 18.41857897, 49.22087108 ], [ 18.41903683, 49.22113595 ], [ 18.41907632, 49.22116213 ], [ 18.41910235, 49.22117945 ], [ 18.41910908, 49.22118388 ], [ 18.41920431, 49.22124696 ], [ 18.41920927, 49.22125021 ], [ 18.41922793, 49.22126261 ], [ 18.41925269, 49.22127904 ], [ 18.41927594, 49.22130081 ], [ 18.41930128, 49.22132449 ], [ 18.41961651, 49.22149624 ], [ 18.41964163, 49.22150989 ], [ 18.41965438, 49.22151682 ], [ 18.41965773, 49.22151863 ], [ 18.41982939, 49.22161209 ], [ 18.41986481, 49.22163136 ], [ 18.41990324, 49.22164963 ], [ 18.41990896, 49.22165229 ], [ 18.41997622, 49.22168433 ], [ 18.4199948, 49.22169311 ], [ 18.42021256, 49.22179669 ], [ 18.42022792, 49.22180258 ], [ 18.42029833, 49.22182938 ], [ 18.42040274, 49.22186923 ], [ 18.42055057, 49.22188964 ], [ 18.42072664, 49.22204867 ], [ 18.42082952, 49.22207689 ], [ 18.4208394, 49.22224158 ], [ 18.42119874, 49.22242189 ], [ 18.42111354, 49.2226641 ], [ 18.42107229, 49.2229783 ], [ 18.42121868, 49.22317541 ], [ 18.42111191, 49.22363635 ], [ 18.42130611, 49.22410969 ], [ 18.42172279, 49.22454455 ], [ 18.42229921, 49.22465242 ], [ 18.42237677, 49.22436016 ], [ 18.42266872, 49.22439237 ], [ 18.42300672, 49.22457483 ], [ 18.42325879, 49.22464627 ], [ 18.42336423, 49.22467607 ], [ 18.4240468, 49.22486944 ], [ 18.42421698, 49.2245607 ], [ 18.4248516, 49.22447025 ], [ 18.42648787, 49.22457436 ], [ 18.42729618, 49.22512963 ], [ 18.42836759, 49.22505837 ], [ 18.42906945, 49.22550472 ], [ 18.42932625, 49.22588899 ], [ 18.42955945, 49.22610249 ], [ 18.43004294, 49.22634454 ], [ 18.43044028, 49.22640066 ], [ 18.43045123, 49.22636029 ], [ 18.43332956, 49.22732986 ], [ 18.43487657, 49.22798589 ], [ 18.43602322, 49.22773822 ], [ 18.43663277, 49.2277038 ], [ 18.43802758, 49.22818956 ], [ 18.43933525, 49.22875795 ], [ 18.44059082, 49.22913903 ], [ 18.44240413, 49.22935241 ], [ 18.44221188, 49.22902171 ] ] ] ] } },
{ "type": "Feature", "properties": { "@featureType": "CadastralZoning", "beginLifespanVersion": { "@nilReason": "http://inspire.ec.europa.eu/codelist/VoidReasonValue/Unpopulated", "@nil": "true" }, "endLifespanVersion": { "@nilReason": "http://inspire.ec.europa.eu/codelist/VoidReasonValue/Unpopulated", "@nil": "true" }, "estimatedAccuracy": { "value": -1, "@uom": "m" }, "inspireId": { "@dataType": "Identifier", "localId": "809144", "namespace": "SK.ESKN.CP", "versionId": "20260703T04:07:40" }, "label": "Čelkova Lehota", "level": { "@href": "http://inspire.ec.europa.eu/codelist/CadastralZoningLevelValue/3rdOrder" }, "levelName": { "value": "Katastrálne územie", "@locale": "sk" }, "name": { "@dataType": "name", "GeographicalName": { "@dataType": "GeographicalName", "language": "SLK", "nativeness": { "@href": "http://inspire.ec.europa.eu/codelist/NativenessValue/endonym", "@title": "endonym" }, "nameStatus": { "@href": "http://inspire.ec.europa.eu/codelist/NameStatusValue/official", "@title": "official" }, "sourceOfName": { "@nilReason": "http://inspire.ec.europa.eu/codelist/VoidReasonValue/Unpopulated", "@nil": "true" }, "pronunciation": { "@dataType": "pronunciation", "@nilReason": "http://inspire.ec.europa.eu/codelist/VoidReasonValue/Unpopulated", "@nil": "true" }, "spelling": { "@dataType": "SpellingOfName", "text": "Čelkova Lehota", "script": "LATN" } } }, "nationalCadastalZoningReference": "809144", "validFrom": "2026-06-30T16:00:00Z", "validTo": { "@nilReason": "http://inspire.ec.europa.eu/codelist/VoidReasonValue/Unpopulated", "@nil": "true" } }, "geometry": { "type": "MultiPolygon", "coordinates": [ [ [ [ 18.52734149, 49.02636446 ], [ 18.52766228, 49.02552005 ], [ 18.5279873, 49.02505161 ], [ 18.52863513, 49.02411803 ], [ 18.52878018, 49.02379547 ], [ 18.52939243, 49.02243459 ], [ 18.529827, 49.02186598 ], [ 18.53006192, 49.02155858 ], [ 18.53028159, 49.02142405 ], [ 18.53121806, 49.02085065 ], [ 18.53183796, 49.02015728 ], [ 18.532383, 49.01971485 ], [ 18.53323485, 49.01894717 ], [ 18.53331032, 49.01880165 ], [ 18.53363074, 49.01818316 ], [ 18.53375315, 49.01811401 ], [ 18.53397715, 49.01798738 ], [ 18.533996, 49.01781633 ], [ 18.53405165, 49.01731476 ], [ 18.53406122, 49.01722748 ], [ 18.53407178, 49.01713241 ], [ 18.53410007, 49.01687623 ], [ 18.53408248, 49.01683711 ], [ 18.53403567, 49.01673342 ], [ 18.53399541, 49.01664425 ], [ 18.53389957, 49.0164316 ], [ 18.53388789, 49.01639677 ], [ 18.53388651, 49.01639245 ], [ 18.53385919, 49.01634775 ], [ 18.53385283, 49.0163372 ], [ 18.5338379, 49.01630427 ], [ 18.53355071, 49.01636268 ], [ 18.53318214, 49.01643769 ], [ 18.53265651, 49.01648848 ], [ 18.53265339, 49.01648272 ], [ 18.5323837, 49.01597847 ], [ 18.53197269, 49.01519125 ], [ 18.53195875, 49.01516459 ], [ 18.53194675, 49.01512902 ], [ 18.53192066, 49.01511281 ], [ 18.53136951, 49.01422792 ], [ 18.53118134, 49.01392589 ], [ 18.53118902, 49.01392152 ], [ 18.53177909, 49.01358765 ], [ 18.53184373, 49.01332939 ], [ 18.53190172, 49.01274692 ], [ 18.53218775, 49.01179225 ], [ 18.53151358, 49.01126053 ], [ 18.53074149, 49.01070365 ], [ 18.53042839, 49.01030965 ], [ 18.52990613, 49.00994381 ], [ 18.52980803, 49.0096981 ], [ 18.53029061, 49.00877323 ], [ 18.53031309, 49.00873078 ], [ 18.53040543, 49.00855569 ], [ 18.53021661, 49.00745883 ], [ 18.53011484, 49.00653742 ], [ 18.53001177, 49.0053345 ], [ 18.52948241, 49.00439294 ], [ 18.5292016, 49.00382283 ], [ 18.52908103, 49.0033541 ], [ 18.5289999, 49.00259515 ], [ 18.52900349, 49.00211412 ], [ 18.52889825, 49.00138012 ], [ 18.52880947, 49.00114881 ], [ 18.52908142, 49.00085272 ], [ 18.5292267, 49.00044914 ], [ 18.5292747, 49.00031586 ], [ 18.53006809, 48.99864783 ], [ 18.53010519, 48.9985532 ], [ 18.53011656, 48.99851502 ], [ 18.53048353, 48.99727888 ], [ 18.53031795, 48.99687926 ], [ 18.52984818, 48.99615966 ], [ 18.52965372, 48.99557169 ], [ 18.5297072, 48.99542417 ], [ 18.5298045, 48.99515577 ], [ 18.52969408, 48.99461721 ], [ 18.53028013, 48.99377151 ], [ 18.53034976, 48.99359572 ], [ 18.52985516, 48.99334534 ], [ 18.52983659, 48.99333594 ], [ 18.52992998, 48.99315558 ], [ 18.53007062, 48.99310349 ], [ 18.53063537, 48.99289414 ], [ 18.53068325, 48.99287644 ], [ 18.53124799, 48.99266717 ], [ 18.53231989, 48.99186779 ], [ 18.5319699, 48.99202132 ], [ 18.53140172, 48.99217833 ], [ 18.53078244, 48.99230432 ], [ 18.53074289, 48.99226112 ], [ 18.53039054, 48.99193382 ], [ 18.52966854, 48.99078119 ], [ 18.52933512, 48.99041793 ], [ 18.52930134, 48.99038118 ], [ 18.52905007, 48.99010747 ], [ 18.5282558, 48.98978368 ], [ 18.5275185, 48.98955664 ], [ 18.52706028, 48.98941552 ], [ 18.52689579, 48.98960085 ], [ 18.52623558, 48.99034478 ], [ 18.52630511, 48.99024091 ], [ 18.52621884, 48.99032736 ], [ 18.52567963, 48.9909112 ], [ 18.52611637, 48.99158941 ], [ 18.52613864, 48.99162392 ], [ 18.52668612, 48.99247419 ], [ 18.52766352, 48.99417545 ], [ 18.52707251, 48.99457737 ], [ 18.52626189, 48.99490111 ], [ 18.52457224, 48.99553945 ], [ 18.52450531, 48.99555918 ], [ 18.52445064, 48.99557524 ], [ 18.52440065, 48.99559003 ], [ 18.52392112, 48.99580931 ], [ 18.52353411, 48.99617087 ], [ 18.52307648, 48.99646794 ], [ 18.52254179, 48.99666996 ], [ 18.52196742, 48.99690176 ], [ 18.52114256, 48.9975805 ], [ 18.52013215, 48.99832024 ], [ 18.51985698, 48.99892419 ], [ 18.51984747, 48.99916903 ], [ 18.52003754, 48.99949429 ], [ 18.52001177, 48.99991871 ], [ 18.52020867, 49.00036102 ], [ 18.51997814, 49.00128522 ], [ 18.51979054, 49.00176192 ], [ 18.51938006, 49.00240779 ], [ 18.51915966, 49.0028486 ], [ 18.51840893, 49.00318647 ], [ 18.517977, 49.00351832 ], [ 18.51765242, 49.00382325 ], [ 18.51764713, 49.0038282 ], [ 18.5176265, 49.00385486 ], [ 18.5174136, 49.00412897 ], [ 18.5170276, 49.00470081 ], [ 18.51701448, 49.00474954 ], [ 18.51683237, 49.00542877 ], [ 18.51678751, 49.00564262 ], [ 18.51677626, 49.00569606 ], [ 18.51658268, 49.00608906 ], [ 18.51616347, 49.00669248 ], [ 18.51618571, 49.00698136 ], [ 18.51619744, 49.00716726 ], [ 18.51610854, 49.00745099 ], [ 18.51554894, 49.00804063 ], [ 18.51543822, 49.00835928 ], [ 18.51536501, 49.00846691 ], [ 18.51514202, 49.00879587 ], [ 18.51505733, 49.00906124 ], [ 18.5147593, 49.00926267 ], [ 18.51401587, 49.00956762 ], [ 18.513803, 49.00973858 ], [ 18.51332912, 49.01011207 ], [ 18.51291542, 49.01024936 ], [ 18.51282867, 49.01027811 ], [ 18.51276067, 49.01030067 ], [ 18.5126814, 49.01031476 ], [ 18.51252298, 49.01034295 ], [ 18.51198478, 49.01205565 ], [ 18.51186894, 49.01303481 ], [ 18.51163148, 49.01335954 ], [ 18.51162435, 49.01336935 ], [ 18.51168982, 49.01366005 ], [ 18.5116395, 49.01402385 ], [ 18.51145335, 49.01434857 ], [ 18.51164948, 49.01472056 ], [ 18.51177506, 49.01493043 ], [ 18.51179535, 49.01496429 ], [ 18.51182627, 49.01511541 ], [ 18.51192007, 49.01527049 ], [ 18.51194664, 49.01531443 ], [ 18.51218718, 49.01571185 ], [ 18.51221387, 49.01573848 ], [ 18.51221589, 49.01574093 ], [ 18.51224173, 49.01577329 ], [ 18.51225, 49.01578385 ], [ 18.51226287, 49.01580043 ], [ 18.51226287, 49.01580151 ], [ 18.51226388, 49.01599729 ], [ 18.51226572, 49.01638053 ], [ 18.51203794, 49.01712629 ], [ 18.51203073, 49.01714981 ], [ 18.51175109, 49.01780405 ], [ 18.51164606, 49.01818066 ], [ 18.51155768, 49.01855682 ], [ 18.51140493, 49.01893859 ], [ 18.51132556, 49.01913423 ], [ 18.51129981, 49.01917967 ], [ 18.51120593, 49.01934564 ], [ 18.51108971, 49.01955822 ], [ 18.51108666, 49.01956392 ], [ 18.5110152, 49.01969448 ], [ 18.5110236, 49.01969864 ], [ 18.51247402, 49.02041956 ], [ 18.51299218, 49.02067724 ], [ 18.5135342, 49.02107788 ], [ 18.5140987, 49.02132716 ], [ 18.51441734, 49.02147616 ], [ 18.51505539, 49.02177455 ], [ 18.51639381, 49.0224978 ], [ 18.5170863, 49.02331691 ], [ 18.51806932, 49.02389032 ], [ 18.51887861, 49.0241324 ], [ 18.5188712, 49.0241542 ], [ 18.51907688, 49.02417711 ], [ 18.51977485, 49.02415876 ], [ 18.52060763, 49.02419222 ], [ 18.52128206, 49.02415372 ], [ 18.52212809, 49.02425864 ], [ 18.52337763, 49.02484206 ], [ 18.52497522, 49.02573088 ], [ 18.5252403, 49.02582712 ], [ 18.52593419, 49.02600739 ], [ 18.52649564, 49.02618136 ], [ 18.52707131, 49.02635141 ], [ 18.52732794, 49.02640026 ], [ 18.52734149, 49.02636446 ] ] ] ] } },
{ "type": "Feature", "properties": { "@featureType": "CadastralZoning", "beginLifespanVersion": { "@nilReason": "http://inspire.ec.europa.eu/codelist/VoidReasonValue/Unpopulated", "@nil": "true" }, "endLifespanVersion": { "@nilReason": "http://inspire.ec.europa.eu/codelist/VoidReasonValue/Unpopulated", "@nil": "true" }, "estimatedAccuracy": { "value": -1, "@uom": "m" }, "inspireId": { "@dataType": "Identifier", "localId": "811611", "namespace": "SK.ESKN.CP", "versionId": "20260703T04:07:40" }, "label": "Dolná Mariková", "level": { "@href": "http://inspire.ec.europa.eu/codelist/CadastralZoningLevelValue/3rdOrder" }, "levelName": { "value": "Katastrálne územie", "@locale": "sk" }, "name": { "@dataType": "name", "GeographicalName": { "@dataType": "GeographicalName", "language": "SLK", "nativeness": { "@href": "http://inspire.ec.europa.eu/codelist/NativenessValue/endonym", "@title": "endonym" }, "nameStatus": { "@href": "http://inspire.ec.europa.eu/codelist/NameStatusValue/official", "@title": "official" }, "sourceOfName": { "@nilReason": "http://inspire.ec.europa.eu/codelist/VoidReasonValue/Unpopulated", "@nil": "true" }, "pronunciation": { "@dataType": "pronunciation", "@nilReason": "http://inspire.ec.europa.eu/codelist/VoidReasonValue/Unpopulated", "@nil": "true" }, "spelling": { "@dataType": "SpellingOfName", "text": "Dolná Mariková", "script": "LATN" } } }, "nationalCadastalZoningReference": "811611", "validFrom": "2026-06-30T16:00:00Z", "validTo": { "@nilReason": "http://inspire.ec.europa.eu/codelist/VoidReasonValue/Unpopulated", "@nil": "true" } }, "geometry": { "type": "MultiPolygon", "coordinates": [ [ [ [ 18.35377722, 49.25263691 ], [ 18.3554144, 49.25235046 ], [ 18.35683507, 49.2504889 ], [ 18.35860044, 49.24884618 ], [ 18.36048082, 49.24736939 ], [ 18.3615151, 49.24662948 ], [ 18.36171713, 49.24646913 ], [ 18.36402901, 49.2461768 ], [ 18.36933502, 49.24479361 ], [ 18.36970682, 49.24441804 ], [ 18.36985716, 49.24337159 ], [ 18.36994916, 49.24284768 ], [ 18.3700568, 49.24265267 ], [ 18.3704852, 49.2419106 ], [ 18.37066527, 49.24159877 ], [ 18.37101876, 49.24119611 ], [ 18.37176522, 49.24089248 ], [ 18.37267747, 49.2404438 ], [ 18.37366379, 49.24022285 ], [ 18.37414245, 49.2401557 ], [ 18.37510224, 49.23993407 ], [ 18.37577069, 49.23986163 ], [ 18.37738313, 49.23985302 ], [ 18.37783458, 49.23981403 ], [ 18.37777974, 49.23944677 ], [ 18.37769853, 49.23913003 ], [ 18.37756072, 49.2375461 ], [ 18.37733699, 49.23675887 ], [ 18.3772865, 49.23631207 ], [ 18.37742502, 49.23566836 ], [ 18.3771785, 49.23490938 ], [ 18.37669367, 49.23450711 ], [ 18.3766713, 49.23437944 ], [ 18.3766945, 49.2340322 ], [ 18.37690203, 49.2337559 ], [ 18.37881379, 49.23197269 ], [ 18.3795369, 49.23132317 ], [ 18.379563, 49.2312267 ], [ 18.37957337, 49.23108658 ], [ 18.37932192, 49.2306838 ], [ 18.37940038, 49.22981864 ], [ 18.37948712, 49.22968789 ], [ 18.37978055, 49.22941094 ], [ 18.37988818, 49.22931474 ], [ 18.37996478, 49.22913876 ], [ 18.38029888, 49.22844938 ], [ 18.38081161, 49.22775103 ], [ 18.38129373, 49.22739879 ], [ 18.38173282, 49.22714821 ], [ 18.38243995, 49.22668577 ], [ 18.38313889, 49.22566291 ], [ 18.38434969, 49.22405436 ], [ 18.38452649, 49.2238138 ], [ 18.38421903, 49.22331751 ], [ 18.38426656, 49.22308252 ], [ 18.38414827, 49.22282564 ], [ 18.38437029, 49.22270012 ], [ 18.38477773, 49.22173937 ], [ 18.38589009, 49.22118284 ], [ 18.3865459, 49.22114854 ], [ 18.38528167, 49.2203794 ], [ 18.38399444, 49.2210303 ], [ 18.38289343, 49.22028414 ], [ 18.38216107, 49.2194935 ], [ 18.38229079, 49.21908168 ], [ 18.38229496, 49.21906007 ], [ 18.3824005, 49.2187876 ], [ 18.38243458, 49.21862912 ], [ 18.38244423, 49.21854473 ], [ 18.38385859, 49.2178702 ], [ 18.38497109, 49.21884323 ], [ 18.38499345, 49.21899671 ], [ 18.38531349, 49.21867609 ], [ 18.38474376, 49.2173955 ], [ 18.38456102, 49.2169922 ], [ 18.38431523, 49.21632243 ], [ 18.38353624, 49.21587024 ], [ 18.3822945, 49.2151374 ], [ 18.38197616, 49.21495039 ], [ 18.38171044, 49.21503675 ], [ 18.38083172, 49.21376898 ], [ 18.38020208, 49.21280036 ], [ 18.38082436, 49.21255533 ], [ 18.38111937, 49.21126249 ], [ 18.38128615, 49.21030269 ], [ 18.38129971, 49.21021572 ], [ 18.38172656, 49.21024044 ], [ 18.38227581, 49.21027942 ], [ 18.3826257, 49.20976978 ], [ 18.38330098, 49.20877685 ], [ 18.38367474, 49.20677751 ], [ 18.38344191, 49.20638163 ], [ 18.38398903, 49.20630543 ], [ 18.3839905, 49.20627158 ], [ 18.38387451, 49.20547796 ], [ 18.38342497, 49.20521076 ], [ 18.38285549, 49.20436668 ], [ 18.38265253, 49.20377345 ], [ 18.38250572, 49.20339316 ], [ 18.38184216, 49.20306429 ], [ 18.3795338, 49.20199536 ], [ 18.37956184, 49.20160074 ], [ 18.37959727, 49.20101323 ], [ 18.37837216, 49.20020814 ], [ 18.37730886, 49.20020489 ], [ 18.37710653, 49.20028293 ], [ 18.37695784, 49.20033064 ], [ 18.37681187, 49.20038392 ], [ 18.37616655, 49.2005993 ], [ 18.37612489, 49.20061694 ], [ 18.37570124, 49.20024159 ], [ 18.37507896, 49.19991885 ], [ 18.37374377, 49.1991853 ], [ 18.37357925, 49.19911138 ], [ 18.37310146, 49.19884095 ], [ 18.37253783, 49.19818166 ], [ 18.37154685, 49.19714635 ], [ 18.37111903, 49.19678997 ], [ 18.37085045, 49.1967008 ], [ 18.37062033, 49.19661132 ], [ 18.37055651, 49.19619599 ], [ 18.3705222, 49.19614183 ], [ 18.3704846, 49.19608217 ], [ 18.37045474, 49.19603512 ], [ 18.37041906, 49.195903 ], [ 18.37035687, 49.19567339 ], [ 18.37034083, 49.19561421 ], [ 18.37033095, 49.19557765 ], [ 18.37027772, 49.19551008 ], [ 18.37018439, 49.19539146 ], [ 18.3701276, 49.19531936 ], [ 18.3701082, 49.19529473 ], [ 18.36996125, 49.19523947 ], [ 18.36993592, 49.19524582 ], [ 18.36986391, 49.19523082 ], [ 18.36960398, 49.19511207 ], [ 18.36897023, 49.19468712 ], [ 18.36849502, 49.1943706 ], [ 18.36814953, 49.19421073 ], [ 18.36773945, 49.19390288 ], [ 18.36761714, 49.19381676 ], [ 18.36750957, 49.19373706 ], [ 18.36716647, 49.19347353 ], [ 18.36716138, 49.19344365 ], [ 18.36712345, 49.19337061 ], [ 18.36694391, 49.19316372 ], [ 18.36676146, 49.19282491 ], [ 18.36669151, 49.19273439 ], [ 18.36513585, 49.19235488 ], [ 18.36439101, 49.19222633 ], [ 18.36399285, 49.19221207 ], [ 18.36379049, 49.19221806 ], [ 18.36354502, 49.19228483 ], [ 18.36228663, 49.19219958 ], [ 18.36200873, 49.19205499 ], [ 18.36179929, 49.19193578 ], [ 18.36171445, 49.19185823 ], [ 18.3616819, 49.19176816 ], [ 18.36151351, 49.1916978 ], [ 18.36112914, 49.19143006 ], [ 18.36065869, 49.19132748 ], [ 18.36002146, 49.19165729 ], [ 18.35997135, 49.19167851 ], [ 18.35833718, 49.19141574 ], [ 18.35875675, 49.19094316 ], [ 18.35740178, 49.18991164 ], [ 18.35748584, 49.18978239 ], [ 18.35768619, 49.18969615 ], [ 18.35787867, 49.18966002 ], [ 18.35853035, 49.18966431 ], [ 18.35856893, 49.18957151 ], [ 18.35863433, 49.18947046 ], [ 18.35890152, 49.18893779 ], [ 18.35908822, 49.18875368 ], [ 18.35802327, 49.18901079 ], [ 18.35780912, 49.18869195 ], [ 18.35779005, 49.18866589 ], [ 18.35752924, 49.18863631 ], [ 18.35649035, 49.18856644 ], [ 18.35646021, 49.18858552 ], [ 18.35561044, 49.18879266 ], [ 18.35476957, 49.18898206 ], [ 18.35352651, 49.18913102 ], [ 18.35347476, 49.18913401 ], [ 18.3524937, 49.18927038 ], [ 18.35150582, 49.18998007 ], [ 18.35227098, 49.19088678 ], [ 18.35252403, 49.19081053 ], [ 18.35303561, 49.19057087 ], [ 18.35335492, 49.19046139 ], [ 18.35351401, 49.19042692 ], [ 18.35365173, 49.19041924 ], [ 18.35381498, 49.19044204 ], [ 18.35440147, 49.19069993 ], [ 18.35435322, 49.19070149 ], [ 18.35312708, 49.19154342 ], [ 18.35278762, 49.19168833 ], [ 18.35274285, 49.19170867 ], [ 18.35222581, 49.19193078 ], [ 18.35185822, 49.19195798 ], [ 18.35144692, 49.1917156 ], [ 18.34904974, 49.1921462 ], [ 18.34822095, 49.19212694 ], [ 18.34815339, 49.19212553 ], [ 18.34708089, 49.19217527 ], [ 18.3469213, 49.19221349 ], [ 18.34681857, 49.19222311 ], [ 18.34666678, 49.19222133 ], [ 18.34662685, 49.19222236 ], [ 18.34622539, 49.19220911 ], [ 18.34611317, 49.19220908 ], [ 18.34580162, 49.19224579 ], [ 18.3453754, 49.1922992 ], [ 18.34505648, 49.19234921 ], [ 18.34494559, 49.19235486 ], [ 18.34279506, 49.19260495 ], [ 18.3422617, 49.19266691 ], [ 18.34216837, 49.19267624 ], [ 18.34131482, 49.19276178 ], [ 18.34048011, 49.19284538 ], [ 18.34043458, 49.19284501 ], [ 18.34022853, 49.19286556 ], [ 18.33985868, 49.19299069 ], [ 18.33984243, 49.19299384 ], [ 18.33974471, 49.19302847 ], [ 18.33958914, 49.19313008 ], [ 18.33948345, 49.19326858 ], [ 18.33941331, 49.19342495 ], [ 18.33939965, 49.19364584 ], [ 18.33937065, 49.19388519 ], [ 18.33873179, 49.19462391 ], [ 18.33714465, 49.19498726 ], [ 18.33678788, 49.19525111 ], [ 18.33673409, 49.19533339 ], [ 18.33627231, 49.1956328 ], [ 18.33604806, 49.19565549 ], [ 18.33531951, 49.19593171 ], [ 18.33494131, 49.19569355 ], [ 18.33479021, 49.1955687 ], [ 18.33458869, 49.19550231 ], [ 18.33243127, 49.19482452 ], [ 18.33223405, 49.19485331 ], [ 18.3321974, 49.19485352 ], [ 18.33102483, 49.19502929 ], [ 18.32958392, 49.19508601 ], [ 18.32752656, 49.19518761 ], [ 18.32747904, 49.19518658 ], [ 18.32533604, 49.19529436 ], [ 18.32524741, 49.1952886 ], [ 18.32480278, 49.19531167 ], [ 18.32473803, 49.195315 ], [ 18.32455887, 49.19602528 ], [ 18.32452127, 49.19615233 ], [ 18.32400966, 49.19698329 ], [ 18.32396569, 49.19711593 ], [ 18.32393299, 49.19722331 ], [ 18.32413989, 49.19782087 ], [ 18.32420388, 49.19816632 ], [ 18.32391284, 49.19895834 ], [ 18.32385597, 49.19931607 ], [ 18.32400793, 49.19998141 ], [ 18.32401981, 49.20002242 ], [ 18.32471185, 49.20104934 ], [ 18.32530048, 49.20228067 ], [ 18.3255908, 49.20292124 ], [ 18.3255714, 49.20331816 ], [ 18.32557401, 49.20339015 ], [ 18.32612739, 49.20385517 ], [ 18.32608231, 49.20448233 ], [ 18.32639614, 49.20464589 ], [ 18.32647337, 49.20555153 ], [ 18.32590652, 49.20592464 ], [ 18.32595962, 49.20620576 ], [ 18.32580953, 49.20641713 ], [ 18.32595256, 49.20653532 ], [ 18.32616056, 49.20671941 ], [ 18.32589914, 49.20698611 ], [ 18.32581322, 49.20803408 ], [ 18.32606833, 49.20876565 ], [ 18.32686376, 49.20900646 ], [ 18.32708138, 49.20970659 ], [ 18.32710786, 49.20980058 ], [ 18.32877274, 49.21095489 ], [ 18.32898784, 49.21103062 ], [ 18.32915893, 49.21111959 ], [ 18.32944903, 49.2112393 ], [ 18.32960658, 49.21136885 ], [ 18.3297012, 49.21154173 ], [ 18.32968083, 49.21196423 ], [ 18.32971839, 49.21206208 ], [ 18.32997742, 49.21224919 ], [ 18.33010243, 49.21234515 ], [ 18.33056729, 49.21276838 ], [ 18.33063541, 49.21290557 ], [ 18.33060873, 49.21313837 ], [ 18.33057779, 49.21331064 ], [ 18.33082662, 49.21359113 ], [ 18.33076789, 49.21366772 ], [ 18.33031354, 49.21383739 ], [ 18.32863168, 49.21429457 ], [ 18.32732788, 49.21470244 ], [ 18.32561367, 49.21519062 ], [ 18.32462995, 49.21547808 ], [ 18.32375337, 49.21576475 ], [ 18.32319493, 49.21586161 ], [ 18.32290514, 49.21586635 ], [ 18.32250747, 49.21580975 ], [ 18.32196661, 49.21571337 ], [ 18.32170362, 49.21567845 ], [ 18.32149847, 49.21567746 ], [ 18.32104373, 49.21559581 ], [ 18.32076453, 49.21553616 ], [ 18.32054215, 49.21551832 ], [ 18.31956915, 49.21545562 ], [ 18.31921561, 49.21549605 ], [ 18.31906398, 49.21557394 ], [ 18.31850461, 49.21562497 ], [ 18.31821224, 49.21566214 ], [ 18.31778673, 49.21583094 ], [ 18.3175441, 49.21594111 ], [ 18.31735776, 49.21598502 ], [ 18.31718011, 49.21602996 ], [ 18.31690419, 49.21605297 ], [ 18.31674072, 49.21607578 ], [ 18.31661223, 49.21607861 ], [ 18.31623505, 49.21608468 ], [ 18.31579826, 49.21608308 ], [ 18.315285, 49.21608044 ], [ 18.31500539, 49.21609368 ], [ 18.31495683, 49.21610161 ], [ 18.31463973, 49.21619533 ], [ 18.31437438, 49.21626722 ], [ 18.31382223, 49.21616557 ], [ 18.31371551, 49.21615671 ], [ 18.31354311, 49.21608316 ], [ 18.31343282, 49.21604459 ], [ 18.31327329, 49.21615443 ], [ 18.31310161, 49.21623598 ], [ 18.31305006, 49.21626044 ], [ 18.31294038, 49.21625737 ], [ 18.31199218, 49.21623047 ], [ 18.31175395, 49.21618943 ], [ 18.31148151, 49.21620793 ], [ 18.3112918, 49.21622592 ], [ 18.31121127, 49.21622755 ], [ 18.31038323, 49.21642641 ], [ 18.3101706, 49.2164627 ], [ 18.31004135, 49.21644599 ], [ 18.30965186, 49.21640911 ], [ 18.30931612, 49.2163626 ], [ 18.30909161, 49.21630617 ], [ 18.30879254, 49.21621514 ], [ 18.30835568, 49.21612109 ], [ 18.30725136, 49.21594868 ], [ 18.30690306, 49.21593503 ], [ 18.30677968, 49.21600745 ], [ 18.30665615, 49.21610523 ], [ 18.30668021, 49.2159758 ], [ 18.30650055, 49.21607819 ], [ 18.3061461, 49.21614976 ], [ 18.30585084, 49.21614883 ], [ 18.3054514, 49.21608159 ], [ 18.30513427, 49.21614794 ], [ 18.30490177, 49.21634908 ], [ 18.30470056, 49.21641714 ], [ 18.30429272, 49.21642271 ], [ 18.30403347, 49.21648887 ], [ 18.30375132, 49.21658804 ], [ 18.30359745, 49.21662165 ], [ 18.30324274, 49.21662018 ], [ 18.30306319, 49.21666472 ], [ 18.30284793, 49.21673587 ], [ 18.30269113, 49.21678764 ], [ 18.3024459, 49.21686568 ], [ 18.30230032, 49.21691068 ], [ 18.30225647, 49.21690885 ], [ 18.30191722, 49.21689453 ], [ 18.30174028, 49.21694751 ], [ 18.30164722, 49.21700502 ], [ 18.30154472, 49.21706823 ], [ 18.30150399, 49.21710692 ], [ 18.30119962, 49.21711025 ], [ 18.30109953, 49.2170939 ], [ 18.30089179, 49.21705996 ], [ 18.30076108, 49.21703855 ], [ 18.30064596, 49.21709085 ], [ 18.30036453, 49.21705152 ], [ 18.30016913, 49.21693893 ], [ 18.30008714, 49.21689165 ], [ 18.29994201, 49.21688784 ], [ 18.29984507, 49.21688529 ], [ 18.29983985, 49.21688518 ], [ 18.29946408, 49.21680553 ], [ 18.29937632, 49.21676334 ], [ 18.29931026, 49.21677543 ], [ 18.29913101, 49.2167892 ], [ 18.29897484, 49.2166706 ], [ 18.29888207, 49.21666044 ], [ 18.2987275, 49.21664347 ], [ 18.29863297, 49.21663311 ], [ 18.29856301, 49.21662548 ], [ 18.29728686, 49.21620986 ], [ 18.29619918, 49.21590921 ], [ 18.29592706, 49.21581037 ], [ 18.29512435, 49.21551884 ], [ 18.29478029, 49.2154202 ], [ 18.2946726, 49.21539664 ], [ 18.29382443, 49.21495987 ], [ 18.29333938, 49.21469834 ], [ 18.29323202, 49.21463961 ], [ 18.2930758, 49.21452786 ], [ 18.29286569, 49.21445848 ], [ 18.29277585, 49.21442383 ], [ 18.29188687, 49.21404964 ], [ 18.29028124, 49.21319953 ], [ 18.29016503, 49.21313804 ], [ 18.28977297, 49.21293046 ], [ 18.28974784, 49.21294457 ], [ 18.28969001, 49.21298437 ], [ 18.28951773, 49.21310286 ], [ 18.2887645, 49.21358447 ], [ 18.28776017, 49.21422661 ], [ 18.28770987, 49.2142552 ], [ 18.28769691, 49.21426259 ], [ 18.28744347, 49.21486316 ], [ 18.28730902, 49.21518197 ], [ 18.2866983, 49.21578593 ], [ 18.28617715, 49.21624862 ], [ 18.28614469, 49.21627766 ], [ 18.28599064, 49.21642614 ], [ 18.28586484, 49.216542 ], [ 18.28552168, 49.21688472 ], [ 18.28483483, 49.21757095 ], [ 18.28467997, 49.21772561 ], [ 18.28449927, 49.21788919 ], [ 18.28412939, 49.21817391 ], [ 18.28410333, 49.21819402 ], [ 18.28384346, 49.21839403 ], [ 18.28377601, 49.21844087 ], [ 18.2830832, 49.21892188 ], [ 18.28345512, 49.21903936 ], [ 18.28423835, 49.21916715 ], [ 18.2846576, 49.2191547 ], [ 18.28520999, 49.21901138 ], [ 18.28529664, 49.21897365 ], [ 18.28559392, 49.21884459 ], [ 18.28614567, 49.2186052 ], [ 18.28680181, 49.21843656 ], [ 18.28719899, 49.21848423 ], [ 18.28813648, 49.21870189 ], [ 18.28884782, 49.21894411 ], [ 18.28942426, 49.21915916 ], [ 18.28946959, 49.21917605 ], [ 18.28954862, 49.21922598 ], [ 18.28958928, 49.21925218 ], [ 18.28976293, 49.21934975 ], [ 18.29010921, 49.2195127 ], [ 18.29024848, 49.21958027 ], [ 18.29029189, 49.2196013 ], [ 18.29027792, 49.21964275 ], [ 18.29020184, 49.21988199 ], [ 18.28917041, 49.22041983 ], [ 18.28877459, 49.22072693 ], [ 18.28819085, 49.22102961 ], [ 18.28798302, 49.22116686 ], [ 18.28775528, 49.22120136 ], [ 18.28765547, 49.22130911 ], [ 18.28757097, 49.22144308 ], [ 18.28704387, 49.22155409 ], [ 18.28693893, 49.22167148 ], [ 18.2865567, 49.22207248 ], [ 18.28620701, 49.22245221 ], [ 18.28579031, 49.22271436 ], [ 18.28558645, 49.22311573 ], [ 18.28519841, 49.22365666 ], [ 18.28486829, 49.22411934 ], [ 18.28465817, 49.22455474 ], [ 18.28448983, 49.22513609 ], [ 18.28445596, 49.22562192 ], [ 18.28414159, 49.22606202 ], [ 18.28384533, 49.22657841 ], [ 18.28380236, 49.22665081 ], [ 18.28376018, 49.22671298 ], [ 18.28337505, 49.22712085 ], [ 18.28294277, 49.22777391 ], [ 18.28267664, 49.22831997 ], [ 18.28266358, 49.22837547 ], [ 18.28247655, 49.22881631 ], [ 18.28196853, 49.22931412 ], [ 18.28172473, 49.22962759 ], [ 18.28149035, 49.2298145 ], [ 18.28107819, 49.23034522 ], [ 18.28099187, 49.23065157 ], [ 18.28085679, 49.23071374 ], [ 18.28084186, 49.23069413 ], [ 18.28069685, 49.23087515 ], [ 18.28061801, 49.23093624 ], [ 18.2802431, 49.23122681 ], [ 18.27995025, 49.2316136 ], [ 18.27963731, 49.23215359 ], [ 18.27957768, 49.23213327 ], [ 18.2794154, 49.23207803 ], [ 18.27900793, 49.23216378 ], [ 18.27821574, 49.23193158 ], [ 18.27744828, 49.23164842 ], [ 18.27618146, 49.23116406 ], [ 18.27563079, 49.23095355 ], [ 18.27489748, 49.23134217 ], [ 18.27455371, 49.23152428 ], [ 18.27394856, 49.23184348 ], [ 18.27299118, 49.2324008 ], [ 18.27219649, 49.23294164 ], [ 18.27142698, 49.23335672 ], [ 18.27546267, 49.2331344 ], [ 18.27733849, 49.23294481 ], [ 18.27828566, 49.23271107 ], [ 18.27937717, 49.23269448 ], [ 18.28000444, 49.23270882 ], [ 18.28162943, 49.23266714 ], [ 18.28234837, 49.23280964 ], [ 18.28314055, 49.23296012 ], [ 18.28431501, 49.23257124 ], [ 18.28460964, 49.23247363 ], [ 18.28522676, 49.23242021 ], [ 18.28626085, 49.23231053 ], [ 18.28737058, 49.23233775 ], [ 18.28873317, 49.23240742 ], [ 18.29082001, 49.23294661 ], [ 18.29207379, 49.23317484 ], [ 18.29279986, 49.2332294 ], [ 18.29304367, 49.23323776 ], [ 18.29464819, 49.23329349 ], [ 18.29503836, 49.23330608 ], [ 18.29599554, 49.2319021 ], [ 18.29681697, 49.23096478 ], [ 18.29743584, 49.23009227 ], [ 18.2981423, 49.22980102 ], [ 18.29852434, 49.22954563 ], [ 18.29895231, 49.22963155 ], [ 18.29969109, 49.22955465 ], [ 18.30011915, 49.2294142 ], [ 18.3004136, 49.22931753 ], [ 18.3009722, 49.22924848 ], [ 18.30112949, 49.22921218 ], [ 18.30134328, 49.22909582 ], [ 18.30184921, 49.22877905 ], [ 18.30199452, 49.22872898 ], [ 18.3021077, 49.2286559 ], [ 18.30262756, 49.22838224 ], [ 18.30316141, 49.22813111 ], [ 18.30365481, 49.22795028 ], [ 18.30411922, 49.22784678 ], [ 18.30427146, 49.22780053 ], [ 18.30510058, 49.22767108 ], [ 18.30569066, 49.22762246 ], [ 18.30608959, 49.22758659 ], [ 18.30755929, 49.22746908 ], [ 18.30998361, 49.22668244 ], [ 18.31023215, 49.22659934 ], [ 18.31258823, 49.22467536 ], [ 18.3148336, 49.22399541 ], [ 18.31651083, 49.22369067 ], [ 18.31703961, 49.22340878 ], [ 18.31744807, 49.22318948 ], [ 18.31899796, 49.22233879 ], [ 18.32105938, 49.22132517 ], [ 18.3238999, 49.21988672 ], [ 18.32497384, 49.21971974 ], [ 18.32596636, 49.21943836 ], [ 18.327967, 49.21844289 ], [ 18.3286763, 49.21852626 ], [ 18.32966477, 49.21865589 ], [ 18.33133258, 49.21892568 ], [ 18.33237843, 49.21906337 ], [ 18.33323239, 49.21920306 ], [ 18.33342035, 49.21924839 ], [ 18.33383051, 49.21937027 ], [ 18.33411845, 49.21945194 ], [ 18.33413609, 49.21946249 ], [ 18.33420077, 49.21950121 ], [ 18.33421842, 49.21951176 ], [ 18.3341001, 49.21963133 ], [ 18.33386446, 49.21985527 ], [ 18.33349262, 49.22019435 ], [ 18.33345322, 49.22023141 ], [ 18.33352495, 49.22027106 ], [ 18.33352699, 49.22027235 ], [ 18.33355579, 49.22029029 ], [ 18.3335605, 49.22029326 ], [ 18.33357796, 49.22030416 ], [ 18.33371026, 49.2203813 ], [ 18.33369837, 49.22039752 ], [ 18.33395018, 49.22046788 ], [ 18.33402545, 49.22049193 ], [ 18.33404475, 49.22049608 ], [ 18.33425688, 49.22054202 ], [ 18.33410226, 49.22073736 ], [ 18.33405205, 49.22104628 ], [ 18.3339453, 49.22130891 ], [ 18.3336203, 49.22210591 ], [ 18.34139497, 49.22287928 ], [ 18.34284966, 49.22377444 ], [ 18.34300867, 49.2240525 ], [ 18.34322511, 49.22434992 ], [ 18.34343995, 49.22462785 ], [ 18.34350107, 49.2248279 ], [ 18.34358254, 49.22492955 ], [ 18.34376912, 49.22527025 ], [ 18.34382584, 49.22544794 ], [ 18.34382527, 49.2255128 ], [ 18.34385023, 49.22559126 ], [ 18.34399983, 49.22597593 ], [ 18.34401402, 49.22602157 ], [ 18.34406674, 49.22615365 ], [ 18.34517408, 49.22725027 ], [ 18.34827685, 49.22842291 ], [ 18.34980025, 49.22923975 ], [ 18.35135491, 49.2310532 ], [ 18.35053199, 49.23323148 ], [ 18.35135393, 49.23463433 ], [ 18.35147858, 49.23581267 ], [ 18.35228784, 49.23671745 ], [ 18.35272595, 49.23708014 ], [ 18.35277955, 49.23713447 ], [ 18.35390081, 49.23808979 ], [ 18.35391829, 49.23809636 ], [ 18.35411557, 49.2385702 ], [ 18.35419895, 49.23877654 ], [ 18.35431206, 49.23909165 ], [ 18.35439712, 49.23940944 ], [ 18.35435156, 49.23968333 ], [ 18.35426888, 49.23985869 ], [ 18.35417575, 49.23997427 ], [ 18.35387947, 49.24019614 ], [ 18.3536437, 49.24045937 ], [ 18.35336869, 49.24077123 ], [ 18.35314178, 49.24105751 ], [ 18.35295684, 49.24129857 ], [ 18.35282828, 49.24146632 ], [ 18.35253895, 49.24187575 ], [ 18.35126315, 49.2437316 ], [ 18.35544388, 49.24408544 ], [ 18.35581018, 49.24411797 ], [ 18.35687183, 49.24420628 ], [ 18.35687531, 49.24425494 ], [ 18.35662133, 49.24476723 ], [ 18.35628216, 49.245322 ], [ 18.35619091, 49.24544111 ], [ 18.35598144, 49.24571411 ], [ 18.35574373, 49.24587842 ], [ 18.35570752, 49.24600356 ], [ 18.35563952, 49.24608263 ], [ 18.35564186, 49.24616452 ], [ 18.35516471, 49.24673617 ], [ 18.35358657, 49.24796788 ], [ 18.35277697, 49.24871525 ], [ 18.35185297, 49.24949416 ], [ 18.3513443, 49.249983 ], [ 18.35052723, 49.25070873 ], [ 18.35051993, 49.25075336 ], [ 18.35048514, 49.25100556 ], [ 18.34984478, 49.25254115 ], [ 18.35073165, 49.25259651 ], [ 18.35213151, 49.25269661 ], [ 18.35377722, 49.25263691 ] ] ] ] } },
{ "type": "Feature", "properties": { "@featureType": "CadastralZoning", "beginLifespanVersion": { "@nilReason": "http://inspire.ec.europa.eu/codelist/VoidReasonValue/Unpopulated", "@nil": "true" }, "endLifespanVersion": { "@nilReason": "http://inspire.ec.europa.eu/codelist/VoidReasonValue/Unpopulated", "@nil": "true" }, "estimatedAccuracy": { "value": -1, "@uom": "m" }, "inspireId": { "@dataType": "Identifier", "localId": "812471", "namespace": "SK.ESKN.CP", "versionId": "20260703T04:07:40" }, "label": "Dolný Lieskov", "level": { "@href": "http://inspire.ec.europa.eu/codelist/CadastralZoningLevelValue/3rdOrder" }, "levelName": { "value": "Katastrálne územie", "@locale": "sk" }, "name": { "@dataType": "name", "GeographicalName": { "@dataType": "GeographicalName", "language": "SLK", "nativeness": { "@href": "http://inspire.ec.europa.eu/codelist/NativenessValue/endonym", "@title": "endonym" }, "nameStatus": { "@href": "http://inspire.ec.europa.eu/codelist/NameStatusValue/official", "@title": "official" }, "sourceOfName": { "@nilReason": "http://inspire.ec.europa.eu/codelist/VoidReasonValue/Unpopulated", "@nil": "true" }, "pronunciation": { "@dataType": "pronunciation", "@nilReason": "http://inspire.ec.europa.eu/codelist/VoidReasonValue/Unpopulated", "@nil": "true" }, "spelling": { "@dataType": "SpellingOfName", "text": "Dolný Lieskov", "script": "LATN" } } }, "nationalCadastalZoningReference": "812471", "validFrom": "2026-06-30T16:00:00Z", "validTo": { "@nilReason": "http://inspire.ec.europa.eu/codelist/VoidReasonValue/Unpopulated", "@nil": "true" } }, "geometry": { "type": "MultiPolygon", "coordinates": [ [ [ [ 18.4087371, 49.0643792 ], [ 18.40897066, 49.06437858 ], [ 18.40909899, 49.06436311 ], [ 18.40978146, 49.06418155 ], [ 18.40995077, 49.06411421 ], [ 18.41010194, 49.06392042 ], [ 18.41027081, 49.0636527 ], [ 18.41032883, 49.06351062 ], [ 18.41037783, 49.06340684 ], [ 18.41041385, 49.06341515 ], [ 18.41053275, 49.06348399 ], [ 18.41064342, 49.06350996 ], [ 18.41080569, 49.06352976 ], [ 18.41108179, 49.06358293 ], [ 18.41130163, 49.06364652 ], [ 18.41147344, 49.06366685 ], [ 18.41166733, 49.06366493 ], [ 18.41185157, 49.06365255 ], [ 18.41202663, 49.06362613 ], [ 18.4121735, 49.06359454 ], [ 18.41243203, 49.06351678 ], [ 18.41280131, 49.06340002 ], [ 18.41305817, 49.06338895 ], [ 18.41324982, 49.06335081 ], [ 18.41339743, 49.06327053 ], [ 18.41353802, 49.06317 ], [ 18.4139391, 49.06296565 ], [ 18.41412165, 49.06283767 ], [ 18.4143189, 49.06268071 ], [ 18.41448619, 49.06257534 ], [ 18.4149117, 49.06266293 ], [ 18.41556053, 49.06275473 ], [ 18.41586979, 49.06283859 ], [ 18.41605947, 49.06283734 ], [ 18.41614859, 49.06281699 ], [ 18.41620376, 49.06277221 ], [ 18.41636905, 49.06273622 ], [ 18.41652516, 49.06266452 ], [ 18.41664889, 49.06269572 ], [ 18.41679209, 49.0626928 ], [ 18.41732635, 49.06279992 ], [ 18.41765997, 49.06284361 ], [ 18.41782504, 49.06290597 ], [ 18.41802809, 49.06293975 ], [ 18.41822787, 49.06295619 ], [ 18.41844586, 49.06294838 ], [ 18.41866412, 49.06289545 ], [ 18.4188367, 49.06283459 ], [ 18.41935541, 49.06270892 ], [ 18.41985456, 49.06269325 ], [ 18.4201111, 49.0626631 ], [ 18.42025201, 49.0626781 ], [ 18.42039796, 49.06265367 ], [ 18.4205317, 49.06256359 ], [ 18.42050282, 49.06234902 ], [ 18.42049258, 49.06232174 ], [ 18.42029066, 49.0618924 ], [ 18.42013406, 49.06177456 ], [ 18.41971958, 49.06156849 ], [ 18.41959214, 49.0614879 ], [ 18.41939448, 49.06141517 ], [ 18.41942985, 49.06139637 ], [ 18.41976396, 49.06128577 ], [ 18.42042623, 49.06112199 ], [ 18.42076554, 49.06103514 ], [ 18.42142033, 49.06084386 ], [ 18.42184472, 49.06068229 ], [ 18.42200035, 49.060625 ], [ 18.42175505, 49.06034163 ], [ 18.42157266, 49.06010325 ], [ 18.42136475, 49.05971005 ], [ 18.42117546, 49.05945053 ], [ 18.4211055, 49.05928874 ], [ 18.42196029, 49.05896141 ], [ 18.42198928, 49.05894947 ], [ 18.42250831, 49.05878861 ], [ 18.42258329, 49.05893262 ], [ 18.42262741, 49.0591354 ], [ 18.42268119, 49.05923899 ], [ 18.4228311, 49.05952837 ], [ 18.42287639, 49.05961569 ], [ 18.42303708, 49.05972293 ], [ 18.42318059, 49.0597498 ], [ 18.42335099, 49.05981335 ], [ 18.42344788, 49.05974289 ], [ 18.42331999, 49.05943261 ], [ 18.42352166, 49.05935891 ], [ 18.42389097, 49.05931657 ], [ 18.42404343, 49.05925189 ], [ 18.42412288, 49.0592319 ], [ 18.42416545, 49.05922117 ], [ 18.42419626, 49.05920572 ], [ 18.42410171, 49.05896876 ], [ 18.42409869, 49.05896119 ], [ 18.4241204, 49.05895788 ], [ 18.42444202, 49.0588954 ], [ 18.42448906, 49.05888626 ], [ 18.42458335, 49.05886403 ], [ 18.42472236, 49.05885942 ], [ 18.42503304, 49.05888586 ], [ 18.42551039, 49.05892654 ], [ 18.42567573, 49.05896517 ], [ 18.42589447, 49.05898355 ], [ 18.42604255, 49.05897457 ], [ 18.42613144, 49.05894518 ], [ 18.42620955, 49.05890347 ], [ 18.42632061, 49.05887259 ], [ 18.42656263, 49.05877314 ], [ 18.42676212, 49.05871646 ], [ 18.42722781, 49.05859685 ], [ 18.42754544, 49.05845373 ], [ 18.42774874, 49.05832416 ], [ 18.42816689, 49.05810356 ], [ 18.42870319, 49.0577857 ], [ 18.428764, 49.05776107 ], [ 18.4289701, 49.05767407 ], [ 18.42944082, 49.05752675 ], [ 18.42949747, 49.05750894 ], [ 18.42951025, 49.05749809 ], [ 18.42973151, 49.05740525 ], [ 18.42997018, 49.05730506 ], [ 18.43007586, 49.0571656 ], [ 18.43015828, 49.05713314 ], [ 18.43031455, 49.05710295 ], [ 18.4304114, 49.05706497 ], [ 18.43056968, 49.05694374 ], [ 18.43068507, 49.05687881 ], [ 18.43076408, 49.05684075 ], [ 18.43071208, 49.05678555 ], [ 18.43093388, 49.05666151 ], [ 18.43131457, 49.05635761 ], [ 18.43147707, 49.05621406 ], [ 18.43151789, 49.05617389 ], [ 18.43161142, 49.05602203 ], [ 18.4318018, 49.05568147 ], [ 18.43140163, 49.05548164 ], [ 18.43083743, 49.05522223 ], [ 18.43010686, 49.05485709 ], [ 18.42989943, 49.05478249 ], [ 18.42994588, 49.05472729 ], [ 18.43016001, 49.05447288 ], [ 18.43026935, 49.05430474 ], [ 18.43047049, 49.05414888 ], [ 18.43062256, 49.0540977 ], [ 18.43087225, 49.05404558 ], [ 18.43101802, 49.05405452 ], [ 18.43113052, 49.05405531 ], [ 18.43138868, 49.0540551 ], [ 18.4321975, 49.05389302 ], [ 18.43249105, 49.05412126 ], [ 18.43264688, 49.05421287 ], [ 18.43293198, 49.05435672 ], [ 18.43313576, 49.05444917 ], [ 18.43443847, 49.05496854 ], [ 18.43471426, 49.05511007 ], [ 18.43489233, 49.05525344 ], [ 18.43522022, 49.0556433 ], [ 18.43527466, 49.05577625 ], [ 18.43537885, 49.05594984 ], [ 18.43554656, 49.05613143 ], [ 18.43562533, 49.05610599 ], [ 18.43579514, 49.05604496 ], [ 18.43685604, 49.05567202 ], [ 18.43815068, 49.05512424 ], [ 18.43839926, 49.0550161 ], [ 18.43921416, 49.05465424 ], [ 18.43964511, 49.05446291 ], [ 18.43933443, 49.0541426 ], [ 18.43874487, 49.05370496 ], [ 18.43859221, 49.05379311 ], [ 18.43817053, 49.05363273 ], [ 18.43798031, 49.05346614 ], [ 18.43811673, 49.05337619 ], [ 18.43754864, 49.05297492 ], [ 18.43715668, 49.05255988 ], [ 18.43766189, 49.05234495 ], [ 18.43450379, 49.04984746 ], [ 18.43380813, 49.04929727 ], [ 18.43229647, 49.04821174 ], [ 18.43136186, 49.04772273 ], [ 18.43046769, 49.04710518 ], [ 18.42914865, 49.04644236 ], [ 18.42807831, 49.0456641 ], [ 18.42806334, 49.04560823 ], [ 18.42803468, 49.04552191 ], [ 18.42802293, 49.04547632 ], [ 18.42799922, 49.04542222 ], [ 18.42795723, 49.04531558 ], [ 18.42794586, 49.04527452 ], [ 18.4279257, 49.04524968 ], [ 18.42779712, 49.04541811 ], [ 18.42776498, 49.04546011 ], [ 18.42761088, 49.04548112 ], [ 18.4273749, 49.04551331 ], [ 18.42721981, 49.04553445 ], [ 18.42728615, 49.0456676 ], [ 18.42736131, 49.04581867 ], [ 18.42713855, 49.04619894 ], [ 18.42693536, 49.0462786 ], [ 18.4268696, 49.0463044 ], [ 18.4266227, 49.04617581 ], [ 18.42636127, 49.04622663 ], [ 18.42620485, 49.04635716 ], [ 18.42663229, 49.04663405 ], [ 18.42592663, 49.04687488 ], [ 18.42559496, 49.04686082 ], [ 18.42556965, 49.04697836 ], [ 18.42551961, 49.04695413 ], [ 18.42546311, 49.04692682 ], [ 18.42552069, 49.04728754 ], [ 18.42514373, 49.04737756 ], [ 18.4247715, 49.04723384 ], [ 18.42448711, 49.04722041 ], [ 18.42369335, 49.04763811 ], [ 18.42313227, 49.04787968 ], [ 18.42310772, 49.04789023 ], [ 18.42278658, 49.04816652 ], [ 18.42257495, 49.04822189 ], [ 18.42228704, 49.04829715 ], [ 18.42150166, 49.04864581 ], [ 18.42151214, 49.04884844 ], [ 18.42139784, 49.04890169 ], [ 18.42100141, 49.04885815 ], [ 18.42051658, 49.04901855 ], [ 18.42048733, 49.04902821 ], [ 18.42015101, 49.04929211 ], [ 18.42011141, 49.0495815 ], [ 18.41975771, 49.04969661 ], [ 18.41963255, 49.04989491 ], [ 18.4194059, 49.04994945 ], [ 18.41935081, 49.04996265 ], [ 18.41934301, 49.04996456 ], [ 18.4193384, 49.0499727 ], [ 18.41909502, 49.05039866 ], [ 18.41913777, 49.05056905 ], [ 18.41898595, 49.05067618 ], [ 18.41886779, 49.05075954 ], [ 18.41880617, 49.05096018 ], [ 18.41805185, 49.05173649 ], [ 18.41746196, 49.05209755 ], [ 18.41733523, 49.0521233 ], [ 18.41647818, 49.05229724 ], [ 18.41591995, 49.05241061 ], [ 18.4153221, 49.05252566 ], [ 18.41530176, 49.05253329 ], [ 18.415297, 49.05253511 ], [ 18.41522475, 49.05256216 ], [ 18.41490054, 49.05268367 ], [ 18.41434154, 49.05289319 ], [ 18.41367741, 49.05302398 ], [ 18.41342646, 49.05336161 ], [ 18.41337831, 49.05335804 ], [ 18.41308258, 49.05333628 ], [ 18.41305538, 49.05333424 ], [ 18.41261224, 49.05351279 ], [ 18.41239855, 49.0535989 ], [ 18.41220022, 49.05367872 ], [ 18.41206293, 49.05366463 ], [ 18.41153043, 49.05361001 ], [ 18.41129978, 49.05368814 ], [ 18.41111141, 49.05354425 ], [ 18.41048175, 49.0534496 ], [ 18.41027053, 49.05348205 ], [ 18.41024295, 49.05348621 ], [ 18.41018944, 49.05349444 ], [ 18.4101372, 49.05350247 ], [ 18.4100998, 49.05350826 ], [ 18.41007095, 49.05351262 ], [ 18.41003957, 49.05351747 ], [ 18.41000876, 49.05352217 ], [ 18.40963233, 49.05363853 ], [ 18.40957418, 49.05366157 ], [ 18.40954004, 49.05367512 ], [ 18.40944332, 49.05372058 ], [ 18.40933757, 49.05377014 ], [ 18.40926525, 49.05380413 ], [ 18.40916007, 49.05385345 ], [ 18.40915145, 49.05385749 ], [ 18.40909708, 49.05388318 ], [ 18.40903966, 49.05391014 ], [ 18.40894307, 49.0539557 ], [ 18.40886709, 49.05399148 ], [ 18.40883245, 49.05400779 ], [ 18.40879155, 49.054027 ], [ 18.40828672, 49.05408869 ], [ 18.40828379, 49.05408907 ], [ 18.4082485, 49.05409335 ], [ 18.40820187, 49.0541626 ], [ 18.40816932, 49.05421089 ], [ 18.40812015, 49.05430112 ], [ 18.40807439, 49.05438495 ], [ 18.40805426, 49.05447354 ], [ 18.40804456, 49.05451605 ], [ 18.40802888, 49.05458485 ], [ 18.40798913, 49.05461217 ], [ 18.40795901, 49.05463297 ], [ 18.40781563, 49.0547318 ], [ 18.40771998, 49.05487288 ], [ 18.40769507, 49.05490977 ], [ 18.4076586, 49.05492544 ], [ 18.40745911, 49.05501097 ], [ 18.40732481, 49.0547634 ], [ 18.40722977, 49.05474532 ], [ 18.40711703, 49.05472392 ], [ 18.40690455, 49.05468365 ], [ 18.40674128, 49.0546526 ], [ 18.40665039, 49.05463539 ], [ 18.40654971, 49.05461628 ], [ 18.40653217, 49.05462244 ], [ 18.40638892, 49.05467308 ], [ 18.4063446, 49.05449167 ], [ 18.40630411, 49.05449476 ], [ 18.40615158, 49.05450635 ], [ 18.40584638, 49.05452962 ], [ 18.40582974, 49.05453087 ], [ 18.40576925, 49.05455396 ], [ 18.40577236, 49.05465936 ], [ 18.40577488, 49.05474153 ], [ 18.40586255, 49.05488464 ], [ 18.40583744, 49.05493379 ], [ 18.40579718, 49.05501224 ], [ 18.40576126, 49.05508253 ], [ 18.40570814, 49.05518635 ], [ 18.4054502, 49.05514185 ], [ 18.40534637, 49.05532417 ], [ 18.40539417, 49.05557589 ], [ 18.40537269, 49.0555785 ], [ 18.40511563, 49.05560966 ], [ 18.40504728, 49.05561797 ], [ 18.40472054, 49.05551136 ], [ 18.40471149, 49.05551979 ], [ 18.40456753, 49.05565523 ], [ 18.40457606, 49.05575903 ], [ 18.4045803, 49.05581169 ], [ 18.40450514, 49.0558624 ], [ 18.404214, 49.05584232 ], [ 18.40413234, 49.05583663 ], [ 18.40382339, 49.05553011 ], [ 18.40372479, 49.05551409 ], [ 18.40341477, 49.05554594 ], [ 18.40307943, 49.05558035 ], [ 18.40297261, 49.0556552 ], [ 18.40296164, 49.05568085 ], [ 18.40288616, 49.05585834 ], [ 18.40268456, 49.05591414 ], [ 18.40226215, 49.05603109 ], [ 18.40208047, 49.05602689 ], [ 18.40196451, 49.05602417 ], [ 18.40187019, 49.05606046 ], [ 18.40185974, 49.05625662 ], [ 18.40192995, 49.05644695 ], [ 18.40192471, 49.0564546 ], [ 18.40175963, 49.05669255 ], [ 18.40160254, 49.05674613 ], [ 18.40143727, 49.0568024 ], [ 18.40122934, 49.05687328 ], [ 18.40107175, 49.05689542 ], [ 18.40081207, 49.05693185 ], [ 18.40039815, 49.05698997 ], [ 18.40038649, 49.05699419 ], [ 18.40029096, 49.05702915 ], [ 18.40000714, 49.05713292 ], [ 18.39993452, 49.05715949 ], [ 18.39972104, 49.05733682 ], [ 18.39971336, 49.05733892 ], [ 18.39961169, 49.05736605 ], [ 18.39951784, 49.05739117 ], [ 18.3994689, 49.05742158 ], [ 18.39942845, 49.05744677 ], [ 18.39935259, 49.05748688 ], [ 18.3989777, 49.05768496 ], [ 18.39799054, 49.05778089 ], [ 18.39766759, 49.05791876 ], [ 18.39755122, 49.05796844 ], [ 18.39744913, 49.05835526 ], [ 18.39744349, 49.05837679 ], [ 18.39734098, 49.05839015 ], [ 18.39704827, 49.05842817 ], [ 18.39688474, 49.05844943 ], [ 18.39672483, 49.05847026 ], [ 18.39657908, 49.05869646 ], [ 18.39654652, 49.05874682 ], [ 18.39631773, 49.05893845 ], [ 18.39625556, 49.0589906 ], [ 18.39615847, 49.05903341 ], [ 18.39596822, 49.05911726 ], [ 18.39595611, 49.05943425 ], [ 18.39568039, 49.05960515 ], [ 18.39544688, 49.05946117 ], [ 18.39461422, 49.05978457 ], [ 18.39455043, 49.05990711 ], [ 18.39456205, 49.0599749 ], [ 18.39435435, 49.06008666 ], [ 18.39393953, 49.05994183 ], [ 18.39369306, 49.05997581 ], [ 18.39346545, 49.05984786 ], [ 18.39332596, 49.05976946 ], [ 18.39300637, 49.05974191 ], [ 18.39297143, 49.05975621 ], [ 18.3926456, 49.05988958 ], [ 18.39235527, 49.0600084 ], [ 18.3922518, 49.05993931 ], [ 18.39239474, 49.06008278 ], [ 18.39238818, 49.0601446 ], [ 18.39235033, 49.06020405 ], [ 18.39226843, 49.06044723 ], [ 18.39228424, 49.06049738 ], [ 18.39229968, 49.06054616 ], [ 18.39230136, 49.06055122 ], [ 18.39231413, 49.0605919 ], [ 18.39239807, 49.06085692 ], [ 18.39292928, 49.06178522 ], [ 18.39352515, 49.06224106 ], [ 18.3944206, 49.06268273 ], [ 18.39493058, 49.06284177 ], [ 18.39608151, 49.06331545 ], [ 18.39664504, 49.06365659 ], [ 18.39671383, 49.06363748 ], [ 18.3979136, 49.06311203 ], [ 18.39794212, 49.06309953 ], [ 18.39795546, 49.06309837 ], [ 18.39827564, 49.0630755 ], [ 18.39844746, 49.06308502 ], [ 18.39874422, 49.06307348 ], [ 18.39895913, 49.06306824 ], [ 18.39945961, 49.06301023 ], [ 18.39997041, 49.06296813 ], [ 18.40021957, 49.06295504 ], [ 18.40051, 49.06297996 ], [ 18.4007791, 49.06299125 ], [ 18.40116489, 49.06302435 ], [ 18.4017126, 49.06307994 ], [ 18.40185735, 49.06310781 ], [ 18.40230565, 49.06314616 ], [ 18.40295572, 49.06322817 ], [ 18.40307653, 49.06322854 ], [ 18.40341104, 49.06320103 ], [ 18.40428903, 49.06307997 ], [ 18.40460914, 49.06302548 ], [ 18.40506846, 49.0629778 ], [ 18.40521438, 49.06297505 ], [ 18.40530529, 49.06298369 ], [ 18.40607836, 49.06322049 ], [ 18.40628509, 49.06331134 ], [ 18.40662749, 49.06350085 ], [ 18.40714877, 49.06376603 ], [ 18.40741823, 49.06397506 ], [ 18.40757915, 49.06406969 ], [ 18.40789516, 49.0642081 ], [ 18.40847275, 49.0643736 ], [ 18.4087371, 49.0643792 ] ] ] ] } },
{ "type": "Feature", "properties": { "@featureType": "CadastralZoning", "beginLifespanVersion": { "@nilReason": "http://inspire.ec.europa.eu/codelist/VoidReasonValue/Unpopulated", "@nil": "true" }, "endLifespanVersion": { "@nilReason": "http://inspire.ec.europa.eu/codelist/VoidReasonValue/Unpopulated", "@nil": "true" }, "estimatedAccuracy": { "value": -1, "@uom": "m" }, "inspireId": { "@dataType": "Identifier", "localId": "812595", "namespace": "SK.ESKN.CP", "versionId": "20260703T04:07:40" }, "label": "Domaniža", "level": { "@href": "http://inspire.ec.europa.eu/codelist/CadastralZoningLevelValue/3rdOrder" }, "levelName": { "value": "Katastrálne územie", "@locale": "sk" }, "name": { "@dataType": "name", "GeographicalName": { "@dataType": "GeographicalName", "language": "SLK", "nativeness": { "@href": "http://inspire.ec.europa.eu/codelist/NativenessValue/endonym", "@title": "endonym" }, "nameStatus": { "@href": "http://inspire.ec.europa.eu/codelist/NameStatusValue/official", "@title": "official" }, "sourceOfName": { "@nilReason": "http://inspire.ec.europa.eu/codelist/VoidReasonValue/Unpopulated", "@nil": "true" }, "pronunciation": { "@dataType": "pronunciation", "@nilReason": "http://inspire.ec.europa.eu/codelist/VoidReasonValue/Unpopulated", "@nil": "true" }, "spelling": { "@dataType": "SpellingOfName", "text": "Domaniža", "script": "LATN" } } }, "nationalCadastalZoningReference": "812595", "validFrom": "2026-06-30T16:00:00Z", "validTo": { "@nilReason": "http://inspire.ec.europa.eu/codelist/VoidReasonValue/Unpopulated", "@nil": "true" } }, "geometry": { "type": "MultiPolygon", "coordinates": [ [ [ [ 18.53355599, 49.06664771 ], [ 18.53362495, 49.06664756 ], [ 18.53366025, 49.06664749 ], [ 18.53372934, 49.06664736 ], [ 18.53376656, 49.0666473 ], [ 18.5337755, 49.06664724 ], [ 18.53384651, 49.06664712 ], [ 18.53388428, 49.06664709 ], [ 18.53392233, 49.06664699 ], [ 18.53501185, 49.06656294 ], [ 18.53604729, 49.06646331 ], [ 18.53698496, 49.06639204 ], [ 18.53700379, 49.06639414 ], [ 18.5384842, 49.06655456 ], [ 18.53969042, 49.06642246 ], [ 18.54116261, 49.06639012 ], [ 18.54180368, 49.06590906 ], [ 18.54238179, 49.06556093 ], [ 18.54281468, 49.0652802 ], [ 18.54385617, 49.06460281 ], [ 18.5442151, 49.06412758 ], [ 18.54482288, 49.06388094 ], [ 18.54545952, 49.0636363 ], [ 18.54657318, 49.06323385 ], [ 18.5477283, 49.06279519 ], [ 18.54773106, 49.06279182 ], [ 18.54775567, 49.06276193 ], [ 18.54776538, 49.06275019 ], [ 18.54771834, 49.06272238 ], [ 18.5476738, 49.06270084 ], [ 18.54758437, 49.06265838 ], [ 18.54739204, 49.06264265 ], [ 18.54724102, 49.062637 ], [ 18.54703598, 49.06268005 ], [ 18.54682547, 49.06265486 ], [ 18.5466001, 49.06265521 ], [ 18.54644438, 49.06256431 ], [ 18.54616416, 49.0625016 ], [ 18.54602358, 49.0624893 ], [ 18.54585333, 49.06247927 ], [ 18.54574222, 49.0625025 ], [ 18.54560209, 49.06251621 ], [ 18.5454726, 49.06250415 ], [ 18.54541915, 49.06250117 ], [ 18.54532565, 49.06250215 ], [ 18.5451031, 49.06248659 ], [ 18.54476606, 49.0624291 ], [ 18.54477384, 49.06241526 ], [ 18.54481157, 49.06234864 ], [ 18.54504451, 49.06190774 ], [ 18.54544706, 49.06195416 ], [ 18.5456287, 49.06156101 ], [ 18.54563262, 49.06077368 ], [ 18.54591398, 49.06070779 ], [ 18.54614268, 49.06059537 ], [ 18.5464895, 49.06069959 ], [ 18.5471727, 49.06053885 ], [ 18.5478445, 49.06033644 ], [ 18.54798641, 49.06027112 ], [ 18.54823425, 49.06010452 ], [ 18.54845392, 49.05997311 ], [ 18.5485066, 49.05994167 ], [ 18.54917397, 49.05956072 ], [ 18.54955098, 49.05938224 ], [ 18.54998821, 49.05911868 ], [ 18.55079372, 49.05869348 ], [ 18.55133277, 49.05862869 ], [ 18.55249851, 49.05805459 ], [ 18.55375673, 49.05757607 ], [ 18.55415548, 49.05766249 ], [ 18.55430558, 49.05770498 ], [ 18.5543793, 49.05772593 ], [ 18.55442438, 49.05773865 ], [ 18.5545516, 49.05785326 ], [ 18.5547062, 49.05799588 ], [ 18.55485207, 49.05813803 ], [ 18.55502802, 49.05828017 ], [ 18.55522582, 49.05840563 ], [ 18.5554462, 49.05851526 ], [ 18.55569511, 49.0585999 ], [ 18.55590159, 49.05874379 ], [ 18.55615574, 49.05878107 ], [ 18.55618114, 49.05882936 ], [ 18.55683246, 49.05864961 ], [ 18.557457, 49.05857958 ], [ 18.55766994, 49.05854786 ], [ 18.55782766, 49.05850973 ], [ 18.55790626, 49.05844775 ], [ 18.55822985, 49.05835018 ], [ 18.55875967, 49.05825698 ], [ 18.55893099, 49.05821877 ], [ 18.55902596, 49.05824546 ], [ 18.55915443, 49.05824365 ], [ 18.5598906, 49.05805159 ], [ 18.56069745, 49.05784106 ], [ 18.56076104, 49.05782447 ], [ 18.5619958, 49.05767023 ], [ 18.56315305, 49.05724626 ], [ 18.56275658, 49.05648344 ], [ 18.56279275, 49.05602368 ], [ 18.56280817, 49.05582781 ], [ 18.56280558, 49.05580123 ], [ 18.56275074, 49.05523479 ], [ 18.56272243, 49.05494281 ], [ 18.56268994, 49.05489404 ], [ 18.56249775, 49.05460612 ], [ 18.56237631, 49.05442434 ], [ 18.56221179, 49.05404462 ], [ 18.56211962, 49.05383193 ], [ 18.56190529, 49.0534487 ], [ 18.56185484, 49.05331966 ], [ 18.56148827, 49.05238277 ], [ 18.56127466, 49.05190276 ], [ 18.56114614, 49.05161412 ], [ 18.56112042, 49.05155625 ], [ 18.56098107, 49.05124329 ], [ 18.56086871, 49.05090554 ], [ 18.56085661, 49.05086943 ], [ 18.5606652, 49.05029425 ], [ 18.56063339, 49.05019842 ], [ 18.56050912, 49.04982528 ], [ 18.56032997, 49.04928713 ], [ 18.56025007, 49.04904668 ], [ 18.56024048, 49.04901801 ], [ 18.56019636, 49.04888552 ], [ 18.56011613, 49.04864442 ], [ 18.56035321, 49.04835766 ], [ 18.5608683, 49.04794433 ], [ 18.56098071, 49.0476632 ], [ 18.56114769, 49.04674004 ], [ 18.56212944, 49.04675857 ], [ 18.56224089, 49.04648839 ], [ 18.562246, 49.04647604 ], [ 18.56224929, 49.04646945 ], [ 18.56226164, 49.0464453 ], [ 18.56227259, 49.04642361 ], [ 18.56233557, 49.04646445 ], [ 18.56244449, 49.0465353 ], [ 18.56250114, 49.0465675 ], [ 18.56260931, 49.04659608 ], [ 18.56264833, 49.04662652 ], [ 18.56279107, 49.04665741 ], [ 18.56284443, 49.04671046 ], [ 18.56296954, 49.04673959 ], [ 18.56307108, 49.04674759 ], [ 18.56311303, 49.04676448 ], [ 18.56325336, 49.04680156 ], [ 18.56352573, 49.04683421 ], [ 18.56354131, 49.0468282 ], [ 18.56361991, 49.04679779 ], [ 18.56363004, 49.04679256 ], [ 18.56366931, 49.04677266 ], [ 18.56369263, 49.04676075 ], [ 18.56372107, 49.04674622 ], [ 18.56380537, 49.04670322 ], [ 18.56387472, 49.0466678 ], [ 18.56389509, 49.04665744 ], [ 18.56392412, 49.04664268 ], [ 18.56394572, 49.0466313 ], [ 18.56399424, 49.0466055 ], [ 18.56424633, 49.04647194 ], [ 18.56539859, 49.04586145 ], [ 18.56677322, 49.04527151 ], [ 18.56687271, 49.04522888 ], [ 18.56690404, 49.04521541 ], [ 18.56694347, 49.04514364 ], [ 18.5669799, 49.04507721 ], [ 18.56703406, 49.04500623 ], [ 18.56709047, 49.04494575 ], [ 18.56716081, 49.04489803 ], [ 18.56733485, 49.04479354 ], [ 18.56743512, 49.04474906 ], [ 18.56758889, 49.04469049 ], [ 18.56774997, 49.04461725 ], [ 18.56773877, 49.04461024 ], [ 18.56767363, 49.0445691 ], [ 18.56784132, 49.04445723 ], [ 18.56792189, 49.04440338 ], [ 18.56796052, 49.04437758 ], [ 18.56795292, 49.04435489 ], [ 18.56792853, 49.04428202 ], [ 18.56772617, 49.04367757 ], [ 18.56779817, 49.04359556 ], [ 18.56791336, 49.04346444 ], [ 18.56769906, 49.0426104 ], [ 18.56767788, 49.04246227 ], [ 18.56765436, 49.04229778 ], [ 18.56763434, 49.04215792 ], [ 18.56764053, 49.04213038 ], [ 18.56765268, 49.04207698 ], [ 18.56765383, 49.04207217 ], [ 18.56765514, 49.04206611 ], [ 18.56765875, 49.04205033 ], [ 18.56766975, 49.04203153 ], [ 18.56767747, 49.04203122 ], [ 18.56776766, 49.04202778 ], [ 18.56810287, 49.04207699 ], [ 18.56813552, 49.04204961 ], [ 18.56824175, 49.0419606 ], [ 18.56841365, 49.04192927 ], [ 18.56861652, 49.04181479 ], [ 18.5686731, 49.04171561 ], [ 18.56868513, 49.0416808 ], [ 18.56871506, 49.04162024 ], [ 18.56873905, 49.04156325 ], [ 18.56876811, 49.04153495 ], [ 18.56879452, 49.0413662 ], [ 18.56879876, 49.04134983 ], [ 18.56882807, 49.04123708 ], [ 18.5689184, 49.04106538 ], [ 18.56894325, 49.04102566 ], [ 18.56895448, 49.04096428 ], [ 18.56899834, 49.04091747 ], [ 18.56900669, 49.04087253 ], [ 18.56904173, 49.04081505 ], [ 18.5690622, 49.04071591 ], [ 18.56906087, 49.04070014 ], [ 18.56905844, 49.04067122 ], [ 18.56908212, 49.04064092 ], [ 18.56909292, 49.04060388 ], [ 18.56912239, 49.04055584 ], [ 18.56912807, 49.04054658 ], [ 18.56918524, 49.04047667 ], [ 18.56923485, 49.04041239 ], [ 18.56926616, 49.04037483 ], [ 18.56935416, 49.04028664 ], [ 18.56938091, 49.0402362 ], [ 18.56940581, 49.04017853 ], [ 18.56947345, 49.04012588 ], [ 18.56950132, 49.04004338 ], [ 18.56950711, 49.03992549 ], [ 18.56959621, 49.03979431 ], [ 18.56961275, 49.03973656 ], [ 18.56969176, 49.0396874 ], [ 18.56969378, 49.03967127 ], [ 18.56974973, 49.03964415 ], [ 18.56974624, 49.03961382 ], [ 18.56980494, 49.03955581 ], [ 18.56991707, 49.0394931 ], [ 18.5700069, 49.03940673 ], [ 18.5700799, 49.03936067 ], [ 18.57014427, 49.03930342 ], [ 18.57021418, 49.03925134 ], [ 18.5702264, 49.03921166 ], [ 18.57029604, 49.03913087 ], [ 18.57034359, 49.03908417 ], [ 18.57038864, 49.03901352 ], [ 18.57041758, 49.03896419 ], [ 18.57045202, 49.03889269 ], [ 18.57045967, 49.03884347 ], [ 18.57049411, 49.03878857 ], [ 18.57053941, 49.03876981 ], [ 18.57054347, 49.03872185 ], [ 18.57054151, 49.03865506 ], [ 18.57057625, 49.0386065 ], [ 18.57061873, 49.03858831 ], [ 18.57065209, 49.03853876 ], [ 18.57065143, 49.03849343 ], [ 18.57063604, 49.03844514 ], [ 18.57074476, 49.03838225 ], [ 18.57087769, 49.03831895 ], [ 18.57093303, 49.03826256 ], [ 18.57094221, 49.03821866 ], [ 18.57107013, 49.03811845 ], [ 18.57113961, 49.03803567 ], [ 18.57121748, 49.03790542 ], [ 18.57128945, 49.03782241 ], [ 18.57137173, 49.03774925 ], [ 18.57147799, 49.03765979 ], [ 18.57170854, 49.03741894 ], [ 18.5717611, 49.03736502 ], [ 18.57187096, 49.03726655 ], [ 18.57205794, 49.03714282 ], [ 18.57225791, 49.03698649 ], [ 18.57242967, 49.03684064 ], [ 18.57259174, 49.03668552 ], [ 18.57266829, 49.0366153 ], [ 18.57279739, 49.03655071 ], [ 18.57291689, 49.03649814 ], [ 18.57328846, 49.03633906 ], [ 18.57346853, 49.03626413 ], [ 18.57367617, 49.03614196 ], [ 18.57374111, 49.03610206 ], [ 18.5738161, 49.03606748 ], [ 18.57386826, 49.03601128 ], [ 18.57399598, 49.03589717 ], [ 18.57410989, 49.03580577 ], [ 18.57417531, 49.03575876 ], [ 18.57424851, 49.03570767 ], [ 18.5743373, 49.03565489 ], [ 18.5744052, 49.03559349 ], [ 18.57455913, 49.03545291 ], [ 18.57460483, 49.03541883 ], [ 18.57495972, 49.03517872 ], [ 18.57502643, 49.03514009 ], [ 18.5752586, 49.03500047 ], [ 18.57535625, 49.03494041 ], [ 18.57536442, 49.03493543 ], [ 18.57571562, 49.03473049 ], [ 18.57578889, 49.03468761 ], [ 18.57622532, 49.03443295 ], [ 18.57628466, 49.03440826 ], [ 18.5762976, 49.03440905 ], [ 18.5763315, 49.03441124 ], [ 18.57643375, 49.03441774 ], [ 18.57804199, 49.03432048 ], [ 18.57870047, 49.03420661 ], [ 18.57912796, 49.03413264 ], [ 18.58018124, 49.03405292 ], [ 18.58080571, 49.03411515 ], [ 18.58087872, 49.03407649 ], [ 18.58094173, 49.03403007 ], [ 18.58105774, 49.03394365 ], [ 18.58113075, 49.03388632 ], [ 18.58119457, 49.03383336 ], [ 18.58124708, 49.03379297 ], [ 18.58127694, 49.03376372 ], [ 18.58137801, 49.0336838 ], [ 18.58148497, 49.03358959 ], [ 18.58155779, 49.03355362 ], [ 18.58168638, 49.03343341 ], [ 18.58177053, 49.03336819 ], [ 18.58180722, 49.03328292 ], [ 18.58183261, 49.03317709 ], [ 18.58196601, 49.03306454 ], [ 18.58209731, 49.03298977 ], [ 18.58216486, 49.03293882 ], [ 18.58223117, 49.03289889 ], [ 18.58249955, 49.03273712 ], [ 18.58258447, 49.03265688 ], [ 18.58267331, 49.03257702 ], [ 18.58271908, 49.03249377 ], [ 18.5826856, 49.03248159 ], [ 18.58265858, 49.0323845 ], [ 18.58261999, 49.03232855 ], [ 18.58261652, 49.03227486 ], [ 18.58261519, 49.0321676 ], [ 18.58265954, 49.03211557 ], [ 18.58273996, 49.03204276 ], [ 18.58284973, 49.03199435 ], [ 18.58309705, 49.03186284 ], [ 18.583185, 49.03176922 ], [ 18.58323469, 49.03165776 ], [ 18.58312849, 49.03132803 ], [ 18.58308713, 49.03119181 ], [ 18.58308482, 49.03105274 ], [ 18.58307025, 49.03099231 ], [ 18.58309413, 49.0309372 ], [ 18.5831784, 49.03091061 ], [ 18.58327729, 49.03089996 ], [ 18.58338675, 49.03090134 ], [ 18.58349722, 49.030909 ], [ 18.5836619, 49.03090451 ], [ 18.58370426, 49.0309048 ], [ 18.58389441, 49.03090619 ], [ 18.58415739, 49.03086594 ], [ 18.58439446, 49.03082004 ], [ 18.58444999, 49.03078947 ], [ 18.5845104, 49.03075283 ], [ 18.58458595, 49.03072135 ], [ 18.58474561, 49.03065902 ], [ 18.5848642, 49.03061686 ], [ 18.58503824, 49.03052932 ], [ 18.58509548, 49.03049721 ], [ 18.58523045, 49.03045899 ], [ 18.58529731, 49.0304135 ], [ 18.58532875, 49.03037595 ], [ 18.58541121, 49.03031975 ], [ 18.58548609, 49.03026161 ], [ 18.585601, 49.03006487 ], [ 18.5860322, 49.02918099 ], [ 18.58642902, 49.02860088 ], [ 18.58710841, 49.02849242 ], [ 18.58715891, 49.02851878 ], [ 18.5873345, 49.02838674 ], [ 18.58747629, 49.02829927 ], [ 18.58758455, 49.02825953 ], [ 18.58774688, 49.02821313 ], [ 18.58787037, 49.02816789 ], [ 18.58798924, 49.02810354 ], [ 18.58815443, 49.02798673 ], [ 18.58832749, 49.0278893 ], [ 18.58841744, 49.02780707 ], [ 18.58855563, 49.02766129 ], [ 18.58858948, 49.02747183 ], [ 18.58868116, 49.02737787 ], [ 18.58870108, 49.02729827 ], [ 18.58881595, 49.02715792 ], [ 18.58879199, 49.02689046 ], [ 18.58892912, 49.02627652 ], [ 18.58862961, 49.0259521 ], [ 18.5885613, 49.02576553 ], [ 18.58804107, 49.02542645 ], [ 18.58791176, 49.02491728 ], [ 18.5880201, 49.02430982 ], [ 18.58812143, 49.02392972 ], [ 18.58788157, 49.0234258 ], [ 18.5877781, 49.02281814 ], [ 18.58787768, 49.02244661 ], [ 18.58802517, 49.02209245 ], [ 18.58851779, 49.02162395 ], [ 18.58890066, 49.0211851 ], [ 18.58933873, 49.0202636 ], [ 18.58824674, 49.0196201 ], [ 18.58763278, 49.01927407 ], [ 18.5869449, 49.01885513 ], [ 18.58636694, 49.01861245 ], [ 18.58628202, 49.01835993 ], [ 18.58632185, 49.01806504 ], [ 18.58640422, 49.01774032 ], [ 18.58652059, 49.01740254 ], [ 18.58656468, 49.01727859 ], [ 18.58666324, 49.01688652 ], [ 18.58678715, 49.01667889 ], [ 18.58691985, 49.01648654 ], [ 18.58712036, 49.01613839 ], [ 18.58713414, 49.01599892 ], [ 18.58699074, 49.0156662 ], [ 18.58684933, 49.01550719 ], [ 18.58683556, 49.01521203 ], [ 18.58688242, 49.01503265 ], [ 18.58701234, 49.01481858 ], [ 18.58711069, 49.01467526 ], [ 18.58730985, 49.01448233 ], [ 18.5871306, 49.01423168 ], [ 18.58677077, 49.01401346 ], [ 18.58621201, 49.013758 ], [ 18.58608902, 49.01366828 ], [ 18.58601921, 49.01354903 ], [ 18.58600751, 49.01345348 ], [ 18.58569911, 49.01291888 ], [ 18.58552167, 49.01262069 ], [ 18.58535838, 49.01242378 ], [ 18.58513853, 49.01228129 ], [ 18.58503272, 49.01219683 ], [ 18.584648, 49.01197816 ], [ 18.58465649, 49.01189669 ], [ 18.58457013, 49.01176175 ], [ 18.58460457, 49.01155661 ], [ 18.58452901, 49.01126977 ], [ 18.5844124, 49.01112436 ], [ 18.5841473, 49.01092449 ], [ 18.58365865, 49.01065384 ], [ 18.58319053, 49.01037924 ], [ 18.58309134, 49.01030551 ], [ 18.58294785, 49.01024392 ], [ 18.58283148, 49.01015067 ], [ 18.5825568, 49.0099981 ], [ 18.58231316, 49.00988492 ], [ 18.58205573, 49.00979761 ], [ 18.58178052, 49.00962398 ], [ 18.58132421, 49.00922044 ], [ 18.58059385, 49.0087046 ], [ 18.58037127, 49.00861844 ], [ 18.57998161, 49.00845751 ], [ 18.57983224, 49.00836717 ], [ 18.57962663, 49.00823284 ], [ 18.57914544, 49.0079919 ], [ 18.57897195, 49.00788384 ], [ 18.57887045, 49.00778805 ], [ 18.57818521, 49.00710626 ], [ 18.57795921, 49.00692535 ], [ 18.57750038, 49.00638829 ], [ 18.57734665, 49.00629673 ], [ 18.57734197, 49.00621202 ], [ 18.57726534, 49.00608617 ], [ 18.57714232, 49.00581634 ], [ 18.5769642, 49.00571254 ], [ 18.57660372, 49.00546176 ], [ 18.57640281, 49.00535267 ], [ 18.57625582, 49.00494827 ], [ 18.57612253, 49.00433699 ], [ 18.57593954, 49.00411482 ], [ 18.57587616, 49.00396965 ], [ 18.57581395, 49.00389989 ], [ 18.57568062, 49.00375031 ], [ 18.57509941, 49.00313582 ], [ 18.57459411, 49.00256827 ], [ 18.57356592, 49.00183547 ], [ 18.57346787, 49.00175068 ], [ 18.57334855, 49.0016902 ], [ 18.57310984, 49.00146745 ], [ 18.57152308, 49.00049624 ], [ 18.57116769, 49.00015566 ], [ 18.57066784, 48.99942507 ], [ 18.5705436, 48.99908289 ], [ 18.57023943, 48.99890803 ], [ 18.57007663, 48.99865409 ], [ 18.56963929, 48.99809875 ], [ 18.56910648, 48.99800133 ], [ 18.56846324, 48.99788657 ], [ 18.56780534, 48.99767384 ], [ 18.56754633, 48.99758786 ], [ 18.56663891, 48.9972439 ], [ 18.56612352, 48.99705527 ], [ 18.56583193, 48.99694794 ], [ 18.56508562, 48.99644935 ], [ 18.56467825, 48.99633693 ], [ 18.56391931, 48.99612323 ], [ 18.56351917, 48.99599144 ], [ 18.56329867, 48.99591781 ], [ 18.56300299, 48.99581693 ], [ 18.56253442, 48.99563686 ], [ 18.56237234, 48.9955533 ], [ 18.56212029, 48.99543808 ], [ 18.56191264, 48.99533735 ], [ 18.56159328, 48.99519557 ], [ 18.56118765, 48.99501006 ], [ 18.56096619, 48.99487167 ], [ 18.56062004, 48.99465238 ], [ 18.56006033, 48.99459388 ], [ 18.55951467, 48.99453822 ], [ 18.55916128, 48.99452525 ], [ 18.55885485, 48.99451499 ], [ 18.558467, 48.99449908 ], [ 18.557385, 48.99444932 ], [ 18.55656882, 48.99443955 ], [ 18.5560261, 48.99443285 ], [ 18.55525863, 48.99436471 ], [ 18.55524514, 48.99500048 ], [ 18.55537022, 48.99551724 ], [ 18.5557514, 48.99609369 ], [ 18.55621283, 48.99670074 ], [ 18.55637373, 48.99702526 ], [ 18.55658933, 48.99734659 ], [ 18.55712505, 48.99801008 ], [ 18.55714395, 48.99800262 ], [ 18.55735516, 48.99855462 ], [ 18.55741186, 48.99863646 ], [ 18.55774155, 48.99911276 ], [ 18.55818039, 48.9996167 ], [ 18.55841348, 48.99989702 ], [ 18.5587685, 49.0006231 ], [ 18.55890553, 49.00106208 ], [ 18.55918503, 49.001587 ], [ 18.55971575, 49.0027139 ], [ 18.55998674, 49.00317421 ], [ 18.56023428, 49.00360915 ], [ 18.56021787, 49.00417113 ], [ 18.56009137, 49.0047942 ], [ 18.56012, 49.00494824 ], [ 18.56020506, 49.00530943 ], [ 18.56025918, 49.00540647 ], [ 18.56033782, 49.00549942 ], [ 18.56040992, 49.0056041 ], [ 18.56049289, 49.00578544 ], [ 18.56058698, 49.00604904 ], [ 18.56073315, 49.00628766 ], [ 18.56085034, 49.00653654 ], [ 18.56088581, 49.00667317 ], [ 18.56089909, 49.00677657 ], [ 18.56087402, 49.00701911 ], [ 18.56086502, 49.00773705 ], [ 18.56081132, 49.00782438 ], [ 18.56081115, 49.00782681 ], [ 18.56025488, 49.00792749 ], [ 18.55944131, 49.0081202 ], [ 18.55895933, 49.00823329 ], [ 18.55891118, 49.00826515 ], [ 18.5584713, 49.00855619 ], [ 18.55842315, 49.00858806 ], [ 18.55812651, 49.00898186 ], [ 18.55808985, 49.00903049 ], [ 18.55795739, 49.0094781 ], [ 18.55794172, 49.00953103 ], [ 18.55768664, 49.01039249 ], [ 18.55732955, 49.01064091 ], [ 18.55670115, 49.01107803 ], [ 18.55653523, 49.01191517 ], [ 18.55658515, 49.01195802 ], [ 18.55702254, 49.01233276 ], [ 18.55724319, 49.01281407 ], [ 18.55724517, 49.01281905 ], [ 18.55744937, 49.01333765 ], [ 18.5572872, 49.01369468 ], [ 18.55800642, 49.01422162 ], [ 18.55835234, 49.01452284 ], [ 18.55841744, 49.01460017 ], [ 18.55881168, 49.01506803 ], [ 18.55957859, 49.01562316 ], [ 18.55973931, 49.01582567 ], [ 18.56020414, 49.01641166 ], [ 18.56019559, 49.01695791 ], [ 18.56019562, 49.01696423 ], [ 18.5602017, 49.01755477 ], [ 18.56028323, 49.0187329 ], [ 18.56025009, 49.01935299 ], [ 18.56017278, 49.01958088 ], [ 18.56012477, 49.01983013 ], [ 18.55993029, 49.02010421 ], [ 18.55919974, 49.02104311 ], [ 18.5584081, 49.02119695 ], [ 18.55805453, 49.02137599 ], [ 18.55759386, 49.02164579 ], [ 18.55738779, 49.02186203 ], [ 18.55721915, 49.02207299 ], [ 18.55683804, 49.02226588 ], [ 18.55619525, 49.02311549 ], [ 18.55560877, 49.02397988 ], [ 18.55560581, 49.02398928 ], [ 18.55541373, 49.0245895 ], [ 18.55525631, 49.02520115 ], [ 18.55520722, 49.02523269 ], [ 18.55504694, 49.025336 ], [ 18.55499292, 49.0253708 ], [ 18.55527354, 49.02568554 ], [ 18.55527775, 49.02569028 ], [ 18.55528265, 49.02571256 ], [ 18.55501063, 49.02578006 ], [ 18.55469324, 49.02579673 ], [ 18.55461658, 49.02582489 ], [ 18.55447374, 49.02581726 ], [ 18.55447033, 49.02581707 ], [ 18.55444636, 49.02579592 ], [ 18.55439582, 49.02575132 ], [ 18.55438754, 49.02574402 ], [ 18.55436949, 49.02572815 ], [ 18.55426758, 49.0253877 ], [ 18.5542316, 49.02532981 ], [ 18.5540761, 49.02547606 ], [ 18.55402131, 49.0255082 ], [ 18.55365253, 49.02549259 ], [ 18.55352717, 49.02551189 ], [ 18.55340744, 49.0255729 ], [ 18.55339729, 49.02553337 ], [ 18.55339018, 49.02550574 ], [ 18.55332149, 49.02523873 ], [ 18.55324723, 49.02500751 ], [ 18.55321803, 49.02491624 ], [ 18.55309525, 49.02474059 ], [ 18.55258735, 49.02460313 ], [ 18.5525733, 49.02450699 ], [ 18.55258186, 49.0242225 ], [ 18.55216837, 49.02414094 ], [ 18.55192164, 49.02482996 ], [ 18.55179909, 49.02511316 ], [ 18.55160323, 49.02526282 ], [ 18.55101132, 49.02560057 ], [ 18.55011774, 49.02606275 ], [ 18.54971776, 49.02564174 ], [ 18.54943254, 49.02544737 ], [ 18.54904438, 49.02525655 ], [ 18.54828814, 49.02582712 ], [ 18.54776106, 49.02619363 ], [ 18.54696277, 49.02672835 ], [ 18.5464424, 49.02703675 ], [ 18.5464214, 49.02704554 ], [ 18.54641173, 49.02703626 ], [ 18.5461782, 49.0268104 ], [ 18.54599164, 49.02675301 ], [ 18.5457938, 49.0267035 ], [ 18.54564044, 49.02664286 ], [ 18.54517442, 49.02642958 ], [ 18.54446571, 49.02600338 ], [ 18.54429644, 49.02588909 ], [ 18.54424747, 49.02585612 ], [ 18.54405074, 49.02572329 ], [ 18.54327482, 49.02545595 ], [ 18.54310879, 49.02545047 ], [ 18.54240655, 49.02542741 ], [ 18.54125749, 49.02542894 ], [ 18.54100763, 49.02537741 ], [ 18.54091484, 49.0253427 ], [ 18.54076313, 49.02531273 ], [ 18.54025142, 49.02529565 ], [ 18.54017639, 49.02529212 ], [ 18.54010329, 49.02528861 ], [ 18.53997793, 49.02529589 ], [ 18.5395699, 49.02529119 ], [ 18.53907532, 49.02530273 ], [ 18.53885404, 49.02528045 ], [ 18.53867312, 49.02528544 ], [ 18.53760362, 49.02544474 ], [ 18.53682276, 49.02557149 ], [ 18.53591628, 49.02578744 ], [ 18.53428022, 49.02593565 ], [ 18.53412504, 49.02598913 ], [ 18.53386624, 49.02609971 ], [ 18.5332025, 49.02649258 ], [ 18.53242521, 49.02665523 ], [ 18.53118335, 49.02658675 ], [ 18.53113021, 49.02658378 ], [ 18.53113313, 49.02661516 ], [ 18.53083471, 49.02660735 ], [ 18.53063491, 49.02660201 ], [ 18.53060413, 49.02660124 ], [ 18.53041853, 49.02660849 ], [ 18.52889542, 49.02664022 ], [ 18.52889208, 49.026622 ], [ 18.52784766, 49.02649905 ], [ 18.52732794, 49.02640026 ], [ 18.52707131, 49.02635141 ], [ 18.52649564, 49.02618136 ], [ 18.52593419, 49.02600739 ], [ 18.5252403, 49.02582712 ], [ 18.52497522, 49.02573088 ], [ 18.52337763, 49.02484206 ], [ 18.52212809, 49.02425864 ], [ 18.52128206, 49.02415372 ], [ 18.52060763, 49.02419222 ], [ 18.51977485, 49.02415876 ], [ 18.51907688, 49.02417711 ], [ 18.5188712, 49.0241542 ], [ 18.51886553, 49.02417094 ], [ 18.51886419, 49.02417394 ], [ 18.51855338, 49.02490184 ], [ 18.51836083, 49.02537457 ], [ 18.51833897, 49.02542834 ], [ 18.51824089, 49.02566926 ], [ 18.51821373, 49.02573681 ], [ 18.51804129, 49.02616633 ], [ 18.51791465, 49.02649458 ], [ 18.51784897, 49.02664369 ], [ 18.51758998, 49.02712734 ], [ 18.51715643, 49.02797552 ], [ 18.51672283, 49.02847593 ], [ 18.51669251, 49.02850424 ], [ 18.51655881, 49.02862889 ], [ 18.51544576, 49.02940337 ], [ 18.51498327, 49.02975043 ], [ 18.51443201, 49.03020951 ], [ 18.51434079, 49.03028341 ], [ 18.51358862, 49.03089289 ], [ 18.51331679, 49.03137457 ], [ 18.51290756, 49.03230221 ], [ 18.51280564, 49.0325874 ], [ 18.51254483, 49.03338795 ], [ 18.5123156, 49.03369671 ], [ 18.51188757, 49.03427311 ], [ 18.51187558, 49.03434979 ], [ 18.51186947, 49.03438853 ], [ 18.51181553, 49.034733 ], [ 18.51180802, 49.0347806 ], [ 18.51172728, 49.03529533 ], [ 18.51168625, 49.03555686 ], [ 18.51166434, 49.03569706 ], [ 18.5116501, 49.03590933 ], [ 18.51155397, 49.03734616 ], [ 18.51110497, 49.03786746 ], [ 18.51053736, 49.03946766 ], [ 18.51007114, 49.03978987 ], [ 18.50965296, 49.04013715 ], [ 18.50965387, 49.0405799 ], [ 18.5094205, 49.04114335 ], [ 18.50946427, 49.04142239 ], [ 18.50999153, 49.04200271 ], [ 18.510282, 49.04249398 ], [ 18.5105526, 49.0429893 ], [ 18.51059605, 49.04380704 ], [ 18.51066165, 49.04402176 ], [ 18.51067208, 49.04403812 ], [ 18.5112103, 49.04477053 ], [ 18.51129558, 49.04488354 ], [ 18.51210657, 49.04531948 ], [ 18.51263215, 49.04566959 ], [ 18.51258415, 49.04617717 ], [ 18.51253243, 49.04635348 ], [ 18.51248697, 49.0465488 ], [ 18.51247081, 49.04678063 ], [ 18.51243129, 49.04692656 ], [ 18.51240947, 49.04708671 ], [ 18.51239846, 49.04757411 ], [ 18.51239704, 49.04768457 ], [ 18.51240412, 49.04777988 ], [ 18.51234969, 49.04792211 ], [ 18.51226601, 49.04807862 ], [ 18.5122593, 49.04837712 ], [ 18.51213276, 49.04895017 ], [ 18.51211783, 49.04901965 ], [ 18.51217589, 49.04915158 ], [ 18.51221119, 49.04939118 ], [ 18.51222166, 49.04945852 ], [ 18.51212027, 49.04973373 ], [ 18.51209744, 49.04997603 ], [ 18.5120731, 49.05044285 ], [ 18.51187599, 49.05083818 ], [ 18.51182803, 49.05091046 ], [ 18.51169578, 49.05110151 ], [ 18.51164585, 49.05125048 ], [ 18.5115658, 49.05139989 ], [ 18.5111665, 49.05178187 ], [ 18.511106, 49.05189814 ], [ 18.51110198, 49.0520728 ], [ 18.51100846, 49.05235411 ], [ 18.51099892, 49.05281343 ], [ 18.51126452, 49.05310157 ], [ 18.5115104, 49.05333269 ], [ 18.51183773, 49.05358529 ], [ 18.51205697, 49.05380341 ], [ 18.51219958, 49.05393344 ], [ 18.51239205, 49.05405346 ], [ 18.51250094, 49.05417867 ], [ 18.51253743, 49.05426178 ], [ 18.51256675, 49.05441921 ], [ 18.51246622, 49.05462002 ], [ 18.51241794, 49.0547689 ], [ 18.51239593, 49.05489899 ], [ 18.51237371, 49.05505578 ], [ 18.51241401, 49.05515543 ], [ 18.51235873, 49.0553698 ], [ 18.51235227, 49.0555039 ], [ 18.51234158, 49.0555691 ], [ 18.51217296, 49.05581664 ], [ 18.51215779, 49.05604718 ], [ 18.5121507, 49.05613937 ], [ 18.5120327, 49.05642541 ], [ 18.51194073, 49.05689278 ], [ 18.51185685, 49.05737874 ], [ 18.51187497, 49.05747582 ], [ 18.51180231, 49.05777569 ], [ 18.51173934, 49.05792241 ], [ 18.51171915, 49.05818507 ], [ 18.51169997, 49.05839617 ], [ 18.5118334, 49.05868632 ], [ 18.51185014, 49.05883251 ], [ 18.51234521, 49.05977795 ], [ 18.51235625, 49.05979497 ], [ 18.51236658, 49.05981105 ], [ 18.51238302, 49.0598364 ], [ 18.51239405, 49.05985351 ], [ 18.51239887, 49.05986099 ], [ 18.51240334, 49.05986801 ], [ 18.51287943, 49.05977507 ], [ 18.51319235, 49.05959312 ], [ 18.51346597, 49.05965123 ], [ 18.51383062, 49.0595589 ], [ 18.51402078, 49.05948054 ], [ 18.51458428, 49.05933893 ], [ 18.51529902, 49.05938105 ], [ 18.51556623, 49.0595173 ], [ 18.51564615, 49.05946931 ], [ 18.51697901, 49.05959141 ], [ 18.51704289, 49.0595901 ], [ 18.5171913, 49.05958698 ], [ 18.51754759, 49.05957955 ], [ 18.51763791, 49.0595776 ], [ 18.51766448, 49.05957706 ], [ 18.51809261, 49.05961305 ], [ 18.51836774, 49.05971914 ], [ 18.51844609, 49.0597872 ], [ 18.51876365, 49.06005594 ], [ 18.51901568, 49.06019614 ], [ 18.51979082, 49.06041639 ], [ 18.52018268, 49.06046683 ], [ 18.52115196, 49.06078 ], [ 18.52143796, 49.06073219 ], [ 18.52142837, 49.06075928 ], [ 18.5214027, 49.06083124 ], [ 18.52140119, 49.06083558 ], [ 18.52139679, 49.06084771 ], [ 18.52138854, 49.06087072 ], [ 18.52138388, 49.06088373 ], [ 18.52137693, 49.06090293 ], [ 18.52136766, 49.0609286 ], [ 18.52106844, 49.06195798 ], [ 18.52104393, 49.0620818 ], [ 18.52076167, 49.06314215 ], [ 18.52060995, 49.06375643 ], [ 18.52077816, 49.06377396 ], [ 18.52105367, 49.06384126 ], [ 18.52118649, 49.06390758 ], [ 18.52138274, 49.06400135 ], [ 18.5215577, 49.06416055 ], [ 18.52166752, 49.06423401 ], [ 18.52219667, 49.06455231 ], [ 18.52247972, 49.06473001 ], [ 18.52287447, 49.06494446 ], [ 18.52297378, 49.06499777 ], [ 18.52312634, 49.06506877 ], [ 18.52374603, 49.06531041 ], [ 18.52429115, 49.06539604 ], [ 18.52436713, 49.0654165 ], [ 18.52446196, 49.06542462 ], [ 18.52485736, 49.06544392 ], [ 18.52505331, 49.06546584 ], [ 18.52511778, 49.06548062 ], [ 18.52543008, 49.06558961 ], [ 18.52623553, 49.06576516 ], [ 18.52640968, 49.06583164 ], [ 18.5266102, 49.06601713 ], [ 18.52706503, 49.06609676 ], [ 18.52726254, 49.06614457 ], [ 18.52767621, 49.06623162 ], [ 18.52812821, 49.06612405 ], [ 18.52841015, 49.06609116 ], [ 18.52909106, 49.06606782 ], [ 18.5295384, 49.06614479 ], [ 18.53113672, 49.06624872 ], [ 18.53312052, 49.06660407 ], [ 18.53328038, 49.06662473 ], [ 18.53331524, 49.06662924 ], [ 18.53336753, 49.06663605 ], [ 18.53345916, 49.06664787 ], [ 18.53355599, 49.06664771 ] ] ] ] } },
{ "type": "Feature", "properties": { "@featureType": "CadastralZoning", "beginLifespanVersion": { "@nilReason": "http://inspire.ec.europa.eu/codelist/VoidReasonValue/Unpopulated", "@nil": "true" }, "endLifespanVersion": { "@nilReason": "http://inspire.ec.europa.eu/codelist/VoidReasonValue/Unpopulated", "@nil": "true" }, "estimatedAccuracy": { "value": -1, "@uom": "m" }, "inspireId": { "@dataType": "Identifier", "localId": "813907", "namespace": "SK.ESKN.CP", "versionId": "20260703T04:07:40" }, "label": "Ďurďové", "level": { "@href": "http://inspire.ec.europa.eu/codelist/CadastralZoningLevelValue/3rdOrder" }, "levelName": { "value": "Katastrálne územie", "@locale": "sk" }, "name": { "@dataType": "name", "GeographicalName": { "@dataType": "GeographicalName", "language": "SLK", "nativeness": { "@href": "http://inspire.ec.europa.eu/codelist/NativenessValue/endonym", "@title": "endonym" }, "nameStatus": { "@href": "http://inspire.ec.europa.eu/codelist/NameStatusValue/official", "@title": "official" }, "sourceOfName": { "@nilReason": "http://inspire.ec.europa.eu/codelist/VoidReasonValue/Unpopulated", "@nil": "true" }, "pronunciation": { "@dataType": "pronunciation", "@nilReason": "http://inspire.ec.europa.eu/codelist/VoidReasonValue/Unpopulated", "@nil": "true" }, "spelling": { "@dataType": "SpellingOfName", "text": "Ďurďové", "script": "LATN" } } }, "nationalCadastalZoningReference": "813907", "validFrom": "2026-06-30T16:00:00Z", "validTo": { "@nilReason": "http://inspire.ec.europa.eu/codelist/VoidReasonValue/Unpopulated", "@nil": "true" } }, "geometry": { "type": "MultiPolygon", "coordinates": [ [ [ [ 18.49523336, 49.04695558 ], [ 18.49675524, 49.04665962 ], [ 18.49748869, 49.04653585 ], [ 18.49922197, 49.04649972 ], [ 18.50021002, 49.04644576 ], [ 18.50152557, 49.04628007 ], [ 18.50290524, 49.04520873 ], [ 18.50507931, 49.04457761 ], [ 18.50702202, 49.0444333 ], [ 18.50831952, 49.04463237 ], [ 18.50913338, 49.04453872 ], [ 18.50949327, 49.044503 ], [ 18.51032536, 49.04444552 ], [ 18.51060244, 49.04430657 ], [ 18.51067208, 49.04403812 ], [ 18.51066165, 49.04402176 ], [ 18.51059605, 49.04380704 ], [ 18.5105526, 49.0429893 ], [ 18.510282, 49.04249398 ], [ 18.50999153, 49.04200271 ], [ 18.50946427, 49.04142239 ], [ 18.5094205, 49.04114335 ], [ 18.50965387, 49.0405799 ], [ 18.50965296, 49.04013715 ], [ 18.51007114, 49.03978987 ], [ 18.51053736, 49.03946766 ], [ 18.51110497, 49.03786746 ], [ 18.51155397, 49.03734616 ], [ 18.5116501, 49.03590933 ], [ 18.51166434, 49.03569706 ], [ 18.51168625, 49.03555686 ], [ 18.51172728, 49.03529533 ], [ 18.51180802, 49.0347806 ], [ 18.51181553, 49.034733 ], [ 18.51186947, 49.03438853 ], [ 18.51187558, 49.03434979 ], [ 18.51188757, 49.03427311 ], [ 18.5123156, 49.03369671 ], [ 18.51254483, 49.03338795 ], [ 18.51280564, 49.0325874 ], [ 18.51290756, 49.03230221 ], [ 18.51331679, 49.03137457 ], [ 18.51358862, 49.03089289 ], [ 18.51434079, 49.03028341 ], [ 18.51443201, 49.03020951 ], [ 18.51498327, 49.02975043 ], [ 18.51544576, 49.02940337 ], [ 18.51655881, 49.02862889 ], [ 18.51669251, 49.02850424 ], [ 18.51672283, 49.02847593 ], [ 18.51715643, 49.02797552 ], [ 18.51758998, 49.02712734 ], [ 18.51784897, 49.02664369 ], [ 18.51791465, 49.02649458 ], [ 18.51804129, 49.02616633 ], [ 18.51821373, 49.02573681 ], [ 18.51824089, 49.02566926 ], [ 18.51833897, 49.02542834 ], [ 18.51836083, 49.02537457 ], [ 18.51855338, 49.02490184 ], [ 18.51886419, 49.02417394 ], [ 18.51886553, 49.02417094 ], [ 18.5188712, 49.0241542 ], [ 18.51887861, 49.0241324 ], [ 18.51806932, 49.02389032 ], [ 18.5170863, 49.02331691 ], [ 18.51639381, 49.0224978 ], [ 18.51505539, 49.02177455 ], [ 18.51441734, 49.02147616 ], [ 18.5140987, 49.02132716 ], [ 18.5135342, 49.02107788 ], [ 18.51299218, 49.02067724 ], [ 18.51247402, 49.02041956 ], [ 18.5110236, 49.01969864 ], [ 18.5110152, 49.01969448 ], [ 18.51108666, 49.01956392 ], [ 18.51108971, 49.01955822 ], [ 18.51120593, 49.01934564 ], [ 18.51104106, 49.0195054 ], [ 18.51072374, 49.01967635 ], [ 18.51014322, 49.01984867 ], [ 18.50978574, 49.0201314 ], [ 18.50963656, 49.02001517 ], [ 18.50834653, 49.02045898 ], [ 18.50814805, 49.02051088 ], [ 18.50806588, 49.02043448 ], [ 18.50767947, 49.02046757 ], [ 18.50413542, 49.02142394 ], [ 18.50345769, 49.02162909 ], [ 18.50280863, 49.02209326 ], [ 18.50276219, 49.02212646 ], [ 18.50269975, 49.02211349 ], [ 18.50266712, 49.02210675 ], [ 18.50162433, 49.02189025 ], [ 18.50087897, 49.02166218 ], [ 18.50074989, 49.02162274 ], [ 18.50059757, 49.02157608 ], [ 18.50028919, 49.02151577 ], [ 18.4996645, 49.02101318 ], [ 18.49963037, 49.02098569 ], [ 18.49959731, 49.02102801 ], [ 18.49956852, 49.02106488 ], [ 18.49936416, 49.02132634 ], [ 18.49883503, 49.0220033 ], [ 18.49879637, 49.0221869 ], [ 18.49875195, 49.02222139 ], [ 18.49822871, 49.02262751 ], [ 18.49865658, 49.02304916 ], [ 18.49866243, 49.02305498 ], [ 18.4982865, 49.02321567 ], [ 18.4981307, 49.02311504 ], [ 18.49779742, 49.02289968 ], [ 18.4976157, 49.02274457 ], [ 18.49731569, 49.02295497 ], [ 18.49746972, 49.02305984 ], [ 18.49673099, 49.02347937 ], [ 18.49591724, 49.02379852 ], [ 18.49652213, 49.02429057 ], [ 18.49611168, 49.0246497 ], [ 18.4959036, 49.02494587 ], [ 18.49585603, 49.02514549 ], [ 18.49496176, 49.02457285 ], [ 18.49487906, 49.02469755 ], [ 18.49446052, 49.02462164 ], [ 18.49435536, 49.02460255 ], [ 18.49429421, 49.02473691 ], [ 18.49422776, 49.02488281 ], [ 18.49416757, 49.02501506 ], [ 18.49410607, 49.02515003 ], [ 18.49404456, 49.0252851 ], [ 18.49398319, 49.02542008 ], [ 18.49393536, 49.02552503 ], [ 18.49390291, 49.02559618 ], [ 18.49409761, 49.02569957 ], [ 18.49424497, 49.02577791 ], [ 18.49419765, 49.02582775 ], [ 18.49406928, 49.02596305 ], [ 18.49396356, 49.02607441 ], [ 18.49335356, 49.02671707 ], [ 18.49322677, 49.02685065 ], [ 18.49321078, 49.02686755 ], [ 18.49315423, 49.02698502 ], [ 18.49304822, 49.0272051 ], [ 18.49266686, 49.02754315 ], [ 18.49264646, 49.02756125 ], [ 18.49237734, 49.02768092 ], [ 18.4921879, 49.02776514 ], [ 18.49191617, 49.02767947 ], [ 18.49187183, 49.02766549 ], [ 18.49161159, 49.02758342 ], [ 18.49130628, 49.02791028 ], [ 18.4909263, 49.02791569 ], [ 18.48937883, 49.0275701 ], [ 18.48855789, 49.02731869 ], [ 18.48848568, 49.02741229 ], [ 18.48844874, 49.02746026 ], [ 18.48836831, 49.0275646 ], [ 18.48832646, 49.02761889 ], [ 18.48463428, 49.02950149 ], [ 18.48271818, 49.03047839 ], [ 18.48252011, 49.03097344 ], [ 18.48254789, 49.03145566 ], [ 18.48254406, 49.0319958 ], [ 18.48266043, 49.03245146 ], [ 18.48294034, 49.03268307 ], [ 18.48332925, 49.03331471 ], [ 18.4833517, 49.03340085 ], [ 18.48343104, 49.03370451 ], [ 18.48343827, 49.03373197 ], [ 18.4835812, 49.03409822 ], [ 18.48384166, 49.03439256 ], [ 18.48400871, 49.03458118 ], [ 18.48391893, 49.0348884 ], [ 18.48429102, 49.0353418 ], [ 18.48462317, 49.03574654 ], [ 18.48464265, 49.03576502 ], [ 18.48468973, 49.03580946 ], [ 18.48469648, 49.03581579 ], [ 18.48476306, 49.03587862 ], [ 18.48476674, 49.03588207 ], [ 18.48479337, 49.03589616 ], [ 18.48485731, 49.03592998 ], [ 18.48487313, 49.03593833 ], [ 18.48489461, 49.03594971 ], [ 18.48518105, 49.03659541 ], [ 18.48544366, 49.03702486 ], [ 18.48575743, 49.03732427 ], [ 18.4861182, 49.03775466 ], [ 18.48646816, 49.03823689 ], [ 18.48685141, 49.03871642 ], [ 18.48700147, 49.03918836 ], [ 18.48714554, 49.03947209 ], [ 18.48753791, 49.03988615 ], [ 18.48754341, 49.04013136 ], [ 18.48755409, 49.04013266 ], [ 18.48756155, 49.04013343 ], [ 18.48758279, 49.04013586 ], [ 18.48828207, 49.04021557 ], [ 18.48887442, 49.04029973 ], [ 18.48995002, 49.04034946 ], [ 18.49101289, 49.04039126 ], [ 18.49188016, 49.04050161 ], [ 18.49196472, 49.04065042 ], [ 18.49255487, 49.04134309 ], [ 18.49242718, 49.04179101 ], [ 18.49219741, 49.0425971 ], [ 18.49206088, 49.04378853 ], [ 18.49222342, 49.04405783 ], [ 18.49232349, 49.04442722 ], [ 18.49261644, 49.04474984 ], [ 18.49324328, 49.04641627 ], [ 18.49340929, 49.04654417 ], [ 18.49354907, 49.0466091 ], [ 18.49430919, 49.04696218 ], [ 18.49523336, 49.04695558 ] ] ] ] } },
{ "type": "Feature", "properties": { "@featureType": "CadastralZoning", "beginLifespanVersion": { "@nilReason": "http://inspire.ec.europa.eu/codelist/VoidReasonValue/Unpopulated", "@nil": "true" }, "endLifespanVersion": { "@nilReason": "http://inspire.ec.europa.eu/codelist/VoidReasonValue/Unpopulated", "@nil": "true" }, "estimatedAccuracy": { "value": -1, "@uom": "m" }, "inspireId": { "@dataType": "Identifier", "localId": "815926", "namespace": "SK.ESKN.CP", "versionId": "20260703T04:07:40" }, "label": "Hatné", "level": { "@href": "http://inspire.ec.europa.eu/codelist/CadastralZoningLevelValue/3rdOrder" }, "levelName": { "value": "Katastrálne územie", "@locale": "sk" }, "name": { "@dataType": "name", "GeographicalName": { "@dataType": "GeographicalName", "language": "SLK", "nativeness": { "@href": "http://inspire.ec.europa.eu/codelist/NativenessValue/endonym", "@title": "endonym" }, "nameStatus": { "@href": "http://inspire.ec.europa.eu/codelist/NameStatusValue/official", "@title": "official" }, "sourceOfName": { "@nilReason": "http://inspire.ec.europa.eu/codelist/VoidReasonValue/Unpopulated", "@nil": "true" }, "pronunciation": { "@dataType": "pronunciation", "@nilReason": "http://inspire.ec.europa.eu/codelist/VoidReasonValue/Unpopulated", "@nil": "true" }, "spelling": { "@dataType": "SpellingOfName", "text": "Hatné", "script": "LATN" } } }, "nationalCadastalZoningReference": "815926", "validFrom": "2026-06-30T16:00:00Z", "validTo": { "@nilReason": "http://inspire.ec.europa.eu/codelist/VoidReasonValue/Unpopulated", "@nil": "true" } }, "geometry": { "type": "MultiPolygon", "coordinates": [ [ [ [ 18.38528167, 49.2203794 ], [ 18.3865459, 49.22114854 ], [ 18.38726056, 49.22051016 ], [ 18.38761485, 49.219338 ], [ 18.38761874, 49.21932279 ], [ 18.38778349, 49.21868052 ], [ 18.38787185, 49.2185689 ], [ 18.38848293, 49.21791071 ], [ 18.38834581, 49.21737547 ], [ 18.38837519, 49.21682995 ], [ 18.38839861, 49.21679894 ], [ 18.38904597, 49.2161081 ], [ 18.38906114, 49.21609188 ], [ 18.38925869, 49.21556369 ], [ 18.38931483, 49.21525519 ], [ 18.38936335, 49.21498867 ], [ 18.38943165, 49.21427249 ], [ 18.38962338, 49.21412408 ], [ 18.38993001, 49.2140535 ], [ 18.39017793, 49.21383456 ], [ 18.39134688, 49.21399196 ], [ 18.39193591, 49.21403472 ], [ 18.39202498, 49.21404371 ], [ 18.39357991, 49.2142022 ], [ 18.39460614, 49.21386003 ], [ 18.39529353, 49.21353885 ], [ 18.39592568, 49.2133996 ], [ 18.39604465, 49.21314952 ], [ 18.39694992, 49.21309187 ], [ 18.39687516, 49.21262056 ], [ 18.39676162, 49.21088235 ], [ 18.39653483, 49.21074691 ], [ 18.39650114, 49.21049598 ], [ 18.39639919, 49.21029705 ], [ 18.39691964, 49.20971738 ], [ 18.39695348, 49.2094533 ], [ 18.39768806, 49.20893176 ], [ 18.39807969, 49.20888968 ], [ 18.39831684, 49.20873041 ], [ 18.39887062, 49.20839786 ], [ 18.39890818, 49.20807046 ], [ 18.39901157, 49.2079038 ], [ 18.3986202, 49.20758204 ], [ 18.39800036, 49.20680926 ], [ 18.39797547, 49.2067458 ], [ 18.397748, 49.20657721 ], [ 18.39719933, 49.20624603 ], [ 18.39688271, 49.20627258 ], [ 18.39677983, 49.20627899 ], [ 18.39669384, 49.20612416 ], [ 18.39708514, 49.20602558 ], [ 18.39716693, 49.20599788 ], [ 18.39706272, 49.20573953 ], [ 18.3974357, 49.20561737 ], [ 18.39846236, 49.20529804 ], [ 18.39875476, 49.20562462 ], [ 18.40004754, 49.20567445 ], [ 18.3998506, 49.20494714 ], [ 18.39942175, 49.20426153 ], [ 18.39920885, 49.20377834 ], [ 18.399077, 49.20387511 ], [ 18.39893524, 49.2039633 ], [ 18.39885993, 49.20399091 ], [ 18.39840377, 49.2044033 ], [ 18.39798021, 49.20381805 ], [ 18.39797099, 49.20379444 ], [ 18.3976621, 49.20333708 ], [ 18.39826996, 49.20263401 ], [ 18.39845347, 49.20259063 ], [ 18.39851122, 49.20257099 ], [ 18.39894551, 49.20246024 ], [ 18.39858384, 49.20175045 ], [ 18.39860405, 49.20162649 ], [ 18.39859886, 49.20162404 ], [ 18.39836968, 49.20148179 ], [ 18.39835424, 49.20140802 ], [ 18.39852624, 49.20123785 ], [ 18.39858554, 49.20124789 ], [ 18.39876146, 49.20127638 ], [ 18.39886266, 49.20097027 ], [ 18.39931381, 49.20093392 ], [ 18.39935836, 49.20093015 ], [ 18.40033079, 49.20085607 ], [ 18.40017971, 49.20036772 ], [ 18.39961633, 49.20004748 ], [ 18.39910934, 49.19982419 ], [ 18.39854645, 49.19959547 ], [ 18.39761018, 49.19924946 ], [ 18.39755268, 49.19922535 ], [ 18.39764756, 49.19910443 ], [ 18.3977368, 49.19900802 ], [ 18.39828259, 49.19836415 ], [ 18.39611853, 49.19845494 ], [ 18.39599651, 49.19848393 ], [ 18.39589148, 49.19855854 ], [ 18.39576777, 49.19860386 ], [ 18.3956562, 49.19865753 ], [ 18.39562167, 49.19867222 ], [ 18.39554464, 49.19875721 ], [ 18.39572668, 49.19912121 ], [ 18.39573042, 49.19930407 ], [ 18.39574953, 49.19934709 ], [ 18.39579622, 49.19938134 ], [ 18.39597524, 49.19945847 ], [ 18.3960763, 49.19953886 ], [ 18.39623486, 49.19979642 ], [ 18.3963456, 49.19990118 ], [ 18.39654397, 49.20001953 ], [ 18.39659876, 49.19998538 ], [ 18.39729899, 49.20033793 ], [ 18.39703276, 49.20053836 ], [ 18.39698098, 49.20056726 ], [ 18.39668013, 49.20073916 ], [ 18.39563877, 49.20003566 ], [ 18.39533838, 49.20022427 ], [ 18.3946613, 49.20066044 ], [ 18.39461584, 49.20065198 ], [ 18.39344919, 49.20034437 ], [ 18.39346385, 49.20029573 ], [ 18.39349794, 49.20018923 ], [ 18.39392222, 49.19915675 ], [ 18.39417012, 49.19892761 ], [ 18.39472544, 49.19841017 ], [ 18.39484088, 49.19831033 ], [ 18.39478197, 49.19811747 ], [ 18.39473685, 49.19800795 ], [ 18.39473219, 49.19777234 ], [ 18.39458318, 49.1975745 ], [ 18.3941737, 49.1973814 ], [ 18.39382316, 49.19735525 ], [ 18.39351573, 49.19730333 ], [ 18.39334211, 49.19712345 ], [ 18.39333149, 49.19710111 ], [ 18.39283119, 49.19691399 ], [ 18.39225431, 49.19675593 ], [ 18.39198047, 49.19659613 ], [ 18.39197766, 49.19656231 ], [ 18.39194102, 49.19640299 ], [ 18.39194346, 49.19634555 ], [ 18.39183846, 49.19622306 ], [ 18.39166399, 49.19617704 ], [ 18.39150768, 49.19621894 ], [ 18.39139994, 49.19624393 ], [ 18.3911539, 49.19627039 ], [ 18.39110872, 49.19619561 ], [ 18.39102031, 49.19589725 ], [ 18.39099836, 49.19562602 ], [ 18.39089304, 49.19527402 ], [ 18.3906896, 49.19486588 ], [ 18.39044254, 49.19454421 ], [ 18.39019673, 49.19436358 ], [ 18.39010879, 49.19425412 ], [ 18.39008847, 49.19413604 ], [ 18.39006819, 49.19397492 ], [ 18.3900994, 49.19393143 ], [ 18.39007383, 49.19380385 ], [ 18.38998966, 49.19372177 ], [ 18.3891726, 49.19316019 ], [ 18.38897499, 49.19303844 ], [ 18.38880974, 49.19293057 ], [ 18.38857, 49.19279385 ], [ 18.3882739, 49.19255908 ], [ 18.38811478, 49.19242926 ], [ 18.38819364, 49.19234942 ], [ 18.38869502, 49.19190113 ], [ 18.38810449, 49.19157805 ], [ 18.38836964, 49.19134744 ], [ 18.38778164, 49.19095988 ], [ 18.388, 49.19090121 ], [ 18.38763018, 49.18932864 ], [ 18.38761869, 49.18929389 ], [ 18.38693683, 49.18839847 ], [ 18.3869137, 49.18831831 ], [ 18.38689189, 49.18777257 ], [ 18.38683807, 49.18701578 ], [ 18.38676995, 49.18649392 ], [ 18.3867783, 49.18645585 ], [ 18.38670915, 49.1862071 ], [ 18.38667164, 49.18603654 ], [ 18.38664823, 49.18581107 ], [ 18.38666964, 49.18557004 ], [ 18.38668222, 49.18535163 ], [ 18.3865621, 49.1850913 ], [ 18.38634327, 49.18491765 ], [ 18.38588528, 49.18451976 ], [ 18.38588368, 49.18451823 ], [ 18.3861413, 49.184378 ], [ 18.38611353, 49.18435092 ], [ 18.38605124, 49.18430659 ], [ 18.38601228, 49.18428088 ], [ 18.38574353, 49.18407369 ], [ 18.38555367, 49.18392736 ], [ 18.38507579, 49.18355896 ], [ 18.38500897, 49.18369613 ], [ 18.38493776, 49.18375193 ], [ 18.38482825, 49.18390524 ], [ 18.38486657, 49.18391557 ], [ 18.38450099, 49.18437227 ], [ 18.38433482, 49.184274 ], [ 18.38428697, 49.18424572 ], [ 18.38438008, 49.18418346 ], [ 18.38434662, 49.18415571 ], [ 18.38393104, 49.18383371 ], [ 18.38372128, 49.18366778 ], [ 18.38371599, 49.18366505 ], [ 18.38367479, 49.1836439 ], [ 18.38350702, 49.18368948 ], [ 18.38335888, 49.18361477 ], [ 18.38325524, 49.18356544 ], [ 18.3831836, 49.18353376 ], [ 18.38317601, 49.18353181 ], [ 18.38313336, 49.18352087 ], [ 18.38288907, 49.18347657 ], [ 18.38264698, 49.18368317 ], [ 18.38234639, 49.18380965 ], [ 18.38219468, 49.1838812 ], [ 18.38191465, 49.18392291 ], [ 18.38176205, 49.18399603 ], [ 18.38164876, 49.1840504 ], [ 18.38142287, 49.18425844 ], [ 18.38138833, 49.18427214 ], [ 18.38139865, 49.18420494 ], [ 18.38138821, 49.18415987 ], [ 18.38107217, 49.18388715 ], [ 18.38099599, 49.18382454 ], [ 18.38092033, 49.18380916 ], [ 18.38071873, 49.18380845 ], [ 18.38038485, 49.18383643 ], [ 18.38015616, 49.18386437 ], [ 18.37996553, 49.1838982 ], [ 18.37979531, 49.18391999 ], [ 18.37943477, 49.18391021 ], [ 18.37908041, 49.1838653 ], [ 18.37815555, 49.18377126 ], [ 18.37741849, 49.18367715 ], [ 18.37703947, 49.18362492 ], [ 18.37696453, 49.18362103 ], [ 18.37670537, 49.18358843 ], [ 18.37635789, 49.18351691 ], [ 18.37600934, 49.1836501 ], [ 18.37586224, 49.18362074 ], [ 18.37571415, 49.1836044 ], [ 18.37557012, 49.18358432 ], [ 18.37542739, 49.18356269 ], [ 18.37521165, 49.18348809 ], [ 18.37490574, 49.18336653 ], [ 18.37479577, 49.18332894 ], [ 18.37468413, 49.18330226 ], [ 18.37445508, 49.18327638 ], [ 18.37413137, 49.18325652 ], [ 18.37380275, 49.18321492 ], [ 18.37345767, 49.18316329 ], [ 18.37328458, 49.18313374 ], [ 18.37310808, 49.1830901 ], [ 18.37288094, 49.1830516 ], [ 18.37243779, 49.18293316 ], [ 18.3722032, 49.18285643 ], [ 18.37218209, 49.1828493 ], [ 18.37203911, 49.18278704 ], [ 18.37185631, 49.18269729 ], [ 18.37168864, 49.18258096 ], [ 18.37155485, 49.18246136 ], [ 18.37141269, 49.18227334 ], [ 18.37133998, 49.18220847 ], [ 18.37128871, 49.18215238 ], [ 18.37115819, 49.18204587 ], [ 18.37099454, 49.18188887 ], [ 18.37082415, 49.18166995 ], [ 18.37072834, 49.18154732 ], [ 18.37060839, 49.18134834 ], [ 18.37015114, 49.18091496 ], [ 18.36979995, 49.18067093 ], [ 18.3695056, 49.18045153 ], [ 18.36861186, 49.17998714 ], [ 18.36841113, 49.17987113 ], [ 18.36820994, 49.17975022 ], [ 18.36796944, 49.17953922 ], [ 18.3679204, 49.17951818 ], [ 18.36789088, 49.17949524 ], [ 18.36768954, 49.17937441 ], [ 18.3673239, 49.17912623 ], [ 18.3668098, 49.17885834 ], [ 18.36684616, 49.17883798 ], [ 18.36736005, 49.17859921 ], [ 18.36702983, 49.17822611 ], [ 18.36629376, 49.17717798 ], [ 18.36597395, 49.1767245 ], [ 18.36596048, 49.17670092 ], [ 18.36591532, 49.17663496 ], [ 18.3651602, 49.17593484 ], [ 18.36512683, 49.17589905 ], [ 18.36491209, 49.17569354 ], [ 18.36396113, 49.17447578 ], [ 18.36365663, 49.17401809 ], [ 18.36365141, 49.17398712 ], [ 18.36351513, 49.17334935 ], [ 18.36347975, 49.17320244 ], [ 18.36342072, 49.17290089 ], [ 18.36342224, 49.17276353 ], [ 18.36339963, 49.17269883 ], [ 18.36316601, 49.17248089 ], [ 18.36307085, 49.17274427 ], [ 18.36272534, 49.1733429 ], [ 18.36273241, 49.17337019 ], [ 18.36258127, 49.17351611 ], [ 18.36238639, 49.1736661 ], [ 18.36220931, 49.17375498 ], [ 18.36212629, 49.17384883 ], [ 18.36198168, 49.17423914 ], [ 18.36190978, 49.17432359 ], [ 18.36187258, 49.17437179 ], [ 18.36189259, 49.17445124 ], [ 18.36195245, 49.17507529 ], [ 18.36199832, 49.17597995 ], [ 18.3620007, 49.17694104 ], [ 18.3617857, 49.17757219 ], [ 18.3619362, 49.17764319 ], [ 18.36223502, 49.17778082 ], [ 18.36227095, 49.17794472 ], [ 18.36253565, 49.17904042 ], [ 18.36253768, 49.17910885 ], [ 18.3626119, 49.17939725 ], [ 18.36262435, 49.18074163 ], [ 18.36262147, 49.18076602 ], [ 18.36265007, 49.18077375 ], [ 18.36270925, 49.1807579 ], [ 18.36313783, 49.18029764 ], [ 18.36317031, 49.1802785 ], [ 18.36323929, 49.1802124 ], [ 18.36438588, 49.18040733 ], [ 18.36555248, 49.18061148 ], [ 18.365129, 49.18155649 ], [ 18.36478715, 49.18192637 ], [ 18.36477389, 49.18195117 ], [ 18.36538735, 49.18215555 ], [ 18.36541871, 49.18216857 ], [ 18.36683567, 49.18269318 ], [ 18.36693204, 49.18363936 ], [ 18.3672664, 49.18377922 ], [ 18.36696978, 49.18421244 ], [ 18.36766545, 49.18471855 ], [ 18.36821471, 49.18521246 ], [ 18.36894393, 49.18572548 ], [ 18.36914067, 49.18590769 ], [ 18.3691944, 49.18595751 ], [ 18.36941817, 49.18626738 ], [ 18.36848759, 49.1866693 ], [ 18.36840783, 49.18670377 ], [ 18.36836878, 49.18672037 ], [ 18.36834088, 49.18673173 ], [ 18.36824434, 49.18677673 ], [ 18.36826227, 49.18685109 ], [ 18.36844364, 49.18731113 ], [ 18.36838045, 49.18733451 ], [ 18.36833951, 49.18734984 ], [ 18.36830885, 49.18736122 ], [ 18.36775023, 49.18732425 ], [ 18.36720001, 49.18729586 ], [ 18.366437, 49.18750663 ], [ 18.36538581, 49.18801572 ], [ 18.36343817, 49.1884777 ], [ 18.3630768, 49.18933338 ], [ 18.36286592, 49.18931489 ], [ 18.36064178, 49.18909716 ], [ 18.35998899, 49.18958268 ], [ 18.3599324, 49.18992645 ], [ 18.35854585, 49.18967753 ], [ 18.35853035, 49.18966431 ], [ 18.35787867, 49.18966002 ], [ 18.35768619, 49.18969615 ], [ 18.35748584, 49.18978239 ], [ 18.35740178, 49.18991164 ], [ 18.35875675, 49.19094316 ], [ 18.35833718, 49.19141574 ], [ 18.35997135, 49.19167851 ], [ 18.36002146, 49.19165729 ], [ 18.36065869, 49.19132748 ], [ 18.36112914, 49.19143006 ], [ 18.36151351, 49.1916978 ], [ 18.3616819, 49.19176816 ], [ 18.36171445, 49.19185823 ], [ 18.36179929, 49.19193578 ], [ 18.36200873, 49.19205499 ], [ 18.36228663, 49.19219958 ], [ 18.36354502, 49.19228483 ], [ 18.36379049, 49.19221806 ], [ 18.36399285, 49.19221207 ], [ 18.36439101, 49.19222633 ], [ 18.36513585, 49.19235488 ], [ 18.36669151, 49.19273439 ], [ 18.36676146, 49.19282491 ], [ 18.36694391, 49.19316372 ], [ 18.36712345, 49.19337061 ], [ 18.36716138, 49.19344365 ], [ 18.36716647, 49.19347353 ], [ 18.36750957, 49.19373706 ], [ 18.36761714, 49.19381676 ], [ 18.36773945, 49.19390288 ], [ 18.36814953, 49.19421073 ], [ 18.36849502, 49.1943706 ], [ 18.36897023, 49.19468712 ], [ 18.36960398, 49.19511207 ], [ 18.36986391, 49.19523082 ], [ 18.36993592, 49.19524582 ], [ 18.36996125, 49.19523947 ], [ 18.3701082, 49.19529473 ], [ 18.3701276, 49.19531936 ], [ 18.37018439, 49.19539146 ], [ 18.37027772, 49.19551008 ], [ 18.37033095, 49.19557765 ], [ 18.37034083, 49.19561421 ], [ 18.37035687, 49.19567339 ], [ 18.37041906, 49.195903 ], [ 18.37045474, 49.19603512 ], [ 18.3704846, 49.19608217 ], [ 18.3705222, 49.19614183 ], [ 18.37055651, 49.19619599 ], [ 18.37062033, 49.19661132 ], [ 18.37085045, 49.1967008 ], [ 18.37111903, 49.19678997 ], [ 18.37154685, 49.19714635 ], [ 18.37253783, 49.19818166 ], [ 18.37310146, 49.19884095 ], [ 18.37357925, 49.19911138 ], [ 18.37374377, 49.1991853 ], [ 18.37507896, 49.19991885 ], [ 18.37570124, 49.20024159 ], [ 18.37612489, 49.20061694 ], [ 18.37616655, 49.2005993 ], [ 18.37681187, 49.20038392 ], [ 18.37695784, 49.20033064 ], [ 18.37710653, 49.20028293 ], [ 18.37730886, 49.20020489 ], [ 18.37837216, 49.20020814 ], [ 18.37959727, 49.20101323 ], [ 18.37956184, 49.20160074 ], [ 18.3795338, 49.20199536 ], [ 18.38184216, 49.20306429 ], [ 18.38250572, 49.20339316 ], [ 18.38265253, 49.20377345 ], [ 18.38285549, 49.20436668 ], [ 18.38342497, 49.20521076 ], [ 18.38387451, 49.20547796 ], [ 18.3839905, 49.20627158 ], [ 18.38398903, 49.20630543 ], [ 18.38344191, 49.20638163 ], [ 18.38367474, 49.20677751 ], [ 18.38330098, 49.20877685 ], [ 18.3826257, 49.20976978 ], [ 18.38227581, 49.21027942 ], [ 18.38172656, 49.21024044 ], [ 18.38129971, 49.21021572 ], [ 18.38128615, 49.21030269 ], [ 18.38111937, 49.21126249 ], [ 18.38082436, 49.21255533 ], [ 18.38020208, 49.21280036 ], [ 18.38083172, 49.21376898 ], [ 18.38171044, 49.21503675 ], [ 18.38197616, 49.21495039 ], [ 18.3822945, 49.2151374 ], [ 18.38353624, 49.21587024 ], [ 18.38431523, 49.21632243 ], [ 18.38456102, 49.2169922 ], [ 18.38474376, 49.2173955 ], [ 18.38531349, 49.21867609 ], [ 18.38499345, 49.21899671 ], [ 18.38497109, 49.21884323 ], [ 18.38385859, 49.2178702 ], [ 18.38244423, 49.21854473 ], [ 18.38243458, 49.21862912 ], [ 18.3824005, 49.2187876 ], [ 18.38229496, 49.21906007 ], [ 18.38229079, 49.21908168 ], [ 18.38216107, 49.2194935 ], [ 18.38289343, 49.22028414 ], [ 18.38399444, 49.2210303 ], [ 18.38528167, 49.2203794 ] ] ] ] } },
{ "type": "Feature", "properties": { "@featureType": "CadastralZoning", "beginLifespanVersion": { "@nilReason": "http://inspire.ec.europa.eu/codelist/VoidReasonValue/Unpopulated", "@nil": "true" }, "endLifespanVersion": { "@nilReason": "http://inspire.ec.europa.eu/codelist/VoidReasonValue/Unpopulated", "@nil": "true" }, "estimatedAccuracy": { "value": -1, "@uom": "m" }, "inspireId": { "@dataType": "Identifier", "localId": "817287", "namespace": "SK.ESKN.CP", "versionId": "20260703T04:07:40" }, "label": "Horná Mariková", "level": { "@href": "http://inspire.ec.europa.eu/codelist/CadastralZoningLevelValue/3rdOrder" }, "levelName": { "value": "Katastrálne územie", "@locale": "sk" }, "name": { "@dataType": "name", "GeographicalName": { "@dataType": "GeographicalName", "language": "SLK", "nativeness": { "@href": "http://inspire.ec.europa.eu/codelist/NativenessValue/endonym", "@title": "endonym" }, "nameStatus": { "@href": "http://inspire.ec.europa.eu/codelist/NameStatusValue/official", "@title": "official" }, "sourceOfName": { "@nilReason": "http://inspire.ec.europa.eu/codelist/VoidReasonValue/Unpopulated", "@nil": "true" }, "pronunciation": { "@dataType": "pronunciation", "@nilReason": "http://inspire.ec.europa.eu/codelist/VoidReasonValue/Unpopulated", "@nil": "true" }, "spelling": { "@dataType": "SpellingOfName", "text": "Horná Mariková", "script": "LATN" } } }, "nationalCadastalZoningReference": "817287", "validFrom": "2026-06-30T16:00:00Z", "validTo": { "@nilReason": "http://inspire.ec.europa.eu/codelist/VoidReasonValue/Unpopulated", "@nil": "true" } }, "geometry": { "type": "MultiPolygon", "coordinates": [ [ [ [ 18.32267469, 49.31502142 ], [ 18.3231706, 49.31453628 ], [ 18.32337029, 49.31444679 ], [ 18.32508934, 49.31330542 ], [ 18.32460052, 49.31311409 ], [ 18.32424727, 49.31291526 ], [ 18.32351179, 49.31237571 ], [ 18.32348998, 49.31235771 ], [ 18.32304715, 49.31199377 ], [ 18.32157084, 49.31144187 ], [ 18.32102201, 49.31128752 ], [ 18.32088142, 49.31124791 ], [ 18.32002453, 49.31094317 ], [ 18.31839601, 49.31054689 ], [ 18.31699362, 49.31024661 ], [ 18.3159772, 49.30999267 ], [ 18.31489416, 49.30976596 ], [ 18.31453493, 49.30941784 ], [ 18.31381558, 49.30895034 ], [ 18.31311307, 49.30867952 ], [ 18.31178109, 49.30783573 ], [ 18.31028247, 49.30688171 ], [ 18.30923726, 49.30664921 ], [ 18.30736771, 49.30623369 ], [ 18.3058627, 49.30611055 ], [ 18.30465947, 49.30592043 ], [ 18.30383203, 49.30577803 ], [ 18.30344658, 49.30571134 ], [ 18.30320175, 49.30566894 ], [ 18.30359783, 49.30476928 ], [ 18.30397543, 49.30324793 ], [ 18.30476532, 49.301613 ], [ 18.30527274, 49.30079853 ], [ 18.30583509, 49.30010635 ], [ 18.30649949, 49.29945787 ], [ 18.30724764, 49.29859928 ], [ 18.30781054, 49.29808935 ], [ 18.30864591, 49.2972969 ], [ 18.30943845, 49.29595334 ], [ 18.30917574, 49.29485701 ], [ 18.30910593, 49.29444192 ], [ 18.30911658, 49.29440687 ], [ 18.30912804, 49.29436879 ], [ 18.30931219, 49.29375997 ], [ 18.3093226, 49.29372572 ], [ 18.30961912, 49.29261372 ], [ 18.30999155, 49.29151408 ], [ 18.3114044, 49.29140994 ], [ 18.31255829, 49.2913108 ], [ 18.31379624, 49.29094605 ], [ 18.31534467, 49.29036317 ], [ 18.31558979, 49.29022732 ], [ 18.31684972, 49.289919 ], [ 18.31808323, 49.28961001 ], [ 18.31868841, 49.28950292 ], [ 18.31875478, 49.28949119 ], [ 18.31973359, 49.28922861 ], [ 18.32252407, 49.28902524 ], [ 18.32309638, 49.28880077 ], [ 18.3235488, 49.28852124 ], [ 18.32408332, 49.28804793 ], [ 18.32467119, 49.28755998 ], [ 18.32517913, 49.28694213 ], [ 18.32559156, 49.28682733 ], [ 18.32634212, 49.28601598 ], [ 18.32707695, 49.28502758 ], [ 18.32728986, 49.28423308 ], [ 18.32731915, 49.28275554 ], [ 18.32742138, 49.28248544 ], [ 18.32744543, 49.28233146 ], [ 18.32650859, 49.2818573 ], [ 18.32607964, 49.28107538 ], [ 18.32574782, 49.28070418 ], [ 18.32511434, 49.28005659 ], [ 18.32457566, 49.27939191 ], [ 18.32427464, 49.27888723 ], [ 18.32432688, 49.2786388 ], [ 18.32572837, 49.27701462 ], [ 18.32645358, 49.27643164 ], [ 18.32662755, 49.27601943 ], [ 18.32728557, 49.27524046 ], [ 18.3281529, 49.27461016 ], [ 18.32853688, 49.27408385 ], [ 18.32939504, 49.27330755 ], [ 18.3293286, 49.27201384 ], [ 18.32929166, 49.27140774 ], [ 18.33014641, 49.27035734 ], [ 18.33115824, 49.26934485 ], [ 18.33198732, 49.26853461 ], [ 18.33226588, 49.26826242 ], [ 18.33331709, 49.26822805 ], [ 18.33469497, 49.26724829 ], [ 18.3362745, 49.26681402 ], [ 18.33744321, 49.26596157 ], [ 18.33863465, 49.2658569 ], [ 18.33888201, 49.26530347 ], [ 18.33885444, 49.26465946 ], [ 18.33933004, 49.26372913 ], [ 18.33971936, 49.26299886 ], [ 18.33986648, 49.26260636 ], [ 18.34008252, 49.26190534 ], [ 18.3398514, 49.26036584 ], [ 18.34002302, 49.25983995 ], [ 18.34009461, 49.25924975 ], [ 18.34058534, 49.25752013 ], [ 18.34080123, 49.25703109 ], [ 18.34096698, 49.25657356 ], [ 18.3410717, 49.25558603 ], [ 18.34146946, 49.25502473 ], [ 18.34200198, 49.254708 ], [ 18.34224863, 49.2545647 ], [ 18.34263348, 49.25399428 ], [ 18.34303753, 49.25367825 ], [ 18.34311546, 49.25348377 ], [ 18.34513325, 49.25186683 ], [ 18.34530096, 49.25173249 ], [ 18.34589152, 49.25179658 ], [ 18.34714737, 49.25164317 ], [ 18.34772392, 49.25181521 ], [ 18.34833517, 49.25201833 ], [ 18.34908419, 49.25232541 ], [ 18.34935867, 49.25240195 ], [ 18.34984478, 49.25254115 ], [ 18.35048514, 49.25100556 ], [ 18.35051993, 49.25075336 ], [ 18.35052723, 49.25070873 ], [ 18.3513443, 49.249983 ], [ 18.35185297, 49.24949416 ], [ 18.35277697, 49.24871525 ], [ 18.35358657, 49.24796788 ], [ 18.35516471, 49.24673617 ], [ 18.35564186, 49.24616452 ], [ 18.35563952, 49.24608263 ], [ 18.35570752, 49.24600356 ], [ 18.35574373, 49.24587842 ], [ 18.35598144, 49.24571411 ], [ 18.35619091, 49.24544111 ], [ 18.35628216, 49.245322 ], [ 18.35662133, 49.24476723 ], [ 18.35687531, 49.24425494 ], [ 18.35687183, 49.24420628 ], [ 18.35581018, 49.24411797 ], [ 18.35544388, 49.24408544 ], [ 18.35126315, 49.2437316 ], [ 18.35253895, 49.24187575 ], [ 18.35282828, 49.24146632 ], [ 18.35295684, 49.24129857 ], [ 18.35314178, 49.24105751 ], [ 18.35336869, 49.24077123 ], [ 18.3536437, 49.24045937 ], [ 18.35387947, 49.24019614 ], [ 18.35417575, 49.23997427 ], [ 18.35426888, 49.23985869 ], [ 18.35435156, 49.23968333 ], [ 18.35439712, 49.23940944 ], [ 18.35431206, 49.23909165 ], [ 18.35419895, 49.23877654 ], [ 18.35411557, 49.2385702 ], [ 18.35391829, 49.23809636 ], [ 18.35390081, 49.23808979 ], [ 18.35277955, 49.23713447 ], [ 18.35272595, 49.23708014 ], [ 18.35228784, 49.23671745 ], [ 18.35147858, 49.23581267 ], [ 18.35135393, 49.23463433 ], [ 18.35053199, 49.23323148 ], [ 18.35135491, 49.2310532 ], [ 18.34980025, 49.22923975 ], [ 18.34827685, 49.22842291 ], [ 18.34517408, 49.22725027 ], [ 18.34406674, 49.22615365 ], [ 18.34401402, 49.22602157 ], [ 18.34399983, 49.22597593 ], [ 18.34385023, 49.22559126 ], [ 18.34382527, 49.2255128 ], [ 18.34382584, 49.22544794 ], [ 18.34376912, 49.22527025 ], [ 18.34358254, 49.22492955 ], [ 18.34350107, 49.2248279 ], [ 18.34343995, 49.22462785 ], [ 18.34322511, 49.22434992 ], [ 18.34300867, 49.2240525 ], [ 18.34284966, 49.22377444 ], [ 18.34139497, 49.22287928 ], [ 18.3336203, 49.22210591 ], [ 18.3339453, 49.22130891 ], [ 18.33405205, 49.22104628 ], [ 18.33410226, 49.22073736 ], [ 18.33425688, 49.22054202 ], [ 18.33404475, 49.22049608 ], [ 18.33402545, 49.22049193 ], [ 18.33395018, 49.22046788 ], [ 18.33369837, 49.22039752 ], [ 18.33371026, 49.2203813 ], [ 18.33357796, 49.22030416 ], [ 18.3335605, 49.22029326 ], [ 18.33355579, 49.22029029 ], [ 18.33352699, 49.22027235 ], [ 18.33352495, 49.22027106 ], [ 18.33345322, 49.22023141 ], [ 18.33349262, 49.22019435 ], [ 18.33386446, 49.21985527 ], [ 18.3341001, 49.21963133 ], [ 18.33421842, 49.21951176 ], [ 18.33420077, 49.21950121 ], [ 18.33413609, 49.21946249 ], [ 18.33411845, 49.21945194 ], [ 18.33383051, 49.21937027 ], [ 18.33342035, 49.21924839 ], [ 18.33323239, 49.21920306 ], [ 18.33237843, 49.21906337 ], [ 18.33133258, 49.21892568 ], [ 18.32966477, 49.21865589 ], [ 18.3286763, 49.21852626 ], [ 18.327967, 49.21844289 ], [ 18.32596636, 49.21943836 ], [ 18.32497384, 49.21971974 ], [ 18.3238999, 49.21988672 ], [ 18.32105938, 49.22132517 ], [ 18.31899796, 49.22233879 ], [ 18.31744807, 49.22318948 ], [ 18.31703961, 49.22340878 ], [ 18.31651083, 49.22369067 ], [ 18.3148336, 49.22399541 ], [ 18.31258823, 49.22467536 ], [ 18.31023215, 49.22659934 ], [ 18.30998361, 49.22668244 ], [ 18.30755929, 49.22746908 ], [ 18.30608959, 49.22758659 ], [ 18.30569066, 49.22762246 ], [ 18.30510058, 49.22767108 ], [ 18.30427146, 49.22780053 ], [ 18.30411922, 49.22784678 ], [ 18.30365481, 49.22795028 ], [ 18.30316141, 49.22813111 ], [ 18.30262756, 49.22838224 ], [ 18.3021077, 49.2286559 ], [ 18.30199452, 49.22872898 ], [ 18.30184921, 49.22877905 ], [ 18.30134328, 49.22909582 ], [ 18.30112949, 49.22921218 ], [ 18.3009722, 49.22924848 ], [ 18.3004136, 49.22931753 ], [ 18.30011915, 49.2294142 ], [ 18.29969109, 49.22955465 ], [ 18.29895231, 49.22963155 ], [ 18.29852434, 49.22954563 ], [ 18.2981423, 49.22980102 ], [ 18.29743584, 49.23009227 ], [ 18.29681697, 49.23096478 ], [ 18.29599554, 49.2319021 ], [ 18.29503836, 49.23330608 ], [ 18.29464819, 49.23329349 ], [ 18.29304367, 49.23323776 ], [ 18.29279986, 49.2332294 ], [ 18.29207379, 49.23317484 ], [ 18.29082001, 49.23294661 ], [ 18.28873317, 49.23240742 ], [ 18.28737058, 49.23233775 ], [ 18.28626085, 49.23231053 ], [ 18.28522676, 49.23242021 ], [ 18.28460964, 49.23247363 ], [ 18.28431501, 49.23257124 ], [ 18.28314055, 49.23296012 ], [ 18.28234837, 49.23280964 ], [ 18.28162943, 49.23266714 ], [ 18.28000444, 49.23270882 ], [ 18.27937717, 49.23269448 ], [ 18.27828566, 49.23271107 ], [ 18.27733849, 49.23294481 ], [ 18.27546267, 49.2331344 ], [ 18.27142698, 49.23335672 ], [ 18.2714042, 49.23338956 ], [ 18.2713875, 49.23341389 ], [ 18.26925337, 49.23649896 ], [ 18.2690474, 49.2372613 ], [ 18.2684966, 49.23825938 ], [ 18.26839812, 49.23881296 ], [ 18.26839243, 49.23884468 ], [ 18.26838608, 49.23888043 ], [ 18.26789586, 49.24011603 ], [ 18.26783715, 49.24026391 ], [ 18.26770286, 49.24052332 ], [ 18.26698754, 49.24190437 ], [ 18.26640534, 49.24302847 ], [ 18.2662738, 49.24328253 ], [ 18.26611974, 49.24358 ], [ 18.26606214, 49.24379915 ], [ 18.26602305, 49.24394758 ], [ 18.26594779, 49.2443105 ], [ 18.26592636, 49.24441381 ], [ 18.26598661, 49.2450295 ], [ 18.26604559, 49.24563185 ], [ 18.26577767, 49.24659423 ], [ 18.26576592, 49.24663644 ], [ 18.26551296, 49.24754469 ], [ 18.26524894, 49.24849294 ], [ 18.26475436, 49.24906708 ], [ 18.26306393, 49.24966906 ], [ 18.26296865, 49.24978346 ], [ 18.26296007, 49.25000284 ], [ 18.26223922, 49.25138086 ], [ 18.26198092, 49.25181325 ], [ 18.2614161, 49.25275835 ], [ 18.26117069, 49.25316917 ], [ 18.26110598, 49.25370092 ], [ 18.26114013, 49.25390358 ], [ 18.26130838, 49.25485092 ], [ 18.26185512, 49.25688768 ], [ 18.26181168, 49.25704291 ], [ 18.26173952, 49.25730112 ], [ 18.26144371, 49.25835904 ], [ 18.26123316, 49.25911156 ], [ 18.26118391, 49.25928785 ], [ 18.26139851, 49.26015665 ], [ 18.26148045, 49.26048872 ], [ 18.26150996, 49.26060826 ], [ 18.26202617, 49.2612065 ], [ 18.26229231, 49.26151483 ], [ 18.26242557, 49.26155014 ], [ 18.26251025, 49.26180591 ], [ 18.26263711, 49.26218871 ], [ 18.26263831, 49.26240819 ], [ 18.26261846, 49.26254128 ], [ 18.26259012, 49.26273157 ], [ 18.26256465, 49.26290216 ], [ 18.26255015, 49.26299981 ], [ 18.26253665, 49.26309093 ], [ 18.26247897, 49.26319283 ], [ 18.26241324, 49.26330881 ], [ 18.26226809, 49.26356517 ], [ 18.26119663, 49.26362312 ], [ 18.26100618, 49.26373423 ], [ 18.26073775, 49.26389086 ], [ 18.26055969, 49.26399473 ], [ 18.26025633, 49.26426898 ], [ 18.25980239, 49.26466254 ], [ 18.25978853, 49.26467458 ], [ 18.25856349, 49.26554391 ], [ 18.25841721, 49.26564731 ], [ 18.25819385, 49.26580504 ], [ 18.25708087, 49.26643455 ], [ 18.25608206, 49.26751338 ], [ 18.25573714, 49.26764204 ], [ 18.25556155, 49.26767149 ], [ 18.2548225, 49.26779552 ], [ 18.25437036, 49.26785125 ], [ 18.25373242, 49.26810498 ], [ 18.25316271, 49.26798213 ], [ 18.2521829, 49.26849402 ], [ 18.2519383, 49.26876868 ], [ 18.25140296, 49.26936982 ], [ 18.24985373, 49.27110919 ], [ 18.24910985, 49.27250708 ], [ 18.24886128, 49.27272474 ], [ 18.24886232, 49.2729962 ], [ 18.24871073, 49.2730788 ], [ 18.24839069, 49.27355499 ], [ 18.24812068, 49.27464133 ], [ 18.2489416, 49.27512659 ], [ 18.24927111, 49.27561661 ], [ 18.24867918, 49.27679986 ], [ 18.24856508, 49.27752821 ], [ 18.24831008, 49.27822856 ], [ 18.24786635, 49.27847492 ], [ 18.24774455, 49.27875208 ], [ 18.24764043, 49.27898087 ], [ 18.2476692, 49.27917384 ], [ 18.24788762, 49.27946958 ], [ 18.24848258, 49.27994073 ], [ 18.24821293, 49.28075831 ], [ 18.24820238, 49.28079021 ], [ 18.24804879, 49.28125602 ], [ 18.24767927, 49.28173455 ], [ 18.24740195, 49.28258708 ], [ 18.24753544, 49.28310015 ], [ 18.24748637, 49.28347213 ], [ 18.24752318, 49.28359578 ], [ 18.24753964, 49.28365087 ], [ 18.24762038, 49.28392159 ], [ 18.24734207, 49.28526696 ], [ 18.24818099, 49.28575928 ], [ 18.24827127, 49.2858123 ], [ 18.24839901, 49.28605418 ], [ 18.24814093, 49.2873487 ], [ 18.24814827, 49.28741545 ], [ 18.24838191, 49.28953253 ], [ 18.24833651, 49.29008071 ], [ 18.24851145, 49.29045125 ], [ 18.24857655, 49.29128005 ], [ 18.2485179, 49.29164003 ], [ 18.24869582, 49.29181957 ], [ 18.24881847, 49.29230521 ], [ 18.24879329, 49.29287169 ], [ 18.24872509, 49.29302155 ], [ 18.24852311, 49.29346477 ], [ 18.24842625, 49.29394489 ], [ 18.24840918, 49.29398851 ], [ 18.24825062, 49.29439231 ], [ 18.24811359, 49.29474064 ], [ 18.24841047, 49.29483339 ], [ 18.24872242, 49.29508079 ], [ 18.24925529, 49.29528441 ], [ 18.24938695, 49.29548734 ], [ 18.25012248, 49.29587677 ], [ 18.2504321, 49.29600796 ], [ 18.25064348, 49.29607738 ], [ 18.25104663, 49.29620572 ], [ 18.25197294, 49.29634154 ], [ 18.25204349, 49.29635174 ], [ 18.25275022, 49.29646579 ], [ 18.25338056, 49.29646198 ], [ 18.25471267, 49.29662454 ], [ 18.25519279, 49.29669465 ], [ 18.25540174, 49.29672493 ], [ 18.25607307, 49.29682279 ], [ 18.25712327, 49.29709732 ], [ 18.25718771, 49.29711413 ], [ 18.25771376, 49.29737934 ], [ 18.25832384, 49.29768665 ], [ 18.25895532, 49.29802115 ], [ 18.25945204, 49.29828388 ], [ 18.25987785, 49.29834632 ], [ 18.26058634, 49.29845039 ], [ 18.26149667, 49.29862621 ], [ 18.26221814, 49.29844516 ], [ 18.26258351, 49.29835346 ], [ 18.26355882, 49.29828516 ], [ 18.26362511, 49.29828059 ], [ 18.26376204, 49.29827097 ], [ 18.26447649, 49.29849964 ], [ 18.2651013, 49.29868697 ], [ 18.26560509, 49.29896344 ], [ 18.26625888, 49.2993218 ], [ 18.26677841, 49.29947342 ], [ 18.26768366, 49.29973753 ], [ 18.2686805, 49.30019505 ], [ 18.26959591, 49.30077877 ], [ 18.2706903, 49.30146983 ], [ 18.27085984, 49.30155229 ], [ 18.27113679, 49.301687 ], [ 18.27189716, 49.30208454 ], [ 18.27256994, 49.30212903 ], [ 18.27373731, 49.30197858 ], [ 18.27486417, 49.30174776 ], [ 18.27551276, 49.30204567 ], [ 18.27623019, 49.30237425 ], [ 18.27649675, 49.30249789 ], [ 18.27717212, 49.30280947 ], [ 18.27799333, 49.30318881 ], [ 18.27803106, 49.30320628 ], [ 18.27814479, 49.30325878 ], [ 18.27855021, 49.30332036 ], [ 18.27883454, 49.30336331 ], [ 18.27922615, 49.30348061 ], [ 18.27974092, 49.30363442 ], [ 18.28066483, 49.30369947 ], [ 18.28155991, 49.30376235 ], [ 18.28223236, 49.30359603 ], [ 18.28278369, 49.30345974 ], [ 18.28335804, 49.30331832 ], [ 18.28419183, 49.30311827 ], [ 18.2856613, 49.30314556 ], [ 18.28661008, 49.3033051 ], [ 18.28779302, 49.3036672 ], [ 18.2876963, 49.30381006 ], [ 18.28814262, 49.30443869 ], [ 18.28856543, 49.30449715 ], [ 18.2889736, 49.3045537 ], [ 18.28947086, 49.30413907 ], [ 18.28953381, 49.30413159 ], [ 18.29047299, 49.30407819 ], [ 18.2916402, 49.30401193 ], [ 18.29209371, 49.30411316 ], [ 18.29212442, 49.30412002 ], [ 18.29247361, 49.30419789 ], [ 18.29344713, 49.30428475 ], [ 18.29447643, 49.30437563 ], [ 18.29525832, 49.30427123 ], [ 18.29621776, 49.30433913 ], [ 18.29632579, 49.30434681 ], [ 18.29696496, 49.30439208 ], [ 18.29837956, 49.30466469 ], [ 18.29976709, 49.30515688 ], [ 18.30066275, 49.30538003 ], [ 18.30123686, 49.30545421 ], [ 18.30258537, 49.30579122 ], [ 18.30313511, 49.30592513 ], [ 18.30292762, 49.30634745 ], [ 18.30265994, 49.30687326 ], [ 18.30226154, 49.30752776 ], [ 18.30209051, 49.30781584 ], [ 18.30198101, 49.30814111 ], [ 18.30193556, 49.30832178 ], [ 18.30188172, 49.30852643 ], [ 18.30169442, 49.30887876 ], [ 18.30143576, 49.30928368 ], [ 18.30136676, 49.30943018 ], [ 18.30108805, 49.31002206 ], [ 18.30123716, 49.31004918 ], [ 18.30227325, 49.31024099 ], [ 18.30348059, 49.31047324 ], [ 18.30425363, 49.31062054 ], [ 18.30493249, 49.31074073 ], [ 18.30563119, 49.31086644 ], [ 18.3058201, 49.31090805 ], [ 18.30598794, 49.31094505 ], [ 18.30607058, 49.3109633 ], [ 18.30631606, 49.31101673 ], [ 18.30727003, 49.31121609 ], [ 18.30796583, 49.31136094 ], [ 18.30817843, 49.31140505 ], [ 18.30848694, 49.311462 ], [ 18.30886008, 49.31152726 ], [ 18.30909515, 49.31156847 ], [ 18.31018974, 49.31177241 ], [ 18.31063065, 49.31185571 ], [ 18.31072076, 49.31187275 ], [ 18.31125433, 49.31197368 ], [ 18.31213932, 49.3121445 ], [ 18.31309779, 49.31232872 ], [ 18.31417567, 49.31254036 ], [ 18.31514082, 49.31274009 ], [ 18.31607018, 49.31295713 ], [ 18.31641028, 49.31302179 ], [ 18.31671632, 49.31309573 ], [ 18.31748788, 49.31335954 ], [ 18.31826803, 49.31362203 ], [ 18.3189444, 49.31384749 ], [ 18.31944855, 49.31401749 ], [ 18.31977812, 49.31413542 ], [ 18.32060871, 49.31441569 ], [ 18.32139956, 49.31469797 ], [ 18.32186054, 49.31485626 ], [ 18.32230177, 49.31500396 ], [ 18.32243626, 49.31504919 ], [ 18.3226056, 49.31510872 ], [ 18.32267469, 49.31502142 ] ] ] ] } },
{ "type": "Feature", "properties": { "@featureType": "CadastralZoning", "beginLifespanVersion": { "@nilReason": "http://inspire.ec.europa.eu/codelist/VoidReasonValue/Unpopulated", "@nil": "true" }, "endLifespanVersion": { "@nilReason": "http://inspire.ec.europa.eu/codelist/VoidReasonValue/Unpopulated", "@nil": "true" }, "estimatedAccuracy": { "value": -1, "@uom": "m" }, "inspireId": { "@dataType": "Identifier", "localId": "818402", "namespace": "SK.ESKN.CP", "versionId": "20260703T04:07:40" }, "label": "Horný Lieskov", "level": { "@href": "http://inspire.ec.europa.eu/codelist/CadastralZoningLevelValue/3rdOrder" }, "levelName": { "value": "Katastrálne územie", "@locale": "sk" }, "name": { "@dataType": "name", "GeographicalName": { "@dataType": "GeographicalName", "language": "SLK", "nativeness": { "@href": "http://inspire.ec.europa.eu/codelist/NativenessValue/endonym", "@title": "endonym" }, "nameStatus": { "@href": "http://inspire.ec.europa.eu/codelist/NameStatusValue/official", "@title": "official" }, "sourceOfName": { "@nilReason": "http://inspire.ec.europa.eu/codelist/VoidReasonValue/Unpopulated", "@nil": "true" }, "pronunciation": { "@dataType": "pronunciation", "@nilReason": "http://inspire.ec.europa.eu/codelist/VoidReasonValue/Unpopulated", "@nil": "true" }, "spelling": { "@dataType": "SpellingOfName", "text": "Horný Lieskov", "script": "LATN" } } }, "nationalCadastalZoningReference": "818402", "validFrom": "2026-06-30T16:00:00Z", "validTo": { "@nilReason": "http://inspire.ec.europa.eu/codelist/VoidReasonValue/Unpopulated", "@nil": "true" } }, "geometry": { "type": "MultiPolygon", "coordinates": [ [ [ [ 18.4221613, 49.07786683 ], [ 18.42225709, 49.07785794 ], [ 18.42237012, 49.07779695 ], [ 18.42259543, 49.07773772 ], [ 18.42270992, 49.07776091 ], [ 18.42292186, 49.07781592 ], [ 18.4230323, 49.07781813 ], [ 18.42332734, 49.07777756 ], [ 18.42360975, 49.07777996 ], [ 18.42370896, 49.07770024 ], [ 18.42393603, 49.07769815 ], [ 18.42407143, 49.0777104 ], [ 18.42430589, 49.07767622 ], [ 18.4246319, 49.07759006 ], [ 18.42485432, 49.07759962 ], [ 18.4248906, 49.07761461 ], [ 18.42514402, 49.07754818 ], [ 18.42530814, 49.077441 ], [ 18.42540893, 49.07738005 ], [ 18.4254829, 49.07728495 ], [ 18.42557934, 49.07724082 ], [ 18.425748, 49.07707983 ], [ 18.42590452, 49.07702132 ], [ 18.4260077, 49.07693622 ], [ 18.42605862, 49.07684518 ], [ 18.4261212, 49.0767758 ], [ 18.42629098, 49.07670277 ], [ 18.42650619, 49.07661501 ], [ 18.42653354, 49.07661056 ], [ 18.42673471, 49.07651228 ], [ 18.42684542, 49.07637471 ], [ 18.42692535, 49.07635114 ], [ 18.42704576, 49.07631835 ], [ 18.42709304, 49.07625038 ], [ 18.42714778, 49.07617669 ], [ 18.42702163, 49.07614808 ], [ 18.42705016, 49.07609569 ], [ 18.42717385, 49.07602427 ], [ 18.42769799, 49.07582034 ], [ 18.42791728, 49.07590814 ], [ 18.42808338, 49.07591116 ], [ 18.42845723, 49.0757622 ], [ 18.42856989, 49.07570505 ], [ 18.42875687, 49.07559732 ], [ 18.42935675, 49.07551442 ], [ 18.4295778, 49.07548518 ], [ 18.42978073, 49.07548915 ], [ 18.42996318, 49.07548034 ], [ 18.43009592, 49.07548973 ], [ 18.43021269, 49.07546593 ], [ 18.43028897, 49.07542041 ], [ 18.43044976, 49.07543496 ], [ 18.43053577, 49.0754628 ], [ 18.43068308, 49.0754193 ], [ 18.43099782, 49.07541904 ], [ 18.43102349, 49.07537831 ], [ 18.43115636, 49.07534033 ], [ 18.43128088, 49.07527951 ], [ 18.43144889, 49.07516324 ], [ 18.43162619, 49.07514304 ], [ 18.43167244, 49.07509821 ], [ 18.43169733, 49.07508081 ], [ 18.43175609, 49.07511112 ], [ 18.4318853, 49.07506419 ], [ 18.4321353, 49.07486408 ], [ 18.43217457, 49.07486417 ], [ 18.4322649, 49.0748872 ], [ 18.43234224, 49.07488288 ], [ 18.43242007, 49.07471327 ], [ 18.43263597, 49.07460054 ], [ 18.43268333, 49.074562 ], [ 18.43276813, 49.07455629 ], [ 18.43293397, 49.07464096 ], [ 18.43309491, 49.07467365 ], [ 18.43328483, 49.07456968 ], [ 18.43338017, 49.0745771 ], [ 18.43351721, 49.07454088 ], [ 18.43363765, 49.07439473 ], [ 18.43384243, 49.07441106 ], [ 18.43390718, 49.07437619 ], [ 18.43394267, 49.07422942 ], [ 18.43412308, 49.07407394 ], [ 18.43428553, 49.07405609 ], [ 18.43435957, 49.07401838 ], [ 18.43436861, 49.07389687 ], [ 18.43473322, 49.07374793 ], [ 18.43481262, 49.07363589 ], [ 18.43484606, 49.07348793 ], [ 18.43503687, 49.07351143 ], [ 18.43530309, 49.07345858 ], [ 18.43544932, 49.07332875 ], [ 18.43543873, 49.073289 ], [ 18.43552447, 49.07320158 ], [ 18.43556724, 49.07318932 ], [ 18.43580429, 49.07319389 ], [ 18.43593376, 49.07291648 ], [ 18.4360916, 49.07292499 ], [ 18.43625512, 49.07267897 ], [ 18.43643458, 49.07266981 ], [ 18.43656106, 49.07245135 ], [ 18.4366527, 49.07241353 ], [ 18.43680202, 49.07223892 ], [ 18.43705243, 49.07211607 ], [ 18.43718067, 49.07199905 ], [ 18.43723095, 49.07196987 ], [ 18.43816518, 49.07146946 ], [ 18.43822178, 49.07140797 ], [ 18.43824589, 49.07141606 ], [ 18.43880977, 49.07106663 ], [ 18.43938509, 49.07077072 ], [ 18.43994297, 49.07019246 ], [ 18.44029435, 49.06975463 ], [ 18.44103316, 49.06881156 ], [ 18.44159365, 49.06811108 ], [ 18.44194152, 49.06768658 ], [ 18.44216085, 49.06763277 ], [ 18.44249002, 49.06707469 ], [ 18.44277662, 49.06687766 ], [ 18.44313667, 49.06644689 ], [ 18.44338949, 49.06624539 ], [ 18.44364083, 49.0660448 ], [ 18.44375666, 49.06595488 ], [ 18.44392289, 49.06575611 ], [ 18.44407363, 49.06556027 ], [ 18.44417402, 49.06544821 ], [ 18.44422921, 49.06539331 ], [ 18.44435341, 49.06528625 ], [ 18.44457074, 49.06513369 ], [ 18.44467846, 49.06509125 ], [ 18.44524003, 49.06489381 ], [ 18.4453597, 49.06483623 ], [ 18.44540053, 49.06481655 ], [ 18.44613564, 49.06446306 ], [ 18.4465411, 49.0641002 ], [ 18.44666522, 49.06362586 ], [ 18.44667688, 49.06358066 ], [ 18.44690746, 49.06269823 ], [ 18.44693549, 49.0626625 ], [ 18.44727478, 49.06223031 ], [ 18.44822338, 49.06130929 ], [ 18.4482946, 49.06123099 ], [ 18.44831968, 49.06120331 ], [ 18.44910245, 49.06034203 ], [ 18.44922518, 49.06036059 ], [ 18.44962608, 49.06042169 ], [ 18.45011232, 49.05988432 ], [ 18.45016902, 49.05982183 ], [ 18.45018914, 49.05979965 ], [ 18.45001072, 49.05978164 ], [ 18.44993832, 49.05975925 ], [ 18.44981563, 49.05970576 ], [ 18.44960611, 49.05961601 ], [ 18.44922049, 49.05945107 ], [ 18.44898871, 49.0593517 ], [ 18.44865606, 49.05916015 ], [ 18.44856605, 49.05910025 ], [ 18.44812337, 49.05880547 ], [ 18.44763852, 49.05848274 ], [ 18.44710938, 49.05813041 ], [ 18.44670291, 49.05785981 ], [ 18.44645102, 49.05768551 ], [ 18.44629643, 49.05757847 ], [ 18.44580046, 49.05726784 ], [ 18.44540935, 49.05699637 ], [ 18.44533006, 49.05693967 ], [ 18.44528735, 49.05691927 ], [ 18.44525566, 49.05688775 ], [ 18.44445015, 49.0563769 ], [ 18.4443485, 49.05633296 ], [ 18.44432734, 49.05631799 ], [ 18.44349509, 49.05573049 ], [ 18.44345918, 49.05570514 ], [ 18.4423121, 49.05505186 ], [ 18.44226101, 49.05502288 ], [ 18.44133374, 49.05449719 ], [ 18.44086614, 49.0542639 ], [ 18.44039647, 49.05402959 ], [ 18.4395368, 49.05359965 ], [ 18.43870271, 49.05301229 ], [ 18.43766189, 49.05234495 ], [ 18.43715668, 49.05255988 ], [ 18.43754864, 49.05297492 ], [ 18.43811673, 49.05337619 ], [ 18.43798031, 49.05346614 ], [ 18.43817053, 49.05363273 ], [ 18.43859221, 49.05379311 ], [ 18.43874487, 49.05370496 ], [ 18.43933443, 49.0541426 ], [ 18.43964511, 49.05446291 ], [ 18.43921416, 49.05465424 ], [ 18.43839926, 49.0550161 ], [ 18.43815068, 49.05512424 ], [ 18.43685604, 49.05567202 ], [ 18.43579514, 49.05604496 ], [ 18.43562533, 49.05610599 ], [ 18.43554656, 49.05613143 ], [ 18.43537885, 49.05594984 ], [ 18.43527466, 49.05577625 ], [ 18.43522022, 49.0556433 ], [ 18.43489233, 49.05525344 ], [ 18.43471426, 49.05511007 ], [ 18.43443847, 49.05496854 ], [ 18.43313576, 49.05444917 ], [ 18.43293198, 49.05435672 ], [ 18.43264688, 49.05421287 ], [ 18.43249105, 49.05412126 ], [ 18.4321975, 49.05389302 ], [ 18.43138868, 49.0540551 ], [ 18.43113052, 49.05405531 ], [ 18.43101802, 49.05405452 ], [ 18.43087225, 49.05404558 ], [ 18.43062256, 49.0540977 ], [ 18.43047049, 49.05414888 ], [ 18.43026935, 49.05430474 ], [ 18.43016001, 49.05447288 ], [ 18.42994588, 49.05472729 ], [ 18.42989943, 49.05478249 ], [ 18.43010686, 49.05485709 ], [ 18.43083743, 49.05522223 ], [ 18.43140163, 49.05548164 ], [ 18.4318018, 49.05568147 ], [ 18.43161142, 49.05602203 ], [ 18.43151789, 49.05617389 ], [ 18.43147707, 49.05621406 ], [ 18.43131457, 49.05635761 ], [ 18.43093388, 49.05666151 ], [ 18.43071208, 49.05678555 ], [ 18.43076408, 49.05684075 ], [ 18.43068507, 49.05687881 ], [ 18.43056968, 49.05694374 ], [ 18.4304114, 49.05706497 ], [ 18.43031455, 49.05710295 ], [ 18.43015828, 49.05713314 ], [ 18.43007586, 49.0571656 ], [ 18.42997018, 49.05730506 ], [ 18.42973151, 49.05740525 ], [ 18.42951025, 49.05749809 ], [ 18.42949747, 49.05750894 ], [ 18.42944082, 49.05752675 ], [ 18.4289701, 49.05767407 ], [ 18.428764, 49.05776107 ], [ 18.42870319, 49.0577857 ], [ 18.42816689, 49.05810356 ], [ 18.42774874, 49.05832416 ], [ 18.42754544, 49.05845373 ], [ 18.42722781, 49.05859685 ], [ 18.42676212, 49.05871646 ], [ 18.42656263, 49.05877314 ], [ 18.42632061, 49.05887259 ], [ 18.42620955, 49.05890347 ], [ 18.42613144, 49.05894518 ], [ 18.42604255, 49.05897457 ], [ 18.42589447, 49.05898355 ], [ 18.42567573, 49.05896517 ], [ 18.42551039, 49.05892654 ], [ 18.42503304, 49.05888586 ], [ 18.42472236, 49.05885942 ], [ 18.42458335, 49.05886403 ], [ 18.42448906, 49.05888626 ], [ 18.42444202, 49.0588954 ], [ 18.4241204, 49.05895788 ], [ 18.42409869, 49.05896119 ], [ 18.42410171, 49.05896876 ], [ 18.42419626, 49.05920572 ], [ 18.42416545, 49.05922117 ], [ 18.42412288, 49.0592319 ], [ 18.42404343, 49.05925189 ], [ 18.42389097, 49.05931657 ], [ 18.42352166, 49.05935891 ], [ 18.42331999, 49.05943261 ], [ 18.42344788, 49.05974289 ], [ 18.42335099, 49.05981335 ], [ 18.42318059, 49.0597498 ], [ 18.42303708, 49.05972293 ], [ 18.42287639, 49.05961569 ], [ 18.4228311, 49.05952837 ], [ 18.42268119, 49.05923899 ], [ 18.42262741, 49.0591354 ], [ 18.42258329, 49.05893262 ], [ 18.42250831, 49.05878861 ], [ 18.42198928, 49.05894947 ], [ 18.42196029, 49.05896141 ], [ 18.4211055, 49.05928874 ], [ 18.42117546, 49.05945053 ], [ 18.42136475, 49.05971005 ], [ 18.42157266, 49.06010325 ], [ 18.42175505, 49.06034163 ], [ 18.42200035, 49.060625 ], [ 18.42184472, 49.06068229 ], [ 18.42142033, 49.06084386 ], [ 18.42076554, 49.06103514 ], [ 18.42042623, 49.06112199 ], [ 18.41976396, 49.06128577 ], [ 18.41942985, 49.06139637 ], [ 18.41939448, 49.06141517 ], [ 18.41959214, 49.0614879 ], [ 18.41971958, 49.06156849 ], [ 18.42013406, 49.06177456 ], [ 18.42029066, 49.0618924 ], [ 18.42049258, 49.06232174 ], [ 18.42050282, 49.06234902 ], [ 18.4205317, 49.06256359 ], [ 18.42039796, 49.06265367 ], [ 18.42025201, 49.0626781 ], [ 18.4201111, 49.0626631 ], [ 18.41985456, 49.06269325 ], [ 18.41935541, 49.06270892 ], [ 18.4188367, 49.06283459 ], [ 18.41866412, 49.06289545 ], [ 18.41844586, 49.06294838 ], [ 18.41822787, 49.06295619 ], [ 18.41802809, 49.06293975 ], [ 18.41782504, 49.06290597 ], [ 18.41765997, 49.06284361 ], [ 18.41732635, 49.06279992 ], [ 18.41679209, 49.0626928 ], [ 18.41664889, 49.06269572 ], [ 18.41652516, 49.06266452 ], [ 18.41636905, 49.06273622 ], [ 18.41620376, 49.06277221 ], [ 18.41614859, 49.06281699 ], [ 18.41605947, 49.06283734 ], [ 18.41586979, 49.06283859 ], [ 18.41556053, 49.06275473 ], [ 18.4149117, 49.06266293 ], [ 18.41448619, 49.06257534 ], [ 18.4143189, 49.06268071 ], [ 18.41412165, 49.06283767 ], [ 18.4139391, 49.06296565 ], [ 18.41353802, 49.06317 ], [ 18.41339743, 49.06327053 ], [ 18.41324982, 49.06335081 ], [ 18.41305817, 49.06338895 ], [ 18.41280131, 49.06340002 ], [ 18.41243203, 49.06351678 ], [ 18.4121735, 49.06359454 ], [ 18.41202663, 49.06362613 ], [ 18.41185157, 49.06365255 ], [ 18.41166733, 49.06366493 ], [ 18.41147344, 49.06366685 ], [ 18.41130163, 49.06364652 ], [ 18.41108179, 49.06358293 ], [ 18.41080569, 49.06352976 ], [ 18.41064342, 49.06350996 ], [ 18.41053275, 49.06348399 ], [ 18.41041385, 49.06341515 ], [ 18.41037783, 49.06340684 ], [ 18.41032883, 49.06351062 ], [ 18.41027081, 49.0636527 ], [ 18.41010194, 49.06392042 ], [ 18.40995077, 49.06411421 ], [ 18.40978146, 49.06418155 ], [ 18.40909899, 49.06436311 ], [ 18.40897066, 49.06437858 ], [ 18.4087371, 49.0643792 ], [ 18.40847275, 49.0643736 ], [ 18.40789516, 49.0642081 ], [ 18.40757915, 49.06406969 ], [ 18.40741823, 49.06397506 ], [ 18.40714877, 49.06376603 ], [ 18.40662749, 49.06350085 ], [ 18.40628509, 49.06331134 ], [ 18.40607836, 49.06322049 ], [ 18.40530529, 49.06298369 ], [ 18.40521438, 49.06297505 ], [ 18.40506846, 49.0629778 ], [ 18.40460914, 49.06302548 ], [ 18.40428903, 49.06307997 ], [ 18.40341104, 49.06320103 ], [ 18.40307653, 49.06322854 ], [ 18.40295572, 49.06322817 ], [ 18.40230565, 49.06314616 ], [ 18.40185735, 49.06310781 ], [ 18.4017126, 49.06307994 ], [ 18.40116489, 49.06302435 ], [ 18.4007791, 49.06299125 ], [ 18.40051, 49.06297996 ], [ 18.40021957, 49.06295504 ], [ 18.39997041, 49.06296813 ], [ 18.39945961, 49.06301023 ], [ 18.39895913, 49.06306824 ], [ 18.39874422, 49.06307348 ], [ 18.39844746, 49.06308502 ], [ 18.39827564, 49.0630755 ], [ 18.39795546, 49.06309837 ], [ 18.39794212, 49.06309953 ], [ 18.3979136, 49.06311203 ], [ 18.39671383, 49.06363748 ], [ 18.39664504, 49.06365659 ], [ 18.39701196, 49.06377258 ], [ 18.3971589, 49.06385833 ], [ 18.39734216, 49.06389646 ], [ 18.39748785, 49.06390634 ], [ 18.39762563, 49.06395639 ], [ 18.39778506, 49.06405186 ], [ 18.39785089, 49.06410604 ], [ 18.39795339, 49.06419565 ], [ 18.39817594, 49.06433432 ], [ 18.39831279, 49.06440237 ], [ 18.39847488, 49.0644664 ], [ 18.39858129, 49.06460044 ], [ 18.39875469, 49.0647048 ], [ 18.39878565, 49.06482745 ], [ 18.39880564, 49.0649179 ], [ 18.39902243, 49.0650373 ], [ 18.39891499, 49.06513603 ], [ 18.39878191, 49.06537052 ], [ 18.39893039, 49.06557277 ], [ 18.39905224, 49.06563999 ], [ 18.39919731, 49.06576173 ], [ 18.39949977, 49.06590934 ], [ 18.39961499, 49.06600687 ], [ 18.39975951, 49.06596163 ], [ 18.39998665, 49.06583974 ], [ 18.40003882, 49.06583992 ], [ 18.40022375, 49.06590792 ], [ 18.40024917, 49.0659346 ], [ 18.40045342, 49.06601269 ], [ 18.40052581, 49.06601579 ], [ 18.4006078, 49.06606185 ], [ 18.40100811, 49.06613184 ], [ 18.40129418, 49.06621446 ], [ 18.40122922, 49.06650687 ], [ 18.40115384, 49.0666877 ], [ 18.40123308, 49.06683016 ], [ 18.40143643, 49.06697949 ], [ 18.40153434, 49.06703004 ], [ 18.40184142, 49.0672916 ], [ 18.40192387, 49.06733407 ], [ 18.40209166, 49.0673966 ], [ 18.40226597, 49.06742972 ], [ 18.40250362, 49.06744016 ], [ 18.40299204, 49.06758361 ], [ 18.40346557, 49.06798253 ], [ 18.40357872, 49.06802128 ], [ 18.40366456, 49.06800528 ], [ 18.40379112, 49.06796084 ], [ 18.4038826, 49.0678901 ], [ 18.4040422, 49.06779154 ], [ 18.40419493, 49.06772509 ], [ 18.40432604, 49.06776303 ], [ 18.40452022, 49.06789831 ], [ 18.4046538, 49.06795985 ], [ 18.40477869, 49.06789637 ], [ 18.40489435, 49.06792623 ], [ 18.40510992, 49.06804465 ], [ 18.40523369, 49.06813993 ], [ 18.40531756, 49.06823572 ], [ 18.40536522, 49.06837824 ], [ 18.40555821, 49.06846923 ], [ 18.40585594, 49.068371 ], [ 18.40590241, 49.06835562 ], [ 18.40600193, 49.06830788 ], [ 18.40629188, 49.06822104 ], [ 18.40682092, 49.06799401 ], [ 18.40693035, 49.06792245 ], [ 18.4070253, 49.0678889 ], [ 18.407101, 49.06788767 ], [ 18.40733829, 49.06791162 ], [ 18.40805661, 49.06792247 ], [ 18.40830521, 49.06790103 ], [ 18.40900263, 49.06808579 ], [ 18.40912634, 49.06832095 ], [ 18.4090634, 49.0686622 ], [ 18.40905679, 49.06876742 ], [ 18.40894222, 49.06894338 ], [ 18.40898797, 49.06907947 ], [ 18.40907716, 49.06919811 ], [ 18.40914439, 49.06943466 ], [ 18.4094089, 49.06978229 ], [ 18.4094901, 49.07002773 ], [ 18.40947743, 49.07034108 ], [ 18.40977625, 49.07062472 ], [ 18.41038554, 49.07050048 ], [ 18.41056633, 49.07045091 ], [ 18.41093705, 49.07031257 ], [ 18.41098649, 49.07038128 ], [ 18.411124, 49.0704895 ], [ 18.41131455, 49.07063612 ], [ 18.41167741, 49.07086599 ], [ 18.41193735, 49.07107899 ], [ 18.41216352, 49.07124246 ], [ 18.41240118, 49.07129585 ], [ 18.41254326, 49.07135559 ], [ 18.41298017, 49.07175064 ], [ 18.41324452, 49.07192922 ], [ 18.41337969, 49.07203 ], [ 18.41342539, 49.07208396 ], [ 18.41343964, 49.07218943 ], [ 18.41344086, 49.07228832 ], [ 18.41419101, 49.07248985 ], [ 18.41447464, 49.07258548 ], [ 18.4146047, 49.07263607 ], [ 18.4148945, 49.07284349 ], [ 18.4147996, 49.07295177 ], [ 18.41474959, 49.07304196 ], [ 18.41465667, 49.07339239 ], [ 18.41469798, 49.07364916 ], [ 18.4147245, 49.07372101 ], [ 18.41484268, 49.0738602 ], [ 18.41502369, 49.07402361 ], [ 18.41540042, 49.07421408 ], [ 18.41532379, 49.07442643 ], [ 18.41531311, 49.0745206 ], [ 18.41542183, 49.07488397 ], [ 18.41541917, 49.07513019 ], [ 18.41540847, 49.07521379 ], [ 18.41540495, 49.0752413 ], [ 18.41539694, 49.0752932 ], [ 18.41540441, 49.07531103 ], [ 18.41544955, 49.07541983 ], [ 18.41552104, 49.07559218 ], [ 18.41553144, 49.07561721 ], [ 18.41555624, 49.07567678 ], [ 18.41556178, 49.07569036 ], [ 18.41575433, 49.07591396 ], [ 18.41576111, 49.07594683 ], [ 18.41581124, 49.07613802 ], [ 18.4158571, 49.0763131 ], [ 18.41590185, 49.07637135 ], [ 18.41598901, 49.07648463 ], [ 18.41610268, 49.07663873 ], [ 18.41623953, 49.07682425 ], [ 18.41627394, 49.07682154 ], [ 18.41628213, 49.07682091 ], [ 18.41716098, 49.07675149 ], [ 18.41748213, 49.07675388 ], [ 18.41758272, 49.07708431 ], [ 18.41796127, 49.07708897 ], [ 18.41804285, 49.07734255 ], [ 18.41848126, 49.07729816 ], [ 18.41902532, 49.07720095 ], [ 18.41959875, 49.07707829 ], [ 18.41995531, 49.07701855 ], [ 18.42038108, 49.076987 ], [ 18.42067677, 49.07697354 ], [ 18.42084484, 49.07760369 ], [ 18.42081876, 49.07764647 ], [ 18.42086398, 49.07767964 ], [ 18.42092413, 49.0776604 ], [ 18.42115946, 49.07765714 ], [ 18.42134837, 49.07768381 ], [ 18.42136081, 49.07774767 ], [ 18.42140193, 49.07778062 ], [ 18.42166658, 49.07778439 ], [ 18.42190327, 49.07778121 ], [ 18.42212958, 49.07784847 ], [ 18.42212454, 49.07789647 ], [ 18.4221613, 49.07786683 ] ] ] ] } },
{ "type": "Feature", "properties": { "@featureType": "CadastralZoning", "beginLifespanVersion": { "@nilReason": "http://inspire.ec.europa.eu/codelist/VoidReasonValue/Unpopulated", "@nil": "true" }, "endLifespanVersion": { "@nilReason": "http://inspire.ec.europa.eu/codelist/VoidReasonValue/Unpopulated", "@nil": "true" }, "estimatedAccuracy": { "value": -1, "@uom": "m" }, "inspireId": { "@dataType": "Identifier", "localId": "822281", "namespace": "SK.ESKN.CP", "versionId": "20260703T04:07:40" }, "label": "Jasenica", "level": { "@href": "http://inspire.ec.europa.eu/codelist/CadastralZoningLevelValue/3rdOrder" }, "levelName": { "value": "Katastrálne územie", "@locale": "sk" }, "name": { "@dataType": "name", "GeographicalName": { "@dataType": "GeographicalName", "language": "SLK", "nativeness": { "@href": "http://inspire.ec.europa.eu/codelist/NativenessValue/endonym", "@title": "endonym" }, "nameStatus": { "@href": "http://inspire.ec.europa.eu/codelist/NameStatusValue/official", "@title": "official" }, "sourceOfName": { "@nilReason": "http://inspire.ec.europa.eu/codelist/VoidReasonValue/Unpopulated", "@nil": "true" }, "pronunciation": { "@dataType": "pronunciation", "@nilReason": "http://inspire.ec.europa.eu/codelist/VoidReasonValue/Unpopulated", "@nil": "true" }, "spelling": { "@dataType": "SpellingOfName", "text": "Jasenica", "script": "LATN" } } }, "nationalCadastalZoningReference": "822281", "validFrom": "2026-06-30T16:00:00Z", "validTo": { "@nilReason": "http://inspire.ec.europa.eu/codelist/VoidReasonValue/Unpopulated", "@nil": "true" } }, "geometry": { "type": "MultiPolygon", "coordinates": [ [ [ [ 18.46334698, 49.19785084 ], [ 18.46319054, 49.19766271 ], [ 18.46343143, 49.19691699 ], [ 18.46320059, 49.19671849 ], [ 18.46323378, 49.1966741 ], [ 18.46324025, 49.19666543 ], [ 18.46405767, 49.19556159 ], [ 18.46428746, 49.1950598 ], [ 18.46424473, 49.19482321 ], [ 18.46419224, 49.19453249 ], [ 18.46413885, 49.19423684 ], [ 18.46413988, 49.19398108 ], [ 18.46414145, 49.19356743 ], [ 18.46414584, 49.19350152 ], [ 18.46415526, 49.19336154 ], [ 18.4643376, 49.19317299 ], [ 18.46452984, 49.19305807 ], [ 18.46496509, 49.19284147 ], [ 18.46518866, 49.19273025 ], [ 18.46524363, 49.19269643 ], [ 18.46543748, 49.19241737 ], [ 18.46540948, 49.19215054 ], [ 18.4654733, 49.1920277 ], [ 18.46596042, 49.19184588 ], [ 18.46639344, 49.19142919 ], [ 18.46751134, 49.19110497 ], [ 18.46758498, 49.19082692 ], [ 18.4676742, 49.19049034 ], [ 18.46766179, 49.19004669 ], [ 18.46764645, 49.18950164 ], [ 18.46799124, 49.18931293 ], [ 18.46818026, 49.18926641 ], [ 18.4681438, 49.1892175 ], [ 18.46808478, 49.18918359 ], [ 18.46793473, 49.18907523 ], [ 18.4679315, 49.18888095 ], [ 18.46793086, 49.18884483 ], [ 18.46793076, 49.18883589 ], [ 18.46804346, 49.18839357 ], [ 18.46783408, 49.18783169 ], [ 18.46790168, 49.18773747 ], [ 18.46829417, 49.18719088 ], [ 18.46832241, 49.18676317 ], [ 18.46833648, 49.18655188 ], [ 18.46834784, 49.18637925 ], [ 18.46835528, 49.18626659 ], [ 18.4682236, 49.18609074 ], [ 18.46813051, 49.18596646 ], [ 18.46819288, 49.18587114 ], [ 18.46836978, 49.18560054 ], [ 18.46914657, 49.18510616 ], [ 18.46925502, 49.1850371 ], [ 18.46819075, 49.18405312 ], [ 18.46829625, 49.18392714 ], [ 18.46818622, 49.18356921 ], [ 18.46812074, 49.1830558 ], [ 18.46799789, 49.18144558 ], [ 18.46735457, 49.18065929 ], [ 18.4673379, 49.18063889 ], [ 18.46737104, 49.18061643 ], [ 18.46747393, 49.18054661 ], [ 18.46717991, 49.17998596 ], [ 18.46671863, 49.17936501 ], [ 18.46612847, 49.17873032 ], [ 18.46595591, 49.17856225 ], [ 18.4653536, 49.17797563 ], [ 18.46534565, 49.17794181 ], [ 18.46533308, 49.17788806 ], [ 18.46501721, 49.17653772 ], [ 18.46497691, 49.17636551 ], [ 18.46492843, 49.17615802 ], [ 18.46477488, 49.17565458 ], [ 18.46470457, 49.17542397 ], [ 18.46462682, 49.17497593 ], [ 18.46453184, 49.17442868 ], [ 18.46427767, 49.17410599 ], [ 18.46415929, 49.17395577 ], [ 18.46400618, 49.1737615 ], [ 18.46385676, 49.17357186 ], [ 18.46379112, 49.1734885 ], [ 18.46375744, 49.17344272 ], [ 18.46371263, 49.1733817 ], [ 18.46364295, 49.17328684 ], [ 18.46348904, 49.17307728 ], [ 18.46338251, 49.1729324 ], [ 18.46331494, 49.17284045 ], [ 18.46313573, 49.17268158 ], [ 18.46312196, 49.17267081 ], [ 18.46257728, 49.17224749 ], [ 18.46254546, 49.17222283 ], [ 18.46251729, 49.17220414 ], [ 18.46250447, 49.17219568 ], [ 18.46201403, 49.1718707 ], [ 18.46176833, 49.17170773 ], [ 18.46175753, 49.17170065 ], [ 18.46163949, 49.17162245 ], [ 18.46152678, 49.17154779 ], [ 18.46150571, 49.17153383 ], [ 18.46129033, 49.1713911 ], [ 18.4612897, 49.17139062 ], [ 18.46126114, 49.17137173 ], [ 18.46111665, 49.17133053 ], [ 18.46094972, 49.17128286 ], [ 18.4608893, 49.17126557 ], [ 18.46061919, 49.17118843 ], [ 18.46057563, 49.17117603 ], [ 18.46052903, 49.171141 ], [ 18.46052645, 49.17113851 ], [ 18.46038353, 49.17100065 ], [ 18.46034604, 49.1709838 ], [ 18.46021833, 49.17092646 ], [ 18.46012956, 49.1708865 ], [ 18.46003257, 49.17084293 ], [ 18.46002737, 49.17084057 ], [ 18.45944822, 49.17114447 ], [ 18.45940171, 49.17111205 ], [ 18.45933445, 49.17106524 ], [ 18.45926632, 49.17101774 ], [ 18.4592432, 49.17098742 ], [ 18.458936, 49.17058448 ], [ 18.45886265, 49.17048824 ], [ 18.45882727, 49.17044182 ], [ 18.45876819, 49.17036432 ], [ 18.45869661, 49.17027043 ], [ 18.45864343, 49.17020065 ], [ 18.45849898, 49.1700111 ], [ 18.45843988, 49.16993368 ], [ 18.45838731, 49.16986457 ], [ 18.45833447, 49.16979535 ], [ 18.45828045, 49.16972454 ], [ 18.45823317, 49.16966248 ], [ 18.45814437, 49.169546 ], [ 18.45805865, 49.16943347 ], [ 18.45797316, 49.16932131 ], [ 18.45793094, 49.16926594 ], [ 18.4578689, 49.16918467 ], [ 18.45768024, 49.16893711 ], [ 18.45755725, 49.16880927 ], [ 18.45724027, 49.16848005 ], [ 18.45711218, 49.16834689 ], [ 18.45698178, 49.16821134 ], [ 18.45685076, 49.16807521 ], [ 18.45672266, 49.16794213 ], [ 18.45557241, 49.168595 ], [ 18.4555417, 49.16861245 ], [ 18.45497501, 49.16893415 ], [ 18.45485767, 49.16900072 ], [ 18.45450658, 49.16906677 ], [ 18.45443044, 49.16900872 ], [ 18.4538817, 49.16859 ], [ 18.45329373, 49.16814125 ], [ 18.45304827, 49.16816245 ], [ 18.4523183, 49.16822541 ], [ 18.4513874, 49.16830569 ], [ 18.45133489, 49.16744374 ], [ 18.45133616, 49.16739057 ], [ 18.44928985, 49.16681818 ], [ 18.44848524, 49.16656651 ], [ 18.44718305, 49.16612693 ], [ 18.4460021, 49.16627963 ], [ 18.44564679, 49.16626014 ], [ 18.44502098, 49.16606338 ], [ 18.4447, 49.16587621 ], [ 18.44399759, 49.16546669 ], [ 18.44247336, 49.16548411 ], [ 18.44208435, 49.16545915 ], [ 18.44172785, 49.16534122 ], [ 18.4404889, 49.16480793 ], [ 18.43979372, 49.16413952 ], [ 18.43913296, 49.16364572 ], [ 18.43755002, 49.16367392 ], [ 18.4366696, 49.1641661 ], [ 18.43597386, 49.1637772 ], [ 18.43521182, 49.1636681 ], [ 18.43384775, 49.16368058 ], [ 18.43354146, 49.16401198 ], [ 18.43353801, 49.16401522 ], [ 18.43332037, 49.16422146 ], [ 18.43330019, 49.16424047 ], [ 18.4321237, 49.16494474 ], [ 18.43198494, 49.16496238 ], [ 18.43131226, 49.16524882 ], [ 18.43127559, 49.1652644 ], [ 18.43113461, 49.16532947 ], [ 18.43096051, 49.16536295 ], [ 18.43059185, 49.16548444 ], [ 18.43034906, 49.1655773 ], [ 18.43011118, 49.16566827 ], [ 18.42996934, 49.16581 ], [ 18.42999087, 49.1660043 ], [ 18.43001259, 49.16620023 ], [ 18.42973081, 49.16631811 ], [ 18.42951853, 49.16636717 ], [ 18.42886776, 49.16651755 ], [ 18.42818055, 49.16669569 ], [ 18.42816655, 49.16670404 ], [ 18.4281442, 49.16671734 ], [ 18.42749366, 49.16703042 ], [ 18.4268927, 49.16741527 ], [ 18.4268998, 49.16757484 ], [ 18.42697554, 49.16775516 ], [ 18.42697474, 49.16813675 ], [ 18.42705402, 49.16832376 ], [ 18.42713204, 49.16853687 ], [ 18.42714223, 49.16856477 ], [ 18.42713184, 49.1686492 ], [ 18.4271301, 49.16866382 ], [ 18.42702329, 49.16882417 ], [ 18.42700514, 49.16883481 ], [ 18.42676246, 49.16897712 ], [ 18.42675458, 49.16898174 ], [ 18.42675823, 49.16899512 ], [ 18.42629967, 49.16923592 ], [ 18.42556774, 49.1700792 ], [ 18.42513459, 49.17057831 ], [ 18.42480854, 49.17126208 ], [ 18.42473867, 49.17143268 ], [ 18.42466579, 49.17161059 ], [ 18.42451576, 49.17202133 ], [ 18.42450733, 49.17202808 ], [ 18.42444258, 49.1720802 ], [ 18.42443778, 49.17208652 ], [ 18.42418689, 49.17241527 ], [ 18.42380853, 49.17295809 ], [ 18.42371134, 49.17308079 ], [ 18.42344079, 49.17341794 ], [ 18.42306431, 49.17386863 ], [ 18.42266629, 49.17429721 ], [ 18.42239979, 49.1746768 ], [ 18.42186672, 49.17529241 ], [ 18.42192255, 49.17534548 ], [ 18.42220763, 49.17579018 ], [ 18.42235152, 49.17665494 ], [ 18.42236713, 49.17705214 ], [ 18.4223056, 49.17798709 ], [ 18.42222059, 49.17893238 ], [ 18.42216128, 49.17905148 ], [ 18.42207857, 49.17921793 ], [ 18.4219322, 49.17947185 ], [ 18.42188611, 49.17952436 ], [ 18.42162994, 49.17981554 ], [ 18.42113938, 49.18092729 ], [ 18.42111388, 49.18098345 ], [ 18.42103896, 49.18114808 ], [ 18.42067494, 49.18194788 ], [ 18.42036851, 49.18293413 ], [ 18.42066624, 49.18308489 ], [ 18.4207429, 49.18312367 ], [ 18.42107039, 49.18317112 ], [ 18.4216179, 49.18325044 ], [ 18.42189849, 49.18329107 ], [ 18.42249169, 49.18334799 ], [ 18.42269133, 49.18336719 ], [ 18.42282491, 49.18341308 ], [ 18.42291999, 49.18344565 ], [ 18.42311963, 49.18351421 ], [ 18.4232668, 49.18356472 ], [ 18.42334038, 49.18358998 ], [ 18.42346236, 49.18363189 ], [ 18.42361255, 49.18368347 ], [ 18.42385467, 49.18376655 ], [ 18.4240522, 49.18383436 ], [ 18.42411577, 49.18385618 ], [ 18.42438188, 49.18394752 ], [ 18.42489128, 49.18402248 ], [ 18.42500417, 49.1840332 ], [ 18.42580943, 49.18413074 ], [ 18.42598564, 49.18405227 ], [ 18.42679351, 49.1836927 ], [ 18.42705614, 49.18357575 ], [ 18.42719208, 49.18352575 ], [ 18.42758202, 49.18338214 ], [ 18.42780626, 49.18331019 ], [ 18.42821512, 49.18317899 ], [ 18.42829264, 49.18315411 ], [ 18.43079124, 49.18235235 ], [ 18.43183244, 49.18201821 ], [ 18.43197823, 49.18193093 ], [ 18.43223877, 49.1819346 ], [ 18.43364915, 49.18195461 ], [ 18.43459036, 49.18190805 ], [ 18.43466406, 49.181913 ], [ 18.43759932, 49.18229801 ], [ 18.43995362, 49.18173512 ], [ 18.44096943, 49.18139111 ], [ 18.44104823, 49.18143153 ], [ 18.44298992, 49.18233588 ], [ 18.4432775, 49.18248241 ], [ 18.44337596, 49.18251128 ], [ 18.44347005, 49.18253882 ], [ 18.44395119, 49.18267991 ], [ 18.44398104, 49.18268867 ], [ 18.44399688, 49.18269297 ], [ 18.44414401, 49.18273308 ], [ 18.44434208, 49.18279041 ], [ 18.44534947, 49.18308814 ], [ 18.44561982, 49.18316811 ], [ 18.44562499, 49.18316966 ], [ 18.44566398, 49.18318236 ], [ 18.445669, 49.18318399 ], [ 18.445835, 49.18322404 ], [ 18.44598698, 49.18326071 ], [ 18.44614403, 49.18329865 ], [ 18.44638374, 49.18335655 ], [ 18.44639377, 49.18335891 ], [ 18.4466329, 49.18342138 ], [ 18.44675441, 49.18345304 ], [ 18.44675694, 49.18345372 ], [ 18.44709053, 49.18354402 ], [ 18.44722794, 49.18358052 ], [ 18.44742736, 49.18363702 ], [ 18.44751772, 49.18366255 ], [ 18.447643, 49.18369811 ], [ 18.44767462, 49.18370706 ], [ 18.44777374, 49.18373506 ], [ 18.4474988, 49.18422731 ], [ 18.44735925, 49.18444922 ], [ 18.44749515, 49.18450405 ], [ 18.44772963, 49.18472066 ], [ 18.44773283, 49.18472363 ], [ 18.44773677, 49.18472728 ], [ 18.44790759, 49.184885 ], [ 18.44791633, 49.18489305 ], [ 18.44804218, 49.18500941 ], [ 18.44809539, 49.18505853 ], [ 18.44811361, 49.18507541 ], [ 18.44837623, 49.18533905 ], [ 18.44838502, 49.18534783 ], [ 18.44839234, 49.18535518 ], [ 18.44843506, 49.18539804 ], [ 18.44839403, 49.18553079 ], [ 18.44834946, 49.18567516 ], [ 18.44834756, 49.18568137 ], [ 18.44842411, 49.18570939 ], [ 18.44834179, 49.18592515 ], [ 18.44819823, 49.1860447 ], [ 18.44818775, 49.18605351 ], [ 18.44787921, 49.18632987 ], [ 18.44787705, 49.18633174 ], [ 18.44763076, 49.18654645 ], [ 18.44759652, 49.18657634 ], [ 18.44741217, 49.18681159 ], [ 18.44758466, 49.18685922 ], [ 18.44760354, 49.1868644 ], [ 18.44750913, 49.18688034 ], [ 18.44683809, 49.18763576 ], [ 18.44673915, 49.1877767 ], [ 18.4466597, 49.18835294 ], [ 18.44518681, 49.18961186 ], [ 18.44494685, 49.19006046 ], [ 18.44478451, 49.19043588 ], [ 18.44474432, 49.19047239 ], [ 18.44433141, 49.19072479 ], [ 18.44422941, 49.19078715 ], [ 18.44394043, 49.19096387 ], [ 18.44390949, 49.19098518 ], [ 18.44360534, 49.1911987 ], [ 18.44360384, 49.1911997 ], [ 18.44356376, 49.19122782 ], [ 18.44364795, 49.19129091 ], [ 18.44367245, 49.19129857 ], [ 18.44382444, 49.19134607 ], [ 18.44423952, 49.19140782 ], [ 18.44428749, 49.19141496 ], [ 18.44434648, 49.19142524 ], [ 18.44446345, 49.19143436 ], [ 18.4445732, 49.19142991 ], [ 18.44474827, 49.19142291 ], [ 18.44514393, 49.19140706 ], [ 18.44562622, 49.19142981 ], [ 18.44612961, 49.19139623 ], [ 18.44627735, 49.19134766 ], [ 18.44663924, 49.1910624 ], [ 18.44750118, 49.1911462 ], [ 18.44779278, 49.1910816 ], [ 18.44797371, 49.19104152 ], [ 18.44900917, 49.19149622 ], [ 18.44941881, 49.19159203 ], [ 18.44969042, 49.19214925 ], [ 18.44949526, 49.19224043 ], [ 18.44957393, 49.19249687 ], [ 18.44944979, 49.19255585 ], [ 18.44953652, 49.1928139 ], [ 18.44980802, 49.19310003 ], [ 18.4501047, 49.19340902 ], [ 18.45070107, 49.19351127 ], [ 18.45279649, 49.19344476 ], [ 18.45384102, 49.19351369 ], [ 18.45419012, 49.193605 ], [ 18.45521795, 49.19386972 ], [ 18.45776572, 49.19425462 ], [ 18.45808097, 49.19444964 ], [ 18.45870072, 49.1949997 ], [ 18.45863604, 49.19514966 ], [ 18.45833941, 49.19583629 ], [ 18.45877827, 49.19619598 ], [ 18.45898209, 49.19640755 ], [ 18.45968829, 49.1968176 ], [ 18.45971775, 49.19683599 ], [ 18.45975092, 49.19685667 ], [ 18.46027837, 49.19718583 ], [ 18.46034056, 49.19721107 ], [ 18.46056116, 49.19730074 ], [ 18.46077351, 49.19738707 ], [ 18.46091727, 49.19744546 ], [ 18.4610067, 49.19747634 ], [ 18.4612098, 49.19754664 ], [ 18.46142136, 49.19761975 ], [ 18.46166562, 49.19770422 ], [ 18.46170466, 49.19771772 ], [ 18.46192497, 49.19777615 ], [ 18.46281819, 49.19801323 ], [ 18.46315407, 49.19817308 ], [ 18.4631973, 49.19819367 ], [ 18.46334698, 49.19785084 ] ] ] ] } },
{ "type": "Feature", "properties": { "@featureType": "CadastralZoning", "beginLifespanVersion": { "@nilReason": "http://inspire.ec.europa.eu/codelist/VoidReasonValue/Unpopulated", "@nil": "true" }, "endLifespanVersion": { "@nilReason": "http://inspire.ec.europa.eu/codelist/VoidReasonValue/Unpopulated", "@nil": "true" }, "estimatedAccuracy": { "value": -1, "@uom": "m" }, "inspireId": { "@dataType": "Identifier", "localId": "824348", "namespace": "SK.ESKN.CP", "versionId": "20260703T04:07:40" }, "label": "Klieština", "level": { "@href": "http://inspire.ec.europa.eu/codelist/CadastralZoningLevelValue/3rdOrder" }, "levelName": { "value": "Katastrálne územie", "@locale": "sk" }, "name": { "@dataType": "name", "GeographicalName": { "@dataType": "GeographicalName", "language": "SLK", "nativeness": { "@href": "http://inspire.ec.europa.eu/codelist/NativenessValue/endonym", "@title": "endonym" }, "nameStatus": { "@href": "http://inspire.ec.europa.eu/codelist/NameStatusValue/official", "@title": "official" }, "sourceOfName": { "@nilReason": "http://inspire.ec.europa.eu/codelist/VoidReasonValue/Unpopulated", "@nil": "true" }, "pronunciation": { "@dataType": "pronunciation", "@nilReason": "http://inspire.ec.europa.eu/codelist/VoidReasonValue/Unpopulated", "@nil": "true" }, "spelling": { "@dataType": "SpellingOfName", "text": "Klieština", "script": "LATN" } } }, "nationalCadastalZoningReference": "824348", "validFrom": "2026-06-30T16:00:00Z", "validTo": { "@nilReason": "http://inspire.ec.europa.eu/codelist/VoidReasonValue/Unpopulated", "@nil": "true" } }, "geometry": { "type": "MultiPolygon", "coordinates": [ [ [ [ 18.33604806, 49.19565549 ], [ 18.33627231, 49.1956328 ], [ 18.33673409, 49.19533339 ], [ 18.33678788, 49.19525111 ], [ 18.33714465, 49.19498726 ], [ 18.33873179, 49.19462391 ], [ 18.33937065, 49.19388519 ], [ 18.33939965, 49.19364584 ], [ 18.33941331, 49.19342495 ], [ 18.33948345, 49.19326858 ], [ 18.33958914, 49.19313008 ], [ 18.33974471, 49.19302847 ], [ 18.33984243, 49.19299384 ], [ 18.33985868, 49.19299069 ], [ 18.34022853, 49.19286556 ], [ 18.34043458, 49.19284501 ], [ 18.34048011, 49.19284538 ], [ 18.34131482, 49.19276178 ], [ 18.34216837, 49.19267624 ], [ 18.3422617, 49.19266691 ], [ 18.34279506, 49.19260495 ], [ 18.34494559, 49.19235486 ], [ 18.34505648, 49.19234921 ], [ 18.3453754, 49.1922992 ], [ 18.34580162, 49.19224579 ], [ 18.34611317, 49.19220908 ], [ 18.34622539, 49.19220911 ], [ 18.34662685, 49.19222236 ], [ 18.34666678, 49.19222133 ], [ 18.34681857, 49.19222311 ], [ 18.3469213, 49.19221349 ], [ 18.34708089, 49.19217527 ], [ 18.34815339, 49.19212553 ], [ 18.34822095, 49.19212694 ], [ 18.34904974, 49.1921462 ], [ 18.35144692, 49.1917156 ], [ 18.35185822, 49.19195798 ], [ 18.35222581, 49.19193078 ], [ 18.35274285, 49.19170867 ], [ 18.35278762, 49.19168833 ], [ 18.35312708, 49.19154342 ], [ 18.35435322, 49.19070149 ], [ 18.35440147, 49.19069993 ], [ 18.35381498, 49.19044204 ], [ 18.35365173, 49.19041924 ], [ 18.35351401, 49.19042692 ], [ 18.35335492, 49.19046139 ], [ 18.35303561, 49.19057087 ], [ 18.35252403, 49.19081053 ], [ 18.35227098, 49.19088678 ], [ 18.35150582, 49.18998007 ], [ 18.3524937, 49.18927038 ], [ 18.35347476, 49.18913401 ], [ 18.35352651, 49.18913102 ], [ 18.35476957, 49.18898206 ], [ 18.35561044, 49.18879266 ], [ 18.35646021, 49.18858552 ], [ 18.35649035, 49.18856644 ], [ 18.35752924, 49.18863631 ], [ 18.35779005, 49.18866589 ], [ 18.35780912, 49.18869195 ], [ 18.35802327, 49.18901079 ], [ 18.35908822, 49.18875368 ], [ 18.35890152, 49.18893779 ], [ 18.35863433, 49.18947046 ], [ 18.35856893, 49.18957151 ], [ 18.35853035, 49.18966431 ], [ 18.35854585, 49.18967753 ], [ 18.3599324, 49.18992645 ], [ 18.35998899, 49.18958268 ], [ 18.36064178, 49.18909716 ], [ 18.36286592, 49.18931489 ], [ 18.3630768, 49.18933338 ], [ 18.36343817, 49.1884777 ], [ 18.36538581, 49.18801572 ], [ 18.366437, 49.18750663 ], [ 18.36720001, 49.18729586 ], [ 18.36775023, 49.18732425 ], [ 18.36830885, 49.18736122 ], [ 18.36833951, 49.18734984 ], [ 18.36838045, 49.18733451 ], [ 18.36844364, 49.18731113 ], [ 18.36826227, 49.18685109 ], [ 18.36824434, 49.18677673 ], [ 18.36834088, 49.18673173 ], [ 18.36836878, 49.18672037 ], [ 18.36840783, 49.18670377 ], [ 18.36848759, 49.1866693 ], [ 18.36941817, 49.18626738 ], [ 18.3691944, 49.18595751 ], [ 18.36914067, 49.18590769 ], [ 18.36894393, 49.18572548 ], [ 18.36821471, 49.18521246 ], [ 18.36766545, 49.18471855 ], [ 18.36696978, 49.18421244 ], [ 18.3672664, 49.18377922 ], [ 18.36693204, 49.18363936 ], [ 18.36683567, 49.18269318 ], [ 18.36541871, 49.18216857 ], [ 18.36538735, 49.18215555 ], [ 18.36477389, 49.18195117 ], [ 18.36478715, 49.18192637 ], [ 18.365129, 49.18155649 ], [ 18.36555248, 49.18061148 ], [ 18.36438588, 49.18040733 ], [ 18.36323929, 49.1802124 ], [ 18.36317031, 49.1802785 ], [ 18.36313783, 49.18029764 ], [ 18.36270925, 49.1807579 ], [ 18.36265007, 49.18077375 ], [ 18.36262147, 49.18076602 ], [ 18.36262435, 49.18074163 ], [ 18.3626119, 49.17939725 ], [ 18.36253768, 49.17910885 ], [ 18.36253565, 49.17904042 ], [ 18.36227095, 49.17794472 ], [ 18.36223502, 49.17778082 ], [ 18.3619362, 49.17764319 ], [ 18.3617857, 49.17757219 ], [ 18.3620007, 49.17694104 ], [ 18.36199832, 49.17597995 ], [ 18.36195245, 49.17507529 ], [ 18.36189259, 49.17445124 ], [ 18.36187258, 49.17437179 ], [ 18.36190978, 49.17432359 ], [ 18.36198168, 49.17423914 ], [ 18.36212629, 49.17384883 ], [ 18.36220931, 49.17375498 ], [ 18.36238639, 49.1736661 ], [ 18.36258127, 49.17351611 ], [ 18.36273241, 49.17337019 ], [ 18.36272534, 49.1733429 ], [ 18.36307085, 49.17274427 ], [ 18.36316601, 49.17248089 ], [ 18.36314696, 49.17246855 ], [ 18.36269525, 49.1721968 ], [ 18.36267599, 49.17217335 ], [ 18.36224924, 49.17203754 ], [ 18.36168778, 49.1717844 ], [ 18.36073454, 49.1714455 ], [ 18.35904456, 49.17069252 ], [ 18.35928643, 49.17041122 ], [ 18.35920497, 49.17042492 ], [ 18.35900316, 49.17045927 ], [ 18.35875993, 49.17053608 ], [ 18.35847876, 49.17060401 ], [ 18.35807224, 49.17070251 ], [ 18.35782987, 49.17077693 ], [ 18.35754036, 49.17103274 ], [ 18.3574526, 49.17111531 ], [ 18.35732346, 49.17126985 ], [ 18.35722511, 49.17138747 ], [ 18.35686404, 49.17164309 ], [ 18.35683599, 49.17165354 ], [ 18.35680156, 49.17166642 ], [ 18.355713, 49.17207252 ], [ 18.35479745, 49.17232959 ], [ 18.35384478, 49.17221194 ], [ 18.3531938, 49.17218275 ], [ 18.35293278, 49.17220124 ], [ 18.35263305, 49.17225504 ], [ 18.35241865, 49.17232162 ], [ 18.35218872, 49.17237317 ], [ 18.35198793, 49.17239529 ], [ 18.35157846, 49.17244297 ], [ 18.35083021, 49.17256754 ], [ 18.35049565, 49.17260857 ], [ 18.35042459, 49.17262591 ], [ 18.35024688, 49.17266953 ], [ 18.35002111, 49.17275162 ], [ 18.34980785, 49.17287313 ], [ 18.34962289, 49.17297176 ], [ 18.34940226, 49.17305875 ], [ 18.34911918, 49.17310615 ], [ 18.34895887, 49.17312069 ], [ 18.34894996, 49.17312145 ], [ 18.34890938, 49.17312019 ], [ 18.34873676, 49.17311499 ], [ 18.34832318, 49.1730573 ], [ 18.34805971, 49.17297349 ], [ 18.34783502, 49.17291548 ], [ 18.34760642, 49.17288768 ], [ 18.3472497, 49.17289469 ], [ 18.34651573, 49.17300442 ], [ 18.3460882, 49.17311065 ], [ 18.34604426, 49.17312155 ], [ 18.34575912, 49.17331008 ], [ 18.34521829, 49.17335168 ], [ 18.34399721, 49.17354399 ], [ 18.34342086, 49.17350807 ], [ 18.34309399, 49.17373704 ], [ 18.3428364, 49.17395615 ], [ 18.34234914, 49.1745971 ], [ 18.34209132, 49.17470429 ], [ 18.34164833, 49.17505584 ], [ 18.3410344, 49.17587726 ], [ 18.34100055, 49.17590262 ], [ 18.34068363, 49.17613954 ], [ 18.34050731, 49.17691831 ], [ 18.34026699, 49.17744117 ], [ 18.33959156, 49.17834679 ], [ 18.33857349, 49.17898799 ], [ 18.33850498, 49.17903011 ], [ 18.33792774, 49.17923598 ], [ 18.33676413, 49.1794243 ], [ 18.33674135, 49.17942799 ], [ 18.33673219, 49.17943389 ], [ 18.33647221, 49.17960096 ], [ 18.33644958, 49.17958652 ], [ 18.33605138, 49.17983947 ], [ 18.33560973, 49.18004424 ], [ 18.33538058, 49.18006385 ], [ 18.33534008, 49.18006727 ], [ 18.33530319, 49.18007045 ], [ 18.33518113, 49.18012095 ], [ 18.33346, 49.18080373 ], [ 18.3325485, 49.18112593 ], [ 18.33252748, 49.18114253 ], [ 18.3321251, 49.18147511 ], [ 18.33161235, 49.18174259 ], [ 18.33085274, 49.18223273 ], [ 18.32963856, 49.18154977 ], [ 18.32902961, 49.18150447 ], [ 18.32817112, 49.18136129 ], [ 18.32751034, 49.18139692 ], [ 18.32716754, 49.18140015 ], [ 18.32702167, 49.18155743 ], [ 18.32699129, 49.18159201 ], [ 18.3255589, 49.1841333 ], [ 18.32553831, 49.18424397 ], [ 18.32565198, 49.185067 ], [ 18.32561834, 49.18579995 ], [ 18.32561296, 49.18584134 ], [ 18.3255283, 49.18660347 ], [ 18.32566579, 49.18692153 ], [ 18.32582525, 49.18732899 ], [ 18.32601974, 49.18805158 ], [ 18.32606966, 49.18858884 ], [ 18.3257656, 49.18919259 ], [ 18.32540263, 49.19048004 ], [ 18.32524662, 49.19050228 ], [ 18.32503913, 49.19057831 ], [ 18.32459764, 49.1905225 ], [ 18.32364158, 49.19093864 ], [ 18.32363694, 49.19096906 ], [ 18.32363029, 49.19270295 ], [ 18.32386612, 49.19339347 ], [ 18.32446953, 49.19396726 ], [ 18.32456554, 49.19438092 ], [ 18.32473803, 49.195315 ], [ 18.32480278, 49.19531167 ], [ 18.32524741, 49.1952886 ], [ 18.32533604, 49.19529436 ], [ 18.32747904, 49.19518658 ], [ 18.32752656, 49.19518761 ], [ 18.32958392, 49.19508601 ], [ 18.33102483, 49.19502929 ], [ 18.3321974, 49.19485352 ], [ 18.33223405, 49.19485331 ], [ 18.33243127, 49.19482452 ], [ 18.33458869, 49.19550231 ], [ 18.33479021, 49.1955687 ], [ 18.33494131, 49.19569355 ], [ 18.33531951, 49.19593171 ], [ 18.33604806, 49.19565549 ] ] ] ] } },
{ "type": "Feature", "properties": { "@featureType": "CadastralZoning", "beginLifespanVersion": { "@nilReason": "http://inspire.ec.europa.eu/codelist/VoidReasonValue/Unpopulated", "@nil": "true" }, "endLifespanVersion": { "@nilReason": "http://inspire.ec.europa.eu/codelist/VoidReasonValue/Unpopulated", "@nil": "true" }, "estimatedAccuracy": { "value": -1, "@uom": "m" }, "inspireId": { "@dataType": "Identifier", "localId": "826600", "namespace": "SK.ESKN.CP", "versionId": "20260703T04:07:40" }, "label": "Kostolec", "level": { "@href": "http://inspire.ec.europa.eu/codelist/CadastralZoningLevelValue/3rdOrder" }, "levelName": { "value": "Katastrálne územie", "@locale": "sk" }, "name": { "@dataType": "name", "GeographicalName": { "@dataType": "GeographicalName", "language": "SLK", "nativeness": { "@href": "http://inspire.ec.europa.eu/codelist/NativenessValue/endonym", "@title": "endonym" }, "nameStatus": { "@href": "http://inspire.ec.europa.eu/codelist/NameStatusValue/official", "@title": "official" }, "sourceOfName": { "@nilReason": "http://inspire.ec.europa.eu/codelist/VoidReasonValue/Unpopulated", "@nil": "true" }, "pronunciation": { "@dataType": "pronunciation", "@nilReason": "http://inspire.ec.europa.eu/codelist/VoidReasonValue/Unpopulated", "@nil": "true" }, "spelling": { "@dataType": "SpellingOfName", "text": "Kostolec", "script": "LATN" } } }, "nationalCadastalZoningReference": "826600", "validFrom": "2026-06-30T16:00:00Z", "validTo": { "@nilReason": "http://inspire.ec.europa.eu/codelist/VoidReasonValue/Unpopulated", "@nil": "true" } }, "geometry": { "type": "MultiPolygon", "coordinates": [ [ [ [ 18.52829079, 49.14261073 ], [ 18.52846124, 49.14248579 ], [ 18.52898425, 49.14223034 ], [ 18.52973959, 49.14189806 ], [ 18.53048277, 49.14167438 ], [ 18.53140785, 49.1414379 ], [ 18.53191481, 49.14134597 ], [ 18.53201038, 49.14132859 ], [ 18.53210945, 49.14131067 ], [ 18.5322025, 49.14129369 ], [ 18.53220995, 49.14129238 ], [ 18.53252394, 49.14123548 ], [ 18.53323171, 49.14086559 ], [ 18.53400532, 49.14069055 ], [ 18.5340104, 49.14065338 ], [ 18.53493656, 49.140687 ], [ 18.53517942, 49.14057778 ], [ 18.53585934, 49.14064138 ], [ 18.53611697, 49.14060388 ], [ 18.5361876, 49.14049167 ], [ 18.53607919, 49.14025671 ], [ 18.53620007, 49.14001611 ], [ 18.53622611, 49.13990301 ], [ 18.53642479, 49.13977535 ], [ 18.536741, 49.1395694 ], [ 18.53748773, 49.13931466 ], [ 18.53822903, 49.13909435 ], [ 18.53886621, 49.1391576 ], [ 18.54022979, 49.13960733 ], [ 18.5403619, 49.13960554 ], [ 18.54040641, 49.1396038 ], [ 18.54047015, 49.13959994 ], [ 18.54113116, 49.13955673 ], [ 18.54126202, 49.13954196 ], [ 18.54177981, 49.1394532 ], [ 18.54207999, 49.13940202 ], [ 18.5420991, 49.13926952 ], [ 18.54286306, 49.13903389 ], [ 18.54360774, 49.13889269 ], [ 18.54395991, 49.13876474 ], [ 18.54460053, 49.13851026 ], [ 18.54467153, 49.13846943 ], [ 18.54475552, 49.13819137 ], [ 18.54493136, 49.13795626 ], [ 18.54502242, 49.13779064 ], [ 18.54504554, 49.1376634 ], [ 18.54515261, 49.13733299 ], [ 18.5457103, 49.13744433 ], [ 18.54587589, 49.1375066 ], [ 18.54628385, 49.13782821 ], [ 18.54655952, 49.1381081 ], [ 18.5467514, 49.13831932 ], [ 18.54693586, 49.13845263 ], [ 18.54698539, 49.13874945 ], [ 18.54709883, 49.13894362 ], [ 18.54753404, 49.13924756 ], [ 18.54797689, 49.13940303 ], [ 18.54818582, 49.1395946 ], [ 18.54823193, 49.13962722 ], [ 18.54846376, 49.13978095 ], [ 18.54880339, 49.13988113 ], [ 18.54903597, 49.13997742 ], [ 18.54909004, 49.14000245 ], [ 18.54935621, 49.14010723 ], [ 18.54963269, 49.14024604 ], [ 18.55008304, 49.13981768 ], [ 18.55024196, 49.13956044 ], [ 18.55065578, 49.13933555 ], [ 18.55085052, 49.13884421 ], [ 18.55072521, 49.13866131 ], [ 18.55075973, 49.13831363 ], [ 18.55097974, 49.13794203 ], [ 18.55096401, 49.13733385 ], [ 18.55076549, 49.13692648 ], [ 18.55066309, 49.13653351 ], [ 18.5506224, 49.13626035 ], [ 18.55080203, 49.13599909 ], [ 18.55069378, 49.13570866 ], [ 18.55035238, 49.13542098 ], [ 18.55011136, 49.13519485 ], [ 18.54966428, 49.1349418 ], [ 18.54966281, 49.13478797 ], [ 18.54944349, 49.13463545 ], [ 18.54931287, 49.13432505 ], [ 18.54941562, 49.13390814 ], [ 18.54947047, 49.13346537 ], [ 18.5495248, 49.13336878 ], [ 18.54973858, 49.13322765 ], [ 18.54983668, 49.13277431 ], [ 18.54996203, 49.1325851 ], [ 18.54988354, 49.13229105 ], [ 18.54997958, 49.13213156 ], [ 18.55039539, 49.1317598 ], [ 18.55060971, 49.13133575 ], [ 18.55081857, 49.13107696 ], [ 18.55089317, 49.13086146 ], [ 18.55094465, 49.13065157 ], [ 18.5508672, 49.13018902 ], [ 18.55093441, 49.13002473 ], [ 18.55099635, 49.12979285 ], [ 18.5509988, 49.12940148 ], [ 18.55106967, 49.12913452 ], [ 18.55150296, 49.12850357 ], [ 18.55142416, 49.12838743 ], [ 18.55092665, 49.12805235 ], [ 18.55073168, 49.12787038 ], [ 18.55048526, 49.12758882 ], [ 18.55006904, 49.12725903 ], [ 18.54954216, 49.12698731 ], [ 18.54949683, 49.12696393 ], [ 18.54943474, 49.12693495 ], [ 18.54938157, 49.1269051 ], [ 18.54936174, 49.12689654 ], [ 18.54929874, 49.12686941 ], [ 18.54927695, 49.12686002 ], [ 18.54923325, 49.12684124 ], [ 18.54864529, 49.12670139 ], [ 18.54779111, 49.12653668 ], [ 18.54712661, 49.1264305 ], [ 18.54641592, 49.12655668 ], [ 18.54530046, 49.12648007 ], [ 18.54413897, 49.12635945 ], [ 18.54378198, 49.12576854 ], [ 18.54348795, 49.12548223 ], [ 18.54306093, 49.12509001 ], [ 18.54271922, 49.12497003 ], [ 18.54267761, 49.12495541 ], [ 18.54215419, 49.12477155 ], [ 18.54181255, 49.12444512 ], [ 18.54150446, 49.12414613 ], [ 18.5412281, 49.12398312 ], [ 18.54164379, 49.12387079 ], [ 18.54191513, 49.12373099 ], [ 18.5428293, 49.12322785 ], [ 18.54354465, 49.12291093 ], [ 18.54376916, 49.1228276 ], [ 18.54448061, 49.12276735 ], [ 18.54521371, 49.12244253 ], [ 18.54547126, 49.12220985 ], [ 18.54598403, 49.12188125 ], [ 18.54651841, 49.12157754 ], [ 18.54721583, 49.12165312 ], [ 18.54831348, 49.12160992 ], [ 18.54893488, 49.12174247 ], [ 18.54965191, 49.12177128 ], [ 18.54892589, 49.12103467 ], [ 18.54804234, 49.12024011 ], [ 18.5473523, 49.11947566 ], [ 18.5476205, 49.1186437 ], [ 18.54678233, 49.1179492 ], [ 18.54545809, 49.11700068 ], [ 18.54456437, 49.1173354 ], [ 18.54359403, 49.1176102 ], [ 18.5424952, 49.11791857 ], [ 18.54176106, 49.11812393 ], [ 18.54103286, 49.11830714 ], [ 18.54047371, 49.11863945 ], [ 18.53973389, 49.11873667 ], [ 18.53956017, 49.11876038 ], [ 18.53947092, 49.11880554 ], [ 18.53868427, 49.11919672 ], [ 18.53788561, 49.11954556 ], [ 18.53722681, 49.11997044 ], [ 18.53663924, 49.11963357 ], [ 18.53623514, 49.11927531 ], [ 18.53565616, 49.11900143 ], [ 18.53528217, 49.11926018 ], [ 18.5349087, 49.11976312 ], [ 18.53458954, 49.12006129 ], [ 18.53450071, 49.12033494 ], [ 18.53438463, 49.12044694 ], [ 18.53414222, 49.12074584 ], [ 18.53380423, 49.121126 ], [ 18.53325723, 49.12143096 ], [ 18.53279242, 49.12167486 ], [ 18.53277982, 49.1216832 ], [ 18.53224853, 49.12203376 ], [ 18.53125018, 49.12226427 ], [ 18.53121331, 49.12227761 ], [ 18.53061464, 49.12249359 ], [ 18.53007482, 49.12274559 ], [ 18.52944029, 49.12295701 ], [ 18.52843562, 49.12330743 ], [ 18.52825714, 49.12336661 ], [ 18.52801722, 49.12348697 ], [ 18.52771752, 49.12363874 ], [ 18.52756843, 49.12371674 ], [ 18.52743857, 49.1238889 ], [ 18.52716446, 49.12419888 ], [ 18.5266889, 49.12466099 ], [ 18.52613766, 49.12501423 ], [ 18.52540155, 49.12540094 ], [ 18.52486303, 49.12544005 ], [ 18.52432521, 49.12546484 ], [ 18.52386668, 49.12543871 ], [ 18.52378275, 49.12543371 ], [ 18.52369121, 49.12542911 ], [ 18.52322535, 49.12543605 ], [ 18.52287087, 49.12540032 ], [ 18.52225255, 49.12527501 ], [ 18.52181395, 49.12522487 ], [ 18.52117316, 49.12507713 ], [ 18.52049044, 49.12495347 ], [ 18.52003188, 49.124897 ], [ 18.51958593, 49.12487795 ], [ 18.51858745, 49.12491318 ], [ 18.5179822, 49.12492869 ], [ 18.51689896, 49.12491536 ], [ 18.51661128, 49.12489721 ], [ 18.51607465, 49.12489948 ], [ 18.51540608, 49.12494501 ], [ 18.51513932, 49.12506958 ], [ 18.51487923, 49.12511392 ], [ 18.51422537, 49.1251801 ], [ 18.51366814, 49.12518106 ], [ 18.51345014, 49.12514792 ], [ 18.51299557, 49.12526805 ], [ 18.51248402, 49.12545619 ], [ 18.51204393, 49.12569368 ], [ 18.51197697, 49.12582007 ], [ 18.51185357, 49.12621518 ], [ 18.51147109, 49.12677839 ], [ 18.51182883, 49.1268516 ], [ 18.51215855, 49.12691906 ], [ 18.51252371, 49.12685823 ], [ 18.51329725, 49.12666862 ], [ 18.51385859, 49.12664172 ], [ 18.5143332, 49.12675963 ], [ 18.51492191, 49.12690719 ], [ 18.51570253, 49.12696447 ], [ 18.51666408, 49.12709274 ], [ 18.5171484, 49.12727334 ], [ 18.51779722, 49.12766182 ], [ 18.5185031, 49.1280995 ], [ 18.5193606, 49.1287395 ], [ 18.519594, 49.12897577 ], [ 18.52031989, 49.12963469 ], [ 18.5218132, 49.13032198 ], [ 18.52189576, 49.13035641 ], [ 18.52306526, 49.13116516 ], [ 18.5230825, 49.13118225 ], [ 18.52311002, 49.13120937 ], [ 18.52314779, 49.13124904 ], [ 18.52436341, 49.13246714 ], [ 18.52463137, 49.13270337 ], [ 18.52490571, 49.13294138 ], [ 18.52507136, 49.13313507 ], [ 18.52517037, 49.13329888 ], [ 18.52543737, 49.13377327 ], [ 18.5257472, 49.13404623 ], [ 18.52586311, 49.13411514 ], [ 18.52605984, 49.13422695 ], [ 18.52633893, 49.13454968 ], [ 18.52648974, 49.13466252 ], [ 18.52671904, 49.13481391 ], [ 18.52709618, 49.13508095 ], [ 18.52750903, 49.13539973 ], [ 18.52771262, 49.13552049 ], [ 18.52778307, 49.13557583 ], [ 18.52788416, 49.13573858 ], [ 18.52791373, 49.13574947 ], [ 18.52815682, 49.13583934 ], [ 18.5282864, 49.13588715 ], [ 18.52875206, 49.13602571 ], [ 18.52923219, 49.13597602 ], [ 18.52923944, 49.13597523 ], [ 18.52928419, 49.13597477 ], [ 18.52931765, 49.13596792 ], [ 18.52933177, 49.13596499 ], [ 18.52936879, 49.13596257 ], [ 18.52938653, 49.13596146 ], [ 18.52952321, 49.13594296 ], [ 18.5296169, 49.13608582 ], [ 18.52995678, 49.13629841 ], [ 18.52992304, 49.13639169 ], [ 18.53001572, 49.13653711 ], [ 18.53015829, 49.13680298 ], [ 18.53006474, 49.13680874 ], [ 18.52997383, 49.13681429 ], [ 18.5299572, 49.13681528 ], [ 18.52964545, 49.13679993 ], [ 18.52962925, 49.13680086 ], [ 18.52961913, 49.13680148 ], [ 18.529577, 49.13680299 ], [ 18.52954764, 49.13680131 ], [ 18.5295464, 49.13680792 ], [ 18.52950971, 49.13700444 ], [ 18.52947412, 49.13703481 ], [ 18.52945133, 49.13705415 ], [ 18.52937308, 49.13712084 ], [ 18.52932221, 49.13716121 ], [ 18.52928174, 49.13719322 ], [ 18.52925714, 49.13721273 ], [ 18.52918055, 49.13729349 ], [ 18.52915354, 49.13730493 ], [ 18.5291358, 49.13731254 ], [ 18.52902307, 49.1373603 ], [ 18.52859023, 49.1375368 ], [ 18.52832026, 49.13765491 ], [ 18.52792281, 49.13782873 ], [ 18.52736503, 49.13808977 ], [ 18.52759228, 49.13836024 ], [ 18.52775924, 49.13858746 ], [ 18.52789654, 49.13873458 ], [ 18.52810659, 49.13893085 ], [ 18.52777614, 49.13904649 ], [ 18.52712861, 49.13929166 ], [ 18.52684573, 49.13942377 ], [ 18.52683696, 49.1394279 ], [ 18.52687226, 49.13978659 ], [ 18.52709725, 49.14033503 ], [ 18.52770511, 49.14083672 ], [ 18.52765969, 49.14097574 ], [ 18.52738106, 49.14142037 ], [ 18.52734499, 49.14170689 ], [ 18.5273231, 49.14194527 ], [ 18.5273483, 49.1422859 ], [ 18.52756798, 49.14275212 ], [ 18.52756186, 49.14276253 ], [ 18.52829079, 49.14261073 ] ] ] ] } },
{ "type": "Feature", "properties": { "@featureType": "CadastralZoning", "beginLifespanVersion": { "@nilReason": "http://inspire.ec.europa.eu/codelist/VoidReasonValue/Unpopulated", "@nil": "true" }, "endLifespanVersion": { "@nilReason": "http://inspire.ec.europa.eu/codelist/VoidReasonValue/Unpopulated", "@nil": "true" }, "estimatedAccuracy": { "value": -1, "@uom": "m" }, "inspireId": { "@dataType": "Identifier", "localId": "835617", "namespace": "SK.ESKN.CP", "versionId": "20260703T04:07:40" }, "label": "Malé Lednice", "level": { "@href": "http://inspire.ec.europa.eu/codelist/CadastralZoningLevelValue/3rdOrder" }, "levelName": { "value": "Katastrálne územie", "@locale": "sk" }, "name": { "@dataType": "name", "GeographicalName": { "@dataType": "GeographicalName", "language": "SLK", "nativeness": { "@href": "http://inspire.ec.europa.eu/codelist/NativenessValue/endonym", "@title": "endonym" }, "nameStatus": { "@href": "http://inspire.ec.europa.eu/codelist/NameStatusValue/official", "@title": "official" }, "sourceOfName": { "@nilReason": "http://inspire.ec.europa.eu/codelist/VoidReasonValue/Unpopulated", "@nil": "true" }, "pronunciation": { "@dataType": "pronunciation", "@nilReason": "http://inspire.ec.europa.eu/codelist/VoidReasonValue/Unpopulated", "@nil": "true" }, "spelling": { "@dataType": "SpellingOfName", "text": "Malé Lednice", "script": "LATN" } } }, "nationalCadastalZoningReference": "835617", "validFrom": "2026-06-30T16:00:00Z", "validTo": { "@nilReason": "http://inspire.ec.europa.eu/codelist/VoidReasonValue/Unpopulated", "@nil": "true" } }, "geometry": { "type": "MultiPolygon", "coordinates": [ [ [ [ 18.56236514, 49.08808481 ], [ 18.56284419, 49.08796718 ], [ 18.56394501, 49.08784852 ], [ 18.5640411, 49.08783819 ], [ 18.56452855, 49.08784011 ], [ 18.56578092, 49.08794327 ], [ 18.56637036, 49.08790963 ], [ 18.56663631, 49.08788552 ], [ 18.56671524, 49.08787832 ], [ 18.56807324, 49.08775508 ], [ 18.56856077, 49.08759142 ], [ 18.56899007, 49.08748146 ], [ 18.56963967, 49.08736758 ], [ 18.5711882, 49.08737069 ], [ 18.57304432, 49.08742879 ], [ 18.57439058, 49.08737513 ], [ 18.5748337, 49.0874108 ], [ 18.57522013, 49.08739434 ], [ 18.57620662, 49.08712351 ], [ 18.57704935, 49.08680028 ], [ 18.57798024, 49.08650696 ], [ 18.57902907, 49.08620085 ], [ 18.58041516, 49.08564878 ], [ 18.58036528, 49.08543514 ], [ 18.58094175, 49.08512932 ], [ 18.58106746, 49.0850113 ], [ 18.58139224, 49.08476521 ], [ 18.58202525, 49.08453362 ], [ 18.58288329, 49.08409342 ], [ 18.58305249, 49.08400661 ], [ 18.58334271, 49.08380187 ], [ 18.58345581, 49.0837706 ], [ 18.58398645, 49.08362399 ], [ 18.58410552, 49.08359106 ], [ 18.58454192, 49.08356137 ], [ 18.58447236, 49.08337104 ], [ 18.58457245, 49.08318956 ], [ 18.58464968, 49.08305034 ], [ 18.58489537, 49.08290411 ], [ 18.58529383, 49.08278631 ], [ 18.58600366, 49.08265663 ], [ 18.58607673, 49.08227294 ], [ 18.58644785, 49.08218154 ], [ 18.58659224, 49.08216927 ], [ 18.58664901, 49.08208841 ], [ 18.58697696, 49.08203267 ], [ 18.58709625, 49.08201229 ], [ 18.58750363, 49.08194304 ], [ 18.58759757, 49.08170818 ], [ 18.58769906, 49.08145459 ], [ 18.58833524, 49.08130064 ], [ 18.58834627, 49.0810587 ], [ 18.58915756, 49.08093464 ], [ 18.58927335, 49.08091695 ], [ 18.58953015, 49.08087769 ], [ 18.58957915, 49.08067938 ], [ 18.58933576, 49.07961896 ], [ 18.58926451, 49.07947852 ], [ 18.58909508, 49.07914479 ], [ 18.58886861, 49.0786989 ], [ 18.5888095, 49.07858231 ], [ 18.58944994, 49.07812236 ], [ 18.59035386, 49.07767186 ], [ 18.5898386, 49.07690333 ], [ 18.591103, 49.07620241 ], [ 18.5909953, 49.07603485 ], [ 18.59137554, 49.07580462 ], [ 18.59146568, 49.07577445 ], [ 18.59155366, 49.07573632 ], [ 18.59175095, 49.07563422 ], [ 18.59226504, 49.07520789 ], [ 18.59306727, 49.07476048 ], [ 18.59334006, 49.07466965 ], [ 18.59362045, 49.07457625 ], [ 18.59486628, 49.07386807 ], [ 18.59567715, 49.073797 ], [ 18.59595707, 49.07352285 ], [ 18.59657527, 49.07315676 ], [ 18.59765653, 49.07289898 ], [ 18.59840666, 49.07280713 ], [ 18.59892195, 49.072744 ], [ 18.59884306, 49.07258097 ], [ 18.59880818, 49.07228478 ], [ 18.59831744, 49.07106197 ], [ 18.59789406, 49.06976805 ], [ 18.60002062, 49.06893718 ], [ 18.60029169, 49.06871171 ], [ 18.60045946, 49.06851301 ], [ 18.6005699, 49.06837791 ], [ 18.60122269, 49.06721516 ], [ 18.6012643, 49.06714765 ], [ 18.60128904, 49.06710765 ], [ 18.60148294, 49.06679359 ], [ 18.60191777, 49.06608968 ], [ 18.60201625, 49.06571132 ], [ 18.60266312, 49.06322562 ], [ 18.60194443, 49.06312195 ], [ 18.60132192, 49.06296026 ], [ 18.600781, 49.06265579 ], [ 18.60041324, 49.06229483 ], [ 18.59991148, 49.06165862 ], [ 18.59973076, 49.06130516 ], [ 18.59960774, 49.06098909 ], [ 18.59948971, 49.06057204 ], [ 18.5994759, 49.06015825 ], [ 18.59978529, 49.05973002 ], [ 18.60004815, 49.0584528 ], [ 18.59987532, 49.05771648 ], [ 18.60015212, 49.05713493 ], [ 18.60056234, 49.05667287 ], [ 18.60138181, 49.05584478 ], [ 18.60279486, 49.05412776 ], [ 18.60262029, 49.05363749 ], [ 18.6024803, 49.05335524 ], [ 18.60232175, 49.05284102 ], [ 18.60243392, 49.0526341 ], [ 18.6023239, 49.05258931 ], [ 18.60224544, 49.05250697 ], [ 18.6017653, 49.05227767 ], [ 18.60160511, 49.05213166 ], [ 18.6015637, 49.05211473 ], [ 18.60141187, 49.05205282 ], [ 18.6013412, 49.05200283 ], [ 18.60097864, 49.05170124 ], [ 18.6008883, 49.05162611 ], [ 18.60079697, 49.0515502 ], [ 18.60073028, 49.05149475 ], [ 18.6007095, 49.05147198 ], [ 18.60064073, 49.05139674 ], [ 18.60055552, 49.05130356 ], [ 18.60047867, 49.05121941 ], [ 18.60040918, 49.05114341 ], [ 18.60026342, 49.05098401 ], [ 18.60025507, 49.05098049 ], [ 18.60010751, 49.05091853 ], [ 18.59976193, 49.05077322 ], [ 18.59974904, 49.05075764 ], [ 18.59955624, 49.0505239 ], [ 18.5994993, 49.05049269 ], [ 18.59946009, 49.05047128 ], [ 18.59930079, 49.05044198 ], [ 18.59916006, 49.05037479 ], [ 18.59899125, 49.05000212 ], [ 18.59867373, 49.04985082 ], [ 18.59830304, 49.04977842 ], [ 18.59808229, 49.0496416 ], [ 18.59751921, 49.04951899 ], [ 18.5974036, 49.04949384 ], [ 18.59725979, 49.04946248 ], [ 18.59704184, 49.04931309 ], [ 18.59686033, 49.04920518 ], [ 18.59685456, 49.04919964 ], [ 18.59678224, 49.04912989 ], [ 18.59661814, 49.04905865 ], [ 18.59633808, 49.04889654 ], [ 18.59627753, 49.0488591 ], [ 18.59593856, 49.04864971 ], [ 18.59565273, 49.04846888 ], [ 18.59513905, 49.04811793 ], [ 18.59552974, 49.0474936 ], [ 18.59569913, 49.04696665 ], [ 18.59625241, 49.04554298 ], [ 18.59641586, 49.04513553 ], [ 18.59642326, 49.04511689 ], [ 18.59643238, 49.04509429 ], [ 18.59643316, 49.04509352 ], [ 18.59644622, 49.04508122 ], [ 18.59646879, 49.04505979 ], [ 18.59647066, 49.04505799 ], [ 18.59660597, 49.04493001 ], [ 18.59660998, 49.04492761 ], [ 18.59691077, 49.0447448 ], [ 18.59717883, 49.04456358 ], [ 18.59752267, 49.04431487 ], [ 18.59789699, 49.04404949 ], [ 18.59846922, 49.04364377 ], [ 18.5985395, 49.04359395 ], [ 18.5989334, 49.04337418 ], [ 18.59922804, 49.04320981 ], [ 18.5994847, 49.04305287 ], [ 18.59997573, 49.0427526 ], [ 18.60019481, 49.04261864 ], [ 18.60038461, 49.04249168 ], [ 18.60075671, 49.04224276 ], [ 18.60114993, 49.04197965 ], [ 18.60117416, 49.0419647 ], [ 18.60168364, 49.04164944 ], [ 18.60179826, 49.04157854 ], [ 18.60245336, 49.04117364 ], [ 18.60261346, 49.04107468 ], [ 18.60214112, 49.04078561 ], [ 18.60148642, 49.04042441 ], [ 18.601149, 49.04021503 ], [ 18.60116187, 49.03991571 ], [ 18.60092289, 49.03966731 ], [ 18.60082913, 49.03952269 ], [ 18.60072692, 49.03946271 ], [ 18.60059011, 49.03903257 ], [ 18.60068878, 49.03861695 ], [ 18.60063297, 49.03854692 ], [ 18.60039784, 49.03844335 ], [ 18.60013041, 49.03814343 ], [ 18.60071204, 49.03762263 ], [ 18.60086159, 49.03733769 ], [ 18.60056699, 49.03670401 ], [ 18.60048594, 49.03642167 ], [ 18.60021536, 49.03609081 ], [ 18.60016737, 49.03580312 ], [ 18.60011324, 49.03545428 ], [ 18.59999481, 49.03505751 ], [ 18.59971003, 49.03430733 ], [ 18.5995346, 49.03357718 ], [ 18.59987669, 49.03323355 ], [ 18.600313, 49.03289578 ], [ 18.60086916, 49.03233094 ], [ 18.60143476, 49.03175956 ], [ 18.60152125, 49.03147954 ], [ 18.60131132, 49.03098745 ], [ 18.6010574, 49.03033024 ], [ 18.60082522, 49.02984282 ], [ 18.60038355, 49.02848745 ], [ 18.60036194, 49.02837748 ], [ 18.5996433, 49.02792151 ], [ 18.59899897, 49.02737227 ], [ 18.59870114, 49.02700168 ], [ 18.59868919, 49.02620063 ], [ 18.59892156, 49.02553351 ], [ 18.59961853, 49.02483964 ], [ 18.59960188, 49.02423322 ], [ 18.59938318, 49.02403877 ], [ 18.59881113, 49.02387579 ], [ 18.59798933, 49.02384024 ], [ 18.59751918, 49.02367649 ], [ 18.59695953, 49.02350766 ], [ 18.59588778, 49.02311526 ], [ 18.59553679, 49.02258762 ], [ 18.59493738, 49.02239986 ], [ 18.59474096, 49.02217646 ], [ 18.59458883, 49.0219687 ], [ 18.59415518, 49.0212298 ], [ 18.59361533, 49.021126 ], [ 18.59260066, 49.02120879 ], [ 18.59174632, 49.0213141 ], [ 18.59102009, 49.02133452 ], [ 18.59044561, 49.02084608 ], [ 18.59010703, 49.02039686 ], [ 18.58933873, 49.0202636 ], [ 18.58890066, 49.0211851 ], [ 18.58851779, 49.02162395 ], [ 18.58802517, 49.02209245 ], [ 18.58787768, 49.02244661 ], [ 18.5877781, 49.02281814 ], [ 18.58788157, 49.0234258 ], [ 18.58812143, 49.02392972 ], [ 18.5880201, 49.02430982 ], [ 18.58791176, 49.02491728 ], [ 18.58804107, 49.02542645 ], [ 18.5885613, 49.02576553 ], [ 18.58862961, 49.0259521 ], [ 18.58892912, 49.02627652 ], [ 18.58879199, 49.02689046 ], [ 18.58881595, 49.02715792 ], [ 18.58870108, 49.02729827 ], [ 18.58868116, 49.02737787 ], [ 18.58858948, 49.02747183 ], [ 18.58855563, 49.02766129 ], [ 18.58841744, 49.02780707 ], [ 18.58832749, 49.0278893 ], [ 18.58815443, 49.02798673 ], [ 18.58798924, 49.02810354 ], [ 18.58787037, 49.02816789 ], [ 18.58774688, 49.02821313 ], [ 18.58758455, 49.02825953 ], [ 18.58747629, 49.02829927 ], [ 18.5873345, 49.02838674 ], [ 18.58715891, 49.02851878 ], [ 18.58710841, 49.02849242 ], [ 18.58642902, 49.02860088 ], [ 18.5860322, 49.02918099 ], [ 18.585601, 49.03006487 ], [ 18.58558786, 49.03047921 ], [ 18.58522736, 49.03101752 ], [ 18.58496914, 49.03125771 ], [ 18.58464249, 49.03156144 ], [ 18.58475502, 49.03196938 ], [ 18.58477015, 49.03236819 ], [ 18.58477288, 49.03244223 ], [ 18.58503263, 49.03280395 ], [ 18.58513819, 49.03306173 ], [ 18.58519201, 49.03318941 ], [ 18.58537402, 49.03343714 ], [ 18.58552482, 49.03364231 ], [ 18.58546465, 49.03412143 ], [ 18.58523326, 49.03499386 ], [ 18.58519754, 49.03534924 ], [ 18.58581927, 49.0359938 ], [ 18.5865279, 49.03613424 ], [ 18.5866498, 49.03616588 ], [ 18.58689747, 49.03623018 ], [ 18.58717529, 49.03637306 ], [ 18.58740958, 49.0365515 ], [ 18.58798769, 49.03712342 ], [ 18.58804181, 49.03740991 ], [ 18.58838274, 49.0377814 ], [ 18.58776307, 49.0380498 ], [ 18.58765934, 49.03818642 ], [ 18.5879461, 49.03895363 ], [ 18.58822408, 49.03908767 ], [ 18.58843848, 49.0392894 ], [ 18.58839352, 49.03973461 ], [ 18.58846748, 49.04006241 ], [ 18.58813519, 49.04035827 ], [ 18.58805571, 49.04042898 ], [ 18.58802469, 49.04077099 ], [ 18.58813869, 49.04096227 ], [ 18.58825746, 49.04116156 ], [ 18.58894431, 49.04189252 ], [ 18.58913884, 49.04209958 ], [ 18.58926242, 49.0423198 ], [ 18.589132, 49.04274597 ], [ 18.58902714, 49.04285736 ], [ 18.58895812, 49.04289254 ], [ 18.58845686, 49.04294346 ], [ 18.58789302, 49.04294906 ], [ 18.58720057, 49.04314877 ], [ 18.5871343, 49.04314863 ], [ 18.5871229, 49.04314865 ], [ 18.58707979, 49.04313551 ], [ 18.58688121, 49.04332288 ], [ 18.58656239, 49.04350135 ], [ 18.58648887, 49.04354838 ], [ 18.58627406, 49.04369075 ], [ 18.58613872, 49.04376577 ], [ 18.58537873, 49.04418713 ], [ 18.58492347, 49.04450452 ], [ 18.58469991, 49.0448009 ], [ 18.5847442, 49.04484533 ], [ 18.58431791, 49.04494763 ], [ 18.58379682, 49.04507272 ], [ 18.58338648, 49.04539631 ], [ 18.58321772, 49.0464319 ], [ 18.58333864, 49.04686302 ], [ 18.58338976, 49.0470455 ], [ 18.58342836, 49.04740028 ], [ 18.5833638, 49.04746015 ], [ 18.58296366, 49.0478174 ], [ 18.58252781, 49.04814494 ], [ 18.58236515, 49.04832459 ], [ 18.58229867, 49.04851563 ], [ 18.58226747, 49.04882344 ], [ 18.58232172, 49.04902711 ], [ 18.58226861, 49.04927608 ], [ 18.58206343, 49.04953149 ], [ 18.58202623, 49.04957776 ], [ 18.58200975, 49.04959104 ], [ 18.58195006, 49.04963935 ], [ 18.58189374, 49.04968486 ], [ 18.58143403, 49.04987983 ], [ 18.58066238, 49.05025922 ], [ 18.58018827, 49.05047931 ], [ 18.57988432, 49.05068338 ], [ 18.5795466, 49.05093255 ], [ 18.57946441, 49.05108981 ], [ 18.57927406, 49.05154984 ], [ 18.57890652, 49.05206249 ], [ 18.57885097, 49.0521315 ], [ 18.57846661, 49.05260942 ], [ 18.57833029, 49.05281096 ], [ 18.57819833, 49.05300615 ], [ 18.57778112, 49.05346226 ], [ 18.57763949, 49.05360613 ], [ 18.57760681, 49.05363929 ], [ 18.57701504, 49.05424011 ], [ 18.57656203, 49.05479264 ], [ 18.5763379, 49.05511812 ], [ 18.57611611, 49.0554402 ], [ 18.57578531, 49.05578646 ], [ 18.5752832, 49.05631198 ], [ 18.57529249, 49.05679891 ], [ 18.57422023, 49.05689147 ], [ 18.57279688, 49.05684556 ], [ 18.57151891, 49.05686034 ], [ 18.57136987, 49.05686205 ], [ 18.57131501, 49.0568627 ], [ 18.57117793, 49.05686425 ], [ 18.57110319, 49.05692853 ], [ 18.57107981, 49.05694865 ], [ 18.57092753, 49.05707976 ], [ 18.5709196, 49.05708059 ], [ 18.57009607, 49.05716785 ], [ 18.57001815, 49.0571761 ], [ 18.56999255, 49.05721406 ], [ 18.56987865, 49.05738297 ], [ 18.56984958, 49.05742561 ], [ 18.5697492, 49.05757314 ], [ 18.56966338, 49.05765459 ], [ 18.56946178, 49.05776391 ], [ 18.56937357, 49.05781176 ], [ 18.56925913, 49.0578739 ], [ 18.56913455, 49.05794144 ], [ 18.56904236, 49.05799142 ], [ 18.5687627, 49.05814308 ], [ 18.56874164, 49.05815449 ], [ 18.56844051, 49.05823733 ], [ 18.56829011, 49.05818501 ], [ 18.56793744, 49.05819342 ], [ 18.56785041, 49.0581955 ], [ 18.56782982, 49.05820205 ], [ 18.56778935, 49.05821503 ], [ 18.56776571, 49.0582207 ], [ 18.56767851, 49.05824172 ], [ 18.56767384, 49.05824282 ], [ 18.56759476, 49.05825164 ], [ 18.5675536, 49.05827667 ], [ 18.56751839, 49.05829038 ], [ 18.56745763, 49.05831408 ], [ 18.56741635, 49.05833017 ], [ 18.56704126, 49.05847633 ], [ 18.56701644, 49.058486 ], [ 18.56699153, 49.05850956 ], [ 18.56676385, 49.0587243 ], [ 18.56645069, 49.0587241 ], [ 18.56617325, 49.05872384 ], [ 18.5661618, 49.05871989 ], [ 18.56561889, 49.05853324 ], [ 18.56547732, 49.05849709 ], [ 18.5649249, 49.05835586 ], [ 18.56488258, 49.0583451 ], [ 18.56418807, 49.05816759 ], [ 18.56386367, 49.05796512 ], [ 18.56358393, 49.05763377 ], [ 18.56357197, 49.05761959 ], [ 18.56356678, 49.05761497 ], [ 18.56315305, 49.05724626 ], [ 18.5619958, 49.05767023 ], [ 18.56076104, 49.05782447 ], [ 18.56069745, 49.05784106 ], [ 18.5598906, 49.05805159 ], [ 18.55915443, 49.05824365 ], [ 18.55902596, 49.05824546 ], [ 18.55893099, 49.05821877 ], [ 18.55875967, 49.05825698 ], [ 18.55822985, 49.05835018 ], [ 18.55790626, 49.05844775 ], [ 18.55782766, 49.05850973 ], [ 18.55766994, 49.05854786 ], [ 18.557457, 49.05857958 ], [ 18.55683246, 49.05864961 ], [ 18.55618114, 49.05882936 ], [ 18.55615574, 49.05878107 ], [ 18.55590159, 49.05874379 ], [ 18.55569511, 49.0585999 ], [ 18.5554462, 49.05851526 ], [ 18.55522582, 49.05840563 ], [ 18.55502802, 49.05828017 ], [ 18.55485207, 49.05813803 ], [ 18.5547062, 49.05799588 ], [ 18.5545516, 49.05785326 ], [ 18.55442438, 49.05773865 ], [ 18.5543793, 49.05772593 ], [ 18.55430558, 49.05770498 ], [ 18.55415548, 49.05766249 ], [ 18.55375673, 49.05757607 ], [ 18.55249851, 49.05805459 ], [ 18.55133277, 49.05862869 ], [ 18.55079372, 49.05869348 ], [ 18.54998821, 49.05911868 ], [ 18.54955098, 49.05938224 ], [ 18.54917397, 49.05956072 ], [ 18.5485066, 49.05994167 ], [ 18.54845392, 49.05997311 ], [ 18.54823425, 49.06010452 ], [ 18.54798641, 49.06027112 ], [ 18.5478445, 49.06033644 ], [ 18.5471727, 49.06053885 ], [ 18.5464895, 49.06069959 ], [ 18.54614268, 49.06059537 ], [ 18.54591398, 49.06070779 ], [ 18.54563262, 49.06077368 ], [ 18.5456287, 49.06156101 ], [ 18.54544706, 49.06195416 ], [ 18.54504451, 49.06190774 ], [ 18.54481157, 49.06234864 ], [ 18.54477384, 49.06241526 ], [ 18.54476606, 49.0624291 ], [ 18.5451031, 49.06248659 ], [ 18.54532565, 49.06250215 ], [ 18.54541915, 49.06250117 ], [ 18.5454726, 49.06250415 ], [ 18.54560209, 49.06251621 ], [ 18.54574222, 49.0625025 ], [ 18.54585333, 49.06247927 ], [ 18.54602358, 49.0624893 ], [ 18.54616416, 49.0625016 ], [ 18.54644438, 49.06256431 ], [ 18.5466001, 49.06265521 ], [ 18.54682547, 49.06265486 ], [ 18.54703598, 49.06268005 ], [ 18.54724102, 49.062637 ], [ 18.54739204, 49.06264265 ], [ 18.54758437, 49.06265838 ], [ 18.5476738, 49.06270084 ], [ 18.54771834, 49.06272238 ], [ 18.54776538, 49.06275019 ], [ 18.54775567, 49.06276193 ], [ 18.54773106, 49.06279182 ], [ 18.5477283, 49.06279519 ], [ 18.54657318, 49.06323385 ], [ 18.54545952, 49.0636363 ], [ 18.54482288, 49.06388094 ], [ 18.5442151, 49.06412758 ], [ 18.54385617, 49.06460281 ], [ 18.54281468, 49.0652802 ], [ 18.54238179, 49.06556093 ], [ 18.54180368, 49.06590906 ], [ 18.54116261, 49.06639012 ], [ 18.53969042, 49.06642246 ], [ 18.5384842, 49.06655456 ], [ 18.53866883, 49.06672156 ], [ 18.53945237, 49.06790733 ], [ 18.54133339, 49.06878519 ], [ 18.54350798, 49.06945359 ], [ 18.54633845, 49.07140912 ], [ 18.54721271, 49.07266532 ], [ 18.54828589, 49.07385901 ], [ 18.54970286, 49.0739544 ], [ 18.55156231, 49.07464565 ], [ 18.55257158, 49.07522867 ], [ 18.55420214, 49.07747581 ], [ 18.5549727, 49.07798591 ], [ 18.55566774, 49.07901616 ], [ 18.55768455, 49.08183196 ], [ 18.55768273, 49.08270836 ], [ 18.55759439, 49.08313435 ], [ 18.55753087, 49.08344113 ], [ 18.55753766, 49.08435183 ], [ 18.55793445, 49.08498915 ], [ 18.55801194, 49.08524923 ], [ 18.55738672, 49.08598722 ], [ 18.55699934, 49.08758864 ], [ 18.55993438, 49.08825468 ], [ 18.56000425, 49.08827054 ], [ 18.56005849, 49.08828285 ], [ 18.56024685, 49.08832559 ], [ 18.56052509, 49.08848993 ], [ 18.56105783, 49.08856379 ], [ 18.56236514, 49.08808481 ] ] ] ] } },
{ "type": "Feature", "properties": { "@featureType": "CadastralZoning", "beginLifespanVersion": { "@nilReason": "http://inspire.ec.europa.eu/codelist/VoidReasonValue/Unpopulated", "@nil": "true" }, "endLifespanVersion": { "@nilReason": "http://inspire.ec.europa.eu/codelist/VoidReasonValue/Unpopulated", "@nil": "true" }, "estimatedAccuracy": { "value": -1, "@uom": "m" }, "inspireId": { "@dataType": "Identifier", "localId": "845337", "namespace": "SK.ESKN.CP", "versionId": "20260703T04:07:40" }, "label": "Papradno", "level": { "@href": "http://inspire.ec.europa.eu/codelist/CadastralZoningLevelValue/3rdOrder" }, "levelName": { "value": "Katastrálne územie", "@locale": "sk" }, "name": { "@dataType": "name", "GeographicalName": { "@dataType": "GeographicalName", "language": "SLK", "nativeness": { "@href": "http://inspire.ec.europa.eu/codelist/NativenessValue/endonym", "@title": "endonym" }, "nameStatus": { "@href": "http://inspire.ec.europa.eu/codelist/NameStatusValue/official", "@title": "official" }, "sourceOfName": { "@nilReason": "http://inspire.ec.europa.eu/codelist/VoidReasonValue/Unpopulated", "@nil": "true" }, "pronunciation": { "@dataType": "pronunciation", "@nilReason": "http://inspire.ec.europa.eu/codelist/VoidReasonValue/Unpopulated", "@nil": "true" }, "spelling": { "@dataType": "SpellingOfName", "text": "Papradno", "script": "LATN" } } }, "nationalCadastalZoningReference": "845337", "validFrom": "2026-06-30T16:00:00Z", "validTo": { "@nilReason": "http://inspire.ec.europa.eu/codelist/VoidReasonValue/Unpopulated", "@nil": "true" } }, "geometry": { "type": "MultiPolygon", "coordinates": [ [ [ [ 18.35636997, 49.31964641 ], [ 18.35731782, 49.31942401 ], [ 18.35825142, 49.31907735 ], [ 18.35870073, 49.31877757 ], [ 18.35970945, 49.31819646 ], [ 18.36020642, 49.31795373 ], [ 18.36067068, 49.31777154 ], [ 18.36118371, 49.31759548 ], [ 18.3615583, 49.31753521 ], [ 18.36200829, 49.3174588 ], [ 18.36298474, 49.3175242 ], [ 18.36377805, 49.31773845 ], [ 18.3648938, 49.31820212 ], [ 18.36533216, 49.31838054 ], [ 18.36588153, 49.3185726 ], [ 18.36733075, 49.31906148 ], [ 18.36773906, 49.31901587 ], [ 18.36882807, 49.31882962 ], [ 18.37024555, 49.31868013 ], [ 18.37272921, 49.31885105 ], [ 18.37340133, 49.31898344 ], [ 18.37367012, 49.31856415 ], [ 18.37383859, 49.31816269 ], [ 18.3741065, 49.31773098 ], [ 18.37449298, 49.31725981 ], [ 18.37490393, 49.31694079 ], [ 18.37523836, 49.31655599 ], [ 18.3753595, 49.31642841 ], [ 18.37576272, 49.31599309 ], [ 18.37595112, 49.31543416 ], [ 18.37593045, 49.31515651 ], [ 18.37599792, 49.314762 ], [ 18.37592262, 49.31410538 ], [ 18.37592779, 49.31379658 ], [ 18.37581139, 49.31344054 ], [ 18.37577221, 49.31338278 ], [ 18.37544051, 49.31289427 ], [ 18.37518369, 49.31241703 ], [ 18.37512469, 49.31192898 ], [ 18.37498996, 49.311352 ], [ 18.37462709, 49.31083784 ], [ 18.3746165, 49.31081307 ], [ 18.37449178, 49.31052145 ], [ 18.37471084, 49.30976822 ], [ 18.37489539, 49.30931042 ], [ 18.37505113, 49.30893668 ], [ 18.37525361, 49.30810979 ], [ 18.37536591, 49.30767814 ], [ 18.37581169, 49.30704546 ], [ 18.37612969, 49.30660037 ], [ 18.37639292, 49.30617436 ], [ 18.37665462, 49.30558619 ], [ 18.37672104, 49.30517827 ], [ 18.37662156, 49.30496358 ], [ 18.37646605, 49.30452064 ], [ 18.37658875, 49.30414705 ], [ 18.37700161, 49.30366082 ], [ 18.37710334, 49.30337577 ], [ 18.3772894, 49.30321009 ], [ 18.37752787, 49.30303187 ], [ 18.37809275, 49.30282875 ], [ 18.37858578, 49.3026359 ], [ 18.3791346, 49.30241393 ], [ 18.37972154, 49.30217881 ], [ 18.37999846, 49.30215992 ], [ 18.38050145, 49.30207672 ], [ 18.38076881, 49.301741 ], [ 18.38088897, 49.30157257 ], [ 18.38100192, 49.30140229 ], [ 18.38125479, 49.30107822 ], [ 18.38124868, 49.30058416 ], [ 18.38111118, 49.30039987 ], [ 18.38102446, 49.30027541 ], [ 18.3812226, 49.30009622 ], [ 18.38158988, 49.29984354 ], [ 18.38182588, 49.29973971 ], [ 18.38210555, 49.29932778 ], [ 18.38224528, 49.29905476 ], [ 18.38256081, 49.29864823 ], [ 18.38292897, 49.29828396 ], [ 18.38327293, 49.29786556 ], [ 18.38347014, 49.29763569 ], [ 18.38377872, 49.29754247 ], [ 18.38430082, 49.29739209 ], [ 18.38480395, 49.29718129 ], [ 18.3854008, 49.29696492 ], [ 18.38661609, 49.29684569 ], [ 18.38737804, 49.29673337 ], [ 18.38798173, 49.29667222 ], [ 18.38914737, 49.2965292 ], [ 18.39024438, 49.29643888 ], [ 18.39107838, 49.29648879 ], [ 18.39173917, 49.2963187 ], [ 18.39189188, 49.29617561 ], [ 18.39227174, 49.29581945 ], [ 18.39265349, 49.29537685 ], [ 18.39289728, 49.29493837 ], [ 18.39310295, 49.2945291 ], [ 18.39336237, 49.29419508 ], [ 18.39379405, 49.29342297 ], [ 18.39382861, 49.29337533 ], [ 18.39395982, 49.29319451 ], [ 18.39463184, 49.29226816 ], [ 18.39479576, 49.29186678 ], [ 18.39489389, 49.29173385 ], [ 18.39510216, 49.29145179 ], [ 18.39542539, 49.29111912 ], [ 18.39566024, 49.29102153 ], [ 18.39623715, 49.29065484 ], [ 18.39674019, 49.29021152 ], [ 18.39711831, 49.28987565 ], [ 18.39720433, 49.2895326 ], [ 18.39689481, 49.28900007 ], [ 18.39671731, 49.28849341 ], [ 18.39681906, 49.28821341 ], [ 18.39689649, 49.28774752 ], [ 18.39698011, 49.28740912 ], [ 18.39701952, 49.28726926 ], [ 18.39706618, 49.28710308 ], [ 18.39707804, 49.28703461 ], [ 18.39716099, 49.28655476 ], [ 18.39731684, 49.2862125 ], [ 18.39754516, 49.28587947 ], [ 18.39787346, 49.28543535 ], [ 18.39808007, 49.28519687 ], [ 18.39804778, 49.28471094 ], [ 18.39800245, 49.28451135 ], [ 18.39824266, 49.28359457 ], [ 18.3982426, 49.28358644 ], [ 18.39824005, 49.28331395 ], [ 18.39823972, 49.28327802 ], [ 18.398252, 49.28271803 ], [ 18.39832445, 49.28256148 ], [ 18.39902368, 49.28274885 ], [ 18.39976692, 49.28287077 ], [ 18.40060804, 49.28276626 ], [ 18.40130697, 49.28259389 ], [ 18.40269387, 49.28239643 ], [ 18.40288155, 49.28219976 ], [ 18.40309088, 49.28194743 ], [ 18.40333015, 49.28163494 ], [ 18.40366919, 49.28115395 ], [ 18.40404913, 49.28068623 ], [ 18.40420216, 49.28039966 ], [ 18.40435135, 49.28014934 ], [ 18.40437178, 49.28011599 ], [ 18.40477183, 49.2794651 ], [ 18.40507797, 49.2789287 ], [ 18.40551917, 49.27813154 ], [ 18.40566111, 49.27783453 ], [ 18.40584105, 49.27745767 ], [ 18.40616407, 49.27712857 ], [ 18.40655628, 49.27679336 ], [ 18.40727373, 49.2765996 ], [ 18.40809981, 49.27641146 ], [ 18.40834899, 49.27624885 ], [ 18.4085324, 49.27586306 ], [ 18.40870222, 49.27550558 ], [ 18.40876289, 49.27508317 ], [ 18.40897476, 49.27457036 ], [ 18.40914405, 49.27422133 ], [ 18.40938999, 49.27359362 ], [ 18.40948585, 49.27310555 ], [ 18.40964266, 49.2726175 ], [ 18.4096398, 49.27220865 ], [ 18.40963748, 49.27188663 ], [ 18.40987404, 49.27168254 ], [ 18.41012831, 49.27115617 ], [ 18.4102548, 49.27089422 ], [ 18.41115669, 49.27093944 ], [ 18.41187153, 49.27072323 ], [ 18.41236651, 49.27039898 ], [ 18.4128334, 49.27020629 ], [ 18.41328879, 49.26983366 ], [ 18.41395212, 49.26941283 ], [ 18.41421536, 49.26887738 ], [ 18.41433937, 49.26862062 ], [ 18.41456986, 49.26828091 ], [ 18.41461293, 49.26809278 ], [ 18.41486422, 49.2676545 ], [ 18.4149819, 49.26708191 ], [ 18.41532329, 49.26708228 ], [ 18.4160077, 49.26699287 ], [ 18.41725315, 49.26691148 ], [ 18.41815508, 49.26693436 ], [ 18.41862639, 49.2663416 ], [ 18.41946388, 49.26579332 ], [ 18.4197489, 49.26558059 ], [ 18.42008394, 49.26530158 ], [ 18.42051394, 49.26507336 ], [ 18.42076138, 49.26495359 ], [ 18.42131249, 49.26471208 ], [ 18.4216777, 49.26462224 ], [ 18.42195511, 49.26456547 ], [ 18.42196517, 49.26443761 ], [ 18.42208955, 49.26397872 ], [ 18.42212454, 49.26391342 ], [ 18.42251162, 49.26318994 ], [ 18.42397896, 49.26214303 ], [ 18.42417206, 49.26176416 ], [ 18.42439085, 49.2615246 ], [ 18.42490653, 49.26094932 ], [ 18.42507232, 49.26051661 ], [ 18.42533596, 49.26012511 ], [ 18.42556935, 49.25970496 ], [ 18.42580822, 49.2594119 ], [ 18.42592337, 49.25923107 ], [ 18.4260356, 49.25901173 ], [ 18.42612318, 49.25889101 ], [ 18.42662994, 49.2585624 ], [ 18.42719398, 49.25832789 ], [ 18.4276833, 49.2580632 ], [ 18.42821529, 49.25753004 ], [ 18.42871408, 49.2570687 ], [ 18.42900361, 49.25668023 ], [ 18.42919559, 49.25624932 ], [ 18.42955909, 49.25593666 ], [ 18.42986367, 49.25552853 ], [ 18.4303391, 49.25499317 ], [ 18.43081009, 49.25414578 ], [ 18.430926, 49.2538447 ], [ 18.43057744, 49.25325977 ], [ 18.43048294, 49.2530612 ], [ 18.42998639, 49.25230689 ], [ 18.42985044, 49.25164537 ], [ 18.42987255, 49.25142333 ], [ 18.4297519, 49.25111793 ], [ 18.42961969, 49.25071569 ], [ 18.42939286, 49.25028155 ], [ 18.42917706, 49.25006793 ], [ 18.42888908, 49.24987227 ], [ 18.42714222, 49.24801857 ], [ 18.42750672, 49.24750085 ], [ 18.42782657, 49.24707769 ], [ 18.42799842, 49.24679295 ], [ 18.42824244, 49.24650216 ], [ 18.42856805, 49.24619743 ], [ 18.42899976, 49.24624578 ], [ 18.42927903, 49.24606818 ], [ 18.43008874, 49.24581702 ], [ 18.43089816, 49.24565418 ], [ 18.43118016, 49.24544758 ], [ 18.43154274, 49.24515535 ], [ 18.43184584, 49.24491101 ], [ 18.4318783, 49.24487814 ], [ 18.43191117, 49.24474631 ], [ 18.43198934, 49.244659 ], [ 18.43234983, 49.24439156 ], [ 18.4324968, 49.24426102 ], [ 18.43264889, 49.24415612 ], [ 18.43322827, 49.24369693 ], [ 18.43344796, 49.24346336 ], [ 18.43412007, 49.24294825 ], [ 18.43450106, 49.24266045 ], [ 18.43466136, 49.24245258 ], [ 18.43475195, 49.24232418 ], [ 18.43504853, 49.24195928 ], [ 18.43525442, 49.24186248 ], [ 18.43553923, 49.24180817 ], [ 18.43532625, 49.24147135 ], [ 18.4353385, 49.24135733 ], [ 18.43537947, 49.2412494 ], [ 18.43555136, 49.24100688 ], [ 18.43568191, 49.24064262 ], [ 18.43575512, 49.24053574 ], [ 18.43603077, 49.24038491 ], [ 18.43656757, 49.23980227 ], [ 18.43664547, 49.23972551 ], [ 18.43685295, 49.23950742 ], [ 18.43733585, 49.23898399 ], [ 18.43737137, 49.23894551 ], [ 18.43773936, 49.23854672 ], [ 18.43775757, 49.23850459 ], [ 18.4379238, 49.23811864 ], [ 18.43803378, 49.23786325 ], [ 18.43819423, 49.23766586 ], [ 18.4385688, 49.23732536 ], [ 18.4387505, 49.23711045 ], [ 18.43891976, 49.23687753 ], [ 18.43896351, 49.23675631 ], [ 18.43906332, 49.23660088 ], [ 18.43920292, 49.23642418 ], [ 18.43923429, 49.23639224 ], [ 18.43935423, 49.23627222 ], [ 18.43939851, 49.23612638 ], [ 18.43942962, 49.23602648 ], [ 18.43959142, 49.23580976 ], [ 18.43963383, 49.23551692 ], [ 18.43970469, 49.23509641 ], [ 18.43988124, 49.23483005 ], [ 18.44059921, 49.2337511 ], [ 18.4408153, 49.23344269 ], [ 18.44115252, 49.23305556 ], [ 18.44123851, 49.23287763 ], [ 18.44161741, 49.23249964 ], [ 18.44164959, 49.23243545 ], [ 18.44167646, 49.2323816 ], [ 18.44181843, 49.23209774 ], [ 18.44195679, 49.23187991 ], [ 18.44212269, 49.23164166 ], [ 18.44216997, 49.23154129 ], [ 18.44209692, 49.23127298 ], [ 18.44210288, 49.23124145 ], [ 18.44212296, 49.23119003 ], [ 18.44223426, 49.23082056 ], [ 18.44209568, 49.23059062 ], [ 18.44227896, 49.23023791 ], [ 18.44240413, 49.22935241 ], [ 18.44059082, 49.22913903 ], [ 18.43933525, 49.22875795 ], [ 18.43802758, 49.22818956 ], [ 18.43663277, 49.2277038 ], [ 18.43602322, 49.22773822 ], [ 18.43487657, 49.22798589 ], [ 18.43332956, 49.22732986 ], [ 18.43045123, 49.22636029 ], [ 18.43044028, 49.22640066 ], [ 18.43004294, 49.22634454 ], [ 18.42955945, 49.22610249 ], [ 18.42932625, 49.22588899 ], [ 18.42906945, 49.22550472 ], [ 18.42836759, 49.22505837 ], [ 18.42729618, 49.22512963 ], [ 18.42648787, 49.22457436 ], [ 18.4248516, 49.22447025 ], [ 18.42421698, 49.2245607 ], [ 18.4240468, 49.22486944 ], [ 18.42336423, 49.22467607 ], [ 18.42325879, 49.22464627 ], [ 18.42300672, 49.22457483 ], [ 18.42266872, 49.22439237 ], [ 18.42237677, 49.22436016 ], [ 18.42229921, 49.22465242 ], [ 18.42172279, 49.22454455 ], [ 18.42130611, 49.22410969 ], [ 18.42111191, 49.22363635 ], [ 18.42121868, 49.22317541 ], [ 18.42107229, 49.2229783 ], [ 18.42111354, 49.2226641 ], [ 18.42119874, 49.22242189 ], [ 18.4208394, 49.22224158 ], [ 18.42082952, 49.22207689 ], [ 18.42072664, 49.22204867 ], [ 18.42055057, 49.22188964 ], [ 18.42040274, 49.22186923 ], [ 18.42029833, 49.22182938 ], [ 18.42022792, 49.22180258 ], [ 18.42021256, 49.22179669 ], [ 18.4199948, 49.22169311 ], [ 18.41997622, 49.22168433 ], [ 18.41990896, 49.22165229 ], [ 18.41990324, 49.22164963 ], [ 18.41986481, 49.22163136 ], [ 18.41982939, 49.22161209 ], [ 18.41965773, 49.22151863 ], [ 18.41965438, 49.22151682 ], [ 18.41964163, 49.22150989 ], [ 18.41961651, 49.22149624 ], [ 18.41930128, 49.22132449 ], [ 18.41927594, 49.22130081 ], [ 18.41925269, 49.22127904 ], [ 18.41922793, 49.22126261 ], [ 18.41920927, 49.22125021 ], [ 18.41920431, 49.22124696 ], [ 18.41910908, 49.22118388 ], [ 18.41910235, 49.22117945 ], [ 18.41907632, 49.22116213 ], [ 18.41903683, 49.22113595 ], [ 18.41857897, 49.22087108 ], [ 18.41851511, 49.22083409 ], [ 18.41828239, 49.22068826 ], [ 18.41811401, 49.22054562 ], [ 18.4179735, 49.22046497 ], [ 18.41784517, 49.22042578 ], [ 18.41775839, 49.22040738 ], [ 18.41764775, 49.22038387 ], [ 18.41760175, 49.22037412 ], [ 18.41759301, 49.22038312 ], [ 18.41710594, 49.22023547 ], [ 18.4168915, 49.22017052 ], [ 18.41684257, 49.22015564 ], [ 18.41675864, 49.22013018 ], [ 18.41671581, 49.22011717 ], [ 18.41619976, 49.21996558 ], [ 18.41617754, 49.21995624 ], [ 18.41616877, 49.21995259 ], [ 18.41605864, 49.21988002 ], [ 18.41583405, 49.21973212 ], [ 18.4156303, 49.2195979 ], [ 18.41554301, 49.21952442 ], [ 18.41546987, 49.21946742 ], [ 18.4154375, 49.21943947 ], [ 18.41542702, 49.21943095 ], [ 18.41528223, 49.21931722 ], [ 18.41527953, 49.21931996 ], [ 18.41511509, 49.21940114 ], [ 18.41495388, 49.21948079 ], [ 18.41462679, 49.21960879 ], [ 18.41427449, 49.2196327 ], [ 18.41396914, 49.21958277 ], [ 18.41391211, 49.21956338 ], [ 18.41382445, 49.21953365 ], [ 18.41371249, 49.21949572 ], [ 18.41370845, 49.21949396 ], [ 18.41357223, 49.21943466 ], [ 18.41346994, 49.21939013 ], [ 18.41315898, 49.21922934 ], [ 18.41290387, 49.21915717 ], [ 18.41259861, 49.21913449 ], [ 18.41257654, 49.21913472 ], [ 18.41182674, 49.21914286 ], [ 18.41169636, 49.21916474 ], [ 18.41141478, 49.21921185 ], [ 18.41120285, 49.21921443 ], [ 18.41104696, 49.21920855 ], [ 18.41078928, 49.21958239 ], [ 18.41049896, 49.21956666 ], [ 18.41003164, 49.21965903 ], [ 18.4093353, 49.21950514 ], [ 18.4091516, 49.2196182 ], [ 18.40870902, 49.21937316 ], [ 18.40810344, 49.21925062 ], [ 18.40747844, 49.21888895 ], [ 18.4076627, 49.21868894 ], [ 18.4078403, 49.21844434 ], [ 18.40722216, 49.21836812 ], [ 18.4067734, 49.21796445 ], [ 18.40616627, 49.21761828 ], [ 18.40569511, 49.21728719 ], [ 18.40536821, 49.21788416 ], [ 18.40474471, 49.21772758 ], [ 18.40451878, 49.21767081 ], [ 18.4044854, 49.21785974 ], [ 18.403287, 49.21761441 ], [ 18.40351117, 49.21703876 ], [ 18.40334528, 49.21653211 ], [ 18.40257132, 49.21593126 ], [ 18.4027971, 49.21557237 ], [ 18.40225481, 49.21537153 ], [ 18.40147806, 49.21532397 ], [ 18.40029162, 49.21521435 ], [ 18.39929676, 49.21504834 ], [ 18.39827378, 49.21495098 ], [ 18.39695201, 49.21503997 ], [ 18.39653404, 49.21481428 ], [ 18.39683964, 49.21409659 ], [ 18.39592568, 49.2133996 ], [ 18.39529353, 49.21353885 ], [ 18.39460614, 49.21386003 ], [ 18.39357991, 49.2142022 ], [ 18.39202498, 49.21404371 ], [ 18.39193591, 49.21403472 ], [ 18.39134688, 49.21399196 ], [ 18.39017793, 49.21383456 ], [ 18.38993001, 49.2140535 ], [ 18.38962338, 49.21412408 ], [ 18.38943165, 49.21427249 ], [ 18.38936335, 49.21498867 ], [ 18.38931483, 49.21525519 ], [ 18.38925869, 49.21556369 ], [ 18.38906114, 49.21609188 ], [ 18.38904597, 49.2161081 ], [ 18.38839861, 49.21679894 ], [ 18.38837519, 49.21682995 ], [ 18.38834581, 49.21737547 ], [ 18.38848293, 49.21791071 ], [ 18.38787185, 49.2185689 ], [ 18.38778349, 49.21868052 ], [ 18.38761874, 49.21932279 ], [ 18.38761485, 49.219338 ], [ 18.38726056, 49.22051016 ], [ 18.3865459, 49.22114854 ], [ 18.38589009, 49.22118284 ], [ 18.38477773, 49.22173937 ], [ 18.38437029, 49.22270012 ], [ 18.38414827, 49.22282564 ], [ 18.38426656, 49.22308252 ], [ 18.38421903, 49.22331751 ], [ 18.38452649, 49.2238138 ], [ 18.38434969, 49.22405436 ], [ 18.38313889, 49.22566291 ], [ 18.38243995, 49.22668577 ], [ 18.38173282, 49.22714821 ], [ 18.38129373, 49.22739879 ], [ 18.38081161, 49.22775103 ], [ 18.38029888, 49.22844938 ], [ 18.37996478, 49.22913876 ], [ 18.37988818, 49.22931474 ], [ 18.37978055, 49.22941094 ], [ 18.37948712, 49.22968789 ], [ 18.37940038, 49.22981864 ], [ 18.37932192, 49.2306838 ], [ 18.37957337, 49.23108658 ], [ 18.379563, 49.2312267 ], [ 18.3795369, 49.23132317 ], [ 18.37881379, 49.23197269 ], [ 18.37690203, 49.2337559 ], [ 18.3766945, 49.2340322 ], [ 18.3766713, 49.23437944 ], [ 18.37669367, 49.23450711 ], [ 18.3771785, 49.23490938 ], [ 18.37742502, 49.23566836 ], [ 18.3772865, 49.23631207 ], [ 18.37733699, 49.23675887 ], [ 18.37756072, 49.2375461 ], [ 18.37769853, 49.23913003 ], [ 18.37777974, 49.23944677 ], [ 18.37783458, 49.23981403 ], [ 18.37738313, 49.23985302 ], [ 18.37577069, 49.23986163 ], [ 18.37510224, 49.23993407 ], [ 18.37414245, 49.2401557 ], [ 18.37366379, 49.24022285 ], [ 18.37267747, 49.2404438 ], [ 18.37176522, 49.24089248 ], [ 18.37101876, 49.24119611 ], [ 18.37066527, 49.24159877 ], [ 18.3704852, 49.2419106 ], [ 18.3700568, 49.24265267 ], [ 18.36994916, 49.24284768 ], [ 18.36985716, 49.24337159 ], [ 18.36970682, 49.24441804 ], [ 18.36933502, 49.24479361 ], [ 18.36402901, 49.2461768 ], [ 18.36171713, 49.24646913 ], [ 18.3615151, 49.24662948 ], [ 18.36048082, 49.24736939 ], [ 18.35860044, 49.24884618 ], [ 18.35683507, 49.2504889 ], [ 18.3554144, 49.25235046 ], [ 18.35377722, 49.25263691 ], [ 18.35213151, 49.25269661 ], [ 18.35073165, 49.25259651 ], [ 18.34984478, 49.25254115 ], [ 18.34935867, 49.25240195 ], [ 18.34908419, 49.25232541 ], [ 18.34833517, 49.25201833 ], [ 18.34772392, 49.25181521 ], [ 18.34714737, 49.25164317 ], [ 18.34589152, 49.25179658 ], [ 18.34530096, 49.25173249 ], [ 18.34513325, 49.25186683 ], [ 18.34311546, 49.25348377 ], [ 18.34303753, 49.25367825 ], [ 18.34263348, 49.25399428 ], [ 18.34224863, 49.2545647 ], [ 18.34200198, 49.254708 ], [ 18.34146946, 49.25502473 ], [ 18.3410717, 49.25558603 ], [ 18.34096698, 49.25657356 ], [ 18.34080123, 49.25703109 ], [ 18.34058534, 49.25752013 ], [ 18.34009461, 49.25924975 ], [ 18.34002302, 49.25983995 ], [ 18.3398514, 49.26036584 ], [ 18.34008252, 49.26190534 ], [ 18.33986648, 49.26260636 ], [ 18.33971936, 49.26299886 ], [ 18.33933004, 49.26372913 ], [ 18.33885444, 49.26465946 ], [ 18.33888201, 49.26530347 ], [ 18.33863465, 49.2658569 ], [ 18.33744321, 49.26596157 ], [ 18.3362745, 49.26681402 ], [ 18.33469497, 49.26724829 ], [ 18.33331709, 49.26822805 ], [ 18.33226588, 49.26826242 ], [ 18.33198732, 49.26853461 ], [ 18.33115824, 49.26934485 ], [ 18.33014641, 49.27035734 ], [ 18.32929166, 49.27140774 ], [ 18.3293286, 49.27201384 ], [ 18.32939504, 49.27330755 ], [ 18.32853688, 49.27408385 ], [ 18.3281529, 49.27461016 ], [ 18.32728557, 49.27524046 ], [ 18.32662755, 49.27601943 ], [ 18.32645358, 49.27643164 ], [ 18.32572837, 49.27701462 ], [ 18.32432688, 49.2786388 ], [ 18.32427464, 49.27888723 ], [ 18.32457566, 49.27939191 ], [ 18.32511434, 49.28005659 ], [ 18.32574782, 49.28070418 ], [ 18.32607964, 49.28107538 ], [ 18.32650859, 49.2818573 ], [ 18.32744543, 49.28233146 ], [ 18.32742138, 49.28248544 ], [ 18.32731915, 49.28275554 ], [ 18.32728986, 49.28423308 ], [ 18.32707695, 49.28502758 ], [ 18.32634212, 49.28601598 ], [ 18.32559156, 49.28682733 ], [ 18.32517913, 49.28694213 ], [ 18.32467119, 49.28755998 ], [ 18.32408332, 49.28804793 ], [ 18.3235488, 49.28852124 ], [ 18.32309638, 49.28880077 ], [ 18.32252407, 49.28902524 ], [ 18.31973359, 49.28922861 ], [ 18.31875478, 49.28949119 ], [ 18.31868841, 49.28950292 ], [ 18.31808323, 49.28961001 ], [ 18.31684972, 49.289919 ], [ 18.31558979, 49.29022732 ], [ 18.31534467, 49.29036317 ], [ 18.31379624, 49.29094605 ], [ 18.31255829, 49.2913108 ], [ 18.3114044, 49.29140994 ], [ 18.30999155, 49.29151408 ], [ 18.30961912, 49.29261372 ], [ 18.3093226, 49.29372572 ], [ 18.30931219, 49.29375997 ], [ 18.30912804, 49.29436879 ], [ 18.30911658, 49.29440687 ], [ 18.30910593, 49.29444192 ], [ 18.30917574, 49.29485701 ], [ 18.30943845, 49.29595334 ], [ 18.30864591, 49.2972969 ], [ 18.30781054, 49.29808935 ], [ 18.30724764, 49.29859928 ], [ 18.30649949, 49.29945787 ], [ 18.30583509, 49.30010635 ], [ 18.30527274, 49.30079853 ], [ 18.30476532, 49.301613 ], [ 18.30397543, 49.30324793 ], [ 18.30359783, 49.30476928 ], [ 18.30320175, 49.30566894 ], [ 18.30344658, 49.30571134 ], [ 18.30383203, 49.30577803 ], [ 18.30465947, 49.30592043 ], [ 18.3058627, 49.30611055 ], [ 18.30736771, 49.30623369 ], [ 18.30923726, 49.30664921 ], [ 18.31028247, 49.30688171 ], [ 18.31178109, 49.30783573 ], [ 18.31311307, 49.30867952 ], [ 18.31381558, 49.30895034 ], [ 18.31453493, 49.30941784 ], [ 18.31489416, 49.30976596 ], [ 18.3159772, 49.30999267 ], [ 18.31699362, 49.31024661 ], [ 18.31839601, 49.31054689 ], [ 18.32002453, 49.31094317 ], [ 18.32088142, 49.31124791 ], [ 18.32102201, 49.31128752 ], [ 18.32157084, 49.31144187 ], [ 18.32304715, 49.31199377 ], [ 18.32348998, 49.31235771 ], [ 18.32351179, 49.31237571 ], [ 18.32424727, 49.31291526 ], [ 18.32460052, 49.31311409 ], [ 18.32508934, 49.31330542 ], [ 18.32561714, 49.31342121 ], [ 18.32647509, 49.31366324 ], [ 18.3276784, 49.3140876 ], [ 18.32811448, 49.31434266 ], [ 18.32817279, 49.31436658 ], [ 18.329071, 49.3147352 ], [ 18.33050028, 49.3150889 ], [ 18.33135826, 49.3152643 ], [ 18.33191094, 49.31525717 ], [ 18.33267884, 49.31516194 ], [ 18.33389509, 49.31508896 ], [ 18.33506615, 49.31516796 ], [ 18.33512048, 49.31517161 ], [ 18.33524528, 49.31518001 ], [ 18.3357799, 49.31524577 ], [ 18.33723127, 49.31559989 ], [ 18.33791886, 49.31576098 ], [ 18.3388219, 49.3158344 ], [ 18.33922633, 49.31581873 ], [ 18.33965218, 49.31583574 ], [ 18.34075981, 49.31606186 ], [ 18.34188256, 49.316609 ], [ 18.3428369, 49.31683786 ], [ 18.34415826, 49.31714568 ], [ 18.34450941, 49.31721068 ], [ 18.34522085, 49.3173586 ], [ 18.34599987, 49.31756541 ], [ 18.3480268, 49.31819305 ], [ 18.3487651, 49.31849884 ], [ 18.34926672, 49.31862136 ], [ 18.34983256, 49.31866605 ], [ 18.35135222, 49.31866054 ], [ 18.35281219, 49.31876802 ], [ 18.35394955, 49.31894566 ], [ 18.3550268, 49.31934827 ], [ 18.35546953, 49.31957895 ], [ 18.3558947, 49.31970569 ], [ 18.35636997, 49.31964641 ] ] ] ] } },
{ "type": "Feature", "properties": { "@featureType": "CadastralZoning", "beginLifespanVersion": { "@nilReason": "http://inspire.ec.europa.eu/codelist/VoidReasonValue/Unpopulated", "@nil": "true" }, "endLifespanVersion": { "@nilReason": "http://inspire.ec.europa.eu/codelist/VoidReasonValue/Unpopulated", "@nil": "true" }, "estimatedAccuracy": { "value": -1, "@uom": "m" }, "inspireId": { "@dataType": "Identifier", "localId": "846945", "namespace": "SK.ESKN.CP", "versionId": "20260703T04:07:40" }, "label": "Plevník-Drienové", "level": { "@href": "http://inspire.ec.europa.eu/codelist/CadastralZoningLevelValue/3rdOrder" }, "levelName": { "value": "Katastrálne územie", "@locale": "sk" }, "name": { "@dataType": "name", "GeographicalName": { "@dataType": "GeographicalName", "language": "SLK", "nativeness": { "@href": "http://inspire.ec.europa.eu/codelist/NativenessValue/endonym", "@title": "endonym" }, "nameStatus": { "@href": "http://inspire.ec.europa.eu/codelist/NameStatusValue/official", "@title": "official" }, "sourceOfName": { "@nilReason": "http://inspire.ec.europa.eu/codelist/VoidReasonValue/Unpopulated", "@nil": "true" }, "pronunciation": { "@dataType": "pronunciation", "@nilReason": "http://inspire.ec.europa.eu/codelist/VoidReasonValue/Unpopulated", "@nil": "true" }, "spelling": { "@dataType": "SpellingOfName", "text": "Plevník-Drienové", "script": "LATN" } } }, "nationalCadastalZoningReference": "846945", "validFrom": "2026-06-30T16:00:00Z", "validTo": { "@nilReason": "http://inspire.ec.europa.eu/codelist/VoidReasonValue/Unpopulated", "@nil": "true" } }, "geometry": { "type": "MultiPolygon", "coordinates": [ [ [ [ 18.48683845, 49.18152702 ], [ 18.48753351, 49.18122579 ], [ 18.48755492, 49.18121649 ], [ 18.48762992, 49.18118403 ], [ 18.48770886, 49.18114989 ], [ 18.48780587, 49.1811078 ], [ 18.48782867, 49.1810984 ], [ 18.48783028, 49.18109767 ], [ 18.48794024, 49.18105223 ], [ 18.48796973, 49.18104003 ], [ 18.48797379, 49.18103836 ], [ 18.48799384, 49.18103007 ], [ 18.48805602, 49.18100431 ], [ 18.48811383, 49.18098039 ], [ 18.48811485, 49.18097999 ], [ 18.48843819, 49.18084637 ], [ 18.48852186, 49.18081177 ], [ 18.48852926, 49.18080874 ], [ 18.48857314, 49.18079056 ], [ 18.48863575, 49.18076464 ], [ 18.48867192, 49.18074965 ], [ 18.48878741, 49.18070189 ], [ 18.48944818, 49.18042874 ], [ 18.4895098, 49.18040629 ], [ 18.4897719, 49.18031057 ], [ 18.48984276, 49.18028474 ], [ 18.48995937, 49.18024218 ], [ 18.49003412, 49.18021494 ], [ 18.49040503, 49.18007949 ], [ 18.49058592, 49.18002717 ], [ 18.49075923, 49.17997705 ], [ 18.49128722, 49.17977408 ], [ 18.49167181, 49.17962619 ], [ 18.49261412, 49.17929256 ], [ 18.49284556, 49.17921059 ], [ 18.4934555, 49.17899393 ], [ 18.49359934, 49.17894284 ], [ 18.49418963, 49.17875958 ], [ 18.49455163, 49.17863238 ], [ 18.49538623, 49.17829034 ], [ 18.49584344, 49.17807637 ], [ 18.49585266, 49.17807209 ], [ 18.49618581, 49.17793131 ], [ 18.49642811, 49.17778514 ], [ 18.4964957, 49.17781011 ], [ 18.49662114, 49.17785646 ], [ 18.49671552, 49.17774583 ], [ 18.49672829, 49.17771241 ], [ 18.49676757, 49.17760979 ], [ 18.49677436, 49.17748004 ], [ 18.49673097, 49.17721934 ], [ 18.49736044, 49.17715036 ], [ 18.49798657, 49.17711972 ], [ 18.49815663, 49.17711255 ], [ 18.49835783, 49.177104 ], [ 18.49882523, 49.1771019 ], [ 18.4992512, 49.17713031 ], [ 18.4994496, 49.17716022 ], [ 18.49949838, 49.17716522 ], [ 18.49975601, 49.17719151 ], [ 18.49992056, 49.17727796 ], [ 18.50000274, 49.17727567 ], [ 18.50005939, 49.17723913 ], [ 18.50009956, 49.17721317 ], [ 18.50014421, 49.17718446 ], [ 18.50033189, 49.17724583 ], [ 18.50056278, 49.17732137 ], [ 18.50078784, 49.17734949 ], [ 18.50086981, 49.17735647 ], [ 18.50092366, 49.17732682 ], [ 18.50101855, 49.17725889 ], [ 18.50100835, 49.17725356 ], [ 18.50102774, 49.17723954 ], [ 18.50113209, 49.17716428 ], [ 18.50118252, 49.17714861 ], [ 18.50129053, 49.17714564 ], [ 18.50159459, 49.17718464 ], [ 18.50182147, 49.17722007 ], [ 18.50199076, 49.17723424 ], [ 18.50212068, 49.17719727 ], [ 18.50221966, 49.1771329 ], [ 18.50231934, 49.17706739 ], [ 18.50242374, 49.17700693 ], [ 18.50252949, 49.17694563 ], [ 18.50263486, 49.17688513 ], [ 18.50277059, 49.17681527 ], [ 18.50289676, 49.17677972 ], [ 18.50304797, 49.17676051 ], [ 18.50319855, 49.17678331 ], [ 18.5033314, 49.17680479 ], [ 18.50345591, 49.17675615 ], [ 18.50350247, 49.1767243 ], [ 18.50359628, 49.17665839 ], [ 18.50364066, 49.17659583 ], [ 18.50364653, 49.17657115 ], [ 18.50364421, 49.17651111 ], [ 18.50359519, 49.17637418 ], [ 18.50358922, 49.17629508 ], [ 18.50376483, 49.17620591 ], [ 18.50387717, 49.17614687 ], [ 18.50405967, 49.17606195 ], [ 18.50409273, 49.17604218 ], [ 18.50418154, 49.17599612 ], [ 18.50432299, 49.17594849 ], [ 18.50461257, 49.17590495 ], [ 18.50468524, 49.17588101 ], [ 18.50482223, 49.17583594 ], [ 18.50499468, 49.17580119 ], [ 18.50505248, 49.17579576 ], [ 18.50518119, 49.17578353 ], [ 18.50544107, 49.17578547 ], [ 18.50551437, 49.17579794 ], [ 18.5057078, 49.17581485 ], [ 18.50584253, 49.1758487 ], [ 18.50621292, 49.17594543 ], [ 18.50638474, 49.17594277 ], [ 18.50643451, 49.17593554 ], [ 18.50650263, 49.17592255 ], [ 18.5065803, 49.17589059 ], [ 18.50666417, 49.17563969 ], [ 18.50668118, 49.175589 ], [ 18.50670027, 49.17559257 ], [ 18.50671658, 49.17556151 ], [ 18.50672204, 49.1755434 ], [ 18.50674677, 49.17548059 ], [ 18.50674941, 49.17545095 ], [ 18.50695607, 49.17550044 ], [ 18.5070636, 49.17552622 ], [ 18.50713053, 49.17554222 ], [ 18.50733049, 49.17560118 ], [ 18.50810654, 49.17584879 ], [ 18.5084987, 49.17541594 ], [ 18.50852636, 49.17538541 ], [ 18.50866051, 49.17523759 ], [ 18.5087651, 49.17512218 ], [ 18.50883532, 49.1750261 ], [ 18.50895727, 49.1748593 ], [ 18.50793027, 49.17446957 ], [ 18.50830037, 49.17419813 ], [ 18.50840294, 49.17411067 ], [ 18.50814069, 49.17389891 ], [ 18.50791575, 49.17361509 ], [ 18.50822165, 49.17347704 ], [ 18.50853221, 49.17370623 ], [ 18.50898192, 49.17387872 ], [ 18.5093805, 49.17351796 ], [ 18.50949683, 49.17345336 ], [ 18.50998733, 49.17323537 ], [ 18.51022149, 49.17300716 ], [ 18.51081206, 49.17283584 ], [ 18.51111027, 49.17282722 ], [ 18.51121379, 49.17280847 ], [ 18.51131425, 49.17281393 ], [ 18.51143408, 49.17275321 ], [ 18.5115521, 49.17265774 ], [ 18.51167545, 49.17238391 ], [ 18.51170351, 49.17217257 ], [ 18.51176372, 49.17200088 ], [ 18.51201033, 49.17176441 ], [ 18.51218622, 49.17176539 ], [ 18.51243978, 49.17172997 ], [ 18.51263572, 49.17173023 ], [ 18.51288117, 49.1715519 ], [ 18.51306196, 49.17108456 ], [ 18.51347799, 49.1708239 ], [ 18.51358182, 49.17065548 ], [ 18.51392018, 49.17038429 ], [ 18.51395312, 49.17035224 ], [ 18.51407038, 49.16955409 ], [ 18.51409074, 49.16924669 ], [ 18.51492309, 49.16810765 ], [ 18.51521392, 49.16794026 ], [ 18.51626579, 49.16697617 ], [ 18.51709135, 49.1664367 ], [ 18.51735202, 49.16632289 ], [ 18.5181119, 49.16606841 ], [ 18.51850171, 49.16596052 ], [ 18.51914551, 49.16578835 ], [ 18.52009111, 49.16540417 ], [ 18.52093008, 49.16507654 ], [ 18.52159639, 49.1647595 ], [ 18.5222113, 49.16446709 ], [ 18.5226945, 49.16426653 ], [ 18.52330232, 49.16405855 ], [ 18.52415208, 49.1638164 ], [ 18.52468578, 49.16378062 ], [ 18.52522615, 49.16375738 ], [ 18.52578038, 49.16364376 ], [ 18.52615383, 49.1635715 ], [ 18.52637474, 49.16354467 ], [ 18.52652579, 49.16352524 ], [ 18.52668069, 49.16350909 ], [ 18.52711403, 49.16347806 ], [ 18.52774323, 49.16341694 ], [ 18.52782286, 49.16340745 ], [ 18.52845147, 49.16336082 ], [ 18.52868543, 49.16336041 ], [ 18.52904544, 49.16346372 ], [ 18.530358, 49.16384581 ], [ 18.53111452, 49.16403681 ], [ 18.53194603, 49.16417439 ], [ 18.53289912, 49.16424022 ], [ 18.53376614, 49.16420602 ], [ 18.53404507, 49.16407782 ], [ 18.53426363, 49.16369669 ], [ 18.53448659, 49.16356493 ], [ 18.53488541, 49.16287404 ], [ 18.53542895, 49.16262093 ], [ 18.53568811, 49.16250646 ], [ 18.53610401, 49.1624094 ], [ 18.53641784, 49.16179999 ], [ 18.53654215, 49.1614023 ], [ 18.53700266, 49.16059131 ], [ 18.5372987, 49.16021193 ], [ 18.53753908, 49.16001478 ], [ 18.53769353, 49.15993859 ], [ 18.53873345, 49.15969173 ], [ 18.5393344, 49.15910389 ], [ 18.53970608, 49.15896536 ], [ 18.5400718, 49.15884139 ], [ 18.54095561, 49.15879749 ], [ 18.5416679, 49.15859669 ], [ 18.54255292, 49.15834712 ], [ 18.54283317, 49.15837227 ], [ 18.54338389, 49.158381 ], [ 18.54351938, 49.15839762 ], [ 18.54370588, 49.15841888 ], [ 18.54423782, 49.15827041 ], [ 18.54473756, 49.15825896 ], [ 18.54492935, 49.15825452 ], [ 18.54645512, 49.15796915 ], [ 18.54649959, 49.1579415 ], [ 18.54687408, 49.15784388 ], [ 18.54731107, 49.15729542 ], [ 18.54754552, 49.15728643 ], [ 18.5481405, 49.15801124 ], [ 18.55158228, 49.15642137 ], [ 18.5521729, 49.15617759 ], [ 18.55342455, 49.15542123 ], [ 18.55512608, 49.15483331 ], [ 18.55487189, 49.1542065 ], [ 18.55480517, 49.15374779 ], [ 18.55482698, 49.15360559 ], [ 18.55439492, 49.15291414 ], [ 18.55406218, 49.15259257 ], [ 18.55370684, 49.15107642 ], [ 18.55345971, 49.15049564 ], [ 18.5530732, 49.15012362 ], [ 18.55276529, 49.14904248 ], [ 18.55279536, 49.14880815 ], [ 18.55339683, 49.14767945 ], [ 18.55336117, 49.14677794 ], [ 18.5533432, 49.14605568 ], [ 18.55271602, 49.14584941 ], [ 18.55144217, 49.14547497 ], [ 18.55119489, 49.14516775 ], [ 18.55087473, 49.14454025 ], [ 18.55082791, 49.1439331 ], [ 18.5506081, 49.14355066 ], [ 18.5505173, 49.14317031 ], [ 18.55056549, 49.14256784 ], [ 18.55040739, 49.14152563 ], [ 18.55001734, 49.14078671 ], [ 18.54963269, 49.14024604 ], [ 18.54935621, 49.14010723 ], [ 18.54909004, 49.14000245 ], [ 18.54903597, 49.13997742 ], [ 18.54880339, 49.13988113 ], [ 18.54846376, 49.13978095 ], [ 18.54823193, 49.13962722 ], [ 18.54818582, 49.1395946 ], [ 18.54797689, 49.13940303 ], [ 18.54753404, 49.13924756 ], [ 18.54709883, 49.13894362 ], [ 18.54698539, 49.13874945 ], [ 18.54693586, 49.13845263 ], [ 18.5467514, 49.13831932 ], [ 18.54655952, 49.1381081 ], [ 18.54628385, 49.13782821 ], [ 18.54587589, 49.1375066 ], [ 18.5457103, 49.13744433 ], [ 18.54515261, 49.13733299 ], [ 18.54504554, 49.1376634 ], [ 18.54502242, 49.13779064 ], [ 18.54493136, 49.13795626 ], [ 18.54475552, 49.13819137 ], [ 18.54467153, 49.13846943 ], [ 18.54460053, 49.13851026 ], [ 18.54395991, 49.13876474 ], [ 18.54360774, 49.13889269 ], [ 18.54286306, 49.13903389 ], [ 18.5420991, 49.13926952 ], [ 18.54207999, 49.13940202 ], [ 18.54177981, 49.1394532 ], [ 18.54126202, 49.13954196 ], [ 18.54113116, 49.13955673 ], [ 18.54047015, 49.13959994 ], [ 18.54040641, 49.1396038 ], [ 18.5403619, 49.13960554 ], [ 18.54022979, 49.13960733 ], [ 18.53886621, 49.1391576 ], [ 18.53822903, 49.13909435 ], [ 18.53748773, 49.13931466 ], [ 18.536741, 49.1395694 ], [ 18.53642479, 49.13977535 ], [ 18.53622611, 49.13990301 ], [ 18.53620007, 49.14001611 ], [ 18.53607919, 49.14025671 ], [ 18.5361876, 49.14049167 ], [ 18.53611697, 49.14060388 ], [ 18.53585934, 49.14064138 ], [ 18.53517942, 49.14057778 ], [ 18.53493656, 49.140687 ], [ 18.5340104, 49.14065338 ], [ 18.53400532, 49.14069055 ], [ 18.53323171, 49.14086559 ], [ 18.53252394, 49.14123548 ], [ 18.53220995, 49.14129238 ], [ 18.5322025, 49.14129369 ], [ 18.53210945, 49.14131067 ], [ 18.53201038, 49.14132859 ], [ 18.53191481, 49.14134597 ], [ 18.53140785, 49.1414379 ], [ 18.53048277, 49.14167438 ], [ 18.52973959, 49.14189806 ], [ 18.52898425, 49.14223034 ], [ 18.52846124, 49.14248579 ], [ 18.52829079, 49.14261073 ], [ 18.52756186, 49.14276253 ], [ 18.52649741, 49.14287223 ], [ 18.52650257, 49.14310757 ], [ 18.52634208, 49.14330956 ], [ 18.52622039, 49.14334754 ], [ 18.52621057, 49.14352711 ], [ 18.52550952, 49.14412363 ], [ 18.52538261, 49.1444073 ], [ 18.52533901, 49.14440945 ], [ 18.52473221, 49.14449223 ], [ 18.52426745, 49.14510164 ], [ 18.52375593, 49.14528398 ], [ 18.52339865, 49.14541015 ], [ 18.5230507, 49.14559332 ], [ 18.5227146, 49.14584065 ], [ 18.52275559, 49.1460153 ], [ 18.52214204, 49.14617216 ], [ 18.52169824, 49.14628633 ], [ 18.52167947, 49.14629117 ], [ 18.52112761, 49.14643323 ], [ 18.52078444, 49.14652154 ], [ 18.52033288, 49.14667644 ], [ 18.52028449, 49.14668825 ], [ 18.5201563, 49.14672858 ], [ 18.51993468, 49.14676266 ], [ 18.51971291, 49.14679683 ], [ 18.51962291, 49.14695211 ], [ 18.51879809, 49.14710327 ], [ 18.51872952, 49.14711588 ], [ 18.51796046, 49.14725678 ], [ 18.51763091, 49.14722717 ], [ 18.51743409, 49.14720954 ], [ 18.51718527, 49.14733825 ], [ 18.51651734, 49.14768387 ], [ 18.51609061, 49.1485153 ], [ 18.51595967, 49.14876057 ], [ 18.51584208, 49.14918578 ], [ 18.51590348, 49.14922791 ], [ 18.51584875, 49.1492419 ], [ 18.51547335, 49.14937501 ], [ 18.51514001, 49.1495335 ], [ 18.51464174, 49.14977472 ], [ 18.51463327, 49.14996835 ], [ 18.51446362, 49.15008646 ], [ 18.51434979, 49.15014047 ], [ 18.51428455, 49.15020722 ], [ 18.51413677, 49.15026425 ], [ 18.51406241, 49.15036299 ], [ 18.51364838, 49.15040313 ], [ 18.51210144, 49.15041469 ], [ 18.51083762, 49.15068326 ], [ 18.51012833, 49.15076086 ], [ 18.51007924, 49.15066913 ], [ 18.50952926, 49.15085229 ], [ 18.50894983, 49.15115531 ], [ 18.50735239, 49.15234513 ], [ 18.50687013, 49.15264096 ], [ 18.50614152, 49.15329481 ], [ 18.50473502, 49.15238143 ], [ 18.50360796, 49.15180546 ], [ 18.50277029, 49.15149119 ], [ 18.50272194, 49.15151238 ], [ 18.50215988, 49.15171895 ], [ 18.50172527, 49.15180413 ], [ 18.50112041, 49.1519803 ], [ 18.50082528, 49.15208841 ], [ 18.50041154, 49.15208909 ], [ 18.50003183, 49.15207186 ], [ 18.49974153, 49.15207104 ], [ 18.4993809, 49.1520923 ], [ 18.4990392, 49.15218785 ], [ 18.49831017, 49.15232431 ], [ 18.49802668, 49.15236537 ], [ 18.49780922, 49.15239333 ], [ 18.49680548, 49.15256221 ], [ 18.49669852, 49.15256063 ], [ 18.49652563, 49.15261366 ], [ 18.49604354, 49.15293148 ], [ 18.49543678, 49.15339302 ], [ 18.49446822, 49.15414021 ], [ 18.49441821, 49.1541864 ], [ 18.49421646, 49.154388 ], [ 18.49413865, 49.15443863 ], [ 18.49377389, 49.15482049 ], [ 18.4936891, 49.15486866 ], [ 18.49364313, 49.15489269 ], [ 18.4932075, 49.15512577 ], [ 18.49313889, 49.15516138 ], [ 18.49238251, 49.15554699 ], [ 18.49125556, 49.15596673 ], [ 18.48981162, 49.1561963 ], [ 18.48873796, 49.15627008 ], [ 18.48896617, 49.15725742 ], [ 18.48610575, 49.15746866 ], [ 18.4857485, 49.15747905 ], [ 18.48534612, 49.15736688 ], [ 18.48482473, 49.15741749 ], [ 18.48447989, 49.15737775 ], [ 18.48410573, 49.15769086 ], [ 18.48351895, 49.15785674 ], [ 18.48295317, 49.15789274 ], [ 18.48166337, 49.15812007 ], [ 18.48181065, 49.15830614 ], [ 18.48104297, 49.15812782 ], [ 18.48057428, 49.15829111 ], [ 18.48058752, 49.15871594 ], [ 18.48040698, 49.15907407 ], [ 18.48140009, 49.15976063 ], [ 18.48078056, 49.15950656 ], [ 18.47806205, 49.16066328 ], [ 18.4780539, 49.16066681 ], [ 18.47791907, 49.16072415 ], [ 18.4778233, 49.1607773 ], [ 18.47778585, 49.16079809 ], [ 18.4777677, 49.16081099 ], [ 18.4777314, 49.1608368 ], [ 18.4776895, 49.16086664 ], [ 18.47764731, 49.16089664 ], [ 18.47759407, 49.16093452 ], [ 18.47682667, 49.16053592 ], [ 18.47659976, 49.16047101 ], [ 18.47630807, 49.1603875 ], [ 18.47616574, 49.16034679 ], [ 18.47553731, 49.16018461 ], [ 18.47518206, 49.16005124 ], [ 18.47516967, 49.16005995 ], [ 18.47511875, 49.16009579 ], [ 18.47505718, 49.16014936 ], [ 18.47428473, 49.16052966 ], [ 18.47425596, 49.16054388 ], [ 18.4741654, 49.16058848 ], [ 18.4740656, 49.16063762 ], [ 18.47396036, 49.16068944 ], [ 18.47394553, 49.16069675 ], [ 18.47394113, 49.16069895 ], [ 18.4738293, 49.16075393 ], [ 18.47353061, 49.16090103 ], [ 18.47341524, 49.16095781 ], [ 18.4734113, 49.16095958 ], [ 18.47338339, 49.16097348 ], [ 18.47334948, 49.16099022 ], [ 18.47292394, 49.16120114 ], [ 18.47292305, 49.16120163 ], [ 18.47286593, 49.16122991 ], [ 18.47277688, 49.16126917 ], [ 18.472704, 49.16130129 ], [ 18.47259788, 49.1613481 ], [ 18.47255314, 49.16136776 ], [ 18.47248305, 49.16158267 ], [ 18.47248258, 49.16158417 ], [ 18.47244273, 49.16170616 ], [ 18.472413, 49.16179721 ], [ 18.47210716, 49.1627381 ], [ 18.4718119, 49.16364644 ], [ 18.47178656, 49.16371706 ], [ 18.47194705, 49.16376436 ], [ 18.47209136, 49.1638069 ], [ 18.47291582, 49.16405001 ], [ 18.47706565, 49.16616699 ], [ 18.47586857, 49.16637631 ], [ 18.47609307, 49.16660017 ], [ 18.47615195, 49.16665888 ], [ 18.47647541, 49.16698127 ], [ 18.47686604, 49.16737076 ], [ 18.47677971, 49.16742316 ], [ 18.47662673, 49.16751597 ], [ 18.47746308, 49.16844756 ], [ 18.47773039, 49.16874522 ], [ 18.47776186, 49.16878024 ], [ 18.4786249, 49.16932192 ], [ 18.47883587, 49.1695084 ], [ 18.47886802, 49.16954787 ], [ 18.47926804, 49.16987669 ], [ 18.47994084, 49.17060334 ], [ 18.48006806, 49.17076449 ], [ 18.48010079, 49.17080589 ], [ 18.48036353, 49.17113867 ], [ 18.48039474, 49.17117683 ], [ 18.48047166, 49.17131574 ], [ 18.48058517, 49.17152858 ], [ 18.48065042, 49.17165098 ], [ 18.48067431, 49.17176417 ], [ 18.48073162, 49.17203485 ], [ 18.48073273, 49.17204023 ], [ 18.48079255, 49.17232259 ], [ 18.48083024, 49.17255592 ], [ 18.48101917, 49.17334794 ], [ 18.48086526, 49.17401523 ], [ 18.48085623, 49.17405282 ], [ 18.48087904, 49.17415936 ], [ 18.48095146, 49.17438692 ], [ 18.48060519, 49.17550175 ], [ 18.4805385, 49.17562706 ], [ 18.48035115, 49.17644719 ], [ 18.48039258, 49.17700999 ], [ 18.48041509, 49.17731522 ], [ 18.48057618, 49.17788202 ], [ 18.48074541, 49.17827521 ], [ 18.48095382, 49.17866331 ], [ 18.48108563, 49.17884158 ], [ 18.48118432, 49.17897501 ], [ 18.48155472, 49.17938719 ], [ 18.48190042, 49.17977818 ], [ 18.4824204, 49.18017234 ], [ 18.48288226, 49.18044964 ], [ 18.48340314, 49.18073918 ], [ 18.48382997, 49.18094437 ], [ 18.48451965, 49.18118264 ], [ 18.48559612, 49.18149587 ], [ 18.48613458, 49.18159163 ], [ 18.48658663, 49.18163611 ], [ 18.48683845, 49.18152702 ] ] ] ] } },
{ "type": "Feature", "properties": { "@featureType": "CadastralZoning", "beginLifespanVersion": { "@nilReason": "http://inspire.ec.europa.eu/codelist/VoidReasonValue/Unpopulated", "@nil": "true" }, "endLifespanVersion": { "@nilReason": "http://inspire.ec.europa.eu/codelist/VoidReasonValue/Unpopulated", "@nil": "true" }, "estimatedAccuracy": { "value": -1, "@uom": "m" }, "inspireId": { "@dataType": "Identifier", "localId": "847071", "namespace": "SK.ESKN.CP", "versionId": "20260703T04:07:40" }, "label": "Počarová", "level": { "@href": "http://inspire.ec.europa.eu/codelist/CadastralZoningLevelValue/3rdOrder" }, "levelName": { "value": "Katastrálne územie", "@locale": "sk" }, "name": { "@dataType": "name", "GeographicalName": { "@dataType": "GeographicalName", "language": "SLK", "nativeness": { "@href": "http://inspire.ec.europa.eu/codelist/NativenessValue/endonym", "@title": "endonym" }, "nameStatus": { "@href": "http://inspire.ec.europa.eu/codelist/NameStatusValue/official", "@title": "official" }, "sourceOfName": { "@nilReason": "http://inspire.ec.europa.eu/codelist/VoidReasonValue/Unpopulated", "@nil": "true" }, "pronunciation": { "@dataType": "pronunciation", "@nilReason": "http://inspire.ec.europa.eu/codelist/VoidReasonValue/Unpopulated", "@nil": "true" }, "spelling": { "@dataType": "SpellingOfName", "text": "Počarová", "script": "LATN" } } }, "nationalCadastalZoningReference": "847071", "validFrom": "2026-06-30T16:00:00Z", "validTo": { "@nilReason": "http://inspire.ec.europa.eu/codelist/VoidReasonValue/Unpopulated", "@nil": "true" } }, "geometry": { "type": "MultiPolygon", "coordinates": [ [ [ [ 18.50038721, 49.0712155 ], [ 18.50067757, 49.07121318 ], [ 18.50176563, 49.07126417 ], [ 18.50242887, 49.0710268 ], [ 18.50256659, 49.07101517 ], [ 18.50261436, 49.07101642 ], [ 18.50321213, 49.07097896 ], [ 18.5029247, 49.07077525 ], [ 18.50388133, 49.0707346 ], [ 18.50439303, 49.07051396 ], [ 18.50512842, 49.07080405 ], [ 18.50554905, 49.07104722 ], [ 18.50655875, 49.07117167 ], [ 18.50713874, 49.07138299 ], [ 18.50772133, 49.07168704 ], [ 18.50833423, 49.07185421 ], [ 18.50872067, 49.07186875 ], [ 18.50890403, 49.07187088 ], [ 18.50890979, 49.071799 ], [ 18.50918674, 49.07177022 ], [ 18.5094255, 49.07171527 ], [ 18.509646, 49.07173547 ], [ 18.50997686, 49.07162977 ], [ 18.51019714, 49.07161035 ], [ 18.5103653, 49.07159135 ], [ 18.51075959, 49.07161334 ], [ 18.51126245, 49.07167508 ], [ 18.51143341, 49.07163177 ], [ 18.51157297, 49.07156618 ], [ 18.51258331, 49.07136306 ], [ 18.51311362, 49.07112851 ], [ 18.51361739, 49.07101731 ], [ 18.51365569, 49.07105774 ], [ 18.51400825, 49.07092035 ], [ 18.51443621, 49.07074475 ], [ 18.51447505, 49.07072755 ], [ 18.51470284, 49.07063093 ], [ 18.51486206, 49.07052481 ], [ 18.5148846, 49.07047343 ], [ 18.51496582, 49.07046106 ], [ 18.51517291, 49.07036738 ], [ 18.5151815, 49.07037443 ], [ 18.51519315, 49.07038337 ], [ 18.51520028, 49.07038998 ], [ 18.51536928, 49.07054751 ], [ 18.51531135, 49.07066943 ], [ 18.51535247, 49.0706908 ], [ 18.51579038, 49.07086908 ], [ 18.51635677, 49.0708876 ], [ 18.51651024, 49.07076609 ], [ 18.51658758, 49.07079214 ], [ 18.51683495, 49.07073637 ], [ 18.51705773, 49.07068604 ], [ 18.51718208, 49.07057757 ], [ 18.51721636, 49.07053982 ], [ 18.5172118, 49.07052477 ], [ 18.51752571, 49.07045972 ], [ 18.51752171, 49.07044461 ], [ 18.51753279, 49.07044278 ], [ 18.51794977, 49.07043494 ], [ 18.51794497, 49.0704807 ], [ 18.5181552, 49.07058903 ], [ 18.51838761, 49.07074261 ], [ 18.51862318, 49.07082742 ], [ 18.5188672, 49.07086044 ], [ 18.51897911, 49.07068605 ], [ 18.51917887, 49.07052943 ], [ 18.51927232, 49.07049516 ], [ 18.51928021, 49.07045102 ], [ 18.51932257, 49.07014941 ], [ 18.51971962, 49.07017549 ], [ 18.51985565, 49.07013569 ], [ 18.51987547, 49.07012991 ], [ 18.51988365, 49.07012278 ], [ 18.519936, 49.07014222 ], [ 18.51995029, 49.0701476 ], [ 18.52000382, 49.07016747 ], [ 18.52003296, 49.07017826 ], [ 18.52015218, 49.07012247 ], [ 18.52045148, 49.07021706 ], [ 18.52108595, 49.07016381 ], [ 18.52172477, 49.07034676 ], [ 18.52193504, 49.07050824 ], [ 18.52206015, 49.07054536 ], [ 18.52229629, 49.07063885 ], [ 18.52245535, 49.07061681 ], [ 18.52271648, 49.07066338 ], [ 18.52309458, 49.07076377 ], [ 18.52342906, 49.07091178 ], [ 18.52387307, 49.07124051 ], [ 18.52395974, 49.07138562 ], [ 18.52446872, 49.07167619 ], [ 18.52472683, 49.0718953 ], [ 18.52485013, 49.0719971 ], [ 18.52510881, 49.07210472 ], [ 18.52538936, 49.07221099 ], [ 18.52571289, 49.07225616 ], [ 18.52644175, 49.07235455 ], [ 18.52681512, 49.07233872 ], [ 18.52686624, 49.07233409 ], [ 18.52744277, 49.07228191 ], [ 18.52786169, 49.07231123 ], [ 18.52802423, 49.07226807 ], [ 18.52810304, 49.07220602 ], [ 18.52818427, 49.07214212 ], [ 18.52820648, 49.07212501 ], [ 18.52824634, 49.07209415 ], [ 18.52828284, 49.07206599 ], [ 18.52863428, 49.07179406 ], [ 18.52862387, 49.07165616 ], [ 18.52869734, 49.07143546 ], [ 18.52866719, 49.07133222 ], [ 18.52874216, 49.07067235 ], [ 18.52863651, 49.07036669 ], [ 18.52862462, 49.07028862 ], [ 18.52860413, 49.07015442 ], [ 18.52877261, 49.06971537 ], [ 18.52895441, 49.06956922 ], [ 18.52908681, 49.06937238 ], [ 18.52937117, 49.06925372 ], [ 18.52943101, 49.06910655 ], [ 18.52913003, 49.06892248 ], [ 18.52929389, 49.068495 ], [ 18.5298877, 49.06773442 ], [ 18.5303789, 49.06765369 ], [ 18.53088385, 49.06757072 ], [ 18.5311265, 49.06759155 ], [ 18.53275741, 49.06713345 ], [ 18.53306326, 49.06699546 ], [ 18.5332279, 49.06691361 ], [ 18.53340179, 49.066734 ], [ 18.53345916, 49.06664787 ], [ 18.53336753, 49.06663605 ], [ 18.53331524, 49.06662924 ], [ 18.53328038, 49.06662473 ], [ 18.53312052, 49.06660407 ], [ 18.53113672, 49.06624872 ], [ 18.5295384, 49.06614479 ], [ 18.52909106, 49.06606782 ], [ 18.52841015, 49.06609116 ], [ 18.52812821, 49.06612405 ], [ 18.52767621, 49.06623162 ], [ 18.52726254, 49.06614457 ], [ 18.52706503, 49.06609676 ], [ 18.5266102, 49.06601713 ], [ 18.52640968, 49.06583164 ], [ 18.52623553, 49.06576516 ], [ 18.52543008, 49.06558961 ], [ 18.52511778, 49.06548062 ], [ 18.52505331, 49.06546584 ], [ 18.52485736, 49.06544392 ], [ 18.52446196, 49.06542462 ], [ 18.52436713, 49.0654165 ], [ 18.52429115, 49.06539604 ], [ 18.52374603, 49.06531041 ], [ 18.52312634, 49.06506877 ], [ 18.52297378, 49.06499777 ], [ 18.52287447, 49.06494446 ], [ 18.52247972, 49.06473001 ], [ 18.52219667, 49.06455231 ], [ 18.52166752, 49.06423401 ], [ 18.5215577, 49.06416055 ], [ 18.52138274, 49.06400135 ], [ 18.52118649, 49.06390758 ], [ 18.52105367, 49.06384126 ], [ 18.52077816, 49.06377396 ], [ 18.52060995, 49.06375643 ], [ 18.52076167, 49.06314215 ], [ 18.52104393, 49.0620818 ], [ 18.52106844, 49.06195798 ], [ 18.52136766, 49.0609286 ], [ 18.52137693, 49.06090293 ], [ 18.52138388, 49.06088373 ], [ 18.52138854, 49.06087072 ], [ 18.52139679, 49.06084771 ], [ 18.52140119, 49.06083558 ], [ 18.5214027, 49.06083124 ], [ 18.52142837, 49.06075928 ], [ 18.52143796, 49.06073219 ], [ 18.52115196, 49.06078 ], [ 18.52018268, 49.06046683 ], [ 18.51979082, 49.06041639 ], [ 18.51901568, 49.06019614 ], [ 18.51876365, 49.06005594 ], [ 18.51844609, 49.0597872 ], [ 18.51836774, 49.05971914 ], [ 18.51809261, 49.05961305 ], [ 18.51766448, 49.05957706 ], [ 18.51763791, 49.0595776 ], [ 18.51754759, 49.05957955 ], [ 18.5171913, 49.05958698 ], [ 18.51704289, 49.0595901 ], [ 18.51697901, 49.05959141 ], [ 18.51564615, 49.05946931 ], [ 18.51556623, 49.0595173 ], [ 18.51529902, 49.05938105 ], [ 18.51458428, 49.05933893 ], [ 18.51402078, 49.05948054 ], [ 18.51383062, 49.0595589 ], [ 18.51346597, 49.05965123 ], [ 18.51319235, 49.05959312 ], [ 18.51287943, 49.05977507 ], [ 18.51240334, 49.05986801 ], [ 18.5123648, 49.05989163 ], [ 18.5122582, 49.05994213 ], [ 18.512191, 49.05996546 ], [ 18.51200211, 49.06004244 ], [ 18.51197191, 49.06009358 ], [ 18.51187153, 49.06009254 ], [ 18.51180063, 49.06009184 ], [ 18.51176911, 49.06008047 ], [ 18.51172261, 49.06007794 ], [ 18.51164059, 49.06011093 ], [ 18.51155691, 49.06010818 ], [ 18.51142459, 49.06017317 ], [ 18.51140112, 49.0601829 ], [ 18.51118462, 49.06027299 ], [ 18.5111135, 49.06026317 ], [ 18.5109619, 49.06025663 ], [ 18.5108076, 49.06029119 ], [ 18.51078234, 49.0602955 ], [ 18.51076191, 49.06031054 ], [ 18.51073982, 49.06033 ], [ 18.51070327, 49.06032476 ], [ 18.51064154, 49.06030579 ], [ 18.51044529, 49.06034962 ], [ 18.51031077, 49.06034816 ], [ 18.51022952, 49.06032497 ], [ 18.50993476, 49.06035287 ], [ 18.50988557, 49.06040434 ], [ 18.50978561, 49.06042615 ], [ 18.50968734, 49.06045951 ], [ 18.50958862, 49.06051288 ], [ 18.50945649, 49.06058501 ], [ 18.50927876, 49.06064752 ], [ 18.50916978, 49.06073977 ], [ 18.50910679, 49.06075908 ], [ 18.50887675, 49.06086503 ], [ 18.50880751, 49.06089032 ], [ 18.50874663, 49.06091254 ], [ 18.50873814, 49.06092327 ], [ 18.5087275, 49.06093686 ], [ 18.50867034, 49.06096325 ], [ 18.50850321, 49.0610767 ], [ 18.50849836, 49.06108248 ], [ 18.50841543, 49.06116414 ], [ 18.50838967, 49.06118006 ], [ 18.50833053, 49.06121672 ], [ 18.50830047, 49.06128746 ], [ 18.50827562, 49.0613462 ], [ 18.50818577, 49.06145988 ], [ 18.50808544, 49.06159455 ], [ 18.50799823, 49.06164692 ], [ 18.50796725, 49.06166175 ], [ 18.50790806, 49.06169011 ], [ 18.50790304, 49.06169733 ], [ 18.50788477, 49.06172349 ], [ 18.50764515, 49.06178886 ], [ 18.50745741, 49.06183044 ], [ 18.50731402, 49.06185466 ], [ 18.50720301, 49.06184862 ], [ 18.50714414, 49.06186463 ], [ 18.50687844, 49.0618471 ], [ 18.50678751, 49.06185171 ], [ 18.50665888, 49.06188513 ], [ 18.50660706, 49.06190514 ], [ 18.50643182, 49.06190859 ], [ 18.50638175, 49.06189955 ], [ 18.50636596, 49.06191367 ], [ 18.50634056, 49.06191364 ], [ 18.50625654, 49.0618819 ], [ 18.50615756, 49.06187516 ], [ 18.50594826, 49.06191132 ], [ 18.50588582, 49.06189465 ], [ 18.50579778, 49.06191007 ], [ 18.50576595, 49.06192079 ], [ 18.50569761, 49.06187574 ], [ 18.50557717, 49.06187586 ], [ 18.50556553, 49.06189634 ], [ 18.50551105, 49.06188841 ], [ 18.50545817, 49.06188851 ], [ 18.50528378, 49.06193099 ], [ 18.50508272, 49.06187889 ], [ 18.50503472, 49.06186644 ], [ 18.50503045, 49.06187306 ], [ 18.50501106, 49.06190377 ], [ 18.50496751, 49.06193226 ], [ 18.50481861, 49.06196421 ], [ 18.50476989, 49.06197491 ], [ 18.50346576, 49.0622613 ], [ 18.50244013, 49.06237118 ], [ 18.50219749, 49.06243214 ], [ 18.50176395, 49.06261732 ], [ 18.50110377, 49.06295519 ], [ 18.50083445, 49.06309148 ], [ 18.50068601, 49.06316866 ], [ 18.5006047, 49.06321124 ], [ 18.50039285, 49.06331971 ], [ 18.4997326, 49.06366352 ], [ 18.49966691, 49.06370524 ], [ 18.49960964, 49.06375969 ], [ 18.49946805, 49.06387939 ], [ 18.4994234, 49.06420261 ], [ 18.49946879, 49.06440758 ], [ 18.49962163, 49.06496779 ], [ 18.49937838, 49.06497466 ], [ 18.49940814, 49.06511641 ], [ 18.49937077, 49.06536126 ], [ 18.49926276, 49.06564025 ], [ 18.49924687, 49.06568125 ], [ 18.49918246, 49.06584775 ], [ 18.49898821, 49.06614297 ], [ 18.49885789, 49.0662354 ], [ 18.49871341, 49.0663377 ], [ 18.49865833, 49.06637476 ], [ 18.49864866, 49.06638172 ], [ 18.49816593, 49.06673196 ], [ 18.49787291, 49.06693391 ], [ 18.49695671, 49.06758887 ], [ 18.49691827, 49.06761593 ], [ 18.49687765, 49.06763961 ], [ 18.49611718, 49.06809444 ], [ 18.49569139, 49.0683449 ], [ 18.49567151, 49.06835546 ], [ 18.49596476, 49.06863566 ], [ 18.49604966, 49.06871699 ], [ 18.49608269, 49.06874794 ], [ 18.49611522, 49.06876443 ], [ 18.49617059, 49.06879253 ], [ 18.4962075, 49.06881124 ], [ 18.49625949, 49.0688748 ], [ 18.49629414, 49.06897234 ], [ 18.4963507, 49.06900728 ], [ 18.49644398, 49.06903971 ], [ 18.49656802, 49.06912317 ], [ 18.49668893, 49.0692293 ], [ 18.49684085, 49.069364 ], [ 18.49687597, 49.06941861 ], [ 18.49688076, 49.06952969 ], [ 18.49688706, 49.06955376 ], [ 18.49688283, 49.06957203 ], [ 18.49683044, 49.06963667 ], [ 18.49681367, 49.0697509 ], [ 18.49685377, 49.06981183 ], [ 18.49685042, 49.07000692 ], [ 18.49681032, 49.07007971 ], [ 18.49672853, 49.07012705 ], [ 18.49667216, 49.07024165 ], [ 18.49660216, 49.07029892 ], [ 18.49659012, 49.07040943 ], [ 18.49657184, 49.07041935 ], [ 18.49651754, 49.0704219 ], [ 18.49639717, 49.07040821 ], [ 18.49637991, 49.07042964 ], [ 18.49639925, 49.07046463 ], [ 18.49634883, 49.07051367 ], [ 18.49633646, 49.07062029 ], [ 18.49633964, 49.0706756 ], [ 18.4962461, 49.07075063 ], [ 18.49609866, 49.07081098 ], [ 18.49596573, 49.07084127 ], [ 18.49597196, 49.07084522 ], [ 18.49644916, 49.07105343 ], [ 18.49648574, 49.07106941 ], [ 18.4969141, 49.07140219 ], [ 18.50038721, 49.0712155 ] ] ] ] } },
{ "type": "Feature", "properties": { "@featureType": "CadastralZoning", "beginLifespanVersion": { "@nilReason": "http://inspire.ec.europa.eu/codelist/VoidReasonValue/Unpopulated", "@nil": "true" }, "endLifespanVersion": { "@nilReason": "http://inspire.ec.europa.eu/codelist/VoidReasonValue/Unpopulated", "@nil": "true" }, "estimatedAccuracy": { "value": -1, "@uom": "m" }, "inspireId": { "@dataType": "Identifier", "localId": "847712", "namespace": "SK.ESKN.CP", "versionId": "20260703T04:07:40" }, "label": "Podskalie", "level": { "@href": "http://inspire.ec.europa.eu/codelist/CadastralZoningLevelValue/3rdOrder" }, "levelName": { "value": "Katastrálne územie", "@locale": "sk" }, "name": { "@dataType": "name", "GeographicalName": { "@dataType": "GeographicalName", "language": "SLK", "nativeness": { "@href": "http://inspire.ec.europa.eu/codelist/NativenessValue/endonym", "@title": "endonym" }, "nameStatus": { "@href": "http://inspire.ec.europa.eu/codelist/NameStatusValue/official", "@title": "official" }, "sourceOfName": { "@nilReason": "http://inspire.ec.europa.eu/codelist/VoidReasonValue/Unpopulated", "@nil": "true" }, "pronunciation": { "@dataType": "pronunciation", "@nilReason": "http://inspire.ec.europa.eu/codelist/VoidReasonValue/Unpopulated", "@nil": "true" }, "spelling": { "@dataType": "SpellingOfName", "text": "Podskalie", "script": "LATN" } } }, "nationalCadastalZoningReference": "847712", "validFrom": "2026-06-30T16:00:00Z", "validTo": { "@nilReason": "http://inspire.ec.europa.eu/codelist/VoidReasonValue/Unpopulated", "@nil": "true" } }, "geometry": { "type": "MultiPolygon", "coordinates": [ [ [ [ 18.46484011, 49.06345147 ], [ 18.46506803, 49.0633934 ], [ 18.46512863, 49.06337795 ], [ 18.46548098, 49.06328843 ], [ 18.46643636, 49.06317159 ], [ 18.46664129, 49.06319942 ], [ 18.46754301, 49.06311149 ], [ 18.46768798, 49.0630837 ], [ 18.46770008, 49.06308147 ], [ 18.46772428, 49.06307684 ], [ 18.4677264, 49.06307642 ], [ 18.46828907, 49.06296891 ], [ 18.46885652, 49.06286048 ], [ 18.470136, 49.06252359 ], [ 18.47128394, 49.06230671 ], [ 18.472527, 49.06203692 ], [ 18.47380027, 49.06176597 ], [ 18.47383827, 49.06175542 ], [ 18.47430226, 49.06162668 ], [ 18.47466744, 49.06196873 ], [ 18.47592114, 49.06107395 ], [ 18.47615181, 49.06098316 ], [ 18.47710949, 49.06035327 ], [ 18.47779081, 49.05992554 ], [ 18.47825859, 49.05958016 ], [ 18.47888042, 49.05918599 ], [ 18.47878869, 49.05837407 ], [ 18.47875331, 49.05760177 ], [ 18.47876429, 49.05694589 ], [ 18.47855836, 49.05655643 ], [ 18.47860007, 49.05622492 ], [ 18.47870856, 49.05570441 ], [ 18.47885301, 49.05531842 ], [ 18.47916475, 49.05477581 ], [ 18.47997425, 49.05435536 ], [ 18.48000923, 49.05433715 ], [ 18.48001201, 49.05433577 ], [ 18.48021075, 49.05426263 ], [ 18.4811051, 49.05420965 ], [ 18.48228451, 49.05424211 ], [ 18.48339314, 49.05428169 ], [ 18.48429733, 49.05428003 ], [ 18.48460647, 49.05427942 ], [ 18.48487044, 49.05426578 ], [ 18.48518861, 49.05435003 ], [ 18.48541139, 49.05435156 ], [ 18.48634654, 49.05440798 ], [ 18.48694032, 49.05434206 ], [ 18.48741917, 49.05442498 ], [ 18.48786221, 49.05437627 ], [ 18.48792617, 49.0535568 ], [ 18.4882477, 49.05332891 ], [ 18.48822425, 49.05320708 ], [ 18.48821865, 49.05317862 ], [ 18.48814769, 49.05280928 ], [ 18.48791227, 49.05232042 ], [ 18.48782837, 49.05160395 ], [ 18.48790884, 49.05126616 ], [ 18.48801433, 49.05093137 ], [ 18.48811798, 49.05074356 ], [ 18.48910937, 49.04994623 ], [ 18.48969625, 49.04959676 ], [ 18.49027364, 49.04910825 ], [ 18.49029115, 49.04909351 ], [ 18.49029824, 49.0490874 ], [ 18.49033312, 49.04905799 ], [ 18.49082009, 49.04864179 ], [ 18.49158436, 49.04798878 ], [ 18.49212142, 49.04756493 ], [ 18.49216518, 49.04753041 ], [ 18.49230532, 49.04741976 ], [ 18.49233323, 49.04739773 ], [ 18.49240154, 49.0473438 ], [ 18.49291971, 49.04694553 ], [ 18.49325063, 49.04667755 ], [ 18.49340929, 49.04654417 ], [ 18.49324328, 49.04641627 ], [ 18.49261644, 49.04474984 ], [ 18.49232349, 49.04442722 ], [ 18.49222342, 49.04405783 ], [ 18.49206088, 49.04378853 ], [ 18.49219741, 49.0425971 ], [ 18.49242718, 49.04179101 ], [ 18.49255487, 49.04134309 ], [ 18.49196472, 49.04065042 ], [ 18.49188016, 49.04050161 ], [ 18.49101289, 49.04039126 ], [ 18.48995002, 49.04034946 ], [ 18.48887442, 49.04029973 ], [ 18.48828207, 49.04021557 ], [ 18.48758279, 49.04013586 ], [ 18.48756155, 49.04013343 ], [ 18.48755409, 49.04013266 ], [ 18.48754341, 49.04013136 ], [ 18.48753791, 49.03988615 ], [ 18.48714554, 49.03947209 ], [ 18.48700147, 49.03918836 ], [ 18.48685141, 49.03871642 ], [ 18.48646816, 49.03823689 ], [ 18.4861182, 49.03775466 ], [ 18.48575743, 49.03732427 ], [ 18.48544366, 49.03702486 ], [ 18.48518105, 49.03659541 ], [ 18.48489461, 49.03594971 ], [ 18.48487313, 49.03593833 ], [ 18.48485731, 49.03592998 ], [ 18.48479337, 49.03589616 ], [ 18.48476674, 49.03588207 ], [ 18.48422497, 49.03599639 ], [ 18.48307166, 49.03591293 ], [ 18.4822041, 49.0358598 ], [ 18.48172045, 49.03594425 ], [ 18.48132766, 49.0360537 ], [ 18.48078242, 49.03626256 ], [ 18.48046422, 49.03630309 ], [ 18.47968579, 49.03627449 ], [ 18.47928125, 49.03627933 ], [ 18.47896675, 49.03632313 ], [ 18.47898016, 49.0363484 ], [ 18.47900219, 49.03639121 ], [ 18.47902513, 49.03643551 ], [ 18.47792154, 49.03876247 ], [ 18.47724719, 49.039622 ], [ 18.47706497, 49.04013857 ], [ 18.47545137, 49.03962125 ], [ 18.47515525, 49.0390322 ], [ 18.47479441, 49.03866051 ], [ 18.47403016, 49.03878073 ], [ 18.47317596, 49.03882004 ], [ 18.47242799, 49.03889838 ], [ 18.47147385, 49.03897678 ], [ 18.47089819, 49.03894208 ], [ 18.47061077, 49.03805634 ], [ 18.47058553, 49.03804431 ], [ 18.47056677, 49.03803534 ], [ 18.47054942, 49.03802708 ], [ 18.47053324, 49.03801942 ], [ 18.47029312, 49.03790511 ], [ 18.47024108, 49.03788033 ], [ 18.47022348, 49.03787196 ], [ 18.46520863, 49.03757903 ], [ 18.46291069, 49.03656025 ], [ 18.46258417, 49.03645201 ], [ 18.46225951, 49.03634432 ], [ 18.46089781, 49.03623847 ], [ 18.46018315, 49.03586752 ], [ 18.45971633, 49.03589145 ], [ 18.45888914, 49.03616576 ], [ 18.45849245, 49.03609029 ], [ 18.45703811, 49.03626971 ], [ 18.45665697, 49.03639921 ], [ 18.45441107, 49.03723621 ], [ 18.45379822, 49.03730533 ], [ 18.45248208, 49.03682034 ], [ 18.45122154, 49.03770745 ], [ 18.44966546, 49.03880264 ], [ 18.44964052, 49.03885415 ], [ 18.44962751, 49.03888086 ], [ 18.44958671, 49.03896534 ], [ 18.4495326, 49.0390767 ], [ 18.44952257, 49.03909727 ], [ 18.4495138, 49.03911547 ], [ 18.44944204, 49.03926313 ], [ 18.44936723, 49.03941748 ], [ 18.44917069, 49.03962335 ], [ 18.44912952, 49.03966647 ], [ 18.44908962, 49.03970823 ], [ 18.44905383, 49.03974569 ], [ 18.44890783, 49.03995894 ], [ 18.44887715, 49.04000373 ], [ 18.44859629, 49.04041495 ], [ 18.44854592, 49.04048717 ], [ 18.44829797, 49.04074652 ], [ 18.44852772, 49.04085688 ], [ 18.4484827, 49.04096685 ], [ 18.44799175, 49.04115625 ], [ 18.44784914, 49.04121122 ], [ 18.44804163, 49.04133822 ], [ 18.44855985, 49.04168002 ], [ 18.44946306, 49.04268172 ], [ 18.45018374, 49.0434642 ], [ 18.45020967, 49.04348485 ], [ 18.45067837, 49.04385794 ], [ 18.4509275, 49.04389483 ], [ 18.4510656, 49.04391532 ], [ 18.45117528, 49.04393154 ], [ 18.45130113, 49.04395019 ], [ 18.45133306, 49.04395492 ], [ 18.45020448, 49.04455311 ], [ 18.44960421, 49.04482468 ], [ 18.44927939, 49.0449716 ], [ 18.44830736, 49.04561862 ], [ 18.44786842, 49.04625768 ], [ 18.4473485, 49.04667109 ], [ 18.44698566, 49.04679409 ], [ 18.44690546, 49.04682126 ], [ 18.44685187, 49.04720996 ], [ 18.44692923, 49.04785556 ], [ 18.44710741, 49.04856987 ], [ 18.44733318, 49.04948849 ], [ 18.44751144, 49.05000265 ], [ 18.44742034, 49.05025889 ], [ 18.44795567, 49.051056 ], [ 18.448196, 49.05158313 ], [ 18.4482673, 49.05164643 ], [ 18.44848169, 49.05183689 ], [ 18.44743692, 49.05254949 ], [ 18.4472672, 49.05266505 ], [ 18.44660157, 49.05312776 ], [ 18.44657038, 49.05314951 ], [ 18.44626956, 49.05335866 ], [ 18.44623371, 49.05338358 ], [ 18.44603593, 49.05352106 ], [ 18.44499804, 49.05430405 ], [ 18.44495395, 49.05434413 ], [ 18.44489911, 49.05439417 ], [ 18.44488063, 49.05441093 ], [ 18.44487909, 49.05441229 ], [ 18.44348201, 49.05568438 ], [ 18.44345918, 49.05570514 ], [ 18.44349509, 49.05573049 ], [ 18.44432734, 49.05631799 ], [ 18.4443485, 49.05633296 ], [ 18.44445015, 49.0563769 ], [ 18.44525566, 49.05688775 ], [ 18.44528735, 49.05691927 ], [ 18.44533006, 49.05693967 ], [ 18.44540935, 49.05699637 ], [ 18.44580046, 49.05726784 ], [ 18.44629643, 49.05757847 ], [ 18.44645102, 49.05768551 ], [ 18.44670291, 49.05785981 ], [ 18.44710938, 49.05813041 ], [ 18.44763852, 49.05848274 ], [ 18.44812337, 49.05880547 ], [ 18.44856605, 49.05910025 ], [ 18.44865606, 49.05916015 ], [ 18.44898871, 49.0593517 ], [ 18.44922049, 49.05945107 ], [ 18.44960611, 49.05961601 ], [ 18.44981563, 49.05970576 ], [ 18.44993832, 49.05975925 ], [ 18.45001072, 49.05978164 ], [ 18.45018914, 49.05979965 ], [ 18.450545, 49.05959089 ], [ 18.45070879, 49.05949503 ], [ 18.45073612, 49.05947885 ], [ 18.45246628, 49.05977404 ], [ 18.45309691, 49.05990957 ], [ 18.45314945, 49.05992084 ], [ 18.45339485, 49.05997366 ], [ 18.45471541, 49.0602235 ], [ 18.45519888, 49.06041708 ], [ 18.4552258, 49.06042785 ], [ 18.45523355, 49.06043062 ], [ 18.45641481, 49.06086365 ], [ 18.45694006, 49.06106682 ], [ 18.45694791, 49.06106987 ], [ 18.45696479, 49.06107639 ], [ 18.45698219, 49.06108321 ], [ 18.4569932, 49.06108733 ], [ 18.45760821, 49.06132548 ], [ 18.45861671, 49.06174268 ], [ 18.45866928, 49.06176443 ], [ 18.4587649, 49.06180414 ], [ 18.45988055, 49.0623281 ], [ 18.46096806, 49.06283164 ], [ 18.4622371, 49.06324253 ], [ 18.46325803, 49.06340228 ], [ 18.46484011, 49.06345147 ] ] ] ] } },
{ "type": "Feature", "properties": { "@featureType": "CadastralZoning", "beginLifespanVersion": { "@nilReason": "http://inspire.ec.europa.eu/codelist/VoidReasonValue/Unpopulated", "@nil": "true" }, "endLifespanVersion": { "@nilReason": "http://inspire.ec.europa.eu/codelist/VoidReasonValue/Unpopulated", "@nil": "true" }, "estimatedAccuracy": { "value": -1, "@uom": "m" }, "inspireId": { "@dataType": "Identifier", "localId": "849391", "namespace": "SK.ESKN.CP", "versionId": "20260703T04:07:40" }, "label": "Prečín", "level": { "@href": "http://inspire.ec.europa.eu/codelist/CadastralZoningLevelValue/3rdOrder" }, "levelName": { "value": "Katastrálne územie", "@locale": "sk" }, "name": { "@dataType": "name", "GeographicalName": { "@dataType": "GeographicalName", "language": "SLK", "nativeness": { "@href": "http://inspire.ec.europa.eu/codelist/NativenessValue/endonym", "@title": "endonym" }, "nameStatus": { "@href": "http://inspire.ec.europa.eu/codelist/NameStatusValue/official", "@title": "official" }, "sourceOfName": { "@nilReason": "http://inspire.ec.europa.eu/codelist/VoidReasonValue/Unpopulated", "@nil": "true" }, "pronunciation": { "@dataType": "pronunciation", "@nilReason": "http://inspire.ec.europa.eu/codelist/VoidReasonValue/Unpopulated", "@nil": "true" }, "spelling": { "@dataType": "SpellingOfName", "text": "Prečín", "script": "LATN" } } }, "nationalCadastalZoningReference": "849391", "validFrom": "2026-06-30T16:00:00Z", "validTo": { "@nilReason": "http://inspire.ec.europa.eu/codelist/VoidReasonValue/Unpopulated", "@nil": "true" } }, "geometry": { "type": "MultiPolygon", "coordinates": [ [ [ [ 18.54080193, 49.1099805 ], [ 18.54085022, 49.10993303 ], [ 18.54090068, 49.10988361 ], [ 18.54094473, 49.10984034 ], [ 18.54122344, 49.10974091 ], [ 18.5419174, 49.10949332 ], [ 18.54215651, 49.10943127 ], [ 18.54283488, 49.10925529 ], [ 18.54341801, 49.1091208 ], [ 18.54384544, 49.10902228 ], [ 18.5442298, 49.10825264 ], [ 18.54448999, 49.10784173 ], [ 18.54454623, 49.10775273 ], [ 18.54460808, 49.1076552 ], [ 18.54476357, 49.10740943 ], [ 18.54487671, 49.10723057 ], [ 18.54490606, 49.10720256 ], [ 18.54502689, 49.10708737 ], [ 18.54533394, 49.10679466 ], [ 18.54556044, 49.10657872 ], [ 18.54615892, 49.1062755 ], [ 18.54690329, 49.10589824 ], [ 18.54767155, 49.10575344 ], [ 18.54814226, 49.10554726 ], [ 18.54888032, 49.10460949 ], [ 18.54896091, 49.10450711 ], [ 18.54958614, 49.10371267 ], [ 18.55014656, 49.10282891 ], [ 18.55124281, 49.10232853 ], [ 18.55263727, 49.10168751 ], [ 18.55274921, 49.10164411 ], [ 18.55281421, 49.10161883 ], [ 18.55287328, 49.10159595 ], [ 18.55294262, 49.10156901 ], [ 18.55333449, 49.10141693 ], [ 18.55336502, 49.10139368 ], [ 18.55342462, 49.10136324 ], [ 18.55343393, 49.10135589 ], [ 18.55344147, 49.10128691 ], [ 18.55351853, 49.10126626 ], [ 18.55357537, 49.10123053 ], [ 18.55353784, 49.10117798 ], [ 18.55353733, 49.1011184 ], [ 18.55355995, 49.10108479 ], [ 18.55360413, 49.10103601 ], [ 18.55362151, 49.1010245 ], [ 18.55382283, 49.10089064 ], [ 18.55407875, 49.10070478 ], [ 18.55422839, 49.10061045 ], [ 18.55426729, 49.10058846 ], [ 18.55440095, 49.10051312 ], [ 18.55469299, 49.10034716 ], [ 18.55503482, 49.10004584 ], [ 18.5551925, 49.09999922 ], [ 18.55520633, 49.09999519 ], [ 18.55520938, 49.09999283 ], [ 18.55522655, 49.09997968 ], [ 18.55526909, 49.09994724 ], [ 18.55528595, 49.09992234 ], [ 18.55529345, 49.09991399 ], [ 18.55530777, 49.09989952 ], [ 18.55531909, 49.09988813 ], [ 18.55549032, 49.09971574 ], [ 18.55560728, 49.09959591 ], [ 18.55562549, 49.0995701 ], [ 18.55561201, 49.09953616 ], [ 18.55558239, 49.0995269 ], [ 18.55575485, 49.0993589 ], [ 18.55590634, 49.09921134 ], [ 18.55655141, 49.09858307 ], [ 18.55683134, 49.09830078 ], [ 18.55695572, 49.09817539 ], [ 18.55724461, 49.09788402 ], [ 18.55729791, 49.09783033 ], [ 18.55757159, 49.09761988 ], [ 18.55784206, 49.09741197 ], [ 18.55818353, 49.09714943 ], [ 18.55833238, 49.09703493 ], [ 18.55890474, 49.09657099 ], [ 18.5589318, 49.09654908 ], [ 18.55922861, 49.09630848 ], [ 18.55940583, 49.09616484 ], [ 18.55945029, 49.0961038 ], [ 18.55950072, 49.09603461 ], [ 18.55975969, 49.09567909 ], [ 18.560009, 49.09492848 ], [ 18.56011056, 49.09485907 ], [ 18.56032288, 49.09471379 ], [ 18.56058404, 49.09453506 ], [ 18.56104383, 49.09434458 ], [ 18.561177, 49.09428941 ], [ 18.56112061, 49.09426679 ], [ 18.55991568, 49.09378321 ], [ 18.5595809, 49.09364885 ], [ 18.55928702, 49.09321387 ], [ 18.55882371, 49.09274404 ], [ 18.55771311, 49.09070581 ], [ 18.55694049, 49.08900839 ], [ 18.55694667, 49.08866811 ], [ 18.55699934, 49.08758864 ], [ 18.55738672, 49.08598722 ], [ 18.55801194, 49.08524923 ], [ 18.55793445, 49.08498915 ], [ 18.55753766, 49.08435183 ], [ 18.55753087, 49.08344113 ], [ 18.55759439, 49.08313435 ], [ 18.55768273, 49.08270836 ], [ 18.55768455, 49.08183196 ], [ 18.55566774, 49.07901616 ], [ 18.5549727, 49.07798591 ], [ 18.55420214, 49.07747581 ], [ 18.55257158, 49.07522867 ], [ 18.55156231, 49.07464565 ], [ 18.54970286, 49.0739544 ], [ 18.54828589, 49.07385901 ], [ 18.54721271, 49.07266532 ], [ 18.54633845, 49.07140912 ], [ 18.54350798, 49.06945359 ], [ 18.54133339, 49.06878519 ], [ 18.53945237, 49.06790733 ], [ 18.53866883, 49.06672156 ], [ 18.5384842, 49.06655456 ], [ 18.53700379, 49.06639414 ], [ 18.53698496, 49.06639204 ], [ 18.53604729, 49.06646331 ], [ 18.53501185, 49.06656294 ], [ 18.53392233, 49.06664699 ], [ 18.53388428, 49.06664709 ], [ 18.53384651, 49.06664712 ], [ 18.5337755, 49.06664724 ], [ 18.53376656, 49.0666473 ], [ 18.53372934, 49.06664736 ], [ 18.53366025, 49.06664749 ], [ 18.53362495, 49.06664756 ], [ 18.53355599, 49.06664771 ], [ 18.53345916, 49.06664787 ], [ 18.53340179, 49.066734 ], [ 18.5332279, 49.06691361 ], [ 18.53306326, 49.06699546 ], [ 18.53275741, 49.06713345 ], [ 18.5311265, 49.06759155 ], [ 18.53088385, 49.06757072 ], [ 18.5303789, 49.06765369 ], [ 18.5298877, 49.06773442 ], [ 18.52929389, 49.068495 ], [ 18.52913003, 49.06892248 ], [ 18.52943101, 49.06910655 ], [ 18.52937117, 49.06925372 ], [ 18.52908681, 49.06937238 ], [ 18.52895441, 49.06956922 ], [ 18.52877261, 49.06971537 ], [ 18.52860413, 49.07015442 ], [ 18.52862462, 49.07028862 ], [ 18.52863651, 49.07036669 ], [ 18.52874216, 49.07067235 ], [ 18.52866719, 49.07133222 ], [ 18.52869734, 49.07143546 ], [ 18.52862387, 49.07165616 ], [ 18.52863428, 49.07179406 ], [ 18.52828284, 49.07206599 ], [ 18.52824634, 49.07209415 ], [ 18.52820648, 49.07212501 ], [ 18.52818427, 49.07214212 ], [ 18.52810304, 49.07220602 ], [ 18.52802423, 49.07226807 ], [ 18.52786169, 49.07231123 ], [ 18.52744277, 49.07228191 ], [ 18.52686624, 49.07233409 ], [ 18.52681512, 49.07233872 ], [ 18.52644175, 49.07235455 ], [ 18.52571289, 49.07225616 ], [ 18.52538936, 49.07221099 ], [ 18.52510881, 49.07210472 ], [ 18.52485013, 49.0719971 ], [ 18.52472683, 49.0718953 ], [ 18.52446872, 49.07167619 ], [ 18.52395974, 49.07138562 ], [ 18.52387307, 49.07124051 ], [ 18.52342906, 49.07091178 ], [ 18.52309458, 49.07076377 ], [ 18.52271648, 49.07066338 ], [ 18.52245535, 49.07061681 ], [ 18.52229629, 49.07063885 ], [ 18.52206015, 49.07054536 ], [ 18.52193504, 49.07050824 ], [ 18.52172477, 49.07034676 ], [ 18.52108595, 49.07016381 ], [ 18.52045148, 49.07021706 ], [ 18.52015218, 49.07012247 ], [ 18.52003296, 49.07017826 ], [ 18.52000382, 49.07016747 ], [ 18.51995029, 49.0701476 ], [ 18.519936, 49.07014222 ], [ 18.51988365, 49.07012278 ], [ 18.51987547, 49.07012991 ], [ 18.51985565, 49.07013569 ], [ 18.51971962, 49.07017549 ], [ 18.51932257, 49.07014941 ], [ 18.51928021, 49.07045102 ], [ 18.51927232, 49.07049516 ], [ 18.51917887, 49.07052943 ], [ 18.51897911, 49.07068605 ], [ 18.5188672, 49.07086044 ], [ 18.51862318, 49.07082742 ], [ 18.51838761, 49.07074261 ], [ 18.5181552, 49.07058903 ], [ 18.51794497, 49.0704807 ], [ 18.51794977, 49.07043494 ], [ 18.51753279, 49.07044278 ], [ 18.51752171, 49.07044461 ], [ 18.51752571, 49.07045972 ], [ 18.5172118, 49.07052477 ], [ 18.51721636, 49.07053982 ], [ 18.51718208, 49.07057757 ], [ 18.51705773, 49.07068604 ], [ 18.51683495, 49.07073637 ], [ 18.51658758, 49.07079214 ], [ 18.51651024, 49.07076609 ], [ 18.51635677, 49.0708876 ], [ 18.51579038, 49.07086908 ], [ 18.51535247, 49.0706908 ], [ 18.51531135, 49.07066943 ], [ 18.51536928, 49.07054751 ], [ 18.51520028, 49.07038998 ], [ 18.51519315, 49.07038337 ], [ 18.5151815, 49.07037443 ], [ 18.51517291, 49.07036738 ], [ 18.51496582, 49.07046106 ], [ 18.5148846, 49.07047343 ], [ 18.51486206, 49.07052481 ], [ 18.51470284, 49.07063093 ], [ 18.51447505, 49.07072755 ], [ 18.51443621, 49.07074475 ], [ 18.51400825, 49.07092035 ], [ 18.51365569, 49.07105774 ], [ 18.51361739, 49.07101731 ], [ 18.51311362, 49.07112851 ], [ 18.51258331, 49.07136306 ], [ 18.51157297, 49.07156618 ], [ 18.51143341, 49.07163177 ], [ 18.51126245, 49.07167508 ], [ 18.51075959, 49.07161334 ], [ 18.5103653, 49.07159135 ], [ 18.51019714, 49.07161035 ], [ 18.50997686, 49.07162977 ], [ 18.509646, 49.07173547 ], [ 18.5094255, 49.07171527 ], [ 18.50918674, 49.07177022 ], [ 18.50890979, 49.071799 ], [ 18.50890403, 49.07187088 ], [ 18.50872067, 49.07186875 ], [ 18.50833423, 49.07185421 ], [ 18.50772133, 49.07168704 ], [ 18.50713874, 49.07138299 ], [ 18.50655875, 49.07117167 ], [ 18.50554905, 49.07104722 ], [ 18.50512842, 49.07080405 ], [ 18.50439303, 49.07051396 ], [ 18.50388133, 49.0707346 ], [ 18.5029247, 49.07077525 ], [ 18.50321213, 49.07097896 ], [ 18.50261436, 49.07101642 ], [ 18.50256659, 49.07101517 ], [ 18.50242887, 49.0710268 ], [ 18.50176563, 49.07126417 ], [ 18.50067757, 49.07121318 ], [ 18.50038721, 49.0712155 ], [ 18.4969141, 49.07140219 ], [ 18.49790542, 49.07202229 ], [ 18.49841029, 49.0723226 ], [ 18.49906151, 49.07272454 ], [ 18.49962278, 49.07308837 ], [ 18.50064375, 49.07368191 ], [ 18.50123429, 49.07403171 ], [ 18.50172949, 49.07427499 ], [ 18.50213766, 49.07447553 ], [ 18.50236313, 49.07493313 ], [ 18.50255731, 49.0753273 ], [ 18.50294591, 49.0757668 ], [ 18.50326133, 49.07646841 ], [ 18.50297301, 49.0772096 ], [ 18.50284853, 49.07786064 ], [ 18.50257897, 49.07806135 ], [ 18.50218673, 49.07853854 ], [ 18.50205482, 49.07890772 ], [ 18.50184212, 49.07917262 ], [ 18.50181315, 49.07953153 ], [ 18.50182381, 49.07966476 ], [ 18.50120824, 49.08000552 ], [ 18.50076111, 49.08014043 ], [ 18.50025712, 49.08064184 ], [ 18.49989496, 49.08114367 ], [ 18.49955278, 49.081421 ], [ 18.4999219, 49.0821574 ], [ 18.50021162, 49.08240545 ], [ 18.50035742, 49.08265523 ], [ 18.50012662, 49.08294251 ], [ 18.50001069, 49.0833797 ], [ 18.49986125, 49.08382436 ], [ 18.49990759, 49.08402531 ], [ 18.49988779, 49.08426038 ], [ 18.49966009, 49.08455893 ], [ 18.49947207, 49.08488264 ], [ 18.49910663, 49.08533078 ], [ 18.49874011, 49.08558838 ], [ 18.49859428, 49.0859337 ], [ 18.49857117, 49.08634717 ], [ 18.49861528, 49.08696588 ], [ 18.49812946, 49.08723357 ], [ 18.49775304, 49.08764772 ], [ 18.49782613, 49.08792503 ], [ 18.49798433, 49.08844971 ], [ 18.49820478, 49.08887221 ], [ 18.4984962, 49.0893713 ], [ 18.49853508, 49.08952682 ], [ 18.49863022, 49.08969488 ], [ 18.49875762, 49.09019812 ], [ 18.49874463, 49.09051847 ], [ 18.49927869, 49.09050218 ], [ 18.49928149, 49.09052462 ], [ 18.49929044, 49.09059621 ], [ 18.49929245, 49.09061184 ], [ 18.49930138, 49.09073803 ], [ 18.49895804, 49.09078573 ], [ 18.49879383, 49.09087406 ], [ 18.49871684, 49.09106144 ], [ 18.49921151, 49.09093499 ], [ 18.49925083, 49.09096203 ], [ 18.49928394, 49.09098486 ], [ 18.49931239, 49.09100437 ], [ 18.49946211, 49.09123099 ], [ 18.49961847, 49.0916443 ], [ 18.49962362, 49.0917156 ], [ 18.49963073, 49.0918203 ], [ 18.49954743, 49.09200977 ], [ 18.49949653, 49.09212556 ], [ 18.49950689, 49.09233728 ], [ 18.49888512, 49.092431 ], [ 18.49888664, 49.09244507 ], [ 18.4989081, 49.09265152 ], [ 18.49921014, 49.09270678 ], [ 18.49962609, 49.09269452 ], [ 18.50058398, 49.0926071 ], [ 18.50107608, 49.09268597 ], [ 18.50206588, 49.09260146 ], [ 18.50228066, 49.09258392 ], [ 18.5026001, 49.09255791 ], [ 18.50278184, 49.09258441 ], [ 18.50298502, 49.09261406 ], [ 18.50299166, 49.09261803 ], [ 18.50311454, 49.09269177 ], [ 18.5038967, 49.09316143 ], [ 18.50418818, 49.09363777 ], [ 18.50476211, 49.09437483 ], [ 18.50511809, 49.09438934 ], [ 18.50672139, 49.09490403 ], [ 18.50688042, 49.09538064 ], [ 18.50740271, 49.09565621 ], [ 18.5086763, 49.09600198 ], [ 18.50990399, 49.09631627 ], [ 18.51009088, 49.09632706 ], [ 18.51050385, 49.09625694 ], [ 18.51102945, 49.096112 ], [ 18.51152739, 49.09588994 ], [ 18.51179161, 49.09573863 ], [ 18.512765, 49.0973498 ], [ 18.51294612, 49.09770398 ], [ 18.51351727, 49.09897241 ], [ 18.51637714, 49.09931649 ], [ 18.51719108, 49.10118053 ], [ 18.51756101, 49.10132785 ], [ 18.52046471, 49.10190565 ], [ 18.52069861, 49.10200488 ], [ 18.52086972, 49.10210738 ], [ 18.52113535, 49.10231598 ], [ 18.52393932, 49.10162411 ], [ 18.52526052, 49.1012855 ], [ 18.52608534, 49.10096534 ], [ 18.52644159, 49.10079228 ], [ 18.5275193, 49.10052201 ], [ 18.52782215, 49.1004621 ], [ 18.52813085, 49.10056871 ], [ 18.52838755, 49.10082111 ], [ 18.52883479, 49.10118445 ], [ 18.52911947, 49.1015018 ], [ 18.5294288, 49.10181878 ], [ 18.5299999, 49.10199392 ], [ 18.53099129, 49.1026486 ], [ 18.53117331, 49.10261191 ], [ 18.53137634, 49.10261046 ], [ 18.53242717, 49.10341236 ], [ 18.53246982, 49.1036 ], [ 18.53335614, 49.10433126 ], [ 18.53347503, 49.10486041 ], [ 18.53386404, 49.10527977 ], [ 18.53383399, 49.10571576 ], [ 18.53435305, 49.10588987 ], [ 18.53600495, 49.10659038 ], [ 18.53805466, 49.10655427 ], [ 18.53884568, 49.10712494 ], [ 18.53890087, 49.10716483 ], [ 18.53917748, 49.10736441 ], [ 18.53959202, 49.10794655 ], [ 18.54019142, 49.10908594 ], [ 18.54065253, 49.11012716 ], [ 18.54080193, 49.1099805 ] ] ] ] } },
{ "type": "Feature", "properties": { "@featureType": "CadastralZoning", "beginLifespanVersion": { "@nilReason": "http://inspire.ec.europa.eu/codelist/VoidReasonValue/Unpopulated", "@nil": "true" }, "endLifespanVersion": { "@nilReason": "http://inspire.ec.europa.eu/codelist/VoidReasonValue/Unpopulated", "@nil": "true" }, "estimatedAccuracy": { "value": -1, "@uom": "m" }, "inspireId": { "@dataType": "Identifier", "localId": "850390", "namespace": "SK.ESKN.CP", "versionId": "20260703T04:07:40" }, "label": "Pružina", "level": { "@href": "http://inspire.ec.europa.eu/codelist/CadastralZoningLevelValue/3rdOrder" }, "levelName": { "value": "Katastrálne územie", "@locale": "sk" }, "name": { "@dataType": "name", "GeographicalName": { "@dataType": "GeographicalName", "language": "SLK", "nativeness": { "@href": "http://inspire.ec.europa.eu/codelist/NativenessValue/endonym", "@title": "endonym" }, "nameStatus": { "@href": "http://inspire.ec.europa.eu/codelist/NameStatusValue/official", "@title": "official" }, "sourceOfName": { "@nilReason": "http://inspire.ec.europa.eu/codelist/VoidReasonValue/Unpopulated", "@nil": "true" }, "pronunciation": { "@dataType": "pronunciation", "@nilReason": "http://inspire.ec.europa.eu/codelist/VoidReasonValue/Unpopulated", "@nil": "true" }, "spelling": { "@dataType": "SpellingOfName", "text": "Pružina", "script": "LATN" } } }, "nationalCadastalZoningReference": "850390", "validFrom": "2026-06-30T16:00:00Z", "validTo": { "@nilReason": "http://inspire.ec.europa.eu/codelist/VoidReasonValue/Unpopulated", "@nil": "true" } }, "geometry": { "type": "MultiPolygon", "coordinates": [ [ [ [ 18.47724719, 49.039622 ], [ 18.47792154, 49.03876247 ], [ 18.47902513, 49.03643551 ], [ 18.47900219, 49.03639121 ], [ 18.47898016, 49.0363484 ], [ 18.47896675, 49.03632313 ], [ 18.47928125, 49.03627933 ], [ 18.47968579, 49.03627449 ], [ 18.48046422, 49.03630309 ], [ 18.48078242, 49.03626256 ], [ 18.48132766, 49.0360537 ], [ 18.48172045, 49.03594425 ], [ 18.4822041, 49.0358598 ], [ 18.48307166, 49.03591293 ], [ 18.48422497, 49.03599639 ], [ 18.48476674, 49.03588207 ], [ 18.48476306, 49.03587862 ], [ 18.48469648, 49.03581579 ], [ 18.48468973, 49.03580946 ], [ 18.48464265, 49.03576502 ], [ 18.48462317, 49.03574654 ], [ 18.48429102, 49.0353418 ], [ 18.48391893, 49.0348884 ], [ 18.48400871, 49.03458118 ], [ 18.48384166, 49.03439256 ], [ 18.4835812, 49.03409822 ], [ 18.48343827, 49.03373197 ], [ 18.48343104, 49.03370451 ], [ 18.4833517, 49.03340085 ], [ 18.48332925, 49.03331471 ], [ 18.48294034, 49.03268307 ], [ 18.48266043, 49.03245146 ], [ 18.48254406, 49.0319958 ], [ 18.48254789, 49.03145566 ], [ 18.48252011, 49.03097344 ], [ 18.48271818, 49.03047839 ], [ 18.48463428, 49.02950149 ], [ 18.48832646, 49.02761889 ], [ 18.48836831, 49.0275646 ], [ 18.48844874, 49.02746026 ], [ 18.48848568, 49.02741229 ], [ 18.48855789, 49.02731869 ], [ 18.48937883, 49.0275701 ], [ 18.4909263, 49.02791569 ], [ 18.49130628, 49.02791028 ], [ 18.49161159, 49.02758342 ], [ 18.49187183, 49.02766549 ], [ 18.49191617, 49.02767947 ], [ 18.4921879, 49.02776514 ], [ 18.49237734, 49.02768092 ], [ 18.49264646, 49.02756125 ], [ 18.49266686, 49.02754315 ], [ 18.49304822, 49.0272051 ], [ 18.49315423, 49.02698502 ], [ 18.49321078, 49.02686755 ], [ 18.49322677, 49.02685065 ], [ 18.49335356, 49.02671707 ], [ 18.49396356, 49.02607441 ], [ 18.49406928, 49.02596305 ], [ 18.49419765, 49.02582775 ], [ 18.49424497, 49.02577791 ], [ 18.49409761, 49.02569957 ], [ 18.49390291, 49.02559618 ], [ 18.49393536, 49.02552503 ], [ 18.49398319, 49.02542008 ], [ 18.49404456, 49.0252851 ], [ 18.49410607, 49.02515003 ], [ 18.49416757, 49.02501506 ], [ 18.49422776, 49.02488281 ], [ 18.49429421, 49.02473691 ], [ 18.49435536, 49.02460255 ], [ 18.49446052, 49.02462164 ], [ 18.49487906, 49.02469755 ], [ 18.49496176, 49.02457285 ], [ 18.49585603, 49.02514549 ], [ 18.4959036, 49.02494587 ], [ 18.49611168, 49.0246497 ], [ 18.49652213, 49.02429057 ], [ 18.49591724, 49.02379852 ], [ 18.49673099, 49.02347937 ], [ 18.49746972, 49.02305984 ], [ 18.49731569, 49.02295497 ], [ 18.4976157, 49.02274457 ], [ 18.49779742, 49.02289968 ], [ 18.4981307, 49.02311504 ], [ 18.4982865, 49.02321567 ], [ 18.49866243, 49.02305498 ], [ 18.49865658, 49.02304916 ], [ 18.49822871, 49.02262751 ], [ 18.49875195, 49.02222139 ], [ 18.49879637, 49.0221869 ], [ 18.49883503, 49.0220033 ], [ 18.49936416, 49.02132634 ], [ 18.49956852, 49.02106488 ], [ 18.49959731, 49.02102801 ], [ 18.49963037, 49.02098569 ], [ 18.49922428, 49.02032736 ], [ 18.49867221, 49.02024219 ], [ 18.49861285, 49.02023309 ], [ 18.49859334, 49.02023004 ], [ 18.49832955, 49.02018939 ], [ 18.49835491, 49.02000903 ], [ 18.49838434, 49.01997698 ], [ 18.49738848, 49.02006097 ], [ 18.49655951, 49.01999894 ], [ 18.49682225, 49.01918463 ], [ 18.49680944, 49.01792268 ], [ 18.49690079, 49.01754127 ], [ 18.49573761, 49.0160837 ], [ 18.49598053, 49.01566012 ], [ 18.4962144, 49.01511576 ], [ 18.49672408, 49.01480898 ], [ 18.49670802, 49.01469495 ], [ 18.49671745, 49.01465937 ], [ 18.49677408, 49.01460191 ], [ 18.49686034, 49.01456412 ], [ 18.49688123, 49.01455732 ], [ 18.49687104, 49.01452716 ], [ 18.49686125, 49.0144982 ], [ 18.49686805, 49.01448459 ], [ 18.4968904, 49.01444547 ], [ 18.49690618, 49.01441502 ], [ 18.49699715, 49.01436819 ], [ 18.49707505, 49.01416174 ], [ 18.49740446, 49.01408876 ], [ 18.49749035, 49.01406583 ], [ 18.49772282, 49.01403259 ], [ 18.4979621, 49.01396281 ], [ 18.49949935, 49.01291034 ], [ 18.49991586, 49.01262193 ], [ 18.50045176, 49.01232983 ], [ 18.50071729, 49.01205718 ], [ 18.50083726, 49.01169547 ], [ 18.50094962, 49.01137657 ], [ 18.50105153, 49.01121022 ], [ 18.50111403, 49.01119757 ], [ 18.50200022, 49.01036502 ], [ 18.50178454, 49.00980389 ], [ 18.50222886, 49.00933696 ], [ 18.5023205, 49.0091965 ], [ 18.50282422, 49.00842474 ], [ 18.50312845, 49.00770545 ], [ 18.50357082, 49.0074105 ], [ 18.50391597, 49.00642182 ], [ 18.50417439, 49.00608661 ], [ 18.5061756, 49.00480183 ], [ 18.50616401, 49.00446263 ], [ 18.50629006, 49.00434389 ], [ 18.50677071, 49.00421723 ], [ 18.50739811, 49.00390438 ], [ 18.50846536, 49.00357742 ], [ 18.50871744, 49.00325286 ], [ 18.50879938, 49.00325137 ], [ 18.50943948, 49.00323941 ], [ 18.50953643, 49.0031088 ], [ 18.50935421, 49.00288718 ], [ 18.50922239, 49.00258663 ], [ 18.50916842, 49.00245862 ], [ 18.50954864, 49.00207057 ], [ 18.51050524, 49.00151946 ], [ 18.51110096, 49.00127805 ], [ 18.51152042, 49.00106402 ], [ 18.51276382, 49.00020611 ], [ 18.51389918, 48.99967905 ], [ 18.51430244, 48.99960013 ], [ 18.51482585, 48.99932814 ], [ 18.51518603, 48.9989832 ], [ 18.51534426, 48.99887116 ], [ 18.51557108, 48.99874256 ], [ 18.51590959, 48.99846195 ], [ 18.51645332, 48.99814811 ], [ 18.51693966, 48.99790893 ], [ 18.51723337, 48.99767911 ], [ 18.51726665, 48.99756172 ], [ 18.51756268, 48.99715959 ], [ 18.51745806, 48.99708531 ], [ 18.51758797, 48.99647517 ], [ 18.51761481, 48.99618643 ], [ 18.51824225, 48.9955402 ], [ 18.51851552, 48.99475928 ], [ 18.51894659, 48.99480782 ], [ 18.51924018, 48.99473374 ], [ 18.51965631, 48.99475169 ], [ 18.52047838, 48.99458815 ], [ 18.52094694, 48.99441585 ], [ 18.52125463, 48.99419996 ], [ 18.52159935, 48.99388141 ], [ 18.52165476, 48.99354513 ], [ 18.52169547, 48.9931643 ], [ 18.52175647, 48.9930051 ], [ 18.5218765, 48.99289008 ], [ 18.52204846, 48.99283988 ], [ 18.5223556, 48.99266862 ], [ 18.52240397, 48.99227701 ], [ 18.52260295, 48.99196028 ], [ 18.52264361, 48.9917184 ], [ 18.52264554, 48.99170958 ], [ 18.52267352, 48.99154904 ], [ 18.52257622, 48.99129099 ], [ 18.52250355, 48.99107805 ], [ 18.52256688, 48.99106183 ], [ 18.52287413, 48.99105887 ], [ 18.52316082, 48.99098485 ], [ 18.52390333, 48.99095205 ], [ 18.52401736, 48.99095572 ], [ 18.52460195, 48.99097064 ], [ 18.52469361, 48.99096687 ], [ 18.52567963, 48.9909112 ], [ 18.52621884, 48.99032736 ], [ 18.52630511, 48.99024091 ], [ 18.52623558, 48.99034478 ], [ 18.52689579, 48.98960085 ], [ 18.52706028, 48.98941552 ], [ 18.52646072, 48.98923278 ], [ 18.525544, 48.9890447 ], [ 18.52489602, 48.98851598 ], [ 18.52368481, 48.98805804 ], [ 18.52312772, 48.98755807 ], [ 18.52193756, 48.9870759 ], [ 18.52118753, 48.98700415 ], [ 18.52047786, 48.98667561 ], [ 18.51942786, 48.98619463 ], [ 18.51875993, 48.98598034 ], [ 18.51845958, 48.98587953 ], [ 18.51802583, 48.98577002 ], [ 18.5166203, 48.98538543 ], [ 18.51569844, 48.98518878 ], [ 18.51457161, 48.98469681 ], [ 18.51384847, 48.98439962 ], [ 18.51345223, 48.98425576 ], [ 18.51314069, 48.98388876 ], [ 18.51269487, 48.98368571 ], [ 18.51252007, 48.98360617 ], [ 18.51228884, 48.98355116 ], [ 18.51164795, 48.98328911 ], [ 18.51087294, 48.98320618 ], [ 18.51077267, 48.98299624 ], [ 18.51063867, 48.98289536 ], [ 18.51017661, 48.98275287 ], [ 18.50948083, 48.982377 ], [ 18.50907051, 48.98190742 ], [ 18.50898757, 48.98147707 ], [ 18.50906806, 48.98139194 ], [ 18.50935018, 48.98109366 ], [ 18.50931961, 48.9809912 ], [ 18.50928105, 48.98054919 ], [ 18.50918056, 48.98016138 ], [ 18.50901632, 48.97936185 ], [ 18.50888177, 48.97896036 ], [ 18.50871216, 48.97812183 ], [ 18.50855096, 48.97720453 ], [ 18.50850397, 48.97682198 ], [ 18.50849975, 48.976788 ], [ 18.50848669, 48.97668695 ], [ 18.50848018, 48.97662866 ], [ 18.50819649, 48.97609983 ], [ 18.50825897, 48.97563057 ], [ 18.50817371, 48.97532561 ], [ 18.50751328, 48.97453368 ], [ 18.50739726, 48.9744012 ], [ 18.50726279, 48.97424768 ], [ 18.50691678, 48.97404536 ], [ 18.50633674, 48.97370511 ], [ 18.50609838, 48.97334893 ], [ 18.50606554, 48.97288025 ], [ 18.50604148, 48.97271858 ], [ 18.50602952, 48.9719806 ], [ 18.50622306, 48.97103328 ], [ 18.50559036, 48.97063367 ], [ 18.50465376, 48.97020934 ], [ 18.50426632, 48.97007829 ], [ 18.50343168, 48.96935929 ], [ 18.50329555, 48.96904929 ], [ 18.50290895, 48.96861896 ], [ 18.50221876, 48.96811034 ], [ 18.50205077, 48.96763337 ], [ 18.501999, 48.96728159 ], [ 18.50163083, 48.96696091 ], [ 18.50118138, 48.96653905 ], [ 18.50003077, 48.96591151 ], [ 18.49969938, 48.96556666 ], [ 18.49928473, 48.9652659 ], [ 18.49862176, 48.96498126 ], [ 18.49773355, 48.96413611 ], [ 18.49719033, 48.96353558 ], [ 18.49587287, 48.9635411 ], [ 18.49475081, 48.96365556 ], [ 18.49427591, 48.96376334 ], [ 18.49298338, 48.96379384 ], [ 18.49230407, 48.96389232 ], [ 18.49127225, 48.96393877 ], [ 18.49046559, 48.96407874 ], [ 18.48954885, 48.96384099 ], [ 18.48845841, 48.96328663 ], [ 18.4877249, 48.96313695 ], [ 18.48737825, 48.96301366 ], [ 18.48692264, 48.96294352 ], [ 18.4866024, 48.96287591 ], [ 18.48600675, 48.96272428 ], [ 18.48564151, 48.96261251 ], [ 18.48493729, 48.96261845 ], [ 18.48402324, 48.96258654 ], [ 18.48384781, 48.96254644 ], [ 18.48273943, 48.96213696 ], [ 18.48187758, 48.96173313 ], [ 18.48148709, 48.96167925 ], [ 18.48082213, 48.96156008 ], [ 18.48039291, 48.96141907 ], [ 18.47987356, 48.9612484 ], [ 18.47966575, 48.96115552 ], [ 18.47920078, 48.96054817 ], [ 18.47863493, 48.96016441 ], [ 18.47810071, 48.95985241 ], [ 18.47751779, 48.95950841 ], [ 18.47703751, 48.95915035 ], [ 18.47660746, 48.95886111 ], [ 18.47543556, 48.95826579 ], [ 18.47498021, 48.95790259 ], [ 18.47475655, 48.95761455 ], [ 18.47466633, 48.95752712 ], [ 18.47433352, 48.95717462 ], [ 18.47373375, 48.95707801 ], [ 18.47288814, 48.95692072 ], [ 18.47221921, 48.95661366 ], [ 18.47176472, 48.95674105 ], [ 18.47115521, 48.9568676 ], [ 18.47028679, 48.95706279 ], [ 18.47022159, 48.95704739 ], [ 18.46965706, 48.95698527 ], [ 18.4683819, 48.95673994 ], [ 18.46752123, 48.95657077 ], [ 18.46662835, 48.95644386 ], [ 18.46598649, 48.95636701 ], [ 18.46538722, 48.95628068 ], [ 18.46496293, 48.95635989 ], [ 18.46389251, 48.9579611 ], [ 18.46336473, 48.95878985 ], [ 18.46215703, 48.96096954 ], [ 18.46060987, 48.96197627 ], [ 18.45984633, 48.96373636 ], [ 18.45953491, 48.96568436 ], [ 18.45967857, 48.96602245 ], [ 18.46040958, 48.96774186 ], [ 18.46048229, 48.9680441 ], [ 18.46101741, 48.96906455 ], [ 18.46118199, 48.97066285 ], [ 18.46121974, 48.97106785 ], [ 18.46021127, 48.97327102 ], [ 18.46017868, 48.97334206 ], [ 18.46013505, 48.97343748 ], [ 18.46002449, 48.97361641 ], [ 18.46009541, 48.97465592 ], [ 18.46062223, 48.97561806 ], [ 18.46062028, 48.97598479 ], [ 18.45996649, 48.97595464 ], [ 18.45946709, 48.97605399 ], [ 18.45838105, 48.97618923 ], [ 18.45809173, 48.97624272 ], [ 18.45779344, 48.97634093 ], [ 18.45731347, 48.97663816 ], [ 18.45706974, 48.97673747 ], [ 18.45658522, 48.97690306 ], [ 18.45535533, 48.97742517 ], [ 18.45475701, 48.97773654 ], [ 18.45442515, 48.97776973 ], [ 18.45281516, 48.97814728 ], [ 18.45205318, 48.97869465 ], [ 18.451446, 48.97890716 ], [ 18.4511465, 48.97924669 ], [ 18.45052398, 48.97982383 ], [ 18.44975449, 48.98048276 ], [ 18.4490346, 48.98116238 ], [ 18.4488547, 48.98141824 ], [ 18.44843525, 48.98215555 ], [ 18.448298, 48.98253974 ], [ 18.44808633, 48.98285025 ], [ 18.4478095, 48.98303806 ], [ 18.44735006, 48.98312964 ], [ 18.44688311, 48.98326953 ], [ 18.44614294, 48.98345971 ], [ 18.44541526, 48.98354733 ], [ 18.4445796, 48.98372828 ], [ 18.44371747, 48.98385848 ], [ 18.44292246, 48.98395141 ], [ 18.44216443, 48.98402426 ], [ 18.44063023, 48.9843155 ], [ 18.43762385, 48.98230565 ], [ 18.43761229, 48.98229635 ], [ 18.43757906, 48.98226979 ], [ 18.43755246, 48.98225361 ], [ 18.43750832, 48.98222663 ], [ 18.43700928, 48.98239224 ], [ 18.43653591, 48.98258227 ], [ 18.43590182, 48.98279195 ], [ 18.43539348, 48.98300893 ], [ 18.43499426, 48.98318409 ], [ 18.43428807, 48.98339232 ], [ 18.43403087, 48.98349121 ], [ 18.43392726, 48.98353071 ], [ 18.43381039, 48.98357525 ], [ 18.43336025, 48.98388089 ], [ 18.43244791, 48.98450071 ], [ 18.43237592, 48.98469338 ], [ 18.43206496, 48.98511084 ], [ 18.4318262, 48.98527472 ], [ 18.43169131, 48.98542403 ], [ 18.43132462, 48.98597631 ], [ 18.43124221, 48.98625829 ], [ 18.43105802, 48.98647915 ], [ 18.4308031, 48.98678482 ], [ 18.43041344, 48.98723529 ], [ 18.43002148, 48.98766398 ], [ 18.42967586, 48.98784958 ], [ 18.42907435, 48.98815245 ], [ 18.42834737, 48.98855424 ], [ 18.42747343, 48.98894485 ], [ 18.42703472, 48.9890236 ], [ 18.42663138, 48.98895295 ], [ 18.42619722, 48.98902834 ], [ 18.42577772, 48.98914785 ], [ 18.42544343, 48.98929597 ], [ 18.42492078, 48.98943496 ], [ 18.42455832, 48.98944274 ], [ 18.4240728, 48.98959271 ], [ 18.42360506, 48.98972588 ], [ 18.42301245, 48.98977156 ], [ 18.42279568, 48.9897122 ], [ 18.42208346, 48.98994178 ], [ 18.42168634, 48.99001044 ], [ 18.42124607, 48.99005614 ], [ 18.42107016, 48.99006347 ], [ 18.4210031, 48.99010218 ], [ 18.42088689, 48.99016922 ], [ 18.42081156, 48.99019962 ], [ 18.42079335, 48.99020691 ], [ 18.42077873, 48.99023228 ], [ 18.4206902, 48.99030815 ], [ 18.42055643, 48.99044831 ], [ 18.42030281, 48.99071405 ], [ 18.42027289, 48.99097213 ], [ 18.42025041, 48.99116537 ], [ 18.42021606, 48.99146128 ], [ 18.42022433, 48.99194329 ], [ 18.42022824, 48.99217155 ], [ 18.42020818, 48.99228145 ], [ 18.42016709, 48.99236265 ], [ 18.42009649, 48.99250215 ], [ 18.42007992, 48.99317005 ], [ 18.42011478, 48.99365217 ], [ 18.42011668, 48.99366527 ], [ 18.42015186, 48.99390962 ], [ 18.42019086, 48.99418097 ], [ 18.42019601, 48.99419651 ], [ 18.42037453, 48.99473395 ], [ 18.42039321, 48.99478742 ], [ 18.4204109, 48.99483902 ], [ 18.42046592, 48.99502896 ], [ 18.42051279, 48.99519039 ], [ 18.4205849, 48.9953088 ], [ 18.42092524, 48.99583993 ], [ 18.42098769, 48.99593733 ], [ 18.42097667, 48.99614077 ], [ 18.42094849, 48.99666128 ], [ 18.42110791, 48.99737102 ], [ 18.42116904, 48.99764315 ], [ 18.42113382, 48.997904 ], [ 18.42097085, 48.99810193 ], [ 18.42076951, 48.99822761 ], [ 18.42073458, 48.9982616 ], [ 18.42077551, 48.99831061 ], [ 18.42077979, 48.99831572 ], [ 18.42074733, 48.99846364 ], [ 18.42110321, 48.99982516 ], [ 18.42146124, 49.00038353 ], [ 18.42199382, 49.00087898 ], [ 18.42282022, 49.00140339 ], [ 18.42309907, 49.00160118 ], [ 18.42342327, 49.00194342 ], [ 18.42352982, 49.00197259 ], [ 18.4238557, 49.00241889 ], [ 18.42396196, 49.00256428 ], [ 18.4242312, 49.00310943 ], [ 18.42423393, 49.00342553 ], [ 18.42424814, 49.00368613 ], [ 18.42435807, 49.0038458 ], [ 18.42465164, 49.00463676 ], [ 18.42474077, 49.00467354 ], [ 18.42481388, 49.00512077 ], [ 18.42505195, 49.0056104 ], [ 18.42505186, 49.00568855 ], [ 18.42508296, 49.00572862 ], [ 18.42512962, 49.00578869 ], [ 18.42516818, 49.00582294 ], [ 18.4252088, 49.0058852 ], [ 18.42528635, 49.00595256 ], [ 18.42550195, 49.00609261 ], [ 18.42619917, 49.00681336 ], [ 18.42690015, 49.00743494 ], [ 18.4275296, 49.00786234 ], [ 18.42913976, 49.00882458 ], [ 18.42942049, 49.00905865 ], [ 18.42956995, 49.009312 ], [ 18.42974359, 49.00991692 ], [ 18.42991152, 49.01050203 ], [ 18.43002507, 49.0107229 ], [ 18.43035878, 49.0110882 ], [ 18.4311512, 49.01156581 ], [ 18.43178098, 49.01186009 ], [ 18.43246293, 49.01224342 ], [ 18.43374907, 49.01267432 ], [ 18.43466963, 49.01320616 ], [ 18.43510064, 49.01353819 ], [ 18.43534484, 49.01371165 ], [ 18.43558855, 49.01409454 ], [ 18.4357081, 49.01443765 ], [ 18.43587097, 49.0146475 ], [ 18.43602397, 49.01483687 ], [ 18.43628693, 49.01502572 ], [ 18.4369906, 49.01531781 ], [ 18.43747824, 49.01571603 ], [ 18.43795067, 49.01582986 ], [ 18.43816951, 49.01597413 ], [ 18.43823925, 49.01602011 ], [ 18.43827229, 49.01604187 ], [ 18.43827684, 49.01604492 ], [ 18.43863011, 49.01627781 ], [ 18.43912159, 49.01674852 ], [ 18.43964215, 49.01770732 ], [ 18.43999032, 49.01784896 ], [ 18.44014465, 49.01785132 ], [ 18.44020228, 49.01786099 ], [ 18.44022649, 49.0178099 ], [ 18.4403772, 49.01780295 ], [ 18.44054287, 49.01792857 ], [ 18.44051658, 49.01799815 ], [ 18.44086514, 49.01802898 ], [ 18.44118488, 49.01811373 ], [ 18.4412855, 49.01825021 ], [ 18.44138882, 49.01824588 ], [ 18.44140601, 49.01831352 ], [ 18.44143002, 49.01840833 ], [ 18.44144854, 49.01848164 ], [ 18.44170023, 49.01947607 ], [ 18.44181893, 49.01964522 ], [ 18.44323391, 49.02143331 ], [ 18.44431164, 49.02223306 ], [ 18.44519739, 49.02239578 ], [ 18.44581386, 49.02265936 ], [ 18.44643575, 49.02303993 ], [ 18.4469653, 49.02326958 ], [ 18.44927251, 49.02490766 ], [ 18.45049938, 49.02497178 ], [ 18.45182218, 49.02522038 ], [ 18.45241695, 49.02546188 ], [ 18.45297674, 49.02578864 ], [ 18.45388487, 49.02639046 ], [ 18.45594328, 49.02637856 ], [ 18.45694309, 49.0264036 ], [ 18.45711885, 49.02682737 ], [ 18.4572048, 49.02753363 ], [ 18.45758507, 49.02783723 ], [ 18.4595488, 49.02819529 ], [ 18.46063867, 49.02904517 ], [ 18.46080326, 49.02917341 ], [ 18.4612833, 49.02963516 ], [ 18.46130422, 49.02965517 ], [ 18.46134855, 49.02969731 ], [ 18.46140523, 49.02975141 ], [ 18.46147427, 49.02981728 ], [ 18.46171813, 49.03004977 ], [ 18.46174544, 49.03007572 ], [ 18.4617491, 49.03007935 ], [ 18.46178805, 49.03011632 ], [ 18.46180752, 49.03013481 ], [ 18.46338459, 49.03123509 ], [ 18.46343736, 49.0312638 ], [ 18.46348876, 49.03129243 ], [ 18.46356226, 49.03133183 ], [ 18.46393722, 49.03153604 ], [ 18.46397459, 49.03155632 ], [ 18.46400617, 49.03157348 ], [ 18.46404827, 49.03159646 ], [ 18.4646488, 49.0319234 ], [ 18.4648067, 49.03200939 ], [ 18.46491209, 49.03206679 ], [ 18.46598147, 49.03264892 ], [ 18.46664099, 49.03299893 ], [ 18.46710058, 49.03324278 ], [ 18.46696006, 49.03338 ], [ 18.46692483, 49.03341435 ], [ 18.46686374, 49.03347399 ], [ 18.46684086, 49.03349638 ], [ 18.46679043, 49.03354559 ], [ 18.46673387, 49.03360087 ], [ 18.46291069, 49.03656025 ], [ 18.46520863, 49.03757903 ], [ 18.47022348, 49.03787196 ], [ 18.47024108, 49.03788033 ], [ 18.47029312, 49.03790511 ], [ 18.47053324, 49.03801942 ], [ 18.47054942, 49.03802708 ], [ 18.47056677, 49.03803534 ], [ 18.47058553, 49.03804431 ], [ 18.47061077, 49.03805634 ], [ 18.47089819, 49.03894208 ], [ 18.47147385, 49.03897678 ], [ 18.47242799, 49.03889838 ], [ 18.47317596, 49.03882004 ], [ 18.47403016, 49.03878073 ], [ 18.47479441, 49.03866051 ], [ 18.47515525, 49.0390322 ], [ 18.47545137, 49.03962125 ], [ 18.47706497, 49.04013857 ], [ 18.47724719, 49.039622 ] ] ] ] } },
{ "type": "Feature", "properties": { "@featureType": "CadastralZoning", "beginLifespanVersion": { "@nilReason": "http://inspire.ec.europa.eu/codelist/VoidReasonValue/Unpopulated", "@nil": "true" }, "endLifespanVersion": { "@nilReason": "http://inspire.ec.europa.eu/codelist/VoidReasonValue/Unpopulated", "@nil": "true" }, "estimatedAccuracy": { "value": -1, "@uom": "m" }, "inspireId": { "@dataType": "Identifier", "localId": "854310", "namespace": "SK.ESKN.CP", "versionId": "20260703T04:07:40" }, "label": "Sádočné", "level": { "@href": "http://inspire.ec.europa.eu/codelist/CadastralZoningLevelValue/3rdOrder" }, "levelName": { "value": "Katastrálne územie", "@locale": "sk" }, "name": { "@dataType": "name", "GeographicalName": { "@dataType": "GeographicalName", "language": "SLK", "nativeness": { "@href": "http://inspire.ec.europa.eu/codelist/NativenessValue/endonym", "@title": "endonym" }, "nameStatus": { "@href": "http://inspire.ec.europa.eu/codelist/NameStatusValue/official", "@title": "official" }, "sourceOfName": { "@nilReason": "http://inspire.ec.europa.eu/codelist/VoidReasonValue/Unpopulated", "@nil": "true" }, "pronunciation": { "@dataType": "pronunciation", "@nilReason": "http://inspire.ec.europa.eu/codelist/VoidReasonValue/Unpopulated", "@nil": "true" }, "spelling": { "@dataType": "SpellingOfName", "text": "Sádočné", "script": "LATN" } } }, "nationalCadastalZoningReference": "854310", "validFrom": "2026-06-30T16:00:00Z", "validTo": { "@nilReason": "http://inspire.ec.europa.eu/codelist/VoidReasonValue/Unpopulated", "@nil": "true" } }, "geometry": { "type": "MultiPolygon", "coordinates": [ [ [ [ 18.53041853, 49.02660849 ], [ 18.53060413, 49.02660124 ], [ 18.53063491, 49.02660201 ], [ 18.53083471, 49.02660735 ], [ 18.53113313, 49.02661516 ], [ 18.53113021, 49.02658378 ], [ 18.53118335, 49.02658675 ], [ 18.53242521, 49.02665523 ], [ 18.5332025, 49.02649258 ], [ 18.53386624, 49.02609971 ], [ 18.53412504, 49.02598913 ], [ 18.53428022, 49.02593565 ], [ 18.53591628, 49.02578744 ], [ 18.53682276, 49.02557149 ], [ 18.53760362, 49.02544474 ], [ 18.53867312, 49.02528544 ], [ 18.53885404, 49.02528045 ], [ 18.53907532, 49.02530273 ], [ 18.5395699, 49.02529119 ], [ 18.53997793, 49.02529589 ], [ 18.54010329, 49.02528861 ], [ 18.54017639, 49.02529212 ], [ 18.54025142, 49.02529565 ], [ 18.54076313, 49.02531273 ], [ 18.54091484, 49.0253427 ], [ 18.54100763, 49.02537741 ], [ 18.54125749, 49.02542894 ], [ 18.54240655, 49.02542741 ], [ 18.54310879, 49.02545047 ], [ 18.54327482, 49.02545595 ], [ 18.54405074, 49.02572329 ], [ 18.54424747, 49.02585612 ], [ 18.54429644, 49.02588909 ], [ 18.54446571, 49.02600338 ], [ 18.54517442, 49.02642958 ], [ 18.54564044, 49.02664286 ], [ 18.5457938, 49.0267035 ], [ 18.54599164, 49.02675301 ], [ 18.5461782, 49.0268104 ], [ 18.54641173, 49.02703626 ], [ 18.5464214, 49.02704554 ], [ 18.5464424, 49.02703675 ], [ 18.54696277, 49.02672835 ], [ 18.54776106, 49.02619363 ], [ 18.54828814, 49.02582712 ], [ 18.54904438, 49.02525655 ], [ 18.54943254, 49.02544737 ], [ 18.54971776, 49.02564174 ], [ 18.55011774, 49.02606275 ], [ 18.55101132, 49.02560057 ], [ 18.55160323, 49.02526282 ], [ 18.55179909, 49.02511316 ], [ 18.55192164, 49.02482996 ], [ 18.55216837, 49.02414094 ], [ 18.55258186, 49.0242225 ], [ 18.5525733, 49.02450699 ], [ 18.55258735, 49.02460313 ], [ 18.55309525, 49.02474059 ], [ 18.55321803, 49.02491624 ], [ 18.55324723, 49.02500751 ], [ 18.55332149, 49.02523873 ], [ 18.55339018, 49.02550574 ], [ 18.55339729, 49.02553337 ], [ 18.55340744, 49.0255729 ], [ 18.55352717, 49.02551189 ], [ 18.55365253, 49.02549259 ], [ 18.55402131, 49.0255082 ], [ 18.5540761, 49.02547606 ], [ 18.5542316, 49.02532981 ], [ 18.55426758, 49.0253877 ], [ 18.55436949, 49.02572815 ], [ 18.55438754, 49.02574402 ], [ 18.55439582, 49.02575132 ], [ 18.55444636, 49.02579592 ], [ 18.55447033, 49.02581707 ], [ 18.55447374, 49.02581726 ], [ 18.55461658, 49.02582489 ], [ 18.55469324, 49.02579673 ], [ 18.55501063, 49.02578006 ], [ 18.55528265, 49.02571256 ], [ 18.55527775, 49.02569028 ], [ 18.55527354, 49.02568554 ], [ 18.55499292, 49.0253708 ], [ 18.55504694, 49.025336 ], [ 18.55520722, 49.02523269 ], [ 18.55525631, 49.02520115 ], [ 18.55541373, 49.0245895 ], [ 18.55560581, 49.02398928 ], [ 18.55560877, 49.02397988 ], [ 18.55619525, 49.02311549 ], [ 18.55683804, 49.02226588 ], [ 18.55721915, 49.02207299 ], [ 18.55738779, 49.02186203 ], [ 18.55759386, 49.02164579 ], [ 18.55805453, 49.02137599 ], [ 18.5584081, 49.02119695 ], [ 18.55919974, 49.02104311 ], [ 18.55993029, 49.02010421 ], [ 18.56012477, 49.01983013 ], [ 18.56017278, 49.01958088 ], [ 18.56025009, 49.01935299 ], [ 18.56028323, 49.0187329 ], [ 18.5602017, 49.01755477 ], [ 18.56019562, 49.01696423 ], [ 18.56019559, 49.01695791 ], [ 18.56020414, 49.01641166 ], [ 18.55973931, 49.01582567 ], [ 18.55957859, 49.01562316 ], [ 18.55881168, 49.01506803 ], [ 18.55841744, 49.01460017 ], [ 18.55835234, 49.01452284 ], [ 18.55800642, 49.01422162 ], [ 18.5572872, 49.01369468 ], [ 18.55744937, 49.01333765 ], [ 18.55724517, 49.01281905 ], [ 18.55724319, 49.01281407 ], [ 18.55702254, 49.01233276 ], [ 18.55658515, 49.01195802 ], [ 18.55653523, 49.01191517 ], [ 18.55670115, 49.01107803 ], [ 18.55732955, 49.01064091 ], [ 18.55768664, 49.01039249 ], [ 18.55794172, 49.00953103 ], [ 18.55795739, 49.0094781 ], [ 18.55808985, 49.00903049 ], [ 18.55812651, 49.00898186 ], [ 18.55842315, 49.00858806 ], [ 18.5584713, 49.00855619 ], [ 18.55891118, 49.00826515 ], [ 18.55895933, 49.00823329 ], [ 18.55944131, 49.0081202 ], [ 18.56025488, 49.00792749 ], [ 18.56081115, 49.00782681 ], [ 18.56081132, 49.00782438 ], [ 18.56086502, 49.00773705 ], [ 18.56087402, 49.00701911 ], [ 18.56089909, 49.00677657 ], [ 18.56088581, 49.00667317 ], [ 18.56085034, 49.00653654 ], [ 18.56073315, 49.00628766 ], [ 18.56058698, 49.00604904 ], [ 18.56049289, 49.00578544 ], [ 18.56040992, 49.0056041 ], [ 18.56033782, 49.00549942 ], [ 18.56025918, 49.00540647 ], [ 18.56020506, 49.00530943 ], [ 18.56012, 49.00494824 ], [ 18.56009137, 49.0047942 ], [ 18.56021787, 49.00417113 ], [ 18.56023428, 49.00360915 ], [ 18.55998674, 49.00317421 ], [ 18.55971575, 49.0027139 ], [ 18.55918503, 49.001587 ], [ 18.55890553, 49.00106208 ], [ 18.5587685, 49.0006231 ], [ 18.55841348, 48.99989702 ], [ 18.55818039, 48.9996167 ], [ 18.55774155, 48.99911276 ], [ 18.55741186, 48.99863646 ], [ 18.55735516, 48.99855462 ], [ 18.55714395, 48.99800262 ], [ 18.55712505, 48.99801008 ], [ 18.55658933, 48.99734659 ], [ 18.55637373, 48.99702526 ], [ 18.55621283, 48.99670074 ], [ 18.5557514, 48.99609369 ], [ 18.55537022, 48.99551724 ], [ 18.55524514, 48.99500048 ], [ 18.55525863, 48.99436471 ], [ 18.5545575, 48.99411572 ], [ 18.55409054, 48.99403496 ], [ 18.55367461, 48.99402536 ], [ 18.5533291, 48.99384731 ], [ 18.55269336, 48.99358985 ], [ 18.55222179, 48.9935526 ], [ 18.55188547, 48.99338776 ], [ 18.5513204, 48.99324294 ], [ 18.55053035, 48.99307366 ], [ 18.55029637, 48.99302255 ], [ 18.54909867, 48.9930298 ], [ 18.54854393, 48.99315107 ], [ 18.54803175, 48.99298464 ], [ 18.54750786, 48.99275848 ], [ 18.54709143, 48.9925107 ], [ 18.54680514, 48.99232645 ], [ 18.54566595, 48.99249193 ], [ 18.54498386, 48.99262705 ], [ 18.54397468, 48.9928076 ], [ 18.54334737, 48.99286329 ], [ 18.54255043, 48.99276351 ], [ 18.54200135, 48.99268501 ], [ 18.54193264, 48.99263365 ], [ 18.54129768, 48.99215915 ], [ 18.54015238, 48.99134413 ], [ 18.53978471, 48.99115184 ], [ 18.53966854, 48.99106893 ], [ 18.53887839, 48.99090425 ], [ 18.53842734, 48.99094972 ], [ 18.53696124, 48.9912903 ], [ 18.53632428, 48.99141653 ], [ 18.5354001, 48.99149965 ], [ 18.53443884, 48.99160394 ], [ 18.53345312, 48.99170654 ], [ 18.53231989, 48.99186779 ], [ 18.53124799, 48.99266717 ], [ 18.53068325, 48.99287644 ], [ 18.53063537, 48.99289414 ], [ 18.53007062, 48.99310349 ], [ 18.52992998, 48.99315558 ], [ 18.52983659, 48.99333594 ], [ 18.52985516, 48.99334534 ], [ 18.53034976, 48.99359572 ], [ 18.53028013, 48.99377151 ], [ 18.52969408, 48.99461721 ], [ 18.5298045, 48.99515577 ], [ 18.5297072, 48.99542417 ], [ 18.52965372, 48.99557169 ], [ 18.52984818, 48.99615966 ], [ 18.53031795, 48.99687926 ], [ 18.53048353, 48.99727888 ], [ 18.53011656, 48.99851502 ], [ 18.53010519, 48.9985532 ], [ 18.53006809, 48.99864783 ], [ 18.5292747, 49.00031586 ], [ 18.5292267, 49.00044914 ], [ 18.52908142, 49.00085272 ], [ 18.52880947, 49.00114881 ], [ 18.52889825, 49.00138012 ], [ 18.52900349, 49.00211412 ], [ 18.5289999, 49.00259515 ], [ 18.52908103, 49.0033541 ], [ 18.5292016, 49.00382283 ], [ 18.52948241, 49.00439294 ], [ 18.53001177, 49.0053345 ], [ 18.53011484, 49.00653742 ], [ 18.53021661, 49.00745883 ], [ 18.53040543, 49.00855569 ], [ 18.53031309, 49.00873078 ], [ 18.53029061, 49.00877323 ], [ 18.52980803, 49.0096981 ], [ 18.52990613, 49.00994381 ], [ 18.53042839, 49.01030965 ], [ 18.53074149, 49.01070365 ], [ 18.53151358, 49.01126053 ], [ 18.53218775, 49.01179225 ], [ 18.53190172, 49.01274692 ], [ 18.53184373, 49.01332939 ], [ 18.53177909, 49.01358765 ], [ 18.53118902, 49.01392152 ], [ 18.53118134, 49.01392589 ], [ 18.53136951, 49.01422792 ], [ 18.53192066, 49.01511281 ], [ 18.53194675, 49.01512902 ], [ 18.53195875, 49.01516459 ], [ 18.53197269, 49.01519125 ], [ 18.5323837, 49.01597847 ], [ 18.53265339, 49.01648272 ], [ 18.53265651, 49.01648848 ], [ 18.53318214, 49.01643769 ], [ 18.53355071, 49.01636268 ], [ 18.5338379, 49.01630427 ], [ 18.53385283, 49.0163372 ], [ 18.53385919, 49.01634775 ], [ 18.53388651, 49.01639245 ], [ 18.53388789, 49.01639677 ], [ 18.53389957, 49.0164316 ], [ 18.53399541, 49.01664425 ], [ 18.53403567, 49.01673342 ], [ 18.53408248, 49.01683711 ], [ 18.53410007, 49.01687623 ], [ 18.53407178, 49.01713241 ], [ 18.53406122, 49.01722748 ], [ 18.53405165, 49.01731476 ], [ 18.533996, 49.01781633 ], [ 18.53397715, 49.01798738 ], [ 18.53375315, 49.01811401 ], [ 18.53363074, 49.01818316 ], [ 18.53331032, 49.01880165 ], [ 18.53323485, 49.01894717 ], [ 18.532383, 49.01971485 ], [ 18.53183796, 49.02015728 ], [ 18.53121806, 49.02085065 ], [ 18.53028159, 49.02142405 ], [ 18.53006192, 49.02155858 ], [ 18.529827, 49.02186598 ], [ 18.52939243, 49.02243459 ], [ 18.52878018, 49.02379547 ], [ 18.52863513, 49.02411803 ], [ 18.5279873, 49.02505161 ], [ 18.52766228, 49.02552005 ], [ 18.52734149, 49.02636446 ], [ 18.52732794, 49.02640026 ], [ 18.52784766, 49.02649905 ], [ 18.52889208, 49.026622 ], [ 18.52889542, 49.02664022 ], [ 18.53041853, 49.02660849 ] ] ] ] } },
{ "type": "Feature", "properties": { "@featureType": "CadastralZoning", "beginLifespanVersion": { "@nilReason": "http://inspire.ec.europa.eu/codelist/VoidReasonValue/Unpopulated", "@nil": "true" }, "endLifespanVersion": { "@nilReason": "http://inspire.ec.europa.eu/codelist/VoidReasonValue/Unpopulated", "@nil": "true" }, "estimatedAccuracy": { "value": -1, "@uom": "m" }, "inspireId": { "@dataType": "Identifier", "localId": "856479", "namespace": "SK.ESKN.CP", "versionId": "20260703T04:07:40" }, "label": "Slopná", "level": { "@href": "http://inspire.ec.europa.eu/codelist/CadastralZoningLevelValue/3rdOrder" }, "levelName": { "value": "Katastrálne územie", "@locale": "sk" }, "name": { "@dataType": "name", "GeographicalName": { "@dataType": "GeographicalName", "language": "SLK", "nativeness": { "@href": "http://inspire.ec.europa.eu/codelist/NativenessValue/endonym", "@title": "endonym" }, "nameStatus": { "@href": "http://inspire.ec.europa.eu/codelist/NameStatusValue/official", "@title": "official" }, "sourceOfName": { "@nilReason": "http://inspire.ec.europa.eu/codelist/VoidReasonValue/Unpopulated", "@nil": "true" }, "pronunciation": { "@dataType": "pronunciation", "@nilReason": "http://inspire.ec.europa.eu/codelist/VoidReasonValue/Unpopulated", "@nil": "true" }, "spelling": { "@dataType": "SpellingOfName", "text": "Slopná", "script": "LATN" } } }, "nationalCadastalZoningReference": "856479", "validFrom": "2026-06-30T16:00:00Z", "validTo": { "@nilReason": "http://inspire.ec.europa.eu/codelist/VoidReasonValue/Unpopulated", "@nil": "true" } }, "geometry": { "type": "MultiPolygon", "coordinates": [ [ [ [ 18.38980783, 49.06077155 ], [ 18.38983122, 49.06065363 ], [ 18.38983745, 49.06062221 ], [ 18.38984014, 49.06060873 ], [ 18.38984825, 49.06057769 ], [ 18.38985511, 49.06055533 ], [ 18.38988587, 49.06045587 ], [ 18.39002491, 49.06038272 ], [ 18.39011873, 49.06033333 ], [ 18.39036299, 49.06041718 ], [ 18.39053924, 49.06047767 ], [ 18.39055595, 49.06047589 ], [ 18.390653, 49.06046548 ], [ 18.39075688, 49.06045437 ], [ 18.39087022, 49.06044224 ], [ 18.39087677, 49.06044152 ], [ 18.39106498, 49.06035224 ], [ 18.39196712, 49.05992433 ], [ 18.39214825, 49.05989449 ], [ 18.3922518, 49.05993931 ], [ 18.39235527, 49.0600084 ], [ 18.3926456, 49.05988958 ], [ 18.39297143, 49.05975621 ], [ 18.39300637, 49.05974191 ], [ 18.39332596, 49.05976946 ], [ 18.39346545, 49.05984786 ], [ 18.39369306, 49.05997581 ], [ 18.39393953, 49.05994183 ], [ 18.39435435, 49.06008666 ], [ 18.39456205, 49.0599749 ], [ 18.39455043, 49.05990711 ], [ 18.39461422, 49.05978457 ], [ 18.39544688, 49.05946117 ], [ 18.39568039, 49.05960515 ], [ 18.39595611, 49.05943425 ], [ 18.39596822, 49.05911726 ], [ 18.39615847, 49.05903341 ], [ 18.39625556, 49.0589906 ], [ 18.39631773, 49.05893845 ], [ 18.39654652, 49.05874682 ], [ 18.39657908, 49.05869646 ], [ 18.39672483, 49.05847026 ], [ 18.39688474, 49.05844943 ], [ 18.39704827, 49.05842817 ], [ 18.39734098, 49.05839015 ], [ 18.39744349, 49.05837679 ], [ 18.39744913, 49.05835526 ], [ 18.39755122, 49.05796844 ], [ 18.39766759, 49.05791876 ], [ 18.39799054, 49.05778089 ], [ 18.3989777, 49.05768496 ], [ 18.39935259, 49.05748688 ], [ 18.39942845, 49.05744677 ], [ 18.3994689, 49.05742158 ], [ 18.39951784, 49.05739117 ], [ 18.39961169, 49.05736605 ], [ 18.39971336, 49.05733892 ], [ 18.39972104, 49.05733682 ], [ 18.39993452, 49.05715949 ], [ 18.40000714, 49.05713292 ], [ 18.40029096, 49.05702915 ], [ 18.40038649, 49.05699419 ], [ 18.40039815, 49.05698997 ], [ 18.40081207, 49.05693185 ], [ 18.40107175, 49.05689542 ], [ 18.40122934, 49.05687328 ], [ 18.40143727, 49.0568024 ], [ 18.40160254, 49.05674613 ], [ 18.40175963, 49.05669255 ], [ 18.40192471, 49.0564546 ], [ 18.40192995, 49.05644695 ], [ 18.40185974, 49.05625662 ], [ 18.40187019, 49.05606046 ], [ 18.40196451, 49.05602417 ], [ 18.40208047, 49.05602689 ], [ 18.40226215, 49.05603109 ], [ 18.40268456, 49.05591414 ], [ 18.40288616, 49.05585834 ], [ 18.40296164, 49.05568085 ], [ 18.40297261, 49.0556552 ], [ 18.40307943, 49.05558035 ], [ 18.40341477, 49.05554594 ], [ 18.40372479, 49.05551409 ], [ 18.40382339, 49.05553011 ], [ 18.40413234, 49.05583663 ], [ 18.404214, 49.05584232 ], [ 18.40450514, 49.0558624 ], [ 18.4045803, 49.05581169 ], [ 18.40457606, 49.05575903 ], [ 18.40456753, 49.05565523 ], [ 18.40471149, 49.05551979 ], [ 18.40472054, 49.05551136 ], [ 18.40504728, 49.05561797 ], [ 18.40511563, 49.05560966 ], [ 18.40537269, 49.0555785 ], [ 18.40539417, 49.05557589 ], [ 18.40534637, 49.05532417 ], [ 18.4054502, 49.05514185 ], [ 18.40570814, 49.05518635 ], [ 18.40576126, 49.05508253 ], [ 18.40579718, 49.05501224 ], [ 18.40583744, 49.05493379 ], [ 18.40586255, 49.05488464 ], [ 18.40577488, 49.05474153 ], [ 18.40577236, 49.05465936 ], [ 18.40576925, 49.05455396 ], [ 18.40582974, 49.05453087 ], [ 18.40584638, 49.05452962 ], [ 18.40615158, 49.05450635 ], [ 18.40630411, 49.05449476 ], [ 18.4063446, 49.05449167 ], [ 18.40638892, 49.05467308 ], [ 18.40653217, 49.05462244 ], [ 18.40654971, 49.05461628 ], [ 18.40665039, 49.05463539 ], [ 18.40674128, 49.0546526 ], [ 18.40690455, 49.05468365 ], [ 18.40711703, 49.05472392 ], [ 18.40722977, 49.05474532 ], [ 18.40732481, 49.0547634 ], [ 18.40745911, 49.05501097 ], [ 18.4076586, 49.05492544 ], [ 18.40769507, 49.05490977 ], [ 18.40771998, 49.05487288 ], [ 18.40781563, 49.0547318 ], [ 18.40795901, 49.05463297 ], [ 18.40798913, 49.05461217 ], [ 18.40802888, 49.05458485 ], [ 18.40804456, 49.05451605 ], [ 18.40805426, 49.05447354 ], [ 18.40807439, 49.05438495 ], [ 18.40812015, 49.05430112 ], [ 18.40816932, 49.05421089 ], [ 18.40820187, 49.0541626 ], [ 18.4082485, 49.05409335 ], [ 18.40828379, 49.05408907 ], [ 18.40828672, 49.05408869 ], [ 18.40879155, 49.054027 ], [ 18.40883245, 49.05400779 ], [ 18.40886709, 49.05399148 ], [ 18.40894307, 49.0539557 ], [ 18.40903966, 49.05391014 ], [ 18.40909708, 49.05388318 ], [ 18.40915145, 49.05385749 ], [ 18.40916007, 49.05385345 ], [ 18.40926525, 49.05380413 ], [ 18.40933757, 49.05377014 ], [ 18.40944332, 49.05372058 ], [ 18.40954004, 49.05367512 ], [ 18.40957418, 49.05366157 ], [ 18.40963233, 49.05363853 ], [ 18.41000876, 49.05352217 ], [ 18.41003957, 49.05351747 ], [ 18.41007095, 49.05351262 ], [ 18.4100998, 49.05350826 ], [ 18.4101372, 49.05350247 ], [ 18.41018944, 49.05349444 ], [ 18.41024295, 49.05348621 ], [ 18.41027053, 49.05348205 ], [ 18.41048175, 49.0534496 ], [ 18.41111141, 49.05354425 ], [ 18.41129978, 49.05368814 ], [ 18.41153043, 49.05361001 ], [ 18.41206293, 49.05366463 ], [ 18.41220022, 49.05367872 ], [ 18.41239855, 49.0535989 ], [ 18.41261224, 49.05351279 ], [ 18.41305538, 49.05333424 ], [ 18.41308258, 49.05333628 ], [ 18.41337831, 49.05335804 ], [ 18.41342646, 49.05336161 ], [ 18.41367741, 49.05302398 ], [ 18.41434154, 49.05289319 ], [ 18.41490054, 49.05268367 ], [ 18.41522475, 49.05256216 ], [ 18.415297, 49.05253511 ], [ 18.41530176, 49.05253329 ], [ 18.4153221, 49.05252566 ], [ 18.41591995, 49.05241061 ], [ 18.41647818, 49.05229724 ], [ 18.41733523, 49.0521233 ], [ 18.41746196, 49.05209755 ], [ 18.41805185, 49.05173649 ], [ 18.41880617, 49.05096018 ], [ 18.41886779, 49.05075954 ], [ 18.41898595, 49.05067618 ], [ 18.41913777, 49.05056905 ], [ 18.41909502, 49.05039866 ], [ 18.4193384, 49.0499727 ], [ 18.41934301, 49.04996456 ], [ 18.41935081, 49.04996265 ], [ 18.4194059, 49.04994945 ], [ 18.41963255, 49.04989491 ], [ 18.41975771, 49.04969661 ], [ 18.42011141, 49.0495815 ], [ 18.42015101, 49.04929211 ], [ 18.42048733, 49.04902821 ], [ 18.42051658, 49.04901855 ], [ 18.42100141, 49.04885815 ], [ 18.42139784, 49.04890169 ], [ 18.42151214, 49.04884844 ], [ 18.42150166, 49.04864581 ], [ 18.42228704, 49.04829715 ], [ 18.42257495, 49.04822189 ], [ 18.42278658, 49.04816652 ], [ 18.42310772, 49.04789023 ], [ 18.42313227, 49.04787968 ], [ 18.42369335, 49.04763811 ], [ 18.42448711, 49.04722041 ], [ 18.4247715, 49.04723384 ], [ 18.42514373, 49.04737756 ], [ 18.42552069, 49.04728754 ], [ 18.42546311, 49.04692682 ], [ 18.42551961, 49.04695413 ], [ 18.42556965, 49.04697836 ], [ 18.42559496, 49.04686082 ], [ 18.42592663, 49.04687488 ], [ 18.42663229, 49.04663405 ], [ 18.42620485, 49.04635716 ], [ 18.42636127, 49.04622663 ], [ 18.4266227, 49.04617581 ], [ 18.4268696, 49.0463044 ], [ 18.42693536, 49.0462786 ], [ 18.42713855, 49.04619894 ], [ 18.42736131, 49.04581867 ], [ 18.42728615, 49.0456676 ], [ 18.42721981, 49.04553445 ], [ 18.4273749, 49.04551331 ], [ 18.42761088, 49.04548112 ], [ 18.42776498, 49.04546011 ], [ 18.42779712, 49.04541811 ], [ 18.4279257, 49.04524968 ], [ 18.42792266, 49.04522614 ], [ 18.42780455, 49.04428651 ], [ 18.42780112, 49.04425961 ], [ 18.42769509, 49.04355456 ], [ 18.42766952, 49.04339567 ], [ 18.42757999, 49.04283872 ], [ 18.42760184, 49.04259446 ], [ 18.42750418, 49.04258844 ], [ 18.42741185, 49.04258263 ], [ 18.42741162, 49.04253821 ], [ 18.42741013, 49.04203259 ], [ 18.42702353, 49.04213932 ], [ 18.42687228, 49.04218106 ], [ 18.4267794, 49.04198922 ], [ 18.4267048, 49.04166384 ], [ 18.42679376, 49.04116483 ], [ 18.4267024, 49.04113209 ], [ 18.42647084, 49.04104919 ], [ 18.4262734, 49.04097856 ], [ 18.42607964, 49.04090921 ], [ 18.42589034, 49.04084146 ], [ 18.42579399, 49.040807 ], [ 18.42561349, 49.04074235 ], [ 18.42540936, 49.04066936 ], [ 18.42535878, 49.04064509 ], [ 18.42503326, 49.04048851 ], [ 18.42463945, 49.0402992 ], [ 18.42418368, 49.04054559 ], [ 18.42401351, 49.04039478 ], [ 18.42400623, 49.04038834 ], [ 18.42445028, 49.03996605 ], [ 18.42404068, 49.03971125 ], [ 18.42397024, 49.03966738 ], [ 18.42388275, 49.03961292 ], [ 18.42265651, 49.04022134 ], [ 18.42227936, 49.03972331 ], [ 18.42188127, 49.03939026 ], [ 18.42194682, 49.03919417 ], [ 18.42200011, 49.03903485 ], [ 18.42188771, 49.03890465 ], [ 18.42128711, 49.03820892 ], [ 18.42123092, 49.03820717 ], [ 18.42048962, 49.0381841 ], [ 18.41997463, 49.03806145 ], [ 18.41978129, 49.03791486 ], [ 18.41958293, 49.03778388 ], [ 18.4199264, 49.03709723 ], [ 18.4198874, 49.03707802 ], [ 18.41980399, 49.03703687 ], [ 18.41971244, 49.03699174 ], [ 18.4193549, 49.03716873 ], [ 18.41925161, 49.03712413 ], [ 18.4191573, 49.03708345 ], [ 18.41898598, 49.03700946 ], [ 18.41875337, 49.03690917 ], [ 18.41846842, 49.03682863 ], [ 18.41844196, 49.0368112 ], [ 18.41831824, 49.03672991 ], [ 18.41818351, 49.03664143 ], [ 18.41867763, 49.03616471 ], [ 18.41815274, 49.0359629 ], [ 18.41809309, 49.03593993 ], [ 18.41789784, 49.03574928 ], [ 18.41772028, 49.03557604 ], [ 18.41705671, 49.03527162 ], [ 18.41696478, 49.03522945 ], [ 18.41693066, 49.03521295 ], [ 18.41682377, 49.03516111 ], [ 18.41353136, 49.03356346 ], [ 18.41341601, 49.03341152 ], [ 18.41332944, 49.03329753 ], [ 18.41315372, 49.033066 ], [ 18.41219372, 49.03262342 ], [ 18.41200303, 49.03257876 ], [ 18.41082291, 49.03230231 ], [ 18.41064541, 49.03226073 ], [ 18.41057659, 49.03216361 ], [ 18.41050789, 49.03206659 ], [ 18.41044755, 49.03198149 ], [ 18.41056415, 49.03191863 ], [ 18.41060882, 49.03189457 ], [ 18.41064435, 49.03187542 ], [ 18.41073668, 49.03183387 ], [ 18.4108408, 49.0317871 ], [ 18.41096453, 49.03170289 ], [ 18.41205766, 49.0308128 ], [ 18.41097454, 49.03032459 ], [ 18.41099862, 49.03030373 ], [ 18.41104231, 49.0302658 ], [ 18.4116039, 49.02977787 ], [ 18.41140213, 49.02895306 ], [ 18.41182349, 49.02847009 ], [ 18.41295129, 49.02794677 ], [ 18.41389858, 49.02713912 ], [ 18.41471865, 49.02633887 ], [ 18.41481091, 49.02597468 ], [ 18.41482427, 49.02592173 ], [ 18.41487973, 49.02570261 ], [ 18.4149598, 49.02538658 ], [ 18.41522552, 49.02530471 ], [ 18.41446709, 49.02415276 ], [ 18.41210822, 49.02386258 ], [ 18.40999093, 49.02346479 ], [ 18.40859795, 49.02306914 ], [ 18.40795401, 49.02249293 ], [ 18.40786021, 49.02231447 ], [ 18.40722061, 49.02235848 ], [ 18.40622164, 49.02158663 ], [ 18.40526326, 49.0208838 ], [ 18.4049487, 49.02089706 ], [ 18.40446932, 49.02069724 ], [ 18.40387049, 49.0210016 ], [ 18.40320237, 49.02148261 ], [ 18.40253839, 49.0222418 ], [ 18.40207678, 49.02265301 ], [ 18.40193848, 49.02297204 ], [ 18.40133271, 49.02366226 ], [ 18.40108564, 49.02403753 ], [ 18.4008208, 49.02429449 ], [ 18.39968088, 49.02502974 ], [ 18.39964094, 49.0250555 ], [ 18.3990795, 49.02541759 ], [ 18.39869144, 49.02566781 ], [ 18.39806211, 49.02618252 ], [ 18.39727436, 49.02677031 ], [ 18.39703901, 49.02695643 ], [ 18.39700327, 49.02698469 ], [ 18.39667446, 49.02724469 ], [ 18.3961729, 49.02764139 ], [ 18.39614043, 49.02766983 ], [ 18.39596236, 49.02782556 ], [ 18.39567468, 49.02807718 ], [ 18.39550835, 49.02822273 ], [ 18.39535471, 49.02835698 ], [ 18.39519223, 49.02849913 ], [ 18.39500489, 49.02863512 ], [ 18.39473931, 49.02882778 ], [ 18.3944837, 49.02901341 ], [ 18.39422539, 49.02920078 ], [ 18.39402886, 49.02990996 ], [ 18.39400426, 49.02994234 ], [ 18.39363446, 49.03042739 ], [ 18.39357278, 49.03055835 ], [ 18.39353109, 49.03064682 ], [ 18.39331322, 49.03110943 ], [ 18.39331236, 49.03124123 ], [ 18.39330697, 49.03208338 ], [ 18.39330253, 49.03279509 ], [ 18.39330229, 49.03282802 ], [ 18.3934624, 49.03344145 ], [ 18.39377605, 49.03470786 ], [ 18.39388322, 49.03510818 ], [ 18.3939482, 49.03535057 ], [ 18.39396769, 49.03542331 ], [ 18.39398208, 49.03547699 ], [ 18.39414078, 49.0360695 ], [ 18.39416063, 49.0361437 ], [ 18.3941767, 49.03620352 ], [ 18.39419248, 49.03626243 ], [ 18.39422051, 49.03636704 ], [ 18.39176938, 49.03739372 ], [ 18.39079443, 49.0385085 ], [ 18.38999157, 49.03938383 ], [ 18.38949216, 49.04000399 ], [ 18.38875655, 49.04115379 ], [ 18.38834206, 49.04181684 ], [ 18.38830887, 49.04214367 ], [ 18.38768382, 49.04272085 ], [ 18.38729403, 49.04293286 ], [ 18.38718977, 49.04307652 ], [ 18.38707719, 49.04323154 ], [ 18.38700981, 49.04332427 ], [ 18.38657501, 49.04372194 ], [ 18.38640126, 49.04388079 ], [ 18.38632937, 49.04396587 ], [ 18.3858535, 49.04452921 ], [ 18.38561402, 49.04481273 ], [ 18.38552401, 49.04491919 ], [ 18.3853216, 49.04515883 ], [ 18.38522631, 49.04525724 ], [ 18.3851272, 49.04535967 ], [ 18.38485726, 49.0456387 ], [ 18.38482313, 49.04570449 ], [ 18.38474323, 49.04585826 ], [ 18.3847035, 49.04593457 ], [ 18.38462787, 49.04603162 ], [ 18.38453202, 49.04615463 ], [ 18.38439806, 49.04632633 ], [ 18.38416197, 49.04662926 ], [ 18.38395483, 49.04689491 ], [ 18.38388232, 49.04698799 ], [ 18.38362454, 49.04731859 ], [ 18.38380586, 49.04746746 ], [ 18.38428671, 49.04786237 ], [ 18.38437031, 49.04791909 ], [ 18.38526719, 49.04852761 ], [ 18.3859691, 49.04900383 ], [ 18.38699874, 49.04970246 ], [ 18.3867152, 49.04981803 ], [ 18.3864509, 49.04992374 ], [ 18.38619659, 49.05013867 ], [ 18.38615368, 49.05030704 ], [ 18.38627812, 49.05053315 ], [ 18.3863598, 49.0507994 ], [ 18.3863453, 49.05103405 ], [ 18.38651692, 49.05115594 ], [ 18.38634713, 49.05171434 ], [ 18.38641038, 49.05199996 ], [ 18.38647228, 49.05215086 ], [ 18.38650345, 49.05220105 ], [ 18.38680435, 49.0524838 ], [ 18.38686009, 49.05253626 ], [ 18.38688999, 49.05256427 ], [ 18.38699161, 49.05266034 ], [ 18.38707742, 49.0528474 ], [ 18.38736825, 49.05301732 ], [ 18.38744346, 49.05318963 ], [ 18.38746576, 49.0532405 ], [ 18.38777343, 49.05350377 ], [ 18.38803727, 49.05359945 ], [ 18.38820444, 49.05372939 ], [ 18.3881982, 49.05384636 ], [ 18.38819417, 49.05392366 ], [ 18.38820217, 49.05394161 ], [ 18.38827053, 49.05409675 ], [ 18.38831998, 49.05420887 ], [ 18.38833689, 49.05424717 ], [ 18.38835593, 49.05429028 ], [ 18.38837878, 49.05434218 ], [ 18.38837515, 49.05440362 ], [ 18.38835315, 49.05476834 ], [ 18.38836183, 49.05497224 ], [ 18.3884634, 49.05512435 ], [ 18.38836782, 49.0551768 ], [ 18.3882502, 49.05524148 ], [ 18.38795486, 49.05540378 ], [ 18.38756189, 49.05569422 ], [ 18.38732506, 49.05607753 ], [ 18.38713564, 49.05638035 ], [ 18.38720668, 49.05686946 ], [ 18.38722308, 49.05698227 ], [ 18.38720795, 49.05702845 ], [ 18.38711326, 49.05731857 ], [ 18.38711139, 49.05732785 ], [ 18.38704304, 49.0576716 ], [ 18.38705718, 49.05777427 ], [ 18.38708567, 49.05798107 ], [ 18.38709573, 49.05800004 ], [ 18.38715231, 49.05810688 ], [ 18.38726028, 49.05831078 ], [ 18.38724686, 49.0584547 ], [ 18.38724377, 49.05848837 ], [ 18.38717371, 49.05866813 ], [ 18.38711025, 49.05883066 ], [ 18.38715482, 49.05903312 ], [ 18.38716406, 49.05907551 ], [ 18.38788581, 49.05945209 ], [ 18.38816201, 49.0596314 ], [ 18.38819395, 49.05965212 ], [ 18.38836343, 49.05986368 ], [ 18.38867076, 49.06011925 ], [ 18.388735, 49.06017398 ], [ 18.3887637, 49.06020716 ], [ 18.3888187, 49.06024613 ], [ 18.38910716, 49.06045084 ], [ 18.38916096, 49.06050671 ], [ 18.38917642, 49.06052318 ], [ 18.38920721, 49.06055611 ], [ 18.38921469, 49.06056095 ], [ 18.38923918, 49.06058839 ], [ 18.38928145, 49.06063568 ], [ 18.38938988, 49.06084998 ], [ 18.38947649, 49.06102138 ], [ 18.38980783, 49.06077155 ] ] ] ] } },
{ "type": "Feature", "properties": { "@featureType": "CadastralZoning", "beginLifespanVersion": { "@nilReason": "http://inspire.ec.europa.eu/codelist/VoidReasonValue/Unpopulated", "@nil": "true" }, "endLifespanVersion": { "@nilReason": "http://inspire.ec.europa.eu/codelist/VoidReasonValue/Unpopulated", "@nil": "true" }, "estimatedAccuracy": { "value": -1, "@uom": "m" }, "inspireId": { "@dataType": "Identifier", "localId": "859362", "namespace": "SK.ESKN.CP", "versionId": "20260703T04:07:40" }, "label": "Stupné", "level": { "@href": "http://inspire.ec.europa.eu/codelist/CadastralZoningLevelValue/3rdOrder" }, "levelName": { "value": "Katastrálne územie", "@locale": "sk" }, "name": { "@dataType": "name", "GeographicalName": { "@dataType": "GeographicalName", "language": "SLK", "nativeness": { "@href": "http://inspire.ec.europa.eu/codelist/NativenessValue/endonym", "@title": "endonym" }, "nameStatus": { "@href": "http://inspire.ec.europa.eu/codelist/NameStatusValue/official", "@title": "official" }, "sourceOfName": { "@nilReason": "http://inspire.ec.europa.eu/codelist/VoidReasonValue/Unpopulated", "@nil": "true" }, "pronunciation": { "@dataType": "pronunciation", "@nilReason": "http://inspire.ec.europa.eu/codelist/VoidReasonValue/Unpopulated", "@nil": "true" }, "spelling": { "@dataType": "SpellingOfName", "text": "Stupné", "script": "LATN" } } }, "nationalCadastalZoningReference": "859362", "validFrom": "2026-06-30T16:00:00Z", "validTo": { "@nilReason": "http://inspire.ec.europa.eu/codelist/VoidReasonValue/Unpopulated", "@nil": "true" } }, "geometry": { "type": "MultiPolygon", "coordinates": [ [ [ [ 18.44875078, 49.21045584 ], [ 18.44956981, 49.210082 ], [ 18.45032663, 49.21016316 ], [ 18.45207501, 49.21009422 ], [ 18.45281744, 49.20988871 ], [ 18.45336089, 49.20968817 ], [ 18.4548039, 49.20921626 ], [ 18.45485794, 49.20917049 ], [ 18.45495461, 49.20914149 ], [ 18.4555892, 49.20894973 ], [ 18.45689634, 49.20855473 ], [ 18.45729087, 49.20838772 ], [ 18.45806391, 49.20806049 ], [ 18.45859904, 49.20780056 ], [ 18.45873152, 49.20768508 ], [ 18.45920726, 49.20718864 ], [ 18.45955307, 49.2069012 ], [ 18.45999109, 49.20658722 ], [ 18.46059279, 49.20619917 ], [ 18.46105142, 49.20597204 ], [ 18.4619732, 49.20556855 ], [ 18.4630405, 49.20524971 ], [ 18.46360058, 49.20516121 ], [ 18.46407054, 49.20473121 ], [ 18.46430494, 49.20457212 ], [ 18.46452536, 49.20364661 ], [ 18.4644745, 49.20287231 ], [ 18.46389148, 49.20154357 ], [ 18.46379882, 49.20133249 ], [ 18.46369033, 49.20037818 ], [ 18.4636226, 49.20027856 ], [ 18.46321487, 49.19967812 ], [ 18.46311239, 49.19910944 ], [ 18.46306289, 49.198925 ], [ 18.46305458, 49.19889396 ], [ 18.46281819, 49.19801323 ], [ 18.46192497, 49.19777615 ], [ 18.46170466, 49.19771772 ], [ 18.46166562, 49.19770422 ], [ 18.46142136, 49.19761975 ], [ 18.4612098, 49.19754664 ], [ 18.4610067, 49.19747634 ], [ 18.46091727, 49.19744546 ], [ 18.46077351, 49.19738707 ], [ 18.46056116, 49.19730074 ], [ 18.46034056, 49.19721107 ], [ 18.46027837, 49.19718583 ], [ 18.45975092, 49.19685667 ], [ 18.45971775, 49.19683599 ], [ 18.45968829, 49.1968176 ], [ 18.45898209, 49.19640755 ], [ 18.45877827, 49.19619598 ], [ 18.45833941, 49.19583629 ], [ 18.45863604, 49.19514966 ], [ 18.45870072, 49.1949997 ], [ 18.45808097, 49.19444964 ], [ 18.45776572, 49.19425462 ], [ 18.45521795, 49.19386972 ], [ 18.45419012, 49.193605 ], [ 18.45384102, 49.19351369 ], [ 18.45279649, 49.19344476 ], [ 18.45070107, 49.19351127 ], [ 18.4501047, 49.19340902 ], [ 18.44980802, 49.19310003 ], [ 18.44953652, 49.1928139 ], [ 18.44944979, 49.19255585 ], [ 18.44957393, 49.19249687 ], [ 18.44949526, 49.19224043 ], [ 18.44969042, 49.19214925 ], [ 18.44941881, 49.19159203 ], [ 18.44900917, 49.19149622 ], [ 18.44797371, 49.19104152 ], [ 18.44779278, 49.1910816 ], [ 18.44750118, 49.1911462 ], [ 18.44663924, 49.1910624 ], [ 18.44627735, 49.19134766 ], [ 18.44612961, 49.19139623 ], [ 18.44562622, 49.19142981 ], [ 18.44514393, 49.19140706 ], [ 18.44474827, 49.19142291 ], [ 18.4445732, 49.19142991 ], [ 18.44446345, 49.19143436 ], [ 18.44434648, 49.19142524 ], [ 18.44428749, 49.19141496 ], [ 18.44423952, 49.19140782 ], [ 18.44382444, 49.19134607 ], [ 18.44367245, 49.19129857 ], [ 18.44364795, 49.19129091 ], [ 18.44356376, 49.19122782 ], [ 18.44360384, 49.1911997 ], [ 18.44360534, 49.1911987 ], [ 18.44390949, 49.19098518 ], [ 18.44394043, 49.19096387 ], [ 18.44422941, 49.19078715 ], [ 18.44433141, 49.19072479 ], [ 18.44474432, 49.19047239 ], [ 18.44478451, 49.19043588 ], [ 18.44494685, 49.19006046 ], [ 18.44518681, 49.18961186 ], [ 18.4466597, 49.18835294 ], [ 18.44673915, 49.1877767 ], [ 18.44683809, 49.18763576 ], [ 18.44750913, 49.18688034 ], [ 18.44760354, 49.1868644 ], [ 18.44758466, 49.18685922 ], [ 18.44741217, 49.18681159 ], [ 18.44759652, 49.18657634 ], [ 18.44763076, 49.18654645 ], [ 18.44787705, 49.18633174 ], [ 18.44787921, 49.18632987 ], [ 18.44818775, 49.18605351 ], [ 18.44819823, 49.1860447 ], [ 18.44834179, 49.18592515 ], [ 18.44842411, 49.18570939 ], [ 18.44834756, 49.18568137 ], [ 18.44834946, 49.18567516 ], [ 18.44839403, 49.18553079 ], [ 18.44843506, 49.18539804 ], [ 18.44839234, 49.18535518 ], [ 18.44838502, 49.18534783 ], [ 18.44837623, 49.18533905 ], [ 18.44811361, 49.18507541 ], [ 18.44809539, 49.18505853 ], [ 18.44804218, 49.18500941 ], [ 18.44791633, 49.18489305 ], [ 18.44790759, 49.184885 ], [ 18.44773677, 49.18472728 ], [ 18.44773283, 49.18472363 ], [ 18.44772963, 49.18472066 ], [ 18.44749515, 49.18450405 ], [ 18.44735925, 49.18444922 ], [ 18.4474988, 49.18422731 ], [ 18.44777374, 49.18373506 ], [ 18.44767462, 49.18370706 ], [ 18.447643, 49.18369811 ], [ 18.44751772, 49.18366255 ], [ 18.44742736, 49.18363702 ], [ 18.44722794, 49.18358052 ], [ 18.44709053, 49.18354402 ], [ 18.44675694, 49.18345372 ], [ 18.44675441, 49.18345304 ], [ 18.4466329, 49.18342138 ], [ 18.44639377, 49.18335891 ], [ 18.44638374, 49.18335655 ], [ 18.44614403, 49.18329865 ], [ 18.44598698, 49.18326071 ], [ 18.445835, 49.18322404 ], [ 18.445669, 49.18318399 ], [ 18.44566398, 49.18318236 ], [ 18.44562499, 49.18316966 ], [ 18.44561982, 49.18316811 ], [ 18.44534947, 49.18308814 ], [ 18.44434208, 49.18279041 ], [ 18.44414401, 49.18273308 ], [ 18.44399688, 49.18269297 ], [ 18.44398104, 49.18268867 ], [ 18.44395119, 49.18267991 ], [ 18.44347005, 49.18253882 ], [ 18.44337596, 49.18251128 ], [ 18.4432775, 49.18248241 ], [ 18.44298992, 49.18233588 ], [ 18.44104823, 49.18143153 ], [ 18.44096943, 49.18139111 ], [ 18.43995362, 49.18173512 ], [ 18.43759932, 49.18229801 ], [ 18.43466406, 49.181913 ], [ 18.43459036, 49.18190805 ], [ 18.43364915, 49.18195461 ], [ 18.43223877, 49.1819346 ], [ 18.43197823, 49.18193093 ], [ 18.43183244, 49.18201821 ], [ 18.43079124, 49.18235235 ], [ 18.42829264, 49.18315411 ], [ 18.42821512, 49.18317899 ], [ 18.42780626, 49.18331019 ], [ 18.42758202, 49.18338214 ], [ 18.42719208, 49.18352575 ], [ 18.42705614, 49.18357575 ], [ 18.42679351, 49.1836927 ], [ 18.42598564, 49.18405227 ], [ 18.42580943, 49.18413074 ], [ 18.42500417, 49.1840332 ], [ 18.42489128, 49.18402248 ], [ 18.42438188, 49.18394752 ], [ 18.42411577, 49.18385618 ], [ 18.4240522, 49.18383436 ], [ 18.42385467, 49.18376655 ], [ 18.42361255, 49.18368347 ], [ 18.42346236, 49.18363189 ], [ 18.42334038, 49.18358998 ], [ 18.4232668, 49.18356472 ], [ 18.42311963, 49.18351421 ], [ 18.42291999, 49.18344565 ], [ 18.42282491, 49.18341308 ], [ 18.42269133, 49.18336719 ], [ 18.42249169, 49.18334799 ], [ 18.42189849, 49.18329107 ], [ 18.4216179, 49.18325044 ], [ 18.42107039, 49.18317112 ], [ 18.4207429, 49.18312367 ], [ 18.42066624, 49.18308489 ], [ 18.42036851, 49.18293413 ], [ 18.41917785, 49.18404594 ], [ 18.41883612, 49.1844287 ], [ 18.41849008, 49.1844239 ], [ 18.41755821, 49.18530874 ], [ 18.41674049, 49.18624371 ], [ 18.41625615, 49.18680847 ], [ 18.41624242, 49.18708196 ], [ 18.41610309, 49.18744599 ], [ 18.41600824, 49.1878797 ], [ 18.41602182, 49.18827092 ], [ 18.41601991, 49.18835023 ], [ 18.41601327, 49.18842133 ], [ 18.41596216, 49.18885853 ], [ 18.41608785, 49.1895383 ], [ 18.41603699, 49.18968692 ], [ 18.41591129, 49.18995956 ], [ 18.41513164, 49.19075675 ], [ 18.41376451, 49.1920225 ], [ 18.41364493, 49.19232788 ], [ 18.41364512, 49.19250241 ], [ 18.41372245, 49.19281945 ], [ 18.41365961, 49.19351644 ], [ 18.41301413, 49.19388966 ], [ 18.41195775, 49.19432515 ], [ 18.41163987, 49.1944781 ], [ 18.41154607, 49.1945749 ], [ 18.4112414, 49.19534799 ], [ 18.41304786, 49.19641278 ], [ 18.41373775, 49.19682701 ], [ 18.41451167, 49.19716384 ], [ 18.41518329, 49.19773038 ], [ 18.41513767, 49.19776613 ], [ 18.41494285, 49.19842823 ], [ 18.41590362, 49.1988127 ], [ 18.41641048, 49.19884423 ], [ 18.41685675, 49.19818839 ], [ 18.41719608, 49.19811954 ], [ 18.4179032, 49.19864037 ], [ 18.41797931, 49.19931415 ], [ 18.4180873, 49.19979296 ], [ 18.41829301, 49.2001111 ], [ 18.41885837, 49.20067465 ], [ 18.41989109, 49.20022435 ], [ 18.42067746, 49.20123411 ], [ 18.42224131, 49.20202314 ], [ 18.42345254, 49.20299579 ], [ 18.42487042, 49.20362425 ], [ 18.4257979, 49.20375918 ], [ 18.42720923, 49.20441765 ], [ 18.42753587, 49.20445022 ], [ 18.42767389, 49.20452856 ], [ 18.42803207, 49.20469561 ], [ 18.42924596, 49.2047182 ], [ 18.430093, 49.20497176 ], [ 18.43038128, 49.20496838 ], [ 18.43093064, 49.20496202 ], [ 18.43121988, 49.20495869 ], [ 18.43123379, 49.20495647 ], [ 18.4313455, 49.20493915 ], [ 18.43158425, 49.20498159 ], [ 18.43209905, 49.20507313 ], [ 18.43228327, 49.2051059 ], [ 18.43232316, 49.20512885 ], [ 18.43241578, 49.20518212 ], [ 18.43244144, 49.20519689 ], [ 18.432585, 49.2052794 ], [ 18.43261809, 49.20529845 ], [ 18.43266581, 49.20532589 ], [ 18.43328427, 49.20560738 ], [ 18.43421321, 49.20588743 ], [ 18.43490329, 49.20601818 ], [ 18.43504489, 49.20604499 ], [ 18.43650037, 49.20632071 ], [ 18.43659633, 49.20633501 ], [ 18.43695823, 49.20640748 ], [ 18.43972088, 49.20669417 ], [ 18.44319312, 49.20807306 ], [ 18.4437517, 49.20813166 ], [ 18.4443725, 49.20845807 ], [ 18.4468753, 49.21015005 ], [ 18.44737267, 49.21051569 ], [ 18.4480756, 49.21087672 ], [ 18.44875078, 49.21045584 ] ] ] ] } },
{ "type": "Feature", "properties": { "@featureType": "CadastralZoning", "beginLifespanVersion": { "@nilReason": "http://inspire.ec.europa.eu/codelist/VoidReasonValue/Unpopulated", "@nil": "true" }, "endLifespanVersion": { "@nilReason": "http://inspire.ec.europa.eu/codelist/VoidReasonValue/Unpopulated", "@nil": "true" }, "estimatedAccuracy": { "value": -1, "@uom": "m" }, "inspireId": { "@dataType": "Identifier", "localId": "859702", "namespace": "SK.ESKN.CP", "versionId": "20260703T04:07:40" }, "label": "Sverepec", "level": { "@href": "http://inspire.ec.europa.eu/codelist/CadastralZoningLevelValue/3rdOrder" }, "levelName": { "value": "Katastrálne územie", "@locale": "sk" }, "name": { "@dataType": "name", "GeographicalName": { "@dataType": "GeographicalName", "language": "SLK", "nativeness": { "@href": "http://inspire.ec.europa.eu/codelist/NativenessValue/endonym", "@title": "endonym" }, "nameStatus": { "@href": "http://inspire.ec.europa.eu/codelist/NameStatusValue/official", "@title": "official" }, "sourceOfName": { "@nilReason": "http://inspire.ec.europa.eu/codelist/VoidReasonValue/Unpopulated", "@nil": "true" }, "pronunciation": { "@dataType": "pronunciation", "@nilReason": "http://inspire.ec.europa.eu/codelist/VoidReasonValue/Unpopulated", "@nil": "true" }, "spelling": { "@dataType": "SpellingOfName", "text": "Sverepec", "script": "LATN" } } }, "nationalCadastalZoningReference": "859702", "validFrom": "2026-06-30T16:00:00Z", "validTo": { "@nilReason": "http://inspire.ec.europa.eu/codelist/VoidReasonValue/Unpopulated", "@nil": "true" } }, "geometry": { "type": "MultiPolygon", "coordinates": [ [ [ [ 18.4007788, 49.09843162 ], [ 18.40226423, 49.09786042 ], [ 18.40354385, 49.09748764 ], [ 18.40424991, 49.09707023 ], [ 18.40478103, 49.09666128 ], [ 18.40501412, 49.09635686 ], [ 18.40514763, 49.09623953 ], [ 18.40518487, 49.09619664 ], [ 18.40531473, 49.09566199 ], [ 18.4053118, 49.09505141 ], [ 18.40543853, 49.09479617 ], [ 18.40574174, 49.09444528 ], [ 18.40596183, 49.09427641 ], [ 18.4066859, 49.09402243 ], [ 18.4075664, 49.09383015 ], [ 18.40824656, 49.09374709 ], [ 18.4097994, 49.09363455 ], [ 18.41038155, 49.09363531 ], [ 18.41091327, 49.09372398 ], [ 18.41118504, 49.09374685 ], [ 18.41203938, 49.09369965 ], [ 18.41245924, 49.09376579 ], [ 18.41283856, 49.09382555 ], [ 18.41297283, 49.0938502 ], [ 18.413278, 49.09390631 ], [ 18.41362506, 49.09397006 ], [ 18.41437157, 49.09374218 ], [ 18.4145685, 49.09368203 ], [ 18.41477875, 49.09352208 ], [ 18.41524723, 49.09334057 ], [ 18.41600553, 49.09307199 ], [ 18.4164458, 49.092619 ], [ 18.41661453, 49.09244738 ], [ 18.41662346, 49.0924356 ], [ 18.41666253, 49.0923837 ], [ 18.41666918, 49.09237468 ], [ 18.4167165, 49.09231204 ], [ 18.41672976, 49.09229437 ], [ 18.41677429, 49.09226316 ], [ 18.41753044, 49.09173303 ], [ 18.41753241, 49.0917316 ], [ 18.41765166, 49.09164803 ], [ 18.41765876, 49.09164301 ], [ 18.4177845, 49.09155492 ], [ 18.41779825, 49.09154521 ], [ 18.41781122, 49.09153618 ], [ 18.41781681, 49.09153225 ], [ 18.41789063, 49.09148046 ], [ 18.4179107, 49.09146749 ], [ 18.4186711, 49.09097594 ], [ 18.41893371, 49.09080615 ], [ 18.41915351, 49.09060891 ], [ 18.41925757, 49.09050014 ], [ 18.41936837, 49.09039985 ], [ 18.41944336, 49.0903475 ], [ 18.41950078, 49.09029607 ], [ 18.41968121, 49.09017138 ], [ 18.41968484, 49.09016879 ], [ 18.41987733, 49.09003574 ], [ 18.42007525, 49.08989893 ], [ 18.42029488, 49.08974708 ], [ 18.42048193, 49.08956202 ], [ 18.42055743, 49.0894412 ], [ 18.42065654, 49.08925607 ], [ 18.42072355, 49.08910708 ], [ 18.42081918, 49.08889442 ], [ 18.42089011, 49.08880177 ], [ 18.42119658, 49.08840166 ], [ 18.42125107, 49.08802077 ], [ 18.42134785, 49.08769375 ], [ 18.42184813, 49.08717258 ], [ 18.42227948, 49.08678964 ], [ 18.4228607, 49.08643158 ], [ 18.42353609, 49.08609784 ], [ 18.42415437, 49.08579686 ], [ 18.42462745, 49.08537742 ], [ 18.42502072, 49.08508361 ], [ 18.4254951, 49.08472696 ], [ 18.42594382, 49.0844603 ], [ 18.42691438, 49.08389988 ], [ 18.42740501, 49.08351479 ], [ 18.42830534, 49.08254656 ], [ 18.42861148, 49.08220526 ], [ 18.42932563, 49.08135735 ], [ 18.42930662, 49.08135242 ], [ 18.42928748, 49.0813474 ], [ 18.42929343, 49.08133843 ], [ 18.42929836, 49.08133103 ], [ 18.42924045, 49.08132188 ], [ 18.42908184, 49.08132677 ], [ 18.42899278, 49.08133675 ], [ 18.42889985, 49.08133073 ], [ 18.42881244, 49.08131274 ], [ 18.42855153, 49.08128708 ], [ 18.42834725, 49.08125479 ], [ 18.42826408, 49.08124976 ], [ 18.42818223, 49.08123668 ], [ 18.42775575, 49.08115632 ], [ 18.42758054, 49.08113412 ], [ 18.42736775, 49.08112329 ], [ 18.42717026, 49.08112062 ], [ 18.42690469, 49.08110778 ], [ 18.42660835, 49.08111211 ], [ 18.42581223, 49.08118084 ], [ 18.42482953, 49.08126906 ], [ 18.42464023, 49.08129256 ], [ 18.42439562, 49.08132644 ], [ 18.42403092, 49.08136472 ], [ 18.42380239, 49.08137702 ], [ 18.42356702, 49.08138371 ], [ 18.42356012, 49.08136998 ], [ 18.42355652, 49.08135841 ], [ 18.42354454, 49.08132102 ], [ 18.42352725, 49.08126709 ], [ 18.42349529, 49.08124521 ], [ 18.42340354, 49.08121497 ], [ 18.42339039, 49.08121144 ], [ 18.42332889, 49.08119172 ], [ 18.42322752, 49.08115932 ], [ 18.42310728, 49.08112192 ], [ 18.42294022, 49.08106822 ], [ 18.4227402, 49.08101224 ], [ 18.42253403, 49.08094961 ], [ 18.42247643, 49.0809273 ], [ 18.42239319, 49.080895 ], [ 18.42233029, 49.08086798 ], [ 18.4223204, 49.08086365 ], [ 18.42229579, 49.08085308 ], [ 18.42217576, 49.08078392 ], [ 18.42210833, 49.08073968 ], [ 18.42208931, 49.08072726 ], [ 18.42200941, 49.08065698 ], [ 18.42195606, 49.08059935 ], [ 18.4219216, 49.0805433 ], [ 18.42191794, 49.08053859 ], [ 18.42190294, 49.08051944 ], [ 18.42187396, 49.08048608 ], [ 18.42184347, 49.08042691 ], [ 18.4218251, 49.08039115 ], [ 18.42180561, 49.08034802 ], [ 18.42174821, 49.08022104 ], [ 18.42173074, 49.08016322 ], [ 18.42171062, 49.08009705 ], [ 18.42167319, 49.07998687 ], [ 18.42163665, 49.07988911 ], [ 18.42162815, 49.07985029 ], [ 18.42162077, 49.07981667 ], [ 18.42163155, 49.07972486 ], [ 18.42164706, 49.07967987 ], [ 18.42169863, 49.07959563 ], [ 18.42176271, 49.07949304 ], [ 18.42185615, 49.07938331 ], [ 18.42216215, 49.07909589 ], [ 18.42221377, 49.07903386 ], [ 18.42225555, 49.07882635 ], [ 18.42234911, 49.07874677 ], [ 18.42235207, 49.07864198 ], [ 18.42225172, 49.07860161 ], [ 18.42212069, 49.07850685 ], [ 18.42213545, 49.07842906 ], [ 18.42213064, 49.0783409 ], [ 18.4221027, 49.07830912 ], [ 18.4220858, 49.07811354 ], [ 18.42209817, 49.0780598 ], [ 18.42211919, 49.07792975 ], [ 18.42212454, 49.07789647 ], [ 18.42212958, 49.07784847 ], [ 18.42190327, 49.07778121 ], [ 18.42166658, 49.07778439 ], [ 18.42140193, 49.07778062 ], [ 18.42136081, 49.07774767 ], [ 18.42134837, 49.07768381 ], [ 18.42115946, 49.07765714 ], [ 18.42092413, 49.0776604 ], [ 18.42086398, 49.07767964 ], [ 18.42081876, 49.07764647 ], [ 18.42084484, 49.07760369 ], [ 18.42067677, 49.07697354 ], [ 18.42038108, 49.076987 ], [ 18.41995531, 49.07701855 ], [ 18.41959875, 49.07707829 ], [ 18.41902532, 49.07720095 ], [ 18.41848126, 49.07729816 ], [ 18.41804285, 49.07734255 ], [ 18.41796127, 49.07708897 ], [ 18.41758272, 49.07708431 ], [ 18.41748213, 49.07675388 ], [ 18.41716098, 49.07675149 ], [ 18.41628213, 49.07682091 ], [ 18.41627394, 49.07682154 ], [ 18.41623953, 49.07682425 ], [ 18.41610268, 49.07663873 ], [ 18.41598901, 49.07648463 ], [ 18.41590185, 49.07637135 ], [ 18.4158571, 49.0763131 ], [ 18.41581124, 49.07613802 ], [ 18.41576111, 49.07594683 ], [ 18.41575433, 49.07591396 ], [ 18.41556178, 49.07569036 ], [ 18.41555624, 49.07567678 ], [ 18.41553144, 49.07561721 ], [ 18.41552104, 49.07559218 ], [ 18.41544955, 49.07541983 ], [ 18.41540441, 49.07531103 ], [ 18.41539694, 49.0752932 ], [ 18.41540495, 49.0752413 ], [ 18.41540847, 49.07521379 ], [ 18.41541917, 49.07513019 ], [ 18.41542183, 49.07488397 ], [ 18.41531311, 49.0745206 ], [ 18.41532379, 49.07442643 ], [ 18.41540042, 49.07421408 ], [ 18.41502369, 49.07402361 ], [ 18.41484268, 49.0738602 ], [ 18.4147245, 49.07372101 ], [ 18.41469798, 49.07364916 ], [ 18.41465667, 49.07339239 ], [ 18.41474959, 49.07304196 ], [ 18.4147996, 49.07295177 ], [ 18.4148945, 49.07284349 ], [ 18.4146047, 49.07263607 ], [ 18.41447464, 49.07258548 ], [ 18.41419101, 49.07248985 ], [ 18.41344086, 49.07228832 ], [ 18.41343964, 49.07218943 ], [ 18.41342539, 49.07208396 ], [ 18.41337969, 49.07203 ], [ 18.41324452, 49.07192922 ], [ 18.41298017, 49.07175064 ], [ 18.41254326, 49.07135559 ], [ 18.41240118, 49.07129585 ], [ 18.41216352, 49.07124246 ], [ 18.41193735, 49.07107899 ], [ 18.41167741, 49.07086599 ], [ 18.41131455, 49.07063612 ], [ 18.411124, 49.0704895 ], [ 18.41098649, 49.07038128 ], [ 18.41093705, 49.07031257 ], [ 18.41056633, 49.07045091 ], [ 18.41038554, 49.07050048 ], [ 18.40977625, 49.07062472 ], [ 18.40947743, 49.07034108 ], [ 18.4094901, 49.07002773 ], [ 18.4094089, 49.06978229 ], [ 18.40914439, 49.06943466 ], [ 18.40907716, 49.06919811 ], [ 18.40898797, 49.06907947 ], [ 18.40894222, 49.06894338 ], [ 18.40905679, 49.06876742 ], [ 18.4090634, 49.0686622 ], [ 18.40912634, 49.06832095 ], [ 18.40900263, 49.06808579 ], [ 18.40830521, 49.06790103 ], [ 18.40805661, 49.06792247 ], [ 18.40733829, 49.06791162 ], [ 18.407101, 49.06788767 ], [ 18.4070253, 49.0678889 ], [ 18.40693035, 49.06792245 ], [ 18.40682092, 49.06799401 ], [ 18.40629188, 49.06822104 ], [ 18.40600193, 49.06830788 ], [ 18.40590241, 49.06835562 ], [ 18.40585594, 49.068371 ], [ 18.40555821, 49.06846923 ], [ 18.40536522, 49.06837824 ], [ 18.40531756, 49.06823572 ], [ 18.40523369, 49.06813993 ], [ 18.40510992, 49.06804465 ], [ 18.40489435, 49.06792623 ], [ 18.40477869, 49.06789637 ], [ 18.4046538, 49.06795985 ], [ 18.40452022, 49.06789831 ], [ 18.40432604, 49.06776303 ], [ 18.40419493, 49.06772509 ], [ 18.4040422, 49.06779154 ], [ 18.4038826, 49.0678901 ], [ 18.40379112, 49.06796084 ], [ 18.40366456, 49.06800528 ], [ 18.40357872, 49.06802128 ], [ 18.40346557, 49.06798253 ], [ 18.40299204, 49.06758361 ], [ 18.40250362, 49.06744016 ], [ 18.40226597, 49.06742972 ], [ 18.40209166, 49.0673966 ], [ 18.40192387, 49.06733407 ], [ 18.40184142, 49.0672916 ], [ 18.40153434, 49.06703004 ], [ 18.40143643, 49.06697949 ], [ 18.40123308, 49.06683016 ], [ 18.40115384, 49.0666877 ], [ 18.40122922, 49.06650687 ], [ 18.40129418, 49.06621446 ], [ 18.40100811, 49.06613184 ], [ 18.4006078, 49.06606185 ], [ 18.40052581, 49.06601579 ], [ 18.40045342, 49.06601269 ], [ 18.40024917, 49.0659346 ], [ 18.40022375, 49.06590792 ], [ 18.40003882, 49.06583992 ], [ 18.39998665, 49.06583974 ], [ 18.39975951, 49.06596163 ], [ 18.39961499, 49.06600687 ], [ 18.39949977, 49.06590934 ], [ 18.39919731, 49.06576173 ], [ 18.39905224, 49.06563999 ], [ 18.39901597, 49.06566685 ], [ 18.39900308, 49.06568058 ], [ 18.39896163, 49.06570716 ], [ 18.39819209, 49.06627884 ], [ 18.3971109, 49.06669733 ], [ 18.39652104, 49.06640591 ], [ 18.3960953, 49.06630931 ], [ 18.39540794, 49.06710816 ], [ 18.39493722, 49.06788517 ], [ 18.39437626, 49.06795056 ], [ 18.39274906, 49.06736661 ], [ 18.39253214, 49.06766215 ], [ 18.39195121, 49.06800608 ], [ 18.39218552, 49.06802323 ], [ 18.39227771, 49.06805297 ], [ 18.39230622, 49.06823315 ], [ 18.39232326, 49.06834104 ], [ 18.39230533, 49.06837587 ], [ 18.39230127, 49.06838395 ], [ 18.39224708, 49.06848933 ], [ 18.39239412, 49.06857645 ], [ 18.39240319, 49.06858183 ], [ 18.39255291, 49.06867054 ], [ 18.39259051, 49.06864618 ], [ 18.39260236, 49.06863844 ], [ 18.39265524, 49.06860419 ], [ 18.39288115, 49.06867935 ], [ 18.39298719, 49.06871465 ], [ 18.39316945, 49.06875742 ], [ 18.39347651, 49.06882958 ], [ 18.39386713, 49.06897415 ], [ 18.39398041, 49.06904712 ], [ 18.39405957, 49.06909817 ], [ 18.39410415, 49.06929548 ], [ 18.39410802, 49.06931239 ], [ 18.39424404, 49.06934637 ], [ 18.39431604, 49.06936435 ], [ 18.39452779, 49.06941715 ], [ 18.39466833, 49.06945228 ], [ 18.39470137, 49.06950411 ], [ 18.39471474, 49.06952516 ], [ 18.39472549, 49.069542 ], [ 18.39473155, 49.06955145 ], [ 18.39473796, 49.06956146 ], [ 18.39476276, 49.06960047 ], [ 18.3947821, 49.06964134 ], [ 18.39477189, 49.06968337 ], [ 18.39476537, 49.06971062 ], [ 18.39474369, 49.06980039 ], [ 18.39473903, 49.06981953 ], [ 18.39473746, 49.06982323 ], [ 18.39472436, 49.06985572 ], [ 18.39470756, 49.06989666 ], [ 18.3946956, 49.06992668 ], [ 18.3946944, 49.06992968 ], [ 18.39467637, 49.06997381 ], [ 18.39462249, 49.07010673 ], [ 18.39453926, 49.07031212 ], [ 18.39442956, 49.0713131 ], [ 18.39406789, 49.07250812 ], [ 18.39364084, 49.07302151 ], [ 18.39211848, 49.07440813 ], [ 18.3918995, 49.07485101 ], [ 18.39174992, 49.07592991 ], [ 18.39173977, 49.07709117 ], [ 18.3918382, 49.07757403 ], [ 18.39247029, 49.07813006 ], [ 18.39163107, 49.07850309 ], [ 18.39072994, 49.07924451 ], [ 18.39059276, 49.07984056 ], [ 18.39088522, 49.08002689 ], [ 18.39055467, 49.08017128 ], [ 18.39036631, 49.0803712 ], [ 18.3901265, 49.08071285 ], [ 18.39058329, 49.08153207 ], [ 18.39130508, 49.08230453 ], [ 18.3911775, 49.08249871 ], [ 18.39089336, 49.08271904 ], [ 18.39077316, 49.08281192 ], [ 18.39070906, 49.08295258 ], [ 18.39046848, 49.08344345 ], [ 18.39038301, 49.08361776 ], [ 18.3903215, 49.08366877 ], [ 18.39014218, 49.08381757 ], [ 18.38999531, 49.08421202 ], [ 18.38985747, 49.0855283 ], [ 18.38985225, 49.08557746 ], [ 18.38984613, 49.08563579 ], [ 18.3892478, 49.08697382 ], [ 18.38919615, 49.08803415 ], [ 18.38959465, 49.0888636 ], [ 18.38923357, 49.08896812 ], [ 18.38921336, 49.08904199 ], [ 18.38934004, 49.08937769 ], [ 18.38942663, 49.08955613 ], [ 18.38966737, 49.09005221 ], [ 18.38969626, 49.09011608 ], [ 18.38985623, 49.09046978 ], [ 18.38985036, 49.09066294 ], [ 18.38969909, 49.09172227 ], [ 18.38966637, 49.09190194 ], [ 18.38947031, 49.09244374 ], [ 18.38873037, 49.09312198 ], [ 18.38898632, 49.09298564 ], [ 18.389071, 49.09294052 ], [ 18.38915274, 49.09289695 ], [ 18.39002243, 49.0929347 ], [ 18.39147791, 49.09291168 ], [ 18.39215811, 49.09324773 ], [ 18.39343656, 49.09352352 ], [ 18.39360165, 49.09355631 ], [ 18.39358449, 49.09371239 ], [ 18.39462387, 49.09378251 ], [ 18.39465555, 49.09389003 ], [ 18.39554846, 49.09401566 ], [ 18.39577875, 49.09406081 ], [ 18.39586034, 49.09408257 ], [ 18.3959341, 49.09409459 ], [ 18.39587234, 49.09454231 ], [ 18.39580874, 49.09483958 ], [ 18.39569556, 49.09500821 ], [ 18.39542787, 49.09520718 ], [ 18.39534449, 49.09537809 ], [ 18.3950797, 49.09556828 ], [ 18.39514569, 49.09589655 ], [ 18.39526012, 49.0961869 ], [ 18.39530835, 49.09651436 ], [ 18.3955651, 49.09696998 ], [ 18.39587923, 49.09708583 ], [ 18.39603207, 49.09726974 ], [ 18.39646932, 49.09812205 ], [ 18.39759448, 49.09835545 ], [ 18.39849016, 49.09862614 ], [ 18.39892569, 49.09875782 ], [ 18.39980974, 49.09903029 ], [ 18.4007788, 49.09843162 ] ] ] ] } },
{ "type": "Feature", "properties": { "@featureType": "CadastralZoning", "beginLifespanVersion": { "@nilReason": "http://inspire.ec.europa.eu/codelist/VoidReasonValue/Unpopulated", "@nil": "true" }, "endLifespanVersion": { "@nilReason": "http://inspire.ec.europa.eu/codelist/VoidReasonValue/Unpopulated", "@nil": "true" }, "estimatedAccuracy": { "value": -1, "@uom": "m" }, "inspireId": { "@dataType": "Identifier", "localId": "866270", "namespace": "SK.ESKN.CP", "versionId": "20260703T04:07:40" }, "label": "Udiča", "level": { "@href": "http://inspire.ec.europa.eu/codelist/CadastralZoningLevelValue/3rdOrder" }, "levelName": { "value": "Katastrálne územie", "@locale": "sk" }, "name": { "@dataType": "name", "GeographicalName": { "@dataType": "GeographicalName", "language": "SLK", "nativeness": { "@href": "http://inspire.ec.europa.eu/codelist/NativenessValue/endonym", "@title": "endonym" }, "nameStatus": { "@href": "http://inspire.ec.europa.eu/codelist/NameStatusValue/official", "@title": "official" }, "sourceOfName": { "@nilReason": "http://inspire.ec.europa.eu/codelist/VoidReasonValue/Unpopulated", "@nil": "true" }, "pronunciation": { "@dataType": "pronunciation", "@nilReason": "http://inspire.ec.europa.eu/codelist/VoidReasonValue/Unpopulated", "@nil": "true" }, "spelling": { "@dataType": "SpellingOfName", "text": "Udiča", "script": "LATN" } } }, "nationalCadastalZoningReference": "866270", "validFrom": "2026-06-30T16:00:00Z", "validTo": { "@nilReason": "http://inspire.ec.europa.eu/codelist/VoidReasonValue/Unpopulated", "@nil": "true" } }, "geometry": { "type": "MultiPolygon", "coordinates": [ [ [ [ 18.41755821, 49.18530874 ], [ 18.41849008, 49.1844239 ], [ 18.41883612, 49.1844287 ], [ 18.41917785, 49.18404594 ], [ 18.42036851, 49.18293413 ], [ 18.42067494, 49.18194788 ], [ 18.42103896, 49.18114808 ], [ 18.42111388, 49.18098345 ], [ 18.42113938, 49.18092729 ], [ 18.42162994, 49.17981554 ], [ 18.42188611, 49.17952436 ], [ 18.4219322, 49.17947185 ], [ 18.42207857, 49.17921793 ], [ 18.42216128, 49.17905148 ], [ 18.42222059, 49.17893238 ], [ 18.4223056, 49.17798709 ], [ 18.42236713, 49.17705214 ], [ 18.42235152, 49.17665494 ], [ 18.42220763, 49.17579018 ], [ 18.42192255, 49.17534548 ], [ 18.42186672, 49.17529241 ], [ 18.42239979, 49.1746768 ], [ 18.42266629, 49.17429721 ], [ 18.42306431, 49.17386863 ], [ 18.42344079, 49.17341794 ], [ 18.42371134, 49.17308079 ], [ 18.42380853, 49.17295809 ], [ 18.42418689, 49.17241527 ], [ 18.42443778, 49.17208652 ], [ 18.42444258, 49.1720802 ], [ 18.42450733, 49.17202808 ], [ 18.42451576, 49.17202133 ], [ 18.42466579, 49.17161059 ], [ 18.42473867, 49.17143268 ], [ 18.42480854, 49.17126208 ], [ 18.42513459, 49.17057831 ], [ 18.42556774, 49.1700792 ], [ 18.42629967, 49.16923592 ], [ 18.42675823, 49.16899512 ], [ 18.42675458, 49.16898174 ], [ 18.42676246, 49.16897712 ], [ 18.42700514, 49.16883481 ], [ 18.42702329, 49.16882417 ], [ 18.4271301, 49.16866382 ], [ 18.42713184, 49.1686492 ], [ 18.42714223, 49.16856477 ], [ 18.42713204, 49.16853687 ], [ 18.42705402, 49.16832376 ], [ 18.42697474, 49.16813675 ], [ 18.42697554, 49.16775516 ], [ 18.4268998, 49.16757484 ], [ 18.4268927, 49.16741527 ], [ 18.42749366, 49.16703042 ], [ 18.4281442, 49.16671734 ], [ 18.42816655, 49.16670404 ], [ 18.42818055, 49.16669569 ], [ 18.42886776, 49.16651755 ], [ 18.42951853, 49.16636717 ], [ 18.42973081, 49.16631811 ], [ 18.43001259, 49.16620023 ], [ 18.42999087, 49.1660043 ], [ 18.42996934, 49.16581 ], [ 18.43011118, 49.16566827 ], [ 18.43034906, 49.1655773 ], [ 18.43059185, 49.16548444 ], [ 18.43096051, 49.16536295 ], [ 18.43113461, 49.16532947 ], [ 18.43127559, 49.1652644 ], [ 18.43131226, 49.16524882 ], [ 18.43198494, 49.16496238 ], [ 18.4321237, 49.16494474 ], [ 18.43330019, 49.16424047 ], [ 18.43332037, 49.16422146 ], [ 18.43353801, 49.16401522 ], [ 18.43354146, 49.16401198 ], [ 18.43384775, 49.16368058 ], [ 18.43521182, 49.1636681 ], [ 18.43597386, 49.1637772 ], [ 18.4366696, 49.1641661 ], [ 18.43755002, 49.16367392 ], [ 18.43913296, 49.16364572 ], [ 18.43930831, 49.16295148 ], [ 18.4408134, 49.16186551 ], [ 18.44114115, 49.1612816 ], [ 18.44119133, 49.16120648 ], [ 18.44134528, 49.16097607 ], [ 18.44175251, 49.1603514 ], [ 18.441864, 49.15994151 ], [ 18.44207035, 49.15953232 ], [ 18.44246339, 49.15920196 ], [ 18.44253287, 49.1587654 ], [ 18.44367786, 49.15806301 ], [ 18.44355056, 49.15763731 ], [ 18.44363059, 49.15724736 ], [ 18.44345828, 49.15648439 ], [ 18.44359228, 49.15610281 ], [ 18.44374497, 49.15568255 ], [ 18.44386641, 49.15536706 ], [ 18.44362213, 49.15483387 ], [ 18.44313867, 49.15443915 ], [ 18.4426463, 49.15412516 ], [ 18.44267942, 49.15374707 ], [ 18.44288928, 49.15351494 ], [ 18.44300073, 49.15313753 ], [ 18.44266549, 49.15261649 ], [ 18.44246536, 49.15194567 ], [ 18.44126964, 49.1519837 ], [ 18.4401602, 49.15205506 ], [ 18.43994992, 49.15206851 ], [ 18.43993382, 49.15206961 ], [ 18.4398155, 49.15207719 ], [ 18.43975539, 49.15206848 ], [ 18.43930346, 49.15200268 ], [ 18.43852765, 49.15189825 ], [ 18.4376993, 49.15178091 ], [ 18.436876, 49.15140322 ], [ 18.43566736, 49.15124087 ], [ 18.43502518, 49.15115459 ], [ 18.43441597, 49.1509815 ], [ 18.43369639, 49.15076885 ], [ 18.43324033, 49.15066771 ], [ 18.43293601, 49.15067958 ], [ 18.43247631, 49.15091474 ], [ 18.4322583, 49.15093803 ], [ 18.43201846, 49.15091474 ], [ 18.43161998, 49.15098947 ], [ 18.43145543, 49.15095948 ], [ 18.43102198, 49.15086435 ], [ 18.43091977, 49.15083743 ], [ 18.4306466, 49.15069932 ], [ 18.43019606, 49.15052167 ], [ 18.42981382, 49.15052536 ], [ 18.42947311, 49.15044201 ], [ 18.42913121, 49.15030137 ], [ 18.42877366, 49.15015824 ], [ 18.42841902, 49.15005697 ], [ 18.42787303, 49.1498394 ], [ 18.4275955, 49.14977206 ], [ 18.42733478, 49.14970979 ], [ 18.42666541, 49.1497298 ], [ 18.42630288, 49.14974504 ], [ 18.42567174, 49.14976408 ], [ 18.42494358, 49.14954044 ], [ 18.42398854, 49.14913312 ], [ 18.42263571, 49.14878996 ], [ 18.42159071, 49.1485419 ], [ 18.42156404, 49.14853312 ], [ 18.42062251, 49.14828497 ], [ 18.41943038, 49.14808591 ], [ 18.41941355, 49.14808309 ], [ 18.41934014, 49.14807083 ], [ 18.41931375, 49.1480664 ], [ 18.41921244, 49.14804646 ], [ 18.41917796, 49.1480396 ], [ 18.41906511, 49.14801741 ], [ 18.41871212, 49.14864238 ], [ 18.41854843, 49.14893216 ], [ 18.41836635, 49.14926568 ], [ 18.41814952, 49.14966199 ], [ 18.41788731, 49.15000986 ], [ 18.41777663, 49.15015645 ], [ 18.417495, 49.1506333 ], [ 18.41747466, 49.15066647 ], [ 18.41723174, 49.15095819 ], [ 18.4170456, 49.15112138 ], [ 18.41682838, 49.15127798 ], [ 18.41653799, 49.15148487 ], [ 18.41590243, 49.15193751 ], [ 18.41528307, 49.15234303 ], [ 18.41499486, 49.15253172 ], [ 18.41481606, 49.152688 ], [ 18.41479081, 49.15267569 ], [ 18.41423107, 49.1528328 ], [ 18.41404461, 49.15281909 ], [ 18.41350329, 49.15300311 ], [ 18.41299061, 49.15336938 ], [ 18.41202631, 49.15402353 ], [ 18.41170058, 49.15420743 ], [ 18.41140328, 49.1544143 ], [ 18.41092395, 49.15470479 ], [ 18.41051106, 49.15498568 ], [ 18.40984393, 49.15519235 ], [ 18.40931933, 49.15534217 ], [ 18.4079824, 49.15574398 ], [ 18.40731542, 49.15593963 ], [ 18.40685207, 49.1561042 ], [ 18.40676915, 49.15614131 ], [ 18.405732, 49.156573 ], [ 18.40578296, 49.15669268 ], [ 18.40479887, 49.15701313 ], [ 18.40443017, 49.15719807 ], [ 18.4040281, 49.15738993 ], [ 18.40374937, 49.15748924 ], [ 18.40367644, 49.15750425 ], [ 18.40360833, 49.15752251 ], [ 18.40353364, 49.15754158 ], [ 18.40349696, 49.15755074 ], [ 18.40345239, 49.15755604 ], [ 18.40338066, 49.15756598 ], [ 18.40330421, 49.15757628 ], [ 18.40322427, 49.15758802 ], [ 18.40316449, 49.157596 ], [ 18.40297983, 49.15761107 ], [ 18.40294559, 49.15761405 ], [ 18.40256932, 49.15763722 ], [ 18.40235389, 49.15764752 ], [ 18.40213981, 49.15764625 ], [ 18.40191861, 49.15764684 ], [ 18.40183843, 49.15764657 ], [ 18.4004989, 49.15762201 ], [ 18.40031643, 49.1576853 ], [ 18.39981146, 49.15721194 ], [ 18.39895148, 49.15663502 ], [ 18.39879592, 49.15671702 ], [ 18.39779138, 49.15705188 ], [ 18.39678697, 49.15737275 ], [ 18.39665076, 49.15745826 ], [ 18.39658535, 49.15750039 ], [ 18.39652355, 49.1575402 ], [ 18.39649622, 49.15755692 ], [ 18.39644903, 49.15776341 ], [ 18.39656493, 49.15797278 ], [ 18.39639682, 49.15807313 ], [ 18.39632635, 49.15811508 ], [ 18.39625755, 49.15815577 ], [ 18.39615357, 49.15821959 ], [ 18.39607326, 49.15826632 ], [ 18.39596448, 49.15833331 ], [ 18.39587256, 49.15838896 ], [ 18.39584161, 49.15840711 ], [ 18.39581797, 49.15841861 ], [ 18.39547907, 49.15829663 ], [ 18.39508603, 49.15822435 ], [ 18.39485385, 49.15813064 ], [ 18.39417894, 49.15783529 ], [ 18.39359547, 49.1576347 ], [ 18.39211716, 49.15712115 ], [ 18.39191034, 49.15703787 ], [ 18.39174268, 49.15692715 ], [ 18.39171416, 49.15687937 ], [ 18.39169733, 49.15685398 ], [ 18.3916648, 49.1567539 ], [ 18.39169372, 49.15667139 ], [ 18.39179836, 49.15657782 ], [ 18.39186849, 49.1564605 ], [ 18.39186023, 49.1564263 ], [ 18.39178523, 49.15637079 ], [ 18.3917881, 49.15633034 ], [ 18.39175746, 49.15631394 ], [ 18.39172357, 49.15629392 ], [ 18.39175862, 49.15618621 ], [ 18.39173523, 49.15607816 ], [ 18.39149242, 49.15556349 ], [ 18.39137462, 49.15542684 ], [ 18.39130476, 49.155357 ], [ 18.39125552, 49.15531303 ], [ 18.39125177, 49.15526093 ], [ 18.39121113, 49.15524957 ], [ 18.39110358, 49.15524172 ], [ 18.39095812, 49.15536597 ], [ 18.3908396, 49.15539848 ], [ 18.39067702, 49.1554494 ], [ 18.39053922, 49.15553338 ], [ 18.39040021, 49.15549409 ], [ 18.39021374, 49.15551148 ], [ 18.39017407, 49.15548618 ], [ 18.39015943, 49.15537436 ], [ 18.39012942, 49.15533814 ], [ 18.38999993, 49.15530299 ], [ 18.38988644, 49.15534661 ], [ 18.3897736, 49.15536708 ], [ 18.38921396, 49.15529268 ], [ 18.38908606, 49.15526232 ], [ 18.38898849, 49.15514059 ], [ 18.38892939, 49.15503001 ], [ 18.3888678, 49.15497832 ], [ 18.38875054, 49.15500097 ], [ 18.38869925, 49.15498577 ], [ 18.38861519, 49.15492697 ], [ 18.38837343, 49.15484264 ], [ 18.38826963, 49.15483987 ], [ 18.38815122, 49.15481482 ], [ 18.38798148, 49.15482202 ], [ 18.38789354, 49.15479432 ], [ 18.38780659, 49.15476441 ], [ 18.38766934, 49.15479381 ], [ 18.38752001, 49.15477489 ], [ 18.3873837, 49.15472754 ], [ 18.38716489, 49.15468627 ], [ 18.38681111, 49.15456362 ], [ 18.38656623, 49.15450682 ], [ 18.38639288, 49.15447141 ], [ 18.38613738, 49.15441051 ], [ 18.38597869, 49.1543639 ], [ 18.38575423, 49.15424786 ], [ 18.38541136, 49.15411967 ], [ 18.38532925, 49.15410555 ], [ 18.38525207, 49.15404992 ], [ 18.38516076, 49.15402068 ], [ 18.38468769, 49.15382552 ], [ 18.38434789, 49.15364154 ], [ 18.38424622, 49.15360405 ], [ 18.38404321, 49.15356726 ], [ 18.38388741, 49.153495 ], [ 18.3837488, 49.1534079 ], [ 18.38346027, 49.15327017 ], [ 18.38308611, 49.15313716 ], [ 18.38278273, 49.15308488 ], [ 18.38271244, 49.15309867 ], [ 18.38248456, 49.15318648 ], [ 18.38236525, 49.15315568 ], [ 18.38230549, 49.15312403 ], [ 18.38226464, 49.15307701 ], [ 18.38240668, 49.15281062 ], [ 18.3823763, 49.1527186 ], [ 18.38229094, 49.15264537 ], [ 18.38217374, 49.15259826 ], [ 18.38208879, 49.15259337 ], [ 18.38177975, 49.1526256 ], [ 18.38160704, 49.15253833 ], [ 18.38158466, 49.15243123 ], [ 18.38139396, 49.15205226 ], [ 18.3813194, 49.15189733 ], [ 18.3812651, 49.1517742 ], [ 18.38124228, 49.15172176 ], [ 18.38119636, 49.15165316 ], [ 18.38105994, 49.15146799 ], [ 18.38094263, 49.15135021 ], [ 18.38075979, 49.15103729 ], [ 18.38068611, 49.15094927 ], [ 18.3805694, 49.15089407 ], [ 18.3804834, 49.15078849 ], [ 18.38046189, 49.1506106 ], [ 18.38035675, 49.15045279 ], [ 18.38025307, 49.1503595 ], [ 18.38011352, 49.15025736 ], [ 18.38014029, 49.15009027 ], [ 18.3801174, 49.150002 ], [ 18.38008834, 49.14991258 ], [ 18.38000946, 49.1498425 ], [ 18.37988133, 49.14974786 ], [ 18.37975779, 49.14968379 ], [ 18.37981484, 49.14967026 ], [ 18.37960102, 49.14917197 ], [ 18.37946573, 49.14847534 ], [ 18.3791192, 49.14669593 ], [ 18.37881615, 49.14515782 ], [ 18.37918928, 49.14437721 ], [ 18.37888885, 49.14411462 ], [ 18.37869816, 49.14391633 ], [ 18.37853465, 49.14384761 ], [ 18.37731564, 49.14228619 ], [ 18.37723568, 49.14223419 ], [ 18.37710073, 49.14208592 ], [ 18.37701179, 49.14198622 ], [ 18.37678485, 49.14174277 ], [ 18.37654139, 49.14108868 ], [ 18.3765376, 49.14107855 ], [ 18.37653564, 49.14107347 ], [ 18.37652617, 49.14104777 ], [ 18.37652372, 49.14102724 ], [ 18.37652356, 49.14102533 ], [ 18.37642336, 49.14020005 ], [ 18.37635361, 49.13928151 ], [ 18.37535204, 49.13936536 ], [ 18.37527751, 49.1393716 ], [ 18.37527123, 49.13937332 ], [ 18.37520468, 49.13939129 ], [ 18.37510976, 49.13941698 ], [ 18.37508482, 49.13942371 ], [ 18.37504734, 49.13943382 ], [ 18.37422755, 49.13945833 ], [ 18.37378473, 49.13947156 ], [ 18.37372405, 49.13947279 ], [ 18.37024792, 49.13958359 ], [ 18.3700294, 49.13959599 ], [ 18.37005016, 49.1399659 ], [ 18.36985536, 49.14074629 ], [ 18.36869259, 49.14139771 ], [ 18.36732325, 49.14225731 ], [ 18.36721342, 49.1423206 ], [ 18.36718263, 49.14234281 ], [ 18.36749003, 49.14244437 ], [ 18.36747577, 49.14260061 ], [ 18.3671411, 49.14333459 ], [ 18.36722365, 49.14369665 ], [ 18.36806537, 49.14576599 ], [ 18.36802046, 49.1465806 ], [ 18.36820209, 49.14764904 ], [ 18.36845924, 49.14896705 ], [ 18.36864667, 49.1492714 ], [ 18.36844121, 49.15028313 ], [ 18.36840467, 49.15049796 ], [ 18.36835808, 49.15077144 ], [ 18.36797136, 49.15074463 ], [ 18.36798216, 49.15099134 ], [ 18.36811962, 49.15194487 ], [ 18.36773181, 49.15196907 ], [ 18.36765442, 49.15197281 ], [ 18.36688351, 49.15218392 ], [ 18.36666623, 49.15229711 ], [ 18.36684925, 49.15241621 ], [ 18.36641308, 49.15257301 ], [ 18.36646764, 49.15269923 ], [ 18.36649158, 49.15307311 ], [ 18.36618192, 49.15395901 ], [ 18.36712309, 49.15433892 ], [ 18.36697404, 49.15471744 ], [ 18.36685182, 49.15486795 ], [ 18.36657278, 49.15516199 ], [ 18.36643666, 49.15530298 ], [ 18.36621673, 49.15554625 ], [ 18.36598394, 49.15581244 ], [ 18.36577311, 49.15608961 ], [ 18.36569945, 49.15631899 ], [ 18.36557312, 49.15658226 ], [ 18.36545488, 49.15686701 ], [ 18.36535217, 49.1570251 ], [ 18.3651517, 49.15719545 ], [ 18.36493766, 49.15738345 ], [ 18.3648526, 49.15758602 ], [ 18.36452883, 49.15786395 ], [ 18.36434718, 49.15800574 ], [ 18.36407164, 49.15826288 ], [ 18.36382713, 49.15845343 ], [ 18.36358815, 49.15861288 ], [ 18.36343116, 49.15876606 ], [ 18.36328149, 49.1590181 ], [ 18.36311416, 49.15924814 ], [ 18.3629121, 49.15944023 ], [ 18.36271876, 49.15956693 ], [ 18.3626379, 49.15959637 ], [ 18.3624347, 49.15969291 ], [ 18.36209465, 49.15982616 ], [ 18.36180097, 49.15989133 ], [ 18.36124611, 49.1599842 ], [ 18.36092338, 49.16003033 ], [ 18.36052227, 49.16009619 ], [ 18.36031202, 49.15995138 ], [ 18.35996001, 49.15975563 ], [ 18.35868598, 49.16037651 ], [ 18.35851149, 49.16047438 ], [ 18.35811674, 49.16072515 ], [ 18.35689551, 49.16148107 ], [ 18.35668323, 49.16162954 ], [ 18.35660148, 49.16166046 ], [ 18.35635654, 49.16183482 ], [ 18.35625039, 49.16191392 ], [ 18.35567879, 49.16443642 ], [ 18.35550145, 49.16525178 ], [ 18.35570524, 49.16601778 ], [ 18.35594321, 49.16644418 ], [ 18.35627216, 49.16684604 ], [ 18.35753218, 49.16855326 ], [ 18.35756528, 49.16914956 ], [ 18.35776829, 49.16943359 ], [ 18.35808487, 49.17031018 ], [ 18.35805435, 49.17067697 ], [ 18.35807224, 49.17070251 ], [ 18.35847876, 49.17060401 ], [ 18.35875993, 49.17053608 ], [ 18.35900316, 49.17045927 ], [ 18.35920497, 49.17042492 ], [ 18.35928643, 49.17041122 ], [ 18.35932172, 49.17038954 ], [ 18.35930846, 49.1703814 ], [ 18.35970055, 49.17025177 ], [ 18.35991774, 49.1701496 ], [ 18.36069847, 49.17004799 ], [ 18.36110947, 49.17000731 ], [ 18.36155754, 49.1699621 ], [ 18.36247759, 49.16999538 ], [ 18.36320203, 49.17012256 ], [ 18.363918, 49.17032598 ], [ 18.36432464, 49.17047348 ], [ 18.36487396, 49.17059263 ], [ 18.36553603, 49.17087245 ], [ 18.36564884, 49.17093576 ], [ 18.36766116, 49.17211364 ], [ 18.36857437, 49.17263924 ], [ 18.37076413, 49.1734449 ], [ 18.37110249, 49.17354265 ], [ 18.37135641, 49.17355675 ], [ 18.37157771, 49.17352183 ], [ 18.37175703, 49.17344632 ], [ 18.37198708, 49.17323158 ], [ 18.37223133, 49.17307538 ], [ 18.37238626, 49.17300114 ], [ 18.3723906, 49.17300697 ], [ 18.37397669, 49.17251263 ], [ 18.37464521, 49.17256805 ], [ 18.37616181, 49.17265489 ], [ 18.37636165, 49.17263366 ], [ 18.37765875, 49.17211945 ], [ 18.37891039, 49.17235463 ], [ 18.3819185, 49.17167956 ], [ 18.38257201, 49.17141778 ], [ 18.38641451, 49.17343238 ], [ 18.38687878, 49.17389298 ], [ 18.3875371, 49.17407273 ], [ 18.38806236, 49.17417843 ], [ 18.38824669, 49.17414405 ], [ 18.388407, 49.17410799 ], [ 18.38925749, 49.17403323 ], [ 18.38975014, 49.1741549 ], [ 18.38979059, 49.17415714 ], [ 18.39022111, 49.17426751 ], [ 18.39068615, 49.17469997 ], [ 18.39109568, 49.17504616 ], [ 18.39132269, 49.17524914 ], [ 18.39189083, 49.17557585 ], [ 18.39193221, 49.17561902 ], [ 18.39208877, 49.17578227 ], [ 18.39211317, 49.17580762 ], [ 18.39236426, 49.17620857 ], [ 18.39242415, 49.17622244 ], [ 18.39258121, 49.17625875 ], [ 18.39262488, 49.17626919 ], [ 18.39305069, 49.17635962 ], [ 18.39328665, 49.17640967 ], [ 18.39346045, 49.17649987 ], [ 18.39352227, 49.1765319 ], [ 18.39354188, 49.1765421 ], [ 18.39357482, 49.17657704 ], [ 18.39365609, 49.17666329 ], [ 18.39367207, 49.17668033 ], [ 18.39367376, 49.17668214 ], [ 18.39373509, 49.17674681 ], [ 18.3938049, 49.17682584 ], [ 18.39381145, 49.17682945 ], [ 18.39383599, 49.17684308 ], [ 18.39409349, 49.17698574 ], [ 18.39416159, 49.17702344 ], [ 18.39423677, 49.17706505 ], [ 18.3942401, 49.17706695 ], [ 18.39442715, 49.17716013 ], [ 18.39485236, 49.17733778 ], [ 18.39491855, 49.17736572 ], [ 18.39499636, 49.17739863 ], [ 18.39505719, 49.17742437 ], [ 18.3953583, 49.17755338 ], [ 18.39576675, 49.17772856 ], [ 18.39591125, 49.17780378 ], [ 18.39629108, 49.17788154 ], [ 18.39657719, 49.17789492 ], [ 18.39673189, 49.17793362 ], [ 18.39730998, 49.17807847 ], [ 18.39765659, 49.17827116 ], [ 18.3980652, 49.17841206 ], [ 18.39814323, 49.17845183 ], [ 18.39852311, 49.17847039 ], [ 18.3990512, 49.17845175 ], [ 18.39958109, 49.17852515 ], [ 18.39970237, 49.17852509 ], [ 18.39969994, 49.17863929 ], [ 18.39968394, 49.17908403 ], [ 18.39968561, 49.17937515 ], [ 18.3997966, 49.17951521 ], [ 18.39995305, 49.17980595 ], [ 18.40028228, 49.1806439 ], [ 18.40111507, 49.18183346 ], [ 18.40215151, 49.18276261 ], [ 18.40289673, 49.18323702 ], [ 18.4028482, 49.18363294 ], [ 18.40342751, 49.1838066 ], [ 18.40387835, 49.18387751 ], [ 18.40495774, 49.18414393 ], [ 18.4059193, 49.18447566 ], [ 18.40625929, 49.18459297 ], [ 18.40631149, 49.18461101 ], [ 18.40717241, 49.18489891 ], [ 18.40754036, 49.18498617 ], [ 18.40836554, 49.18535629 ], [ 18.4094141, 49.1855115 ], [ 18.41002973, 49.1855912 ], [ 18.41204027, 49.18556895 ], [ 18.41234552, 49.1855172 ], [ 18.41326587, 49.1854313 ], [ 18.41372397, 49.18548768 ], [ 18.41464756, 49.18574135 ], [ 18.41479591, 49.18577191 ], [ 18.41542247, 49.18593286 ], [ 18.41566212, 49.1859901 ], [ 18.4158147, 49.18603163 ], [ 18.41608623, 49.18609902 ], [ 18.41668167, 49.18622784 ], [ 18.41674049, 49.18624371 ], [ 18.41755821, 49.18530874 ] ] ] ] } },
{ "type": "Feature", "properties": { "@featureType": "CadastralZoning", "beginLifespanVersion": { "@nilReason": "http://inspire.ec.europa.eu/codelist/VoidReasonValue/Unpopulated", "@nil": "true" }, "endLifespanVersion": { "@nilReason": "http://inspire.ec.europa.eu/codelist/VoidReasonValue/Unpopulated", "@nil": "true" }, "estimatedAccuracy": { "value": -1, "@uom": "m" }, "inspireId": { "@dataType": "Identifier", "localId": "870625", "namespace": "SK.ESKN.CP", "versionId": "20260703T04:07:40" }, "label": "Vrchteplá", "level": { "@href": "http://inspire.ec.europa.eu/codelist/CadastralZoningLevelValue/3rdOrder" }, "levelName": { "value": "Katastrálne územie", "@locale": "sk" }, "name": { "@dataType": "name", "GeographicalName": { "@dataType": "GeographicalName", "language": "SLK", "nativeness": { "@href": "http://inspire.ec.europa.eu/codelist/NativenessValue/endonym", "@title": "endonym" }, "nameStatus": { "@href": "http://inspire.ec.europa.eu/codelist/NameStatusValue/official", "@title": "official" }, "sourceOfName": { "@nilReason": "http://inspire.ec.europa.eu/codelist/VoidReasonValue/Unpopulated", "@nil": "true" }, "pronunciation": { "@dataType": "pronunciation", "@nilReason": "http://inspire.ec.europa.eu/codelist/VoidReasonValue/Unpopulated", "@nil": "true" }, "spelling": { "@dataType": "SpellingOfName", "text": "Vrchteplá", "script": "LATN" } } }, "nationalCadastalZoningReference": "870625", "validFrom": "2026-06-30T16:00:00Z", "validTo": { "@nilReason": "http://inspire.ec.europa.eu/codelist/VoidReasonValue/Unpopulated", "@nil": "true" } }, "geometry": { "type": "MultiPolygon", "coordinates": [ [ [ [ 18.55481298, 49.14645826 ], [ 18.55558088, 49.14628917 ], [ 18.55578358, 49.14624452 ], [ 18.55631686, 49.14614326 ], [ 18.55657723, 49.14609378 ], [ 18.5574172, 49.14588291 ], [ 18.55877999, 49.14557733 ], [ 18.55969891, 49.14538496 ], [ 18.5597886, 49.14536616 ], [ 18.5598451, 49.14535431 ], [ 18.55990479, 49.14534003 ], [ 18.56042511, 49.14521468 ], [ 18.56068677, 49.14515164 ], [ 18.56152912, 49.14489945 ], [ 18.56161314, 49.1448743 ], [ 18.56296079, 49.14436394 ], [ 18.56303384, 49.14433629 ], [ 18.56375723, 49.14418064 ], [ 18.56464389, 49.14407528 ], [ 18.56536084, 49.14399957 ], [ 18.56594645, 49.14398202 ], [ 18.56677094, 49.14397778 ], [ 18.56718622, 49.1441103 ], [ 18.56769456, 49.14402109 ], [ 18.56861811, 49.14376475 ], [ 18.56972503, 49.1434783 ], [ 18.56980598, 49.14345784 ], [ 18.56991477, 49.14344349 ], [ 18.57086829, 49.14331795 ], [ 18.57123612, 49.14319085 ], [ 18.57244906, 49.14308142 ], [ 18.57339898, 49.14305717 ], [ 18.5749137, 49.14318735 ], [ 18.57542432, 49.1424818 ], [ 18.575578, 49.14202665 ], [ 18.5761001, 49.14048026 ], [ 18.57549526, 49.13765088 ], [ 18.57613114, 49.13693285 ], [ 18.57638609, 49.13649461 ], [ 18.57653001, 49.13624727 ], [ 18.57690481, 49.13592727 ], [ 18.57739468, 49.13543886 ], [ 18.57764707, 49.13501103 ], [ 18.57782383, 49.13459529 ], [ 18.57784892, 49.13438109 ], [ 18.57781045, 49.1338456 ], [ 18.57752219, 49.13288778 ], [ 18.57714039, 49.13234457 ], [ 18.57706775, 49.13212132 ], [ 18.57695887, 49.13177206 ], [ 18.5767262, 49.13139675 ], [ 18.57653067, 49.13103236 ], [ 18.57625321, 49.13040462 ], [ 18.57618127, 49.13013729 ], [ 18.57607725, 49.12961596 ], [ 18.57598396, 49.12942056 ], [ 18.57607094, 49.12909284 ], [ 18.57642223, 49.1283485 ], [ 18.5763598, 49.12787172 ], [ 18.57615786, 49.12718001 ], [ 18.57616967, 49.12690374 ], [ 18.57614223, 49.12677775 ], [ 18.57608821, 49.12652888 ], [ 18.57592441, 49.12622765 ], [ 18.57559884, 49.12595137 ], [ 18.57503876, 49.12563739 ], [ 18.57476637, 49.12536144 ], [ 18.57453717, 49.12462955 ], [ 18.5746876, 49.12430127 ], [ 18.57383067, 49.12448967 ], [ 18.57277234, 49.12488387 ], [ 18.57181085, 49.12503532 ], [ 18.57112986, 49.12510947 ], [ 18.57107271, 49.12511569 ], [ 18.57093013, 49.12513121 ], [ 18.5700443, 49.12516455 ], [ 18.56893827, 49.12509409 ], [ 18.56864578, 49.12504848 ], [ 18.56918748, 49.12432018 ], [ 18.56939379, 49.12316455 ], [ 18.56943104, 49.1229556 ], [ 18.5695902, 49.12211882 ], [ 18.56934427, 49.12196149 ], [ 18.56820255, 49.12177351 ], [ 18.5667046, 49.12200701 ], [ 18.56655274, 49.12202861 ], [ 18.56569535, 49.12176353 ], [ 18.56477004, 49.12156002 ], [ 18.56425519, 49.12156124 ], [ 18.56365046, 49.12167546 ], [ 18.5630436, 49.12186056 ], [ 18.56302213, 49.12187177 ], [ 18.5629661, 49.12190096 ], [ 18.56209664, 49.12221573 ], [ 18.56134132, 49.12242585 ], [ 18.56088243, 49.12253574 ], [ 18.5605884, 49.12253766 ], [ 18.56033036, 49.12252997 ], [ 18.55971795, 49.12241105 ], [ 18.55895264, 49.1220409 ], [ 18.55834287, 49.12199204 ], [ 18.55644618, 49.12132877 ], [ 18.55624498, 49.12110326 ], [ 18.55413097, 49.12117217 ], [ 18.55164944, 49.12099679 ], [ 18.55099801, 49.12123212 ], [ 18.54965191, 49.12177128 ], [ 18.54893488, 49.12174247 ], [ 18.54831348, 49.12160992 ], [ 18.54721583, 49.12165312 ], [ 18.54651841, 49.12157754 ], [ 18.54598403, 49.12188125 ], [ 18.54547126, 49.12220985 ], [ 18.54521371, 49.12244253 ], [ 18.54448061, 49.12276735 ], [ 18.54376916, 49.1228276 ], [ 18.54354465, 49.12291093 ], [ 18.5428293, 49.12322785 ], [ 18.54191513, 49.12373099 ], [ 18.54164379, 49.12387079 ], [ 18.5412281, 49.12398312 ], [ 18.54150446, 49.12414613 ], [ 18.54181255, 49.12444512 ], [ 18.54215419, 49.12477155 ], [ 18.54267761, 49.12495541 ], [ 18.54271922, 49.12497003 ], [ 18.54306093, 49.12509001 ], [ 18.54348795, 49.12548223 ], [ 18.54378198, 49.12576854 ], [ 18.54413897, 49.12635945 ], [ 18.54530046, 49.12648007 ], [ 18.54641592, 49.12655668 ], [ 18.54712661, 49.1264305 ], [ 18.54779111, 49.12653668 ], [ 18.54864529, 49.12670139 ], [ 18.54923325, 49.12684124 ], [ 18.54927695, 49.12686002 ], [ 18.54929874, 49.12686941 ], [ 18.54936174, 49.12689654 ], [ 18.54938157, 49.1269051 ], [ 18.54943474, 49.12693495 ], [ 18.54949683, 49.12696393 ], [ 18.54954216, 49.12698731 ], [ 18.55006904, 49.12725903 ], [ 18.55048526, 49.12758882 ], [ 18.55073168, 49.12787038 ], [ 18.55092665, 49.12805235 ], [ 18.55142416, 49.12838743 ], [ 18.55150296, 49.12850357 ], [ 18.55106967, 49.12913452 ], [ 18.5509988, 49.12940148 ], [ 18.55099635, 49.12979285 ], [ 18.55093441, 49.13002473 ], [ 18.5508672, 49.13018902 ], [ 18.55094465, 49.13065157 ], [ 18.55089317, 49.13086146 ], [ 18.55081857, 49.13107696 ], [ 18.55060971, 49.13133575 ], [ 18.55039539, 49.1317598 ], [ 18.54997958, 49.13213156 ], [ 18.54988354, 49.13229105 ], [ 18.54996203, 49.1325851 ], [ 18.54983668, 49.13277431 ], [ 18.54973858, 49.13322765 ], [ 18.5495248, 49.13336878 ], [ 18.54947047, 49.13346537 ], [ 18.54941562, 49.13390814 ], [ 18.54931287, 49.13432505 ], [ 18.54944349, 49.13463545 ], [ 18.54966281, 49.13478797 ], [ 18.54966428, 49.1349418 ], [ 18.55011136, 49.13519485 ], [ 18.55035238, 49.13542098 ], [ 18.55069378, 49.13570866 ], [ 18.55080203, 49.13599909 ], [ 18.5506224, 49.13626035 ], [ 18.55066309, 49.13653351 ], [ 18.55076549, 49.13692648 ], [ 18.55096401, 49.13733385 ], [ 18.55097974, 49.13794203 ], [ 18.55075973, 49.13831363 ], [ 18.55072521, 49.13866131 ], [ 18.55085052, 49.13884421 ], [ 18.55065578, 49.13933555 ], [ 18.55024196, 49.13956044 ], [ 18.55008304, 49.13981768 ], [ 18.54963269, 49.14024604 ], [ 18.55001734, 49.14078671 ], [ 18.55040739, 49.14152563 ], [ 18.55056549, 49.14256784 ], [ 18.5505173, 49.14317031 ], [ 18.5506081, 49.14355066 ], [ 18.55082791, 49.1439331 ], [ 18.55087473, 49.14454025 ], [ 18.55119489, 49.14516775 ], [ 18.55144217, 49.14547497 ], [ 18.55271602, 49.14584941 ], [ 18.5533432, 49.14605568 ], [ 18.55336117, 49.14677794 ], [ 18.55481298, 49.14645826 ] ] ] ] } },
{ "type": "Feature", "properties": { "@featureType": "CadastralZoning", "beginLifespanVersion": { "@nilReason": "http://inspire.ec.europa.eu/codelist/VoidReasonValue/Unpopulated", "@nil": "true" }, "endLifespanVersion": { "@nilReason": "http://inspire.ec.europa.eu/codelist/VoidReasonValue/Unpopulated", "@nil": "true" }, "estimatedAccuracy": { "value": -1, "@uom": "m" }, "inspireId": { "@dataType": "Identifier", "localId": "872369", "namespace": "SK.ESKN.CP", "versionId": "20260703T04:07:40" }, "label": "Záskalie", "level": { "@href": "http://inspire.ec.europa.eu/codelist/CadastralZoningLevelValue/3rdOrder" }, "levelName": { "value": "Katastrálne územie", "@locale": "sk" }, "name": { "@dataType": "name", "GeographicalName": { "@dataType": "GeographicalName", "language": "SLK", "nativeness": { "@href": "http://inspire.ec.europa.eu/codelist/NativenessValue/endonym", "@title": "endonym" }, "nameStatus": { "@href": "http://inspire.ec.europa.eu/codelist/NameStatusValue/official", "@title": "official" }, "sourceOfName": { "@nilReason": "http://inspire.ec.europa.eu/codelist/VoidReasonValue/Unpopulated", "@nil": "true" }, "pronunciation": { "@dataType": "pronunciation", "@nilReason": "http://inspire.ec.europa.eu/codelist/VoidReasonValue/Unpopulated", "@nil": "true" }, "spelling": { "@dataType": "SpellingOfName", "text": "Záskalie", "script": "LATN" } } }, "nationalCadastalZoningReference": "872369", "validFrom": "2026-06-30T16:00:00Z", "validTo": { "@nilReason": "http://inspire.ec.europa.eu/codelist/VoidReasonValue/Unpopulated", "@nil": "true" } }, "geometry": { "type": "MultiPolygon", "coordinates": [ [ [ [ 18.51595967, 49.14876057 ], [ 18.51609061, 49.1485153 ], [ 18.51651734, 49.14768387 ], [ 18.51718527, 49.14733825 ], [ 18.51743409, 49.14720954 ], [ 18.51763091, 49.14722717 ], [ 18.51796046, 49.14725678 ], [ 18.51872952, 49.14711588 ], [ 18.51879809, 49.14710327 ], [ 18.51962291, 49.14695211 ], [ 18.51971291, 49.14679683 ], [ 18.51993468, 49.14676266 ], [ 18.5201563, 49.14672858 ], [ 18.52028449, 49.14668825 ], [ 18.52033288, 49.14667644 ], [ 18.52078444, 49.14652154 ], [ 18.52112761, 49.14643323 ], [ 18.52167947, 49.14629117 ], [ 18.52169824, 49.14628633 ], [ 18.52214204, 49.14617216 ], [ 18.52275559, 49.1460153 ], [ 18.5227146, 49.14584065 ], [ 18.5230507, 49.14559332 ], [ 18.52339865, 49.14541015 ], [ 18.52375593, 49.14528398 ], [ 18.52426745, 49.14510164 ], [ 18.52473221, 49.14449223 ], [ 18.52533901, 49.14440945 ], [ 18.52538261, 49.1444073 ], [ 18.52550952, 49.14412363 ], [ 18.52621057, 49.14352711 ], [ 18.52622039, 49.14334754 ], [ 18.52634208, 49.14330956 ], [ 18.52650257, 49.14310757 ], [ 18.52649741, 49.14287223 ], [ 18.52756186, 49.14276253 ], [ 18.52756798, 49.14275212 ], [ 18.5273483, 49.1422859 ], [ 18.5273231, 49.14194527 ], [ 18.52734499, 49.14170689 ], [ 18.52738106, 49.14142037 ], [ 18.52765969, 49.14097574 ], [ 18.52770511, 49.14083672 ], [ 18.52709725, 49.14033503 ], [ 18.52687226, 49.13978659 ], [ 18.52683696, 49.1394279 ], [ 18.52684573, 49.13942377 ], [ 18.52712861, 49.13929166 ], [ 18.52777614, 49.13904649 ], [ 18.52810659, 49.13893085 ], [ 18.52789654, 49.13873458 ], [ 18.52775924, 49.13858746 ], [ 18.52759228, 49.13836024 ], [ 18.52736503, 49.13808977 ], [ 18.52792281, 49.13782873 ], [ 18.52832026, 49.13765491 ], [ 18.52859023, 49.1375368 ], [ 18.52902307, 49.1373603 ], [ 18.5291358, 49.13731254 ], [ 18.52915354, 49.13730493 ], [ 18.52918055, 49.13729349 ], [ 18.52925714, 49.13721273 ], [ 18.52928174, 49.13719322 ], [ 18.52932221, 49.13716121 ], [ 18.52937308, 49.13712084 ], [ 18.52945133, 49.13705415 ], [ 18.52947412, 49.13703481 ], [ 18.52950971, 49.13700444 ], [ 18.5295464, 49.13680792 ], [ 18.52954764, 49.13680131 ], [ 18.529577, 49.13680299 ], [ 18.52961913, 49.13680148 ], [ 18.52962925, 49.13680086 ], [ 18.52964545, 49.13679993 ], [ 18.5299572, 49.13681528 ], [ 18.52997383, 49.13681429 ], [ 18.53006474, 49.13680874 ], [ 18.53015829, 49.13680298 ], [ 18.53001572, 49.13653711 ], [ 18.52992304, 49.13639169 ], [ 18.52995678, 49.13629841 ], [ 18.5296169, 49.13608582 ], [ 18.52952321, 49.13594296 ], [ 18.52938653, 49.13596146 ], [ 18.52936879, 49.13596257 ], [ 18.52933177, 49.13596499 ], [ 18.52931765, 49.13596792 ], [ 18.52928419, 49.13597477 ], [ 18.52923944, 49.13597523 ], [ 18.52923219, 49.13597602 ], [ 18.52875206, 49.13602571 ], [ 18.5282864, 49.13588715 ], [ 18.52815682, 49.13583934 ], [ 18.52791373, 49.13574947 ], [ 18.52788416, 49.13573858 ], [ 18.52778307, 49.13557583 ], [ 18.52771262, 49.13552049 ], [ 18.52750903, 49.13539973 ], [ 18.52709618, 49.13508095 ], [ 18.52671904, 49.13481391 ], [ 18.52648974, 49.13466252 ], [ 18.52633893, 49.13454968 ], [ 18.52605984, 49.13422695 ], [ 18.52586311, 49.13411514 ], [ 18.5257472, 49.13404623 ], [ 18.52543737, 49.13377327 ], [ 18.52517037, 49.13329888 ], [ 18.52507136, 49.13313507 ], [ 18.52490571, 49.13294138 ], [ 18.52463137, 49.13270337 ], [ 18.52436341, 49.13246714 ], [ 18.52314779, 49.13124904 ], [ 18.52311002, 49.13120937 ], [ 18.5230825, 49.13118225 ], [ 18.52306526, 49.13116516 ], [ 18.52189576, 49.13035641 ], [ 18.5218132, 49.13032198 ], [ 18.52031989, 49.12963469 ], [ 18.519594, 49.12897577 ], [ 18.5193606, 49.1287395 ], [ 18.5185031, 49.1280995 ], [ 18.51779722, 49.12766182 ], [ 18.5171484, 49.12727334 ], [ 18.51666408, 49.12709274 ], [ 18.51570253, 49.12696447 ], [ 18.51492191, 49.12690719 ], [ 18.5143332, 49.12675963 ], [ 18.51385859, 49.12664172 ], [ 18.51329725, 49.12666862 ], [ 18.51252371, 49.12685823 ], [ 18.51215855, 49.12691906 ], [ 18.51182883, 49.1268516 ], [ 18.51147109, 49.12677839 ], [ 18.51103116, 49.12688803 ], [ 18.5109672, 49.12697758 ], [ 18.51081043, 49.12719681 ], [ 18.51096763, 49.12728151 ], [ 18.5110414, 49.12732125 ], [ 18.51131109, 49.12746675 ], [ 18.51148476, 49.12756037 ], [ 18.51140357, 49.12759034 ], [ 18.5105348, 49.1280202 ], [ 18.5097903, 49.12849587 ], [ 18.50899741, 49.12891802 ], [ 18.50893673, 49.12896408 ], [ 18.50841974, 49.12935502 ], [ 18.50733036, 49.13002552 ], [ 18.5075422, 49.13025459 ], [ 18.50776531, 49.13049583 ], [ 18.508119, 49.13092255 ], [ 18.50889493, 49.13139767 ], [ 18.50904203, 49.13152216 ], [ 18.5091823, 49.13164077 ], [ 18.50921181, 49.13167829 ], [ 18.50933424, 49.13183365 ], [ 18.50978402, 49.13240464 ], [ 18.50981449, 49.13244329 ], [ 18.51081527, 49.13261236 ], [ 18.51082485, 49.13272711 ], [ 18.51084782, 49.13300385 ], [ 18.51077429, 49.13349063 ], [ 18.51080779, 49.13368717 ], [ 18.51082437, 49.13378463 ], [ 18.51085104, 49.13394164 ], [ 18.51080414, 49.1340572 ], [ 18.51078717, 49.13409905 ], [ 18.51064868, 49.13444019 ], [ 18.51053089, 49.13460424 ], [ 18.5104483, 49.13471931 ], [ 18.51030913, 49.13491324 ], [ 18.51026676, 49.13497221 ], [ 18.51007355, 49.13524134 ], [ 18.50980152, 49.13560645 ], [ 18.5100936, 49.13599336 ], [ 18.51034142, 49.1360292 ], [ 18.5104019, 49.13607959 ], [ 18.51052386, 49.13618105 ], [ 18.51054761, 49.13623477 ], [ 18.5106299, 49.1364207 ], [ 18.51069344, 49.13656446 ], [ 18.51090815, 49.13660122 ], [ 18.51080526, 49.13713648 ], [ 18.51059841, 49.13734686 ], [ 18.51071885, 49.13749642 ], [ 18.51083538, 49.13764099 ], [ 18.51094355, 49.13793246 ], [ 18.51101047, 49.13811268 ], [ 18.51088775, 49.13828738 ], [ 18.5109061, 49.1384656 ], [ 18.51091472, 49.13854881 ], [ 18.51092122, 49.13861169 ], [ 18.51092876, 49.13868492 ], [ 18.51093975, 49.13879181 ], [ 18.51095093, 49.13889935 ], [ 18.51096119, 49.13899898 ], [ 18.51096206, 49.13900733 ], [ 18.5109663, 49.13904889 ], [ 18.51093986, 49.13947092 ], [ 18.51088068, 49.13956389 ], [ 18.51085405, 49.13957327 ], [ 18.51079748, 49.13959321 ], [ 18.51079176, 49.13959497 ], [ 18.51074625, 49.13960901 ], [ 18.51066256, 49.13964119 ], [ 18.51066369, 49.13981098 ], [ 18.51070398, 49.13986226 ], [ 18.51073973, 49.1399353 ], [ 18.5108311, 49.14001227 ], [ 18.5108955, 49.14006648 ], [ 18.51099456, 49.14015118 ], [ 18.51091229, 49.14025274 ], [ 18.5107032, 49.14041869 ], [ 18.5104374, 49.14062965 ], [ 18.51043027, 49.14062294 ], [ 18.51035997, 49.14094568 ], [ 18.51032997, 49.1410831 ], [ 18.51041537, 49.14129889 ], [ 18.51072598, 49.1420841 ], [ 18.51096843, 49.14220528 ], [ 18.5110326, 49.14223737 ], [ 18.51127584, 49.14235886 ], [ 18.51138996, 49.14250185 ], [ 18.51151052, 49.14265278 ], [ 18.51151384, 49.14290543 ], [ 18.51151626, 49.14308134 ], [ 18.51120004, 49.14308365 ], [ 18.51067074, 49.1429347 ], [ 18.51037379, 49.14287156 ], [ 18.51031365, 49.14291539 ], [ 18.51022075, 49.1429976 ], [ 18.51020758, 49.14314992 ], [ 18.51020901, 49.14327913 ], [ 18.51014676, 49.14335822 ], [ 18.51010687, 49.14346938 ], [ 18.51006841, 49.14349626 ], [ 18.51002457, 49.14356895 ], [ 18.50995693, 49.14371795 ], [ 18.51059239, 49.1440654 ], [ 18.51093653, 49.1442125 ], [ 18.51110058, 49.14424767 ], [ 18.51149154, 49.14426241 ], [ 18.51179063, 49.1442727 ], [ 18.51194137, 49.1442586 ], [ 18.51193643, 49.14428793 ], [ 18.51241449, 49.14458802 ], [ 18.51229732, 49.14535189 ], [ 18.51222778, 49.1455422 ], [ 18.51221474, 49.14557795 ], [ 18.51186808, 49.14652651 ], [ 18.51138147, 49.14643574 ], [ 18.51144684, 49.14668825 ], [ 18.5120258, 49.1469312 ], [ 18.51239625, 49.14713918 ], [ 18.51245931, 49.14717464 ], [ 18.51271727, 49.14738897 ], [ 18.51295636, 49.14763953 ], [ 18.51311708, 49.14780797 ], [ 18.51331048, 49.14783742 ], [ 18.5133712, 49.14789143 ], [ 18.51344022, 49.14795275 ], [ 18.5135315, 49.14803386 ], [ 18.51365704, 49.14814543 ], [ 18.51389112, 49.14813919 ], [ 18.51404529, 49.14813502 ], [ 18.51419146, 49.14813105 ], [ 18.51439426, 49.14837928 ], [ 18.5149299, 49.14839554 ], [ 18.51498127, 49.14868184 ], [ 18.51504951, 49.14870901 ], [ 18.51546405, 49.14887408 ], [ 18.51549756, 49.14894321 ], [ 18.51558237, 49.148972 ], [ 18.51572141, 49.14901915 ], [ 18.51577261, 49.14908979 ], [ 18.51584208, 49.14918578 ], [ 18.51595967, 49.14876057 ] ] ] ] } }
]
}
