{
"type": "FeatureCollection",
"name": "gis",
"crs": { "type": "name", "properties": { "name": "urn:ogc:def:crs:OGC:1.3:CRS84" } },
"features": [
{ "type": "Feature", "properties": { "@featureType": "CadastralZoning", "beginLifespanVersion": { "@nilReason": "http://inspire.ec.europa.eu/codelist/VoidReasonValue/Unpopulated", "@nil": "true" }, "endLifespanVersion": { "@nilReason": "http://inspire.ec.europa.eu/codelist/VoidReasonValue/Unpopulated", "@nil": "true" }, "estimatedAccuracy": { "value": -1, "@uom": "m" }, "inspireId": { "@dataType": "Identifier", "localId": "854212", "namespace": "SK.ESKN.CP", "versionId": "20260703T04:07:40" }, "label": "Sabinov", "level": { "@href": "http://inspire.ec.europa.eu/codelist/CadastralZoningLevelValue/3rdOrder" }, "levelName": { "value": "Katastrálne územie", "@locale": "sk" }, "name_1": { "@dataType": "name", "GeographicalName": { "@dataType": "GeographicalName", "language": "SLK", "nativeness": { "@href": "http://inspire.ec.europa.eu/codelist/NativenessValue/endonym", "@title": "endonym" }, "nameStatus": { "@href": "http://inspire.ec.europa.eu/codelist/NameStatusValue/official", "@title": "official" }, "sourceOfName": { "@nilReason": "http://inspire.ec.europa.eu/codelist/VoidReasonValue/Unpopulated", "@nil": "true" }, "pronunciation": { "@dataType": "pronunciation", "@nilReason": "http://inspire.ec.europa.eu/codelist/VoidReasonValue/Unpopulated", "@nil": "true" }, "spelling": { "@dataType": "SpellingOfName", "text": "Sabinov", "script": "LATN" } } }, "nationalCadastalZoningReference": "854212", "validFrom": "2026-06-30T16:00:00Z", "validTo": { "@nilReason": "http://inspire.ec.europa.eu/codelist/VoidReasonValue/Unpopulated", "@nil": "true" }, "place_id": 189419059, "osm_type": "relation", "osm_id": 2277122, "place_rank": 16, "category": "boundary", "type": "administrative", "importance": 0.50787321596162893, "addresstype": "town", "name_2": "Sabinov", "display_name": "Sabinov, okres Sabinov, Prešovský kraj, 083 01, Slovensko" }, "geometry": { "type": "Polygon", "coordinates": [ [ [ 21.09806935, 49.13263601 ], [ 21.098077194052113, 49.132631623901752 ], [ 21.0980807, 49.1326258 ], [ 21.098095731707698, 49.132621258343548 ], [ 21.0981362, 49.13259863 ], [ 21.098360380079512, 49.132541297901938 ], [ 21.098505241587088, 49.132497529674538 ], [ 21.09855839, 49.13215669 ], [ 21.09869757, 49.13167751 ], [ 21.09870839134431, 49.131670074878038 ], [ 21.0987089, 49.1316679 ], [ 21.098733016376141, 49.131653155527744 ], [ 21.09886397, 49.13156318 ], [ 21.099084265596588, 49.13143840583421 ], [ 21.099138675291567, 49.131405140378682 ], [ 21.09923495, 49.13094792 ], [ 21.09888889, 49.13075301 ], [ 21.09878848, 49.13054039 ], [ 21.098806576004222, 49.130545249185417 ], [ 21.0987998, 49.1305309 ], [ 21.099063536287321, 49.130602016662628 ], [ 21.09906415, 49.13057289 ], [ 21.099075243408443, 49.130575188742256 ], [ 21.0990755, 49.1305633 ], [ 21.099325, 49.1306152 ], [ 21.0994163, 49.1307553 ], [ 21.0996493, 49.1308022 ], [ 21.0997401, 49.1309244 ], [ 21.100055113759353, 49.131042915110349 ], [ 21.10012739, 49.1309607 ], [ 21.100129874181889, 49.130960783745905 ], [ 21.1001388, 49.1309506 ], [ 21.100215033284723, 49.130963654600954 ], [ 21.10033444, 49.13096768 ], [ 21.100457033580437, 49.131005096043538 ], [ 21.1005756, 49.1310254 ], [ 21.1007789, 49.1309352 ], [ 21.100869282040694, 49.130962711895904 ], [ 21.10087167369657, 49.130960470555671 ], [ 21.100892977008051, 49.130931291264218 ], [ 21.10098119, 49.1308047 ], [ 21.100985516875614, 49.130804538774612 ], [ 21.1009927, 49.1307947 ], [ 21.1014947, 49.1307758 ], [ 21.101788242819957, 49.130518901942303 ], [ 21.10193516, 49.13031196 ], [ 21.101942511594679, 49.130307388888873 ], [ 21.1019464, 49.1303019 ], [ 21.102035298972567, 49.13024969509128 ], [ 21.10239511, 49.13002597 ], [ 21.102527103461721, 49.129960888508698 ], [ 21.103371144932613, 49.129465234772013 ], [ 21.10338165, 49.12945818 ], [ 21.103474284537842, 49.129404667214025 ], [ 21.1038114, 49.1292067 ], [ 21.104358878904701, 49.12870891234224 ], [ 21.10436287, 49.12870458 ], [ 21.104364064973392, 49.128704196980678 ], [ 21.1043744, 49.1286948 ], [ 21.1052411, 49.128414 ], [ 21.105356851001378, 49.128354668089109 ], [ 21.10540811, 49.12832681 ], [ 21.105524824665995, 49.128268567767023 ], [ 21.1062743, 49.1278844 ], [ 21.106609, 49.1278377 ], [ 21.10688596345673, 49.127755927303944 ], [ 21.1069168, 49.12774452 ], [ 21.10694290001144, 49.127739116943332 ], [ 21.107009570539734, 49.12771943265389 ], [ 21.10690072, 49.1275987 ], [ 21.10683608, 49.12753425 ], [ 21.10668617, 49.12730439 ], [ 21.10646854, 49.12722371 ], [ 21.10623877, 49.1271385 ], [ 21.10622727, 49.12712526 ], [ 21.10610736, 49.12702736 ], [ 21.10594261, 49.12686266 ], [ 21.10581099, 49.12674322 ], [ 21.10567629, 49.12662467 ], [ 21.10555339, 49.12650984 ], [ 21.10545458, 49.12641422 ], [ 21.10535545, 49.12631914 ], [ 21.1052557, 49.12619171 ], [ 21.10518847, 49.12609198 ], [ 21.10510517, 49.12597219 ], [ 21.10501936, 49.12586043 ], [ 21.10451551, 49.12538862 ], [ 21.104173270724939, 49.125330512542824 ], [ 21.1037235, 49.1257751 ], [ 21.1038197, 49.1258692 ], [ 21.103802827328536, 49.12588968247745 ], [ 21.1037471, 49.12599822 ], [ 21.10358788, 49.1261604 ], [ 21.103538162906951, 49.12621097025103 ], [ 21.1035271, 49.1262244 ], [ 21.103520355975633, 49.126229082753824 ], [ 21.10351562, 49.1262339 ], [ 21.10319552, 49.12646224 ], [ 21.10317034, 49.12647431 ], [ 21.10305358, 49.12642106 ], [ 21.10320939, 49.12628632 ], [ 21.10343821, 49.12608837 ], [ 21.1027987, 49.12520637 ], [ 21.10288925, 49.12479019 ], [ 21.10289429, 49.12476658 ], [ 21.10295445, 49.12449005 ], [ 21.10282924, 49.12406634 ], [ 21.102841990790854, 49.124061302937626 ], [ 21.1028406, 49.1240566 ], [ 21.102882786878308, 49.124039817628699 ], [ 21.10279638, 49.12371238 ], [ 21.10275349, 49.12344543 ], [ 21.102766854324791, 49.123444080908641 ], [ 21.1027649, 49.1234351 ], [ 21.102976932883109, 49.12341434945094 ], [ 21.10294138, 49.12320557 ], [ 21.10290234, 49.12297556 ], [ 21.10288095, 49.12284974 ], [ 21.10287683, 49.12273338 ], [ 21.10286928, 49.12251527 ], [ 21.102881698490947, 49.122515133282668 ], [ 21.1028806, 49.122506 ], [ 21.102923357885846, 49.122504749312291 ], [ 21.10291538, 49.12231725 ], [ 21.10291857, 49.12212271 ], [ 21.10294744, 49.12174092 ], [ 21.10295475, 49.12163312 ], [ 21.10295478, 49.12161422 ], [ 21.10314768, 49.1210109 ], [ 21.10316404, 49.12098639 ], [ 21.103198410053526, 49.120935081991327 ], [ 21.103490406733599, 49.120441443213437 ], [ 21.10362039, 49.12021324 ], [ 21.10364168, 49.12017592 ], [ 21.10339424, 49.12010563 ], [ 21.103406691957399, 49.120095556442266 ], [ 21.1034058, 49.1200953 ], [ 21.103667902150299, 49.119835272039374 ], [ 21.10367273, 49.11982941 ], [ 21.10372472, 49.11972025 ], [ 21.10373153, 49.11970606 ], [ 21.10396311, 49.11921894 ], [ 21.103969172191587, 49.119219992612997 ], [ 21.1039745, 49.1192088 ], [ 21.104037250746487, 49.11921982137757 ], [ 21.10418942, 49.11873804 ], [ 21.10426037, 49.11851371 ], [ 21.10427148, 49.11845636 ], [ 21.104291125394408, 49.118354773380801 ], [ 21.104381144968528, 49.117661524456906 ], [ 21.10438892, 49.11756451 ], [ 21.10439102, 49.11753793 ], [ 21.10439776, 49.11745442 ], [ 21.10421183, 49.11744452 ], [ 21.10420218, 49.11740631 ], [ 21.1042006, 49.11739987 ], [ 21.10415745, 49.11722717 ], [ 21.1041034, 49.11702765 ], [ 21.10409488, 49.11699641 ], [ 21.10407674, 49.11693218 ], [ 21.10404447, 49.11681807 ], [ 21.10397941, 49.11663927 ], [ 21.10396916, 49.11661103 ], [ 21.10393816, 49.11652604 ], [ 21.10391852, 49.11647275 ], [ 21.103891776776873, 49.11639844211232 ], [ 21.103666234717679, 49.115834655909325 ], [ 21.10364916, 49.11579956 ], [ 21.10357171, 49.11563071 ], [ 21.10355377, 49.11559152 ], [ 21.103566416052121, 49.115585139758579 ], [ 21.1035652, 49.1155821 ], [ 21.1044893, 49.1151155 ], [ 21.1049444, 49.114986 ], [ 21.1055273, 49.1156179 ], [ 21.106134028832653, 49.115446739084732 ], [ 21.10626661, 49.11540793 ], [ 21.1063004, 49.11539802 ], [ 21.106465186004261, 49.115353318166626 ], [ 21.1071182, 49.1151691 ], [ 21.1077862, 49.1151477 ], [ 21.1084454, 49.1152103 ], [ 21.1084749, 49.1155343 ], [ 21.1088328, 49.1164458 ], [ 21.108873103705076, 49.116688863742027 ], [ 21.10887685, 49.11670564 ], [ 21.10888805, 49.11675633 ], [ 21.10889258, 49.11677664 ], [ 21.10889692, 49.11679586 ], [ 21.10889928, 49.11680656 ], [ 21.10891053, 49.11685643 ], [ 21.10893257, 49.11695527 ], [ 21.10893368, 49.11696052 ], [ 21.10895132, 49.11703914 ], [ 21.10896962, 49.11712156 ], [ 21.10897767, 49.11715738 ], [ 21.10898799, 49.11724206 ], [ 21.10899438, 49.11729475 ], [ 21.10901497, 49.11746304 ], [ 21.10902877, 49.11757673 ], [ 21.1090372, 49.11764614 ], [ 21.10904002, 49.11766919 ], [ 21.10904583, 49.11771673 ], [ 21.10904864, 49.11773996 ], [ 21.10905163, 49.11776436 ], [ 21.109052164693214, 49.117768745448842 ], [ 21.109099, 49.1180512 ], [ 21.1093284, 49.1185526 ], [ 21.1093519, 49.1189832 ], [ 21.1092637, 49.1199022 ], [ 21.1091285, 49.1202287 ], [ 21.1084703, 49.1213679 ], [ 21.107805, 49.122265 ], [ 21.1083771, 49.1224518 ], [ 21.1088347, 49.1226815 ], [ 21.108817588357169, 49.122688013624838 ], [ 21.10882322, 49.12269083 ], [ 21.107672503214225, 49.123129767678314 ], [ 21.1077564, 49.1231963 ], [ 21.107744057310075, 49.123204899521305 ], [ 21.10774493, 49.12320558 ], [ 21.1073655, 49.12347616 ], [ 21.10682525, 49.12384909 ], [ 21.10650676, 49.12406903 ], [ 21.106389924652834, 49.124169446113278 ], [ 21.1061476, 49.1243782 ], [ 21.10614691130775, 49.124378308038878 ], [ 21.1061361, 49.1243876 ], [ 21.105836080512514, 49.124435603505667 ], [ 21.105810727839351, 49.124565405207569 ], [ 21.10579728, 49.1246745 ], [ 21.105787397236675, 49.124684854226366 ], [ 21.1057869, 49.1246874 ], [ 21.1059225, 49.1249471 ], [ 21.1061099, 49.1251187 ], [ 21.106115011840231, 49.125121628788662 ], [ 21.10612025, 49.12511955 ], [ 21.106134580477342, 49.125132840485392 ], [ 21.106177571937589, 49.125157472104426 ], [ 21.10619508, 49.12514823 ], [ 21.106276005723167, 49.12521386896772 ], [ 21.1063553, 49.1252593 ], [ 21.1064541, 49.12524 ], [ 21.1073202, 49.1259843 ], [ 21.1075537, 49.1260729 ], [ 21.1077441, 49.1262535 ], [ 21.1079271769283, 49.126300635812179 ], [ 21.10805047, 49.12632451 ], [ 21.108085380057318, 49.126341367503741 ], [ 21.1081527, 49.1263587 ], [ 21.10830121370789, 49.126303408158897 ], [ 21.10843735, 49.12624809 ], [ 21.10859281, 49.12618463 ], [ 21.10895009, 49.12604659 ], [ 21.109092752029092, 49.126008717441763 ], [ 21.1091578, 49.1259845 ], [ 21.1095554, 49.1262188 ], [ 21.1121002, 49.1243871 ], [ 21.112333924690901, 49.124427641074064 ], [ 21.11264769, 49.12399279 ], [ 21.11266068, 49.12397484 ], [ 21.112665035049041, 49.123974829852486 ], [ 21.1126719, 49.1239653 ], [ 21.1136116, 49.1239242 ], [ 21.114967459998581, 49.123673689665594 ], [ 21.11485156, 49.12349468 ], [ 21.11500609, 49.1233101 ], [ 21.115010817774735, 49.123308875141696 ], [ 21.1150177, 49.1233007 ], [ 21.115288, 49.1232303 ], [ 21.115499597028364, 49.123096199908417 ], [ 21.11551191, 49.12297142 ], [ 21.11551359, 49.12295418 ], [ 21.11556682, 49.12241419 ], [ 21.11563623, 49.1222602 ], [ 21.1156436, 49.12224396 ], [ 21.115536804968755, 49.122236237038514 ], [ 21.11550662726291, 49.12223683423943 ], [ 21.11540595, 49.12224873 ], [ 21.11532464, 49.1221111 ], [ 21.115045, 49.12210129 ], [ 21.11487971, 49.12193992 ], [ 21.11462065, 49.12189106 ], [ 21.114589, 49.12187016 ], [ 21.11471554, 49.12175977 ], [ 21.11465525, 49.12164585 ], [ 21.11460965, 49.12157247 ], [ 21.11433277, 49.12143815 ], [ 21.11437261, 49.12115538 ], [ 21.11439758, 49.12063789 ], [ 21.11445266, 49.12032897 ], [ 21.11450335, 49.12022597 ], [ 21.114511440544998, 49.12022227594057 ], [ 21.1145146, 49.1202158 ], [ 21.114716504362079, 49.120123785803301 ], [ 21.11464548, 49.11986751 ], [ 21.114658180159747, 49.119861440827087 ], [ 21.1146572, 49.1198579 ], [ 21.114772206869965, 49.119802955265875 ], [ 21.11468422, 49.11963495 ], [ 21.11454747, 49.11955704 ], [ 21.11461015, 49.11943642 ], [ 21.114618135472277, 49.11943339219269 ], [ 21.1146215, 49.1194269 ], [ 21.114841044480549, 49.119343737748466 ], [ 21.11495992, 49.11914507 ], [ 21.114969378499055, 49.119138885107212 ], [ 21.1149714, 49.1191355 ], [ 21.115278708701549, 49.118934027106754 ], [ 21.11522174, 49.11877242 ], [ 21.1153922, 49.11854081 ], [ 21.11533455, 49.11840978 ], [ 21.11552284, 49.11815587 ], [ 21.11552324, 49.11793352 ], [ 21.11559708, 49.11751725 ], [ 21.11605284, 49.11710342 ], [ 21.11603829, 49.11684386 ], [ 21.11604995671334, 49.116836513274677 ], [ 21.1160498, 49.1168337 ], [ 21.1164277, 49.1165957 ], [ 21.116845330752355, 49.116309869442496 ], [ 21.11699841, 49.116149 ], [ 21.11697173, 49.1160349 ], [ 21.11676367, 49.11599973 ], [ 21.11659521, 49.11598537 ], [ 21.11662475, 49.11588079 ], [ 21.116634574047719, 49.115876289642905 ], [ 21.1166361, 49.1158709 ], [ 21.116693179428861, 49.115849442751461 ], [ 21.11694429, 49.11573441 ], [ 21.117293877718339, 49.115623628780511 ], [ 21.11739290555407, 49.115586402323885 ], [ 21.117399883883873, 49.11557807124025 ], [ 21.117477153919818, 49.115347071090859 ], [ 21.1174816, 49.11530976 ], [ 21.117490647218911, 49.115306732632774 ], [ 21.1174931, 49.1152994 ], [ 21.117762362032614, 49.115169688739734 ], [ 21.11759876, 49.11504764 ], [ 21.117616214828928, 49.115042077905478 ], [ 21.1176102, 49.1150376 ], [ 21.1179733, 49.1149221 ], [ 21.1183284, 49.1146903 ], [ 21.118697939611017, 49.114708757240187 ], [ 21.11878307, 49.11458642 ], [ 21.11864962, 49.11445469 ], [ 21.11830349, 49.11433555 ], [ 21.11820259, 49.11423484 ], [ 21.11819491, 49.1141272 ], [ 21.11833956, 49.11397164 ], [ 21.1184105, 49.11371309 ], [ 21.118420517637059, 49.113707787507479 ], [ 21.1184218, 49.1137031 ], [ 21.118599097500724, 49.113609871787276 ], [ 21.11874763, 49.11342863 ], [ 21.11858803, 49.11331858 ], [ 21.11872168, 49.11315043 ], [ 21.118724933295514, 49.113150639878477 ], [ 21.1187332, 49.1131402 ], [ 21.1189148, 49.1131526 ], [ 21.119125046392998, 49.113100187020784 ], [ 21.11924536, 49.11297867 ], [ 21.1191659, 49.11272497 ], [ 21.119177600885955, 49.112716456643675 ], [ 21.1191773, 49.1127155 ], [ 21.1192976, 49.1126281 ], [ 21.119659999683936, 49.112596324027713 ], [ 21.11956905, 49.11238201 ], [ 21.11964728, 49.11222507 ], [ 21.11977058, 49.11210052 ], [ 21.119774240546242, 49.112098835094251 ], [ 21.119782, 49.112091 ], [ 21.119825123981954, 49.112075414056044 ], [ 21.11991638, 49.11203341 ], [ 21.119991547345691, 49.112015265036803 ], [ 21.120272946064844, 49.111913561426249 ], [ 21.120280012835746, 49.111885225811491 ], [ 21.120253939162215, 49.111653465482881 ], [ 21.12022015, 49.11146484 ], [ 21.12028536, 49.11124662 ], [ 21.12048047, 49.11105567 ], [ 21.12042353, 49.11092602 ], [ 21.12038437, 49.11085284 ], [ 21.12039029, 49.11083764 ], [ 21.12046329, 49.11063272 ], [ 21.12069494, 49.11042051 ], [ 21.12044559, 49.11018697 ], [ 21.12036032, 49.11008451 ], [ 21.12038561, 49.11000564 ], [ 21.120394931975, 49.110003090939827 ], [ 21.1203972, 49.109996 ], [ 21.120703059255408, 49.109911970551629 ], [ 21.12093823, 49.10966789 ], [ 21.12101255, 49.10957321 ], [ 21.12115169, 49.10945682 ], [ 21.121153193366819, 49.109456663376513 ], [ 21.1211633, 49.1094464 ], [ 21.121179926783263, 49.109453878240579 ], [ 21.12120669, 49.10945109 ], [ 21.121298137364764, 49.109507045901033 ], [ 21.1214032, 49.1095543 ], [ 21.121442853452347, 49.109541913323199 ], [ 21.121449951537958, 49.109516538235901 ], [ 21.121437437696542, 49.109406734140371 ], [ 21.12140507, 49.10934577 ], [ 21.12140245, 49.10921038 ], [ 21.12153325, 49.10902116 ], [ 21.121539162451892, 49.109019595714457 ], [ 21.1215445, 49.1090119 ], [ 21.121629656800273, 49.108995653193958 ], [ 21.12176653, 49.10895944 ], [ 21.121931710872506, 49.108938025219338 ], [ 21.122060431393958, 49.108913467023882 ], [ 21.122063764123283, 49.108908798498177 ], [ 21.121975291720254, 49.108720144109363 ], [ 21.12189744, 49.10858856 ], [ 21.121910812078465, 49.108582650755551 ], [ 21.1219091, 49.108579 ], [ 21.12228887264774, 49.108410649204316 ], [ 21.12238827, 49.1082663 ], [ 21.12205928, 49.10807704 ], [ 21.12199426, 49.10784505 ], [ 21.121905243356274, 49.107705899668787 ], [ 21.121794845464564, 49.107564665063499 ], [ 21.12172342, 49.10749775 ], [ 21.12154535, 49.10727026 ], [ 21.12140785, 49.10699113 ], [ 21.121432786957421, 49.106920277974226 ], [ 21.121496960159352, 49.106630876590394 ], [ 21.12149574, 49.10659546 ], [ 21.121506283441793, 49.106588831456918 ], [ 21.121507, 49.1065856 ], [ 21.121609825241524, 49.106519574433307 ], [ 21.12146826, 49.10620415 ], [ 21.12148693, 49.10583968 ], [ 21.12151897, 49.10576409 ], [ 21.12153739, 49.10572065 ], [ 21.121548032620378, 49.105695527792768 ], [ 21.12175069250415, 49.10514853226865 ], [ 21.12180247, 49.10498816 ], [ 21.12192624, 49.10482339 ], [ 21.12198022, 49.10475156 ], [ 21.1220672, 49.10463576 ], [ 21.12208104, 49.1046172 ], [ 21.12221804, 49.10443485 ], [ 21.12225115, 49.10436523 ], [ 21.1220236, 49.10438662 ], [ 21.12174908, 49.10426049 ], [ 21.12126861, 49.10391319 ], [ 21.12107784, 49.10365171 ], [ 21.12047631, 49.10323393 ], [ 21.1203921, 49.10321378 ], [ 21.12026153, 49.10325509 ], [ 21.11996891, 49.1035489 ], [ 21.11982828, 49.10356855 ], [ 21.1197057, 49.1035723 ], [ 21.11958141, 49.10352306 ], [ 21.11940235, 49.10330751 ], [ 21.11926635, 49.10294874 ], [ 21.11910278, 49.10277041 ], [ 21.11902243, 49.10256809 ], [ 21.11890636, 49.10254683 ], [ 21.118804, 49.10249019 ], [ 21.11836396, 49.10205278 ], [ 21.11817151, 49.10199633 ], [ 21.11785225, 49.10199165 ], [ 21.11759915, 49.10191724 ], [ 21.11734745, 49.10180173 ], [ 21.11713737, 49.10150146 ], [ 21.1172132, 49.10138072 ], [ 21.11691267, 49.10089247 ], [ 21.11678625, 49.10073855 ], [ 21.11683015, 49.10051542 ], [ 21.11679666, 49.10046403 ], [ 21.11674476, 49.10040926 ], [ 21.11645211, 49.10038049 ], [ 21.11634883, 49.10033092 ], [ 21.11623917, 49.1002564 ], [ 21.11620085, 49.10016452 ], [ 21.11618261, 49.10009966 ], [ 21.11618733, 49.09997629 ], [ 21.11615506, 49.09986381 ], [ 21.11589824, 49.09966558 ], [ 21.11578429, 49.09952853 ], [ 21.11570475, 49.09919487 ], [ 21.11554907, 49.09892676 ], [ 21.11553557, 49.09869208 ], [ 21.11570494, 49.09831297 ], [ 21.11564745, 49.0981002 ], [ 21.11540765, 49.09798534 ], [ 21.1154322, 49.09790546 ], [ 21.11549325, 49.09778623 ], [ 21.11548023, 49.09758199 ], [ 21.11545178, 49.09747908 ], [ 21.11529405, 49.0973409 ], [ 21.11510228, 49.09711233 ], [ 21.11499755, 49.09679867 ], [ 21.11489829, 49.0967486 ], [ 21.11477144, 49.09663599 ], [ 21.11473355, 49.09650307 ], [ 21.11467494, 49.09630935 ], [ 21.114669, 49.09628954 ], [ 21.11465973, 49.09625917 ], [ 21.11465852, 49.09625517 ], [ 21.11456525, 49.09607763 ], [ 21.11438163, 49.09601524 ], [ 21.1142155, 49.09604641 ], [ 21.11406406, 49.09616077 ], [ 21.11374023, 49.09611453 ], [ 21.11350953, 49.09610114 ], [ 21.11336646, 49.09612998 ], [ 21.11298559, 49.09586512 ], [ 21.11280309, 49.09574136 ], [ 21.11252166, 49.09577065 ], [ 21.1121607, 49.0958317 ], [ 21.11192811, 49.09589576 ], [ 21.11177988, 49.09595369 ], [ 21.1115355, 49.09604177 ], [ 21.11089026, 49.09621681 ], [ 21.11022879, 49.09630931 ], [ 21.11007144, 49.09629205 ], [ 21.11006009, 49.09633994 ], [ 21.10964731, 49.09632667 ], [ 21.10947963, 49.09632123 ], [ 21.1093423, 49.09624851 ], [ 21.10928797, 49.09619907 ], [ 21.1092696, 49.09618236 ], [ 21.10922503, 49.09614187 ], [ 21.1091814, 49.0961348 ], [ 21.10915363, 49.09613032 ], [ 21.1091195, 49.09612472 ], [ 21.10907618, 49.09609318 ], [ 21.10906448, 49.09608453 ], [ 21.10900152, 49.09603867 ], [ 21.10898605, 49.09602729 ], [ 21.10897577, 49.09601984 ], [ 21.10900414, 49.09597178 ], [ 21.10908608, 49.09585024 ], [ 21.10909178, 49.09584169 ], [ 21.1091196, 49.09579181 ], [ 21.10913693, 49.09579668 ], [ 21.10916486, 49.09571934 ], [ 21.10916773, 49.09570656 ], [ 21.10920229, 49.09565265 ], [ 21.10916412, 49.09557572 ], [ 21.10918303, 49.09552213 ], [ 21.10932392, 49.09514293 ], [ 21.10984467, 49.09381949 ], [ 21.10985525, 49.09379507 ], [ 21.10986337, 49.09379658 ], [ 21.10987824, 49.09375862 ], [ 21.10988358, 49.09374393 ], [ 21.11019004, 49.09311866 ], [ 21.11027281, 49.0929191 ], [ 21.11031465, 49.09282969 ], [ 21.11037037, 49.09271038 ], [ 21.11051801, 49.09261039 ], [ 21.11057169, 49.09257411 ], [ 21.11085252, 49.09240257 ], [ 21.11123894, 49.0921657 ], [ 21.11156789, 49.09196805 ], [ 21.11156429, 49.09196308 ], [ 21.11154922, 49.09194252 ], [ 21.11154299, 49.09193404 ], [ 21.1113783, 49.09181427 ], [ 21.111174, 49.09167046 ], [ 21.11075573, 49.09137622 ], [ 21.11064828, 49.09143707 ], [ 21.11021581, 49.09112365 ], [ 21.11051091, 49.09094257 ], [ 21.11060698, 49.09088361 ], [ 21.11062303, 49.09089456 ], [ 21.11108394, 49.09059013 ], [ 21.11166176, 49.09008568 ], [ 21.11167671, 49.09007266 ], [ 21.10964919, 49.08897045 ], [ 21.10932608, 49.08867988 ], [ 21.10927189, 49.08877313 ], [ 21.1092183, 49.08886559 ], [ 21.10916772, 49.08895274 ], [ 21.109111, 49.08905041 ], [ 21.10905728, 49.08914286 ], [ 21.10900356, 49.08923523 ], [ 21.10894997, 49.08932768 ], [ 21.10889626, 49.08942005 ], [ 21.10884253, 49.08951259 ], [ 21.10878894, 49.08960496 ], [ 21.10873522, 49.08969741 ], [ 21.10868164, 49.08978978 ], [ 21.10862791, 49.08988224 ], [ 21.10857432, 49.08997469 ], [ 21.10852061, 49.09006706 ], [ 21.10846688, 49.09015951 ], [ 21.1084133, 49.09025188 ], [ 21.10835957, 49.09034433 ], [ 21.10833128, 49.09039312 ], [ 21.10830545, 49.09043659 ], [ 21.10825065, 49.09052874 ], [ 21.10819585, 49.0906208 ], [ 21.10814105, 49.09071295 ], [ 21.10808611, 49.0908051 ], [ 21.10803131, 49.09089724 ], [ 21.10797651, 49.09098939 ], [ 21.10792171, 49.09108154 ], [ 21.10786691, 49.09117369 ], [ 21.10781211, 49.09126584 ], [ 21.10772287, 49.09141568 ], [ 21.10756442, 49.09168205 ], [ 21.10753412, 49.09173024 ], [ 21.10744025, 49.09188344 ], [ 21.10743666, 49.09188936 ], [ 21.10742901, 49.0919019 ], [ 21.10736785, 49.09200212 ], [ 21.10730684, 49.09210227 ], [ 21.10725487, 49.09218757 ], [ 21.10724621, 49.09220269 ], [ 21.10723599, 49.09222037 ], [ 21.10721855, 49.09225042 ], [ 21.10719968, 49.09228304 ], [ 21.10718789, 49.09230346 ], [ 21.10718237, 49.09231319 ], [ 21.10716493, 49.09234324 ], [ 21.10714748, 49.09237338 ], [ 21.10713017, 49.09240344 ], [ 21.10712955, 49.09240441 ], [ 21.1071135, 49.09243234 ], [ 21.10709826, 49.0924586 ], [ 21.10708315, 49.09248494 ], [ 21.10707135, 49.09250536 ], [ 21.1070679, 49.09251128 ], [ 21.10705266, 49.09253753 ], [ 21.10703755, 49.09256388 ], [ 21.1070223, 49.09259022 ], [ 21.10701302, 49.09260622 ], [ 21.10700706, 49.09261647 ], [ 21.10699194, 49.09264282 ], [ 21.1069767, 49.09266916 ], [ 21.10696081, 49.09269674 ], [ 21.10695483, 49.09270708 ], [ 21.10694336, 49.09272679 ], [ 21.10689556, 49.09280773 ], [ 21.10683628, 49.09290838 ], [ 21.10677687, 49.09300911 ], [ 21.10668014, 49.09317312 ], [ 21.10664988, 49.09322446 ], [ 21.10662345, 49.09326844 ], [ 21.10662746, 49.09330134 ], [ 21.10667417, 49.09340547 ], [ 21.1066784, 49.09341497 ], [ 21.10637517, 49.09307244 ], [ 21.1063032, 49.09298732 ], [ 21.10604824, 49.09268541 ], [ 21.10607547, 49.09265279 ], [ 21.10545718, 49.09171339 ], [ 21.1052693, 49.09151643 ], [ 21.10510693, 49.09133784 ], [ 21.10509993, 49.09121401 ], [ 21.10479979, 49.09085979 ], [ 21.10446887, 49.09030868 ], [ 21.1044548, 49.09029877 ], [ 21.10409649, 49.09004703 ], [ 21.10400739, 49.08998782 ], [ 21.10355379, 49.0896864 ], [ 21.10336358, 49.08955994 ], [ 21.10323276, 49.08947365 ], [ 21.10322091, 49.08871271 ], [ 21.1032189, 49.08858085 ], [ 21.10320886, 49.08793601 ], [ 21.10297702, 49.08790519 ], [ 21.10286409, 49.08789023 ], [ 21.10273572, 49.08777836 ], [ 21.1027149, 49.08775969 ], [ 21.10267852, 49.08772719 ], [ 21.10266426, 49.08771431 ], [ 21.10260422, 49.08766072 ], [ 21.10253938, 49.08760525 ], [ 21.1023499, 49.08744326 ], [ 21.10225026, 49.08754838 ], [ 21.10221705, 49.08755812 ], [ 21.10204385, 49.08751297 ], [ 21.10180073, 49.08744955 ], [ 21.101684, 49.08741916 ], [ 21.10155114, 49.0873717 ], [ 21.10130743, 49.08728476 ], [ 21.10127044, 49.08727152 ], [ 21.1010719, 49.08719287 ], [ 21.10085272, 49.08710609 ], [ 21.10084407, 49.08710257 ], [ 21.10062591, 49.08701303 ], [ 21.10035149, 49.08690044 ], [ 21.10055635, 49.0865206 ], [ 21.10059908, 49.08649892 ], [ 21.10065339, 49.08647266 ], [ 21.10066056, 49.08627437 ], [ 21.10060032, 49.0861663 ], [ 21.10039543, 49.08612895 ], [ 21.10010941, 49.0862281 ], [ 21.09981901, 49.08641588 ], [ 21.09971415, 49.0863937 ], [ 21.0995704, 49.08635075 ], [ 21.09954149, 49.08633956 ], [ 21.09951217, 49.08633016 ], [ 21.099429504061582, 49.086249119674257 ], [ 21.099244923825619, 49.086107516017677 ], [ 21.09915779, 49.08605944 ], [ 21.09917133, 49.08576061 ], [ 21.099182495685888, 49.085757435485682 ], [ 21.0991828, 49.0857507 ], [ 21.099397902197079, 49.085689310003744 ], [ 21.09939455, 49.08560076 ], [ 21.09924522, 49.08555546 ], [ 21.09906011, 49.0855508 ], [ 21.098995365465971, 49.085536226822555 ], [ 21.098889734463409, 49.085532273494294 ], [ 21.09884742, 49.0855429 ], [ 21.09880683, 49.08553944 ], [ 21.09866631, 49.08540134 ], [ 21.09838378, 49.08542389 ], [ 21.0979757, 49.08540767 ], [ 21.097945850172113, 49.085373594587374 ], [ 21.097873501676702, 49.085330018368971 ], [ 21.09779968, 49.0853084 ], [ 21.09750718, 49.08514778 ], [ 21.0973958, 49.08505842 ], [ 21.09736334, 49.08505071 ], [ 21.097326821251567, 49.085050316754355 ], [ 21.097030351322452, 49.085054810235931 ], [ 21.0968016, 49.08506792 ], [ 21.09670395, 49.08500042 ], [ 21.09666368, 49.08490027 ], [ 21.09654907, 49.08484898 ], [ 21.09618747, 49.08480498 ], [ 21.09595186, 49.0848491 ], [ 21.09579347, 49.08478749 ], [ 21.09558615, 49.08484566 ], [ 21.09520816, 49.08490791 ], [ 21.09514355, 49.08496031 ], [ 21.09508655, 49.08497658 ], [ 21.095014165664487, 49.084904562820086 ], [ 21.094947591923699, 49.084855019571123 ], [ 21.094777, 49.0847468 ], [ 21.09468373, 49.08456501 ], [ 21.094690947384457, 49.084483905729115 ], [ 21.094674442776721, 49.084441180091353 ], [ 21.09462842, 49.08436121 ], [ 21.09433338, 49.08440289 ], [ 21.09414587, 49.08433098 ], [ 21.093684603108699, 49.084439453195593 ], [ 21.0936988, 49.0846949 ], [ 21.093897, 49.0850085 ], [ 21.0937743, 49.085143 ], [ 21.09377248617843, 49.085142849613746 ], [ 21.09376307, 49.08515327 ], [ 21.09342933, 49.08513276 ], [ 21.09322988, 49.08510899 ], [ 21.09292109, 49.08521378 ], [ 21.092791305861791, 49.085205423561256 ], [ 21.092576650569583, 49.085208043865123 ], [ 21.09251147, 49.08521829 ], [ 21.09234747, 49.08535203 ], [ 21.09204329, 49.08521407 ], [ 21.09180882, 49.08516549 ], [ 21.09161797, 49.08514595 ], [ 21.091578334481802, 49.085155396174159 ], [ 21.091392341720123, 49.085226180267512 ], [ 21.09135331, 49.08524703 ], [ 21.091284176109138, 49.085180047292155 ], [ 21.091152748886486, 49.08531054442831 ], [ 21.09099228, 49.08547366 ], [ 21.09076523, 49.08569757 ], [ 21.09068702, 49.085776 ], [ 21.09060709, 49.08585554 ], [ 21.090470789395283, 49.085987677816512 ], [ 21.0904189, 49.0860392 ], [ 21.089926327965827, 49.086481286175669 ], [ 21.08987323, 49.08652971 ], [ 21.08984373661162, 49.086555412381365 ], [ 21.089428839767304, 49.086927784636543 ], [ 21.08927605, 49.08706891 ], [ 21.089146303755829, 49.087181362298558 ], [ 21.089132, 49.0871942 ], [ 21.089129366878655, 49.087196041650401 ], [ 21.0891203, 49.0872039 ], [ 21.08777444, 49.08816605 ], [ 21.08714545, 49.08861094 ], [ 21.0870323, 49.08869094 ], [ 21.08702106, 49.08869823 ], [ 21.08700609, 49.08870783 ], [ 21.08697211, 49.0887297 ], [ 21.08686168, 49.08880079 ], [ 21.08671784, 49.0888934 ], [ 21.08656364, 49.0889927 ], [ 21.08642191, 49.08907169 ], [ 21.08626761, 49.08915757 ], [ 21.08611229, 49.08924414 ], [ 21.08595511, 49.08933182 ], [ 21.08565536, 49.08949883 ], [ 21.085205004674961, 49.089711660518795 ], [ 21.084435545344387, 49.090121160792457 ], [ 21.084415406335172, 49.090134236004225 ], [ 21.0839047424552, 49.090700079476214 ], [ 21.08379162, 49.09085078 ], [ 21.083443443900943, 49.091211223470935 ], [ 21.0834089, 49.0912495 ], [ 21.083288778854879, 49.091349281409236 ], [ 21.08282126, 49.09173833 ], [ 21.08215231, 49.0921351 ], [ 21.08153448, 49.09250244 ], [ 21.080784662187025, 49.093058549877796 ], [ 21.0809453, 49.093161 ], [ 21.0807296, 49.0933758 ], [ 21.0797858, 49.0946431 ], [ 21.079437, 49.0950054 ], [ 21.07942420969357, 49.095032873502191 ], [ 21.07942065, 49.09507177 ], [ 21.07939304, 49.09510383 ], [ 21.079325890670841, 49.095244062178651 ], [ 21.0791005, 49.0957282 ], [ 21.079016033025155, 49.09586615628448 ], [ 21.07878965, 49.09626155 ], [ 21.078492516438665, 49.096721193454549 ], [ 21.0784011, 49.0968705 ], [ 21.078364811084992, 49.096909966361515 ], [ 21.07805408, 49.09728132 ], [ 21.077547341392613, 49.097799013454747 ], [ 21.0775217, 49.0978269 ], [ 21.0774126, 49.0980857 ], [ 21.077402548591536, 49.098091262410769 ], [ 21.07740114, 49.0980956 ], [ 21.0773369, 49.09813152 ], [ 21.07711485, 49.09825564 ], [ 21.07689172, 49.09837755 ], [ 21.076863580763856, 49.098397082735673 ], [ 21.075818909153654, 49.099174477252618 ], [ 21.075807955486503, 49.09918309086617 ], [ 21.075318539698142, 49.099815273927504 ], [ 21.0752071, 49.09997814 ], [ 21.07517683, 49.10001254 ], [ 21.075061657078148, 49.100147091668113 ], [ 21.075032, 49.1001854 ], [ 21.075025599062112, 49.100189216727784 ], [ 21.07502076, 49.10019487 ], [ 21.07474127, 49.10036259 ], [ 21.0746126, 49.10043866 ], [ 21.073822231255456, 49.100802152317527 ], [ 21.0735201, 49.1011462 ], [ 21.073516866835874, 49.101147020983205 ], [ 21.07350883, 49.10115638 ], [ 21.07331847, 49.10120462 ], [ 21.07302456, 49.10127906 ], [ 21.07265035, 49.10151233 ], [ 21.07196642, 49.10184446 ], [ 21.071570604908825, 49.102029672958523 ], [ 21.07131499375571, 49.102153186808948 ], [ 21.07113746, 49.10224357 ], [ 21.07065756, 49.1025405 ], [ 21.0701814, 49.10282396 ], [ 21.069585676392975, 49.103015474314759 ], [ 21.0692698, 49.1033082 ], [ 21.069097, 49.1037304 ], [ 21.0690348, 49.1041109 ], [ 21.0683354, 49.1061749 ], [ 21.06832663265919, 49.106176027257085 ], [ 21.06832381, 49.10618447 ], [ 21.06741477, 49.10630206 ], [ 21.067033802707385, 49.106546534614928 ], [ 21.0665369, 49.1070014 ], [ 21.0665833, 49.1071975 ], [ 21.0670328, 49.1077365 ], [ 21.06735575854778, 49.108285648265984 ], [ 21.06756574, 49.10860244 ], [ 21.067596598681703, 49.108695165037823 ], [ 21.0676312, 49.108754 ], [ 21.067830149453524, 49.108911078283242 ], [ 21.06791674, 49.10897146 ], [ 21.068021283783501, 49.109061986224376 ], [ 21.0682793, 49.1092657 ], [ 21.0685048, 49.1095408 ], [ 21.068935, 49.1100948 ], [ 21.0690957, 49.1105152 ], [ 21.069451, 49.111004 ], [ 21.0711469, 49.1125068 ], [ 21.0721081, 49.1135361 ], [ 21.072312, 49.1137124 ], [ 21.072841705624903, 49.1141704388031 ], [ 21.07295373, 49.11426577 ], [ 21.072977215005519, 49.114287614365509 ], [ 21.0755634, 49.1165239 ], [ 21.0759768, 49.1167509 ], [ 21.076097337276426, 49.116860293499265 ], [ 21.07619357, 49.11693309 ], [ 21.076269941156145, 49.117016939998585 ], [ 21.0764603, 49.1171897 ], [ 21.076448525496275, 49.117199212647513 ], [ 21.07644855, 49.11719923 ], [ 21.07600158396842, 49.117561066613867 ], [ 21.0758346, 49.1179044 ], [ 21.075823029701962, 49.11791376665937 ], [ 21.07582291, 49.11791427 ], [ 21.075822364401514, 49.117914305249009 ], [ 21.0753505, 49.1182963 ], [ 21.0753013, 49.1186942 ], [ 21.0756118, 49.1195876 ], [ 21.0756611, 49.1195722 ], [ 21.0755493, 49.1197318 ], [ 21.075421060515726, 49.119871329951351 ], [ 21.07503698, 49.12029834 ], [ 21.074707398725121, 49.120647823988961 ], [ 21.0746361, 49.1207254 ], [ 21.07426339136687, 49.121073090161836 ], [ 21.07401766, 49.12130266 ], [ 21.073925000356343, 49.121388766308719 ], [ 21.0738525, 49.1214564 ], [ 21.073851938055611, 49.121456661292711 ], [ 21.07384106, 49.12146677 ], [ 21.07361814, 49.12157357 ], [ 21.07295594, 49.12187742 ], [ 21.072626762451343, 49.122150047727096 ], [ 21.072583395133751, 49.122204284602553 ], [ 21.07227536, 49.12263038 ], [ 21.072091799142093, 49.122819093911808 ], [ 21.0720806, 49.1228331 ], [ 21.072070618092333, 49.122840869571405 ], [ 21.07206911, 49.12284242 ], [ 21.071873274710494, 49.122995719691197 ], [ 21.0718966, 49.1230206 ], [ 21.0724615, 49.123255 ], [ 21.0731640548888, 49.123424887042802 ], [ 21.07327773, 49.12344953 ], [ 21.073339708650124, 49.123467362440159 ], [ 21.0737013, 49.1235548 ], [ 21.0727445, 49.1249387 ], [ 21.0724036, 49.1255668 ], [ 21.072409590808263, 49.125563057990469 ], [ 21.07256673, 49.12544528 ], [ 21.07291724528606, 49.125245964233912 ], [ 21.0729705, 49.1252127 ], [ 21.0736772, 49.1249923 ], [ 21.074095332200994, 49.12504335213206 ], [ 21.07405328, 49.12499106 ], [ 21.0739647, 49.12487684 ], [ 21.07393459, 49.12455843 ], [ 21.073946252758237, 49.124550115380302 ], [ 21.0739461, 49.1245485 ], [ 21.0741776, 49.1243838 ], [ 21.074427941070937, 49.124311765098952 ], [ 21.07462453, 49.1241115 ], [ 21.07474286, 49.12399845 ], [ 21.07474648769691, 49.123996087867319 ], [ 21.0747544, 49.1239882 ], [ 21.0750308, 49.1238092 ], [ 21.075294773415497, 49.123746672432546 ], [ 21.075288297089205, 49.123688643164485 ], [ 21.075248079585812, 49.123569399985627 ], [ 21.0751873, 49.12350293 ], [ 21.07517856, 49.12340703 ], [ 21.075189935974283, 49.123397006662216 ], [ 21.0751899, 49.1233969 ], [ 21.075191417610178, 49.123395701197147 ], [ 21.0753069, 49.12329395 ], [ 21.075439941717331, 49.123199385031924 ], [ 21.0754679, 49.1231773 ], [ 21.075934489995642, 49.122976507704351 ], [ 21.07597189, 49.12281506 ], [ 21.0758947, 49.12271183 ], [ 21.0758617, 49.12255871 ], [ 21.07604031, 49.12238413 ], [ 21.07610442946126, 49.122364197907118 ], [ 21.076292980328326, 49.122213374740852 ], [ 21.076326740689712, 49.122161139897877 ], [ 21.07643348386549, 49.121958870868006 ], [ 21.07644131, 49.12193177 ], [ 21.07641317, 49.12179249 ], [ 21.07625638, 49.12174674 ], [ 21.07628372, 49.12158278 ], [ 21.076294539944502, 49.121577253079629 ], [ 21.0762952, 49.1215733 ], [ 21.076488646695815, 49.121474500638776 ], [ 21.076488606641867, 49.121430868538248 ], [ 21.076457511578973, 49.121329667301943 ], [ 21.07642874, 49.12128297 ], [ 21.07646097, 49.12116373 ], [ 21.076471268015812, 49.121159193850517 ], [ 21.0764728, 49.1211536 ], [ 21.076749608972936, 49.121031688797636 ], [ 21.07684029, 49.12094636 ], [ 21.07672586, 49.12091198 ], [ 21.076738850457669, 49.120902661349099 ], [ 21.0767373, 49.1209022 ], [ 21.076960530411213, 49.120741973560527 ], [ 21.07696735, 49.12070161 ], [ 21.07700779, 49.12045956 ], [ 21.077018571093607, 49.120454719793074 ], [ 21.0770194, 49.1204498 ], [ 21.077226523156455, 49.120356608916687 ], [ 21.07728272, 49.12018887 ], [ 21.077292086941508, 49.120185395532864 ], [ 21.0772944, 49.1201785 ], [ 21.077447590123406, 49.120117018075092 ], [ 21.07746774, 49.11995579 ], [ 21.07755303, 49.11980558 ], [ 21.077561435600046, 49.119805504911959 ], [ 21.0775648, 49.1197955 ], [ 21.0777226, 49.119794 ], [ 21.077798020762117, 49.119751089693857 ], [ 21.07781077, 49.11965479 ], [ 21.07768048, 49.1195151 ], [ 21.07760106, 49.11956467 ], [ 21.07742183, 49.11937506 ], [ 21.077436499804865, 49.119368191920074 ], [ 21.0774334, 49.1193649 ], [ 21.0779412, 49.119128 ], [ 21.0780191, 49.1191913 ], [ 21.078005965223948, 49.119199681368762 ], [ 21.07800759, 49.11920125 ], [ 21.0779933933682, 49.11920770353516 ], [ 21.077732, 49.1193745 ], [ 21.0779545, 49.1195988 ], [ 21.0779692, 49.1197297 ], [ 21.077946864279784, 49.119750321657364 ], [ 21.07785495, 49.11984743 ], [ 21.077757252597547, 49.1199260360669 ], [ 21.07763264350233, 49.120137207271519 ], [ 21.07760133, 49.12019282 ], [ 21.077556086231791, 49.120266946525412 ], [ 21.0773998, 49.1205318 ], [ 21.077396259348788, 49.120568837598626 ], [ 21.07741737, 49.12064488 ], [ 21.077383172085003, 49.120705739200687 ], [ 21.077382, 49.120718 ], [ 21.077373825980835, 49.120722371689226 ], [ 21.07737086, 49.12072765 ], [ 21.077218556817968, 49.120809485646454 ], [ 21.077358, 49.1210776 ], [ 21.0774908, 49.1211807 ], [ 21.077475030776128, 49.121187676512207 ], [ 21.07747948, 49.12119065 ], [ 21.07742488, 49.12121465 ], [ 21.07732309, 49.12117626 ], [ 21.076959457054262, 49.121244271664075 ], [ 21.0767768, 49.1215416 ], [ 21.0765484, 49.121747 ], [ 21.0766261, 49.1219622 ], [ 21.076554, 49.1221386 ], [ 21.0761608, 49.1226021 ], [ 21.076187, 49.1227324 ], [ 21.076304673677964, 49.122798695029843 ], [ 21.07653163, 49.12250186 ], [ 21.07653413630549, 49.122503551045561 ], [ 21.0765431, 49.1224918 ], [ 21.076659200078229, 49.122587933631209 ], [ 21.07679085, 49.12267676 ], [ 21.076854520792001, 49.122749663836316 ], [ 21.0769292, 49.1228115 ], [ 21.0772103, 49.1229724 ], [ 21.0778221, 49.123171 ], [ 21.078199163006872, 49.123416489962935 ], [ 21.07820811, 49.12340757 ], [ 21.078467273157816, 49.123193050664987 ], [ 21.0785297, 49.1231407 ], [ 21.078837256850868, 49.123316060330644 ], [ 21.07886476, 49.1233303 ], [ 21.078945898039329, 49.123378004503493 ], [ 21.079151325228992, 49.123495133352364 ], [ 21.07928386, 49.12356129 ], [ 21.07930413, 49.12357832 ], [ 21.07932532, 49.12359026 ], [ 21.079371905793934, 49.123620902232794 ], [ 21.0795757, 49.1237371 ], [ 21.0802125, 49.1242787 ], [ 21.081099251767345, 49.123579853603488 ], [ 21.08128643, 49.12342365 ], [ 21.081554753195213, 49.123220874300372 ], [ 21.0815735, 49.1232061 ], [ 21.0824316, 49.1236815 ], [ 21.082453340744621, 49.123663046872508 ], [ 21.08307138, 49.12312846 ], [ 21.08350867, 49.12275151 ], [ 21.08367005, 49.12261643 ], [ 21.08380221, 49.12251796 ], [ 21.083802363491564, 49.12251802221116 ], [ 21.0838137, 49.1225084 ], [ 21.0843571, 49.1227284 ], [ 21.084339890962077, 49.122735887405987 ], [ 21.08434572, 49.12273825 ], [ 21.084034039186708, 49.122873560803612 ], [ 21.0844665, 49.1227791 ], [ 21.084634628525542, 49.122774749642417 ], [ 21.08465283, 49.12277332 ], [ 21.08468263789203, 49.122773507390924 ], [ 21.0849921, 49.1227655 ], [ 21.0852098, 49.1227128 ], [ 21.0854703, 49.1229193 ], [ 21.0859062, 49.1230437 ], [ 21.089031, 49.124212 ], [ 21.089890035979685, 49.123618493286614 ], [ 21.09003376, 49.12348411 ], [ 21.090114128903576, 49.123415539743831 ], [ 21.09074843279911, 49.122838932827356 ], [ 21.09075604, 49.1228308 ], [ 21.090757015147272, 49.122831131139009 ], [ 21.0907675, 49.1228216 ], [ 21.0908187, 49.1228388 ], [ 21.091246740163207, 49.122671779061577 ], [ 21.0913466, 49.12247269 ], [ 21.091354029747329, 49.12247027533212 ], [ 21.091358, 49.1224623 ], [ 21.0914876, 49.1224202 ], [ 21.091648256810043, 49.122519577467557 ], [ 21.09171202, 49.12253897 ], [ 21.091837571904115, 49.122636682087112 ], [ 21.0919561, 49.12271 ], [ 21.0920772, 49.1229176 ], [ 21.09206755368853, 49.122962201225064 ], [ 21.09207078, 49.12302483 ], [ 21.092041136302878, 49.123084346126475 ], [ 21.0920028, 49.1232616 ], [ 21.0920985, 49.1234234 ], [ 21.0939906, 49.1232782 ], [ 21.094328708776644, 49.123296552585316 ], [ 21.09444955, 49.12329092 ], [ 21.094498105223725, 49.123305747444967 ], [ 21.0945525, 49.1233087 ], [ 21.094637970401497, 49.123596221544936 ], [ 21.09463807, 49.12359648 ], [ 21.09472578, 49.1238393 ], [ 21.094741123734931, 49.123943228289654 ], [ 21.0949385, 49.1246072 ], [ 21.095307413525937, 49.12515536308171 ], [ 21.09534526, 49.12519345 ], [ 21.095372237174303, 49.125251683569729 ], [ 21.0954238, 49.1253283 ], [ 21.095421955126849, 49.125403212099201 ], [ 21.09543529, 49.12549369 ], [ 21.09543792, 49.12567779 ], [ 21.09540872535834, 49.125940414199448 ], [ 21.0954058, 49.1260592 ], [ 21.0955806, 49.1271442 ], [ 21.0958043, 49.1280064 ], [ 21.096136343929867, 49.128699756548222 ], [ 21.09613984, 49.12870477 ], [ 21.096151703177672, 49.12873182891601 ], [ 21.0963375, 49.1291198 ], [ 21.0964114, 49.1297105 ], [ 21.096364745591639, 49.130004314478256 ], [ 21.09627175, 49.13075236 ], [ 21.09623708, 49.13100099 ], [ 21.096119457362821, 49.131549060955642 ], [ 21.0960926, 49.1317182 ], [ 21.096023482356721, 49.131962014389302 ], [ 21.09602018, 49.13197544 ], [ 21.096018073015966, 49.131981095987726 ], [ 21.0959927, 49.1320706 ], [ 21.095948383103632, 49.132154516855906 ], [ 21.09586641, 49.13234053 ], [ 21.095749696746925, 49.132530742082238 ], [ 21.0957146, 49.1325972 ], [ 21.0961031, 49.1326502 ], [ 21.0965157, 49.1327839 ], [ 21.096977284374155, 49.132778295130294 ], [ 21.09711352, 49.13276505 ], [ 21.097214605182817, 49.132775413420497 ], [ 21.0973063, 49.1327743 ], [ 21.0976581, 49.1329544 ], [ 21.097868460337683, 49.132966603224013 ], [ 21.09796451, 49.13275627 ], [ 21.09806935, 49.13263601 ] ] ] } },
{ "type": "Feature", "properties": { "@featureType": "CadastralZoning", "beginLifespanVersion": { "@nilReason": "http://inspire.ec.europa.eu/codelist/VoidReasonValue/Unpopulated", "@nil": "true" }, "endLifespanVersion": { "@nilReason": "http://inspire.ec.europa.eu/codelist/VoidReasonValue/Unpopulated", "@nil": "true" }, "estimatedAccuracy": { "value": -1, "@uom": "m" }, "inspireId": { "@dataType": "Identifier", "localId": "854212", "namespace": "SK.ESKN.CP", "versionId": "20260703T04:07:40" }, "label": "Sabinov", "level": { "@href": "http://inspire.ec.europa.eu/codelist/CadastralZoningLevelValue/3rdOrder" }, "levelName": { "value": "Katastrálne územie", "@locale": "sk" }, "name_1": { "@dataType": "name", "GeographicalName": { "@dataType": "GeographicalName", "language": "SLK", "nativeness": { "@href": "http://inspire.ec.europa.eu/codelist/NativenessValue/endonym", "@title": "endonym" }, "nameStatus": { "@href": "http://inspire.ec.europa.eu/codelist/NameStatusValue/official", "@title": "official" }, "sourceOfName": { "@nilReason": "http://inspire.ec.europa.eu/codelist/VoidReasonValue/Unpopulated", "@nil": "true" }, "pronunciation": { "@dataType": "pronunciation", "@nilReason": "http://inspire.ec.europa.eu/codelist/VoidReasonValue/Unpopulated", "@nil": "true" }, "spelling": { "@dataType": "SpellingOfName", "text": "Sabinov", "script": "LATN" } } }, "nationalCadastalZoningReference": "854212", "validFrom": "2026-06-30T16:00:00Z", "validTo": { "@nilReason": "http://inspire.ec.europa.eu/codelist/VoidReasonValue/Unpopulated", "@nil": "true" }, "place_id": 188813292, "osm_type": "relation", "osm_id": 388246, "place_rank": 12, "category": "boundary", "type": "administrative", "importance": 0.52144004094912921, "addresstype": "district", "name_2": "okres Sabinov", "display_name": "okres Sabinov, Prešovský kraj, Slovensko" }, "geometry": { "type": "Polygon", "coordinates": [ [ [ 21.09806935, 49.13263601 ], [ 21.0981362, 49.13259863 ], [ 21.09850415, 49.13250453 ], [ 21.09855839, 49.13215669 ], [ 21.09869757, 49.13167751 ], [ 21.09886397, 49.13156318 ], [ 21.09913809, 49.13140792 ], [ 21.09923495, 49.13094792 ], [ 21.09888889, 49.13075301 ], [ 21.09878848, 49.13054039 ], [ 21.09906328, 49.13061418 ], [ 21.09906415, 49.13057289 ], [ 21.09931384, 49.13062463 ], [ 21.09940479, 49.1307651 ], [ 21.0996378, 49.13081234 ], [ 21.09972861, 49.13093444 ], [ 21.10004587, 49.13105343 ], [ 21.10012739, 49.1309607 ], [ 21.10033444, 49.13096768 ], [ 21.1005193, 49.1310241 ], [ 21.10056427, 49.13103562 ], [ 21.10076734, 49.13094479 ], [ 21.1008584, 49.13097291 ], [ 21.10087447, 49.13095785 ], [ 21.10098119, 49.1308047 ], [ 21.10148305, 49.130786 ], [ 21.10178823, 49.13051892 ], [ 21.10193516, 49.13031196 ], [ 21.10239511, 49.13002597 ], [ 21.10292583, 49.12976429 ], [ 21.10338165, 49.12945818 ], [ 21.10380031, 49.12921633 ], [ 21.10419457, 49.12888727 ], [ 21.10436287, 49.12870458 ], [ 21.10491331, 49.12852815 ], [ 21.10522928, 49.128424 ], [ 21.10540811, 49.12832681 ], [ 21.10612807, 49.12796754 ], [ 21.1062627, 49.1278946 ], [ 21.10659791, 49.12784741 ], [ 21.10675685, 49.12780369 ], [ 21.1069168, 49.12774452 ], [ 21.10701404, 49.12772439 ], [ 21.10690072, 49.1275987 ], [ 21.10683608, 49.12753425 ], [ 21.10668617, 49.12730439 ], [ 21.10646854, 49.12722371 ], [ 21.10623877, 49.1271385 ], [ 21.10622727, 49.12712526 ], [ 21.10610736, 49.12702736 ], [ 21.10594261, 49.12686266 ], [ 21.10581099, 49.12674322 ], [ 21.10567629, 49.12662467 ], [ 21.10555339, 49.12650984 ], [ 21.10545458, 49.12641422 ], [ 21.10535545, 49.12631914 ], [ 21.1052557, 49.12619171 ], [ 21.10518847, 49.12609198 ], [ 21.10510517, 49.12597219 ], [ 21.10501936, 49.12586043 ], [ 21.10451551, 49.12538862 ], [ 21.10417196, 49.12533029 ], [ 21.10376098, 49.12571868 ], [ 21.10371219, 49.12578464 ], [ 21.10380804, 49.12587953 ], [ 21.1037471, 49.12599822 ], [ 21.10358788, 49.1261604 ], [ 21.10351562, 49.1262339 ], [ 21.10319552, 49.12646224 ], [ 21.10317034, 49.12647431 ], [ 21.10305358, 49.12642106 ], [ 21.10320939, 49.12628632 ], [ 21.10343821, 49.12608837 ], [ 21.1027987, 49.12520637 ], [ 21.10288925, 49.12479019 ], [ 21.10289429, 49.12476658 ], [ 21.10295445, 49.12449005 ], [ 21.10282924, 49.12406634 ], [ 21.10288407, 49.12404468 ], [ 21.10279638, 49.12371238 ], [ 21.10275349, 49.12344543 ], [ 21.10297836, 49.12342273 ], [ 21.10294138, 49.12320557 ], [ 21.10290234, 49.12297556 ], [ 21.10288095, 49.12284974 ], [ 21.10287683, 49.12273338 ], [ 21.10286928, 49.12251527 ], [ 21.10292378, 49.12251467 ], [ 21.10291538, 49.12231725 ], [ 21.10291857, 49.12212271 ], [ 21.10294744, 49.12174092 ], [ 21.10295475, 49.12163312 ], [ 21.10295478, 49.12161422 ], [ 21.10314768, 49.1210109 ], [ 21.10316404, 49.12098639 ], [ 21.10327185, 49.12082545 ], [ 21.10340733, 49.12058742 ], [ 21.10341144, 49.12058008 ], [ 21.10362039, 49.12021324 ], [ 21.10364168, 49.12017592 ], [ 21.10339424, 49.12010563 ], [ 21.10354701, 49.11998204 ], [ 21.10358394, 49.11993722 ], [ 21.10367273, 49.11982941 ], [ 21.10372472, 49.11972025 ], [ 21.10373153, 49.11970606 ], [ 21.10396311, 49.11921894 ], [ 21.10403366, 49.11923119 ], [ 21.10418942, 49.11873804 ], [ 21.10426037, 49.11851371 ], [ 21.10427148, 49.11845636 ], [ 21.10429908, 49.11831364 ], [ 21.10433884, 49.11810848 ], [ 21.10435618, 49.11790053 ], [ 21.10436796, 49.11778981 ], [ 21.10437973, 49.11767918 ], [ 21.10438892, 49.11756451 ], [ 21.10439102, 49.11753793 ], [ 21.10439776, 49.11745442 ], [ 21.10421183, 49.11744452 ], [ 21.10420218, 49.11740631 ], [ 21.1042006, 49.11739987 ], [ 21.10415745, 49.11722717 ], [ 21.1041034, 49.11702765 ], [ 21.10409488, 49.11699641 ], [ 21.10407674, 49.11693218 ], [ 21.10404447, 49.11681807 ], [ 21.10397941, 49.11663927 ], [ 21.10396916, 49.11661103 ], [ 21.10393816, 49.11652604 ], [ 21.10391852, 49.11647275 ], [ 21.10389043, 49.1163947 ], [ 21.103884, 49.11637604 ], [ 21.10387012, 49.1163376 ], [ 21.10386295, 49.11631775 ], [ 21.10382963, 49.11622521 ], [ 21.10377064, 49.11606821 ], [ 21.10373274, 49.11597814 ], [ 21.10371176, 49.11592823 ], [ 21.10364916, 49.11579956 ], [ 21.10357171, 49.11563071 ], [ 21.10355377, 49.11559152 ], [ 21.10416159, 49.11528486 ], [ 21.1042136, 49.11525852 ], [ 21.10424738, 49.11524142 ], [ 21.10429083, 49.11521949 ], [ 21.10442207, 49.1151531 ], [ 21.10447778, 49.1151249 ], [ 21.10452066, 49.11511268 ], [ 21.104554, 49.11510321 ], [ 21.10457012, 49.11509859 ], [ 21.10470196, 49.11506103 ], [ 21.10471933, 49.1150561 ], [ 21.10475379, 49.1150463 ], [ 21.10478182, 49.11503829 ], [ 21.10480942, 49.11503035 ], [ 21.10488536, 49.11500874 ], [ 21.10493285, 49.11499522 ], [ 21.10551603, 49.11562766 ], [ 21.10582571, 49.11553699 ], [ 21.10626661, 49.11540793 ], [ 21.1063004, 49.11539802 ], [ 21.10668459, 49.1152938 ], [ 21.10709273, 49.11518304 ], [ 21.10710672, 49.11517926 ], [ 21.10727088, 49.11517379 ], [ 21.10727638, 49.1151736 ], [ 21.10744357, 49.11516796 ], [ 21.10755122, 49.11516437 ], [ 21.10759522, 49.11516289 ], [ 21.10774646, 49.11515782 ], [ 21.10777464, 49.11515692 ], [ 21.10793561, 49.11517232 ], [ 21.10819653, 49.11519731 ], [ 21.10841919, 49.11521864 ], [ 21.10843376, 49.11522 ], [ 21.10845768, 49.11548041 ], [ 21.10846363, 49.11554442 ], [ 21.10851669, 49.11567981 ], [ 21.10857322, 49.11582395 ], [ 21.10863517, 49.11598185 ], [ 21.10870945, 49.11617148 ], [ 21.10878076, 49.11635318 ], [ 21.10881213, 49.11643331 ], [ 21.10882102, 49.11645584 ], [ 21.10883216, 49.11650544 ], [ 21.10884832, 49.11657788 ], [ 21.10887685, 49.11670564 ], [ 21.10888805, 49.11675633 ], [ 21.10889258, 49.11677664 ], [ 21.10889692, 49.11679586 ], [ 21.10889928, 49.11680656 ], [ 21.10891053, 49.11685643 ], [ 21.10893257, 49.11695527 ], [ 21.10893368, 49.11696052 ], [ 21.10895132, 49.11703914 ], [ 21.10896962, 49.11712156 ], [ 21.10897767, 49.11715738 ], [ 21.10898799, 49.11724206 ], [ 21.10899438, 49.11729475 ], [ 21.10901497, 49.11746304 ], [ 21.10902877, 49.11757673 ], [ 21.1090372, 49.11764614 ], [ 21.10904002, 49.11766919 ], [ 21.10904583, 49.11771673 ], [ 21.10904864, 49.11773996 ], [ 21.10905163, 49.11776436 ], [ 21.1090605, 49.11783711 ], [ 21.10906854, 49.11790273 ], [ 21.10908771, 49.11806053 ], [ 21.10910564, 49.1180999 ], [ 21.10914199, 49.11817948 ], [ 21.1091459, 49.11818789 ], [ 21.1092252, 49.11836156 ], [ 21.10923347, 49.11837965 ], [ 21.10923536, 49.11838376 ], [ 21.10928668, 49.1184964 ], [ 21.10931701, 49.11856273 ], [ 21.10932319, 49.11867564 ], [ 21.10933323, 49.11886051 ], [ 21.10934039, 49.11899164 ], [ 21.10934053, 49.11899336 ], [ 21.10925221, 49.11991188 ], [ 21.10922148, 49.11998607 ], [ 21.10911723, 49.12023806 ], [ 21.10890532, 49.12060464 ], [ 21.10845867, 49.1213775 ], [ 21.1080106, 49.12198222 ], [ 21.10779358, 49.12227509 ], [ 21.10781058, 49.12228067 ], [ 21.10836557, 49.12246196 ], [ 21.10882322, 49.12269083 ], [ 21.10765585, 49.12313612 ], [ 21.10774493, 49.12320558 ], [ 21.1073655, 49.12347616 ], [ 21.10682525, 49.12384909 ], [ 21.10650676, 49.12406903 ], [ 21.1061361, 49.1243876 ], [ 21.10582654, 49.12443713 ], [ 21.10579728, 49.1246745 ], [ 21.10577527, 49.12469756 ], [ 21.10591077, 49.12495693 ], [ 21.10609863, 49.12512813 ], [ 21.10612025, 49.12511955 ], [ 21.1061671, 49.125163 ], [ 21.10619508, 49.12514823 ], [ 21.10634389, 49.12526893 ], [ 21.10644244, 49.12524966 ], [ 21.10659557, 49.12541192 ], [ 21.10684559, 49.12557736 ], [ 21.10699778, 49.12571537 ], [ 21.10718695, 49.12588553 ], [ 21.10730879, 49.12599448 ], [ 21.107542, 49.12608313 ], [ 21.10752955, 49.12609758 ], [ 21.10768955, 49.12623944 ], [ 21.10773266, 49.12626297 ], [ 21.10805047, 49.12632451 ], [ 21.10814132, 49.12636838 ], [ 21.10843735, 49.12624809 ], [ 21.10859281, 49.12618463 ], [ 21.10895009, 49.12604659 ], [ 21.10914627, 49.12599451 ], [ 21.10930201, 49.12609761 ], [ 21.10951229, 49.12623675 ], [ 21.10954387, 49.12622893 ], [ 21.1104369, 49.12563794 ], [ 21.11103666, 49.12525591 ], [ 21.11132539, 49.125045 ], [ 21.11174503, 49.12468882 ], [ 21.11197892, 49.1244903 ], [ 21.11208899, 49.12439694 ], [ 21.11219058, 49.12441431 ], [ 21.11232671, 49.12443764 ], [ 21.11264769, 49.12399279 ], [ 21.11266068, 49.12397484 ], [ 21.1128581, 49.12397438 ], [ 21.11308201, 49.12397386 ], [ 21.11309801, 49.12397266 ], [ 21.11324065, 49.12396173 ], [ 21.11331625, 49.12395594 ], [ 21.11360003, 49.12393411 ], [ 21.11416568, 49.12382528 ], [ 21.11426729, 49.1238071 ], [ 21.11497196, 49.12368064 ], [ 21.11485156, 49.12349468 ], [ 21.11500609, 49.1233101 ], [ 21.11527655, 49.12324003 ], [ 21.1154993, 49.12309921 ], [ 21.11551191, 49.12297142 ], [ 21.11551359, 49.12295418 ], [ 21.11556682, 49.12241419 ], [ 21.11563623, 49.1222602 ], [ 21.1156436, 49.12224396 ], [ 21.11552122, 49.12223511 ], [ 21.11540595, 49.12224873 ], [ 21.11532464, 49.1221111 ], [ 21.115045, 49.12210129 ], [ 21.11487971, 49.12193992 ], [ 21.11462065, 49.12189106 ], [ 21.114589, 49.12187016 ], [ 21.11471554, 49.12175977 ], [ 21.11465525, 49.12164585 ], [ 21.11460965, 49.12157247 ], [ 21.11433277, 49.12143815 ], [ 21.11437261, 49.12115538 ], [ 21.11439758, 49.12063789 ], [ 21.11445266, 49.12032897 ], [ 21.11450335, 49.12022597 ], [ 21.1147177, 49.1201281 ], [ 21.11464548, 49.11986751 ], [ 21.11477388, 49.11980615 ], [ 21.11468422, 49.11963495 ], [ 21.11454747, 49.11955704 ], [ 21.11461015, 49.11943642 ], [ 21.11483707, 49.11935038 ], [ 21.11495992, 49.11914507 ], [ 21.11527945, 49.11893613 ], [ 21.11522174, 49.11877242 ], [ 21.1153922, 49.11854081 ], [ 21.11533455, 49.11840978 ], [ 21.11552284, 49.11815587 ], [ 21.11552324, 49.11793352 ], [ 21.11559708, 49.11751725 ], [ 21.11605284, 49.11710342 ], [ 21.11603829, 49.11684386 ], [ 21.11641646, 49.11660572 ], [ 21.11683885, 49.11631668 ], [ 21.11699841, 49.116149 ], [ 21.11697173, 49.1160349 ], [ 21.11676367, 49.11599973 ], [ 21.11659521, 49.11598537 ], [ 21.11662475, 49.11588079 ], [ 21.11694429, 49.11573441 ], [ 21.11738624, 49.11559436 ], [ 21.11742039, 49.11555359 ], [ 21.11746356, 49.11546115 ], [ 21.1174816, 49.11530976 ], [ 21.11763981, 49.11525682 ], [ 21.11776605, 49.11517244 ], [ 21.11759876, 49.11504764 ], [ 21.11796169, 49.11493199 ], [ 21.11831715, 49.11470024 ], [ 21.11869132, 49.11471827 ], [ 21.11878307, 49.11458642 ], [ 21.11864962, 49.11445469 ], [ 21.11830349, 49.11433555 ], [ 21.11820259, 49.11423484 ], [ 21.11819491, 49.1141272 ], [ 21.11833956, 49.11397164 ], [ 21.1184105, 49.11371309 ], [ 21.11859419, 49.11361586 ], [ 21.11874763, 49.11342863 ], [ 21.11858803, 49.11331858 ], [ 21.11872168, 49.11315043 ], [ 21.11890335, 49.11316215 ], [ 21.11911539, 49.11310994 ], [ 21.11924536, 49.11297867 ], [ 21.1191659, 49.11272497 ], [ 21.11928634, 49.11263734 ], [ 21.11966355, 49.11260469 ], [ 21.11956905, 49.11238201 ], [ 21.11964728, 49.11222507 ], [ 21.11977058, 49.11210052 ], [ 21.11991638, 49.11203341 ], [ 21.12019381, 49.11196644 ], [ 21.12027147, 49.11191948 ], [ 21.120289, 49.11184919 ], [ 21.12022015, 49.11146484 ], [ 21.12028536, 49.11124662 ], [ 21.12048047, 49.11105567 ], [ 21.12042353, 49.11092602 ], [ 21.12038437, 49.11085284 ], [ 21.12039029, 49.11083764 ], [ 21.12046329, 49.11063272 ], [ 21.12069494, 49.11042051 ], [ 21.12044559, 49.11018697 ], [ 21.12036032, 49.11008451 ], [ 21.12038561, 49.11000564 ], [ 21.12069408, 49.10992129 ], [ 21.12093823, 49.10966789 ], [ 21.12101255, 49.10957321 ], [ 21.12115169, 49.10945682 ], [ 21.12120669, 49.10945109 ], [ 21.12139169, 49.10956429 ], [ 21.12144079, 49.10954929 ], [ 21.12146575, 49.10946006 ], [ 21.12140507, 49.10934577 ], [ 21.12140245, 49.10921038 ], [ 21.12153325, 49.10902116 ], [ 21.12176653, 49.10895944 ], [ 21.12205424, 49.10892214 ], [ 21.12207642, 49.10889107 ], [ 21.12189744, 49.10858856 ], [ 21.12228399, 49.10841774 ], [ 21.12238827, 49.1082663 ], [ 21.12205928, 49.10807704 ], [ 21.12199426, 49.10784505 ], [ 21.12184488, 49.10761154 ], [ 21.12172342, 49.10749775 ], [ 21.12154535, 49.10727026 ], [ 21.12140785, 49.10699113 ], [ 21.12150032, 49.1067284 ], [ 21.12149574, 49.10659546 ], [ 21.12153471, 49.10657096 ], [ 21.12161086, 49.10652188 ], [ 21.12146826, 49.10620415 ], [ 21.12148693, 49.10583968 ], [ 21.12151897, 49.10576409 ], [ 21.12153739, 49.10572065 ], [ 21.12156313, 49.10565989 ], [ 21.12159683, 49.10558048 ], [ 21.12165761, 49.10543684 ], [ 21.12180247, 49.10498816 ], [ 21.12192624, 49.10482339 ], [ 21.12198022, 49.10475156 ], [ 21.1220672, 49.10463576 ], [ 21.12208104, 49.1046172 ], [ 21.12221804, 49.10443485 ], [ 21.12225115, 49.10436523 ], [ 21.1220236, 49.10438662 ], [ 21.12174908, 49.10426049 ], [ 21.12126861, 49.10391319 ], [ 21.12107784, 49.10365171 ], [ 21.12047631, 49.10323393 ], [ 21.1203921, 49.10321378 ], [ 21.12026153, 49.10325509 ], [ 21.11996891, 49.1035489 ], [ 21.11982828, 49.10356855 ], [ 21.1197057, 49.1035723 ], [ 21.11958141, 49.10352306 ], [ 21.11940235, 49.10330751 ], [ 21.11926635, 49.10294874 ], [ 21.11910278, 49.10277041 ], [ 21.11902243, 49.10256809 ], [ 21.11890636, 49.10254683 ], [ 21.118804, 49.10249019 ], [ 21.11836396, 49.10205278 ], [ 21.11817151, 49.10199633 ], [ 21.11785225, 49.10199165 ], [ 21.11759915, 49.10191724 ], [ 21.11734745, 49.10180173 ], [ 21.11713737, 49.10150146 ], [ 21.1172132, 49.10138072 ], [ 21.11691267, 49.10089247 ], [ 21.11678625, 49.10073855 ], [ 21.11683015, 49.10051542 ], [ 21.11679666, 49.10046403 ], [ 21.11674476, 49.10040926 ], [ 21.11645211, 49.10038049 ], [ 21.11634883, 49.10033092 ], [ 21.11623917, 49.1002564 ], [ 21.11620085, 49.10016452 ], [ 21.11618261, 49.10009966 ], [ 21.11618733, 49.09997629 ], [ 21.11615506, 49.09986381 ], [ 21.11589824, 49.09966558 ], [ 21.11578429, 49.09952853 ], [ 21.11570475, 49.09919487 ], [ 21.11554907, 49.09892676 ], [ 21.11553557, 49.09869208 ], [ 21.11570494, 49.09831297 ], [ 21.11564745, 49.0981002 ], [ 21.11540765, 49.09798534 ], [ 21.1154322, 49.09790546 ], [ 21.11549325, 49.09778623 ], [ 21.11548023, 49.09758199 ], [ 21.11545178, 49.09747908 ], [ 21.11529405, 49.0973409 ], [ 21.11510228, 49.09711233 ], [ 21.11499755, 49.09679867 ], [ 21.11489829, 49.0967486 ], [ 21.11477144, 49.09663599 ], [ 21.11473355, 49.09650307 ], [ 21.11467494, 49.09630935 ], [ 21.114669, 49.09628954 ], [ 21.11465973, 49.09625917 ], [ 21.11465852, 49.09625517 ], [ 21.11456525, 49.09607763 ], [ 21.11438163, 49.09601524 ], [ 21.1142155, 49.09604641 ], [ 21.11406406, 49.09616077 ], [ 21.11374023, 49.09611453 ], [ 21.11350953, 49.09610114 ], [ 21.11336646, 49.09612998 ], [ 21.11298559, 49.09586512 ], [ 21.11280309, 49.09574136 ], [ 21.11252166, 49.09577065 ], [ 21.1121607, 49.0958317 ], [ 21.11192811, 49.09589576 ], [ 21.11177988, 49.09595369 ], [ 21.1115355, 49.09604177 ], [ 21.11089026, 49.09621681 ], [ 21.11022879, 49.09630931 ], [ 21.11007144, 49.09629205 ], [ 21.11006009, 49.09633994 ], [ 21.10964731, 49.09632667 ], [ 21.10947963, 49.09632123 ], [ 21.1093423, 49.09624851 ], [ 21.10928797, 49.09619907 ], [ 21.1092696, 49.09618236 ], [ 21.10922503, 49.09614187 ], [ 21.1091814, 49.0961348 ], [ 21.10915363, 49.09613032 ], [ 21.1091195, 49.09612472 ], [ 21.10907618, 49.09609318 ], [ 21.10906448, 49.09608453 ], [ 21.10900152, 49.09603867 ], [ 21.10898605, 49.09602729 ], [ 21.10897577, 49.09601984 ], [ 21.10900414, 49.09597178 ], [ 21.10908608, 49.09585024 ], [ 21.10909178, 49.09584169 ], [ 21.1091196, 49.09579181 ], [ 21.10913693, 49.09579668 ], [ 21.10916486, 49.09571934 ], [ 21.10916773, 49.09570656 ], [ 21.10920229, 49.09565265 ], [ 21.10916412, 49.09557572 ], [ 21.10918303, 49.09552213 ], [ 21.10932392, 49.09514293 ], [ 21.10984467, 49.09381949 ], [ 21.10985525, 49.09379507 ], [ 21.10986337, 49.09379658 ], [ 21.10987824, 49.09375862 ], [ 21.10988358, 49.09374393 ], [ 21.11019004, 49.09311866 ], [ 21.11027281, 49.0929191 ], [ 21.11031465, 49.09282969 ], [ 21.11037037, 49.09271038 ], [ 21.11051801, 49.09261039 ], [ 21.11057169, 49.09257411 ], [ 21.11085252, 49.09240257 ], [ 21.11123894, 49.0921657 ], [ 21.11156789, 49.09196805 ], [ 21.11156429, 49.09196308 ], [ 21.11154922, 49.09194252 ], [ 21.11154299, 49.09193404 ], [ 21.1113783, 49.09181427 ], [ 21.111174, 49.09167046 ], [ 21.11075573, 49.09137622 ], [ 21.11064828, 49.09143707 ], [ 21.11021581, 49.09112365 ], [ 21.11051091, 49.09094257 ], [ 21.11060698, 49.09088361 ], [ 21.11062303, 49.09089456 ], [ 21.11108394, 49.09059013 ], [ 21.11166176, 49.09008568 ], [ 21.11167671, 49.09007266 ], [ 21.10964919, 49.08897045 ], [ 21.10932608, 49.08867988 ], [ 21.10927189, 49.08877313 ], [ 21.1092183, 49.08886559 ], [ 21.10916772, 49.08895274 ], [ 21.109111, 49.08905041 ], [ 21.10905728, 49.08914286 ], [ 21.10900356, 49.08923523 ], [ 21.10894997, 49.08932768 ], [ 21.10889626, 49.08942005 ], [ 21.10884253, 49.08951259 ], [ 21.10878894, 49.08960496 ], [ 21.10873522, 49.08969741 ], [ 21.10868164, 49.08978978 ], [ 21.10862791, 49.08988224 ], [ 21.10857432, 49.08997469 ], [ 21.10852061, 49.09006706 ], [ 21.10846688, 49.09015951 ], [ 21.1084133, 49.09025188 ], [ 21.10835957, 49.09034433 ], [ 21.10833128, 49.09039312 ], [ 21.10830545, 49.09043659 ], [ 21.10825065, 49.09052874 ], [ 21.10819585, 49.0906208 ], [ 21.10814105, 49.09071295 ], [ 21.10808611, 49.0908051 ], [ 21.10803131, 49.09089724 ], [ 21.10797651, 49.09098939 ], [ 21.10792171, 49.09108154 ], [ 21.10786691, 49.09117369 ], [ 21.10781211, 49.09126584 ], [ 21.10772287, 49.09141568 ], [ 21.10756442, 49.09168205 ], [ 21.10753412, 49.09173024 ], [ 21.10744025, 49.09188344 ], [ 21.10743666, 49.09188936 ], [ 21.10742901, 49.0919019 ], [ 21.10736785, 49.09200212 ], [ 21.10730684, 49.09210227 ], [ 21.10725487, 49.09218757 ], [ 21.10724621, 49.09220269 ], [ 21.10723599, 49.09222037 ], [ 21.10721855, 49.09225042 ], [ 21.10719968, 49.09228304 ], [ 21.10718789, 49.09230346 ], [ 21.10718237, 49.09231319 ], [ 21.10716493, 49.09234324 ], [ 21.10714748, 49.09237338 ], [ 21.10713017, 49.09240344 ], [ 21.10712955, 49.09240441 ], [ 21.1071135, 49.09243234 ], [ 21.10709826, 49.0924586 ], [ 21.10708315, 49.09248494 ], [ 21.10707135, 49.09250536 ], [ 21.1070679, 49.09251128 ], [ 21.10705266, 49.09253753 ], [ 21.10703755, 49.09256388 ], [ 21.1070223, 49.09259022 ], [ 21.10701302, 49.09260622 ], [ 21.10700706, 49.09261647 ], [ 21.10699194, 49.09264282 ], [ 21.1069767, 49.09266916 ], [ 21.10696081, 49.09269674 ], [ 21.10695483, 49.09270708 ], [ 21.10694336, 49.09272679 ], [ 21.10689556, 49.09280773 ], [ 21.10683628, 49.09290838 ], [ 21.10677687, 49.09300911 ], [ 21.10668014, 49.09317312 ], [ 21.10664988, 49.09322446 ], [ 21.10662345, 49.09326844 ], [ 21.10662746, 49.09330134 ], [ 21.10667417, 49.09340547 ], [ 21.1066784, 49.09341497 ], [ 21.10637517, 49.09307244 ], [ 21.1063032, 49.09298732 ], [ 21.10604824, 49.09268541 ], [ 21.10607547, 49.09265279 ], [ 21.10545718, 49.09171339 ], [ 21.1052693, 49.09151643 ], [ 21.10510693, 49.09133784 ], [ 21.10509993, 49.09121401 ], [ 21.10479979, 49.09085979 ], [ 21.10446887, 49.09030868 ], [ 21.1044548, 49.09029877 ], [ 21.10409649, 49.09004703 ], [ 21.10400739, 49.08998782 ], [ 21.10355379, 49.0896864 ], [ 21.10336358, 49.08955994 ], [ 21.10323276, 49.08947365 ], [ 21.10322091, 49.08871271 ], [ 21.1032189, 49.08858085 ], [ 21.10320886, 49.08793601 ], [ 21.10297702, 49.08790519 ], [ 21.10286409, 49.08789023 ], [ 21.10273572, 49.08777836 ], [ 21.1027149, 49.08775969 ], [ 21.10267852, 49.08772719 ], [ 21.10266426, 49.08771431 ], [ 21.10260422, 49.08766072 ], [ 21.10253938, 49.08760525 ], [ 21.1023499, 49.08744326 ], [ 21.10225026, 49.08754838 ], [ 21.10221705, 49.08755812 ], [ 21.10204385, 49.08751297 ], [ 21.10180073, 49.08744955 ], [ 21.101684, 49.08741916 ], [ 21.10155114, 49.0873717 ], [ 21.10130743, 49.08728476 ], [ 21.10127044, 49.08727152 ], [ 21.1010719, 49.08719287 ], [ 21.10085272, 49.08710609 ], [ 21.10084407, 49.08710257 ], [ 21.10062591, 49.08701303 ], [ 21.10035149, 49.08690044 ], [ 21.10055635, 49.0865206 ], [ 21.10059908, 49.08649892 ], [ 21.10065339, 49.08647266 ], [ 21.10066056, 49.08627437 ], [ 21.10060032, 49.0861663 ], [ 21.10039543, 49.08612895 ], [ 21.10010941, 49.0862281 ], [ 21.09981901, 49.08641588 ], [ 21.09971415, 49.0863937 ], [ 21.0995704, 49.08635075 ], [ 21.09954149, 49.08633956 ], [ 21.09951217, 49.08633016 ], [ 21.09933673, 49.08615817 ], [ 21.09915779, 49.08605944 ], [ 21.09917133, 49.08576061 ], [ 21.09939816, 49.08569612 ], [ 21.09939455, 49.08560076 ], [ 21.09924522, 49.08555546 ], [ 21.09906011, 49.0855508 ], [ 21.09893136, 49.08552182 ], [ 21.09884742, 49.0855429 ], [ 21.09880683, 49.08553944 ], [ 21.09866631, 49.08540134 ], [ 21.09838378, 49.08542389 ], [ 21.0979757, 49.08540767 ], [ 21.09791947, 49.08534348 ], [ 21.09779968, 49.0853084 ], [ 21.09750718, 49.08514778 ], [ 21.0973958, 49.08505842 ], [ 21.09736334, 49.08505071 ], [ 21.09714325, 49.08504834 ], [ 21.0968016, 49.08506792 ], [ 21.09670395, 49.08500042 ], [ 21.09666368, 49.08490027 ], [ 21.09654907, 49.08484898 ], [ 21.09618747, 49.08480498 ], [ 21.09595186, 49.0848491 ], [ 21.09579347, 49.08478749 ], [ 21.09558615, 49.08484566 ], [ 21.09520816, 49.08490791 ], [ 21.09514355, 49.08496031 ], [ 21.09508655, 49.08497658 ], [ 21.09499389, 49.08488439 ], [ 21.094777, 49.0847468 ], [ 21.09468373, 49.08456501 ], [ 21.09469203, 49.08447174 ], [ 21.09462842, 49.08436121 ], [ 21.09433338, 49.08440289 ], [ 21.09414587, 49.08433098 ], [ 21.09367254, 49.08444229 ], [ 21.09366365, 49.08451385 ], [ 21.09364405, 49.08456364 ], [ 21.09364935, 49.08458091 ], [ 21.09368758, 49.08470467 ], [ 21.09388553, 49.08501775 ], [ 21.09376307, 49.08515327 ], [ 21.09342933, 49.08513276 ], [ 21.09322988, 49.08510899 ], [ 21.09292109, 49.08521378 ], [ 21.09265085, 49.08519638 ], [ 21.09251147, 49.08521829 ], [ 21.09234747, 49.08535203 ], [ 21.09204329, 49.08521407 ], [ 21.09180882, 49.08516549 ], [ 21.09161797, 49.08514595 ], [ 21.09148177, 49.08517841 ], [ 21.09135331, 49.08524703 ], [ 21.09128325, 49.08517915 ], [ 21.09125784, 49.08520372 ], [ 21.09099228, 49.08547366 ], [ 21.09076523, 49.08569757 ], [ 21.09068702, 49.085776 ], [ 21.09060709, 49.08585554 ], [ 21.09040736, 49.08604917 ], [ 21.09036405, 49.08608605 ], [ 21.09032609, 49.08611724 ], [ 21.09030434, 49.08613509 ], [ 21.09029281, 49.08614453 ], [ 21.09027028, 49.08616541 ], [ 21.09013157, 49.0862943 ], [ 21.09003917, 49.08637929 ], [ 21.08994866, 49.08646092 ], [ 21.08987323, 49.08652971 ], [ 21.08970892, 49.0866729 ], [ 21.08957501, 49.08679248 ], [ 21.08947358, 49.08688646 ], [ 21.08927605, 49.08706891 ], [ 21.0891203, 49.0872039 ], [ 21.08777444, 49.08816605 ], [ 21.08714545, 49.08861094 ], [ 21.0870323, 49.08869094 ], [ 21.08702106, 49.08869823 ], [ 21.08700609, 49.08870783 ], [ 21.08697211, 49.0887297 ], [ 21.08686168, 49.08880079 ], [ 21.08671784, 49.0888934 ], [ 21.08656364, 49.0889927 ], [ 21.08642191, 49.08907169 ], [ 21.08626761, 49.08915757 ], [ 21.08611229, 49.08924414 ], [ 21.08595511, 49.08933182 ], [ 21.08565536, 49.08949883 ], [ 21.08469517, 49.0899526 ], [ 21.08440793, 49.09013909 ], [ 21.08427157, 49.0902748 ], [ 21.08409464, 49.0904471 ], [ 21.08379162, 49.09085078 ], [ 21.08339739, 49.0912589 ], [ 21.08282126, 49.09173833 ], [ 21.08215231, 49.0921351 ], [ 21.08153448, 49.09250244 ], [ 21.08077219, 49.0930678 ], [ 21.08086463, 49.09312605 ], [ 21.08093364, 49.0931713 ], [ 21.0807183, 49.09338594 ], [ 21.08052506, 49.09364981 ], [ 21.0800688, 49.09422888 ], [ 21.07994785, 49.09438551 ], [ 21.07977447, 49.09465326 ], [ 21.07942585, 49.09501495 ], [ 21.07942065, 49.09507177 ], [ 21.07939304, 49.09510383 ], [ 21.07908918, 49.0957384 ], [ 21.07878965, 49.09626155 ], [ 21.07838976, 49.09688015 ], [ 21.07805408, 49.09728132 ], [ 21.07751056, 49.09783659 ], [ 21.07741147, 49.09806379 ], [ 21.07740114, 49.0980956 ], [ 21.0773369, 49.09813152 ], [ 21.07711485, 49.09825564 ], [ 21.07689172, 49.09837755 ], [ 21.07681263, 49.09843245 ], [ 21.07636922, 49.0987429 ], [ 21.07626385, 49.09882459 ], [ 21.0757973, 49.09919147 ], [ 21.07548768, 49.09956808 ], [ 21.0752071, 49.09997814 ], [ 21.07517683, 49.10001254 ], [ 21.07502076, 49.10019487 ], [ 21.07474127, 49.10036259 ], [ 21.0746126, 49.10043866 ], [ 21.07381717, 49.10080448 ], [ 21.07379312, 49.10082532 ], [ 21.07350883, 49.10115638 ], [ 21.07331847, 49.10120462 ], [ 21.07302456, 49.10127906 ], [ 21.07265035, 49.10151233 ], [ 21.07196642, 49.10184446 ], [ 21.07140986, 49.10210489 ], [ 21.07113746, 49.10224357 ], [ 21.07065756, 49.1025405 ], [ 21.0701814, 49.10282396 ], [ 21.06958457, 49.10301583 ], [ 21.06925824, 49.10331806 ], [ 21.06908539, 49.10374049 ], [ 21.0690233, 49.1041213 ], [ 21.06901458, 49.10414614 ], [ 21.06880703, 49.10473913 ], [ 21.06832381, 49.10618447 ], [ 21.06741477, 49.10630206 ], [ 21.06703261, 49.1065473 ], [ 21.06652503, 49.1070115 ], [ 21.06657189, 49.10720793 ], [ 21.06676977, 49.10745506 ], [ 21.06702129, 49.10774596 ], [ 21.06714109, 49.10796266 ], [ 21.06734359, 49.10826729 ], [ 21.06756574, 49.10860244 ], [ 21.06761959, 49.10876425 ], [ 21.06791674, 49.10897146 ], [ 21.06826794, 49.10927557 ], [ 21.06849325, 49.10955041 ], [ 21.06866454, 49.10982692 ], [ 21.06892339, 49.11010446 ], [ 21.06908405, 49.11052487 ], [ 21.0693267, 49.11084843 ], [ 21.06943969, 49.11101359 ], [ 21.06951979, 49.11108486 ], [ 21.06959681, 49.11115334 ], [ 21.06968168, 49.11122882 ], [ 21.07010433, 49.11159735 ], [ 21.07032788, 49.11179515 ], [ 21.07072344, 49.11214651 ], [ 21.07102416, 49.11241648 ], [ 21.07113516, 49.11251667 ], [ 21.07123397, 49.11261294 ], [ 21.07143504, 49.11282532 ], [ 21.07171757, 49.11313315 ], [ 21.07209674, 49.11354628 ], [ 21.07229387, 49.11371063 ], [ 21.0725531, 49.11392677 ], [ 21.07266322, 49.11401855 ], [ 21.07295373, 49.11426577 ], [ 21.0733574, 49.11464124 ], [ 21.0733922, 49.11467288 ], [ 21.07346477, 49.1147386 ], [ 21.07348417, 49.11475624 ], [ 21.07350048, 49.11477099 ], [ 21.0735033, 49.1147736 ], [ 21.07351475, 49.1147837 ], [ 21.074155, 49.11535566 ], [ 21.07432732, 49.11550355 ], [ 21.07449243, 49.1156377 ], [ 21.0746591, 49.11577307 ], [ 21.07474082, 49.11583945 ], [ 21.07492275, 49.11598719 ], [ 21.07521879, 49.1162507 ], [ 21.07548515, 49.11647634 ], [ 21.07555222, 49.11653315 ], [ 21.07579502, 49.11666673 ], [ 21.07596535, 49.11676045 ], [ 21.07619357, 49.11693309 ], [ 21.07641312, 49.11717414 ], [ 21.07644855, 49.11719923 ], [ 21.07599045, 49.11757008 ], [ 21.07585936, 49.11776051 ], [ 21.0758415, 49.1178361 ], [ 21.07582291, 49.11791427 ], [ 21.07577632, 49.11791728 ], [ 21.07565075, 49.11802289 ], [ 21.07560072, 49.11806836 ], [ 21.07553391, 49.11812905 ], [ 21.07545887, 49.11819722 ], [ 21.07533879, 49.11830634 ], [ 21.07529689, 49.11843941 ], [ 21.07528952, 49.11846276 ], [ 21.07528234, 49.11848548 ], [ 21.07527764, 49.11850064 ], [ 21.07528984, 49.1187045 ], [ 21.07546163, 49.1192322 ], [ 21.07560047, 49.11959697 ], [ 21.07564975, 49.11958172 ], [ 21.07553782, 49.11974152 ], [ 21.07503698, 49.12029834 ], [ 21.07462448, 49.12073575 ], [ 21.07401766, 49.12130266 ], [ 21.07384106, 49.12146677 ], [ 21.07361814, 49.12157357 ], [ 21.07295594, 49.12187742 ], [ 21.0726164, 49.12215863 ], [ 21.07227536, 49.12263038 ], [ 21.07206911, 49.12284242 ], [ 21.07186133, 49.12300507 ], [ 21.07188506, 49.12303077 ], [ 21.07195022, 49.12308392 ], [ 21.07206599, 49.12312798 ], [ 21.07245003, 49.12326424 ], [ 21.07262173, 49.12330146 ], [ 21.07289666, 49.12336523 ], [ 21.0731202, 49.12341538 ], [ 21.07327773, 49.12344953 ], [ 21.07343806, 49.12349566 ], [ 21.07367182, 49.12355604 ], [ 21.07368985, 49.12356436 ], [ 21.07273284, 49.12494853 ], [ 21.07239191, 49.12557631 ], [ 21.07256673, 49.12544528 ], [ 21.07295916, 49.12522213 ], [ 21.0736655, 49.1250018 ], [ 21.07410486, 49.1250552 ], [ 21.07405328, 49.12499106 ], [ 21.0739647, 49.12487684 ], [ 21.07393459, 49.12455843 ], [ 21.07416585, 49.12439356 ], [ 21.07441918, 49.12432069 ], [ 21.07462453, 49.1241115 ], [ 21.07474286, 49.12399845 ], [ 21.07501913, 49.12381856 ], [ 21.07529557, 49.12375381 ], [ 21.07527873, 49.12360292 ], [ 21.0751873, 49.12350293 ], [ 21.07517856, 49.12340703 ], [ 21.0753069, 49.12329395 ], [ 21.07545655, 49.12318758 ], [ 21.07593322, 49.12298199 ], [ 21.07597189, 49.12281506 ], [ 21.0758947, 49.12271183 ], [ 21.0758617, 49.12255871 ], [ 21.07604031, 49.12238413 ], [ 21.07616445, 49.12234554 ], [ 21.07629235, 49.12221435 ], [ 21.07641411, 49.12202596 ], [ 21.07644131, 49.12193177 ], [ 21.07641317, 49.12179249 ], [ 21.07625638, 49.12174674 ], [ 21.07628372, 49.12158278 ], [ 21.07648865, 49.1214781 ], [ 21.07648856, 49.12138006 ], [ 21.07642874, 49.12128297 ], [ 21.07646097, 49.12116373 ], [ 21.07673982, 49.1210409 ], [ 21.07684029, 49.12094636 ], [ 21.07672586, 49.12091198 ], [ 21.07696021, 49.12074387 ], [ 21.07696735, 49.12070161 ], [ 21.07700779, 49.12045956 ], [ 21.07722465, 49.1203622 ], [ 21.07728272, 49.12018887 ], [ 21.07739417, 49.12014753 ], [ 21.07744694, 49.12012222 ], [ 21.07746774, 49.11995579 ], [ 21.07755303, 49.11980558 ], [ 21.07771087, 49.11980417 ], [ 21.07779756, 49.11975457 ], [ 21.07781077, 49.11965479 ], [ 21.07768048, 49.1195151 ], [ 21.07760106, 49.11956467 ], [ 21.07742183, 49.11937506 ], [ 21.07748138, 49.11934718 ], [ 21.0779298, 49.11913726 ], [ 21.07796013, 49.11915543 ], [ 21.07800759, 49.11920125 ], [ 21.07783409, 49.11928012 ], [ 21.07772074, 49.11938378 ], [ 21.07791189, 49.11956252 ], [ 21.07794274, 49.11960871 ], [ 21.07795741, 49.11973918 ], [ 21.07785495, 49.11984743 ], [ 21.07774682, 49.11993443 ], [ 21.07760133, 49.12019282 ], [ 21.07738862, 49.12054132 ], [ 21.07741737, 49.12064488 ], [ 21.07737086, 49.12072765 ], [ 21.07720567, 49.12081641 ], [ 21.07734648, 49.12108707 ], [ 21.07741481, 49.12114743 ], [ 21.07747948, 49.12119065 ], [ 21.07742488, 49.12121465 ], [ 21.07732309, 49.12117626 ], [ 21.07695305, 49.12124547 ], [ 21.07688018, 49.12134332 ], [ 21.0767653, 49.12155174 ], [ 21.07661588, 49.12165514 ], [ 21.07653669, 49.12175667 ], [ 21.07661469, 49.1219721 ], [ 21.07654251, 49.12214884 ], [ 21.07631566, 49.12239263 ], [ 21.07614933, 49.12261217 ], [ 21.07617566, 49.12274248 ], [ 21.07629629, 49.12280966 ], [ 21.07653163, 49.12250186 ], [ 21.07679085, 49.12267676 ], [ 21.07691746, 49.12282173 ], [ 21.07719885, 49.12298266 ], [ 21.07728968, 49.12302826 ], [ 21.07744899, 49.12307156 ], [ 21.07781083, 49.12318025 ], [ 21.07818825, 49.12342737 ], [ 21.07820811, 49.12340757 ], [ 21.07851822, 49.12315088 ], [ 21.07886476, 49.1233303 ], [ 21.07898933, 49.12340354 ], [ 21.07914024, 49.1234896 ], [ 21.07928386, 49.12356129 ], [ 21.07930413, 49.12357832 ], [ 21.07932532, 49.12359026 ], [ 21.07956407, 49.1237473 ], [ 21.07958539, 49.12376131 ], [ 21.0797503, 49.12389319 ], [ 21.07996545, 49.1240817 ], [ 21.08020119, 49.12428824 ], [ 21.08062098, 49.12397898 ], [ 21.08128643, 49.12342365 ], [ 21.08156205, 49.12321536 ], [ 21.08242018, 49.12369173 ], [ 21.08307138, 49.12312846 ], [ 21.08350867, 49.12275151 ], [ 21.08367005, 49.12261643 ], [ 21.08380221, 49.12251796 ], [ 21.08412256, 49.1226478 ], [ 21.08434572, 49.12273825 ], [ 21.08400124, 49.1228878 ], [ 21.08445511, 49.12278885 ], [ 21.08465283, 49.12277332 ], [ 21.08498051, 49.12277538 ], [ 21.08519815, 49.12272268 ], [ 21.08522858, 49.12274689 ], [ 21.08530705, 49.12280936 ], [ 21.0853402, 49.12283582 ], [ 21.08545884, 49.12292975 ], [ 21.08589497, 49.12305403 ], [ 21.08898879, 49.1242062 ], [ 21.08901934, 49.12422141 ], [ 21.08914162, 49.12415808 ], [ 21.08925822, 49.12407701 ], [ 21.0892705, 49.12406498 ], [ 21.08937646, 49.123996 ], [ 21.08946549, 49.12392953 ], [ 21.08948651, 49.12391445 ], [ 21.0898822, 49.12362582 ], [ 21.09003376, 49.12348411 ], [ 21.09014084, 49.12339275 ], [ 21.09022561, 49.1233301 ], [ 21.09030921, 49.12325374 ], [ 21.09051906, 49.12307897 ], [ 21.09061059, 49.1229863 ], [ 21.09075604, 49.1228308 ], [ 21.09080728, 49.1228482 ], [ 21.09100519, 49.12276929 ], [ 21.09105809, 49.12275343 ], [ 21.09124367, 49.1226779 ], [ 21.0913466, 49.12247269 ], [ 21.0914762, 49.12243057 ], [ 21.09156179, 49.12249328 ], [ 21.09171202, 49.12253897 ], [ 21.0919445, 49.1227199 ], [ 21.09206573, 49.1229268 ], [ 21.09207078, 49.12302483 ], [ 21.0919995, 49.12316794 ], [ 21.09199124, 49.12327165 ], [ 21.09207935, 49.12342032 ], [ 21.09208677, 49.12343308 ], [ 21.09267287, 49.12341315 ], [ 21.09317506, 49.12337072 ], [ 21.09353323, 49.12333916 ], [ 21.09397902, 49.12328764 ], [ 21.09398829, 49.12331242 ], [ 21.09444955, 49.12329092 ], [ 21.09454075, 49.12331877 ], [ 21.09459553, 49.12348609 ], [ 21.09463807, 49.12359648 ], [ 21.09472578, 49.1238393 ], [ 21.09476081, 49.12407657 ], [ 21.09481585, 49.12422742 ], [ 21.094837, 49.12429526 ], [ 21.09487158, 49.12443537 ], [ 21.0949272, 49.12461711 ], [ 21.09500511, 49.1247777 ], [ 21.0950633, 49.12487697 ], [ 21.0951436, 49.12498515 ], [ 21.09520832, 49.12505564 ], [ 21.09534526, 49.12519345 ], [ 21.0954124, 49.12533838 ], [ 21.09543529, 49.12549369 ], [ 21.09543792, 49.12567779 ], [ 21.09539444, 49.12606892 ], [ 21.09546973, 49.12668001 ], [ 21.0955692, 49.12715404 ], [ 21.09575404, 49.1279099 ], [ 21.09579278, 49.12801611 ], [ 21.09596826, 49.12845872 ], [ 21.09613984, 49.12870477 ], [ 21.09632623, 49.12912991 ], [ 21.09636138, 49.12935457 ], [ 21.09640005, 49.12972033 ], [ 21.09627175, 49.13075236 ], [ 21.09623708, 49.13100099 ], [ 21.09608113, 49.13172765 ], [ 21.09602018, 49.13197544 ], [ 21.09598127, 49.13207989 ], [ 21.09586641, 49.13234053 ], [ 21.09570312, 49.13260665 ], [ 21.09583804, 49.13261511 ], [ 21.09596508, 49.13263358 ], [ 21.0960914, 49.13265995 ], [ 21.09619877, 49.13268842 ], [ 21.0962726, 49.1327177 ], [ 21.09636359, 49.13275788 ], [ 21.09650442, 49.13279381 ], [ 21.09689752, 49.13278605 ], [ 21.09711352, 49.13276505 ], [ 21.09729475, 49.13278363 ], [ 21.09764683, 49.13296406 ], [ 21.09786374, 49.13297694 ], [ 21.09796451, 49.13275627 ], [ 21.09806935, 49.13263601 ] ] ] } },
{ "type": "Feature", "properties": { "@featureType": "CadastralZoning", "beginLifespanVersion": { "@nilReason": "http://inspire.ec.europa.eu/codelist/VoidReasonValue/Unpopulated", "@nil": "true" }, "endLifespanVersion": { "@nilReason": "http://inspire.ec.europa.eu/codelist/VoidReasonValue/Unpopulated", "@nil": "true" }, "estimatedAccuracy": { "value": -1, "@uom": "m" }, "inspireId": { "@dataType": "Identifier", "localId": "844349", "namespace": "SK.ESKN.CP", "versionId": "20260703T04:07:40" }, "label": "Orkucany", "level": { "@href": "http://inspire.ec.europa.eu/codelist/CadastralZoningLevelValue/3rdOrder" }, "levelName": { "value": "Katastrálne územie", "@locale": "sk" }, "name_1": { "@dataType": "name", "GeographicalName": { "@dataType": "GeographicalName", "language": "SLK", "nativeness": { "@href": "http://inspire.ec.europa.eu/codelist/NativenessValue/endonym", "@title": "endonym" }, "nameStatus": { "@href": "http://inspire.ec.europa.eu/codelist/NameStatusValue/official", "@title": "official" }, "sourceOfName": { "@nilReason": "http://inspire.ec.europa.eu/codelist/VoidReasonValue/Unpopulated", "@nil": "true" }, "pronunciation": { "@dataType": "pronunciation", "@nilReason": "http://inspire.ec.europa.eu/codelist/VoidReasonValue/Unpopulated", "@nil": "true" }, "spelling": { "@dataType": "SpellingOfName", "text": "Orkucany", "script": "LATN" } } }, "nationalCadastalZoningReference": "844349", "validFrom": "2026-06-30T16:00:00Z", "validTo": { "@nilReason": "http://inspire.ec.europa.eu/codelist/VoidReasonValue/Unpopulated", "@nil": "true" }, "place_id": 189419059, "osm_type": "relation", "osm_id": 2277122, "place_rank": 16, "category": "boundary", "type": "administrative", "importance": 0.50787321596162893, "addresstype": "town", "name_2": "Sabinov", "display_name": "Sabinov, okres Sabinov, Prešovský kraj, 083 01, Slovensko" }, "geometry": { "type": "Polygon", "coordinates": [ [ [ 21.12742918, 49.1036363 ], [ 21.1275308, 49.10352258 ], [ 21.127539147773547, 49.103516629251814 ], [ 21.1275423, 49.1035129 ], [ 21.128776892941719, 49.102589612415052 ], [ 21.128810288410875, 49.102544771317746 ], [ 21.128882231645012, 49.102434000159477 ], [ 21.1289346, 49.1023455 ], [ 21.12898065, 49.10208508 ], [ 21.12899937, 49.1019798 ], [ 21.12906851, 49.10126431 ], [ 21.12901309, 49.10108231 ], [ 21.12902581555047, 49.101076476062147 ], [ 21.1290247, 49.1010728 ], [ 21.129578636377637, 49.100818725454012 ], [ 21.13044007, 49.10005828 ], [ 21.130624305612493, 49.099943047555762 ], [ 21.130954315721443, 49.099666522993402 ], [ 21.13131364, 49.09825387 ], [ 21.13132193, 49.09822128 ], [ 21.13158424, 49.09719042 ], [ 21.13166086, 49.09703594 ], [ 21.13171398, 49.09692896 ], [ 21.13195685, 49.09661302 ], [ 21.1328592, 49.09561967 ], [ 21.13314516, 49.09530482 ], [ 21.133148582522892, 49.095303826512207 ], [ 21.1331566, 49.095295 ], [ 21.1339026, 49.0950788 ], [ 21.13407248391648, 49.094990765729285 ], [ 21.1341004577909, 49.09495435630798 ], [ 21.134165143844143, 49.094856573540561 ], [ 21.13419215, 49.09476384 ], [ 21.13436276, 49.09455039 ], [ 21.134373346618123, 49.094541843511415 ], [ 21.1343745, 49.0945401 ], [ 21.134822681326053, 49.094094873135894 ], [ 21.13484605, 49.0940685 ], [ 21.134868749482962, 49.09404910866548 ], [ 21.135206166931923, 49.093713915510477 ], [ 21.13521243, 49.0937056 ], [ 21.135218423295015, 49.093701739942716 ], [ 21.135224, 49.0936962 ], [ 21.135532080964129, 49.09345796106804 ], [ 21.135847244827854, 49.093135497354389 ], [ 21.136266183088875, 49.092703595544307 ], [ 21.13631181, 49.09264303 ], [ 21.13646267, 49.09250034 ], [ 21.13661237, 49.09232305 ], [ 21.1367872, 49.09216367 ], [ 21.13696687, 49.09197778 ], [ 21.13714281, 49.09179772 ], [ 21.137175998154248, 49.091749309336464 ], [ 21.137327830206964, 49.091479118291645 ], [ 21.13735081, 49.09142764 ], [ 21.137390792113319, 49.091386090036949 ], [ 21.137614162506029, 49.091138190462118 ], [ 21.13762523, 49.09112367 ], [ 21.13765384, 49.09104014 ], [ 21.13767489, 49.09091603 ], [ 21.13759545, 49.09078819 ], [ 21.13759192, 49.09064395 ], [ 21.13760783, 49.09055064 ], [ 21.13762957, 49.09052892 ], [ 21.13763553, 49.09046276 ], [ 21.13775372, 49.09031859 ], [ 21.1378966, 49.09019852 ], [ 21.13805037, 49.09009067 ], [ 21.138108134837307, 49.090014833680094 ], [ 21.138132417456855, 49.089980301273073 ], [ 21.13827572, 49.08976976 ], [ 21.13825527, 49.08950128 ], [ 21.13815209, 49.08922829 ], [ 21.13811322, 49.08908374 ], [ 21.1381289, 49.0889934 ], [ 21.13813814, 49.08890124 ], [ 21.13804108, 49.08875952 ], [ 21.13797634, 49.08869661 ], [ 21.13797173, 49.08852803 ], [ 21.137851053323008, 49.088400391831883 ], [ 21.137761066481083, 49.088320297673306 ], [ 21.13752532, 49.08812821 ], [ 21.13703356, 49.08771696 ], [ 21.1369136, 49.08758658 ], [ 21.1368391, 49.08747376 ], [ 21.13681334, 49.08737671 ], [ 21.136821992290226, 49.087310763013619 ], [ 21.136817998464757, 49.087230484248387 ], [ 21.13679945, 49.08709736 ], [ 21.136725382221346, 49.087050930877787 ], [ 21.136704155557293, 49.087041779465252 ], [ 21.13656716, 49.08701285 ], [ 21.13648643, 49.08696249 ], [ 21.13629315, 49.08676299 ], [ 21.13622342, 49.08661322 ], [ 21.136234999775166, 49.086603997688812 ], [ 21.1362347, 49.0866036 ], [ 21.136412976151508, 49.086461373370447 ], [ 21.13638328, 49.08630311 ], [ 21.1362523, 49.08618849 ], [ 21.13627155, 49.08602534 ], [ 21.136283156430114, 49.08601596531674 ], [ 21.1362832, 49.0860156 ], [ 21.136552032499207, 49.085798293729802 ], [ 21.13669256, 49.08566976 ], [ 21.13673914, 49.08558607 ], [ 21.13665975, 49.08545779 ], [ 21.136536980072023, 49.085391284912887 ], [ 21.136451250634863, 49.085354922214279 ], [ 21.13630734, 49.08530879 ], [ 21.13632557742622, 49.085258262474945 ], [ 21.136356966848318, 49.085073700619709 ], [ 21.1363547, 49.08502985 ], [ 21.13642322, 49.08490311 ], [ 21.13648416, 49.08482356 ], [ 21.13635867, 49.08469598 ], [ 21.136181442298849, 49.084679797884647 ], [ 21.136092174683409, 49.084676959353978 ], [ 21.13603076, 49.08469675 ], [ 21.13593078, 49.0846826 ], [ 21.13592457, 49.08455267 ], [ 21.135945506541756, 49.084527577466631 ], [ 21.136016738680709, 49.084414702965077 ], [ 21.13602988, 49.08438604 ], [ 21.13600029, 49.08433163 ], [ 21.13592209, 49.08424137 ], [ 21.13561782, 49.08416664 ], [ 21.13550855, 49.08415399 ], [ 21.13532296, 49.08409445 ], [ 21.135337220506997, 49.084085592888236 ], [ 21.1353344, 49.0840849 ], [ 21.135379435904913, 49.08405681969132 ], [ 21.13533422579998, 49.084036880102751 ], [ 21.135292383044053, 49.084028763814572 ], [ 21.13522883, 49.08402872 ], [ 21.135243656231193, 49.084019312217848 ], [ 21.1352405, 49.0840187 ], [ 21.135313773392451, 49.083972002883755 ], [ 21.13526594, 49.08395085 ], [ 21.1350423, 49.08394097 ], [ 21.13495815, 49.08387384 ], [ 21.13512795, 49.08372303 ], [ 21.135141065459308, 49.083674763671873 ], [ 21.135144608635652, 49.083588447959265 ], [ 21.13513554, 49.083547 ], [ 21.135029486812545, 49.083544271652386 ], [ 21.134874378559882, 49.083553232582396 ], [ 21.13482197, 49.08356533 ], [ 21.13466131, 49.08345373 ], [ 21.13469055, 49.08334321 ], [ 21.13457816, 49.08332821 ], [ 21.13450001, 49.08329692 ], [ 21.13423402, 49.0831602 ], [ 21.13411777, 49.08303002 ], [ 21.134069, 49.08290109 ], [ 21.133892, 49.08283291 ], [ 21.13384563, 49.08275707 ], [ 21.13375923, 49.08266836 ], [ 21.13360762, 49.08265005 ], [ 21.133548799742631, 49.082634766727352 ], [ 21.133448061599427, 49.082623851197816 ], [ 21.1334206, 49.0826325 ], [ 21.13312423, 49.08249517 ], [ 21.133138894678563, 49.082487072226954 ], [ 21.1331357, 49.0824856 ], [ 21.133161820131981, 49.082474412889205 ], [ 21.13329752, 49.08239948 ], [ 21.133519392148937, 49.08232126673466 ], [ 21.133585571501442, 49.082292922477095 ], [ 21.13352146, 49.082215 ], [ 21.13333265, 49.08221622 ], [ 21.13321973, 49.08219553 ], [ 21.13298834, 49.08217559 ], [ 21.13295952, 49.08214433 ], [ 21.13301917, 49.08197815 ], [ 21.13252934, 49.08162762 ], [ 21.13247881, 49.08162889 ], [ 21.13227418, 49.08152094 ], [ 21.13212475, 49.08130157 ], [ 21.132010097074666, 49.081311418246479 ], [ 21.131983, 49.0813575 ], [ 21.131977460502561, 49.081357592887919 ], [ 21.1319716, 49.08136775 ], [ 21.13175574, 49.08138637 ], [ 21.13173266, 49.08139446 ], [ 21.13157807, 49.08137389 ], [ 21.13158893, 49.08118347 ], [ 21.131574797860498, 49.081152502783922 ], [ 21.131531316983757, 49.081117488846608 ], [ 21.13147118, 49.08108872 ], [ 21.131497101365539, 49.081089935963568 ], [ 21.1314829, 49.0810785 ], [ 21.1317441, 49.0810912 ], [ 21.1318809, 49.0810416 ], [ 21.131918348738406, 49.081055559898665 ], [ 21.13183036, 49.0809793 ], [ 21.13180989, 49.08091284 ], [ 21.131737226280691, 49.080858178528707 ], [ 21.131623720863775, 49.080796980790083 ], [ 21.13155664, 49.08077651 ], [ 21.131482623458016, 49.080665914192295 ], [ 21.131410422852365, 49.080580643750345 ], [ 21.13135717, 49.08056312 ], [ 21.13136295, 49.08054791 ], [ 21.13129073, 49.08054409 ], [ 21.13102915, 49.08069423 ], [ 21.13084561, 49.08069462 ], [ 21.13063016, 49.08058848 ], [ 21.13048337, 49.08062775 ], [ 21.1302619, 49.08061469 ], [ 21.13008658, 49.08053503 ], [ 21.12985035, 49.08057156 ], [ 21.12963743, 49.08059495 ], [ 21.12954695, 49.08040356 ], [ 21.12957138, 49.08032674 ], [ 21.12951059, 49.08024963 ], [ 21.129492159412166, 49.080226222546521 ], [ 21.129469043255707, 49.080203045981982 ], [ 21.12940437, 49.08014903 ], [ 21.1293415, 49.08009653 ], [ 21.12916233, 49.08006176 ], [ 21.12914949, 49.08005928 ], [ 21.129030373010941, 49.080061367126056 ], [ 21.128915319176439, 49.080072083705517 ], [ 21.12886054, 49.08008603 ], [ 21.1288475, 49.08000252 ], [ 21.12878331, 49.07994736 ], [ 21.12867168, 49.07985145 ], [ 21.12827972, 49.07999664 ], [ 21.128247404154084, 49.079943275076069 ], [ 21.128193741459835, 49.079889945100028 ], [ 21.1281709, 49.07991297 ], [ 21.128067548857498, 49.079789379992363 ], [ 21.1280773, 49.0799068 ], [ 21.128064783549391, 49.079903467355926 ], [ 21.12806592, 49.07991665 ], [ 21.127825476332241, 49.079839749149762 ], [ 21.127764363313347, 49.079823477129295 ], [ 21.12763874, 49.07980297 ], [ 21.12755567, 49.07976423 ], [ 21.12751829, 49.07963908 ], [ 21.12745527, 49.07959593 ], [ 21.127374116404294, 49.07951904940316 ], [ 21.127325399640053, 49.079484487022569 ], [ 21.12716959, 49.07939222 ], [ 21.12644484, 49.079175 ], [ 21.126477200430049, 49.079171684692895 ], [ 21.1264565, 49.0791655 ], [ 21.126409495363848, 49.079131475543193 ], [ 21.12633602, 49.07909691 ], [ 21.12631026, 49.07901497 ], [ 21.12634583, 49.07883155 ], [ 21.12638665, 49.0786942 ], [ 21.12626204, 49.07865738 ], [ 21.12611596, 49.07856433 ], [ 21.12594637, 49.07833631 ], [ 21.12541676, 49.07807117 ], [ 21.125323865125409, 49.078021581437639 ], [ 21.124944846018529, 49.077839065343554 ], [ 21.12488139, 49.07782485 ], [ 21.12472558, 49.07775039 ], [ 21.12467744, 49.07772662 ], [ 21.12459917, 49.07768794 ], [ 21.12454892, 49.07766311 ], [ 21.12451024, 49.07764496 ], [ 21.12426771, 49.07759051 ], [ 21.12419909, 49.0775751 ], [ 21.12395643, 49.07752065 ], [ 21.12381083, 49.07748793 ], [ 21.12364404, 49.07740808 ], [ 21.12329876, 49.07728267 ], [ 21.12289045, 49.07708277 ], [ 21.12248341, 49.07691578 ], [ 21.12191704, 49.07662559 ], [ 21.12163862, 49.07644279 ], [ 21.121279911058725, 49.076272921035951 ], [ 21.121089478425368, 49.076190374275633 ], [ 21.12056217, 49.07597655 ], [ 21.120400230438598, 49.07588266622799 ], [ 21.120396327481572, 49.075880773270548 ], [ 21.11987291, 49.07564157 ], [ 21.119180883634623, 49.075291275754743 ], [ 21.117794424458207, 49.074618834784047 ], [ 21.11759448, 49.07453193 ], [ 21.11745929, 49.07446244 ], [ 21.1173773, 49.0744203 ], [ 21.11727419, 49.07436732 ], [ 21.117246609574046, 49.074353141297557 ], [ 21.117143031272054, 49.074302905203254 ], [ 21.11713414, 49.07430046 ], [ 21.11709642, 49.07428981 ], [ 21.1169535, 49.07421368 ], [ 21.116897227061219, 49.074183688694795 ], [ 21.115911174629204, 49.073705447383531 ], [ 21.11489799, 49.07322479 ], [ 21.11468709, 49.0731248 ], [ 21.11460183, 49.07308435 ], [ 21.11447645, 49.0730249 ], [ 21.11444309, 49.07300907 ], [ 21.11411669, 49.072805 ], [ 21.11337024, 49.07233824 ], [ 21.11271356, 49.07193835 ], [ 21.11264406, 49.07188869 ], [ 21.11260058, 49.07185768 ], [ 21.11140196, 49.07100195 ], [ 21.110667384916045, 49.071077286209452 ], [ 21.110622769214682, 49.071169227753487 ], [ 21.1105872, 49.07125583 ], [ 21.110558547868784, 49.071301571514134 ], [ 21.1105399, 49.07134 ], [ 21.110531018092519, 49.071345521251786 ], [ 21.11052815, 49.0713501 ], [ 21.11016533, 49.07157565 ], [ 21.10987923, 49.07171812 ], [ 21.109831514149228, 49.071728144391749 ], [ 21.109596137662699, 49.071838840279135 ], [ 21.10944821, 49.07191349 ], [ 21.10922639, 49.07207233 ], [ 21.10879455, 49.07232124 ], [ 21.108708164304165, 49.072347152287115 ], [ 21.108388183175961, 49.072465840220254 ], [ 21.10837262, 49.07247503 ], [ 21.10812938, 49.07256782 ], [ 21.10736644, 49.07305949 ], [ 21.10718416, 49.07315414 ], [ 21.10703966, 49.07313475 ], [ 21.106929961962521, 49.07311315971841 ], [ 21.1066141, 49.0734912 ], [ 21.1065674, 49.0736991 ], [ 21.106556346428462, 49.073707218875342 ], [ 21.10655587, 49.07370934 ], [ 21.106320856391743, 49.073882109976331 ], [ 21.1062269, 49.0740856 ], [ 21.1062356, 49.0742884 ], [ 21.1060534, 49.0746538 ], [ 21.1058995, 49.0747885 ], [ 21.1058639, 49.0749302 ], [ 21.105674, 49.0751831 ], [ 21.1057973, 49.0754469 ], [ 21.105647327983206, 49.075600335019466 ], [ 21.10557384, 49.07571162 ], [ 21.105546706417073, 49.075703280037409 ], [ 21.1053599, 49.0758944 ], [ 21.105032980983157, 49.076413113210421 ], [ 21.10500703, 49.07646649 ], [ 21.104903639719812, 49.076618335355647 ], [ 21.1048482, 49.0767063 ], [ 21.104840590170021, 49.076710933821325 ], [ 21.10483695, 49.07671628 ], [ 21.10466505, 49.07682611 ], [ 21.10443282, 49.0769937 ], [ 21.104283973409725, 49.077056031052642 ], [ 21.1043416, 49.0771537 ], [ 21.104314536670596, 49.077183910111636 ], [ 21.1041875, 49.07735075 ], [ 21.104110708127852, 49.077411438770078 ], [ 21.104072465681121, 49.07745412784827 ], [ 21.10400413, 49.07754871 ], [ 21.1038699, 49.07769926 ], [ 21.103801811727312, 49.077756252026667 ], [ 21.1038015, 49.0777566 ], [ 21.1039001, 49.0779138 ], [ 21.1038314, 49.0780276 ], [ 21.103822469483092, 49.078032635153662 ], [ 21.10381994, 49.07803681 ], [ 21.10380331537754, 49.07804343451339 ], [ 21.103556070404856, 49.078182834778985 ], [ 21.103555539098497, 49.07818329555019 ], [ 21.103514053462977, 49.078316502841183 ], [ 21.10351282, 49.07832156 ], [ 21.10351143625909, 49.07832490648827 ], [ 21.1034897, 49.0783947 ], [ 21.1033152, 49.0786131 ], [ 21.1033646, 49.0787114 ], [ 21.1035843, 49.07875 ], [ 21.1035894, 49.0792048 ], [ 21.1035256, 49.0794212 ], [ 21.1038591, 49.079542 ], [ 21.1043722, 49.0799626 ], [ 21.1037248, 49.0823614 ], [ 21.1017628, 49.0847146 ], [ 21.10194099292541, 49.084825399943199 ], [ 21.1021192, 49.08492021 ], [ 21.102276958961699, 49.085034302836803 ], [ 21.1024537, 49.0851442 ], [ 21.102646952705886, 49.085350700417884 ], [ 21.10264897, 49.08535264 ], [ 21.102651038539751, 49.085355066340711 ], [ 21.1028782, 49.0855978 ], [ 21.102865790766462, 49.085606964845226 ], [ 21.10286675, 49.08560809 ], [ 21.102853414716819, 49.085616105182467 ], [ 21.102656245250717, 49.085761724783708 ], [ 21.10265282816653, 49.085764740567811 ], [ 21.1024858, 49.0860623 ], [ 21.10248060318019, 49.086060442805397 ], [ 21.10247421, 49.08607178 ], [ 21.10172415, 49.08580407 ], [ 21.10142268, 49.08603768 ], [ 21.10111835, 49.08622474 ], [ 21.10070769, 49.08644649 ], [ 21.10065339, 49.08647266 ], [ 21.10059908, 49.08649892 ], [ 21.10055635, 49.0865206 ], [ 21.10035149, 49.08690044 ], [ 21.10062591, 49.08701303 ], [ 21.10084407, 49.08710257 ], [ 21.10085272, 49.08710609 ], [ 21.1010719, 49.08719287 ], [ 21.10127044, 49.08727152 ], [ 21.10130743, 49.08728476 ], [ 21.10155114, 49.0873717 ], [ 21.101684, 49.08741916 ], [ 21.10180073, 49.08744955 ], [ 21.10204385, 49.08751297 ], [ 21.10221705, 49.08755812 ], [ 21.10225026, 49.08754838 ], [ 21.1023499, 49.08744326 ], [ 21.10253938, 49.08760525 ], [ 21.10260422, 49.08766072 ], [ 21.10266426, 49.08771431 ], [ 21.10267852, 49.08772719 ], [ 21.1027149, 49.08775969 ], [ 21.10273572, 49.08777836 ], [ 21.10286409, 49.08789023 ], [ 21.10297702, 49.08790519 ], [ 21.10320886, 49.08793601 ], [ 21.1032189, 49.08858085 ], [ 21.10322091, 49.08871271 ], [ 21.10323276, 49.08947365 ], [ 21.10336358, 49.08955994 ], [ 21.10355379, 49.0896864 ], [ 21.10400739, 49.08998782 ], [ 21.10409649, 49.09004703 ], [ 21.1044548, 49.09029877 ], [ 21.10446887, 49.09030868 ], [ 21.10479979, 49.09085979 ], [ 21.10509993, 49.09121401 ], [ 21.10510693, 49.09133784 ], [ 21.1052693, 49.09151643 ], [ 21.10545718, 49.09171339 ], [ 21.10607547, 49.09265279 ], [ 21.10604824, 49.09268541 ], [ 21.1063032, 49.09298732 ], [ 21.10637517, 49.09307244 ], [ 21.1066784, 49.09341497 ], [ 21.10667417, 49.09340547 ], [ 21.10662746, 49.09330134 ], [ 21.10662345, 49.09326844 ], [ 21.10664988, 49.09322446 ], [ 21.10668014, 49.09317312 ], [ 21.10677687, 49.09300911 ], [ 21.10683628, 49.09290838 ], [ 21.10689556, 49.09280773 ], [ 21.10694336, 49.09272679 ], [ 21.10695483, 49.09270708 ], [ 21.10696081, 49.09269674 ], [ 21.1069767, 49.09266916 ], [ 21.10699194, 49.09264282 ], [ 21.10700706, 49.09261647 ], [ 21.10701302, 49.09260622 ], [ 21.1070223, 49.09259022 ], [ 21.10703755, 49.09256388 ], [ 21.10705266, 49.09253753 ], [ 21.1070679, 49.09251128 ], [ 21.10707135, 49.09250536 ], [ 21.10708315, 49.09248494 ], [ 21.10709826, 49.0924586 ], [ 21.1071135, 49.09243234 ], [ 21.10712955, 49.09240441 ], [ 21.10713017, 49.09240344 ], [ 21.10714748, 49.09237338 ], [ 21.10716493, 49.09234324 ], [ 21.10718237, 49.09231319 ], [ 21.10718789, 49.09230346 ], [ 21.10719968, 49.09228304 ], [ 21.10721855, 49.09225042 ], [ 21.10723599, 49.09222037 ], [ 21.10724621, 49.09220269 ], [ 21.10725487, 49.09218757 ], [ 21.10730684, 49.09210227 ], [ 21.10736785, 49.09200212 ], [ 21.10742901, 49.0919019 ], [ 21.10743666, 49.09188936 ], [ 21.10744025, 49.09188344 ], [ 21.10753412, 49.09173024 ], [ 21.10756442, 49.09168205 ], [ 21.10772287, 49.09141568 ], [ 21.10781211, 49.09126584 ], [ 21.10786691, 49.09117369 ], [ 21.10792171, 49.09108154 ], [ 21.10797651, 49.09098939 ], [ 21.10803131, 49.09089724 ], [ 21.10808611, 49.0908051 ], [ 21.10814105, 49.09071295 ], [ 21.10819585, 49.0906208 ], [ 21.10825065, 49.09052874 ], [ 21.10830545, 49.09043659 ], [ 21.10833128, 49.09039312 ], [ 21.10835957, 49.09034433 ], [ 21.1084133, 49.09025188 ], [ 21.10846688, 49.09015951 ], [ 21.10852061, 49.09006706 ], [ 21.10857432, 49.08997469 ], [ 21.10862791, 49.08988224 ], [ 21.10868164, 49.08978978 ], [ 21.10873522, 49.08969741 ], [ 21.10878894, 49.08960496 ], [ 21.10884253, 49.08951259 ], [ 21.10889626, 49.08942005 ], [ 21.10894997, 49.08932768 ], [ 21.10900356, 49.08923523 ], [ 21.10905728, 49.08914286 ], [ 21.109111, 49.08905041 ], [ 21.10916772, 49.08895274 ], [ 21.1092183, 49.08886559 ], [ 21.10927189, 49.08877313 ], [ 21.10932608, 49.08867988 ], [ 21.10964919, 49.08897045 ], [ 21.11167671, 49.09007266 ], [ 21.11166176, 49.09008568 ], [ 21.11108394, 49.09059013 ], [ 21.11062303, 49.09089456 ], [ 21.11060698, 49.09088361 ], [ 21.11051091, 49.09094257 ], [ 21.11021581, 49.09112365 ], [ 21.11064828, 49.09143707 ], [ 21.11075573, 49.09137622 ], [ 21.111174, 49.09167046 ], [ 21.1113783, 49.09181427 ], [ 21.11154299, 49.09193404 ], [ 21.11154922, 49.09194252 ], [ 21.11156429, 49.09196308 ], [ 21.11156789, 49.09196805 ], [ 21.11123894, 49.0921657 ], [ 21.11085252, 49.09240257 ], [ 21.11057169, 49.09257411 ], [ 21.11051801, 49.09261039 ], [ 21.11037037, 49.09271038 ], [ 21.11031465, 49.09282969 ], [ 21.11027281, 49.0929191 ], [ 21.11019004, 49.09311866 ], [ 21.10988358, 49.09374393 ], [ 21.10987824, 49.09375862 ], [ 21.10986337, 49.09379658 ], [ 21.10985525, 49.09379507 ], [ 21.10984467, 49.09381949 ], [ 21.10932392, 49.09514293 ], [ 21.10918303, 49.09552213 ], [ 21.10916412, 49.09557572 ], [ 21.10920229, 49.09565265 ], [ 21.10916773, 49.09570656 ], [ 21.10916486, 49.09571934 ], [ 21.10913693, 49.09579668 ], [ 21.1091196, 49.09579181 ], [ 21.10909178, 49.09584169 ], [ 21.10908608, 49.09585024 ], [ 21.10900414, 49.09597178 ], [ 21.10897577, 49.09601984 ], [ 21.10898605, 49.09602729 ], [ 21.10900152, 49.09603867 ], [ 21.10906448, 49.09608453 ], [ 21.10907618, 49.09609318 ], [ 21.1091195, 49.09612472 ], [ 21.10915363, 49.09613032 ], [ 21.1091814, 49.0961348 ], [ 21.10922503, 49.09614187 ], [ 21.1092696, 49.09618236 ], [ 21.10928797, 49.09619907 ], [ 21.1093423, 49.09624851 ], [ 21.10947963, 49.09632123 ], [ 21.10964731, 49.09632667 ], [ 21.11006009, 49.09633994 ], [ 21.11007144, 49.09629205 ], [ 21.11022879, 49.09630931 ], [ 21.11089026, 49.09621681 ], [ 21.1115355, 49.09604177 ], [ 21.11177988, 49.09595369 ], [ 21.11192811, 49.09589576 ], [ 21.1121607, 49.0958317 ], [ 21.11252166, 49.09577065 ], [ 21.11280309, 49.09574136 ], [ 21.11298559, 49.09586512 ], [ 21.11336646, 49.09612998 ], [ 21.11350953, 49.09610114 ], [ 21.11374023, 49.09611453 ], [ 21.11406406, 49.09616077 ], [ 21.1142155, 49.09604641 ], [ 21.11438163, 49.09601524 ], [ 21.11456525, 49.09607763 ], [ 21.11465852, 49.09625517 ], [ 21.11465973, 49.09625917 ], [ 21.114669, 49.09628954 ], [ 21.11467494, 49.09630935 ], [ 21.11473355, 49.09650307 ], [ 21.11477144, 49.09663599 ], [ 21.11489829, 49.0967486 ], [ 21.11499755, 49.09679867 ], [ 21.11510228, 49.09711233 ], [ 21.11529405, 49.0973409 ], [ 21.11545178, 49.09747908 ], [ 21.11548023, 49.09758199 ], [ 21.11549325, 49.09778623 ], [ 21.1154322, 49.09790546 ], [ 21.11540765, 49.09798534 ], [ 21.11564745, 49.0981002 ], [ 21.11570494, 49.09831297 ], [ 21.11553557, 49.09869208 ], [ 21.11554907, 49.09892676 ], [ 21.11570475, 49.09919487 ], [ 21.11578429, 49.09952853 ], [ 21.11589824, 49.09966558 ], [ 21.11615506, 49.09986381 ], [ 21.11618733, 49.09997629 ], [ 21.11618261, 49.10009966 ], [ 21.11620085, 49.10016452 ], [ 21.11623917, 49.1002564 ], [ 21.11634883, 49.10033092 ], [ 21.11645211, 49.10038049 ], [ 21.11674476, 49.10040926 ], [ 21.11679666, 49.10046403 ], [ 21.11683015, 49.10051542 ], [ 21.11678625, 49.10073855 ], [ 21.11691267, 49.10089247 ], [ 21.1172132, 49.10138072 ], [ 21.11713737, 49.10150146 ], [ 21.11734745, 49.10180173 ], [ 21.11759915, 49.10191724 ], [ 21.11785225, 49.10199165 ], [ 21.11817151, 49.10199633 ], [ 21.11836396, 49.10205278 ], [ 21.118804, 49.10249019 ], [ 21.11890636, 49.10254683 ], [ 21.11902243, 49.10256809 ], [ 21.11910278, 49.10277041 ], [ 21.11926635, 49.10294874 ], [ 21.11940235, 49.10330751 ], [ 21.11958141, 49.10352306 ], [ 21.1197057, 49.1035723 ], [ 21.11982828, 49.10356855 ], [ 21.11996891, 49.1035489 ], [ 21.12026153, 49.10325509 ], [ 21.1203921, 49.10321378 ], [ 21.12047631, 49.10323393 ], [ 21.12107784, 49.10365171 ], [ 21.12126861, 49.10391319 ], [ 21.12174908, 49.10426049 ], [ 21.1220236, 49.10438662 ], [ 21.12225115, 49.10436523 ], [ 21.12228323, 49.10429648 ], [ 21.12228927211131, 49.104298369960688 ], [ 21.1222947, 49.1042867 ], [ 21.1226461, 49.1043531 ], [ 21.1229802, 49.1044302 ], [ 21.1230241, 49.1045271 ], [ 21.1233291, 49.1045019 ], [ 21.1238597, 49.1043051 ], [ 21.1240729, 49.1042681 ], [ 21.1242271, 49.1043266 ], [ 21.124613, 49.1044729 ], [ 21.1251917, 49.1043666 ], [ 21.1258131, 49.1042524 ], [ 21.1260002, 49.1042425 ], [ 21.126333, 49.104225 ], [ 21.127257913613548, 49.103845721741088 ], [ 21.12742918, 49.1036363 ] ] ] } },
{ "type": "Feature", "properties": { "@featureType": "CadastralZoning", "beginLifespanVersion": { "@nilReason": "http://inspire.ec.europa.eu/codelist/VoidReasonValue/Unpopulated", "@nil": "true" }, "endLifespanVersion": { "@nilReason": "http://inspire.ec.europa.eu/codelist/VoidReasonValue/Unpopulated", "@nil": "true" }, "estimatedAccuracy": { "value": -1, "@uom": "m" }, "inspireId": { "@dataType": "Identifier", "localId": "844349", "namespace": "SK.ESKN.CP", "versionId": "20260703T04:07:40" }, "label": "Orkucany", "level": { "@href": "http://inspire.ec.europa.eu/codelist/CadastralZoningLevelValue/3rdOrder" }, "levelName": { "value": "Katastrálne územie", "@locale": "sk" }, "name_1": { "@dataType": "name", "GeographicalName": { "@dataType": "GeographicalName", "language": "SLK", "nativeness": { "@href": "http://inspire.ec.europa.eu/codelist/NativenessValue/endonym", "@title": "endonym" }, "nameStatus": { "@href": "http://inspire.ec.europa.eu/codelist/NameStatusValue/official", "@title": "official" }, "sourceOfName": { "@nilReason": "http://inspire.ec.europa.eu/codelist/VoidReasonValue/Unpopulated", "@nil": "true" }, "pronunciation": { "@dataType": "pronunciation", "@nilReason": "http://inspire.ec.europa.eu/codelist/VoidReasonValue/Unpopulated", "@nil": "true" }, "spelling": { "@dataType": "SpellingOfName", "text": "Orkucany", "script": "LATN" } } }, "nationalCadastalZoningReference": "844349", "validFrom": "2026-06-30T16:00:00Z", "validTo": { "@nilReason": "http://inspire.ec.europa.eu/codelist/VoidReasonValue/Unpopulated", "@nil": "true" }, "place_id": 188813292, "osm_type": "relation", "osm_id": 388246, "place_rank": 12, "category": "boundary", "type": "administrative", "importance": 0.52144004094912921, "addresstype": "district", "name_2": "okres Sabinov", "display_name": "okres Sabinov, Prešovský kraj, Slovensko" }, "geometry": { "type": "Polygon", "coordinates": [ [ [ 21.12384842, 49.10431511 ], [ 21.12406138, 49.10427767 ], [ 21.12460187, 49.10448256 ], [ 21.12580133, 49.10426177 ], [ 21.12632148, 49.10423472 ], [ 21.12641817, 49.10420277 ], [ 21.12725107, 49.10385409 ], [ 21.12742918, 49.1036363 ], [ 21.1275308, 49.10352258 ], [ 21.12811573, 49.10310561 ], [ 21.12877402, 49.10259347 ], [ 21.12884142, 49.10250297 ], [ 21.1289346, 49.1023455 ], [ 21.12898065, 49.10208508 ], [ 21.12899937, 49.1019798 ], [ 21.12906851, 49.10126431 ], [ 21.12901309, 49.10108231 ], [ 21.12956847, 49.1008277 ], [ 21.13044007, 49.10005828 ], [ 21.13065364, 49.0999247 ], [ 21.13089603, 49.09973857 ], [ 21.13095423, 49.09966686 ], [ 21.13131364, 49.09825387 ], [ 21.13132193, 49.09822128 ], [ 21.13158424, 49.09719042 ], [ 21.13166086, 49.09703594 ], [ 21.13171398, 49.09692896 ], [ 21.13195685, 49.09661302 ], [ 21.1328592, 49.09561967 ], [ 21.13314516, 49.09530482 ], [ 21.13319742, 49.09528965 ], [ 21.13346257, 49.09521289 ], [ 21.13350866, 49.09519959 ], [ 21.133664, 49.09515464 ], [ 21.133829, 49.09510694 ], [ 21.13389091, 49.095089 ], [ 21.13406721, 49.09499763 ], [ 21.13415877, 49.09487846 ], [ 21.13419215, 49.09476384 ], [ 21.13436276, 49.09455039 ], [ 21.13456052, 49.09439074 ], [ 21.13484605, 49.0940685 ], [ 21.135107, 49.09384558 ], [ 21.13521243, 49.0937056 ], [ 21.13534338, 49.09362126 ], [ 21.13553001, 49.09346008 ], [ 21.13605846, 49.09291939 ], [ 21.13622067, 49.09276401 ], [ 21.13631181, 49.09264303 ], [ 21.13646267, 49.09250034 ], [ 21.13661237, 49.09232305 ], [ 21.1367872, 49.09216367 ], [ 21.13696687, 49.09197778 ], [ 21.13714281, 49.09179772 ], [ 21.13726549, 49.09161877 ], [ 21.13735081, 49.09142764 ], [ 21.13755635, 49.09121404 ], [ 21.13762523, 49.09112367 ], [ 21.13765384, 49.09104014 ], [ 21.13767489, 49.09091603 ], [ 21.13759545, 49.09078819 ], [ 21.13759192, 49.09064395 ], [ 21.13760783, 49.09055064 ], [ 21.13762957, 49.09052892 ], [ 21.13763553, 49.09046276 ], [ 21.13775372, 49.09031859 ], [ 21.1378966, 49.09019852 ], [ 21.13805037, 49.09009067 ], [ 21.13811545, 49.09000523 ], [ 21.13827572, 49.08976976 ], [ 21.13825527, 49.08950128 ], [ 21.13815209, 49.08922829 ], [ 21.13811322, 49.08908374 ], [ 21.1381289, 49.0889934 ], [ 21.13813814, 49.08890124 ], [ 21.13804108, 49.08875952 ], [ 21.13797634, 49.08869661 ], [ 21.13797173, 49.08852803 ], [ 21.13782317, 49.0883709 ], [ 21.13752532, 49.08812821 ], [ 21.13703356, 49.08771696 ], [ 21.1369136, 49.08758658 ], [ 21.1368391, 49.08747376 ], [ 21.13681334, 49.08737671 ], [ 21.13682548, 49.08728418 ], [ 21.13679945, 49.08709736 ], [ 21.13671415, 49.08704389 ], [ 21.13656716, 49.08701285 ], [ 21.13648643, 49.08696249 ], [ 21.13629315, 49.08676299 ], [ 21.13622342, 49.08661322 ], [ 21.13641312, 49.08646214 ], [ 21.13638328, 49.08630311 ], [ 21.1362523, 49.08618849 ], [ 21.13627155, 49.08602534 ], [ 21.13654739, 49.08580254 ], [ 21.13669256, 49.08566976 ], [ 21.13673914, 49.08558607 ], [ 21.13665975, 49.08545779 ], [ 21.13649682, 49.08536953 ], [ 21.13630734, 49.08530879 ], [ 21.13636138, 49.08515907 ], [ 21.1363547, 49.08502985 ], [ 21.13642322, 49.08490311 ], [ 21.13648416, 49.08482356 ], [ 21.13635867, 49.08469598 ], [ 21.13610502, 49.08467282 ], [ 21.13603076, 49.08469675 ], [ 21.13593078, 49.0846826 ], [ 21.13592457, 49.08455267 ], [ 21.13598875, 49.08447575 ], [ 21.13602988, 49.08438604 ], [ 21.13600029, 49.08433163 ], [ 21.13592209, 49.08424137 ], [ 21.13561782, 49.08416664 ], [ 21.13550855, 49.08415399 ], [ 21.13532296, 49.08409445 ], [ 21.13538184, 49.08405788 ], [ 21.13531586, 49.08402878 ], [ 21.13522883, 49.08402872 ], [ 21.13531639, 49.08397316 ], [ 21.13526594, 49.08395085 ], [ 21.1350423, 49.08394097 ], [ 21.13495815, 49.08387384 ], [ 21.13512795, 49.08372303 ], [ 21.13515349, 49.08362904 ], [ 21.13513554, 49.083547 ], [ 21.13492486, 49.08354158 ], [ 21.13482197, 49.08356533 ], [ 21.13466131, 49.08345373 ], [ 21.13469055, 49.08334321 ], [ 21.13457816, 49.08332821 ], [ 21.13450001, 49.08329692 ], [ 21.13423402, 49.0831602 ], [ 21.13411777, 49.08303002 ], [ 21.134069, 49.08290109 ], [ 21.133892, 49.08283291 ], [ 21.13384563, 49.08275707 ], [ 21.13375923, 49.08266836 ], [ 21.13360762, 49.08265005 ], [ 21.13347461, 49.08261549 ], [ 21.1334206, 49.0826325 ], [ 21.13312423, 49.08249517 ], [ 21.13329752, 49.08239948 ], [ 21.13358877, 49.08229681 ], [ 21.13352146, 49.082215 ], [ 21.13333265, 49.08221622 ], [ 21.13321973, 49.08219553 ], [ 21.13298834, 49.08217559 ], [ 21.13295952, 49.08214433 ], [ 21.13301917, 49.08197815 ], [ 21.13252934, 49.08162762 ], [ 21.13247881, 49.08162889 ], [ 21.13227418, 49.08152094 ], [ 21.13212475, 49.08130157 ], [ 21.13200379, 49.08131196 ], [ 21.1319716, 49.08136775 ], [ 21.13175574, 49.08138637 ], [ 21.13173266, 49.08139446 ], [ 21.13157807, 49.08137389 ], [ 21.13158893, 49.08118347 ], [ 21.1315665, 49.08113432 ], [ 21.13147118, 49.08108872 ], [ 21.13173232, 49.08110097 ], [ 21.13185978, 49.08106747 ], [ 21.13186917, 49.08105156 ], [ 21.13194799, 49.08108125 ], [ 21.13183036, 49.0809793 ], [ 21.13180989, 49.08091284 ], [ 21.13167782, 49.08081349 ], [ 21.13155664, 49.08077651 ], [ 21.13142983, 49.08058703 ], [ 21.13135717, 49.08056312 ], [ 21.13136295, 49.08054791 ], [ 21.13129073, 49.08054409 ], [ 21.13102915, 49.08069423 ], [ 21.13084561, 49.08069462 ], [ 21.13063016, 49.08058848 ], [ 21.13048337, 49.08062775 ], [ 21.1302619, 49.08061469 ], [ 21.13008658, 49.08053503 ], [ 21.12985035, 49.08057156 ], [ 21.12963743, 49.08059495 ], [ 21.12954695, 49.08040356 ], [ 21.12957138, 49.08032674 ], [ 21.12951059, 49.08024963 ], [ 21.12948326, 49.08021492 ], [ 21.12940437, 49.08014903 ], [ 21.1293415, 49.08009653 ], [ 21.12916233, 49.08006176 ], [ 21.12914949, 49.08005928 ], [ 21.12895202, 49.08006274 ], [ 21.12886054, 49.08008603 ], [ 21.1288475, 49.08000252 ], [ 21.12878331, 49.07994736 ], [ 21.12867168, 49.07985145 ], [ 21.12827972, 49.07999664 ], [ 21.12820701, 49.07987657 ], [ 21.1281709, 49.07991297 ], [ 21.1280535, 49.07977258 ], [ 21.12806592, 49.07991665 ], [ 21.12778527, 49.07982689 ], [ 21.12763874, 49.07980297 ], [ 21.12755567, 49.07976423 ], [ 21.12751829, 49.07963908 ], [ 21.12745527, 49.07959593 ], [ 21.12735803, 49.07950381 ], [ 21.12716959, 49.07939222 ], [ 21.12644484, 49.079175 ], [ 21.12649179, 49.07917019 ], [ 21.12633602, 49.07909691 ], [ 21.12631026, 49.07901497 ], [ 21.12634583, 49.07883155 ], [ 21.12638665, 49.0786942 ], [ 21.12626204, 49.07865738 ], [ 21.12611596, 49.07856433 ], [ 21.12594637, 49.07833631 ], [ 21.12541676, 49.07807117 ], [ 21.12500879, 49.07785339 ], [ 21.12488139, 49.07782485 ], [ 21.12472558, 49.07775039 ], [ 21.12467744, 49.07772662 ], [ 21.12459917, 49.07768794 ], [ 21.12454892, 49.07766311 ], [ 21.12451024, 49.07764496 ], [ 21.12426771, 49.07759051 ], [ 21.12419909, 49.0775751 ], [ 21.12395643, 49.07752065 ], [ 21.12381083, 49.07748793 ], [ 21.12364404, 49.07740808 ], [ 21.12329876, 49.07728267 ], [ 21.12289045, 49.07708277 ], [ 21.12248341, 49.07691578 ], [ 21.12191704, 49.07662559 ], [ 21.12163862, 49.07644279 ], [ 21.12120165, 49.07623586 ], [ 21.12056217, 49.07597655 ], [ 21.12039934, 49.07588215 ], [ 21.11987291, 49.07564157 ], [ 21.11854012, 49.07496693 ], [ 21.11801671, 49.07471545 ], [ 21.11759448, 49.07453193 ], [ 21.11745929, 49.07446244 ], [ 21.1173773, 49.0744203 ], [ 21.11727419, 49.07436732 ], [ 21.11715563, 49.07430637 ], [ 21.11713414, 49.07430046 ], [ 21.11709642, 49.07428981 ], [ 21.1169535, 49.07421368 ], [ 21.11671868, 49.07408853 ], [ 21.11489799, 49.07322479 ], [ 21.11468709, 49.0731248 ], [ 21.11460183, 49.07308435 ], [ 21.11447645, 49.0730249 ], [ 21.11444309, 49.07300907 ], [ 21.11411669, 49.072805 ], [ 21.11337024, 49.07233824 ], [ 21.11271356, 49.07193835 ], [ 21.11264406, 49.07188869 ], [ 21.11260058, 49.07185768 ], [ 21.11140196, 49.07100195 ], [ 21.11066023, 49.07107802 ], [ 21.1105872, 49.07125583 ], [ 21.11052815, 49.0713501 ], [ 21.11016533, 49.07157565 ], [ 21.10987923, 49.07171812 ], [ 21.10980407, 49.07173391 ], [ 21.10944821, 49.07191349 ], [ 21.10922639, 49.07207233 ], [ 21.10879455, 49.07232124 ], [ 21.10846634, 49.07241969 ], [ 21.10837262, 49.07247503 ], [ 21.10812938, 49.07256782 ], [ 21.10736644, 49.07305949 ], [ 21.10718416, 49.07315414 ], [ 21.10703966, 49.07313475 ], [ 21.10692661, 49.0731125 ], [ 21.10660267, 49.07350098 ], [ 21.10655587, 49.07370934 ], [ 21.10631094, 49.0738894 ], [ 21.1062154, 49.07409522 ], [ 21.10622406, 49.07429833 ], [ 21.10604203, 49.07466352 ], [ 21.1060124, 49.0746768 ], [ 21.10588791, 49.07479796 ], [ 21.10585241, 49.07494051 ], [ 21.10574356, 49.07503354 ], [ 21.10566259, 49.07519247 ], [ 21.10578554, 49.07545667 ], [ 21.10567957, 49.07555151 ], [ 21.10557384, 49.07571162 ], [ 21.10552185, 49.07569564 ], [ 21.10534856, 49.07590383 ], [ 21.10515642, 49.07615922 ], [ 21.10500703, 49.07646649 ], [ 21.10483695, 49.07671628 ], [ 21.10466505, 49.07682611 ], [ 21.10443282, 49.0769937 ], [ 21.10427003, 49.07706187 ], [ 21.10432991, 49.07716372 ], [ 21.1041875, 49.07735075 ], [ 21.10409346, 49.07742507 ], [ 21.10400413, 49.07754871 ], [ 21.1038699, 49.07769926 ], [ 21.10379013, 49.07776603 ], [ 21.10388849, 49.07792367 ], [ 21.10381994, 49.07803681 ], [ 21.10375301, 49.07806348 ], [ 21.10362292, 49.07812486 ], [ 21.10354413, 49.07819319 ], [ 21.10351282, 49.07832156 ], [ 21.10347843, 49.07840473 ], [ 21.10330385, 49.07862259 ], [ 21.10335315, 49.07872113 ], [ 21.10357283, 49.07876003 ], [ 21.10356122, 49.07897402 ], [ 21.1035779, 49.07921502 ], [ 21.10351408, 49.07943067 ], [ 21.10384757, 49.07955207 ], [ 21.10392106, 49.07964607 ], [ 21.10405798, 49.0797403 ], [ 21.10436084, 49.07997182 ], [ 21.10432835, 49.08009205 ], [ 21.10371332, 49.08237135 ], [ 21.10232812, 49.08403245 ], [ 21.10208401, 49.08431345 ], [ 21.10192332, 49.08451187 ], [ 21.10175117, 49.08472441 ], [ 21.1021192, 49.08492021 ], [ 21.10244208, 49.08515372 ], [ 21.10264897, 49.08535264 ], [ 21.10286675, 49.08560809 ], [ 21.10275255, 49.08567673 ], [ 21.10264211, 49.0857742 ], [ 21.10256906, 49.08590358 ], [ 21.10247421, 49.08607178 ], [ 21.10172415, 49.08580407 ], [ 21.10142268, 49.08603768 ], [ 21.10111835, 49.08622474 ], [ 21.10070769, 49.08644649 ], [ 21.10065339, 49.08647266 ], [ 21.10059908, 49.08649892 ], [ 21.10055635, 49.0865206 ], [ 21.10035149, 49.08690044 ], [ 21.10062591, 49.08701303 ], [ 21.10084407, 49.08710257 ], [ 21.10085272, 49.08710609 ], [ 21.1010719, 49.08719287 ], [ 21.10127044, 49.08727152 ], [ 21.10130743, 49.08728476 ], [ 21.10155114, 49.0873717 ], [ 21.101684, 49.08741916 ], [ 21.10180073, 49.08744955 ], [ 21.10204385, 49.08751297 ], [ 21.10221705, 49.08755812 ], [ 21.10225026, 49.08754838 ], [ 21.1023499, 49.08744326 ], [ 21.10253938, 49.08760525 ], [ 21.10260422, 49.08766072 ], [ 21.10266426, 49.08771431 ], [ 21.10267852, 49.08772719 ], [ 21.1027149, 49.08775969 ], [ 21.10273572, 49.08777836 ], [ 21.10286409, 49.08789023 ], [ 21.10297702, 49.08790519 ], [ 21.10320886, 49.08793601 ], [ 21.1032189, 49.08858085 ], [ 21.10322091, 49.08871271 ], [ 21.10323276, 49.08947365 ], [ 21.10336358, 49.08955994 ], [ 21.10355379, 49.0896864 ], [ 21.10400739, 49.08998782 ], [ 21.10409649, 49.09004703 ], [ 21.1044548, 49.09029877 ], [ 21.10446887, 49.09030868 ], [ 21.10479979, 49.09085979 ], [ 21.10509993, 49.09121401 ], [ 21.10510693, 49.09133784 ], [ 21.1052693, 49.09151643 ], [ 21.10545718, 49.09171339 ], [ 21.10607547, 49.09265279 ], [ 21.10604824, 49.09268541 ], [ 21.1063032, 49.09298732 ], [ 21.10637517, 49.09307244 ], [ 21.1066784, 49.09341497 ], [ 21.10667417, 49.09340547 ], [ 21.10662746, 49.09330134 ], [ 21.10662345, 49.09326844 ], [ 21.10664988, 49.09322446 ], [ 21.10668014, 49.09317312 ], [ 21.10677687, 49.09300911 ], [ 21.10683628, 49.09290838 ], [ 21.10689556, 49.09280773 ], [ 21.10694336, 49.09272679 ], [ 21.10695483, 49.09270708 ], [ 21.10696081, 49.09269674 ], [ 21.1069767, 49.09266916 ], [ 21.10699194, 49.09264282 ], [ 21.10700706, 49.09261647 ], [ 21.10701302, 49.09260622 ], [ 21.1070223, 49.09259022 ], [ 21.10703755, 49.09256388 ], [ 21.10705266, 49.09253753 ], [ 21.1070679, 49.09251128 ], [ 21.10707135, 49.09250536 ], [ 21.10708315, 49.09248494 ], [ 21.10709826, 49.0924586 ], [ 21.1071135, 49.09243234 ], [ 21.10712955, 49.09240441 ], [ 21.10713017, 49.09240344 ], [ 21.10714748, 49.09237338 ], [ 21.10716493, 49.09234324 ], [ 21.10718237, 49.09231319 ], [ 21.10718789, 49.09230346 ], [ 21.10719968, 49.09228304 ], [ 21.10721855, 49.09225042 ], [ 21.10723599, 49.09222037 ], [ 21.10724621, 49.09220269 ], [ 21.10725487, 49.09218757 ], [ 21.10730684, 49.09210227 ], [ 21.10736785, 49.09200212 ], [ 21.10742901, 49.0919019 ], [ 21.10743666, 49.09188936 ], [ 21.10744025, 49.09188344 ], [ 21.10753412, 49.09173024 ], [ 21.10756442, 49.09168205 ], [ 21.10772287, 49.09141568 ], [ 21.10781211, 49.09126584 ], [ 21.10786691, 49.09117369 ], [ 21.10792171, 49.09108154 ], [ 21.10797651, 49.09098939 ], [ 21.10803131, 49.09089724 ], [ 21.10808611, 49.0908051 ], [ 21.10814105, 49.09071295 ], [ 21.10819585, 49.0906208 ], [ 21.10825065, 49.09052874 ], [ 21.10830545, 49.09043659 ], [ 21.10833128, 49.09039312 ], [ 21.10835957, 49.09034433 ], [ 21.1084133, 49.09025188 ], [ 21.10846688, 49.09015951 ], [ 21.10852061, 49.09006706 ], [ 21.10857432, 49.08997469 ], [ 21.10862791, 49.08988224 ], [ 21.10868164, 49.08978978 ], [ 21.10873522, 49.08969741 ], [ 21.10878894, 49.08960496 ], [ 21.10884253, 49.08951259 ], [ 21.10889626, 49.08942005 ], [ 21.10894997, 49.08932768 ], [ 21.10900356, 49.08923523 ], [ 21.10905728, 49.08914286 ], [ 21.109111, 49.08905041 ], [ 21.10916772, 49.08895274 ], [ 21.1092183, 49.08886559 ], [ 21.10927189, 49.08877313 ], [ 21.10932608, 49.08867988 ], [ 21.10964919, 49.08897045 ], [ 21.11167671, 49.09007266 ], [ 21.11166176, 49.09008568 ], [ 21.11108394, 49.09059013 ], [ 21.11062303, 49.09089456 ], [ 21.11060698, 49.09088361 ], [ 21.11051091, 49.09094257 ], [ 21.11021581, 49.09112365 ], [ 21.11064828, 49.09143707 ], [ 21.11075573, 49.09137622 ], [ 21.111174, 49.09167046 ], [ 21.1113783, 49.09181427 ], [ 21.11154299, 49.09193404 ], [ 21.11154922, 49.09194252 ], [ 21.11156429, 49.09196308 ], [ 21.11156789, 49.09196805 ], [ 21.11123894, 49.0921657 ], [ 21.11085252, 49.09240257 ], [ 21.11057169, 49.09257411 ], [ 21.11051801, 49.09261039 ], [ 21.11037037, 49.09271038 ], [ 21.11031465, 49.09282969 ], [ 21.11027281, 49.0929191 ], [ 21.11019004, 49.09311866 ], [ 21.10988358, 49.09374393 ], [ 21.10987824, 49.09375862 ], [ 21.10986337, 49.09379658 ], [ 21.10985525, 49.09379507 ], [ 21.10984467, 49.09381949 ], [ 21.10932392, 49.09514293 ], [ 21.10918303, 49.09552213 ], [ 21.10916412, 49.09557572 ], [ 21.10920229, 49.09565265 ], [ 21.10916773, 49.09570656 ], [ 21.10916486, 49.09571934 ], [ 21.10913693, 49.09579668 ], [ 21.1091196, 49.09579181 ], [ 21.10909178, 49.09584169 ], [ 21.10908608, 49.09585024 ], [ 21.10900414, 49.09597178 ], [ 21.10897577, 49.09601984 ], [ 21.10898605, 49.09602729 ], [ 21.10900152, 49.09603867 ], [ 21.10906448, 49.09608453 ], [ 21.10907618, 49.09609318 ], [ 21.1091195, 49.09612472 ], [ 21.10915363, 49.09613032 ], [ 21.1091814, 49.0961348 ], [ 21.10922503, 49.09614187 ], [ 21.1092696, 49.09618236 ], [ 21.10928797, 49.09619907 ], [ 21.1093423, 49.09624851 ], [ 21.10947963, 49.09632123 ], [ 21.10964731, 49.09632667 ], [ 21.11006009, 49.09633994 ], [ 21.11007144, 49.09629205 ], [ 21.11022879, 49.09630931 ], [ 21.11089026, 49.09621681 ], [ 21.1115355, 49.09604177 ], [ 21.11177988, 49.09595369 ], [ 21.11192811, 49.09589576 ], [ 21.1121607, 49.0958317 ], [ 21.11252166, 49.09577065 ], [ 21.11280309, 49.09574136 ], [ 21.11298559, 49.09586512 ], [ 21.11336646, 49.09612998 ], [ 21.11350953, 49.09610114 ], [ 21.11374023, 49.09611453 ], [ 21.11406406, 49.09616077 ], [ 21.1142155, 49.09604641 ], [ 21.11438163, 49.09601524 ], [ 21.11456525, 49.09607763 ], [ 21.11465852, 49.09625517 ], [ 21.11465973, 49.09625917 ], [ 21.114669, 49.09628954 ], [ 21.11467494, 49.09630935 ], [ 21.11473355, 49.09650307 ], [ 21.11477144, 49.09663599 ], [ 21.11489829, 49.0967486 ], [ 21.11499755, 49.09679867 ], [ 21.11510228, 49.09711233 ], [ 21.11529405, 49.0973409 ], [ 21.11545178, 49.09747908 ], [ 21.11548023, 49.09758199 ], [ 21.11549325, 49.09778623 ], [ 21.1154322, 49.09790546 ], [ 21.11540765, 49.09798534 ], [ 21.11564745, 49.0981002 ], [ 21.11570494, 49.09831297 ], [ 21.11553557, 49.09869208 ], [ 21.11554907, 49.09892676 ], [ 21.11570475, 49.09919487 ], [ 21.11578429, 49.09952853 ], [ 21.11589824, 49.09966558 ], [ 21.11615506, 49.09986381 ], [ 21.11618733, 49.09997629 ], [ 21.11618261, 49.10009966 ], [ 21.11620085, 49.10016452 ], [ 21.11623917, 49.1002564 ], [ 21.11634883, 49.10033092 ], [ 21.11645211, 49.10038049 ], [ 21.11674476, 49.10040926 ], [ 21.11679666, 49.10046403 ], [ 21.11683015, 49.10051542 ], [ 21.11678625, 49.10073855 ], [ 21.11691267, 49.10089247 ], [ 21.1172132, 49.10138072 ], [ 21.11713737, 49.10150146 ], [ 21.11734745, 49.10180173 ], [ 21.11759915, 49.10191724 ], [ 21.11785225, 49.10199165 ], [ 21.11817151, 49.10199633 ], [ 21.11836396, 49.10205278 ], [ 21.118804, 49.10249019 ], [ 21.11890636, 49.10254683 ], [ 21.11902243, 49.10256809 ], [ 21.11910278, 49.10277041 ], [ 21.11926635, 49.10294874 ], [ 21.11940235, 49.10330751 ], [ 21.11958141, 49.10352306 ], [ 21.1197057, 49.1035723 ], [ 21.11982828, 49.10356855 ], [ 21.11996891, 49.1035489 ], [ 21.12026153, 49.10325509 ], [ 21.1203921, 49.10321378 ], [ 21.12047631, 49.10323393 ], [ 21.12107784, 49.10365171 ], [ 21.12126861, 49.10391319 ], [ 21.12174908, 49.10426049 ], [ 21.1220236, 49.10438662 ], [ 21.12225115, 49.10436523 ], [ 21.12228323, 49.10429648 ], [ 21.12251389, 49.10436863 ], [ 21.12263494, 49.10436339 ], [ 21.12296895, 49.10443973 ], [ 21.12301282, 49.10453647 ], [ 21.12331735, 49.1045123 ], [ 21.12384842, 49.10431511 ] ] ] } },
{ "type": "Feature", "properties": { "@featureType": "CadastralZoning", "beginLifespanVersion": { "@nilReason": "http://inspire.ec.europa.eu/codelist/VoidReasonValue/Unpopulated", "@nil": "true" }, "endLifespanVersion": { "@nilReason": "http://inspire.ec.europa.eu/codelist/VoidReasonValue/Unpopulated", "@nil": "true" }, "estimatedAccuracy": { "value": -1, "@uom": "m" }, "inspireId": { "@dataType": "Identifier", "localId": "854298", "namespace": "SK.ESKN.CP", "versionId": "20260703T04:07:40" }, "label": "Zálesie", "level": { "@href": "http://inspire.ec.europa.eu/codelist/CadastralZoningLevelValue/3rdOrder" }, "levelName": { "value": "Katastrálne územie", "@locale": "sk" }, "name_1": { "@dataType": "name", "GeographicalName": { "@dataType": "GeographicalName", "language": "SLK", "nativeness": { "@href": "http://inspire.ec.europa.eu/codelist/NativenessValue/endonym", "@title": "endonym" }, "nameStatus": { "@href": "http://inspire.ec.europa.eu/codelist/NameStatusValue/official", "@title": "official" }, "sourceOfName": { "@nilReason": "http://inspire.ec.europa.eu/codelist/VoidReasonValue/Unpopulated", "@nil": "true" }, "pronunciation": { "@dataType": "pronunciation", "@nilReason": "http://inspire.ec.europa.eu/codelist/VoidReasonValue/Unpopulated", "@nil": "true" }, "spelling": { "@dataType": "SpellingOfName", "text": "Zálesie", "script": "LATN" } } }, "nationalCadastalZoningReference": "854298", "validFrom": "2026-06-30T16:00:00Z", "validTo": { "@nilReason": "http://inspire.ec.europa.eu/codelist/VoidReasonValue/Unpopulated", "@nil": "true" }, "place_id": 189419059, "osm_type": "relation", "osm_id": 2277122, "place_rank": 16, "category": "boundary", "type": "administrative", "importance": 0.50787321596162893, "addresstype": "town", "name_2": "Sabinov", "display_name": "Sabinov, okres Sabinov, Prešovský kraj, 083 01, Slovensko" }, "geometry": { "type": "Polygon", "coordinates": [ [ [ 21.11585284, 49.16840919 ], [ 21.115930340784821, 49.168372021035417 ], [ 21.1162563, 49.1681541 ], [ 21.116783144081477, 49.167948873001578 ], [ 21.11682149, 49.16767919 ], [ 21.1168851, 49.16723126 ], [ 21.11686072, 49.16722689 ], [ 21.11683605, 49.16692938 ], [ 21.116904188317697, 49.166688213779956 ], [ 21.116934398139399, 49.166565819720567 ], [ 21.1169892, 49.16630658 ], [ 21.11697202, 49.16601741 ], [ 21.1169554, 49.16583377 ], [ 21.11705329, 49.16562406 ], [ 21.11729615, 49.16538638 ], [ 21.117299482617916, 49.165384343462073 ], [ 21.1173076, 49.1653764 ], [ 21.1179957, 49.1649559 ], [ 21.1202058, 49.1642735 ], [ 21.121029121078102, 49.163569698467995 ], [ 21.12123793, 49.16335996 ], [ 21.121453589512839, 49.163206849097804 ], [ 21.121727870293757, 49.162972384999961 ], [ 21.121751314950945, 49.162935445135282 ], [ 21.121952633191135, 49.162482541823842 ], [ 21.12196862, 49.16243142 ], [ 21.12210068, 49.16193147 ], [ 21.12210964, 49.16189746 ], [ 21.1221086, 49.1618633 ], [ 21.1219248, 49.1616884 ], [ 21.12138072, 49.16152023 ], [ 21.1207837, 49.16140529 ], [ 21.12030718, 49.16125925 ], [ 21.119926977358496, 49.16111464442406 ], [ 21.119738900672186, 49.161053790727934 ], [ 21.11933782, 49.16093712 ], [ 21.11877438, 49.16091219 ], [ 21.11837993, 49.16082222 ], [ 21.11813994, 49.1606241 ], [ 21.11806649, 49.16043118 ], [ 21.11803395, 49.16034579 ], [ 21.1180546, 49.15985301 ], [ 21.11805443, 49.1597032 ], [ 21.11805412, 49.15951054 ], [ 21.11810668, 49.15934179 ], [ 21.11812825, 49.1592728 ], [ 21.11817253, 49.1591307 ], [ 21.11835265, 49.15854181 ], [ 21.11838578, 49.15843348 ], [ 21.11812374, 49.15788401 ], [ 21.1176568, 49.15757909 ], [ 21.117279261777281, 49.157374115651706 ], [ 21.117101701515026, 49.15728516890907 ], [ 21.11691096, 49.15720553 ], [ 21.11644276, 49.15718505 ], [ 21.11548059, 49.15707701 ], [ 21.11514395, 49.1568406 ], [ 21.11485923, 49.15645541 ], [ 21.11441238, 49.15622071 ], [ 21.11407963, 49.15615448 ], [ 21.11345362, 49.15617632 ], [ 21.11307013, 49.15603339 ], [ 21.11288951, 49.15580518 ], [ 21.11271546, 49.15560887 ], [ 21.11238427, 49.15549183 ], [ 21.11203728, 49.15537148 ], [ 21.11160532, 49.15502327 ], [ 21.11122196, 49.15442471 ], [ 21.11109397, 49.15410878 ], [ 21.11104529, 49.15375613 ], [ 21.11114696, 49.15333967 ], [ 21.11120351, 49.1531895 ], [ 21.11132878, 49.15285653 ], [ 21.11148914, 49.15261127 ], [ 21.11162844, 49.15245573 ], [ 21.11176638, 49.15211272 ], [ 21.11177861, 49.15183276 ], [ 21.11154192, 49.15127039 ], [ 21.11135147, 49.15083984 ], [ 21.11124305, 49.15038211 ], [ 21.11116409, 49.15021962 ], [ 21.1108575, 49.14995084 ], [ 21.11059089, 49.14980749 ], [ 21.11000744, 49.14960235 ], [ 21.10949647, 49.14918581 ], [ 21.10945822, 49.14902227 ], [ 21.10998229, 49.14818021 ], [ 21.10999641, 49.1477154 ], [ 21.10943366, 49.14732574 ], [ 21.10921126, 49.14719531 ], [ 21.10902237, 49.14693298 ], [ 21.10878111, 49.14631266 ], [ 21.10870182, 49.14585864 ], [ 21.108579066692876, 49.145686390742661 ], [ 21.108538913708294, 49.145638096942761 ], [ 21.10812627, 49.14516616 ], [ 21.10762032, 49.14480135 ], [ 21.1072241, 49.1445704 ], [ 21.10718584, 49.14457566 ], [ 21.107137488613528, 49.144582296595814 ], [ 21.106848970929136, 49.144644272515222 ], [ 21.10678665, 49.14466447 ], [ 21.106561335125754, 49.144843005250891 ], [ 21.1064491, 49.1450907 ], [ 21.1066191, 49.1452459 ], [ 21.1066369, 49.1455593 ], [ 21.106625404160248, 49.14556467703499 ], [ 21.10662568, 49.1455695 ], [ 21.10554188, 49.14607571 ], [ 21.10448524, 49.14617864 ], [ 21.10422548, 49.14604341 ], [ 21.10389205, 49.14596506 ], [ 21.10338422, 49.14614357 ], [ 21.10309988662231, 49.146011557007562 ], [ 21.1024216, 49.1466861 ], [ 21.102413778198233, 49.14669203323939 ], [ 21.10241005, 49.14669574 ], [ 21.10215569, 49.14688883 ], [ 21.10131393, 49.14752768 ], [ 21.10064255, 49.14797149 ], [ 21.09938102, 49.14734212 ], [ 21.09930511, 49.14735346 ], [ 21.09930081, 49.14735414 ], [ 21.0992464, 49.1473623 ], [ 21.09919255, 49.14737039 ], [ 21.099094846440185, 49.147089437469354 ], [ 21.09895038566308, 49.146730691633593 ], [ 21.09888646, 49.14661022 ], [ 21.098807338874035, 49.146275875921042 ], [ 21.098667703470415, 49.145775738984206 ], [ 21.09861594, 49.14569473 ], [ 21.09862588, 49.14567731 ], [ 21.0979188, 49.14540487 ], [ 21.09774695, 49.14539433 ], [ 21.09726072, 49.14559952 ], [ 21.09719225, 49.14563073 ], [ 21.09699481, 49.14561001 ], [ 21.09679644, 49.14547997 ], [ 21.09669293, 49.14533279 ], [ 21.09650751, 49.14487528 ], [ 21.09626627, 49.14458362 ], [ 21.096106209154989, 49.144474645257326 ], [ 21.096014306786699, 49.144757502261818 ], [ 21.0960118, 49.14476696 ], [ 21.096007142881081, 49.144779551322365 ], [ 21.0959529, 49.1449465 ], [ 21.095945029214985, 49.144947486306869 ], [ 21.09594154, 49.14495692 ], [ 21.0956614, 49.1449909 ], [ 21.09519037, 49.14518361 ], [ 21.094770015894238, 49.145255570773664 ], [ 21.0948643, 49.1454665 ], [ 21.094851883506081, 49.145474250252143 ], [ 21.09485271, 49.1454761 ], [ 21.09480727, 49.145504 ], [ 21.09460047, 49.14563125 ], [ 21.09456945, 49.14565159 ], [ 21.09447669, 49.14571236 ], [ 21.09431677, 49.14581069 ], [ 21.094299121695311, 49.145821563489491 ], [ 21.093923319410823, 49.146145779342795 ], [ 21.093922578684847, 49.146146429679419 ], [ 21.093850695830838, 49.146246520041828 ], [ 21.09363168, 49.14657271 ], [ 21.093395635389399, 49.146880150483049 ], [ 21.0933403, 49.1469572 ], [ 21.093335992754348, 49.146957833089246 ], [ 21.09332897, 49.14696698 ], [ 21.09298262, 49.14701818 ], [ 21.09292573, 49.14700817 ], [ 21.09263483, 49.1469578 ], [ 21.09271869, 49.14678619 ], [ 21.09250774, 49.14693221 ], [ 21.09260493, 49.14672898 ], [ 21.09241935, 49.14685115 ], [ 21.092111659816997, 49.146952632794978 ], [ 21.0920987, 49.1470209 ], [ 21.092088293925791, 49.147025720113902 ], [ 21.0920873, 49.14703101 ], [ 21.0920198, 49.14705847 ], [ 21.09183809, 49.14714519 ], [ 21.091814714851985, 49.147156384780516 ], [ 21.0920377, 49.1473769 ], [ 21.092024053687535, 49.147384665657839 ], [ 21.09202623, 49.14738682 ], [ 21.09163317, 49.14761011 ], [ 21.091461747414918, 49.147587846933696 ], [ 21.09111057414237, 49.147563354329314 ], [ 21.09100947, 49.14756717 ], [ 21.090900261675745, 49.147488791858741 ], [ 21.0907356, 49.147962 ], [ 21.0907047, 49.1483718 ], [ 21.090693923416936, 49.148371272160006 ], [ 21.09069311, 49.14838205 ], [ 21.09062097, 49.14838144 ], [ 21.09037734, 49.14836887 ], [ 21.09015999, 49.14835551 ], [ 21.090105739574302, 49.148352719787162 ], [ 21.0900974, 49.1484648 ], [ 21.0902495, 49.1488659 ], [ 21.09023610707726, 49.148871386137976 ], [ 21.0902379, 49.14887567 ], [ 21.09023558, 49.14888099 ], [ 21.090103, 49.14893085 ], [ 21.089930541850141, 49.148888801279277 ], [ 21.089676924358553, 49.148844134150991 ], [ 21.08964998, 49.14885142 ], [ 21.08960396, 49.1485849 ], [ 21.089401868535735, 49.148580772671146 ], [ 21.088806251548018, 49.148595480070426 ], [ 21.08876803, 49.14859961 ], [ 21.0887246, 49.14860425 ], [ 21.08869277, 49.14860773 ], [ 21.08872548, 49.14826082 ], [ 21.088647058941202, 49.148269170970778 ], [ 21.088014415020378, 49.148393894340799 ], [ 21.08781155, 49.14846406 ], [ 21.08712063, 49.14857721 ], [ 21.08665093, 49.14855782 ], [ 21.08675841, 49.14834214 ], [ 21.0866814746941, 49.148325876119685 ], [ 21.0865293, 49.1486228 ], [ 21.08652276463356, 49.148623210302496 ], [ 21.08651783, 49.14863287 ], [ 21.08610585, 49.14865854 ], [ 21.08567498, 49.14868523 ], [ 21.08556981, 49.14867105 ], [ 21.08546554, 49.14864493 ], [ 21.08529386, 49.14853436 ], [ 21.08494154, 49.14867088 ], [ 21.084679969583547, 49.148663161902206 ], [ 21.084879, 49.1494499 ], [ 21.0857221, 49.1494689 ], [ 21.086452, 49.1494091 ], [ 21.0864748, 49.149465 ], [ 21.086461539136685, 49.149470136651168 ], [ 21.08646332, 49.1494745 ], [ 21.08623124, 49.14956474 ], [ 21.08597499, 49.14966437 ], [ 21.08484806555045, 49.150586555814186 ], [ 21.0847119, 49.1506981 ], [ 21.084483, 49.1510285 ], [ 21.0844213, 49.1513404 ], [ 21.084406300336202, 49.151354850460699 ], [ 21.08434894, 49.151434 ], [ 21.0841993, 49.15155227 ], [ 21.08389949, 49.15161746 ], [ 21.08347113, 49.1516634 ], [ 21.08344097, 49.15166666 ], [ 21.083165796495663, 49.151746217384982 ], [ 21.0832028, 49.1518043 ], [ 21.083189419108084, 49.151811274487592 ], [ 21.08319128, 49.15181421 ], [ 21.08313545, 49.15184321 ], [ 21.08247766, 49.15218652 ], [ 21.08235925, 49.1522669 ], [ 21.082186049839912, 49.152384934288492 ], [ 21.0822411, 49.1524318 ], [ 21.082227458072033, 49.15243934957698 ], [ 21.08222984, 49.15244136 ], [ 21.08148649, 49.15285304 ], [ 21.08140102, 49.15290035 ], [ 21.081004629711284, 49.153119850298097 ], [ 21.0821846, 49.1564103 ], [ 21.08242725270809, 49.156912160107396 ], [ 21.0828259, 49.15771941 ], [ 21.082862171631039, 49.157811669777416 ], [ 21.0829424, 49.1579776 ], [ 21.083111737239602, 49.15801748358421 ], [ 21.08332938, 49.15805419 ], [ 21.083571195885852, 49.158125698750894 ], [ 21.0837992, 49.1581794 ], [ 21.0839429, 49.1583168 ], [ 21.0839933, 49.1585469 ], [ 21.083980696936099, 49.158551838785939 ], [ 21.08398168, 49.15855632 ], [ 21.083660527129556, 49.158682382409076 ], [ 21.0837959, 49.1587882 ], [ 21.0837225, 49.1589997 ], [ 21.083712201689842, 49.159006015481999 ], [ 21.08371109, 49.15900921 ], [ 21.083420058145492, 49.159187965313649 ], [ 21.0836535, 49.1598042 ], [ 21.0839174, 49.1602966 ], [ 21.0841338, 49.1605714 ], [ 21.0844022, 49.1605114 ], [ 21.0847315, 49.1605321 ], [ 21.0849621, 49.1608387 ], [ 21.0847166, 49.1610874 ], [ 21.084947845296476, 49.161296874488293 ], [ 21.08513925, 49.16145456 ], [ 21.085222373254151, 49.161545556750511 ], [ 21.0853401, 49.1616522 ], [ 21.0861487, 49.1628879 ], [ 21.0868197, 49.1642811 ], [ 21.087537131037063, 49.165324812779389 ], [ 21.08767172, 49.16549781 ], [ 21.087917551234273, 49.165878244957334 ], [ 21.0882221, 49.1663213 ], [ 21.0888735, 49.1671008 ], [ 21.089676781144618, 49.167005102246307 ], [ 21.08999893, 49.16674059 ], [ 21.09080692365653, 49.166174644338774 ], [ 21.0908391, 49.166151 ], [ 21.0928643, 49.1658626 ], [ 21.094084, 49.1658924 ], [ 21.0946757, 49.1659969 ], [ 21.0953843, 49.1663764 ], [ 21.097116, 49.1675099 ], [ 21.0976121, 49.1676427 ], [ 21.0979831, 49.1676782 ], [ 21.0982506, 49.1676259 ], [ 21.0989658, 49.1673078 ], [ 21.0995171, 49.1672108 ], [ 21.1008604, 49.1675574 ], [ 21.10126915058979, 49.167568526691475 ], [ 21.10194735, 49.16757057 ], [ 21.10198796, 49.16757475 ], [ 21.102163074444544, 49.167592860393199 ], [ 21.1023078, 49.1675968 ], [ 21.1028729, 49.1675328 ], [ 21.1040932, 49.1675255 ], [ 21.104125, 49.1676202 ], [ 21.1044316, 49.1677875 ], [ 21.1050091, 49.1680106 ], [ 21.105765, 49.1684321 ], [ 21.1062296, 49.1686178 ], [ 21.1076946, 49.1689482 ], [ 21.1085689, 49.1690931 ], [ 21.1088783, 49.1692267 ], [ 21.1094585, 49.1693329 ], [ 21.1105128, 49.1693385 ], [ 21.1124321, 49.1696932 ], [ 21.1126784, 49.1697822 ], [ 21.113406, 49.1696839 ], [ 21.1138786, 49.1696831 ], [ 21.1146344, 49.1691997 ], [ 21.1151144, 49.1688063 ], [ 21.1156025, 49.1685912 ], [ 21.115628532875849, 49.168573795640818 ], [ 21.11585284, 49.16840919 ] ] ] } },
{ "type": "Feature", "properties": { "@featureType": "CadastralZoning", "beginLifespanVersion": { "@nilReason": "http://inspire.ec.europa.eu/codelist/VoidReasonValue/Unpopulated", "@nil": "true" }, "endLifespanVersion": { "@nilReason": "http://inspire.ec.europa.eu/codelist/VoidReasonValue/Unpopulated", "@nil": "true" }, "estimatedAccuracy": { "value": -1, "@uom": "m" }, "inspireId": { "@dataType": "Identifier", "localId": "854298", "namespace": "SK.ESKN.CP", "versionId": "20260703T04:07:40" }, "label": "Zálesie", "level": { "@href": "http://inspire.ec.europa.eu/codelist/CadastralZoningLevelValue/3rdOrder" }, "levelName": { "value": "Katastrálne územie", "@locale": "sk" }, "name_1": { "@dataType": "name", "GeographicalName": { "@dataType": "GeographicalName", "language": "SLK", "nativeness": { "@href": "http://inspire.ec.europa.eu/codelist/NativenessValue/endonym", "@title": "endonym" }, "nameStatus": { "@href": "http://inspire.ec.europa.eu/codelist/NameStatusValue/official", "@title": "official" }, "sourceOfName": { "@nilReason": "http://inspire.ec.europa.eu/codelist/VoidReasonValue/Unpopulated", "@nil": "true" }, "pronunciation": { "@dataType": "pronunciation", "@nilReason": "http://inspire.ec.europa.eu/codelist/VoidReasonValue/Unpopulated", "@nil": "true" }, "spelling": { "@dataType": "SpellingOfName", "text": "Zálesie", "script": "LATN" } } }, "nationalCadastalZoningReference": "854298", "validFrom": "2026-06-30T16:00:00Z", "validTo": { "@nilReason": "http://inspire.ec.europa.eu/codelist/VoidReasonValue/Unpopulated", "@nil": "true" }, "place_id": 188813292, "osm_type": "relation", "osm_id": 388246, "place_rank": 12, "category": "boundary", "type": "administrative", "importance": 0.52144004094912921, "addresstype": "district", "name_2": "okres Sabinov", "display_name": "okres Sabinov, Prešovský kraj, Slovensko" }, "geometry": { "type": "Polygon", "coordinates": [ [ [ 21.11323684, 49.16972593 ], [ 21.11339436, 49.16969377 ], [ 21.11386717, 49.16969243 ], [ 21.11462292, 49.16920928 ], [ 21.11490279, 49.16898024 ], [ 21.11510258, 49.16881672 ], [ 21.11559123, 49.16860117 ], [ 21.11585284, 49.16840919 ], [ 21.11610351, 49.16828897 ], [ 21.11624473, 49.16816355 ], [ 21.11678228, 49.16795495 ], [ 21.11682149, 49.16767919 ], [ 21.1168851, 49.16723126 ], [ 21.11686072, 49.16722689 ], [ 21.11683605, 49.16692938 ], [ 21.11692141, 49.16662726 ], [ 21.1169892, 49.16630658 ], [ 21.11697202, 49.16601741 ], [ 21.1169554, 49.16583377 ], [ 21.11705329, 49.16562406 ], [ 21.11729615, 49.16538638 ], [ 21.117984, 49.16496604 ], [ 21.11873264, 49.16476316 ], [ 21.11909726, 49.16462585 ], [ 21.11963044, 49.16447751 ], [ 21.12019434, 49.16428324 ], [ 21.12051703, 49.16404439 ], [ 21.12083134, 49.16376836 ], [ 21.12123793, 49.16335996 ], [ 21.1214638, 49.1631996 ], [ 21.12172781, 49.16297248 ], [ 21.12177178, 49.1629032 ], [ 21.12188594, 49.16269581 ], [ 21.12196862, 49.16243142 ], [ 21.12210068, 49.16193147 ], [ 21.12210964, 49.16189746 ], [ 21.1221086, 49.1618633 ], [ 21.1219248, 49.1616884 ], [ 21.12138072, 49.16152023 ], [ 21.1207837, 49.16140529 ], [ 21.12030718, 49.16125925 ], [ 21.11985829, 49.16108852 ], [ 21.11933782, 49.16093712 ], [ 21.11877438, 49.16091219 ], [ 21.11837993, 49.16082222 ], [ 21.11813994, 49.1606241 ], [ 21.11806649, 49.16043118 ], [ 21.11803395, 49.16034579 ], [ 21.1180546, 49.15985301 ], [ 21.11805443, 49.1597032 ], [ 21.11805412, 49.15951054 ], [ 21.11810668, 49.15934179 ], [ 21.11812825, 49.1592728 ], [ 21.11817253, 49.1591307 ], [ 21.11835265, 49.15854181 ], [ 21.11838578, 49.15843348 ], [ 21.11812374, 49.15788401 ], [ 21.1176568, 49.15757909 ], [ 21.11716115, 49.15730999 ], [ 21.11691096, 49.15720553 ], [ 21.11644276, 49.15718505 ], [ 21.11548059, 49.15707701 ], [ 21.11514395, 49.1568406 ], [ 21.11485923, 49.15645541 ], [ 21.11441238, 49.15622071 ], [ 21.11407963, 49.15615448 ], [ 21.11345362, 49.15617632 ], [ 21.11307013, 49.15603339 ], [ 21.11288951, 49.15580518 ], [ 21.11271546, 49.15560887 ], [ 21.11238427, 49.15549183 ], [ 21.11203728, 49.15537148 ], [ 21.11160532, 49.15502327 ], [ 21.11122196, 49.15442471 ], [ 21.11109397, 49.15410878 ], [ 21.11104529, 49.15375613 ], [ 21.11114696, 49.15333967 ], [ 21.11120351, 49.1531895 ], [ 21.11132878, 49.15285653 ], [ 21.11148914, 49.15261127 ], [ 21.11162844, 49.15245573 ], [ 21.11176638, 49.15211272 ], [ 21.11177861, 49.15183276 ], [ 21.11154192, 49.15127039 ], [ 21.11135147, 49.15083984 ], [ 21.11124305, 49.15038211 ], [ 21.11116409, 49.15021962 ], [ 21.1108575, 49.14995084 ], [ 21.11059089, 49.14980749 ], [ 21.11000744, 49.14960235 ], [ 21.10949647, 49.14918581 ], [ 21.10945822, 49.14902227 ], [ 21.10998229, 49.14818021 ], [ 21.10999641, 49.1477154 ], [ 21.10943366, 49.14732574 ], [ 21.10921126, 49.14719531 ], [ 21.10902237, 49.14693298 ], [ 21.10878111, 49.14631266 ], [ 21.10870182, 49.14585864 ], [ 21.10856993, 49.14567357 ], [ 21.10812627, 49.14516616 ], [ 21.10762032, 49.14480135 ], [ 21.1072241, 49.1445704 ], [ 21.10718584, 49.14457566 ], [ 21.10696873, 49.14460546 ], [ 21.10678665, 49.14466447 ], [ 21.10654987, 49.14485209 ], [ 21.10643773, 49.1451005 ], [ 21.10660775, 49.145256 ], [ 21.10662568, 49.1455695 ], [ 21.10554188, 49.14607571 ], [ 21.10448524, 49.14617864 ], [ 21.10422548, 49.14604341 ], [ 21.10389205, 49.14596506 ], [ 21.10338422, 49.14614357 ], [ 21.10309873, 49.14601102 ], [ 21.10241005, 49.14669574 ], [ 21.10215569, 49.14688883 ], [ 21.10131393, 49.14752768 ], [ 21.10064255, 49.14797149 ], [ 21.09938102, 49.14734212 ], [ 21.09930511, 49.14735346 ], [ 21.09930081, 49.14735414 ], [ 21.0992464, 49.1473623 ], [ 21.09919255, 49.14737039 ], [ 21.09900756, 49.14683844 ], [ 21.09888646, 49.14661022 ], [ 21.0987015, 49.14582863 ], [ 21.09861594, 49.14569473 ], [ 21.09862588, 49.14567731 ], [ 21.0979188, 49.14540487 ], [ 21.09774695, 49.14539433 ], [ 21.09726072, 49.14559952 ], [ 21.09719225, 49.14563073 ], [ 21.09699481, 49.14561001 ], [ 21.09679644, 49.14547997 ], [ 21.09669293, 49.14533279 ], [ 21.09650751, 49.14487528 ], [ 21.09626627, 49.14458362 ], [ 21.09609921, 49.14446988 ], [ 21.0960929, 49.14448822 ], [ 21.09606234, 49.14457628 ], [ 21.0960118, 49.14476696 ], [ 21.09594154, 49.14495692 ], [ 21.0956614, 49.1449909 ], [ 21.09519037, 49.14518361 ], [ 21.0947553, 49.14525809 ], [ 21.09485271, 49.1454761 ], [ 21.09480727, 49.145504 ], [ 21.09460047, 49.14563125 ], [ 21.09456945, 49.14565159 ], [ 21.09447669, 49.14571236 ], [ 21.09431677, 49.14581069 ], [ 21.09429692, 49.14582292 ], [ 21.09425065, 49.14585835 ], [ 21.09422744, 49.14587877 ], [ 21.09391956, 49.14614908 ], [ 21.09391134, 49.1461562 ], [ 21.09363168, 49.14657271 ], [ 21.09332897, 49.14696698 ], [ 21.09298262, 49.14701818 ], [ 21.09292573, 49.14700817 ], [ 21.09263483, 49.1469578 ], [ 21.09271869, 49.14678619 ], [ 21.09250774, 49.14693221 ], [ 21.09260493, 49.14672898 ], [ 21.09241935, 49.14685115 ], [ 21.09210139, 49.14695602 ], [ 21.0920873, 49.14703101 ], [ 21.0920198, 49.14705847 ], [ 21.09183809, 49.14714519 ], [ 21.09180038, 49.14716325 ], [ 21.09202623, 49.14738682 ], [ 21.09163317, 49.14761011 ], [ 21.09123655, 49.1475586 ], [ 21.09100947, 49.14756717 ], [ 21.09089378, 49.14748414 ], [ 21.09089237, 49.14748833 ], [ 21.0907241, 49.14797143 ], [ 21.09069311, 49.14838205 ], [ 21.09062097, 49.14838144 ], [ 21.09037734, 49.14836887 ], [ 21.09015999, 49.14835551 ], [ 21.09009505, 49.14835217 ], [ 21.09008842, 49.14840795 ], [ 21.09008621, 49.14846712 ], [ 21.09008595, 49.14847431 ], [ 21.09014808, 49.14863889 ], [ 21.09020551, 49.14879828 ], [ 21.0902379, 49.14887567 ], [ 21.09023558, 49.14888099 ], [ 21.090103, 49.14893085 ], [ 21.08971021, 49.14883508 ], [ 21.08970475, 49.14883661 ], [ 21.08964998, 49.14885142 ], [ 21.08960396, 49.1485849 ], [ 21.08901541, 49.14857288 ], [ 21.08876803, 49.14859961 ], [ 21.0887246, 49.14860425 ], [ 21.08869277, 49.14860773 ], [ 21.08872548, 49.14826082 ], [ 21.08850649, 49.14828414 ], [ 21.08818026, 49.14834516 ], [ 21.08810527, 49.14836247 ], [ 21.08781155, 49.14846406 ], [ 21.08712063, 49.14857721 ], [ 21.08665093, 49.14855782 ], [ 21.08675841, 49.14834214 ], [ 21.08667558, 49.14832463 ], [ 21.08663399, 49.14840576 ], [ 21.08655833, 49.14855359 ], [ 21.08651783, 49.14863287 ], [ 21.08610585, 49.14865854 ], [ 21.08567498, 49.14868523 ], [ 21.08556981, 49.14867105 ], [ 21.08546554, 49.14864493 ], [ 21.08529386, 49.14853436 ], [ 21.08494154, 49.14867088 ], [ 21.08466601, 49.14866275 ], [ 21.0848677, 49.14946022 ], [ 21.0857109, 49.1494789 ], [ 21.08644046, 49.14941849 ], [ 21.08646332, 49.1494745 ], [ 21.08623124, 49.14956474 ], [ 21.08597499, 49.14966437 ], [ 21.08470027, 49.1507075 ], [ 21.08456457, 49.15089652 ], [ 21.08447135, 49.15103857 ], [ 21.08440983, 49.15134998 ], [ 21.08434894, 49.151434 ], [ 21.0841993, 49.15155227 ], [ 21.08389949, 49.15161746 ], [ 21.08347113, 49.1516634 ], [ 21.08344097, 49.15166666 ], [ 21.08315088, 49.15175053 ], [ 21.08317876, 49.15179446 ], [ 21.08319128, 49.15181421 ], [ 21.08313545, 49.15184321 ], [ 21.08247766, 49.15218652 ], [ 21.08235925, 49.1522669 ], [ 21.08217329, 49.15239363 ], [ 21.08222984, 49.15244136 ], [ 21.08148649, 49.15285304 ], [ 21.08140102, 49.15290035 ], [ 21.08099226, 49.1531267 ], [ 21.08099516, 49.1531357 ], [ 21.0811297, 49.15355434 ], [ 21.08130323, 49.15402986 ], [ 21.08133867, 49.15412688 ], [ 21.08153798, 49.15465806 ], [ 21.08168742, 49.15507393 ], [ 21.08175832, 49.15526409 ], [ 21.08217311, 49.15642068 ], [ 21.08235019, 49.15680116 ], [ 21.08241345, 49.15688421 ], [ 21.0828259, 49.15771941 ], [ 21.08293111, 49.15798702 ], [ 21.08332938, 49.15805419 ], [ 21.08378803, 49.15818982 ], [ 21.08393118, 49.15832612 ], [ 21.08398168, 49.15855632 ], [ 21.08364456, 49.15868865 ], [ 21.08378449, 49.15879829 ], [ 21.08371109, 49.15900921 ], [ 21.08340797, 49.15919539 ], [ 21.08364225, 49.15981393 ], [ 21.08390568, 49.16030691 ], [ 21.08400787, 49.16043848 ], [ 21.08412237, 49.16058179 ], [ 21.08439073, 49.16052126 ], [ 21.08472019, 49.16054138 ], [ 21.08495057, 49.1608482 ], [ 21.08470523, 49.161097 ], [ 21.08513925, 49.16145456 ], [ 21.08532886, 49.16166213 ], [ 21.08597993, 49.16263605 ], [ 21.08613711, 49.16289749 ], [ 21.08680843, 49.16429077 ], [ 21.08686792, 49.16438586 ], [ 21.08725129, 49.1649574 ], [ 21.08767172, 49.16549781 ], [ 21.08821047, 49.16633155 ], [ 21.08886202, 49.167111 ], [ 21.08966536, 49.16701448 ], [ 21.08999893, 49.16674059 ], [ 21.09082746, 49.16616026 ], [ 21.09170869, 49.16605002 ], [ 21.092853, 49.16587275 ], [ 21.09335428, 49.16588133 ], [ 21.09407269, 49.1659018 ], [ 21.09466401, 49.1660067 ], [ 21.09537303, 49.16638589 ], [ 21.09553295, 49.16648941 ], [ 21.095556, 49.16650437 ], [ 21.09644406, 49.16707924 ], [ 21.09710473, 49.16751999 ], [ 21.09760065, 49.16765261 ], [ 21.09797176, 49.16768752 ], [ 21.09823917, 49.16763629 ], [ 21.09895441, 49.1673175 ], [ 21.09946561, 49.16722787 ], [ 21.0995054, 49.16722086 ], [ 21.10043925, 49.16745362 ], [ 21.10084872, 49.16756726 ], [ 21.10194735, 49.16757057 ], [ 21.10198796, 49.16757475 ], [ 21.10229641, 49.16760665 ], [ 21.10268574, 49.16756273 ], [ 21.10272631, 49.16755808 ], [ 21.10286144, 49.16754286 ], [ 21.10408181, 49.16753554 ], [ 21.1041135, 49.16763027 ], [ 21.10442021, 49.1677967 ], [ 21.10499768, 49.16802021 ], [ 21.10543061, 49.16826197 ], [ 21.10546739, 49.1682825 ], [ 21.10575319, 49.16844214 ], [ 21.10621788, 49.16862793 ], [ 21.1076833, 49.16895815 ], [ 21.10855761, 49.16910234 ], [ 21.10886675, 49.16923634 ], [ 21.10944703, 49.1693427 ], [ 21.11050117, 49.16934856 ], [ 21.11242081, 49.16970283 ], [ 21.11266699, 49.16979178 ], [ 21.11300375, 49.16977352 ], [ 21.11323684, 49.16972593 ] ] ] } }
]
}
