{
"type": "FeatureCollection",
"name": "gis",
"crs": { "type": "name", "properties": { "name": "urn:ogc:def:crs:OGC:1.3:CRS84" } },
"features": [
{ "type": "Feature", "properties": { "@featureType": "CadastralZoning", "beginLifespanVersion": { "@nilReason": "http://inspire.ec.europa.eu/codelist/VoidReasonValue/Unpopulated", "@nil": "true" }, "endLifespanVersion": { "@nilReason": "http://inspire.ec.europa.eu/codelist/VoidReasonValue/Unpopulated", "@nil": "true" }, "estimatedAccuracy": { "value": -1, "@uom": "m" }, "inspireId": { "@dataType": "Identifier", "localId": "868191", "namespace": "SK.ESKN.CP", "versionId": "20260703T04:07:40" }, "label": "Veľké Leváre", "level": { "@href": "http://inspire.ec.europa.eu/codelist/CadastralZoningLevelValue/3rdOrder" }, "levelName": { "value": "Katastrálne územie", "@locale": "sk" }, "name": { "@dataType": "name", "GeographicalName": { "@dataType": "GeographicalName", "language": "SLK", "nativeness": { "@href": "http://inspire.ec.europa.eu/codelist/NativenessValue/endonym", "@title": "endonym" }, "nameStatus": { "@href": "http://inspire.ec.europa.eu/codelist/NameStatusValue/official", "@title": "official" }, "sourceOfName": { "@nilReason": "http://inspire.ec.europa.eu/codelist/VoidReasonValue/Unpopulated", "@nil": "true" }, "pronunciation": { "@dataType": "pronunciation", "@nilReason": "http://inspire.ec.europa.eu/codelist/VoidReasonValue/Unpopulated", "@nil": "true" }, "spelling": { "@dataType": "SpellingOfName", "text": "Veľké Leváre", "script": "LATN" } } }, "nationalCadastalZoningReference": "868191", "validFrom": "2026-06-30T16:00:00Z", "validTo": { "@nilReason": "http://inspire.ec.europa.eu/codelist/VoidReasonValue/Unpopulated", "@nil": "true" } }, "geometry": { "type": "MultiPolygon", "coordinates": [ [ [ [ 16.96015344, 48.53815018 ], [ 16.96018032, 48.53814977 ], [ 16.96038695, 48.5381465 ], [ 16.96042517, 48.53814587 ], [ 16.96050608, 48.53812991 ], [ 16.96061184, 48.53810905 ], [ 16.96091068, 48.53802596 ], [ 16.9611476, 48.5379698 ], [ 16.96146398, 48.5379201 ], [ 16.96241068, 48.53786004 ], [ 16.96358147, 48.53779646 ], [ 16.9647635, 48.53770263 ], [ 16.96545133, 48.53765517 ], [ 16.96676337, 48.53762611 ], [ 16.96780223, 48.53760715 ], [ 16.96857126, 48.5375995 ], [ 16.96940789, 48.53762559 ], [ 16.97085615, 48.53766161 ], [ 16.97088682, 48.53764735 ], [ 16.97188297, 48.5376973 ], [ 16.97267622, 48.53775457 ], [ 16.97274501, 48.53775955 ], [ 16.972993, 48.53777746 ], [ 16.97300673, 48.53777849 ], [ 16.97303541, 48.53778055 ], [ 16.97311186, 48.53778615 ], [ 16.9731221, 48.53778685 ], [ 16.97336465, 48.53779425 ], [ 16.97344106, 48.5377966 ], [ 16.97346816, 48.53779746 ], [ 16.97373075, 48.53780551 ], [ 16.97441079, 48.53782473 ], [ 16.97564222, 48.53778516 ], [ 16.9770741, 48.53752524 ], [ 16.9776138, 48.53744089 ], [ 16.97974898, 48.53710716 ], [ 16.98051066, 48.53701701 ], [ 16.98120358, 48.53696809 ], [ 16.98137119, 48.53694774 ], [ 16.9814052, 48.53694356 ], [ 16.98162885, 48.53695426 ], [ 16.98191168, 48.53696784 ], [ 16.98306301, 48.53698537 ], [ 16.98429544, 48.5370408 ], [ 16.9855967, 48.53703963 ], [ 16.98696243, 48.53718362 ], [ 16.98806351, 48.53710381 ], [ 16.98928815, 48.53696374 ], [ 16.99057206, 48.53672319 ], [ 16.99174587, 48.53648938 ], [ 16.99269744, 48.53635601 ], [ 16.9941383, 48.5360503 ], [ 16.99512221, 48.53588295 ], [ 16.99586888, 48.53584882 ], [ 16.99664078, 48.53581352 ], [ 16.99789837, 48.53577668 ], [ 16.99912844, 48.53577772 ], [ 17.00040217, 48.53574205 ], [ 17.00162355, 48.53562332 ], [ 17.00285903, 48.5353071 ], [ 17.00438946, 48.53509038 ], [ 17.00562656, 48.53479947 ], [ 17.00638027, 48.53481023 ], [ 17.00669648, 48.53481473 ], [ 17.00774427, 48.53440989 ], [ 17.00872794, 48.53418979 ], [ 17.00873566, 48.53418914 ], [ 17.00878832, 48.53418487 ], [ 17.00880046, 48.53418389 ], [ 17.00948605, 48.53412806 ], [ 17.01021698, 48.53403427 ], [ 17.01022961, 48.53403269 ], [ 17.0102574, 48.53402907 ], [ 17.01040295, 48.53390737 ], [ 17.01094218, 48.53345642 ], [ 17.01111245, 48.53331398 ], [ 17.01119402, 48.53326973 ], [ 17.01166029, 48.53301676 ], [ 17.01214355, 48.53272607 ], [ 17.01272569, 48.53243851 ], [ 17.01313867, 48.532229 ], [ 17.01355526, 48.53209034 ], [ 17.01414148, 48.53189517 ], [ 17.0143205, 48.53183424 ], [ 17.01449189, 48.53179015 ], [ 17.01539727, 48.53155725 ], [ 17.01556497, 48.53151408 ], [ 17.01561261, 48.53150177 ], [ 17.01808618, 48.53094643 ], [ 17.01817368, 48.53093774 ], [ 17.01820256, 48.53093492 ], [ 17.01820616, 48.53093453 ], [ 17.01884259, 48.53087231 ], [ 17.01895799, 48.53086101 ], [ 17.01904174, 48.5308528 ], [ 17.0193349, 48.53082305 ], [ 17.02059905, 48.53095674 ], [ 17.02110807, 48.53101701 ], [ 17.02163381, 48.53114793 ], [ 17.0218928, 48.53122045 ], [ 17.02255888, 48.53119268 ], [ 17.02257036, 48.53118976 ], [ 17.0227324, 48.53114881 ], [ 17.02274544, 48.53114545 ], [ 17.02294433, 48.53109499 ], [ 17.02299108, 48.53108317 ], [ 17.02299859, 48.53108124 ], [ 17.02301502, 48.53107711 ], [ 17.02318103, 48.53103508 ], [ 17.02321871, 48.53102554 ], [ 17.02328874, 48.5310313 ], [ 17.02338821, 48.53103943 ], [ 17.02374697, 48.53106875 ], [ 17.02391387, 48.53109946 ], [ 17.02411186, 48.531136 ], [ 17.02426248, 48.5311637 ], [ 17.0243051, 48.53117158 ], [ 17.02443917, 48.53119625 ], [ 17.02450297, 48.53120801 ], [ 17.02460417, 48.53123045 ], [ 17.0249157, 48.53129949 ], [ 17.02496822, 48.53131111 ], [ 17.02497216, 48.53131201 ], [ 17.02502442, 48.53132353 ], [ 17.0252654, 48.531377 ], [ 17.02583964, 48.53161888 ], [ 17.02587019, 48.53163171 ], [ 17.02596963, 48.53167356 ], [ 17.0269517, 48.53209878 ], [ 17.02742824, 48.53226285 ], [ 17.02762753, 48.53228572 ], [ 17.02763797, 48.53228688 ], [ 17.0281327, 48.5323437 ], [ 17.02855766, 48.53237633 ], [ 17.02883044, 48.53238866 ], [ 17.02936276, 48.53241277 ], [ 17.02998868, 48.5324777 ], [ 17.03007911, 48.5324871 ], [ 17.03015301, 48.5324934 ], [ 17.03206057, 48.53265482 ], [ 17.03262478, 48.53267865 ], [ 17.03330718, 48.53265193 ], [ 17.03343634, 48.53265728 ], [ 17.03344615, 48.53265813 ], [ 17.03347745, 48.5326608 ], [ 17.0337128, 48.53268115 ], [ 17.03368892, 48.53264969 ], [ 17.03366937, 48.53262377 ], [ 17.03348359, 48.53237826 ], [ 17.03323257, 48.5316527 ], [ 17.03304583, 48.53116891 ], [ 17.03256515, 48.5299362 ], [ 17.03252429, 48.5298216 ], [ 17.03246772, 48.52973123 ], [ 17.03245668, 48.52971367 ], [ 17.0323884, 48.52962513 ], [ 17.03148899, 48.52870719 ], [ 17.0310784, 48.5283548 ], [ 17.03083639, 48.52818012 ], [ 17.03072436, 48.52812549 ], [ 17.0306017, 48.52802683 ], [ 17.03027838, 48.5244887 ], [ 17.03007432, 48.52225478 ], [ 17.02986614, 48.5198367 ], [ 17.02976008, 48.51858671 ], [ 17.02965139, 48.51730698 ], [ 17.02953908, 48.51598461 ], [ 17.02940642, 48.514421 ], [ 17.02985263, 48.51449486 ], [ 17.0329369, 48.51603622 ], [ 17.03568424, 48.5169712 ], [ 17.03659446, 48.51723697 ], [ 17.03682313, 48.51730369 ], [ 17.03983381, 48.51796537 ], [ 17.04319399, 48.5188968 ], [ 17.04449478, 48.51925737 ], [ 17.04605206, 48.51978361 ], [ 17.04608828, 48.51979584 ], [ 17.05021556, 48.52119037 ], [ 17.05186429, 48.52141907 ], [ 17.0529885, 48.52157293 ], [ 17.05315838, 48.5217328 ], [ 17.05294751, 48.52227229 ], [ 17.05301783, 48.52228935 ], [ 17.05311396, 48.5222881 ], [ 17.05328382, 48.52234194 ], [ 17.05407203, 48.52259158 ], [ 17.05411434, 48.52260494 ], [ 17.05416995, 48.52263448 ], [ 17.05437375, 48.52274196 ], [ 17.05490002, 48.52277106 ], [ 17.05603107, 48.52319492 ], [ 17.05612595, 48.52306106 ], [ 17.05634435, 48.52315063 ], [ 17.05636937, 48.52310026 ], [ 17.05678869, 48.52225535 ], [ 17.05707328, 48.5222967 ], [ 17.05771037, 48.52127518 ], [ 17.05731122, 48.52106813 ], [ 17.05733643, 48.52104046 ], [ 17.05700019, 48.52094732 ], [ 17.05671932, 48.52087647 ], [ 17.0566154, 48.52085315 ], [ 17.05624867, 48.52078226 ], [ 17.05446315, 48.52047057 ], [ 17.05429242, 48.52048267 ], [ 17.05421665, 48.52047627 ], [ 17.05355967, 48.52066203 ], [ 17.05351292, 48.52075279 ], [ 17.05350433, 48.52081575 ], [ 17.05340031, 48.52111615 ], [ 17.05320609, 48.52162521 ], [ 17.05301937, 48.52151997 ], [ 17.05187753, 48.52137812 ], [ 17.05022532, 48.52114194 ], [ 17.0476143, 48.52025918 ], [ 17.044527, 48.51921517 ], [ 17.03988164, 48.51792785 ], [ 17.03760711, 48.51742345 ], [ 17.03684131, 48.51725366 ], [ 17.03571955, 48.51692488 ], [ 17.03298119, 48.51600579 ], [ 17.03070298, 48.51483869 ], [ 17.03039677, 48.51469083 ], [ 17.02992438, 48.51446286 ], [ 17.02941776, 48.51434746 ], [ 17.02942503, 48.51430032 ], [ 17.02938833, 48.51417035 ], [ 17.02935427, 48.51360066 ], [ 17.02908154, 48.51356483 ], [ 17.02952052, 48.51267169 ], [ 17.03009424, 48.51155052 ], [ 17.03046442, 48.51050507 ], [ 17.03056198, 48.51022966 ], [ 17.03163319, 48.50670436 ], [ 17.03206517, 48.504434 ], [ 17.03198014, 48.50435634 ], [ 17.03196928, 48.50434647 ], [ 17.03197563, 48.50430794 ], [ 17.03198701, 48.50426406 ], [ 17.03198932, 48.50424731 ], [ 17.03199927, 48.50424455 ], [ 17.03213058, 48.5042082 ], [ 17.03220017, 48.50392346 ], [ 17.03205025, 48.5039138 ], [ 17.03203664, 48.50391297 ], [ 17.03205731, 48.50376647 ], [ 17.03206922, 48.50370418 ], [ 17.03208427, 48.50358714 ], [ 17.03209594, 48.5035873 ], [ 17.03228117, 48.50359033 ], [ 17.03232646, 48.50308462 ], [ 17.03240487, 48.50128182 ], [ 17.03249303, 48.4992533 ], [ 17.03247523, 48.49879239 ], [ 17.03243928, 48.49786223 ], [ 17.03266913, 48.49764355 ], [ 17.03273225, 48.49758348 ], [ 17.03273435, 48.49753192 ], [ 17.03270393, 48.49750508 ], [ 17.03245192, 48.49728235 ], [ 17.03234638, 48.49545156 ], [ 17.03208136, 48.49054254 ], [ 17.0320478, 48.48967284 ], [ 17.03201648, 48.48821938 ], [ 17.03199834, 48.48737415 ], [ 17.0321474, 48.48347347 ], [ 17.0321764, 48.48319167 ], [ 17.03218117, 48.48304247 ], [ 17.03236534, 48.48118584 ], [ 17.03246492, 48.48038668 ], [ 17.03248783, 48.48016377 ], [ 17.03251347, 48.47999737 ], [ 17.03258112, 48.47945404 ], [ 17.03267549, 48.47894291 ], [ 17.0330553, 48.47647257 ], [ 17.03308103, 48.47634794 ], [ 17.03305354, 48.47634453 ], [ 17.03302707, 48.47634165 ], [ 17.03292533, 48.47633038 ], [ 17.03277853, 48.47631424 ], [ 17.03275432, 48.47631159 ], [ 17.03272518, 48.47630834 ], [ 17.03257972, 48.47629229 ], [ 17.03244496, 48.47627742 ], [ 17.03242532, 48.47627518 ], [ 17.03219046, 48.47624897 ], [ 17.032139, 48.4762432 ], [ 17.0320256, 48.47623087 ], [ 17.03201094, 48.47625102 ], [ 17.03198425, 48.47624776 ], [ 17.03118462, 48.47614991 ], [ 17.03016, 48.47602443 ], [ 17.02816003, 48.47495367 ], [ 17.027579, 48.47465761 ], [ 17.02753564, 48.47463549 ], [ 17.02657233, 48.47357621 ], [ 17.0259607, 48.47290378 ], [ 17.02434672, 48.47248413 ], [ 17.02426168, 48.47245898 ], [ 17.02388121, 48.47234653 ], [ 17.02359976, 48.47232987 ], [ 17.02339237, 48.47232142 ], [ 17.02313212, 48.47227665 ], [ 17.02307761, 48.4722695 ], [ 17.02296557, 48.47225372 ], [ 17.02264177, 48.4721679 ], [ 17.02119763, 48.47181357 ], [ 17.02083435, 48.47172895 ], [ 17.02045103, 48.47164296 ], [ 17.01901434, 48.47142733 ], [ 17.01799972, 48.47125541 ], [ 17.01717659, 48.47110513 ], [ 17.01678871, 48.47101791 ], [ 17.01662865, 48.47098203 ], [ 17.01637791, 48.47092505 ], [ 17.01596088, 48.47085048 ], [ 17.01572036, 48.47081978 ], [ 17.01562196, 48.47080728 ], [ 17.01405905, 48.47060802 ], [ 17.01320595, 48.47046968 ], [ 17.01190963, 48.47030856 ], [ 17.01187669, 48.47029827 ], [ 17.01186061, 48.47029319 ], [ 17.01169551, 48.4702416 ], [ 17.01163664, 48.47022311 ], [ 17.01163887, 48.47023683 ], [ 17.01164048, 48.4702467 ], [ 17.01164506, 48.47027422 ], [ 17.01163292, 48.47027538 ], [ 17.01147733, 48.47029071 ], [ 17.01096313, 48.4703657 ], [ 17.01087547, 48.4703778 ], [ 17.01080121, 48.47038592 ], [ 17.01067458, 48.47040304 ], [ 17.01049714, 48.47042952 ], [ 17.01023828, 48.47046563 ], [ 17.01003345, 48.47049612 ], [ 17.00989167, 48.47051356 ], [ 17.0097751, 48.47053154 ], [ 17.00963845, 48.47055186 ], [ 17.0094335, 48.47058225 ], [ 17.00925047, 48.47060889 ], [ 17.00920141, 48.47061576 ], [ 17.00900964, 48.47064262 ], [ 17.00895811, 48.47065058 ], [ 17.00883869, 48.47066674 ], [ 17.00883106, 48.47066776 ], [ 17.00877311, 48.47067591 ], [ 17.00875087, 48.470679 ], [ 17.00871891, 48.47068351 ], [ 17.00861628, 48.47070009 ], [ 17.00858658, 48.47070494 ], [ 17.008547, 48.47071028 ], [ 17.00847036, 48.47072059 ], [ 17.00840946, 48.47072936 ], [ 17.00828029, 48.47074793 ], [ 17.00817676, 48.47076156 ], [ 17.00798963, 48.47078918 ], [ 17.00776946, 48.47082296 ], [ 17.00756031, 48.47085234 ], [ 17.00733878, 48.4708853 ], [ 17.00712905, 48.47091572 ], [ 17.00711253, 48.47091793 ], [ 17.00690807, 48.470946 ], [ 17.0066775, 48.47097843 ], [ 17.00656485, 48.47099478 ], [ 17.0065129, 48.4710019 ], [ 17.00646637, 48.4710083 ], [ 17.00645053, 48.47101047 ], [ 17.0064133, 48.47101561 ], [ 17.00631885, 48.4710286 ], [ 17.00605245, 48.47106418 ], [ 17.00590056, 48.47108454 ], [ 17.00582467, 48.47109527 ], [ 17.00570272, 48.4711023 ], [ 17.00552143, 48.47112906 ], [ 17.00544575, 48.47114811 ], [ 17.00530945, 48.4711934 ], [ 17.00514196, 48.47126197 ], [ 17.00495618, 48.47133362 ], [ 17.00475976, 48.47141078 ], [ 17.0046141, 48.47146564 ], [ 17.0044979, 48.4715067 ], [ 17.00422405, 48.47160623 ], [ 17.00404853, 48.47167045 ], [ 17.00403931, 48.4716738 ], [ 17.00396984, 48.47169924 ], [ 17.00368287, 48.47180629 ], [ 17.00338181, 48.47192357 ], [ 17.00317158, 48.47200033 ], [ 17.00316279, 48.47200353 ], [ 17.00303368, 48.47205066 ], [ 17.00279581, 48.47213909 ], [ 17.00250496, 48.47224569 ], [ 17.00229887, 48.47232291 ], [ 17.00218238, 48.47236665 ], [ 17.00197889, 48.4724464 ], [ 17.00174074, 48.47253047 ], [ 17.00162876, 48.47257498 ], [ 17.00155479, 48.47259261 ], [ 17.00139969, 48.47262142 ], [ 17.00115991, 48.47267111 ], [ 17.00108534, 48.47268563 ], [ 17.00093324, 48.472717 ], [ 17.0007752, 48.47274633 ], [ 17.00073754, 48.47275334 ], [ 17.0004149, 48.47281581 ], [ 17.00025625, 48.47284555 ], [ 17.00007766, 48.47287944 ], [ 16.99991525, 48.47291237 ], [ 16.99974574, 48.47294471 ], [ 16.99956387, 48.47297955 ], [ 16.99938123, 48.47301498 ], [ 16.99916386, 48.47305779 ], [ 16.99899108, 48.47309099 ], [ 16.99884027, 48.47312109 ], [ 16.9987083, 48.47314624 ], [ 16.99852994, 48.47318123 ], [ 16.99809393, 48.47326541 ], [ 16.99791596, 48.47330142 ], [ 16.99773433, 48.47333646 ], [ 16.9975425, 48.47337152 ], [ 16.99729009, 48.47341845 ], [ 16.99705619, 48.47346708 ], [ 16.99673415, 48.47352994 ], [ 16.99660886, 48.4735541 ], [ 16.99646901, 48.47358096 ], [ 16.99618527, 48.47363532 ], [ 16.99606531, 48.47365749 ], [ 16.99593876, 48.47368102 ], [ 16.99574701, 48.47371816 ], [ 16.99557302, 48.47375128 ], [ 16.99546831, 48.47377332 ], [ 16.99536372, 48.47379373 ], [ 16.99497634, 48.47386938 ], [ 16.99444653, 48.47397181 ], [ 16.99432258, 48.47399524 ], [ 16.99399945, 48.4740563 ], [ 16.99329088, 48.4741954 ], [ 16.99274787, 48.47429782 ], [ 16.99258089, 48.47433394 ], [ 16.99251437, 48.47435434 ], [ 16.99243588, 48.47438441 ], [ 16.99226118, 48.47445544 ], [ 16.99198238, 48.47456474 ], [ 16.99173686, 48.47465759 ], [ 16.99138535, 48.47478776 ], [ 16.9910151, 48.47491511 ], [ 16.99063987, 48.47506228 ], [ 16.99029598, 48.47519677 ], [ 16.98991292, 48.47533038 ], [ 16.98976984, 48.47537103 ], [ 16.98942461, 48.47544919 ], [ 16.98913124, 48.4755243 ], [ 16.98795701, 48.47582079 ], [ 16.98781837, 48.47596182 ], [ 16.98730168, 48.47649537 ], [ 16.98727837, 48.47651945 ], [ 16.98624936, 48.4775862 ], [ 16.98623295, 48.47760524 ], [ 16.98578077, 48.47812765 ], [ 16.98542153, 48.47853555 ], [ 16.98526751, 48.47866423 ], [ 16.98479057, 48.47943582 ], [ 16.98458059, 48.47977195 ], [ 16.98439137, 48.48024701 ], [ 16.98404267, 48.48107712 ], [ 16.98404131, 48.48110523 ], [ 16.9840545, 48.48119735 ], [ 16.98407785, 48.48135988 ], [ 16.98408474, 48.48140755 ], [ 16.98409305, 48.48146535 ], [ 16.98403859, 48.4815202 ], [ 16.98414182, 48.48181134 ], [ 16.98415657, 48.48185303 ], [ 16.98415951, 48.48186128 ], [ 16.98418735, 48.48193958 ], [ 16.9840074, 48.4820644 ], [ 16.98388644, 48.482471 ], [ 16.98387416, 48.48251247 ], [ 16.98386772, 48.48253472 ], [ 16.98386432, 48.48254615 ], [ 16.98385733, 48.48257017 ], [ 16.98383335, 48.48265206 ], [ 16.98383078, 48.48266075 ], [ 16.98375431, 48.48292158 ], [ 16.98374284, 48.48294466 ], [ 16.98381427, 48.48296285 ], [ 16.98384214, 48.48297606 ], [ 16.98396209, 48.48305498 ], [ 16.98403163, 48.48311525 ], [ 16.98420737, 48.48332113 ], [ 16.98436315, 48.48361198 ], [ 16.98450916, 48.48374566 ], [ 16.98457097, 48.48380224 ], [ 16.98464635, 48.48387132 ], [ 16.9846509, 48.4839455 ], [ 16.98467243, 48.48429089 ], [ 16.98469384, 48.48434398 ], [ 16.98474672, 48.4844503 ], [ 16.98476507, 48.48448809 ], [ 16.98479, 48.48453961 ], [ 16.98479216, 48.4845441 ], [ 16.98481422, 48.48458955 ], [ 16.98481719, 48.48459581 ], [ 16.98484676, 48.48465687 ], [ 16.98488402, 48.48473582 ], [ 16.98493318, 48.48481522 ], [ 16.98494443, 48.48487602 ], [ 16.98494685, 48.48488939 ], [ 16.98495661, 48.48490452 ], [ 16.98496055, 48.48491067 ], [ 16.98498157, 48.48494348 ], [ 16.98498913, 48.4849553 ], [ 16.98498867, 48.48496178 ], [ 16.98498702, 48.48498643 ], [ 16.98498125, 48.48507545 ], [ 16.9849693, 48.48510248 ], [ 16.98495667, 48.48513136 ], [ 16.98494474, 48.4851583 ], [ 16.98494115, 48.48516655 ], [ 16.98492589, 48.48520004 ], [ 16.98487493, 48.48526038 ], [ 16.98486285, 48.4852883 ], [ 16.98484146, 48.48533764 ], [ 16.98486498, 48.48542722 ], [ 16.9848896, 48.48552104 ], [ 16.98493306, 48.48563024 ], [ 16.98493314, 48.48563495 ], [ 16.98493691, 48.48586512 ], [ 16.98498918, 48.48607447 ], [ 16.98504525, 48.48629447 ], [ 16.98504749, 48.48641514 ], [ 16.98502684, 48.48655711 ], [ 16.98497239, 48.4867417 ], [ 16.98497565, 48.48679699 ], [ 16.98499956, 48.48686734 ], [ 16.98504258, 48.48696449 ], [ 16.98507993, 48.48703585 ], [ 16.98510766, 48.48709561 ], [ 16.98509686, 48.48719604 ], [ 16.98505936, 48.48728089 ], [ 16.9850403, 48.48732398 ], [ 16.98499341, 48.48742998 ], [ 16.98500178, 48.48753651 ], [ 16.98502183, 48.48772042 ], [ 16.98500934, 48.48794224 ], [ 16.98499543, 48.48813114 ], [ 16.98492749, 48.48819041 ], [ 16.98494565, 48.48832591 ], [ 16.98499851, 48.48843323 ], [ 16.98522103, 48.48866834 ], [ 16.98531574, 48.48882328 ], [ 16.98570471, 48.48902957 ], [ 16.98588227, 48.48915022 ], [ 16.98597527, 48.48928117 ], [ 16.98604762, 48.48935583 ], [ 16.986301, 48.48956033 ], [ 16.98635795, 48.48963954 ], [ 16.98638079, 48.48972564 ], [ 16.98643411, 48.48979049 ], [ 16.98658382, 48.48987326 ], [ 16.98667198, 48.48998896 ], [ 16.98685003, 48.49019598 ], [ 16.98696223, 48.49031188 ], [ 16.98702355, 48.49037521 ], [ 16.98709451, 48.49047283 ], [ 16.98713902, 48.49052443 ], [ 16.98723491, 48.49063587 ], [ 16.98741728, 48.49082908 ], [ 16.98742721, 48.49083961 ], [ 16.98754175, 48.49092467 ], [ 16.98759692, 48.49095132 ], [ 16.98763512, 48.49096985 ], [ 16.98771915, 48.49101041 ], [ 16.98781351, 48.49108169 ], [ 16.98784139, 48.49113703 ], [ 16.98789578, 48.49124509 ], [ 16.9879241, 48.4913274 ], [ 16.98791466, 48.49134881 ], [ 16.98786799, 48.49145428 ], [ 16.98787769, 48.49155051 ], [ 16.9878367, 48.49168341 ], [ 16.98782188, 48.49171232 ], [ 16.98780352, 48.49174831 ], [ 16.98777092, 48.49181207 ], [ 16.98776723, 48.49181923 ], [ 16.98775472, 48.49184026 ], [ 16.98775378, 48.49184191 ], [ 16.98765568, 48.49200715 ], [ 16.98766729, 48.49204808 ], [ 16.98777448, 48.49221038 ], [ 16.98791829, 48.49223298 ], [ 16.98791755, 48.49225264 ], [ 16.98791283, 48.49236912 ], [ 16.98795522, 48.492523 ], [ 16.9879643, 48.49255572 ], [ 16.98797247, 48.49258548 ], [ 16.98807277, 48.49273872 ], [ 16.98801699, 48.49284149 ], [ 16.9880267, 48.49296403 ], [ 16.98803473, 48.49299125 ], [ 16.98814999, 48.4931173 ], [ 16.98833415, 48.49333152 ], [ 16.9883944, 48.49340707 ], [ 16.98846551, 48.4934669 ], [ 16.98855664, 48.49352838 ], [ 16.98856735, 48.49353563 ], [ 16.98859925, 48.49355716 ], [ 16.9886576, 48.49361684 ], [ 16.9887055, 48.49366587 ], [ 16.98873737, 48.49368577 ], [ 16.98878101, 48.49371317 ], [ 16.98885917, 48.49382936 ], [ 16.98894857, 48.493873 ], [ 16.98897576, 48.49388625 ], [ 16.98899587, 48.49389604 ], [ 16.98911149, 48.49395838 ], [ 16.98912894, 48.4939678 ], [ 16.98919979, 48.49403024 ], [ 16.98925027, 48.49411262 ], [ 16.98927455, 48.49419294 ], [ 16.98928717, 48.49419932 ], [ 16.989369, 48.4942409 ], [ 16.98942044, 48.49427851 ], [ 16.98953208, 48.49440603 ], [ 16.98955958, 48.49443748 ], [ 16.98969636, 48.49453616 ], [ 16.98967471, 48.49454951 ], [ 16.98969184, 48.49459959 ], [ 16.98971306, 48.49466189 ], [ 16.98975755, 48.49476366 ], [ 16.98980116, 48.4948641 ], [ 16.98983835, 48.49494892 ], [ 16.98984637, 48.49496737 ], [ 16.98988944, 48.49506868 ], [ 16.98990965, 48.49511382 ], [ 16.98993565, 48.49517165 ], [ 16.98998655, 48.49528119 ], [ 16.9899881, 48.49528437 ], [ 16.99007227, 48.49546543 ], [ 16.99018318, 48.49570392 ], [ 16.9902265, 48.49579919 ], [ 16.99028359, 48.49592497 ], [ 16.99029266, 48.49594548 ], [ 16.99030262, 48.49596723 ], [ 16.99034864, 48.49606793 ], [ 16.99039468, 48.49616845 ], [ 16.99042177, 48.4963211 ], [ 16.99042012, 48.49634314 ], [ 16.99041042, 48.49647338 ], [ 16.99040686, 48.49651039 ], [ 16.9904002, 48.49658063 ], [ 16.99038968, 48.49667484 ], [ 16.99037645, 48.49679273 ], [ 16.99036566, 48.49689045 ], [ 16.9903651, 48.49689493 ], [ 16.99035274, 48.49700637 ], [ 16.99032339, 48.49714395 ], [ 16.99030897, 48.49721158 ], [ 16.99029936, 48.49725694 ], [ 16.99029144, 48.49729401 ], [ 16.99023032, 48.49758139 ], [ 16.99019812, 48.49770838 ], [ 16.98995134, 48.49868218 ], [ 16.98994889, 48.49869973 ], [ 16.98994361, 48.49873906 ], [ 16.98993997, 48.49876168 ], [ 16.98993753, 48.49877652 ], [ 16.98993656, 48.49878278 ], [ 16.98992953, 48.49882642 ], [ 16.98992902, 48.49882973 ], [ 16.98992532, 48.49885271 ], [ 16.98993317, 48.4988547 ], [ 16.98991793, 48.49891793 ], [ 16.98990832, 48.49895805 ], [ 16.98990072, 48.49898953 ], [ 16.98983243, 48.49927308 ], [ 16.98982532, 48.49930143 ], [ 16.9897671, 48.49953314 ], [ 16.98970655, 48.49977382 ], [ 16.98970407, 48.49978369 ], [ 16.98969121, 48.49997203 ], [ 16.98968979, 48.49999345 ], [ 16.98968314, 48.50007147 ], [ 16.98965134, 48.50044177 ], [ 16.98963507, 48.50065122 ], [ 16.98963233, 48.50065573 ], [ 16.98962305, 48.50067083 ], [ 16.98961316, 48.50068552 ], [ 16.98958895, 48.50072147 ], [ 16.98958201, 48.50073989 ], [ 16.98958123, 48.50076163 ], [ 16.98957108, 48.50105801 ], [ 16.98956372, 48.50142854 ], [ 16.98956262, 48.50144357 ], [ 16.98955979, 48.50148198 ], [ 16.98953941, 48.50176365 ], [ 16.98950965, 48.5019917 ], [ 16.98945942, 48.50207352 ], [ 16.98930434, 48.50232888 ], [ 16.98920792, 48.50248321 ], [ 16.98914754, 48.50264542 ], [ 16.98910089, 48.50289375 ], [ 16.98910301, 48.50300826 ], [ 16.98910553, 48.50312804 ], [ 16.98911507, 48.50329034 ], [ 16.98909757, 48.50339709 ], [ 16.98906884, 48.5035 ], [ 16.98899824, 48.503722 ], [ 16.98898845, 48.5037527 ], [ 16.98896617, 48.50382269 ], [ 16.98888057, 48.50405722 ], [ 16.98883323, 48.50418978 ], [ 16.98877663, 48.50433724 ], [ 16.98868737, 48.50453311 ], [ 16.98863608, 48.50464541 ], [ 16.98862752, 48.50467258 ], [ 16.98859792, 48.50476702 ], [ 16.98858264, 48.50484887 ], [ 16.98854662, 48.50504178 ], [ 16.98852503, 48.50515738 ], [ 16.98851264, 48.50519957 ], [ 16.98850315, 48.50526256 ], [ 16.98847285, 48.50546246 ], [ 16.98847228, 48.50546875 ], [ 16.98846989, 48.50549472 ], [ 16.98845849, 48.50561653 ], [ 16.98845834, 48.50562185 ], [ 16.98845156, 48.50582625 ], [ 16.98844483, 48.50586964 ], [ 16.98840698, 48.50611386 ], [ 16.98839367, 48.50619974 ], [ 16.9883581, 48.50639494 ], [ 16.98834271, 48.50647932 ], [ 16.98828857, 48.50669079 ], [ 16.98824178, 48.50687328 ], [ 16.98817004, 48.50701836 ], [ 16.98816035, 48.50704753 ], [ 16.98809265, 48.50725255 ], [ 16.98807487, 48.5072988 ], [ 16.98803974, 48.50739024 ], [ 16.98802878, 48.50741878 ], [ 16.98802104, 48.50743886 ], [ 16.98801196, 48.50751943 ], [ 16.98799382, 48.50768119 ], [ 16.98800614, 48.50784486 ], [ 16.98796942, 48.50805978 ], [ 16.98796237, 48.50809907 ], [ 16.98791545, 48.50835877 ], [ 16.9878508, 48.50872664 ], [ 16.98784295, 48.50877113 ], [ 16.98777328, 48.50898795 ], [ 16.98768833, 48.50925508 ], [ 16.9874093, 48.5098578 ], [ 16.98731763, 48.51005675 ], [ 16.98732398, 48.51020537 ], [ 16.98726371, 48.51042211 ], [ 16.98725975, 48.51043621 ], [ 16.98723404, 48.5105292 ], [ 16.98716057, 48.51070472 ], [ 16.98715263, 48.51071819 ], [ 16.98708465, 48.51083278 ], [ 16.98704075, 48.51090707 ], [ 16.98702326, 48.51093652 ], [ 16.98698995, 48.51099247 ], [ 16.9867941, 48.51126222 ], [ 16.98677975, 48.51128194 ], [ 16.98681372, 48.51126908 ], [ 16.9867635, 48.5113367 ], [ 16.98674493, 48.51137313 ], [ 16.98674176, 48.51137951 ], [ 16.98673845, 48.51140614 ], [ 16.98673278, 48.51145149 ], [ 16.98673116, 48.5114654 ], [ 16.98672918, 48.51148081 ], [ 16.98671541, 48.51159243 ], [ 16.98670854, 48.51174646 ], [ 16.98661987, 48.51195059 ], [ 16.98651425, 48.51211053 ], [ 16.98635038, 48.51234856 ], [ 16.98628635, 48.51247193 ], [ 16.98622305, 48.51257653 ], [ 16.9861136, 48.51275673 ], [ 16.98607842, 48.5128195 ], [ 16.98599359, 48.5129664 ], [ 16.98596221, 48.51300114 ], [ 16.98594413, 48.51302123 ], [ 16.985894, 48.51307684 ], [ 16.98583337, 48.51315369 ], [ 16.98578493, 48.51321511 ], [ 16.98559438, 48.51341986 ], [ 16.98552389, 48.5135576 ], [ 16.98547611, 48.51388324 ], [ 16.98544887, 48.51406852 ], [ 16.98543328, 48.51420939 ], [ 16.98541634, 48.51436165 ], [ 16.98542788, 48.51445656 ], [ 16.98537839, 48.51461247 ], [ 16.98528219, 48.51480542 ], [ 16.98515042, 48.51500054 ], [ 16.98502517, 48.51526933 ], [ 16.98487149, 48.51548022 ], [ 16.98479243, 48.51560039 ], [ 16.98477947, 48.51563132 ], [ 16.98477534, 48.51564125 ], [ 16.98471125, 48.51575268 ], [ 16.98463347, 48.51589707 ], [ 16.98459306, 48.51596979 ], [ 16.98455763, 48.51603418 ], [ 16.98449669, 48.51612439 ], [ 16.98443387, 48.51619423 ], [ 16.98438516, 48.51624423 ], [ 16.98434989, 48.51629878 ], [ 16.98430822, 48.5163612 ], [ 16.9842611, 48.51641149 ], [ 16.9841153, 48.51658115 ], [ 16.98406255, 48.51664571 ], [ 16.98403443, 48.51668663 ], [ 16.98400496, 48.51673714 ], [ 16.98396068, 48.51679713 ], [ 16.98385392, 48.51694233 ], [ 16.98376062, 48.51707707 ], [ 16.98373749, 48.51710334 ], [ 16.98372495, 48.51711749 ], [ 16.98369289, 48.51715398 ], [ 16.98365075, 48.51718527 ], [ 16.98352333, 48.51734435 ], [ 16.9834685, 48.51738986 ], [ 16.98341626, 48.51745292 ], [ 16.98338393, 48.51749989 ], [ 16.98334702, 48.51753958 ], [ 16.98332513, 48.5175728 ], [ 16.98327569, 48.51763008 ], [ 16.98309871, 48.51781378 ], [ 16.98309758, 48.51781497 ], [ 16.98299491, 48.51792149 ], [ 16.98262246, 48.5183125 ], [ 16.98261905, 48.51831606 ], [ 16.98243383, 48.51852488 ], [ 16.98240434, 48.51858596 ], [ 16.9823979, 48.51859944 ], [ 16.98238946, 48.51861695 ], [ 16.9823161, 48.51870125 ], [ 16.98218557, 48.51884781 ], [ 16.98217718, 48.51885718 ], [ 16.98214174, 48.51889697 ], [ 16.98205005, 48.51898626 ], [ 16.98184148, 48.51922267 ], [ 16.98182347, 48.51924314 ], [ 16.9817229, 48.51932115 ], [ 16.98153478, 48.51946702 ], [ 16.98120406, 48.51972056 ], [ 16.98113548, 48.5197731 ], [ 16.98110523, 48.51979616 ], [ 16.98076915, 48.52005349 ], [ 16.98047441, 48.52028301 ], [ 16.98042672, 48.52031582 ], [ 16.98031486, 48.52039287 ], [ 16.98013002, 48.52052016 ], [ 16.97976574, 48.5207733 ], [ 16.97969129, 48.52082507 ], [ 16.97949841, 48.5209585 ], [ 16.97907972, 48.52124824 ], [ 16.97904527, 48.521272 ], [ 16.97894691, 48.52134012 ], [ 16.97886458, 48.52139705 ], [ 16.9788471, 48.52140968 ], [ 16.97880912, 48.52143691 ], [ 16.97878936, 48.52145111 ], [ 16.97872381, 48.52149815 ], [ 16.97869118, 48.52152159 ], [ 16.97866285, 48.52154189 ], [ 16.97860371, 48.52158883 ], [ 16.978524, 48.52165434 ], [ 16.97840906, 48.52174772 ], [ 16.97838289, 48.52176898 ], [ 16.97827996, 48.52185252 ], [ 16.97806814, 48.5220238 ], [ 16.97778124, 48.52224906 ], [ 16.97772768, 48.52229602 ], [ 16.97759436, 48.52240785 ], [ 16.97742844, 48.52254113 ], [ 16.97722652, 48.5227073 ], [ 16.97714536, 48.52277244 ], [ 16.97704738, 48.52285125 ], [ 16.97682722, 48.52304022 ], [ 16.97675146, 48.52310392 ], [ 16.9766921, 48.5231531 ], [ 16.97658534, 48.52320519 ], [ 16.97650095, 48.52324641 ], [ 16.97579452, 48.52359119 ], [ 16.97571728, 48.52362839 ], [ 16.97542071, 48.52377125 ], [ 16.97523226, 48.52386203 ], [ 16.97511796, 48.52391703 ], [ 16.97480696, 48.52406686 ], [ 16.97475621, 48.52409132 ], [ 16.97431748, 48.52441149 ], [ 16.97389257, 48.52471805 ], [ 16.97324233, 48.52518709 ], [ 16.97197485, 48.52609126 ], [ 16.97137153, 48.52650691 ], [ 16.97117883, 48.52664504 ], [ 16.97117429, 48.52664799 ], [ 16.97116307, 48.52665535 ], [ 16.97112685, 48.52667909 ], [ 16.9711223, 48.52668212 ], [ 16.97082415, 48.52687866 ], [ 16.9707876, 48.52690192 ], [ 16.97078623, 48.52690282 ], [ 16.9707456, 48.52692869 ], [ 16.97072068, 48.52694452 ], [ 16.97071902, 48.52694559 ], [ 16.97062565, 48.527006 ], [ 16.97061596, 48.52701229 ], [ 16.97058498, 48.52703295 ], [ 16.97054669, 48.52705862 ], [ 16.97054411, 48.52706034 ], [ 16.97053894, 48.52706379 ], [ 16.97050476, 48.52708667 ], [ 16.97039186, 48.52716066 ], [ 16.97033427, 48.52719839 ], [ 16.97031563, 48.52721058 ], [ 16.9701847, 48.52729635 ], [ 16.96986666, 48.52750174 ], [ 16.96970506, 48.52760611 ], [ 16.96968129, 48.52761632 ], [ 16.96918185, 48.52783105 ], [ 16.96912765, 48.52785482 ], [ 16.96894463, 48.52793503 ], [ 16.96822029, 48.52807466 ], [ 16.96738259, 48.52822983 ], [ 16.9673434, 48.52823763 ], [ 16.9670584, 48.5282943 ], [ 16.96703213, 48.52829954 ], [ 16.96695943, 48.52830577 ], [ 16.96682143, 48.52831348 ], [ 16.96652293, 48.52833006 ], [ 16.96643558, 48.52833338 ], [ 16.96632708, 48.52833869 ], [ 16.96616906, 48.52834385 ], [ 16.96601981, 48.52834952 ], [ 16.96586807, 48.52835456 ], [ 16.96568451, 48.52836204 ], [ 16.96558047, 48.52836584 ], [ 16.96544877, 48.52837072 ], [ 16.96542303, 48.52837167 ], [ 16.9653617, 48.52837388 ], [ 16.96524116, 48.5283779 ], [ 16.9652023, 48.52837922 ], [ 16.9650662, 48.52837648 ], [ 16.96486102, 48.52837153 ], [ 16.96469766, 48.52836728 ], [ 16.96459953, 48.52836542 ], [ 16.96446137, 48.52836281 ], [ 16.96428753, 48.52835857 ], [ 16.96407421, 48.52835342 ], [ 16.9639591, 48.52834968 ], [ 16.96392867, 48.5283484 ], [ 16.96384217, 48.52834355 ], [ 16.96374615, 48.52834039 ], [ 16.96355158, 48.52833201 ], [ 16.96335466, 48.52832211 ], [ 16.96325721, 48.52831596 ], [ 16.96322097, 48.52831438 ], [ 16.96302836, 48.52831092 ], [ 16.96289132, 48.52830812 ], [ 16.96282266, 48.52830756 ], [ 16.96275211, 48.52830606 ], [ 16.96262656, 48.52830468 ], [ 16.96249919, 48.52830181 ], [ 16.96232744, 48.52829897 ], [ 16.96219575, 48.5282959 ], [ 16.96198477, 48.52829235 ], [ 16.96184825, 48.52828967 ], [ 16.96160345, 48.5282848 ], [ 16.96146017, 48.52828183 ], [ 16.96131735, 48.52827853 ], [ 16.96127729, 48.52827705 ], [ 16.96120163, 48.52827429 ], [ 16.96112648, 48.52827266 ], [ 16.96096819, 48.52826902 ], [ 16.96091284, 48.52826785 ], [ 16.96084845, 48.52826614 ], [ 16.96073942, 48.52826615 ], [ 16.96071208, 48.52826599 ], [ 16.96062838, 48.52826151 ], [ 16.96050906, 48.52825594 ], [ 16.96038664, 48.52825016 ], [ 16.96034652, 48.52824813 ], [ 16.96027409, 48.52824478 ], [ 16.96013081, 48.52823828 ], [ 16.95999104, 48.52822941 ], [ 16.95987395, 48.52822345 ], [ 16.95975142, 48.52821838 ], [ 16.95963985, 48.5282128 ], [ 16.95952808, 48.52820593 ], [ 16.95942958, 48.52820125 ], [ 16.95937165, 48.52819908 ], [ 16.95931876, 48.52819608 ], [ 16.95920845, 48.52819121 ], [ 16.95909729, 48.52818566 ], [ 16.95906538, 48.52818338 ], [ 16.95900892, 48.52818583 ], [ 16.9589279, 48.52819039 ], [ 16.95880842, 48.52819981 ], [ 16.95870715, 48.52820678 ], [ 16.95869614, 48.52820756 ], [ 16.95865994, 48.52821014 ], [ 16.95862905, 48.52821272 ], [ 16.95861222, 48.5282141 ], [ 16.95840761, 48.52823087 ], [ 16.95836596, 48.52823434 ], [ 16.95820343, 48.52824487 ], [ 16.95809123, 48.52825299 ], [ 16.95797406, 48.52826158 ], [ 16.95792284, 48.52826529 ], [ 16.95783357, 48.52827127 ], [ 16.95767537, 48.52828193 ], [ 16.95759202, 48.5282875 ], [ 16.95757363, 48.52829284 ], [ 16.95740012, 48.52833191 ], [ 16.9572691, 48.52836206 ], [ 16.95724922, 48.52836648 ], [ 16.95706216, 48.52840778 ], [ 16.9569389, 48.5284362 ], [ 16.95681436, 48.52846499 ], [ 16.95663505, 48.52850637 ], [ 16.95646152, 48.52854644 ], [ 16.95634942, 48.52857309 ], [ 16.95632568, 48.5285787 ], [ 16.95622199, 48.52860557 ], [ 16.95620949, 48.52860896 ], [ 16.95611209, 48.52861818 ], [ 16.95606308, 48.5286243 ], [ 16.95600979, 48.52863086 ], [ 16.95598091, 48.52863448 ], [ 16.95597744, 48.52863496 ], [ 16.95593022, 48.52864094 ], [ 16.95592422, 48.52864189 ], [ 16.95589313, 48.52864662 ], [ 16.95576779, 48.52866568 ], [ 16.95561504, 48.5286833 ], [ 16.95559975, 48.52868532 ], [ 16.95541268, 48.52871008 ], [ 16.95538302, 48.52871609 ], [ 16.95536152, 48.5287204 ], [ 16.95533685, 48.52872322 ], [ 16.95522484, 48.52873623 ], [ 16.95507446, 48.528757 ], [ 16.95494983, 48.52877239 ], [ 16.95484305, 48.52878675 ], [ 16.95461635, 48.52881683 ], [ 16.95457038, 48.52882272 ], [ 16.95404848, 48.52889444 ], [ 16.95404679, 48.52868158 ], [ 16.95404494, 48.52862703 ], [ 16.9540798, 48.52842681 ], [ 16.95402987, 48.52825368 ], [ 16.95397112, 48.52801909 ], [ 16.95369634, 48.52763521 ], [ 16.95354864, 48.52760119 ], [ 16.95338386, 48.5274462 ], [ 16.95329005, 48.52738867 ], [ 16.95290932, 48.52719035 ], [ 16.95225705, 48.52689245 ], [ 16.95180635, 48.52685586 ], [ 16.951265, 48.52677995 ], [ 16.95075102, 48.5266551 ], [ 16.95046992, 48.52657312 ], [ 16.95007279, 48.52645043 ], [ 16.94978408, 48.52636756 ], [ 16.94935283, 48.52626123 ], [ 16.94880911, 48.52617529 ], [ 16.94864134, 48.52614874 ], [ 16.94800651, 48.52616701 ], [ 16.94767951, 48.52621359 ], [ 16.9475241, 48.5262623 ], [ 16.94729119, 48.52635668 ], [ 16.94702248, 48.52647553 ], [ 16.94684219, 48.52659043 ], [ 16.94669326, 48.52670224 ], [ 16.94645592, 48.52688527 ], [ 16.94636319, 48.5269571 ], [ 16.94599322, 48.52725569 ], [ 16.94578163, 48.52749004 ], [ 16.94547296, 48.52784067 ], [ 16.94542657, 48.52792689 ], [ 16.94525124, 48.5280509 ], [ 16.94509504, 48.52818138 ], [ 16.94489797, 48.52835055 ], [ 16.94468491, 48.52850261 ], [ 16.94452929, 48.52869741 ], [ 16.94402401, 48.52920448 ], [ 16.94370645, 48.52965468 ], [ 16.94368343, 48.52968619 ], [ 16.94366064, 48.52971708 ], [ 16.94365907, 48.52971932 ], [ 16.94350627, 48.52993267 ], [ 16.94335979, 48.53013696 ], [ 16.94322554, 48.53032825 ], [ 16.94321084, 48.53034831 ], [ 16.94554281, 48.53183061 ], [ 16.94644907, 48.532314 ], [ 16.94683284, 48.53249465 ], [ 16.94768799, 48.53282579 ], [ 16.9478541, 48.53289544 ], [ 16.94818292, 48.53306099 ], [ 16.94833539, 48.53315873 ], [ 16.94855018, 48.53332051 ], [ 16.94889436, 48.53361108 ], [ 16.94909418, 48.5338881 ], [ 16.94926303, 48.53416814 ], [ 16.94938717, 48.53442242 ], [ 16.94949942, 48.5346927 ], [ 16.94961913, 48.53514304 ], [ 16.94977675, 48.53580087 ], [ 16.9502549, 48.53590291 ], [ 16.95042527, 48.53593922 ], [ 16.95050995, 48.53595761 ], [ 16.95056512, 48.53596963 ], [ 16.95087587, 48.53603728 ], [ 16.95119757, 48.53613769 ], [ 16.95124652, 48.53615299 ], [ 16.95148124, 48.53622627 ], [ 16.95225028, 48.53644485 ], [ 16.9529945, 48.53664889 ], [ 16.9533321, 48.53673999 ], [ 16.95468397, 48.53703902 ], [ 16.95574996, 48.53727861 ], [ 16.95644685, 48.5374405 ], [ 16.95744398, 48.53765898 ], [ 16.95750349, 48.53767202 ], [ 16.95771861, 48.53771916 ], [ 16.95839516, 48.5378771 ], [ 16.95894335, 48.53798771 ], [ 16.95921644, 48.53802717 ], [ 16.95963692, 48.53808795 ], [ 16.95964837, 48.53808964 ], [ 16.95995948, 48.53813234 ], [ 16.9600957, 48.5381511 ], [ 16.96015344, 48.53815018 ] ] ] ] } },
{ "type": "Feature", "properties": { "@featureType": "CadastralZoning", "beginLifespanVersion": { "@nilReason": "http://inspire.ec.europa.eu/codelist/VoidReasonValue/Unpopulated", "@nil": "true" }, "endLifespanVersion": { "@nilReason": "http://inspire.ec.europa.eu/codelist/VoidReasonValue/Unpopulated", "@nil": "true" }, "estimatedAccuracy": { "value": -1, "@uom": "m" }, "inspireId": { "@dataType": "Identifier", "localId": "814482", "namespace": "SK.ESKN.CP", "versionId": "20260703T04:07:40" }, "label": "Gajary", "level": { "@href": "http://inspire.ec.europa.eu/codelist/CadastralZoningLevelValue/3rdOrder" }, "levelName": { "value": "Katastrálne územie", "@locale": "sk" }, "name": { "@dataType": "name", "GeographicalName": { "@dataType": "GeographicalName", "language": "SLK", "nativeness": { "@href": "http://inspire.ec.europa.eu/codelist/NativenessValue/endonym", "@title": "endonym" }, "nameStatus": { "@href": "http://inspire.ec.europa.eu/codelist/NameStatusValue/official", "@title": "official" }, "sourceOfName": { "@nilReason": "http://inspire.ec.europa.eu/codelist/VoidReasonValue/Unpopulated", "@nil": "true" }, "pronunciation": { "@dataType": "pronunciation", "@nilReason": "http://inspire.ec.europa.eu/codelist/VoidReasonValue/Unpopulated", "@nil": "true" }, "spelling": { "@dataType": "SpellingOfName", "text": "Gajary", "script": "LATN" } } }, "nationalCadastalZoningReference": "814482", "validFrom": "2026-06-30T16:00:00Z", "validTo": { "@nilReason": "http://inspire.ec.europa.eu/codelist/VoidReasonValue/Unpopulated", "@nil": "true" } }, "geometry": { "type": "MultiPolygon", "coordinates": [ [ [ [ 16.90306604, 48.49846755 ], [ 16.90411832, 48.49848694 ], [ 16.90488134, 48.49847085 ], [ 16.90561788, 48.49842579 ], [ 16.90581323, 48.4984007 ], [ 16.90621505, 48.49833764 ], [ 16.90660569, 48.49822786 ], [ 16.90678022, 48.49816977 ], [ 16.9070599, 48.4980327 ], [ 16.90720178, 48.49794161 ], [ 16.90748167, 48.49774153 ], [ 16.90756545, 48.49764958 ], [ 16.90762227, 48.49758733 ], [ 16.90775372, 48.49738123 ], [ 16.90808476, 48.49679535 ], [ 16.90826059, 48.49650045 ], [ 16.90841586, 48.49627683 ], [ 16.90868779, 48.49593723 ], [ 16.90890504, 48.49573914 ], [ 16.90915955, 48.49554029 ], [ 16.9094169, 48.49536586 ], [ 16.90970178, 48.49521016 ], [ 16.9100404, 48.49506142 ], [ 16.9107375, 48.49480474 ], [ 16.9113379, 48.49463306 ], [ 16.91176015, 48.49453567 ], [ 16.91218034, 48.49444628 ], [ 16.91260673, 48.49437468 ], [ 16.91286686, 48.4943536 ], [ 16.91307242, 48.49433698 ], [ 16.91331462, 48.49432787 ], [ 16.91355774, 48.4943312 ], [ 16.9138219, 48.49433391 ], [ 16.9140274, 48.49434902 ], [ 16.91423564, 48.4943796 ], [ 16.91458634, 48.4944335 ], [ 16.91496554, 48.49451477 ], [ 16.91533465, 48.49461967 ], [ 16.91551517, 48.4946788 ], [ 16.91572136, 48.49474594 ], [ 16.91589192, 48.49481659 ], [ 16.91626197, 48.49498855 ], [ 16.91657524, 48.49516173 ], [ 16.91685506, 48.49534707 ], [ 16.91697843, 48.49545849 ], [ 16.91716914, 48.49565684 ], [ 16.9173201, 48.49589024 ], [ 16.91744061, 48.49616086 ], [ 16.91750567, 48.4964442 ], [ 16.91750813, 48.49671463 ], [ 16.91746219, 48.49700142 ], [ 16.91737273, 48.49726811 ], [ 16.91722793, 48.49753632 ], [ 16.91706637, 48.4977804 ], [ 16.91697248, 48.4978901 ], [ 16.91695263, 48.49791007 ], [ 16.9172725, 48.49809419 ], [ 16.91739082, 48.49816231 ], [ 16.91740167, 48.49816858 ], [ 16.91749043, 48.49821956 ], [ 16.91752643, 48.49823642 ], [ 16.91759293, 48.49830964 ], [ 16.91762405, 48.4983438 ], [ 16.91764587, 48.49836782 ], [ 16.91766334, 48.49840745 ], [ 16.91769249, 48.49849681 ], [ 16.91769967, 48.49851873 ], [ 16.91781819, 48.49871517 ], [ 16.9178425, 48.49875546 ], [ 16.91786914, 48.49885911 ], [ 16.91797672, 48.49897151 ], [ 16.91850424, 48.49915027 ], [ 16.91897885, 48.499309 ], [ 16.91933415, 48.49919358 ], [ 16.91946726, 48.49916977 ], [ 16.91982672, 48.49934704 ], [ 16.91993749, 48.49940171 ], [ 16.92023006, 48.49936387 ], [ 16.92100553, 48.49919934 ], [ 16.92114508, 48.4992248 ], [ 16.92119872, 48.49920798 ], [ 16.92122725, 48.49904467 ], [ 16.92123626, 48.49902793 ], [ 16.92128959, 48.49899482 ], [ 16.92150082, 48.49894466 ], [ 16.9219243, 48.49893096 ], [ 16.92215162, 48.49904503 ], [ 16.92242378, 48.49908027 ], [ 16.92262288, 48.498998 ], [ 16.92278537, 48.49903336 ], [ 16.92287096, 48.49917164 ], [ 16.92307316, 48.49931245 ], [ 16.92319584, 48.49946757 ], [ 16.92321592, 48.49948533 ], [ 16.92324567, 48.49949696 ], [ 16.92327667, 48.49950055 ], [ 16.92331679, 48.49948063 ], [ 16.92338204, 48.49922591 ], [ 16.92341695, 48.49917226 ], [ 16.9235817, 48.49910525 ], [ 16.92367826, 48.49918289 ], [ 16.92360394, 48.49924846 ], [ 16.92359879, 48.49947469 ], [ 16.9236004, 48.49949044 ], [ 16.92361003, 48.49950196 ], [ 16.92362832, 48.49950946 ], [ 16.92367388, 48.49951125 ], [ 16.92371676, 48.49948066 ], [ 16.92377686, 48.49935289 ], [ 16.92395003, 48.49931901 ], [ 16.92410203, 48.49953122 ], [ 16.92431016, 48.49962886 ], [ 16.92436548, 48.49961351 ], [ 16.92434229, 48.4994441 ], [ 16.92439286, 48.49929985 ], [ 16.92444205, 48.49926021 ], [ 16.92451175, 48.49924594 ], [ 16.92457964, 48.49925985 ], [ 16.92463611, 48.49934684 ], [ 16.92460298, 48.49945703 ], [ 16.9246562, 48.4994786 ], [ 16.9247873, 48.49943367 ], [ 16.92486123, 48.49938715 ], [ 16.92501457, 48.49935569 ], [ 16.92520305, 48.49930658 ], [ 16.92521654, 48.49922026 ], [ 16.92511315, 48.49918013 ], [ 16.92499694, 48.49913504 ], [ 16.92471364, 48.49910056 ], [ 16.92450812, 48.49897146 ], [ 16.92446014, 48.49888759 ], [ 16.92453124, 48.49879042 ], [ 16.92463066, 48.49872269 ], [ 16.92463112, 48.49857525 ], [ 16.92460401, 48.4985241 ], [ 16.92462208, 48.4984494 ], [ 16.92451193, 48.49838294 ], [ 16.92437123, 48.49834221 ], [ 16.92419787, 48.49834073 ], [ 16.92418354, 48.49843676 ], [ 16.92415004, 48.49847269 ], [ 16.92395224, 48.49844303 ], [ 16.92381465, 48.49841464 ], [ 16.92374059, 48.49827743 ], [ 16.9236528, 48.49820717 ], [ 16.92363697, 48.49817968 ], [ 16.92361152, 48.49807178 ], [ 16.92376482, 48.4980188 ], [ 16.92394491, 48.49786839 ], [ 16.92394148, 48.4978224 ], [ 16.92393372, 48.49776328 ], [ 16.92397034, 48.49763253 ], [ 16.92397666, 48.49749283 ], [ 16.924005, 48.49737417 ], [ 16.92401846, 48.49735855 ], [ 16.92445436, 48.49710329 ], [ 16.92448334, 48.49706669 ], [ 16.9245116, 48.4970312 ], [ 16.92464104, 48.49705171 ], [ 16.92472428, 48.49713106 ], [ 16.92496659, 48.49717617 ], [ 16.92512952, 48.49716165 ], [ 16.92571844, 48.49727571 ], [ 16.92585934, 48.49724457 ], [ 16.92589175, 48.49721562 ], [ 16.92590251, 48.49720596 ], [ 16.92593156, 48.49717939 ], [ 16.92613837, 48.4971226 ], [ 16.92664041, 48.49698727 ], [ 16.92689684, 48.49688887 ], [ 16.92695734, 48.49674106 ], [ 16.92694832, 48.49669432 ], [ 16.92693044, 48.49660584 ], [ 16.92693265, 48.4965795 ], [ 16.92693794, 48.49657353 ], [ 16.92695293, 48.49655685 ], [ 16.92700747, 48.49651332 ], [ 16.92701661, 48.49650799 ], [ 16.92705269, 48.49648688 ], [ 16.92707715, 48.49647139 ], [ 16.92710478, 48.49645385 ], [ 16.92723346, 48.49640776 ], [ 16.9273071, 48.49638138 ], [ 16.92756206, 48.49622357 ], [ 16.9277588, 48.4960744 ], [ 16.92794245, 48.49597513 ], [ 16.92807551, 48.49589055 ], [ 16.92823382, 48.49579497 ], [ 16.92842384, 48.49562002 ], [ 16.9284526, 48.49559352 ], [ 16.92857847, 48.49547571 ], [ 16.92878449, 48.49548749 ], [ 16.92886321, 48.49542158 ], [ 16.92893235, 48.49537427 ], [ 16.92909767, 48.49529391 ], [ 16.92934433, 48.4950376 ], [ 16.92963444, 48.49467724 ], [ 16.92976706, 48.49455881 ], [ 16.92993654, 48.49449446 ], [ 16.93012923, 48.49448533 ], [ 16.93034534, 48.49442899 ], [ 16.93051822, 48.49427745 ], [ 16.93095959, 48.49411576 ], [ 16.93114817, 48.49404577 ], [ 16.93131669, 48.49398316 ], [ 16.93131441, 48.49395244 ], [ 16.9313096, 48.49388656 ], [ 16.93129534, 48.49359101 ], [ 16.93127074, 48.49313516 ], [ 16.93126639, 48.49304101 ], [ 16.93126571, 48.49302622 ], [ 16.93126378, 48.49298631 ], [ 16.93126338, 48.49297579 ], [ 16.93126247, 48.4929581 ], [ 16.93123775, 48.49243325 ], [ 16.93123423, 48.49233121 ], [ 16.9312156, 48.4919321 ], [ 16.93121063, 48.49181928 ], [ 16.93120784, 48.49173699 ], [ 16.93130924, 48.49168865 ], [ 16.93154999, 48.49158157 ], [ 16.93178871, 48.49147434 ], [ 16.93189914, 48.49142482 ], [ 16.93197564, 48.49139049 ], [ 16.93201894, 48.49137106 ], [ 16.93216441, 48.49130614 ], [ 16.93216963, 48.49130406 ], [ 16.93220492, 48.49128976 ], [ 16.93223626, 48.49130422 ], [ 16.93231418, 48.49134006 ], [ 16.9324887, 48.49142027 ], [ 16.93264966, 48.49153933 ], [ 16.93284237, 48.49170433 ], [ 16.93308586, 48.49190557 ], [ 16.93320666, 48.49196128 ], [ 16.93332658, 48.49208717 ], [ 16.93337375, 48.4921048 ], [ 16.93344533, 48.49213162 ], [ 16.93352192, 48.49216032 ], [ 16.9336122, 48.49219629 ], [ 16.93366654, 48.49228304 ], [ 16.93371464, 48.49235832 ], [ 16.93373988, 48.49239795 ], [ 16.93377014, 48.49244551 ], [ 16.93398157, 48.49257419 ], [ 16.93411494, 48.49269062 ], [ 16.93410647, 48.49282249 ], [ 16.93410377, 48.49286507 ], [ 16.93410185, 48.49289568 ], [ 16.93410009, 48.4929235 ], [ 16.93427537, 48.49303721 ], [ 16.93441891, 48.49313029 ], [ 16.93444361, 48.49313588 ], [ 16.93447344, 48.49314255 ], [ 16.93451824, 48.49315097 ], [ 16.93473683, 48.49319199 ], [ 16.9348281, 48.49329231 ], [ 16.93483065, 48.49329511 ], [ 16.93485155, 48.49331807 ], [ 16.93490616, 48.4933552 ], [ 16.93498375, 48.49335395 ], [ 16.93499303, 48.49335377 ], [ 16.93510043, 48.49335937 ], [ 16.93522539, 48.49336581 ], [ 16.93535022, 48.49336085 ], [ 16.93554799, 48.49335134 ], [ 16.93556349, 48.49334708 ], [ 16.93565814, 48.49332105 ], [ 16.93577837, 48.49328802 ], [ 16.93597069, 48.49321584 ], [ 16.93598485, 48.49321048 ], [ 16.93598982, 48.49320567 ], [ 16.93604555, 48.49315102 ], [ 16.93614671, 48.49305193 ], [ 16.93627986, 48.49293869 ], [ 16.93647047, 48.49273529 ], [ 16.93648621, 48.4926937 ], [ 16.93649182, 48.49267862 ], [ 16.93647984, 48.4925976 ], [ 16.9365227, 48.49255218 ], [ 16.93658553, 48.49251221 ], [ 16.93675158, 48.492461 ], [ 16.9367952, 48.49241591 ], [ 16.93682894, 48.49238098 ], [ 16.93688996, 48.49233428 ], [ 16.93691312, 48.49231662 ], [ 16.93701602, 48.49227607 ], [ 16.93708277, 48.4922728 ], [ 16.93713814, 48.49228846 ], [ 16.93716812, 48.4923134 ], [ 16.93717414, 48.49231843 ], [ 16.93722121, 48.4923742 ], [ 16.93725456, 48.49240109 ], [ 16.93726253, 48.49240752 ], [ 16.93732734, 48.49244029 ], [ 16.93733523, 48.49244029 ], [ 16.93736774, 48.49244027 ], [ 16.93744075, 48.4924396 ], [ 16.93752469, 48.49243951 ], [ 16.93756302, 48.49241702 ], [ 16.93760126, 48.49239253 ], [ 16.93764252, 48.49236608 ], [ 16.93767029, 48.49234846 ], [ 16.93770364, 48.49232743 ], [ 16.93772386, 48.49231463 ], [ 16.93782799, 48.49223917 ], [ 16.93794271, 48.49220485 ], [ 16.93804111, 48.49216697 ], [ 16.93815962, 48.49212315 ], [ 16.93825312, 48.4920871 ], [ 16.93835421, 48.49202852 ], [ 16.93845218, 48.49195064 ], [ 16.93853183, 48.49191617 ], [ 16.93862781, 48.49187115 ], [ 16.93876513, 48.49179129 ], [ 16.93893154, 48.49173078 ], [ 16.93895776, 48.49166993 ], [ 16.9389126, 48.49164115 ], [ 16.93889887, 48.49163233 ], [ 16.93889725, 48.49163141 ], [ 16.93889367, 48.49162908 ], [ 16.93879297, 48.49156482 ], [ 16.93877366, 48.49155255 ], [ 16.93876229, 48.49154526 ], [ 16.93875091, 48.49153796 ], [ 16.93874423, 48.4915337 ], [ 16.93871132, 48.49151272 ], [ 16.93865576, 48.49147734 ], [ 16.93853969, 48.49143923 ], [ 16.93849074, 48.4914034 ], [ 16.93849565, 48.49134922 ], [ 16.93856689, 48.49127881 ], [ 16.93887591, 48.49121964 ], [ 16.93890548, 48.49118786 ], [ 16.93894569, 48.49114461 ], [ 16.93889956, 48.49104442 ], [ 16.93888024, 48.49100258 ], [ 16.93896321, 48.49100785 ], [ 16.93917603, 48.49102125 ], [ 16.93945571, 48.49094351 ], [ 16.93948997, 48.49093402 ], [ 16.93955833, 48.49090998 ], [ 16.93965648, 48.49087542 ], [ 16.93970125, 48.49085961 ], [ 16.93976156, 48.49083836 ], [ 16.93994836, 48.49083197 ], [ 16.93994945, 48.49083196 ], [ 16.94000798, 48.49082993 ], [ 16.94001577, 48.49082966 ], [ 16.94003901, 48.49082891 ], [ 16.94014077, 48.49082534 ], [ 16.94017136, 48.4907949 ], [ 16.94015983, 48.49073714 ], [ 16.94015669, 48.49072147 ], [ 16.94015446, 48.49071046 ], [ 16.94014874, 48.49068177 ], [ 16.94014707, 48.49067325 ], [ 16.94012266, 48.49055068 ], [ 16.94016767, 48.49046436 ], [ 16.94030504, 48.49041126 ], [ 16.94045217, 48.4904525 ], [ 16.94045345, 48.49045214 ], [ 16.94051046, 48.49043545 ], [ 16.94054011, 48.49042673 ], [ 16.94060168, 48.49040873 ], [ 16.94060432, 48.4903761 ], [ 16.94060554, 48.49036126 ], [ 16.94060822, 48.49033279 ], [ 16.94060962, 48.49031769 ], [ 16.94062472, 48.49015798 ], [ 16.94063877, 48.49012025 ], [ 16.94076737, 48.4900509 ], [ 16.94085023, 48.49000625 ], [ 16.9410239, 48.48998982 ], [ 16.94103371, 48.48998887 ], [ 16.94107278, 48.48998514 ], [ 16.94108051, 48.48998441 ], [ 16.94118074, 48.48997495 ], [ 16.94124827, 48.48989597 ], [ 16.94120942, 48.48984067 ], [ 16.94120153, 48.48982937 ], [ 16.94118384, 48.4898041 ], [ 16.94118094, 48.48980001 ], [ 16.94113263, 48.48973123 ], [ 16.94119417, 48.4895956 ], [ 16.94109567, 48.48930609 ], [ 16.94083399, 48.48907224 ], [ 16.94084092, 48.4889475 ], [ 16.94064007, 48.48872824 ], [ 16.94045489, 48.48852191 ], [ 16.94042522, 48.48839464 ], [ 16.94041603, 48.48830179 ], [ 16.94063317, 48.48804316 ], [ 16.94069796, 48.48796607 ], [ 16.94070765, 48.48790127 ], [ 16.94089508, 48.48770759 ], [ 16.94097204, 48.48766407 ], [ 16.94103412, 48.48762884 ], [ 16.94106708, 48.48761022 ], [ 16.94116655, 48.48755496 ], [ 16.94117847, 48.48754828 ], [ 16.94118861, 48.48753126 ], [ 16.94127443, 48.48738726 ], [ 16.94131353, 48.48732233 ], [ 16.94132984, 48.48729533 ], [ 16.94139697, 48.48718405 ], [ 16.94159702, 48.48688834 ], [ 16.94179203, 48.48686588 ], [ 16.9418491, 48.48688537 ], [ 16.94185299, 48.48688663 ], [ 16.94187752, 48.48689501 ], [ 16.94191898, 48.48690917 ], [ 16.94202283, 48.48694444 ], [ 16.94210918, 48.48694451 ], [ 16.94233046, 48.48694456 ], [ 16.942365, 48.48694459 ], [ 16.94254845, 48.48677116 ], [ 16.94258628, 48.48673525 ], [ 16.94259679, 48.48672539 ], [ 16.94260715, 48.48671562 ], [ 16.94260763, 48.4867152 ], [ 16.94261465, 48.48670854 ], [ 16.94265947, 48.48666615 ], [ 16.94361428, 48.48647568 ], [ 16.94407878, 48.48640307 ], [ 16.94436252, 48.48647532 ], [ 16.94450018, 48.48653977 ], [ 16.94501247, 48.48678887 ], [ 16.94514114, 48.48682639 ], [ 16.94517834, 48.48683727 ], [ 16.94524187, 48.4868459 ], [ 16.94526171, 48.48684862 ], [ 16.94548276, 48.48688247 ], [ 16.94586589, 48.48699248 ], [ 16.9460074, 48.48709688 ], [ 16.94606296, 48.48724745 ], [ 16.94603138, 48.48734193 ], [ 16.94602012, 48.48737316 ], [ 16.94601676, 48.48738251 ], [ 16.94599011, 48.48745662 ], [ 16.94602299, 48.48751801 ], [ 16.94604225, 48.48755415 ], [ 16.94604983, 48.48756832 ], [ 16.9460743, 48.48761729 ], [ 16.94610033, 48.48766936 ], [ 16.94615828, 48.48772163 ], [ 16.94620981, 48.48776803 ], [ 16.94628232, 48.48780024 ], [ 16.94630053, 48.4877986 ], [ 16.94639886, 48.48778991 ], [ 16.94642934, 48.48778721 ], [ 16.9464452, 48.48778577 ], [ 16.94650698, 48.48778035 ], [ 16.94662767, 48.48782021 ], [ 16.94674784, 48.48792885 ], [ 16.94687126, 48.48804114 ], [ 16.94692867, 48.48809346 ], [ 16.94696227, 48.48812398 ], [ 16.94699829, 48.48813722 ], [ 16.94723021, 48.48822262 ], [ 16.94737179, 48.48822794 ], [ 16.94745302, 48.48820939 ], [ 16.94749463, 48.48819987 ], [ 16.9475406, 48.48818938 ], [ 16.94756726, 48.48818326 ], [ 16.94762396, 48.48817025 ], [ 16.94776373, 48.48822996 ], [ 16.9478201, 48.48825401 ], [ 16.94788553, 48.48828193 ], [ 16.94825728, 48.48831755 ], [ 16.94828134, 48.48830718 ], [ 16.94830466, 48.48829712 ], [ 16.94832711, 48.48828746 ], [ 16.94851257, 48.48820755 ], [ 16.94860607, 48.4882063 ], [ 16.94870936, 48.48824261 ], [ 16.94875055, 48.48833179 ], [ 16.9487583, 48.48834842 ], [ 16.948765, 48.48835955 ], [ 16.94880781, 48.48843048 ], [ 16.94888765, 48.48849601 ], [ 16.94889273, 48.48850007 ], [ 16.9489155, 48.4885189 ], [ 16.94892877, 48.48852976 ], [ 16.94898033, 48.48856984 ], [ 16.94898083, 48.48860857 ], [ 16.94898136, 48.48865408 ], [ 16.94882493, 48.48873979 ], [ 16.94882915, 48.48883754 ], [ 16.94898538, 48.48895227 ], [ 16.94909277, 48.48902431 ], [ 16.94923486, 48.48918354 ], [ 16.94947964, 48.48931222 ], [ 16.94971956, 48.48933497 ], [ 16.94981554, 48.48938678 ], [ 16.94979212, 48.48946998 ], [ 16.94998034, 48.48953645 ], [ 16.95011671, 48.4895735 ], [ 16.95020037, 48.48959617 ], [ 16.95052048, 48.48968311 ], [ 16.9509427, 48.48973097 ], [ 16.95125641, 48.48969478 ], [ 16.9515478, 48.48979321 ], [ 16.95181381, 48.48990183 ], [ 16.95199397, 48.48992227 ], [ 16.95210156, 48.49032505 ], [ 16.95230453, 48.4903476 ], [ 16.95248083, 48.49039987 ], [ 16.95251265, 48.49049428 ], [ 16.95278823, 48.49053529 ], [ 16.95299351, 48.49047482 ], [ 16.95318458, 48.49046717 ], [ 16.95347434, 48.49031749 ], [ 16.9536408, 48.49020055 ], [ 16.95367505, 48.4901474 ], [ 16.9537014, 48.49010653 ], [ 16.95378958, 48.49006784 ], [ 16.95422408, 48.48987694 ], [ 16.95420581, 48.48986673 ], [ 16.95327066, 48.48934529 ], [ 16.95318277, 48.48933057 ], [ 16.9529854, 48.48929746 ], [ 16.95278896, 48.48926451 ], [ 16.95265202, 48.48924162 ], [ 16.95209317, 48.48914794 ], [ 16.95202079, 48.48913581 ], [ 16.95202385, 48.48908648 ], [ 16.95202574, 48.48905596 ], [ 16.95202798, 48.48902058 ], [ 16.95202984, 48.48899205 ], [ 16.95203258, 48.48895001 ], [ 16.95203494, 48.48891383 ], [ 16.95203747, 48.48887576 ], [ 16.95203817, 48.48886604 ], [ 16.95203941, 48.48884759 ], [ 16.95203994, 48.48883895 ], [ 16.95204012, 48.48883689 ], [ 16.95204735, 48.48872491 ], [ 16.95204789, 48.48871708 ], [ 16.95204929, 48.48869584 ], [ 16.95205045, 48.48867883 ], [ 16.95205453, 48.48861854 ], [ 16.95207384, 48.48832847 ], [ 16.95207743, 48.48827483 ], [ 16.95208404, 48.48817474 ], [ 16.95224194, 48.48801229 ], [ 16.95264137, 48.48763065 ], [ 16.95373819, 48.48658001 ], [ 16.95381491, 48.48650654 ], [ 16.95383601, 48.48648629 ], [ 16.95384858, 48.48647893 ], [ 16.95413979, 48.48630928 ], [ 16.95424088, 48.48626795 ], [ 16.95426108, 48.48623516 ], [ 16.95536825, 48.48592959 ], [ 16.95663756, 48.4855687 ], [ 16.95682966, 48.4855141 ], [ 16.95757803, 48.4852294 ], [ 16.95837338, 48.48492686 ], [ 16.95880401, 48.48468695 ], [ 16.95906618, 48.4845359 ], [ 16.95932382, 48.48443671 ], [ 16.95954963, 48.48434979 ], [ 16.96014534, 48.48412049 ], [ 16.9602168, 48.48409295 ], [ 16.96050322, 48.48398271 ], [ 16.96076149, 48.48391005 ], [ 16.96111682, 48.48381585 ], [ 16.96149114, 48.48371662 ], [ 16.96261482, 48.48341872 ], [ 16.96305096, 48.48333214 ], [ 16.96323212, 48.48329622 ], [ 16.96365297, 48.48320995 ], [ 16.96416864, 48.48255735 ], [ 16.96418136, 48.48254113 ], [ 16.9642456, 48.48245939 ], [ 16.96425648, 48.4824454 ], [ 16.96426224, 48.48243811 ], [ 16.96472031, 48.48185062 ], [ 16.96481922, 48.48180218 ], [ 16.96499291, 48.4817171 ], [ 16.96524013, 48.48159557 ], [ 16.96560235, 48.48142091 ], [ 16.96652974, 48.48097053 ], [ 16.96721781, 48.48062766 ], [ 16.96751923, 48.48047748 ], [ 16.96956629, 48.4794615 ], [ 16.97009563, 48.47934975 ], [ 16.9711114, 48.47910033 ], [ 16.97389702, 48.47841515 ], [ 16.97400373, 48.47838739 ], [ 16.97441902, 48.4782866 ], [ 16.97458131, 48.47824674 ], [ 16.9746016, 48.47824126 ], [ 16.97467543, 48.47822472 ], [ 16.97538107, 48.47822096 ], [ 16.97576187, 48.47821888 ], [ 16.97677814, 48.47821924 ], [ 16.97777096, 48.47821646 ], [ 16.97845193, 48.47799835 ], [ 16.97937546, 48.47771278 ], [ 16.98035921, 48.47740368 ], [ 16.98209344, 48.47685218 ], [ 16.98240067, 48.47675444 ], [ 16.98260106, 48.4766907 ], [ 16.98361923, 48.47640481 ], [ 16.98438936, 48.47619097 ], [ 16.98495104, 48.47603499 ], [ 16.98569215, 48.47583108 ], [ 16.98678099, 48.47552678 ], [ 16.98786482, 48.47580064 ], [ 16.98795701, 48.47582079 ], [ 16.98913124, 48.4755243 ], [ 16.98942461, 48.47544919 ], [ 16.98976984, 48.47537103 ], [ 16.98991292, 48.47533038 ], [ 16.98943795, 48.47510583 ], [ 16.98939466, 48.47508505 ], [ 16.98877611, 48.47478765 ], [ 16.9887589, 48.47477933 ], [ 16.98873461, 48.47476763 ], [ 16.98870521, 48.47475287 ], [ 16.98791602, 48.47435717 ], [ 16.98744722, 48.47413854 ], [ 16.98678188, 48.47382816 ], [ 16.98569745, 48.47333292 ], [ 16.98178213, 48.47289716 ], [ 16.98177371, 48.47289622 ], [ 16.98176357, 48.47288974 ], [ 16.98174256, 48.47287618 ], [ 16.98173602, 48.47286136 ], [ 16.98163485, 48.47263337 ], [ 16.98134088, 48.47197132 ], [ 16.98108694, 48.47184216 ], [ 16.98107774, 48.47183746 ], [ 16.98102784, 48.47181207 ], [ 16.97998567, 48.47139562 ], [ 16.97951844, 48.47074636 ], [ 16.97949639, 48.47071582 ], [ 16.9794682, 48.47067664 ], [ 16.97934941, 48.47051155 ], [ 16.97910153, 48.47050033 ], [ 16.97861352, 48.47051207 ], [ 16.978112, 48.47049865 ], [ 16.97754557, 48.47042689 ], [ 16.97682785, 48.47030144 ], [ 16.97590551, 48.47014016 ], [ 16.97585389, 48.47013111 ], [ 16.97593566, 48.46986693 ], [ 16.97578115, 48.46983753 ], [ 16.97549566, 48.4697655 ], [ 16.97500754, 48.46959568 ], [ 16.97474129, 48.46950309 ], [ 16.97461727, 48.46944015 ], [ 16.97436825, 48.46934694 ], [ 16.97410588, 48.46920923 ], [ 16.97401599, 48.46916202 ], [ 16.97382162, 48.46905484 ], [ 16.97374494, 48.46813842 ], [ 16.97300294, 48.46791916 ], [ 16.97297057, 48.46790961 ], [ 16.97294704, 48.46790266 ], [ 16.97297644, 48.46783326 ], [ 16.9732729, 48.46713448 ], [ 16.97330198, 48.46706623 ], [ 16.97335125, 48.46695018 ], [ 16.97354691, 48.46649005 ], [ 16.97354847, 48.46648789 ], [ 16.97443336, 48.4652384 ], [ 16.97443945, 48.46522987 ], [ 16.9744612, 48.46519918 ], [ 16.97366589, 48.46428643 ], [ 16.97311574, 48.46367222 ], [ 16.97310774, 48.46366335 ], [ 16.97234372, 48.4628059 ], [ 16.97150171, 48.46186171 ], [ 16.97083922, 48.46111681 ], [ 16.97041, 48.46063999 ], [ 16.97039248, 48.46065127 ], [ 16.9703494, 48.46059867 ], [ 16.97021215, 48.46043112 ], [ 16.96996304, 48.46011638 ], [ 16.96992238, 48.4600683 ], [ 16.96990975, 48.46005333 ], [ 16.96971193, 48.45981977 ], [ 16.96935506, 48.45939366 ], [ 16.9691515, 48.45912879 ], [ 16.96911157, 48.45907687 ], [ 16.96876901, 48.45858402 ], [ 16.96858554, 48.45831068 ], [ 16.96857104, 48.45829549 ], [ 16.96791731, 48.4576103 ], [ 16.9678591, 48.45754925 ], [ 16.9678107, 48.45749855 ], [ 16.96800801, 48.45719332 ], [ 16.96822784, 48.45685337 ], [ 16.96827971, 48.45677313 ], [ 16.96830474, 48.45673452 ], [ 16.96842245, 48.45655239 ], [ 16.96842676, 48.45654563 ], [ 16.96842811, 48.45652032 ], [ 16.96847856, 48.45556751 ], [ 16.96848007, 48.45554031 ], [ 16.96850534, 48.45508683 ], [ 16.96850683, 48.45505972 ], [ 16.96741203, 48.45499735 ], [ 16.96724147, 48.45498762 ], [ 16.96639644, 48.45493698 ], [ 16.96562764, 48.45489084 ], [ 16.96562285, 48.45487089 ], [ 16.96561787, 48.45485048 ], [ 16.96558483, 48.45471314 ], [ 16.96537444, 48.45383869 ], [ 16.96536955, 48.45381856 ], [ 16.96448316, 48.45399849 ], [ 16.96447567, 48.45397845 ], [ 16.96392475, 48.45249727 ], [ 16.96358891, 48.45161609 ], [ 16.96353303, 48.45146922 ], [ 16.96353012, 48.4514617 ], [ 16.96352694, 48.45145334 ], [ 16.9635252, 48.45144879 ], [ 16.9634971, 48.45137507 ], [ 16.96348935, 48.45135492 ], [ 16.96348327, 48.45133895 ], [ 16.96347941, 48.45132883 ], [ 16.96347594, 48.45131965 ], [ 16.9632617, 48.45101199 ], [ 16.96294653, 48.4505596 ], [ 16.96231736, 48.4496824 ], [ 16.96141302, 48.44839922 ], [ 16.9614109, 48.44839627 ], [ 16.96138561, 48.44835963 ], [ 16.96084917, 48.44758128 ], [ 16.96084863, 48.44758043 ], [ 16.96084708, 48.44757815 ], [ 16.96080863, 48.44752298 ], [ 16.96080617, 48.44751956 ], [ 16.96024334, 48.44671181 ], [ 16.96020497, 48.44665791 ], [ 16.95959387, 48.44581285 ], [ 16.95937943, 48.44551023 ], [ 16.95924319, 48.44516435 ], [ 16.95891766, 48.44444063 ], [ 16.95856895, 48.44368341 ], [ 16.95858664, 48.44367893 ], [ 16.95846305, 48.44340652 ], [ 16.95816411, 48.44275316 ], [ 16.95797844, 48.44234864 ], [ 16.95782906, 48.44202626 ], [ 16.95751619, 48.44135775 ], [ 16.95740468, 48.44112576 ], [ 16.95739501, 48.44110575 ], [ 16.95721148, 48.44072424 ], [ 16.95711735, 48.44051678 ], [ 16.95688168, 48.43999779 ], [ 16.95668377, 48.43957514 ], [ 16.9565081, 48.43920258 ], [ 16.95617834, 48.43848128 ], [ 16.95590219, 48.4378802 ], [ 16.95569321, 48.43742832 ], [ 16.95568124, 48.43740218 ], [ 16.95555869, 48.43713724 ], [ 16.95507625, 48.43615543 ], [ 16.95484393, 48.43565447 ], [ 16.95463981, 48.43521341 ], [ 16.95452768, 48.43498291 ], [ 16.95449164, 48.43490883 ], [ 16.95423136, 48.4343431 ], [ 16.95399488, 48.43381925 ], [ 16.95376449, 48.43334012 ], [ 16.95351826, 48.43277156 ], [ 16.95312252, 48.43281592 ], [ 16.9529313, 48.43283819 ], [ 16.95273004, 48.43286032 ], [ 16.95262624, 48.43286908 ], [ 16.95257262, 48.43270889 ], [ 16.95256185, 48.43267677 ], [ 16.95234428, 48.43269199 ], [ 16.95178701, 48.4327066 ], [ 16.95150927, 48.43271387 ], [ 16.95129218, 48.43271809 ], [ 16.95108202, 48.43271799 ], [ 16.9506549, 48.43271777 ], [ 16.9506121, 48.43271781 ], [ 16.95046901, 48.43271799 ], [ 16.95038966, 48.43271804 ], [ 16.95025798, 48.43271819 ], [ 16.95022445, 48.43271886 ], [ 16.94982721, 48.43272667 ], [ 16.9496404, 48.43272492 ], [ 16.94948217, 48.43272813 ], [ 16.94932312, 48.43273136 ], [ 16.94908704, 48.43271799 ], [ 16.94901701, 48.43271398 ], [ 16.94883353, 48.43271445 ], [ 16.94846925, 48.43272868 ], [ 16.94777144, 48.43274028 ], [ 16.94774236, 48.43274035 ], [ 16.94767468, 48.43274048 ], [ 16.94764771, 48.43274088 ], [ 16.94758003, 48.43274192 ], [ 16.94749437, 48.43274325 ], [ 16.94732049, 48.43275269 ], [ 16.94692912, 48.43277518 ], [ 16.94679828, 48.43279003 ], [ 16.94681721, 48.4326483 ], [ 16.94681952, 48.43263083 ], [ 16.94682061, 48.43262295 ], [ 16.94687059, 48.43224937 ], [ 16.94680457, 48.43225721 ], [ 16.94654169, 48.43228855 ], [ 16.94620534, 48.4323547 ], [ 16.94607842, 48.43237759 ], [ 16.94600042, 48.43239166 ], [ 16.94592732, 48.43240479 ], [ 16.94584136, 48.43242029 ], [ 16.94570265, 48.43244554 ], [ 16.94559666, 48.43246491 ], [ 16.94558366, 48.43246727 ], [ 16.94555472, 48.43247251 ], [ 16.94543811, 48.43223012 ], [ 16.94538789, 48.43223326 ], [ 16.94498734, 48.43226143 ], [ 16.94497251, 48.43226249 ], [ 16.94486899, 48.43226946 ], [ 16.94485664, 48.43227024 ], [ 16.94459057, 48.43228806 ], [ 16.94459593, 48.43213229 ], [ 16.94450329, 48.43213042 ], [ 16.94433834, 48.4321271 ], [ 16.94427942, 48.43212593 ], [ 16.94423838, 48.43212509 ], [ 16.944136, 48.432123 ], [ 16.9441013, 48.43212251 ], [ 16.94382536, 48.43211822 ], [ 16.9436825, 48.43211606 ], [ 16.9436165, 48.43211504 ], [ 16.94345574, 48.43211263 ], [ 16.94324584, 48.43210738 ], [ 16.94309344, 48.43210456 ], [ 16.94307424, 48.43210396 ], [ 16.94283858, 48.43209928 ], [ 16.94279917, 48.43209847 ], [ 16.94262026, 48.43209571 ], [ 16.94234567, 48.43209152 ], [ 16.94202513, 48.43209446 ], [ 16.94176784, 48.43210122 ], [ 16.94168555, 48.43210359 ], [ 16.94156765, 48.43210694 ], [ 16.94144032, 48.43211064 ], [ 16.94134624, 48.43212151 ], [ 16.94131473, 48.43167035 ], [ 16.94111838, 48.43169677 ], [ 16.94108563, 48.4317012 ], [ 16.94104525, 48.43170664 ], [ 16.94102555, 48.43170926 ], [ 16.94101579, 48.43152677 ], [ 16.94100293, 48.43133972 ], [ 16.94100611, 48.43127131 ], [ 16.94100777, 48.43123535 ], [ 16.94101526, 48.43107475 ], [ 16.94101936, 48.43098643 ], [ 16.94085623, 48.43100809 ], [ 16.94072624, 48.43102535 ], [ 16.94057481, 48.431046 ], [ 16.940441, 48.43106426 ], [ 16.94024209, 48.43110099 ], [ 16.9400995, 48.43112154 ], [ 16.93996955, 48.43114033 ], [ 16.93984583, 48.43115838 ], [ 16.9397374, 48.43117413 ], [ 16.93968515, 48.43118255 ], [ 16.93945729, 48.43121937 ], [ 16.93933674, 48.43123881 ], [ 16.93930151, 48.43124434 ], [ 16.93917159, 48.43126467 ], [ 16.93907076, 48.4312805 ], [ 16.9389572, 48.43130132 ], [ 16.93887901, 48.43131573 ], [ 16.93880769, 48.4313288 ], [ 16.93859874, 48.43136981 ], [ 16.93845284, 48.43139853 ], [ 16.93829154, 48.43143017 ], [ 16.93825276, 48.43143753 ], [ 16.93807849, 48.43147044 ], [ 16.93801396, 48.43148263 ], [ 16.93774142, 48.43153417 ], [ 16.93773918, 48.43153455 ], [ 16.93756295, 48.43156787 ], [ 16.9374645, 48.43158676 ], [ 16.93741337, 48.43159661 ], [ 16.93733019, 48.43161257 ], [ 16.93713044, 48.43165032 ], [ 16.93711434, 48.43165337 ], [ 16.93695328, 48.43168168 ], [ 16.93688511, 48.4316937 ], [ 16.93666636, 48.43172779 ], [ 16.93645114, 48.43175761 ], [ 16.9363367, 48.43177448 ], [ 16.93622321, 48.43058548 ], [ 16.9360669, 48.4306095 ], [ 16.93593035, 48.43063055 ], [ 16.93580577, 48.43064971 ], [ 16.93568753, 48.43067527 ], [ 16.9354736, 48.43064188 ], [ 16.93530211, 48.43061513 ], [ 16.93522108, 48.4306033 ], [ 16.93503896, 48.43057672 ], [ 16.93493061, 48.43056065 ], [ 16.93463027, 48.43051596 ], [ 16.93446457, 48.43052613 ], [ 16.93445336, 48.43054923 ], [ 16.93439666, 48.43066547 ], [ 16.93437988, 48.43069994 ], [ 16.93432509, 48.43081261 ], [ 16.93429024, 48.43098741 ], [ 16.93422956, 48.43108476 ], [ 16.93415299, 48.4311707 ], [ 16.93405508, 48.431221 ], [ 16.93396145, 48.4312856 ], [ 16.93372967, 48.43137981 ], [ 16.93371211, 48.43138701 ], [ 16.93363935, 48.4314328 ], [ 16.93354776, 48.43149049 ], [ 16.93347749, 48.43140526 ], [ 16.93337841, 48.43132709 ], [ 16.93301889, 48.43119395 ], [ 16.93296413, 48.43118529 ], [ 16.93289096, 48.43117363 ], [ 16.93274764, 48.4311509 ], [ 16.93260284, 48.43111324 ], [ 16.93258719, 48.43109426 ], [ 16.93249035, 48.43097645 ], [ 16.93240827, 48.43089637 ], [ 16.93230333, 48.43081924 ], [ 16.93223665, 48.43077024 ], [ 16.9320998, 48.43067381 ], [ 16.9320217, 48.43061878 ], [ 16.93181539, 48.43048944 ], [ 16.93147895, 48.43029984 ], [ 16.9312454, 48.43015008 ], [ 16.93099772, 48.42998461 ], [ 16.93087726, 48.42993208 ], [ 16.9306564, 48.42994314 ], [ 16.93049603, 48.42994788 ], [ 16.92993133, 48.42995717 ], [ 16.92991484, 48.42995747 ], [ 16.92990141, 48.42995908 ], [ 16.92984606, 48.42996556 ], [ 16.92980731, 48.42997012 ], [ 16.92966246, 48.42998597 ], [ 16.9295454, 48.42999877 ], [ 16.92934556, 48.43001444 ], [ 16.92929068, 48.4300187 ], [ 16.92912958, 48.430029 ], [ 16.92912354, 48.4300294 ], [ 16.92909308, 48.43003136 ], [ 16.92899911, 48.43003455 ], [ 16.92899324, 48.43003477 ], [ 16.92891876, 48.43003759 ], [ 16.92880549, 48.4300417 ], [ 16.92861418, 48.43006103 ], [ 16.92836547, 48.43009213 ], [ 16.92800589, 48.43013809 ], [ 16.92679575, 48.43029444 ], [ 16.92666379, 48.43031127 ], [ 16.92594196, 48.43040281 ], [ 16.92590173, 48.43040816 ], [ 16.92589428, 48.43040891 ], [ 16.92571379, 48.43042763 ], [ 16.92561629, 48.43050399 ], [ 16.92528431, 48.43076396 ], [ 16.92528258, 48.43076375 ], [ 16.9252611, 48.43076118 ], [ 16.92484787, 48.43081227 ], [ 16.92467635, 48.43080485 ], [ 16.92461145, 48.43080199 ], [ 16.92447589, 48.43078096 ], [ 16.92439383, 48.43079925 ], [ 16.92428994, 48.43082245 ], [ 16.92425455, 48.43083248 ], [ 16.92414752, 48.43086278 ], [ 16.92396966, 48.43088033 ], [ 16.92352051, 48.43091519 ], [ 16.92349378, 48.43091669 ], [ 16.92310131, 48.43091569 ], [ 16.92309207, 48.43091569 ], [ 16.92300666, 48.43091539 ], [ 16.92298709, 48.43091548 ], [ 16.92295921, 48.43091563 ], [ 16.92293323, 48.43091583 ], [ 16.9228954, 48.43091538 ], [ 16.92288319, 48.43091526 ], [ 16.92286189, 48.43091506 ], [ 16.92285362, 48.43091494 ], [ 16.92278648, 48.43091427 ], [ 16.92252955, 48.43091441 ], [ 16.92207428, 48.43087878 ], [ 16.92134308, 48.4308275 ], [ 16.9208347, 48.43078837 ], [ 16.92074913, 48.43076645 ], [ 16.92014378, 48.43073146 ], [ 16.91983713, 48.43074461 ], [ 16.91970683, 48.43075513 ], [ 16.91926848, 48.43080085 ], [ 16.91867229, 48.43087852 ], [ 16.91867355, 48.43088963 ], [ 16.91867384, 48.430893 ], [ 16.91867471, 48.43090047 ], [ 16.91859114, 48.43090753 ], [ 16.91841392, 48.43092357 ], [ 16.91807964, 48.43095181 ], [ 16.91802608, 48.43095724 ], [ 16.91783212, 48.43097519 ], [ 16.91727374, 48.43102825 ], [ 16.91720685, 48.43103465 ], [ 16.91720493, 48.43103479 ], [ 16.91714326, 48.43103993 ], [ 16.91713347, 48.43104088 ], [ 16.91708834, 48.43104535 ], [ 16.91706971, 48.43104723 ], [ 16.91624718, 48.43111184 ], [ 16.91621361, 48.43111449 ], [ 16.91620756, 48.43111498 ], [ 16.91617006, 48.431115 ], [ 16.91610429, 48.43111506 ], [ 16.9157484, 48.43111992 ], [ 16.9155981, 48.4311219 ], [ 16.91539496, 48.43112466 ], [ 16.9146514, 48.43113252 ], [ 16.91447614, 48.43113595 ], [ 16.91430007, 48.4311394 ], [ 16.91421934, 48.43114051 ], [ 16.91412851, 48.43114182 ], [ 16.91402178, 48.4311432 ], [ 16.91391586, 48.43114464 ], [ 16.91381062, 48.43114604 ], [ 16.91378515, 48.43114644 ], [ 16.91374187, 48.43114779 ], [ 16.91370612, 48.43114703 ], [ 16.91360252, 48.43114493 ], [ 16.9133337, 48.43113943 ], [ 16.91324364, 48.43113754 ], [ 16.9130665, 48.43113396 ], [ 16.91286445, 48.43112974 ], [ 16.91265658, 48.43112547 ], [ 16.91264059, 48.43112518 ], [ 16.91230777, 48.43112059 ], [ 16.91141353, 48.43089376 ], [ 16.91127397, 48.43085833 ], [ 16.91103026, 48.43079652 ], [ 16.91090848, 48.43076558 ], [ 16.91086417, 48.43075699 ], [ 16.90903324, 48.43040299 ], [ 16.90806238, 48.42991052 ], [ 16.90805999, 48.42990927 ], [ 16.90799743, 48.42987754 ], [ 16.90799253, 48.42987503 ], [ 16.90779591, 48.42977534 ], [ 16.90754011, 48.42964577 ], [ 16.90730571, 48.42952709 ], [ 16.90723257, 48.42949002 ], [ 16.90666921, 48.42939774 ], [ 16.9059633, 48.4292822 ], [ 16.90585559, 48.42926985 ], [ 16.90567889, 48.42924956 ], [ 16.90535593, 48.42921245 ], [ 16.904012, 48.42905811 ], [ 16.90296686, 48.42893396 ], [ 16.90254126, 48.42888339 ], [ 16.90166624, 48.4284249 ], [ 16.9014838, 48.42832934 ], [ 16.90112282, 48.42814021 ], [ 16.90054912, 48.42795956 ], [ 16.9001668, 48.42783911 ], [ 16.89999979, 48.42778648 ], [ 16.89994748, 48.42777001 ], [ 16.89985514, 48.42772726 ], [ 16.89958188, 48.4276009 ], [ 16.89914929, 48.42740064 ], [ 16.89897335, 48.42731918 ], [ 16.89859041, 48.42714199 ], [ 16.89851819, 48.42712079 ], [ 16.89840991, 48.42708354 ], [ 16.89797649, 48.4269476 ], [ 16.89766408, 48.42685097 ], [ 16.89766227, 48.42685039 ], [ 16.89763492, 48.42684199 ], [ 16.89746749, 48.42679032 ], [ 16.89700761, 48.42665163 ], [ 16.89687604, 48.42661393 ], [ 16.89666251, 48.42655039 ], [ 16.89650461, 48.42650553 ], [ 16.89614284, 48.42633377 ], [ 16.89594716, 48.42624216 ], [ 16.89573843, 48.42614368 ], [ 16.89551021, 48.42603607 ], [ 16.89529176, 48.42593294 ], [ 16.89515474, 48.42587099 ], [ 16.89513325, 48.42585992 ], [ 16.89509943, 48.42584247 ], [ 16.89509289, 48.42583912 ], [ 16.8950463, 48.42581916 ], [ 16.89500149, 48.42579996 ], [ 16.89462653, 48.4256214 ], [ 16.8944061, 48.42618822 ], [ 16.8941471, 48.42644965 ], [ 16.89398912, 48.42653543 ], [ 16.8939158, 48.42656027 ], [ 16.89370728, 48.42659056 ], [ 16.89328932, 48.426396 ], [ 16.89310209, 48.42631808 ], [ 16.89289456, 48.42632212 ], [ 16.89277373, 48.42634764 ], [ 16.89207211, 48.4267599 ], [ 16.89195734, 48.42668349 ], [ 16.89194174, 48.42667119 ], [ 16.89079396, 48.42594195 ], [ 16.88956035, 48.42515121 ], [ 16.88945047, 48.42507649 ], [ 16.88944569, 48.42507317 ], [ 16.88941861, 48.42505701 ], [ 16.88939194, 48.42504087 ], [ 16.88918422, 48.42490827 ], [ 16.88808018, 48.42420291 ], [ 16.88733555, 48.4237302 ], [ 16.88730837, 48.42371294 ], [ 16.88720904, 48.42364989 ], [ 16.887169, 48.42362451 ], [ 16.88710562, 48.4235843 ], [ 16.88671058, 48.42382947 ], [ 16.8864892, 48.4239669 ], [ 16.88627145, 48.42410197 ], [ 16.88606858, 48.42422793 ], [ 16.88564248, 48.42423016 ], [ 16.88547376, 48.42423101 ], [ 16.88302394, 48.42424018 ], [ 16.88259822, 48.42424351 ], [ 16.88252477, 48.4242441 ], [ 16.88201362, 48.42424809 ], [ 16.881267, 48.42424981 ], [ 16.88098733, 48.42425044 ], [ 16.88064892, 48.42425486 ], [ 16.87962737, 48.42425292 ], [ 16.87951727, 48.42425069 ], [ 16.87905784, 48.42424976 ], [ 16.8787455, 48.42425599 ], [ 16.87708034, 48.42425295 ], [ 16.87670889, 48.42453093 ], [ 16.87662564, 48.42459476 ], [ 16.87507486, 48.42578805 ], [ 16.87433827, 48.42635619 ], [ 16.87361462, 48.42690063 ], [ 16.87356078, 48.42694237 ], [ 16.87320386, 48.42721403 ], [ 16.87279814, 48.4275256 ], [ 16.87252358, 48.42773653 ], [ 16.87227204, 48.42792889 ], [ 16.87175599, 48.42832347 ], [ 16.87134042, 48.42863707 ], [ 16.87121465, 48.42873194 ], [ 16.87111692, 48.42881258 ], [ 16.8702345, 48.42947037 ], [ 16.86968264, 48.42989374 ], [ 16.86924117, 48.43023193 ], [ 16.86885267, 48.4305408 ], [ 16.86835884, 48.43090781 ], [ 16.86833863, 48.43092223 ], [ 16.86809823, 48.43070647 ], [ 16.86712417, 48.42983181 ], [ 16.86709348, 48.42985337 ], [ 16.86581089, 48.43091259 ], [ 16.86502051, 48.43156067 ], [ 16.86417866, 48.43225507 ], [ 16.86374644, 48.43260926 ], [ 16.86361987, 48.43272197 ], [ 16.86344188, 48.43286528 ], [ 16.86339631, 48.43290189 ], [ 16.86339167, 48.43290636 ], [ 16.86299356, 48.43328978 ], [ 16.86234247, 48.43336378 ], [ 16.8618983, 48.43341548 ], [ 16.86138516, 48.4334772 ], [ 16.86082861, 48.43353581 ], [ 16.86081623, 48.43353675 ], [ 16.86075266, 48.43354182 ], [ 16.85978782, 48.43361835 ], [ 16.85941082, 48.43364814 ], [ 16.85869643, 48.43370469 ], [ 16.8581948, 48.43374324 ], [ 16.85812795, 48.43374843 ], [ 16.85767254, 48.43378342 ], [ 16.8576484, 48.43378481 ], [ 16.85746264, 48.4337961 ], [ 16.85726254, 48.43380873 ], [ 16.85656882, 48.43385477 ], [ 16.85631644, 48.43386972 ], [ 16.85541827, 48.43393007 ], [ 16.85387939, 48.43403453 ], [ 16.85401458, 48.43444273 ], [ 16.85371533, 48.43485191 ], [ 16.8536103, 48.43489758 ], [ 16.85307099, 48.43504678 ], [ 16.85275237, 48.43507845 ], [ 16.85263465, 48.43508389 ], [ 16.85245835, 48.43509203 ], [ 16.85206139, 48.43511036 ], [ 16.85161578, 48.435096 ], [ 16.85150803, 48.43544783 ], [ 16.85140693, 48.43597835 ], [ 16.85134494, 48.43648565 ], [ 16.85129823, 48.4368675 ], [ 16.85124324, 48.43753226 ], [ 16.85115909, 48.43855108 ], [ 16.85100607, 48.43979911 ], [ 16.85081242, 48.44248738 ], [ 16.85080443, 48.44281153 ], [ 16.85081795, 48.44313972 ], [ 16.85087371, 48.44386393 ], [ 16.85092197, 48.44456591 ], [ 16.85090407, 48.44483476 ], [ 16.85090124, 48.4448777 ], [ 16.85082866, 48.44517185 ], [ 16.85071766, 48.44541395 ], [ 16.8505259, 48.44567519 ], [ 16.84996675, 48.44635469 ], [ 16.84973674, 48.44665676 ], [ 16.84956765, 48.44697845 ], [ 16.84945849, 48.44732095 ], [ 16.84942577, 48.44763027 ], [ 16.84945224, 48.44792283 ], [ 16.84953111, 48.44818388 ], [ 16.84965528, 48.44848868 ], [ 16.84982313, 48.44883631 ], [ 16.85000645, 48.44915908 ], [ 16.85021441, 48.44947216 ], [ 16.85045812, 48.44976279 ], [ 16.85075241, 48.45005594 ], [ 16.85108732, 48.45033204 ], [ 16.85143648, 48.45057892 ], [ 16.8517474, 48.45075803 ], [ 16.85195575, 48.45087809 ], [ 16.85228957, 48.45103176 ], [ 16.85268007, 48.45116388 ], [ 16.8531259, 48.45125971 ], [ 16.85352839, 48.45130885 ], [ 16.85375337, 48.45132426 ], [ 16.85423046, 48.45132614 ], [ 16.8553161, 48.45127795 ], [ 16.8571357, 48.45113856 ], [ 16.857411, 48.45111751 ], [ 16.85784993, 48.45110361 ], [ 16.85835268, 48.45111595 ], [ 16.85877132, 48.4511368 ], [ 16.8589292, 48.45115449 ], [ 16.85922051, 48.45118718 ], [ 16.85964209, 48.45128256 ], [ 16.85969658, 48.4512982 ], [ 16.85993227, 48.45136562 ], [ 16.86028438, 48.45146628 ], [ 16.86078435, 48.45164054 ], [ 16.86149951, 48.45194689 ], [ 16.86171765, 48.45205151 ], [ 16.86187968, 48.45212925 ], [ 16.8622433, 48.45233994 ], [ 16.86275336, 48.45271102 ], [ 16.86311801, 48.45303526 ], [ 16.86342764, 48.45333777 ], [ 16.86368, 48.45364659 ], [ 16.86387669, 48.45394638 ], [ 16.86402016, 48.45421552 ], [ 16.86410614, 48.45445435 ], [ 16.86414486, 48.45470679 ], [ 16.86413707, 48.45498086 ], [ 16.86402262, 48.45537998 ], [ 16.86387655, 48.45565599 ], [ 16.86370079, 48.45590038 ], [ 16.86349307, 48.45611206 ], [ 16.8630938, 48.45636701 ], [ 16.86267104, 48.45657502 ], [ 16.86230368, 48.45672649 ], [ 16.86133927, 48.4570618 ], [ 16.86084442, 48.45724932 ], [ 16.86039709, 48.45742858 ], [ 16.86021506, 48.45752531 ], [ 16.85990885, 48.45772859 ], [ 16.85965494, 48.45795893 ], [ 16.85947014, 48.45825883 ], [ 16.85937192, 48.45853899 ], [ 16.85933148, 48.45882001 ], [ 16.85936308, 48.45911492 ], [ 16.85947484, 48.45936693 ], [ 16.85968503, 48.45962328 ], [ 16.85982406, 48.45973758 ], [ 16.8601527, 48.46000407 ], [ 16.86051313, 48.4602621 ], [ 16.86090046, 48.46053928 ], [ 16.86108801, 48.46068481 ], [ 16.86168575, 48.4611488 ], [ 16.86203168, 48.46144552 ], [ 16.86237152, 48.46178439 ], [ 16.86259799, 48.46206185 ], [ 16.86284831, 48.46236836 ], [ 16.86300423, 48.46259134 ], [ 16.86318937, 48.46290598 ], [ 16.8633644, 48.4632935 ], [ 16.86349592, 48.46362059 ], [ 16.86363066, 48.46395486 ], [ 16.86377612, 48.4642971 ], [ 16.86391563, 48.46457347 ], [ 16.86405287, 48.46477355 ], [ 16.86410486, 48.46484923 ], [ 16.8642958, 48.46506145 ], [ 16.86450429, 48.46524768 ], [ 16.86481032, 48.46545697 ], [ 16.86510425, 48.46562906 ], [ 16.86545594, 48.46579442 ], [ 16.86586482, 48.4659359 ], [ 16.8662096, 48.466026 ], [ 16.86651185, 48.46608907 ], [ 16.86689417, 48.46614968 ], [ 16.86730578, 48.46619351 ], [ 16.86772809, 48.46622027 ], [ 16.86814275, 48.46624125 ], [ 16.86894449, 48.46624504 ], [ 16.86931255, 48.46624677 ], [ 16.86950846, 48.46624774 ], [ 16.86995449, 48.46624305 ], [ 16.87034686, 48.4662622 ], [ 16.87077717, 48.46630126 ], [ 16.87122873, 48.46636432 ], [ 16.87147768, 48.46640839 ], [ 16.87192332, 48.46650304 ], [ 16.87232977, 48.4666238 ], [ 16.87270145, 48.46675734 ], [ 16.87304562, 48.46692314 ], [ 16.87320006, 48.46700631 ], [ 16.87346731, 48.46717969 ], [ 16.87352924, 48.46721989 ], [ 16.87382805, 48.46745894 ], [ 16.87407816, 48.46769642 ], [ 16.87432677, 48.46797023 ], [ 16.87447476, 48.46814201 ], [ 16.87477063, 48.46852787 ], [ 16.87500304, 48.46887542 ], [ 16.87519114, 48.4692047 ], [ 16.87523091, 48.46928902 ], [ 16.87533479, 48.46950964 ], [ 16.87546722, 48.46984535 ], [ 16.87579117, 48.47091521 ], [ 16.87602509, 48.47162527 ], [ 16.87618096, 48.47196506 ], [ 16.87639879, 48.47230345 ], [ 16.87664453, 48.47260698 ], [ 16.87709569, 48.47306665 ], [ 16.87766534, 48.47357967 ], [ 16.87790817, 48.47381274 ], [ 16.87815699, 48.47406132 ], [ 16.87829775, 48.47422129 ], [ 16.87850166, 48.47445283 ], [ 16.87871515, 48.47470737 ], [ 16.87889856, 48.47495601 ], [ 16.87918743, 48.47539373 ], [ 16.8797161, 48.47634714 ], [ 16.87992296, 48.47666297 ], [ 16.88015155, 48.47695653 ], [ 16.88033975, 48.47717738 ], [ 16.88059952, 48.47739887 ], [ 16.88088797, 48.47758925 ], [ 16.88107838, 48.477674 ], [ 16.88124736, 48.47772977 ], [ 16.88147984, 48.47780034 ], [ 16.88184176, 48.47785468 ], [ 16.88220471, 48.47784787 ], [ 16.88255007, 48.47779716 ], [ 16.88271204, 48.47775388 ], [ 16.88302163, 48.47766163 ], [ 16.88316115, 48.47760802 ], [ 16.88326594, 48.47755643 ], [ 16.88344471, 48.47746848 ], [ 16.88373478, 48.47730135 ], [ 16.88398989, 48.47713081 ], [ 16.8845138, 48.47677177 ], [ 16.88485928, 48.4765583 ], [ 16.88517638, 48.47637741 ], [ 16.88547687, 48.47622963 ], [ 16.88579997, 48.4760789 ], [ 16.88610027, 48.47595218 ], [ 16.88624992, 48.47590415 ], [ 16.88631374, 48.47588399 ], [ 16.88656802, 48.47580353 ], [ 16.88691626, 48.47571874 ], [ 16.88725195, 48.47566282 ], [ 16.8876309, 48.47562673 ], [ 16.88780089, 48.47562586 ], [ 16.88817321, 48.47564238 ], [ 16.88853323, 48.47568445 ], [ 16.8888929, 48.47576691 ], [ 16.88907834, 48.47581748 ], [ 16.88938849, 48.47593384 ], [ 16.88965291, 48.47608773 ], [ 16.88978085, 48.47617454 ], [ 16.88998525, 48.47635997 ], [ 16.89014097, 48.47655577 ], [ 16.89023992, 48.47676418 ], [ 16.89028099, 48.47689154 ], [ 16.89031971, 48.47717525 ], [ 16.89029828, 48.47744014 ], [ 16.89026588, 48.47757469 ], [ 16.89023201, 48.47771521 ], [ 16.89004765, 48.47842306 ], [ 16.8899935, 48.47875341 ], [ 16.88996629, 48.47910886 ], [ 16.8899668, 48.47946189 ], [ 16.89001171, 48.47994965 ], [ 16.89008643, 48.48028044 ], [ 16.89018413, 48.48061381 ], [ 16.89029837, 48.48088946 ], [ 16.890445, 48.48116149 ], [ 16.89062886, 48.48141123 ], [ 16.89082658, 48.48163851 ], [ 16.89092963, 48.48172378 ], [ 16.89125115, 48.48193261 ], [ 16.89140319, 48.48200726 ], [ 16.89168788, 48.48213189 ], [ 16.89207051, 48.48228935 ], [ 16.8928219, 48.48255926 ], [ 16.89337484, 48.4827495 ], [ 16.89370959, 48.48288799 ], [ 16.89397204, 48.48302617 ], [ 16.89449282, 48.48332873 ], [ 16.89493187, 48.48368422 ], [ 16.89517557, 48.48391079 ], [ 16.89540748, 48.48416828 ], [ 16.89550647, 48.48429766 ], [ 16.89562186, 48.48444825 ], [ 16.89577481, 48.48468634 ], [ 16.89591121, 48.48492501 ], [ 16.89602439, 48.48516948 ], [ 16.89612801, 48.48544285 ], [ 16.89619818, 48.48575523 ], [ 16.89623028, 48.48600764 ], [ 16.89624153, 48.48625599 ], [ 16.8962085, 48.48650479 ], [ 16.89607849, 48.48686812 ], [ 16.89601541, 48.48699197 ], [ 16.89585125, 48.4872183 ], [ 16.89579982, 48.48727568 ], [ 16.89563507, 48.48745975 ], [ 16.89537933, 48.48766635 ], [ 16.89523022, 48.48777411 ], [ 16.89462142, 48.4881001 ], [ 16.89394504, 48.48841806 ], [ 16.89189853, 48.48937994 ], [ 16.89163628, 48.48950996 ], [ 16.8913734, 48.48966651 ], [ 16.89107682, 48.48986015 ], [ 16.89074616, 48.49010188 ], [ 16.89062313, 48.49019679 ], [ 16.89044893, 48.49037848 ], [ 16.89027882, 48.49060259 ], [ 16.89013001, 48.49086696 ], [ 16.89001408, 48.49111942 ], [ 16.88993615, 48.4914851 ], [ 16.88995122, 48.49172449 ], [ 16.8900251, 48.49196534 ], [ 16.89008269, 48.49207168 ], [ 16.89040951, 48.4925497 ], [ 16.89053991, 48.49266534 ], [ 16.89067893, 48.49276332 ], [ 16.89083363, 48.49287234 ], [ 16.89131114, 48.49317209 ], [ 16.89185886, 48.49351604 ], [ 16.8929269, 48.49422599 ], [ 16.89385016, 48.49482192 ], [ 16.89487452, 48.4956537 ], [ 16.89547156, 48.49613278 ], [ 16.89610536, 48.49657354 ], [ 16.89645533, 48.49679346 ], [ 16.89678625, 48.49697787 ], [ 16.89717769, 48.49719188 ], [ 16.89749601, 48.49734558 ], [ 16.89769192, 48.49742796 ], [ 16.8979285, 48.49752428 ], [ 16.89836855, 48.49769039 ], [ 16.89880807, 48.49783385 ], [ 16.89928053, 48.49797372 ], [ 16.89975032, 48.49807162 ], [ 16.9006198, 48.49822523 ], [ 16.90146214, 48.49834106 ], [ 16.90231533, 48.49842589 ], [ 16.90306604, 48.49846755 ] ] ] ] } },
{ "type": "Feature", "properties": { "@featureType": "CadastralZoning", "beginLifespanVersion": { "@nilReason": "http://inspire.ec.europa.eu/codelist/VoidReasonValue/Unpopulated", "@nil": "true" }, "endLifespanVersion": { "@nilReason": "http://inspire.ec.europa.eu/codelist/VoidReasonValue/Unpopulated", "@nil": "true" }, "estimatedAccuracy": { "value": -1, "@uom": "m" }, "inspireId": { "@dataType": "Identifier", "localId": "821888", "namespace": "SK.ESKN.CP", "versionId": "20260703T04:07:40" }, "label": "Jakubov", "level": { "@href": "http://inspire.ec.europa.eu/codelist/CadastralZoningLevelValue/3rdOrder" }, "levelName": { "value": "Katastrálne územie", "@locale": "sk" }, "name": { "@dataType": "name", "GeographicalName": { "@dataType": "GeographicalName", "language": "SLK", "nativeness": { "@href": "http://inspire.ec.europa.eu/codelist/NativenessValue/endonym", "@title": "endonym" }, "nameStatus": { "@href": "http://inspire.ec.europa.eu/codelist/NameStatusValue/official", "@title": "official" }, "sourceOfName": { "@nilReason": "http://inspire.ec.europa.eu/codelist/VoidReasonValue/Unpopulated", "@nil": "true" }, "pronunciation": { "@dataType": "pronunciation", "@nilReason": "http://inspire.ec.europa.eu/codelist/VoidReasonValue/Unpopulated", "@nil": "true" }, "spelling": { "@dataType": "SpellingOfName", "text": "Jakubov", "script": "LATN" } } }, "nationalCadastalZoningReference": "821888", "validFrom": "2026-06-30T16:00:00Z", "validTo": { "@nilReason": "http://inspire.ec.europa.eu/codelist/VoidReasonValue/Unpopulated", "@nil": "true" } }, "geometry": { "type": "MultiPolygon", "coordinates": [ [ [ [ 16.91264059, 48.43112518 ], [ 16.91265658, 48.43112547 ], [ 16.91286445, 48.43112974 ], [ 16.9130665, 48.43113396 ], [ 16.91324364, 48.43113754 ], [ 16.9133337, 48.43113943 ], [ 16.91360252, 48.43114493 ], [ 16.91370612, 48.43114703 ], [ 16.91374187, 48.43114779 ], [ 16.91378515, 48.43114644 ], [ 16.91381062, 48.43114604 ], [ 16.91391586, 48.43114464 ], [ 16.91402178, 48.4311432 ], [ 16.91412851, 48.43114182 ], [ 16.91421934, 48.43114051 ], [ 16.91430007, 48.4311394 ], [ 16.91447614, 48.43113595 ], [ 16.9146514, 48.43113252 ], [ 16.91539496, 48.43112466 ], [ 16.9155981, 48.4311219 ], [ 16.9157484, 48.43111992 ], [ 16.91610429, 48.43111506 ], [ 16.91617006, 48.431115 ], [ 16.91620756, 48.43111498 ], [ 16.91621361, 48.43111449 ], [ 16.91624718, 48.43111184 ], [ 16.91706971, 48.43104723 ], [ 16.91708834, 48.43104535 ], [ 16.91713347, 48.43104088 ], [ 16.91714326, 48.43103993 ], [ 16.91720493, 48.43103479 ], [ 16.91720685, 48.43103465 ], [ 16.91727374, 48.43102825 ], [ 16.91783212, 48.43097519 ], [ 16.91802608, 48.43095724 ], [ 16.91807964, 48.43095181 ], [ 16.91841392, 48.43092357 ], [ 16.91859114, 48.43090753 ], [ 16.91867471, 48.43090047 ], [ 16.91867384, 48.430893 ], [ 16.91867355, 48.43088963 ], [ 16.91867229, 48.43087852 ], [ 16.91926848, 48.43080085 ], [ 16.91970683, 48.43075513 ], [ 16.91983713, 48.43074461 ], [ 16.92014378, 48.43073146 ], [ 16.92074913, 48.43076645 ], [ 16.9208347, 48.43078837 ], [ 16.92134308, 48.4308275 ], [ 16.92207428, 48.43087878 ], [ 16.92252955, 48.43091441 ], [ 16.92278648, 48.43091427 ], [ 16.92285362, 48.43091494 ], [ 16.92286189, 48.43091506 ], [ 16.92288319, 48.43091526 ], [ 16.9228954, 48.43091538 ], [ 16.92293323, 48.43091583 ], [ 16.92295921, 48.43091563 ], [ 16.92298709, 48.43091548 ], [ 16.92300666, 48.43091539 ], [ 16.92309207, 48.43091569 ], [ 16.92310131, 48.43091569 ], [ 16.92349378, 48.43091669 ], [ 16.92352051, 48.43091519 ], [ 16.92396966, 48.43088033 ], [ 16.92414752, 48.43086278 ], [ 16.92425455, 48.43083248 ], [ 16.92428994, 48.43082245 ], [ 16.92439383, 48.43079925 ], [ 16.92447589, 48.43078096 ], [ 16.92461145, 48.43080199 ], [ 16.92467635, 48.43080485 ], [ 16.92484787, 48.43081227 ], [ 16.9252611, 48.43076118 ], [ 16.92528258, 48.43076375 ], [ 16.92528431, 48.43076396 ], [ 16.92561629, 48.43050399 ], [ 16.92571379, 48.43042763 ], [ 16.92589428, 48.43040891 ], [ 16.92590173, 48.43040816 ], [ 16.92594196, 48.43040281 ], [ 16.92666379, 48.43031127 ], [ 16.92679575, 48.43029444 ], [ 16.92800589, 48.43013809 ], [ 16.92836547, 48.43009213 ], [ 16.92861418, 48.43006103 ], [ 16.92880549, 48.4300417 ], [ 16.92891876, 48.43003759 ], [ 16.92899324, 48.43003477 ], [ 16.92899911, 48.43003455 ], [ 16.92909308, 48.43003136 ], [ 16.92912354, 48.4300294 ], [ 16.92912958, 48.430029 ], [ 16.92929068, 48.4300187 ], [ 16.92934556, 48.43001444 ], [ 16.9295454, 48.42999877 ], [ 16.92966246, 48.42998597 ], [ 16.92980731, 48.42997012 ], [ 16.92984606, 48.42996556 ], [ 16.92990141, 48.42995908 ], [ 16.92991484, 48.42995747 ], [ 16.92993133, 48.42995717 ], [ 16.93049603, 48.42994788 ], [ 16.9306564, 48.42994314 ], [ 16.93087726, 48.42993208 ], [ 16.93099772, 48.42998461 ], [ 16.9312454, 48.43015008 ], [ 16.93147895, 48.43029984 ], [ 16.93181539, 48.43048944 ], [ 16.9320217, 48.43061878 ], [ 16.9320998, 48.43067381 ], [ 16.93223665, 48.43077024 ], [ 16.93230333, 48.43081924 ], [ 16.93240827, 48.43089637 ], [ 16.93249035, 48.43097645 ], [ 16.93258719, 48.43109426 ], [ 16.93260284, 48.43111324 ], [ 16.93274764, 48.4311509 ], [ 16.93289096, 48.43117363 ], [ 16.93296413, 48.43118529 ], [ 16.93301889, 48.43119395 ], [ 16.93337841, 48.43132709 ], [ 16.93347749, 48.43140526 ], [ 16.93354776, 48.43149049 ], [ 16.93363935, 48.4314328 ], [ 16.93371211, 48.43138701 ], [ 16.93372967, 48.43137981 ], [ 16.93396145, 48.4312856 ], [ 16.93405508, 48.431221 ], [ 16.93415299, 48.4311707 ], [ 16.93422956, 48.43108476 ], [ 16.93429024, 48.43098741 ], [ 16.93432509, 48.43081261 ], [ 16.93437988, 48.43069994 ], [ 16.93439666, 48.43066547 ], [ 16.93445336, 48.43054923 ], [ 16.93446457, 48.43052613 ], [ 16.93463027, 48.43051596 ], [ 16.93493061, 48.43056065 ], [ 16.93503896, 48.43057672 ], [ 16.93522108, 48.4306033 ], [ 16.93530211, 48.43061513 ], [ 16.9354736, 48.43064188 ], [ 16.93568753, 48.43067527 ], [ 16.93580577, 48.43064971 ], [ 16.93593035, 48.43063055 ], [ 16.9360669, 48.4306095 ], [ 16.93622321, 48.43058548 ], [ 16.9363367, 48.43177448 ], [ 16.93645114, 48.43175761 ], [ 16.93666636, 48.43172779 ], [ 16.93688511, 48.4316937 ], [ 16.93695328, 48.43168168 ], [ 16.93711434, 48.43165337 ], [ 16.93713044, 48.43165032 ], [ 16.93733019, 48.43161257 ], [ 16.93741337, 48.43159661 ], [ 16.9374645, 48.43158676 ], [ 16.93756295, 48.43156787 ], [ 16.93773918, 48.43153455 ], [ 16.93774142, 48.43153417 ], [ 16.93801396, 48.43148263 ], [ 16.93807849, 48.43147044 ], [ 16.93825276, 48.43143753 ], [ 16.93829154, 48.43143017 ], [ 16.93845284, 48.43139853 ], [ 16.93859874, 48.43136981 ], [ 16.93880769, 48.4313288 ], [ 16.93887901, 48.43131573 ], [ 16.9389572, 48.43130132 ], [ 16.93907076, 48.4312805 ], [ 16.93917159, 48.43126467 ], [ 16.93930151, 48.43124434 ], [ 16.93933674, 48.43123881 ], [ 16.93945729, 48.43121937 ], [ 16.93968515, 48.43118255 ], [ 16.9397374, 48.43117413 ], [ 16.93984583, 48.43115838 ], [ 16.93996955, 48.43114033 ], [ 16.9400995, 48.43112154 ], [ 16.94024209, 48.43110099 ], [ 16.940441, 48.43106426 ], [ 16.94057481, 48.431046 ], [ 16.94072624, 48.43102535 ], [ 16.94085623, 48.43100809 ], [ 16.94101936, 48.43098643 ], [ 16.94101526, 48.43107475 ], [ 16.94100777, 48.43123535 ], [ 16.94100611, 48.43127131 ], [ 16.94100293, 48.43133972 ], [ 16.94101579, 48.43152677 ], [ 16.94102555, 48.43170926 ], [ 16.94104525, 48.43170664 ], [ 16.94108563, 48.4317012 ], [ 16.94111838, 48.43169677 ], [ 16.94131473, 48.43167035 ], [ 16.94134624, 48.43212151 ], [ 16.94144032, 48.43211064 ], [ 16.94156765, 48.43210694 ], [ 16.94168555, 48.43210359 ], [ 16.94176784, 48.43210122 ], [ 16.94202513, 48.43209446 ], [ 16.94234567, 48.43209152 ], [ 16.94262026, 48.43209571 ], [ 16.94279917, 48.43209847 ], [ 16.94283858, 48.43209928 ], [ 16.94307424, 48.43210396 ], [ 16.94309344, 48.43210456 ], [ 16.94324584, 48.43210738 ], [ 16.94345574, 48.43211263 ], [ 16.9436165, 48.43211504 ], [ 16.9436825, 48.43211606 ], [ 16.94382536, 48.43211822 ], [ 16.9441013, 48.43212251 ], [ 16.944136, 48.432123 ], [ 16.94423838, 48.43212509 ], [ 16.94427942, 48.43212593 ], [ 16.94433834, 48.4321271 ], [ 16.94450329, 48.43213042 ], [ 16.94459593, 48.43213229 ], [ 16.94459057, 48.43228806 ], [ 16.94485664, 48.43227024 ], [ 16.94486899, 48.43226946 ], [ 16.94497251, 48.43226249 ], [ 16.94498734, 48.43226143 ], [ 16.94538789, 48.43223326 ], [ 16.94543811, 48.43223012 ], [ 16.94555472, 48.43247251 ], [ 16.94558366, 48.43246727 ], [ 16.94559666, 48.43246491 ], [ 16.94570265, 48.43244554 ], [ 16.94584136, 48.43242029 ], [ 16.94592732, 48.43240479 ], [ 16.94600042, 48.43239166 ], [ 16.94607842, 48.43237759 ], [ 16.94620534, 48.4323547 ], [ 16.94654169, 48.43228855 ], [ 16.94680457, 48.43225721 ], [ 16.94687059, 48.43224937 ], [ 16.94682061, 48.43262295 ], [ 16.94681952, 48.43263083 ], [ 16.94681721, 48.4326483 ], [ 16.94679828, 48.43279003 ], [ 16.94692912, 48.43277518 ], [ 16.94732049, 48.43275269 ], [ 16.94749437, 48.43274325 ], [ 16.94758003, 48.43274192 ], [ 16.94764771, 48.43274088 ], [ 16.94767468, 48.43274048 ], [ 16.94774236, 48.43274035 ], [ 16.94777144, 48.43274028 ], [ 16.94846925, 48.43272868 ], [ 16.94883353, 48.43271445 ], [ 16.94901701, 48.43271398 ], [ 16.94908704, 48.43271799 ], [ 16.94932312, 48.43273136 ], [ 16.94948217, 48.43272813 ], [ 16.9496404, 48.43272492 ], [ 16.94982721, 48.43272667 ], [ 16.95022445, 48.43271886 ], [ 16.95025798, 48.43271819 ], [ 16.95038966, 48.43271804 ], [ 16.95046901, 48.43271799 ], [ 16.9506121, 48.43271781 ], [ 16.9506549, 48.43271777 ], [ 16.95108202, 48.43271799 ], [ 16.95129218, 48.43271809 ], [ 16.95150927, 48.43271387 ], [ 16.95178701, 48.4327066 ], [ 16.95234428, 48.43269199 ], [ 16.95256185, 48.43267677 ], [ 16.95257262, 48.43270889 ], [ 16.95262624, 48.43286908 ], [ 16.95273004, 48.43286032 ], [ 16.9529313, 48.43283819 ], [ 16.95312252, 48.43281592 ], [ 16.95351826, 48.43277156 ], [ 16.95355087, 48.4327663 ], [ 16.95390153, 48.43270943 ], [ 16.95429145, 48.4326474 ], [ 16.95449318, 48.43261437 ], [ 16.9545605, 48.43260255 ], [ 16.95457487, 48.432601 ], [ 16.95457723, 48.43260071 ], [ 16.95519365, 48.43146345 ], [ 16.95522772, 48.4314007 ], [ 16.95533213, 48.43121848 ], [ 16.95561444, 48.43072636 ], [ 16.95583344, 48.43034434 ], [ 16.95585217, 48.43030865 ], [ 16.95620018, 48.42964548 ], [ 16.95632909, 48.42939993 ], [ 16.95642119, 48.42922427 ], [ 16.95651102, 48.42901772 ], [ 16.95656616, 48.42886836 ], [ 16.95660272, 48.42876943 ], [ 16.95663575, 48.42876845 ], [ 16.95665691, 48.42876783 ], [ 16.95668967, 48.42876682 ], [ 16.95764954, 48.42879943 ], [ 16.95838496, 48.42882446 ], [ 16.95845753, 48.42882773 ], [ 16.9585925, 48.42869878 ], [ 16.95912441, 48.42818595 ], [ 16.95966486, 48.42766267 ], [ 16.95968691, 48.42764141 ], [ 16.95972993, 48.4275997 ], [ 16.95975042, 48.42757978 ], [ 16.95984731, 48.427486 ], [ 16.95985339, 48.42748008 ], [ 16.95985659, 48.42747696 ], [ 16.96042459, 48.42711118 ], [ 16.96081942, 48.42685625 ], [ 16.96149155, 48.4264112 ], [ 16.96182871, 48.42618639 ], [ 16.96283302, 48.42552739 ], [ 16.9638276, 48.42487141 ], [ 16.96390114, 48.42425245 ], [ 16.963907, 48.42420331 ], [ 16.96391006, 48.42417748 ], [ 16.96398959, 48.42349456 ], [ 16.96402553, 48.42316939 ], [ 16.96410034, 48.42248623 ], [ 16.96414481, 48.42214555 ], [ 16.96422644, 48.42146566 ], [ 16.96430592, 48.42077949 ], [ 16.96438324, 48.42009325 ], [ 16.9644201, 48.41982256 ], [ 16.9644647, 48.41941797 ], [ 16.96450429, 48.41907885 ], [ 16.96455929, 48.41865101 ], [ 16.96508708, 48.41806301 ], [ 16.96527124, 48.41785571 ], [ 16.96568597, 48.41739836 ], [ 16.96597937, 48.4170822 ], [ 16.96600205, 48.41705772 ], [ 16.96591833, 48.41646556 ], [ 16.96591118, 48.41641534 ], [ 16.96584691, 48.41593591 ], [ 16.96584288, 48.41590588 ], [ 16.96586831, 48.41589778 ], [ 16.96591859, 48.41588189 ], [ 16.96587364, 48.41582672 ], [ 16.96592413, 48.41574023 ], [ 16.96580818, 48.41537161 ], [ 16.96567316, 48.41484048 ], [ 16.96561067, 48.41470671 ], [ 16.96554429, 48.41455423 ], [ 16.96539301, 48.4142443 ], [ 16.96524033, 48.41396709 ], [ 16.96518723, 48.41383668 ], [ 16.96505859, 48.4136566 ], [ 16.9649613, 48.41351601 ], [ 16.96493501, 48.41347189 ], [ 16.96475615, 48.4132803 ], [ 16.96473065, 48.41325296 ], [ 16.96472705, 48.41326826 ], [ 16.96472211, 48.41328872 ], [ 16.9647119, 48.41325999 ], [ 16.96469707, 48.41321819 ], [ 16.96468561, 48.41318612 ], [ 16.96461391, 48.41298482 ], [ 16.9646003, 48.41294654 ], [ 16.96456819, 48.41284977 ], [ 16.96456383, 48.41283672 ], [ 16.96455125, 48.41279878 ], [ 16.96449193, 48.41262012 ], [ 16.96435367, 48.41222465 ], [ 16.96425132, 48.41192332 ], [ 16.96412302, 48.41156696 ], [ 16.96401623, 48.41125402 ], [ 16.9639747, 48.41113227 ], [ 16.9637239, 48.41039625 ], [ 16.96358256, 48.4100163 ], [ 16.96348982, 48.40973977 ], [ 16.96347051, 48.40968221 ], [ 16.96346782, 48.40967416 ], [ 16.96341629, 48.4095048 ], [ 16.96327253, 48.40911518 ], [ 16.9631276, 48.4086631 ], [ 16.9630878, 48.40853894 ], [ 16.96300912, 48.40845704 ], [ 16.96275494, 48.40819264 ], [ 16.96240452, 48.40781955 ], [ 16.96213029, 48.40753044 ], [ 16.96204142, 48.40743807 ], [ 16.96172995, 48.40711422 ], [ 16.961341, 48.40670601 ], [ 16.96093209, 48.40627247 ], [ 16.96039421, 48.4062831 ], [ 16.96011102, 48.40628702 ], [ 16.95975775, 48.40629191 ], [ 16.95903171, 48.40631011 ], [ 16.95930399, 48.40586224 ], [ 16.95931861, 48.40583802 ], [ 16.95947192, 48.40558439 ], [ 16.95956897, 48.40542372 ], [ 16.95972229, 48.40518139 ], [ 16.95920366, 48.40501126 ], [ 16.9587082, 48.40484931 ], [ 16.95828374, 48.40461847 ], [ 16.95774678, 48.40432772 ], [ 16.95727723, 48.40405237 ], [ 16.95670658, 48.40372512 ], [ 16.95651176, 48.40361388 ], [ 16.95595983, 48.40362424 ], [ 16.95557441, 48.40363603 ], [ 16.95553459, 48.40335745 ], [ 16.9551671, 48.4030213 ], [ 16.95515426, 48.40300957 ], [ 16.95517496, 48.40299436 ], [ 16.95514811, 48.40299586 ], [ 16.95514996, 48.40279165 ], [ 16.95512314, 48.40214797 ], [ 16.95510232, 48.4016387 ], [ 16.95477859, 48.40165202 ], [ 16.95318479, 48.40174141 ], [ 16.95320341, 48.40156829 ], [ 16.95325803, 48.40113898 ], [ 16.95331549, 48.40072289 ], [ 16.95334128, 48.40054113 ], [ 16.95336092, 48.40039466 ], [ 16.95346053, 48.39965391 ], [ 16.95350529, 48.39932129 ], [ 16.95157088, 48.39895918 ], [ 16.95150337, 48.3989454 ], [ 16.95105602, 48.39885969 ], [ 16.95127322, 48.3985131 ], [ 16.94857531, 48.39809424 ], [ 16.94818697, 48.398036 ], [ 16.94782417, 48.39822744 ], [ 16.94731923, 48.39850093 ], [ 16.94719988, 48.39856557 ], [ 16.94679438, 48.39877928 ], [ 16.946284, 48.39862311 ], [ 16.94572193, 48.3984415 ], [ 16.94525685, 48.39829442 ], [ 16.94475888, 48.39809525 ], [ 16.94413047, 48.39787668 ], [ 16.94392652, 48.3978184 ], [ 16.94396921, 48.39758673 ], [ 16.94401026, 48.39733939 ], [ 16.94342671, 48.39738674 ], [ 16.94282698, 48.39743071 ], [ 16.94221329, 48.39747625 ], [ 16.94211426, 48.39748361 ], [ 16.94221025, 48.3972567 ], [ 16.94224201, 48.39718168 ], [ 16.94245491, 48.39669548 ], [ 16.9427094, 48.39611649 ], [ 16.94297428, 48.39578569 ], [ 16.94322119, 48.3954936 ], [ 16.94332977, 48.39535498 ], [ 16.94347285, 48.39517001 ], [ 16.94348931, 48.39514972 ], [ 16.943473, 48.39513413 ], [ 16.94320151, 48.39487653 ], [ 16.94279139, 48.39474905 ], [ 16.9422534, 48.39458571 ], [ 16.94222008, 48.39457564 ], [ 16.94211625, 48.39454406 ], [ 16.94211456, 48.39454358 ], [ 16.94156533, 48.39437314 ], [ 16.9409351, 48.39417621 ], [ 16.94109136, 48.39374171 ], [ 16.94123169, 48.39334761 ], [ 16.94135094, 48.3930139 ], [ 16.94072885, 48.39307801 ], [ 16.94030691, 48.3931252 ], [ 16.94009003, 48.39303672 ], [ 16.93963523, 48.39285109 ], [ 16.93895238, 48.39256589 ], [ 16.93821194, 48.39225302 ], [ 16.93783583, 48.3918654 ], [ 16.93746882, 48.39148736 ], [ 16.93724046, 48.39125469 ], [ 16.93722921, 48.39124324 ], [ 16.93722454, 48.3912384 ], [ 16.93716994, 48.39118273 ], [ 16.93715751, 48.39117012 ], [ 16.93715107, 48.39116353 ], [ 16.93714451, 48.39115683 ], [ 16.93711301, 48.39101217 ], [ 16.93706744, 48.39080261 ], [ 16.93705249, 48.39073033 ], [ 16.93704244, 48.39068235 ], [ 16.93694985, 48.39023681 ], [ 16.93682875, 48.3896413 ], [ 16.93622687, 48.38972749 ], [ 16.93541263, 48.38984277 ], [ 16.9349668, 48.38990058 ], [ 16.93441603, 48.38948325 ], [ 16.93388388, 48.38907109 ], [ 16.93350659, 48.38877243 ], [ 16.93332952, 48.38879898 ], [ 16.93309695, 48.38873301 ], [ 16.93283084, 48.38865748 ], [ 16.93232534, 48.3885127 ], [ 16.93207907, 48.38844405 ], [ 16.93205421, 48.38843718 ], [ 16.93198241, 48.38841712 ], [ 16.93198033, 48.38841653 ], [ 16.93194949, 48.38840797 ], [ 16.93184904, 48.38838006 ], [ 16.9317987, 48.388366 ], [ 16.93169218, 48.38833613 ], [ 16.93141736, 48.388259 ], [ 16.93135338, 48.38824101 ], [ 16.93078702, 48.38809048 ], [ 16.93038558, 48.38798191 ], [ 16.93008797, 48.38757708 ], [ 16.93008551, 48.38757374 ], [ 16.9299152, 48.38732246 ], [ 16.930213, 48.38686864 ], [ 16.93051267, 48.38642887 ], [ 16.93069921, 48.3861698 ], [ 16.93100447, 48.38576296 ], [ 16.93129849, 48.38540119 ], [ 16.93171686, 48.38521185 ], [ 16.93200098, 48.38508447 ], [ 16.93209218, 48.38504357 ], [ 16.93200115, 48.38498747 ], [ 16.93166195, 48.38477831 ], [ 16.93130745, 48.38455499 ], [ 16.93127508, 48.38402817 ], [ 16.93124336, 48.38365754 ], [ 16.93122108, 48.38328467 ], [ 16.93122037, 48.38327178 ], [ 16.93121942, 48.38325436 ], [ 16.93121549, 48.38318808 ], [ 16.9312142, 48.38316674 ], [ 16.93066839, 48.38301971 ], [ 16.93001262, 48.38283713 ], [ 16.92955316, 48.38270917 ], [ 16.92939803, 48.38266463 ], [ 16.92910358, 48.38258487 ], [ 16.92890786, 48.38252993 ], [ 16.92834119, 48.3823723 ], [ 16.92766562, 48.38218617 ], [ 16.9275044, 48.38214157 ], [ 16.92740218, 48.38208767 ], [ 16.92726114, 48.38201462 ], [ 16.92715506, 48.38195855 ], [ 16.92710663, 48.38193396 ], [ 16.92705003, 48.38190527 ], [ 16.92685984, 48.38180441 ], [ 16.92668409, 48.38171378 ], [ 16.92635562, 48.38154396 ], [ 16.92611773, 48.38141747 ], [ 16.92586313, 48.381291 ], [ 16.92569778, 48.38120506 ], [ 16.92559182, 48.3811499 ], [ 16.92523374, 48.38096202 ], [ 16.9250572, 48.38087124 ], [ 16.9247911, 48.38073159 ], [ 16.92450444, 48.38058101 ], [ 16.92416289, 48.38040295 ], [ 16.92339255, 48.38000065 ], [ 16.92319918, 48.37989595 ], [ 16.92296427, 48.37977219 ], [ 16.92295197, 48.37976574 ], [ 16.92247404, 48.37951802 ], [ 16.92230871, 48.37943289 ], [ 16.92203654, 48.37929045 ], [ 16.92190489, 48.37922085 ], [ 16.92161822, 48.37907308 ], [ 16.92129258, 48.37890189 ], [ 16.92093241, 48.37871286 ], [ 16.92077542, 48.37866827 ], [ 16.92037859, 48.37855156 ], [ 16.91991013, 48.37841732 ], [ 16.91963419, 48.37833656 ], [ 16.91937068, 48.37825963 ], [ 16.91888768, 48.37811941 ], [ 16.9186922, 48.3780623 ], [ 16.91864535, 48.37804857 ], [ 16.91856111, 48.37802393 ], [ 16.91852193, 48.37801326 ], [ 16.91815533, 48.37790641 ], [ 16.91786746, 48.3778221 ], [ 16.91744652, 48.37770082 ], [ 16.91740419, 48.37768857 ], [ 16.91736613, 48.37767762 ], [ 16.91734444, 48.37767141 ], [ 16.91728317, 48.37765352 ], [ 16.91687879, 48.37753573 ], [ 16.91660358, 48.37745383 ], [ 16.91640644, 48.37739958 ], [ 16.91611267, 48.37731224 ], [ 16.91582503, 48.37722739 ], [ 16.91560212, 48.3771634 ], [ 16.91532787, 48.37708319 ], [ 16.91496346, 48.37697721 ], [ 16.91460591, 48.37687251 ], [ 16.91419346, 48.37675343 ], [ 16.91418781, 48.37675222 ], [ 16.91401093, 48.37671601 ], [ 16.91400184, 48.37672731 ], [ 16.91399007, 48.37674531 ], [ 16.91397176, 48.37677306 ], [ 16.91396076, 48.37678966 ], [ 16.91395488, 48.37679865 ], [ 16.91390792, 48.37686647 ], [ 16.91386063, 48.37693471 ], [ 16.9136865, 48.37721297 ], [ 16.91363466, 48.37728253 ], [ 16.9136036, 48.37732414 ], [ 16.91355267, 48.37739222 ], [ 16.91354922, 48.37739695 ], [ 16.91353962, 48.37740976 ], [ 16.91352965, 48.37742318 ], [ 16.91351454, 48.37744347 ], [ 16.91348453, 48.37748361 ], [ 16.91347527, 48.37749599 ], [ 16.9134734, 48.37749839 ], [ 16.91346205, 48.3775137 ], [ 16.91343612, 48.37754852 ], [ 16.91343287, 48.37755282 ], [ 16.91340064, 48.37759588 ], [ 16.91331982, 48.37770412 ], [ 16.91312863, 48.3779387 ], [ 16.91224821, 48.37861089 ], [ 16.91212158, 48.37869696 ], [ 16.91189525, 48.37886094 ], [ 16.91175765, 48.37895818 ], [ 16.91172865, 48.37897878 ], [ 16.91171475, 48.37898866 ], [ 16.91162241, 48.37905595 ], [ 16.91146219, 48.37917288 ], [ 16.9114458, 48.37918486 ], [ 16.91144044, 48.37918873 ], [ 16.9113081, 48.37928535 ], [ 16.91124559, 48.37933102 ], [ 16.91121099, 48.3793562 ], [ 16.91097831, 48.37952254 ], [ 16.91094272, 48.37954882 ], [ 16.9109158, 48.37963258 ], [ 16.91099236, 48.3798133 ], [ 16.91124388, 48.38022956 ], [ 16.91161773, 48.38052644 ], [ 16.9116532, 48.38055395 ], [ 16.91184437, 48.38070219 ], [ 16.91216136, 48.38095905 ], [ 16.91227188, 48.38100315 ], [ 16.91243988, 48.38112935 ], [ 16.91261153, 48.38128618 ], [ 16.91278123, 48.38141892 ], [ 16.91319619, 48.3817247 ], [ 16.913494, 48.38197843 ], [ 16.91365339, 48.38218423 ], [ 16.91389899, 48.38250559 ], [ 16.91382932, 48.38264931 ], [ 16.91371201, 48.38296524 ], [ 16.91357407, 48.38337585 ], [ 16.91342909, 48.38378643 ], [ 16.91303114, 48.38456013 ], [ 16.91287098, 48.38478791 ], [ 16.91257759, 48.38521434 ], [ 16.91230218, 48.38560991 ], [ 16.91197952, 48.38606378 ], [ 16.91171361, 48.38645322 ], [ 16.91145139, 48.38670866 ], [ 16.91104797, 48.38708152 ], [ 16.910386, 48.38747589 ], [ 16.91022769, 48.38776293 ], [ 16.9099736, 48.38820257 ], [ 16.90971149, 48.38865005 ], [ 16.90949085, 48.38860176 ], [ 16.90944531, 48.38864471 ], [ 16.909356, 48.38885932 ], [ 16.90922315, 48.38917887 ], [ 16.90909317, 48.3894913 ], [ 16.9090279, 48.38964844 ], [ 16.90896396, 48.38980224 ], [ 16.90889898, 48.38995841 ], [ 16.90883593, 48.39011001 ], [ 16.90877182, 48.39026406 ], [ 16.90870648, 48.39041641 ], [ 16.90864099, 48.39057317 ], [ 16.90858242, 48.39072563 ], [ 16.90851008, 48.39088888 ], [ 16.90838249, 48.39120246 ], [ 16.90829111, 48.39143113 ], [ 16.90825844, 48.39150725 ], [ 16.90814863, 48.39179042 ], [ 16.90808696, 48.39193407 ], [ 16.90803198, 48.39207565 ], [ 16.90797383, 48.39221502 ], [ 16.90791907, 48.39235002 ], [ 16.90786451, 48.39248286 ], [ 16.9078099, 48.39261343 ], [ 16.90775548, 48.39274185 ], [ 16.90770424, 48.39287257 ], [ 16.90764638, 48.3930031 ], [ 16.90759175, 48.39313376 ], [ 16.90753346, 48.39327746 ], [ 16.90751048, 48.39333157 ], [ 16.90748258, 48.39339718 ], [ 16.90742802, 48.39353002 ], [ 16.90737325, 48.39366501 ], [ 16.90731539, 48.39379554 ], [ 16.90726429, 48.39392184 ], [ 16.9072134, 48.39404598 ], [ 16.9071148, 48.39429204 ], [ 16.90693265, 48.39473404 ], [ 16.90692449, 48.39477579 ], [ 16.90690494, 48.3948757 ], [ 16.90684478, 48.39501484 ], [ 16.90678488, 48.39514966 ], [ 16.90673004, 48.39528338 ], [ 16.90667519, 48.3954172 ], [ 16.90656556, 48.39568257 ], [ 16.90655795, 48.39570003 ], [ 16.9064727, 48.39587107 ], [ 16.90640895, 48.39603311 ], [ 16.90627595, 48.39635337 ], [ 16.90605592, 48.39690205 ], [ 16.90599676, 48.39704949 ], [ 16.90596433, 48.39713016 ], [ 16.90569651, 48.39714721 ], [ 16.90533888, 48.39730796 ], [ 16.9052596, 48.39734351 ], [ 16.90507696, 48.3976738 ], [ 16.90483, 48.39813842 ], [ 16.90463428, 48.3985028 ], [ 16.90458564, 48.39859853 ], [ 16.90448448, 48.39883049 ], [ 16.90429639, 48.39923545 ], [ 16.9040921, 48.39963549 ], [ 16.9039473, 48.39995547 ], [ 16.90378491, 48.40030634 ], [ 16.90361644, 48.40069258 ], [ 16.90359503, 48.40074182 ], [ 16.90358432, 48.40080853 ], [ 16.90357872, 48.40083572 ], [ 16.90345874, 48.40142416 ], [ 16.90341474, 48.40174291 ], [ 16.90336213, 48.40210193 ], [ 16.90337571, 48.40233289 ], [ 16.9033751, 48.40262427 ], [ 16.90338697, 48.40284272 ], [ 16.90343476, 48.40303989 ], [ 16.90351559, 48.40334532 ], [ 16.90363809, 48.40376983 ], [ 16.90394227, 48.40372546 ], [ 16.90393205, 48.40369093 ], [ 16.90424766, 48.40381662 ], [ 16.90442071, 48.4039335 ], [ 16.90494038, 48.40410804 ], [ 16.90505545, 48.40421449 ], [ 16.90519593, 48.40449286 ], [ 16.90533476, 48.4046419 ], [ 16.90533176, 48.40476964 ], [ 16.90542197, 48.40496134 ], [ 16.90550051, 48.40509997 ], [ 16.90555633, 48.40533006 ], [ 16.90556745, 48.40556556 ], [ 16.90555084, 48.40584732 ], [ 16.9055131, 48.4059636 ], [ 16.90549862, 48.40604931 ], [ 16.90548784, 48.40611737 ], [ 16.90531932, 48.40655859 ], [ 16.90509523, 48.40714678 ], [ 16.9048617, 48.40735148 ], [ 16.90425838, 48.40754321 ], [ 16.90374035, 48.40782692 ], [ 16.90333985, 48.40804418 ], [ 16.90272807, 48.40827166 ], [ 16.90240861, 48.40838234 ], [ 16.90218035, 48.40846552 ], [ 16.90180736, 48.40859282 ], [ 16.90126204, 48.40897264 ], [ 16.90079682, 48.40929012 ], [ 16.90023518, 48.40922386 ], [ 16.89971088, 48.4091629 ], [ 16.8994653, 48.40943131 ], [ 16.89908982, 48.40983909 ], [ 16.89878531, 48.4101734 ], [ 16.89842696, 48.41039611 ], [ 16.89802807, 48.41063833 ], [ 16.89773444, 48.4107686 ], [ 16.89733396, 48.41093594 ], [ 16.89713811, 48.41119279 ], [ 16.8967336, 48.41167649 ], [ 16.89641126, 48.41199174 ], [ 16.8963331, 48.41201218 ], [ 16.89611467, 48.4119708 ], [ 16.89572437, 48.41189516 ], [ 16.89545254, 48.41184881 ], [ 16.89520478, 48.41195052 ], [ 16.89497553, 48.41211011 ], [ 16.89458267, 48.41237607 ], [ 16.89382405, 48.41253888 ], [ 16.89320235, 48.41267295 ], [ 16.89266366, 48.4127851 ], [ 16.89223344, 48.41307794 ], [ 16.89220394, 48.41309804 ], [ 16.89215026, 48.41313464 ], [ 16.89214754, 48.41315986 ], [ 16.89214398, 48.41319208 ], [ 16.89211254, 48.41347688 ], [ 16.89210713, 48.41351665 ], [ 16.89206214, 48.41384546 ], [ 16.89203849, 48.41413343 ], [ 16.89198572, 48.41455962 ], [ 16.89193592, 48.41497028 ], [ 16.89188427, 48.41536843 ], [ 16.89184685, 48.41565155 ], [ 16.89182848, 48.41581475 ], [ 16.89179858, 48.41607932 ], [ 16.89174435, 48.41648525 ], [ 16.89172669, 48.41662923 ], [ 16.89172225, 48.41666446 ], [ 16.89171947, 48.41668741 ], [ 16.89200396, 48.41654305 ], [ 16.89201622, 48.41653676 ], [ 16.89212117, 48.4165587 ], [ 16.89229265, 48.41659465 ], [ 16.89254523, 48.41677368 ], [ 16.89251163, 48.41693265 ], [ 16.8924981, 48.41699645 ], [ 16.89248709, 48.41704858 ], [ 16.89261551, 48.41728309 ], [ 16.89281685, 48.41751263 ], [ 16.89312323, 48.41780949 ], [ 16.89333892, 48.41803152 ], [ 16.8936288, 48.41827507 ], [ 16.89380684, 48.418434 ], [ 16.89396532, 48.41857556 ], [ 16.89407937, 48.41870853 ], [ 16.8940792, 48.41875815 ], [ 16.8940789, 48.41888933 ], [ 16.89421861, 48.4189738 ], [ 16.8943417, 48.41904826 ], [ 16.89466295, 48.41909759 ], [ 16.89515431, 48.41917012 ], [ 16.89578673, 48.41924131 ], [ 16.89624835, 48.41934938 ], [ 16.89629541, 48.41940011 ], [ 16.89626377, 48.4195944 ], [ 16.89608013, 48.41989188 ], [ 16.89585808, 48.42004692 ], [ 16.89568363, 48.42029784 ], [ 16.89558188, 48.42048617 ], [ 16.89556795, 48.42059507 ], [ 16.89563301, 48.42082843 ], [ 16.89576969, 48.42097743 ], [ 16.89600315, 48.42115729 ], [ 16.89602406, 48.42138894 ], [ 16.89595406, 48.42160435 ], [ 16.89599581, 48.42166737 ], [ 16.89622776, 48.42172153 ], [ 16.89636085, 48.4219239 ], [ 16.89626275, 48.42202035 ], [ 16.89592448, 48.42224174 ], [ 16.8957918, 48.42227186 ], [ 16.89542537, 48.42233821 ], [ 16.89500817, 48.42238784 ], [ 16.8943821, 48.42243978 ], [ 16.89424156, 48.42259468 ], [ 16.89411543, 48.42289345 ], [ 16.89404422, 48.42327604 ], [ 16.894056, 48.42347921 ], [ 16.89411912, 48.42369111 ], [ 16.8941912, 48.42391257 ], [ 16.89422338, 48.42433932 ], [ 16.8942959, 48.42465603 ], [ 16.89445797, 48.42496041 ], [ 16.89449669, 48.42498462 ], [ 16.89457212, 48.4250781 ], [ 16.89461648, 48.42534122 ], [ 16.89463069, 48.42559746 ], [ 16.89462653, 48.4256214 ], [ 16.89500149, 48.42579996 ], [ 16.8950463, 48.42581916 ], [ 16.89509289, 48.42583912 ], [ 16.89509943, 48.42584247 ], [ 16.89513325, 48.42585992 ], [ 16.89515474, 48.42587099 ], [ 16.89529176, 48.42593294 ], [ 16.89551021, 48.42603607 ], [ 16.89573843, 48.42614368 ], [ 16.89594716, 48.42624216 ], [ 16.89614284, 48.42633377 ], [ 16.89650461, 48.42650553 ], [ 16.89666251, 48.42655039 ], [ 16.89687604, 48.42661393 ], [ 16.89700761, 48.42665163 ], [ 16.89746749, 48.42679032 ], [ 16.89763492, 48.42684199 ], [ 16.89766227, 48.42685039 ], [ 16.89766408, 48.42685097 ], [ 16.89797649, 48.4269476 ], [ 16.89840991, 48.42708354 ], [ 16.89851819, 48.42712079 ], [ 16.89859041, 48.42714199 ], [ 16.89897335, 48.42731918 ], [ 16.89914929, 48.42740064 ], [ 16.89958188, 48.4276009 ], [ 16.89985514, 48.42772726 ], [ 16.89994748, 48.42777001 ], [ 16.89999979, 48.42778648 ], [ 16.9001668, 48.42783911 ], [ 16.90054912, 48.42795956 ], [ 16.90112282, 48.42814021 ], [ 16.9014838, 48.42832934 ], [ 16.90166624, 48.4284249 ], [ 16.90254126, 48.42888339 ], [ 16.90296686, 48.42893396 ], [ 16.904012, 48.42905811 ], [ 16.90535593, 48.42921245 ], [ 16.90567889, 48.42924956 ], [ 16.90585559, 48.42926985 ], [ 16.9059633, 48.4292822 ], [ 16.90666921, 48.42939774 ], [ 16.90723257, 48.42949002 ], [ 16.90730571, 48.42952709 ], [ 16.90754011, 48.42964577 ], [ 16.90779591, 48.42977534 ], [ 16.90799253, 48.42987503 ], [ 16.90799743, 48.42987754 ], [ 16.90805999, 48.42990927 ], [ 16.90806238, 48.42991052 ], [ 16.90903324, 48.43040299 ], [ 16.91086417, 48.43075699 ], [ 16.91090848, 48.43076558 ], [ 16.91103026, 48.43079652 ], [ 16.91127397, 48.43085833 ], [ 16.91141353, 48.43089376 ], [ 16.91230777, 48.43112059 ], [ 16.91264059, 48.43112518 ] ] ] ] } },
{ "type": "Feature", "properties": { "@featureType": "CadastralZoning", "beginLifespanVersion": { "@nilReason": "http://inspire.ec.europa.eu/codelist/VoidReasonValue/Unpopulated", "@nil": "true" }, "endLifespanVersion": { "@nilReason": "http://inspire.ec.europa.eu/codelist/VoidReasonValue/Unpopulated", "@nil": "true" }, "estimatedAccuracy": { "value": -1, "@uom": "m" }, "inspireId": { "@dataType": "Identifier", "localId": "859524", "namespace": "SK.ESKN.CP", "versionId": "20260703T04:07:40" }, "label": "Suchohrad", "level": { "@href": "http://inspire.ec.europa.eu/codelist/CadastralZoningLevelValue/3rdOrder" }, "levelName": { "value": "Katastrálne územie", "@locale": "sk" }, "name": { "@dataType": "name", "GeographicalName": { "@dataType": "GeographicalName", "language": "SLK", "nativeness": { "@href": "http://inspire.ec.europa.eu/codelist/NativenessValue/endonym", "@title": "endonym" }, "nameStatus": { "@href": "http://inspire.ec.europa.eu/codelist/NameStatusValue/official", "@title": "official" }, "sourceOfName": { "@nilReason": "http://inspire.ec.europa.eu/codelist/VoidReasonValue/Unpopulated", "@nil": "true" }, "pronunciation": { "@dataType": "pronunciation", "@nilReason": "http://inspire.ec.europa.eu/codelist/VoidReasonValue/Unpopulated", "@nil": "true" }, "spelling": { "@dataType": "SpellingOfName", "text": "Suchohrad", "script": "LATN" } } }, "nationalCadastalZoningReference": "859524", "validFrom": "2026-06-30T16:00:00Z", "validTo": { "@nilReason": "http://inspire.ec.europa.eu/codelist/VoidReasonValue/Unpopulated", "@nil": "true" } }, "geometry": { "type": "MultiPolygon", "coordinates": [ [ [ [ 16.85206139, 48.43511036 ], [ 16.85245835, 48.43509203 ], [ 16.85263465, 48.43508389 ], [ 16.85275237, 48.43507845 ], [ 16.85307099, 48.43504678 ], [ 16.8536103, 48.43489758 ], [ 16.85371533, 48.43485191 ], [ 16.85401458, 48.43444273 ], [ 16.85387939, 48.43403453 ], [ 16.85541827, 48.43393007 ], [ 16.85631644, 48.43386972 ], [ 16.85656882, 48.43385477 ], [ 16.85726254, 48.43380873 ], [ 16.85746264, 48.4337961 ], [ 16.8576484, 48.43378481 ], [ 16.85767254, 48.43378342 ], [ 16.85812795, 48.43374843 ], [ 16.8581948, 48.43374324 ], [ 16.85869643, 48.43370469 ], [ 16.85941082, 48.43364814 ], [ 16.85978782, 48.43361835 ], [ 16.86075266, 48.43354182 ], [ 16.86081623, 48.43353675 ], [ 16.86082861, 48.43353581 ], [ 16.86138516, 48.4334772 ], [ 16.8618983, 48.43341548 ], [ 16.86234247, 48.43336378 ], [ 16.86299356, 48.43328978 ], [ 16.86339167, 48.43290636 ], [ 16.86339631, 48.43290189 ], [ 16.86344188, 48.43286528 ], [ 16.86361987, 48.43272197 ], [ 16.86374644, 48.43260926 ], [ 16.86417866, 48.43225507 ], [ 16.86502051, 48.43156067 ], [ 16.86581089, 48.43091259 ], [ 16.86709348, 48.42985337 ], [ 16.86712417, 48.42983181 ], [ 16.86809823, 48.43070647 ], [ 16.86833863, 48.43092223 ], [ 16.86835884, 48.43090781 ], [ 16.86885267, 48.4305408 ], [ 16.86924117, 48.43023193 ], [ 16.86968264, 48.42989374 ], [ 16.8702345, 48.42947037 ], [ 16.87111692, 48.42881258 ], [ 16.87121465, 48.42873194 ], [ 16.87134042, 48.42863707 ], [ 16.87175599, 48.42832347 ], [ 16.87227204, 48.42792889 ], [ 16.87252358, 48.42773653 ], [ 16.87279814, 48.4275256 ], [ 16.87320386, 48.42721403 ], [ 16.87356078, 48.42694237 ], [ 16.87361462, 48.42690063 ], [ 16.87433827, 48.42635619 ], [ 16.87507486, 48.42578805 ], [ 16.87662564, 48.42459476 ], [ 16.87670889, 48.42453093 ], [ 16.87708034, 48.42425295 ], [ 16.8787455, 48.42425599 ], [ 16.87905784, 48.42424976 ], [ 16.87951727, 48.42425069 ], [ 16.87962737, 48.42425292 ], [ 16.88064892, 48.42425486 ], [ 16.88098733, 48.42425044 ], [ 16.881267, 48.42424981 ], [ 16.88201362, 48.42424809 ], [ 16.88252477, 48.4242441 ], [ 16.88259822, 48.42424351 ], [ 16.88302394, 48.42424018 ], [ 16.88547376, 48.42423101 ], [ 16.88564248, 48.42423016 ], [ 16.88606858, 48.42422793 ], [ 16.88627145, 48.42410197 ], [ 16.8864892, 48.4239669 ], [ 16.88671058, 48.42382947 ], [ 16.88710562, 48.4235843 ], [ 16.887169, 48.42362451 ], [ 16.88720904, 48.42364989 ], [ 16.88730837, 48.42371294 ], [ 16.88733555, 48.4237302 ], [ 16.88808018, 48.42420291 ], [ 16.88918422, 48.42490827 ], [ 16.88939194, 48.42504087 ], [ 16.88941861, 48.42505701 ], [ 16.88944569, 48.42507317 ], [ 16.88945047, 48.42507649 ], [ 16.88956035, 48.42515121 ], [ 16.89079396, 48.42594195 ], [ 16.89194174, 48.42667119 ], [ 16.89195734, 48.42668349 ], [ 16.89207211, 48.4267599 ], [ 16.89277373, 48.42634764 ], [ 16.89289456, 48.42632212 ], [ 16.89310209, 48.42631808 ], [ 16.89328932, 48.426396 ], [ 16.89370728, 48.42659056 ], [ 16.8939158, 48.42656027 ], [ 16.89398912, 48.42653543 ], [ 16.8941471, 48.42644965 ], [ 16.8944061, 48.42618822 ], [ 16.89462653, 48.4256214 ], [ 16.89463069, 48.42559746 ], [ 16.89461648, 48.42534122 ], [ 16.89457212, 48.4250781 ], [ 16.89449669, 48.42498462 ], [ 16.89445797, 48.42496041 ], [ 16.8942959, 48.42465603 ], [ 16.89422338, 48.42433932 ], [ 16.8941912, 48.42391257 ], [ 16.89411912, 48.42369111 ], [ 16.894056, 48.42347921 ], [ 16.89404422, 48.42327604 ], [ 16.89411543, 48.42289345 ], [ 16.89424156, 48.42259468 ], [ 16.8943821, 48.42243978 ], [ 16.89500817, 48.42238784 ], [ 16.89542537, 48.42233821 ], [ 16.8957918, 48.42227186 ], [ 16.89592448, 48.42224174 ], [ 16.89626275, 48.42202035 ], [ 16.89636085, 48.4219239 ], [ 16.89622776, 48.42172153 ], [ 16.89599581, 48.42166737 ], [ 16.89595406, 48.42160435 ], [ 16.89602406, 48.42138894 ], [ 16.89600315, 48.42115729 ], [ 16.89576969, 48.42097743 ], [ 16.89563301, 48.42082843 ], [ 16.89556795, 48.42059507 ], [ 16.89558188, 48.42048617 ], [ 16.89568363, 48.42029784 ], [ 16.89585808, 48.42004692 ], [ 16.89608013, 48.41989188 ], [ 16.89626377, 48.4195944 ], [ 16.89629541, 48.41940011 ], [ 16.89624835, 48.41934938 ], [ 16.89578673, 48.41924131 ], [ 16.89515431, 48.41917012 ], [ 16.89466295, 48.41909759 ], [ 16.8943417, 48.41904826 ], [ 16.89421861, 48.4189738 ], [ 16.8940789, 48.41888933 ], [ 16.8940792, 48.41875815 ], [ 16.89407937, 48.41870853 ], [ 16.89396532, 48.41857556 ], [ 16.89380684, 48.418434 ], [ 16.8936288, 48.41827507 ], [ 16.89333892, 48.41803152 ], [ 16.89312323, 48.41780949 ], [ 16.89281685, 48.41751263 ], [ 16.89261551, 48.41728309 ], [ 16.89248709, 48.41704858 ], [ 16.8924981, 48.41699645 ], [ 16.89251163, 48.41693265 ], [ 16.89254523, 48.41677368 ], [ 16.89229265, 48.41659465 ], [ 16.89212117, 48.4165587 ], [ 16.89201622, 48.41653676 ], [ 16.89200396, 48.41654305 ], [ 16.89171947, 48.41668741 ], [ 16.89172225, 48.41666446 ], [ 16.89172669, 48.41662923 ], [ 16.89174435, 48.41648525 ], [ 16.89179858, 48.41607932 ], [ 16.89182848, 48.41581475 ], [ 16.89184685, 48.41565155 ], [ 16.89188427, 48.41536843 ], [ 16.89193592, 48.41497028 ], [ 16.89198572, 48.41455962 ], [ 16.89203849, 48.41413343 ], [ 16.89206214, 48.41384546 ], [ 16.89210713, 48.41351665 ], [ 16.89211254, 48.41347688 ], [ 16.89214398, 48.41319208 ], [ 16.89214754, 48.41315986 ], [ 16.89215026, 48.41313464 ], [ 16.89220394, 48.41309804 ], [ 16.89223344, 48.41307794 ], [ 16.89266366, 48.4127851 ], [ 16.89320235, 48.41267295 ], [ 16.89382405, 48.41253888 ], [ 16.89458267, 48.41237607 ], [ 16.89497553, 48.41211011 ], [ 16.89520478, 48.41195052 ], [ 16.89545254, 48.41184881 ], [ 16.89572437, 48.41189516 ], [ 16.89611467, 48.4119708 ], [ 16.8963331, 48.41201218 ], [ 16.89641126, 48.41199174 ], [ 16.8967336, 48.41167649 ], [ 16.89713811, 48.41119279 ], [ 16.89733396, 48.41093594 ], [ 16.89773444, 48.4107686 ], [ 16.89802807, 48.41063833 ], [ 16.89842696, 48.41039611 ], [ 16.89878531, 48.4101734 ], [ 16.89908982, 48.40983909 ], [ 16.8994653, 48.40943131 ], [ 16.89971088, 48.4091629 ], [ 16.90023518, 48.40922386 ], [ 16.90079682, 48.40929012 ], [ 16.90126204, 48.40897264 ], [ 16.90180736, 48.40859282 ], [ 16.90218035, 48.40846552 ], [ 16.90240861, 48.40838234 ], [ 16.90272807, 48.40827166 ], [ 16.90333985, 48.40804418 ], [ 16.90374035, 48.40782692 ], [ 16.90425838, 48.40754321 ], [ 16.9048617, 48.40735148 ], [ 16.90509523, 48.40714678 ], [ 16.90531932, 48.40655859 ], [ 16.90548784, 48.40611737 ], [ 16.90549862, 48.40604931 ], [ 16.9055131, 48.4059636 ], [ 16.90555084, 48.40584732 ], [ 16.90556745, 48.40556556 ], [ 16.90555633, 48.40533006 ], [ 16.90550051, 48.40509997 ], [ 16.90542197, 48.40496134 ], [ 16.90533176, 48.40476964 ], [ 16.90533476, 48.4046419 ], [ 16.90519593, 48.40449286 ], [ 16.90505545, 48.40421449 ], [ 16.90494038, 48.40410804 ], [ 16.90442071, 48.4039335 ], [ 16.90424766, 48.40381662 ], [ 16.90393205, 48.40369093 ], [ 16.90394227, 48.40372546 ], [ 16.90363809, 48.40376983 ], [ 16.90351559, 48.40334532 ], [ 16.90343476, 48.40303989 ], [ 16.90338697, 48.40284272 ], [ 16.9033751, 48.40262427 ], [ 16.90337571, 48.40233289 ], [ 16.90336213, 48.40210193 ], [ 16.90341474, 48.40174291 ], [ 16.90345874, 48.40142416 ], [ 16.90357872, 48.40083572 ], [ 16.90358432, 48.40080853 ], [ 16.90359503, 48.40074182 ], [ 16.90361644, 48.40069258 ], [ 16.90378491, 48.40030634 ], [ 16.9039473, 48.39995547 ], [ 16.9040921, 48.39963549 ], [ 16.90429639, 48.39923545 ], [ 16.90448448, 48.39883049 ], [ 16.90458564, 48.39859853 ], [ 16.90463428, 48.3985028 ], [ 16.90483, 48.39813842 ], [ 16.90507696, 48.3976738 ], [ 16.9052596, 48.39734351 ], [ 16.90533888, 48.39730796 ], [ 16.90569651, 48.39714721 ], [ 16.90596433, 48.39713016 ], [ 16.90599676, 48.39704949 ], [ 16.90605592, 48.39690205 ], [ 16.90627595, 48.39635337 ], [ 16.90640895, 48.39603311 ], [ 16.9064727, 48.39587107 ], [ 16.90655795, 48.39570003 ], [ 16.90656556, 48.39568257 ], [ 16.90667519, 48.3954172 ], [ 16.90673004, 48.39528338 ], [ 16.90678488, 48.39514966 ], [ 16.90684478, 48.39501484 ], [ 16.90690494, 48.3948757 ], [ 16.90692449, 48.39477579 ], [ 16.90693265, 48.39473404 ], [ 16.9071148, 48.39429204 ], [ 16.9072134, 48.39404598 ], [ 16.90726429, 48.39392184 ], [ 16.90731539, 48.39379554 ], [ 16.90737325, 48.39366501 ], [ 16.90742802, 48.39353002 ], [ 16.90748258, 48.39339718 ], [ 16.90751048, 48.39333157 ], [ 16.90753346, 48.39327746 ], [ 16.90759175, 48.39313376 ], [ 16.90764638, 48.3930031 ], [ 16.90770424, 48.39287257 ], [ 16.90775548, 48.39274185 ], [ 16.9078099, 48.39261343 ], [ 16.90786451, 48.39248286 ], [ 16.90791907, 48.39235002 ], [ 16.90797383, 48.39221502 ], [ 16.90803198, 48.39207565 ], [ 16.90808696, 48.39193407 ], [ 16.90814863, 48.39179042 ], [ 16.90825844, 48.39150725 ], [ 16.90829111, 48.39143113 ], [ 16.90838249, 48.39120246 ], [ 16.90851008, 48.39088888 ], [ 16.90858242, 48.39072563 ], [ 16.90864099, 48.39057317 ], [ 16.90870648, 48.39041641 ], [ 16.90877182, 48.39026406 ], [ 16.90883593, 48.39011001 ], [ 16.90889898, 48.38995841 ], [ 16.90896396, 48.38980224 ], [ 16.9090279, 48.38964844 ], [ 16.90909317, 48.3894913 ], [ 16.90922315, 48.38917887 ], [ 16.909356, 48.38885932 ], [ 16.90944531, 48.38864471 ], [ 16.90949085, 48.38860176 ], [ 16.90971149, 48.38865005 ], [ 16.9099736, 48.38820257 ], [ 16.91022769, 48.38776293 ], [ 16.910386, 48.38747589 ], [ 16.91104797, 48.38708152 ], [ 16.91145139, 48.38670866 ], [ 16.91171361, 48.38645322 ], [ 16.91197952, 48.38606378 ], [ 16.91230218, 48.38560991 ], [ 16.91257759, 48.38521434 ], [ 16.91287098, 48.38478791 ], [ 16.91303114, 48.38456013 ], [ 16.91342909, 48.38378643 ], [ 16.91357407, 48.38337585 ], [ 16.91371201, 48.38296524 ], [ 16.91382932, 48.38264931 ], [ 16.91389899, 48.38250559 ], [ 16.91365339, 48.38218423 ], [ 16.913494, 48.38197843 ], [ 16.91319619, 48.3817247 ], [ 16.91278123, 48.38141892 ], [ 16.91261153, 48.38128618 ], [ 16.91243988, 48.38112935 ], [ 16.91227188, 48.38100315 ], [ 16.91216136, 48.38095905 ], [ 16.91184437, 48.38070219 ], [ 16.9116532, 48.38055395 ], [ 16.91161773, 48.38052644 ], [ 16.91124388, 48.38022956 ], [ 16.91099236, 48.3798133 ], [ 16.9109158, 48.37963258 ], [ 16.91094272, 48.37954882 ], [ 16.91097831, 48.37952254 ], [ 16.91088429, 48.37947886 ], [ 16.91070783, 48.37961374 ], [ 16.91038536, 48.37953804 ], [ 16.90984843, 48.37915661 ], [ 16.90968445, 48.37908376 ], [ 16.90942458, 48.3789558 ], [ 16.90916354, 48.37882052 ], [ 16.90864349, 48.37865779 ], [ 16.9075806, 48.37803265 ], [ 16.90721267, 48.37787621 ], [ 16.90666603, 48.37766832 ], [ 16.90617698, 48.37741243 ], [ 16.90604197, 48.37730451 ], [ 16.90552616, 48.37687162 ], [ 16.90536855, 48.37672163 ], [ 16.90519388, 48.37655662 ], [ 16.90453863, 48.37652979 ], [ 16.90431246, 48.37647459 ], [ 16.90385669, 48.37617959 ], [ 16.90377154, 48.37609746 ], [ 16.90370831, 48.37598882 ], [ 16.90355, 48.37587024 ], [ 16.90348551, 48.3758296 ], [ 16.90328875, 48.37559497 ], [ 16.90322499, 48.37553575 ], [ 16.90320367, 48.37518236 ], [ 16.90270195, 48.37526654 ], [ 16.90264244, 48.37527652 ], [ 16.90261519, 48.37528069 ], [ 16.90229177, 48.37533637 ], [ 16.90204798, 48.37535842 ], [ 16.90152667, 48.37540552 ], [ 16.90150082, 48.37540771 ], [ 16.90145999, 48.3754093 ], [ 16.90143569, 48.37485453 ], [ 16.90139959, 48.37404884 ], [ 16.90016227, 48.37369153 ], [ 16.89947684, 48.37342134 ], [ 16.89937722, 48.37341361 ], [ 16.89929383, 48.3734071 ], [ 16.89892807, 48.37496439 ], [ 16.89864324, 48.37617757 ], [ 16.89840479, 48.37719296 ], [ 16.89838943, 48.37725826 ], [ 16.89782919, 48.37981918 ], [ 16.89755651, 48.38106629 ], [ 16.89755407, 48.38107751 ], [ 16.89752858, 48.38119365 ], [ 16.89732713, 48.38185075 ], [ 16.89692945, 48.38361127 ], [ 16.89678737, 48.38413171 ], [ 16.89671272, 48.38412562 ], [ 16.89638585, 48.38437554 ], [ 16.89625079, 48.38447882 ], [ 16.89466978, 48.38568762 ], [ 16.89454426, 48.38578886 ], [ 16.89416526, 48.38616798 ], [ 16.89296855, 48.38736484 ], [ 16.89217662, 48.3883672 ], [ 16.89125967, 48.38904593 ], [ 16.89126975, 48.38907602 ], [ 16.89128356, 48.38911098 ], [ 16.89084547, 48.38916834 ], [ 16.89085359, 48.38920317 ], [ 16.8908574, 48.38922478 ], [ 16.89051554, 48.3895354 ], [ 16.89043927, 48.38960461 ], [ 16.8903474, 48.38968503 ], [ 16.88976706, 48.39019645 ], [ 16.88914239, 48.39074556 ], [ 16.88894858, 48.39091601 ], [ 16.88880043, 48.39104632 ], [ 16.88867543, 48.39115617 ], [ 16.88853658, 48.39127817 ], [ 16.88834168, 48.39144954 ], [ 16.88825036, 48.39152981 ], [ 16.88815936, 48.39160984 ], [ 16.88807261, 48.39168609 ], [ 16.88798965, 48.39175899 ], [ 16.88790936, 48.39182955 ], [ 16.88782844, 48.39190069 ], [ 16.88773743, 48.39198072 ], [ 16.88770599, 48.39200638 ], [ 16.88765093, 48.39205455 ], [ 16.88761134, 48.39209321 ], [ 16.88751781, 48.39216854 ], [ 16.88697803, 48.39260356 ], [ 16.8864931, 48.39299428 ], [ 16.88525023, 48.39399565 ], [ 16.88520576, 48.39403252 ], [ 16.88518955, 48.39404586 ], [ 16.88494847, 48.39424313 ], [ 16.88464073, 48.39449236 ], [ 16.88400806, 48.39500952 ], [ 16.88399188, 48.39502269 ], [ 16.88310176, 48.39574519 ], [ 16.88253364, 48.39620635 ], [ 16.8824894, 48.39623998 ], [ 16.88212878, 48.39654232 ], [ 16.88202993, 48.39661773 ], [ 16.87997499, 48.3982863 ], [ 16.87994739, 48.39828736 ], [ 16.87986706, 48.39829055 ], [ 16.87982446, 48.3982912 ], [ 16.87969025, 48.39829678 ], [ 16.87961617, 48.39829986 ], [ 16.87948066, 48.39830508 ], [ 16.87924247, 48.39831139 ], [ 16.87912248, 48.39796306 ], [ 16.87902684, 48.39772619 ], [ 16.87875249, 48.39740465 ], [ 16.87824409, 48.39710118 ], [ 16.87803017, 48.39692155 ], [ 16.87790496, 48.39672088 ], [ 16.87775232, 48.39631855 ], [ 16.877795, 48.39606897 ], [ 16.87785605, 48.39585458 ], [ 16.87782593, 48.3956069 ], [ 16.87771262, 48.39541691 ], [ 16.87759689, 48.39526925 ], [ 16.87753574, 48.39519257 ], [ 16.87733612, 48.39502053 ], [ 16.87681178, 48.39466911 ], [ 16.87593416, 48.39394823 ], [ 16.87555264, 48.39369996 ], [ 16.87542764, 48.39360626 ], [ 16.87516342, 48.39345142 ], [ 16.8749227, 48.39332689 ], [ 16.87403037, 48.39295082 ], [ 16.87371224, 48.39287053 ], [ 16.87328793, 48.39271675 ], [ 16.87260372, 48.39242307 ], [ 16.87215374, 48.39223567 ], [ 16.87182736, 48.39202803 ], [ 16.87146095, 48.39173034 ], [ 16.87121122, 48.3914453 ], [ 16.87084286, 48.3912284 ], [ 16.87071772, 48.39118406 ], [ 16.87020366, 48.39114807 ], [ 16.86994046, 48.39111491 ], [ 16.86977215, 48.39108184 ], [ 16.86889979, 48.39068108 ], [ 16.86860479, 48.39063087 ], [ 16.86796439, 48.39060063 ], [ 16.86762376, 48.39056776 ], [ 16.86716678, 48.39044333 ], [ 16.86671457, 48.39026424 ], [ 16.86633444, 48.39015619 ], [ 16.86588956, 48.39009996 ], [ 16.86562494, 48.39009833 ], [ 16.8655048, 48.39010605 ], [ 16.86537997, 48.39010215 ], [ 16.86491916, 48.39013341 ], [ 16.86468118, 48.39015064 ], [ 16.86440582, 48.39016382 ], [ 16.86423746, 48.39018726 ], [ 16.86384242, 48.39025792 ], [ 16.86369199, 48.39027175 ], [ 16.8634844, 48.39033749 ], [ 16.86336355, 48.39036179 ], [ 16.86312103, 48.3904269 ], [ 16.8627992, 48.39047743 ], [ 16.86264003, 48.39045964 ], [ 16.86251802, 48.39045077 ], [ 16.86192693, 48.39035901 ], [ 16.86175238, 48.39034928 ], [ 16.86147652, 48.39031115 ], [ 16.86124141, 48.39025397 ], [ 16.86110607, 48.39019859 ], [ 16.86100113, 48.39013377 ], [ 16.86086848, 48.39001547 ], [ 16.86073709, 48.38986244 ], [ 16.86051061, 48.38952058 ], [ 16.86045099, 48.38944987 ], [ 16.86037688, 48.3893012 ], [ 16.86021393, 48.38912264 ], [ 16.860104, 48.38906108 ], [ 16.85995633, 48.38900213 ], [ 16.85986723, 48.38897738 ], [ 16.85957841, 48.38894575 ], [ 16.85884976, 48.38897269 ], [ 16.85865156, 48.38899078 ], [ 16.85840093, 48.38900295 ], [ 16.85831103, 48.38900138 ], [ 16.85787473, 48.38883974 ], [ 16.85778609, 48.388768 ], [ 16.85766964, 48.38869784 ], [ 16.85755132, 48.38860504 ], [ 16.85746922, 48.38853665 ], [ 16.8573954, 48.38845355 ], [ 16.85732304, 48.38837237 ], [ 16.85709767, 48.38816006 ], [ 16.85693656, 48.38814168 ], [ 16.85707232, 48.38785764 ], [ 16.85716343, 48.38769698 ], [ 16.85719673, 48.38764749 ], [ 16.85668494, 48.38760681 ], [ 16.85595851, 48.38715101 ], [ 16.85572637, 48.38699131 ], [ 16.85537721, 48.38651744 ], [ 16.85521081, 48.38626946 ], [ 16.85482623, 48.38574809 ], [ 16.8542189, 48.38546571 ], [ 16.85398732, 48.38536898 ], [ 16.8539701, 48.38536371 ], [ 16.85388834, 48.38534236 ], [ 16.85282855, 48.38503761 ], [ 16.85273034, 48.38498626 ], [ 16.85242354, 48.38482839 ], [ 16.85200895, 48.38460413 ], [ 16.8520577, 48.38412168 ], [ 16.85194385, 48.3836995 ], [ 16.85181518, 48.3835329 ], [ 16.85168531, 48.3833929 ], [ 16.85159002, 48.38328759 ], [ 16.85155555, 48.38324956 ], [ 16.85147459, 48.38327149 ], [ 16.8514189, 48.38328722 ], [ 16.85129739, 48.38331843 ], [ 16.85117306, 48.38335631 ], [ 16.85111616, 48.38337368 ], [ 16.8506456, 48.383494 ], [ 16.85077899, 48.38375306 ], [ 16.85086674, 48.38406763 ], [ 16.85090208, 48.38442013 ], [ 16.8508965, 48.3847299 ], [ 16.85085772, 48.38500398 ], [ 16.8506977, 48.38564214 ], [ 16.85054525, 48.38628734 ], [ 16.85043664, 48.38686706 ], [ 16.85035978, 48.38748653 ], [ 16.85030493, 48.38815509 ], [ 16.85029683, 48.38873189 ], [ 16.85035755, 48.38950971 ], [ 16.85045675, 48.39038896 ], [ 16.85055728, 48.39066373 ], [ 16.85070285, 48.39092663 ], [ 16.85090673, 48.39118139 ], [ 16.85113472, 48.39142527 ], [ 16.85142444, 48.39168069 ], [ 16.85175448, 48.39193097 ], [ 16.85247179, 48.39234664 ], [ 16.85324424, 48.39278812 ], [ 16.85361028, 48.39300989 ], [ 16.85427974, 48.39347872 ], [ 16.85473098, 48.39387706 ], [ 16.85498847, 48.39414595 ], [ 16.85519909, 48.39439259 ], [ 16.85547468, 48.3947812 ], [ 16.85562297, 48.39502014 ], [ 16.85575395, 48.39529061 ], [ 16.85583632, 48.39557667 ], [ 16.8558812, 48.39593616 ], [ 16.85590054, 48.3962379 ], [ 16.85587726, 48.39665258 ], [ 16.85583194, 48.39692946 ], [ 16.85570809, 48.39752431 ], [ 16.85550148, 48.39831114 ], [ 16.8554109, 48.39856234 ], [ 16.85528059, 48.39886331 ], [ 16.8551184, 48.39920284 ], [ 16.85492955, 48.39952197 ], [ 16.85444422, 48.40021249 ], [ 16.8539075, 48.40090846 ], [ 16.85337228, 48.40159739 ], [ 16.85285012, 48.40226282 ], [ 16.85238188, 48.40291682 ], [ 16.85209659, 48.40333338 ], [ 16.85197671, 48.4035083 ], [ 16.85154311, 48.40426048 ], [ 16.85118193, 48.40498732 ], [ 16.85089296, 48.40564271 ], [ 16.8506708, 48.40625845 ], [ 16.85045505, 48.40698957 ], [ 16.85042643, 48.40710404 ], [ 16.85036262, 48.4073592 ], [ 16.85029255, 48.40770759 ], [ 16.85025448, 48.40800198 ], [ 16.85022696, 48.40832938 ], [ 16.85021822, 48.40864878 ], [ 16.85024744, 48.40899018 ], [ 16.8503021, 48.40933653 ], [ 16.85039653, 48.40969686 ], [ 16.85050474, 48.41002225 ], [ 16.85065699, 48.41038626 ], [ 16.85083562, 48.410738 ], [ 16.85103709, 48.4110586 ], [ 16.85129065, 48.4114115 ], [ 16.85181899, 48.41201633 ], [ 16.85215736, 48.4123293 ], [ 16.85233497, 48.41249352 ], [ 16.85255156, 48.41267502 ], [ 16.85312692, 48.4131133 ], [ 16.85392354, 48.41363367 ], [ 16.8547352, 48.41410172 ], [ 16.85558439, 48.41455322 ], [ 16.8559749, 48.41474141 ], [ 16.85653701, 48.41501219 ], [ 16.85741927, 48.41538315 ], [ 16.858519, 48.4158086 ], [ 16.85937557, 48.41615659 ], [ 16.86036776, 48.41660617 ], [ 16.86127894, 48.41706393 ], [ 16.86173537, 48.41731773 ], [ 16.86213196, 48.41756682 ], [ 16.8624875, 48.4178144 ], [ 16.86279286, 48.41805025 ], [ 16.86305286, 48.41829208 ], [ 16.86317846, 48.41842715 ], [ 16.86337334, 48.41869527 ], [ 16.8635256, 48.41898565 ], [ 16.86361979, 48.41935336 ], [ 16.8636408, 48.41965774 ], [ 16.86361134, 48.41997207 ], [ 16.86352051, 48.42025338 ], [ 16.86336449, 48.42054759 ], [ 16.86315185, 48.42081128 ], [ 16.86290021, 48.4210604 ], [ 16.86274628, 48.42120131 ], [ 16.86241553, 48.42143344 ], [ 16.86208684, 48.42162221 ], [ 16.8616394, 48.4218793 ], [ 16.86111625, 48.42214612 ], [ 16.86056321, 48.4224604 ], [ 16.86014935, 48.42272679 ], [ 16.85975716, 48.42302027 ], [ 16.85941449, 48.42330979 ], [ 16.85912944, 48.42357765 ], [ 16.85881409, 48.42390768 ], [ 16.85852268, 48.42425819 ], [ 16.85794387, 48.42496898 ], [ 16.85742583, 48.42564323 ], [ 16.85679794, 48.4265129 ], [ 16.85642112, 48.42704074 ], [ 16.85427348, 48.43041731 ], [ 16.85307022, 48.43225814 ], [ 16.85264438, 48.43300608 ], [ 16.85220629, 48.43382307 ], [ 16.85190485, 48.43442289 ], [ 16.85166203, 48.4349447 ], [ 16.85161578, 48.435096 ], [ 16.85206139, 48.43511036 ] ] ] ] } },
{ "type": "Feature", "properties": { "@featureType": "CadastralZoning", "beginLifespanVersion": { "@nilReason": "http://inspire.ec.europa.eu/codelist/VoidReasonValue/Unpopulated", "@nil": "true" }, "endLifespanVersion": { "@nilReason": "http://inspire.ec.europa.eu/codelist/VoidReasonValue/Unpopulated", "@nil": "true" }, "estimatedAccuracy": { "value": -1, "@uom": "m" }, "inspireId": { "@dataType": "Identifier", "localId": "846813", "namespace": "SK.ESKN.CP", "versionId": "20260703T04:07:40" }, "label": "Plavecký Štvrtok", "level": { "@href": "http://inspire.ec.europa.eu/codelist/CadastralZoningLevelValue/3rdOrder" }, "levelName": { "value": "Katastrálne územie", "@locale": "sk" }, "name": { "@dataType": "name", "GeographicalName": { "@dataType": "GeographicalName", "language": "SLK", "nativeness": { "@href": "http://inspire.ec.europa.eu/codelist/NativenessValue/endonym", "@title": "endonym" }, "nameStatus": { "@href": "http://inspire.ec.europa.eu/codelist/NameStatusValue/official", "@title": "official" }, "sourceOfName": { "@nilReason": "http://inspire.ec.europa.eu/codelist/VoidReasonValue/Unpopulated", "@nil": "true" }, "pronunciation": { "@dataType": "pronunciation", "@nilReason": "http://inspire.ec.europa.eu/codelist/VoidReasonValue/Unpopulated", "@nil": "true" }, "spelling": { "@dataType": "SpellingOfName", "text": "Plavecký Štvrtok", "script": "LATN" } } }, "nationalCadastalZoningReference": "846813", "validFrom": "2026-06-30T16:00:00Z", "validTo": { "@nilReason": "http://inspire.ec.europa.eu/codelist/VoidReasonValue/Unpopulated", "@nil": "true" } }, "geometry": { "type": "MultiPolygon", "coordinates": [ [ [ [ 16.97227766, 48.41744448 ], [ 16.97237679, 48.41744369 ], [ 16.97243881, 48.41744316 ], [ 16.9725249, 48.41744239 ], [ 16.9726005, 48.41744179 ], [ 16.97275553, 48.41744232 ], [ 16.97294528, 48.41744306 ], [ 16.97299448, 48.41743938 ], [ 16.97326381, 48.41741919 ], [ 16.97343462, 48.41740633 ], [ 16.97354459, 48.41739788 ], [ 16.97378294, 48.41737954 ], [ 16.97401201, 48.41729311 ], [ 16.97415021, 48.41724094 ], [ 16.97416867, 48.41723398 ], [ 16.97420214, 48.41722137 ], [ 16.9743057, 48.41718237 ], [ 16.97447129, 48.41711997 ], [ 16.97488255, 48.41692888 ], [ 16.9749974, 48.41685124 ], [ 16.97521529, 48.41670374 ], [ 16.97580878, 48.41629733 ], [ 16.97646811, 48.41584545 ], [ 16.9764795, 48.41583764 ], [ 16.97649587, 48.41582665 ], [ 16.97653694, 48.41579918 ], [ 16.97683626, 48.41559851 ], [ 16.97686278, 48.4155808 ], [ 16.97686763, 48.41557752 ], [ 16.9769043, 48.41554947 ], [ 16.97693712, 48.41552433 ], [ 16.97701325, 48.415466 ], [ 16.97706086, 48.41542958 ], [ 16.97708044, 48.41541456 ], [ 16.97718753, 48.41533259 ], [ 16.97730898, 48.41523949 ], [ 16.97732993, 48.41522348 ], [ 16.97747636, 48.41476928 ], [ 16.97747746, 48.41476565 ], [ 16.97748509, 48.4147348 ], [ 16.97750085, 48.4146717 ], [ 16.9775146, 48.41461622 ], [ 16.97758285, 48.41434227 ], [ 16.97758603, 48.41432965 ], [ 16.97759709, 48.41427318 ], [ 16.97822343, 48.41362455 ], [ 16.97878441, 48.41351 ], [ 16.97916236, 48.41339781 ], [ 16.97970064, 48.41323857 ], [ 16.98027223, 48.41313523 ], [ 16.98086934, 48.41306881 ], [ 16.98106516, 48.41306363 ], [ 16.98110722, 48.4131147 ], [ 16.98154332, 48.41309174 ], [ 16.98182399, 48.41308497 ], [ 16.98229182, 48.4130518 ], [ 16.98328178, 48.41298285 ], [ 16.98336147, 48.41298479 ], [ 16.98369213, 48.41299545 ], [ 16.98397524, 48.41305276 ], [ 16.98483889, 48.41271367 ], [ 16.98491693, 48.41268331 ], [ 16.98669893, 48.411984 ], [ 16.98685795, 48.41192168 ], [ 16.98951547, 48.41088033 ], [ 16.99004642, 48.41066802 ], [ 16.99006611, 48.41066015 ], [ 16.99008415, 48.41065497 ], [ 16.99013912, 48.41063939 ], [ 16.99021771, 48.41061503 ], [ 16.99030041, 48.41058608 ], [ 16.99057709, 48.41100094 ], [ 16.99059665, 48.41103076 ], [ 16.99062003, 48.41106572 ], [ 16.99079891, 48.4113342 ], [ 16.99257173, 48.41086897 ], [ 16.99429326, 48.41040852 ], [ 16.99465221, 48.41031251 ], [ 16.99469456, 48.41030122 ], [ 16.99569731, 48.41002863 ], [ 16.99572069, 48.41002228 ], [ 16.99619359, 48.40989275 ], [ 16.99629552, 48.40986493 ], [ 16.99631438, 48.4098598 ], [ 16.9965162, 48.409806 ], [ 16.99767105, 48.40949184 ], [ 16.99962555, 48.40896156 ], [ 17.00096993, 48.40860348 ], [ 17.00100845, 48.40859319 ], [ 17.00110195, 48.4085646 ], [ 17.00113573, 48.40855426 ], [ 17.0020058, 48.40828827 ], [ 17.00203361, 48.40827969 ], [ 17.00386881, 48.40771849 ], [ 17.00389288, 48.40771119 ], [ 17.00422722, 48.40760895 ], [ 17.00428081, 48.40759255 ], [ 17.00574001, 48.40714636 ], [ 17.00576282, 48.40713933 ], [ 17.00656872, 48.40689288 ], [ 17.00667104, 48.40686164 ], [ 17.00737847, 48.40664524 ], [ 17.007497, 48.40662767 ], [ 17.00759176, 48.40661282 ], [ 17.00766048, 48.40660215 ], [ 17.00901909, 48.40639386 ], [ 17.00922202, 48.40539185 ], [ 17.00922445, 48.40537963 ], [ 17.00923097, 48.40534789 ], [ 17.00923571, 48.40532426 ], [ 17.0092748, 48.40513157 ], [ 17.00928225, 48.40509474 ], [ 17.00937457, 48.4046389 ], [ 17.00994207, 48.40467094 ], [ 17.01108989, 48.40472846 ], [ 17.01111844, 48.40472996 ], [ 17.01132486, 48.40474028 ], [ 17.01186414, 48.40477047 ], [ 17.0130138, 48.40482313 ], [ 17.01308287, 48.40442889 ], [ 17.01308977, 48.4043894 ], [ 17.0131456, 48.40407138 ], [ 17.01457573, 48.40415151 ], [ 17.01469134, 48.40416339 ], [ 17.01474914, 48.40416897 ], [ 17.01564127, 48.40424242 ], [ 17.01673763, 48.40440296 ], [ 17.01698631, 48.40442185 ], [ 17.01714969, 48.40443573 ], [ 17.01717568, 48.40443796 ], [ 17.01726426, 48.40444555 ], [ 17.01727766, 48.40444673 ], [ 17.01739838, 48.40445715 ], [ 17.01782934, 48.4044809 ], [ 17.01812001, 48.40451812 ], [ 17.01837031, 48.40453621 ], [ 17.01857521, 48.40455112 ], [ 17.01873668, 48.40456585 ], [ 17.01888055, 48.4045812 ], [ 17.018948, 48.40458843 ], [ 17.01916319, 48.40461144 ], [ 17.01938813, 48.40440903 ], [ 17.01956401, 48.40425099 ], [ 17.01963748, 48.40418477 ], [ 17.0196559, 48.40416831 ], [ 17.019695, 48.4041331 ], [ 17.02009913, 48.40376953 ], [ 17.02028307, 48.40360408 ], [ 17.02030655, 48.403583 ], [ 17.02033997, 48.40355291 ], [ 17.02035952, 48.40353527 ], [ 17.0206782, 48.40324866 ], [ 17.02067863, 48.40324589 ], [ 17.02069493, 48.40316121 ], [ 17.02071257, 48.40306876 ], [ 17.02074505, 48.40289839 ], [ 17.0207467, 48.40288947 ], [ 17.02078098, 48.40271009 ], [ 17.02081525, 48.40253081 ], [ 17.02084938, 48.40235152 ], [ 17.02088367, 48.40217215 ], [ 17.02091793, 48.40199287 ], [ 17.0209365, 48.40189524 ], [ 17.02095208, 48.40181349 ], [ 17.02098403, 48.40164571 ], [ 17.02098527, 48.40163414 ], [ 17.02100361, 48.40145341 ], [ 17.02102731, 48.40122015 ], [ 17.0210301, 48.40119322 ], [ 17.02148826, 48.4011945 ], [ 17.02142456, 48.40106946 ], [ 17.02140146, 48.40102377 ], [ 17.02136366, 48.40094922 ], [ 17.02123693, 48.40070009 ], [ 17.02115361, 48.40053592 ], [ 17.02110368, 48.40043786 ], [ 17.02107013, 48.40037183 ], [ 17.0210539, 48.40033972 ], [ 17.0209867, 48.40020748 ], [ 17.02090335, 48.40004349 ], [ 17.02081667, 48.39987285 ], [ 17.02077572, 48.39979231 ], [ 17.02072987, 48.3997022 ], [ 17.02068653, 48.39961689 ], [ 17.02067883, 48.39960162 ], [ 17.02064321, 48.39953148 ], [ 17.02055516, 48.39935831 ], [ 17.0204689, 48.39918851 ], [ 17.02039088, 48.39903492 ], [ 17.02033817, 48.39893115 ], [ 17.02033463, 48.39892413 ], [ 17.02031285, 48.39888133 ], [ 17.02030421, 48.39886428 ], [ 17.02024596, 48.39874974 ], [ 17.02341188, 48.39931673 ], [ 17.02538849, 48.3989936 ], [ 17.02557293, 48.39894634 ], [ 17.02745376, 48.39846458 ], [ 17.02785754, 48.39836115 ], [ 17.02806585, 48.39832989 ], [ 17.02810713, 48.39832366 ], [ 17.02822651, 48.39830568 ], [ 17.02827751, 48.39829805 ], [ 17.02840328, 48.39827914 ], [ 17.02853072, 48.39826 ], [ 17.0285806, 48.39825255 ], [ 17.02868455, 48.39823695 ], [ 17.02869858, 48.39823484 ], [ 17.02862998, 48.39809925 ], [ 17.02837484, 48.39757459 ], [ 17.0274198, 48.39560995 ], [ 17.02737554, 48.39556146 ], [ 17.02737357, 48.39555924 ], [ 17.02700951, 48.39473695 ], [ 17.0269937, 48.39470115 ], [ 17.02597269, 48.39264719 ], [ 17.02596452, 48.39262883 ], [ 17.02560764, 48.39183513 ], [ 17.02464243, 48.38953933 ], [ 17.02461051, 48.38945037 ], [ 17.02442306, 48.38892832 ], [ 17.02334621, 48.38594768 ], [ 17.02257293, 48.38346616 ], [ 17.02210698, 48.38185742 ], [ 17.0218131, 48.38060686 ], [ 17.02163271, 48.37973344 ], [ 17.02085831, 48.37564201 ], [ 17.02049028, 48.37272285 ], [ 17.02047788, 48.37262446 ], [ 17.02016252, 48.37012231 ], [ 17.02017149, 48.37006226 ], [ 17.02004852, 48.36520884 ], [ 17.02001496, 48.36501263 ], [ 17.02001172, 48.36497019 ], [ 17.02001741, 48.36449957 ], [ 17.01996694, 48.36452514 ], [ 17.01989035, 48.36452831 ], [ 17.0198861, 48.36452766 ], [ 17.01981589, 48.36451671 ], [ 17.01980952, 48.36451574 ], [ 17.01975112, 48.36448797 ], [ 17.0197571, 48.36446324 ], [ 17.01979487, 48.36443644 ], [ 17.01972413, 48.36435748 ], [ 17.01968231, 48.36435326 ], [ 17.01964836, 48.36434118 ], [ 17.01963992, 48.36429992 ], [ 17.01963558, 48.36427874 ], [ 17.01961685, 48.36425504 ], [ 17.01953165, 48.3642409 ], [ 17.01952595, 48.36410346 ], [ 17.01949498, 48.36407196 ], [ 17.01947587, 48.36408774 ], [ 17.01938996, 48.36415844 ], [ 17.01937092, 48.36415524 ], [ 17.01936152, 48.36415369 ], [ 17.01933161, 48.3641153 ], [ 17.01930201, 48.36399386 ], [ 17.01929596, 48.36396885 ], [ 17.01926745, 48.36396546 ], [ 17.01917066, 48.36401164 ], [ 17.01914182, 48.3640254 ], [ 17.0191015, 48.36402644 ], [ 17.01902646, 48.3640054 ], [ 17.01898916, 48.36398422 ], [ 17.01898298, 48.36396617 ], [ 17.01897991, 48.36395701 ], [ 17.0189878, 48.36388197 ], [ 17.01897374, 48.36385434 ], [ 17.01894358, 48.36383257 ], [ 17.01890743, 48.36380922 ], [ 17.01891434, 48.36372028 ], [ 17.01891066, 48.36369743 ], [ 17.01883081, 48.36366096 ], [ 17.01875172, 48.36367942 ], [ 17.01871791, 48.36367168 ], [ 17.01867536, 48.36359736 ], [ 17.01861478, 48.3636084 ], [ 17.01851235, 48.36362075 ], [ 17.01838823, 48.36359861 ], [ 17.01836114, 48.36360806 ], [ 17.01828384, 48.36370213 ], [ 17.0182413, 48.3637211 ], [ 17.01807488, 48.36372789 ], [ 17.01802607, 48.36372772 ], [ 17.01796291, 48.36369121 ], [ 17.01788909, 48.36361638 ], [ 17.01786589, 48.36361642 ], [ 17.0178444, 48.36363881 ], [ 17.01783329, 48.36366599 ], [ 17.01781633, 48.36370388 ], [ 17.0177739, 48.36372042 ], [ 17.0177161, 48.36371782 ], [ 17.01768842, 48.36372316 ], [ 17.01769012, 48.36374028 ], [ 17.01770536, 48.3637594 ], [ 17.01774385, 48.36380018 ], [ 17.0177688, 48.36382666 ], [ 17.01777163, 48.36385063 ], [ 17.01775374, 48.36386459 ], [ 17.01772373, 48.36387267 ], [ 17.01742799, 48.36384087 ], [ 17.01728201, 48.36391578 ], [ 17.01725023, 48.36392391 ], [ 17.01723377, 48.36391456 ], [ 17.01719095, 48.36386489 ], [ 17.01717862, 48.36385067 ], [ 17.01713452, 48.3638331 ], [ 17.01704232, 48.36382128 ], [ 17.01703302, 48.36381739 ], [ 17.01701926, 48.36381157 ], [ 17.0169998, 48.36378556 ], [ 17.01705213, 48.36372676 ], [ 17.01711369, 48.36365738 ], [ 17.01707257, 48.36362925 ], [ 17.0170333, 48.36360234 ], [ 17.01696013, 48.3636476 ], [ 17.01695368, 48.36365159 ], [ 17.01690852, 48.36364705 ], [ 17.01681603, 48.36355521 ], [ 17.01674984, 48.36346615 ], [ 17.01675399, 48.36345595 ], [ 17.0167822, 48.36338727 ], [ 17.0167785, 48.36333902 ], [ 17.01666475, 48.36336324 ], [ 17.01662292, 48.36336174 ], [ 17.01650338, 48.36331433 ], [ 17.01646114, 48.36324327 ], [ 17.01643165, 48.36313702 ], [ 17.0161844, 48.36317707 ], [ 17.01604031, 48.36315953 ], [ 17.01594585, 48.36314746 ], [ 17.01589639, 48.36314092 ], [ 17.01573694, 48.36303463 ], [ 17.01572009, 48.36302336 ], [ 17.01575279, 48.36306998 ], [ 17.01589583, 48.36327314 ], [ 17.01579157, 48.36327803 ], [ 17.01579105, 48.3632761 ], [ 17.01574151, 48.36327714 ], [ 17.01565142, 48.36327893 ], [ 17.01564761, 48.36327903 ], [ 17.01559733, 48.36327957 ], [ 17.01547965, 48.36328084 ], [ 17.0151974, 48.36328386 ], [ 17.01473383, 48.36326978 ], [ 17.01416962, 48.36324936 ], [ 17.0137318, 48.36323722 ], [ 17.01314894, 48.36321805 ], [ 17.01239873, 48.36316157 ], [ 17.0118318, 48.36315351 ], [ 17.01114536, 48.36314189 ], [ 17.01044721, 48.36313317 ], [ 17.00961884, 48.36315512 ], [ 17.0089147, 48.36317907 ], [ 17.00815615, 48.36338787 ], [ 17.00736929, 48.3636025 ], [ 17.006523, 48.36383648 ], [ 17.00573621, 48.36404794 ], [ 17.00500401, 48.36406985 ], [ 17.00486464, 48.3640745 ], [ 17.00460225, 48.36408329 ], [ 17.00438663, 48.36409058 ], [ 17.00432708, 48.36409229 ], [ 17.00414581, 48.36409768 ], [ 17.0037131, 48.36411036 ], [ 17.00289862, 48.3641371 ], [ 17.00205125, 48.36416331 ], [ 17.00104429, 48.36419765 ], [ 17.00102896, 48.36420293 ], [ 17.00070431, 48.36431367 ], [ 17.00035685, 48.36442972 ], [ 17.00018391, 48.36448748 ], [ 16.99982598, 48.36461601 ], [ 16.99941217, 48.36475409 ], [ 16.99884568, 48.3649505 ], [ 16.99828813, 48.36513812 ], [ 16.99820114, 48.36516733 ], [ 16.99743508, 48.36542419 ], [ 16.99738305, 48.36543256 ], [ 16.99734437, 48.36543877 ], [ 16.99715419, 48.36546931 ], [ 16.99687916, 48.36553797 ], [ 16.99650551, 48.3656127 ], [ 16.99626744, 48.3656414 ], [ 16.99603223, 48.36565602 ], [ 16.99562432, 48.36570833 ], [ 16.99531288, 48.36575442 ], [ 16.99492598, 48.36580862 ], [ 16.99445632, 48.36587858 ], [ 16.99414772, 48.36591067 ], [ 16.99395686, 48.36593238 ], [ 16.9938227, 48.36594099 ], [ 16.99311343, 48.36602236 ], [ 16.99226035, 48.3661169 ], [ 16.99158421, 48.36619103 ], [ 16.99087275, 48.36626455 ], [ 16.99016143, 48.36633807 ], [ 16.98944325, 48.36640677 ], [ 16.98912036, 48.36644347 ], [ 16.98899565, 48.36645769 ], [ 16.98859722, 48.36650295 ], [ 16.98828102, 48.36653676 ], [ 16.98814458, 48.36655135 ], [ 16.98787596, 48.36658011 ], [ 16.9878692, 48.36658082 ], [ 16.987453, 48.36682972 ], [ 16.98700575, 48.36708896 ], [ 16.9869832, 48.36710667 ], [ 16.98665404, 48.36736551 ], [ 16.98620019, 48.36772619 ], [ 16.98566953, 48.36787103 ], [ 16.98564715, 48.36787708 ], [ 16.98560943, 48.3678999 ], [ 16.98546207, 48.36798598 ], [ 16.98539706, 48.36801415 ], [ 16.98534655, 48.36802931 ], [ 16.98533552, 48.36803307 ], [ 16.98533565, 48.36803923 ], [ 16.98533771, 48.36813647 ], [ 16.98533815, 48.36815557 ], [ 16.98533956, 48.36822194 ], [ 16.98532138, 48.36831842 ], [ 16.98519423, 48.36867385 ], [ 16.98518588, 48.36869715 ], [ 16.98508287, 48.36895877 ], [ 16.98506543, 48.36901281 ], [ 16.98499216, 48.36924094 ], [ 16.98487966, 48.36954458 ], [ 16.98476287, 48.36957246 ], [ 16.98475356, 48.36957471 ], [ 16.98474919, 48.36964421 ], [ 16.9847299, 48.36995406 ], [ 16.98472897, 48.36996449 ], [ 16.98472795, 48.36997635 ], [ 16.98472422, 48.37001976 ], [ 16.98472179, 48.37004862 ], [ 16.98437437, 48.37019554 ], [ 16.98421307, 48.37036899 ], [ 16.98405969, 48.37046144 ], [ 16.98393187, 48.37049832 ], [ 16.98384155, 48.37053217 ], [ 16.98373711, 48.37057137 ], [ 16.98358796, 48.37061719 ], [ 16.98342085, 48.3707001 ], [ 16.98333933, 48.37072008 ], [ 16.98329576, 48.37073074 ], [ 16.98308932, 48.37080209 ], [ 16.98270292, 48.37092808 ], [ 16.98234752, 48.37104055 ], [ 16.98214395, 48.37109953 ], [ 16.98183921, 48.37117389 ], [ 16.98135515, 48.37128729 ], [ 16.981085, 48.37137315 ], [ 16.98081082, 48.37150259 ], [ 16.98062053, 48.37163969 ], [ 16.98061618, 48.37164237 ], [ 16.98054115, 48.37168794 ], [ 16.98025371, 48.37186266 ], [ 16.98007996, 48.37193761 ], [ 16.97990027, 48.37198602 ], [ 16.9796581, 48.37201468 ], [ 16.97947023, 48.37203179 ], [ 16.97927247, 48.37206277 ], [ 16.97905796, 48.3721012 ], [ 16.97860412, 48.37221828 ], [ 16.97818283, 48.37233896 ], [ 16.97756922, 48.37249055 ], [ 16.97749755, 48.37250822 ], [ 16.97698738, 48.37262361 ], [ 16.97694673, 48.37263284 ], [ 16.97686953, 48.37265032 ], [ 16.97656531, 48.37269495 ], [ 16.97626941, 48.37273836 ], [ 16.97577276, 48.37281109 ], [ 16.97533869, 48.37290032 ], [ 16.9750491, 48.37292227 ], [ 16.97496342, 48.37292877 ], [ 16.97491865, 48.3729322 ], [ 16.97475539, 48.37289992 ], [ 16.9746935, 48.37288771 ], [ 16.97453959, 48.37285724 ], [ 16.97435393, 48.37282061 ], [ 16.97431496, 48.37281286 ], [ 16.97423983, 48.37281692 ], [ 16.9742282, 48.37281757 ], [ 16.9742002, 48.3728538 ], [ 16.97412455, 48.37295148 ], [ 16.97406331, 48.3730262 ], [ 16.97401414, 48.3730861 ], [ 16.9738766, 48.37325394 ], [ 16.97364629, 48.37354938 ], [ 16.97327863, 48.37404821 ], [ 16.97292543, 48.37453338 ], [ 16.9726799, 48.37487443 ], [ 16.97243763, 48.37521109 ], [ 16.97213291, 48.37560918 ], [ 16.97200874, 48.37577125 ], [ 16.97190526, 48.375904 ], [ 16.97166785, 48.37620835 ], [ 16.97166444, 48.37621282 ], [ 16.97154689, 48.3763663 ], [ 16.97143254, 48.37651575 ], [ 16.97140549, 48.37655105 ], [ 16.97133216, 48.37664681 ], [ 16.97130179, 48.37668694 ], [ 16.97128864, 48.37670439 ], [ 16.97124408, 48.37676335 ], [ 16.97115408, 48.37688265 ], [ 16.97110477, 48.37694779 ], [ 16.97105678, 48.37701139 ], [ 16.97105422, 48.37701474 ], [ 16.97088083, 48.37724918 ], [ 16.9708623, 48.37727421 ], [ 16.9708295, 48.37731861 ], [ 16.97079568, 48.37736429 ], [ 16.97064664, 48.37756596 ], [ 16.97059648, 48.37763394 ], [ 16.9704888, 48.37777968 ], [ 16.9703612, 48.37795245 ], [ 16.97033852, 48.37798317 ], [ 16.97018664, 48.37818907 ], [ 16.97004937, 48.37837519 ], [ 16.97004781, 48.37837734 ], [ 16.96990323, 48.37857823 ], [ 16.96976399, 48.37877172 ], [ 16.96955931, 48.37904858 ], [ 16.96945217, 48.37919346 ], [ 16.96945097, 48.37919509 ], [ 16.96919585, 48.37954868 ], [ 16.96919205, 48.37955393 ], [ 16.96901255, 48.37979265 ], [ 16.96894947, 48.37987655 ], [ 16.96888179, 48.37996646 ], [ 16.96873804, 48.38016271 ], [ 16.96865645, 48.38027409 ], [ 16.96860324, 48.38034683 ], [ 16.96855135, 48.3804145 ], [ 16.96853331, 48.38043812 ], [ 16.96838855, 48.38062688 ], [ 16.96833646, 48.380695 ], [ 16.96833546, 48.38069619 ], [ 16.96831386, 48.38072527 ], [ 16.96828833, 48.38075949 ], [ 16.96817463, 48.38091251 ], [ 16.96808702, 48.38103025 ], [ 16.96798136, 48.38117081 ], [ 16.96793229, 48.38123605 ], [ 16.96789876, 48.38128076 ], [ 16.96788475, 48.38129932 ], [ 16.96788337, 48.38130122 ], [ 16.96779961, 48.38141868 ], [ 16.96775641, 48.38147936 ], [ 16.96771098, 48.38154305 ], [ 16.9676692, 48.38160156 ], [ 16.96761998, 48.38166689 ], [ 16.96748066, 48.38185205 ], [ 16.96744324, 48.38190173 ], [ 16.96739712, 48.38190244 ], [ 16.96698607, 48.38190907 ], [ 16.96613819, 48.38195913 ], [ 16.96608207, 48.38196214 ], [ 16.96570135, 48.38198242 ], [ 16.96510741, 48.38201053 ], [ 16.96482333, 48.38202724 ], [ 16.96374765, 48.3820872 ], [ 16.96373835, 48.38208765 ], [ 16.96328749, 48.38210851 ], [ 16.96327639, 48.38210919 ], [ 16.96322757, 48.38211243 ], [ 16.96259212, 48.3821535 ], [ 16.96249231, 48.38220196 ], [ 16.9621889, 48.38233541 ], [ 16.96215081, 48.38235258 ], [ 16.96210658, 48.38237259 ], [ 16.96155079, 48.38262365 ], [ 16.96087486, 48.38292203 ], [ 16.95999147, 48.38329952 ], [ 16.95917486, 48.38365158 ], [ 16.95834385, 48.3840097 ], [ 16.95751054, 48.38436775 ], [ 16.956749, 48.38469267 ], [ 16.95615666, 48.38494625 ], [ 16.95610606, 48.38496789 ], [ 16.95589174, 48.38505964 ], [ 16.95541314, 48.38526689 ], [ 16.95518248, 48.38536681 ], [ 16.95517338, 48.38537125 ], [ 16.95428474, 48.38580638 ], [ 16.95346535, 48.38621771 ], [ 16.95302554, 48.38643983 ], [ 16.95298077, 48.38646242 ], [ 16.95277308, 48.38656736 ], [ 16.95212411, 48.38688808 ], [ 16.95129526, 48.38730236 ], [ 16.9505503, 48.38767287 ], [ 16.94982919, 48.38803752 ], [ 16.94906748, 48.38841708 ], [ 16.94832517, 48.38878875 ], [ 16.94830324, 48.38879972 ], [ 16.94802544, 48.3887198 ], [ 16.9476497, 48.38861768 ], [ 16.94731639, 48.38852118 ], [ 16.9473112, 48.38851965 ], [ 16.94701898, 48.38843648 ], [ 16.94613969, 48.38819004 ], [ 16.94510729, 48.38790337 ], [ 16.94463183, 48.38776695 ], [ 16.94387654, 48.38758827 ], [ 16.9430888, 48.38740263 ], [ 16.9424709, 48.38726045 ], [ 16.94243277, 48.38725167 ], [ 16.94234237, 48.38723069 ], [ 16.94230817, 48.38722282 ], [ 16.94228917, 48.38721843 ], [ 16.94177081, 48.38709695 ], [ 16.94105056, 48.38692346 ], [ 16.94063936, 48.38682257 ], [ 16.94003764, 48.38667769 ], [ 16.9394639, 48.38653799 ], [ 16.93919743, 48.38645522 ], [ 16.93903577, 48.38639153 ], [ 16.93872839, 48.38627682 ], [ 16.9380146, 48.38600349 ], [ 16.93728219, 48.38572516 ], [ 16.93690557, 48.3855827 ], [ 16.93608617, 48.38525287 ], [ 16.93552987, 48.3850291 ], [ 16.93493964, 48.38477667 ], [ 16.93422933, 48.38447688 ], [ 16.9334778, 48.38414983 ], [ 16.93291357, 48.38390479 ], [ 16.932872, 48.38388673 ], [ 16.93282967, 48.38386834 ], [ 16.9312142, 48.38316674 ], [ 16.93121549, 48.38318808 ], [ 16.93121942, 48.38325436 ], [ 16.93122037, 48.38327178 ], [ 16.93122108, 48.38328467 ], [ 16.93124336, 48.38365754 ], [ 16.93127508, 48.38402817 ], [ 16.93130745, 48.38455499 ], [ 16.93166195, 48.38477831 ], [ 16.93200115, 48.38498747 ], [ 16.93209218, 48.38504357 ], [ 16.93200098, 48.38508447 ], [ 16.93171686, 48.38521185 ], [ 16.93129849, 48.38540119 ], [ 16.93100447, 48.38576296 ], [ 16.93069921, 48.3861698 ], [ 16.93051267, 48.38642887 ], [ 16.930213, 48.38686864 ], [ 16.9299152, 48.38732246 ], [ 16.93008551, 48.38757374 ], [ 16.93008797, 48.38757708 ], [ 16.93038558, 48.38798191 ], [ 16.93078702, 48.38809048 ], [ 16.93135338, 48.38824101 ], [ 16.93141736, 48.388259 ], [ 16.93169218, 48.38833613 ], [ 16.9317987, 48.388366 ], [ 16.93184904, 48.38838006 ], [ 16.93194949, 48.38840797 ], [ 16.93198033, 48.38841653 ], [ 16.93198241, 48.38841712 ], [ 16.93205421, 48.38843718 ], [ 16.93207907, 48.38844405 ], [ 16.93232534, 48.3885127 ], [ 16.93283084, 48.38865748 ], [ 16.93309695, 48.38873301 ], [ 16.93332952, 48.38879898 ], [ 16.93350659, 48.38877243 ], [ 16.93388388, 48.38907109 ], [ 16.93441603, 48.38948325 ], [ 16.9349668, 48.38990058 ], [ 16.93541263, 48.38984277 ], [ 16.93622687, 48.38972749 ], [ 16.93682875, 48.3896413 ], [ 16.93694985, 48.39023681 ], [ 16.93704244, 48.39068235 ], [ 16.93705249, 48.39073033 ], [ 16.93706744, 48.39080261 ], [ 16.93711301, 48.39101217 ], [ 16.93714451, 48.39115683 ], [ 16.93715107, 48.39116353 ], [ 16.93715751, 48.39117012 ], [ 16.93716994, 48.39118273 ], [ 16.93722454, 48.3912384 ], [ 16.93722921, 48.39124324 ], [ 16.93724046, 48.39125469 ], [ 16.93746882, 48.39148736 ], [ 16.93783583, 48.3918654 ], [ 16.93821194, 48.39225302 ], [ 16.93895238, 48.39256589 ], [ 16.93963523, 48.39285109 ], [ 16.94009003, 48.39303672 ], [ 16.94030691, 48.3931252 ], [ 16.94072885, 48.39307801 ], [ 16.94135094, 48.3930139 ], [ 16.94123169, 48.39334761 ], [ 16.94109136, 48.39374171 ], [ 16.9409351, 48.39417621 ], [ 16.94156533, 48.39437314 ], [ 16.94211456, 48.39454358 ], [ 16.94211625, 48.39454406 ], [ 16.94222008, 48.39457564 ], [ 16.9422534, 48.39458571 ], [ 16.94279139, 48.39474905 ], [ 16.94320151, 48.39487653 ], [ 16.943473, 48.39513413 ], [ 16.94348931, 48.39514972 ], [ 16.94347285, 48.39517001 ], [ 16.94332977, 48.39535498 ], [ 16.94322119, 48.3954936 ], [ 16.94297428, 48.39578569 ], [ 16.9427094, 48.39611649 ], [ 16.94245491, 48.39669548 ], [ 16.94224201, 48.39718168 ], [ 16.94221025, 48.3972567 ], [ 16.94211426, 48.39748361 ], [ 16.94221329, 48.39747625 ], [ 16.94282698, 48.39743071 ], [ 16.94342671, 48.39738674 ], [ 16.94401026, 48.39733939 ], [ 16.94396921, 48.39758673 ], [ 16.94392652, 48.3978184 ], [ 16.94413047, 48.39787668 ], [ 16.94475888, 48.39809525 ], [ 16.94525685, 48.39829442 ], [ 16.94572193, 48.3984415 ], [ 16.946284, 48.39862311 ], [ 16.94679438, 48.39877928 ], [ 16.94719988, 48.39856557 ], [ 16.94731923, 48.39850093 ], [ 16.94782417, 48.39822744 ], [ 16.94818697, 48.398036 ], [ 16.94857531, 48.39809424 ], [ 16.95127322, 48.3985131 ], [ 16.95105602, 48.39885969 ], [ 16.95150337, 48.3989454 ], [ 16.95157088, 48.39895918 ], [ 16.95350529, 48.39932129 ], [ 16.95346053, 48.39965391 ], [ 16.95336092, 48.40039466 ], [ 16.95334128, 48.40054113 ], [ 16.95331549, 48.40072289 ], [ 16.95325803, 48.40113898 ], [ 16.95320341, 48.40156829 ], [ 16.95318479, 48.40174141 ], [ 16.95477859, 48.40165202 ], [ 16.95510232, 48.4016387 ], [ 16.95512314, 48.40214797 ], [ 16.95514996, 48.40279165 ], [ 16.95514811, 48.40299586 ], [ 16.95517496, 48.40299436 ], [ 16.95515426, 48.40300957 ], [ 16.9551671, 48.4030213 ], [ 16.95553459, 48.40335745 ], [ 16.95557441, 48.40363603 ], [ 16.95595983, 48.40362424 ], [ 16.95651176, 48.40361388 ], [ 16.95670658, 48.40372512 ], [ 16.95727723, 48.40405237 ], [ 16.95774678, 48.40432772 ], [ 16.95828374, 48.40461847 ], [ 16.9587082, 48.40484931 ], [ 16.95920366, 48.40501126 ], [ 16.95972229, 48.40518139 ], [ 16.95956897, 48.40542372 ], [ 16.95947192, 48.40558439 ], [ 16.95931861, 48.40583802 ], [ 16.95930399, 48.40586224 ], [ 16.95903171, 48.40631011 ], [ 16.95975775, 48.40629191 ], [ 16.96011102, 48.40628702 ], [ 16.96039421, 48.4062831 ], [ 16.96093209, 48.40627247 ], [ 16.961341, 48.40670601 ], [ 16.96172995, 48.40711422 ], [ 16.96204142, 48.40743807 ], [ 16.96213029, 48.40753044 ], [ 16.96240452, 48.40781955 ], [ 16.96275494, 48.40819264 ], [ 16.96300912, 48.40845704 ], [ 16.9630878, 48.40853894 ], [ 16.9631276, 48.4086631 ], [ 16.96327253, 48.40911518 ], [ 16.96341629, 48.4095048 ], [ 16.96346782, 48.40967416 ], [ 16.96347051, 48.40968221 ], [ 16.96348982, 48.40973977 ], [ 16.96358256, 48.4100163 ], [ 16.9637239, 48.41039625 ], [ 16.9639747, 48.41113227 ], [ 16.96401623, 48.41125402 ], [ 16.96412302, 48.41156696 ], [ 16.96425132, 48.41192332 ], [ 16.96435367, 48.41222465 ], [ 16.96449193, 48.41262012 ], [ 16.96455125, 48.41279878 ], [ 16.96456383, 48.41283672 ], [ 16.96456819, 48.41284977 ], [ 16.9646003, 48.41294654 ], [ 16.96461391, 48.41298482 ], [ 16.96468561, 48.41318612 ], [ 16.96469707, 48.41321819 ], [ 16.9647119, 48.41325999 ], [ 16.96472211, 48.41328872 ], [ 16.96472705, 48.41326826 ], [ 16.96473065, 48.41325296 ], [ 16.96475615, 48.4132803 ], [ 16.96493501, 48.41347189 ], [ 16.9649613, 48.41351601 ], [ 16.96505859, 48.4136566 ], [ 16.96518723, 48.41383668 ], [ 16.96524033, 48.41396709 ], [ 16.96539301, 48.4142443 ], [ 16.96554429, 48.41455423 ], [ 16.96561067, 48.41470671 ], [ 16.96567316, 48.41484048 ], [ 16.96580818, 48.41537161 ], [ 16.96592413, 48.41574023 ], [ 16.96587364, 48.41582672 ], [ 16.96591859, 48.41588189 ], [ 16.96598302, 48.41596118 ], [ 16.96617748, 48.41602084 ], [ 16.96651112, 48.41612189 ], [ 16.96672039, 48.41616928 ], [ 16.96686321, 48.41623263 ], [ 16.96695099, 48.41631994 ], [ 16.96697886, 48.41631797 ], [ 16.96698421, 48.41631761 ], [ 16.96702157, 48.41631494 ], [ 16.96712358, 48.41633759 ], [ 16.96713212, 48.41633944 ], [ 16.96762608, 48.41644889 ], [ 16.96772143, 48.41646983 ], [ 16.96774954, 48.41647601 ], [ 16.96818164, 48.41657099 ], [ 16.96820277, 48.41657569 ], [ 16.96821078, 48.41657751 ], [ 16.96827823, 48.41659272 ], [ 16.96829188, 48.41659574 ], [ 16.96875587, 48.41669969 ], [ 16.96878436, 48.41670599 ], [ 16.96949975, 48.41686419 ], [ 16.96959299, 48.41688471 ], [ 16.97010086, 48.41699646 ], [ 16.97010888, 48.41699819 ], [ 16.97016484, 48.41701044 ], [ 16.97019176, 48.41701636 ], [ 16.97032088, 48.41704467 ], [ 16.97103187, 48.41720057 ], [ 16.9711447, 48.41722532 ], [ 16.97128236, 48.41725549 ], [ 16.97129234, 48.41725771 ], [ 16.97134869, 48.41726565 ], [ 16.97138445, 48.41727064 ], [ 16.9714807, 48.41728412 ], [ 16.97158889, 48.41729933 ], [ 16.9715978, 48.41730058 ], [ 16.97171073, 48.41732551 ], [ 16.97174764, 48.41733365 ], [ 16.97184153, 48.41735439 ], [ 16.97190627, 48.41736869 ], [ 16.97208855, 48.41740888 ], [ 16.97210471, 48.41741243 ], [ 16.97223686, 48.41744484 ], [ 16.97227766, 48.41744448 ] ] ] ] } }
]
}
