{
"type": "FeatureCollection",
"name": "gis",
"crs": { "type": "name", "properties": { "name": "urn:ogc:def:crs:OGC:1.3:CRS84" } },
"features": [
{ "type": "Feature", "properties": { "@featureType": "CadastralZoning", "beginLifespanVersion": { "@nilReason": "http://inspire.ec.europa.eu/codelist/VoidReasonValue/Unpopulated", "@nil": "true" }, "endLifespanVersion": { "@nilReason": "http://inspire.ec.europa.eu/codelist/VoidReasonValue/Unpopulated", "@nil": "true" }, "estimatedAccuracy": { "value": -1, "@uom": "m" }, "inspireId": { "@dataType": "Identifier", "localId": "816060", "namespace": "SK.ESKN.CP", "versionId": "20260703T04:07:40" }, "label": "Herľany", "level": { "@href": "http://inspire.ec.europa.eu/codelist/CadastralZoningLevelValue/3rdOrder" }, "levelName": { "value": "Katastrálne územie", "@locale": "sk" }, "name_1": { "@dataType": "name", "GeographicalName": { "@dataType": "GeographicalName", "language": "SLK", "nativeness": { "@href": "http://inspire.ec.europa.eu/codelist/NativenessValue/endonym", "@title": "endonym" }, "nameStatus": { "@href": "http://inspire.ec.europa.eu/codelist/NameStatusValue/official", "@title": "official" }, "sourceOfName": { "@nilReason": "http://inspire.ec.europa.eu/codelist/VoidReasonValue/Unpopulated", "@nil": "true" }, "pronunciation": { "@dataType": "pronunciation", "@nilReason": "http://inspire.ec.europa.eu/codelist/VoidReasonValue/Unpopulated", "@nil": "true" }, "spelling": { "@dataType": "SpellingOfName", "text": "Herľany", "script": "LATN" } } }, "nationalCadastalZoningReference": "816060", "validFrom": "2026-06-30T16:00:00Z", "validTo": { "@nilReason": "http://inspire.ec.europa.eu/codelist/VoidReasonValue/Unpopulated", "@nil": "true" }, "place_id": 189396049, "osm_type": "relation", "osm_id": 388209, "place_rank": 12, "category": "boundary", "type": "administrative", "importance": 0.54120382821693425, "addresstype": "county", "name_2": "okres Košice-okolie", "display_name": "okres Košice-okolie, Košický kraj, Slovensko" }, "geometry": { "type": "Polygon", "coordinates": [ [ [ 21.52918329, 48.81981965 ], [ 21.52920848, 48.8198138 ], [ 21.529208058627326, 48.819812990980417 ], [ 21.529208, 48.819813 ], [ 21.529113, 48.819632 ], [ 21.52893658396297, 48.819230473906671 ], [ 21.52889208, 48.8191296 ], [ 21.52889031282173, 48.819120717488488 ], [ 21.528859, 48.818967 ], [ 21.528658, 48.818442 ], [ 21.528571, 48.818265 ], [ 21.528548060115885, 48.818196180347648 ], [ 21.52853789, 48.81816645 ], [ 21.528495823675371, 48.818093697729203 ], [ 21.528433, 48.817986 ], [ 21.52837, 48.817884 ], [ 21.528356, 48.817809 ], [ 21.528355971716646, 48.817808703024809 ], [ 21.52835588, 48.81780823 ], [ 21.528355148356177, 48.817800057739859 ], [ 21.528342, 48.817662 ], [ 21.528233, 48.817315 ], [ 21.528114, 48.817136 ], [ 21.527998, 48.816973 ], [ 21.527981, 48.816952 ], [ 21.527881, 48.816868 ], [ 21.527587, 48.81659 ], [ 21.52728, 48.816479 ], [ 21.527165711808607, 48.816426548897667 ], [ 21.5270728, 48.8163843 ], [ 21.52682213, 48.81626554 ], [ 21.526689766030323, 48.81616603508639 ], [ 21.526508, 48.81603 ], [ 21.526222, 48.81569 ], [ 21.526209, 48.815667 ], [ 21.526006, 48.814913 ], [ 21.525991, 48.814743 ], [ 21.525991002804048, 48.814742981493296 ], [ 21.525991, 48.81474295 ], [ 21.52600088275711, 48.814676733538882 ], [ 21.525946, 48.814552 ], [ 21.525938, 48.81442 ], [ 21.525878, 48.814222 ], [ 21.525863, 48.813988 ], [ 21.525835, 48.813881 ], [ 21.525814, 48.81386 ], [ 21.525798, 48.813853 ], [ 21.525798170702689, 48.813852589246657 ], [ 21.52579801, 48.81385252 ], [ 21.525805709484768, 48.81383444905228 ], [ 21.52583, 48.813776 ], [ 21.525849, 48.813675 ], [ 21.525856, 48.813592 ], [ 21.525727, 48.813314 ], [ 21.525762, 48.813145 ], [ 21.525771, 48.813034 ], [ 21.525784, 48.812987 ], [ 21.525782473363225, 48.812968171479802 ], [ 21.52578081, 48.81295018 ], [ 21.52578928738167, 48.812917931436147 ], [ 21.525804, 48.812861 ], [ 21.525809, 48.812715 ], [ 21.525887087499566, 48.812662941666957 ], [ 21.52588879, 48.8126618 ], [ 21.5259049, 48.81265101 ], [ 21.526276512921605, 48.812267443018598 ], [ 21.526306, 48.812237 ], [ 21.526412, 48.812012 ], [ 21.526413, 48.812011 ], [ 21.526833, 48.811644 ], [ 21.527795, 48.810804 ], [ 21.528321, 48.810299 ], [ 21.52932, 48.809701 ], [ 21.5297, 48.809193 ], [ 21.530035, 48.808499 ], [ 21.530123, 48.808043 ], [ 21.530330987799562, 48.807177154493665 ], [ 21.53039274, 48.80691925 ], [ 21.530425238412121, 48.806834086325217 ], [ 21.530505, 48.806624 ], [ 21.531217, 48.806176 ], [ 21.531313, 48.806084 ], [ 21.531976492275501, 48.805671898025345 ], [ 21.53295247, 48.80506491 ], [ 21.533886455274459, 48.804518721757347 ], [ 21.534417, 48.804208 ], [ 21.535245, 48.803465 ], [ 21.536237, 48.803281 ], [ 21.537065, 48.802788 ], [ 21.537978, 48.802366 ], [ 21.538344, 48.801962 ], [ 21.538645688416295, 48.801246350994226 ], [ 21.53876569, 48.80096138 ], [ 21.53878166, 48.8009233 ], [ 21.538875116748478, 48.800729029008188 ], [ 21.539131, 48.800196 ], [ 21.539285, 48.799568 ], [ 21.53937, 48.799242 ], [ 21.539370197422283, 48.799241532420908 ], [ 21.53723279, 48.7994443 ], [ 21.53575344, 48.79960587 ], [ 21.53506814, 48.7996655 ], [ 21.53393628, 48.79978435 ], [ 21.53291639, 48.79990566 ], [ 21.53201648, 48.80000292 ], [ 21.53023193, 48.80020523 ], [ 21.5301665, 48.79986959 ], [ 21.52919623, 48.80000911 ], [ 21.52649119, 48.80028956 ], [ 21.52374783, 48.80051358 ], [ 21.52219187, 48.80060131 ], [ 21.51783449, 48.8010162 ], [ 21.5176709, 48.80102782 ], [ 21.51760532, 48.80103252 ], [ 21.51529719, 48.80119686 ], [ 21.51356889, 48.80134778 ], [ 21.51250952, 48.80142142 ], [ 21.51025879, 48.80160747 ], [ 21.50951648, 48.80167928 ], [ 21.50727047, 48.80189664 ], [ 21.50705782, 48.80192475 ], [ 21.50694728, 48.80194804 ], [ 21.50690974, 48.80195327 ], [ 21.50687498, 48.80190978 ], [ 21.50671041, 48.80186789 ], [ 21.50663826, 48.80171126 ], [ 21.50645693, 48.80159885 ], [ 21.5063688, 48.80144492 ], [ 21.50630685, 48.80133846 ], [ 21.50612222, 48.80095699 ], [ 21.50608274, 48.80079275 ], [ 21.50608078, 48.80075209 ], [ 21.50602095, 48.80062994 ], [ 21.50594048, 48.80057731 ], [ 21.50560898, 48.80050857 ], [ 21.50557777, 48.80049624 ], [ 21.50552786, 48.8004408 ], [ 21.50546466, 48.80034924 ], [ 21.50541273, 48.80032255 ], [ 21.50527959, 48.80023988 ], [ 21.50472049, 48.8001078 ], [ 21.50453299, 48.80013483 ], [ 21.50432135, 48.80007312 ], [ 21.50426697, 48.80001323 ], [ 21.50418161, 48.79976342 ], [ 21.50389038, 48.79966469 ], [ 21.50353738, 48.79970964 ], [ 21.50335718, 48.79968583 ], [ 21.50324758, 48.79961617 ], [ 21.50323831, 48.79953129 ], [ 21.50320103, 48.79950771 ], [ 21.50266317, 48.79932826 ], [ 21.50260757, 48.79926212 ], [ 21.50263446, 48.79919727 ], [ 21.50253543, 48.79906229 ], [ 21.50228284, 48.79896862 ], [ 21.50225425, 48.79890002 ], [ 21.5020668, 48.7988165 ], [ 21.5018532, 48.79875158 ], [ 21.5017307, 48.79872691 ], [ 21.5016813, 48.79863494 ], [ 21.50145152, 48.79847432 ], [ 21.50138183, 48.79841309 ], [ 21.5013793, 48.7982446 ], [ 21.50130503, 48.79819925 ], [ 21.50111271, 48.79816916 ], [ 21.50108614, 48.79806361 ], [ 21.50097434, 48.79795922 ], [ 21.50090657, 48.79787518 ], [ 21.50071336, 48.79782552 ], [ 21.50066588, 48.7978058 ], [ 21.50046419, 48.7976801 ], [ 21.50031989, 48.79750024 ], [ 21.50012403, 48.79748669 ], [ 21.49995693, 48.79740277 ], [ 21.49975766, 48.79741 ], [ 21.49951996, 48.79727661 ], [ 21.49928728, 48.79739603 ], [ 21.49921807, 48.79735461 ], [ 21.49906394, 48.79733218 ], [ 21.49890427, 48.79730095 ], [ 21.49875168, 48.79723454 ], [ 21.49855557, 48.79722908 ], [ 21.4982285, 48.7971266 ], [ 21.49809986, 48.79703387 ], [ 21.49792085, 48.79702729 ], [ 21.49778848, 48.79696218 ], [ 21.49757246, 48.79685974 ], [ 21.49707426, 48.79667879 ], [ 21.49700492, 48.79662278 ], [ 21.496741, 48.79654021 ], [ 21.49640688, 48.79653663 ], [ 21.49628066, 48.79653534 ], [ 21.49624662, 48.79651626 ], [ 21.4960863, 48.79637717 ], [ 21.49603805, 48.79631952 ], [ 21.49598716, 48.79632895 ], [ 21.49542094, 48.79665687 ], [ 21.49537704, 48.79662824 ], [ 21.4953323, 48.79661669 ], [ 21.49511017, 48.79658843 ], [ 21.49485152, 48.7964321 ], [ 21.49480985, 48.79639246 ], [ 21.49474741, 48.79636618 ], [ 21.49457938, 48.79628825 ], [ 21.49449328, 48.79623644 ], [ 21.49421436, 48.79617062 ], [ 21.49389125, 48.79612819 ], [ 21.49369146, 48.7960732 ], [ 21.49359708, 48.79604159 ], [ 21.4934698, 48.79598409 ], [ 21.4932639, 48.79590183 ], [ 21.49308847, 48.79584115 ], [ 21.49288433, 48.79582311 ], [ 21.49270032, 48.79585733 ], [ 21.49271086, 48.7958958 ], [ 21.49232953, 48.79598608 ], [ 21.49215055, 48.79607202 ], [ 21.49210807, 48.79614173 ], [ 21.4919844, 48.79628751 ], [ 21.49176693, 48.79639097 ], [ 21.49151501, 48.79653944 ], [ 21.49126382, 48.79662114 ], [ 21.49101906, 48.7966879 ], [ 21.49089444, 48.79669952 ], [ 21.4904363, 48.79682836 ], [ 21.49015616, 48.79682848 ], [ 21.4900017, 48.79684419 ], [ 21.48984392, 48.79686898 ], [ 21.48948712, 48.7969569 ], [ 21.48914129, 48.79703767 ], [ 21.4887613, 48.7970971 ], [ 21.48866336, 48.79710508 ], [ 21.48838902, 48.79711418 ], [ 21.48806978, 48.79707293 ], [ 21.48779631, 48.79700716 ], [ 21.48740277, 48.79692118 ], [ 21.48661159, 48.79667341 ], [ 21.48642032, 48.79660082 ], [ 21.48621979, 48.796553 ], [ 21.48584685, 48.79652036 ], [ 21.48563502, 48.79653414 ], [ 21.48541068, 48.79656196 ], [ 21.4851441, 48.79657335 ], [ 21.48464868, 48.79660639 ], [ 21.48447722, 48.79664429 ], [ 21.4839193, 48.79673242 ], [ 21.48368887, 48.79677806 ], [ 21.48328858, 48.79683752 ], [ 21.48317371, 48.79684591 ], [ 21.48291487, 48.7969172 ], [ 21.48291609, 48.79693379 ], [ 21.48253451, 48.79700694 ], [ 21.48241007, 48.79704457 ], [ 21.48222042, 48.79726449 ], [ 21.48208965, 48.79718375 ], [ 21.48199561, 48.79717392 ], [ 21.48179574, 48.79715311 ], [ 21.48138126, 48.79716751 ], [ 21.48115778, 48.79716375 ], [ 21.48115148, 48.79714565 ], [ 21.48095534, 48.79714673 ], [ 21.48057324, 48.79712678 ], [ 21.48014198, 48.79713321 ], [ 21.47995092, 48.79714614 ], [ 21.47976905, 48.79713539 ], [ 21.47959474, 48.79713602 ], [ 21.47944812, 48.79713007 ], [ 21.47937129, 48.79712146 ], [ 21.4792228, 48.79711086 ], [ 21.47911177, 48.79710855 ], [ 21.47890313, 48.79709676 ], [ 21.4787678, 48.79709923 ], [ 21.47862282, 48.79710557 ], [ 21.47861872, 48.79710572 ], [ 21.47860912, 48.79711688 ], [ 21.47849194, 48.7971314 ], [ 21.47838161, 48.79714513 ], [ 21.47827761, 48.79715806 ], [ 21.47805403, 48.7971867 ], [ 21.4778656, 48.79726469 ], [ 21.47771151, 48.79730146 ], [ 21.47751455, 48.79727371 ], [ 21.4773853, 48.79730372 ], [ 21.47734563, 48.79732049 ], [ 21.47700988, 48.79746254 ], [ 21.47661195, 48.79756409 ], [ 21.4765409, 48.79758147 ], [ 21.47621818, 48.79760715 ], [ 21.47598067, 48.79762593 ], [ 21.47573288, 48.79764558 ], [ 21.47556536, 48.79765891 ], [ 21.47543702, 48.79767104 ], [ 21.47522626, 48.79769104 ], [ 21.47503349, 48.79770914 ], [ 21.47433093, 48.7976355 ], [ 21.47416767, 48.79768514 ], [ 21.47413857, 48.79768844 ], [ 21.47404548, 48.79769907 ], [ 21.47380301, 48.79779871 ], [ 21.47368132, 48.79783795 ], [ 21.47335245, 48.79794382 ], [ 21.47322841, 48.79796912 ], [ 21.47320299, 48.7980052 ], [ 21.47308468, 48.79803454 ], [ 21.47350846, 48.79827429 ], [ 21.47357396, 48.79861555 ], [ 21.47354073, 48.79870974 ], [ 21.47358052, 48.79879596 ], [ 21.47362515, 48.79881327 ], [ 21.4738834, 48.79880851 ], [ 21.47405031, 48.79878193 ], [ 21.47419559, 48.79878362 ], [ 21.47419619, 48.79883611 ], [ 21.47414057, 48.79896377 ], [ 21.47415675, 48.79901366 ], [ 21.47426699, 48.79917564 ], [ 21.47425969, 48.79926922 ], [ 21.47411898, 48.7993855 ], [ 21.47419306, 48.79959973 ], [ 21.47431451, 48.7996668 ], [ 21.47442662, 48.79972072 ], [ 21.47459354, 48.79982539 ], [ 21.47464822, 48.79996442 ], [ 21.47463997, 48.7999902 ], [ 21.47459138, 48.80004271 ], [ 21.47469778, 48.8001395 ], [ 21.47485218, 48.80026658 ], [ 21.47488952, 48.8003015 ], [ 21.47477834, 48.8003342 ], [ 21.47477859, 48.80033664 ], [ 21.47479444, 48.80052478 ], [ 21.47466546, 48.80062043 ], [ 21.47453777, 48.80071701 ], [ 21.47449803, 48.800747 ], [ 21.47435341, 48.80085651 ], [ 21.47420856, 48.80097149 ], [ 21.47413289, 48.80103168 ], [ 21.47396404, 48.80118378 ], [ 21.47393894, 48.80120268 ], [ 21.473809, 48.80133115 ], [ 21.4737389, 48.80142436 ], [ 21.47363442, 48.80156347 ], [ 21.47344661, 48.80172411 ], [ 21.47335825, 48.80178645 ], [ 21.47325347, 48.80186029 ], [ 21.4731114, 48.80197842 ], [ 21.4730465, 48.80203235 ], [ 21.47292505, 48.80213334 ], [ 21.47318279, 48.80253481 ], [ 21.47319546, 48.80256146 ], [ 21.47327344, 48.80259784 ], [ 21.47334879, 48.80263297 ], [ 21.47342373, 48.8026679 ], [ 21.47441389, 48.8019633 ], [ 21.4745488, 48.80190177 ], [ 21.47505355, 48.80160997 ], [ 21.47551589, 48.80133701 ], [ 21.47641044, 48.80196601 ], [ 21.47556016, 48.80294311 ], [ 21.47681662, 48.80329561 ], [ 21.47705734, 48.80347955 ], [ 21.47719351, 48.80354065 ], [ 21.47729604, 48.80354605 ], [ 21.47755909, 48.80317748 ], [ 21.47757822, 48.80315418 ], [ 21.47744945, 48.80301219 ], [ 21.47839933, 48.80197522 ], [ 21.47860852, 48.80174669 ], [ 21.47887485, 48.80145589 ], [ 21.4788891, 48.80144649 ], [ 21.4790505, 48.80148456 ], [ 21.47916654, 48.80148134 ], [ 21.47934536, 48.80144367 ], [ 21.47939449, 48.80143843 ], [ 21.47942244, 48.80144238 ], [ 21.47956584, 48.80144374 ], [ 21.47984773, 48.80141966 ], [ 21.47986966, 48.80143011 ], [ 21.47992159, 48.8014525 ], [ 21.47997244, 48.80147476 ], [ 21.4806336, 48.80150359 ], [ 21.48084559, 48.80152475 ], [ 21.48094689, 48.80158556 ], [ 21.48147028, 48.80157548 ], [ 21.48174563, 48.80165419 ], [ 21.48197744, 48.80185146 ], [ 21.48208378, 48.80191232 ], [ 21.48235599, 48.80193576 ], [ 21.48242368, 48.80201864 ], [ 21.48236573, 48.80206233 ], [ 21.48234525, 48.80210621 ], [ 21.48237175, 48.80213191 ], [ 21.48244382, 48.80217747 ], [ 21.48252458, 48.80220293 ], [ 21.48283167, 48.80226339 ], [ 21.48301181, 48.80238084 ], [ 21.48316092, 48.80240495 ], [ 21.48322536, 48.80254931 ], [ 21.48334152, 48.80277077 ], [ 21.48339416, 48.80289768 ], [ 21.48385326, 48.80309313 ], [ 21.4842749, 48.80322665 ], [ 21.48442498, 48.80321154 ], [ 21.48450802, 48.80323131 ], [ 21.48456547, 48.80339284 ], [ 21.48447049, 48.80351837 ], [ 21.48479889, 48.80359059 ], [ 21.48484391, 48.80360836 ], [ 21.48496057, 48.80376881 ], [ 21.48502845, 48.80396629 ], [ 21.48511379, 48.80403374 ], [ 21.48522062, 48.80419039 ], [ 21.48536794, 48.80426855 ], [ 21.48549041, 48.8043495 ], [ 21.48556752, 48.80438683 ], [ 21.4857483, 48.80444119 ], [ 21.48584242, 48.80445426 ], [ 21.48587942, 48.80446352 ], [ 21.48586937, 48.8044897 ], [ 21.48578047, 48.80459974 ], [ 21.4858173, 48.80464644 ], [ 21.48579428, 48.80485641 ], [ 21.48588924, 48.80491857 ], [ 21.48607322, 48.80495961 ], [ 21.48611287, 48.80500297 ], [ 21.48605909, 48.80510944 ], [ 21.48611232, 48.805273 ], [ 21.48600932, 48.80542504 ], [ 21.48621139, 48.80547903 ], [ 21.48624684, 48.80553649 ], [ 21.48620136, 48.80579758 ], [ 21.48628557, 48.80585528 ], [ 21.48646309, 48.80590559 ], [ 21.48659067, 48.80600198 ], [ 21.48668595, 48.80599141 ], [ 21.48679772, 48.80598887 ], [ 21.4868372, 48.80599154 ], [ 21.48696204, 48.80619138 ], [ 21.48692171, 48.8062057 ], [ 21.48681622, 48.80623047 ], [ 21.4868026, 48.80624898 ], [ 21.48680492, 48.8063045 ], [ 21.48698411, 48.80670043 ], [ 21.48713142, 48.80670053 ], [ 21.48725463, 48.80674361 ], [ 21.48735202, 48.80678971 ], [ 21.48755488, 48.80725843 ], [ 21.48797007, 48.80746952 ], [ 21.48808924, 48.8075428 ], [ 21.48812899, 48.80768374 ], [ 21.48809435, 48.80776439 ], [ 21.48818441, 48.807839 ], [ 21.48853728, 48.80837442 ], [ 21.48872932, 48.80883804 ], [ 21.48874103, 48.80887745 ], [ 21.48877031, 48.8089603 ], [ 21.4887628, 48.80900788 ], [ 21.48885715, 48.80917227 ], [ 21.48887252, 48.80927983 ], [ 21.48885528, 48.8094933 ], [ 21.4888591, 48.80956119 ], [ 21.48898788, 48.80957166 ], [ 21.48881724, 48.80968529 ], [ 21.48883492, 48.80978067 ], [ 21.48879256, 48.809871 ], [ 21.48871555, 48.80995366 ], [ 21.48866945, 48.80996863 ], [ 21.4886467, 48.81002207 ], [ 21.48870048, 48.81022904 ], [ 21.48878112, 48.81042138 ], [ 21.48887868, 48.81055373 ], [ 21.48886267, 48.81059188 ], [ 21.48888237, 48.81073909 ], [ 21.48898977, 48.81080502 ], [ 21.4889623, 48.81084752 ], [ 21.48901933, 48.81106925 ], [ 21.48896982, 48.81113165 ], [ 21.48904352, 48.81121677 ], [ 21.48909498, 48.81121969 ], [ 21.48918136, 48.81122623 ], [ 21.48956021, 48.81141862 ], [ 21.49047386, 48.8114833 ], [ 21.49118137, 48.81129935 ], [ 21.49202096, 48.81133397 ], [ 21.49233286, 48.81138238 ], [ 21.49287749, 48.81149375 ], [ 21.49320648, 48.8116179 ], [ 21.4940157, 48.81154479 ], [ 21.49532761, 48.81192541 ], [ 21.49738235, 48.81228309 ], [ 21.49848352, 48.81241872 ], [ 21.49950988, 48.8125935 ], [ 21.50063496, 48.81288147 ], [ 21.50147762, 48.81278487 ], [ 21.50317817, 48.81272667 ], [ 21.50435632, 48.81290027 ], [ 21.50474464, 48.81305958 ], [ 21.50495794, 48.8133352 ], [ 21.50624105, 48.81351513 ], [ 21.50749477, 48.81359275 ], [ 21.50895254, 48.81345657 ], [ 21.50994878, 48.81317547 ], [ 21.51004078, 48.81317558 ], [ 21.51083484, 48.81325845 ], [ 21.51099811, 48.81331669 ], [ 21.51192393, 48.8136929 ], [ 21.51237458, 48.8138582 ], [ 21.51283249, 48.81416628 ], [ 21.5136833, 48.81447507 ], [ 21.51421212, 48.8142946 ], [ 21.51518719, 48.81457093 ], [ 21.51578887, 48.81476745 ], [ 21.51592989, 48.81483476 ], [ 21.51598283, 48.81485877 ], [ 21.51619373, 48.81496832 ], [ 21.51629592, 48.81502075 ], [ 21.51650688, 48.81513552 ], [ 21.51704168, 48.81542931 ], [ 21.51710044, 48.81536267 ], [ 21.5171131, 48.81534827 ], [ 21.51745575, 48.81540253 ], [ 21.5176645, 48.81551993 ], [ 21.51835272, 48.81560873 ], [ 21.51848955, 48.81567961 ], [ 21.51857857, 48.81563579 ], [ 21.5190927, 48.81563572 ], [ 21.51971401, 48.81552447 ], [ 21.51984453, 48.81548995 ], [ 21.51997839, 48.81550223 ], [ 21.5208736, 48.81572105 ], [ 21.52117753, 48.81583378 ], [ 21.52166645, 48.81630834 ], [ 21.52233915, 48.81673242 ], [ 21.52260568, 48.81681285 ], [ 21.52285327, 48.81696816 ], [ 21.52307628, 48.81697831 ], [ 21.52351527, 48.81717689 ], [ 21.52364533, 48.8173807 ], [ 21.52419459, 48.81760025 ], [ 21.52486022, 48.81791627 ], [ 21.5249589, 48.81794762 ], [ 21.52515821, 48.81807635 ], [ 21.525518, 48.81818148 ], [ 21.52572275, 48.81829174 ], [ 21.52593543, 48.8183933 ], [ 21.52603948, 48.818478 ], [ 21.52604189, 48.81851209 ], [ 21.52611652, 48.81859019 ], [ 21.52615693, 48.81865805 ], [ 21.52614345, 48.81870375 ], [ 21.52613911, 48.81872001 ], [ 21.52626486, 48.81893791 ], [ 21.52646115, 48.81922759 ], [ 21.52644197, 48.81929374 ], [ 21.52654077, 48.8196675 ], [ 21.52659283, 48.81967808 ], [ 21.52715149, 48.81980228 ], [ 21.5281327, 48.82002062 ], [ 21.52839869, 48.81996977 ], [ 21.52918329, 48.81981965 ] ] ] } },
{ "type": "Feature", "properties": { "@featureType": "CadastralZoning", "beginLifespanVersion": { "@nilReason": "http://inspire.ec.europa.eu/codelist/VoidReasonValue/Unpopulated", "@nil": "true" }, "endLifespanVersion": { "@nilReason": "http://inspire.ec.europa.eu/codelist/VoidReasonValue/Unpopulated", "@nil": "true" }, "estimatedAccuracy": { "value": -1, "@uom": "m" }, "inspireId": { "@dataType": "Identifier", "localId": "840823", "namespace": "SK.ESKN.CP", "versionId": "20260703T04:07:40" }, "label": "Nižná Kamenica", "level": { "@href": "http://inspire.ec.europa.eu/codelist/CadastralZoningLevelValue/3rdOrder" }, "levelName": { "value": "Katastrálne územie", "@locale": "sk" }, "name_1": { "@dataType": "name", "GeographicalName": { "@dataType": "GeographicalName", "language": "SLK", "nativeness": { "@href": "http://inspire.ec.europa.eu/codelist/NativenessValue/endonym", "@title": "endonym" }, "nameStatus": { "@href": "http://inspire.ec.europa.eu/codelist/NameStatusValue/official", "@title": "official" }, "sourceOfName": { "@nilReason": "http://inspire.ec.europa.eu/codelist/VoidReasonValue/Unpopulated", "@nil": "true" }, "pronunciation": { "@dataType": "pronunciation", "@nilReason": "http://inspire.ec.europa.eu/codelist/VoidReasonValue/Unpopulated", "@nil": "true" }, "spelling": { "@dataType": "SpellingOfName", "text": "Nižná Kamenica", "script": "LATN" } } }, "nationalCadastalZoningReference": "840823", "validFrom": "2026-06-30T16:00:00Z", "validTo": { "@nilReason": "http://inspire.ec.europa.eu/codelist/VoidReasonValue/Unpopulated", "@nil": "true" }, "place_id": 189396049, "osm_type": "relation", "osm_id": 388209, "place_rank": 12, "category": "boundary", "type": "administrative", "importance": 0.54120382821693425, "addresstype": "county", "name_2": "okres Košice-okolie", "display_name": "okres Košice-okolie, Košický kraj, Slovensko" }, "geometry": { "type": "Polygon", "coordinates": [ [ [ 21.54013438, 48.78691755 ], [ 21.54040619, 48.78672625 ], [ 21.540889664933282, 48.786502021335735 ], [ 21.541023, 48.78644 ], [ 21.541437, 48.786164 ], [ 21.541405979987239, 48.785587221637734 ], [ 21.541405, 48.78556931 ], [ 21.541405007070601, 48.785569131468982 ], [ 21.541405, 48.785569 ], [ 21.541448, 48.784481 ], [ 21.54144534322586, 48.784452971032842 ], [ 21.54142788, 48.78427061 ], [ 21.54133533276352, 48.784022887369389 ], [ 21.541251, 48.783798 ], [ 21.541164, 48.783422 ], [ 21.541157360187064, 48.783330645332377 ], [ 21.54113469, 48.78302307 ], [ 21.541128820962129, 48.782930314431944 ], [ 21.541126, 48.782888 ], [ 21.541124926758641, 48.782868949965902 ], [ 21.54112157, 48.78281639 ], [ 21.541117253987846, 48.782749199826341 ], [ 21.541115, 48.782717 ], [ 21.540902, 48.782326 ], [ 21.540877, 48.782279 ], [ 21.540853606656714, 48.78223567145983 ], [ 21.54076157, 48.78206652 ], [ 21.540562975988504, 48.781698464369015 ], [ 21.540475, 48.781536 ], [ 21.5396937, 48.7805293 ], [ 21.539763507941434, 48.780448913478736 ], [ 21.53976253, 48.78044742 ], [ 21.540167161143209, 48.779984091339301 ], [ 21.540347, 48.779777 ], [ 21.540819, 48.779304 ], [ 21.541394, 48.778804 ], [ 21.541394070518731, 48.778803994407134 ], [ 21.54139434, 48.77880376 ], [ 21.54197427, 48.77875776 ], [ 21.54271139, 48.77839918 ], [ 21.543682993901111, 48.778272751470197 ], [ 21.543671, 48.777784 ], [ 21.544363, 48.77731 ], [ 21.545056, 48.777225 ], [ 21.545540783415962, 48.776704232660379 ], [ 21.54556769, 48.77628767 ], [ 21.54561766, 48.77567762 ], [ 21.546113465144334, 48.775237495804852 ], [ 21.545643, 48.774794 ], [ 21.545501492556792, 48.774745959366854 ], [ 21.54521047, 48.77464757 ], [ 21.54460549, 48.77399176 ], [ 21.54421296, 48.77351867 ], [ 21.544112806584589, 48.773286590940138 ], [ 21.543974, 48.772966 ], [ 21.543820904950088, 48.772647768716475 ], [ 21.54379609, 48.77259635 ], [ 21.5431699, 48.77170401 ], [ 21.54268185, 48.77097013 ], [ 21.542611896498965, 48.770889286239345 ], [ 21.542497, 48.770757 ], [ 21.541801117824129, 48.770170099371789 ], [ 21.54075571, 48.76995715 ], [ 21.54008198, 48.76941386 ], [ 21.5400636, 48.76939902 ], [ 21.54001871, 48.76936282 ], [ 21.53995039, 48.76930777 ], [ 21.539002479422091, 48.7688659592012 ], [ 21.538893, 48.768815 ], [ 21.538773305037584, 48.768749052362303 ], [ 21.53852995, 48.76861516 ], [ 21.538388628202892, 48.768429230448426 ], [ 21.538167, 48.768138 ], [ 21.537715, 48.767176 ], [ 21.537715518081889, 48.767175185871317 ], [ 21.53766561, 48.76682289 ], [ 21.53735795, 48.76649117 ], [ 21.53692705, 48.76624533 ], [ 21.53681581, 48.7659858 ], [ 21.5367898, 48.7659252 ], [ 21.536669, 48.76564317 ], [ 21.53557268, 48.7651151 ], [ 21.53465739, 48.76462602 ], [ 21.53465008, 48.76463167 ], [ 21.53462558, 48.7645541 ], [ 21.5346215, 48.76407735 ], [ 21.53470283, 48.76384896 ], [ 21.53461372, 48.76372652 ], [ 21.53455163, 48.76366382 ], [ 21.53439443, 48.76366285 ], [ 21.53426501, 48.76370157 ], [ 21.53402399, 48.76381046 ], [ 21.53366786, 48.76402689 ], [ 21.53314896, 48.76433401 ], [ 21.53301003, 48.76440774 ], [ 21.53267741, 48.76453482 ], [ 21.53255778, 48.76456543 ], [ 21.53247175, 48.76445839 ], [ 21.53215976, 48.76401842 ], [ 21.53212621, 48.76397111 ], [ 21.53206351, 48.76388246 ], [ 21.53194198, 48.76380833 ], [ 21.53144172, 48.76363521 ], [ 21.53100517, 48.76355409 ], [ 21.53018648, 48.76307546 ], [ 21.52988566, 48.76292178 ], [ 21.52963623, 48.76284437 ], [ 21.5293193, 48.76277269 ], [ 21.52860117, 48.76267741 ], [ 21.52844338, 48.76265626 ], [ 21.52825521, 48.76263118 ], [ 21.52801245, 48.76262273 ], [ 21.52746124, 48.76247747 ], [ 21.52645541, 48.76175242 ], [ 21.52640746, 48.76109601 ], [ 21.52599494, 48.7607204 ], [ 21.52596092, 48.76028844 ], [ 21.52583565, 48.76015731 ], [ 21.52580686, 48.76002903 ], [ 21.52533003, 48.75980226 ], [ 21.52516519, 48.75961419 ], [ 21.52486676, 48.75912625 ], [ 21.52402741, 48.75864708 ], [ 21.52235453, 48.7580709 ], [ 21.52205107, 48.75787509 ], [ 21.52177964, 48.75777453 ], [ 21.52140877, 48.75759362 ], [ 21.52068384, 48.75729745 ], [ 21.51896652, 48.75638636 ], [ 21.51853137, 48.75651398 ], [ 21.51801211, 48.75666619 ], [ 21.51742021, 48.75686718 ], [ 21.51692183, 48.75708912 ], [ 21.51560711, 48.75733008 ], [ 21.51513466, 48.75720377 ], [ 21.51444706, 48.75726734 ], [ 21.51320337, 48.75764363 ], [ 21.51313435, 48.75765182 ], [ 21.51303899, 48.75766313 ], [ 21.5130029, 48.75766741 ], [ 21.51297642, 48.75767052 ], [ 21.51251031, 48.75772585 ], [ 21.51146783, 48.75773449 ], [ 21.51146732, 48.75772566 ], [ 21.51146701, 48.75770764 ], [ 21.5114663, 48.75767477 ], [ 21.51134014, 48.75765747 ], [ 21.51131855, 48.75765451 ], [ 21.51109982, 48.75740466 ], [ 21.5110492, 48.75737935 ], [ 21.51098751, 48.75734851 ], [ 21.51091582, 48.75728533 ], [ 21.51065816, 48.7570583 ], [ 21.51059112, 48.75706736 ], [ 21.51056667, 48.75707071 ], [ 21.51055529, 48.75705121 ], [ 21.51049947, 48.75695573 ], [ 21.51044611, 48.75686436 ], [ 21.51044097, 48.75685557 ], [ 21.51040396, 48.75683444 ], [ 21.51035424, 48.75680582 ], [ 21.50992151, 48.75655784 ], [ 21.50986889, 48.75656308 ], [ 21.50971706, 48.75657817 ], [ 21.50959852, 48.7565899 ], [ 21.50915439, 48.7564785 ], [ 21.50878285, 48.75638529 ], [ 21.50871562, 48.75636842 ], [ 21.50860552, 48.75634078 ], [ 21.50833125, 48.75613046 ], [ 21.50825867, 48.75607482 ], [ 21.50818116, 48.75601535 ], [ 21.50805569, 48.75591912 ], [ 21.50789367, 48.75579493 ], [ 21.50777682, 48.75580175 ], [ 21.5077141, 48.75580535 ], [ 21.50755228, 48.7556781 ], [ 21.5070304, 48.75554016 ], [ 21.50699995, 48.75553938 ], [ 21.50672448, 48.75553201 ], [ 21.50668095, 48.75549421 ], [ 21.50667966, 48.75549309 ], [ 21.50665249, 48.75546945 ], [ 21.50666045, 48.75545393 ], [ 21.50670458, 48.75536869 ], [ 21.50652099, 48.75531589 ], [ 21.50631563, 48.75531899 ], [ 21.50613458, 48.75519848 ], [ 21.50596227, 48.7550839 ], [ 21.50592432, 48.75505859 ], [ 21.50575285, 48.7549767 ], [ 21.5055014, 48.75465352 ], [ 21.50534536, 48.75445299 ], [ 21.50501822, 48.75440119 ], [ 21.50504427, 48.75421813 ], [ 21.50504554, 48.75420916 ], [ 21.50504701, 48.7541993 ], [ 21.50499863, 48.75418765 ], [ 21.50490963, 48.75416637 ], [ 21.50479974, 48.75413999 ], [ 21.50467606, 48.75414103 ], [ 21.50407292, 48.75426827 ], [ 21.50377333, 48.75429035 ], [ 21.50304537, 48.75444416 ], [ 21.5024561, 48.75451147 ], [ 21.50182332, 48.75450552 ], [ 21.50119939, 48.75446652 ], [ 21.50050623, 48.75439329 ], [ 21.49932967, 48.75431363 ], [ 21.49835264, 48.75419558 ], [ 21.49819137, 48.75417609 ], [ 21.49742767, 48.75403312 ], [ 21.49719274, 48.75398918 ], [ 21.49694995, 48.75396725 ], [ 21.49689393, 48.75396213 ], [ 21.49398411, 48.75369872 ], [ 21.49381286, 48.75370062 ], [ 21.4936833, 48.75370211 ], [ 21.49327461, 48.753723 ], [ 21.49326559, 48.75372347 ], [ 21.49290812, 48.7537417 ], [ 21.49172457, 48.75383035 ], [ 21.49163181, 48.75383731 ], [ 21.49138952, 48.75385543 ], [ 21.49125628, 48.7539146 ], [ 21.49020677, 48.75393384 ], [ 21.48831185, 48.75397367 ], [ 21.48755357, 48.75401478 ], [ 21.4858276, 48.75407295 ], [ 21.48472477, 48.75407277 ], [ 21.48440703, 48.75407277 ], [ 21.48426205, 48.75407272 ], [ 21.48405218, 48.75407386 ], [ 21.48347897, 48.75407709 ], [ 21.48248495, 48.75418338 ], [ 21.48196089, 48.75428524 ], [ 21.48143033, 48.75438242 ], [ 21.48083153, 48.75448212 ], [ 21.48049684, 48.75449944 ], [ 21.47983214, 48.75466924 ], [ 21.47863433, 48.75497438 ], [ 21.47857893, 48.75498853 ], [ 21.47852439, 48.75499811 ], [ 21.47846874, 48.75500785 ], [ 21.47803889, 48.75512592 ], [ 21.47712899, 48.75529761 ], [ 21.47492751, 48.75564791 ], [ 21.47418031, 48.75573274 ], [ 21.47356947, 48.75580208 ], [ 21.47354253, 48.75575053 ], [ 21.47348574, 48.75564203 ], [ 21.47345469, 48.75558271 ], [ 21.47344552, 48.75556705 ], [ 21.47341863, 48.7555209 ], [ 21.4734119, 48.75550945 ], [ 21.47307697, 48.75491462 ], [ 21.47294592, 48.75473529 ], [ 21.47290754, 48.75469817 ], [ 21.47286439, 48.75473292 ], [ 21.47120155, 48.75486472 ], [ 21.47113281, 48.75486858 ], [ 21.47109564, 48.75487065 ], [ 21.47107428, 48.75487255 ], [ 21.46853782, 48.75510246 ], [ 21.46817998, 48.75512187 ], [ 21.46816673, 48.75512256 ], [ 21.46813517, 48.75512426 ], [ 21.46777951, 48.75514345 ], [ 21.46766326, 48.75494654 ], [ 21.4671446, 48.75445437 ], [ 21.466822, 48.75408493 ], [ 21.46664783, 48.75394034 ], [ 21.46658628, 48.75390776 ], [ 21.46647686, 48.75384985 ], [ 21.46594086, 48.75366999 ], [ 21.46531633, 48.75338854 ], [ 21.46504461, 48.75320006 ], [ 21.46501331, 48.75318349 ], [ 21.46493783, 48.75314349 ], [ 21.46486673, 48.75313575 ], [ 21.46476888, 48.75312507 ], [ 21.46475529, 48.75312468 ], [ 21.46452827, 48.75295604 ], [ 21.46441098, 48.75288962 ], [ 21.46325574, 48.75223489 ], [ 21.46249796, 48.75165474 ], [ 21.4624084, 48.75159317 ], [ 21.46167787, 48.75109076 ], [ 21.46152922, 48.75114999 ], [ 21.46102568, 48.75170596 ], [ 21.46078276, 48.75204015 ], [ 21.46071255, 48.7521112 ], [ 21.46035918, 48.75246846 ], [ 21.46026821, 48.75264684 ], [ 21.46021817, 48.75272559 ], [ 21.46011188, 48.75289282 ], [ 21.45966317, 48.75319329 ], [ 21.45951983, 48.7532893 ], [ 21.45908405, 48.75356936 ], [ 21.45897206, 48.7536932 ], [ 21.4587803, 48.75409684 ], [ 21.45862283, 48.7545131 ], [ 21.45851728, 48.75460562 ], [ 21.45847408, 48.75467368 ], [ 21.45831574, 48.75492301 ], [ 21.45805518, 48.75514551 ], [ 21.45727154, 48.75578495 ], [ 21.45645229, 48.75640057 ], [ 21.45596231, 48.75679462 ], [ 21.45587889, 48.75685322 ], [ 21.45614215, 48.75751137 ], [ 21.45689483, 48.75868896 ], [ 21.4569746, 48.7588138 ], [ 21.45713907, 48.7590711 ], [ 21.45748896, 48.75961276 ], [ 21.45762559, 48.75982424 ], [ 21.45765289, 48.75988643 ], [ 21.45793055, 48.76051915 ], [ 21.45796672, 48.76060159 ], [ 21.45802054, 48.76087879 ], [ 21.45813549, 48.76147068 ], [ 21.45813793, 48.76148318 ], [ 21.45817532, 48.761676 ], [ 21.45818019, 48.7617009 ], [ 21.4583569, 48.76211815 ], [ 21.45893301, 48.76204437 ], [ 21.45902854, 48.76223925 ], [ 21.45904126, 48.7622651 ], [ 21.4593215, 48.76283696 ], [ 21.45937689, 48.76294983 ], [ 21.45953154, 48.76299925 ], [ 21.45967007, 48.76304352 ], [ 21.46037397, 48.76335315 ], [ 21.4604024, 48.76342915 ], [ 21.46040419, 48.76344108 ], [ 21.46041087, 48.76348601 ], [ 21.4605466, 48.76439816 ], [ 21.460847, 48.76478849 ], [ 21.46136693, 48.76539315 ], [ 21.4620573, 48.76619298 ], [ 21.46272102, 48.76710697 ], [ 21.46298514, 48.76743926 ], [ 21.46300924, 48.76746391 ], [ 21.46304788, 48.76750329 ], [ 21.46340911, 48.76787225 ], [ 21.46378285, 48.76820475 ], [ 21.46379841, 48.76821852 ], [ 21.46384212, 48.76825733 ], [ 21.46385626, 48.76826998 ], [ 21.46416778, 48.76856962 ], [ 21.46457255, 48.76898431 ], [ 21.46496032, 48.76941317 ], [ 21.46497932, 48.76943668 ], [ 21.4653982, 48.76995682 ], [ 21.46556252, 48.77018907 ], [ 21.46579781, 48.7704864 ], [ 21.46583324, 48.77053109 ], [ 21.46584128, 48.77054131 ], [ 21.46618489, 48.77086249 ], [ 21.46651653, 48.77109338 ], [ 21.46685349, 48.7712689 ], [ 21.46707677, 48.77144191 ], [ 21.46719428, 48.77159593 ], [ 21.46744634, 48.77211041 ], [ 21.46770645, 48.77233382 ], [ 21.46779868, 48.77241527 ], [ 21.46797273, 48.77256894 ], [ 21.46817438, 48.77277454 ], [ 21.46828738, 48.77288972 ], [ 21.46833976, 48.77302167 ], [ 21.46851839, 48.77297132 ], [ 21.46868271, 48.77292505 ], [ 21.46874197, 48.7729084 ], [ 21.46898111, 48.77282857 ], [ 21.46918619, 48.77277142 ], [ 21.47105598, 48.77231743 ], [ 21.47233943, 48.77202383 ], [ 21.47407176, 48.77169886 ], [ 21.47418364, 48.77164863 ], [ 21.47424225, 48.77164169 ], [ 21.47519074, 48.77152928 ], [ 21.47629379, 48.77139857 ], [ 21.4768751, 48.77132962 ], [ 21.47932967, 48.77103574 ], [ 21.48112162, 48.77082104 ], [ 21.48128072, 48.77080196 ], [ 21.48131504, 48.77079782 ], [ 21.48142068, 48.7707881 ], [ 21.48148904, 48.77078188 ], [ 21.48159975, 48.77077167 ], [ 21.4827099, 48.77070592 ], [ 21.48277255, 48.77069765 ], [ 21.48284829, 48.77066635 ], [ 21.48302862, 48.77066391 ], [ 21.48312028, 48.77063704 ], [ 21.48309167, 48.77050964 ], [ 21.48310741, 48.77050641 ], [ 21.4832539, 48.77047608 ], [ 21.48327376, 48.7704744 ], [ 21.48338016, 48.77046559 ], [ 21.48528735, 48.77030736 ], [ 21.48608046, 48.77023953 ], [ 21.48713884, 48.77014892 ], [ 21.48715172, 48.77014785 ], [ 21.48724666, 48.77014339 ], [ 21.48726619, 48.77014243 ], [ 21.48893294, 48.77006343 ], [ 21.48897425, 48.77005445 ], [ 21.4890936, 48.77008661 ], [ 21.48946026, 48.77017433 ], [ 21.48951472, 48.77016618 ], [ 21.48955942, 48.77015955 ], [ 21.48962338, 48.77014996 ], [ 21.48962593, 48.77018343 ], [ 21.48962721, 48.77019913 ], [ 21.48972272, 48.77021287 ], [ 21.48998887, 48.77025124 ], [ 21.49020684, 48.77033863 ], [ 21.49041504, 48.77032042 ], [ 21.49051643, 48.77032146 ], [ 21.49055807, 48.77032185 ], [ 21.49061001, 48.77033541 ], [ 21.49079649, 48.77038417 ], [ 21.49089966, 48.77042432 ], [ 21.49100374, 48.77044641 ], [ 21.49105729, 48.77054499 ], [ 21.49106347, 48.77057713 ], [ 21.49104172, 48.77060962 ], [ 21.49120316, 48.77073031 ], [ 21.49134974, 48.77075641 ], [ 21.49167883, 48.77084196 ], [ 21.49171786, 48.77085092 ], [ 21.49185216, 48.77088162 ], [ 21.49183161, 48.77094746 ], [ 21.49180553, 48.77103096 ], [ 21.491853, 48.77108751 ], [ 21.49190712, 48.77112184 ], [ 21.49204925, 48.77125862 ], [ 21.4922844, 48.77123038 ], [ 21.49260081, 48.77119233 ], [ 21.49275645, 48.77130196 ], [ 21.49283597, 48.7713579 ], [ 21.49279369, 48.77145795 ], [ 21.4928222, 48.77160171 ], [ 21.49279808, 48.77161632 ], [ 21.49270289, 48.77167416 ], [ 21.49256386, 48.77175855 ], [ 21.49255833, 48.77185894 ], [ 21.4926448, 48.77192507 ], [ 21.49280212, 48.77201962 ], [ 21.49302994, 48.77214168 ], [ 21.49324893, 48.77214781 ], [ 21.49342204, 48.77217224 ], [ 21.49354302, 48.77228096 ], [ 21.49358491, 48.77229414 ], [ 21.4936819, 48.77232475 ], [ 21.49373137, 48.77239233 ], [ 21.49383966, 48.77243533 ], [ 21.4938673, 48.77252623 ], [ 21.49418286, 48.77263551 ], [ 21.49427052, 48.7727249 ], [ 21.49441512, 48.77282458 ], [ 21.49451389, 48.77282193 ], [ 21.49460747, 48.77287954 ], [ 21.49455548, 48.77299056 ], [ 21.49472777, 48.77300677 ], [ 21.49474702, 48.77301642 ], [ 21.49479668, 48.77303576 ], [ 21.4948523, 48.77304322 ], [ 21.49486471, 48.77304492 ], [ 21.49490515, 48.77305536 ], [ 21.49507897, 48.77310015 ], [ 21.49520107, 48.77316506 ], [ 21.49548272, 48.7731855 ], [ 21.49568968, 48.77334116 ], [ 21.49577367, 48.77340992 ], [ 21.49588172, 48.77343608 ], [ 21.49604778, 48.77346417 ], [ 21.49619102, 48.77360728 ], [ 21.49641916, 48.77365859 ], [ 21.49666528, 48.77374498 ], [ 21.49693058, 48.77373668 ], [ 21.49846167, 48.77398192 ], [ 21.49862472, 48.77398337 ], [ 21.49865625, 48.77407133 ], [ 21.49869422, 48.77410059 ], [ 21.49872869, 48.77408394 ], [ 21.49879382, 48.77402965 ], [ 21.49889291, 48.77400981 ], [ 21.49925034, 48.77411227 ], [ 21.49932815, 48.77413224 ], [ 21.4994095, 48.77414808 ], [ 21.49967675, 48.77415145 ], [ 21.4997717, 48.77420081 ], [ 21.49980733, 48.77422019 ], [ 21.49988826, 48.77425691 ], [ 21.5000542, 48.77435728 ], [ 21.50048334, 48.77454758 ], [ 21.50054095, 48.77455166 ], [ 21.50058507, 48.7746181 ], [ 21.50075977, 48.77470747 ], [ 21.50090147, 48.7746714 ], [ 21.50130393, 48.77488019 ], [ 21.50154059, 48.77491184 ], [ 21.50175748, 48.7749873 ], [ 21.50179714, 48.77507791 ], [ 21.50186568, 48.77514154 ], [ 21.50196242, 48.77513685 ], [ 21.50212822, 48.77518158 ], [ 21.50226667, 48.7753087 ], [ 21.50249989, 48.77536167 ], [ 21.50258423, 48.77541495 ], [ 21.50268363, 48.77540071 ], [ 21.50273649, 48.77545849 ], [ 21.50308831, 48.7755884 ], [ 21.5033084, 48.77572093 ], [ 21.50339454, 48.77577786 ], [ 21.5036603, 48.77583726 ], [ 21.50390021, 48.77597701 ], [ 21.50401669, 48.77612969 ], [ 21.50424233, 48.7761531 ], [ 21.50432313, 48.77623328 ], [ 21.50436421, 48.77626308 ], [ 21.50450306, 48.77634899 ], [ 21.50480154, 48.77631678 ], [ 21.5052635, 48.77645786 ], [ 21.5054374, 48.77643126 ], [ 21.50552104, 48.77648497 ], [ 21.50573258, 48.77648861 ], [ 21.50599197, 48.7765227 ], [ 21.5061845, 48.77660222 ], [ 21.50622248, 48.77660259 ], [ 21.5063079, 48.77664771 ], [ 21.50632078, 48.77674395 ], [ 21.50670645, 48.77690831 ], [ 21.50679661, 48.77703278 ], [ 21.50707263, 48.77710614 ], [ 21.50725384, 48.77723979 ], [ 21.50733433, 48.77725434 ], [ 21.50736807, 48.77727773 ], [ 21.50743178, 48.77732177 ], [ 21.50757626, 48.7774216 ], [ 21.50761614, 48.77742626 ], [ 21.50764438, 48.77742959 ], [ 21.50781441, 48.77744959 ], [ 21.50796724, 48.77748863 ], [ 21.508169, 48.77762278 ], [ 21.50819905, 48.7776483 ], [ 21.50824717, 48.77771198 ], [ 21.50827329, 48.77770831 ], [ 21.50849747, 48.77767721 ], [ 21.50851832, 48.77769788 ], [ 21.50852931, 48.77770881 ], [ 21.50873204, 48.77778871 ], [ 21.50906309, 48.77784753 ], [ 21.50965065, 48.77781442 ], [ 21.50988029, 48.7778661 ], [ 21.51000145, 48.77798948 ], [ 21.51049911, 48.77835489 ], [ 21.51067601, 48.77837391 ], [ 21.51076659, 48.77842152 ], [ 21.51103085, 48.778448 ], [ 21.51135684, 48.77865879 ], [ 21.51161575, 48.77869843 ], [ 21.51203842, 48.77904036 ], [ 21.51216932, 48.77905059 ], [ 21.51238712, 48.77921238 ], [ 21.51252125, 48.77934152 ], [ 21.51277435, 48.77938055 ], [ 21.51327538, 48.77961615 ], [ 21.5134978, 48.77964107 ], [ 21.51356808, 48.77972004 ], [ 21.51368868, 48.77972745 ], [ 21.51377518, 48.77973353 ], [ 21.5140626, 48.77978497 ], [ 21.51410242, 48.77991303 ], [ 21.5142339, 48.7800267 ], [ 21.51443906, 48.78014663 ], [ 21.51468571, 48.78030266 ], [ 21.51498281, 48.78038534 ], [ 21.51516785, 48.78061486 ], [ 21.51523707, 48.78064142 ], [ 21.5152694, 48.78068015 ], [ 21.51548498, 48.78087391 ], [ 21.51590025, 48.78107392 ], [ 21.51632314, 48.78141116 ], [ 21.51664342, 48.78158712 ], [ 21.51671313, 48.78173926 ], [ 21.51704335, 48.78189858 ], [ 21.51729667, 48.78209243 ], [ 21.517611, 48.78211609 ], [ 21.51774123, 48.78215735 ], [ 21.51795757, 48.78217551 ], [ 21.51811153, 48.78220601 ], [ 21.51814457, 48.78221119 ], [ 21.51818741, 48.78221835 ], [ 21.51906053, 48.78235971 ], [ 21.51916522, 48.78232309 ], [ 21.51938858, 48.78236512 ], [ 21.519611, 48.78246311 ], [ 21.51983744, 48.78249965 ], [ 21.51992857, 48.78252044 ], [ 21.52007876, 48.78255659 ], [ 21.5202537, 48.78259328 ], [ 21.52061406, 48.78275021 ], [ 21.52074192, 48.78277376 ], [ 21.52083738, 48.78281582 ], [ 21.52103156, 48.7828292 ], [ 21.52109945, 48.78284698 ], [ 21.52115706, 48.78290336 ], [ 21.52138025, 48.78300632 ], [ 21.52162634, 48.78320274 ], [ 21.52191691, 48.78337099 ], [ 21.52210755, 48.78341775 ], [ 21.52228826, 48.78352454 ], [ 21.52245907, 48.78364752 ], [ 21.5228132, 48.78379994 ], [ 21.52287741, 48.78383661 ], [ 21.52386887, 48.78403729 ], [ 21.52408435, 48.78415623 ], [ 21.52427517, 48.78415862 ], [ 21.52440563, 48.78414452 ], [ 21.52455661, 48.784177 ], [ 21.5248842, 48.78422505 ], [ 21.52537081, 48.78427026 ], [ 21.52565407, 48.78439212 ], [ 21.52626757, 48.78442781 ], [ 21.52654175, 48.7843719 ], [ 21.52704175, 48.78439552 ], [ 21.52711645, 48.78440296 ], [ 21.52714703, 48.78441859 ], [ 21.52740002, 48.78445767 ], [ 21.52744423, 48.78447315 ], [ 21.52764733, 48.78454825 ], [ 21.52793178, 48.78458328 ], [ 21.52819193, 48.78455847 ], [ 21.52867857, 48.78462824 ], [ 21.52891247, 48.78473869 ], [ 21.52960755, 48.78475157 ], [ 21.52987309, 48.78485518 ], [ 21.53020147, 48.78486831 ], [ 21.5304757, 48.7848511 ], [ 21.53059528, 48.78483678 ], [ 21.53069633, 48.78482048 ], [ 21.53085443, 48.78480239 ], [ 21.53107228, 48.78486233 ], [ 21.53192571, 48.78475314 ], [ 21.53218451, 48.78465934 ], [ 21.5326607, 48.78461781 ], [ 21.5331109, 48.78460092 ], [ 21.5334857, 48.78463742 ], [ 21.53367619, 48.78478083 ], [ 21.53406473, 48.7849702 ], [ 21.53440336, 48.78531091 ], [ 21.53488619, 48.78547488 ], [ 21.53499831, 48.78548725 ], [ 21.53537562, 48.78547485 ], [ 21.53561765, 48.78562179 ], [ 21.53598314, 48.78576784 ], [ 21.53615195, 48.78589272 ], [ 21.53611121, 48.78603099 ], [ 21.53629185, 48.78615414 ], [ 21.53665434, 48.78630045 ], [ 21.53694029, 48.78656161 ], [ 21.53770244, 48.78681272 ], [ 21.53780486, 48.78699494 ], [ 21.5400858, 48.78786735 ], [ 21.540056775286846, 48.787606116206817 ], [ 21.540009, 48.787178 ], [ 21.540134, 48.786918 ], [ 21.540134247484033, 48.786917826215259 ], [ 21.54013438, 48.78691755 ] ] ] } },
{ "type": "Feature", "properties": { "@featureType": "CadastralZoning", "beginLifespanVersion": { "@nilReason": "http://inspire.ec.europa.eu/codelist/VoidReasonValue/Unpopulated", "@nil": "true" }, "endLifespanVersion": { "@nilReason": "http://inspire.ec.europa.eu/codelist/VoidReasonValue/Unpopulated", "@nil": "true" }, "estimatedAccuracy": { "value": -1, "@uom": "m" }, "inspireId": { "@dataType": "Identifier", "localId": "852899", "namespace": "SK.ESKN.CP", "versionId": "20260703T04:07:40" }, "label": "Rozhanovce", "level": { "@href": "http://inspire.ec.europa.eu/codelist/CadastralZoningLevelValue/3rdOrder" }, "levelName": { "value": "Katastrálne územie", "@locale": "sk" }, "name_1": { "@dataType": "name", "GeographicalName": { "@dataType": "GeographicalName", "language": "SLK", "nativeness": { "@href": "http://inspire.ec.europa.eu/codelist/NativenessValue/endonym", "@title": "endonym" }, "nameStatus": { "@href": "http://inspire.ec.europa.eu/codelist/NameStatusValue/official", "@title": "official" }, "sourceOfName": { "@nilReason": "http://inspire.ec.europa.eu/codelist/VoidReasonValue/Unpopulated", "@nil": "true" }, "pronunciation": { "@dataType": "pronunciation", "@nilReason": "http://inspire.ec.europa.eu/codelist/VoidReasonValue/Unpopulated", "@nil": "true" }, "spelling": { "@dataType": "SpellingOfName", "text": "Rozhanovce", "script": "LATN" } } }, "nationalCadastalZoningReference": "852899", "validFrom": "2026-06-30T16:00:00Z", "validTo": { "@nilReason": "http://inspire.ec.europa.eu/codelist/VoidReasonValue/Unpopulated", "@nil": "true" }, "place_id": 189396049, "osm_type": "relation", "osm_id": 388209, "place_rank": 12, "category": "boundary", "type": "administrative", "importance": 0.54120382821693425, "addresstype": "county", "name_2": "okres Košice-okolie", "display_name": "okres Košice-okolie, Košický kraj, Slovensko" }, "geometry": { "type": "Polygon", "coordinates": [ [ [ 21.37279557, 48.79120786 ], [ 21.37339068, 48.79108258 ], [ 21.37370341, 48.79102412 ], [ 21.37372981, 48.79084721 ], [ 21.37373462, 48.79080882 ], [ 21.37374249, 48.7907455 ], [ 21.37380172, 48.79063636 ], [ 21.3738409, 48.79044596 ], [ 21.37385462, 48.79037075 ], [ 21.3738721, 48.790141 ], [ 21.37389039, 48.78993116 ], [ 21.3739162, 48.78974099 ], [ 21.37401486, 48.78960908 ], [ 21.37404042, 48.7894145 ], [ 21.37406858, 48.78928166 ], [ 21.37410366, 48.78923688 ], [ 21.37406459, 48.7889354 ], [ 21.37398641, 48.78860818 ], [ 21.37396169, 48.78849347 ], [ 21.37395498, 48.78822086 ], [ 21.37396691, 48.78812607 ], [ 21.37392079, 48.7879378 ], [ 21.37395941, 48.7876399 ], [ 21.37397125, 48.78747461 ], [ 21.3739764, 48.78741724 ], [ 21.3739804, 48.78737271 ], [ 21.37401637, 48.78697202 ], [ 21.37404978, 48.78657079 ], [ 21.37410026, 48.78604162 ], [ 21.37410654, 48.78576427 ], [ 21.37420912, 48.78534179 ], [ 21.37425205, 48.78526385 ], [ 21.37442653, 48.78494327 ], [ 21.37449273, 48.78466239 ], [ 21.37448047, 48.78455265 ], [ 21.37443613, 48.78413101 ], [ 21.37440646, 48.7838038 ], [ 21.37439243, 48.78358841 ], [ 21.37433612, 48.78332998 ], [ 21.37416126, 48.78290463 ], [ 21.37394257, 48.78267611 ], [ 21.37386301, 48.78255463 ], [ 21.37368641, 48.78229442 ], [ 21.37359033, 48.78211169 ], [ 21.37356414, 48.78192078 ], [ 21.37355572, 48.78168332 ], [ 21.37357755, 48.78138581 ], [ 21.37362354, 48.78123514 ], [ 21.37371368, 48.7809647 ], [ 21.37385554, 48.78079438 ], [ 21.37387867, 48.78078094 ], [ 21.3739303, 48.78075088 ], [ 21.37416574, 48.78058065 ], [ 21.37434842, 48.78049086 ], [ 21.3745153, 48.78041896 ], [ 21.3747534, 48.78030138 ], [ 21.37491698, 48.78023182 ], [ 21.37516711, 48.78015358 ], [ 21.37538867, 48.78004091 ], [ 21.37567515, 48.77988705 ], [ 21.37585687, 48.77977733 ], [ 21.37606654, 48.77962524 ], [ 21.37626356, 48.77948879 ], [ 21.3764375, 48.77935723 ], [ 21.3766236, 48.77920119 ], [ 21.37688119, 48.77893782 ], [ 21.37706547, 48.77874652 ], [ 21.37726166, 48.77852642 ], [ 21.37740254, 48.77840216 ], [ 21.37767542, 48.77824186 ], [ 21.3783236, 48.77783538 ], [ 21.37857617, 48.7776733 ], [ 21.37869236, 48.77759142 ], [ 21.37908834, 48.77741949 ], [ 21.37933724, 48.7773169 ], [ 21.37965675, 48.77715772 ], [ 21.37972482, 48.77711438 ], [ 21.37982753, 48.77702831 ], [ 21.37991347, 48.77694265 ], [ 21.3800721, 48.77677165 ], [ 21.3801831, 48.77658402 ], [ 21.38029847, 48.77641624 ], [ 21.38042502, 48.77627237 ], [ 21.38062594, 48.77607833 ], [ 21.38091475, 48.77583595 ], [ 21.38115856, 48.77563211 ], [ 21.38124743, 48.77553528 ], [ 21.38145153, 48.77527066 ], [ 21.38158439, 48.77511996 ], [ 21.38176488, 48.7749858 ], [ 21.38198548, 48.77485068 ], [ 21.38214213, 48.77477441 ], [ 21.38239551, 48.77467384 ], [ 21.38261995, 48.77459221 ], [ 21.38296967, 48.77445705 ], [ 21.38309317, 48.77434361 ], [ 21.38323067, 48.77424067 ], [ 21.38346214, 48.77414178 ], [ 21.38361808, 48.77401193 ], [ 21.38396545, 48.77372915 ], [ 21.38419728, 48.77352891 ], [ 21.38430301, 48.77329251 ], [ 21.38435929, 48.77295822 ], [ 21.38436366, 48.77294197 ], [ 21.38437284, 48.77290722 ], [ 21.38440354, 48.77285043 ], [ 21.38441633, 48.77282669 ], [ 21.38392679, 48.77257158 ], [ 21.3836948, 48.7720186 ], [ 21.38370025, 48.7719986 ], [ 21.38371115, 48.77195859 ], [ 21.38376685, 48.77188661 ], [ 21.38385878, 48.77169679 ], [ 21.38385699, 48.7716131 ], [ 21.3838402, 48.77150566 ], [ 21.38383358, 48.77134504 ], [ 21.38384342, 48.77123461 ], [ 21.38380826, 48.77109898 ], [ 21.38381395, 48.77097546 ], [ 21.38384961, 48.77079602 ], [ 21.38389981, 48.77047299 ], [ 21.38393291, 48.77030689 ], [ 21.38389534, 48.77018676 ], [ 21.38381194, 48.76986974 ], [ 21.38372645, 48.76951746 ], [ 21.3838336, 48.76903417 ], [ 21.38376753, 48.76888844 ], [ 21.3837047, 48.7687933 ], [ 21.38349594, 48.76834337 ], [ 21.383333, 48.76809249 ], [ 21.38324255, 48.76798492 ], [ 21.3831019, 48.76776873 ], [ 21.38283583, 48.76736669 ], [ 21.38276327, 48.7672763 ], [ 21.38267871, 48.76720825 ], [ 21.38252079, 48.76709165 ], [ 21.38234677, 48.76693154 ], [ 21.38204497, 48.76665618 ], [ 21.3819333, 48.76647443 ], [ 21.38182001, 48.7662685 ], [ 21.38180528, 48.76613897 ], [ 21.3818132, 48.76605287 ], [ 21.3819193, 48.7658208 ], [ 21.38198481, 48.76568889 ], [ 21.38216481, 48.76546344 ], [ 21.38229049, 48.7653298 ], [ 21.38249495, 48.76522696 ], [ 21.38266853, 48.76511168 ], [ 21.38275452, 48.76504088 ], [ 21.38288092, 48.7649205 ], [ 21.38308917, 48.76471614 ], [ 21.38314037, 48.76451637 ], [ 21.38319793, 48.76436712 ], [ 21.38333251, 48.76416263 ], [ 21.38339913, 48.7640483 ], [ 21.38343105, 48.76391746 ], [ 21.38342673, 48.76384703 ], [ 21.38348157, 48.76365376 ], [ 21.38352546, 48.76344315 ], [ 21.38358302, 48.76318596 ], [ 21.38365786, 48.762829 ], [ 21.38369079, 48.76238959 ], [ 21.38370193, 48.76224607 ], [ 21.38363111, 48.7619684 ], [ 21.38357373, 48.76174541 ], [ 21.38349264, 48.76151866 ], [ 21.38342608, 48.76136427 ], [ 21.38335198, 48.76100495 ], [ 21.38330989, 48.76071148 ], [ 21.38326568, 48.76047701 ], [ 21.38323453, 48.76036265 ], [ 21.3831156, 48.76014162 ], [ 21.38308655, 48.76008242 ], [ 21.38305234, 48.75997697 ], [ 21.38305225, 48.75971851 ], [ 21.38306518, 48.75953273 ], [ 21.38305172, 48.75944456 ], [ 21.38299794, 48.7592666 ], [ 21.38297017, 48.75915658 ], [ 21.38298595, 48.75870126 ], [ 21.38299376, 48.75863263 ], [ 21.38302326, 48.75837145 ], [ 21.38307442, 48.75805024 ], [ 21.383111, 48.75795906 ], [ 21.38323128, 48.75778241 ], [ 21.38340406, 48.75758051 ], [ 21.38348319, 48.7574643 ], [ 21.38358355, 48.75729022 ], [ 21.38363969, 48.75718755 ], [ 21.38368063, 48.75703438 ], [ 21.38370996, 48.75692561 ], [ 21.38379471, 48.75678274 ], [ 21.38391699, 48.75657069 ], [ 21.38403036, 48.75638745 ], [ 21.38413143, 48.75614478 ], [ 21.38428838, 48.75605142 ], [ 21.38450713, 48.75582216 ], [ 21.38461499, 48.75566774 ], [ 21.38482237, 48.75540547 ], [ 21.38494617, 48.75523091 ], [ 21.38502015, 48.75506828 ], [ 21.38536953, 48.75457797 ], [ 21.38562042, 48.75422642 ], [ 21.38584893, 48.7538996 ], [ 21.38593606, 48.75364158 ], [ 21.38599507, 48.75343277 ], [ 21.38608077, 48.75331181 ], [ 21.38617985, 48.75310221 ], [ 21.38628948, 48.75290571 ], [ 21.38640684, 48.75273555 ], [ 21.38652503, 48.75258531 ], [ 21.38686549, 48.75220762 ], [ 21.38705788, 48.75198522 ], [ 21.38710151, 48.75189821 ], [ 21.3872453, 48.75154176 ], [ 21.38735611, 48.75128769 ], [ 21.38756156, 48.75087924 ], [ 21.38776418, 48.75057037 ], [ 21.38793456, 48.75029519 ], [ 21.38824964, 48.74977181 ], [ 21.38835026, 48.74959746 ], [ 21.38841316, 48.74931324 ], [ 21.38843159, 48.74918235 ], [ 21.38850143, 48.74881398 ], [ 21.38859591, 48.74838756 ], [ 21.38870395, 48.74805598 ], [ 21.38876239, 48.74782924 ], [ 21.38881179, 48.74762933 ], [ 21.3889721, 48.74734972 ], [ 21.38899726, 48.74729402 ], [ 21.38901574, 48.74724055 ], [ 21.38906758, 48.74709878 ], [ 21.38914386, 48.74689174 ], [ 21.38921396, 48.74669362 ], [ 21.38928507, 48.74638065 ], [ 21.38936964, 48.74600768 ], [ 21.38939055, 48.74589235 ], [ 21.38937564, 48.74586535 ], [ 21.38927318, 48.74568064 ], [ 21.38919247, 48.74553439 ], [ 21.38909584, 48.74540395 ], [ 21.38897057, 48.74523431 ], [ 21.38890878, 48.74513408 ], [ 21.38877237, 48.74487418 ], [ 21.38853117, 48.74452384 ], [ 21.38830819, 48.74420186 ], [ 21.388071, 48.74386469 ], [ 21.38805194, 48.74381875 ], [ 21.38788956, 48.7434424 ], [ 21.38784139, 48.743216 ], [ 21.38783848, 48.74316874 ], [ 21.38783676, 48.74314006 ], [ 21.38782155, 48.74288737 ], [ 21.38784091, 48.74260869 ], [ 21.38787775, 48.74234728 ], [ 21.38794884, 48.74210057 ], [ 21.38815731, 48.74153494 ], [ 21.38832993, 48.74112021 ], [ 21.38844073, 48.74086595 ], [ 21.38850901, 48.74069649 ], [ 21.38854122, 48.74054117 ], [ 21.38857782, 48.74027308 ], [ 21.38862328, 48.74004893 ], [ 21.38866834, 48.7399507 ], [ 21.3888078, 48.73966921 ], [ 21.38887158, 48.73954399 ], [ 21.38888337, 48.73950464 ], [ 21.3889174, 48.73939051 ], [ 21.38902407, 48.73905673 ], [ 21.38905689, 48.73891241 ], [ 21.38908451, 48.73866432 ], [ 21.3890973, 48.73851823 ], [ 21.38911255, 48.73844207 ], [ 21.38911589, 48.73842498 ], [ 21.38913342, 48.73824122 ], [ 21.38914694, 48.73804429 ], [ 21.3891706, 48.73758417 ], [ 21.38917346, 48.73750611 ], [ 21.38918623, 48.73716405 ], [ 21.38919905, 48.73688752 ], [ 21.38921247, 48.73655591 ], [ 21.38922165, 48.73620662 ], [ 21.38922733, 48.73585291 ], [ 21.38923527, 48.73561198 ], [ 21.38924201, 48.73534661 ], [ 21.38922716, 48.7351988 ], [ 21.38921523, 48.73507997 ], [ 21.38920703, 48.73494829 ], [ 21.38919793, 48.73480192 ], [ 21.3891601, 48.73457969 ], [ 21.38905845, 48.73408506 ], [ 21.38892575, 48.73359273 ], [ 21.38877623, 48.73303176 ], [ 21.38876268, 48.73298086 ], [ 21.38878465, 48.73293794 ], [ 21.38879845, 48.73291098 ], [ 21.38809665, 48.73257475 ], [ 21.3880463, 48.7326387 ], [ 21.38795533, 48.73274979 ], [ 21.3878443, 48.73288548 ], [ 21.38772484, 48.73298725 ], [ 21.38763868, 48.73304149 ], [ 21.38734455, 48.73319613 ], [ 21.38719944, 48.73331884 ], [ 21.38705312, 48.73341522 ], [ 21.3869986, 48.73348643 ], [ 21.38692693, 48.73356973 ], [ 21.38678591, 48.73363611 ], [ 21.38655769, 48.73377615 ], [ 21.38629986, 48.73396121 ], [ 21.38609948, 48.73409406 ], [ 21.38602842, 48.73414434 ], [ 21.38581798, 48.73420902 ], [ 21.38573237, 48.73423311 ], [ 21.38559198, 48.73429825 ], [ 21.38532238, 48.73438421 ], [ 21.38518202, 48.73438093 ], [ 21.3850947, 48.7344382 ], [ 21.38491533, 48.73452414 ], [ 21.38484367, 48.73456117 ], [ 21.38463639, 48.73462134 ], [ 21.3844654, 48.73467621 ], [ 21.38428022, 48.73471147 ], [ 21.3841844, 48.73473365 ], [ 21.38406686, 48.73478497 ], [ 21.38386649, 48.73485156 ], [ 21.38361693, 48.73493694 ], [ 21.38328442, 48.73509925 ], [ 21.38310307, 48.73540812 ], [ 21.38300712, 48.73549205 ], [ 21.38274531, 48.73559534 ], [ 21.38250099, 48.73565179 ], [ 21.38249782, 48.7357203 ], [ 21.38226235, 48.73581852 ], [ 21.38225687, 48.73584293 ], [ 21.38219859, 48.73587738 ], [ 21.38211553, 48.73588598 ], [ 21.38202371, 48.73597318 ], [ 21.38188926, 48.73610088 ], [ 21.38183073, 48.73613091 ], [ 21.38158239, 48.7362382 ], [ 21.38145368, 48.73621366 ], [ 21.3813767, 48.73619894 ], [ 21.38136067, 48.73614859 ], [ 21.38095692, 48.73621983 ], [ 21.38076346, 48.7363545 ], [ 21.38029497, 48.73646692 ], [ 21.38016151, 48.73647006 ], [ 21.38013018, 48.73651044 ], [ 21.37981773, 48.73660375 ], [ 21.37972434, 48.736736 ], [ 21.37952665, 48.736787 ], [ 21.37949811, 48.73675239 ], [ 21.37940789, 48.73675222 ], [ 21.37940958, 48.73678531 ], [ 21.37934814, 48.73682417 ], [ 21.37927273, 48.73685019 ], [ 21.37924503, 48.73689717 ], [ 21.37907999, 48.73700027 ], [ 21.37899693, 48.73700878 ], [ 21.37893683, 48.73707189 ], [ 21.37882572, 48.73705463 ], [ 21.37875359, 48.73708056 ], [ 21.37874472, 48.73710289 ], [ 21.37865739, 48.73715997 ], [ 21.37856814, 48.73717748 ], [ 21.37855684, 48.73721747 ], [ 21.37849188, 48.73725199 ], [ 21.37827755, 48.73730546 ], [ 21.37810425, 48.73737789 ], [ 21.3780722, 48.73740287 ], [ 21.37799557, 48.7374708 ], [ 21.37791652, 48.73749239 ], [ 21.37788154, 48.73759019 ], [ 21.37784364, 48.73763299 ], [ 21.37768808, 48.73772476 ], [ 21.37762456, 48.73778796 ], [ 21.37745201, 48.73780954 ], [ 21.37736747, 48.73798338 ], [ 21.37730226, 48.73801357 ], [ 21.3771047, 48.73800272 ], [ 21.37708477, 48.73806929 ], [ 21.37700876, 48.73808421 ], [ 21.3766134, 48.73799418 ], [ 21.37644386, 48.7381391 ], [ 21.37633046, 48.73813959 ], [ 21.37624327, 48.73825447 ], [ 21.37623354, 48.73826741 ], [ 21.37610701, 48.73827471 ], [ 21.37595585, 48.73819223 ], [ 21.37587278, 48.73826465 ], [ 21.37588598, 48.73845608 ], [ 21.37580414, 48.73848659 ], [ 21.37570264, 48.73846024 ], [ 21.37567422, 48.7384918 ], [ 21.37571307, 48.73853275 ], [ 21.37561786, 48.73856574 ], [ 21.37555778, 48.73854666 ], [ 21.37542444, 48.73850415 ], [ 21.37525247, 48.73860281 ], [ 21.37515863, 48.73853006 ], [ 21.37493544, 48.7385396 ], [ 21.3747188, 48.73854898 ], [ 21.37468127, 48.73866219 ], [ 21.37458582, 48.73868859 ], [ 21.37447618, 48.73869774 ], [ 21.37441812, 48.73873868 ], [ 21.37441127, 48.7387653 ], [ 21.37432864, 48.73874951 ], [ 21.37421658, 48.73864858 ], [ 21.37416788, 48.73861229 ], [ 21.37412429, 48.73860882 ], [ 21.37405424, 48.73860826 ], [ 21.37395806, 48.7386215 ], [ 21.37388484, 48.73862535 ], [ 21.37382011, 48.73860262 ], [ 21.37377931, 48.73858817 ], [ 21.37372224, 48.73858286 ], [ 21.37366845, 48.73857531 ], [ 21.37362207, 48.73858077 ], [ 21.37357689, 48.73861264 ], [ 21.37351533, 48.73864708 ], [ 21.3734376, 48.73869508 ], [ 21.3734608, 48.73875402 ], [ 21.37347572, 48.73878453 ], [ 21.37344147, 48.73883374 ], [ 21.37338755, 48.73888786 ], [ 21.37334177, 48.73890648 ], [ 21.37328494, 48.73890559 ], [ 21.37322083, 48.73889161 ], [ 21.3731555, 48.73885572 ], [ 21.37310973, 48.73881051 ], [ 21.37306712, 48.7387608 ], [ 21.3730097, 48.73868284 ], [ 21.37295955, 48.73861796 ], [ 21.3728998, 48.73862599 ], [ 21.37285014, 48.73863369 ], [ 21.37281676, 48.73863224 ], [ 21.3727757, 48.73861562 ], [ 21.37274863, 48.73860743 ], [ 21.37248962, 48.73857152 ], [ 21.37244312, 48.73857481 ], [ 21.37227203, 48.73862272 ], [ 21.37214223, 48.7385046 ], [ 21.372159, 48.73844037 ], [ 21.37196106, 48.73848676 ], [ 21.37192014, 48.73853397 ], [ 21.37179385, 48.73854568 ], [ 21.37170799, 48.73856526 ], [ 21.3716003, 48.73848408 ], [ 21.37162605, 48.73840203 ], [ 21.3714909, 48.73837206 ], [ 21.37147826, 48.73844947 ], [ 21.3713878, 48.73850654 ], [ 21.37130886, 48.73853038 ], [ 21.37134952, 48.73867032 ], [ 21.37125613, 48.73873631 ], [ 21.37110447, 48.73877273 ], [ 21.37096555, 48.73879793 ], [ 21.3708162, 48.73875079 ], [ 21.3706269, 48.73870669 ], [ 21.3702313, 48.73867389 ], [ 21.37021618, 48.73864814 ], [ 21.37008815, 48.73842853 ], [ 21.3698533, 48.73847138 ], [ 21.36996374, 48.73863564 ], [ 21.36999463, 48.73868158 ], [ 21.36982985, 48.73866108 ], [ 21.36973185, 48.73863915 ], [ 21.36934074, 48.73862836 ], [ 21.36928111, 48.73870228 ], [ 21.36920266, 48.73879653 ], [ 21.36890029, 48.73888922 ], [ 21.36881079, 48.73890229 ], [ 21.36870176, 48.73892235 ], [ 21.36862536, 48.73905834 ], [ 21.36850199, 48.73906113 ], [ 21.36841018, 48.73909404 ], [ 21.36828791, 48.73911657 ], [ 21.3682369, 48.73910416 ], [ 21.36821399, 48.73910689 ], [ 21.36816419, 48.73911458 ], [ 21.36808862, 48.73914491 ], [ 21.36811066, 48.73926827 ], [ 21.36801369, 48.73933892 ], [ 21.3679415, 48.739451 ], [ 21.36778341, 48.73943223 ], [ 21.36769413, 48.73945594 ], [ 21.36759488, 48.73955974 ], [ 21.36749008, 48.73967912 ], [ 21.367382, 48.73973891 ], [ 21.36729485, 48.73980715 ], [ 21.36702545, 48.73992305 ], [ 21.36699628, 48.73994351 ], [ 21.36694498, 48.74007062 ], [ 21.366831, 48.74013716 ], [ 21.36663239, 48.74012554 ], [ 21.36649766, 48.74017697 ], [ 21.36640718, 48.74025411 ], [ 21.36625675, 48.74032802 ], [ 21.36620629, 48.74039313 ], [ 21.36599383, 48.74051037 ], [ 21.36584305, 48.74051981 ], [ 21.36571751, 48.74062192 ], [ 21.36560876, 48.74065953 ], [ 21.36537282, 48.74070622 ], [ 21.36508283, 48.74074101 ], [ 21.36496862, 48.74080088 ], [ 21.36485299, 48.74083163 ], [ 21.36473227, 48.74082756 ], [ 21.36450192, 48.7408501 ], [ 21.36431315, 48.74089351 ], [ 21.36421819, 48.74094847 ], [ 21.3639094, 48.74108092 ], [ 21.36378714, 48.74106744 ], [ 21.36373783, 48.74106209 ], [ 21.36367174, 48.74108109 ], [ 21.36351008, 48.74114196 ], [ 21.36323224, 48.74113859 ], [ 21.36305465, 48.74121744 ], [ 21.36291845, 48.74137964 ], [ 21.36286995, 48.741416 ], [ 21.3627491, 48.74148926 ], [ 21.36262864, 48.74148916 ], [ 21.36255165, 48.74148856 ], [ 21.36245757, 48.74155236 ], [ 21.36228161, 48.74159363 ], [ 21.362088, 48.7416043 ], [ 21.36197477, 48.74154447 ], [ 21.36164078, 48.74150025 ], [ 21.36142434, 48.74152239 ], [ 21.36132071, 48.74145356 ], [ 21.36116239, 48.74143 ], [ 21.36100752, 48.74133831 ], [ 21.36087211, 48.74123477 ], [ 21.36066756, 48.74130975 ], [ 21.36061155, 48.7413286 ], [ 21.36049836, 48.74134159 ], [ 21.36037587, 48.7414527 ], [ 21.36001659, 48.74149738 ], [ 21.36003664, 48.74128246 ], [ 21.36001336, 48.74120308 ], [ 21.35981731, 48.74117191 ], [ 21.35968129, 48.74119645 ], [ 21.35950666, 48.74118248 ], [ 21.35948583, 48.74102576 ], [ 21.35933892, 48.74088946 ], [ 21.35920052, 48.74086326 ], [ 21.35902001, 48.74095093 ], [ 21.35898031, 48.74103157 ], [ 21.35889442, 48.74105546 ], [ 21.35876467, 48.74100044 ], [ 21.35844829, 48.74097141 ], [ 21.35836413, 48.74096213 ], [ 21.35829983, 48.74101647 ], [ 21.35826496, 48.74113192 ], [ 21.35821117, 48.74112427 ], [ 21.35804273, 48.74102811 ], [ 21.35796041, 48.74098792 ], [ 21.35775719, 48.74108922 ], [ 21.35756381, 48.74103112 ], [ 21.35752741, 48.74089913 ], [ 21.35733014, 48.74075691 ], [ 21.35716063, 48.74071194 ], [ 21.35691248, 48.74071017 ], [ 21.35682754, 48.74075389 ], [ 21.3567871, 48.74074818 ], [ 21.35674597, 48.74072876 ], [ 21.35667526, 48.74064642 ], [ 21.356594, 48.74055513 ], [ 21.35651722, 48.74048801 ], [ 21.35644747, 48.74042731 ], [ 21.35632487, 48.74037915 ], [ 21.35611692, 48.74045411 ], [ 21.35598991, 48.74045642 ], [ 21.35567738, 48.7402127 ], [ 21.35565551, 48.74002975 ], [ 21.35558806, 48.73987414 ], [ 21.35548868, 48.73982299 ], [ 21.35513893, 48.73986975 ], [ 21.354944, 48.73970554 ], [ 21.35479235, 48.73968406 ], [ 21.35442583, 48.7394993 ], [ 21.354261, 48.73949138 ], [ 21.35412931, 48.73961139 ], [ 21.35407238, 48.73960788 ], [ 21.35398096, 48.73958551 ], [ 21.35388102, 48.73930658 ], [ 21.35360353, 48.73917725 ], [ 21.35327173, 48.73902225 ], [ 21.35307125, 48.73896662 ], [ 21.352816, 48.73887217 ], [ 21.35266725, 48.73876696 ], [ 21.35231164, 48.73875844 ], [ 21.35214898, 48.73871304 ], [ 21.35199063, 48.73861681 ], [ 21.35186553, 48.73859937 ], [ 21.35164191, 48.7385398 ], [ 21.35132837, 48.7384995 ], [ 21.35120777, 48.73842241 ], [ 21.35092833, 48.73839681 ], [ 21.35083951, 48.73842961 ], [ 21.3506484, 48.73849319 ], [ 21.35029587, 48.73854885 ], [ 21.34998361, 48.73861066 ], [ 21.34974822, 48.73865499 ], [ 21.34952011, 48.73872816 ], [ 21.34942612, 48.73872137 ], [ 21.34929616, 48.73865769 ], [ 21.34912815, 48.73858124 ], [ 21.34882135, 48.73845669 ], [ 21.34862428, 48.73847633 ], [ 21.34830593, 48.73847621 ], [ 21.34790727, 48.7383912 ], [ 21.34743687, 48.73836966 ], [ 21.34723167, 48.73834512 ], [ 21.34699042, 48.73827691 ], [ 21.34682062, 48.73822256 ], [ 21.34663561, 48.73819754 ], [ 21.34648612, 48.73823373 ], [ 21.34634726, 48.73826979 ], [ 21.34627216, 48.73830885 ], [ 21.34615556, 48.73832011 ], [ 21.34593621, 48.73821844 ], [ 21.34575445, 48.73812033 ], [ 21.34526774, 48.73788898 ], [ 21.34493188, 48.7377143 ], [ 21.34443126, 48.73746759 ], [ 21.34389319, 48.73719759 ], [ 21.34375343, 48.73715179 ], [ 21.3436046, 48.73711724 ], [ 21.34354461, 48.73712074 ], [ 21.34321152, 48.73716283 ], [ 21.3425662, 48.73726627 ], [ 21.34239382, 48.73730078 ], [ 21.34235959, 48.73730776 ], [ 21.34215559, 48.73734689 ], [ 21.34180371, 48.73747798 ], [ 21.34127947, 48.7376768 ], [ 21.34108077, 48.73774967 ], [ 21.34096232, 48.73777788 ], [ 21.34089065, 48.73780462 ], [ 21.34067227, 48.73788257 ], [ 21.34030665, 48.73800748 ], [ 21.34011425, 48.73807577 ], [ 21.33988843, 48.73814512 ], [ 21.33973719, 48.73818098 ], [ 21.3396062, 48.7381719 ], [ 21.33960123, 48.7381965 ], [ 21.33976347, 48.73821634 ], [ 21.34001523, 48.73824644 ], [ 21.34031264, 48.7382799 ], [ 21.34143855, 48.73840981 ], [ 21.34150393, 48.7387646 ], [ 21.34153382, 48.73890747 ], [ 21.34153872, 48.7389312 ], [ 21.34156974, 48.73907951 ], [ 21.34162837, 48.73938799 ], [ 21.34167039, 48.73960388 ], [ 21.34168615, 48.73968322 ], [ 21.34166406, 48.73970164 ], [ 21.34099612, 48.73971202 ], [ 21.33987752, 48.73973023 ], [ 21.33918384, 48.73975468 ], [ 21.33870415, 48.73977892 ], [ 21.33818775, 48.73980439 ], [ 21.33808383, 48.73989407 ], [ 21.33802842, 48.74000673 ], [ 21.3379975, 48.7401827 ], [ 21.33824505, 48.74046736 ], [ 21.33823234, 48.74051541 ], [ 21.33820619, 48.74066361 ], [ 21.33815021, 48.74086331 ], [ 21.33807398, 48.74111993 ], [ 21.33806067, 48.7411649 ], [ 21.33804541, 48.74121638 ], [ 21.33803141, 48.74126349 ], [ 21.33801845, 48.74130721 ], [ 21.33801102, 48.74133202 ], [ 21.33800643, 48.74134727 ], [ 21.33799789, 48.74137636 ], [ 21.33799396, 48.74138399 ], [ 21.33796981, 48.74143016 ], [ 21.33795022, 48.74146756 ], [ 21.33794989, 48.74146836 ], [ 21.33794221, 48.74148299 ], [ 21.33792872, 48.74150887 ], [ 21.33790503, 48.74155433 ], [ 21.3379041, 48.74155602 ], [ 21.33788417, 48.74159431 ], [ 21.33786566, 48.74162976 ], [ 21.33786066, 48.74163915 ], [ 21.33784324, 48.74167265 ], [ 21.33782928, 48.74169933 ], [ 21.33778439, 48.74178575 ], [ 21.33774607, 48.74185968 ], [ 21.33769947, 48.7419492 ], [ 21.33764515, 48.74205388 ], [ 21.33757155, 48.74216968 ], [ 21.33754177, 48.74221649 ], [ 21.33751032, 48.74226596 ], [ 21.33744817, 48.74236383 ], [ 21.33742678, 48.74239758 ], [ 21.33738423, 48.7424639 ], [ 21.33734822, 48.74252007 ], [ 21.33731955, 48.74256476 ], [ 21.33725504, 48.74266517 ], [ 21.33722773, 48.74270783 ], [ 21.33710133, 48.74264397 ], [ 21.33683708, 48.74251049 ], [ 21.33683564, 48.74244842 ], [ 21.33683452, 48.74239572 ], [ 21.33683341, 48.74234672 ], [ 21.3368323, 48.74229375 ], [ 21.33683126, 48.7422496 ], [ 21.33682902, 48.74218544 ], [ 21.33682711, 48.74213236 ], [ 21.33682623, 48.74210955 ], [ 21.33682518, 48.74207936 ], [ 21.33681916, 48.74191614 ], [ 21.33678334, 48.74175077 ], [ 21.33674413, 48.74175291 ], [ 21.33672869, 48.7417538 ], [ 21.33609746, 48.74178804 ], [ 21.33604418, 48.74179093 ], [ 21.33589838, 48.74180102 ], [ 21.33550872, 48.74182788 ], [ 21.33537439, 48.74208399 ], [ 21.33518796, 48.74228812 ], [ 21.33561683, 48.74252929 ], [ 21.33579221, 48.74258167 ], [ 21.33590979, 48.74271999 ], [ 21.33593863, 48.74275381 ], [ 21.33594631, 48.74276286 ], [ 21.33597249, 48.74279372 ], [ 21.33598735, 48.74281109 ], [ 21.33603419, 48.74285032 ], [ 21.3360369, 48.74285256 ], [ 21.33605606, 48.74286871 ], [ 21.33611153, 48.74291513 ], [ 21.33617303, 48.74296668 ], [ 21.33621781, 48.74300422 ], [ 21.33629817, 48.74306472 ], [ 21.33630399, 48.74306903 ], [ 21.33636145, 48.74311227 ], [ 21.3364246, 48.74315973 ], [ 21.33652373, 48.7432342 ], [ 21.33655517, 48.74325784 ], [ 21.33659386, 48.743287 ], [ 21.33662324, 48.74330905 ], [ 21.33663217, 48.74331571 ], [ 21.33667539, 48.74334825 ], [ 21.33672288, 48.74338398 ], [ 21.33674228, 48.74339861 ], [ 21.33672708, 48.74341976 ], [ 21.33670689, 48.74344796 ], [ 21.33669152, 48.74346946 ], [ 21.33666427, 48.74350735 ], [ 21.33664152, 48.74353916 ], [ 21.33661788, 48.74357194 ], [ 21.33659468, 48.74360437 ], [ 21.33656606, 48.74364428 ], [ 21.33653866, 48.74368235 ], [ 21.33653731, 48.7436842 ], [ 21.33650766, 48.74372327 ], [ 21.33649672, 48.7437378 ], [ 21.33643769, 48.74381596 ], [ 21.33643589, 48.74381842 ], [ 21.33639528, 48.7438722 ], [ 21.33635094, 48.74393082 ], [ 21.33630314, 48.74392137 ], [ 21.33626781, 48.74391445 ], [ 21.33600797, 48.74386303 ], [ 21.33592858, 48.74392455 ], [ 21.3358374, 48.74399517 ], [ 21.33583121, 48.74400003 ], [ 21.33572293, 48.74408381 ], [ 21.33566756, 48.7441267 ], [ 21.33562096, 48.74416274 ], [ 21.33551872, 48.74424176 ], [ 21.33546279, 48.7442849 ], [ 21.33544853, 48.74429033 ], [ 21.33543343, 48.74429617 ], [ 21.33541114, 48.74427587 ], [ 21.33534777, 48.74421778 ], [ 21.3353054, 48.74417896 ], [ 21.33525046, 48.74412878 ], [ 21.3351333, 48.74401586 ], [ 21.33504868, 48.74389303 ], [ 21.33504828, 48.74369181 ], [ 21.33506469, 48.74350155 ], [ 21.33503429, 48.74339575 ], [ 21.33492552, 48.74328353 ], [ 21.33476427, 48.74311716 ], [ 21.33469443, 48.74304447 ], [ 21.33468058, 48.7430301 ], [ 21.33463499, 48.743028 ], [ 21.33460405, 48.74302661 ], [ 21.33453525, 48.74306091 ], [ 21.33449551, 48.74307465 ], [ 21.33443881, 48.74307573 ], [ 21.33440899, 48.74316458 ], [ 21.33437173, 48.74324475 ], [ 21.33434052, 48.74339118 ], [ 21.33431102, 48.74350876 ], [ 21.3342833, 48.7435731 ], [ 21.33428108, 48.74359536 ], [ 21.33423943, 48.74364461 ], [ 21.33418753, 48.74369831 ], [ 21.33376826, 48.74362965 ], [ 21.33330872, 48.74355266 ], [ 21.33320164, 48.74382175 ], [ 21.33318034, 48.74388188 ], [ 21.33346279, 48.74393713 ], [ 21.3339504, 48.74404909 ], [ 21.33400083, 48.74406196 ], [ 21.33412588, 48.74410409 ], [ 21.33412399, 48.74415516 ], [ 21.33407633, 48.74431496 ], [ 21.33400437, 48.74444422 ], [ 21.33389893, 48.74456752 ], [ 21.33377817, 48.74464661 ], [ 21.33363742, 48.74471753 ], [ 21.33354082, 48.74480734 ], [ 21.33345323, 48.74496989 ], [ 21.33292754, 48.74491628 ], [ 21.33285139, 48.74493271 ], [ 21.33249146, 48.74503337 ], [ 21.3321806, 48.74518629 ], [ 21.33195958, 48.74507923 ], [ 21.33181388, 48.74501289 ], [ 21.3316057, 48.74479693 ], [ 21.3315643, 48.7447558 ], [ 21.33146272, 48.74471293 ], [ 21.33129532, 48.74468681 ], [ 21.33110948, 48.74472071 ], [ 21.33067536, 48.74479374 ], [ 21.33040044, 48.74484412 ], [ 21.33034746, 48.74485827 ], [ 21.32989219, 48.74507956 ], [ 21.33015441, 48.74523261 ], [ 21.33023809, 48.74533552 ], [ 21.33033561, 48.74545091 ], [ 21.3304379, 48.74541854 ], [ 21.33054287, 48.74537499 ], [ 21.33068562, 48.74534617 ], [ 21.33092338, 48.74529188 ], [ 21.33122798, 48.74522952 ], [ 21.33131119, 48.74521727 ], [ 21.33137796, 48.74521631 ], [ 21.33150138, 48.74522095 ], [ 21.33157843, 48.74523066 ], [ 21.33164243, 48.74525411 ], [ 21.33173715, 48.74528587 ], [ 21.33178126, 48.74530953 ], [ 21.33186271, 48.74535016 ], [ 21.33192876, 48.74542454 ], [ 21.33196433, 48.74547909 ], [ 21.33202001, 48.7455401 ], [ 21.3320578, 48.74558616 ], [ 21.33224855, 48.74587722 ], [ 21.33223498, 48.74595927 ], [ 21.33221281, 48.74599056 ], [ 21.33186422, 48.74603134 ], [ 21.33159832, 48.74605742 ], [ 21.3315107, 48.746041 ], [ 21.33140211, 48.74598532 ], [ 21.33089802, 48.7456901 ], [ 21.33038025, 48.74576204 ], [ 21.3302594, 48.74599776 ], [ 21.33023563, 48.74604422 ], [ 21.33021565, 48.74608305 ], [ 21.33022249, 48.74608856 ], [ 21.33022764, 48.74609277 ], [ 21.33023099, 48.74609548 ], [ 21.33028012, 48.74613505 ], [ 21.33051428, 48.7463238 ], [ 21.33069648, 48.74648046 ], [ 21.33096538, 48.74652703 ], [ 21.33146376, 48.74657235 ], [ 21.33171441, 48.74659739 ], [ 21.33170379, 48.74675894 ], [ 21.33158017, 48.74683586 ], [ 21.33138001, 48.74692515 ], [ 21.3311922, 48.74700112 ], [ 21.33098326, 48.74711508 ], [ 21.33089888, 48.74717375 ], [ 21.33083721, 48.74722104 ], [ 21.3307045, 48.74732703 ], [ 21.33059707, 48.74740607 ], [ 21.330253, 48.74756842 ], [ 21.32992334, 48.74778415 ], [ 21.32979291, 48.7478768 ], [ 21.32944748, 48.74813544 ], [ 21.32924069, 48.74827908 ], [ 21.32892976, 48.74844423 ], [ 21.32839963, 48.74872969 ], [ 21.32826851, 48.74857853 ], [ 21.32822539, 48.74852888 ], [ 21.32816513, 48.74845936 ], [ 21.32801134, 48.74829545 ], [ 21.32763522, 48.74819278 ], [ 21.32751818, 48.74835363 ], [ 21.32743076, 48.74847387 ], [ 21.32727425, 48.74867178 ], [ 21.3270994, 48.74896357 ], [ 21.32685146, 48.7494143 ], [ 21.32664835, 48.74983703 ], [ 21.32648481, 48.75014618 ], [ 21.32630712, 48.75048866 ], [ 21.32608201, 48.75073337 ], [ 21.32596335, 48.75091343 ], [ 21.32583456, 48.7511355 ], [ 21.32575384, 48.75118653 ], [ 21.32533278, 48.75144548 ], [ 21.32495061, 48.7516442 ], [ 21.32465621, 48.75174323 ], [ 21.32430871, 48.75195425 ], [ 21.32423591, 48.75202245 ], [ 21.32395752, 48.75231281 ], [ 21.32389023, 48.75280447 ], [ 21.32391245, 48.75318325 ], [ 21.3237322, 48.75344444 ], [ 21.32346811, 48.75369922 ], [ 21.32335947, 48.75397609 ], [ 21.32335285, 48.75407546 ], [ 21.32332927, 48.75427037 ], [ 21.32334546, 48.75451024 ], [ 21.32333867, 48.75466704 ], [ 21.32331265, 48.75477149 ], [ 21.32321619, 48.75498643 ], [ 21.3232002, 48.75504626 ], [ 21.32293043, 48.75531212 ], [ 21.32278731, 48.75547739 ], [ 21.32268415, 48.75553566 ], [ 21.32252655, 48.75563091 ], [ 21.32213015, 48.75595361 ], [ 21.32187674, 48.75616406 ], [ 21.32183637, 48.75621802 ], [ 21.32164448, 48.75649947 ], [ 21.32154842, 48.75661242 ], [ 21.32137652, 48.75679392 ], [ 21.32137235, 48.75692677 ], [ 21.32134907, 48.75703076 ], [ 21.32122074, 48.75731045 ], [ 21.32117117, 48.75737151 ], [ 21.32083753, 48.75777849 ], [ 21.32059845, 48.75810991 ], [ 21.32051911, 48.75829575 ], [ 21.32048316, 48.75838019 ], [ 21.32044315, 48.75858009 ], [ 21.32046092, 48.75864779 ], [ 21.3204747, 48.75875344 ], [ 21.32051487, 48.75904986 ], [ 21.32059783, 48.75923972 ], [ 21.32068149, 48.7595902 ], [ 21.32066575, 48.75979561 ], [ 21.32051765, 48.76017958 ], [ 21.32019566, 48.76046933 ], [ 21.32051582, 48.7605534 ], [ 21.32055018, 48.76056255 ], [ 21.32142598, 48.76070442 ], [ 21.32209161, 48.76080814 ], [ 21.32252752, 48.76087249 ], [ 21.32249326, 48.76110732 ], [ 21.32228633, 48.76151507 ], [ 21.32202377, 48.76193762 ], [ 21.32206375, 48.76222907 ], [ 21.3221183, 48.7627247 ], [ 21.32213635, 48.76296714 ], [ 21.32215109, 48.76307265 ], [ 21.3221514, 48.76312127 ], [ 21.32203436, 48.76348746 ], [ 21.32197495, 48.76372359 ], [ 21.32243773, 48.76380541 ], [ 21.32251228, 48.76390462 ], [ 21.32274905, 48.76415082 ], [ 21.32294086, 48.76433443 ], [ 21.32317694, 48.76452766 ], [ 21.32345031, 48.76477046 ], [ 21.32363042, 48.76493238 ], [ 21.32383524, 48.76511117 ], [ 21.3239837, 48.76525421 ], [ 21.32420411, 48.76546345 ], [ 21.32434904, 48.76560449 ], [ 21.32434854, 48.76586519 ], [ 21.3243995, 48.76614185 ], [ 21.32444061, 48.76642109 ], [ 21.32448624, 48.76689457 ], [ 21.32448872, 48.76692768 ], [ 21.32455336, 48.76716407 ], [ 21.32456172, 48.76723013 ], [ 21.32456203, 48.76727875 ], [ 21.32463164, 48.76757911 ], [ 21.32465288, 48.76772866 ], [ 21.3246657, 48.76785409 ], [ 21.32469882, 48.76807178 ], [ 21.32469964, 48.76817012 ], [ 21.32469968, 48.76817336 ], [ 21.32470866, 48.76819317 ], [ 21.32471539, 48.76820804 ], [ 21.32473994, 48.76826262 ], [ 21.32474034, 48.76827452 ], [ 21.32474107, 48.76829155 ], [ 21.32474334, 48.76835311 ], [ 21.32471628, 48.7683937 ], [ 21.32462679, 48.76843132 ], [ 21.3246251, 48.76843208 ], [ 21.32418128, 48.76855944 ], [ 21.3235463, 48.76873511 ], [ 21.32350097, 48.76875652 ], [ 21.32294503, 48.7689118 ], [ 21.32226737, 48.76909986 ], [ 21.32168845, 48.76926038 ], [ 21.32113574, 48.76919024 ], [ 21.32074254, 48.76914141 ], [ 21.32081697, 48.76921884 ], [ 21.32095021, 48.76935765 ], [ 21.32052852, 48.7693346 ], [ 21.3204714, 48.76933152 ], [ 21.32046297, 48.76957082 ], [ 21.32046138, 48.76969186 ], [ 21.32039478, 48.76968795 ], [ 21.32026918, 48.76968054 ], [ 21.32014947, 48.7696725 ], [ 21.32008685, 48.76966826 ], [ 21.31997162, 48.76966053 ], [ 21.31976286, 48.76964646 ], [ 21.319594, 48.76963432 ], [ 21.3195812, 48.76968335 ], [ 21.31957751, 48.76969729 ], [ 21.31955968, 48.76976579 ], [ 21.31952831, 48.76988611 ], [ 21.31952683, 48.76989173 ], [ 21.31951645, 48.76993139 ], [ 21.31951569, 48.76993461 ], [ 21.31950714, 48.76996748 ], [ 21.31950382, 48.76997998 ], [ 21.31949751, 48.77000419 ], [ 21.31948157, 48.77006114 ], [ 21.31944988, 48.77017433 ], [ 21.31944157, 48.77020379 ], [ 21.31940808, 48.77032332 ], [ 21.31937475, 48.77044249 ], [ 21.31933748, 48.77057523 ], [ 21.31932008, 48.77063745 ], [ 21.31927979, 48.77081763 ], [ 21.31936099, 48.77087023 ], [ 21.31956742, 48.77107104 ], [ 21.31972994, 48.77126673 ], [ 21.31981689, 48.77144059 ], [ 21.31983354, 48.77152842 ], [ 21.31973819, 48.77173475 ], [ 21.31962611, 48.77189745 ], [ 21.31955938, 48.77194827 ], [ 21.31943083, 48.7720696 ], [ 21.31934621, 48.77210547 ], [ 21.3193073, 48.77212446 ], [ 21.31929894, 48.7721468 ], [ 21.31923123, 48.77218436 ], [ 21.31914976, 48.77221799 ], [ 21.31899383, 48.77233353 ], [ 21.31870249, 48.77243372 ], [ 21.31864952, 48.77248847 ], [ 21.31847582, 48.77250084 ], [ 21.31842155, 48.77249379 ], [ 21.31832059, 48.77249046 ], [ 21.31814919, 48.77256574 ], [ 21.31800623, 48.77262785 ], [ 21.31790621, 48.77264417 ], [ 21.31785462, 48.77272813 ], [ 21.31777214, 48.77278603 ], [ 21.31775991, 48.77283661 ], [ 21.31778723, 48.7728649 ], [ 21.31782914, 48.77294792 ], [ 21.31786508, 48.77306388 ], [ 21.31785805, 48.77320437 ], [ 21.31782748, 48.77333858 ], [ 21.31777916, 48.77342245 ], [ 21.31745809, 48.77373086 ], [ 21.31731078, 48.77387502 ], [ 21.31692506, 48.77377491 ], [ 21.31676571, 48.77373362 ], [ 21.31673239, 48.77372496 ], [ 21.31617766, 48.77358343 ], [ 21.31612908, 48.77357098 ], [ 21.31593181, 48.77352061 ], [ 21.31589769, 48.77351192 ], [ 21.31578768, 48.77348382 ], [ 21.31570604, 48.77346298 ], [ 21.31551533, 48.77341434 ], [ 21.31545491, 48.7733999 ], [ 21.31538363, 48.77338288 ], [ 21.31532763, 48.77336948 ], [ 21.31516242, 48.77333007 ], [ 21.31467523, 48.77321625 ], [ 21.31469978, 48.77326876 ], [ 21.31473459, 48.77337146 ], [ 21.31475325, 48.77342631 ], [ 21.31477063, 48.77349769 ], [ 21.31477963, 48.77353469 ], [ 21.31479001, 48.7735775 ], [ 21.3147902, 48.77357858 ], [ 21.31485226, 48.77383407 ], [ 21.31485968, 48.77386454 ], [ 21.31486039, 48.77389742 ], [ 21.3149321, 48.77396703 ], [ 21.31515641, 48.77382422 ], [ 21.31537154, 48.77403502 ], [ 21.315629, 48.77434424 ], [ 21.31568083, 48.77457655 ], [ 21.31568503, 48.77492777 ], [ 21.31561843, 48.77524912 ], [ 21.31558497, 48.77540529 ], [ 21.31535455, 48.7760102 ], [ 21.31514422, 48.77654946 ], [ 21.31479025, 48.77709165 ], [ 21.31494489, 48.77714199 ], [ 21.31498898, 48.77715629 ], [ 21.31511367, 48.77719681 ], [ 21.3152157, 48.77722997 ], [ 21.31555107, 48.77728868 ], [ 21.31721155, 48.77756486 ], [ 21.31733839, 48.77758599 ], [ 21.31817046, 48.77772439 ], [ 21.3183707, 48.77775765 ], [ 21.31890191, 48.77785038 ], [ 21.31891578, 48.77785269 ], [ 21.31894284, 48.7778572 ], [ 21.31895711, 48.7778597 ], [ 21.31973724, 48.77799481 ], [ 21.32117869, 48.77823809 ], [ 21.32210174, 48.77840038 ], [ 21.32289324, 48.77853482 ], [ 21.32389697, 48.77870647 ], [ 21.32473913, 48.77885305 ], [ 21.32538932, 48.7789687 ], [ 21.32599055, 48.77907539 ], [ 21.3260803, 48.77909134 ], [ 21.32618446, 48.7791098 ], [ 21.32619993, 48.77911261 ], [ 21.32630661, 48.77913195 ], [ 21.32683478, 48.7792276 ], [ 21.32738718, 48.77932344 ], [ 21.32739293, 48.77930138 ], [ 21.32748188, 48.77897692 ], [ 21.32756919, 48.77868977 ], [ 21.32763868, 48.77845349 ], [ 21.3276498, 48.77841493 ], [ 21.32766847, 48.77834987 ], [ 21.32770602, 48.77821876 ], [ 21.32773492, 48.77811809 ], [ 21.32774514, 48.77808266 ], [ 21.32776272, 48.77802161 ], [ 21.32777563, 48.77797672 ], [ 21.3277839, 48.77794789 ], [ 21.32778749, 48.77793531 ], [ 21.3278004, 48.7778905 ], [ 21.32797103, 48.77730312 ], [ 21.32807798, 48.77732436 ], [ 21.32819421, 48.77734741 ], [ 21.32848028, 48.77740414 ], [ 21.32864326, 48.77744255 ], [ 21.32877072, 48.77747251 ], [ 21.32874899, 48.77758187 ], [ 21.32873685, 48.77764299 ], [ 21.32867818, 48.77793757 ], [ 21.32904732, 48.77812059 ], [ 21.32904227, 48.7781542 ], [ 21.3290407, 48.77816505 ], [ 21.32903701, 48.77818888 ], [ 21.32903034, 48.77821839 ], [ 21.32902148, 48.77825782 ], [ 21.32901336, 48.7782944 ], [ 21.32900926, 48.77831237 ], [ 21.32896074, 48.77852723 ], [ 21.32894798, 48.77858365 ], [ 21.32893565, 48.77862982 ], [ 21.32879083, 48.77917513 ], [ 21.32935968, 48.77933646 ], [ 21.32949078, 48.77942811 ], [ 21.32953676, 48.77948414 ], [ 21.32963222, 48.77960064 ], [ 21.32974904, 48.77966845 ], [ 21.32994985, 48.77945351 ], [ 21.3304305, 48.77892303 ], [ 21.33056803, 48.77886083 ], [ 21.33058605, 48.77884247 ], [ 21.33062183, 48.77880583 ], [ 21.3306447, 48.7787824 ], [ 21.33065631, 48.77878779 ], [ 21.33072386, 48.77881954 ], [ 21.33080671, 48.77885841 ], [ 21.33083257, 48.77887054 ], [ 21.33093541, 48.77892766 ], [ 21.33119891, 48.77906472 ], [ 21.3314352, 48.7791915 ], [ 21.33174879, 48.77940002 ], [ 21.33185633, 48.77948771 ], [ 21.33205746, 48.77964818 ], [ 21.3322982, 48.77972432 ], [ 21.3324632, 48.77982617 ], [ 21.33256503, 48.78008321 ], [ 21.33264865, 48.78015829 ], [ 21.33287676, 48.7803247 ], [ 21.3330129, 48.78037896 ], [ 21.33322868, 48.78049521 ], [ 21.33361217, 48.78069576 ], [ 21.33405333, 48.78091928 ], [ 21.3341584, 48.78095225 ], [ 21.33460178, 48.78107475 ], [ 21.33475646, 48.78117034 ], [ 21.33484618, 48.7812322 ], [ 21.33526283, 48.78135523 ], [ 21.33535113, 48.78138634 ], [ 21.33564631, 48.7815581 ], [ 21.33575749, 48.78165247 ], [ 21.33580044, 48.7817131 ], [ 21.335815, 48.78181382 ], [ 21.33584222, 48.78189891 ], [ 21.33591262, 48.78205119 ], [ 21.33596997, 48.78213791 ], [ 21.33605419, 48.78222624 ], [ 21.33631782, 48.78236572 ], [ 21.33660152, 48.78250265 ], [ 21.33687123, 48.78263106 ], [ 21.3372356, 48.78277952 ], [ 21.33733518, 48.78283681 ], [ 21.3375241, 48.78295152 ], [ 21.33765653, 48.78306967 ], [ 21.33781147, 48.78324449 ], [ 21.33790039, 48.78336348 ], [ 21.33803958, 48.78341332 ], [ 21.33814936, 48.78347479 ], [ 21.33830709, 48.7835638 ], [ 21.33844455, 48.78364672 ], [ 21.33856477, 48.78371678 ], [ 21.33863383, 48.78376811 ], [ 21.3387937, 48.78390328 ], [ 21.33883019, 48.78397064 ], [ 21.33888557, 48.78408601 ], [ 21.33893519, 48.78414872 ], [ 21.33899793, 48.78420679 ], [ 21.33904357, 48.78425417 ], [ 21.3391755, 48.78428884 ], [ 21.33924292, 48.78430285 ], [ 21.33936346, 48.78430918 ], [ 21.33959459, 48.78431975 ], [ 21.33971514, 48.78432392 ], [ 21.33994626, 48.78433674 ], [ 21.34007701, 48.78434509 ], [ 21.3402182, 48.78436411 ], [ 21.34036279, 48.78438314 ], [ 21.34043069, 48.78440598 ], [ 21.3405, 48.78446164 ], [ 21.34055817, 48.7844913 ], [ 21.34067511, 48.7845636 ], [ 21.34076323, 48.78473766 ], [ 21.34085474, 48.78491389 ], [ 21.34091491, 48.78498962 ], [ 21.34096676, 48.78502593 ], [ 21.34113084, 48.78510613 ], [ 21.34123016, 48.78516125 ], [ 21.34147938, 48.78527705 ], [ 21.34162598, 48.78534007 ], [ 21.3417869, 48.78542468 ], [ 21.34173894, 48.78547401 ], [ 21.34184684, 48.78549383 ], [ 21.34189551, 48.78553679 ], [ 21.34194055, 48.7855711 ], [ 21.34204495, 48.7856613 ], [ 21.34212786, 48.78572339 ], [ 21.34216341, 48.78576884 ], [ 21.34224565, 48.78588808 ], [ 21.34230148, 48.78593972 ], [ 21.34238463, 48.78600624 ], [ 21.34259024, 48.7861164 ], [ 21.34308025, 48.78638359 ], [ 21.3431886, 48.78641656 ], [ 21.34341143, 48.78646477 ], [ 21.34340953, 48.78644679 ], [ 21.34340703, 48.78642187 ], [ 21.34340555, 48.78640778 ], [ 21.34343603, 48.7864024 ], [ 21.34367406, 48.7863605 ], [ 21.34448104, 48.78624517 ], [ 21.34458236, 48.78621023 ], [ 21.34461311, 48.78620089 ], [ 21.34469784, 48.78617526 ], [ 21.34498856, 48.78615367 ], [ 21.34537277, 48.78612562 ], [ 21.34571678, 48.78603254 ], [ 21.34590667, 48.78587459 ], [ 21.3461497, 48.78570671 ], [ 21.34644271, 48.78553116 ], [ 21.34648013, 48.78540724 ], [ 21.34653272, 48.78531817 ], [ 21.34657647, 48.78518751 ], [ 21.3465503, 48.78506708 ], [ 21.34658692, 48.78485969 ], [ 21.34665001, 48.78471323 ], [ 21.34706507, 48.78469987 ], [ 21.34728972, 48.78456538 ], [ 21.34738544, 48.78433465 ], [ 21.34743183, 48.78425448 ], [ 21.34744334, 48.78414869 ], [ 21.34751938, 48.78406131 ], [ 21.34757834, 48.78389951 ], [ 21.34767218, 48.78376343 ], [ 21.34774817, 48.78374195 ], [ 21.34796739, 48.78356354 ], [ 21.34847044, 48.78342968 ], [ 21.34866765, 48.78351744 ], [ 21.34880987, 48.78358068 ], [ 21.34909768, 48.78370204 ], [ 21.34914762, 48.78372263 ], [ 21.34964885, 48.7839298 ], [ 21.34983945, 48.78398513 ], [ 21.3506734, 48.78423327 ], [ 21.35075144, 48.78425137 ], [ 21.35105618, 48.78431075 ], [ 21.35115488, 48.78433947 ], [ 21.35124946, 48.78436868 ], [ 21.35145449, 48.78443201 ], [ 21.35177037, 48.78457914 ], [ 21.35222685, 48.78479144 ], [ 21.35263559, 48.78498493 ], [ 21.3527833, 48.78498838 ], [ 21.3530436, 48.78496522 ], [ 21.35338923, 48.78517113 ], [ 21.3539085, 48.78550081 ], [ 21.35432388, 48.78576237 ], [ 21.35454982, 48.78585656 ], [ 21.3548498, 48.78595568 ], [ 21.35505437, 48.78602384 ], [ 21.35512608, 48.78605093 ], [ 21.3552215, 48.78608188 ], [ 21.35552506, 48.78611709 ], [ 21.35569935, 48.78638609 ], [ 21.35579152, 48.7863533 ], [ 21.35609175, 48.78625454 ], [ 21.35621384, 48.78621455 ], [ 21.35674958, 48.78592804 ], [ 21.35695207, 48.78582033 ], [ 21.35706675, 48.78576507 ], [ 21.35717558, 48.78572981 ], [ 21.35764118, 48.7855856 ], [ 21.35810479, 48.78553387 ], [ 21.35841143, 48.78549643 ], [ 21.35850164, 48.78549013 ], [ 21.3585498, 48.78565181 ], [ 21.35857142, 48.78568217 ], [ 21.35878601, 48.78568194 ], [ 21.35891573, 48.78566161 ], [ 21.35904207, 48.78563902 ], [ 21.35909884, 48.78563568 ], [ 21.3591386, 48.78562598 ], [ 21.35919468, 48.78560497 ], [ 21.3593204, 48.78557147 ], [ 21.35957175, 48.78550005 ], [ 21.35984378, 48.78537542 ], [ 21.36010938, 48.78525312 ], [ 21.36023499, 48.78521529 ], [ 21.36042687, 48.7851627 ], [ 21.36077049, 48.78506074 ], [ 21.36090447, 48.78505782 ], [ 21.36094352, 48.78503279 ], [ 21.3610499, 48.78521972 ], [ 21.36152748, 48.78517866 ], [ 21.36214695, 48.78509485 ], [ 21.36233943, 48.78505335 ], [ 21.36266565, 48.78500451 ], [ 21.36393037, 48.78481443 ], [ 21.36461683, 48.78472704 ], [ 21.36525333, 48.78464508 ], [ 21.36535256, 48.78502794 ], [ 21.36514984, 48.7851335 ], [ 21.36517134, 48.78516169 ], [ 21.36517876, 48.78517263 ], [ 21.36530509, 48.78535897 ], [ 21.36552823, 48.7852596 ], [ 21.36606352, 48.78503237 ], [ 21.36611026, 48.78505412 ], [ 21.36647532, 48.78522374 ], [ 21.36694168, 48.78543592 ], [ 21.367168, 48.78553883 ], [ 21.36717568, 48.78569714 ], [ 21.36724112, 48.78586951 ], [ 21.36751603, 48.7862795 ], [ 21.36759496, 48.7864538 ], [ 21.36767132, 48.78664576 ], [ 21.36783052, 48.78702079 ], [ 21.36791589, 48.7871906 ], [ 21.36816167, 48.78707309 ], [ 21.36833797, 48.78725192 ], [ 21.36810642, 48.78738453 ], [ 21.3679437, 48.78748481 ], [ 21.36776724, 48.78757883 ], [ 21.36765941, 48.7875658 ], [ 21.36746593, 48.78765571 ], [ 21.36698083, 48.78788184 ], [ 21.36682411, 48.7878984 ], [ 21.36666991, 48.78796769 ], [ 21.36651642, 48.78805241 ], [ 21.36677302, 48.78815694 ], [ 21.36691682, 48.7882176 ], [ 21.36705937, 48.78832241 ], [ 21.3674646, 48.78862413 ], [ 21.36753636, 48.78870415 ], [ 21.36774386, 48.78892694 ], [ 21.36785729, 48.78907698 ], [ 21.3678794, 48.78908845 ], [ 21.36792869, 48.78911269 ], [ 21.3681471, 48.78921798 ], [ 21.3683815, 48.7893304 ], [ 21.36835257, 48.78942469 ], [ 21.36854478, 48.78953252 ], [ 21.36868573, 48.78977619 ], [ 21.36876884, 48.78979011 ], [ 21.36868083, 48.79000308 ], [ 21.3690464, 48.79053208 ], [ 21.36982086, 48.79096546 ], [ 21.3698719, 48.79099408 ], [ 21.36982914, 48.79104753 ], [ 21.3706289, 48.79113327 ], [ 21.37076762, 48.79114686 ], [ 21.37107065, 48.79117455 ], [ 21.3712277, 48.79119301 ], [ 21.37136381, 48.79120905 ], [ 21.37162541, 48.79129257 ], [ 21.37181884, 48.79135092 ], [ 21.37218239, 48.79130253 ], [ 21.37279557, 48.79120786 ] ] ] } },
{ "type": "Feature", "properties": { "@featureType": "CadastralZoning", "beginLifespanVersion": { "@nilReason": "http://inspire.ec.europa.eu/codelist/VoidReasonValue/Unpopulated", "@nil": "true" }, "endLifespanVersion": { "@nilReason": "http://inspire.ec.europa.eu/codelist/VoidReasonValue/Unpopulated", "@nil": "true" }, "estimatedAccuracy": { "value": -1, "@uom": "m" }, "inspireId": { "@dataType": "Identifier", "localId": "866717", "namespace": "SK.ESKN.CP", "versionId": "20260703T04:07:40" }, "label": "Vajkovce", "level": { "@href": "http://inspire.ec.europa.eu/codelist/CadastralZoningLevelValue/3rdOrder" }, "levelName": { "value": "Katastrálne územie", "@locale": "sk" }, "name_1": { "@dataType": "name", "GeographicalName": { "@dataType": "GeographicalName", "language": "SLK", "nativeness": { "@href": "http://inspire.ec.europa.eu/codelist/NativenessValue/endonym", "@title": "endonym" }, "nameStatus": { "@href": "http://inspire.ec.europa.eu/codelist/NameStatusValue/official", "@title": "official" }, "sourceOfName": { "@nilReason": "http://inspire.ec.europa.eu/codelist/VoidReasonValue/Unpopulated", "@nil": "true" }, "pronunciation": { "@dataType": "pronunciation", "@nilReason": "http://inspire.ec.europa.eu/codelist/VoidReasonValue/Unpopulated", "@nil": "true" }, "spelling": { "@dataType": "SpellingOfName", "text": "Vajkovce", "script": "LATN" } } }, "nationalCadastalZoningReference": "866717", "validFrom": "2026-06-30T16:00:00Z", "validTo": { "@nilReason": "http://inspire.ec.europa.eu/codelist/VoidReasonValue/Unpopulated", "@nil": "true" }, "place_id": 189396049, "osm_type": "relation", "osm_id": 388209, "place_rank": 12, "category": "boundary", "type": "administrative", "importance": 0.54120382821693425, "addresstype": "county", "name_2": "okres Košice-okolie", "display_name": "okres Košice-okolie, Košický kraj, Slovensko" }, "geometry": { "type": "Polygon", "coordinates": [ [ [ 21.3318246, 48.79697426 ], [ 21.3319537, 48.79694782 ], [ 21.33268626, 48.79674308 ], [ 21.33298666, 48.79661594 ], [ 21.33322455, 48.79649232 ], [ 21.33329139, 48.79644798 ], [ 21.33360805, 48.79621375 ], [ 21.33390572, 48.79601964 ], [ 21.33397439, 48.79597049 ], [ 21.33427892, 48.79568494 ], [ 21.33431856, 48.79564176 ], [ 21.33468413, 48.79520267 ], [ 21.33506219, 48.79524099 ], [ 21.33507961, 48.79524332 ], [ 21.33512282, 48.79525291 ], [ 21.33537684, 48.79531557 ], [ 21.33578375, 48.79542157 ], [ 21.33585088, 48.79543007 ], [ 21.33622673, 48.79546896 ], [ 21.33646026, 48.79549491 ], [ 21.33724929, 48.79562988 ], [ 21.33755313, 48.79568558 ], [ 21.33803148, 48.79578715 ], [ 21.33829656, 48.79585348 ], [ 21.33860021, 48.79592754 ], [ 21.33862727, 48.79593429 ], [ 21.3386851, 48.79594927 ], [ 21.33946487, 48.79536799 ], [ 21.33992699, 48.79510068 ], [ 21.33995721, 48.79513076 ], [ 21.34105567, 48.79540629 ], [ 21.34173319, 48.79555003 ], [ 21.34209521, 48.79563925 ], [ 21.34214791, 48.7956457 ], [ 21.34303218, 48.79592511 ], [ 21.34320043, 48.79601461 ], [ 21.34331599, 48.79608957 ], [ 21.34345558, 48.79613807 ], [ 21.34438248, 48.79532523 ], [ 21.34376669, 48.79522091 ], [ 21.34409515, 48.79485818 ], [ 21.34419242, 48.79470231 ], [ 21.34436158, 48.79427061 ], [ 21.34439023, 48.79411987 ], [ 21.34440561, 48.79403904 ], [ 21.34442448, 48.79393923 ], [ 21.34444524, 48.79382994 ], [ 21.34446599, 48.79372055 ], [ 21.34447026, 48.79369818 ], [ 21.3444782, 48.7936561 ], [ 21.3447544, 48.79318567 ], [ 21.3443636, 48.7930377 ], [ 21.34507738, 48.79204029 ], [ 21.34508236, 48.79203333 ], [ 21.34509947, 48.79200243 ], [ 21.34510398, 48.79199437 ], [ 21.34531663, 48.79161142 ], [ 21.34547353, 48.79125055 ], [ 21.34555304, 48.79106759 ], [ 21.34574064, 48.79066443 ], [ 21.34582895, 48.79050406 ], [ 21.34586429, 48.79044003 ], [ 21.34587691, 48.79041701 ], [ 21.34590385, 48.79036812 ], [ 21.34594549, 48.79030951 ], [ 21.34595378, 48.79029797 ], [ 21.34614026, 48.79003558 ], [ 21.34615368, 48.7900168 ], [ 21.34569471, 48.78972554 ], [ 21.3456502, 48.78969729 ], [ 21.34566192, 48.78968927 ], [ 21.34581493, 48.78958449 ], [ 21.34652072, 48.78910141 ], [ 21.34653244, 48.78909339 ], [ 21.34662553, 48.78902966 ], [ 21.34651885, 48.78882201 ], [ 21.34635949, 48.78833685 ], [ 21.34622175, 48.78820236 ], [ 21.34575161, 48.78807541 ], [ 21.34567679, 48.78802635 ], [ 21.34572186, 48.78791995 ], [ 21.3457753, 48.78786808 ], [ 21.34578462, 48.78768336 ], [ 21.34576025, 48.78751915 ], [ 21.34564217, 48.78741369 ], [ 21.34551998, 48.78738579 ], [ 21.34525636, 48.78717819 ], [ 21.34509707, 48.7870046 ], [ 21.34510403, 48.78680676 ], [ 21.3450559, 48.78674013 ], [ 21.34468252, 48.78660106 ], [ 21.34443879, 48.78663469 ], [ 21.34428461, 48.78675869 ], [ 21.34409846, 48.78681665 ], [ 21.34402083, 48.78680846 ], [ 21.34384973, 48.78672724 ], [ 21.34374791, 48.78657968 ], [ 21.34364302, 48.7865163 ], [ 21.34352424, 48.78647852 ], [ 21.34341143, 48.78646477 ], [ 21.3431886, 48.78641656 ], [ 21.34308025, 48.78638359 ], [ 21.34259024, 48.7861164 ], [ 21.34238463, 48.78600624 ], [ 21.34230148, 48.78593972 ], [ 21.34224565, 48.78588808 ], [ 21.34216341, 48.78576884 ], [ 21.34212786, 48.78572339 ], [ 21.34204495, 48.7856613 ], [ 21.34194055, 48.7855711 ], [ 21.34189551, 48.78553679 ], [ 21.34184684, 48.78549383 ], [ 21.34173894, 48.78547401 ], [ 21.3417869, 48.78542468 ], [ 21.34162598, 48.78534007 ], [ 21.34147938, 48.78527705 ], [ 21.34123016, 48.78516125 ], [ 21.34113084, 48.78510613 ], [ 21.34096676, 48.78502593 ], [ 21.34091491, 48.78498962 ], [ 21.34085474, 48.78491389 ], [ 21.34076323, 48.78473766 ], [ 21.34067511, 48.7845636 ], [ 21.34055817, 48.7844913 ], [ 21.3405, 48.78446164 ], [ 21.34043069, 48.78440598 ], [ 21.34036279, 48.78438314 ], [ 21.3402182, 48.78436411 ], [ 21.34007701, 48.78434509 ], [ 21.33994626, 48.78433674 ], [ 21.33971514, 48.78432392 ], [ 21.33959459, 48.78431975 ], [ 21.33936346, 48.78430918 ], [ 21.33924292, 48.78430285 ], [ 21.3391755, 48.78428884 ], [ 21.33904357, 48.78425417 ], [ 21.33899793, 48.78420679 ], [ 21.33893519, 48.78414872 ], [ 21.33888557, 48.78408601 ], [ 21.33883019, 48.78397064 ], [ 21.3387937, 48.78390328 ], [ 21.33863383, 48.78376811 ], [ 21.33856477, 48.78371678 ], [ 21.33844455, 48.78364672 ], [ 21.33830709, 48.7835638 ], [ 21.33814936, 48.78347479 ], [ 21.33803958, 48.78341332 ], [ 21.33790039, 48.78336348 ], [ 21.33781147, 48.78324449 ], [ 21.33765653, 48.78306967 ], [ 21.3375241, 48.78295152 ], [ 21.33733518, 48.78283681 ], [ 21.3372356, 48.78277952 ], [ 21.33687123, 48.78263106 ], [ 21.33660152, 48.78250265 ], [ 21.33631782, 48.78236572 ], [ 21.33605419, 48.78222624 ], [ 21.33596997, 48.78213791 ], [ 21.33591262, 48.78205119 ], [ 21.33584222, 48.78189891 ], [ 21.335815, 48.78181382 ], [ 21.33580044, 48.7817131 ], [ 21.33575749, 48.78165247 ], [ 21.33564631, 48.7815581 ], [ 21.33535113, 48.78138634 ], [ 21.33526283, 48.78135523 ], [ 21.33484618, 48.7812322 ], [ 21.33475646, 48.78117034 ], [ 21.33460178, 48.78107475 ], [ 21.3341584, 48.78095225 ], [ 21.33405333, 48.78091928 ], [ 21.33361217, 48.78069576 ], [ 21.33322868, 48.78049521 ], [ 21.3330129, 48.78037896 ], [ 21.33287676, 48.7803247 ], [ 21.33264865, 48.78015829 ], [ 21.33256503, 48.78008321 ], [ 21.3324632, 48.77982617 ], [ 21.3322982, 48.77972432 ], [ 21.33205746, 48.77964818 ], [ 21.33185633, 48.77948771 ], [ 21.33174879, 48.77940002 ], [ 21.3314352, 48.7791915 ], [ 21.33119891, 48.77906472 ], [ 21.33093541, 48.77892766 ], [ 21.33083257, 48.77887054 ], [ 21.33080671, 48.77885841 ], [ 21.33072386, 48.77881954 ], [ 21.33065631, 48.77878779 ], [ 21.3306447, 48.7787824 ], [ 21.33062183, 48.77880583 ], [ 21.33058605, 48.77884247 ], [ 21.33056803, 48.77886083 ], [ 21.3304305, 48.77892303 ], [ 21.32994985, 48.77945351 ], [ 21.32974904, 48.77966845 ], [ 21.32963222, 48.77960064 ], [ 21.32953676, 48.77948414 ], [ 21.32949078, 48.77942811 ], [ 21.32935968, 48.77933646 ], [ 21.32879083, 48.77917513 ], [ 21.32893565, 48.77862982 ], [ 21.32894798, 48.77858365 ], [ 21.32896074, 48.77852723 ], [ 21.32900926, 48.77831237 ], [ 21.32901336, 48.7782944 ], [ 21.32902148, 48.77825782 ], [ 21.32903034, 48.77821839 ], [ 21.32903701, 48.77818888 ], [ 21.3290407, 48.77816505 ], [ 21.32904227, 48.7781542 ], [ 21.32904732, 48.77812059 ], [ 21.32867818, 48.77793757 ], [ 21.32873685, 48.77764299 ], [ 21.32874899, 48.77758187 ], [ 21.32877072, 48.77747251 ], [ 21.32864326, 48.77744255 ], [ 21.32848028, 48.77740414 ], [ 21.32819421, 48.77734741 ], [ 21.32807798, 48.77732436 ], [ 21.32797103, 48.77730312 ], [ 21.3278004, 48.7778905 ], [ 21.32778749, 48.77793531 ], [ 21.3277839, 48.77794789 ], [ 21.32777563, 48.77797672 ], [ 21.32776272, 48.77802161 ], [ 21.32774514, 48.77808266 ], [ 21.32773492, 48.77811809 ], [ 21.32770602, 48.77821876 ], [ 21.32766847, 48.77834987 ], [ 21.3276498, 48.77841493 ], [ 21.32763868, 48.77845349 ], [ 21.32756919, 48.77868977 ], [ 21.32748188, 48.77897692 ], [ 21.32739293, 48.77930138 ], [ 21.32738718, 48.77932344 ], [ 21.32683478, 48.7792276 ], [ 21.32630661, 48.77913195 ], [ 21.32619993, 48.77911261 ], [ 21.32618446, 48.7791098 ], [ 21.3260803, 48.77909134 ], [ 21.32599055, 48.77907539 ], [ 21.32538932, 48.7789687 ], [ 21.32473913, 48.77885305 ], [ 21.32389697, 48.77870647 ], [ 21.32289324, 48.77853482 ], [ 21.32210174, 48.77840038 ], [ 21.32117869, 48.77823809 ], [ 21.31973724, 48.77799481 ], [ 21.31895711, 48.7778597 ], [ 21.31894284, 48.7778572 ], [ 21.31891578, 48.77785269 ], [ 21.31890191, 48.77785038 ], [ 21.3183707, 48.77775765 ], [ 21.31817046, 48.77772439 ], [ 21.31733839, 48.77758599 ], [ 21.31721155, 48.77756486 ], [ 21.31555107, 48.77728868 ], [ 21.3152157, 48.77722997 ], [ 21.31511367, 48.77719681 ], [ 21.31498898, 48.77715629 ], [ 21.31494489, 48.77714199 ], [ 21.31479025, 48.77709165 ], [ 21.31461364, 48.77740237 ], [ 21.31450311, 48.77767557 ], [ 21.31439282, 48.77788252 ], [ 21.31427579, 48.77812384 ], [ 21.31406917, 48.77839988 ], [ 21.31375044, 48.77865812 ], [ 21.31342852, 48.77896235 ], [ 21.31337407, 48.77905576 ], [ 21.31329838, 48.77926664 ], [ 21.31317299, 48.77956532 ], [ 21.3132116, 48.77976239 ], [ 21.31348415, 48.78016822 ], [ 21.31363152, 48.78061922 ], [ 21.31366002, 48.78083615 ], [ 21.31358198, 48.78101815 ], [ 21.31358523, 48.78115941 ], [ 21.31359619, 48.78131531 ], [ 21.3135052, 48.78131714 ], [ 21.31346196, 48.78131798 ], [ 21.31342676, 48.78131871 ], [ 21.31339707, 48.78135382 ], [ 21.31338223, 48.78137138 ], [ 21.31338161, 48.78138036 ], [ 21.31339577, 48.78176637 ], [ 21.31339631, 48.78178205 ], [ 21.31339709, 48.78180413 ], [ 21.3133984, 48.78184009 ], [ 21.31339974, 48.78187569 ], [ 21.31340037, 48.78189408 ], [ 21.3133985, 48.78192103 ], [ 21.31340028, 48.78201093 ], [ 21.31340152, 48.78207542 ], [ 21.31342367, 48.78321825 ], [ 21.31342526, 48.78329923 ], [ 21.31343131, 48.783555 ], [ 21.31343178, 48.78357373 ], [ 21.31343441, 48.78368482 ], [ 21.3134382, 48.78384383 ], [ 21.31344259, 48.78402554 ], [ 21.31344263, 48.78402896 ], [ 21.31345435, 48.78405633 ], [ 21.31344872, 48.78413718 ], [ 21.31344766, 48.78415254 ], [ 21.31344685, 48.78416413 ], [ 21.31346187, 48.78484149 ], [ 21.31348606, 48.78593153 ], [ 21.31349099, 48.78615044 ], [ 21.31354247, 48.78847025 ], [ 21.31355279, 48.78871363 ], [ 21.31357437, 48.78929855 ], [ 21.31357641, 48.78935352 ], [ 21.31357635, 48.78936216 ], [ 21.31357645, 48.78939989 ], [ 21.3135764, 48.78961613 ], [ 21.31357646, 48.78983075 ], [ 21.31357638, 48.78995336 ], [ 21.31357637, 48.79008084 ], [ 21.3135765, 48.79009074 ], [ 21.31357643, 48.79010938 ], [ 21.31357644, 48.79013674 ], [ 21.31358173, 48.79027608 ], [ 21.3135873, 48.7904193 ], [ 21.31360553, 48.79089384 ], [ 21.31360365, 48.79092079 ], [ 21.31360348, 48.79095274 ], [ 21.31360344, 48.79095724 ], [ 21.31360226, 48.79113681 ], [ 21.31360526, 48.79123467 ], [ 21.31361008, 48.79138876 ], [ 21.31361029, 48.79139353 ], [ 21.3136107, 48.79140714 ], [ 21.31361212, 48.79144364 ], [ 21.31361215, 48.79144518 ], [ 21.31361238, 48.79145157 ], [ 21.31361555, 48.79153332 ], [ 21.31326564, 48.79166674 ], [ 21.31324333, 48.79168191 ], [ 21.31303685, 48.79182184 ], [ 21.31277586, 48.79202835 ], [ 21.31276288, 48.79203858 ], [ 21.3127516, 48.79204607 ], [ 21.31268958, 48.79208749 ], [ 21.31267758, 48.79209549 ], [ 21.31266872, 48.79210144 ], [ 21.31265286, 48.79211194 ], [ 21.31239881, 48.79228139 ], [ 21.3123628, 48.79230551 ], [ 21.31224925, 48.79233555 ], [ 21.31221011, 48.79234588 ], [ 21.31197506, 48.79259081 ], [ 21.31179564, 48.79281943 ], [ 21.31180049, 48.79294561 ], [ 21.3114665, 48.79324155 ], [ 21.31139523, 48.79348245 ], [ 21.31152264, 48.79380546 ], [ 21.31157181, 48.79382136 ], [ 21.31148404, 48.79433265 ], [ 21.31208915, 48.79457385 ], [ 21.31208346, 48.7946556 ], [ 21.31227732, 48.79472081 ], [ 21.31232035, 48.7947349 ], [ 21.3123506, 48.79474482 ], [ 21.31236551, 48.79474978 ], [ 21.31241681, 48.79476646 ], [ 21.31241118, 48.7947788 ], [ 21.3125163, 48.7947702 ], [ 21.31281916, 48.79474546 ], [ 21.31284562, 48.79474302 ], [ 21.31301421, 48.7947269 ], [ 21.31311754, 48.79471842 ], [ 21.31681093, 48.79441622 ], [ 21.31682333, 48.79440445 ], [ 21.31690468, 48.79439854 ], [ 21.3168906, 48.79441288 ], [ 21.31921994, 48.79421713 ], [ 21.31970066, 48.79417805 ], [ 21.32052205, 48.79411688 ], [ 21.32079293, 48.79409736 ], [ 21.32166265, 48.79383266 ], [ 21.3217592, 48.79373529 ], [ 21.32214945, 48.79348181 ], [ 21.32216565, 48.79346637 ], [ 21.32268343, 48.79292624 ], [ 21.32347811, 48.79308093 ], [ 21.32383616, 48.79315406 ], [ 21.32394994, 48.79353327 ], [ 21.3241184, 48.79371131 ], [ 21.32422645, 48.79390003 ], [ 21.32417812, 48.7940508 ], [ 21.32392926, 48.79402004 ], [ 21.3233565, 48.79390115 ], [ 21.32327859, 48.79398315 ], [ 21.32330804, 48.7940674 ], [ 21.323399, 48.79421176 ], [ 21.32361098, 48.79433413 ], [ 21.32362987, 48.79438197 ], [ 21.32360464, 48.79452569 ], [ 21.32357696, 48.79460462 ], [ 21.32377455, 48.79465552 ], [ 21.32353123, 48.79493182 ], [ 21.32343577, 48.79502922 ], [ 21.32322804, 48.79521297 ], [ 21.32288796, 48.79542459 ], [ 21.3233889, 48.79564024 ], [ 21.32352826, 48.79568785 ], [ 21.32364871, 48.79572724 ], [ 21.32372039, 48.79575074 ], [ 21.32384199, 48.79578935 ], [ 21.32392989, 48.79580876 ], [ 21.32405962, 48.79583618 ], [ 21.32417458, 48.79586046 ], [ 21.32433068, 48.79589282 ], [ 21.32452399, 48.79593279 ], [ 21.32458674, 48.79594558 ], [ 21.32479141, 48.7959769 ], [ 21.3249736, 48.79600636 ], [ 21.32500835, 48.79601416 ], [ 21.32512877, 48.79602852 ], [ 21.3252927, 48.79604815 ], [ 21.32587564, 48.79611683 ], [ 21.32590219, 48.79612313 ], [ 21.32652026, 48.79619035 ], [ 21.32656501, 48.79619539 ], [ 21.32776296, 48.79633434 ], [ 21.32783891, 48.79634347 ], [ 21.32803548, 48.79636589 ], [ 21.32829697, 48.79640134 ], [ 21.32925175, 48.79645496 ], [ 21.32987549, 48.79652305 ], [ 21.33005361, 48.79654428 ], [ 21.33024753, 48.79658147 ], [ 21.33043557, 48.79664855 ], [ 21.33047599, 48.7967181 ], [ 21.33071506, 48.79676457 ], [ 21.33091287, 48.79683806 ], [ 21.33108391, 48.79697152 ], [ 21.33134014, 48.7970339 ], [ 21.3314864, 48.79701347 ], [ 21.3318246, 48.79697426 ] ] ] } },
{ "type": "Feature", "properties": { "@featureType": "CadastralZoning", "beginLifespanVersion": { "@nilReason": "http://inspire.ec.europa.eu/codelist/VoidReasonValue/Unpopulated", "@nil": "true" }, "endLifespanVersion": { "@nilReason": "http://inspire.ec.europa.eu/codelist/VoidReasonValue/Unpopulated", "@nil": "true" }, "estimatedAccuracy": { "value": -1, "@uom": "m" }, "inspireId": { "@dataType": "Identifier", "localId": "838268", "namespace": "SK.ESKN.CP", "versionId": "20260703T04:07:40" }, "label": "Mokrance", "level": { "@href": "http://inspire.ec.europa.eu/codelist/CadastralZoningLevelValue/3rdOrder" }, "levelName": { "value": "Katastrálne územie", "@locale": "sk" }, "name_1": { "@dataType": "name", "GeographicalName": { "@dataType": "GeographicalName", "language": "SLK", "nativeness": { "@href": "http://inspire.ec.europa.eu/codelist/NativenessValue/endonym", "@title": "endonym" }, "nameStatus": { "@href": "http://inspire.ec.europa.eu/codelist/NameStatusValue/official", "@title": "official" }, "sourceOfName": { "@nilReason": "http://inspire.ec.europa.eu/codelist/VoidReasonValue/Unpopulated", "@nil": "true" }, "pronunciation": { "@dataType": "pronunciation", "@nilReason": "http://inspire.ec.europa.eu/codelist/VoidReasonValue/Unpopulated", "@nil": "true" }, "spelling": { "@dataType": "SpellingOfName", "text": "Mokrance", "script": "LATN" } } }, "nationalCadastalZoningReference": "838268", "validFrom": "2026-06-30T16:00:00Z", "validTo": { "@nilReason": "http://inspire.ec.europa.eu/codelist/VoidReasonValue/Unpopulated", "@nil": "true" }, "place_id": 189396049, "osm_type": "relation", "osm_id": 388209, "place_rank": 12, "category": "boundary", "type": "administrative", "importance": 0.54120382821693425, "addresstype": "county", "name_2": "okres Košice-okolie", "display_name": "okres Košice-okolie, Košický kraj, Slovensko" }, "geometry": { "type": "Polygon", "coordinates": [ [ [ 21.03419486, 48.65409635 ], [ 21.03420315, 48.65375698 ], [ 21.03423464, 48.65358134 ], [ 21.03427221, 48.65339358 ], [ 21.03431279, 48.65317277 ], [ 21.03437697, 48.65301622 ], [ 21.03443188, 48.6528292 ], [ 21.03459797, 48.65247673 ], [ 21.0346195, 48.65240883 ], [ 21.03465063, 48.65230702 ], [ 21.03470889, 48.65206428 ], [ 21.03471941, 48.6517058 ], [ 21.03475346, 48.65129082 ], [ 21.03485206, 48.65100115 ], [ 21.0348571, 48.6506161 ], [ 21.03483163, 48.65029543 ], [ 21.03481229, 48.65000368 ], [ 21.03483883, 48.64987417 ], [ 21.03487266, 48.64968726 ], [ 21.03501819, 48.64936239 ], [ 21.03522275, 48.64899687 ], [ 21.03538437, 48.64879472 ], [ 21.03553884, 48.64859729 ], [ 21.03571689, 48.64837533 ], [ 21.03604389, 48.64790073 ], [ 21.03625629, 48.64735204 ], [ 21.03669941, 48.64676916 ], [ 21.03687588, 48.64645187 ], [ 21.0372909, 48.64604824 ], [ 21.03783537, 48.64539791 ], [ 21.03795852, 48.64521754 ], [ 21.03809765, 48.64492505 ], [ 21.03823037, 48.64472573 ], [ 21.03828877, 48.644568 ], [ 21.03843562, 48.64422318 ], [ 21.03856063, 48.64403954 ], [ 21.03867816, 48.64377246 ], [ 21.03872462, 48.64354356 ], [ 21.03874228, 48.64341276 ], [ 21.0388497, 48.64300091 ], [ 21.03885768, 48.64286332 ], [ 21.03890222, 48.64262184 ], [ 21.03910043, 48.64213509 ], [ 21.0391802, 48.64170603 ], [ 21.03934646, 48.64099762 ], [ 21.03935777, 48.64093352 ], [ 21.03936696, 48.64080703 ], [ 21.03935015, 48.64055922 ], [ 21.03931661, 48.64036984 ], [ 21.03930318, 48.64017139 ], [ 21.03931467, 48.63963771 ], [ 21.03930576, 48.63943887 ], [ 21.0393312, 48.63920388 ], [ 21.03935861, 48.63884982 ], [ 21.03939919, 48.63875778 ], [ 21.03947016, 48.63867168 ], [ 21.03977884, 48.63839719 ], [ 21.04007903, 48.63807811 ], [ 21.04021451, 48.63790508 ], [ 21.04030824, 48.6376979 ], [ 21.04037717, 48.63737726 ], [ 21.04049133, 48.63706577 ], [ 21.04052694, 48.63699283 ], [ 21.04055855, 48.63692804 ], [ 21.04058003, 48.63688598 ], [ 21.04074947, 48.63660016 ], [ 21.04099765, 48.63640786 ], [ 21.0414445, 48.63594025 ], [ 21.04170549, 48.6357364 ], [ 21.04201583, 48.63555398 ], [ 21.04220439, 48.63544671 ], [ 21.04244795, 48.63527425 ], [ 21.04268119, 48.63502348 ], [ 21.04281226, 48.63486921 ], [ 21.04284211, 48.63450578 ], [ 21.04293896, 48.63390359 ], [ 21.04306761, 48.63373258 ], [ 21.0431649, 48.6336577 ], [ 21.04326136, 48.6335539 ], [ 21.043361, 48.6334366 ], [ 21.04358085, 48.63281359 ], [ 21.04361173, 48.63223615 ], [ 21.043608, 48.63222423 ], [ 21.0435752, 48.63167533 ], [ 21.04345207, 48.63113372 ], [ 21.04340344, 48.63088432 ], [ 21.04332036, 48.63059967 ], [ 21.04319736, 48.63042221 ], [ 21.04296792, 48.63002001 ], [ 21.04276618, 48.62980377 ], [ 21.04260592, 48.62961401 ], [ 21.04250283, 48.62949204 ], [ 21.04246572, 48.62937223 ], [ 21.04238076, 48.62906743 ], [ 21.04223145, 48.62850372 ], [ 21.04200881, 48.6278561 ], [ 21.04195035, 48.62760935 ], [ 21.04189369, 48.62730206 ], [ 21.04191541, 48.62706037 ], [ 21.04195933, 48.62692143 ], [ 21.04197118, 48.62683187 ], [ 21.04201641, 48.62654269 ], [ 21.04216179, 48.62628561 ], [ 21.04229954, 48.62621809 ], [ 21.042647, 48.62600511 ], [ 21.04281741, 48.62590219 ], [ 21.04309927, 48.62574189 ], [ 21.04331501, 48.62565937 ], [ 21.04373713, 48.62559254 ], [ 21.04404584, 48.62547283 ], [ 21.04457101, 48.62529006 ], [ 21.04484907, 48.62519698 ], [ 21.04509945, 48.62509984 ], [ 21.04586896, 48.62471321 ], [ 21.04650335, 48.62349734 ], [ 21.04678712, 48.62294512 ], [ 21.04680064, 48.62260168 ], [ 21.04761073, 48.62024195 ], [ 21.04739945, 48.61971664 ], [ 21.04723704, 48.619536 ], [ 21.04705033, 48.61943902 ], [ 21.04684526, 48.61936422 ], [ 21.04678078, 48.61934563 ], [ 21.04657496, 48.61928639 ], [ 21.04645822, 48.61926014 ], [ 21.04548684, 48.61833404 ], [ 21.04533309, 48.61818673 ], [ 21.04494588, 48.61781556 ], [ 21.04485336, 48.6175649 ], [ 21.04482531, 48.61726917 ], [ 21.04483858, 48.61681641 ], [ 21.04477937, 48.61593175 ], [ 21.04472962, 48.6156155 ], [ 21.04468054, 48.61530504 ], [ 21.04463802, 48.61503585 ], [ 21.04463016, 48.61498652 ], [ 21.04462485, 48.61429498 ], [ 21.04461348, 48.61310042 ], [ 21.04461155, 48.61278772 ], [ 21.04463578, 48.6121935 ], [ 21.04463746, 48.61198708 ], [ 21.04463818, 48.61189742 ], [ 21.04463837, 48.61186933 ], [ 21.04463953, 48.61172637 ], [ 21.04464029, 48.61164338 ], [ 21.04464083, 48.61157613 ], [ 21.04464313, 48.61128671 ], [ 21.04462313, 48.61082853 ], [ 21.04458054, 48.60980314 ], [ 21.0445597, 48.60965109 ], [ 21.0444808, 48.60946004 ], [ 21.04436327, 48.60898966 ], [ 21.0442096, 48.60846676 ], [ 21.04404198, 48.60787615 ], [ 21.04388509, 48.6073219 ], [ 21.04388275, 48.60730967 ], [ 21.04386711, 48.60722811 ], [ 21.04386104, 48.60719658 ], [ 21.04382864, 48.60702848 ], [ 21.04378938, 48.60682495 ], [ 21.04377801, 48.60678991 ], [ 21.0437023, 48.60655808 ], [ 21.04369236, 48.60652749 ], [ 21.04368224, 48.60649754 ], [ 21.04363435, 48.60635504 ], [ 21.04357389, 48.60610084 ], [ 21.0435017, 48.60587831 ], [ 21.04348697, 48.60578085 ], [ 21.04347198, 48.60573254 ], [ 21.04344546, 48.60564757 ], [ 21.04342004, 48.60556605 ], [ 21.04340107, 48.60550546 ], [ 21.04329876, 48.6050516 ], [ 21.04327267, 48.60499726 ], [ 21.04318991, 48.60464526 ], [ 21.04316251, 48.60452856 ], [ 21.04231122, 48.60448656 ], [ 21.042205, 48.6042015 ], [ 21.04216417, 48.60404645 ], [ 21.04171255, 48.60292478 ], [ 21.04156491, 48.60245827 ], [ 21.04141856, 48.6020343 ], [ 21.04130626, 48.60186555 ], [ 21.0412385, 48.60169287 ], [ 21.04121572, 48.6016344 ], [ 21.04120761, 48.60161388 ], [ 21.04076013, 48.60158648 ], [ 21.0407539, 48.60149353 ], [ 21.04071376, 48.60089107 ], [ 21.04013517, 48.60077787 ], [ 21.03968478, 48.60068968 ], [ 21.0397968, 48.60062943 ], [ 21.03983544, 48.60059018 ], [ 21.03988166, 48.60053848 ], [ 21.03994492, 48.60046762 ], [ 21.04008111, 48.60030371 ], [ 21.04032442, 48.60001077 ], [ 21.04037662, 48.59994801 ], [ 21.04046925, 48.59983652 ], [ 21.04050166, 48.59940257 ], [ 21.04051866, 48.59934208 ], [ 21.04053907, 48.59927602 ], [ 21.04061766, 48.5990199 ], [ 21.04063547, 48.59895593 ], [ 21.04066907, 48.59883502 ], [ 21.04070342, 48.59871134 ], [ 21.04073981, 48.59858035 ], [ 21.04075334, 48.59853181 ], [ 21.04077696, 48.59844641 ], [ 21.04078231, 48.59842741 ], [ 21.0408196, 48.59820442 ], [ 21.04083717, 48.59809631 ], [ 21.04083933, 48.59808558 ], [ 21.04085148, 48.59802474 ], [ 21.04085348, 48.59799248 ], [ 21.04085866, 48.59790846 ], [ 21.04088643, 48.5971402 ], [ 21.04089048, 48.59711863 ], [ 21.04089619, 48.597024 ], [ 21.04088726, 48.59699264 ], [ 21.04092138, 48.59669742 ], [ 21.04093269, 48.59659865 ], [ 21.04094195, 48.59651827 ], [ 21.04095113, 48.59643897 ], [ 21.04100068, 48.59600982 ], [ 21.0410094, 48.59593483 ], [ 21.04118936, 48.5943752 ], [ 21.04119765, 48.59430236 ], [ 21.04122856, 48.59403557 ], [ 21.04126353, 48.59373255 ], [ 21.04127397, 48.59364176 ], [ 21.04129329, 48.59347392 ], [ 21.04129977, 48.59341795 ], [ 21.04130627, 48.59336188 ], [ 21.04135239, 48.59296224 ], [ 21.04136233, 48.59285262 ], [ 21.04139566, 48.5925571 ], [ 21.04151558, 48.59149598 ], [ 21.04152151, 48.59144386 ], [ 21.04153335, 48.59133979 ], [ 21.04158945, 48.59084278 ], [ 21.04159341, 48.59080788 ], [ 21.04165703, 48.59024466 ], [ 21.04167148, 48.59011646 ], [ 21.041687, 48.58997947 ], [ 21.04177103, 48.58918271 ], [ 21.04181191, 48.58879496 ], [ 21.04182787, 48.58869211 ], [ 21.04184109, 48.58856954 ], [ 21.04184258, 48.588555 ], [ 21.04185097, 48.58847712 ], [ 21.04189959, 48.58802389 ], [ 21.0419109, 48.58793602 ], [ 21.04198635, 48.58722686 ], [ 21.04178223, 48.58646818 ], [ 21.04176576, 48.58640524 ], [ 21.04159227, 48.58574004 ], [ 21.04156473, 48.58564162 ], [ 21.04137205, 48.58495715 ], [ 21.04123569, 48.58447299 ], [ 21.04119904, 48.58434572 ], [ 21.04101593, 48.58366958 ], [ 21.04094542, 48.58342333 ], [ 21.04074935, 48.58272083 ], [ 21.04047475, 48.58173066 ], [ 21.04037264, 48.58136046 ], [ 21.04033394, 48.58121898 ], [ 21.0402608, 48.58095157 ], [ 21.04021304, 48.58077693 ], [ 21.04012652, 48.58045245 ], [ 21.04010554, 48.5803736 ], [ 21.04009662, 48.58034034 ], [ 21.03994045, 48.5797636 ], [ 21.03971012, 48.57891886 ], [ 21.03946748, 48.57810083 ], [ 21.03920857, 48.57719005 ], [ 21.03894741, 48.57628595 ], [ 21.03894626, 48.57623963 ], [ 21.03894154, 48.5760393 ], [ 21.03893847, 48.57598959 ], [ 21.03891938, 48.57586722 ], [ 21.03887056, 48.57576323 ], [ 21.0387941, 48.57562952 ], [ 21.03865581, 48.57535717 ], [ 21.03855293, 48.57510301 ], [ 21.03844168, 48.57488108 ], [ 21.03820968, 48.57439719 ], [ 21.03811836, 48.57420635 ], [ 21.03807572, 48.5740778 ], [ 21.03788434, 48.57363154 ], [ 21.03780594, 48.57346039 ], [ 21.03752916, 48.57298035 ], [ 21.03681503, 48.57186143 ], [ 21.03629045, 48.57110786 ], [ 21.03625451, 48.57105859 ], [ 21.03622644, 48.5710275 ], [ 21.03620547, 48.57100133 ], [ 21.03617532, 48.57096351 ], [ 21.03615454, 48.57092564 ], [ 21.03613087, 48.57089568 ], [ 21.03588822, 48.57058937 ], [ 21.03565057, 48.5703124 ], [ 21.03555652, 48.57018378 ], [ 21.03543219, 48.57001373 ], [ 21.03498294, 48.56906246 ], [ 21.03485614, 48.56873303 ], [ 21.0343073, 48.56756795 ], [ 21.03409901, 48.56704917 ], [ 21.03400299, 48.56687987 ], [ 21.03326606, 48.56555632 ], [ 21.03294686, 48.56498247 ], [ 21.03269065, 48.56444275 ], [ 21.0326374, 48.56429116 ], [ 21.03264115, 48.5640179 ], [ 21.03264307, 48.56387605 ], [ 21.03263775, 48.56381122 ], [ 21.03260915, 48.56346792 ], [ 21.0325416, 48.5630105 ], [ 21.03249963, 48.56280255 ], [ 21.03238251, 48.56236224 ], [ 21.03238399, 48.56234256 ], [ 21.03239213, 48.5622282 ], [ 21.03242489, 48.56180282 ], [ 21.03245553, 48.56161068 ], [ 21.03244739, 48.56159438 ], [ 21.03243788, 48.56156921 ], [ 21.0324354, 48.56156247 ], [ 21.0322983, 48.56118263 ], [ 21.03216294, 48.56105166 ], [ 21.03263693, 48.56074679 ], [ 21.03243821, 48.56063768 ], [ 21.03235423, 48.56061781 ], [ 21.03234007, 48.56057142 ], [ 21.032282, 48.56054969 ], [ 21.03205122, 48.56057001 ], [ 21.03179261, 48.56054528 ], [ 21.03158758, 48.56051151 ], [ 21.03151433, 48.56043886 ], [ 21.0314837, 48.5603586 ], [ 21.03142426, 48.56028281 ], [ 21.03134372, 48.56023513 ], [ 21.03126002, 48.56022967 ], [ 21.03098861, 48.56032158 ], [ 21.03092935, 48.56033403 ], [ 21.03086811, 48.56031851 ], [ 21.03082168, 48.56030437 ], [ 21.03083123, 48.56017682 ], [ 21.03078918, 48.5601223 ], [ 21.03069993, 48.56010045 ], [ 21.03053666, 48.56008877 ], [ 21.03028755, 48.56013639 ], [ 21.02975288, 48.55997928 ], [ 21.02974259, 48.55987574 ], [ 21.02973783, 48.55982696 ], [ 21.02973032, 48.55975152 ], [ 21.02972241, 48.55974118 ], [ 21.02968008, 48.55968134 ], [ 21.02963087, 48.559612 ], [ 21.02937837, 48.55923385 ], [ 21.02924683, 48.55894316 ], [ 21.02901446, 48.55887607 ], [ 21.02876489, 48.55885748 ], [ 21.02860166, 48.55884535 ], [ 21.02820241, 48.55885109 ], [ 21.02817016, 48.5586114 ], [ 21.02791556, 48.55847874 ], [ 21.02774386, 48.55836232 ], [ 21.0276576, 48.55820999 ], [ 21.02766284, 48.55783196 ], [ 21.02757896, 48.55772024 ], [ 21.02735043, 48.55761995 ], [ 21.02712561, 48.55761524 ], [ 21.02704445, 48.55752161 ], [ 21.02702595, 48.55746067 ], [ 21.02702753, 48.55736707 ], [ 21.02695975, 48.55723967 ], [ 21.02700694, 48.55717099 ], [ 21.02691379, 48.55703824 ], [ 21.02680564, 48.55692284 ], [ 21.02667052, 48.55694656 ], [ 21.02643516, 48.5571369 ], [ 21.02618064, 48.5573113 ], [ 21.02597398, 48.55737202 ], [ 21.02577195, 48.55735274 ], [ 21.02558937, 48.55725487 ], [ 21.02552966, 48.55716465 ], [ 21.02538299, 48.55718502 ], [ 21.02490055, 48.55723303 ], [ 21.02439342, 48.55728472 ], [ 21.02345757, 48.5572286 ], [ 21.02321529, 48.55720349 ], [ 21.0227942, 48.55722921 ], [ 21.02248569, 48.55721902 ], [ 21.0223019, 48.5571373 ], [ 21.02225795, 48.55701789 ], [ 21.02203071, 48.5568645 ], [ 21.02159551, 48.55675287 ], [ 21.02145509, 48.55673148 ], [ 21.02128945, 48.55670629 ], [ 21.02126223, 48.55670215 ], [ 21.02115701, 48.55668525 ], [ 21.02087804, 48.55658869 ], [ 21.02050963, 48.55652699 ], [ 21.02019385, 48.5565667 ], [ 21.02014209, 48.55657319 ], [ 21.01992052, 48.55660107 ], [ 21.01986328, 48.55660828 ], [ 21.01952122, 48.55662938 ], [ 21.0192744, 48.55659241 ], [ 21.01907973, 48.55651123 ], [ 21.01904303, 48.55638575 ], [ 21.01907651, 48.55633184 ], [ 21.01909178, 48.55630722 ], [ 21.01910321, 48.55628869 ], [ 21.01916701, 48.5562338 ], [ 21.019185, 48.55621827 ], [ 21.01934393, 48.55608143 ], [ 21.01935048, 48.55601231 ], [ 21.01930155, 48.55595937 ], [ 21.01872779, 48.55581433 ], [ 21.01822908, 48.55570878 ], [ 21.01814296, 48.55569053 ], [ 21.01790557, 48.55574481 ], [ 21.01783653, 48.55575027 ], [ 21.01779177, 48.55575375 ], [ 21.01751806, 48.55577522 ], [ 21.01744363, 48.55575475 ], [ 21.01735463, 48.55563933 ], [ 21.01734128, 48.55562205 ], [ 21.01729901, 48.55556717 ], [ 21.01714771, 48.55546851 ], [ 21.01702288, 48.55545087 ], [ 21.0169415, 48.5554869 ], [ 21.01686723, 48.55554928 ], [ 21.01684668, 48.55556652 ], [ 21.01677675, 48.55562526 ], [ 21.01675358, 48.55564475 ], [ 21.01670992, 48.55568068 ], [ 21.0165669, 48.55577887 ], [ 21.01635768, 48.55590972 ], [ 21.01628516, 48.55595415 ], [ 21.01624647, 48.55596367 ], [ 21.01620243, 48.55597212 ], [ 21.01616961, 48.55597554 ], [ 21.01612253, 48.55597038 ], [ 21.01542186, 48.55583553 ], [ 21.01537376, 48.55584384 ], [ 21.01533771, 48.55585436 ], [ 21.01530983, 48.55586424 ], [ 21.01528081, 48.55590929 ], [ 21.01524842, 48.55595946 ], [ 21.01522997, 48.55602458 ], [ 21.01520718, 48.55609506 ], [ 21.01519995, 48.55611724 ], [ 21.0151591, 48.55617352 ], [ 21.01513732, 48.55619261 ], [ 21.01511347, 48.55620128 ], [ 21.01507596, 48.55621489 ], [ 21.01502644, 48.55622226 ], [ 21.01492942, 48.55621544 ], [ 21.01463253, 48.55612277 ], [ 21.01409021, 48.55577614 ], [ 21.01406545, 48.55576271 ], [ 21.01401085, 48.5557492 ], [ 21.01397763, 48.55575801 ], [ 21.01396451, 48.55577018 ], [ 21.01385331, 48.55591418 ], [ 21.01362606, 48.55590575 ], [ 21.01351611, 48.5558886 ], [ 21.0133555, 48.55585987 ], [ 21.01316114, 48.55575852 ], [ 21.01306454, 48.55570283 ], [ 21.01300109, 48.55566624 ], [ 21.0129711, 48.5556448 ], [ 21.01295075, 48.55563035 ], [ 21.01287104, 48.55557368 ], [ 21.0125302, 48.55510945 ], [ 21.01238926, 48.55503544 ], [ 21.01234833, 48.55503859 ], [ 21.01220282, 48.5550797 ], [ 21.01213246, 48.55507736 ], [ 21.01206006, 48.55504795 ], [ 21.01203347, 48.55504077 ], [ 21.01193842, 48.55504212 ], [ 21.01162535, 48.55521905 ], [ 21.01153097, 48.55524744 ], [ 21.01142978, 48.55534854 ], [ 21.01136318, 48.55562099 ], [ 21.01134249, 48.55568865 ], [ 21.01129811, 48.55583324 ], [ 21.01127689, 48.55590268 ], [ 21.01108125, 48.5560871 ], [ 21.01029255, 48.55587132 ], [ 21.00984463, 48.55574887 ], [ 21.0095368, 48.55566474 ], [ 21.00873258, 48.55569859 ], [ 21.00845297, 48.55570102 ], [ 21.00800517, 48.55572129 ], [ 21.00739337, 48.55573972 ], [ 21.00726001, 48.55573818 ], [ 21.00652597, 48.55572986 ], [ 21.00635955, 48.5558324 ], [ 21.00632103, 48.55588632 ], [ 21.00623825, 48.55600217 ], [ 21.00622956, 48.55603115 ], [ 21.00614043, 48.5563285 ], [ 21.00596372, 48.55644151 ], [ 21.00586772, 48.55647344 ], [ 21.00571664, 48.55648013 ], [ 21.00554473, 48.55634926 ], [ 21.00542931, 48.55636884 ], [ 21.00465554, 48.55662862 ], [ 21.00424162, 48.5566491 ], [ 21.0038206, 48.55670986 ], [ 21.00353516, 48.55682556 ], [ 21.00301116, 48.55684868 ], [ 21.00270687, 48.55685443 ], [ 21.00237269, 48.5568608 ], [ 21.00228431, 48.55685993 ], [ 21.00210836, 48.55685832 ], [ 21.00190134, 48.55687117 ], [ 21.00096606, 48.55689602 ], [ 21.00084556, 48.55692894 ], [ 21.00074232, 48.55694892 ], [ 21.00069157, 48.55695624 ], [ 21.00026844, 48.55709886 ], [ 21.00001661, 48.55720036 ], [ 20.99997541, 48.5572251 ], [ 20.99980862, 48.55734302 ], [ 20.99956927, 48.5579338 ], [ 20.99952657, 48.55801432 ], [ 20.99911487, 48.55868862 ], [ 20.99884447, 48.55924136 ], [ 20.99812744, 48.55951396 ], [ 20.99712626, 48.55987923 ], [ 20.99716269, 48.5602935 ], [ 20.99718719, 48.56074537 ], [ 20.99720133, 48.5621579 ], [ 20.9972401, 48.56280728 ], [ 20.99762484, 48.5650007 ], [ 20.9978826, 48.56611021 ], [ 20.99799617, 48.5664948 ], [ 20.9980261, 48.5665962 ], [ 20.9980423, 48.56665122 ], [ 20.99805056, 48.56676477 ], [ 20.99805875, 48.56681268 ], [ 20.99807288, 48.5668933 ], [ 20.9981262, 48.56720259 ], [ 20.99849715, 48.56786606 ], [ 20.99853355, 48.56801837 ], [ 20.99870939, 48.56847158 ], [ 20.99880211, 48.56861838 ], [ 20.99894249, 48.56886906 ], [ 20.99914648, 48.56920812 ], [ 20.99919031, 48.5693017 ], [ 20.99931489, 48.56956752 ], [ 20.99947848, 48.56997286 ], [ 20.99950464, 48.57003793 ], [ 20.99953667, 48.57016372 ], [ 20.99972452, 48.57089683 ], [ 20.99979391, 48.57124511 ], [ 20.99980116, 48.57128209 ], [ 20.99985349, 48.57164789 ], [ 20.99991538, 48.57207759 ], [ 20.99997174, 48.57230369 ], [ 21.00026964, 48.57289656 ], [ 21.00038745, 48.57303834 ], [ 21.00057879, 48.57328107 ], [ 21.0009626, 48.57364546 ], [ 21.00209308, 48.57465156 ], [ 21.00223444, 48.57476719 ], [ 21.00251252, 48.57499542 ], [ 21.00309724, 48.57547435 ], [ 21.0032557, 48.57570167 ], [ 21.00334884, 48.57583254 ], [ 21.00337599, 48.57605208 ], [ 21.00340115, 48.5762584 ], [ 21.00354391, 48.57674814 ], [ 21.00371956, 48.57717972 ], [ 21.00383072, 48.57736855 ], [ 21.00388141, 48.57743777 ], [ 21.00393045, 48.57747847 ], [ 21.00398582, 48.57751453 ], [ 21.00405156, 48.57755696 ], [ 21.00432758, 48.57766689 ], [ 21.00437912, 48.57769426 ], [ 21.00445644, 48.57776499 ], [ 21.00456414, 48.57789887 ], [ 21.0046663, 48.57811 ], [ 21.00470588, 48.57821685 ], [ 21.00488103, 48.57859573 ], [ 21.00495498, 48.5787238 ], [ 21.00515397, 48.57906016 ], [ 21.00548118, 48.57971936 ], [ 21.00564094, 48.58007206 ], [ 21.00575879, 48.58050739 ], [ 21.00579887, 48.58062749 ], [ 21.00580854, 48.58079458 ], [ 21.00588921, 48.5811416 ], [ 21.0059143, 48.58124995 ], [ 21.00597783, 48.58172175 ], [ 21.00600455, 48.58207338 ], [ 21.00602619, 48.58285454 ], [ 21.00603228, 48.58313398 ], [ 21.00602588, 48.58320464 ], [ 21.00602, 48.5832664 ], [ 21.0059494, 48.58393527 ], [ 21.00593308, 48.58405459 ], [ 21.00589575, 48.58420958 ], [ 21.00588494, 48.58436402 ], [ 21.00586546, 48.58525494 ], [ 21.00586128, 48.58544561 ], [ 21.00588768, 48.58573122 ], [ 21.00590286, 48.58656746 ], [ 21.00586625, 48.58729663 ], [ 21.00586454, 48.58733025 ], [ 21.0058474, 48.58737578 ], [ 21.00582166, 48.58744355 ], [ 21.00577612, 48.58745347 ], [ 21.00600994, 48.58780008 ], [ 21.00608768, 48.58795006 ], [ 21.00614647, 48.58817326 ], [ 21.00615747, 48.5884218 ], [ 21.00612146, 48.58876828 ], [ 21.00606914, 48.58894574 ], [ 21.00583196, 48.58930311 ], [ 21.00553826, 48.58974775 ], [ 21.00545568, 48.58995924 ], [ 21.00531912, 48.59039343 ], [ 21.00512968, 48.59100163 ], [ 21.00501633, 48.59127918 ], [ 21.00486594, 48.5917419 ], [ 21.00469779, 48.59226203 ], [ 21.00461467, 48.59248232 ], [ 21.00454958, 48.59263639 ], [ 21.0045124, 48.59270459 ], [ 21.00444526, 48.59281015 ], [ 21.00427556, 48.59303198 ], [ 21.00407021, 48.59326019 ], [ 21.0040204, 48.5933195 ], [ 21.00388742, 48.59350077 ], [ 21.00390291, 48.59350417 ], [ 21.00343458, 48.59428925 ], [ 21.00306968, 48.59492485 ], [ 21.00288624, 48.59527473 ], [ 21.00267538, 48.59556687 ], [ 21.00256366, 48.59576487 ], [ 21.00248571, 48.59590564 ], [ 21.00237757, 48.59609034 ], [ 21.00224102, 48.59636541 ], [ 21.00219915, 48.59647775 ], [ 21.00213552, 48.59678865 ], [ 21.00202948, 48.5971147 ], [ 21.00187523, 48.59744267 ], [ 21.00165251, 48.59787021 ], [ 21.00164002, 48.59789366 ], [ 21.00163588, 48.59790181 ], [ 21.00135598, 48.59845559 ], [ 21.00122091, 48.59872359 ], [ 21.0011892, 48.59885959 ], [ 21.00115575, 48.59896284 ], [ 21.00108959, 48.59916677 ], [ 21.00094711, 48.5997939 ], [ 21.00088034, 48.60005274 ], [ 21.00078792, 48.60041022 ], [ 21.00065362, 48.60087131 ], [ 21.00064676, 48.60089567 ], [ 21.00055878, 48.60120521 ], [ 21.00053531, 48.60128773 ], [ 21.00052439, 48.60137309 ], [ 21.00051457, 48.60144922 ], [ 21.00051319, 48.60146025 ], [ 21.00048802, 48.60165896 ], [ 21.0004764, 48.60174988 ], [ 21.00044115, 48.60202633 ], [ 21.0002828, 48.60203953 ], [ 21.00021981, 48.60204482 ], [ 20.99969992, 48.60208825 ], [ 20.99967478, 48.60209039 ], [ 20.99962537, 48.60209748 ], [ 20.99961891, 48.60209844 ], [ 20.99953834, 48.60211008 ], [ 20.99943305, 48.60212541 ], [ 20.99940134, 48.60212994 ], [ 20.99935851, 48.60213617 ], [ 20.99932924, 48.60214258 ], [ 20.99917862, 48.60217567 ], [ 20.99914742, 48.60218256 ], [ 20.99907659, 48.60219812 ], [ 20.99898837, 48.60221744 ], [ 20.99889615, 48.6022377 ], [ 20.9988203, 48.60224967 ], [ 20.99864978, 48.60227652 ], [ 20.99829552, 48.60231113 ], [ 20.99823137, 48.60231737 ], [ 20.9982218, 48.60231831 ], [ 20.99817803, 48.60232262 ], [ 20.99815682, 48.60232471 ], [ 20.99811428, 48.60232888 ], [ 20.99809268, 48.60233095 ], [ 20.99805027, 48.60233513 ], [ 20.99807411, 48.60240057 ], [ 20.99825598, 48.60286001 ], [ 20.99841261, 48.6031304 ], [ 20.99845865, 48.60319505 ], [ 20.99848149, 48.60322697 ], [ 20.99849131, 48.6032408 ], [ 20.99862501, 48.60342831 ], [ 20.99892903, 48.60375177 ], [ 20.99894173, 48.60376525 ], [ 20.99894242, 48.60377761 ], [ 20.99894659, 48.60384466 ], [ 20.99908314, 48.60418696 ], [ 20.99908989, 48.60420375 ], [ 20.99917975, 48.6044288 ], [ 20.99920739, 48.60449797 ], [ 20.99923494, 48.60449456 ], [ 20.99924878, 48.60449286 ], [ 20.99926249, 48.60449116 ], [ 20.99927277, 48.60448988 ], [ 20.99927682, 48.6044883 ], [ 20.99928928, 48.6044834 ], [ 20.99929124, 48.60448266 ], [ 20.99930466, 48.60447743 ], [ 20.99936649, 48.60445337 ], [ 20.99961287, 48.60451531 ], [ 20.99982862, 48.60458001 ], [ 20.99984297, 48.60458427 ], [ 20.99996153, 48.60461981 ], [ 20.99997217, 48.60462278 ], [ 21.00005774, 48.60464579 ], [ 21.00005133, 48.60465332 ], [ 21.00008408, 48.60467098 ], [ 21.00010652, 48.60468307 ], [ 21.00011185, 48.60468622 ], [ 21.00014225, 48.60470443 ], [ 21.00017766, 48.6047264 ], [ 21.00026859, 48.60478264 ], [ 21.00027996, 48.6047904 ], [ 21.00029562, 48.60480056 ], [ 21.00030834, 48.60480836 ], [ 21.00038359, 48.60485471 ], [ 21.00038865, 48.60485785 ], [ 21.00039657, 48.60486091 ], [ 21.00043003, 48.60488525 ], [ 21.00044123, 48.60489337 ], [ 21.00053124, 48.60495651 ], [ 21.00070025, 48.60507396 ], [ 21.00077675, 48.60512359 ], [ 21.00086697, 48.60518215 ], [ 21.00090219, 48.60520664 ], [ 21.00101884, 48.60528912 ], [ 21.00110527, 48.60535115 ], [ 21.00112592, 48.60536534 ], [ 21.00127291, 48.60546883 ], [ 21.00129178, 48.60548134 ], [ 21.00139346, 48.60555369 ], [ 21.00159198, 48.60560035 ], [ 21.0017354, 48.60563401 ], [ 21.00186603, 48.60566635 ], [ 21.00198443, 48.60569514 ], [ 21.00210963, 48.60572558 ], [ 21.00248712, 48.60581708 ], [ 21.00252001, 48.60582565 ], [ 21.00272891, 48.60587157 ], [ 21.0030305, 48.60593794 ], [ 21.00335212, 48.60600867 ], [ 21.00342311, 48.60602346 ], [ 21.00346723, 48.60603257 ], [ 21.00352084, 48.60604372 ], [ 21.00385092, 48.60612652 ], [ 21.0042655, 48.6062305 ], [ 21.00444887, 48.60627647 ], [ 21.00450564, 48.60629069 ], [ 21.00505628, 48.60638009 ], [ 21.00514012, 48.60639367 ], [ 21.00549493, 48.60643677 ], [ 21.00578192, 48.60647168 ], [ 21.00644335, 48.60653971 ], [ 21.00668997, 48.60656805 ], [ 21.00687125, 48.60658946 ], [ 21.00696779, 48.60660031 ], [ 21.00702932, 48.60660721 ], [ 21.00704494, 48.60660899 ], [ 21.00708369, 48.6066137 ], [ 21.00710374, 48.60661607 ], [ 21.00712998, 48.60662108 ], [ 21.00734509, 48.60666207 ], [ 21.00796282, 48.6067317 ], [ 21.00812095, 48.60674685 ], [ 21.00857208, 48.60684698 ], [ 21.0087512, 48.60696394 ], [ 21.0087653, 48.60697143 ], [ 21.00889277, 48.60703851 ], [ 21.00893196, 48.60705907 ], [ 21.0091112, 48.60715101 ], [ 21.00914662, 48.6071692 ], [ 21.00927853, 48.60723696 ], [ 21.0096608, 48.60730671 ], [ 21.00994891, 48.60734308 ], [ 21.01020211, 48.60745187 ], [ 21.01047513, 48.60754808 ], [ 21.01102519, 48.60764553 ], [ 21.01123321, 48.60767619 ], [ 21.01162601, 48.60772341 ], [ 21.0116252, 48.6077811 ], [ 21.01162336, 48.60791557 ], [ 21.01162252, 48.60798821 ], [ 21.0116213, 48.6080784 ], [ 21.01161942, 48.60821881 ], [ 21.0116184, 48.60829369 ], [ 21.01161825, 48.60830657 ], [ 21.01161805, 48.60832187 ], [ 21.01167188, 48.60832284 ], [ 21.01180558, 48.60832528 ], [ 21.0120539, 48.60832756 ], [ 21.01260961, 48.60835189 ], [ 21.01312031, 48.60838067 ], [ 21.0136738, 48.60843266 ], [ 21.01370164, 48.60843259 ], [ 21.01370947, 48.60861196 ], [ 21.01369236, 48.60883047 ], [ 21.01367086, 48.60910369 ], [ 21.0136476, 48.60961699 ], [ 21.01366095, 48.61002094 ], [ 21.01366818, 48.6102426 ], [ 21.0136681, 48.610343 ], [ 21.01366796, 48.61049103 ], [ 21.01368087, 48.61078168 ], [ 21.01369361, 48.61106899 ], [ 21.01370433, 48.61129483 ], [ 21.01367665, 48.61166283 ], [ 21.01363712, 48.6118201 ], [ 21.01362829, 48.61191228 ], [ 21.01362429, 48.61195456 ], [ 21.01361491, 48.61205231 ], [ 21.01360838, 48.61212107 ], [ 21.0136111, 48.6121534 ], [ 21.0136202, 48.61225996 ], [ 21.0136443, 48.6125408 ], [ 21.01353781, 48.61299787 ], [ 21.01352305, 48.6130623 ], [ 21.01346493, 48.61331684 ], [ 21.01339128, 48.61363893 ], [ 21.01336303, 48.61385014 ], [ 21.01336733, 48.61395726 ], [ 21.01340035, 48.61413034 ], [ 21.01343293, 48.61447351 ], [ 21.013455, 48.61493474 ], [ 21.01346568, 48.61536516 ], [ 21.01353638, 48.61605924 ], [ 21.01360945, 48.61646173 ], [ 21.01371431, 48.61691471 ], [ 21.01389788, 48.61734328 ], [ 21.01406602, 48.61768445 ], [ 21.01434981, 48.61809517 ], [ 21.01462909, 48.61858031 ], [ 21.01470183, 48.61878153 ], [ 21.01482846, 48.61909143 ], [ 21.01487076, 48.6192333 ], [ 21.01491642, 48.61944975 ], [ 21.01501557, 48.61975127 ], [ 21.01512393, 48.61995745 ], [ 21.01534021, 48.62021682 ], [ 21.01555395, 48.62049727 ], [ 21.01576426, 48.62083604 ], [ 21.01593512, 48.62116847 ], [ 21.01602131, 48.62145839 ], [ 21.01603884, 48.62151066 ], [ 21.01606856, 48.62159943 ], [ 21.01608131, 48.62163767 ], [ 21.01610038, 48.62169467 ], [ 21.0161506, 48.62188489 ], [ 21.01617668, 48.62198417 ], [ 21.01623726, 48.62221363 ], [ 21.01621709, 48.6222308 ], [ 21.01617965, 48.6222627 ], [ 21.01650533, 48.62252316 ], [ 21.0167922, 48.62275262 ], [ 21.0168808, 48.62282245 ], [ 21.01706725, 48.62296936 ], [ 21.01725819, 48.62311974 ], [ 21.0173068, 48.62318681 ], [ 21.01734693, 48.62324198 ], [ 21.01739972, 48.62330946 ], [ 21.01751395, 48.62338536 ], [ 21.01756125, 48.62353856 ], [ 21.017675, 48.62396608 ], [ 21.01781546, 48.6244106 ], [ 21.01774957, 48.62442337 ], [ 21.01775493, 48.62456897 ], [ 21.01775061, 48.62464276 ], [ 21.01773977, 48.62482321 ], [ 21.0177383, 48.62494752 ], [ 21.01773711, 48.62505202 ], [ 21.01773654, 48.62510117 ], [ 21.01773204, 48.62549903 ], [ 21.0175507, 48.6258263 ], [ 21.01752684, 48.62582019 ], [ 21.01752107, 48.6259096 ], [ 21.01753129, 48.62598693 ], [ 21.01757406, 48.6261534 ], [ 21.0175767, 48.62616348 ], [ 21.01758734, 48.62620453 ], [ 21.01758985, 48.62621443 ], [ 21.01771767, 48.62671147 ], [ 21.01775091, 48.62684044 ], [ 21.01777794, 48.62690724 ], [ 21.017886, 48.62706362 ], [ 21.01799288, 48.62715792 ], [ 21.01841755, 48.62748999 ], [ 21.01868323, 48.62781194 ], [ 21.01877907, 48.62795927 ], [ 21.01891483, 48.62825325 ], [ 21.01903783, 48.62845119 ], [ 21.0191758, 48.62858379 ], [ 21.01928076, 48.62875618 ], [ 21.01941296, 48.62900538 ], [ 21.01949278, 48.62916704 ], [ 21.01957522, 48.62934625 ], [ 21.01987219, 48.63000069 ], [ 21.01993826, 48.63011768 ], [ 21.0199784, 48.63018726 ], [ 21.02003324, 48.63027282 ], [ 21.02011449, 48.63034862 ], [ 21.02018171, 48.63039955 ], [ 21.0205671, 48.63062019 ], [ 21.02074461, 48.63072032 ], [ 21.0209019, 48.63077837 ], [ 21.02112039, 48.63087176 ], [ 21.02116187, 48.63090554 ], [ 21.02125899, 48.63101608 ], [ 21.02137295, 48.63116284 ], [ 21.02146287, 48.63133482 ], [ 21.02149705, 48.63143509 ], [ 21.02155543, 48.63160747 ], [ 21.02157334, 48.6316602 ], [ 21.02161636, 48.63180191 ], [ 21.02164205, 48.63188677 ], [ 21.02174001, 48.63205118 ], [ 21.02176503, 48.63214134 ], [ 21.02175968, 48.63224516 ], [ 21.02172104, 48.63240156 ], [ 21.02167104, 48.63251202 ], [ 21.02160128, 48.63262515 ], [ 21.02156459, 48.63272308 ], [ 21.02153666, 48.63280014 ], [ 21.0215451, 48.63288488 ], [ 21.02159748, 48.63316611 ], [ 21.02163007, 48.63331837 ], [ 21.02164045, 48.63347504 ], [ 21.02162681, 48.63362406 ], [ 21.02163561, 48.63373484 ], [ 21.02166387, 48.63420707 ], [ 21.02165597, 48.63434494 ], [ 21.02164609, 48.63460674 ], [ 21.02169092, 48.63492347 ], [ 21.02171266, 48.63505908 ], [ 21.02172012, 48.63518773 ], [ 21.02168196, 48.63530515 ], [ 21.02164147, 48.63541916 ], [ 21.02155098, 48.63554782 ], [ 21.02151158, 48.63559848 ], [ 21.02143157, 48.63570146 ], [ 21.02139743, 48.63576535 ], [ 21.02137568, 48.63582163 ], [ 21.02136522, 48.63584875 ], [ 21.02135643, 48.63587169 ], [ 21.02135009, 48.63597053 ], [ 21.02135157, 48.63608107 ], [ 21.0213726, 48.63620278 ], [ 21.02138748, 48.63628864 ], [ 21.02141491, 48.63643533 ], [ 21.0214257, 48.63649791 ], [ 21.02143066, 48.63657839 ], [ 21.02143451, 48.63664119 ], [ 21.02144101, 48.6366903 ], [ 21.02144606, 48.63672801 ], [ 21.02147518, 48.63694806 ], [ 21.02153354, 48.6372818 ], [ 21.02157517, 48.6375091 ], [ 21.02161949, 48.63770227 ], [ 21.02165404, 48.63783019 ], [ 21.02171397, 48.63797841 ], [ 21.02176816, 48.63810536 ], [ 21.02177915, 48.63818694 ], [ 21.02183091, 48.63847842 ], [ 21.02185313, 48.63863844 ], [ 21.02193163, 48.63889937 ], [ 21.02203881, 48.63920195 ], [ 21.02215769, 48.6395114 ], [ 21.02219263, 48.6396505 ], [ 21.02218771, 48.63978108 ], [ 21.02219934, 48.64000082 ], [ 21.02223402, 48.64014333 ], [ 21.0222776, 48.64023248 ], [ 21.02231731, 48.64027359 ], [ 21.02237241, 48.6403071 ], [ 21.02247461, 48.64036648 ], [ 21.02255142, 48.64040395 ], [ 21.02334333, 48.64070912 ], [ 21.02402145, 48.64083422 ], [ 21.02452286, 48.64102391 ], [ 21.02496466, 48.64123837 ], [ 21.02528256, 48.64148342 ], [ 21.02543492, 48.64151725 ], [ 21.02564707, 48.64160528 ], [ 21.02557242, 48.64167666 ], [ 21.02564239, 48.6417402 ], [ 21.0256116, 48.64184274 ], [ 21.02549645, 48.64183804 ], [ 21.02546222, 48.64196838 ], [ 21.02573533, 48.64213136 ], [ 21.02580384, 48.64241365 ], [ 21.02592574, 48.64252753 ], [ 21.02582947, 48.6426153 ], [ 21.02586, 48.64267934 ], [ 21.02596535, 48.64276025 ], [ 21.02583992, 48.64280204 ], [ 21.02581268, 48.64280294 ], [ 21.02583575, 48.64318369 ], [ 21.02584024, 48.64353322 ], [ 21.02575658, 48.64391315 ], [ 21.02570106, 48.64403739 ], [ 21.0256691, 48.64410117 ], [ 21.02541081, 48.64453379 ], [ 21.02522108, 48.64496525 ], [ 21.02512087, 48.64517805 ], [ 21.02522156, 48.64528492 ], [ 21.02523425, 48.64533307 ], [ 21.02533031, 48.6458639 ], [ 21.02545151, 48.64607418 ], [ 21.02571498, 48.64644206 ], [ 21.02626375, 48.64702472 ], [ 21.0265083, 48.64720656 ], [ 21.02709529, 48.64775086 ], [ 21.02744392, 48.6478677 ], [ 21.02793818, 48.64819913 ], [ 21.02815063, 48.64828357 ], [ 21.02818337, 48.64842692 ], [ 21.02854034, 48.64866828 ], [ 21.0289382, 48.64894431 ], [ 21.02919156, 48.64908142 ], [ 21.02943803, 48.64940109 ], [ 21.02947318, 48.64947608 ], [ 21.02972893, 48.65030661 ], [ 21.02995558, 48.65067335 ], [ 21.03031859, 48.65139665 ], [ 21.03070258, 48.65205761 ], [ 21.03085625, 48.65231029 ], [ 21.03100119, 48.6526068 ], [ 21.03137335, 48.65289998 ], [ 21.0323994, 48.65339026 ], [ 21.03265507, 48.65358776 ], [ 21.03275323, 48.6536271 ], [ 21.03281446, 48.65365162 ], [ 21.03311557, 48.65377219 ], [ 21.033197, 48.65380998 ], [ 21.03348391, 48.6539896 ], [ 21.03351456, 48.65401582 ], [ 21.03418607, 48.65486919 ], [ 21.03420974, 48.65488158 ], [ 21.0341784, 48.65458854 ], [ 21.03419486, 48.65409635 ] ] ] } },
{ "type": "Feature", "properties": { "@featureType": "CadastralZoning", "beginLifespanVersion": { "@nilReason": "http://inspire.ec.europa.eu/codelist/VoidReasonValue/Unpopulated", "@nil": "true" }, "endLifespanVersion": { "@nilReason": "http://inspire.ec.europa.eu/codelist/VoidReasonValue/Unpopulated", "@nil": "true" }, "estimatedAccuracy": { "value": -1, "@uom": "m" }, "inspireId": { "@dataType": "Identifier", "localId": "807486", "namespace": "SK.ESKN.CP", "versionId": "20260703T04:07:40" }, "label": "Buzica", "level": { "@href": "http://inspire.ec.europa.eu/codelist/CadastralZoningLevelValue/3rdOrder" }, "levelName": { "value": "Katastrálne územie", "@locale": "sk" }, "name_1": { "@dataType": "name", "GeographicalName": { "@dataType": "GeographicalName", "language": "SLK", "nativeness": { "@href": "http://inspire.ec.europa.eu/codelist/NativenessValue/endonym", "@title": "endonym" }, "nameStatus": { "@href": "http://inspire.ec.europa.eu/codelist/NameStatusValue/official", "@title": "official" }, "sourceOfName": { "@nilReason": "http://inspire.ec.europa.eu/codelist/VoidReasonValue/Unpopulated", "@nil": "true" }, "pronunciation": { "@dataType": "pronunciation", "@nilReason": "http://inspire.ec.europa.eu/codelist/VoidReasonValue/Unpopulated", "@nil": "true" }, "spelling": { "@dataType": "SpellingOfName", "text": "Buzica", "script": "LATN" } } }, "nationalCadastalZoningReference": "807486", "validFrom": "2026-06-30T16:00:00Z", "validTo": { "@nilReason": "http://inspire.ec.europa.eu/codelist/VoidReasonValue/Unpopulated", "@nil": "true" }, "place_id": 189396049, "osm_type": "relation", "osm_id": 388209, "place_rank": 12, "category": "boundary", "type": "administrative", "importance": 0.54120382821693425, "addresstype": "county", "name_2": "okres Košice-okolie", "display_name": "okres Košice-okolie, Košický kraj, Slovensko" }, "geometry": { "type": "Polygon", "coordinates": [ [ [ 21.06860715, 48.56192754 ], [ 21.06871098, 48.56189941 ], [ 21.06894335, 48.56174932 ], [ 21.06910058, 48.56163379 ], [ 21.06922684, 48.56151896 ], [ 21.06940448, 48.5613733 ], [ 21.06975044, 48.56110724 ], [ 21.06985725, 48.56102411 ], [ 21.07001199, 48.56090372 ], [ 21.07005878, 48.56086725 ], [ 21.07033785, 48.56068725 ], [ 21.07055719, 48.56055006 ], [ 21.07079091, 48.56040362 ], [ 21.0709242, 48.56032179 ], [ 21.07100166, 48.56027416 ], [ 21.07103776, 48.56025202 ], [ 21.0710674, 48.56023083 ], [ 21.07114561, 48.56017495 ], [ 21.07132272, 48.56000144 ], [ 21.07144177, 48.55988493 ], [ 21.07149457, 48.55983686 ], [ 21.07156831, 48.55976975 ], [ 21.07169311, 48.55965613 ], [ 21.07182264, 48.55954446 ], [ 21.07185189, 48.55951948 ], [ 21.0719492, 48.55943639 ], [ 21.07204439, 48.55934153 ], [ 21.07223693, 48.55912638 ], [ 21.07224953, 48.55911185 ], [ 21.07251817, 48.55880121 ], [ 21.07257016, 48.558755 ], [ 21.07289192, 48.55846888 ], [ 21.07309751, 48.55828622 ], [ 21.07309968, 48.55793962 ], [ 21.07310251, 48.55791243 ], [ 21.07311424, 48.55779782 ], [ 21.07315138, 48.55770097 ], [ 21.07322721, 48.55760187 ], [ 21.07328129, 48.55753097 ], [ 21.07337634, 48.55738108 ], [ 21.07337766, 48.55737977 ], [ 21.07355909, 48.55720082 ], [ 21.0737354, 48.55702702 ], [ 21.07379554, 48.55696766 ], [ 21.07392176, 48.55683274 ], [ 21.07397036, 48.55678093 ], [ 21.07411168, 48.55664542 ], [ 21.07422221, 48.55653926 ], [ 21.07433095, 48.5565564 ], [ 21.07439528, 48.55656507 ], [ 21.07453722, 48.55652026 ], [ 21.07468444, 48.55637657 ], [ 21.07490442, 48.55640814 ], [ 21.07512494, 48.55647286 ], [ 21.07516482, 48.55649856 ], [ 21.07522084, 48.55652794 ], [ 21.07546011, 48.55648765 ], [ 21.0756342, 48.55652349 ], [ 21.07564998, 48.55652661 ], [ 21.07569584, 48.55653567 ], [ 21.07570306, 48.55653708 ], [ 21.07596621, 48.55658472 ], [ 21.07599337, 48.55657877 ], [ 21.07602586, 48.55657235 ], [ 21.07626006, 48.5565309 ], [ 21.07647632, 48.55655406 ], [ 21.07657588, 48.55645681 ], [ 21.07658593, 48.55635206 ], [ 21.07661319, 48.55613918 ], [ 21.07668872, 48.55610283 ], [ 21.07713851, 48.55588615 ], [ 21.0772352, 48.55586075 ], [ 21.07740036, 48.55581733 ], [ 21.07759069, 48.55574725 ], [ 21.07785613, 48.55559679 ], [ 21.07791927, 48.55556102 ], [ 21.0786915, 48.5556048 ], [ 21.07901164, 48.55559513 ], [ 21.07904387, 48.55559411 ], [ 21.07947701, 48.55544838 ], [ 21.07993418, 48.55492766 ], [ 21.08039852, 48.55491963 ], [ 21.08075662, 48.55493965 ], [ 21.08119245, 48.55471881 ], [ 21.08120603, 48.55470935 ], [ 21.08125537, 48.55467493 ], [ 21.08127183, 48.55465764 ], [ 21.08127507, 48.55465423 ], [ 21.0812936, 48.55463476 ], [ 21.08131884, 48.55460514 ], [ 21.08208932, 48.55370175 ], [ 21.08289576, 48.55362883 ], [ 21.08293809, 48.55362498 ], [ 21.08294576, 48.55361487 ], [ 21.08297525, 48.55361583 ], [ 21.08297971, 48.55361616 ], [ 21.08306383, 48.55362303 ], [ 21.08310779, 48.55362662 ], [ 21.08312776, 48.5536298 ], [ 21.08313726, 48.55362056 ], [ 21.08336977, 48.55336636 ], [ 21.08350095, 48.55327049 ], [ 21.08406064, 48.55325672 ], [ 21.08422013, 48.55321084 ], [ 21.0844546, 48.55314346 ], [ 21.08469668, 48.55291379 ], [ 21.08476776, 48.55281624 ], [ 21.08486094, 48.55278856 ], [ 21.08505501, 48.55280171 ], [ 21.08512873, 48.55284489 ], [ 21.08526942, 48.55292726 ], [ 21.08535822, 48.55297931 ], [ 21.08537004, 48.55298825 ], [ 21.0854613, 48.55305659 ], [ 21.08562079, 48.5531763 ], [ 21.08578617, 48.55320887 ], [ 21.0862099, 48.55290135 ], [ 21.08639339, 48.55298457 ], [ 21.08655218, 48.55299243 ], [ 21.08707591, 48.55289229 ], [ 21.08734361, 48.55284858 ], [ 21.0876827, 48.55279323 ], [ 21.08772979, 48.55278557 ], [ 21.08775642, 48.55278121 ], [ 21.08779126, 48.55277595 ], [ 21.08780736, 48.55277287 ], [ 21.08789005, 48.55275683 ], [ 21.08791771, 48.55275151 ], [ 21.08794707, 48.55274508 ], [ 21.08796194, 48.55274205 ], [ 21.08824046, 48.5526859 ], [ 21.08808398, 48.55235027 ], [ 21.08804064, 48.55225738 ], [ 21.0879993, 48.5521686 ], [ 21.08795937, 48.55208284 ], [ 21.08791778, 48.55199379 ], [ 21.08787503, 48.55190209 ], [ 21.08783333, 48.55181267 ], [ 21.08779304, 48.55172627 ], [ 21.08775077, 48.55163549 ], [ 21.08772382, 48.55157788 ], [ 21.08769505, 48.55145098 ], [ 21.08767302, 48.55135427 ], [ 21.08765625, 48.55126162 ], [ 21.08765413, 48.55124984 ], [ 21.08765384, 48.55122615 ], [ 21.0876521, 48.55117063 ], [ 21.08765108, 48.55113286 ], [ 21.08764965, 48.55107861 ], [ 21.08764606, 48.55093965 ], [ 21.08764509, 48.55079635 ], [ 21.08764446, 48.5506999 ], [ 21.08764417, 48.55065414 ], [ 21.08764382, 48.55060731 ], [ 21.08790747, 48.55038473 ], [ 21.08791152, 48.55038126 ], [ 21.08799656, 48.55030946 ], [ 21.08808101, 48.55023819 ], [ 21.08809113, 48.55022969 ], [ 21.08812425, 48.55015009 ], [ 21.08818083, 48.5500264 ], [ 21.08823579, 48.54990627 ], [ 21.08827134, 48.54982881 ], [ 21.08829625, 48.5498036 ], [ 21.0883074, 48.54979216 ], [ 21.08832549, 48.54977303 ], [ 21.08836577, 48.54973616 ], [ 21.08838032, 48.54972277 ], [ 21.08838165, 48.54972137 ], [ 21.08839065, 48.54971149 ], [ 21.08856259, 48.54954977 ], [ 21.08859377, 48.54952052 ], [ 21.08871262, 48.54900618 ], [ 21.08874988, 48.54884459 ], [ 21.08891598, 48.54848602 ], [ 21.08915284, 48.548312 ], [ 21.09088893, 48.54767229 ], [ 21.09095478, 48.54764922 ], [ 21.0909316, 48.5474998 ], [ 21.09090186, 48.54742473 ], [ 21.09087116, 48.54739042 ], [ 21.09084447, 48.54736056 ], [ 21.09066241, 48.54722328 ], [ 21.09071612, 48.54721944 ], [ 21.09078025, 48.54720315 ], [ 21.0908039, 48.54719689 ], [ 21.09087054, 48.54719797 ], [ 21.09085852, 48.54718444 ], [ 21.09189024, 48.5470045 ], [ 21.09226151, 48.54693703 ], [ 21.09323132, 48.54680775 ], [ 21.09416373, 48.54667599 ], [ 21.09556022, 48.54650362 ], [ 21.09584463, 48.546448 ], [ 21.09590127, 48.5464375 ], [ 21.09587926, 48.54639744 ], [ 21.09585487, 48.54635297 ], [ 21.09582566, 48.54629647 ], [ 21.0956867, 48.54610216 ], [ 21.09542185, 48.545794 ], [ 21.09525504, 48.54567784 ], [ 21.09514409, 48.54560059 ], [ 21.09517814, 48.54560043 ], [ 21.095193, 48.54559749 ], [ 21.09638904, 48.54534738 ], [ 21.09679522, 48.54533605 ], [ 21.09713971, 48.54531524 ], [ 21.09768674, 48.54532855 ], [ 21.09806809, 48.54530074 ], [ 21.09885069, 48.54526395 ], [ 21.09910682, 48.54523118 ], [ 21.09941762, 48.54522971 ], [ 21.09962285, 48.54520871 ], [ 21.09982267, 48.54519663 ], [ 21.10005786, 48.54519614 ], [ 21.10005916, 48.54516179 ], [ 21.10061773, 48.54515087 ], [ 21.10072071, 48.54515942 ], [ 21.10089356, 48.54517303 ], [ 21.10093185, 48.54517607 ], [ 21.10156181, 48.54524382 ], [ 21.10169598, 48.54524311 ], [ 21.1021688, 48.5453308 ], [ 21.10218776, 48.54533115 ], [ 21.10220848, 48.54533146 ], [ 21.10275407, 48.54491338 ], [ 21.10310647, 48.54464042 ], [ 21.10316571, 48.54459452 ], [ 21.10333311, 48.5443995 ], [ 21.10343127, 48.54388583 ], [ 21.10356017, 48.543454 ], [ 21.10354858, 48.54333837 ], [ 21.1035426, 48.54327947 ], [ 21.10353398, 48.54319545 ], [ 21.10352876, 48.54314279 ], [ 21.10350633, 48.54301033 ], [ 21.1035594, 48.54289877 ], [ 21.10366818, 48.54273571 ], [ 21.1037308, 48.54255864 ], [ 21.10375399, 48.54249384 ], [ 21.10385798, 48.54219645 ], [ 21.1039631, 48.54176701 ], [ 21.1040529, 48.54133573 ], [ 21.1042283, 48.54039171 ], [ 21.10443032, 48.54012379 ], [ 21.10458217, 48.53997247 ], [ 21.10468581, 48.53976287 ], [ 21.1046956, 48.53949432 ], [ 21.10472999, 48.539077 ], [ 21.10478886, 48.5387308 ], [ 21.10482544, 48.5383872 ], [ 21.10486899, 48.5382648 ], [ 21.10490878, 48.53815308 ], [ 21.10493432, 48.53808214 ], [ 21.10495903, 48.53798912 ], [ 21.10494772, 48.53789186 ], [ 21.10494835, 48.53782597 ], [ 21.10499137, 48.53773489 ], [ 21.10502277, 48.53771897 ], [ 21.1051155, 48.5376711 ], [ 21.10524322, 48.53764893 ], [ 21.1053053, 48.53762141 ], [ 21.10534971, 48.53757611 ], [ 21.10539275, 48.53749754 ], [ 21.10538553, 48.53741483 ], [ 21.10536223, 48.53733313 ], [ 21.10533582, 48.53728833 ], [ 21.1053216, 48.53726401 ], [ 21.10531438, 48.53725162 ], [ 21.10526707, 48.53720147 ], [ 21.10525035, 48.53718544 ], [ 21.10524287, 48.53717836 ], [ 21.10523375, 48.5371696 ], [ 21.1052278, 48.53716382 ], [ 21.10522066, 48.53712622 ], [ 21.10523398, 48.53711099 ], [ 21.10527749, 48.53709267 ], [ 21.10532305, 48.53709261 ], [ 21.10534474, 48.53709269 ], [ 21.10535491, 48.53709265 ], [ 21.10543895, 48.537106 ], [ 21.10551778, 48.5371126 ], [ 21.10563794, 48.53704562 ], [ 21.10570004, 48.53699747 ], [ 21.10575793, 48.53697359 ], [ 21.10583402, 48.53695471 ], [ 21.10592978, 48.53693025 ], [ 21.10594738, 48.53692875 ], [ 21.10598967, 48.53692525 ], [ 21.10606409, 48.53692171 ], [ 21.10610643, 48.53690453 ], [ 21.10611705, 48.53686886 ], [ 21.10610653, 48.53682557 ], [ 21.10609821, 48.53680954 ], [ 21.10608336, 48.53678088 ], [ 21.10624548, 48.5365095 ], [ 21.10633023, 48.53634467 ], [ 21.10640583, 48.53624744 ], [ 21.10647253, 48.53618836 ], [ 21.1065551, 48.5361569 ], [ 21.10667619, 48.53612156 ], [ 21.10671961, 48.53611008 ], [ 21.10676773, 48.53609723 ], [ 21.10682165, 48.53607016 ], [ 21.10687559, 48.53603706 ], [ 21.10690975, 48.53598359 ], [ 21.10694424, 48.53589404 ], [ 21.1069498, 48.53582362 ], [ 21.1069495, 48.53575743 ], [ 21.10701767, 48.53565239 ], [ 21.10708005, 48.53557445 ], [ 21.10710707, 48.53553327 ], [ 21.1071627, 48.53541243 ], [ 21.1071761, 48.5353257 ], [ 21.10742207, 48.53500526 ], [ 21.10757419, 48.53483135 ], [ 21.10767697, 48.53468502 ], [ 21.10781997, 48.53449298 ], [ 21.10791327, 48.53433545 ], [ 21.10796702, 48.53414206 ], [ 21.10796631, 48.53394628 ], [ 21.10796231, 48.53372321 ], [ 21.10796171, 48.53368708 ], [ 21.10800102, 48.53346504 ], [ 21.10802598, 48.53338895 ], [ 21.10808822, 48.5333147 ], [ 21.10812801, 48.5332787 ], [ 21.10805349, 48.53302066 ], [ 21.10788236, 48.53296012 ], [ 21.10775557, 48.53287345 ], [ 21.10767592, 48.53277624 ], [ 21.10765335, 48.53274751 ], [ 21.10756815, 48.53272414 ], [ 21.10740183, 48.53266825 ], [ 21.10730476, 48.53257381 ], [ 21.10719975, 48.5325434 ], [ 21.10712596, 48.53254012 ], [ 21.10704799, 48.53257182 ], [ 21.10696754, 48.53256886 ], [ 21.10674871, 48.53239683 ], [ 21.10659242, 48.5322613 ], [ 21.10654147, 48.53221481 ], [ 21.10650956, 48.53218587 ], [ 21.10646794, 48.532097 ], [ 21.10647484, 48.53200277 ], [ 21.10646398, 48.53195298 ], [ 21.10645717, 48.53192206 ], [ 21.10645462, 48.53191054 ], [ 21.10644009, 48.53184425 ], [ 21.10641734, 48.5317921 ], [ 21.10636252, 48.53166697 ], [ 21.10630232, 48.53156715 ], [ 21.10617549, 48.53149218 ], [ 21.10598231, 48.53140877 ], [ 21.10573662, 48.53132591 ], [ 21.10564194, 48.53127108 ], [ 21.10556783, 48.53121313 ], [ 21.10547956, 48.53117993 ], [ 21.10544589, 48.53117326 ], [ 21.10537853, 48.53116 ], [ 21.10531033, 48.53113052 ], [ 21.10521352, 48.53106778 ], [ 21.10513401, 48.53099839 ], [ 21.10506062, 48.53091759 ], [ 21.10505516, 48.53086258 ], [ 21.10508862, 48.53084817 ], [ 21.10510738, 48.53084005 ], [ 21.10511916, 48.53083466 ], [ 21.10519084, 48.53080196 ], [ 21.10520503, 48.53079512 ], [ 21.10525113, 48.53077293 ], [ 21.1053021, 48.53072848 ], [ 21.10533559, 48.53063231 ], [ 21.10524965, 48.5306063 ], [ 21.1051408, 48.53059684 ], [ 21.10509253, 48.53057835 ], [ 21.10504454, 48.53049144 ], [ 21.10500095, 48.53041097 ], [ 21.10507291, 48.53036882 ], [ 21.10523172, 48.53030336 ], [ 21.10523116, 48.53020735 ], [ 21.10520796, 48.53006703 ], [ 21.10525523, 48.53003434 ], [ 21.1053201, 48.52996684 ], [ 21.10536971, 48.52991514 ], [ 21.10539486, 48.52983653 ], [ 21.10521098, 48.52980015 ], [ 21.10512382, 48.52972053 ], [ 21.10510196, 48.52964517 ], [ 21.10509161, 48.52935724 ], [ 21.105088, 48.52925483 ], [ 21.10512096, 48.52905672 ], [ 21.10508761, 48.52899009 ], [ 21.1047571, 48.52880877 ], [ 21.10447842, 48.52866209 ], [ 21.10429548, 48.5285094 ], [ 21.10433193, 48.52823045 ], [ 21.1042921, 48.52800081 ], [ 21.10398936, 48.52791791 ], [ 21.10393444, 48.52788858 ], [ 21.10390704, 48.52787391 ], [ 21.10379473, 48.52781382 ], [ 21.10374085, 48.52778507 ], [ 21.1035443, 48.52768867 ], [ 21.10347401, 48.52760454 ], [ 21.10342176, 48.52740935 ], [ 21.10344522, 48.52726325 ], [ 21.10343073, 48.52699121 ], [ 21.10360532, 48.52684342 ], [ 21.10361261, 48.52675145 ], [ 21.10356658, 48.52654169 ], [ 21.10350822, 48.52650748 ], [ 21.10351352, 48.52648703 ], [ 21.10355044, 48.52634208 ], [ 21.10360158, 48.52614195 ], [ 21.10363634, 48.52591742 ], [ 21.10365541, 48.52579414 ], [ 21.10367682, 48.52565571 ], [ 21.10369719, 48.52552392 ], [ 21.10371539, 48.52540691 ], [ 21.10373468, 48.52528246 ], [ 21.10375043, 48.52518041 ], [ 21.10378921, 48.52492883 ], [ 21.10378635, 48.52489019 ], [ 21.10383473, 48.52482936 ], [ 21.10383693, 48.52467726 ], [ 21.10383731, 48.52464251 ], [ 21.10385116, 48.52356234 ], [ 21.10369166, 48.52323258 ], [ 21.10433834, 48.52281525 ], [ 21.1044121, 48.52282052 ], [ 21.1046647, 48.52260313 ], [ 21.10482319, 48.52248246 ], [ 21.10517237, 48.52235671 ], [ 21.10519615, 48.52216172 ], [ 21.10516656, 48.52206235 ], [ 21.10516959, 48.52171209 ], [ 21.10507899, 48.5214908 ], [ 21.10492479, 48.52129969 ], [ 21.10490153, 48.52127112 ], [ 21.10490727, 48.52120017 ], [ 21.1050671, 48.52111304 ], [ 21.10514712, 48.52103288 ], [ 21.10512257, 48.5207426 ], [ 21.10503405, 48.5207002 ], [ 21.10497578, 48.5205095 ], [ 21.10523717, 48.52032562 ], [ 21.10531917, 48.52017213 ], [ 21.10565315, 48.52007407 ], [ 21.10636148, 48.52009103 ], [ 21.10661926, 48.5199118 ], [ 21.1067478, 48.5197817 ], [ 21.10702441, 48.51974328 ], [ 21.10708625, 48.51979453 ], [ 21.10725988, 48.51978348 ], [ 21.10730888, 48.51974743 ], [ 21.10731015, 48.51966526 ], [ 21.1073282, 48.51959282 ], [ 21.10730857, 48.51953131 ], [ 21.10753094, 48.51930997 ], [ 21.10777844, 48.5190545 ], [ 21.10786945, 48.51896109 ], [ 21.10832487, 48.5186612 ], [ 21.10910193, 48.51786294 ], [ 21.10907168, 48.51784288 ], [ 21.10854609, 48.51749085 ], [ 21.10851908, 48.51747277 ], [ 21.10909936, 48.51707219 ], [ 21.10933861, 48.51679034 ], [ 21.10943532, 48.51662256 ], [ 21.11013113, 48.51594684 ], [ 21.11046627, 48.51551573 ], [ 21.11054441, 48.5154536 ], [ 21.11087917, 48.51522192 ], [ 21.11116046, 48.5151062 ], [ 21.11139535, 48.5150115 ], [ 21.11158996, 48.51486345 ], [ 21.1117154, 48.5147345 ], [ 21.11186262, 48.51461355 ], [ 21.11191553, 48.51459986 ], [ 21.11196469, 48.51458731 ], [ 21.11193282, 48.51440971 ], [ 21.11185424, 48.5139665 ], [ 21.11190171, 48.51380118 ], [ 21.1121631, 48.51361639 ], [ 21.11216415, 48.51356312 ], [ 21.11219605, 48.51354019 ], [ 21.11227115, 48.51348616 ], [ 21.11230592, 48.51346108 ], [ 21.11245969, 48.51335052 ], [ 21.11265833, 48.51329543 ], [ 21.11271478, 48.51327969 ], [ 21.11312175, 48.51316677 ], [ 21.11354408, 48.51314402 ], [ 21.11368011, 48.51373774 ], [ 21.11374394, 48.51399363 ], [ 21.11374571, 48.51400459 ], [ 21.11374812, 48.51401979 ], [ 21.11392633, 48.51398475 ], [ 21.11404487, 48.51402243 ], [ 21.11415914, 48.51400352 ], [ 21.11422047, 48.51401747 ], [ 21.11431081, 48.51410539 ], [ 21.11447009, 48.51412899 ], [ 21.11457789, 48.51415786 ], [ 21.11467032, 48.5140373 ], [ 21.11479947, 48.51403363 ], [ 21.11483818, 48.51403254 ], [ 21.11489174, 48.51406551 ], [ 21.11496175, 48.51408677 ], [ 21.11518694, 48.5140355 ], [ 21.11598141, 48.5140261 ], [ 21.11676133, 48.51393923 ], [ 21.11706833, 48.5138572 ], [ 21.11739466, 48.51380919 ], [ 21.11777709, 48.5136109 ], [ 21.11806038, 48.51356394 ], [ 21.11828579, 48.51354671 ], [ 21.11870471, 48.51341668 ], [ 21.11905913, 48.51325108 ], [ 21.11924487, 48.51326309 ], [ 21.11938989, 48.51319231 ], [ 21.1194744, 48.51301495 ], [ 21.11962903, 48.51294618 ], [ 21.11967511, 48.5129257 ], [ 21.12001164, 48.5127768 ], [ 21.12020103, 48.51256419 ], [ 21.12029624, 48.51255024 ], [ 21.12041446, 48.51244374 ], [ 21.1204469, 48.51245235 ], [ 21.12095157, 48.51250075 ], [ 21.12121294, 48.51250331 ], [ 21.12126494, 48.51255965 ], [ 21.12141035, 48.51260611 ], [ 21.12147829, 48.51266871 ], [ 21.12278664, 48.51275388 ], [ 21.12330634, 48.51276547 ], [ 21.12353985, 48.51257948 ], [ 21.12356463, 48.5125575 ], [ 21.124139, 48.5120477 ], [ 21.1261771, 48.51022822 ], [ 21.12738151, 48.50916645 ], [ 21.12793775, 48.50862355 ], [ 21.12818106, 48.50820384 ], [ 21.12881419, 48.50842859 ], [ 21.12891482, 48.50846847 ], [ 21.12906031, 48.5084058 ], [ 21.12919881, 48.50834614 ], [ 21.12922005, 48.50833925 ], [ 21.12935325, 48.50829644 ], [ 21.12939962, 48.50827929 ], [ 21.12950141, 48.50824187 ], [ 21.1295475, 48.50822489 ], [ 21.12958278, 48.50820927 ], [ 21.12979084, 48.50811727 ], [ 21.13012254, 48.50791102 ], [ 21.13147956, 48.50701627 ], [ 21.1323648, 48.50645393 ], [ 21.13419101, 48.50530158 ], [ 21.13478017, 48.50493249 ], [ 21.13516901, 48.5047168 ], [ 21.13841834, 48.50296363 ], [ 21.138365670536871, 48.502896504917871 ], [ 21.138104, 48.502564 ], [ 21.137084, 48.501506 ], [ 21.137058, 48.501513 ], [ 21.136768, 48.501095 ], [ 21.136476, 48.500674 ], [ 21.13645352393883, 48.500639649793307 ], [ 21.13642283, 48.50059375 ], [ 21.136289024434447, 48.500370177480448 ], [ 21.136233, 48.500277 ], [ 21.136043, 48.500037 ], [ 21.136002538022247, 48.499995538961066 ], [ 21.13588117, 48.4998717 ], [ 21.135774592566307, 48.49978232713859 ], [ 21.135665, 48.499691 ], [ 21.135453354297219, 48.499444080013419 ], [ 21.13529269, 48.49925719 ], [ 21.135017, 48.49900883 ], [ 21.135017719055142, 48.499008648712795 ], [ 21.135017, 48.499008 ], [ 21.135064, 48.498996 ], [ 21.13501338058877, 48.498619970088022 ], [ 21.13493787, 48.49805986 ], [ 21.134891613021185, 48.497895412127015 ], [ 21.134803, 48.497581 ], [ 21.134758, 48.497427 ], [ 21.134743, 48.497372 ], [ 21.134718, 48.497287 ], [ 21.134710316626421, 48.497258039591891 ], [ 21.13470464, 48.49723848 ], [ 21.134651694799011, 48.497054669962949 ], [ 21.134598, 48.49687 ], [ 21.134287, 48.496026 ], [ 21.133938, 48.495422 ], [ 21.132694, 48.494667 ], [ 21.132258863791321, 48.494441766894695 ], [ 21.1315877, 48.49409506 ], [ 21.1306179, 48.49366429 ], [ 21.130343070018718, 48.493517046275493 ], [ 21.130053, 48.493362 ], [ 21.129986646031984, 48.493324919841399 ], [ 21.12995083, 48.4933051 ], [ 21.129907542172404, 48.493281168288092 ], [ 21.129889, 48.493271 ], [ 21.129518305572805, 48.493065972495891 ], [ 21.12925813, 48.49292213 ], [ 21.129172367853158, 48.492874707906232 ], [ 21.128311, 48.492399 ], [ 21.127721905047718, 48.49233537774515 ], [ 21.12756105, 48.49231812 ], [ 21.126925062250578, 48.492268185954522 ], [ 21.126578, 48.492241 ], [ 21.12637100762856, 48.492209399265427 ], [ 21.12520942, 48.49203249 ], [ 21.12478135, 48.49200629 ], [ 21.124547992753978, 48.491991979506686 ], [ 21.124432, 48.491985 ], [ 21.12347, 48.491982 ], [ 21.122871468971841, 48.491979593845116 ], [ 21.12247531, 48.49197824 ], [ 21.12182772, 48.49197539 ], [ 21.121468887086873, 48.491977999898744 ], [ 21.120872, 48.491983 ], [ 21.120139732115845, 48.491900364182904 ], [ 21.11997726, 48.49188218 ], [ 21.11915267, 48.49168543 ], [ 21.11838574, 48.49146162 ], [ 21.118345801208665, 48.491444321371461 ], [ 21.1175446, 48.4911119 ], [ 21.117331, 48.49109 ], [ 21.117103, 48.491115 ], [ 21.116472, 48.491185 ], [ 21.11559, 48.491342 ], [ 21.114687, 48.4915 ], [ 21.11392663626485, 48.491611746747019 ], [ 21.11374844, 48.49163806 ], [ 21.113560610828387, 48.491683526765186 ], [ 21.113003, 48.491819 ], [ 21.112849, 48.491868 ], [ 21.111655, 48.492251 ], [ 21.111654986104217, 48.492251001625114 ], [ 21.11165496, 48.49225101 ], [ 21.10971412, 48.49247861 ], [ 21.10921337, 48.49239238 ], [ 21.109064945958238, 48.492366833490188 ], [ 21.10866, 48.492298 ], [ 21.107464038542627, 48.492738583076395 ], [ 21.10682566, 48.49297421 ], [ 21.10571954, 48.493372 ], [ 21.10440127, 48.49366404 ], [ 21.104325877126691, 48.493680747137361 ], [ 21.104244, 48.493699 ], [ 21.103856, 48.493785 ], [ 21.103818969009545, 48.49379443025223 ], [ 21.10369575, 48.49382643 ], [ 21.1032227, 48.49393519 ], [ 21.10278596, 48.49403091 ], [ 21.1026326, 48.49406619 ], [ 21.102108355632321, 48.49424219591333 ], [ 21.101149, 48.494565 ], [ 21.101029, 48.494654 ], [ 21.101008273590764, 48.49466921685741 ], [ 21.10095045, 48.49471236 ], [ 21.10077059, 48.49484655 ], [ 21.100738383171276, 48.494870577316668 ], [ 21.100559, 48.495005 ], [ 21.100388481334601, 48.495145677898954 ], [ 21.1002397, 48.49526895 ], [ 21.100070553536376, 48.495415475185759 ], [ 21.100009, 48.495469 ], [ 21.099887, 48.495573 ], [ 21.09975, 48.49569 ], [ 21.099462, 48.495905 ], [ 21.099008, 48.496309 ], [ 21.09852, 48.49674 ], [ 21.098256147884534, 48.496983938748258 ], [ 21.0982024, 48.4970338 ], [ 21.09808485, 48.49715677 ], [ 21.09802229, 48.49722093 ], [ 21.09794936, 48.4973304 ], [ 21.09786659, 48.49745576 ], [ 21.097799059246078, 48.497509825830704 ], [ 21.097621, 48.497653 ], [ 21.097380273533748, 48.497837084944777 ], [ 21.09728163, 48.49791277 ], [ 21.09671064, 48.49831765 ], [ 21.096601827908529, 48.498396088085748 ], [ 21.096498, 48.498472 ], [ 21.09613, 48.498737 ], [ 21.095846, 48.49896 ], [ 21.095817528076118, 48.498988140854998 ], [ 21.09575998, 48.49904581 ], [ 21.09557098, 48.49924507 ], [ 21.095559156502713, 48.499254452021873 ], [ 21.095363, 48.499411 ], [ 21.095150336104641, 48.499564756994765 ], [ 21.09497783, 48.49971333 ], [ 21.094855953726164, 48.499856910178508 ], [ 21.094604, 48.500154 ], [ 21.094508573018985, 48.500278206546717 ], [ 21.09428951, 48.50056398 ], [ 21.09420339, 48.50069787 ], [ 21.09418917, 48.50075495 ], [ 21.094200520267627, 48.500838701366597 ], [ 21.094201, 48.500839 ], [ 21.094214504113054, 48.500911664989289 ], [ 21.09422216, 48.50095142 ], [ 21.09428419, 48.50110119 ], [ 21.09435735, 48.50123593 ], [ 21.09445915, 48.50139573 ], [ 21.0945493, 48.50152058 ], [ 21.09470298, 48.50171745 ], [ 21.09483617, 48.50187989 ], [ 21.09496854, 48.50203672 ], [ 21.09507159, 48.50213731 ], [ 21.09515283, 48.5022118 ], [ 21.09524418, 48.50228337 ], [ 21.09562022, 48.5025468 ], [ 21.095842477692763, 48.502694382698678 ], [ 21.095937, 48.502757 ], [ 21.09607973566197, 48.502852105727257 ], [ 21.09686355, 48.50337356 ], [ 21.09768373, 48.50390881 ], [ 21.09778918, 48.50400443 ], [ 21.09781024, 48.50404977 ], [ 21.09784432, 48.50415596 ], [ 21.09785843, 48.50422953 ], [ 21.09790539780138, 48.504510265260336 ], [ 21.09795, 48.504774 ], [ 21.097961, 48.504841 ], [ 21.098023, 48.505226 ], [ 21.098030559798104, 48.505286478384825 ], [ 21.09806569, 48.50556143 ], [ 21.098070953591574, 48.505789228745066 ], [ 21.098071, 48.505791 ], [ 21.098070997703118, 48.505791137813027 ], [ 21.09807101, 48.50579167 ], [ 21.0980681, 48.50597166 ], [ 21.09805037, 48.506359 ], [ 21.098041753551666, 48.506574907010936 ], [ 21.098039, 48.506647 ], [ 21.098016457679009, 48.506982533777858 ], [ 21.09801299, 48.50703447 ], [ 21.09799555, 48.50717969 ], [ 21.09788292, 48.50800886 ], [ 21.09786378819005, 48.508213725863563 ], [ 21.097853, 48.508335 ], [ 21.097862, 48.508481 ], [ 21.097865387582608, 48.508511089704356 ], [ 21.09789629, 48.50878304 ], [ 21.09793753, 48.50905199 ], [ 21.097979520171616, 48.50933209319399 ], [ 21.098, 48.509467 ], [ 21.098039, 48.50974 ], [ 21.098042917804499, 48.509787219854218 ], [ 21.0980583, 48.50996913 ], [ 21.09806318, 48.51018513 ], [ 21.09805622132404, 48.5102375347387 ], [ 21.098047, 48.510309 ], [ 21.098030580754763, 48.510397324215752 ], [ 21.09801825, 48.51046488 ], [ 21.09797339, 48.51061812 ], [ 21.09789962, 48.51078132 ], [ 21.09784008, 48.51088159 ], [ 21.09777724, 48.51097338 ], [ 21.097250597283018, 48.511612461719771 ], [ 21.097195, 48.51168 ], [ 21.097163824265614, 48.511718231970562 ], [ 21.09695243, 48.51197793 ], [ 21.096839409926478, 48.512116755372297 ], [ 21.09681, 48.512153 ], [ 21.096431, 48.512608 ], [ 21.096324259724245, 48.512718494958818 ], [ 21.09623265, 48.51281398 ], [ 21.096175588127267, 48.512847350415328 ], [ 21.096073, 48.512908 ], [ 21.095811289503214, 48.513108109595265 ], [ 21.09537264, 48.51344459 ], [ 21.09502425265201, 48.513721035491713 ], [ 21.095013, 48.51373 ], [ 21.094756, 48.513938 ], [ 21.09444973757736, 48.514183807150495 ], [ 21.0942949, 48.5143081 ], [ 21.094279537828236, 48.514320577438227 ], [ 21.093893, 48.514635 ], [ 21.093716875674307, 48.514782043332382 ], [ 21.09346356, 48.5149942 ], [ 21.09314234, 48.5152838 ], [ 21.09283534, 48.51557162 ], [ 21.092679502780886, 48.515708254528604 ], [ 21.092656, 48.515729 ], [ 21.092509073192304, 48.515835212150144 ], [ 21.09249037, 48.51584875 ], [ 21.092490046708882, 48.515848966234543 ], [ 21.09249, 48.515849 ], [ 21.091593, 48.51645 ], [ 21.091378745516113, 48.516583629103195 ], [ 21.091306, 48.51662935 ], [ 21.0912535970687, 48.516662271702408 ], [ 21.091243, 48.516669 ], [ 21.091014, 48.516835 ], [ 21.090919433812491, 48.516911479758207 ], [ 21.09083149, 48.51698313 ], [ 21.090557043183622, 48.51719562320077 ], [ 21.090429, 48.517295 ], [ 21.090371248555133, 48.517335648132345 ], [ 21.09016941, 48.51747849 ], [ 21.08990279, 48.51764993 ], [ 21.08985733, 48.51767654 ], [ 21.089708080201031, 48.517764040635868 ], [ 21.089698, 48.51777 ], [ 21.089594, 48.517829 ], [ 21.089455726618382, 48.517903272559273 ], [ 21.08941958, 48.51792283 ], [ 21.08923885, 48.51798431 ], [ 21.08900549, 48.51805192 ], [ 21.08874497, 48.51811667 ], [ 21.088604580739727, 48.518144845817034 ], [ 21.088487, 48.518169 ], [ 21.087426, 48.518362 ], [ 21.087077, 48.518424 ], [ 21.086284, 48.51854 ], [ 21.085974248428681, 48.518559879039003 ], [ 21.08542708, 48.51859513 ], [ 21.085366066342985, 48.518598681791964 ], [ 21.085096, 48.518615 ], [ 21.084855817699488, 48.518621093419888 ], [ 21.08462283, 48.5186276 ], [ 21.08423556, 48.51862617 ], [ 21.084099935623481, 48.518621822751243 ], [ 21.084041, 48.51862 ], [ 21.084034577077439, 48.518619724731892 ], [ 21.08397134, 48.51861767 ], [ 21.08382678, 48.51861306 ], [ 21.08311388, 48.51858663 ], [ 21.082991710789528, 48.518583304684213 ], [ 21.082843, 48.51858 ], [ 21.082562, 48.518589 ], [ 21.082345622719345, 48.518602044020462 ], [ 21.08228035, 48.51860625 ], [ 21.08205073, 48.51864497 ], [ 21.08169657, 48.51872394 ], [ 21.081558923979824, 48.518763801221105 ], [ 21.080804, 48.518983 ], [ 21.080352015446916, 48.519110583308333 ], [ 21.07976661, 48.51927658 ], [ 21.079654142070257, 48.519306954395653 ], [ 21.079607, 48.51932 ], [ 21.07947, 48.519356 ], [ 21.079153, 48.519437 ], [ 21.07893, 48.519497 ], [ 21.0787, 48.519564 ], [ 21.078514431957569, 48.519619850575879 ], [ 21.07839065, 48.51965759 ], [ 21.07795038, 48.51978823 ], [ 21.07740007, 48.51995705 ], [ 21.077353161122371, 48.519970046445366 ], [ 21.076962, 48.520079 ], [ 21.07676, 48.520135 ], [ 21.076207, 48.520282 ], [ 21.07589689541101, 48.520355445823711 ], [ 21.0756747, 48.52040869 ], [ 21.07524886, 48.52049791 ], [ 21.07498592, 48.52054165 ], [ 21.07491417000012, 48.520554159694633 ], [ 21.074855, 48.520565 ], [ 21.074756557837205, 48.520596292872938 ], [ 21.07470439, 48.52061316 ], [ 21.07406758, 48.52084443 ], [ 21.073853772874969, 48.520930125094182 ], [ 21.073772, 48.520963 ], [ 21.073723198903984, 48.520990930840064 ], [ 21.07330177, 48.52123277 ], [ 21.073192157795503, 48.521311724180677 ], [ 21.073178, 48.521322 ], [ 21.073155759820423, 48.521341234749904 ], [ 21.07303006, 48.5214501 ], [ 21.072856715919368, 48.521573483963614 ], [ 21.072689, 48.521693 ], [ 21.072670398404657, 48.521709035858052 ], [ 21.07266013, 48.52171798 ], [ 21.07208634, 48.5221911 ], [ 21.07198258, 48.52230927 ], [ 21.0717942, 48.52243891 ], [ 21.07178470837534, 48.522444186890873 ], [ 21.071545, 48.522578 ], [ 21.071388125091701, 48.522652602734169 ], [ 21.07132041, 48.52268504 ], [ 21.071211576701703, 48.522737139866379 ], [ 21.071006, 48.522836 ], [ 21.070768, 48.522945 ], [ 21.070695113236681, 48.522953986039312 ], [ 21.070640677184567, 48.522990057065265 ], [ 21.070466, 48.523106 ], [ 21.070192, 48.523278 ], [ 21.0700955, 48.5233192 ], [ 21.070055861882118, 48.523334648702352 ], [ 21.07003715, 48.52334245 ], [ 21.0699833, 48.52336492 ], [ 21.069983272502519, 48.523364883934114 ], [ 21.069983, 48.523365 ], [ 21.069914, 48.523275 ], [ 21.069888286631105, 48.523240385849569 ], [ 21.069887975539526, 48.523239978832287 ], [ 21.069879216721521, 48.523232399085934 ], [ 21.06978405, 48.52315041 ], [ 21.069711973702429, 48.523111383491063 ], [ 21.069618, 48.523061 ], [ 21.069201, 48.522801 ], [ 21.069132, 48.522768 ], [ 21.069131891874544, 48.522767966360966 ], [ 21.06899735, 48.52272636 ], [ 21.06896509, 48.5227245 ], [ 21.06822122, 48.52361039 ], [ 21.06783826, 48.52406657 ], [ 21.06632944, 48.5258779 ], [ 21.066322091354518, 48.525891680871652 ], [ 21.066321, 48.525894 ], [ 21.065835429752081, 48.525753190215795 ], [ 21.06545206, 48.52564213 ], [ 21.064781574958538, 48.525448090239749 ], [ 21.063585, 48.525102 ], [ 21.062001, 48.524644 ], [ 21.060082, 48.524091 ], [ 21.057717951238384, 48.523404781384869 ], [ 21.05685381, 48.5231545 ], [ 21.056494380440327, 48.523051014260048 ], [ 21.056421, 48.52303 ], [ 21.056209174300619, 48.522968098233122 ], [ 21.05582926, 48.52285728 ], [ 21.053734278105459, 48.522250021399238 ], [ 21.053396, 48.522152 ], [ 21.053353701421305, 48.522140195745479 ], [ 21.05305447, 48.52364501 ], [ 21.05285425, 48.52464823 ], [ 21.052843418468992, 48.524703145919297 ], [ 21.05276, 48.52513 ], [ 21.052746111908778, 48.525190454044143 ], [ 21.052743126588247, 48.525204233433378 ], [ 21.052852, 48.525405 ], [ 21.052947768699475, 48.525537988849052 ], [ 21.05308133, 48.52572246 ], [ 21.05320921, 48.52615599 ], [ 21.05323979, 48.52614943 ], [ 21.05363386, 48.52626095 ], [ 21.05389145, 48.52634287 ], [ 21.05414287, 48.52641289 ], [ 21.05439887, 48.52647422 ], [ 21.0547781, 48.52657562 ], [ 21.05507538, 48.52667253 ], [ 21.0552902, 48.52673161 ], [ 21.05544675, 48.52676664 ], [ 21.05570956, 48.52681856 ], [ 21.05617208, 48.52695212 ], [ 21.05625676, 48.5269748 ], [ 21.05663069, 48.52702721 ], [ 21.05692133, 48.52707302 ], [ 21.05715944, 48.52713439 ], [ 21.05752112, 48.52725681 ], [ 21.0579863, 48.52744431 ], [ 21.05854242, 48.52765404 ], [ 21.05852151, 48.52770198 ], [ 21.05843958, 48.52793099 ], [ 21.05838065, 48.52825737 ], [ 21.05836409, 48.52836362 ], [ 21.05834833, 48.52866368 ], [ 21.0583361, 48.52876999 ], [ 21.05827695, 48.52895318 ], [ 21.05835893, 48.52907608 ], [ 21.05836436, 48.52932443 ], [ 21.05847546, 48.52952085 ], [ 21.05847119, 48.52963687 ], [ 21.05838746, 48.52988815 ], [ 21.05835865, 48.52998419 ], [ 21.0582068, 48.53014868 ], [ 21.05819741, 48.5303354 ], [ 21.05834063, 48.53076583 ], [ 21.05856932, 48.53120464 ], [ 21.05892443, 48.53215058 ], [ 21.05893752, 48.53218793 ], [ 21.05895657, 48.53223808 ], [ 21.05893858, 48.53226676 ], [ 21.05891861, 48.53229834 ], [ 21.05889662, 48.53233337 ], [ 21.05887988, 48.53235992 ], [ 21.05882808, 48.53244215 ], [ 21.0587995, 48.5324875 ], [ 21.05878115, 48.53252463 ], [ 21.05871855, 48.53265206 ], [ 21.05869843, 48.53269292 ], [ 21.05866331, 48.53276426 ], [ 21.05862419, 48.53284375 ], [ 21.0585517, 48.53299112 ], [ 21.05851659, 48.53306228 ], [ 21.05847746, 48.53314195 ], [ 21.05844377, 48.53321045 ], [ 21.05843733, 48.53322051 ], [ 21.05839287, 48.53328974 ], [ 21.05834855, 48.53335897 ], [ 21.05830052, 48.53336307 ], [ 21.05828166, 48.53341621 ], [ 21.05826331, 48.53346802 ], [ 21.05822536, 48.53357564 ], [ 21.05822278, 48.53358294 ], [ 21.05814683, 48.53367825 ], [ 21.0580722, 48.53377215 ], [ 21.05806782, 48.53384216 ], [ 21.05806445, 48.53389301 ], [ 21.05805949, 48.53397083 ], [ 21.05805739, 48.53400453 ], [ 21.05804787, 48.53403969 ], [ 21.05802016, 48.5341427 ], [ 21.05800406, 48.5342025 ], [ 21.05797983, 48.53425862 ], [ 21.05796002, 48.53430444 ], [ 21.05794906, 48.53432965 ], [ 21.05794344, 48.53434883 ], [ 21.05792959, 48.53439655 ], [ 21.0579027, 48.5344885 ], [ 21.05788508, 48.53454862 ], [ 21.05784395, 48.53456753 ], [ 21.05777446, 48.53459948 ], [ 21.05784924, 48.53476293 ], [ 21.05785286, 48.53477079 ], [ 21.05786183, 48.53479603 ], [ 21.05786451, 48.53480377 ], [ 21.05792641, 48.53496905 ], [ 21.05790301, 48.53524049 ], [ 21.05784847, 48.53537422 ], [ 21.05775997, 48.535434 ], [ 21.05774406, 48.53570677 ], [ 21.05774142, 48.53575324 ], [ 21.05773614, 48.53580241 ], [ 21.05783297, 48.53607428 ], [ 21.05796515, 48.53624807 ], [ 21.05810698, 48.53666819 ], [ 21.05816921, 48.53691848 ], [ 21.0582453, 48.53714843 ], [ 21.05823801, 48.53717908 ], [ 21.05828569, 48.53735506 ], [ 21.05889403, 48.53777063 ], [ 21.05913893, 48.53789292 ], [ 21.05922163, 48.53795514 ], [ 21.05927411, 48.5380117 ], [ 21.05953115, 48.53820065 ], [ 21.059728, 48.53858295 ], [ 21.05973534, 48.53860651 ], [ 21.05973929, 48.53861906 ], [ 21.05974494, 48.53867454 ], [ 21.05974507, 48.53868183 ], [ 21.05974791, 48.53883005 ], [ 21.05971646, 48.53900894 ], [ 21.05983309, 48.54034273 ], [ 21.05989833, 48.54108811 ], [ 21.05991164, 48.54134742 ], [ 21.05991156, 48.54149465 ], [ 21.05991133, 48.54195279 ], [ 21.05991092, 48.54246631 ], [ 21.05990673, 48.54251552 ], [ 21.05987033, 48.54264238 ], [ 21.05989869, 48.54265672 ], [ 21.05987757, 48.54277696 ], [ 21.05985277, 48.54291743 ], [ 21.05984483, 48.54296229 ], [ 21.0598375, 48.54300437 ], [ 21.05982697, 48.54307318 ], [ 21.05981853, 48.54312846 ], [ 21.05979952, 48.54325309 ], [ 21.05978958, 48.54331751 ], [ 21.05977891, 48.54338821 ], [ 21.05977344, 48.5434236 ], [ 21.0597673, 48.54346428 ], [ 21.0597557, 48.54354017 ], [ 21.05974757, 48.54359312 ], [ 21.05972913, 48.54371363 ], [ 21.05971829, 48.54378486 ], [ 21.05970871, 48.54384812 ], [ 21.05970404, 48.54387813 ], [ 21.05969845, 48.54391514 ], [ 21.05968196, 48.54396736 ], [ 21.05964369, 48.54408839 ], [ 21.05963439, 48.54410214 ], [ 21.05956659, 48.54420257 ], [ 21.0594783, 48.54431413 ], [ 21.05944118, 48.54436487 ], [ 21.05939515, 48.54442775 ], [ 21.05936504, 48.5444771 ], [ 21.05933483, 48.5445187 ], [ 21.05927652, 48.5445991 ], [ 21.05922561, 48.54466929 ], [ 21.05921063, 48.54469023 ], [ 21.05918218, 48.54473 ], [ 21.05915949, 48.54476167 ], [ 21.059151, 48.54477373 ], [ 21.05906364, 48.5448982 ], [ 21.05896482, 48.54503652 ], [ 21.05890645, 48.54510673 ], [ 21.05882069, 48.54520973 ], [ 21.05874149, 48.54530475 ], [ 21.05869696, 48.54535831 ], [ 21.05848812, 48.54549168 ], [ 21.05842001, 48.54561992 ], [ 21.05834702, 48.54575729 ], [ 21.05833236, 48.5457849 ], [ 21.05832559, 48.54580116 ], [ 21.05825281, 48.54597779 ], [ 21.05821621, 48.546067 ], [ 21.0581777, 48.54616019 ], [ 21.05814293, 48.54624487 ], [ 21.05811168, 48.54632057 ], [ 21.05807737, 48.54661642 ], [ 21.05806673, 48.54670855 ], [ 21.05803988, 48.54701544 ], [ 21.05806107, 48.54752454 ], [ 21.05804743, 48.54759874 ], [ 21.05798139, 48.54758397 ], [ 21.05791061, 48.5476057 ], [ 21.05777788, 48.54788635 ], [ 21.05775653, 48.54806619 ], [ 21.05768271, 48.54814527 ], [ 21.05767401, 48.54815642 ], [ 21.05759505, 48.54820615 ], [ 21.05757695, 48.54821429 ], [ 21.05734927, 48.54822665 ], [ 21.05731748, 48.54821831 ], [ 21.05726896, 48.54820502 ], [ 21.05723828, 48.54817988 ], [ 21.05722843, 48.54816831 ], [ 21.0570932, 48.54806069 ], [ 21.05699806, 48.54806712 ], [ 21.05691991, 48.54806393 ], [ 21.05680773, 48.54805863 ], [ 21.05665755, 48.54811594 ], [ 21.05656385, 48.54820157 ], [ 21.05654649, 48.54821613 ], [ 21.05648865, 48.54826808 ], [ 21.05647799, 48.54827836 ], [ 21.05644348, 48.54831198 ], [ 21.05640524, 48.54833018 ], [ 21.05633393, 48.5483445 ], [ 21.05596953, 48.54832222 ], [ 21.05593014, 48.5483085 ], [ 21.05590828, 48.54829968 ], [ 21.05588132, 48.54828826 ], [ 21.05567312, 48.54825749 ], [ 21.05561351, 48.54824753 ], [ 21.05546767, 48.54824455 ], [ 21.05544849, 48.54824896 ], [ 21.05540006, 48.54828925 ], [ 21.0553786, 48.54830241 ], [ 21.0553732, 48.54830575 ], [ 21.05426779, 48.54899846 ], [ 21.05360146, 48.54933781 ], [ 21.05313804, 48.54960762 ], [ 21.05279669, 48.54982983 ], [ 21.05249476, 48.55012925 ], [ 21.05250745, 48.55033254 ], [ 21.05251827, 48.55035666 ], [ 21.0524694, 48.55074568 ], [ 21.05242025, 48.550865 ], [ 21.05240438, 48.55105106 ], [ 21.0521941, 48.55225907 ], [ 21.05210797, 48.55262742 ], [ 21.05207561, 48.5528802 ], [ 21.05204027, 48.55313837 ], [ 21.05202831, 48.55358731 ], [ 21.05198101, 48.55406454 ], [ 21.05221683, 48.5542294 ], [ 21.05253555, 48.5543904 ], [ 21.05268399, 48.55449918 ], [ 21.05277849, 48.55456351 ], [ 21.05284335, 48.55460885 ], [ 21.05286036, 48.55461896 ], [ 21.05293636, 48.55466404 ], [ 21.05297781, 48.55468854 ], [ 21.05305078, 48.55472317 ], [ 21.05318931, 48.5547902 ], [ 21.05334995, 48.55486984 ], [ 21.05354289, 48.55498404 ], [ 21.05357272, 48.55519401 ], [ 21.05373314, 48.55559601 ], [ 21.053816, 48.55578782 ], [ 21.05401712, 48.55619701 ], [ 21.05403544, 48.55619869 ], [ 21.05403093, 48.55623744 ], [ 21.05401257, 48.5562363 ], [ 21.05400432, 48.55625782 ], [ 21.0539932, 48.55627249 ], [ 21.05396965, 48.55657094 ], [ 21.05397078, 48.55664329 ], [ 21.05398392, 48.55672017 ], [ 21.05399331, 48.55675811 ], [ 21.05417777, 48.55699377 ], [ 21.05449779, 48.55714113 ], [ 21.05471448, 48.55724439 ], [ 21.0547577, 48.55726517 ], [ 21.0548909, 48.55733085 ], [ 21.05491563, 48.5573413 ], [ 21.05494892, 48.55735869 ], [ 21.05505547, 48.5574144 ], [ 21.05515719, 48.55746762 ], [ 21.05547474, 48.55763371 ], [ 21.05579361, 48.55778021 ], [ 21.05594761, 48.55785278 ], [ 21.05609824, 48.55793047 ], [ 21.0565893, 48.55813294 ], [ 21.05663948, 48.55815863 ], [ 21.05670835, 48.55819384 ], [ 21.05683684, 48.55825378 ], [ 21.05698263, 48.55831628 ], [ 21.0571438, 48.55838539 ], [ 21.05745932, 48.55852061 ], [ 21.05770371, 48.55862532 ], [ 21.05781503, 48.55866255 ], [ 21.05793124, 48.55870147 ], [ 21.057974, 48.55871575 ], [ 21.05810013, 48.55875805 ], [ 21.05831617, 48.55881726 ], [ 21.05842034, 48.55885759 ], [ 21.05853374, 48.55890137 ], [ 21.05859031, 48.5589233 ], [ 21.05874037, 48.55898133 ], [ 21.05883356, 48.55902517 ], [ 21.05894916, 48.55907965 ], [ 21.05919309, 48.55919443 ], [ 21.05925593, 48.55921953 ], [ 21.0593243, 48.55924689 ], [ 21.05944629, 48.55929573 ], [ 21.05951941, 48.55932495 ], [ 21.05959266, 48.55935418 ], [ 21.05972045, 48.55940536 ], [ 21.05976105, 48.55941759 ], [ 21.05985379, 48.55944556 ], [ 21.05989267, 48.55945728 ], [ 21.05993484, 48.55946847 ], [ 21.06019266, 48.55953688 ], [ 21.06032038, 48.55957068 ], [ 21.06044981, 48.55960508 ], [ 21.06069446, 48.55966998 ], [ 21.0607667, 48.5596891 ], [ 21.06095189, 48.55973819 ], [ 21.06102912, 48.55974855 ], [ 21.06217098, 48.55990123 ], [ 21.06247663, 48.56010022 ], [ 21.06263308, 48.56019844 ], [ 21.06278953, 48.56029666 ], [ 21.062929, 48.56038424 ], [ 21.06300029, 48.56042898 ], [ 21.06306458, 48.56046935 ], [ 21.06327444, 48.5606011 ], [ 21.06345474, 48.56066481 ], [ 21.06359448, 48.56071412 ], [ 21.06396291, 48.56084412 ], [ 21.06422662, 48.56092837 ], [ 21.06434853, 48.56096738 ], [ 21.06446634, 48.561005 ], [ 21.06467386, 48.5610713 ], [ 21.06486667, 48.56113288 ], [ 21.06508321, 48.56120209 ], [ 21.06539509, 48.5612934 ], [ 21.06553782, 48.56133525 ], [ 21.06570209, 48.5614086 ], [ 21.06601765, 48.56154938 ], [ 21.06634094, 48.56169374 ], [ 21.06696438, 48.56198171 ], [ 21.0672663, 48.56210331 ], [ 21.06785558, 48.56233991 ], [ 21.06829544, 48.56211943 ], [ 21.06860715, 48.56192754 ] ] ] } },
{ "type": "Feature", "properties": { "@featureType": "CadastralZoning", "beginLifespanVersion": { "@nilReason": "http://inspire.ec.europa.eu/codelist/VoidReasonValue/Unpopulated", "@nil": "true" }, "endLifespanVersion": { "@nilReason": "http://inspire.ec.europa.eu/codelist/VoidReasonValue/Unpopulated", "@nil": "true" }, "estimatedAccuracy": { "value": -1, "@uom": "m" }, "inspireId": { "@dataType": "Identifier", "localId": "838322", "namespace": "SK.ESKN.CP", "versionId": "20260703T04:07:40" }, "label": "Moldava nad Bodvou", "level": { "@href": "http://inspire.ec.europa.eu/codelist/CadastralZoningLevelValue/3rdOrder" }, "levelName": { "value": "Katastrálne územie", "@locale": "sk" }, "name_1": { "@dataType": "name", "GeographicalName": { "@dataType": "GeographicalName", "language": "SLK", "nativeness": { "@href": "http://inspire.ec.europa.eu/codelist/NativenessValue/endonym", "@title": "endonym" }, "nameStatus": { "@href": "http://inspire.ec.europa.eu/codelist/NameStatusValue/official", "@title": "official" }, "sourceOfName": { "@nilReason": "http://inspire.ec.europa.eu/codelist/VoidReasonValue/Unpopulated", "@nil": "true" }, "pronunciation": { "@dataType": "pronunciation", "@nilReason": "http://inspire.ec.europa.eu/codelist/VoidReasonValue/Unpopulated", "@nil": "true" }, "spelling": { "@dataType": "SpellingOfName", "text": "Moldava nad Bodvou", "script": "LATN" } } }, "nationalCadastalZoningReference": "838322", "validFrom": "2026-06-30T16:00:00Z", "validTo": { "@nilReason": "http://inspire.ec.europa.eu/codelist/VoidReasonValue/Unpopulated", "@nil": "true" }, "place_id": 189396049, "osm_type": "relation", "osm_id": 388209, "place_rank": 12, "category": "boundary", "type": "administrative", "importance": 0.54120382821693425, "addresstype": "county", "name_2": "okres Košice-okolie", "display_name": "okres Košice-okolie, Košický kraj, Slovensko" }, "geometry": { "type": "Polygon", "coordinates": [ [ [ 21.01603105, 48.64339092 ], [ 21.01695565, 48.64336465 ], [ 21.01764768, 48.64335752 ], [ 21.01899229, 48.64334194 ], [ 21.0191215, 48.64334017 ], [ 21.01919483, 48.64331189 ], [ 21.01923234, 48.64331358 ], [ 21.0198986, 48.64332755 ], [ 21.02032909, 48.64334887 ], [ 21.02052908, 48.64336007 ], [ 21.02073085, 48.64337474 ], [ 21.02105807, 48.64340336 ], [ 21.02141612, 48.6434321 ], [ 21.02166732, 48.64346894 ], [ 21.02201558, 48.64352139 ], [ 21.02208554, 48.64359223 ], [ 21.02219162, 48.64337926 ], [ 21.02223986, 48.64325613 ], [ 21.02226491, 48.64311793 ], [ 21.02228656, 48.64297259 ], [ 21.02228866, 48.64292467 ], [ 21.02224767, 48.64266713 ], [ 21.02224058, 48.64260954 ], [ 21.02207393, 48.64209285 ], [ 21.0221567, 48.64181563 ], [ 21.02220891, 48.641712 ], [ 21.02221178, 48.64170642 ], [ 21.02225456, 48.64166326 ], [ 21.02240268, 48.64151462 ], [ 21.0224768, 48.64139604 ], [ 21.02253579, 48.64124014 ], [ 21.02248139, 48.64103088 ], [ 21.02244678, 48.64088377 ], [ 21.02250396, 48.64070845 ], [ 21.02254733, 48.64042948 ], [ 21.02255142, 48.64040395 ], [ 21.02247461, 48.64036648 ], [ 21.02237241, 48.6403071 ], [ 21.02231731, 48.64027359 ], [ 21.0222776, 48.64023248 ], [ 21.02223402, 48.64014333 ], [ 21.02219934, 48.64000082 ], [ 21.02218771, 48.63978108 ], [ 21.02219263, 48.6396505 ], [ 21.02215769, 48.6395114 ], [ 21.02203881, 48.63920195 ], [ 21.02193163, 48.63889937 ], [ 21.02185313, 48.63863844 ], [ 21.02183091, 48.63847842 ], [ 21.02177915, 48.63818694 ], [ 21.02176816, 48.63810536 ], [ 21.02171397, 48.63797841 ], [ 21.02165404, 48.63783019 ], [ 21.02161949, 48.63770227 ], [ 21.02157517, 48.6375091 ], [ 21.02153354, 48.6372818 ], [ 21.02147518, 48.63694806 ], [ 21.02144606, 48.63672801 ], [ 21.02144101, 48.6366903 ], [ 21.02143451, 48.63664119 ], [ 21.02143066, 48.63657839 ], [ 21.0214257, 48.63649791 ], [ 21.02141491, 48.63643533 ], [ 21.02138748, 48.63628864 ], [ 21.0213726, 48.63620278 ], [ 21.02135157, 48.63608107 ], [ 21.02135009, 48.63597053 ], [ 21.02135643, 48.63587169 ], [ 21.02136522, 48.63584875 ], [ 21.02137568, 48.63582163 ], [ 21.02139743, 48.63576535 ], [ 21.02143157, 48.63570146 ], [ 21.02151158, 48.63559848 ], [ 21.02155098, 48.63554782 ], [ 21.02164147, 48.63541916 ], [ 21.02168196, 48.63530515 ], [ 21.02172012, 48.63518773 ], [ 21.02171266, 48.63505908 ], [ 21.02169092, 48.63492347 ], [ 21.02164609, 48.63460674 ], [ 21.02165597, 48.63434494 ], [ 21.02166387, 48.63420707 ], [ 21.02163561, 48.63373484 ], [ 21.02162681, 48.63362406 ], [ 21.02164045, 48.63347504 ], [ 21.02163007, 48.63331837 ], [ 21.02159748, 48.63316611 ], [ 21.0215451, 48.63288488 ], [ 21.02153666, 48.63280014 ], [ 21.02156459, 48.63272308 ], [ 21.02160128, 48.63262515 ], [ 21.02167104, 48.63251202 ], [ 21.02172104, 48.63240156 ], [ 21.02175968, 48.63224516 ], [ 21.02176503, 48.63214134 ], [ 21.02174001, 48.63205118 ], [ 21.02164205, 48.63188677 ], [ 21.02161636, 48.63180191 ], [ 21.02157334, 48.6316602 ], [ 21.02155543, 48.63160747 ], [ 21.02149705, 48.63143509 ], [ 21.02146287, 48.63133482 ], [ 21.02137295, 48.63116284 ], [ 21.02125899, 48.63101608 ], [ 21.02116187, 48.63090554 ], [ 21.02112039, 48.63087176 ], [ 21.0209019, 48.63077837 ], [ 21.02074461, 48.63072032 ], [ 21.0205671, 48.63062019 ], [ 21.02018171, 48.63039955 ], [ 21.02011449, 48.63034862 ], [ 21.02003324, 48.63027282 ], [ 21.0199784, 48.63018726 ], [ 21.01993826, 48.63011768 ], [ 21.01987219, 48.63000069 ], [ 21.01957522, 48.62934625 ], [ 21.01949278, 48.62916704 ], [ 21.01941296, 48.62900538 ], [ 21.01928076, 48.62875618 ], [ 21.0191758, 48.62858379 ], [ 21.01903783, 48.62845119 ], [ 21.01891483, 48.62825325 ], [ 21.01877907, 48.62795927 ], [ 21.01868323, 48.62781194 ], [ 21.01841755, 48.62748999 ], [ 21.01799288, 48.62715792 ], [ 21.017886, 48.62706362 ], [ 21.01777794, 48.62690724 ], [ 21.01775091, 48.62684044 ], [ 21.01771767, 48.62671147 ], [ 21.01758985, 48.62621443 ], [ 21.01758734, 48.62620453 ], [ 21.0175767, 48.62616348 ], [ 21.01757406, 48.6261534 ], [ 21.01753129, 48.62598693 ], [ 21.01752107, 48.6259096 ], [ 21.01752684, 48.62582019 ], [ 21.0175507, 48.6258263 ], [ 21.01773204, 48.62549903 ], [ 21.01773654, 48.62510117 ], [ 21.01773711, 48.62505202 ], [ 21.0177383, 48.62494752 ], [ 21.01773977, 48.62482321 ], [ 21.01775061, 48.62464276 ], [ 21.01775493, 48.62456897 ], [ 21.01774957, 48.62442337 ], [ 21.01781546, 48.6244106 ], [ 21.017675, 48.62396608 ], [ 21.01756125, 48.62353856 ], [ 21.01751395, 48.62338536 ], [ 21.01739972, 48.62330946 ], [ 21.01734693, 48.62324198 ], [ 21.0173068, 48.62318681 ], [ 21.01725819, 48.62311974 ], [ 21.01706725, 48.62296936 ], [ 21.0168808, 48.62282245 ], [ 21.0167922, 48.62275262 ], [ 21.01650533, 48.62252316 ], [ 21.01617965, 48.6222627 ], [ 21.01621709, 48.6222308 ], [ 21.01623726, 48.62221363 ], [ 21.01617668, 48.62198417 ], [ 21.0161506, 48.62188489 ], [ 21.01610038, 48.62169467 ], [ 21.01608131, 48.62163767 ], [ 21.01606856, 48.62159943 ], [ 21.01603884, 48.62151066 ], [ 21.01602131, 48.62145839 ], [ 21.01593512, 48.62116847 ], [ 21.01576426, 48.62083604 ], [ 21.01555395, 48.62049727 ], [ 21.01534021, 48.62021682 ], [ 21.01512393, 48.61995745 ], [ 21.01501557, 48.61975127 ], [ 21.01491642, 48.61944975 ], [ 21.01487076, 48.6192333 ], [ 21.01482846, 48.61909143 ], [ 21.01470183, 48.61878153 ], [ 21.01462909, 48.61858031 ], [ 21.01434981, 48.61809517 ], [ 21.01406602, 48.61768445 ], [ 21.01389788, 48.61734328 ], [ 21.01371431, 48.61691471 ], [ 21.01360945, 48.61646173 ], [ 21.01353638, 48.61605924 ], [ 21.01346568, 48.61536516 ], [ 21.013455, 48.61493474 ], [ 21.01343293, 48.61447351 ], [ 21.01340035, 48.61413034 ], [ 21.01336733, 48.61395726 ], [ 21.01336303, 48.61385014 ], [ 21.01339128, 48.61363893 ], [ 21.01346493, 48.61331684 ], [ 21.01352305, 48.6130623 ], [ 21.01353781, 48.61299787 ], [ 21.0136443, 48.6125408 ], [ 21.0136202, 48.61225996 ], [ 21.0136111, 48.6121534 ], [ 21.01360838, 48.61212107 ], [ 21.01361491, 48.61205231 ], [ 21.01362429, 48.61195456 ], [ 21.01362829, 48.61191228 ], [ 21.01363712, 48.6118201 ], [ 21.01367665, 48.61166283 ], [ 21.01370433, 48.61129483 ], [ 21.01369361, 48.61106899 ], [ 21.01368087, 48.61078168 ], [ 21.01366796, 48.61049103 ], [ 21.0136681, 48.610343 ], [ 21.01366818, 48.6102426 ], [ 21.01366095, 48.61002094 ], [ 21.0136476, 48.60961699 ], [ 21.01367086, 48.60910369 ], [ 21.01369236, 48.60883047 ], [ 21.01370947, 48.60861196 ], [ 21.01370164, 48.60843259 ], [ 21.0136738, 48.60843266 ], [ 21.01312031, 48.60838067 ], [ 21.01260961, 48.60835189 ], [ 21.0120539, 48.60832756 ], [ 21.01180558, 48.60832528 ], [ 21.01167188, 48.60832284 ], [ 21.01161805, 48.60832187 ], [ 21.01161825, 48.60830657 ], [ 21.0116184, 48.60829369 ], [ 21.01161942, 48.60821881 ], [ 21.0116213, 48.6080784 ], [ 21.01162252, 48.60798821 ], [ 21.01162336, 48.60791557 ], [ 21.0116252, 48.6077811 ], [ 21.01162601, 48.60772341 ], [ 21.01123321, 48.60767619 ], [ 21.01102519, 48.60764553 ], [ 21.01047513, 48.60754808 ], [ 21.01020211, 48.60745187 ], [ 21.00994891, 48.60734308 ], [ 21.0096608, 48.60730671 ], [ 21.00927853, 48.60723696 ], [ 21.00914662, 48.6071692 ], [ 21.0091112, 48.60715101 ], [ 21.00893196, 48.60705907 ], [ 21.00889277, 48.60703851 ], [ 21.0087653, 48.60697143 ], [ 21.0087512, 48.60696394 ], [ 21.00857208, 48.60684698 ], [ 21.00812095, 48.60674685 ], [ 21.00796282, 48.6067317 ], [ 21.00734509, 48.60666207 ], [ 21.00712998, 48.60662108 ], [ 21.00710374, 48.60661607 ], [ 21.00708369, 48.6066137 ], [ 21.00704494, 48.60660899 ], [ 21.00702932, 48.60660721 ], [ 21.00696779, 48.60660031 ], [ 21.00687125, 48.60658946 ], [ 21.00668997, 48.60656805 ], [ 21.00644335, 48.60653971 ], [ 21.00578192, 48.60647168 ], [ 21.00549493, 48.60643677 ], [ 21.00514012, 48.60639367 ], [ 21.00505628, 48.60638009 ], [ 21.00450564, 48.60629069 ], [ 21.00444887, 48.60627647 ], [ 21.0042655, 48.6062305 ], [ 21.00385092, 48.60612652 ], [ 21.00352084, 48.60604372 ], [ 21.00346723, 48.60603257 ], [ 21.00342311, 48.60602346 ], [ 21.00335212, 48.60600867 ], [ 21.0030305, 48.60593794 ], [ 21.00272891, 48.60587157 ], [ 21.00252001, 48.60582565 ], [ 21.00248712, 48.60581708 ], [ 21.00210963, 48.60572558 ], [ 21.00198443, 48.60569514 ], [ 21.00186603, 48.60566635 ], [ 21.0017354, 48.60563401 ], [ 21.00159198, 48.60560035 ], [ 21.00139346, 48.60555369 ], [ 21.00129178, 48.60548134 ], [ 21.00127291, 48.60546883 ], [ 21.00112592, 48.60536534 ], [ 21.00110527, 48.60535115 ], [ 21.00101884, 48.60528912 ], [ 21.00090219, 48.60520664 ], [ 21.00086697, 48.60518215 ], [ 21.00077675, 48.60512359 ], [ 21.00070025, 48.60507396 ], [ 21.00053124, 48.60495651 ], [ 21.00044123, 48.60489337 ], [ 21.00043003, 48.60488525 ], [ 21.00039657, 48.60486091 ], [ 21.00038865, 48.60485785 ], [ 21.00038359, 48.60485471 ], [ 21.00030834, 48.60480836 ], [ 21.00029562, 48.60480056 ], [ 21.00027996, 48.6047904 ], [ 21.00026859, 48.60478264 ], [ 21.00017766, 48.6047264 ], [ 21.00014225, 48.60470443 ], [ 21.00011185, 48.60468622 ], [ 21.00010652, 48.60468307 ], [ 21.00008408, 48.60467098 ], [ 21.00005133, 48.60465332 ], [ 21.00005774, 48.60464579 ], [ 20.99997217, 48.60462278 ], [ 20.99996153, 48.60461981 ], [ 20.99984297, 48.60458427 ], [ 20.99982862, 48.60458001 ], [ 20.99961287, 48.60451531 ], [ 20.99936649, 48.60445337 ], [ 20.99930466, 48.60447743 ], [ 20.99929124, 48.60448266 ], [ 20.99928928, 48.6044834 ], [ 20.99927682, 48.6044883 ], [ 20.99927277, 48.60448988 ], [ 20.99926249, 48.60449116 ], [ 20.99924878, 48.60449286 ], [ 20.99923494, 48.60449456 ], [ 20.99920739, 48.60449797 ], [ 20.99917975, 48.6044288 ], [ 20.99908989, 48.60420375 ], [ 20.99908314, 48.60418696 ], [ 20.99894659, 48.60384466 ], [ 20.99894242, 48.60377761 ], [ 20.99894173, 48.60376525 ], [ 20.99892903, 48.60375177 ], [ 20.99862501, 48.60342831 ], [ 20.99849131, 48.6032408 ], [ 20.99848149, 48.60322697 ], [ 20.99845865, 48.60319505 ], [ 20.99841261, 48.6031304 ], [ 20.99825598, 48.60286001 ], [ 20.99807411, 48.60240057 ], [ 20.99805027, 48.60233513 ], [ 20.99767303, 48.60132198 ], [ 20.99765249, 48.60126673 ], [ 20.99753908, 48.60126017 ], [ 20.99721508, 48.60124103 ], [ 20.99697845, 48.60125351 ], [ 20.99667453, 48.60122919 ], [ 20.99645267, 48.60115212 ], [ 20.99642647, 48.60114314 ], [ 20.99646912, 48.60109251 ], [ 20.99646096, 48.60098301 ], [ 20.99640369, 48.6009396 ], [ 20.99631669, 48.60092482 ], [ 20.99622367, 48.60095387 ], [ 20.99612331, 48.60093262 ], [ 20.99612291, 48.60090199 ], [ 20.99617816, 48.60079424 ], [ 20.9961744, 48.60076142 ], [ 20.99610665, 48.60068957 ], [ 20.99609948, 48.60065682 ], [ 20.99592535, 48.60011687 ], [ 20.99589712, 48.60000535 ], [ 20.99585288, 48.5996924 ], [ 20.99581258, 48.59967953 ], [ 20.99556549, 48.59967231 ], [ 20.99516973, 48.59977117 ], [ 20.99510423, 48.59986364 ], [ 20.99501463, 48.59990136 ], [ 20.99492457, 48.59990197 ], [ 20.99484744, 48.59988058 ], [ 20.99468306, 48.59981371 ], [ 20.99463232, 48.59977015 ], [ 20.9945059, 48.59955847 ], [ 20.9945477, 48.59944001 ], [ 20.99449772, 48.59933254 ], [ 20.99451619, 48.59931631 ], [ 20.99455628, 48.59919536 ], [ 20.99445873, 48.59915862 ], [ 20.99443025, 48.59915281 ], [ 20.99441297, 48.59914971 ], [ 20.99439797, 48.59914696 ], [ 20.99438809, 48.59914474 ], [ 20.9944013, 48.59900056 ], [ 20.99446788, 48.59897829 ], [ 20.99450732, 48.59893421 ], [ 20.99452828, 48.59876103 ], [ 20.99443285, 48.598628 ], [ 20.99441771, 48.59801265 ], [ 20.99440274, 48.59787123 ], [ 20.99440217, 48.59786625 ], [ 20.99431392, 48.59703631 ], [ 20.99424829, 48.59687898 ], [ 20.99402404, 48.59660219 ], [ 20.99401689, 48.59657818 ], [ 20.9940161, 48.59651683 ], [ 20.99415781, 48.59638232 ], [ 20.99417392, 48.59633621 ], [ 20.99412908, 48.59623792 ], [ 20.9941218, 48.59619419 ], [ 20.99409119, 48.59614832 ], [ 20.9938956, 48.59602034 ], [ 20.99383399, 48.59591771 ], [ 20.99391237, 48.59578587 ], [ 20.9938324, 48.59556512 ], [ 20.99403204, 48.59550476 ], [ 20.99405179, 48.59548047 ], [ 20.99395222, 48.59529274 ], [ 20.99386732, 48.59519465 ], [ 20.99382002, 48.59515769 ], [ 20.99375253, 48.59510772 ], [ 20.99365812, 48.5950492 ], [ 20.99363422, 48.5950493 ], [ 20.99362145, 48.59504942 ], [ 20.99301866, 48.59505188 ], [ 20.99268352, 48.59505324 ], [ 20.99264808, 48.59505342 ], [ 20.99234784, 48.59505459 ], [ 20.99230587, 48.59505482 ], [ 20.99227831, 48.59505489 ], [ 20.99185856, 48.59505668 ], [ 20.99127206, 48.59505922 ], [ 20.99122914, 48.59505942 ], [ 20.990501, 48.59507687 ], [ 20.98969522, 48.59506904 ], [ 20.98962794, 48.59506843 ], [ 20.98896378, 48.59506198 ], [ 20.98890362, 48.59506051 ], [ 20.98722479, 48.59502071 ], [ 20.98657854, 48.59500539 ], [ 20.98652691, 48.59500421 ], [ 20.98640523, 48.59500123 ], [ 20.98576297, 48.59498523 ], [ 20.98481543, 48.59496175 ], [ 20.98469043, 48.59495416 ], [ 20.98402938, 48.59491384 ], [ 20.98305529, 48.594861 ], [ 20.98254492, 48.59483335 ], [ 20.98180512, 48.59479327 ], [ 20.98012581, 48.59469356 ], [ 20.98000013, 48.59468252 ], [ 20.97985516, 48.59466984 ], [ 20.97962658, 48.59464979 ], [ 20.97938411, 48.59462845 ], [ 20.97911063, 48.59460446 ], [ 20.97881381, 48.59457844 ], [ 20.97882324, 48.59454723 ], [ 20.97886372, 48.5944127 ], [ 20.97894503, 48.59414248 ], [ 20.97895592, 48.59410637 ], [ 20.97846533, 48.5940292 ], [ 20.97584446, 48.59361693 ], [ 20.97545638, 48.59355588 ], [ 20.9750195, 48.59348652 ], [ 20.97431393, 48.59340179 ], [ 20.97417323, 48.59338484 ], [ 20.97412223, 48.59337891 ], [ 20.974086, 48.59337878 ], [ 20.97400905, 48.59337845 ], [ 20.97399127, 48.5933784 ], [ 20.97404378, 48.59343418 ], [ 20.97408881, 48.5935026 ], [ 20.97415907, 48.59366235 ], [ 20.97404849, 48.59434078 ], [ 20.97382731, 48.59523289 ], [ 20.97373689, 48.5956386 ], [ 20.97353074, 48.59666521 ], [ 20.97292274, 48.59870116 ], [ 20.97255084, 48.59998075 ], [ 20.97176902, 48.60244627 ], [ 20.97184438, 48.60245699 ], [ 20.97233492, 48.60252679 ], [ 20.97239886, 48.60253587 ], [ 20.97549173, 48.60301207 ], [ 20.97581497, 48.6030841 ], [ 20.97634956, 48.60321236 ], [ 20.97649183, 48.60325367 ], [ 20.97661159, 48.6033126 ], [ 20.97663361, 48.60336242 ], [ 20.9765321, 48.60343683 ], [ 20.97629742, 48.60406888 ], [ 20.97607034, 48.60471154 ], [ 20.97592688, 48.60513619 ], [ 20.97590309, 48.60513476 ], [ 20.97576992, 48.60556345 ], [ 20.97563303, 48.60600354 ], [ 20.97560336, 48.60609917 ], [ 20.97560085, 48.60610728 ], [ 20.97558046, 48.60617189 ], [ 20.97496968, 48.60799362 ], [ 20.97493033, 48.60811306 ], [ 20.9749035, 48.60819447 ], [ 20.97490085, 48.60820257 ], [ 20.97485549, 48.60834027 ], [ 20.97477248, 48.60856964 ], [ 20.9747546, 48.60862091 ], [ 20.97472544, 48.60870441 ], [ 20.97471536, 48.60873343 ], [ 20.97468647, 48.6088135 ], [ 20.97464525, 48.60893063 ], [ 20.97463886, 48.60894861 ], [ 20.97462253, 48.60899381 ], [ 20.97461631, 48.60901134 ], [ 20.97457454, 48.60912854 ], [ 20.97415377, 48.61049682 ], [ 20.97403846, 48.61081705 ], [ 20.97388039, 48.61123698 ], [ 20.97335592, 48.61189662 ], [ 20.97279482, 48.61248227 ], [ 20.97225328, 48.61313206 ], [ 20.97210331, 48.61328085 ], [ 20.97200371, 48.61338161 ], [ 20.97198869, 48.61339696 ], [ 20.97195002, 48.61343583 ], [ 20.97193487, 48.61345117 ], [ 20.97183543, 48.61355158 ], [ 20.97173584, 48.61365226 ], [ 20.97172068, 48.6136676 ], [ 20.97168255, 48.61370649 ], [ 20.9716674, 48.61372183 ], [ 20.97156793, 48.6138226 ], [ 20.97146834, 48.61392328 ], [ 20.97145335, 48.61393826 ], [ 20.97141453, 48.61397722 ], [ 20.97139952, 48.61399247 ], [ 20.97129992, 48.61409324 ], [ 20.97120045, 48.61419401 ], [ 20.97118532, 48.61420899 ], [ 20.97114703, 48.61424823 ], [ 20.97113204, 48.61426313 ], [ 20.97103244, 48.6143639 ], [ 20.97093297, 48.61446467 ], [ 20.97091782, 48.61448001 ], [ 20.97087914, 48.61451888 ], [ 20.97086413, 48.61453413 ], [ 20.97076453, 48.6146349 ], [ 20.97074231, 48.61465919 ], [ 20.9709812, 48.61476434 ], [ 20.97093386, 48.61482435 ], [ 20.97095949, 48.61486771 ], [ 20.97112874, 48.61490831 ], [ 20.9712908, 48.61501675 ], [ 20.97151772, 48.61528656 ], [ 20.97158626, 48.61546931 ], [ 20.97179481, 48.61556823 ], [ 20.97194294, 48.61573653 ], [ 20.97211957, 48.61578557 ], [ 20.97216087, 48.61581757 ], [ 20.97224496, 48.61604406 ], [ 20.97225623, 48.61620842 ], [ 20.97237783, 48.61630244 ], [ 20.97258464, 48.61629387 ], [ 20.9727197, 48.61631982 ], [ 20.97279673, 48.61646953 ], [ 20.97274457, 48.61663942 ], [ 20.97278035, 48.6166851 ], [ 20.97288173, 48.61671812 ], [ 20.97320739, 48.6166612 ], [ 20.97323466, 48.61667589 ], [ 20.97324092, 48.61674363 ], [ 20.97323943, 48.61692575 ], [ 20.97326867, 48.61697346 ], [ 20.9737044, 48.61712832 ], [ 20.97370704, 48.61712931 ], [ 20.97378297, 48.61718813 ], [ 20.97407845, 48.61742466 ], [ 20.97413783, 48.61748689 ], [ 20.97440027, 48.61773285 ], [ 20.97454356, 48.61781499 ], [ 20.9748175, 48.61808663 ], [ 20.97481872, 48.61827443 ], [ 20.97484095, 48.61832857 ], [ 20.97518664, 48.61856407 ], [ 20.97527996, 48.61880699 ], [ 20.97563492, 48.61903127 ], [ 20.97586878, 48.61922287 ], [ 20.97588078, 48.61926866 ], [ 20.97587621, 48.61931461 ], [ 20.97601651, 48.61941646 ], [ 20.97613971, 48.61941634 ], [ 20.97626497, 48.61947482 ], [ 20.97633163, 48.61955215 ], [ 20.97635367, 48.6196804 ], [ 20.97644719, 48.61986362 ], [ 20.97669498, 48.62013997 ], [ 20.9767552, 48.62036827 ], [ 20.97674115, 48.62050675 ], [ 20.97675895, 48.62052814 ], [ 20.97702306, 48.62058802 ], [ 20.97729962, 48.62063048 ], [ 20.97734989, 48.62070726 ], [ 20.97721771, 48.6210671 ], [ 20.97735184, 48.62145428 ], [ 20.97757427, 48.62172321 ], [ 20.97768261, 48.62245541 ], [ 20.97777489, 48.62258168 ], [ 20.97794397, 48.62261956 ], [ 20.9781384, 48.62262245 ], [ 20.97826305, 48.62256565 ], [ 20.97834227, 48.62252948 ], [ 20.97874846, 48.62247847 ], [ 20.97881033, 48.62250791 ], [ 20.97892216, 48.62261835 ], [ 20.97907691, 48.62279308 ], [ 20.97930136, 48.62287999 ], [ 20.97943837, 48.62303801 ], [ 20.97926777, 48.62343348 ], [ 20.97930341, 48.62349365 ], [ 20.97975499, 48.62355879 ], [ 20.97979673, 48.62359935 ], [ 20.97977517, 48.62371884 ], [ 20.97988247, 48.62413773 ], [ 20.98001079, 48.62432616 ], [ 20.98010411, 48.62464111 ], [ 20.97990326, 48.62488574 ], [ 20.97991019, 48.62497692 ], [ 20.98013988, 48.62510047 ], [ 20.98013492, 48.62514614 ], [ 20.97997326, 48.625286 ], [ 20.97996573, 48.62535121 ], [ 20.98021081, 48.62553336 ], [ 20.98026068, 48.62568883 ], [ 20.98009996, 48.62576973 ], [ 20.98009206, 48.62582188 ], [ 20.98026082, 48.62586235 ], [ 20.98034955, 48.62615383 ], [ 20.98020825, 48.62630625 ], [ 20.98021101, 48.6263755 ], [ 20.98064068, 48.62673697 ], [ 20.98045834, 48.62686821 ], [ 20.98036914, 48.62706091 ], [ 20.98025196, 48.62723025 ], [ 20.9802419, 48.62740218 ], [ 20.98035687, 48.62751074 ], [ 20.98035082, 48.62787155 ], [ 20.98021529, 48.62817166 ], [ 20.98033737, 48.62829757 ], [ 20.98033894, 48.62834309 ], [ 20.98024308, 48.62845354 ], [ 20.9798524, 48.62873622 ], [ 20.97962847, 48.62899656 ], [ 20.97963945, 48.62910066 ], [ 20.97974019, 48.62946826 ], [ 20.98001799, 48.62972427 ], [ 20.97994622, 48.62986442 ], [ 20.98009866, 48.63008787 ], [ 20.98009469, 48.63025118 ], [ 20.98017607, 48.63044984 ], [ 20.98015516, 48.63066624 ], [ 20.98012382, 48.63098604 ], [ 20.98026896, 48.63118944 ], [ 20.98041382, 48.63132313 ], [ 20.98033654, 48.6314839 ], [ 20.98036854, 48.63174251 ], [ 20.98034621, 48.63215481 ], [ 20.980433, 48.632327 ], [ 20.9805187, 48.63242927 ], [ 20.98061294, 48.63250328 ], [ 20.98063147, 48.63293397 ], [ 20.98057087, 48.63309701 ], [ 20.980652, 48.63322551 ], [ 20.98069346, 48.63322347 ], [ 20.98090376, 48.63318051 ], [ 20.98094378, 48.63317239 ], [ 20.98169515, 48.63301537 ], [ 20.98303252, 48.63273578 ], [ 20.98554933, 48.63220722 ], [ 20.98725025, 48.63185325 ], [ 20.99019081, 48.6318201 ], [ 20.99155441, 48.63156253 ], [ 20.99237429, 48.63140772 ], [ 20.99260568, 48.63135878 ], [ 20.99386921, 48.63083789 ], [ 20.99389303, 48.63083724 ], [ 20.99391739, 48.6308367 ], [ 20.99435416, 48.63082574 ], [ 20.99488939, 48.63082578 ], [ 20.9953847, 48.63075021 ], [ 20.99584555, 48.6307549 ], [ 20.99591317, 48.63076426 ], [ 20.9959583, 48.63076927 ], [ 20.99606968, 48.63079107 ], [ 20.99609776, 48.63079704 ], [ 20.996051, 48.63089986 ], [ 20.99613725, 48.63096287 ], [ 20.9962545, 48.63099504 ], [ 20.99653527, 48.63112125 ], [ 20.99654052, 48.63120283 ], [ 20.99666173, 48.63125638 ], [ 20.99702791, 48.63130753 ], [ 20.99733128, 48.63128573 ], [ 20.99750851, 48.63127748 ], [ 20.99758076, 48.63130113 ], [ 20.99760748, 48.63132318 ], [ 20.99754047, 48.63138119 ], [ 20.99756697, 48.63155911 ], [ 20.99748381, 48.63162055 ], [ 20.99743417, 48.63165726 ], [ 20.99695325, 48.6317688 ], [ 20.99691812, 48.63185615 ], [ 20.9970143, 48.63194074 ], [ 20.9971616, 48.63194915 ], [ 20.99727996, 48.63211588 ], [ 20.99736529, 48.6321931 ], [ 20.99742856, 48.63218457 ], [ 20.99745981, 48.63214671 ], [ 20.99746462, 48.63208311 ], [ 20.99751308, 48.63204582 ], [ 20.99762877, 48.63201959 ], [ 20.99770423, 48.63200255 ], [ 20.99773758, 48.63199808 ], [ 20.9977675, 48.63199403 ], [ 20.99778565, 48.63200733 ], [ 20.99784847, 48.63205336 ], [ 20.9978566, 48.63207875 ], [ 20.99785772, 48.63208203 ], [ 20.99780631, 48.63215821 ], [ 20.99783486, 48.63223345 ], [ 20.99791969, 48.63223987 ], [ 20.99802752, 48.63209469 ], [ 20.99803978, 48.63207997 ], [ 20.998065, 48.63204992 ], [ 20.99807468, 48.63204772 ], [ 20.99814615, 48.63203137 ], [ 20.99823058, 48.63204488 ], [ 20.99832467, 48.63207979 ], [ 20.99837277, 48.63208499 ], [ 20.99840154, 48.63200446 ], [ 20.99841968, 48.63199092 ], [ 20.9984705, 48.63199621 ], [ 20.99851124, 48.6320198 ], [ 20.9985741, 48.63205629 ], [ 20.99856789, 48.63213848 ], [ 20.99856664, 48.63215509 ], [ 20.99862658, 48.63219247 ], [ 20.99871861, 48.63220777 ], [ 20.99873337, 48.63221024 ], [ 20.99874249, 48.63221901 ], [ 20.99875262, 48.6322288 ], [ 20.99883947, 48.63231282 ], [ 20.99881901, 48.63243253 ], [ 20.99890541, 48.63249555 ], [ 20.99892946, 48.63255299 ], [ 20.99888682, 48.63259056 ], [ 20.99882595, 48.63256729 ], [ 20.99880701, 48.63259143 ], [ 20.99880141, 48.63266562 ], [ 20.99871413, 48.63276538 ], [ 20.99880844, 48.63287467 ], [ 20.99891471, 48.63289945 ], [ 20.99897824, 48.63288742 ], [ 20.9989517, 48.6327874 ], [ 20.99895997, 48.63267791 ], [ 20.99900181, 48.63265102 ], [ 20.99928753, 48.63271363 ], [ 20.99935765, 48.63276549 ], [ 20.99942337, 48.63287383 ], [ 20.99941964, 48.63292332 ], [ 20.99929888, 48.63301486 ], [ 20.999322, 48.6330864 ], [ 20.99934116, 48.63313314 ], [ 20.99910871, 48.6331962 ], [ 20.99907029, 48.63325157 ], [ 20.99907643, 48.63339693 ], [ 20.99916603, 48.63341755 ], [ 20.99919684, 48.63346108 ], [ 20.99908035, 48.63349611 ], [ 20.99886314, 48.63350664 ], [ 20.9988715, 48.63369809 ], [ 20.9989547, 48.6338035 ], [ 20.99898561, 48.63392132 ], [ 20.99900735, 48.63408494 ], [ 20.99894443, 48.63416425 ], [ 20.99901927, 48.63430478 ], [ 20.99899953, 48.63433951 ], [ 20.99889255, 48.63439971 ], [ 20.99888233, 48.63445953 ], [ 20.99892559, 48.63448933 ], [ 20.99903488, 48.63454959 ], [ 20.99925975, 48.63458893 ], [ 20.99937127, 48.63469529 ], [ 20.99946527, 48.63488247 ], [ 20.99947329, 48.63500303 ], [ 20.99937475, 48.63510251 ], [ 20.99921486, 48.63510774 ], [ 20.99913477, 48.63511219 ], [ 20.9991281, 48.63520049 ], [ 20.99915016, 48.63528613 ], [ 20.99915212, 48.63533582 ], [ 20.99915052, 48.63535701 ], [ 20.99903433, 48.63531065 ], [ 20.99895518, 48.63530452 ], [ 20.99887812, 48.63534437 ], [ 20.99890733, 48.63540909 ], [ 20.99896314, 48.63549946 ], [ 20.99897115, 48.63562003 ], [ 20.99894665, 48.63564407 ], [ 20.99884051, 48.6356157 ], [ 20.99868523, 48.63563539 ], [ 20.99863094, 48.635676 ], [ 20.99859995, 48.63571036 ], [ 20.99860679, 48.63577083 ], [ 20.99862756, 48.63579629 ], [ 20.99869991, 48.63589423 ], [ 20.99875528, 48.63606598 ], [ 20.9987072, 48.63609987 ], [ 20.9987097, 48.63614236 ], [ 20.99874078, 48.63618238 ], [ 20.99887605, 48.63620101 ], [ 20.99886262, 48.63630322 ], [ 20.99888868, 48.63633596 ], [ 20.9989355, 48.63639415 ], [ 20.99893097, 48.63645416 ], [ 20.99888343, 48.63648094 ], [ 20.99887321, 48.63654076 ], [ 20.99898117, 48.63661872 ], [ 20.9989842, 48.63665421 ], [ 20.99888473, 48.63676418 ], [ 20.99882644, 48.63685779 ], [ 20.99884849, 48.63694353 ], [ 20.99898781, 48.63705792 ], [ 20.99906906, 48.63711365 ], [ 20.99908662, 48.6371815 ], [ 20.99904344, 48.63722608 ], [ 20.99896745, 48.63725192 ], [ 20.99898755, 48.63728798 ], [ 20.99915034, 48.63731815 ], [ 20.99917694, 48.63734379 ], [ 20.99917729, 48.63741467 ], [ 20.9992404, 48.63748394 ], [ 20.99932128, 48.63746897 ], [ 20.99936303, 48.63736771 ], [ 20.99937602, 48.63734689 ], [ 20.99961935, 48.63729121 ], [ 20.99969766, 48.63738583 ], [ 20.99985209, 48.6374512 ], [ 20.99984969, 48.637483 ], [ 20.9997709, 48.63754765 ], [ 20.99988234, 48.63757962 ], [ 20.99997919, 48.63765361 ], [ 20.99998987, 48.63773897 ], [ 20.99999752, 48.63778875 ], [ 21.00008948, 48.63785195 ], [ 21.00013795, 48.63781466 ], [ 21.00011376, 48.63775722 ], [ 21.00022608, 48.63762641 ], [ 21.00025943, 48.63763815 ], [ 21.00028678, 48.63772757 ], [ 21.0003899, 48.63772037 ], [ 21.00043201, 48.63768989 ], [ 21.00044597, 48.63758058 ], [ 21.00047061, 48.63755664 ], [ 21.00050516, 48.63755067 ], [ 21.00086659, 48.6376654 ], [ 21.00102775, 48.63779465 ], [ 21.00111928, 48.63793924 ], [ 21.00114553, 48.63812066 ], [ 21.0011697, 48.63847904 ], [ 21.00122791, 48.63853761 ], [ 21.00123593, 48.63865818 ], [ 21.00131001, 48.6387315 ], [ 21.00142353, 48.639114 ], [ 21.00160093, 48.6393288 ], [ 21.00163533, 48.63962727 ], [ 21.00170999, 48.63961912 ], [ 21.00191042, 48.63960452 ], [ 21.00292451, 48.63955656 ], [ 21.0042583, 48.63952837 ], [ 21.00469318, 48.63953441 ], [ 21.00477433, 48.63953575 ], [ 21.00497422, 48.63953895 ], [ 21.00518285, 48.63955064 ], [ 21.00524528, 48.63955514 ], [ 21.00540995, 48.63956429 ], [ 21.00649682, 48.63964306 ], [ 21.00705963, 48.63966413 ], [ 21.00725139, 48.63967616 ], [ 21.00749664, 48.63968509 ], [ 21.00762537, 48.6396898 ], [ 21.00837063, 48.63972564 ], [ 21.00884624, 48.63976453 ], [ 21.00926694, 48.63980718 ], [ 21.0097618, 48.63981419 ], [ 21.01000103, 48.63981652 ], [ 21.01004603, 48.63981801 ], [ 21.0101514, 48.6398333 ], [ 21.01022112, 48.6398456 ], [ 21.01024623, 48.63984958 ], [ 21.01105581, 48.63989384 ], [ 21.01228128, 48.63995814 ], [ 21.01312439, 48.64002096 ], [ 21.0140269, 48.64007079 ], [ 21.01432077, 48.64072118 ], [ 21.01445132, 48.641014 ], [ 21.01476878, 48.64160394 ], [ 21.01483717, 48.64174605 ], [ 21.01502212, 48.64204193 ], [ 21.01522573, 48.64234085 ], [ 21.01556611, 48.64282673 ], [ 21.01582832, 48.64319756 ], [ 21.01589109, 48.64329157 ], [ 21.01595874, 48.64339295 ], [ 21.01600803, 48.6433916 ], [ 21.01603105, 48.64339092 ] ] ] } },
{ "type": "Feature", "properties": { "@featureType": "CadastralZoning", "beginLifespanVersion": { "@nilReason": "http://inspire.ec.europa.eu/codelist/VoidReasonValue/Unpopulated", "@nil": "true" }, "endLifespanVersion": { "@nilReason": "http://inspire.ec.europa.eu/codelist/VoidReasonValue/Unpopulated", "@nil": "true" }, "estimatedAccuracy": { "value": -1, "@uom": "m" }, "inspireId": { "@dataType": "Identifier", "localId": "871231", "namespace": "SK.ESKN.CP", "versionId": "20260703T04:07:40" }, "label": "Vyšná Myšľa", "level": { "@href": "http://inspire.ec.europa.eu/codelist/CadastralZoningLevelValue/3rdOrder" }, "levelName": { "value": "Katastrálne územie", "@locale": "sk" }, "name_1": { "@dataType": "name", "GeographicalName": { "@dataType": "GeographicalName", "language": "SLK", "nativeness": { "@href": "http://inspire.ec.europa.eu/codelist/NativenessValue/endonym", "@title": "endonym" }, "nameStatus": { "@href": "http://inspire.ec.europa.eu/codelist/NameStatusValue/official", "@title": "official" }, "sourceOfName": { "@nilReason": "http://inspire.ec.europa.eu/codelist/VoidReasonValue/Unpopulated", "@nil": "true" }, "pronunciation": { "@dataType": "pronunciation", "@nilReason": "http://inspire.ec.europa.eu/codelist/VoidReasonValue/Unpopulated", "@nil": "true" }, "spelling": { "@dataType": "SpellingOfName", "text": "Vyšná Myšľa", "script": "LATN" } } }, "nationalCadastalZoningReference": "871231", "validFrom": "2026-06-30T16:00:00Z", "validTo": { "@nilReason": "http://inspire.ec.europa.eu/codelist/VoidReasonValue/Unpopulated", "@nil": "true" }, "place_id": 189396049, "osm_type": "relation", "osm_id": 388209, "place_rank": 12, "category": "boundary", "type": "administrative", "importance": 0.54120382821693425, "addresstype": "county", "name_2": "okres Košice-okolie", "display_name": "okres Košice-okolie, Košický kraj, Slovensko" }, "geometry": { "type": "Polygon", "coordinates": [ [ [ 21.37844839, 48.65289336 ], [ 21.37951287, 48.65282498 ], [ 21.37964892, 48.65281653 ], [ 21.3799131, 48.65280002 ], [ 21.38013186, 48.65265622 ], [ 21.38007458, 48.65257934 ], [ 21.38013094, 48.65250396 ], [ 21.38035032, 48.65244092 ], [ 21.38053789, 48.65245391 ], [ 21.38055396, 48.65237751 ], [ 21.3807971, 48.65229862 ], [ 21.38090036, 48.65238056 ], [ 21.38105059, 48.65232338 ], [ 21.38134839, 48.65220012 ], [ 21.38125648, 48.65210708 ], [ 21.38139701, 48.65204457 ], [ 21.38167599, 48.65194019 ], [ 21.38180549, 48.65189409 ], [ 21.38191757, 48.6518463 ], [ 21.38225132, 48.65178362 ], [ 21.3835371, 48.65140752 ], [ 21.38420358, 48.65126312 ], [ 21.38430582, 48.65103219 ], [ 21.38490139, 48.65095751 ], [ 21.38498063, 48.65071113 ], [ 21.38537966, 48.65062536 ], [ 21.38584294, 48.65076782 ], [ 21.38613259, 48.65076422 ], [ 21.38648649, 48.65074479 ], [ 21.38668765, 48.65069579 ], [ 21.38699751, 48.65096069 ], [ 21.38730302, 48.65065949 ], [ 21.38753247, 48.65051986 ], [ 21.38784806, 48.65048425 ], [ 21.3883932, 48.65063581 ], [ 21.38864939, 48.65044053 ], [ 21.38893885, 48.65022535 ], [ 21.38941682, 48.64998725 ], [ 21.39005891, 48.65015771 ], [ 21.39038562, 48.65014647 ], [ 21.39064462, 48.65001176 ], [ 21.3909573, 48.64984472 ], [ 21.39121037, 48.64972721 ], [ 21.39156519, 48.64955386 ], [ 21.39150015, 48.64928077 ], [ 21.39169217, 48.64908573 ], [ 21.39236898, 48.64863973 ], [ 21.39246127, 48.64857901 ], [ 21.39250934, 48.64854732 ], [ 21.39305742, 48.64821848 ], [ 21.39374984, 48.64772216 ], [ 21.39393188, 48.6475559 ], [ 21.39403698, 48.64749061 ], [ 21.39423272, 48.64733466 ], [ 21.39435952, 48.6471475 ], [ 21.39469841, 48.64697816 ], [ 21.39472193, 48.64674327 ], [ 21.39478167, 48.64665961 ], [ 21.39516984, 48.64652082 ], [ 21.39501582, 48.64615317 ], [ 21.3951582, 48.64608088 ], [ 21.39550112, 48.64606047 ], [ 21.39562345, 48.64600344 ], [ 21.39562006, 48.64566628 ], [ 21.39582459, 48.64558909 ], [ 21.395974, 48.645417 ], [ 21.39610709, 48.64524109 ], [ 21.3963712, 48.64499616 ], [ 21.39643315, 48.6450422 ], [ 21.39655968, 48.64522412 ], [ 21.39679878, 48.64505955 ], [ 21.3970093, 48.6449459 ], [ 21.39731762, 48.64477835 ], [ 21.39743195, 48.64471297 ], [ 21.39755553, 48.6447116 ], [ 21.39765881, 48.64457666 ], [ 21.39779046, 48.64446598 ], [ 21.39786288, 48.64431329 ], [ 21.39782726, 48.64425146 ], [ 21.39794507, 48.64408446 ], [ 21.39813356, 48.64384861 ], [ 21.39834255, 48.64366109 ], [ 21.39848565, 48.64366436 ], [ 21.3987097, 48.64371603 ], [ 21.39900015, 48.64380838 ], [ 21.39962217, 48.64375061 ], [ 21.39971649, 48.64367968 ], [ 21.39995993, 48.64333015 ], [ 21.40005494, 48.64325501 ], [ 21.4001531, 48.64324586 ], [ 21.40037964, 48.64334909 ], [ 21.40040485, 48.64337406 ], [ 21.40058005, 48.64336261 ], [ 21.40077575, 48.64336347 ], [ 21.40116254, 48.64326062 ], [ 21.40139598, 48.64347082 ], [ 21.40157555, 48.64344501 ], [ 21.40170829, 48.64335226 ], [ 21.40190757, 48.64328805 ], [ 21.40227011, 48.64330268 ], [ 21.40248568, 48.64346581 ], [ 21.40260083, 48.6434947 ], [ 21.40271899, 48.64342268 ], [ 21.40279642, 48.64329012 ], [ 21.4029943, 48.64314601 ], [ 21.40363008, 48.64328461 ], [ 21.40375904, 48.64326791 ], [ 21.40402287, 48.643147 ], [ 21.40449599, 48.64315752 ], [ 21.40485163, 48.64302889 ], [ 21.40542471, 48.64290914 ], [ 21.40547392, 48.64295894 ], [ 21.40558127, 48.64291216 ], [ 21.40579887, 48.64285623 ], [ 21.40582489, 48.6427505 ], [ 21.40595411, 48.64267961 ], [ 21.40600481, 48.64256246 ], [ 21.40615514, 48.64252497 ], [ 21.40621461, 48.6424449 ], [ 21.40616248, 48.64236989 ], [ 21.40628112, 48.64229266 ], [ 21.40632169, 48.64221293 ], [ 21.40634266, 48.64213568 ], [ 21.40638737, 48.64206103 ], [ 21.40626006, 48.64183598 ], [ 21.40625462, 48.64168106 ], [ 21.40636221, 48.64163672 ], [ 21.40642145, 48.64157015 ], [ 21.4064215, 48.64149903 ], [ 21.40649176, 48.64146636 ], [ 21.40646693, 48.6413332 ], [ 21.40654237, 48.6412257 ], [ 21.40672845, 48.64115569 ], [ 21.40669623, 48.64108757 ], [ 21.40679132, 48.64083409 ], [ 21.40697212, 48.64070325 ], [ 21.40696791, 48.64064289 ], [ 21.40716588, 48.64052534 ], [ 21.40723898, 48.64044855 ], [ 21.40726941, 48.64037213 ], [ 21.40737438, 48.6403223 ], [ 21.40732778, 48.64017949 ], [ 21.4073966, 48.64011582 ], [ 21.40730639, 48.64006975 ], [ 21.40741395, 48.63995735 ], [ 21.40749689, 48.63988977 ], [ 21.40758281, 48.63985648 ], [ 21.40762353, 48.63979863 ], [ 21.4075627, 48.63966936 ], [ 21.40764255, 48.63962347 ], [ 21.40758639, 48.639584 ], [ 21.40773658, 48.63943379 ], [ 21.40779836, 48.63935361 ], [ 21.40798535, 48.63920133 ], [ 21.4079409, 48.63912332 ], [ 21.40814253, 48.63905223 ], [ 21.40822168, 48.6389722 ], [ 21.40846193, 48.63890037 ], [ 21.4085482, 48.63874917 ], [ 21.40852424, 48.63865528 ], [ 21.40840232, 48.63862214 ], [ 21.40844842, 48.63845633 ], [ 21.40852699, 48.63823801 ], [ 21.40853265, 48.63818633 ], [ 21.40853981, 48.63812046 ], [ 21.40861792, 48.63809415 ], [ 21.40873161, 48.63805592 ], [ 21.40879542, 48.63791549 ], [ 21.40895487, 48.63792372 ], [ 21.4091022, 48.63779962 ], [ 21.40914298, 48.63765418 ], [ 21.40924974, 48.63748504 ], [ 21.40917138, 48.63733589 ], [ 21.40916494, 48.63719373 ], [ 21.40914769, 48.63710499 ], [ 21.4092604, 48.63701885 ], [ 21.40924297, 48.63694703 ], [ 21.40953607, 48.63684057 ], [ 21.4097753, 48.63669498 ], [ 21.40981509, 48.63657832 ], [ 21.41036297, 48.63648039 ], [ 21.4106254, 48.63651859 ], [ 21.41078154, 48.63633218 ], [ 21.41101696, 48.63627325 ], [ 21.41101422, 48.6361466 ], [ 21.41113332, 48.63607234 ], [ 21.41128806, 48.63580388 ], [ 21.41128486, 48.63555307 ], [ 21.41125293, 48.6354928 ], [ 21.41130337, 48.63546189 ], [ 21.41133071, 48.63537465 ], [ 21.41137144, 48.63533868 ], [ 21.4112557, 48.63525225 ], [ 21.41130942, 48.6351585 ], [ 21.41130409, 48.63515691 ], [ 21.4112744, 48.63514801 ], [ 21.41116353, 48.63513051 ], [ 21.41111685, 48.6351158 ], [ 21.40989981, 48.63473371 ], [ 21.40845772, 48.63375375 ], [ 21.40750152, 48.63345814 ], [ 21.40734063, 48.63241458 ], [ 21.4072778, 48.63224275 ], [ 21.40653536, 48.63021303 ], [ 21.40652391, 48.63018154 ], [ 21.40651702, 48.63016279 ], [ 21.40583766, 48.62956163 ], [ 21.40501892, 48.62820706 ], [ 21.40408301, 48.6266857 ], [ 21.40395374, 48.62647625 ], [ 21.40376618, 48.62628145 ], [ 21.40205882, 48.6245078 ], [ 21.40077497, 48.62278855 ], [ 21.40062131, 48.62259295 ], [ 21.40064516, 48.62242495 ], [ 21.40060825, 48.62190837 ], [ 21.40065494, 48.62183035 ], [ 21.4006874, 48.62157718 ], [ 21.40054526, 48.62057835 ], [ 21.4006465, 48.62042049 ], [ 21.4005091, 48.6200627 ], [ 21.40014441, 48.61958427 ], [ 21.3990468, 48.61891481 ], [ 21.39897085, 48.6187388 ], [ 21.39892203, 48.61862545 ], [ 21.39885952, 48.61756624 ], [ 21.3990684, 48.61717787 ], [ 21.39896535, 48.61655543 ], [ 21.39932426, 48.61597644 ], [ 21.39936141, 48.61574023 ], [ 21.39948433, 48.61541835 ], [ 21.39877476, 48.61499701 ], [ 21.39762399, 48.6143986 ], [ 21.39735384, 48.61425166 ], [ 21.397039, 48.6139344 ], [ 21.39682652, 48.61349704 ], [ 21.3967296, 48.61280267 ], [ 21.39668585, 48.612153 ], [ 21.39627154, 48.61144424 ], [ 21.39640355, 48.61062902 ], [ 21.39638305, 48.61062913 ], [ 21.3945891, 48.60947437 ], [ 21.39356198, 48.60917956 ], [ 21.39313047, 48.60872775 ], [ 21.39286295, 48.60834419 ], [ 21.39283213, 48.60830015 ], [ 21.39251388, 48.60784387 ], [ 21.39163768, 48.60722963 ], [ 21.39147515, 48.60704392 ], [ 21.3903575, 48.60650143 ], [ 21.39015068, 48.60629234 ], [ 21.38937083, 48.60527493 ], [ 21.38924772, 48.60481825 ], [ 21.38924341, 48.60475375 ], [ 21.38941097, 48.60422453 ], [ 21.38967258, 48.60333305 ], [ 21.3890427, 48.60307138 ], [ 21.38822183, 48.60290808 ], [ 21.38709968, 48.6026878 ], [ 21.38608373, 48.60273301 ], [ 21.38596084, 48.60293974 ], [ 21.38547665, 48.60294977 ], [ 21.38487288, 48.60298378 ], [ 21.38463084, 48.60299591 ], [ 21.38417303, 48.60301339 ], [ 21.38401696, 48.60304294 ], [ 21.38378617, 48.60305738 ], [ 21.38344373, 48.60312278 ], [ 21.38262336, 48.60309413 ], [ 21.38204034, 48.60316026 ], [ 21.3817236, 48.603213 ], [ 21.38143092, 48.60316347 ], [ 21.3811376, 48.60309538 ], [ 21.38061664, 48.6030871 ], [ 21.38028467, 48.60296662 ], [ 21.37993692, 48.6027966 ], [ 21.37961331, 48.60278072 ], [ 21.3793864, 48.60272622 ], [ 21.3789686, 48.60258435 ], [ 21.3788037, 48.60255808 ], [ 21.37872295, 48.60249598 ], [ 21.37843565, 48.60243715 ], [ 21.37801114, 48.60236423 ], [ 21.37706216, 48.60250427 ], [ 21.37683043, 48.60264219 ], [ 21.3766041, 48.60287633 ], [ 21.37627848, 48.60297372 ], [ 21.37592498, 48.6033092 ], [ 21.37568375, 48.60380388 ], [ 21.37557941, 48.60412629 ], [ 21.37539508, 48.6045728 ], [ 21.37540278, 48.60469484 ], [ 21.37543637, 48.60487338 ], [ 21.3757032, 48.60516522 ], [ 21.37577659, 48.60547099 ], [ 21.37572178, 48.60555235 ], [ 21.3758184, 48.60565257 ], [ 21.37594205, 48.60582219 ], [ 21.37605968, 48.60600468 ], [ 21.37600562, 48.60616664 ], [ 21.37593887, 48.60634956 ], [ 21.37584625, 48.6064658 ], [ 21.37567685, 48.60657723 ], [ 21.37536041, 48.60676473 ], [ 21.37537116, 48.60703154 ], [ 21.3752355, 48.6070959 ], [ 21.37512559, 48.60729454 ], [ 21.3749665, 48.60742004 ], [ 21.37493694, 48.60763072 ], [ 21.3749976, 48.60787831 ], [ 21.37490836, 48.60794478 ], [ 21.37485291, 48.60796373 ], [ 21.37461241, 48.60788118 ], [ 21.37454721, 48.60791749 ], [ 21.37435927, 48.60812765 ], [ 21.37421206, 48.60823407 ], [ 21.37433841, 48.60850964 ], [ 21.37402402, 48.60860304 ], [ 21.37419519, 48.60877273 ], [ 21.37402182, 48.60911973 ], [ 21.37382369, 48.60934372 ], [ 21.37390249, 48.6095481 ], [ 21.37360707, 48.60967186 ], [ 21.37348234, 48.60992047 ], [ 21.37320696, 48.61000107 ], [ 21.37349296, 48.61036048 ], [ 21.37323828, 48.61070107 ], [ 21.37311651, 48.61076071 ], [ 21.37351797, 48.61095576 ], [ 21.3735398, 48.61100602 ], [ 21.37327923, 48.61129557 ], [ 21.3734818, 48.61139104 ], [ 21.37348069, 48.61141729 ], [ 21.37311077, 48.61155431 ], [ 21.37306885, 48.61162165 ], [ 21.37319474, 48.61175263 ], [ 21.37316953, 48.61180976 ], [ 21.37292841, 48.61189148 ], [ 21.37296593, 48.61208194 ], [ 21.37288682, 48.61208938 ], [ 21.37278648, 48.61226886 ], [ 21.37260096, 48.6125846 ], [ 21.37254847, 48.61269133 ], [ 21.37251359, 48.61276492 ], [ 21.37244809, 48.61290322 ], [ 21.37270415, 48.61295896 ], [ 21.3727499, 48.61296898 ], [ 21.37292175, 48.61297737 ], [ 21.37340265, 48.61300519 ], [ 21.3736959, 48.61303315 ], [ 21.37424782, 48.61300287 ], [ 21.37450055, 48.61307777 ], [ 21.37460733, 48.61312661 ], [ 21.37500505, 48.61330111 ], [ 21.37526878, 48.6133939 ], [ 21.37568508, 48.61367653 ], [ 21.37586973, 48.61374427 ], [ 21.37674566, 48.61395062 ], [ 21.37751091, 48.61417131 ], [ 21.37838587, 48.61407675 ], [ 21.37891475, 48.6140201 ], [ 21.37903418, 48.61401079 ], [ 21.37932604, 48.61398954 ], [ 21.37977388, 48.61397853 ], [ 21.3803232, 48.61421822 ], [ 21.38040773, 48.61428295 ], [ 21.38056503, 48.61455935 ], [ 21.38056652, 48.61461927 ], [ 21.38043864, 48.6151222 ], [ 21.3800871, 48.61558775 ], [ 21.37990238, 48.61613184 ], [ 21.37973306, 48.61624778 ], [ 21.37958689, 48.61641248 ], [ 21.37981433, 48.61699923 ], [ 21.38002444, 48.61720194 ], [ 21.38016041, 48.61733304 ], [ 21.38020602, 48.61737707 ], [ 21.3802832, 48.6173882 ], [ 21.38044566, 48.61740719 ], [ 21.38050844, 48.61741447 ], [ 21.38076159, 48.61747947 ], [ 21.38114417, 48.61765196 ], [ 21.38127231, 48.61772439 ], [ 21.38159596, 48.61792482 ], [ 21.3818738, 48.61851361 ], [ 21.38200588, 48.61920743 ], [ 21.38207192, 48.61960228 ], [ 21.38216309, 48.61989507 ], [ 21.38232942, 48.62061043 ], [ 21.38239332, 48.62091888 ], [ 21.3823593, 48.6212217 ], [ 21.3823581, 48.62158501 ], [ 21.38247206, 48.62190017 ], [ 21.38272442, 48.62231895 ], [ 21.38315905, 48.62272913 ], [ 21.38377688, 48.62325127 ], [ 21.38384901, 48.62333498 ], [ 21.38398449, 48.62349946 ], [ 21.38399885, 48.62378779 ], [ 21.3837814, 48.62415418 ], [ 21.38357182, 48.62430466 ], [ 21.38343412, 48.62436267 ], [ 21.38333778, 48.62438959 ], [ 21.38278862, 48.62438147 ], [ 21.38230672, 48.6243787 ], [ 21.38049418, 48.62436947 ], [ 21.37972792, 48.62460818 ], [ 21.37953461, 48.62473907 ], [ 21.37926593, 48.62499157 ], [ 21.37919977, 48.62505378 ], [ 21.37886563, 48.62532629 ], [ 21.3788657, 48.62537518 ], [ 21.37922845, 48.62546074 ], [ 21.37934365, 48.62555997 ], [ 21.37947707, 48.6257306 ], [ 21.3794343, 48.62582646 ], [ 21.37866155, 48.62613834 ], [ 21.37850407, 48.62618747 ], [ 21.37815469, 48.6262666 ], [ 21.37771522, 48.62646033 ], [ 21.37752598, 48.62649122 ], [ 21.37730393, 48.62650736 ], [ 21.37685574, 48.62644399 ], [ 21.3764849, 48.62652328 ], [ 21.37604388, 48.62656995 ], [ 21.37598451, 48.62664821 ], [ 21.37602458, 48.62688536 ], [ 21.37609009, 48.62702614 ], [ 21.3762072, 48.62718512 ], [ 21.37635217, 48.62722601 ], [ 21.37660364, 48.62724064 ], [ 21.37680636, 48.62737887 ], [ 21.37699697, 48.62762512 ], [ 21.37707918, 48.62788784 ], [ 21.37705457, 48.6281416 ], [ 21.37698104, 48.62833206 ], [ 21.37693467, 48.62862407 ], [ 21.376912, 48.62889932 ], [ 21.37686297, 48.62921852 ], [ 21.37682818, 48.62947423 ], [ 21.37682985, 48.629725 ], [ 21.37683365, 48.62994649 ], [ 21.37717295, 48.63030107 ], [ 21.37723558, 48.63050424 ], [ 21.37730122, 48.63082877 ], [ 21.37726551, 48.63098425 ], [ 21.37719927, 48.63120725 ], [ 21.37709278, 48.63140887 ], [ 21.37696636, 48.63183334 ], [ 21.37698101, 48.63187357 ], [ 21.37696718, 48.63244581 ], [ 21.37696357, 48.63264051 ], [ 21.37698924, 48.63275822 ], [ 21.37704691, 48.63321584 ], [ 21.37703478, 48.63370728 ], [ 21.37702047, 48.63405903 ], [ 21.37691693, 48.63434699 ], [ 21.37693827, 48.63465398 ], [ 21.37709171, 48.63508151 ], [ 21.37700697, 48.63554621 ], [ 21.37718932, 48.63587431 ], [ 21.37721478, 48.63595322 ], [ 21.37723438, 48.63606237 ], [ 21.37723432, 48.63608128 ], [ 21.37723437, 48.63609055 ], [ 21.37723428, 48.63609982 ], [ 21.37723429, 48.63612557 ], [ 21.37723431, 48.63613529 ], [ 21.37723423, 48.63615644 ], [ 21.37722111, 48.63630117 ], [ 21.37719311, 48.63641323 ], [ 21.37704489, 48.63670489 ], [ 21.37674214, 48.63705368 ], [ 21.37599305, 48.63760969 ], [ 21.37584391, 48.63777322 ], [ 21.37561636, 48.6381365 ], [ 21.37558618, 48.63822463 ], [ 21.37566578, 48.63853778 ], [ 21.37567384, 48.63856701 ], [ 21.37569947, 48.6385856 ], [ 21.37603674, 48.63883102 ], [ 21.37652988, 48.63914357 ], [ 21.37683195, 48.63959085 ], [ 21.37674719, 48.64003772 ], [ 21.37641684, 48.64062588 ], [ 21.37645431, 48.64120676 ], [ 21.37666461, 48.6412704 ], [ 21.37723493, 48.64138144 ], [ 21.37733419, 48.64135416 ], [ 21.37758072, 48.64107111 ], [ 21.37773072, 48.64103877 ], [ 21.37789855, 48.64103191 ], [ 21.37798926, 48.6410583 ], [ 21.3782382, 48.64119295 ], [ 21.37834964, 48.64129999 ], [ 21.37861518, 48.64159798 ], [ 21.37860856, 48.64198066 ], [ 21.37859005, 48.64211092 ], [ 21.37853667, 48.64222662 ], [ 21.37803902, 48.64271219 ], [ 21.37726493, 48.64326539 ], [ 21.37675984, 48.64334112 ], [ 21.3764571, 48.64355362 ], [ 21.37636445, 48.64376898 ], [ 21.37640659, 48.64393615 ], [ 21.37667876, 48.64411687 ], [ 21.3769398, 48.64426161 ], [ 21.37711138, 48.64434344 ], [ 21.37722039, 48.64441233 ], [ 21.37747674, 48.64455818 ], [ 21.37766111, 48.64468766 ], [ 21.37788708, 48.64489454 ], [ 21.37793148, 48.64506043 ], [ 21.37795965, 48.64523349 ], [ 21.37801306, 48.64541676 ], [ 21.37802395, 48.64553619 ], [ 21.37792978, 48.64592966 ], [ 21.37787548, 48.6463002 ], [ 21.37751308, 48.64661859 ], [ 21.37743273, 48.64687681 ], [ 21.37735625, 48.64733563 ], [ 21.37739675, 48.64734539 ], [ 21.37818047, 48.6471407 ], [ 21.37840133, 48.64712146 ], [ 21.37884025, 48.64711612 ], [ 21.37925625, 48.64718005 ], [ 21.3795279, 48.64737677 ], [ 21.37963349, 48.64752018 ], [ 21.37968781, 48.64766423 ], [ 21.37964659, 48.64785277 ], [ 21.37938335, 48.64826126 ], [ 21.37909292, 48.64856803 ], [ 21.37894462, 48.64860096 ], [ 21.37849712, 48.64863638 ], [ 21.37824614, 48.64872476 ], [ 21.3780866, 48.64891894 ], [ 21.37808693, 48.64897594 ], [ 21.37807792, 48.64932181 ], [ 21.3779986, 48.64965082 ], [ 21.37802177, 48.64973758 ], [ 21.37809683, 48.64986235 ], [ 21.37833944, 48.65025833 ], [ 21.37854982, 48.65068665 ], [ 21.37859943, 48.65100781 ], [ 21.37864335, 48.6513965 ], [ 21.37862796, 48.65187614 ], [ 21.37861125, 48.65196396 ], [ 21.37833254, 48.65217601 ], [ 21.37814083, 48.65239147 ], [ 21.37809498, 48.65266782 ], [ 21.37813495, 48.65291091 ], [ 21.37829884, 48.65290069 ], [ 21.37844839, 48.65289336 ] ] ] } },
{ "type": "Feature", "properties": { "@featureType": "CadastralZoning", "beginLifespanVersion": { "@nilReason": "http://inspire.ec.europa.eu/codelist/VoidReasonValue/Unpopulated", "@nil": "true" }, "endLifespanVersion": { "@nilReason": "http://inspire.ec.europa.eu/codelist/VoidReasonValue/Unpopulated", "@nil": "true" }, "estimatedAccuracy": { "value": -1, "@uom": "m" }, "inspireId": { "@dataType": "Identifier", "localId": "856002", "namespace": "SK.ESKN.CP", "versionId": "20260703T04:07:40" }, "label": "Slanec", "level": { "@href": "http://inspire.ec.europa.eu/codelist/CadastralZoningLevelValue/3rdOrder" }, "levelName": { "value": "Katastrálne územie", "@locale": "sk" }, "name_1": { "@dataType": "name", "GeographicalName": { "@dataType": "GeographicalName", "language": "SLK", "nativeness": { "@href": "http://inspire.ec.europa.eu/codelist/NativenessValue/endonym", "@title": "endonym" }, "nameStatus": { "@href": "http://inspire.ec.europa.eu/codelist/NameStatusValue/official", "@title": "official" }, "sourceOfName": { "@nilReason": "http://inspire.ec.europa.eu/codelist/VoidReasonValue/Unpopulated", "@nil": "true" }, "pronunciation": { "@dataType": "pronunciation", "@nilReason": "http://inspire.ec.europa.eu/codelist/VoidReasonValue/Unpopulated", "@nil": "true" }, "spelling": { "@dataType": "SpellingOfName", "text": "Slanec", "script": "LATN" } } }, "nationalCadastalZoningReference": "856002", "validFrom": "2026-06-30T16:00:00Z", "validTo": { "@nilReason": "http://inspire.ec.europa.eu/codelist/VoidReasonValue/Unpopulated", "@nil": "true" }, "place_id": 189396049, "osm_type": "relation", "osm_id": 388209, "place_rank": 12, "category": "boundary", "type": "administrative", "importance": 0.54120382821693425, "addresstype": "county", "name_2": "okres Košice-okolie", "display_name": "okres Košice-okolie, Košický kraj, Slovensko" }, "geometry": { "type": "Polygon", "coordinates": [ [ [ 21.47236483, 48.6695591 ], [ 21.47306946, 48.66916611 ], [ 21.47421815, 48.66856294 ], [ 21.4758426, 48.66774834 ], [ 21.47625789, 48.66730525 ], [ 21.47626178, 48.667269 ], [ 21.47625509, 48.66725719 ], [ 21.47645077, 48.66721237 ], [ 21.47656247, 48.66715089 ], [ 21.47717074, 48.66705286 ], [ 21.47761953, 48.66695372 ], [ 21.47786549, 48.66701361 ], [ 21.47786903, 48.66699706 ], [ 21.4778884, 48.66700014 ], [ 21.47790147, 48.66695038 ], [ 21.47791505, 48.66689919 ], [ 21.47794136, 48.6668959 ], [ 21.47814951, 48.66687007 ], [ 21.47821391, 48.66686204 ], [ 21.47836915, 48.66690669 ], [ 21.4785831, 48.6668939 ], [ 21.47860081, 48.66688091 ], [ 21.47856387, 48.66673662 ], [ 21.4786349, 48.66663453 ], [ 21.47877908, 48.66667166 ], [ 21.4788422, 48.66660705 ], [ 21.47877101, 48.66650597 ], [ 21.47869805, 48.66647477 ], [ 21.4786953, 48.66641573 ], [ 21.47869407, 48.66639121 ], [ 21.478746, 48.66637651 ], [ 21.47881561, 48.66637205 ], [ 21.47889609, 48.66637159 ], [ 21.47894291, 48.66636026 ], [ 21.47896073, 48.66632918 ], [ 21.47896909, 48.66629926 ], [ 21.47894957, 48.66626152 ], [ 21.47887476, 48.66616591 ], [ 21.47889067, 48.66604448 ], [ 21.47886887, 48.6659343 ], [ 21.47898542, 48.66586728 ], [ 21.47904188, 48.66573272 ], [ 21.47912719, 48.66566741 ], [ 21.47922296, 48.66564138 ], [ 21.47918155, 48.6655399 ], [ 21.47907742, 48.66542525 ], [ 21.47928665, 48.66531915 ], [ 21.479366, 48.66536466 ], [ 21.47951946, 48.66532311 ], [ 21.47963047, 48.66525765 ], [ 21.47972017, 48.66527402 ], [ 21.47981127, 48.66531843 ], [ 21.48006603, 48.66523076 ], [ 21.48021329, 48.66517408 ], [ 21.48060322, 48.66498626 ], [ 21.48068276, 48.66499604 ], [ 21.48070563, 48.66498725 ], [ 21.48075467, 48.66490108 ], [ 21.48084164, 48.66492377 ], [ 21.48090947, 48.66488037 ], [ 21.48095489, 48.66476259 ], [ 21.48092371, 48.66467706 ], [ 21.48096431, 48.66463026 ], [ 21.48113852, 48.6646552 ], [ 21.48125133, 48.66461589 ], [ 21.48131254, 48.66452234 ], [ 21.48121532, 48.66437099 ], [ 21.48121254, 48.66433085 ], [ 21.48131742, 48.66422019 ], [ 21.48137082, 48.66413379 ], [ 21.48136649, 48.66403887 ], [ 21.4813837, 48.66401912 ], [ 21.48140771, 48.66400955 ], [ 21.4816085, 48.66405372 ], [ 21.48180189, 48.66403286 ], [ 21.48196343, 48.66386893 ], [ 21.48214797, 48.6639183 ], [ 21.48241738, 48.66383509 ], [ 21.48246319, 48.66383075 ], [ 21.48248709, 48.66381452 ], [ 21.48248784, 48.66379294 ], [ 21.48242434, 48.66374402 ], [ 21.4824284, 48.66372586 ], [ 21.48249387, 48.66369949 ], [ 21.48254349, 48.66375278 ], [ 21.48259464, 48.66375606 ], [ 21.48266126, 48.66371649 ], [ 21.48266575, 48.66367728 ], [ 21.48263892, 48.66360611 ], [ 21.48263025, 48.66357696 ], [ 21.48262674, 48.6634818 ], [ 21.48268967, 48.66343843 ], [ 21.4827941, 48.66347459 ], [ 21.48291114, 48.66344935 ], [ 21.48312111, 48.66330501 ], [ 21.48327302, 48.66330734 ], [ 21.48340689, 48.66324748 ], [ 21.48349186, 48.66328388 ], [ 21.48353751, 48.66330474 ], [ 21.48359261, 48.66331192 ], [ 21.48364673, 48.66329908 ], [ 21.4837015, 48.66315078 ], [ 21.48378913, 48.66294115 ], [ 21.48380186, 48.66291082 ], [ 21.4839855, 48.66261367 ], [ 21.48404551, 48.66254042 ], [ 21.48411877, 48.66243515 ], [ 21.48422225, 48.66238476 ], [ 21.4843382, 48.66238011 ], [ 21.48451877, 48.66223834 ], [ 21.48476217, 48.66202186 ], [ 21.48484782, 48.66196565 ], [ 21.48493658, 48.6619468 ], [ 21.485067, 48.66192258 ], [ 21.48515551, 48.66190128 ], [ 21.48522939, 48.66184221 ], [ 21.48529454, 48.66171159 ], [ 21.48551106, 48.66161604 ], [ 21.48556647, 48.66150935 ], [ 21.48557849, 48.66136837 ], [ 21.48556598, 48.66133344 ], [ 21.4853736, 48.66119293 ], [ 21.48557319, 48.66102227 ], [ 21.48573416, 48.6608233 ], [ 21.48585426, 48.66079905 ], [ 21.48614591, 48.66081902 ], [ 21.48623879, 48.66082 ], [ 21.48631092, 48.66072972 ], [ 21.4863082, 48.66058768 ], [ 21.48640462, 48.66049992 ], [ 21.48646574, 48.66048395 ], [ 21.48659329, 48.66053202 ], [ 21.48668965, 48.66055857 ], [ 21.48682323, 48.66057288 ], [ 21.4869374, 48.66054162 ], [ 21.48715634, 48.66040518 ], [ 21.48717243, 48.66033831 ], [ 21.4871725, 48.66020536 ], [ 21.48705238, 48.66017028 ], [ 21.48690096, 48.66013187 ], [ 21.48690335, 48.66006884 ], [ 21.48718071, 48.66000872 ], [ 21.48723048, 48.65992374 ], [ 21.48716359, 48.65970378 ], [ 21.48717655, 48.65966995 ], [ 21.48719542, 48.65965582 ], [ 21.48735749, 48.65965025 ], [ 21.48745897, 48.65951662 ], [ 21.48745794, 48.65941685 ], [ 21.48752477, 48.65931616 ], [ 21.4875324, 48.6592026 ], [ 21.48771395, 48.65906625 ], [ 21.48770204, 48.65887803 ], [ 21.48775531, 48.65883673 ], [ 21.4878028, 48.65874907 ], [ 21.48781502, 48.65870387 ], [ 21.48784891, 48.65857946 ], [ 21.48793057, 48.65850521 ], [ 21.48802468, 48.65849164 ], [ 21.4880473, 48.65839588 ], [ 21.48810779, 48.6583501 ], [ 21.48812344, 48.65832508 ], [ 21.48807456, 48.65825849 ], [ 21.48808017, 48.6581735 ], [ 21.488035, 48.65811665 ], [ 21.48806432, 48.65801811 ], [ 21.48808554, 48.65782194 ], [ 21.48795813, 48.65766865 ], [ 21.48792634, 48.65754494 ], [ 21.48797816, 48.65737108 ], [ 21.48822223, 48.6571891 ], [ 21.48834273, 48.65706773 ], [ 21.48830105, 48.65697245 ], [ 21.48845802, 48.65674933 ], [ 21.48855522, 48.65672172 ], [ 21.48858517, 48.6566899 ], [ 21.48858846, 48.65666272 ], [ 21.48858369, 48.65662586 ], [ 21.48848711, 48.65651612 ], [ 21.4884178, 48.65642356 ], [ 21.48834687, 48.65632869 ], [ 21.48835645, 48.6561916 ], [ 21.48842582, 48.6561513 ], [ 21.48871867, 48.65608055 ], [ 21.4888336, 48.65618191 ], [ 21.48898811, 48.65617539 ], [ 21.48910073, 48.65619422 ], [ 21.48922621, 48.65612521 ], [ 21.4892473, 48.65609377 ], [ 21.48920101, 48.65595092 ], [ 21.48917789, 48.65582125 ], [ 21.48930036, 48.65570714 ], [ 21.48950249, 48.6556542 ], [ 21.48950517, 48.6554692 ], [ 21.48965879, 48.65538137 ], [ 21.48966628, 48.65527788 ], [ 21.48970407, 48.65514152 ], [ 21.48972227, 48.65501998 ], [ 21.48994281, 48.65497837 ], [ 21.48997284, 48.6548669 ], [ 21.49010235, 48.65477792 ], [ 21.49008334, 48.65471166 ], [ 21.4901019, 48.65466709 ], [ 21.4902709, 48.65457872 ], [ 21.49032445, 48.6545042 ], [ 21.49039987, 48.65439268 ], [ 21.49039374, 48.65424019 ], [ 21.49041958, 48.65415119 ], [ 21.49053125, 48.65407502 ], [ 21.49057044, 48.65393996 ], [ 21.49056836, 48.65391181 ], [ 21.49044909, 48.65384958 ], [ 21.49042524, 48.65368775 ], [ 21.49042855, 48.65360233 ], [ 21.49050188, 48.65341523 ], [ 21.49057664, 48.65333421 ], [ 21.49053386, 48.65323494 ], [ 21.49046499, 48.65322026 ], [ 21.49020539, 48.65308763 ], [ 21.49020719, 48.65300873 ], [ 21.49030835, 48.6529292 ], [ 21.49040074, 48.65278892 ], [ 21.49039853, 48.65271315 ], [ 21.49045054, 48.65264552 ], [ 21.49065015, 48.65254821 ], [ 21.49069426, 48.65247873 ], [ 21.4908473, 48.65233544 ], [ 21.49098325, 48.6522949 ], [ 21.49102681, 48.65222567 ], [ 21.49098572, 48.65199538 ], [ 21.49104025, 48.65192251 ], [ 21.49108077, 48.65192611 ], [ 21.49120989, 48.65187574 ], [ 21.49124008, 48.6518713 ], [ 21.49136109, 48.65198121 ], [ 21.49142825, 48.65198054 ], [ 21.49152046, 48.65188013 ], [ 21.49151845, 48.65177241 ], [ 21.49146207, 48.6515721 ], [ 21.49146134, 48.65146154 ], [ 21.49161757, 48.6513935 ], [ 21.49190973, 48.65128744 ], [ 21.49200388, 48.65123993 ], [ 21.49230874, 48.65133092 ], [ 21.49254752, 48.65136078 ], [ 21.49260044, 48.6513515 ], [ 21.49264815, 48.65134289 ], [ 21.49272749, 48.65130161 ], [ 21.49287458, 48.65129209 ], [ 21.49315017, 48.65119608 ], [ 21.49346453, 48.65121902 ], [ 21.4935821, 48.65120387 ], [ 21.49375931, 48.65120719 ], [ 21.49378617, 48.65115414 ], [ 21.49377706, 48.65088787 ], [ 21.49370205, 48.65078911 ], [ 21.49366996, 48.6506717 ], [ 21.49370653, 48.65053916 ], [ 21.49383399, 48.65040457 ], [ 21.49380806, 48.65024746 ], [ 21.4937579, 48.65007444 ], [ 21.49376749, 48.65002772 ], [ 21.49378746, 48.65001543 ], [ 21.49380928, 48.65000579 ], [ 21.49389212, 48.64996921 ], [ 21.49400781, 48.64995356 ], [ 21.49428781, 48.65001763 ], [ 21.49430971, 48.65000269 ], [ 21.49444939, 48.64979392 ], [ 21.49453379, 48.64973965 ], [ 21.49461454, 48.64976988 ], [ 21.49467627, 48.6497236 ], [ 21.49469183, 48.64963366 ], [ 21.49486567, 48.64953336 ], [ 21.49505055, 48.64954806 ], [ 21.49523574, 48.64950651 ], [ 21.49525876, 48.64946639 ], [ 21.49520374, 48.64940224 ], [ 21.4950965, 48.64928941 ], [ 21.49527793, 48.649057 ], [ 21.49540265, 48.64899912 ], [ 21.49544524, 48.64888035 ], [ 21.49572408, 48.64882556 ], [ 21.49601905, 48.64879825 ], [ 21.49616157, 48.64870091 ], [ 21.4961932, 48.64865169 ], [ 21.49617278, 48.64859861 ], [ 21.49601457, 48.6485791 ], [ 21.49593055, 48.64842518 ], [ 21.49602584, 48.64829821 ], [ 21.49610633, 48.64824562 ], [ 21.49637466, 48.64834654 ], [ 21.49642885, 48.64829913 ], [ 21.49638353, 48.64812678 ], [ 21.49642405, 48.64802911 ], [ 21.49676775, 48.64785566 ], [ 21.49675018, 48.64775289 ], [ 21.49683886, 48.64758801 ], [ 21.49695492, 48.64758335 ], [ 21.49720299, 48.64762238 ], [ 21.4972989, 48.64761623 ], [ 21.49732463, 48.64753686 ], [ 21.49743721, 48.64750239 ], [ 21.49788499, 48.64738208 ], [ 21.49793305, 48.64739922 ], [ 21.49796501, 48.64741094 ], [ 21.497986, 48.64742442 ], [ 21.49833271, 48.6476475 ], [ 21.49906752, 48.64814805 ], [ 21.49909699, 48.64817086 ], [ 21.5001632, 48.64889439 ], [ 21.5002455, 48.64895888 ], [ 21.50064364, 48.64926796 ], [ 21.50090972, 48.64949843 ], [ 21.50129035, 48.64982806 ], [ 21.50131096, 48.64983901 ], [ 21.5012318, 48.65003918 ], [ 21.50111469, 48.65015499 ], [ 21.50097042, 48.65027281 ], [ 21.50076861, 48.65042066 ], [ 21.50101093, 48.65064297 ], [ 21.50116469, 48.65078405 ], [ 21.50093035, 48.65100531 ], [ 21.50074279, 48.65118238 ], [ 21.50090696, 48.65130359 ], [ 21.50182507, 48.65201195 ], [ 21.50212049, 48.6522347 ], [ 21.50196019, 48.65238141 ], [ 21.50183487, 48.65249617 ], [ 21.50181766, 48.65251197 ], [ 21.50177271, 48.65255307 ], [ 21.50171243, 48.65260832 ], [ 21.50170129, 48.65261862 ], [ 21.50204002, 48.65285847 ], [ 21.50266759, 48.65330954 ], [ 21.50272355, 48.65334914 ], [ 21.50260948, 48.65344352 ], [ 21.50249093, 48.65354408 ], [ 21.50236602, 48.65364833 ], [ 21.50226936, 48.65372998 ], [ 21.50246137, 48.65384749 ], [ 21.50290053, 48.65415739 ], [ 21.50333336, 48.65447088 ], [ 21.50364102, 48.65469371 ], [ 21.50430618, 48.65428023 ], [ 21.50515412, 48.653698 ], [ 21.50556691, 48.65339293 ], [ 21.50658107, 48.65253182 ], [ 21.50662889, 48.65254211 ], [ 21.50715582, 48.65194847 ], [ 21.50743058, 48.65139412 ], [ 21.50775324, 48.65074923 ], [ 21.50795363, 48.65027439 ], [ 21.50818295, 48.64982233 ], [ 21.50843054, 48.64942725 ], [ 21.50930175, 48.64852322 ], [ 21.50994649, 48.64796311 ], [ 21.51001516, 48.64780026 ], [ 21.51013624, 48.64757761 ], [ 21.51017935, 48.64745445 ], [ 21.51034165, 48.64721228 ], [ 21.51091757, 48.64661985 ], [ 21.51111569, 48.64642805 ], [ 21.51252511, 48.64562398 ], [ 21.51249599, 48.6456019 ], [ 21.51084731, 48.6443517 ], [ 21.51083015, 48.64425273 ], [ 21.51002864, 48.64400446 ], [ 21.51002339, 48.64393122 ], [ 21.50998982, 48.64381935 ], [ 21.50993751, 48.64364519 ], [ 21.50990361, 48.64353232 ], [ 21.50991613, 48.64348632 ], [ 21.50994683, 48.64337423 ], [ 21.50995724, 48.64331277 ], [ 21.5099773, 48.64319507 ], [ 21.50998239, 48.64316515 ], [ 21.51002837, 48.64299183 ], [ 21.51003754, 48.64279576 ], [ 21.51004199, 48.64270083 ], [ 21.5100429, 48.64268069 ], [ 21.51007159, 48.64251831 ], [ 21.510083, 48.64245401 ], [ 21.51010069, 48.64242868 ], [ 21.51019162, 48.64229915 ], [ 21.51021841, 48.6422405 ], [ 21.51024709, 48.64217805 ], [ 21.51031928, 48.64202979 ], [ 21.51035286, 48.64185909 ], [ 21.51005928, 48.64185983 ], [ 21.51010493, 48.64164798 ], [ 21.51011238, 48.641613 ], [ 21.51012293, 48.64146846 ], [ 21.51010313, 48.64131648 ], [ 21.51010052, 48.6413065 ], [ 21.51003151, 48.64103689 ], [ 21.51000534, 48.64093451 ], [ 21.51000098, 48.64087875 ], [ 21.50998105, 48.64076817 ], [ 21.50993274, 48.6404915 ], [ 21.51002535, 48.64022636 ], [ 21.5100661, 48.640052 ], [ 21.51006976, 48.6399484 ], [ 21.51000521, 48.63979531 ], [ 21.50999689, 48.6397813 ], [ 21.50987473, 48.63957668 ], [ 21.50977446, 48.63940898 ], [ 21.50976521, 48.63938855 ], [ 21.50954349, 48.63890165 ], [ 21.50950418, 48.63881545 ], [ 21.50946927, 48.63873037 ], [ 21.50940176, 48.63856243 ], [ 21.50936077, 48.63846034 ], [ 21.50934563, 48.63839698 ], [ 21.50928586, 48.63814807 ], [ 21.50927719, 48.63806482 ], [ 21.50924131, 48.63771875 ], [ 21.50923054, 48.63753885 ], [ 21.50922317, 48.63736922 ], [ 21.50922011, 48.63734969 ], [ 21.50920795, 48.63727184 ], [ 21.50920154, 48.63725158 ], [ 21.50913988, 48.63705437 ], [ 21.509079, 48.63685998 ], [ 21.50903091, 48.63670655 ], [ 21.50903924, 48.63644448 ], [ 21.5090926, 48.63623942 ], [ 21.50915173, 48.63601256 ], [ 21.50927032, 48.63610761 ], [ 21.50928674, 48.63605596 ], [ 21.50927982, 48.63601435 ], [ 21.50925899, 48.63588863 ], [ 21.50924294, 48.63579149 ], [ 21.50922452, 48.63568068 ], [ 21.50920653, 48.63557178 ], [ 21.50920069, 48.63553651 ], [ 21.5092322, 48.63549501 ], [ 21.50927173, 48.63544304 ], [ 21.50920261, 48.63536192 ], [ 21.50911279, 48.63528589 ], [ 21.50895675, 48.635294 ], [ 21.50889474, 48.63524541 ], [ 21.5088655, 48.63518785 ], [ 21.50883393, 48.63515355 ], [ 21.50868239, 48.63507429 ], [ 21.50839118, 48.63501443 ], [ 21.50862009, 48.63486204 ], [ 21.50862891, 48.63485185 ], [ 21.50875094, 48.63471187 ], [ 21.50881825, 48.63466501 ], [ 21.50888541, 48.63461825 ], [ 21.50896684, 48.63450932 ], [ 21.50898017, 48.63450683 ], [ 21.50901152, 48.63450098 ], [ 21.50903362, 48.63450566 ], [ 21.50908787, 48.63451722 ], [ 21.50912365, 48.63453292 ], [ 21.50924392, 48.6345858 ], [ 21.50929223, 48.63458845 ], [ 21.509323, 48.63458519 ], [ 21.50937375, 48.6345609 ], [ 21.5094691, 48.63445085 ], [ 21.50952471, 48.63439799 ], [ 21.50962469, 48.63435622 ], [ 21.50969469, 48.6342268 ], [ 21.50972777, 48.63416546 ], [ 21.50981481, 48.6341324 ], [ 21.50989685, 48.63410119 ], [ 21.5099293, 48.63408889 ], [ 21.51005041, 48.63406455 ], [ 21.51017903, 48.63406231 ], [ 21.51028703, 48.63409512 ], [ 21.51040576, 48.63421097 ], [ 21.51049888, 48.63421788 ], [ 21.51053557, 48.63420723 ], [ 21.51061671, 48.63416059 ], [ 21.51065086, 48.63414096 ], [ 21.51072277, 48.63413798 ], [ 21.51101905, 48.63414722 ], [ 21.51125098, 48.63411041 ], [ 21.51139121, 48.63407204 ], [ 21.51147303, 48.63401084 ], [ 21.51151429, 48.63395936 ], [ 21.5115221, 48.63390225 ], [ 21.51153615, 48.63389518 ], [ 21.51155369, 48.63389271 ], [ 21.51173021, 48.63390985 ], [ 21.51183039, 48.63390435 ], [ 21.51192686, 48.63387679 ], [ 21.51203631, 48.63378983 ], [ 21.51204243, 48.63364435 ], [ 21.511959, 48.6336055 ], [ 21.51139871, 48.63331592 ], [ 21.51192895, 48.63316174 ], [ 21.51204247, 48.63312881 ], [ 21.51352788, 48.63267935 ], [ 21.51345252, 48.63260436 ], [ 21.51270245, 48.63188373 ], [ 21.51239258, 48.63158613 ], [ 21.51214904, 48.63135211 ], [ 21.51197747, 48.63112852 ], [ 21.51174183, 48.63082153 ], [ 21.51162571, 48.63067012 ], [ 21.51131085, 48.63038885 ], [ 21.51099399, 48.630105 ], [ 21.51096512, 48.63007915 ], [ 21.51067676, 48.62981637 ], [ 21.51019477, 48.6293769 ], [ 21.51013583, 48.62932309 ], [ 21.5099843, 48.62934546 ], [ 21.50947324, 48.62942088 ], [ 21.50922559, 48.62945741 ], [ 21.50935112, 48.62967041 ], [ 21.50906027, 48.62985657 ], [ 21.50867858, 48.62940144 ], [ 21.50842652, 48.62949087 ], [ 21.50838885, 48.62950824 ], [ 21.50815471, 48.62961646 ], [ 21.50792673, 48.62972179 ], [ 21.50759731, 48.62945171 ], [ 21.50748544, 48.62936 ], [ 21.50745669, 48.62933649 ], [ 21.50736352, 48.62926008 ], [ 21.50677708, 48.62940802 ], [ 21.50615695, 48.62956436 ], [ 21.50590451, 48.62943152 ], [ 21.50520734, 48.62906856 ], [ 21.50499223, 48.62895875 ], [ 21.50325466, 48.62804153 ], [ 21.50366574, 48.62787757 ], [ 21.50389378, 48.62801989 ], [ 21.50441261, 48.62777837 ], [ 21.50464943, 48.62791941 ], [ 21.50519269, 48.62775673 ], [ 21.50579533, 48.62757262 ], [ 21.5067649, 48.62741104 ], [ 21.50638249, 48.62642674 ], [ 21.50754198, 48.62605422 ], [ 21.50715585, 48.62564684 ], [ 21.50705599, 48.62538021 ], [ 21.50664379, 48.62465998 ], [ 21.50659287, 48.62457083 ], [ 21.50657532, 48.62454026 ], [ 21.50392429, 48.62520783 ], [ 21.50369662, 48.62526519 ], [ 21.50366643, 48.62522444 ], [ 21.50363946, 48.6251864 ], [ 21.50362741, 48.62516507 ], [ 21.50344953, 48.62489574 ], [ 21.5033721, 48.62481339 ], [ 21.50331511, 48.6247527 ], [ 21.50330013, 48.62473678 ], [ 21.50300018, 48.62441784 ], [ 21.50288836, 48.62429885 ], [ 21.50278235, 48.62417607 ], [ 21.50268529, 48.62406372 ], [ 21.50266712, 48.62404267 ], [ 21.50265198, 48.62402504 ], [ 21.50259421, 48.62394524 ], [ 21.50226701, 48.62347679 ], [ 21.50195009, 48.6230731 ], [ 21.50168152, 48.62296318 ], [ 21.50158364, 48.62287178 ], [ 21.5020248, 48.62279322 ], [ 21.50216341, 48.62271899 ], [ 21.5022956, 48.62252323 ], [ 21.502244, 48.62236393 ], [ 21.50200281, 48.62229415 ], [ 21.5017435, 48.62221916 ], [ 21.5016241, 48.62218466 ], [ 21.50135685, 48.62196792 ], [ 21.5011322, 48.62175368 ], [ 21.50111314, 48.62168202 ], [ 21.50093683, 48.62156098 ], [ 21.50068554, 48.62126855 ], [ 21.50057995, 48.62114578 ], [ 21.5004202, 48.6210165 ], [ 21.50039864, 48.62108024 ], [ 21.50027005, 48.62145902 ], [ 21.500263, 48.62157882 ], [ 21.50005929, 48.62200765 ], [ 21.50027657, 48.6220817 ], [ 21.50046987, 48.62211563 ], [ 21.5004846, 48.62219744 ], [ 21.50001213, 48.62239103 ], [ 21.50003695, 48.6224328 ], [ 21.50005006, 48.62246891 ], [ 21.49992605, 48.62253573 ], [ 21.49931974, 48.6228839 ], [ 21.49893718, 48.6230502 ], [ 21.49841208, 48.62306701 ], [ 21.49836923, 48.62307225 ], [ 21.49840624, 48.62311455 ], [ 21.49838696, 48.62315801 ], [ 21.49824686, 48.62321753 ], [ 21.49811112, 48.62327671 ], [ 21.49803091, 48.62329888 ], [ 21.49787359, 48.62326707 ], [ 21.49772371, 48.62323555 ], [ 21.49760786, 48.62322771 ], [ 21.49734465, 48.62323694 ], [ 21.4972353, 48.62321695 ], [ 21.4971252, 48.62318974 ], [ 21.49682448, 48.62308771 ], [ 21.4963077, 48.62287456 ], [ 21.49618415, 48.62281248 ], [ 21.49604425, 48.62271176 ], [ 21.49594568, 48.62259386 ], [ 21.4958565, 48.6224117 ], [ 21.49578494, 48.62234761 ], [ 21.49558167, 48.62223398 ], [ 21.49516908, 48.62202042 ], [ 21.49509486, 48.62196588 ], [ 21.49501637, 48.62184011 ], [ 21.49499184, 48.6217609 ], [ 21.49499251, 48.62151516 ], [ 21.49466036, 48.62142887 ], [ 21.49459669, 48.62139147 ], [ 21.49387277, 48.62069261 ], [ 21.49384757, 48.62059889 ], [ 21.49385933, 48.6205274 ], [ 21.49408666, 48.62029352 ], [ 21.49420073, 48.6201445 ], [ 21.4941532, 48.62002691 ], [ 21.49406885, 48.61993653 ], [ 21.49376835, 48.61971197 ], [ 21.49322567, 48.61946601 ], [ 21.49316629, 48.61942748 ], [ 21.49313038, 48.61941807 ], [ 21.49278673, 48.61941192 ], [ 21.49243296, 48.61922939 ], [ 21.49226627, 48.61924527 ], [ 21.49200441, 48.61938272 ], [ 21.49169078, 48.61934341 ], [ 21.49153697, 48.6193864 ], [ 21.49120678, 48.61949343 ], [ 21.49089185, 48.61950484 ], [ 21.49068638, 48.61945389 ], [ 21.49024757, 48.61923901 ], [ 21.49015865, 48.61930071 ], [ 21.4901545, 48.61948342 ], [ 21.49013546, 48.61950655 ], [ 21.48993238, 48.61954109 ], [ 21.48989165, 48.61951623 ], [ 21.48982531, 48.61933796 ], [ 21.48936629, 48.61932918 ], [ 21.48903007, 48.61911952 ], [ 21.48858148, 48.61911733 ], [ 21.48834125, 48.6191715 ], [ 21.48702182, 48.61904535 ], [ 21.4864557, 48.61902382 ], [ 21.48556351, 48.61871099 ], [ 21.48539266, 48.61873431 ], [ 21.48515639, 48.61881298 ], [ 21.48511993, 48.6188635 ], [ 21.48507179, 48.618984 ], [ 21.48490699, 48.61907212 ], [ 21.48434248, 48.61906945 ], [ 21.48372847, 48.61924907 ], [ 21.48358155, 48.61937273 ], [ 21.48352983, 48.61938905 ], [ 21.48247693, 48.6193226 ], [ 21.48162399, 48.61924016 ], [ 21.48117856, 48.61892882 ], [ 21.48014232, 48.61879721 ], [ 21.47998752, 48.61882431 ], [ 21.47959951, 48.61882782 ], [ 21.47927996, 48.61891315 ], [ 21.47891603, 48.61893256 ], [ 21.47844823, 48.6188449 ], [ 21.47824863, 48.61885746 ], [ 21.4778956, 48.6190467 ], [ 21.47752372, 48.61901781 ], [ 21.47722427, 48.61891612 ], [ 21.47686537, 48.61894548 ], [ 21.47674547, 48.61902995 ], [ 21.47638226, 48.61919035 ], [ 21.47614242, 48.61918716 ], [ 21.47539487, 48.61921531 ], [ 21.47513089, 48.61930621 ], [ 21.47453243, 48.61943483 ], [ 21.47426423, 48.6193615 ], [ 21.47406889, 48.61922754 ], [ 21.47335983, 48.61917263 ], [ 21.47317766, 48.61907749 ], [ 21.47302117, 48.61870934 ], [ 21.47303909, 48.61837273 ], [ 21.4731627, 48.61797798 ], [ 21.47317255, 48.61780651 ], [ 21.47304557, 48.61774538 ], [ 21.47289874, 48.61756161 ], [ 21.472739, 48.6173636 ], [ 21.47266014, 48.61709655 ], [ 21.47263852, 48.6169472 ], [ 21.47238482, 48.616452 ], [ 21.4724164, 48.61615738 ], [ 21.47246113, 48.61589572 ], [ 21.47270078, 48.61570672 ], [ 21.47290503, 48.61554585 ], [ 21.47298004, 48.61548933 ], [ 21.47299369, 48.61546371 ], [ 21.47305719, 48.61527544 ], [ 21.47313368, 48.61514533 ], [ 21.47285234, 48.61484008 ], [ 21.47234593, 48.61456725 ], [ 21.47173468, 48.61439761 ], [ 21.4711492, 48.61399456 ], [ 21.4708673, 48.61380055 ], [ 21.47063518, 48.61384114 ], [ 21.47054257, 48.61360565 ], [ 21.47039513, 48.61339035 ], [ 21.47016003, 48.61346759 ], [ 21.46981952, 48.61353555 ], [ 21.46970989, 48.61359816 ], [ 21.46984081, 48.61363231 ], [ 21.46984261, 48.61394753 ], [ 21.46961306, 48.61436944 ], [ 21.46943174, 48.61445058 ], [ 21.46924109, 48.61435474 ], [ 21.469058, 48.61461011 ], [ 21.46910681, 48.6150683 ], [ 21.46999776, 48.61566201 ], [ 21.4706621, 48.6159343 ], [ 21.47067622, 48.616164 ], [ 21.47090307, 48.61630789 ], [ 21.47067611, 48.61665165 ], [ 21.47014703, 48.61663292 ], [ 21.47024941, 48.61689327 ], [ 21.47013584, 48.61702337 ], [ 21.46961727, 48.61712279 ], [ 21.46879173, 48.616898 ], [ 21.46875855, 48.61629623 ], [ 21.46860623, 48.61614227 ], [ 21.46856679, 48.61610232 ], [ 21.46834895, 48.615882 ], [ 21.46810049, 48.61585136 ], [ 21.46754327, 48.61593784 ], [ 21.46717769, 48.61607033 ], [ 21.46670942, 48.61553375 ], [ 21.46662104, 48.61504001 ], [ 21.46651886, 48.6149327 ], [ 21.46622421, 48.6147429 ], [ 21.46562756, 48.61500242 ], [ 21.46491128, 48.6152354 ], [ 21.46497532, 48.61533017 ], [ 21.46457243, 48.61542546 ], [ 21.46376695, 48.61535129 ], [ 21.46370722, 48.61521821 ], [ 21.46332432, 48.6152209 ], [ 21.46293005, 48.61533138 ], [ 21.46256268, 48.61517771 ], [ 21.46274677, 48.61501006 ], [ 21.46256775, 48.61461243 ], [ 21.4628437, 48.61424095 ], [ 21.46383869, 48.61414304 ], [ 21.46429223, 48.61353376 ], [ 21.46427982, 48.61234339 ], [ 21.46425593, 48.61225736 ], [ 21.46419014, 48.6120212 ], [ 21.46404409, 48.61197778 ], [ 21.46400578, 48.61184523 ], [ 21.4641947, 48.61176621 ], [ 21.46423274, 48.61147718 ], [ 21.46387726, 48.61124905 ], [ 21.46372947, 48.61102922 ], [ 21.46347418, 48.61059858 ], [ 21.46333819, 48.61034832 ], [ 21.46339171, 48.61009619 ], [ 21.46317062, 48.609723 ], [ 21.46299272, 48.60961761 ], [ 21.46214075, 48.60975866 ], [ 21.46245921, 48.61033366 ], [ 21.46212826, 48.61041726 ], [ 21.46188222, 48.6103874 ], [ 21.46122897, 48.61054082 ], [ 21.4608978, 48.61050297 ], [ 21.46079575, 48.61040835 ], [ 21.46097443, 48.61019328 ], [ 21.46159376, 48.60978177 ], [ 21.4617969, 48.60972171 ], [ 21.46202517, 48.60948946 ], [ 21.46187558, 48.60933385 ], [ 21.46249532, 48.60925759 ], [ 21.46260317, 48.60924436 ], [ 21.46287307, 48.60921118 ], [ 21.4634074, 48.6090514 ], [ 21.463787, 48.60933524 ], [ 21.46425608, 48.60905806 ], [ 21.46441021, 48.60882184 ], [ 21.46466926, 48.60865124 ], [ 21.46476461, 48.60848252 ], [ 21.46475188, 48.60826718 ], [ 21.46487039, 48.60812597 ], [ 21.46495, 48.60802666 ], [ 21.46424123, 48.60772026 ], [ 21.46390897, 48.60762325 ], [ 21.46347999, 48.60749469 ], [ 21.46341396, 48.60743011 ], [ 21.46318477, 48.60734691 ], [ 21.4629802, 48.60726919 ], [ 21.46272746, 48.60717072 ], [ 21.46246797, 48.60699192 ], [ 21.46239489, 48.60696404 ], [ 21.46222348, 48.60692051 ], [ 21.46200904, 48.60696701 ], [ 21.46185899, 48.60696173 ], [ 21.46174115, 48.60693326 ], [ 21.461536, 48.60672319 ], [ 21.46145217, 48.60666502 ], [ 21.46111528, 48.60656859 ], [ 21.46080739, 48.60653827 ], [ 21.46059694, 48.60648576 ], [ 21.46053479, 48.60641796 ], [ 21.4604569, 48.60602922 ], [ 21.46038537, 48.60597996 ], [ 21.46010485, 48.60596268 ], [ 21.46000652, 48.6059165 ], [ 21.45987594, 48.60578162 ], [ 21.45985096, 48.6057366 ], [ 21.45986295, 48.60534751 ], [ 21.4597033, 48.60548895 ], [ 21.45926743, 48.60511091 ], [ 21.45899302, 48.6046788 ], [ 21.45881565, 48.60462303 ], [ 21.4587486, 48.60448603 ], [ 21.45897482, 48.60431737 ], [ 21.4589896, 48.60415819 ], [ 21.45883576, 48.60403423 ], [ 21.45882823, 48.60397181 ], [ 21.45883378, 48.60390661 ], [ 21.45877294, 48.60386622 ], [ 21.45868761, 48.60324635 ], [ 21.45867052, 48.60294373 ], [ 21.45867175, 48.60290074 ], [ 21.45868287, 48.60281707 ], [ 21.45875889, 48.60258604 ], [ 21.45886002, 48.60218137 ], [ 21.4588841, 48.60212329 ], [ 21.45882099, 48.60212325 ], [ 21.45876067, 48.60197691 ], [ 21.45892645, 48.60175949 ], [ 21.45892392, 48.60170567 ], [ 21.4588582, 48.60152623 ], [ 21.45886527, 48.60147692 ], [ 21.45894235, 48.6013688 ], [ 21.45884406, 48.60132218 ], [ 21.45884768, 48.60126359 ], [ 21.45815265, 48.60071134 ], [ 21.45766661, 48.60032516 ], [ 21.45756761, 48.60034234 ], [ 21.45743024, 48.60032006 ], [ 21.45734961, 48.60026305 ], [ 21.45727629, 48.60020834 ], [ 21.4572221, 48.60014554 ], [ 21.45711403, 48.59995396 ], [ 21.45694006, 48.59992295 ], [ 21.45661364, 48.59972688 ], [ 21.45650866, 48.59960525 ], [ 21.45650481, 48.59957129 ], [ 21.45691332, 48.59944496 ], [ 21.4570855, 48.59938463 ], [ 21.45676558, 48.59912745 ], [ 21.45672376, 48.59903989 ], [ 21.4564547, 48.59880598 ], [ 21.45630953, 48.59876843 ], [ 21.45602705, 48.59867294 ], [ 21.45631808, 48.59915029 ], [ 21.45637398, 48.59919333 ], [ 21.45614833, 48.59923742 ], [ 21.45597206, 48.59929204 ], [ 21.45542907, 48.59892795 ], [ 21.45510962, 48.59894354 ], [ 21.45374992, 48.59917654 ], [ 21.45453996, 48.60057673 ], [ 21.45519371, 48.60171448 ], [ 21.45609679, 48.60330017 ], [ 21.45654481, 48.60407874 ], [ 21.45755059, 48.60586673 ], [ 21.45869474, 48.60782457 ], [ 21.46013963, 48.61015109 ], [ 21.46116502, 48.61184968 ], [ 21.4624923, 48.61410448 ], [ 21.46173695, 48.61422657 ], [ 21.45965439, 48.61457727 ], [ 21.45785933, 48.61487711 ], [ 21.4561915, 48.61515596 ], [ 21.45612395, 48.61516731 ], [ 21.45524554, 48.61531421 ], [ 21.45508381, 48.61534126 ], [ 21.45341828, 48.61561969 ], [ 21.45223001, 48.6158179 ], [ 21.45214282, 48.61583255 ], [ 21.4518519, 48.61588102 ], [ 21.45172723, 48.61590186 ], [ 21.45155218, 48.61593103 ], [ 21.44747971, 48.61659983 ], [ 21.44739103, 48.61661443 ], [ 21.4465586, 48.61675109 ], [ 21.44406824, 48.61714817 ], [ 21.44181614, 48.61751241 ], [ 21.43929183, 48.61791038 ], [ 21.43662257, 48.61833923 ], [ 21.43680778, 48.61856442 ], [ 21.43899546, 48.61962859 ], [ 21.44030704, 48.62191796 ], [ 21.44034802, 48.62198947 ], [ 21.44433119, 48.62894042 ], [ 21.44464368, 48.62948567 ], [ 21.44590473, 48.63074865 ], [ 21.44720367, 48.63234041 ], [ 21.44709682, 48.6324255 ], [ 21.44658677, 48.63283168 ], [ 21.44544818, 48.63356315 ], [ 21.4444089, 48.63423072 ], [ 21.44449453, 48.63440067 ], [ 21.4446669, 48.6345368 ], [ 21.44474118, 48.63466321 ], [ 21.44464842, 48.63488888 ], [ 21.44467317, 48.63520387 ], [ 21.4445926, 48.63540379 ], [ 21.44474966, 48.63548032 ], [ 21.44474235, 48.6355289 ], [ 21.44487402, 48.6355504 ], [ 21.44499423, 48.63549532 ], [ 21.44524477, 48.63558972 ], [ 21.44556008, 48.63568448 ], [ 21.44561334, 48.63570044 ], [ 21.44581773, 48.63576189 ], [ 21.44597112, 48.63580797 ], [ 21.45137395, 48.63933876 ], [ 21.45159846, 48.63970001 ], [ 21.45154865, 48.63984421 ], [ 21.45137369, 48.64003606 ], [ 21.45130794, 48.64029295 ], [ 21.45139815, 48.64050696 ], [ 21.45144716, 48.64071122 ], [ 21.45159833, 48.64090109 ], [ 21.45158327, 48.64118421 ], [ 21.45146339, 48.64162578 ], [ 21.45163677, 48.64200426 ], [ 21.45178546, 48.64212141 ], [ 21.45181862, 48.6421619 ], [ 21.45192543, 48.64229186 ], [ 21.45209053, 48.64249294 ], [ 21.45244557, 48.64268544 ], [ 21.45249255, 48.64279997 ], [ 21.4524497, 48.64299055 ], [ 21.45286142, 48.64342128 ], [ 21.45359931, 48.64366422 ], [ 21.45628819, 48.64512841 ], [ 21.45781145, 48.6459577 ], [ 21.45745662, 48.64627016 ], [ 21.45733288, 48.64641283 ], [ 21.45724134, 48.64662495 ], [ 21.45710481, 48.64682927 ], [ 21.45704315, 48.64705775 ], [ 21.45686593, 48.64728348 ], [ 21.45668452, 48.64757408 ], [ 21.45656556, 48.64778576 ], [ 21.45648286, 48.64798139 ], [ 21.45637462, 48.64808904 ], [ 21.45604151, 48.64863007 ], [ 21.45590623, 48.64879689 ], [ 21.45580033, 48.64896744 ], [ 21.45572485, 48.64915231 ], [ 21.4557025, 48.64933917 ], [ 21.45563865, 48.64953103 ], [ 21.45549959, 48.64965876 ], [ 21.45551425, 48.64982852 ], [ 21.45546836, 48.65005052 ], [ 21.45546446, 48.65015807 ], [ 21.45544517, 48.65037851 ], [ 21.45555523, 48.65066007 ], [ 21.45564867, 48.65125893 ], [ 21.45579022, 48.65203301 ], [ 21.45588289, 48.65229624 ], [ 21.45613281, 48.65276904 ], [ 21.45639369, 48.65313036 ], [ 21.45644282, 48.6536315 ], [ 21.45658176, 48.65421431 ], [ 21.45691477, 48.65462904 ], [ 21.45717416, 48.65507223 ], [ 21.45710825, 48.65546252 ], [ 21.45715097, 48.6557639 ], [ 21.4572935, 48.65625634 ], [ 21.45754822, 48.65674935 ], [ 21.45747659, 48.65720322 ], [ 21.45806169, 48.6575586 ], [ 21.45919238, 48.6581509 ], [ 21.4595731, 48.65858654 ], [ 21.46017151, 48.65888946 ], [ 21.4604391, 48.65920576 ], [ 21.46079648, 48.65976604 ], [ 21.46134002, 48.66009327 ], [ 21.46154891, 48.66019307 ], [ 21.4616154, 48.66022517 ], [ 21.46209845, 48.66045674 ], [ 21.4628321, 48.6614102 ], [ 21.46339317, 48.6624031 ], [ 21.46346723, 48.66253408 ], [ 21.46396971, 48.66342318 ], [ 21.46455158, 48.66401527 ], [ 21.46454856, 48.66466873 ], [ 21.46492666, 48.66510023 ], [ 21.46521349, 48.66536731 ], [ 21.46547693, 48.66572453 ], [ 21.46595592, 48.66618633 ], [ 21.46606155, 48.66628816 ], [ 21.46736388, 48.66989862 ], [ 21.46741513, 48.67001723 ], [ 21.46749367, 48.67003797 ], [ 21.46757034, 48.6700582 ], [ 21.4676987, 48.67009218 ], [ 21.46777497, 48.67011232 ], [ 21.46855864, 48.67031948 ], [ 21.46867862, 48.67034043 ], [ 21.46879105, 48.67035423 ], [ 21.47029557, 48.67040618 ], [ 21.47053049, 48.6704627 ], [ 21.47232743, 48.66957998 ], [ 21.47236483, 48.6695591 ] ] ] } },
{ "type": "Feature", "properties": { "@featureType": "CadastralZoning", "beginLifespanVersion": { "@nilReason": "http://inspire.ec.europa.eu/codelist/VoidReasonValue/Unpopulated", "@nil": "true" }, "endLifespanVersion": { "@nilReason": "http://inspire.ec.europa.eu/codelist/VoidReasonValue/Unpopulated", "@nil": "true" }, "estimatedAccuracy": { "value": -1, "@uom": "m" }, "inspireId": { "@dataType": "Identifier", "localId": "808750", "namespace": "SK.ESKN.CP", "versionId": "20260703T04:07:40" }, "label": "Čaňa", "level": { "@href": "http://inspire.ec.europa.eu/codelist/CadastralZoningLevelValue/3rdOrder" }, "levelName": { "value": "Katastrálne územie", "@locale": "sk" }, "name_1": { "@dataType": "name", "GeographicalName": { "@dataType": "GeographicalName", "language": "SLK", "nativeness": { "@href": "http://inspire.ec.europa.eu/codelist/NativenessValue/endonym", "@title": "endonym" }, "nameStatus": { "@href": "http://inspire.ec.europa.eu/codelist/NameStatusValue/official", "@title": "official" }, "sourceOfName": { "@nilReason": "http://inspire.ec.europa.eu/codelist/VoidReasonValue/Unpopulated", "@nil": "true" }, "pronunciation": { "@dataType": "pronunciation", "@nilReason": "http://inspire.ec.europa.eu/codelist/VoidReasonValue/Unpopulated", "@nil": "true" }, "spelling": { "@dataType": "SpellingOfName", "text": "Čaňa", "script": "LATN" } } }, "nationalCadastalZoningReference": "808750", "validFrom": "2026-06-30T16:00:00Z", "validTo": { "@nilReason": "http://inspire.ec.europa.eu/codelist/VoidReasonValue/Unpopulated", "@nil": "true" }, "place_id": 189396049, "osm_type": "relation", "osm_id": 388209, "place_rank": 12, "category": "boundary", "type": "administrative", "importance": 0.54120382821693425, "addresstype": "county", "name_2": "okres Košice-okolie", "display_name": "okres Košice-okolie, Košický kraj, Slovensko" }, "geometry": { "type": "Polygon", "coordinates": [ [ [ 21.34009843, 48.62555757 ], [ 21.34015849, 48.62553724 ], [ 21.3401963, 48.62550886 ], [ 21.34022486, 48.62537405 ], [ 21.3402037, 48.6251171 ], [ 21.3402268, 48.62505757 ], [ 21.34024939, 48.62504898 ], [ 21.34028649, 48.62503479 ], [ 21.34037776, 48.625011 ], [ 21.34039919, 48.62500543 ], [ 21.3404498, 48.62499229 ], [ 21.34062471, 48.62497264 ], [ 21.3406337, 48.62498011 ], [ 21.34071888, 48.62505075 ], [ 21.34081335, 48.62521331 ], [ 21.34083356, 48.62527487 ], [ 21.34071097, 48.62541638 ], [ 21.34068901, 48.62547514 ], [ 21.34085666, 48.62550766 ], [ 21.34094734, 48.62551806 ], [ 21.34116243, 48.62550853 ], [ 21.34123831, 48.62545573 ], [ 21.34134371, 48.62531928 ], [ 21.34139519, 48.62528951 ], [ 21.34149277, 48.62523304 ], [ 21.34153831, 48.62520678 ], [ 21.3416503, 48.62515803 ], [ 21.34167774, 48.62514608 ], [ 21.34184427, 48.62512383 ], [ 21.34189086, 48.62511192 ], [ 21.34194243, 48.62509862 ], [ 21.34195545, 48.62509478 ], [ 21.34220967, 48.62501982 ], [ 21.34227356, 48.6250051 ], [ 21.34231744, 48.62499499 ], [ 21.34239737, 48.62498003 ], [ 21.34239943, 48.62497964 ], [ 21.34250839, 48.62495925 ], [ 21.34260034, 48.62495708 ], [ 21.34267581, 48.62491615 ], [ 21.34276933, 48.62486541 ], [ 21.34295575, 48.6248127 ], [ 21.34302997, 48.62463579 ], [ 21.34298672, 48.62455373 ], [ 21.34267826, 48.624604 ], [ 21.34259918, 48.62460468 ], [ 21.3425653, 48.62459168 ], [ 21.34247757, 48.6245523 ], [ 21.34246835, 48.62454815 ], [ 21.34237915, 48.62450638 ], [ 21.34236744, 48.62450089 ], [ 21.34228507, 48.6244506 ], [ 21.34220923, 48.62440609 ], [ 21.34219187, 48.62439593 ], [ 21.34216166, 48.62437503 ], [ 21.34215185, 48.62432612 ], [ 21.34214451, 48.62429466 ], [ 21.34213536, 48.62425585 ], [ 21.34211407, 48.62419822 ], [ 21.3421865, 48.62409471 ], [ 21.34218757, 48.62408115 ], [ 21.34219062, 48.6240428 ], [ 21.3422213, 48.62398161 ], [ 21.34225811, 48.62395985 ], [ 21.34237283, 48.62395441 ], [ 21.34240579, 48.62395288 ], [ 21.34256434, 48.62396568 ], [ 21.34270269, 48.62400372 ], [ 21.34286491, 48.62408163 ], [ 21.34290433, 48.62417582 ], [ 21.34302489, 48.62418612 ], [ 21.34311291, 48.6241859 ], [ 21.34312465, 48.62418302 ], [ 21.34317206, 48.62417094 ], [ 21.34327269, 48.62407414 ], [ 21.34327269, 48.6240682 ], [ 21.34327271, 48.62402247 ], [ 21.34331307, 48.6239549 ], [ 21.34338307, 48.6239382 ], [ 21.34350747, 48.62390838 ], [ 21.3436175, 48.62387434 ], [ 21.34371296, 48.62384482 ], [ 21.34372946, 48.62374304 ], [ 21.3437227, 48.62369323 ], [ 21.34369705, 48.62350331 ], [ 21.34358205, 48.6233449 ], [ 21.34356158, 48.62331088 ], [ 21.34354134, 48.62327732 ], [ 21.34351438, 48.62324076 ], [ 21.343419, 48.62311112 ], [ 21.34347844, 48.62305251 ], [ 21.34347946, 48.62305137 ], [ 21.34350803, 48.62302306 ], [ 21.34353658, 48.62299493 ], [ 21.34357257, 48.62295929 ], [ 21.34360477, 48.6229274 ], [ 21.34363391, 48.62289857 ], [ 21.34363814, 48.62289438 ], [ 21.34365315, 48.62287953 ], [ 21.34366041, 48.62286273 ], [ 21.34366251, 48.62285793 ], [ 21.34368282, 48.62281128 ], [ 21.34368364, 48.62280924 ], [ 21.34370299, 48.62276481 ], [ 21.34370685, 48.62275601 ], [ 21.34371637, 48.62273415 ], [ 21.34373059, 48.62272675 ], [ 21.34374848, 48.62271748 ], [ 21.34377453, 48.62270395 ], [ 21.34378045, 48.6227008 ], [ 21.34379988, 48.62269076 ], [ 21.34381142, 48.62268481 ], [ 21.34387638, 48.62267029 ], [ 21.34388617, 48.62266816 ], [ 21.34400132, 48.62264247 ], [ 21.3440318, 48.62263574 ], [ 21.34407317, 48.62262645 ], [ 21.34410694, 48.6226272 ], [ 21.34416266, 48.62262843 ], [ 21.34417337, 48.62262867 ], [ 21.34424435, 48.62264513 ], [ 21.3442486, 48.62264453 ], [ 21.34429497, 48.62263774 ], [ 21.34432158, 48.62263377 ], [ 21.34434709, 48.62261627 ], [ 21.34440097, 48.62257927 ], [ 21.34441607, 48.62256893 ], [ 21.34442384, 48.62251523 ], [ 21.34442648, 48.62249659 ], [ 21.34442926, 48.62247786 ], [ 21.34425713, 48.6222457 ], [ 21.34428915, 48.62218887 ], [ 21.3443026, 48.62216497 ], [ 21.34430987, 48.62215204 ], [ 21.34431358, 48.62214549 ], [ 21.34442734, 48.62211246 ], [ 21.34445256, 48.62210512 ], [ 21.34457061, 48.62207088 ], [ 21.344604, 48.62206117 ], [ 21.34460982, 48.62205946 ], [ 21.344618, 48.62205709 ], [ 21.34465402, 48.62204666 ], [ 21.34469795, 48.62203376 ], [ 21.3446992, 48.62203344 ], [ 21.34470031, 48.62203311 ], [ 21.34476755, 48.6220012 ], [ 21.3447787, 48.62199893 ], [ 21.34480171, 48.62199413 ], [ 21.34485846, 48.62198243 ], [ 21.34488242, 48.62197757 ], [ 21.34488655, 48.62197671 ], [ 21.34492346, 48.62196918 ], [ 21.34493572, 48.62196667 ], [ 21.34506256, 48.62208708 ], [ 21.34505392, 48.62215758 ], [ 21.3450495, 48.62219418 ], [ 21.34512435, 48.62233418 ], [ 21.3451214, 48.62236921 ], [ 21.34508937, 48.62243819 ], [ 21.34502513, 48.62257669 ], [ 21.34502482, 48.62257723 ], [ 21.34503337, 48.62258316 ], [ 21.34514663, 48.62266211 ], [ 21.3453258, 48.62262178 ], [ 21.34549931, 48.62258282 ], [ 21.34554045, 48.62253545 ], [ 21.34559885, 48.62246807 ], [ 21.34554073, 48.62223089 ], [ 21.34532209, 48.6222251 ], [ 21.3453202, 48.62220911 ], [ 21.34531699, 48.62218281 ], [ 21.34532156, 48.6221735 ], [ 21.34532567, 48.62216516 ], [ 21.3453545, 48.62210724 ], [ 21.34536615, 48.62208383 ], [ 21.34538427, 48.62204746 ], [ 21.34539334, 48.62203801 ], [ 21.34540168, 48.62202917 ], [ 21.34544308, 48.62198604 ], [ 21.34544659, 48.62198236 ], [ 21.34550745, 48.62191866 ], [ 21.34550848, 48.62191761 ], [ 21.34552178, 48.62190379 ], [ 21.34552809, 48.62189704 ], [ 21.34556012, 48.62186362 ], [ 21.34556582, 48.62185767 ], [ 21.34557723, 48.62184577 ], [ 21.34558241, 48.62184359 ], [ 21.34561694, 48.62182914 ], [ 21.34563819, 48.62182033 ], [ 21.34567356, 48.62180556 ], [ 21.34568292, 48.6218017 ], [ 21.34573086, 48.62178181 ], [ 21.34581125, 48.62174822 ], [ 21.34583949, 48.62173647 ], [ 21.34584718, 48.62173328 ], [ 21.34623386, 48.62157201 ], [ 21.3463436, 48.62152626 ], [ 21.34651039, 48.621413 ], [ 21.34653147, 48.6213986 ], [ 21.34653929, 48.62138956 ], [ 21.34667523, 48.62123116 ], [ 21.34668517, 48.62112406 ], [ 21.34665445, 48.62103941 ], [ 21.34657261, 48.62096762 ], [ 21.345928, 48.62072651 ], [ 21.34551108, 48.62081818 ], [ 21.34512215, 48.62078888 ], [ 21.34497946, 48.62068572 ], [ 21.34491003, 48.62059134 ], [ 21.34481213, 48.62053599 ], [ 21.34483511, 48.62043072 ], [ 21.34480803, 48.62037427 ], [ 21.34448721, 48.62030435 ], [ 21.34437002, 48.62026102 ], [ 21.34436869, 48.62026053 ], [ 21.3442797, 48.62022759 ], [ 21.34428106, 48.62019207 ], [ 21.34428139, 48.62018326 ], [ 21.34429474, 48.62013721 ], [ 21.34430808, 48.62009124 ], [ 21.34430903, 48.62007543 ], [ 21.34431065, 48.62004793 ], [ 21.34431244, 48.62001602 ], [ 21.34431273, 48.62001171 ], [ 21.34431001, 48.61997039 ], [ 21.34430958, 48.61996471 ], [ 21.34430733, 48.61993034 ], [ 21.34430596, 48.61991067 ], [ 21.34430556, 48.61990472 ], [ 21.34430272, 48.61986304 ], [ 21.34430193, 48.61985077 ], [ 21.34429898, 48.61982647 ], [ 21.34429227, 48.61977198 ], [ 21.34428784, 48.61973574 ], [ 21.34428454, 48.61970863 ], [ 21.34428332, 48.61969869 ], [ 21.34420551, 48.61963161 ], [ 21.34424017, 48.6196251 ], [ 21.34452918, 48.61957108 ], [ 21.34496736, 48.61954938 ], [ 21.34507563, 48.61952105 ], [ 21.34580708, 48.61955916 ], [ 21.34592462, 48.61953813 ], [ 21.34631545, 48.61929641 ], [ 21.34646319, 48.61927458 ], [ 21.34654092, 48.61932311 ], [ 21.34658624, 48.61950948 ], [ 21.34657859, 48.61960108 ], [ 21.34657791, 48.61960907 ], [ 21.34663921, 48.6198594 ], [ 21.34666572, 48.61996769 ], [ 21.34677763, 48.62003265 ], [ 21.34698243, 48.62003019 ], [ 21.34726896, 48.61989749 ], [ 21.3473602, 48.61988179 ], [ 21.3474165, 48.61981525 ], [ 21.34741709, 48.61979087 ], [ 21.34734883, 48.61969527 ], [ 21.347281, 48.61964101 ], [ 21.34716685, 48.61954933 ], [ 21.34713458, 48.61952297 ], [ 21.34712751, 48.61951709 ], [ 21.3472282, 48.61950617 ], [ 21.3473785, 48.61943923 ], [ 21.34742013, 48.61936081 ], [ 21.34736376, 48.619193 ], [ 21.34723546, 48.619082 ], [ 21.34709141, 48.61884439 ], [ 21.34703528, 48.61866516 ], [ 21.34673043, 48.6185229 ], [ 21.34653137, 48.61854471 ], [ 21.34629128, 48.6186301 ], [ 21.34615389, 48.61850117 ], [ 21.34558535, 48.61832925 ], [ 21.34550118, 48.61818285 ], [ 21.34574076, 48.61810086 ], [ 21.34603122, 48.61807686 ], [ 21.34625973, 48.61810284 ], [ 21.34646046, 48.61820109 ], [ 21.34675639, 48.61829123 ], [ 21.34715151, 48.61814894 ], [ 21.34758128, 48.61803407 ], [ 21.34781467, 48.61782864 ], [ 21.34803732, 48.61780142 ], [ 21.34832362, 48.61759075 ], [ 21.34840148, 48.61739 ], [ 21.3484481, 48.6171341 ], [ 21.34836621, 48.61695428 ], [ 21.34820469, 48.61680302 ], [ 21.34797437, 48.61652869 ], [ 21.34788043, 48.61645707 ], [ 21.34775779, 48.61642996 ], [ 21.3475538, 48.61651771 ], [ 21.34747608, 48.61659558 ], [ 21.34742636, 48.61683724 ], [ 21.34760323, 48.61714066 ], [ 21.34754009, 48.6172792 ], [ 21.34739498, 48.61733199 ], [ 21.34724479, 48.61722149 ], [ 21.34698205, 48.61695455 ], [ 21.34691307, 48.6167924 ], [ 21.34670434, 48.61665844 ], [ 21.34656882, 48.61648456 ], [ 21.34667767, 48.61644769 ], [ 21.34676342, 48.61630029 ], [ 21.34672999, 48.61616415 ], [ 21.34651214, 48.61611373 ], [ 21.34634779, 48.61614613 ], [ 21.34618383, 48.61623625 ], [ 21.34573857, 48.61610433 ], [ 21.34568928, 48.61601345 ], [ 21.34570434, 48.61590299 ], [ 21.34595331, 48.61577708 ], [ 21.34617989, 48.61574989 ], [ 21.34637726, 48.61575846 ], [ 21.34644267, 48.61584011 ], [ 21.34661146, 48.61587149 ], [ 21.34694288, 48.61582226 ], [ 21.34723182, 48.61560267 ], [ 21.34723713, 48.61552126 ], [ 21.34720243, 48.61547295 ], [ 21.34723093, 48.61530501 ], [ 21.34747734, 48.61525393 ], [ 21.34773823, 48.61523722 ], [ 21.34791014, 48.61519938 ], [ 21.34804485, 48.6151912 ], [ 21.34806822, 48.6151197 ], [ 21.34809013, 48.61505176 ], [ 21.3481027, 48.61499317 ], [ 21.34810828, 48.61496732 ], [ 21.34820212, 48.6149156 ], [ 21.34820776, 48.61491252 ], [ 21.34829498, 48.61486429 ], [ 21.34819284, 48.61481529 ], [ 21.34801645, 48.61473057 ], [ 21.34792671, 48.61452278 ], [ 21.3478395, 48.61439879 ], [ 21.34774094, 48.6143571 ], [ 21.34758798, 48.61433646 ], [ 21.34729851, 48.61440362 ], [ 21.34706817, 48.61436903 ], [ 21.34686309, 48.61417414 ], [ 21.34670392, 48.61398108 ], [ 21.34678245, 48.61386156 ], [ 21.34679549, 48.61384178 ], [ 21.34683232, 48.61378582 ], [ 21.34684414, 48.6137679 ], [ 21.34685825, 48.61374636 ], [ 21.34690416, 48.61373019 ], [ 21.34693477, 48.6137195 ], [ 21.34708682, 48.6136662 ], [ 21.34703695, 48.61357188 ], [ 21.3470341, 48.61355216 ], [ 21.347034, 48.61355162 ], [ 21.34702555, 48.61349474 ], [ 21.34702463, 48.61318186 ], [ 21.34717246, 48.61295873 ], [ 21.34691054, 48.61287989 ], [ 21.34681184, 48.61285017 ], [ 21.34671175, 48.61270418 ], [ 21.34648268, 48.61196696 ], [ 21.34647651, 48.61194607 ], [ 21.34647181, 48.61193152 ], [ 21.34640788, 48.61173351 ], [ 21.34627311, 48.61131567 ], [ 21.345955, 48.61093029 ], [ 21.34592655, 48.61089585 ], [ 21.34590937, 48.61087507 ], [ 21.3458363, 48.61078653 ], [ 21.34568177, 48.6105992 ], [ 21.345626, 48.61053152 ], [ 21.34559418, 48.61049284 ], [ 21.34551333, 48.61039497 ], [ 21.34551124, 48.61039175 ], [ 21.34537389, 48.6101836 ], [ 21.34531044, 48.61008752 ], [ 21.34507606, 48.60973239 ], [ 21.34504883, 48.60965855 ], [ 21.34503465, 48.60961986 ], [ 21.34500328, 48.60950926 ], [ 21.34499259, 48.60947122 ], [ 21.34498559, 48.6094467 ], [ 21.34498166, 48.60943271 ], [ 21.34497871, 48.60942227 ], [ 21.34497036, 48.60936791 ], [ 21.34496457, 48.60932965 ], [ 21.34496441, 48.60932812 ], [ 21.34496301, 48.6093188 ], [ 21.34496112, 48.60930677 ], [ 21.34494437, 48.60919679 ], [ 21.34494409, 48.60919498 ], [ 21.34493855, 48.60915899 ], [ 21.34493668, 48.60914668 ], [ 21.34492921, 48.60909739 ], [ 21.34492452, 48.60906673 ], [ 21.34492016, 48.60903932 ], [ 21.34491896, 48.60903118 ], [ 21.34491878, 48.60902983 ], [ 21.34491224, 48.6089866 ], [ 21.3449114, 48.60898108 ], [ 21.34491055, 48.60897565 ], [ 21.34491009, 48.60897258 ], [ 21.34490533, 48.60894101 ], [ 21.34490363, 48.60893025 ], [ 21.34490384, 48.6089271 ], [ 21.34490524, 48.60890878 ], [ 21.34490632, 48.60889495 ], [ 21.34490669, 48.60888956 ], [ 21.34490841, 48.60886647 ], [ 21.34490998, 48.60884563 ], [ 21.3448933, 48.60877419 ], [ 21.34486851, 48.60866874 ], [ 21.34484184, 48.60855494 ], [ 21.34482327, 48.60847543 ], [ 21.34481046, 48.60842076 ], [ 21.34480691, 48.60840534 ], [ 21.34473713, 48.60842502 ], [ 21.34462693, 48.60845617 ], [ 21.34457613, 48.60849011 ], [ 21.34455992, 48.60850087 ], [ 21.34444354, 48.60857847 ], [ 21.34429145, 48.60867984 ], [ 21.34423211, 48.60859099 ], [ 21.34418042, 48.60851345 ], [ 21.34414486, 48.60846007 ], [ 21.34406904, 48.60834632 ], [ 21.34396603, 48.60819178 ], [ 21.34376825, 48.6078951 ], [ 21.34364702, 48.60771336 ], [ 21.3436448, 48.60771005 ], [ 21.34355977, 48.60758235 ], [ 21.34340653, 48.60735273 ], [ 21.34325775, 48.60712947 ], [ 21.34248721, 48.60597379 ], [ 21.34280036, 48.60592483 ], [ 21.34325444, 48.60585384 ], [ 21.34335942, 48.60583747 ], [ 21.34331541, 48.60573909 ], [ 21.34330764, 48.60572175 ], [ 21.34329861, 48.60570897 ], [ 21.34321953, 48.60559746 ], [ 21.3431824, 48.60554511 ], [ 21.3431296, 48.6054778 ], [ 21.34306259, 48.60535648 ], [ 21.34257406, 48.60465083 ], [ 21.34256653, 48.60463998 ], [ 21.34247525, 48.60450848 ], [ 21.34254571, 48.60438187 ], [ 21.3427749, 48.60397044 ], [ 21.34279982, 48.60392581 ], [ 21.34280261, 48.60392077 ], [ 21.34287522, 48.60379053 ], [ 21.34248953, 48.60376348 ], [ 21.34208681, 48.60373519 ], [ 21.34146281, 48.60344461 ], [ 21.34027999, 48.60289297 ], [ 21.34028617, 48.60269059 ], [ 21.34022591, 48.60250871 ], [ 21.34019375, 48.60241186 ], [ 21.34017477, 48.60235429 ], [ 21.34013498, 48.60223416 ], [ 21.34009937, 48.60212622 ], [ 21.34001676, 48.60187677 ], [ 21.33999233, 48.60180563 ], [ 21.33994323, 48.60166289 ], [ 21.33990771, 48.60155972 ], [ 21.33990272, 48.60154534 ], [ 21.33989332, 48.60151823 ], [ 21.33987116, 48.60145364 ], [ 21.3398283, 48.60132882 ], [ 21.33979006, 48.60121774 ], [ 21.33977614, 48.60117726 ], [ 21.3397672, 48.60115142 ], [ 21.33973733, 48.60106463 ], [ 21.3397232, 48.60102342 ], [ 21.33971426, 48.60099749 ], [ 21.33968394, 48.60090942 ], [ 21.33966957, 48.60086766 ], [ 21.33966053, 48.60084119 ], [ 21.33964209, 48.60078761 ], [ 21.3396475, 48.60075041 ], [ 21.33965393, 48.60070631 ], [ 21.33965803, 48.60067825 ], [ 21.33965958, 48.60066759 ], [ 21.33967012, 48.60059525 ], [ 21.33967166, 48.60058467 ], [ 21.33967811, 48.60054022 ], [ 21.3396822, 48.60051234 ], [ 21.33968753, 48.60047622 ], [ 21.33969599, 48.60041841 ], [ 21.33969682, 48.60041222 ], [ 21.33970528, 48.60035432 ], [ 21.33970655, 48.60034571 ], [ 21.33971473, 48.60029005 ], [ 21.33971598, 48.60028172 ], [ 21.33972543, 48.60021727 ], [ 21.33977759, 48.59985954 ], [ 21.33979534, 48.59973764 ], [ 21.33995099, 48.59867235 ], [ 21.33995215, 48.59866537 ], [ 21.3399682, 48.59856025 ], [ 21.33997653, 48.59850621 ], [ 21.33998899, 48.59842574 ], [ 21.34016884, 48.59844136 ], [ 21.34023887, 48.59844744 ], [ 21.3403993, 48.59846129 ], [ 21.34066526, 48.59848419 ], [ 21.34066983, 48.59845318 ], [ 21.34068203, 48.59837253 ], [ 21.3406874, 48.59833389 ], [ 21.34069541, 48.59828056 ], [ 21.34069816, 48.59826813 ], [ 21.34071066, 48.59821665 ], [ 21.34072474, 48.59815802 ], [ 21.34072746, 48.59806906 ], [ 21.34072808, 48.59800471 ], [ 21.340729, 48.59793406 ], [ 21.34072976, 48.59793103 ], [ 21.3407368, 48.5979036 ], [ 21.34074662, 48.59786536 ], [ 21.3407623, 48.59780318 ], [ 21.340809, 48.59762147 ], [ 21.34076315, 48.59748288 ], [ 21.34056664, 48.59720415 ], [ 21.34042603, 48.59700462 ], [ 21.34012009, 48.59684484 ], [ 21.33991166, 48.5967711 ], [ 21.33950691, 48.59667458 ], [ 21.33911587, 48.59665492 ], [ 21.33864057, 48.59663108 ], [ 21.3384884, 48.59662341 ], [ 21.33843903, 48.59662093 ], [ 21.33832771, 48.5966153 ], [ 21.33831797, 48.59661483 ], [ 21.33805655, 48.59663086 ], [ 21.33762708, 48.59672977 ], [ 21.33738775, 48.59679743 ], [ 21.33716529, 48.59689017 ], [ 21.33709946, 48.5967995 ], [ 21.33701667, 48.59671263 ], [ 21.3369058, 48.5966079 ], [ 21.33678644, 48.59653371 ], [ 21.3366355, 48.59646494 ], [ 21.33650081, 48.59639856 ], [ 21.33612881, 48.59624244 ], [ 21.33580084, 48.59614067 ], [ 21.33559152, 48.59609373 ], [ 21.33556572, 48.596088 ], [ 21.3348631, 48.5960126 ], [ 21.33463621, 48.59598826 ], [ 21.33414243, 48.5959353 ], [ 21.33379296, 48.59587384 ], [ 21.33383078, 48.59621341 ], [ 21.33377973, 48.59621564 ], [ 21.33360902, 48.59634317 ], [ 21.33342601, 48.59647978 ], [ 21.33326376, 48.59660082 ], [ 21.33321554, 48.59675691 ], [ 21.33301476, 48.59698598 ], [ 21.33291452, 48.59704812 ], [ 21.3326864, 48.59713231 ], [ 21.33244617, 48.59720885 ], [ 21.33207718, 48.59719631 ], [ 21.33168543, 48.59718299 ], [ 21.33122714, 48.59725479 ], [ 21.33085799, 48.59738422 ], [ 21.33066961, 48.59750221 ], [ 21.33062934, 48.59751539 ], [ 21.329834, 48.59777656 ], [ 21.32908914, 48.59808689 ], [ 21.32875605, 48.59830933 ], [ 21.32843786, 48.59840617 ], [ 21.32833658, 48.59845964 ], [ 21.32826235, 48.5984988 ], [ 21.3279341, 48.59850918 ], [ 21.32792513, 48.59847596 ], [ 21.32786993, 48.5982727 ], [ 21.32788299, 48.59804812 ], [ 21.32788495, 48.59801378 ], [ 21.32788672, 48.59798026 ], [ 21.32789996, 48.59762513 ], [ 21.32789571, 48.59736995 ], [ 21.32776013, 48.59706684 ], [ 21.32767164, 48.59669503 ], [ 21.32738067, 48.59607894 ], [ 21.32720676, 48.59551907 ], [ 21.32723348, 48.59525574 ], [ 21.32716853, 48.59483206 ], [ 21.32716798, 48.59476921 ], [ 21.32716587, 48.59432376 ], [ 21.32716583, 48.59430873 ], [ 21.32694931, 48.59342823 ], [ 21.32709181, 48.5933988 ], [ 21.32728994, 48.59335782 ], [ 21.32738591, 48.59333795 ], [ 21.32726583, 48.59307196 ], [ 21.32704368, 48.59272751 ], [ 21.32698114, 48.59263072 ], [ 21.3266336, 48.59216812 ], [ 21.32661909, 48.59215823 ], [ 21.32641866, 48.59202213 ], [ 21.32640946, 48.59201591 ], [ 21.32608911, 48.59179848 ], [ 21.32577719, 48.59173228 ], [ 21.32544641, 48.59166209 ], [ 21.32529981, 48.59163099 ], [ 21.32448671, 48.59174942 ], [ 21.32371968, 48.59198269 ], [ 21.32365258, 48.59200307 ], [ 21.32336907, 48.59215236 ], [ 21.32262764, 48.59222515 ], [ 21.32257708, 48.5922301 ], [ 21.32247108, 48.59221445 ], [ 21.32237798, 48.59220072 ], [ 21.32215227, 48.59216748 ], [ 21.32205245, 48.59215274 ], [ 21.32196656, 48.59208963 ], [ 21.32187318, 48.59202106 ], [ 21.32184656, 48.59200162 ], [ 21.32156894, 48.59177701 ], [ 21.32119679, 48.59190478 ], [ 21.32103202, 48.59195595 ], [ 21.32070559, 48.59203892 ], [ 21.32059347, 48.59206468 ], [ 21.32036088, 48.59212117 ], [ 21.32032138, 48.59212915 ], [ 21.32019655, 48.59216406 ], [ 21.32003784, 48.59220992 ], [ 21.32000648, 48.59221995 ], [ 21.31978041, 48.59228023 ], [ 21.31948199, 48.59236424 ], [ 21.31909024, 48.59244774 ], [ 21.31865351, 48.59254761 ], [ 21.31855309, 48.59257291 ], [ 21.31741053, 48.59289185 ], [ 21.31680499, 48.593054 ], [ 21.31661374, 48.59310724 ], [ 21.31631977, 48.5931993 ], [ 21.31589414, 48.59332299 ], [ 21.31582597, 48.59334901 ], [ 21.31577542, 48.59335386 ], [ 21.31573062, 48.59336375 ], [ 21.31547498, 48.59342573 ], [ 21.31500043, 48.5935365 ], [ 21.31428469, 48.59369835 ], [ 21.31424522, 48.5937038 ], [ 21.31419197, 48.59371821 ], [ 21.31414688, 48.59373034 ], [ 21.31401776, 48.59376043 ], [ 21.3137791, 48.59381825 ], [ 21.3132296, 48.5939685 ], [ 21.31264023, 48.59410259 ], [ 21.31203008, 48.59424063 ], [ 21.31173412, 48.59431236 ], [ 21.31161814, 48.59433682 ], [ 21.31094083, 48.59447848 ], [ 21.31058665, 48.59455788 ], [ 21.31007018, 48.59467393 ], [ 21.30997092, 48.59470007 ], [ 21.30978525, 48.59474896 ], [ 21.30958495, 48.59479551 ], [ 21.30944593, 48.59482737 ], [ 21.30811419, 48.59513243 ], [ 21.3065522, 48.59537372 ], [ 21.3059994, 48.5954673 ], [ 21.30578819, 48.5955028 ], [ 21.30550708, 48.59555588 ], [ 21.30506775, 48.59563951 ], [ 21.30477599, 48.59569541 ], [ 21.30462059, 48.59573829 ], [ 21.3045074, 48.59575779 ], [ 21.30424138, 48.59581817 ], [ 21.30419268, 48.59583352 ], [ 21.30417513, 48.59584 ], [ 21.30412913, 48.59586516 ], [ 21.30410316, 48.59587958 ], [ 21.30406179, 48.59590253 ], [ 21.30401191, 48.59593675 ], [ 21.30393581, 48.59598889 ], [ 21.30388494, 48.5960256 ], [ 21.30386641, 48.5960344 ], [ 21.30360699, 48.59606824 ], [ 21.30295146, 48.59615551 ], [ 21.30224965, 48.5961724 ], [ 21.30159398, 48.59612308 ], [ 21.30100726, 48.59619471 ], [ 21.30027808, 48.59627332 ], [ 21.30009681, 48.59628029 ], [ 21.29989974, 48.59628794 ], [ 21.29949452, 48.59630641 ], [ 21.29944958, 48.59630846 ], [ 21.29923004, 48.59633478 ], [ 21.29904923, 48.59635652 ], [ 21.29886562, 48.59633649 ], [ 21.29865008, 48.59631305 ], [ 21.29847979, 48.5963064 ], [ 21.29844419, 48.59630504 ], [ 21.29835033, 48.59629442 ], [ 21.29822037, 48.59627963 ], [ 21.29815439, 48.59627212 ], [ 21.29809087, 48.59625838 ], [ 21.29806988, 48.59625378 ], [ 21.29805779, 48.59624413 ], [ 21.29791463, 48.59621445 ], [ 21.29790045, 48.59621149 ], [ 21.2977563, 48.59618412 ], [ 21.29770901, 48.5961752 ], [ 21.29735009, 48.59610766 ], [ 21.29710933, 48.59605076 ], [ 21.29690515, 48.59600264 ], [ 21.2967197, 48.59600506 ], [ 21.29653535, 48.59600751 ], [ 21.29631208, 48.59599572 ], [ 21.29617157, 48.59598826 ], [ 21.29605855, 48.59596814 ], [ 21.29595018, 48.5959632 ], [ 21.29577899, 48.59596164 ], [ 21.29558681, 48.59597709 ], [ 21.29533293, 48.59599748 ], [ 21.29512524, 48.59600759 ], [ 21.29469064, 48.59602884 ], [ 21.29430202, 48.59604096 ], [ 21.29422007, 48.59604241 ], [ 21.29398334, 48.59604658 ], [ 21.29373764, 48.59605084 ], [ 21.29326436, 48.59608962 ], [ 21.2931714, 48.59609721 ], [ 21.29280175, 48.59614277 ], [ 21.29267511, 48.59615834 ], [ 21.29254806, 48.59617397 ], [ 21.29233148, 48.59620064 ], [ 21.29228999, 48.59620576 ], [ 21.29213741, 48.59621188 ], [ 21.29209078, 48.59621108 ], [ 21.29182289, 48.59620646 ], [ 21.29171309, 48.59620453 ], [ 21.29142805, 48.59618696 ], [ 21.29117708, 48.59617142 ], [ 21.29113532, 48.59616888 ], [ 21.29085398, 48.59615475 ], [ 21.28921672, 48.59648469 ], [ 21.28941934, 48.59686842 ], [ 21.28945555, 48.59693697 ], [ 21.28952303, 48.597065 ], [ 21.28954318, 48.59710307 ], [ 21.2895469, 48.59711011 ], [ 21.28953546, 48.59711264 ], [ 21.28851678, 48.59733624 ], [ 21.28847804, 48.59734477 ], [ 21.28840696, 48.59735781 ], [ 21.2883763, 48.59736344 ], [ 21.28830247, 48.59737692 ], [ 21.28828874, 48.59734409 ], [ 21.28823202, 48.59735558 ], [ 21.28753346, 48.59749654 ], [ 21.28700686, 48.59760271 ], [ 21.28698387, 48.59760741 ], [ 21.28694945, 48.59761436 ], [ 21.28693554, 48.59761718 ], [ 21.2849559, 48.59793698 ], [ 21.2849412, 48.59799388 ], [ 21.28476726, 48.5988985 ], [ 21.28474508, 48.59901396 ], [ 21.28460804, 48.59972632 ], [ 21.28459127, 48.59981286 ], [ 21.28458488, 48.59984598 ], [ 21.28425478, 48.60155366 ], [ 21.28415168, 48.60289342 ], [ 21.28410376, 48.60351713 ], [ 21.2833819, 48.60646881 ], [ 21.28219266, 48.60895629 ], [ 21.2816676, 48.60974143 ], [ 21.28150718, 48.60998129 ], [ 21.28084653, 48.61096933 ], [ 21.28048067, 48.61179744 ], [ 21.279828, 48.61276006 ], [ 21.27988745, 48.61293106 ], [ 21.27988179, 48.61298869 ], [ 21.27985267, 48.61303812 ], [ 21.27984007, 48.61307069 ], [ 21.2794802, 48.61400099 ], [ 21.27949563, 48.61400164 ], [ 21.2802266, 48.61403171 ], [ 21.2807039, 48.61404487 ], [ 21.28111641, 48.61405639 ], [ 21.28159953, 48.61406972 ], [ 21.28227116, 48.61408831 ], [ 21.28252688, 48.61409537 ], [ 21.28291432, 48.61410611 ], [ 21.28307451, 48.6141105 ], [ 21.28322954, 48.61411869 ], [ 21.28377431, 48.61414751 ], [ 21.28418567, 48.61415025 ], [ 21.28469759, 48.61415374 ], [ 21.2852767, 48.6141575 ], [ 21.28591078, 48.6141615 ], [ 21.28633409, 48.61416424 ], [ 21.28686515, 48.61416777 ], [ 21.28720919, 48.61417006 ], [ 21.28758377, 48.61417247 ], [ 21.28788276, 48.61417445 ], [ 21.28815853, 48.61417625 ], [ 21.28834474, 48.61417747 ], [ 21.28863268, 48.61418199 ], [ 21.28915022, 48.6141905 ], [ 21.28932654, 48.61419339 ], [ 21.28953702, 48.61419103 ], [ 21.28972291, 48.61418899 ], [ 21.28995581, 48.61418651 ], [ 21.29008993, 48.61418504 ], [ 21.2906295, 48.61417936 ], [ 21.29079881, 48.61417763 ], [ 21.29114153, 48.61417149 ], [ 21.29165352, 48.61416234 ], [ 21.29220425, 48.6141525 ], [ 21.29304649, 48.61416213 ], [ 21.29339069, 48.61416602 ], [ 21.29357723, 48.61416823 ], [ 21.29363042, 48.61416878 ], [ 21.29367432, 48.61416823 ], [ 21.29484612, 48.6141893 ], [ 21.29485921, 48.61422346 ], [ 21.2949692, 48.61466583 ], [ 21.29675062, 48.61471474 ], [ 21.29771891, 48.61474341 ], [ 21.29829729, 48.6147812 ], [ 21.2993, 48.61489472 ], [ 21.29935884, 48.61496036 ], [ 21.29971559, 48.61501818 ], [ 21.30002566, 48.61508718 ], [ 21.30037639, 48.61516517 ], [ 21.30083462, 48.61526705 ], [ 21.30146996, 48.61537993 ], [ 21.30284004, 48.61562331 ], [ 21.30333175, 48.61571055 ], [ 21.30377275, 48.61578884 ], [ 21.30385234, 48.61588824 ], [ 21.30400524, 48.61592316 ], [ 21.30408824, 48.61594217 ], [ 21.30460014, 48.61605937 ], [ 21.30467165, 48.61607569 ], [ 21.30474476, 48.61609242 ], [ 21.30477056, 48.61609834 ], [ 21.30483952, 48.61611413 ], [ 21.30486679, 48.61612036 ], [ 21.30490707, 48.61613087 ], [ 21.30497509, 48.61614852 ], [ 21.30503617, 48.61616443 ], [ 21.30527477, 48.61622655 ], [ 21.30536619, 48.61625923 ], [ 21.30610129, 48.61646877 ], [ 21.30659687, 48.61661003 ], [ 21.30703133, 48.61673386 ], [ 21.3071035, 48.61675443 ], [ 21.30717287, 48.61677419 ], [ 21.30874696, 48.61722287 ], [ 21.30947791, 48.61743388 ], [ 21.30993598, 48.61756597 ], [ 21.31036583, 48.61769 ], [ 21.31075715, 48.6178097 ], [ 21.31149702, 48.61798819 ], [ 21.31233031, 48.61823147 ], [ 21.31293752, 48.61840429 ], [ 21.31353034, 48.61853003 ], [ 21.31356162, 48.61853522 ], [ 21.31358921, 48.61854074 ], [ 21.31364011, 48.61855093 ], [ 21.31372663, 48.61856824 ], [ 21.31378758, 48.61858028 ], [ 21.31436319, 48.61869379 ], [ 21.31496033, 48.61881029 ], [ 21.31540903, 48.61889571 ], [ 21.31554868, 48.61892229 ], [ 21.31565845, 48.6189431 ], [ 21.31573688, 48.61895764 ], [ 21.31644626, 48.61908863 ], [ 21.31725036, 48.61923636 ], [ 21.31747082, 48.61927656 ], [ 21.31760536, 48.61930046 ], [ 21.31769187, 48.61931588 ], [ 21.31774464, 48.6193246 ], [ 21.31781485, 48.61933619 ], [ 21.31787371, 48.61934518 ], [ 21.31804455, 48.61936839 ], [ 21.31834122, 48.61940613 ], [ 21.31856439, 48.61943453 ], [ 21.31865189, 48.61944566 ], [ 21.31894048, 48.61948235 ], [ 21.3190203, 48.61949252 ], [ 21.31909728, 48.61950251 ], [ 21.31947011, 48.61956805 ], [ 21.31956109, 48.61958964 ], [ 21.31969598, 48.619632 ], [ 21.3197009, 48.6196335 ], [ 21.31978637, 48.61966023 ], [ 21.3198442, 48.61967612 ], [ 21.31993122, 48.61969993 ], [ 21.31998014, 48.61971519 ], [ 21.32013328, 48.6197627 ], [ 21.32017192, 48.61977144 ], [ 21.32029207, 48.61980129 ], [ 21.32037228, 48.61981958 ], [ 21.32046292, 48.61983818 ], [ 21.32070254, 48.61988202 ], [ 21.32089592, 48.61991329 ], [ 21.32100737, 48.61992955 ], [ 21.32113902, 48.61994625 ], [ 21.321254, 48.61996037 ], [ 21.32142593, 48.61997784 ], [ 21.32156949, 48.61999318 ], [ 21.32171444, 48.62000794 ], [ 21.3219037, 48.62001829 ], [ 21.32195579, 48.62002095 ], [ 21.32199246, 48.62002279 ], [ 21.32211712, 48.6199993 ], [ 21.32232399, 48.6199748 ], [ 21.32246691, 48.61995807 ], [ 21.32268226, 48.61995048 ], [ 21.32276427, 48.61994469 ], [ 21.32281245, 48.6199431 ], [ 21.32329186, 48.62003833 ], [ 21.32343385, 48.62006659 ], [ 21.32375265, 48.62012994 ], [ 21.32375922, 48.62013122 ], [ 21.32385071, 48.62015128 ], [ 21.32386507, 48.6201537 ], [ 21.32525265, 48.62038869 ], [ 21.32629893, 48.62067956 ], [ 21.32728855, 48.62095529 ], [ 21.32897216, 48.62141889 ], [ 21.32954699, 48.62154463 ], [ 21.33051714, 48.62175672 ], [ 21.33088776, 48.62186249 ], [ 21.33110076, 48.62220016 ], [ 21.33111814, 48.62221392 ], [ 21.33173361, 48.62270163 ], [ 21.33191889, 48.6228485 ], [ 21.33178898, 48.62295224 ], [ 21.33137134, 48.62328583 ], [ 21.32983909, 48.62438652 ], [ 21.32976379, 48.62444069 ], [ 21.32978197, 48.6245373 ], [ 21.32978375, 48.62454698 ], [ 21.32982784, 48.62454166 ], [ 21.32996671, 48.62452471 ], [ 21.33011343, 48.62450828 ], [ 21.33019623, 48.62449899 ], [ 21.33026641, 48.62448951 ], [ 21.33030209, 48.6244842 ], [ 21.33042868, 48.62445635 ], [ 21.33062522, 48.62441846 ], [ 21.33085915, 48.62437397 ], [ 21.33093254, 48.62435927 ], [ 21.33123144, 48.6242963 ], [ 21.33124932, 48.62429099 ], [ 21.33132392, 48.62426877 ], [ 21.33133418, 48.62426575 ], [ 21.3313738, 48.62425443 ], [ 21.33138307, 48.62425183 ], [ 21.33141115, 48.6242444 ], [ 21.33146757, 48.62422784 ], [ 21.33149581, 48.62421411 ], [ 21.33150509, 48.62420953 ], [ 21.33153782, 48.62419368 ], [ 21.33155694, 48.62418436 ], [ 21.33174931, 48.62409071 ], [ 21.33178007, 48.62407589 ], [ 21.3318008, 48.62405887 ], [ 21.33183717, 48.62402576 ], [ 21.33189485, 48.62397304 ], [ 21.33196972, 48.62389167 ], [ 21.33208229, 48.62376769 ], [ 21.33218005, 48.62368126 ], [ 21.33226874, 48.6236004 ], [ 21.33229289, 48.62357898 ], [ 21.33231363, 48.62354801 ], [ 21.33235736, 48.62348308 ], [ 21.33236024, 48.62347866 ], [ 21.33239488, 48.62342335 ], [ 21.33239625, 48.62342123 ], [ 21.33240341, 48.62340993 ], [ 21.33249902, 48.62335269 ], [ 21.33257721, 48.62333939 ], [ 21.33260902, 48.62333297 ], [ 21.33275292, 48.62330411 ], [ 21.33281809, 48.62329843 ], [ 21.33283184, 48.62329786 ], [ 21.33286163, 48.62329525 ], [ 21.3329005, 48.62329085 ], [ 21.33298744, 48.6232825 ], [ 21.33308453, 48.62327662 ], [ 21.33316882, 48.62328511 ], [ 21.3332559, 48.62330035 ], [ 21.33330341, 48.62330855 ], [ 21.33347718, 48.62344525 ], [ 21.33350534, 48.62346627 ], [ 21.33359075, 48.62360813 ], [ 21.33364037, 48.62369021 ], [ 21.33366944, 48.6237353 ], [ 21.3337116, 48.62380536 ], [ 21.33387698, 48.62396332 ], [ 21.33406561, 48.62419978 ], [ 21.33409785, 48.62424028 ], [ 21.33408941, 48.62429782 ], [ 21.33406491, 48.62446408 ], [ 21.33398095, 48.62462818 ], [ 21.33391312, 48.62467637 ], [ 21.33396441, 48.62471636 ], [ 21.33400965, 48.62475167 ], [ 21.33409034, 48.62474934 ], [ 21.33411308, 48.62472672 ], [ 21.33414472, 48.62469526 ], [ 21.3341698, 48.62467028 ], [ 21.33420115, 48.624639 ], [ 21.3342839, 48.62461071 ], [ 21.33428794, 48.6246093 ], [ 21.33439156, 48.62457382 ], [ 21.33437424, 48.62452756 ], [ 21.33436873, 48.6245129 ], [ 21.33441846, 48.62445138 ], [ 21.33441637, 48.62442854 ], [ 21.33441544, 48.62441834 ], [ 21.33443267, 48.62441076 ], [ 21.33454316, 48.62436225 ], [ 21.3346269, 48.62432545 ], [ 21.33466338, 48.62431647 ], [ 21.33471849, 48.62430292 ], [ 21.33479751, 48.62428353 ], [ 21.33481036, 48.62428031 ], [ 21.33490236, 48.62425771 ], [ 21.33492109, 48.62425198 ], [ 21.33506115, 48.62427089 ], [ 21.33507117, 48.62424383 ], [ 21.33511449, 48.6241787 ], [ 21.3351013, 48.6240844 ], [ 21.33509618, 48.6239853 ], [ 21.33509372, 48.62394012 ], [ 21.33501671, 48.62391267 ], [ 21.33496926, 48.62389575 ], [ 21.33494536, 48.62388792 ], [ 21.33488175, 48.62386699 ], [ 21.33486263, 48.62386074 ], [ 21.334765, 48.62386247 ], [ 21.33472992, 48.62386312 ], [ 21.33466697, 48.62386427 ], [ 21.33463271, 48.62386485 ], [ 21.33456454, 48.62383722 ], [ 21.33447471, 48.62380074 ], [ 21.33442787, 48.62376511 ], [ 21.33441058, 48.62375189 ], [ 21.3343462, 48.62370286 ], [ 21.33428167, 48.62365391 ], [ 21.33423742, 48.62362016 ], [ 21.33417092, 48.62359384 ], [ 21.33415361, 48.62358692 ], [ 21.33411831, 48.62357298 ], [ 21.3340776, 48.6235568 ], [ 21.33402704, 48.62355356 ], [ 21.33400405, 48.62355205 ], [ 21.33390536, 48.62354573 ], [ 21.33388277, 48.62354433 ], [ 21.33386249, 48.62354308 ], [ 21.33384424, 48.6235419 ], [ 21.33383356, 48.62354121 ], [ 21.33371894, 48.62344861 ], [ 21.33373291, 48.62339565 ], [ 21.33373532, 48.62338636 ], [ 21.3337355, 48.62338565 ], [ 21.33373585, 48.62338458 ], [ 21.33374097, 48.62336547 ], [ 21.33383506, 48.62334806 ], [ 21.33385115, 48.62334503 ], [ 21.33392942, 48.62333057 ], [ 21.3339854, 48.62332029 ], [ 21.33401456, 48.62331487 ], [ 21.33402433, 48.62331301 ], [ 21.33403396, 48.62331123 ], [ 21.33404043, 48.62330999 ], [ 21.33407344, 48.62330387 ], [ 21.33408236, 48.62330639 ], [ 21.33414043, 48.62332292 ], [ 21.33433223, 48.62337734 ], [ 21.33443692, 48.62340707 ], [ 21.33450964, 48.62342773 ], [ 21.33451368, 48.62343028 ], [ 21.33454218, 48.62344825 ], [ 21.3345803, 48.62347245 ], [ 21.33461609, 48.62349505 ], [ 21.33465122, 48.62351727 ], [ 21.33472019, 48.62356087 ], [ 21.33472228, 48.62356219 ], [ 21.3347876, 48.62360351 ], [ 21.33482625, 48.62361602 ], [ 21.33483622, 48.62361921 ], [ 21.33483927, 48.6236202 ], [ 21.33489627, 48.62363858 ], [ 21.3349882, 48.62366819 ], [ 21.33500068, 48.62367226 ], [ 21.33502413, 48.62367684 ], [ 21.33509436, 48.6236904 ], [ 21.33509731, 48.62369094 ], [ 21.33532629, 48.62373587 ], [ 21.33533675, 48.6237379 ], [ 21.33535242, 48.62374098 ], [ 21.33538632, 48.62374768 ], [ 21.33554751, 48.6237793 ], [ 21.33571836, 48.62383624 ], [ 21.33575766, 48.62384931 ], [ 21.33597655, 48.62402888 ], [ 21.3359925, 48.62404188 ], [ 21.33589679, 48.6242248 ], [ 21.33588478, 48.62425721 ], [ 21.33586777, 48.62448834 ], [ 21.33585332, 48.62468632 ], [ 21.33589605, 48.62483679 ], [ 21.33591578, 48.6249131 ], [ 21.33600991, 48.62493054 ], [ 21.33610432, 48.62494798 ], [ 21.33619872, 48.62496542 ], [ 21.3362065, 48.62496683 ], [ 21.33633121, 48.62498987 ], [ 21.33645337, 48.62501247 ], [ 21.33652646, 48.6250199 ], [ 21.33653847, 48.62502108 ], [ 21.33654104, 48.62502116 ], [ 21.33657403, 48.62493456 ], [ 21.33667098, 48.62465867 ], [ 21.33674819, 48.62461032 ], [ 21.33675103, 48.62460852 ], [ 21.33686528, 48.62453689 ], [ 21.33691617, 48.62446641 ], [ 21.33692395, 48.62444018 ], [ 21.33693508, 48.62440288 ], [ 21.33694605, 48.62436576 ], [ 21.33696038, 48.62430174 ], [ 21.33692573, 48.62419743 ], [ 21.33681219, 48.62415627 ], [ 21.33696411, 48.62407795 ], [ 21.33696565, 48.62407719 ], [ 21.33703394, 48.62404198 ], [ 21.33716953, 48.62396812 ], [ 21.33717675, 48.62392242 ], [ 21.33717962, 48.62390441 ], [ 21.33718989, 48.62383819 ], [ 21.33721087, 48.62355911 ], [ 21.33730333, 48.62357712 ], [ 21.33833615, 48.62382273 ], [ 21.33848911, 48.62387327 ], [ 21.33859786, 48.62392103 ], [ 21.33867972, 48.62395691 ], [ 21.33870951, 48.62396997 ], [ 21.33873624, 48.6240157 ], [ 21.33867128, 48.62416237 ], [ 21.33860135, 48.62420761 ], [ 21.33857975, 48.62422154 ], [ 21.33860107, 48.62428476 ], [ 21.33860512, 48.62429685 ], [ 21.33868301, 48.62435503 ], [ 21.33876072, 48.62437817 ], [ 21.33879737, 48.62438441 ], [ 21.33886017, 48.62439144 ], [ 21.33892741, 48.62439114 ], [ 21.33899935, 48.62437774 ], [ 21.33903988, 48.62436501 ], [ 21.33908563, 48.62434758 ], [ 21.33911241, 48.62431751 ], [ 21.33913403, 48.62429944 ], [ 21.33915052, 48.62427293 ], [ 21.33917446, 48.62426051 ], [ 21.33924168, 48.62424858 ], [ 21.339409, 48.62433521 ], [ 21.33941792, 48.62433989 ], [ 21.33941894, 48.62434082 ], [ 21.33943978, 48.62435964 ], [ 21.33945027, 48.62438678 ], [ 21.33944782, 48.6244816 ], [ 21.3392589, 48.62473841 ], [ 21.33921381, 48.62479962 ], [ 21.33916867, 48.62479456 ], [ 21.33907514, 48.62478408 ], [ 21.3388133, 48.62475473 ], [ 21.33877072, 48.62475975 ], [ 21.33869472, 48.62480246 ], [ 21.3383496, 48.62499648 ], [ 21.33843685, 48.62520267 ], [ 21.3384997, 48.62535104 ], [ 21.33852977, 48.62537788 ], [ 21.33871279, 48.62543771 ], [ 21.33887766, 48.6254652 ], [ 21.33905606, 48.62548365 ], [ 21.33918794, 48.62549727 ], [ 21.3394249, 48.62550741 ], [ 21.33969584, 48.62551902 ], [ 21.3397282, 48.62552045 ], [ 21.33990909, 48.62555599 ], [ 21.34003993, 48.62555706 ], [ 21.34009843, 48.62555757 ] ] ] } },
{ "type": "Feature", "properties": { "@featureType": "CadastralZoning", "beginLifespanVersion": { "@nilReason": "http://inspire.ec.europa.eu/codelist/VoidReasonValue/Unpopulated", "@nil": "true" }, "endLifespanVersion": { "@nilReason": "http://inspire.ec.europa.eu/codelist/VoidReasonValue/Unpopulated", "@nil": "true" }, "estimatedAccuracy": { "value": -1, "@uom": "m" }, "inspireId": { "@dataType": "Identifier", "localId": "874060", "namespace": "SK.ESKN.CP", "versionId": "20260703T04:07:40" }, "label": "Ždaňa", "level": { "@href": "http://inspire.ec.europa.eu/codelist/CadastralZoningLevelValue/3rdOrder" }, "levelName": { "value": "Katastrálne územie", "@locale": "sk" }, "name_1": { "@dataType": "name", "GeographicalName": { "@dataType": "GeographicalName", "language": "SLK", "nativeness": { "@href": "http://inspire.ec.europa.eu/codelist/NativenessValue/endonym", "@title": "endonym" }, "nameStatus": { "@href": "http://inspire.ec.europa.eu/codelist/NameStatusValue/official", "@title": "official" }, "sourceOfName": { "@nilReason": "http://inspire.ec.europa.eu/codelist/VoidReasonValue/Unpopulated", "@nil": "true" }, "pronunciation": { "@dataType": "pronunciation", "@nilReason": "http://inspire.ec.europa.eu/codelist/VoidReasonValue/Unpopulated", "@nil": "true" }, "spelling": { "@dataType": "SpellingOfName", "text": "Ždaňa", "script": "LATN" } } }, "nationalCadastalZoningReference": "874060", "validFrom": "2026-06-30T16:00:00Z", "validTo": { "@nilReason": "http://inspire.ec.europa.eu/codelist/VoidReasonValue/Unpopulated", "@nil": "true" }, "place_id": 189396049, "osm_type": "relation", "osm_id": 388209, "place_rank": 12, "category": "boundary", "type": "administrative", "importance": 0.54120382821693425, "addresstype": "county", "name_2": "okres Košice-okolie", "display_name": "okres Košice-okolie, Košický kraj, Slovensko" }, "geometry": { "type": "Polygon", "coordinates": [ [ [ 21.36760276, 48.61404189 ], [ 21.3677055, 48.61384548 ], [ 21.36770837, 48.6138452 ], [ 21.3677272, 48.61368075 ], [ 21.36774611, 48.61356473 ], [ 21.36775204, 48.61341627 ], [ 21.3677757, 48.61323864 ], [ 21.36778487, 48.61301673 ], [ 21.3677912, 48.61293797 ], [ 21.36779694, 48.61279013 ], [ 21.36780827, 48.61272358 ], [ 21.36781191, 48.61265833 ], [ 21.36781193, 48.61248485 ], [ 21.36782607, 48.61237724 ], [ 21.36782942, 48.61231424 ], [ 21.36783427, 48.6122312 ], [ 21.36771592, 48.61218479 ], [ 21.36778186, 48.61196656 ], [ 21.368044, 48.61178195 ], [ 21.36808775, 48.61176355 ], [ 21.36815409, 48.61175032 ], [ 21.36846804, 48.61154242 ], [ 21.368613, 48.61145737 ], [ 21.36897995, 48.61136809 ], [ 21.36937968, 48.6113835 ], [ 21.36950579, 48.61139754 ], [ 21.369815, 48.6114124 ], [ 21.37012395, 48.61142112 ], [ 21.37032684, 48.61143621 ], [ 21.3706164, 48.61148432 ], [ 21.3708007, 48.61153306 ], [ 21.37084078, 48.61155461 ], [ 21.37105442, 48.61174854 ], [ 21.3711087, 48.61180859 ], [ 21.37134783, 48.61197511 ], [ 21.37144116, 48.61193847 ], [ 21.37152689, 48.61190971 ], [ 21.37168938, 48.61201748 ], [ 21.3721993, 48.61233445 ], [ 21.37237553, 48.61244992 ], [ 21.37245124, 48.61249846 ], [ 21.37248205, 48.61250857 ], [ 21.37260096, 48.6125846 ], [ 21.37278648, 48.61226886 ], [ 21.37288682, 48.61208938 ], [ 21.37296593, 48.61208194 ], [ 21.37292841, 48.61189148 ], [ 21.37316953, 48.61180976 ], [ 21.37319474, 48.61175263 ], [ 21.37306885, 48.61162165 ], [ 21.37311077, 48.61155431 ], [ 21.37348069, 48.61141729 ], [ 21.3734818, 48.61139104 ], [ 21.37327923, 48.61129557 ], [ 21.3735398, 48.61100602 ], [ 21.37351797, 48.61095576 ], [ 21.37311651, 48.61076071 ], [ 21.37323828, 48.61070107 ], [ 21.37349296, 48.61036048 ], [ 21.37320696, 48.61000107 ], [ 21.37348234, 48.60992047 ], [ 21.37360707, 48.60967186 ], [ 21.37390249, 48.6095481 ], [ 21.37382369, 48.60934372 ], [ 21.37402182, 48.60911973 ], [ 21.37419519, 48.60877273 ], [ 21.37402402, 48.60860304 ], [ 21.37433841, 48.60850964 ], [ 21.37421206, 48.60823407 ], [ 21.37435927, 48.60812765 ], [ 21.37454721, 48.60791749 ], [ 21.37461241, 48.60788118 ], [ 21.37485291, 48.60796373 ], [ 21.37490836, 48.60794478 ], [ 21.3749976, 48.60787831 ], [ 21.37493694, 48.60763072 ], [ 21.3749665, 48.60742004 ], [ 21.37512559, 48.60729454 ], [ 21.3752355, 48.6070959 ], [ 21.37537116, 48.60703154 ], [ 21.37536041, 48.60676473 ], [ 21.37567685, 48.60657723 ], [ 21.37584625, 48.6064658 ], [ 21.37593887, 48.60634956 ], [ 21.37600562, 48.60616664 ], [ 21.37605968, 48.60600468 ], [ 21.37594205, 48.60582219 ], [ 21.3758184, 48.60565257 ], [ 21.37572178, 48.60555235 ], [ 21.37577659, 48.60547099 ], [ 21.3757032, 48.60516522 ], [ 21.37543637, 48.60487338 ], [ 21.37540278, 48.60469484 ], [ 21.37539508, 48.6045728 ], [ 21.37557941, 48.60412629 ], [ 21.37568375, 48.60380388 ], [ 21.37592498, 48.6033092 ], [ 21.37627848, 48.60297372 ], [ 21.3766041, 48.60287633 ], [ 21.37683043, 48.60264219 ], [ 21.37706216, 48.60250427 ], [ 21.37801114, 48.60236423 ], [ 21.37843565, 48.60243715 ], [ 21.37872295, 48.60249598 ], [ 21.3788037, 48.60255808 ], [ 21.3789686, 48.60258435 ], [ 21.3793864, 48.60272622 ], [ 21.37961331, 48.60278072 ], [ 21.37993692, 48.6027966 ], [ 21.38028467, 48.60296662 ], [ 21.38061664, 48.6030871 ], [ 21.3811376, 48.60309538 ], [ 21.38143092, 48.60316347 ], [ 21.3817236, 48.603213 ], [ 21.38204034, 48.60316026 ], [ 21.38262336, 48.60309413 ], [ 21.38344373, 48.60312278 ], [ 21.38378617, 48.60305738 ], [ 21.38401696, 48.60304294 ], [ 21.38417303, 48.60301339 ], [ 21.38463084, 48.60299591 ], [ 21.38487288, 48.60298378 ], [ 21.38547665, 48.60294977 ], [ 21.38596084, 48.60293974 ], [ 21.38608373, 48.60273301 ], [ 21.38709968, 48.6026878 ], [ 21.38822183, 48.60290808 ], [ 21.3890427, 48.60307138 ], [ 21.38967258, 48.60333305 ], [ 21.38941097, 48.60422453 ], [ 21.38924341, 48.60475375 ], [ 21.38924772, 48.60481825 ], [ 21.38929693, 48.60486338 ], [ 21.38933841, 48.60491422 ], [ 21.38950585, 48.60489319 ], [ 21.38983612, 48.60478105 ], [ 21.39000351, 48.60473869 ], [ 21.39018841, 48.6047045 ], [ 21.39039023, 48.60469296 ], [ 21.39065314, 48.60473132 ], [ 21.39096165, 48.60457171 ], [ 21.39125147, 48.60438328 ], [ 21.39151945, 48.60442908 ], [ 21.39181739, 48.60429706 ], [ 21.3926722, 48.60428454 ], [ 21.39298472, 48.60446832 ], [ 21.39271863, 48.60373334 ], [ 21.39237711, 48.60332246 ], [ 21.39209871, 48.6028996 ], [ 21.39186436, 48.60199307 ], [ 21.39182485, 48.60166861 ], [ 21.39179657, 48.60143703 ], [ 21.39171705, 48.60101 ], [ 21.39161607, 48.60085953 ], [ 21.39141354, 48.60070954 ], [ 21.39104207, 48.6003886 ], [ 21.39084482, 48.60030494 ], [ 21.39058732, 48.60015502 ], [ 21.39009575, 48.60012623 ], [ 21.38963685, 48.600104 ], [ 21.38965463, 48.60000595 ], [ 21.38952737, 48.60001107 ], [ 21.38933892, 48.59998384 ], [ 21.38861863, 48.60004735 ], [ 21.38769761, 48.60009055 ], [ 21.3869495, 48.60016599 ], [ 21.38685783, 48.60045881 ], [ 21.38656246, 48.60053499 ], [ 21.38633312, 48.60057423 ], [ 21.38598331, 48.60068272 ], [ 21.38564058, 48.6007726 ], [ 21.3855391, 48.600772 ], [ 21.38542425, 48.60073418 ], [ 21.38525691, 48.60073801 ], [ 21.3851101, 48.60077711 ], [ 21.38493141, 48.60079212 ], [ 21.38475232, 48.60083089 ], [ 21.3844952, 48.60082942 ], [ 21.38420727, 48.6007921 ], [ 21.38397161, 48.60083044 ], [ 21.38367565, 48.60078937 ], [ 21.38371252, 48.60064616 ], [ 21.3830113, 48.60066437 ], [ 21.38278532, 48.60071209 ], [ 21.38248636, 48.60070712 ], [ 21.38208948, 48.60067509 ], [ 21.38171159, 48.60060933 ], [ 21.38170514, 48.60055242 ], [ 21.38113819, 48.60044635 ], [ 21.38054681, 48.60031839 ], [ 21.37973803, 48.60019995 ], [ 21.37953972, 48.60016008 ], [ 21.37932027, 48.60017558 ], [ 21.37902942, 48.60014329 ], [ 21.37859355, 48.60015375 ], [ 21.37849044, 48.60016696 ], [ 21.3779459, 48.60015868 ], [ 21.37720542, 48.60021341 ], [ 21.37632769, 48.60024242 ], [ 21.37623107, 48.6002461 ], [ 21.37613081, 48.60025336 ], [ 21.37624954, 48.5993724 ], [ 21.3762658, 48.59925126 ], [ 21.37646717, 48.59841832 ], [ 21.37576522, 48.59835004 ], [ 21.37550929, 48.5983413 ], [ 21.37447933, 48.59826832 ], [ 21.37398936, 48.59824824 ], [ 21.37399545, 48.59813688 ], [ 21.3736006, 48.59809516 ], [ 21.37324579, 48.59809146 ], [ 21.37281114, 48.59807628 ], [ 21.37172963, 48.59808266 ], [ 21.37117104, 48.59805772 ], [ 21.37116699, 48.59726887 ], [ 21.37113384, 48.59685717 ], [ 21.37087202, 48.59687318 ], [ 21.3706845, 48.59696991 ], [ 21.36862985, 48.59698444 ], [ 21.36811873, 48.59698801 ], [ 21.36705426, 48.59699558 ], [ 21.36692906, 48.59645742 ], [ 21.36494384, 48.59661621 ], [ 21.36411901, 48.59668218 ], [ 21.36390566, 48.59621104 ], [ 21.36310842, 48.59445072 ], [ 21.36154682, 48.59493539 ], [ 21.36153602, 48.59492075 ], [ 21.36150536, 48.5948867 ], [ 21.36146761, 48.59484937 ], [ 21.36143864, 48.59483436 ], [ 21.36106776, 48.59465108 ], [ 21.36093168, 48.59448944 ], [ 21.36046184, 48.59404443 ], [ 21.36026016, 48.59390755 ], [ 21.35977312, 48.59385914 ], [ 21.35956166, 48.59376797 ], [ 21.3592769, 48.59364525 ], [ 21.35868483, 48.59340821 ], [ 21.35827934, 48.59316959 ], [ 21.3580581, 48.59294974 ], [ 21.35777379, 48.59242784 ], [ 21.35776522, 48.59241219 ], [ 21.35769126, 48.59228915 ], [ 21.35759158, 48.59213346 ], [ 21.35736736, 48.59215353 ], [ 21.3565243, 48.59234593 ], [ 21.35605228, 48.59243524 ], [ 21.35576449, 48.59247204 ], [ 21.35576967, 48.59174612 ], [ 21.3557624, 48.59143395 ], [ 21.35570908, 48.59081916 ], [ 21.35559672, 48.59031738 ], [ 21.35541852, 48.58976833 ], [ 21.35524954, 48.58924728 ], [ 21.35504221, 48.58855898 ], [ 21.35497342, 48.58818815 ], [ 21.35537013, 48.5881477 ], [ 21.35535419, 48.58808132 ], [ 21.35521679, 48.5875073 ], [ 21.35529531, 48.58751012 ], [ 21.35531298, 48.5873134 ], [ 21.35554266, 48.58734399 ], [ 21.3556331, 48.58712705 ], [ 21.35577626, 48.58676026 ], [ 21.35013724, 48.58721569 ], [ 21.3496485, 48.58752954 ], [ 21.34370793, 48.58891544 ], [ 21.34288819, 48.58910205 ], [ 21.34287537, 48.58910697 ], [ 21.34282722, 48.58911848 ], [ 21.34279162, 48.58912704 ], [ 21.3426739, 48.58915355 ], [ 21.34264759, 48.58915932 ], [ 21.33696052, 48.59048809 ], [ 21.33692454, 48.59050213 ], [ 21.33268788, 48.59177478 ], [ 21.32988502, 48.59264164 ], [ 21.32869895, 48.5929708 ], [ 21.32856726, 48.59300875 ], [ 21.32853521, 48.59301687 ], [ 21.32848317, 48.59302961 ], [ 21.32792495, 48.59318507 ], [ 21.32771462, 48.59324755 ], [ 21.32770341, 48.59325063 ], [ 21.32738591, 48.59333795 ], [ 21.32728994, 48.59335782 ], [ 21.32709181, 48.5933988 ], [ 21.32694931, 48.59342823 ], [ 21.32716583, 48.59430873 ], [ 21.32716587, 48.59432376 ], [ 21.32716798, 48.59476921 ], [ 21.32716853, 48.59483206 ], [ 21.32723348, 48.59525574 ], [ 21.32720676, 48.59551907 ], [ 21.32738067, 48.59607894 ], [ 21.32767164, 48.59669503 ], [ 21.32776013, 48.59706684 ], [ 21.32789571, 48.59736995 ], [ 21.32789996, 48.59762513 ], [ 21.32788672, 48.59798026 ], [ 21.32788495, 48.59801378 ], [ 21.32788299, 48.59804812 ], [ 21.32786993, 48.5982727 ], [ 21.32792513, 48.59847596 ], [ 21.3279341, 48.59850918 ], [ 21.32826235, 48.5984988 ], [ 21.32833658, 48.59845964 ], [ 21.32843786, 48.59840617 ], [ 21.32875605, 48.59830933 ], [ 21.32908914, 48.59808689 ], [ 21.329834, 48.59777656 ], [ 21.33062934, 48.59751539 ], [ 21.33066961, 48.59750221 ], [ 21.33085799, 48.59738422 ], [ 21.33122714, 48.59725479 ], [ 21.33168543, 48.59718299 ], [ 21.33207718, 48.59719631 ], [ 21.33244617, 48.59720885 ], [ 21.3326864, 48.59713231 ], [ 21.33291452, 48.59704812 ], [ 21.33301476, 48.59698598 ], [ 21.33321554, 48.59675691 ], [ 21.33326376, 48.59660082 ], [ 21.33342601, 48.59647978 ], [ 21.33360902, 48.59634317 ], [ 21.33377973, 48.59621564 ], [ 21.33383078, 48.59621341 ], [ 21.33379296, 48.59587384 ], [ 21.33414243, 48.5959353 ], [ 21.33463621, 48.59598826 ], [ 21.3348631, 48.5960126 ], [ 21.33556572, 48.596088 ], [ 21.33559152, 48.59609373 ], [ 21.33580084, 48.59614067 ], [ 21.33612881, 48.59624244 ], [ 21.33650081, 48.59639856 ], [ 21.3366355, 48.59646494 ], [ 21.33678644, 48.59653371 ], [ 21.3369058, 48.5966079 ], [ 21.33701667, 48.59671263 ], [ 21.33709946, 48.5967995 ], [ 21.33716529, 48.59689017 ], [ 21.33738775, 48.59679743 ], [ 21.33762708, 48.59672977 ], [ 21.33805655, 48.59663086 ], [ 21.33831797, 48.59661483 ], [ 21.33832771, 48.5966153 ], [ 21.33843903, 48.59662093 ], [ 21.3384884, 48.59662341 ], [ 21.33864057, 48.59663108 ], [ 21.33911587, 48.59665492 ], [ 21.33950691, 48.59667458 ], [ 21.33991166, 48.5967711 ], [ 21.34012009, 48.59684484 ], [ 21.34042603, 48.59700462 ], [ 21.34056664, 48.59720415 ], [ 21.34076315, 48.59748288 ], [ 21.340809, 48.59762147 ], [ 21.3407623, 48.59780318 ], [ 21.34074662, 48.59786536 ], [ 21.3407368, 48.5979036 ], [ 21.34072976, 48.59793103 ], [ 21.340729, 48.59793406 ], [ 21.34072808, 48.59800471 ], [ 21.34072746, 48.59806906 ], [ 21.34072474, 48.59815802 ], [ 21.34071066, 48.59821665 ], [ 21.34069816, 48.59826813 ], [ 21.34069541, 48.59828056 ], [ 21.3406874, 48.59833389 ], [ 21.34068203, 48.59837253 ], [ 21.34066983, 48.59845318 ], [ 21.34066526, 48.59848419 ], [ 21.3403993, 48.59846129 ], [ 21.34023887, 48.59844744 ], [ 21.34016884, 48.59844136 ], [ 21.33998899, 48.59842574 ], [ 21.33997653, 48.59850621 ], [ 21.3399682, 48.59856025 ], [ 21.33995215, 48.59866537 ], [ 21.33995099, 48.59867235 ], [ 21.33979534, 48.59973764 ], [ 21.33977759, 48.59985954 ], [ 21.33972543, 48.60021727 ], [ 21.33971598, 48.60028172 ], [ 21.33971473, 48.60029005 ], [ 21.33970655, 48.60034571 ], [ 21.33970528, 48.60035432 ], [ 21.33969682, 48.60041222 ], [ 21.33969599, 48.60041841 ], [ 21.33968753, 48.60047622 ], [ 21.3396822, 48.60051234 ], [ 21.33967811, 48.60054022 ], [ 21.33967166, 48.60058467 ], [ 21.33967012, 48.60059525 ], [ 21.33965958, 48.60066759 ], [ 21.33965803, 48.60067825 ], [ 21.33965393, 48.60070631 ], [ 21.3396475, 48.60075041 ], [ 21.33964209, 48.60078761 ], [ 21.33966053, 48.60084119 ], [ 21.33966957, 48.60086766 ], [ 21.33968394, 48.60090942 ], [ 21.33971426, 48.60099749 ], [ 21.3397232, 48.60102342 ], [ 21.33973733, 48.60106463 ], [ 21.3397672, 48.60115142 ], [ 21.33977614, 48.60117726 ], [ 21.33979006, 48.60121774 ], [ 21.3398283, 48.60132882 ], [ 21.33987116, 48.60145364 ], [ 21.33989332, 48.60151823 ], [ 21.33990272, 48.60154534 ], [ 21.33990771, 48.60155972 ], [ 21.33994323, 48.60166289 ], [ 21.33999233, 48.60180563 ], [ 21.34001676, 48.60187677 ], [ 21.34009937, 48.60212622 ], [ 21.34013498, 48.60223416 ], [ 21.34017477, 48.60235429 ], [ 21.34019375, 48.60241186 ], [ 21.34022591, 48.60250871 ], [ 21.34028617, 48.60269059 ], [ 21.34027999, 48.60289297 ], [ 21.34146281, 48.60344461 ], [ 21.34208681, 48.60373519 ], [ 21.34248953, 48.60376348 ], [ 21.34287522, 48.60379053 ], [ 21.34280261, 48.60392077 ], [ 21.34279982, 48.60392581 ], [ 21.3427749, 48.60397044 ], [ 21.34254571, 48.60438187 ], [ 21.34247525, 48.60450848 ], [ 21.34256653, 48.60463998 ], [ 21.34257406, 48.60465083 ], [ 21.34306259, 48.60535648 ], [ 21.3431296, 48.6054778 ], [ 21.3431824, 48.60554511 ], [ 21.34321953, 48.60559746 ], [ 21.34329861, 48.60570897 ], [ 21.34330764, 48.60572175 ], [ 21.34331541, 48.60573909 ], [ 21.34335942, 48.60583747 ], [ 21.34325444, 48.60585384 ], [ 21.34280036, 48.60592483 ], [ 21.34248721, 48.60597379 ], [ 21.34325775, 48.60712947 ], [ 21.34340653, 48.60735273 ], [ 21.34355977, 48.60758235 ], [ 21.3436448, 48.60771005 ], [ 21.34364702, 48.60771336 ], [ 21.34376825, 48.6078951 ], [ 21.34396603, 48.60819178 ], [ 21.34406904, 48.60834632 ], [ 21.34414486, 48.60846007 ], [ 21.34418042, 48.60851345 ], [ 21.34423211, 48.60859099 ], [ 21.34429145, 48.60867984 ], [ 21.34444354, 48.60857847 ], [ 21.34455992, 48.60850087 ], [ 21.34457613, 48.60849011 ], [ 21.34462693, 48.60845617 ], [ 21.34473713, 48.60842502 ], [ 21.34480691, 48.60840534 ], [ 21.34498805, 48.60851345 ], [ 21.34552837, 48.60883568 ], [ 21.34595508, 48.60830939 ], [ 21.3454835, 48.6077791 ], [ 21.34506851, 48.60769581 ], [ 21.34528238, 48.60752104 ], [ 21.34541881, 48.60740254 ], [ 21.34554079, 48.60733816 ], [ 21.34562013, 48.60732949 ], [ 21.3462831, 48.60721554 ], [ 21.34601926, 48.60692588 ], [ 21.34597381, 48.60687607 ], [ 21.34594957, 48.60685346 ], [ 21.3458634, 48.6066157 ], [ 21.34585681, 48.60658129 ], [ 21.34582947, 48.60652474 ], [ 21.34569731, 48.6061303 ], [ 21.34567628, 48.60607078 ], [ 21.3456787, 48.60585181 ], [ 21.34567678, 48.60579279 ], [ 21.34567635, 48.60573174 ], [ 21.34587361, 48.60566234 ], [ 21.34596793, 48.60562918 ], [ 21.34621828, 48.60552195 ], [ 21.34631654, 48.60549269 ], [ 21.34666491, 48.6056089 ], [ 21.34679057, 48.60562133 ], [ 21.34697265, 48.60564052 ], [ 21.34708817, 48.60566246 ], [ 21.34714688, 48.6056871 ], [ 21.34724499, 48.60572526 ], [ 21.34730921, 48.60574494 ], [ 21.34732096, 48.60574772 ], [ 21.34734256, 48.6057554 ], [ 21.34741403, 48.60578411 ], [ 21.34763068, 48.60585745 ], [ 21.3479106, 48.60592676 ], [ 21.34800002, 48.60592928 ], [ 21.34820662, 48.6059374 ], [ 21.34841295, 48.60594552 ], [ 21.34856299, 48.60595887 ], [ 21.34891915, 48.60596161 ], [ 21.34908845, 48.60596329 ], [ 21.34945222, 48.60601532 ], [ 21.3496307, 48.60602377 ], [ 21.34990744, 48.60601465 ], [ 21.35008167, 48.6060019 ], [ 21.3503903, 48.60601076 ], [ 21.35060494, 48.60605999 ], [ 21.35068979, 48.6060639 ], [ 21.35081734, 48.60607657 ], [ 21.35101446, 48.60613977 ], [ 21.35113498, 48.60621354 ], [ 21.35120775, 48.60625895 ], [ 21.35127622, 48.60643243 ], [ 21.35126442, 48.60645809 ], [ 21.35121852, 48.60664243 ], [ 21.35119391, 48.60667464 ], [ 21.35110015, 48.60682837 ], [ 21.35104609, 48.60687842 ], [ 21.35116476, 48.60691369 ], [ 21.35128813, 48.60692803 ], [ 21.35140009, 48.60693447 ], [ 21.35170126, 48.60698496 ], [ 21.35186668, 48.60700372 ], [ 21.35191342, 48.60702881 ], [ 21.3521634, 48.60699232 ], [ 21.3523787, 48.60700241 ], [ 21.35277688, 48.60702396 ], [ 21.35293138, 48.60703167 ], [ 21.35315915, 48.60711515 ], [ 21.35323163, 48.60711544 ], [ 21.3532498, 48.60702857 ], [ 21.35329653, 48.60689134 ], [ 21.35340481, 48.6068188 ], [ 21.35360911, 48.60665057 ], [ 21.35366747, 48.60657346 ], [ 21.35375044, 48.60650169 ], [ 21.35393522, 48.60653121 ], [ 21.35409474, 48.60656662 ], [ 21.35425683, 48.60650722 ], [ 21.35426771, 48.6064692 ], [ 21.35453063, 48.60638844 ], [ 21.3546904, 48.60639055 ], [ 21.35483602, 48.60631986 ], [ 21.35492708, 48.60615767 ], [ 21.35496982, 48.60608261 ], [ 21.35501486, 48.60606722 ], [ 21.35505069, 48.60605552 ], [ 21.35512801, 48.60602661 ], [ 21.35515306, 48.60601764 ], [ 21.35535929, 48.60594382 ], [ 21.35545874, 48.60590306 ], [ 21.35552379, 48.6058591 ], [ 21.35555934, 48.605776 ], [ 21.35549819, 48.60571149 ], [ 21.35546822, 48.60563569 ], [ 21.35548137, 48.60558846 ], [ 21.35550293, 48.60547981 ], [ 21.35550865, 48.60542192 ], [ 21.35548783, 48.60528787 ], [ 21.35548171, 48.60525834 ], [ 21.35548283, 48.60522416 ], [ 21.35573433, 48.60507599 ], [ 21.35588453, 48.60497797 ], [ 21.35594469, 48.6049895 ], [ 21.35615558, 48.60518275 ], [ 21.35619746, 48.60519562 ], [ 21.35621203, 48.60520696 ], [ 21.35627917, 48.60519772 ], [ 21.35633942, 48.60519216 ], [ 21.35649743, 48.60512471 ], [ 21.35664148, 48.60506495 ], [ 21.35708666, 48.60507988 ], [ 21.35726159, 48.60510648 ], [ 21.35736831, 48.60513193 ], [ 21.3574961, 48.60520645 ], [ 21.35754298, 48.60531697 ], [ 21.35751187, 48.60536879 ], [ 21.357512, 48.60540265 ], [ 21.35754921, 48.60561074 ], [ 21.35759215, 48.60570125 ], [ 21.35762044, 48.6057581 ], [ 21.3577674, 48.60592953 ], [ 21.35781872, 48.60598302 ], [ 21.35787584, 48.60603101 ], [ 21.35801331, 48.6061349 ], [ 21.35839574, 48.60609284 ], [ 21.35856058, 48.60611211 ], [ 21.35874891, 48.60616712 ], [ 21.35895101, 48.60625692 ], [ 21.3591113, 48.60632089 ], [ 21.35918894, 48.60636059 ], [ 21.3593031, 48.60643812 ], [ 21.35944358, 48.60656748 ], [ 21.35946443, 48.60658819 ], [ 21.35987575, 48.60688198 ], [ 21.35994936, 48.60693713 ], [ 21.36007137, 48.60705271 ], [ 21.36009276, 48.60718659 ], [ 21.36012385, 48.60738316 ], [ 21.3601568, 48.60745716 ], [ 21.36025608, 48.60755567 ], [ 21.36039063, 48.60766073 ], [ 21.36062699, 48.6076546 ], [ 21.36084844, 48.60766207 ], [ 21.36090641, 48.60768587 ], [ 21.36095493, 48.60770479 ], [ 21.36109389, 48.60777316 ], [ 21.36128265, 48.6079489 ], [ 21.36133397, 48.60799455 ], [ 21.36141753, 48.60804919 ], [ 21.36150259, 48.60810766 ], [ 21.36159965, 48.60817125 ], [ 21.36170448, 48.60823643 ], [ 21.36181261, 48.60830684 ], [ 21.36200528, 48.60841959 ], [ 21.36203356, 48.60843889 ], [ 21.36239396, 48.60860826 ], [ 21.36259518, 48.60874683 ], [ 21.36273096, 48.6088359 ], [ 21.36297349, 48.60906933 ], [ 21.3632799, 48.60927588 ], [ 21.36324971, 48.60929262 ], [ 21.3632284, 48.60933033 ], [ 21.36321066, 48.60946673 ], [ 21.36310557, 48.6095364 ], [ 21.36290224, 48.60956567 ], [ 21.36276549, 48.60971533 ], [ 21.36225489, 48.60977498 ], [ 21.36204756, 48.60991234 ], [ 21.36168872, 48.61001598 ], [ 21.36160255, 48.61004922 ], [ 21.36147985, 48.6101144 ], [ 21.36142581, 48.6101839 ], [ 21.36140821, 48.61021704 ], [ 21.36138061, 48.61031101 ], [ 21.36140182, 48.61036008 ], [ 21.36158424, 48.61039257 ], [ 21.36200448, 48.61045922 ], [ 21.36237129, 48.61054686 ], [ 21.36274469, 48.61065333 ], [ 21.3630684, 48.61065459 ], [ 21.36334522, 48.61065454 ], [ 21.36369905, 48.61063816 ], [ 21.36399934, 48.61056094 ], [ 21.36425198, 48.61046769 ], [ 21.36429087, 48.61038532 ], [ 21.36416089, 48.61022314 ], [ 21.36427094, 48.61011662 ], [ 21.3646028, 48.61004025 ], [ 21.3651337, 48.61025974 ], [ 21.36549871, 48.61030626 ], [ 21.36556177, 48.61033706 ], [ 21.36563847, 48.6103769 ], [ 21.36569468, 48.61058952 ], [ 21.36539941, 48.61085785 ], [ 21.36548004, 48.61112441 ], [ 21.36555299, 48.61137625 ], [ 21.36557749, 48.61161195 ], [ 21.36555388, 48.61193183 ], [ 21.36553277, 48.61208586 ], [ 21.36551975, 48.61219504 ], [ 21.36551887, 48.61219996 ], [ 21.36551436, 48.6122262 ], [ 21.36550829, 48.6122614 ], [ 21.36550261, 48.61229499 ], [ 21.36547161, 48.61229964 ], [ 21.36548081, 48.61234979 ], [ 21.36540445, 48.61239044 ], [ 21.36538472, 48.61240093 ], [ 21.36537737, 48.61263379 ], [ 21.36539095, 48.61278292 ], [ 21.36541393, 48.61280827 ], [ 21.36545534, 48.61287785 ], [ 21.36560263, 48.61302325 ], [ 21.36572662, 48.61314806 ], [ 21.36586321, 48.61327712 ], [ 21.36602977, 48.61344057 ], [ 21.36613477, 48.61354734 ], [ 21.36623762, 48.61364559 ], [ 21.3665578, 48.61377241 ], [ 21.36676852, 48.61390766 ], [ 21.3668522, 48.61396067 ], [ 21.36693378, 48.61399868 ], [ 21.36706908, 48.61404731 ], [ 21.36733042, 48.61406361 ], [ 21.36740165, 48.61406629 ], [ 21.36756072, 48.6140491 ], [ 21.36760276, 48.61404189 ] ] ] } },
{ "type": "Feature", "properties": { "@featureType": "CadastralZoning", "beginLifespanVersion": { "@nilReason": "http://inspire.ec.europa.eu/codelist/VoidReasonValue/Unpopulated", "@nil": "true" }, "endLifespanVersion": { "@nilReason": "http://inspire.ec.europa.eu/codelist/VoidReasonValue/Unpopulated", "@nil": "true" }, "estimatedAccuracy": { "value": -1, "@uom": "m" }, "inspireId": { "@dataType": "Identifier", "localId": "807150", "namespace": "SK.ESKN.CP", "versionId": "20260703T04:07:40" }, "label": "Budimír", "level": { "@href": "http://inspire.ec.europa.eu/codelist/CadastralZoningLevelValue/3rdOrder" }, "levelName": { "value": "Katastrálne územie", "@locale": "sk" }, "name_1": { "@dataType": "name", "GeographicalName": { "@dataType": "GeographicalName", "language": "SLK", "nativeness": { "@href": "http://inspire.ec.europa.eu/codelist/NativenessValue/endonym", "@title": "endonym" }, "nameStatus": { "@href": "http://inspire.ec.europa.eu/codelist/NameStatusValue/official", "@title": "official" }, "sourceOfName": { "@nilReason": "http://inspire.ec.europa.eu/codelist/VoidReasonValue/Unpopulated", "@nil": "true" }, "pronunciation": { "@dataType": "pronunciation", "@nilReason": "http://inspire.ec.europa.eu/codelist/VoidReasonValue/Unpopulated", "@nil": "true" }, "spelling": { "@dataType": "SpellingOfName", "text": "Budimír", "script": "LATN" } } }, "nationalCadastalZoningReference": "807150", "validFrom": "2026-06-30T16:00:00Z", "validTo": { "@nilReason": "http://inspire.ec.europa.eu/codelist/VoidReasonValue/Unpopulated", "@nil": "true" }, "place_id": 189396049, "osm_type": "relation", "osm_id": 388209, "place_rank": 12, "category": "boundary", "type": "administrative", "importance": 0.54120382821693425, "addresstype": "county", "name_2": "okres Košice-okolie", "display_name": "okres Košice-okolie, Košický kraj, Slovensko" }, "geometry": { "type": "Polygon", "coordinates": [ [ [ 21.30360959, 48.81548504 ], [ 21.3038195, 48.81495785 ], [ 21.3042444, 48.81379315 ], [ 21.30463433, 48.81276613 ], [ 21.30507901, 48.8116086 ], [ 21.30536813, 48.81085596 ], [ 21.30609315, 48.80894967 ], [ 21.30644458, 48.80799097 ], [ 21.30659963, 48.80749902 ], [ 21.30663766, 48.80737972 ], [ 21.30672784, 48.80706755 ], [ 21.30704116, 48.80630142 ], [ 21.30712201, 48.80609367 ], [ 21.30731305, 48.80594176 ], [ 21.30734724, 48.80592443 ], [ 21.30736292, 48.80591654 ], [ 21.3073644, 48.80591676 ], [ 21.30736662, 48.80590639 ], [ 21.3074148, 48.80579397 ], [ 21.30746527, 48.80567604 ], [ 21.30753506, 48.80560948 ], [ 21.3076179, 48.80552368 ], [ 21.30775094, 48.8054296 ], [ 21.30806695, 48.80520343 ], [ 21.308342, 48.80500356 ], [ 21.30846545, 48.80482213 ], [ 21.30853473, 48.80470217 ], [ 21.30866372, 48.80445087 ], [ 21.30876399, 48.80422831 ], [ 21.30881879, 48.80403255 ], [ 21.30882866, 48.80378717 ], [ 21.30889156, 48.80361191 ], [ 21.30891219, 48.80358193 ], [ 21.30904341, 48.80345502 ], [ 21.30905541, 48.80338841 ], [ 21.3092533, 48.80271923 ], [ 21.30927657, 48.80236749 ], [ 21.30929267, 48.80232216 ], [ 21.30966149, 48.80185191 ], [ 21.30989612, 48.8015336 ], [ 21.30994687, 48.80150346 ], [ 21.30999137, 48.80147699 ], [ 21.31008746, 48.80142211 ], [ 21.31019873, 48.80138976 ], [ 21.31038179, 48.80135409 ], [ 21.31047394, 48.80133609 ], [ 21.31075555, 48.80126083 ], [ 21.31082914, 48.80124128 ], [ 21.31085356, 48.80122141 ], [ 21.31103099, 48.80107664 ], [ 21.3110934, 48.80102578 ], [ 21.31118774, 48.80094897 ], [ 21.31126183, 48.80092017 ], [ 21.31139556, 48.8008667 ], [ 21.31170852, 48.80075035 ], [ 21.31190149, 48.80069554 ], [ 21.31199156, 48.80065065 ], [ 21.31220781, 48.80051183 ], [ 21.3122393, 48.80047056 ], [ 21.31227722, 48.80039564 ], [ 21.31228496, 48.80032359 ], [ 21.31227844, 48.80028225 ], [ 21.31201115, 48.80006158 ], [ 21.31187167, 48.79990016 ], [ 21.31190595, 48.79984232 ], [ 21.31199257, 48.79974512 ], [ 21.31200805, 48.79972632 ], [ 21.31203709, 48.79969092 ], [ 21.31214825, 48.7995779 ], [ 21.31219046, 48.79953327 ], [ 21.31221806, 48.79950097 ], [ 21.31244579, 48.79923439 ], [ 21.31277881, 48.79867672 ], [ 21.31279891, 48.79866202 ], [ 21.31310723, 48.79860801 ], [ 21.31333174, 48.79854245 ], [ 21.31342655, 48.79847231 ], [ 21.31347583, 48.79836929 ], [ 21.31348338, 48.79828031 ], [ 21.31339066, 48.79803631 ], [ 21.31326303, 48.79783564 ], [ 21.31300405, 48.79769949 ], [ 21.31291364, 48.79754568 ], [ 21.31278335, 48.79734799 ], [ 21.31244776, 48.79711841 ], [ 21.31229013, 48.79703764 ], [ 21.31220078, 48.7969919 ], [ 21.31215192, 48.79696755 ], [ 21.31214047, 48.7969618 ], [ 21.31206557, 48.79692 ], [ 21.31200169, 48.7968843 ], [ 21.31194433, 48.79683917 ], [ 21.31176669, 48.79669927 ], [ 21.31171335, 48.79660231 ], [ 21.31169892, 48.79656875 ], [ 21.31165914, 48.79650209 ], [ 21.3116335, 48.79645153 ], [ 21.31157636, 48.79633852 ], [ 21.31147571, 48.79614002 ], [ 21.31146253, 48.79592806 ], [ 21.31144144, 48.79583946 ], [ 21.31129586, 48.79537816 ], [ 21.31115221, 48.79506735 ], [ 21.31107807, 48.79490701 ], [ 21.31093517, 48.79462062 ], [ 21.31087852, 48.79446153 ], [ 21.31087849, 48.79435224 ], [ 21.31090026, 48.79430384 ], [ 21.31098207, 48.79421108 ], [ 21.31152264, 48.79380546 ], [ 21.31139523, 48.79348245 ], [ 21.3114665, 48.79324155 ], [ 21.31180049, 48.79294561 ], [ 21.31179564, 48.79281943 ], [ 21.31197506, 48.79259081 ], [ 21.31221011, 48.79234588 ], [ 21.31224925, 48.79233555 ], [ 21.3123628, 48.79230551 ], [ 21.31239881, 48.79228139 ], [ 21.31265286, 48.79211194 ], [ 21.31266872, 48.79210144 ], [ 21.31267758, 48.79209549 ], [ 21.31268958, 48.79208749 ], [ 21.3127516, 48.79204607 ], [ 21.31276288, 48.79203858 ], [ 21.31277586, 48.79202835 ], [ 21.31303685, 48.79182184 ], [ 21.31324333, 48.79168191 ], [ 21.31326564, 48.79166674 ], [ 21.31361555, 48.79153332 ], [ 21.31361238, 48.79145157 ], [ 21.31361215, 48.79144518 ], [ 21.31361212, 48.79144364 ], [ 21.3136107, 48.79140714 ], [ 21.31361029, 48.79139353 ], [ 21.31361008, 48.79138876 ], [ 21.31360526, 48.79123467 ], [ 21.31360226, 48.79113681 ], [ 21.31360344, 48.79095724 ], [ 21.31360348, 48.79095274 ], [ 21.31360365, 48.79092079 ], [ 21.31360553, 48.79089384 ], [ 21.3135873, 48.7904193 ], [ 21.31358173, 48.79027608 ], [ 21.31357644, 48.79013674 ], [ 21.31357643, 48.79010938 ], [ 21.3135765, 48.79009074 ], [ 21.31357637, 48.79008084 ], [ 21.31357638, 48.78995336 ], [ 21.31357646, 48.78983075 ], [ 21.3135764, 48.78961613 ], [ 21.31357645, 48.78939989 ], [ 21.31357635, 48.78936216 ], [ 21.31357641, 48.78935352 ], [ 21.31357437, 48.78929855 ], [ 21.31355279, 48.78871363 ], [ 21.31354247, 48.78847025 ], [ 21.31349099, 48.78615044 ], [ 21.31348606, 48.78593153 ], [ 21.31346187, 48.78484149 ], [ 21.31344685, 48.78416413 ], [ 21.31344766, 48.78415254 ], [ 21.31344872, 48.78413718 ], [ 21.31345435, 48.78405633 ], [ 21.31344263, 48.78402896 ], [ 21.31344259, 48.78402554 ], [ 21.3134382, 48.78384383 ], [ 21.31343441, 48.78368482 ], [ 21.31343178, 48.78357373 ], [ 21.31343131, 48.783555 ], [ 21.31342526, 48.78329923 ], [ 21.31342367, 48.78321825 ], [ 21.31340152, 48.78207542 ], [ 21.31340028, 48.78201093 ], [ 21.3133985, 48.78192103 ], [ 21.31340037, 48.78189408 ], [ 21.31339974, 48.78187569 ], [ 21.3133984, 48.78184009 ], [ 21.31339709, 48.78180413 ], [ 21.31339631, 48.78178205 ], [ 21.31339577, 48.78176637 ], [ 21.31338161, 48.78138036 ], [ 21.31338223, 48.78137138 ], [ 21.31339707, 48.78135382 ], [ 21.31342676, 48.78131871 ], [ 21.31311848, 48.78124633 ], [ 21.31260941, 48.78112284 ], [ 21.31222394, 48.78098509 ], [ 21.31181128, 48.78084652 ], [ 21.31143753, 48.78073613 ], [ 21.31098285, 48.78061428 ], [ 21.31094153, 48.78060708 ], [ 21.31080074, 48.78058264 ], [ 21.31079441, 48.78058155 ], [ 21.31054156, 48.78056621 ], [ 21.31049598, 48.78056347 ], [ 21.31045707, 48.78053528 ], [ 21.31036818, 48.78047956 ], [ 21.31006926, 48.7802924 ], [ 21.30990922, 48.78019228 ], [ 21.3096736, 48.77967107 ], [ 21.30964538, 48.77960873 ], [ 21.30953241, 48.77935898 ], [ 21.30902078, 48.77921388 ], [ 21.30868774, 48.77909824 ], [ 21.30854755, 48.77904959 ], [ 21.30854489, 48.7790487 ], [ 21.3083656, 48.77898644 ], [ 21.30836214, 48.77898526 ], [ 21.30834086, 48.77897786 ], [ 21.30812023, 48.77890282 ], [ 21.30787604, 48.77881995 ], [ 21.30777338, 48.77878414 ], [ 21.30771818, 48.77876491 ], [ 21.30769065, 48.77875534 ], [ 21.30764464, 48.77873926 ], [ 21.30756446, 48.77871117 ], [ 21.30739252, 48.77865093 ], [ 21.3071351, 48.77856054 ], [ 21.30697948, 48.77850656 ], [ 21.3068534, 48.77849012 ], [ 21.30680866, 48.77846554 ], [ 21.30669592, 48.77840431 ], [ 21.30665791, 48.7783946 ], [ 21.3065353, 48.77836341 ], [ 21.30652557, 48.7783623 ], [ 21.30638682, 48.77834593 ], [ 21.30624874, 48.77832966 ], [ 21.3062413, 48.7783289 ], [ 21.30612542, 48.77829899 ], [ 21.30603737, 48.77827623 ], [ 21.30601735, 48.77826059 ], [ 21.30593663, 48.77819719 ], [ 21.30593598, 48.77819672 ], [ 21.30585976, 48.77813714 ], [ 21.30585912, 48.77813667 ], [ 21.3057723, 48.778063 ], [ 21.30564977, 48.77796051 ], [ 21.30562493, 48.77793959 ], [ 21.30552338, 48.77778813 ], [ 21.30551387, 48.77777416 ], [ 21.30548981, 48.77772841 ], [ 21.30543834, 48.77769102 ], [ 21.30543698, 48.77769106 ], [ 21.30540295, 48.77769255 ], [ 21.30540173, 48.7776926 ], [ 21.30530452, 48.77769775 ], [ 21.30521921, 48.77770217 ], [ 21.30516753, 48.77765999 ], [ 21.3051085, 48.77761183 ], [ 21.30510038, 48.77760511 ], [ 21.30503491, 48.77755162 ], [ 21.305013, 48.77753384 ], [ 21.30495813, 48.77741811 ], [ 21.30495065, 48.77740231 ], [ 21.30494981, 48.77740066 ], [ 21.30493118, 48.77736111 ], [ 21.30492656, 48.77735125 ], [ 21.30492206, 48.77734148 ], [ 21.30491803, 48.7773329 ], [ 21.30491903, 48.77732437 ], [ 21.30491938, 48.77732132 ], [ 21.30492103, 48.77730742 ], [ 21.30492696, 48.77725755 ], [ 21.30492923, 48.77723871 ], [ 21.30493051, 48.77722813 ], [ 21.30493904, 48.77716042 ], [ 21.30494098, 48.77714436 ], [ 21.30494978, 48.77707279 ], [ 21.30494434, 48.77704336 ], [ 21.30493816, 48.77700897 ], [ 21.30492366, 48.77690427 ], [ 21.30487137, 48.77703889 ], [ 21.304851562886213, 48.777089835528365 ], [ 21.304845, 48.777107 ], [ 21.304831799889513, 48.777140733615695 ], [ 21.30474668, 48.77736009 ], [ 21.30470037, 48.77747922 ], [ 21.30444105, 48.77821341 ], [ 21.30438081, 48.77831151 ], [ 21.303882206849977, 48.779124132154152 ], [ 21.303906774630544, 48.779139828236183 ], [ 21.303918, 48.7791469 ], [ 21.30402903, 48.77921699 ], [ 21.304040690558981, 48.779224342830439 ], [ 21.30415, 48.779293 ], [ 21.304152418775512, 48.779294814081638 ], [ 21.30415482, 48.77929635 ], [ 21.30416362795085, 48.779301860491827 ], [ 21.304177, 48.77931 ], [ 21.30421707850422, 48.779335522629559 ], [ 21.30437834, 48.7794373 ], [ 21.30437790644649, 48.779437940423634 ], [ 21.304378, 48.779438 ], [ 21.304343, 48.77949 ], [ 21.304325083343251, 48.779515879615303 ], [ 21.30431609, 48.77952912 ], [ 21.304315548474573, 48.77952990305085 ], [ 21.304314, 48.779533 ], [ 21.304311107267274, 48.779536374854843 ], [ 21.30430835, 48.77954041 ], [ 21.30314349, 48.78125773 ], [ 21.30301518, 48.78144693 ], [ 21.30264833, 48.78198771 ], [ 21.30219538, 48.7826554 ], [ 21.30204703, 48.78287406 ], [ 21.30012757, 48.78570332 ], [ 21.30011118, 48.7857274 ], [ 21.30009174, 48.78575598 ], [ 21.30004762, 48.78576553 ], [ 21.29996848, 48.78578283 ], [ 21.299838664145497, 48.785811005090899 ], [ 21.299800409399889, 48.785819344000025 ], [ 21.29980026, 48.78581938 ], [ 21.299783293654539, 48.785823074952695 ], [ 21.299724, 48.785836 ], [ 21.299463, 48.78583 ], [ 21.299415, 48.785927 ], [ 21.299253745971708, 48.786254485032764 ], [ 21.29909156, 48.78658406 ], [ 21.298556585712316, 48.787671245169371 ], [ 21.299103210514076, 48.787900053159063 ], [ 21.29964358, 48.78812594 ], [ 21.29891258, 48.78852839 ], [ 21.29883876, 48.78856908 ], [ 21.29874027, 48.78886343 ], [ 21.29862334, 48.78921295 ], [ 21.29803729796803, 48.790964510216625 ], [ 21.297995, 48.791091 ], [ 21.297540027183075, 48.791587672453176 ], [ 21.29738401, 48.791758 ], [ 21.297374005622096, 48.791768924087478 ], [ 21.297083, 48.792087 ], [ 21.296113, 48.793146 ], [ 21.296087686362398, 48.793173202715032 ], [ 21.29604653, 48.7932181 ], [ 21.2960337, 48.79323203 ], [ 21.29602499, 48.79324166 ], [ 21.29601997, 48.79324718 ], [ 21.29599873, 48.7932703 ], [ 21.29596731, 48.79330463 ], [ 21.29590698, 48.79337049 ], [ 21.29587718, 48.79340298 ], [ 21.29583203, 48.79341925 ], [ 21.295547545184263, 48.793521844931867 ], [ 21.292872, 48.794487 ], [ 21.292861372350675, 48.794490542549774 ], [ 21.29284186, 48.79449758 ], [ 21.292838280590413, 48.794498859704795 ], [ 21.292832, 48.794502 ], [ 21.2927693, 48.7945242 ], [ 21.292690755894739, 48.794552062435308 ], [ 21.29261218, 48.79458041 ], [ 21.29255417, 48.79460132 ], [ 21.29245128, 48.79463842 ], [ 21.29232174, 48.7946982 ], [ 21.29072138, 48.79543713 ], [ 21.29037823, 48.79543366 ], [ 21.290316864377431, 48.795433049802185 ], [ 21.289391, 48.795424 ], [ 21.289342634607252, 48.795423360809785 ], [ 21.28916413, 48.79542158 ], [ 21.289016157838972, 48.795420070175091 ], [ 21.289005, 48.79542 ], [ 21.288999429178478, 48.795419896836641 ], [ 21.2889509, 48.79541938 ], [ 21.28795712, 48.79540951 ], [ 21.287946180944179, 48.795409386394851 ], [ 21.287929, 48.79541 ], [ 21.287720137589385, 48.795407125746642 ], [ 21.28771147, 48.79540704 ], [ 21.28767893, 48.79540668 ], [ 21.287539695292399, 48.795405327030402 ], [ 21.287472, 48.795405 ], [ 21.287392, 48.795404 ], [ 21.286983, 48.7954 ], [ 21.286956, 48.7954 ], [ 21.286814929544267, 48.795398067528005 ], [ 21.2868103, 48.79539802 ], [ 21.28680408, 48.79541475 ], [ 21.2867969, 48.79543371 ], [ 21.28648847, 48.79625684 ], [ 21.286484168818937, 48.796268493543195 ], [ 21.286484, 48.796269 ], [ 21.286478577240594, 48.796283460691754 ], [ 21.28645407, 48.79634905 ], [ 21.28643915, 48.79638893 ], [ 21.286423793665307, 48.796429888144402 ], [ 21.286349, 48.796631 ], [ 21.286213049482814, 48.796841723301632 ], [ 21.28618923, 48.79687886 ], [ 21.286189075064769, 48.796878883649605 ], [ 21.286189, 48.796879 ], [ 21.286182183042534, 48.796879935660826 ], [ 21.28613813, 48.79688666 ], [ 21.286097383724567, 48.796892857293258 ], [ 21.286061, 48.796899 ], [ 21.286027, 48.796904 ], [ 21.284881, 48.796553 ], [ 21.28479, 48.796525 ], [ 21.284784080813218, 48.796523084968982 ], [ 21.28475588, 48.7965145 ], [ 21.28462636951436, 48.796474849853333 ], [ 21.284607, 48.796469 ], [ 21.283769, 48.796213 ], [ 21.283334627224328, 48.796048528754845 ], [ 21.28315098, 48.7959793 ], [ 21.28209792, 48.79524321 ], [ 21.28049985, 48.79453975 ], [ 21.27927536, 48.79398518 ], [ 21.279242330162177, 48.793969892245279 ], [ 21.278077, 48.793431 ], [ 21.276925, 48.792932 ], [ 21.275995, 48.792541 ], [ 21.275459015559832, 48.792291430072602 ], [ 21.27522418, 48.79218234 ], [ 21.27491164, 48.79305573 ], [ 21.274761596079721, 48.793385718996475 ], [ 21.27465, 48.793632 ], [ 21.274519, 48.793699 ], [ 21.273773, 48.794078 ], [ 21.273653, 48.794104 ], [ 21.273621033300017, 48.794110992715623 ], [ 21.27363182, 48.79431599 ], [ 21.27369653, 48.79457572 ], [ 21.27366357, 48.79480797 ], [ 21.27347349, 48.79511192 ], [ 21.2733344, 48.79555689 ], [ 21.27346204, 48.79590426 ], [ 21.2734739, 48.79612879 ], [ 21.2733468, 48.79636265 ], [ 21.2731364, 48.79675979 ], [ 21.2730896, 48.79703176 ], [ 21.27293939, 48.79735971 ], [ 21.27311075, 48.79798814 ], [ 21.27332971, 48.79841664 ], [ 21.27352999, 48.79868846 ], [ 21.27377314, 48.79895908 ], [ 21.27429805, 48.79934295 ], [ 21.27447323, 48.7994777 ], [ 21.27517772, 48.80001923 ], [ 21.27580731, 48.80048662 ], [ 21.27590619, 48.80068717 ], [ 21.27590188, 48.80090545 ], [ 21.27577573, 48.80136224 ], [ 21.275679, 48.80195093 ], [ 21.27570443, 48.8021766 ], [ 21.2756013, 48.80277689 ], [ 21.27549996, 48.80315793 ], [ 21.2754664, 48.80316419 ], [ 21.27527791, 48.80331937 ], [ 21.27527904, 48.80334587 ], [ 21.27528312, 48.80343909 ], [ 21.2752887, 48.80348373 ], [ 21.27529178, 48.80350777 ], [ 21.27529876, 48.80356354 ], [ 21.27530313, 48.80359833 ], [ 21.27531939, 48.80372757 ], [ 21.27529179, 48.80400175 ], [ 21.27509276, 48.80433379 ], [ 21.2751639, 48.80451224 ], [ 21.27522958, 48.80475067 ], [ 21.27517817, 48.80484029 ], [ 21.27518251, 48.80512158 ], [ 21.27515704, 48.80526277 ], [ 21.27499362, 48.80568538 ], [ 21.27495115, 48.80580084 ], [ 21.27482359, 48.80595961 ], [ 21.27407466, 48.80656015 ], [ 21.27396135, 48.80668478 ], [ 21.27366484, 48.80695882 ], [ 21.27350155, 48.80720687 ], [ 21.27321573, 48.80754587 ], [ 21.27314174, 48.8076619 ], [ 21.2730212, 48.80798211 ], [ 21.27290038, 48.8081147 ], [ 21.27283111, 48.80815768 ], [ 21.27267979, 48.80831689 ], [ 21.27266448, 48.80835243 ], [ 21.27263678, 48.80841676 ], [ 21.2725312, 48.80853604 ], [ 21.27245756, 48.80866243 ], [ 21.27235864, 48.80875293 ], [ 21.27193367, 48.80898511 ], [ 21.27192151, 48.80906874 ], [ 21.27198983, 48.8093645 ], [ 21.27209518, 48.80960478 ], [ 21.27220771, 48.80964434 ], [ 21.27256643, 48.80980741 ], [ 21.2751942, 48.81100188 ], [ 21.27533243, 48.81108516 ], [ 21.27539641, 48.81128204 ], [ 21.27536294, 48.81142073 ], [ 21.27506062, 48.81182171 ], [ 21.2760054, 48.81189328 ], [ 21.27653655, 48.81203949 ], [ 21.27702045, 48.81223546 ], [ 21.27776162, 48.81209902 ], [ 21.277877556284203, 48.812057472707117 ], [ 21.277909, 48.812046 ], [ 21.278207856759163, 48.811748290483678 ], [ 21.27842983, 48.81152668 ], [ 21.27876232, 48.81127976 ], [ 21.278768849724244, 48.811275306165058 ], [ 21.279013, 48.811108 ], [ 21.279197298299355, 48.811010634860722 ], [ 21.27938387, 48.81091133 ], [ 21.27975396, 48.81078889 ], [ 21.280072927597928, 48.81075968680166 ], [ 21.280298, 48.810739 ], [ 21.280304986834505, 48.810739812422618 ], [ 21.2803412, 48.81074396 ], [ 21.28125426, 48.81087484 ], [ 21.28163923, 48.81092102 ], [ 21.28170056527, 48.810929024425668 ], [ 21.285314, 48.8114 ], [ 21.285492, 48.811492 ], [ 21.285719325964557, 48.811565973405237 ], [ 21.28629151, 48.81175168 ], [ 21.28648921, 48.81182489 ], [ 21.28688481, 48.8119723 ], [ 21.287257745684087, 48.812132403121922 ], [ 21.287348, 48.812171 ], [ 21.287530819033748, 48.812263845268447 ], [ 21.28773048, 48.81236511 ], [ 21.288102655022801, 48.812608940090342 ], [ 21.288393, 48.812799 ], [ 21.288756, 48.813047 ], [ 21.288944, 48.813164 ], [ 21.289032498985321, 48.813214035964776 ], [ 21.2892043, 48.81331043 ], [ 21.28939045, 48.813356 ], [ 21.2896964, 48.81339794 ], [ 21.290025818809088, 48.813421286918796 ], [ 21.29039, 48.813447 ], [ 21.290893, 48.813522 ], [ 21.291067287871375, 48.813582431472987 ], [ 21.29109236, 48.81359102 ], [ 21.291165601624556, 48.813626890544839 ], [ 21.291375, 48.813729 ], [ 21.291610819920525, 48.813877881700975 ], [ 21.29180892, 48.81400263 ], [ 21.29195423, 48.81410187 ], [ 21.29205632824786, 48.814159607013607 ], [ 21.292089, 48.814178 ], [ 21.292508, 48.814314 ], [ 21.293713, 48.814576 ], [ 21.294539246793967, 48.814740233481587 ], [ 21.29468902, 48.81476998 ], [ 21.296635, 48.81511041 ], [ 21.297922223673805, 48.815343491722466 ], [ 21.298977, 48.815534 ], [ 21.299475268821791, 48.815601776476505 ], [ 21.29964631, 48.81562488 ], [ 21.29967323, 48.81562975 ], [ 21.299709884330326, 48.815636414666145 ], [ 21.299811, 48.815654 ], [ 21.299829433980989, 48.815658162511838 ], [ 21.29984203, 48.81566046 ], [ 21.30022528, 48.81568501 ], [ 21.30105617, 48.81576866 ], [ 21.301200155623981, 48.815783315685522 ], [ 21.301489, 48.815812 ], [ 21.302018, 48.815869 ], [ 21.302411033386786, 48.81593950054215 ], [ 21.30339506, 48.81611553 ], [ 21.30340919, 48.81611821 ], [ 21.30346444, 48.81592229 ], [ 21.30360959, 48.81548504 ] ] ] } },
{ "type": "Feature", "properties": { "@featureType": "CadastralZoning", "beginLifespanVersion": { "@nilReason": "http://inspire.ec.europa.eu/codelist/VoidReasonValue/Unpopulated", "@nil": "true" }, "endLifespanVersion": { "@nilReason": "http://inspire.ec.europa.eu/codelist/VoidReasonValue/Unpopulated", "@nil": "true" }, "estimatedAccuracy": { "value": -1, "@uom": "m" }, "inspireId": { "@dataType": "Identifier", "localId": "865508", "namespace": "SK.ESKN.CP", "versionId": "20260703T04:07:40" }, "label": "Trstené pri Hornáde", "level": { "@href": "http://inspire.ec.europa.eu/codelist/CadastralZoningLevelValue/3rdOrder" }, "levelName": { "value": "Katastrálne územie", "@locale": "sk" }, "name_1": { "@dataType": "name", "GeographicalName": { "@dataType": "GeographicalName", "language": "SLK", "nativeness": { "@href": "http://inspire.ec.europa.eu/codelist/NativenessValue/endonym", "@title": "endonym" }, "nameStatus": { "@href": "http://inspire.ec.europa.eu/codelist/NameStatusValue/official", "@title": "official" }, "sourceOfName": { "@nilReason": "http://inspire.ec.europa.eu/codelist/VoidReasonValue/Unpopulated", "@nil": "true" }, "pronunciation": { "@dataType": "pronunciation", "@nilReason": "http://inspire.ec.europa.eu/codelist/VoidReasonValue/Unpopulated", "@nil": "true" }, "spelling": { "@dataType": "SpellingOfName", "text": "Trstené pri Hornáde", "script": "LATN" } } }, "nationalCadastalZoningReference": "865508", "validFrom": "2026-06-30T16:00:00Z", "validTo": { "@nilReason": "http://inspire.ec.europa.eu/codelist/VoidReasonValue/Unpopulated", "@nil": "true" }, "place_id": 189396049, "osm_type": "relation", "osm_id": 388209, "place_rank": 12, "category": "boundary", "type": "administrative", "importance": 0.54120382821693425, "addresstype": "county", "name_2": "okres Košice-okolie", "display_name": "okres Košice-okolie, Košický kraj, Slovensko" }, "geometry": { "type": "Polygon", "coordinates": [ [ [ 21.32771462, 48.59324755 ], [ 21.32792495, 48.59318507 ], [ 21.32848317, 48.59302961 ], [ 21.32853521, 48.59301687 ], [ 21.32856726, 48.59300875 ], [ 21.32869895, 48.5929708 ], [ 21.32988502, 48.59264164 ], [ 21.33268788, 48.59177478 ], [ 21.33692454, 48.59050213 ], [ 21.33696052, 48.59048809 ], [ 21.34264759, 48.58915932 ], [ 21.3426739, 48.58915355 ], [ 21.34279162, 48.58912704 ], [ 21.34282722, 48.58911848 ], [ 21.34287537, 48.58910697 ], [ 21.34288819, 48.58910205 ], [ 21.34370793, 48.58891544 ], [ 21.3496485, 48.58752954 ], [ 21.35013724, 48.58721569 ], [ 21.35577626, 48.58676026 ], [ 21.3560921, 48.58571221 ], [ 21.35614413, 48.58523942 ], [ 21.356319, 48.58436555 ], [ 21.35621039, 48.58432267 ], [ 21.35589102, 48.58409977 ], [ 21.35573072, 48.58400735 ], [ 21.355426, 48.58389571 ], [ 21.35503884, 48.5837653 ], [ 21.35492335, 48.58367431 ], [ 21.35477425, 48.58331312 ], [ 21.3543884, 48.58283668 ], [ 21.35424199, 48.58272765 ], [ 21.35428957, 48.58251031 ], [ 21.35426069, 48.58195712 ], [ 21.35424732, 48.58166079 ], [ 21.35411929, 48.58105158 ], [ 21.35418306, 48.58065125 ], [ 21.35407334, 48.58032546 ], [ 21.35390821, 48.57957252 ], [ 21.3537435, 48.57921374 ], [ 21.35363734, 48.57901842 ], [ 21.35384969, 48.57897261 ], [ 21.35461815, 48.57893941 ], [ 21.35463497, 48.57837049 ], [ 21.35546312, 48.57840661 ], [ 21.35680049, 48.57842844 ], [ 21.35683874, 48.57831561 ], [ 21.358017, 48.57838045 ], [ 21.3586833, 48.57841635 ], [ 21.35888173, 48.57843322 ], [ 21.36070008, 48.57858796 ], [ 21.36078682, 48.57859534 ], [ 21.36084415, 48.57860022 ], [ 21.36090836, 48.57860566 ], [ 21.361713, 48.57867416 ], [ 21.36336814, 48.57886672 ], [ 21.36347979, 48.57857487 ], [ 21.36369276, 48.57816606 ], [ 21.36394095, 48.57777002 ], [ 21.36427807, 48.57730534 ], [ 21.36482398, 48.57738747 ], [ 21.36571311, 48.57748017 ], [ 21.36557813, 48.57710808 ], [ 21.36544597, 48.57679612 ], [ 21.36537013, 48.57660524 ], [ 21.36535704, 48.57657234 ], [ 21.36540169, 48.57641505 ], [ 21.36570469, 48.57645819 ], [ 21.36604398, 48.57645461 ], [ 21.36612105, 48.57623374 ], [ 21.36627782, 48.57579713 ], [ 21.36687979, 48.57472299 ], [ 21.36724454, 48.57410708 ], [ 21.36725681, 48.57408629 ], [ 21.36731237, 48.57402953 ], [ 21.36736435, 48.5739814 ], [ 21.36747589, 48.57399708 ], [ 21.36754958, 48.57403845 ], [ 21.36790016, 48.57423516 ], [ 21.36788355, 48.57428571 ], [ 21.3680307, 48.57428851 ], [ 21.36814628, 48.57439209 ], [ 21.36810836, 48.5744925 ], [ 21.36868631, 48.57465354 ], [ 21.36869269, 48.5747073 ], [ 21.3690105, 48.57473196 ], [ 21.36917764, 48.57484546 ], [ 21.36964855, 48.57500652 ], [ 21.36970937, 48.57514924 ], [ 21.36995864, 48.57535766 ], [ 21.37029304, 48.57555505 ], [ 21.37031032, 48.57560616 ], [ 21.37046889, 48.57565224 ], [ 21.37063588, 48.57583181 ], [ 21.37089837, 48.57617477 ], [ 21.37121159, 48.57640636 ], [ 21.37149749, 48.57655709 ], [ 21.376008, 48.57418789 ], [ 21.37794887, 48.57318691 ], [ 21.38175066, 48.57122218 ], [ 21.38315783, 48.57044041 ], [ 21.38876222, 48.56729667 ], [ 21.39259683, 48.56512067 ], [ 21.39341354, 48.56465716 ], [ 21.39348632, 48.56461584 ], [ 21.39397793, 48.56428209 ], [ 21.39419223, 48.56413381 ], [ 21.39450633, 48.56396176 ], [ 21.39507829, 48.56369927 ], [ 21.39514276, 48.56367256 ], [ 21.39549905, 48.56347629 ], [ 21.395379550109002, 48.563464289226374 ], [ 21.39504, 48.563431 ], [ 21.394618044786263, 48.563332630072871 ], [ 21.39455155, 48.56331726 ], [ 21.394231604365643, 48.563226203253627 ], [ 21.393756, 48.563091 ], [ 21.393031, 48.562896 ], [ 21.392750893689982, 48.562829715300687 ], [ 21.39263877, 48.56280336 ], [ 21.39237516, 48.56274842 ], [ 21.39135122, 48.56247481 ], [ 21.39115923, 48.56232162 ], [ 21.39087661, 48.56224693 ], [ 21.39019239, 48.56206618 ], [ 21.38932972, 48.56178872 ], [ 21.388942817015774, 48.561688639865906 ], [ 21.38854, 48.561585 ], [ 21.388139706944191, 48.561455194824291 ], [ 21.38798796, 48.56140621 ], [ 21.387950949180407, 48.561394489065755 ], [ 21.387782, 48.561342 ], [ 21.387086, 48.561167 ], [ 21.386373, 48.560987 ], [ 21.385621, 48.560753 ], [ 21.385401393775872, 48.560680160311797 ], [ 21.38521778, 48.56061963 ], [ 21.385171212425622, 48.560606624979897 ], [ 21.385106, 48.560589 ], [ 21.384438075005747, 48.560390709767333 ], [ 21.38440223, 48.5603801 ], [ 21.38393179, 48.56023739 ], [ 21.38337741, 48.56012061 ], [ 21.38299498, 48.56011008 ], [ 21.382887134368929, 48.560106897669904 ], [ 21.382543, 48.560097 ], [ 21.38238858566714, 48.560065860311255 ], [ 21.38206224, 48.5600008 ], [ 21.3819551, 48.55995493 ], [ 21.381623983410215, 48.559751118864327 ], [ 21.381614, 48.559745 ], [ 21.381580860783028, 48.559710456578919 ], [ 21.38125978, 48.55937713 ], [ 21.381006034571481, 48.559128033754831 ], [ 21.381006, 48.559128 ], [ 21.381004729575217, 48.559127250775127 ], [ 21.38077226, 48.55899091 ], [ 21.38052121, 48.55877138 ], [ 21.380383994608291, 48.558682996704007 ], [ 21.380101, 48.55851 ], [ 21.380009062592784, 48.558464253367426 ], [ 21.37989386, 48.55840735 ], [ 21.379656289337181, 48.558221533438896 ], [ 21.379621019388239, 48.558194015127086 ], [ 21.37936026, 48.5582106 ], [ 21.37910035, 48.55823154 ], [ 21.37871767, 48.55849638 ], [ 21.37813786, 48.55863846 ], [ 21.377753597267194, 48.558720301110185 ], [ 21.377564, 48.558761 ], [ 21.377253446029258, 48.558761623602351 ], [ 21.37706631, 48.55876221 ], [ 21.37657501, 48.55883716 ], [ 21.376496780193381, 48.558835570395175 ], [ 21.376192, 48.55883 ], [ 21.376040658361916, 48.558863105983328 ], [ 21.37590487, 48.55889334 ], [ 21.37556457, 48.55899946 ], [ 21.37535901, 48.55911448 ], [ 21.37510269, 48.55927389 ], [ 21.37485983, 48.55943677 ], [ 21.374528932728733, 48.559653606646769 ], [ 21.374475, 48.559689 ], [ 21.374286255617271, 48.559671069283638 ], [ 21.37427528, 48.55967006 ], [ 21.374275238154663, 48.559670022624687 ], [ 21.374275, 48.55967 ], [ 21.374128, 48.559539 ], [ 21.373939836860057, 48.559346190856601 ], [ 21.37380387, 48.55920723 ], [ 21.37334012, 48.5589967 ], [ 21.373187926468834, 48.558981321087728 ], [ 21.373081, 48.558971 ], [ 21.37285844211943, 48.559005015396593 ], [ 21.37262288, 48.55904136 ], [ 21.37221095, 48.55918934 ], [ 21.37182654, 48.55936741 ], [ 21.37148707, 48.55934147 ], [ 21.371376094349834, 48.559298015857486 ], [ 21.371149, 48.55921 ], [ 21.370669, 48.559147 ], [ 21.370197105421685, 48.559147 ], [ 21.37015287, 48.55914703 ], [ 21.36947199, 48.55920546 ], [ 21.368782887962592, 48.559332163143949 ], [ 21.368735, 48.559341 ], [ 21.368706193810947, 48.559345981521417 ], [ 21.36846941, 48.55938719 ], [ 21.36771737, 48.55955421 ], [ 21.367201390914861, 48.559663332415795 ], [ 21.36692, 48.559723 ], [ 21.3668731313021, 48.559738111869883 ], [ 21.36670645, 48.55979239 ], [ 21.366425679838038, 48.560023504513701 ], [ 21.366327, 48.560105 ], [ 21.365843, 48.560321 ], [ 21.365670210811686, 48.560353867508645 ], [ 21.36529174, 48.56042654 ], [ 21.36466004, 48.5603601 ], [ 21.36441094, 48.56047271 ], [ 21.36375337, 48.56047527 ], [ 21.36272537, 48.56061135 ], [ 21.36187799, 48.56057713 ], [ 21.361550758987857, 48.560572341764953 ], [ 21.360754, 48.560561 ], [ 21.359585, 48.560555 ], [ 21.358816214197809, 48.560509856574278 ], [ 21.3587725, 48.56050733 ], [ 21.35844422, 48.56048835 ], [ 21.3578699598234, 48.560469996327392 ], [ 21.357615, 48.560462 ], [ 21.357572, 48.560464 ], [ 21.357256198364869, 48.560461188709482 ], [ 21.35689792, 48.56045834 ], [ 21.35626484, 48.56047968 ], [ 21.35570653, 48.56053002 ], [ 21.35480701, 48.5605463 ], [ 21.35372009, 48.56050443 ], [ 21.353180797355758, 48.560530634598237 ], [ 21.352809, 48.560549 ], [ 21.35260658720339, 48.560538949157689 ], [ 21.35208388, 48.56051377 ], [ 21.35076919, 48.5605301 ], [ 21.34945393, 48.5605743 ], [ 21.348989662981037, 48.56056836027912 ], [ 21.348466, 48.560562 ], [ 21.347203, 48.560504 ], [ 21.346338, 48.560396 ], [ 21.345141, 48.560254 ], [ 21.344797413916829, 48.560255712223004 ], [ 21.34453953, 48.56025725 ], [ 21.34410791, 48.5602875 ], [ 21.34374972, 48.56021229 ], [ 21.34337653, 48.56020136 ], [ 21.34299297, 48.56009271 ], [ 21.34262146, 48.56003762 ], [ 21.342297614173848, 48.560005313780728 ], [ 21.341927, 48.559969 ], [ 21.341473, 48.559938 ], [ 21.341072150211687, 48.559917740443915 ], [ 21.34036562, 48.55988228 ], [ 21.340365622255355, 48.559882031449732 ], [ 21.340365, 48.559882 ], [ 21.34036746157232, 48.559679330545833 ], [ 21.34036787, 48.55963432 ], [ 21.340389214211765, 48.559503723937098 ], [ 21.340438678974554, 48.559197630107967 ], [ 21.340434626138723, 48.559196657083305 ], [ 21.339576, 48.559019 ], [ 21.339313730016251, 48.558998146729124 ], [ 21.33924904, 48.55899318 ], [ 21.33849332, 48.55898542 ], [ 21.338480476748195, 48.558985323775332 ], [ 21.3374332, 48.5590124 ], [ 21.3368933, 48.5590161 ], [ 21.335725, 48.5590772 ], [ 21.3348472, 48.5591409 ], [ 21.3337499, 48.5592097 ], [ 21.3334993, 48.5592316 ], [ 21.3324791, 48.5593209 ], [ 21.332196573365088, 48.559262005963859 ], [ 21.332118530319601, 48.559265737608669 ], [ 21.332032, 48.5593462 ], [ 21.331844, 48.5593522 ], [ 21.3316811, 48.5593546 ], [ 21.331318289047548, 48.559375800880147 ], [ 21.33131138, 48.55951757 ], [ 21.33042772, 48.55950623 ], [ 21.32906818, 48.55949024 ], [ 21.328630322563711, 48.559486502053147 ], [ 21.3285442, 48.55949 ], [ 21.3276871, 48.559507 ], [ 21.327624007478214, 48.55947791123797 ], [ 21.32761332, 48.55947782 ], [ 21.32712066, 48.55924659 ], [ 21.326552119561722, 48.55900126425081 ], [ 21.326247, 48.55887 ], [ 21.326176480426717, 48.558825247193873 ], [ 21.3260393, 48.55873907 ], [ 21.32564013, 48.55810428 ], [ 21.325406320036322, 48.558095782682592 ], [ 21.325185, 48.558088 ], [ 21.324681041999909, 48.557999992628666 ], [ 21.32464119, 48.55799306 ], [ 21.32446175772947, 48.557951385114691 ], [ 21.323379, 48.5577 ], [ 21.323962, 48.558736 ], [ 21.324143416839721, 48.559012169584037 ], [ 21.3244332, 48.55945234 ], [ 21.32483543, 48.56014692 ], [ 21.32543616, 48.56098807 ], [ 21.325514214190452, 48.561109078299197 ], [ 21.325894, 48.561697 ], [ 21.325893701888617, 48.561697402393698 ], [ 21.32589381, 48.56169757 ], [ 21.32580618, 48.56181564 ], [ 21.325777662539959, 48.56185403345367 ], [ 21.325631, 48.562052 ], [ 21.325590579066581, 48.562046359869754 ], [ 21.32550191, 48.56203443 ], [ 21.32523206, 48.5620039 ], [ 21.32495815, 48.56200673 ], [ 21.324739752770853, 48.562019755077465 ], [ 21.32472, 48.562021 ], [ 21.324518, 48.56206 ], [ 21.324253, 48.56212 ], [ 21.324156, 48.562167 ], [ 21.324033, 48.56221 ], [ 21.323911732342445, 48.562237820227324 ], [ 21.32386325, 48.56224901 ], [ 21.323854299523457, 48.562249588438029 ], [ 21.323656, 48.562263 ], [ 21.323515349005007, 48.562291928218826 ], [ 21.32340676, 48.56232858 ], [ 21.3232756, 48.56235421 ], [ 21.323105780026474, 48.562341169348727 ], [ 21.323077, 48.562339 ], [ 21.323057134039455, 48.562337749694791 ], [ 21.32293463, 48.56233024 ], [ 21.322834774211959, 48.562334906769742 ], [ 21.322752, 48.562339 ], [ 21.322731584976676, 48.562333627625442 ], [ 21.32256213, 48.56228955 ], [ 21.322426052989471, 48.562237281028601 ], [ 21.322378, 48.562219 ], [ 21.322349291203722, 48.562210961537041 ], [ 21.32225361, 48.56218464 ], [ 21.3220404, 48.56211963 ], [ 21.322037248846769, 48.562118323420094 ], [ 21.3219725, 48.5621024 ], [ 21.321856, 48.562044 ], [ 21.321780573120272, 48.562012425957327 ], [ 21.3217273, 48.56199071 ], [ 21.321634488462614, 48.561946254234257 ], [ 21.321598, 48.561929 ], [ 21.32158871555345, 48.561915430424271 ], [ 21.32152007, 48.5618156 ], [ 21.321412671425779, 48.561780705662677 ], [ 21.321351, 48.561761 ], [ 21.321205, 48.561716 ], [ 21.321133, 48.561663 ], [ 21.320919, 48.561554 ], [ 21.320677, 48.561468 ], [ 21.320392, 48.561343 ], [ 21.320344, 48.561291 ], [ 21.320184, 48.561256 ], [ 21.320001426658873, 48.561259175188539 ], [ 21.31995455, 48.56126006 ], [ 21.319847294640116, 48.561272804643188 ], [ 21.319754, 48.561284 ], [ 21.319608, 48.561277 ], [ 21.319384, 48.561201 ], [ 21.319352877009049, 48.561182415767995 ], [ 21.31924507, 48.56111835 ], [ 21.319068959138498, 48.560988978135512 ], [ 21.318955, 48.560928 ], [ 21.318897363756211, 48.560884064174815 ], [ 21.31883264, 48.56083533 ], [ 21.318749721109668, 48.560770565238137 ], [ 21.318696, 48.560729 ], [ 21.318647763900046, 48.560675004365727 ], [ 21.31856181, 48.56057985 ], [ 21.318531690149147, 48.560533535223719 ], [ 21.318508, 48.560498 ], [ 21.318473996649409, 48.560448719781753 ], [ 21.31843859, 48.56039828 ], [ 21.31838394, 48.56028228 ], [ 21.31835785, 48.56025952 ], [ 21.318358758672016, 48.560150509901675 ], [ 21.318358999046993, 48.5601161362803 ], [ 21.318358732379391, 48.560112074897738 ], [ 21.318344, 48.559896 ], [ 21.318225, 48.55973 ], [ 21.318057, 48.559555 ], [ 21.318056018211823, 48.559554126630154 ], [ 21.3178671, 48.55955177 ], [ 21.31776861, 48.55955408 ], [ 21.31736363, 48.55956362 ], [ 21.31733008, 48.55956439 ], [ 21.31692932, 48.55957378 ], [ 21.31657054, 48.55955663 ], [ 21.31616952, 48.55943637 ], [ 21.31598084, 48.55937984 ], [ 21.31593513, 48.55936611 ], [ 21.31577968, 48.55935462 ], [ 21.31565055, 48.55934501 ], [ 21.31544249, 48.55894315 ], [ 21.31499537, 48.55898156 ], [ 21.31465146, 48.559024 ], [ 21.31430489, 48.55908915 ], [ 21.31359396, 48.55928641 ], [ 21.31304247, 48.55942975 ], [ 21.31256509, 48.55953492 ], [ 21.31255171, 48.55961455 ], [ 21.31247923, 48.5597798 ], [ 21.31234463, 48.56000779 ], [ 21.31211669, 48.56024977 ], [ 21.31207543, 48.56032657 ], [ 21.3120634, 48.56045513 ], [ 21.31206665, 48.56063349 ], [ 21.31209331, 48.56076746 ], [ 21.31215079, 48.56097556 ], [ 21.31237377, 48.56152598 ], [ 21.31255034, 48.56191031 ], [ 21.31275572, 48.56226446 ], [ 21.31296624, 48.5625661 ], [ 21.31317425, 48.56281571 ], [ 21.31323208, 48.56290913 ], [ 21.31334296, 48.56308835 ], [ 21.31354666, 48.56346513 ], [ 21.31378462, 48.56427358 ], [ 21.31379078, 48.56432968 ], [ 21.31379599, 48.56437782 ], [ 21.31380568, 48.56446716 ], [ 21.31401532, 48.56564765 ], [ 21.31407681, 48.56599399 ], [ 21.31414864, 48.56705693 ], [ 21.31411505, 48.56752065 ], [ 21.31400654, 48.56841198 ], [ 21.31386805, 48.56946607 ], [ 21.31383527, 48.56982583 ], [ 21.31383802, 48.56994484 ], [ 21.31385921, 48.57004632 ], [ 21.31391306, 48.57015033 ], [ 21.31393122, 48.57024857 ], [ 21.31399612, 48.57084935 ], [ 21.3136707, 48.5708685 ], [ 21.31366927, 48.57172375 ], [ 21.31302058, 48.57174655 ], [ 21.31300037, 48.57257899 ], [ 21.31231, 48.57260987 ], [ 21.31223939, 48.57306319 ], [ 21.31178451, 48.57309819 ], [ 21.31220812, 48.57351455 ], [ 21.31229333, 48.57361627 ], [ 21.31247018, 48.57388753 ], [ 21.31269883, 48.57442353 ], [ 21.31272963, 48.57454295 ], [ 21.31273376, 48.57461844 ], [ 21.31226556, 48.57480258 ], [ 21.31239166, 48.57492698 ], [ 21.3125271, 48.57561787 ], [ 21.31278021, 48.57657462 ], [ 21.31278776, 48.57660465 ], [ 21.3127331, 48.57735069 ], [ 21.31309727, 48.5777149 ], [ 21.31339629, 48.57797972 ], [ 21.31384198, 48.57852071 ], [ 21.31403034, 48.57852421 ], [ 21.31412335, 48.57867416 ], [ 21.31423422, 48.57902857 ], [ 21.31431443, 48.57919091 ], [ 21.31434231, 48.5793115 ], [ 21.31432972, 48.57938161 ], [ 21.31423637, 48.57950112 ], [ 21.31413019, 48.57958053 ], [ 21.31410716, 48.57971136 ], [ 21.31447805, 48.57993776 ], [ 21.31487933, 48.57985267 ], [ 21.31597709, 48.57968699 ], [ 21.31584821, 48.57948679 ], [ 21.31582852, 48.57944775 ], [ 21.3156636, 48.57901543 ], [ 21.31553244, 48.57850123 ], [ 21.3164083, 48.57837118 ], [ 21.31696126, 48.57828405 ], [ 21.31741297, 48.57818176 ], [ 21.31769958, 48.57809263 ], [ 21.31798426, 48.57800992 ], [ 21.31804778, 48.57774086 ], [ 21.31865397, 48.57767848 ], [ 21.31927984, 48.57761003 ], [ 21.31985542, 48.57756643 ], [ 21.32002357, 48.57756192 ], [ 21.3197612, 48.57715707 ], [ 21.31957468, 48.57692109 ], [ 21.31940004, 48.57655241 ], [ 21.31993241, 48.57664695 ], [ 21.32084614, 48.57683619 ], [ 21.32084074, 48.57700655 ], [ 21.32089426, 48.57731005 ], [ 21.32117441, 48.57808402 ], [ 21.32128478, 48.57838745 ], [ 21.32161897, 48.57896653 ], [ 21.32168469, 48.57898356 ], [ 21.32187771, 48.57902365 ], [ 21.32194365, 48.57903736 ], [ 21.32194445, 48.57903756 ], [ 21.32207625, 48.57906435 ], [ 21.32212103, 48.57907022 ], [ 21.32216271, 48.57907572 ], [ 21.32225885, 48.57908828 ], [ 21.32266986, 48.57906828 ], [ 21.32282155, 48.5790349 ], [ 21.3228728, 48.57901971 ], [ 21.32292322, 48.57900486 ], [ 21.3231011, 48.57894194 ], [ 21.32337096, 48.57880664 ], [ 21.32344535, 48.5787629 ], [ 21.32367593, 48.57859102 ], [ 21.3239126, 48.57834883 ], [ 21.32419803, 48.57815476 ], [ 21.32440598, 48.57813201 ], [ 21.32512704, 48.57814097 ], [ 21.32503483, 48.57829743 ], [ 21.3249181, 48.57861259 ], [ 21.32491711, 48.57861508 ], [ 21.32489122, 48.57868551 ], [ 21.32475668, 48.57905027 ], [ 21.32467586, 48.57926578 ], [ 21.32465546, 48.57933925 ], [ 21.32463207, 48.57938707 ], [ 21.32461964, 48.57942369 ], [ 21.32462128, 48.57945111 ], [ 21.32462886, 48.57952409 ], [ 21.32464388, 48.57958946 ], [ 21.32467661, 48.57958514 ], [ 21.32535083, 48.57949661 ], [ 21.32562714, 48.57946026 ], [ 21.32681791, 48.57931261 ], [ 21.32715067, 48.57927428 ], [ 21.32716318, 48.57927187 ], [ 21.32730648, 48.57924408 ], [ 21.32889506, 48.57904529 ], [ 21.32889889, 48.57904477 ], [ 21.32980989, 48.5789282 ], [ 21.32987053, 48.57892041 ], [ 21.33041809, 48.57885033 ], [ 21.33060068, 48.57882725 ], [ 21.33109268, 48.5787679 ], [ 21.33117236, 48.57875745 ], [ 21.33123768, 48.57874881 ], [ 21.33138131, 48.57872994 ], [ 21.33144648, 48.57872138 ], [ 21.33184753, 48.57866864 ], [ 21.33182695, 48.57857537 ], [ 21.33170787, 48.5783836 ], [ 21.33178802, 48.57838819 ], [ 21.33197962, 48.57851977 ], [ 21.33216817, 48.57858545 ], [ 21.33252127, 48.57866333 ], [ 21.33264624, 48.57869089 ], [ 21.33280684, 48.5787487 ], [ 21.33292974, 48.57890854 ], [ 21.33294178, 48.57892295 ], [ 21.33305221, 48.57905504 ], [ 21.33305822, 48.57906638 ], [ 21.33312448, 48.57919174 ], [ 21.33313832, 48.57927255 ], [ 21.33314566, 48.57929393 ], [ 21.33319685, 48.57944322 ], [ 21.33322521, 48.57952592 ], [ 21.33322667, 48.57958151 ], [ 21.33323165, 48.57976533 ], [ 21.33323625, 48.57993688 ], [ 21.33323618, 48.57995966 ], [ 21.33323622, 48.58007328 ], [ 21.33323618, 48.58007778 ], [ 21.33323757, 48.58009898 ], [ 21.33324124, 48.5801541 ], [ 21.3332474, 48.58024585 ], [ 21.33324743, 48.58024747 ], [ 21.33325773, 48.5802909 ], [ 21.33327435, 48.58036091 ], [ 21.33327595, 48.58036726 ], [ 21.3333439, 48.58046223 ], [ 21.33335169, 48.58047318 ], [ 21.3334791, 48.58065053 ], [ 21.33353566, 48.58076308 ], [ 21.33301067, 48.580921 ], [ 21.33289324, 48.58136129 ], [ 21.33321079, 48.58160887 ], [ 21.33330646, 48.58172107 ], [ 21.3333436, 48.58178864 ], [ 21.33336246, 48.58186546 ], [ 21.33338699, 48.58195642 ], [ 21.3333778, 48.5820269 ], [ 21.33334243, 48.58225667 ], [ 21.3332797, 48.58245823 ], [ 21.33312761, 48.58270427 ], [ 21.33288206, 48.58306801 ], [ 21.33266816, 48.58334647 ], [ 21.33222398, 48.58335514 ], [ 21.33202479, 48.58348901 ], [ 21.33196645, 48.58353415 ], [ 21.33186152, 48.58361541 ], [ 21.33185381, 48.58362094 ], [ 21.33179899, 48.58366033 ], [ 21.33176951, 48.58367474 ], [ 21.33176866, 48.58367516 ], [ 21.33174352, 48.58368755 ], [ 21.33163201, 48.5837895 ], [ 21.33148369, 48.58393733 ], [ 21.33081785, 48.58500613 ], [ 21.33022587, 48.58593429 ], [ 21.33007134, 48.58617394 ], [ 21.32991397, 48.58646456 ], [ 21.32974261, 48.5867299 ], [ 21.32905941, 48.58772074 ], [ 21.3285902, 48.58816466 ], [ 21.32851258, 48.5882354 ], [ 21.32848883, 48.58825701 ], [ 21.3283064, 48.58836779 ], [ 21.32801746, 48.58851963 ], [ 21.32742344, 48.58877375 ], [ 21.32728598, 48.58882873 ], [ 21.32684616, 48.58889153 ], [ 21.32640253, 48.58894459 ], [ 21.32529239, 48.58897073 ], [ 21.32443428, 48.58899668 ], [ 21.32436071, 48.58899885 ], [ 21.32392553, 48.5890003 ], [ 21.32334247, 48.58894998 ], [ 21.32250863, 48.58877778 ], [ 21.32240753, 48.58876597 ], [ 21.32226941, 48.58871846 ], [ 21.32222219, 48.58871639 ], [ 21.32216051, 48.58872514 ], [ 21.32210928, 48.58873988 ], [ 21.3220837, 48.58876836 ], [ 21.32206986, 48.5888017 ], [ 21.32206469, 48.58885493 ], [ 21.32208367, 48.58893573 ], [ 21.32209689, 48.58897223 ], [ 21.32209722, 48.58900672 ], [ 21.32205444, 48.58933718 ], [ 21.32190573, 48.58951749 ], [ 21.32184861, 48.58959768 ], [ 21.32169018, 48.58985971 ], [ 21.3215839, 48.59006022 ], [ 21.32136273, 48.59052507 ], [ 21.32135849, 48.59104586 ], [ 21.32156894, 48.59177701 ], [ 21.32184656, 48.59200162 ], [ 21.32187318, 48.59202106 ], [ 21.32196656, 48.59208963 ], [ 21.32205245, 48.59215274 ], [ 21.32215227, 48.59216748 ], [ 21.32237798, 48.59220072 ], [ 21.32247108, 48.59221445 ], [ 21.32257708, 48.5922301 ], [ 21.32262764, 48.59222515 ], [ 21.32336907, 48.59215236 ], [ 21.32365258, 48.59200307 ], [ 21.32371968, 48.59198269 ], [ 21.32448671, 48.59174942 ], [ 21.32529981, 48.59163099 ], [ 21.32544641, 48.59166209 ], [ 21.32577719, 48.59173228 ], [ 21.32608911, 48.59179848 ], [ 21.32640946, 48.59201591 ], [ 21.32641866, 48.59202213 ], [ 21.32661909, 48.59215823 ], [ 21.3266336, 48.59216812 ], [ 21.32698114, 48.59263072 ], [ 21.32704368, 48.59272751 ], [ 21.32726583, 48.59307196 ], [ 21.32738591, 48.59333795 ], [ 21.32770341, 48.59325063 ], [ 21.32771462, 48.59324755 ] ] ] } },
{ "type": "Feature", "properties": { "@featureType": "CadastralZoning", "beginLifespanVersion": { "@nilReason": "http://inspire.ec.europa.eu/codelist/VoidReasonValue/Unpopulated", "@nil": "true" }, "endLifespanVersion": { "@nilReason": "http://inspire.ec.europa.eu/codelist/VoidReasonValue/Unpopulated", "@nil": "true" }, "estimatedAccuracy": { "value": -1, "@uom": "m" }, "inspireId": { "@dataType": "Identifier", "localId": "809934", "namespace": "SK.ESKN.CP", "versionId": "20260703T04:07:40" }, "label": "Čižatice", "level": { "@href": "http://inspire.ec.europa.eu/codelist/CadastralZoningLevelValue/3rdOrder" }, "levelName": { "value": "Katastrálne územie", "@locale": "sk" }, "name_1": { "@dataType": "name", "GeographicalName": { "@dataType": "GeographicalName", "language": "SLK", "nativeness": { "@href": "http://inspire.ec.europa.eu/codelist/NativenessValue/endonym", "@title": "endonym" }, "nameStatus": { "@href": "http://inspire.ec.europa.eu/codelist/NameStatusValue/official", "@title": "official" }, "sourceOfName": { "@nilReason": "http://inspire.ec.europa.eu/codelist/VoidReasonValue/Unpopulated", "@nil": "true" }, "pronunciation": { "@dataType": "pronunciation", "@nilReason": "http://inspire.ec.europa.eu/codelist/VoidReasonValue/Unpopulated", "@nil": "true" }, "spelling": { "@dataType": "SpellingOfName", "text": "Čižatice", "script": "LATN" } } }, "nationalCadastalZoningReference": "809934", "validFrom": "2026-06-30T16:00:00Z", "validTo": { "@nilReason": "http://inspire.ec.europa.eu/codelist/VoidReasonValue/Unpopulated", "@nil": "true" }, "place_id": 189396049, "osm_type": "relation", "osm_id": 388209, "place_rank": 12, "category": "boundary", "type": "administrative", "importance": 0.54120382821693425, "addresstype": "county", "name_2": "okres Košice-okolie", "display_name": "okres Košice-okolie, Košický kraj, Slovensko" }, "geometry": { "type": "Polygon", "coordinates": [ [ [ 21.38275559, 48.81238213 ], [ 21.38294833, 48.81228002 ], [ 21.38314057, 48.81221525 ], [ 21.38322359, 48.81216524 ], [ 21.38342757, 48.81205626 ], [ 21.38356801, 48.81204144 ], [ 21.3837784, 48.81203042 ], [ 21.38403996, 48.8120165 ], [ 21.38422056, 48.8119945 ], [ 21.38426903, 48.81195724 ], [ 21.38464798, 48.8115788 ], [ 21.38584302, 48.81038536 ], [ 21.3859271, 48.8103135 ], [ 21.38630121, 48.8099938 ], [ 21.38658947, 48.80978181 ], [ 21.38708207, 48.80930322 ], [ 21.38828942, 48.80939257 ], [ 21.38914225, 48.80779842 ], [ 21.38930793, 48.80748871 ], [ 21.38998065, 48.80623129 ], [ 21.39006466, 48.80607427 ], [ 21.39226493, 48.80196107 ], [ 21.39233801, 48.80182434 ], [ 21.39237765, 48.80175035 ], [ 21.3924512, 48.80161264 ], [ 21.39266103, 48.80122034 ], [ 21.39282308, 48.80091737 ], [ 21.39289769, 48.80077807 ], [ 21.39308692, 48.80042405 ], [ 21.39316012, 48.80028741 ], [ 21.39321929, 48.80017664 ], [ 21.39444718, 48.80058214 ], [ 21.39717439, 48.80148272 ], [ 21.39737014, 48.80153191 ], [ 21.39748832, 48.80156161 ], [ 21.39767574, 48.80165727 ], [ 21.39782238, 48.80175136 ], [ 21.39797174, 48.80179945 ], [ 21.39871507, 48.80203905 ], [ 21.39911514, 48.80216792 ], [ 21.39950406, 48.80157972 ], [ 21.399809, 48.80111839 ], [ 21.40035992, 48.80028509 ], [ 21.40050388, 48.80006727 ], [ 21.40066551, 48.79967326 ], [ 21.40138486, 48.79791926 ], [ 21.40147705, 48.79780973 ], [ 21.40219377, 48.79676888 ], [ 21.40287064, 48.79569254 ], [ 21.40294515, 48.79552992 ], [ 21.40320324, 48.79521807 ], [ 21.40326549, 48.79507759 ], [ 21.40354874, 48.79423762 ], [ 21.40359735, 48.79398475 ], [ 21.40373562, 48.79355287 ], [ 21.4040439, 48.79274127 ], [ 21.40451988, 48.79181328 ], [ 21.4051732, 48.79142264 ], [ 21.40540353, 48.79123645 ], [ 21.40501327, 48.79109663 ], [ 21.40460333, 48.79083092 ], [ 21.4040969, 48.79063203 ], [ 21.40394492, 48.79050438 ], [ 21.40337487, 48.7900322 ], [ 21.40335809, 48.79004466 ], [ 21.40290817, 48.78955496 ], [ 21.40236126, 48.78895868 ], [ 21.4021206, 48.78851163 ], [ 21.40179529, 48.78790246 ], [ 21.40186302, 48.7874459 ], [ 21.40201922, 48.78713131 ], [ 21.40206202, 48.78709693 ], [ 21.40231846, 48.78691331 ], [ 21.40248174, 48.78661873 ], [ 21.40294631, 48.78584255 ], [ 21.40322651, 48.78529019 ], [ 21.40360947, 48.78501228 ], [ 21.40408976, 48.78440183 ], [ 21.40458469, 48.78377399 ], [ 21.40479832, 48.78346191 ], [ 21.40516408, 48.78202573 ], [ 21.40520734, 48.78196624 ], [ 21.40521635, 48.78194581 ], [ 21.40535383, 48.78163156 ], [ 21.40545389, 48.78140316 ], [ 21.40579871, 48.78085514 ], [ 21.40642512, 48.77982365 ], [ 21.40704284, 48.77915569 ], [ 21.40719125, 48.77884653 ], [ 21.40779636, 48.77791163 ], [ 21.408114, 48.77751106 ], [ 21.40809225, 48.77750637 ], [ 21.40571571, 48.77709602 ], [ 21.40316014, 48.77671534 ], [ 21.4014493, 48.7766466 ], [ 21.4013514, 48.7766401 ], [ 21.40075796, 48.77660993 ], [ 21.39909994, 48.77635485 ], [ 21.39903844, 48.77634591 ], [ 21.39880591, 48.77631013 ], [ 21.3987655, 48.77630353 ], [ 21.39816787, 48.77621074 ], [ 21.39617399, 48.77568694 ], [ 21.3954839, 48.77547149 ], [ 21.39527103, 48.77542718 ], [ 21.39522294, 48.77541135 ], [ 21.39515273, 48.77540027 ], [ 21.39504186, 48.77538429 ], [ 21.39474322, 48.77534941 ], [ 21.39430513, 48.77529815 ], [ 21.3939644, 48.77526338 ], [ 21.39347746, 48.77517952 ], [ 21.39323492, 48.77514297 ], [ 21.39277689, 48.77512056 ], [ 21.39211205, 48.7751533 ], [ 21.39134786, 48.77502844 ], [ 21.38980668, 48.77438257 ], [ 21.38970325, 48.77433944 ], [ 21.38950328, 48.77425176 ], [ 21.38767318, 48.773257 ], [ 21.38598781, 48.77298192 ], [ 21.3852679, 48.77302352 ], [ 21.38490893, 48.77295693 ], [ 21.38444829, 48.77283529 ], [ 21.38441633, 48.77282669 ], [ 21.38440354, 48.77285043 ], [ 21.38437284, 48.77290722 ], [ 21.38436366, 48.77294197 ], [ 21.38435929, 48.77295822 ], [ 21.38430301, 48.77329251 ], [ 21.38419728, 48.77352891 ], [ 21.38396545, 48.77372915 ], [ 21.38361808, 48.77401193 ], [ 21.38346214, 48.77414178 ], [ 21.38323067, 48.77424067 ], [ 21.38309317, 48.77434361 ], [ 21.38296967, 48.77445705 ], [ 21.38261995, 48.77459221 ], [ 21.38239551, 48.77467384 ], [ 21.38214213, 48.77477441 ], [ 21.38198548, 48.77485068 ], [ 21.38176488, 48.7749858 ], [ 21.38158439, 48.77511996 ], [ 21.38145153, 48.77527066 ], [ 21.38124743, 48.77553528 ], [ 21.38115856, 48.77563211 ], [ 21.38091475, 48.77583595 ], [ 21.38062594, 48.77607833 ], [ 21.38042502, 48.77627237 ], [ 21.38029847, 48.77641624 ], [ 21.3801831, 48.77658402 ], [ 21.3800721, 48.77677165 ], [ 21.37991347, 48.77694265 ], [ 21.37982753, 48.77702831 ], [ 21.37972482, 48.77711438 ], [ 21.37965675, 48.77715772 ], [ 21.37933724, 48.7773169 ], [ 21.37908834, 48.77741949 ], [ 21.37869236, 48.77759142 ], [ 21.37857617, 48.7776733 ], [ 21.3783236, 48.77783538 ], [ 21.37767542, 48.77824186 ], [ 21.37740254, 48.77840216 ], [ 21.37726166, 48.77852642 ], [ 21.37706547, 48.77874652 ], [ 21.37688119, 48.77893782 ], [ 21.3766236, 48.77920119 ], [ 21.3764375, 48.77935723 ], [ 21.37626356, 48.77948879 ], [ 21.37606654, 48.77962524 ], [ 21.37585687, 48.77977733 ], [ 21.37567515, 48.77988705 ], [ 21.37538867, 48.78004091 ], [ 21.37516711, 48.78015358 ], [ 21.37491698, 48.78023182 ], [ 21.3747534, 48.78030138 ], [ 21.3745153, 48.78041896 ], [ 21.37434842, 48.78049086 ], [ 21.37416574, 48.78058065 ], [ 21.3739303, 48.78075088 ], [ 21.37387867, 48.78078094 ], [ 21.37385554, 48.78079438 ], [ 21.37371368, 48.7809647 ], [ 21.37362354, 48.78123514 ], [ 21.37357755, 48.78138581 ], [ 21.37355572, 48.78168332 ], [ 21.37356414, 48.78192078 ], [ 21.37359033, 48.78211169 ], [ 21.37368641, 48.78229442 ], [ 21.37386301, 48.78255463 ], [ 21.37394257, 48.78267611 ], [ 21.37416126, 48.78290463 ], [ 21.37433612, 48.78332998 ], [ 21.37439243, 48.78358841 ], [ 21.37440646, 48.7838038 ], [ 21.37443613, 48.78413101 ], [ 21.37448047, 48.78455265 ], [ 21.37449273, 48.78466239 ], [ 21.37442653, 48.78494327 ], [ 21.37425205, 48.78526385 ], [ 21.37420912, 48.78534179 ], [ 21.37410654, 48.78576427 ], [ 21.37410026, 48.78604162 ], [ 21.37404978, 48.78657079 ], [ 21.37401637, 48.78697202 ], [ 21.3739804, 48.78737271 ], [ 21.3739764, 48.78741724 ], [ 21.37397125, 48.78747461 ], [ 21.37395941, 48.7876399 ], [ 21.37392079, 48.7879378 ], [ 21.37396691, 48.78812607 ], [ 21.37395498, 48.78822086 ], [ 21.37396169, 48.78849347 ], [ 21.37398641, 48.78860818 ], [ 21.37406459, 48.7889354 ], [ 21.37410366, 48.78923688 ], [ 21.37406858, 48.78928166 ], [ 21.37404042, 48.7894145 ], [ 21.37401486, 48.78960908 ], [ 21.3739162, 48.78974099 ], [ 21.37389039, 48.78993116 ], [ 21.3738721, 48.790141 ], [ 21.37385462, 48.79037075 ], [ 21.3738409, 48.79044596 ], [ 21.37380172, 48.79063636 ], [ 21.37374249, 48.7907455 ], [ 21.37373462, 48.79080882 ], [ 21.37372981, 48.79084721 ], [ 21.37370341, 48.79102412 ], [ 21.37379641, 48.79115059 ], [ 21.3737972, 48.79139016 ], [ 21.37379786, 48.79161362 ], [ 21.37379796, 48.79165008 ], [ 21.37379967, 48.79225886 ], [ 21.37370872, 48.79275217 ], [ 21.37358402, 48.79324087 ], [ 21.37341195, 48.79366514 ], [ 21.37343518, 48.79378376 ], [ 21.37352046, 48.79391144 ], [ 21.37356657, 48.79398042 ], [ 21.37361441, 48.79405197 ], [ 21.3737268, 48.79429938 ], [ 21.37394729, 48.79475345 ], [ 21.37402771, 48.79490241 ], [ 21.37490508, 48.79612047 ], [ 21.37555897, 48.79680074 ], [ 21.37545924, 48.7973829 ], [ 21.37548665, 48.79757997 ], [ 21.37539618, 48.79802648 ], [ 21.37532645, 48.79822938 ], [ 21.37529754, 48.79831341 ], [ 21.37515698, 48.79857568 ], [ 21.37504455, 48.7988649 ], [ 21.37508026, 48.79910002 ], [ 21.3750603, 48.79925247 ], [ 21.37495767, 48.79959779 ], [ 21.37482547, 48.79991702 ], [ 21.37476267, 48.80005829 ], [ 21.37452702, 48.80043565 ], [ 21.37429861, 48.80070701 ], [ 21.37425631, 48.80074562 ], [ 21.37409513, 48.80089268 ], [ 21.37402914, 48.80096093 ], [ 21.37387861, 48.80134894 ], [ 21.37364287, 48.80170739 ], [ 21.37348137, 48.80189702 ], [ 21.37336849, 48.80205299 ], [ 21.37320276, 48.80234422 ], [ 21.37307565, 48.80258889 ], [ 21.37295559, 48.80271044 ], [ 21.37232739, 48.80328763 ], [ 21.37190008, 48.80355755 ], [ 21.37085083, 48.80437243 ], [ 21.37047715, 48.80473487 ], [ 21.37038724, 48.80485371 ], [ 21.37021942, 48.80507555 ], [ 21.36991563, 48.80541217 ], [ 21.36959209, 48.80565907 ], [ 21.36916563, 48.80597581 ], [ 21.36889765, 48.80620726 ], [ 21.36870084, 48.80641438 ], [ 21.36873688, 48.80642346 ], [ 21.36889162, 48.80646248 ], [ 21.36894141, 48.80731971 ], [ 21.36895747, 48.80773798 ], [ 21.36894588, 48.80795495 ], [ 21.36897518, 48.80827153 ], [ 21.36890941, 48.80853333 ], [ 21.36879956, 48.80883181 ], [ 21.36877565, 48.80936816 ], [ 21.36877834, 48.80965523 ], [ 21.36898382, 48.80991883 ], [ 21.3691144, 48.81006407 ], [ 21.36926881, 48.8101777 ], [ 21.36929276, 48.810248 ], [ 21.36933228, 48.81036945 ], [ 21.36927613, 48.81053656 ], [ 21.36906624, 48.81089875 ], [ 21.36899566, 48.81113719 ], [ 21.36903631, 48.81156879 ], [ 21.36922488, 48.8116017 ], [ 21.36960838, 48.81159839 ], [ 21.36991377, 48.81156952 ], [ 21.37040683, 48.81141338 ], [ 21.37114514, 48.81123657 ], [ 21.37163988, 48.81091627 ], [ 21.37246343, 48.81054331 ], [ 21.3735642, 48.81003881 ], [ 21.37428902, 48.8095465 ], [ 21.3747535, 48.8097521 ], [ 21.37503454, 48.80987778 ], [ 21.37555263, 48.81009676 ], [ 21.37584391, 48.81029206 ], [ 21.3767008, 48.81062341 ], [ 21.37703048, 48.8106019 ], [ 21.37850026, 48.81095618 ], [ 21.37880191, 48.81116348 ], [ 21.37977693, 48.81134618 ], [ 21.38033623, 48.81155701 ], [ 21.38153147, 48.81209212 ], [ 21.38184463, 48.81221892 ], [ 21.38249134, 48.81247347 ], [ 21.38262325, 48.81242789 ], [ 21.38275559, 48.81238213 ] ] ] } },
{ "type": "Feature", "properties": { "@featureType": "CadastralZoning", "beginLifespanVersion": { "@nilReason": "http://inspire.ec.europa.eu/codelist/VoidReasonValue/Unpopulated", "@nil": "true" }, "endLifespanVersion": { "@nilReason": "http://inspire.ec.europa.eu/codelist/VoidReasonValue/Unpopulated", "@nil": "true" }, "estimatedAccuracy": { "value": -1, "@uom": "m" }, "inspireId": { "@dataType": "Identifier", "localId": "841854", "namespace": "SK.ESKN.CP", "versionId": "20260703T04:07:40" }, "label": "Nová Polhora", "level": { "@href": "http://inspire.ec.europa.eu/codelist/CadastralZoningLevelValue/3rdOrder" }, "levelName": { "value": "Katastrálne územie", "@locale": "sk" }, "name_1": { "@dataType": "name", "GeographicalName": { "@dataType": "GeographicalName", "language": "SLK", "nativeness": { "@href": "http://inspire.ec.europa.eu/codelist/NativenessValue/endonym", "@title": "endonym" }, "nameStatus": { "@href": "http://inspire.ec.europa.eu/codelist/NameStatusValue/official", "@title": "official" }, "sourceOfName": { "@nilReason": "http://inspire.ec.europa.eu/codelist/VoidReasonValue/Unpopulated", "@nil": "true" }, "pronunciation": { "@dataType": "pronunciation", "@nilReason": "http://inspire.ec.europa.eu/codelist/VoidReasonValue/Unpopulated", "@nil": "true" }, "spelling": { "@dataType": "SpellingOfName", "text": "Nová Polhora", "script": "LATN" } } }, "nationalCadastalZoningReference": "841854", "validFrom": "2026-06-30T16:00:00Z", "validTo": { "@nilReason": "http://inspire.ec.europa.eu/codelist/VoidReasonValue/Unpopulated", "@nil": "true" }, "place_id": 189396049, "osm_type": "relation", "osm_id": 388209, "place_rank": 12, "category": "boundary", "type": "administrative", "importance": 0.54120382821693425, "addresstype": "county", "name_2": "okres Košice-okolie", "display_name": "okres Košice-okolie, Košický kraj, Slovensko" }, "geometry": { "type": "Polygon", "coordinates": [ [ [ 21.316962631552162, 48.83696953755107 ], [ 21.317496, 48.836365 ], [ 21.318479558411742, 48.83674942792107 ], [ 21.3186549, 48.83681791 ], [ 21.318804, 48.83668973 ], [ 21.319008229244282, 48.83668876970335 ], [ 21.319136, 48.836688 ], [ 21.319216457426585, 48.836715713113605 ], [ 21.31922635, 48.83671909 ], [ 21.31929348, 48.83676181 ], [ 21.31935562, 48.83688018 ], [ 21.32086545, 48.835427 ], [ 21.320899414155285, 48.835394318060786 ], [ 21.320912, 48.835382 ], [ 21.320923426564725, 48.835371208244432 ], [ 21.32094816, 48.8353474 ], [ 21.321071197797842, 48.835403272525518 ], [ 21.321133, 48.835431 ], [ 21.321596, 48.835617 ], [ 21.3217263, 48.835657 ], [ 21.322433, 48.835264 ], [ 21.323034, 48.834971 ], [ 21.323458739279634, 48.834803079819686 ], [ 21.32415201, 48.83452845 ], [ 21.32482563, 48.83411418 ], [ 21.32506405, 48.83399356 ], [ 21.32523486791521, 48.833908872257297 ], [ 21.325343, 48.833855 ], [ 21.325564, 48.833721 ], [ 21.325675117302161, 48.83367221679417 ], [ 21.32601501, 48.8335225 ], [ 21.32851125, 48.8337398 ], [ 21.32908619135549, 48.833793097765216 ], [ 21.331295, 48.833997 ], [ 21.333146, 48.83418 ], [ 21.333284992815397, 48.834242742838299 ], [ 21.33346481, 48.83432351 ], [ 21.3325856, 48.83301442 ], [ 21.33248375, 48.83286452 ], [ 21.33240119, 48.8327432 ], [ 21.33237891, 48.83271048 ], [ 21.33227099, 48.83255175 ], [ 21.33215961, 48.83238797 ], [ 21.33204438, 48.83221858 ], [ 21.33192495, 48.83204303 ], [ 21.33185403, 48.8319388 ], [ 21.3318, 48.83186047 ], [ 21.33166852, 48.83166988 ], [ 21.33153071, 48.83147028 ], [ 21.33138571, 48.8312602 ], [ 21.3312323, 48.83103781 ], [ 21.3310686, 48.8308006 ], [ 21.33089252, 48.83054529 ], [ 21.33070032, 48.83026681 ], [ 21.33048693, 48.82995753 ], [ 21.33024306, 48.82960411 ], [ 21.32995013, 48.82917963 ], [ 21.3295556, 48.82860777 ], [ 21.32932859, 48.82827881 ], [ 21.32876234, 48.82745806 ], [ 21.32873767, 48.82742248 ], [ 21.33125181, 48.82431318 ], [ 21.33126642, 48.82429508 ], [ 21.33132828, 48.82421889 ], [ 21.32217224, 48.82323102 ], [ 21.32199685, 48.82321212 ], [ 21.32196463, 48.82320889 ], [ 21.32186239, 48.82319886 ], [ 21.31991178, 48.82300692 ], [ 21.31969959, 48.822986 ], [ 21.31695847, 48.82271622 ], [ 21.31646369, 48.82266746 ], [ 21.31645204, 48.8226663 ], [ 21.31634087, 48.82265536 ], [ 21.31520275, 48.82446041 ], [ 21.31495146, 48.82487024 ], [ 21.31439444, 48.82577834 ], [ 21.31426983, 48.82600953 ], [ 21.31365717, 48.82695465 ], [ 21.31361028, 48.82696619 ], [ 21.31355453, 48.82696792 ], [ 21.31349414, 48.82696978 ], [ 21.31326095, 48.8269781 ], [ 21.31290419, 48.82699086 ], [ 21.31253718, 48.82700403 ], [ 21.31215882, 48.82701757 ], [ 21.3117683, 48.82703155 ], [ 21.31136425, 48.82704602 ], [ 21.31094515, 48.82706112 ], [ 21.31050911, 48.82707668 ], [ 21.30915, 48.82712533 ], [ 21.30913961, 48.82712574 ], [ 21.30904763, 48.82712889 ], [ 21.30870006, 48.82714083 ], [ 21.3086622, 48.8271422 ], [ 21.30861163, 48.82714391 ], [ 21.30858429, 48.82714488 ], [ 21.30854507, 48.82714621 ], [ 21.306324826685078, 48.827221343226483 ], [ 21.306324, 48.827222 ], [ 21.306282021684744, 48.827222777376207 ], [ 21.3062703, 48.82722317 ], [ 21.30585387, 48.82722735 ], [ 21.30571128, 48.82722877 ], [ 21.305632369561025, 48.827229562234365 ], [ 21.305104, 48.827235 ], [ 21.30507784857657, 48.827253874505608 ], [ 21.30498943, 48.8273189 ], [ 21.304782205185028, 48.827421397407484 ], [ 21.304763288584958, 48.827430855707519 ], [ 21.304753711488832, 48.827438534014611 ], [ 21.304673, 48.827504 ], [ 21.304571, 48.827575 ], [ 21.304121, 48.827776 ], [ 21.303859749339232, 48.827847738434009 ], [ 21.30343967, 48.82796378 ], [ 21.303217448914133, 48.827947911790787 ], [ 21.303204, 48.827947 ], [ 21.302973, 48.827931 ], [ 21.30269993897349, 48.827912749134477 ], [ 21.30258352, 48.82790504 ], [ 21.302555469881277, 48.827902944515941 ], [ 21.302237, 48.82788 ], [ 21.301803422779244, 48.827816505427926 ], [ 21.30152029, 48.82777563 ], [ 21.301288797350239, 48.828033309167317 ], [ 21.301230437477098, 48.828098511232483 ], [ 21.30120445, 48.82821362 ], [ 21.30130737, 48.82857712 ], [ 21.30132074, 48.82862398 ], [ 21.30139683, 48.82868833 ], [ 21.301448357000606, 48.828702949842885 ], [ 21.301569, 48.828686 ], [ 21.30234316789991, 48.82823988363937 ], [ 21.30248684, 48.82815705 ], [ 21.302486913994514, 48.828157049560893 ], [ 21.302487, 48.828157 ], [ 21.302542497146327, 48.82815671971138 ], [ 21.30288284, 48.8281547 ], [ 21.30302402, 48.82817349 ], [ 21.30317608, 48.82822385 ], [ 21.303227511645805, 48.828251296769572 ], [ 21.30341, 48.828348 ], [ 21.303481040741431, 48.828325840502671 ], [ 21.30351901, 48.8283136 ], [ 21.303621073417819, 48.828481111347756 ], [ 21.303632, 48.828499 ], [ 21.303632040912834, 48.828499111723517 ], [ 21.30363218, 48.82849934 ], [ 21.303648949421973, 48.828545284960008 ], [ 21.303658, 48.82857 ], [ 21.303666, 48.828653 ], [ 21.303663535463922, 48.82868503896902 ], [ 21.30366214, 48.82870506 ], [ 21.303613818689609, 48.828778456751905 ], [ 21.303601, 48.828798 ], [ 21.303383, 48.828996 ], [ 21.303328086146248, 48.829051844597032 ], [ 21.30326529, 48.8291161 ], [ 21.3032114, 48.82920449 ], [ 21.303153609733481, 48.82933591195588 ], [ 21.30314422573834, 48.829357481138743 ], [ 21.303248139121617, 48.829369571013515 ], [ 21.30327, 48.829372 ], [ 21.303997, 48.829756 ], [ 21.304351, 48.830104 ], [ 21.305195, 48.830507 ], [ 21.30536578270717, 48.830614560262688 ], [ 21.305403, 48.83063783 ], [ 21.30596102, 48.83094621 ], [ 21.306059698479604, 48.831000746696816 ], [ 21.306163, 48.831057 ], [ 21.306258859999897, 48.831124665882278 ], [ 21.30629871, 48.83115246 ], [ 21.30637619, 48.83121072 ], [ 21.30643204, 48.83125266 ], [ 21.3064367, 48.83125622 ], [ 21.30646249, 48.83127555 ], [ 21.30649423, 48.83129947 ], [ 21.30650913, 48.83131064 ], [ 21.30655202, 48.83134282 ], [ 21.30655915, 48.83134817 ], [ 21.30656524, 48.83135277 ], [ 21.30702625, 48.83169933 ], [ 21.30704037, 48.83170993 ], [ 21.30704439, 48.83171294 ], [ 21.30712615, 48.83177439 ], [ 21.30715427, 48.8317955 ], [ 21.30729887, 48.83190414 ], [ 21.30730846, 48.83191137 ], [ 21.30765495, 48.83217163 ], [ 21.3077507, 48.83224359 ], [ 21.307850668593119, 48.832318660837025 ], [ 21.308026, 48.83245 ], [ 21.308446258795502, 48.83260646229617 ], [ 21.30881309, 48.83274273 ], [ 21.30978311, 48.83318028 ], [ 21.31036224, 48.83358173 ], [ 21.310694286759684, 48.833704266545226 ], [ 21.311604, 48.834039 ], [ 21.312841, 48.834749 ], [ 21.312962745257732, 48.834760307609081 ], [ 21.31316457, 48.83477878 ], [ 21.31321232, 48.83479607 ], [ 21.31333674, 48.83483459 ], [ 21.31392037, 48.8352719 ], [ 21.31403330807062, 48.835435296925304 ], [ 21.314124, 48.835566 ], [ 21.314161031098717, 48.835574331997215 ], [ 21.31428471, 48.83560173 ], [ 21.314423520467432, 48.835648667190831 ], [ 21.314574, 48.835699 ], [ 21.314691, 48.835742 ], [ 21.314820164033431, 48.835760689329597 ], [ 21.31500257, 48.83578609 ], [ 21.315058292017152, 48.835810402299266 ], [ 21.315091, 48.835824 ], [ 21.315107955417634, 48.83593986202051 ], [ 21.315109035222068, 48.835947031875172 ], [ 21.315158340768953, 48.835991652279596 ], [ 21.31532974, 48.83614647 ], [ 21.31546981, 48.83619339 ], [ 21.31559348, 48.83619372 ], [ 21.315752982709324, 48.836202285957057 ], [ 21.315844, 48.836207 ], [ 21.315880957142799, 48.83621268571428 ], [ 21.315974, 48.8362265 ], [ 21.31607019, 48.83635914 ], [ 21.316073545625525, 48.836550463778252 ], [ 21.316074, 48.836575 ], [ 21.316078770964054, 48.836585178056652 ], [ 21.3161046, 48.83663881 ], [ 21.316133825249842, 48.836654697499917 ], [ 21.316142, 48.836659 ], [ 21.316225, 48.836628 ], [ 21.316512083346559, 48.8365656277253 ], [ 21.31656129, 48.83655489 ], [ 21.316601485859884, 48.836551204450636 ], [ 21.316785, 48.836534 ], [ 21.316844, 48.836548 ], [ 21.316844262366118, 48.836548273413115 ], [ 21.31684459, 48.83654835 ], [ 21.31693922, 48.83664646 ], [ 21.316938540038898, 48.836668158210713 ], [ 21.316938, 48.836693 ], [ 21.316929833094193, 48.836711255436512 ], [ 21.31690449, 48.83676946 ], [ 21.316841312855967, 48.836790156911114 ], [ 21.316824, 48.836796 ], [ 21.316799992596607, 48.836811745746353 ], [ 21.31657726, 48.83695868 ], [ 21.3165753870427, 48.836995098017887 ], [ 21.316574013974666, 48.837026678582625 ], [ 21.316666098231224, 48.837078984334958 ], [ 21.316799, 48.837154 ], [ 21.316825856030405, 48.837124458366553 ], [ 21.31682846, 48.8371215 ], [ 21.316962631552162, 48.83696953755107 ] ] ] } },
{ "type": "Feature", "properties": { "@featureType": "CadastralZoning", "beginLifespanVersion": { "@nilReason": "http://inspire.ec.europa.eu/codelist/VoidReasonValue/Unpopulated", "@nil": "true" }, "endLifespanVersion": { "@nilReason": "http://inspire.ec.europa.eu/codelist/VoidReasonValue/Unpopulated", "@nil": "true" }, "estimatedAccuracy": { "value": -1, "@uom": "m" }, "inspireId": { "@dataType": "Identifier", "localId": "864137", "namespace": "SK.ESKN.CP", "versionId": "20260703T04:07:40" }, "label": "Trebejov", "level": { "@href": "http://inspire.ec.europa.eu/codelist/CadastralZoningLevelValue/3rdOrder" }, "levelName": { "value": "Katastrálne územie", "@locale": "sk" }, "name_1": { "@dataType": "name", "GeographicalName": { "@dataType": "GeographicalName", "language": "SLK", "nativeness": { "@href": "http://inspire.ec.europa.eu/codelist/NativenessValue/endonym", "@title": "endonym" }, "nameStatus": { "@href": "http://inspire.ec.europa.eu/codelist/NameStatusValue/official", "@title": "official" }, "sourceOfName": { "@nilReason": "http://inspire.ec.europa.eu/codelist/VoidReasonValue/Unpopulated", "@nil": "true" }, "pronunciation": { "@dataType": "pronunciation", "@nilReason": "http://inspire.ec.europa.eu/codelist/VoidReasonValue/Unpopulated", "@nil": "true" }, "spelling": { "@dataType": "SpellingOfName", "text": "Trebejov", "script": "LATN" } } }, "nationalCadastalZoningReference": "864137", "validFrom": "2026-06-30T16:00:00Z", "validTo": { "@nilReason": "http://inspire.ec.europa.eu/codelist/VoidReasonValue/Unpopulated", "@nil": "true" }, "place_id": 189396049, "osm_type": "relation", "osm_id": 388209, "place_rank": 12, "category": "boundary", "type": "administrative", "importance": 0.54120382821693425, "addresstype": "county", "name_2": "okres Košice-okolie", "display_name": "okres Košice-okolie, Košický kraj, Slovensko" }, "geometry": { "type": "Polygon", "coordinates": [ [ [ 21.22947276, 48.85830047 ], [ 21.22950823, 48.85808433 ], [ 21.22995567, 48.85808544 ], [ 21.23059293, 48.85791184 ], [ 21.23092861, 48.85753225 ], [ 21.2311637, 48.85695779 ], [ 21.23116495, 48.85662049 ], [ 21.23090409, 48.85630459 ], [ 21.23056972, 48.85606302 ], [ 21.23058147, 48.85543876 ], [ 21.23088123, 48.85513801 ], [ 21.23096212, 48.85500602 ], [ 21.23104232, 48.85486464 ], [ 21.23116283, 48.85466312 ], [ 21.23096206, 48.85424888 ], [ 21.23124077, 48.85398861 ], [ 21.23126775, 48.85374016 ], [ 21.23148988, 48.85338559 ], [ 21.23175612, 48.85290401 ], [ 21.23176821, 48.85272856 ], [ 21.23177513, 48.85258553 ], [ 21.2318598, 48.85250957 ], [ 21.23195822, 48.85242448 ], [ 21.23207134, 48.85232464 ], [ 21.23234958, 48.85213206 ], [ 21.23248876, 48.85195731 ], [ 21.23253262, 48.8519602 ], [ 21.23267764, 48.85196974 ], [ 21.23288461, 48.85198103 ], [ 21.23318376, 48.85187399 ], [ 21.2334671, 48.85177258 ], [ 21.23358185, 48.85166514 ], [ 21.2336308, 48.85161939 ], [ 21.23359327, 48.85135525 ], [ 21.2336593, 48.85127673 ], [ 21.23394565, 48.85117505 ], [ 21.23439412, 48.85115898 ], [ 21.23463761, 48.85091391 ], [ 21.2346056, 48.85080209 ], [ 21.23479913, 48.85068016 ], [ 21.23484354, 48.85053155 ], [ 21.23482036, 48.85036851 ], [ 21.23520016, 48.85013064 ], [ 21.2352812, 48.84994653 ], [ 21.23533871, 48.84991284 ], [ 21.23572118, 48.84968909 ], [ 21.23587137, 48.84961245 ], [ 21.23597754, 48.8495583 ], [ 21.23663545, 48.84952405 ], [ 21.23714547, 48.84893387 ], [ 21.23724292, 48.84829454 ], [ 21.23740332, 48.84827565 ], [ 21.23744309, 48.8481576 ], [ 21.23785814, 48.84839625 ], [ 21.23844993, 48.84848966 ], [ 21.23857236, 48.84846573 ], [ 21.23890727, 48.84852292 ], [ 21.23921807, 48.84857593 ], [ 21.23934765, 48.84856464 ], [ 21.23996599, 48.84866274 ], [ 21.24059291, 48.84858249 ], [ 21.24176574, 48.84829127 ], [ 21.24196559, 48.84816053 ], [ 21.242062551017618, 48.848097200370049 ], [ 21.242062, 48.848097 ], [ 21.242131, 48.84786 ], [ 21.242271079290042, 48.847729193097948 ], [ 21.24255371, 48.84746462 ], [ 21.24275842, 48.84717512 ], [ 21.24307729359338, 48.846902588969265 ], [ 21.243116413033587, 48.846847821752974 ], [ 21.24326156, 48.84664395 ], [ 21.24400691, 48.8462978 ], [ 21.244139750854814, 48.846153373669353 ], [ 21.24432, 48.845957 ], [ 21.244999, 48.845471 ], [ 21.245092942946137, 48.845362604292923 ], [ 21.24511596, 48.84533585 ], [ 21.245262879831007, 48.844976309241773 ], [ 21.245517, 48.844354 ], [ 21.24513, 48.843984 ], [ 21.244945, 48.843774 ], [ 21.24481, 48.843621 ], [ 21.244557, 48.843263 ], [ 21.244026, 48.843007 ], [ 21.24473, 48.841358 ], [ 21.244849089475835, 48.839539808351475 ], [ 21.24490188, 48.83873152 ], [ 21.245084374545641, 48.838005265068134 ], [ 21.245166, 48.83768 ], [ 21.245969086461713, 48.837665623514361 ], [ 21.24717769, 48.83764376 ], [ 21.247187529816248, 48.837643561257657 ], [ 21.247225, 48.837642 ], [ 21.247176, 48.836862 ], [ 21.247264, 48.835978 ], [ 21.247382, 48.83552 ], [ 21.247887, 48.835098 ], [ 21.248887, 48.834399 ], [ 21.24907457908996, 48.834259576294691 ], [ 21.24963075, 48.83384565 ], [ 21.250199431328316, 48.833685333309255 ], [ 21.250703, 48.833543 ], [ 21.250647315193142, 48.833415720441472 ], [ 21.25005721, 48.8331025 ], [ 21.249107886158402, 48.832355909629797 ], [ 21.248921, 48.832209 ], [ 21.248902961458825, 48.832191222886955 ], [ 21.24885243, 48.83214177 ], [ 21.248725763906148, 48.832017748210966 ], [ 21.248429, 48.831728 ], [ 21.248193, 48.83123 ], [ 21.247153, 48.829935 ], [ 21.246999419197461, 48.829787687801648 ], [ 21.24676098, 48.8295595 ], [ 21.246392723182588, 48.829188100128334 ], [ 21.246059, 48.828852 ], [ 21.246059331970589, 48.828851863438345 ], [ 21.24605916, 48.82885169 ], [ 21.24518669, 48.82821045 ], [ 21.24496667, 48.82805392 ], [ 21.24387118, 48.82792154 ], [ 21.24210713, 48.82803503 ], [ 21.24150335, 48.82795044 ], [ 21.24105234, 48.82793044 ], [ 21.24035008, 48.82794614 ], [ 21.23863557, 48.82792652 ], [ 21.23846429, 48.82761602 ], [ 21.23847828, 48.82720628 ], [ 21.23797687, 48.82693056 ], [ 21.23821063, 48.82667474 ], [ 21.23837112, 48.82636587 ], [ 21.23798214, 48.82613721 ], [ 21.23762331, 48.82587184 ], [ 21.23744846, 48.82581502 ], [ 21.23723883, 48.82574685 ], [ 21.23677748, 48.82548326 ], [ 21.23614483, 48.82491194 ], [ 21.23485254, 48.82442289 ], [ 21.23438633, 48.82423197 ], [ 21.23398549, 48.82409178 ], [ 21.23298034, 48.82367247 ], [ 21.23228636, 48.82369324 ], [ 21.23188228, 48.82357383 ], [ 21.23176651, 48.82353963 ], [ 21.23137408, 48.82359361 ], [ 21.23101039, 48.82372844 ], [ 21.23094378, 48.82376967 ], [ 21.23068303, 48.82388906 ], [ 21.23059293, 48.82395954 ], [ 21.23041366, 48.82401672 ], [ 21.23032599, 48.82406064 ], [ 21.23000287, 48.82412154 ], [ 21.22990565, 48.82415039 ], [ 21.22980627, 48.82417693 ], [ 21.22960109, 48.82421485 ], [ 21.22935365, 48.82434265 ], [ 21.22919247, 48.82423384 ], [ 21.22916099, 48.82421261 ], [ 21.22910298, 48.82417335 ], [ 21.22908789, 48.82416316 ], [ 21.22881652, 48.82397998 ], [ 21.22874822, 48.82393393 ], [ 21.22870452, 48.82390439 ], [ 21.22850601, 48.82377029 ], [ 21.22708432, 48.8228105 ], [ 21.22698754, 48.82274717 ], [ 21.22680659, 48.82262892 ], [ 21.22650317, 48.82279027 ], [ 21.22528028, 48.82337164 ], [ 21.2250591, 48.82346001 ], [ 21.22481193, 48.82358773 ], [ 21.22320593, 48.8242579 ], [ 21.22259965, 48.82448427 ], [ 21.22228231, 48.82463411 ], [ 21.22137916, 48.82511871 ], [ 21.22041667, 48.82560713 ], [ 21.22010898, 48.82588879 ], [ 21.21988851, 48.82578757 ], [ 21.21983517, 48.82576304 ], [ 21.21969501, 48.82562561 ], [ 21.21939696, 48.82548605 ], [ 21.21906074, 48.82538078 ], [ 21.21860167, 48.82535567 ], [ 21.21838498, 48.8252741 ], [ 21.21802628, 48.82519522 ], [ 21.21753841, 48.82523538 ], [ 21.21726261, 48.8252483 ], [ 21.21684195, 48.82538572 ], [ 21.21673893, 48.82537729 ], [ 21.21670574, 48.8253361 ], [ 21.21663473, 48.82534523 ], [ 21.21621659, 48.82519967 ], [ 21.21603406, 48.82519523 ], [ 21.21536905, 48.82539201 ], [ 21.21506482, 48.82550667 ], [ 21.21449895, 48.82580034 ], [ 21.21442931, 48.82583796 ], [ 21.21436498, 48.8258184 ], [ 21.21427853, 48.8258356 ], [ 21.21390099, 48.8260868 ], [ 21.2137925, 48.82614337 ], [ 21.21354203, 48.8262155 ], [ 21.21340146, 48.82626487 ], [ 21.21325412, 48.8263403 ], [ 21.21313092, 48.82642316 ], [ 21.21305485, 48.82649731 ], [ 21.21282868, 48.82676907 ], [ 21.2127494, 48.82676795 ], [ 21.21267962, 48.82680557 ], [ 21.21253796, 48.82682635 ], [ 21.21225758, 48.82712775 ], [ 21.21195956, 48.82738782 ], [ 21.21172397, 48.82762346 ], [ 21.20920362, 48.82779719 ], [ 21.20790164, 48.82792505 ], [ 21.20603769, 48.82806845 ], [ 21.20426158, 48.82822843 ], [ 21.20351909, 48.82828362 ], [ 21.20223822, 48.82834869 ], [ 21.19840877, 48.82867351 ], [ 21.19717614, 48.82875589 ], [ 21.19460891, 48.82894836 ], [ 21.19340955, 48.8290664 ], [ 21.1921286, 48.82913397 ], [ 21.19057203, 48.8292378 ], [ 21.19178761, 48.83440881 ], [ 21.19339638, 48.83425646 ], [ 21.19423619, 48.83426975 ], [ 21.19401414, 48.83482719 ], [ 21.19676525, 48.83603973 ], [ 21.19971834, 48.83734515 ], [ 21.20422326, 48.83939172 ], [ 21.20717079, 48.84018278 ], [ 21.20720928, 48.84019568 ], [ 21.20722074, 48.84019946 ], [ 21.20853144, 48.84063745 ], [ 21.20886565, 48.84074908 ], [ 21.21121211, 48.84136847 ], [ 21.21134752, 48.84142609 ], [ 21.21171205, 48.84158106 ], [ 21.21222866, 48.84199692 ], [ 21.21279557, 48.84245719 ], [ 21.21308986, 48.84269613 ], [ 21.21411206, 48.842711 ], [ 21.21443396, 48.84283295 ], [ 21.21490571, 48.84275367 ], [ 21.21538772, 48.84272908 ], [ 21.21576869, 48.84274807 ], [ 21.21652721, 48.84270789 ], [ 21.21654519, 48.84275967 ], [ 21.21667145, 48.84274695 ], [ 21.21671493, 48.84265216 ], [ 21.21699839, 48.84261553 ], [ 21.21713667, 48.84270176 ], [ 21.21725483, 48.84268978 ], [ 21.217326, 48.84268254 ], [ 21.21762595, 48.84216738 ], [ 21.21779419, 48.8418785 ], [ 21.21796057, 48.8415927 ], [ 21.21796549, 48.84158124 ], [ 21.21802143, 48.84145127 ], [ 21.21829008, 48.84082809 ], [ 21.21834348, 48.84072415 ], [ 21.21842809, 48.84055942 ], [ 21.21943173, 48.84081224 ], [ 21.22021543, 48.84097664 ], [ 21.2204604, 48.84102802 ], [ 21.2210001, 48.8411408 ], [ 21.22113355, 48.84116863 ], [ 21.2211955, 48.84118163 ], [ 21.2213061, 48.8412047 ], [ 21.22157393, 48.84126066 ], [ 21.22165282, 48.84127716 ], [ 21.22276904, 48.84168624 ], [ 21.22398392, 48.84209685 ], [ 21.224846, 48.84232541 ], [ 21.22557682, 48.84248966 ], [ 21.22634676, 48.84258742 ], [ 21.22701466, 48.84271217 ], [ 21.22735519, 48.84279522 ], [ 21.22790151, 48.84312928 ], [ 21.22806296, 48.8435794 ], [ 21.22806926, 48.84409744 ], [ 21.22762624, 48.84515871 ], [ 21.22704661, 48.84635258 ], [ 21.22657188, 48.84703177 ], [ 21.22584684, 48.84816583 ], [ 21.22567177, 48.84889665 ], [ 21.22559078, 48.84941225 ], [ 21.2257166, 48.85006725 ], [ 21.22615477, 48.85100402 ], [ 21.2267506, 48.85213295 ], [ 21.2271468, 48.85265267 ], [ 21.22747436, 48.85346923 ], [ 21.22780796, 48.85449386 ], [ 21.22791062, 48.8550572 ], [ 21.22792727, 48.85514883 ], [ 21.22804144, 48.85586648 ], [ 21.22797797, 48.85651722 ], [ 21.22798093, 48.85695575 ], [ 21.22776237, 48.8571355 ], [ 21.22775301, 48.85719022 ], [ 21.22775137, 48.8571998 ], [ 21.22774199, 48.85725478 ], [ 21.22774063, 48.8572623 ], [ 21.22772429, 48.8573575 ], [ 21.2279335, 48.85751749 ], [ 21.22819083, 48.85837428 ], [ 21.22880468, 48.85842584 ], [ 21.22885967, 48.85842953 ], [ 21.22894209, 48.85843515 ], [ 21.22896219, 48.85843649 ], [ 21.22911286, 48.85838616 ], [ 21.22921779, 48.85858316 ], [ 21.22938784, 48.85867046 ], [ 21.22944527, 48.85842764 ], [ 21.22947276, 48.85830047 ] ] ] } },
{ "type": "Feature", "properties": { "@featureType": "CadastralZoning", "beginLifespanVersion": { "@nilReason": "http://inspire.ec.europa.eu/codelist/VoidReasonValue/Unpopulated", "@nil": "true" }, "endLifespanVersion": { "@nilReason": "http://inspire.ec.europa.eu/codelist/VoidReasonValue/Unpopulated", "@nil": "true" }, "estimatedAccuracy": { "value": -1, "@uom": "m" }, "inspireId": { "@dataType": "Identifier", "localId": "843041", "namespace": "SK.ESKN.CP", "versionId": "20260703T04:07:40" }, "label": "Obišovce", "level": { "@href": "http://inspire.ec.europa.eu/codelist/CadastralZoningLevelValue/3rdOrder" }, "levelName": { "value": "Katastrálne územie", "@locale": "sk" }, "name_1": { "@dataType": "name", "GeographicalName": { "@dataType": "GeographicalName", "language": "SLK", "nativeness": { "@href": "http://inspire.ec.europa.eu/codelist/NativenessValue/endonym", "@title": "endonym" }, "nameStatus": { "@href": "http://inspire.ec.europa.eu/codelist/NameStatusValue/official", "@title": "official" }, "sourceOfName": { "@nilReason": "http://inspire.ec.europa.eu/codelist/VoidReasonValue/Unpopulated", "@nil": "true" }, "pronunciation": { "@dataType": "pronunciation", "@nilReason": "http://inspire.ec.europa.eu/codelist/VoidReasonValue/Unpopulated", "@nil": "true" }, "spelling": { "@dataType": "SpellingOfName", "text": "Obišovce", "script": "LATN" } } }, "nationalCadastalZoningReference": "843041", "validFrom": "2026-06-30T16:00:00Z", "validTo": { "@nilReason": "http://inspire.ec.europa.eu/codelist/VoidReasonValue/Unpopulated", "@nil": "true" }, "place_id": 189396049, "osm_type": "relation", "osm_id": 388209, "place_rank": 12, "category": "boundary", "type": "administrative", "importance": 0.54120382821693425, "addresstype": "county", "name_2": "okres Košice-okolie", "display_name": "okres Košice-okolie, Košický kraj, Slovensko" }, "geometry": { "type": "Polygon", "coordinates": [ [ [ 21.19977041, 48.88308695 ], [ 21.20028179, 48.88282107 ], [ 21.200333484193653, 48.882794662507735 ], [ 21.201017, 48.882445 ], [ 21.202257, 48.881827 ], [ 21.202769043883546, 48.88156742599287 ], [ 21.20319426, 48.88135167 ], [ 21.203525894774554, 48.881183048496368 ], [ 21.204575, 48.880649 ], [ 21.205438808865356, 48.880210185096402 ], [ 21.20557516, 48.88014082 ], [ 21.206090264811486, 48.879873127832504 ], [ 21.206833, 48.879487 ], [ 21.208072, 48.878882 ], [ 21.209372, 48.878226 ], [ 21.210584, 48.87755 ], [ 21.210835, 48.877467 ], [ 21.211558, 48.877103 ], [ 21.212399, 48.876664 ], [ 21.213527, 48.876092 ], [ 21.214802, 48.875448 ], [ 21.21525397173335, 48.875223284736592 ], [ 21.21604725, 48.87482847 ], [ 21.216853499998127, 48.874426657540319 ], [ 21.21738, 48.874164 ], [ 21.217614459738577, 48.874052043446632 ], [ 21.21795808, 48.87388758 ], [ 21.2187398, 48.87349536 ], [ 21.218898482076334, 48.873414844927098 ], [ 21.218947, 48.87339 ], [ 21.219727492205973, 48.873008775246149 ], [ 21.22028839, 48.87273465 ], [ 21.220303815370453, 48.872727092314776 ], [ 21.220342, 48.872708 ], [ 21.220614, 48.872575 ], [ 21.220731910310715, 48.872515594805286 ], [ 21.22087566, 48.87244259 ], [ 21.223322309910412, 48.871182919612181 ], [ 21.223526, 48.871078 ], [ 21.223545366313079, 48.871070474230663 ], [ 21.22371955, 48.87100263 ], [ 21.223760590309727, 48.871087750065108 ], [ 21.223772, 48.871111 ], [ 21.223786246993182, 48.871132732701462 ], [ 21.22383192, 48.87120068 ], [ 21.22388312, 48.87127672 ], [ 21.22398669696388, 48.87159459906929 ], [ 21.224122, 48.872009 ], [ 21.22438705080609, 48.872498212231626 ], [ 21.22448501, 48.87267881 ], [ 21.224484985109775, 48.87267897251666 ], [ 21.224485, 48.872679 ], [ 21.224483804771289, 48.872686679344476 ], [ 21.22444564, 48.87293587 ], [ 21.22438031, 48.87301352 ], [ 21.2242232081427, 48.873267182394216 ], [ 21.224153033319514, 48.873380945984223 ], [ 21.224150184535016, 48.873421019823731 ], [ 21.224125, 48.873779 ], [ 21.224168552021496, 48.873886026776226 ], [ 21.22421936, 48.87400963 ], [ 21.224656766215077, 48.874333504233981 ], [ 21.224832, 48.874463 ], [ 21.224837833581429, 48.874481815354187 ], [ 21.22490375, 48.87469099 ], [ 21.224878020042581, 48.874811731520047 ], [ 21.224874, 48.874831 ], [ 21.224607, 48.875272 ], [ 21.224521300232997, 48.875460166879719 ], [ 21.22446909, 48.87557515 ], [ 21.224450598918871, 48.875567586614793 ], [ 21.22433, 48.875519 ], [ 21.2243, 48.875509 ], [ 21.224285, 48.875504 ], [ 21.224282339445452, 48.875503019795694 ], [ 21.22426579, 48.87549771 ], [ 21.224232106759061, 48.875539756596815 ], [ 21.224255, 48.875702 ], [ 21.224258197840612, 48.875724858638442 ], [ 21.2242824, 48.8758957 ], [ 21.22419379, 48.87624208 ], [ 21.22427552, 48.8766131 ], [ 21.22429325, 48.87669351 ], [ 21.224315340115727, 48.876793897965278 ], [ 21.224325, 48.876791 ], [ 21.224365267355324, 48.876852003837705 ], [ 21.22465979, 48.87729648 ], [ 21.22478558, 48.87747504 ], [ 21.224814388010508, 48.877523580180636 ], [ 21.224834, 48.877556 ], [ 21.224889, 48.877792 ], [ 21.224870972237685, 48.877848607173668 ], [ 21.22478967, 48.87810573 ], [ 21.22477364, 48.87817347 ], [ 21.224758606363544, 48.878237462851651 ], [ 21.224751, 48.878271 ], [ 21.224749301978605, 48.878280339117673 ], [ 21.224747380852975, 48.878293043704439 ], [ 21.225052, 48.878328 ], [ 21.225274875534513, 48.87835553674558 ], [ 21.22531134, 48.87835997 ], [ 21.225380761100649, 48.878409164966172 ], [ 21.225416, 48.878434 ], [ 21.225456269607669, 48.878462140207766 ], [ 21.22549954, 48.87849222 ], [ 21.225545026923932, 48.878524624447998 ], [ 21.22576, 48.878677 ], [ 21.225759561923976, 48.878677457122812 ], [ 21.22575958, 48.87867747 ], [ 21.225758645244081, 48.878678413658356 ], [ 21.225737, 48.878701 ], [ 21.225787917833372, 48.878769325639652 ], [ 21.22585402, 48.8788574 ], [ 21.225875189944585, 48.878835888753478 ], [ 21.225877, 48.878834 ], [ 21.226438, 48.878702 ], [ 21.226539918808285, 48.878681665833867 ], [ 21.22684899, 48.87861948 ], [ 21.226987424154082, 48.878614628316406 ], [ 21.227184, 48.878607 ], [ 21.227614, 48.878596 ], [ 21.227868451431494, 48.878585460591594 ], [ 21.22812092, 48.87857444 ], [ 21.228237135193076, 48.878575 ], [ 21.228389, 48.878575 ], [ 21.228669, 48.878582 ], [ 21.228829381852872, 48.878575659322095 ], [ 21.22909931, 48.87856493 ], [ 21.229117821326696, 48.878561892705498 ], [ 21.229523, 48.878495 ], [ 21.229812856419436, 48.878368137633601 ], [ 21.229884260978967, 48.878336791744061 ], [ 21.229929629999496, 48.878300588182221 ], [ 21.229983267300312, 48.878257520344441 ], [ 21.230163, 48.877935 ], [ 21.230164787159591, 48.877932093853104 ], [ 21.23038462, 48.87757418 ], [ 21.230384813772719, 48.877574302829046 ], [ 21.230385, 48.877574 ], [ 21.230464511800189, 48.877624821975381 ], [ 21.230482015938797, 48.87763591753405 ], [ 21.230528, 48.877398 ], [ 21.230925531240921, 48.877323876003771 ], [ 21.23136986, 48.87724041 ], [ 21.231629905995529, 48.877184896943696 ], [ 21.231824, 48.877143 ], [ 21.232305, 48.877046 ], [ 21.233420801263986, 48.876790275590139 ], [ 21.23346975, 48.87677904 ], [ 21.23468827, 48.8765019 ], [ 21.234760147245044, 48.876485224120835 ], [ 21.236003864307097, 48.876196031551693 ], [ 21.2357348, 48.87572642 ], [ 21.235574202750101, 48.875269663360243 ], [ 21.235519, 48.875113 ], [ 21.235413838424023, 48.874697611774899 ], [ 21.23535911, 48.87448176 ], [ 21.23483534, 48.87373171 ], [ 21.234270740470691, 48.873253247158111 ], [ 21.234261, 48.873245 ], [ 21.234389635331507, 48.873045190804874 ], [ 21.2344581, 48.87293849 ], [ 21.23467535, 48.87249616 ], [ 21.23479349, 48.87222857 ], [ 21.23493899, 48.87189872 ], [ 21.23535894, 48.87108573 ], [ 21.235448676630064, 48.870864445972785 ], [ 21.235648, 48.870372 ], [ 21.235765292251948, 48.870196546300811 ], [ 21.23588987, 48.87000969 ], [ 21.2360372, 48.8696654 ], [ 21.23634886, 48.86894124 ], [ 21.23651774, 48.86897663 ], [ 21.23657489, 48.86898857 ], [ 21.23709459, 48.86909749 ], [ 21.23718926, 48.86911726 ], [ 21.23728486, 48.86913732 ], [ 21.2373814, 48.8691576 ], [ 21.23747889, 48.86917799 ], [ 21.23774391, 48.86923356 ], [ 21.2380166, 48.86929071 ], [ 21.23827719, 48.86934532 ], [ 21.23854585, 48.86940162 ], [ 21.23868046, 48.86942974 ], [ 21.23909797, 48.86951721 ], [ 21.23935587, 48.86957129 ], [ 21.23948805, 48.86959897 ], [ 21.23962279, 48.86962717 ], [ 21.23962508, 48.8696276 ], [ 21.2401901, 48.86974601 ], [ 21.24019374, 48.86974676 ], [ 21.24042112, 48.86979439 ], [ 21.24081887, 48.86987773 ], [ 21.24153155, 48.87002699 ], [ 21.2420588, 48.87013747 ], [ 21.24222668, 48.87016589 ], [ 21.242540093208433, 48.870218856602413 ], [ 21.242813, 48.869799 ], [ 21.242907, 48.869725 ], [ 21.243131, 48.869503 ], [ 21.243131031397187, 48.869502975767666 ], [ 21.24313154, 48.86950247 ], [ 21.243420580918428, 48.869279501554608 ], [ 21.24367, 48.869087 ], [ 21.24369440751455, 48.869054999036486 ], [ 21.24375998, 48.86896823 ], [ 21.243813493846343, 48.869023416154036 ], [ 21.243817651823118, 48.869027645820069 ], [ 21.24458328150164, 48.86919628671842 ], [ 21.244632, 48.869207 ], [ 21.245076984580884, 48.869161384425809 ], [ 21.24558849, 48.86910874 ], [ 21.245713346370405, 48.869091414091315 ], [ 21.245923, 48.869062 ], [ 21.246112, 48.868965 ], [ 21.246112206111327, 48.868965020970634 ], [ 21.2461125, 48.86896487 ], [ 21.246800353443991, 48.869034889812177 ], [ 21.247123760035542, 48.868934066292155 ], [ 21.2479746, 48.86866849 ], [ 21.248708008819793, 48.868456059881289 ], [ 21.249015, 48.868367 ], [ 21.249297, 48.868322 ], [ 21.249552, 48.86824 ], [ 21.250196885766645, 48.868087967345168 ], [ 21.25032459, 48.86805773 ], [ 21.250420039938444, 48.868038664525663 ], [ 21.250776, 48.867967 ], [ 21.251088412653168, 48.867934742399321 ], [ 21.25148281, 48.86789334 ], [ 21.25276224, 48.86790175 ], [ 21.253148164442713, 48.868018707476018 ], [ 21.253437, 48.868106 ], [ 21.253556083572757, 48.868126727857373 ], [ 21.25373027, 48.86815676 ], [ 21.25381476, 48.8681699 ], [ 21.25396877, 48.86819382 ], [ 21.253968763516397, 48.868193963389572 ], [ 21.253969, 48.868194 ], [ 21.253966, 48.868268 ], [ 21.253971623437476, 48.868268 ], [ 21.25397678, 48.86826771 ], [ 21.254222410273734, 48.868254946262041 ], [ 21.254259, 48.868253 ], [ 21.254258999308028, 48.868253044978296 ], [ 21.25425948, 48.86825302 ], [ 21.25425854, 48.86831835 ], [ 21.25424561, 48.86834676 ], [ 21.254121457737099, 48.868619778189746 ], [ 21.25412, 48.868623 ], [ 21.254044, 48.868718 ], [ 21.254001, 48.868772 ], [ 21.253936, 48.868852 ], [ 21.253835, 48.868968 ], [ 21.253713409725119, 48.869055799153358 ], [ 21.25364507, 48.86910518 ], [ 21.25345133, 48.86924523 ], [ 21.25341422, 48.86927208 ], [ 21.253363675808124, 48.869308599412278 ], [ 21.253271, 48.869376 ], [ 21.25305, 48.869504 ], [ 21.252235, 48.869976 ], [ 21.252141463404989, 48.870062171508792 ], [ 21.25213988, 48.87006364 ], [ 21.251981681176137, 48.87021031024539 ], [ 21.252889135949186, 48.870623615472354 ], [ 21.25294638, 48.87064965 ], [ 21.2529801, 48.870665 ], [ 21.25310417, 48.87072059 ], [ 21.25313788, 48.87073595 ], [ 21.25394378, 48.87110335 ], [ 21.25398225, 48.87112092 ], [ 21.25434121, 48.87128413 ], [ 21.254449466365475, 48.871333380681001 ], [ 21.25448, 48.871347 ], [ 21.254593, 48.871399 ], [ 21.25461220991334, 48.871407790140289 ], [ 21.25489752, 48.87153796 ], [ 21.25498226, 48.87157658 ], [ 21.25501303, 48.87159112 ], [ 21.25501594, 48.87159247 ], [ 21.255060957978483, 48.871613656368488 ], [ 21.25509, 48.871627 ], [ 21.255211, 48.871684 ], [ 21.255213434383528, 48.871685391076305 ], [ 21.25521827, 48.87168765 ], [ 21.256206841102983, 48.872153079385015 ], [ 21.256347, 48.872219 ], [ 21.256770868934723, 48.872417820757803 ], [ 21.25760183, 48.87280746 ], [ 21.25763671, 48.87282375 ], [ 21.25785084, 48.87292415 ], [ 21.25955988, 48.8736562 ], [ 21.25990855638976, 48.873676826143274 ], [ 21.260105, 48.873688 ], [ 21.260490513518107, 48.873111824905003 ], [ 21.26051191, 48.8730798 ], [ 21.2608407, 48.8725873 ], [ 21.26085263, 48.87256525 ], [ 21.261140426270345, 48.872128832891242 ], [ 21.261306, 48.871877 ], [ 21.261412, 48.87167 ], [ 21.261723, 48.870593 ], [ 21.261504, 48.870298 ], [ 21.261483, 48.870132 ], [ 21.261474008337412, 48.870059375032952 ], [ 21.26146985, 48.87002704 ], [ 21.261460448293324, 48.869954105396424 ], [ 21.261451, 48.869882 ], [ 21.261426, 48.869015 ], [ 21.261426012619637, 48.869014941878568 ], [ 21.26142599, 48.86901416 ], [ 21.26149652, 48.86868818 ], [ 21.26179022, 48.86823214 ], [ 21.262043923285454, 48.868072181919217 ], [ 21.26218, 48.867986 ], [ 21.262245754194094, 48.867944992007985 ], [ 21.26227354, 48.8679275 ], [ 21.262702989550409, 48.867937555323337 ], [ 21.262948, 48.867943 ], [ 21.263838, 48.867778 ], [ 21.263906845512476, 48.867777542554734 ], [ 21.26413936, 48.86777539 ], [ 21.26439085, 48.86780247 ], [ 21.264839961661057, 48.867578046578252 ], [ 21.264865747105421, 48.867565126713494 ], [ 21.264985283576248, 48.867393462289144 ], [ 21.265196888394588, 48.867089160496 ], [ 21.26523801, 48.86688441 ], [ 21.26525669, 48.8667918 ], [ 21.265283956541317, 48.866656726210294 ], [ 21.265184, 48.866027 ], [ 21.26456, 48.865371 ], [ 21.264560394166704, 48.865370185960067 ], [ 21.26456017, 48.86536995 ], [ 21.264602129556373, 48.865283993307493 ], [ 21.264652, 48.865181 ], [ 21.265384, 48.86469 ], [ 21.265734683083256, 48.86471727535092 ], [ 21.266013506585445, 48.86473839807519 ], [ 21.265773, 48.864445 ], [ 21.265744042925267, 48.864144445534656 ], [ 21.265651653593324, 48.863966194037317 ], [ 21.265449, 48.863576 ], [ 21.265385, 48.863196 ], [ 21.265410686703461, 48.863150691509176 ], [ 21.26545675, 48.86306888 ], [ 21.26521438, 48.8628993 ], [ 21.2650339, 48.86277302 ], [ 21.264820703019627, 48.862623900089936 ], [ 21.264766249891842, 48.862605580982127 ], [ 21.26384902, 48.86229727 ], [ 21.263467771601299, 48.862104073323366 ], [ 21.263272, 48.862005 ], [ 21.263272017021265, 48.862004875177405 ], [ 21.26327177, 48.86200475 ], [ 21.2633031, 48.86177552 ], [ 21.26331384, 48.8616969 ], [ 21.26332056, 48.86164822 ], [ 21.263330592679178, 48.861575033033574 ], [ 21.263391, 48.861131 ], [ 21.263538516223971, 48.860978397009681 ], [ 21.26354534, 48.86097129 ], [ 21.26358907, 48.86092582 ], [ 21.26365195, 48.86086051 ], [ 21.26368296, 48.86084633 ], [ 21.26395622, 48.86072132 ], [ 21.26405111, 48.86067787 ], [ 21.26408316, 48.8606704 ], [ 21.26424672, 48.8606323 ], [ 21.2644412, 48.86058706 ], [ 21.26453581, 48.86056503 ], [ 21.26459449, 48.86055135 ], [ 21.2646062, 48.8605518 ], [ 21.26473006, 48.86055606 ], [ 21.264868408124599, 48.860560851874986 ], [ 21.265121, 48.860569 ], [ 21.265878523274143, 48.860644266735569 ], [ 21.26605686, 48.86066184 ], [ 21.26606933, 48.86066303 ], [ 21.26626269, 48.86068212 ], [ 21.26631987, 48.86068774 ], [ 21.266362185847409, 48.860691920181118 ], [ 21.266363, 48.860692 ], [ 21.266410869213363, 48.860680611759726 ], [ 21.26661086, 48.86063232 ], [ 21.266616122320375, 48.860548652457808 ], [ 21.266626, 48.860386 ], [ 21.26663, 48.860329 ], [ 21.2666409519253, 48.860147553237574 ], [ 21.26666676, 48.85971639 ], [ 21.266439094922049, 48.859614515550533 ], [ 21.266274, 48.859541 ], [ 21.26619197214076, 48.859514293255131 ], [ 21.26614493, 48.85949915 ], [ 21.26613106, 48.85949458 ], [ 21.266100254717305, 48.859484566037843 ], [ 21.266083, 48.859479 ], [ 21.266080392101607, 48.859478109498113 ], [ 21.26604236, 48.85946575 ], [ 21.26603663, 48.85946386 ], [ 21.265968507364295, 48.859441943486836 ], [ 21.265889, 48.859417 ], [ 21.2658502560184, 48.859498075368904 ], [ 21.26583523, 48.85952969 ], [ 21.265835129104641, 48.859529729836581 ], [ 21.265835, 48.85953 ], [ 21.265661, 48.859599 ], [ 21.265236, 48.85946 ], [ 21.265194, 48.859446 ], [ 21.265180878667572, 48.859441710195213 ], [ 21.26479032, 48.8593141 ], [ 21.26473857, 48.85929721 ], [ 21.26473231, 48.85929512 ], [ 21.2647143, 48.85928926 ], [ 21.26337069, 48.85885021 ], [ 21.263002451613623, 48.858694705679923 ], [ 21.262201, 48.858357 ], [ 21.261959034019561, 48.858243456093327 ], [ 21.26193759, 48.85823346 ], [ 21.26189255, 48.85821245 ], [ 21.261892355679219, 48.858212166904487 ], [ 21.261892, 48.858212 ], [ 21.261877741294949, 48.85819087599252 ], [ 21.26183763, 48.85813244 ], [ 21.261819876759724, 48.858042870439711 ], [ 21.261703, 48.85792 ], [ 21.261453348650711, 48.857854342458594 ], [ 21.26137614, 48.85783411 ], [ 21.261063534538067, 48.857752863818781 ], [ 21.258634, 48.857122 ], [ 21.258382, 48.85705 ], [ 21.258297937777215, 48.857031319506049 ], [ 21.25813882, 48.85699649 ], [ 21.258081055960048, 48.856981065969087 ], [ 21.258042, 48.856971 ], [ 21.257501, 48.856567 ], [ 21.256929, 48.856141 ], [ 21.256766, 48.856053 ], [ 21.256402, 48.855866 ], [ 21.256241152133814, 48.855783409336539 ], [ 21.25577093, 48.85554243 ], [ 21.25568654, 48.85549913 ], [ 21.25555979, 48.8553835 ], [ 21.255504699345167, 48.8553331722959 ], [ 21.255355, 48.855197 ], [ 21.255238, 48.855021 ], [ 21.254921, 48.854582 ], [ 21.254313, 48.854251 ], [ 21.254196348008364, 48.854112413445833 ], [ 21.25414479, 48.85416133 ], [ 21.25379254524287, 48.854147536079317 ], [ 21.253387, 48.854132 ], [ 21.253258013183025, 48.854151560638179 ], [ 21.25293169, 48.8542017 ], [ 21.25276148, 48.8542068 ], [ 21.25242638, 48.85421699 ], [ 21.252426349913264, 48.854216988935548 ], [ 21.252426, 48.854217 ], [ 21.252355996443118, 48.854214499872967 ], [ 21.25167029, 48.85419024 ], [ 21.251670275621063, 48.854190009843613 ], [ 21.25167, 48.85419 ], [ 21.251618, 48.853357 ], [ 21.251611, 48.853273 ], [ 21.250985, 48.852911 ], [ 21.249962, 48.852451 ], [ 21.249674316021469, 48.852443885713051 ], [ 21.24931528, 48.85243565 ], [ 21.248772999052932, 48.852483838479074 ], [ 21.248294, 48.852527 ], [ 21.247558, 48.852674 ], [ 21.24734600150019, 48.852659827398341 ], [ 21.24719942, 48.85265037 ], [ 21.24657883, 48.85245041 ], [ 21.24641679, 48.85239814 ], [ 21.24631755, 48.85239903 ], [ 21.24605805, 48.85240137 ], [ 21.245799908332643, 48.852456904332278 ], [ 21.245781, 48.852461 ], [ 21.245642724920131, 48.852438843162275 ], [ 21.24544426, 48.85240751 ], [ 21.24544476557293, 48.852407122673405 ], [ 21.245444, 48.852407 ], [ 21.24548801028563, 48.852373992285777 ], [ 21.245519588712863, 48.85234979960488 ], [ 21.245089, 48.85214 ], [ 21.245104913766749, 48.852090413625348 ], [ 21.24515789, 48.85192529 ], [ 21.244943219734342, 48.851908687574756 ], [ 21.244921, 48.851907 ], [ 21.244869462423601, 48.851902609762007 ], [ 21.24465101, 48.85188414 ], [ 21.24453208, 48.85187416 ], [ 21.24417762780315, 48.851844292792698 ], [ 21.244043, 48.851833 ], [ 21.24384, 48.851816 ], [ 21.243951706556256, 48.851483696462893 ], [ 21.243958981077419, 48.851461995438306 ], [ 21.243735, 48.851408 ], [ 21.244508, 48.849669 ], [ 21.244474854351811, 48.849656497694106 ], [ 21.24439345, 48.84962638 ], [ 21.244443444282357, 48.849532505356997 ], [ 21.244504, 48.849418 ], [ 21.24475847863954, 48.849038578779314 ], [ 21.244780965184816, 48.849004989750817 ], [ 21.244093988725634, 48.848802751970752 ], [ 21.24400538, 48.84877676 ], [ 21.24389219, 48.84874355 ], [ 21.243744, 48.84869999 ], [ 21.24369443, 48.84868549 ], [ 21.24354331, 48.84862941 ], [ 21.24351822, 48.84862917 ], [ 21.24332267353229, 48.848557628114222 ], [ 21.242073, 48.848101 ], [ 21.242062551017618, 48.848097200370049 ], [ 21.24196559, 48.84816053 ], [ 21.24176574, 48.84829127 ], [ 21.24059291, 48.84858249 ], [ 21.23996599, 48.84866274 ], [ 21.23934765, 48.84856464 ], [ 21.23921807, 48.84857593 ], [ 21.23890727, 48.84852292 ], [ 21.23857236, 48.84846573 ], [ 21.23844993, 48.84848966 ], [ 21.23785814, 48.84839625 ], [ 21.23744309, 48.8481576 ], [ 21.23740332, 48.84827565 ], [ 21.23724292, 48.84829454 ], [ 21.23714547, 48.84893387 ], [ 21.23663545, 48.84952405 ], [ 21.23597754, 48.8495583 ], [ 21.23587137, 48.84961245 ], [ 21.23572118, 48.84968909 ], [ 21.23533871, 48.84991284 ], [ 21.2352812, 48.84994653 ], [ 21.23520016, 48.85013064 ], [ 21.23482036, 48.85036851 ], [ 21.23484354, 48.85053155 ], [ 21.23479913, 48.85068016 ], [ 21.2346056, 48.85080209 ], [ 21.23463761, 48.85091391 ], [ 21.23439412, 48.85115898 ], [ 21.23394565, 48.85117505 ], [ 21.2336593, 48.85127673 ], [ 21.23359327, 48.85135525 ], [ 21.2336308, 48.85161939 ], [ 21.23358185, 48.85166514 ], [ 21.2334671, 48.85177258 ], [ 21.23318376, 48.85187399 ], [ 21.23288461, 48.85198103 ], [ 21.23267764, 48.85196974 ], [ 21.23253262, 48.8519602 ], [ 21.23248876, 48.85195731 ], [ 21.23234958, 48.85213206 ], [ 21.23207134, 48.85232464 ], [ 21.23195822, 48.85242448 ], [ 21.2318598, 48.85250957 ], [ 21.23177513, 48.85258553 ], [ 21.23176821, 48.85272856 ], [ 21.23175612, 48.85290401 ], [ 21.23148988, 48.85338559 ], [ 21.23126775, 48.85374016 ], [ 21.23124077, 48.85398861 ], [ 21.23096206, 48.85424888 ], [ 21.23116283, 48.85466312 ], [ 21.23104232, 48.85486464 ], [ 21.23096212, 48.85500602 ], [ 21.23088123, 48.85513801 ], [ 21.23058147, 48.85543876 ], [ 21.23056972, 48.85606302 ], [ 21.23090409, 48.85630459 ], [ 21.23116495, 48.85662049 ], [ 21.2311637, 48.85695779 ], [ 21.23092861, 48.85753225 ], [ 21.23059293, 48.85791184 ], [ 21.22995567, 48.85808544 ], [ 21.22950823, 48.85808433 ], [ 21.22947276, 48.85830047 ], [ 21.22944527, 48.85842764 ], [ 21.22938784, 48.85867046 ], [ 21.22921779, 48.85858316 ], [ 21.22911286, 48.85838616 ], [ 21.22896219, 48.85843649 ], [ 21.22894209, 48.85843515 ], [ 21.22885967, 48.85842953 ], [ 21.22880468, 48.85842584 ], [ 21.22819083, 48.85837428 ], [ 21.22803701, 48.85836158 ], [ 21.22778622, 48.85834082 ], [ 21.22740913, 48.85898299 ], [ 21.22739918, 48.85900005 ], [ 21.22738708, 48.85902047 ], [ 21.22643669, 48.86063892 ], [ 21.22464735, 48.86163628 ], [ 21.22360895, 48.86217342 ], [ 21.22335438, 48.86229317 ], [ 21.22288645, 48.86237783 ], [ 21.22115256, 48.86213924 ], [ 21.21924491, 48.8621021 ], [ 21.21808355, 48.86215398 ], [ 21.21690679, 48.86210653 ], [ 21.21615633, 48.86197277 ], [ 21.21591979, 48.86192614 ], [ 21.2156636, 48.86187558 ], [ 21.21563602, 48.86187013 ], [ 21.21557215, 48.86185508 ], [ 21.21508279, 48.86177006 ], [ 21.21499222, 48.86175427 ], [ 21.21453098, 48.86178725 ], [ 21.21420005, 48.86195348 ], [ 21.2141699, 48.86196874 ], [ 21.21404429, 48.86203262 ], [ 21.21391855, 48.86209649 ], [ 21.21377199, 48.86217096 ], [ 21.21369524, 48.862208 ], [ 21.21304932, 48.86253898 ], [ 21.21210995, 48.863183 ], [ 21.21154999, 48.86356319 ], [ 21.21113019, 48.86389158 ], [ 21.21065991, 48.864174 ], [ 21.20992395, 48.86454203 ], [ 21.20912525, 48.86522148 ], [ 21.20808794, 48.86588826 ], [ 21.20704226, 48.86632718 ], [ 21.20644943, 48.86654067 ], [ 21.20565797, 48.86674362 ], [ 21.20483662, 48.86689531 ], [ 21.20344527, 48.86709796 ], [ 21.2029061, 48.86709217 ], [ 21.20265015, 48.86707237 ], [ 21.2020631, 48.86704735 ], [ 21.20120586, 48.86704493 ], [ 21.20031205, 48.86723799 ], [ 21.19982385, 48.86736603 ], [ 21.1993825, 48.86749339 ], [ 21.19871739, 48.86771502 ], [ 21.19849922, 48.86775995 ], [ 21.19830258, 48.8677863 ], [ 21.19799027, 48.86779867 ], [ 21.19799073, 48.86782083 ], [ 21.19799444, 48.86799497 ], [ 21.19799361, 48.86801025 ], [ 21.19798187, 48.86823226 ], [ 21.19797805, 48.86830623 ], [ 21.19797675, 48.86833005 ], [ 21.19801724, 48.86849553 ], [ 21.19790506, 48.86873276 ], [ 21.19787993, 48.86900233 ], [ 21.19791879, 48.86908818 ], [ 21.19792093, 48.86933159 ], [ 21.19816539, 48.8696801 ], [ 21.19823547, 48.86993708 ], [ 21.19822404, 48.870225 ], [ 21.19818257, 48.87033101 ], [ 21.1980714, 48.87043071 ], [ 21.1980088, 48.87050977 ], [ 21.19787834, 48.87089282 ], [ 21.19768125, 48.87098793 ], [ 21.19760713, 48.87113794 ], [ 21.19684044, 48.87194715 ], [ 21.19583532, 48.87292472 ], [ 21.19575439, 48.87310855 ], [ 21.19573846, 48.87333177 ], [ 21.19584678, 48.87365657 ], [ 21.19576773, 48.87380481 ], [ 21.19551822, 48.87404385 ], [ 21.19527639, 48.87437722 ], [ 21.19519621, 48.87483494 ], [ 21.19517771, 48.87534203 ], [ 21.19515478, 48.87535338 ], [ 21.19444795, 48.87461558 ], [ 21.19430575, 48.87391033 ], [ 21.19388448, 48.87329186 ], [ 21.19374264, 48.87276569 ], [ 21.19297289, 48.87202105 ], [ 21.19309532, 48.87177667 ], [ 21.19312774, 48.87151228 ], [ 21.19300926, 48.87121696 ], [ 21.1929787, 48.87114101 ], [ 21.19284194, 48.87080019 ], [ 21.19275481, 48.86948076 ], [ 21.19253286, 48.86889617 ], [ 21.19234028, 48.86876769 ], [ 21.19210906, 48.86871704 ], [ 21.19137581, 48.86900672 ], [ 21.19084922, 48.86886587 ], [ 21.19026825, 48.86877327 ], [ 21.18996695, 48.86884674 ], [ 21.1892748, 48.8688387 ], [ 21.18743981, 48.86836569 ], [ 21.18739177, 48.86835634 ], [ 21.18733458, 48.8683432 ], [ 21.1872675, 48.86884158 ], [ 21.18717414, 48.86893066 ], [ 21.18703176, 48.8689956 ], [ 21.18660355, 48.86909532 ], [ 21.18576702, 48.8693593 ], [ 21.18566391, 48.86936785 ], [ 21.1848662, 48.86945712 ], [ 21.18417819, 48.86932728 ], [ 21.18346419, 48.86909075 ], [ 21.18304232, 48.86916301 ], [ 21.18275928, 48.86944068 ], [ 21.18250142, 48.86981547 ], [ 21.18198104, 48.87009693 ], [ 21.18171937, 48.87033178 ], [ 21.18151973, 48.87061846 ], [ 21.18159365495373, 48.870620964604043 ], [ 21.181595, 48.870621 ], [ 21.181595011854629, 48.870621010576336 ], [ 21.18159529, 48.87062102 ], [ 21.18393238, 48.87270614 ], [ 21.184449506632831, 48.873177658869125 ], [ 21.184835, 48.873529 ], [ 21.184913, 48.873599 ], [ 21.185051, 48.873714 ], [ 21.185096995333353, 48.873752919128222 ], [ 21.18512945, 48.87378001 ], [ 21.18783525, 48.876035 ], [ 21.187999777349116, 48.876298538132083 ], [ 21.188147, 48.876534 ], [ 21.194293, 48.882115 ], [ 21.19446975329469, 48.882276418533962 ], [ 21.19451252, 48.88231524 ], [ 21.194608504920033, 48.882402386344914 ], [ 21.19502, 48.882775 ], [ 21.195044712894177, 48.882798477249466 ], [ 21.19505975, 48.88281216 ], [ 21.19690922, 48.88447648 ], [ 21.19696819, 48.88452956 ], [ 21.196981113750127, 48.884541240357258 ], [ 21.196981936163294, 48.884541945282827 ], [ 21.197031143013064, 48.884514265824315 ], [ 21.197083, 48.884485 ], [ 21.197176, 48.884433 ], [ 21.197773, 48.884117 ], [ 21.198737, 48.88363 ], [ 21.199191, 48.883398 ], [ 21.199464679362901, 48.883251251238171 ], [ 21.19977041, 48.88308695 ] ] ] } },
{ "type": "Feature", "properties": { "@featureType": "CadastralZoning", "beginLifespanVersion": { "@nilReason": "http://inspire.ec.europa.eu/codelist/VoidReasonValue/Unpopulated", "@nil": "true" }, "endLifespanVersion": { "@nilReason": "http://inspire.ec.europa.eu/codelist/VoidReasonValue/Unpopulated", "@nil": "true" }, "estimatedAccuracy": { "value": -1, "@uom": "m" }, "inspireId": { "@dataType": "Identifier", "localId": "861359", "namespace": "SK.ESKN.CP", "versionId": "20260703T04:07:40" }, "label": "Štós", "level": { "@href": "http://inspire.ec.europa.eu/codelist/CadastralZoningLevelValue/3rdOrder" }, "levelName": { "value": "Katastrálne územie", "@locale": "sk" }, "name_1": { "@dataType": "name", "GeographicalName": { "@dataType": "GeographicalName", "language": "SLK", "nativeness": { "@href": "http://inspire.ec.europa.eu/codelist/NativenessValue/endonym", "@title": "endonym" }, "nameStatus": { "@href": "http://inspire.ec.europa.eu/codelist/NameStatusValue/official", "@title": "official" }, "sourceOfName": { "@nilReason": "http://inspire.ec.europa.eu/codelist/VoidReasonValue/Unpopulated", "@nil": "true" }, "pronunciation": { "@dataType": "pronunciation", "@nilReason": "http://inspire.ec.europa.eu/codelist/VoidReasonValue/Unpopulated", "@nil": "true" }, "spelling": { "@dataType": "SpellingOfName", "text": "Štós", "script": "LATN" } } }, "nationalCadastalZoningReference": "861359", "validFrom": "2026-06-30T16:00:00Z", "validTo": { "@nilReason": "http://inspire.ec.europa.eu/codelist/VoidReasonValue/Unpopulated", "@nil": "true" }, "place_id": 189396049, "osm_type": "relation", "osm_id": 388209, "place_rank": 12, "category": "boundary", "type": "administrative", "importance": 0.54120382821693425, "addresstype": "county", "name_2": "okres Košice-okolie", "display_name": "okres Košice-okolie, Košický kraj, Slovensko" }, "geometry": { "type": "Polygon", "coordinates": [ [ [ 20.82572552, 48.74314183 ], [ 20.82649195, 48.74317161 ], [ 20.82675045, 48.74317785 ], [ 20.827034720063541, 48.743167396988007 ], [ 20.827069, 48.743166 ], [ 20.827228176505795, 48.743203061992396 ], [ 20.82740374, 48.7432436 ], [ 20.827721009550853, 48.743316853126593 ], [ 20.827726, 48.743318 ], [ 20.828306, 48.743196 ], [ 20.82835704343578, 48.743201444633151 ], [ 20.82845616, 48.74321094 ], [ 20.82873202, 48.74328695 ], [ 20.828992510037864, 48.743327814905612 ], [ 20.829364, 48.743193 ], [ 20.829867, 48.742964 ], [ 20.829867092718409, 48.742964148349458 ], [ 20.82992009, 48.74294387 ], [ 20.8304431, 48.74261659 ], [ 20.83067029, 48.74249342 ], [ 20.83087491, 48.74242494 ], [ 20.83109826, 48.74235368 ], [ 20.8313721, 48.74221221 ], [ 20.83186231, 48.74190181 ], [ 20.8320655, 48.74176511 ], [ 20.83244896, 48.7414873 ], [ 20.83247248, 48.74147398 ], [ 20.83252186, 48.74145218 ], [ 20.83304612, 48.7412638 ], [ 20.83381062, 48.7411781 ], [ 20.83410015, 48.74088597 ], [ 20.83438694, 48.74060617 ], [ 20.83437028, 48.74037055 ], [ 20.83434926, 48.740016 ], [ 20.83437362, 48.73973163 ], [ 20.83451794, 48.73951103 ], [ 20.83454455, 48.73943099 ], [ 20.83458723, 48.73934223 ], [ 20.83459436, 48.739326 ], [ 20.83477292, 48.73909757 ], [ 20.83485074, 48.73895014 ], [ 20.83485534, 48.73892463 ], [ 20.83482787, 48.73882417 ], [ 20.83475835, 48.73867345 ], [ 20.8346513, 48.73852909 ], [ 20.83462662, 48.738514 ], [ 20.83415878, 48.73833493 ], [ 20.83376644, 48.73819295 ], [ 20.83371412, 48.73813648 ], [ 20.8337123, 48.73807167 ], [ 20.83382963, 48.73788067 ], [ 20.83385332, 48.73784276 ], [ 20.83398272, 48.73770404 ], [ 20.83403575, 48.73764293 ], [ 20.83428161, 48.73732254 ], [ 20.83454017, 48.73692064 ], [ 20.83456908, 48.73686995 ], [ 20.83462463, 48.73668897 ], [ 20.83473154, 48.7364867 ], [ 20.83468641, 48.73633412 ], [ 20.83460363, 48.73608415 ], [ 20.83453646, 48.73588983 ], [ 20.83449498, 48.73532889 ], [ 20.83460707, 48.73492319 ], [ 20.83471841, 48.7346303 ], [ 20.83473956, 48.7345797 ], [ 20.83482621, 48.73423913 ], [ 20.8348609, 48.73414127 ], [ 20.83487101, 48.73411316 ], [ 20.8349458, 48.73399868 ], [ 20.83495573, 48.73396777 ], [ 20.83499595, 48.73388262 ], [ 20.83508079, 48.73368914 ], [ 20.83561473, 48.73349586 ], [ 20.83582312, 48.73315139 ], [ 20.83597075, 48.73259698 ], [ 20.83606385, 48.73235047 ], [ 20.83615978, 48.73208551 ], [ 20.83637201, 48.73190093 ], [ 20.83652863, 48.73173794 ], [ 20.83683426, 48.73128237 ], [ 20.8368406, 48.73117776 ], [ 20.83705743, 48.73098497 ], [ 20.83714511, 48.7308105 ], [ 20.83731635, 48.73063126 ], [ 20.83740952, 48.73057189 ], [ 20.83758598, 48.73030565 ], [ 20.83776, 48.73007734 ], [ 20.83778938, 48.72989644 ], [ 20.83787434, 48.7293975 ], [ 20.83800395, 48.72909344 ], [ 20.83828534, 48.72868944 ], [ 20.83830828, 48.72855038 ], [ 20.83833171, 48.72841556 ], [ 20.8383465, 48.72809512 ], [ 20.83843689, 48.72769641 ], [ 20.83860308, 48.72746702 ], [ 20.83864802, 48.72735465 ], [ 20.83860558, 48.72701421 ], [ 20.8385576, 48.72685109 ], [ 20.83857148, 48.72641957 ], [ 20.83866491, 48.72628772 ], [ 20.83887672, 48.72615472 ], [ 20.83895622, 48.72611838 ], [ 20.83948553, 48.72586694 ], [ 20.83959077, 48.72580285 ], [ 20.83963218, 48.72576447 ], [ 20.83989661, 48.72539897 ], [ 20.8400852, 48.72523059 ], [ 20.84034358, 48.72506966 ], [ 20.8403636, 48.72492446 ], [ 20.84011819, 48.72479145 ], [ 20.8396587, 48.72463042 ], [ 20.83924293, 48.72432411 ], [ 20.83887623, 48.72417232 ], [ 20.8387588, 48.72401652 ], [ 20.83873472, 48.72395598 ], [ 20.83874529, 48.72382019 ], [ 20.83871928, 48.72374436 ], [ 20.838738, 48.72368476 ], [ 20.83927308, 48.72334787 ], [ 20.83959661, 48.72317875 ], [ 20.8398826, 48.72284695 ], [ 20.84005934, 48.72236081 ], [ 20.840032, 48.72235536 ], [ 20.84007072, 48.72226818 ], [ 20.84007403, 48.72226073 ], [ 20.84000769, 48.72202834 ], [ 20.83995057, 48.72192596 ], [ 20.83997607, 48.7219236 ], [ 20.83993821, 48.72176848 ], [ 20.83975831, 48.72167312 ], [ 20.83970339, 48.72156522 ], [ 20.83949902, 48.72123118 ], [ 20.83946742, 48.72123837 ], [ 20.83927856, 48.72079923 ], [ 20.8391135, 48.72052769 ], [ 20.83908854, 48.72053358 ], [ 20.83896875, 48.72032502 ], [ 20.83880135, 48.72006249 ], [ 20.838634, 48.71979772 ], [ 20.83840427, 48.71946964 ], [ 20.83839726, 48.71947219 ], [ 20.8383894, 48.71946318 ], [ 20.83832874, 48.71936779 ], [ 20.83830697, 48.71937451 ], [ 20.83796921, 48.71897705 ], [ 20.83799332, 48.71870069 ], [ 20.83808368, 48.71832459 ], [ 20.83808039, 48.71803495 ], [ 20.83806001, 48.71774625 ], [ 20.83810101, 48.71756638 ], [ 20.83814936, 48.71748817 ], [ 20.83821226, 48.71719622 ], [ 20.83805929, 48.71710818 ], [ 20.83803762, 48.71698955 ], [ 20.83796143, 48.71682184 ], [ 20.83772112, 48.71670233 ], [ 20.83763776, 48.71659805 ], [ 20.83755401, 48.71640361 ], [ 20.83773695, 48.71581655 ], [ 20.8378144, 48.71568693 ], [ 20.83782693, 48.71562288 ], [ 20.83776489, 48.7154518 ], [ 20.83741062, 48.71493111 ], [ 20.83734047, 48.71478694 ], [ 20.83692559, 48.71449992 ], [ 20.83697404, 48.71434282 ], [ 20.83697631, 48.7140794 ], [ 20.83705157, 48.71385848 ], [ 20.8373316, 48.71361393 ], [ 20.83740617, 48.71352077 ], [ 20.83744301, 48.71329862 ], [ 20.8377592, 48.71271112 ], [ 20.83800635, 48.71256413 ], [ 20.83852671, 48.71211201 ], [ 20.8387823, 48.71189597 ], [ 20.83951071, 48.71099157 ], [ 20.83959289, 48.71091749 ], [ 20.83968035, 48.71084541 ], [ 20.83971683, 48.7107676 ], [ 20.8397611, 48.71065656 ], [ 20.84001336, 48.71039789 ], [ 20.84004063, 48.71037128 ], [ 20.8400592, 48.71035319 ], [ 20.84040137, 48.71008456 ], [ 20.84057906, 48.7097447 ], [ 20.84086261, 48.70942201 ], [ 20.8409561, 48.70926133 ], [ 20.84102341, 48.70910651 ], [ 20.84115241, 48.70876614 ], [ 20.84106131, 48.70845437 ], [ 20.84102739, 48.70823554 ], [ 20.8410495, 48.70806538 ], [ 20.84112378, 48.70787558 ], [ 20.8411168, 48.70771207 ], [ 20.84115773, 48.70729445 ], [ 20.84108985, 48.70706958 ], [ 20.84106748, 48.70678874 ], [ 20.84110911, 48.7066351 ], [ 20.8411755, 48.70647466 ], [ 20.84119134, 48.70624944 ], [ 20.84107044, 48.70588756 ], [ 20.84076266, 48.7055422 ], [ 20.84072845, 48.7051509 ], [ 20.84075248, 48.70495298 ], [ 20.84060558, 48.70468819 ], [ 20.84039004, 48.70441211 ], [ 20.84013439, 48.70402361 ], [ 20.84011798, 48.70399873 ], [ 20.84006528, 48.70387669 ], [ 20.84007404, 48.70378972 ], [ 20.84009237, 48.70370039 ], [ 20.84010794, 48.70362024 ], [ 20.84014445, 48.70345039 ], [ 20.84019356, 48.70323118 ], [ 20.84019491, 48.70321403 ], [ 20.84023831, 48.70299642 ], [ 20.84025256, 48.70293478 ], [ 20.84025272, 48.70291371 ], [ 20.84025267, 48.70290911 ], [ 20.84025375, 48.70290582 ], [ 20.84026983, 48.70282613 ], [ 20.84027025, 48.70282417 ], [ 20.84028014, 48.70278497 ], [ 20.84029774, 48.70270489 ], [ 20.84033387, 48.70266255 ], [ 20.84033493, 48.70266124 ], [ 20.84035521, 48.70264204 ], [ 20.84037752, 48.70262488 ], [ 20.84038172, 48.70262161 ], [ 20.84038316, 48.70262058 ], [ 20.84042612, 48.70257442 ], [ 20.84048881, 48.70251607 ], [ 20.8405007, 48.70250504 ], [ 20.84085683, 48.70214829 ], [ 20.84094195, 48.70206783 ], [ 20.8410217, 48.70198458 ], [ 20.84108821, 48.70191573 ], [ 20.8409598, 48.70190338 ], [ 20.84080961, 48.70189288 ], [ 20.84068634, 48.70188601 ], [ 20.84063577, 48.70188553 ], [ 20.84049297, 48.70191239 ], [ 20.83870618, 48.70223532 ], [ 20.83851382, 48.70229892 ], [ 20.83841798, 48.70233064 ], [ 20.83792192, 48.7024947 ], [ 20.83775588, 48.70272311 ], [ 20.83770556, 48.70279017 ], [ 20.83764474, 48.70287137 ], [ 20.83760214, 48.70294059 ], [ 20.83756681, 48.70296756 ], [ 20.83743581, 48.70307263 ], [ 20.83738221, 48.70311563 ], [ 20.83729455, 48.70317996 ], [ 20.8364349, 48.70382406 ], [ 20.83636419, 48.70388906 ], [ 20.83625831, 48.70395844 ], [ 20.83617237, 48.70401473 ], [ 20.8360278, 48.70404152 ], [ 20.83588446, 48.70405107 ], [ 20.83574574, 48.70405023 ], [ 20.83562012, 48.70403527 ], [ 20.83557221, 48.70397679 ], [ 20.83552556, 48.70390241 ], [ 20.83550325, 48.70387651 ], [ 20.83547548, 48.70375253 ], [ 20.83541905, 48.70366062 ], [ 20.83542658, 48.70358937 ], [ 20.83538658, 48.70357214 ], [ 20.83528177, 48.70353295 ], [ 20.83516654, 48.70356733 ], [ 20.83504512, 48.70360942 ], [ 20.83494681, 48.70364312 ], [ 20.83479198, 48.70372765 ], [ 20.83478821, 48.70372887 ], [ 20.83474226, 48.70384039 ], [ 20.83473241, 48.70387049 ], [ 20.83472619, 48.70387685 ], [ 20.83475201, 48.70393069 ], [ 20.83475191, 48.70393204 ], [ 20.83478159, 48.70400583 ], [ 20.83478118, 48.70401104 ], [ 20.83479838, 48.70405 ], [ 20.83480669, 48.70406884 ], [ 20.83467198, 48.70408795 ], [ 20.83466631, 48.70408911 ], [ 20.83452687, 48.70409753 ], [ 20.83452109, 48.70410003 ], [ 20.83437955, 48.70408847 ], [ 20.83421217, 48.70416473 ], [ 20.83411165, 48.70419016 ], [ 20.83398703, 48.70420044 ], [ 20.83389237, 48.70418789 ], [ 20.83378447, 48.70417758 ], [ 20.83368762, 48.7041927 ], [ 20.8334291, 48.70426184 ], [ 20.83332455, 48.70425561 ], [ 20.83315822, 48.70417709 ], [ 20.83284785, 48.70389295 ], [ 20.83282177, 48.70386827 ], [ 20.83275821, 48.70384094 ], [ 20.83265524, 48.70379235 ], [ 20.83257413, 48.70375119 ], [ 20.83240659, 48.70376908 ], [ 20.83228303, 48.70379002 ], [ 20.83213802, 48.70382066 ], [ 20.83182891, 48.7038894 ], [ 20.83149945, 48.70390574 ], [ 20.83116922, 48.70390755 ], [ 20.83105772, 48.70393251 ], [ 20.83091849, 48.70393823 ], [ 20.83071309, 48.70402379 ], [ 20.83015647, 48.70418572 ], [ 20.83011051, 48.70418872 ], [ 20.82965553, 48.70427483 ], [ 20.82964089, 48.70427756 ], [ 20.82946589, 48.70433995 ], [ 20.82937826, 48.70434682 ], [ 20.82918537, 48.70434284 ], [ 20.82905686, 48.70440233 ], [ 20.8289319, 48.70443403 ], [ 20.8287712, 48.70453924 ], [ 20.8285859, 48.70459406 ], [ 20.8279753, 48.7050205 ], [ 20.82782936, 48.70509379 ], [ 20.82768941, 48.70514298 ], [ 20.8275406, 48.70517853 ], [ 20.82745105, 48.70519776 ], [ 20.82734589, 48.70516999 ], [ 20.82730977, 48.70516045 ], [ 20.82727471, 48.7051496 ], [ 20.82714323, 48.70510533 ], [ 20.82702616, 48.70506823 ], [ 20.82689533, 48.70502272 ], [ 20.82567885, 48.704628 ], [ 20.82555453, 48.70458794 ], [ 20.8254341, 48.70454676 ], [ 20.82530954, 48.70450804 ], [ 20.82518891, 48.70446946 ], [ 20.82506804, 48.70443222 ], [ 20.82490208, 48.70438531 ], [ 20.82488927, 48.70430643 ], [ 20.82479041, 48.70429886 ], [ 20.82466854, 48.70428635 ], [ 20.82455265, 48.70427207 ], [ 20.8244323, 48.70425754 ], [ 20.82435851, 48.70424778 ], [ 20.82406645, 48.70417822 ], [ 20.82384085, 48.70405278 ], [ 20.82344619, 48.70390078 ], [ 20.82338388, 48.70387493 ], [ 20.82301443, 48.70392201 ], [ 20.82296181, 48.70386651 ], [ 20.82291167, 48.70383478 ], [ 20.82283027, 48.7037664 ], [ 20.82274189, 48.70370039 ], [ 20.82265522, 48.70363497 ], [ 20.82259756, 48.7035865 ], [ 20.82257355, 48.70344635 ], [ 20.82236948, 48.70350457 ], [ 20.8222132, 48.70344548 ], [ 20.82209847, 48.70323094 ], [ 20.82184572, 48.70321497 ], [ 20.82148979, 48.70290895 ], [ 20.82111555, 48.7028568 ], [ 20.82097972, 48.7026545 ], [ 20.82065584, 48.70260715 ], [ 20.82054423, 48.70259401 ], [ 20.82043585, 48.70257782 ], [ 20.82038801, 48.70257202 ], [ 20.82036706, 48.70256859 ], [ 20.82026446, 48.70255152 ], [ 20.82021181, 48.70254285 ], [ 20.81951348, 48.70242712 ], [ 20.81856652, 48.70228979 ], [ 20.81856608, 48.70224384 ], [ 20.81779879, 48.70208843 ], [ 20.81762293, 48.70200694 ], [ 20.81761722, 48.70199495 ], [ 20.81753926, 48.70198296 ], [ 20.81738299, 48.70193233 ], [ 20.81733675, 48.70189434 ], [ 20.81727033, 48.70183971 ], [ 20.81681941, 48.70171995 ], [ 20.81670604, 48.70169125 ], [ 20.8166044, 48.70166394 ], [ 20.81649542, 48.70163638 ], [ 20.81639478, 48.70160839 ], [ 20.8163571, 48.70159979 ], [ 20.81628928, 48.70156114 ], [ 20.81619559, 48.70151583 ], [ 20.81590979, 48.70137784 ], [ 20.81586316, 48.70135344 ], [ 20.81578809, 48.70133075 ], [ 20.81566093, 48.70130084 ], [ 20.81552395, 48.7012679 ], [ 20.8153969, 48.70123674 ], [ 20.81520757, 48.70119306 ], [ 20.8144091, 48.70085299 ], [ 20.81301134, 48.70057117 ], [ 20.81228092, 48.70037341 ], [ 20.81221416, 48.70029742 ], [ 20.81158429, 48.70026426 ], [ 20.81114021, 48.700086 ], [ 20.81094329, 48.70020847 ], [ 20.81076044, 48.70016726 ], [ 20.81078089, 48.70012393 ], [ 20.81071796, 48.70004934 ], [ 20.81009299, 48.69979165 ], [ 20.80950199, 48.69943869 ], [ 20.80925183, 48.69934398 ], [ 20.80922267, 48.69922634 ], [ 20.80852586, 48.69885582 ], [ 20.80851259, 48.69885509 ], [ 20.80844705, 48.69881012 ], [ 20.8081097, 48.69857828 ], [ 20.80739637, 48.69824473 ], [ 20.80718482, 48.69802888 ], [ 20.80712769, 48.69797052 ], [ 20.80642567, 48.69770373 ], [ 20.80628828, 48.69752198 ], [ 20.80617193, 48.69748308 ], [ 20.80604918, 48.69744927 ], [ 20.80592428, 48.69741682 ], [ 20.80556833, 48.69698448 ], [ 20.80520055, 48.69663603 ], [ 20.80491765, 48.69660609 ], [ 20.80474695, 48.69648757 ], [ 20.80453001, 48.69623875 ], [ 20.804344, 48.69599452 ], [ 20.80406116, 48.69588686 ], [ 20.80359319, 48.69549834 ], [ 20.80326571, 48.69501116 ], [ 20.80281519, 48.69467881 ], [ 20.8024669, 48.69418657 ], [ 20.801747, 48.69345452 ], [ 20.80122885, 48.69283036 ], [ 20.80091879, 48.69273508 ], [ 20.80059301, 48.69260844 ], [ 20.80034112, 48.69226932 ], [ 20.80018679, 48.69213525 ], [ 20.79980809, 48.69176064 ], [ 20.79935336, 48.69132465 ], [ 20.79899269, 48.69082792 ], [ 20.79887447, 48.69055974 ], [ 20.7988876, 48.69050085 ], [ 20.7989005, 48.69043096 ], [ 20.79896986, 48.69016798 ], [ 20.79883983, 48.69004817 ], [ 20.7987947, 48.69000508 ], [ 20.79858916, 48.68987011 ], [ 20.79858699, 48.68986671 ], [ 20.79843543, 48.68977478 ], [ 20.79843379, 48.68976626 ], [ 20.79840841, 48.68972116 ], [ 20.79840867, 48.68971783 ], [ 20.79825837, 48.68970412 ], [ 20.79767847, 48.68922783 ], [ 20.79746079, 48.6887295 ], [ 20.79742212, 48.68869916 ], [ 20.79739959, 48.68868153 ], [ 20.79737015, 48.68865835 ], [ 20.79731484, 48.6886149 ], [ 20.79620158, 48.68769851 ], [ 20.79537907, 48.68717257 ], [ 20.79495802, 48.68682006 ], [ 20.79437099, 48.6861523 ], [ 20.79403897, 48.6860176 ], [ 20.7934855, 48.68553653 ], [ 20.79285983, 48.68515605 ], [ 20.79263534, 48.68497097 ], [ 20.79184723, 48.68470892 ], [ 20.79157554, 48.68452218 ], [ 20.79074401, 48.68430156 ], [ 20.79022046, 48.68412484 ], [ 20.78997505, 48.68390363 ], [ 20.78963293, 48.68380035 ], [ 20.7890966, 48.68356058 ], [ 20.7886974, 48.68328284 ], [ 20.78756607, 48.68294723 ], [ 20.78712608, 48.68255368 ], [ 20.78662984, 48.68238438 ], [ 20.7860094, 48.68220011 ], [ 20.78551118, 48.6820012 ], [ 20.78520728, 48.68184881 ], [ 20.78452607, 48.6815962 ], [ 20.78393166, 48.68134168 ], [ 20.78381143, 48.68132982 ], [ 20.78249171, 48.68119974 ], [ 20.78171105, 48.68120994 ], [ 20.78127097, 48.68107006 ], [ 20.78078849, 48.68109656 ], [ 20.7803779, 48.68102174 ], [ 20.78017096, 48.68103114 ], [ 20.77933666, 48.68100811 ], [ 20.779081, 48.68093295 ], [ 20.77854855, 48.68094139 ], [ 20.77812176, 48.68114905 ], [ 20.7773039, 48.68107677 ], [ 20.77678649, 48.68109608 ], [ 20.77565025, 48.68090833 ], [ 20.77526843, 48.68073238 ], [ 20.77387783, 48.68055874 ], [ 20.77373884, 48.68063518 ], [ 20.77363994, 48.68061172 ], [ 20.77328464, 48.68052755 ], [ 20.77300983, 48.68060337 ], [ 20.77277648, 48.68049088 ], [ 20.77230566, 48.68061619 ], [ 20.77237179, 48.68086033 ], [ 20.77239605, 48.68092584 ], [ 20.77218346, 48.68092783 ], [ 20.7720507, 48.68085851 ], [ 20.77194043, 48.68093281 ], [ 20.77170756, 48.68092805 ], [ 20.77164213, 48.68088756 ], [ 20.7711669, 48.68075388 ], [ 20.77089777, 48.68078756 ], [ 20.7705307, 48.68088931 ], [ 20.77037979, 48.68085474 ], [ 20.77030476, 48.68080662 ], [ 20.77007674, 48.68078042 ], [ 20.76987787, 48.68077235 ], [ 20.76968351, 48.68089466 ], [ 20.76950944, 48.68095897 ], [ 20.76934965, 48.68104531 ], [ 20.76819222, 48.6811271 ], [ 20.76803348, 48.6812105 ], [ 20.76760526, 48.68143537 ], [ 20.76752581, 48.68151029 ], [ 20.7673594, 48.68151633 ], [ 20.76733512, 48.68162058 ], [ 20.76713364, 48.68170436 ], [ 20.767027, 48.68180968 ], [ 20.76692795, 48.6818016 ], [ 20.76648635, 48.68199816 ], [ 20.76626397, 48.68200169 ], [ 20.76622361, 48.68206394 ], [ 20.76613044, 48.68206733 ], [ 20.76561376, 48.68215029 ], [ 20.76510189, 48.68239868 ], [ 20.76464723, 48.68237809 ], [ 20.76439415, 48.68246753 ], [ 20.76395311, 48.68265518 ], [ 20.76312591, 48.68288373 ], [ 20.76303362, 48.6828305 ], [ 20.76282294, 48.68292872 ], [ 20.76262378, 48.68306482 ], [ 20.76219789, 48.68309747 ], [ 20.76138597, 48.6832254 ], [ 20.7610649, 48.68311638 ], [ 20.76086414, 48.68317064 ], [ 20.76063364, 48.68310587 ], [ 20.76049701, 48.68312376 ], [ 20.76040283, 48.68305343 ], [ 20.75974586, 48.68294896 ], [ 20.75945978, 48.68282775 ], [ 20.75898813, 48.68267496 ], [ 20.75880274, 48.68255828 ], [ 20.7587086, 48.68245193 ], [ 20.7585491, 48.68219775 ], [ 20.75837856, 48.68213833 ], [ 20.75781736, 48.68156179 ], [ 20.75758728, 48.68106384 ], [ 20.757246, 48.68099165 ], [ 20.75655051, 48.68014217 ], [ 20.75586732, 48.67928699 ], [ 20.75530231, 48.67875687 ], [ 20.75515355, 48.67866534 ], [ 20.7549934, 48.67843976 ], [ 20.7542633, 48.6781667 ], [ 20.7541052, 48.67797145 ], [ 20.75335984, 48.67756878 ], [ 20.75296188, 48.67745594 ], [ 20.75284693, 48.67730932 ], [ 20.7526104, 48.6772101 ], [ 20.75235772, 48.67691442 ], [ 20.75211469, 48.6768401 ], [ 20.75191172, 48.67658419 ], [ 20.75166438, 48.67642838 ], [ 20.75108367, 48.67614823 ], [ 20.75062092, 48.67592493 ], [ 20.74979211, 48.67554415 ], [ 20.74903878, 48.67539649 ], [ 20.74807901, 48.67509204 ], [ 20.74765043, 48.67496972 ], [ 20.74694232, 48.67482473 ], [ 20.7463263, 48.67451421 ], [ 20.7456355, 48.67420006 ], [ 20.74544409, 48.67416051 ], [ 20.7451311, 48.67409585 ], [ 20.74416848, 48.67395364 ], [ 20.74361811, 48.6738478 ], [ 20.74303506, 48.67377953 ], [ 20.74178232, 48.67368549 ], [ 20.74082251, 48.67337061 ], [ 20.74080145, 48.67336365 ], [ 20.740801462982002, 48.673363806673521 ], [ 20.740802, 48.673364 ], [ 20.740804483793017, 48.673400263378056 ], [ 20.74080758, 48.67343763 ], [ 20.74087911, 48.67359597 ], [ 20.740936984499012, 48.673676753281349 ], [ 20.74107, 48.673862 ], [ 20.741603635291881, 48.674311603893294 ], [ 20.74181341, 48.67448823 ], [ 20.74207523, 48.67476588 ], [ 20.74299321, 48.67555759 ], [ 20.74322715, 48.67587748 ], [ 20.74327498, 48.67646457 ], [ 20.743274996081865, 48.676464952084494 ], [ 20.743275, 48.676465 ], [ 20.74329, 48.676819 ], [ 20.743275, 48.677228 ], [ 20.743221093724927, 48.67755047503838 ], [ 20.74321899, 48.67756315 ], [ 20.74299273, 48.6779235 ], [ 20.74257648, 48.67831225 ], [ 20.74254016, 48.67854332 ], [ 20.74262538, 48.67902096 ], [ 20.74262643, 48.67963162 ], [ 20.74265694812534, 48.68012784287707 ], [ 20.742663, 48.680225 ], [ 20.742604106966734, 48.680515139689305 ], [ 20.74248646, 48.68109648 ], [ 20.74230253, 48.68143761 ], [ 20.7421646, 48.68162997 ], [ 20.742037624039913, 48.681729272886351 ], [ 20.741763, 48.681945 ], [ 20.741650980555839, 48.682303462221306 ], [ 20.7416081, 48.68244154 ], [ 20.7412186, 48.68298704 ], [ 20.740982529564427, 48.683265283242044 ], [ 20.740646, 48.683663 ], [ 20.740193, 48.684033 ], [ 20.739977332039395, 48.684252617923256 ], [ 20.73992023, 48.68431093 ], [ 20.73942528, 48.68489862 ], [ 20.73909526, 48.68522917 ], [ 20.73890904, 48.68559814 ], [ 20.73891542, 48.68585594 ], [ 20.73917232, 48.68654861 ], [ 20.739482691732668, 48.687072270286599 ], [ 20.739552, 48.687189 ], [ 20.739635042621419, 48.687288821053876 ], [ 20.73994364, 48.68765936 ], [ 20.740135948814459, 48.687822714145597 ], [ 20.740603, 48.688219 ], [ 20.740701356094899, 48.688357333088305 ], [ 20.7409134, 48.68865464 ], [ 20.741885595991949, 48.68941353180233 ], [ 20.741958, 48.68947 ], [ 20.741962661270581, 48.689473134302631 ], [ 20.74236406, 48.68974259 ], [ 20.74279247, 48.68994597 ], [ 20.74321686, 48.69016542 ], [ 20.743678741977625, 48.69032967079594 ], [ 20.743838, 48.690386 ], [ 20.744161434337499, 48.690548593684568 ], [ 20.74457574, 48.69075655 ], [ 20.744714572800774, 48.690869426989302 ], [ 20.744788, 48.690929 ], [ 20.744835619727503, 48.690955942740558 ], [ 20.7450921, 48.69110083 ], [ 20.745266873747291, 48.691332020502273 ], [ 20.745391, 48.691496 ], [ 20.745621831943492, 48.691817354274271 ], [ 20.74579932, 48.69206427 ], [ 20.74591501, 48.69223227 ], [ 20.74619656, 48.69270514 ], [ 20.74634719, 48.69341834 ], [ 20.746307068667768, 48.693651703280928 ], [ 20.746260112260057, 48.693925345794831 ], [ 20.746270226948695, 48.694030629552046 ], [ 20.746299, 48.694325 ], [ 20.746436362614645, 48.69458952800462 ], [ 20.7465283, 48.69476576 ], [ 20.746645922286099, 48.694906317022927 ], [ 20.746865, 48.695167 ], [ 20.748017, 48.695927 ], [ 20.74818, 48.696052 ], [ 20.748321152563747, 48.696180959983487 ], [ 20.74848128, 48.69632617 ], [ 20.74882641, 48.69675354 ], [ 20.749033643954345, 48.697179312099586 ], [ 20.749116, 48.697348 ], [ 20.749387, 48.698021 ], [ 20.749397295875788, 48.698046396493609 ], [ 20.74952195, 48.69835328 ], [ 20.74966145, 48.69891838 ], [ 20.749810696215061, 48.699130242554425 ], [ 20.750166, 48.699634 ], [ 20.750243, 48.699803 ], [ 20.750243059591323, 48.699803203263556 ], [ 20.7502432, 48.69980351 ], [ 20.75038949, 48.70030131 ], [ 20.750389819003271, 48.70043613553964 ], [ 20.75039, 48.700466 ], [ 20.750312032029228, 48.700636268289117 ], [ 20.75025432, 48.70076305 ], [ 20.750254653660743, 48.700847322235653 ], [ 20.750255, 48.700892 ], [ 20.750306, 48.700986 ], [ 20.750234, 48.701136 ], [ 20.749997027578431, 48.702098887940807 ], [ 20.74997658, 48.7026058 ], [ 20.749927107307901, 48.702733246365341 ], [ 20.749898, 48.702809 ], [ 20.749604, 48.703077 ], [ 20.749336077576178, 48.703366986623436 ], [ 20.74926398, 48.70344523 ], [ 20.74900001, 48.7038673 ], [ 20.74838424, 48.70461918 ], [ 20.74793945, 48.70515735 ], [ 20.74797992542663, 48.705415793138982 ], [ 20.748007, 48.705587 ], [ 20.748007556942003, 48.705644365026302 ], [ 20.74800814, 48.70568934 ], [ 20.748007996613115, 48.705689651150877 ], [ 20.748008, 48.70569 ], [ 20.747965, 48.705783 ], [ 20.747845588273968, 48.705922383025154 ], [ 20.74767829, 48.70611809 ], [ 20.74747003, 48.706507 ], [ 20.74747297175411, 48.706532696932598 ], [ 20.747486971215466, 48.706653751098429 ], [ 20.74776914, 48.70708405 ], [ 20.747962353078417, 48.707468852932443 ], [ 20.748082, 48.707707 ], [ 20.748197060209307, 48.707874840121832 ], [ 20.74830017, 48.70802503 ], [ 20.74850753, 48.70838989 ], [ 20.748535738384188, 48.70851336477115 ], [ 20.748548, 48.708566 ], [ 20.748574552412855, 48.708620948743267 ], [ 20.74862017, 48.70871449 ], [ 20.74865921, 48.70887167 ], [ 20.748659, 48.708960694634328 ], [ 20.748659, 48.709046 ], [ 20.748638508710155, 48.709106985981684 ], [ 20.74861739, 48.709171 ], [ 20.74812417, 48.70973538 ], [ 20.74822579, 48.7105342 ], [ 20.748301671008353, 48.710771913415805 ], [ 20.748325, 48.710844 ], [ 20.748411, 48.711258 ], [ 20.748546645132201, 48.711517321576267 ], [ 20.74882836, 48.71187127 ], [ 20.748860761053635, 48.711929308664274 ], [ 20.748937, 48.712065 ], [ 20.748854, 48.712264 ], [ 20.748655495942874, 48.712498681500179 ], [ 20.7482235, 48.7130099 ], [ 20.747987743797982, 48.713547361160892 ], [ 20.747857, 48.713846 ], [ 20.747827646, 48.714003056444405 ], [ 20.74774082, 48.71447256 ], [ 20.74786233, 48.71504153 ], [ 20.748675788947178, 48.715988307584482 ], [ 20.748777, 48.716106 ], [ 20.748848031181808, 48.716203029522859 ], [ 20.74908313, 48.71652372 ], [ 20.74950051, 48.71690752 ], [ 20.75012909, 48.71758895 ], [ 20.750293452187531, 48.717653069476938 ], [ 20.750408, 48.717697 ], [ 20.750561860215779, 48.717726337753007 ], [ 20.75064432, 48.71774168 ], [ 20.75109848, 48.71789226 ], [ 20.75160399, 48.71808463 ], [ 20.752156486528595, 48.718201510764537 ], [ 20.752192, 48.718209 ], [ 20.752192401479842, 48.718209108580524 ], [ 20.75219255, 48.71820914 ], [ 20.7527912, 48.71837075 ], [ 20.753256960706501, 48.718381742609949 ], [ 20.753485, 48.718387 ], [ 20.753491778317187, 48.718388436464572 ], [ 20.75408947, 48.71851488 ], [ 20.75476913, 48.71881659 ], [ 20.75546457, 48.7188411 ], [ 20.75582065, 48.71898279 ], [ 20.75636786, 48.71916473 ], [ 20.756504759303052, 48.719184089971364 ], [ 20.756805, 48.719226 ], [ 20.757174, 48.719194 ], [ 20.757669, 48.719204 ], [ 20.757813480289112, 48.719252767794742 ], [ 20.75798613, 48.7193109 ], [ 20.758056745190522, 48.719321926979923 ], [ 20.758491, 48.719389 ], [ 20.758679876807705, 48.719450664150585 ], [ 20.75888025, 48.7195153 ], [ 20.75940559332636, 48.719773064060945 ], [ 20.759617234238757, 48.719795914750719 ], [ 20.76018312, 48.71985675 ], [ 20.760258517136226, 48.719876955305423 ], [ 20.760376, 48.719908 ], [ 20.760467494487489, 48.719976747239215 ], [ 20.76055762, 48.72004393 ], [ 20.76058288, 48.72021719 ], [ 20.760582879318981, 48.720217192365482 ], [ 20.760583, 48.720218 ], [ 20.760548858345949, 48.720335361935803 ], [ 20.76047184, 48.72060288 ], [ 20.7613126, 48.72120742 ], [ 20.761411822738889, 48.721327598941876 ], [ 20.761418, 48.721335 ], [ 20.761418080157881, 48.7213351779505 ], [ 20.76141828, 48.72133542 ], [ 20.761479119781985, 48.72147068591601 ], [ 20.761518, 48.721557 ], [ 20.7615756, 48.7215984 ], [ 20.761600778852547, 48.721616492762557 ], [ 20.76174894, 48.72172261 ], [ 20.76193814, 48.72204105 ], [ 20.761934048089486, 48.722114451692718 ], [ 20.761929, 48.722207 ], [ 20.761930946451589, 48.722221598386916 ], [ 20.761931036540894, 48.722222261006394 ], [ 20.761938, 48.722272 ], [ 20.761938171033215, 48.722273368265697 ], [ 20.76194133, 48.72229603 ], [ 20.7619568, 48.72240663 ], [ 20.76195951, 48.72242546 ], [ 20.76197217, 48.72245418 ], [ 20.76206514, 48.72266585 ], [ 20.76256937, 48.72316992 ], [ 20.76286461, 48.72334781 ], [ 20.76327771, 48.72376653 ], [ 20.763277826651635, 48.723766824558062 ], [ 20.763278, 48.723767 ], [ 20.763303961895534, 48.723832818890095 ], [ 20.76342029, 48.72412656 ], [ 20.76389879, 48.72478858 ], [ 20.763898964790094, 48.724788951338297 ], [ 20.763899, 48.724789 ], [ 20.764004985468308, 48.725013969154425 ], [ 20.76439372, 48.7252869 ], [ 20.764797604861002, 48.725449586615923 ], [ 20.765045, 48.725549 ], [ 20.765454, 48.725783 ], [ 20.765775896389318, 48.725840017521875 ], [ 20.76634636, 48.72594021 ], [ 20.76650526, 48.72601604 ], [ 20.76681887, 48.72637235 ], [ 20.76739481, 48.72647256 ], [ 20.76776895, 48.72659378 ], [ 20.76803705455, 48.726565467582908 ], [ 20.768483, 48.726518 ], [ 20.768740208861939, 48.726532682112627 ], [ 20.76895556, 48.72654468 ], [ 20.76931346, 48.72661399 ], [ 20.76965447, 48.72668 ], [ 20.769747044659567, 48.72667712313919 ], [ 20.769749689078619, 48.726677012955058 ], [ 20.769747714152079, 48.726675285614064 ], [ 20.769746, 48.726674 ], [ 20.770239, 48.726646 ], [ 20.770386649363676, 48.726663499183843 ], [ 20.77064385, 48.72669339 ], [ 20.77097787, 48.72679743 ], [ 20.77133637445754, 48.726793276778153 ], [ 20.771585, 48.72679 ], [ 20.771910559668985, 48.726870594576035 ], [ 20.77250661, 48.72701769 ], [ 20.772749798962263, 48.727044314808623 ], [ 20.773136, 48.727086 ], [ 20.77367094540644, 48.727202981227833 ], [ 20.77401448, 48.72727773 ], [ 20.774251224015611, 48.72738323993665 ], [ 20.774697, 48.727581 ], [ 20.774966401377817, 48.727720665087766 ], [ 20.77510386, 48.72779145 ], [ 20.77616904, 48.72797875 ], [ 20.77644822, 48.72806239 ], [ 20.77733673, 48.72794854 ], [ 20.77837494, 48.72803085 ], [ 20.77912787, 48.72807164 ], [ 20.77974159469661, 48.728068699131931 ], [ 20.780801, 48.728063 ], [ 20.781563691839668, 48.728271006865363 ], [ 20.78216515, 48.72843467 ], [ 20.78249795, 48.72854584 ], [ 20.782718472136199, 48.728551212107241 ], [ 20.782921, 48.728556 ], [ 20.783243330942504, 48.72856054569278 ], [ 20.78370171, 48.7285668 ], [ 20.7840434, 48.72860082 ], [ 20.784278933687645, 48.728631532594868 ], [ 20.784723, 48.728689 ], [ 20.785398812503711, 48.72866322158491 ], [ 20.78569332, 48.72865179 ], [ 20.78627741, 48.72874426 ], [ 20.7864947, 48.7288104 ], [ 20.786646178795841, 48.728843190161854 ], [ 20.786758, 48.728867 ], [ 20.787167416825522, 48.729001807979138 ], [ 20.78774194, 48.72919037 ], [ 20.788079061785126, 48.729184448043057 ], [ 20.788205, 48.729182 ], [ 20.7892155678596, 48.729264950406836 ], [ 20.78933814, 48.72927498 ], [ 20.78994811, 48.729376 ], [ 20.79057806, 48.72960199 ], [ 20.79125807, 48.72998552 ], [ 20.79182039, 48.73025732 ], [ 20.79234752, 48.73045855 ], [ 20.79269194, 48.73063763 ], [ 20.79364515, 48.7309672 ], [ 20.79421905, 48.7311795 ], [ 20.79433407, 48.73129068 ], [ 20.794352046606559, 48.731395796960889 ], [ 20.794391, 48.731622 ], [ 20.794434999285006, 48.732280989291354 ], [ 20.79456055, 48.73241981 ], [ 20.79493176, 48.73259621 ], [ 20.795102918108213, 48.732710945405479 ], [ 20.795166, 48.732753 ], [ 20.796044, 48.732977 ], [ 20.796393636017672, 48.73299186641335 ], [ 20.79667933, 48.73300345 ], [ 20.797168334869415, 48.733007063129072 ], [ 20.797318, 48.733008 ], [ 20.797693, 48.732967 ], [ 20.797754923666563, 48.732970759651188 ], [ 20.79797292, 48.73298327 ], [ 20.79837353, 48.73297878 ], [ 20.798455825140355, 48.732994605825738 ], [ 20.798568, 48.733016 ], [ 20.798717475475044, 48.73308059475886 ], [ 20.79884766, 48.73313669 ], [ 20.7991811, 48.73322351 ], [ 20.79970291525213, 48.733267970882046 ], [ 20.799727, 48.73327 ], [ 20.799751244679623, 48.733276722869675 ], [ 20.80018571, 48.73339587 ], [ 20.80064497, 48.7336978 ], [ 20.800644998749323, 48.733697999181622 ], [ 20.800645, 48.733698 ], [ 20.800703901532728, 48.734105319073777 ], [ 20.80120138, 48.7348402 ], [ 20.80170907, 48.73514967 ], [ 20.802484241987706, 48.735557046191722 ], [ 20.802587, 48.735611 ], [ 20.802587202034857, 48.735611154792878 ], [ 20.80258725, 48.73561118 ], [ 20.80278744, 48.7357645 ], [ 20.80361568, 48.73610944 ], [ 20.803717230575273, 48.73616042135933 ], [ 20.803877, 48.73624 ], [ 20.804323693563649, 48.736434541309023 ], [ 20.80441249, 48.73647309 ], [ 20.80471109, 48.73657039 ], [ 20.805350331379493, 48.736842231494329 ], [ 20.805569, 48.736935 ], [ 20.806527, 48.73735 ], [ 20.806584684538649, 48.737396607435215 ], [ 20.80680304, 48.73757212 ], [ 20.80707517, 48.73764283 ], [ 20.80739014, 48.73766279 ], [ 20.80776774, 48.73762279 ], [ 20.80811908, 48.73763051 ], [ 20.80853256, 48.73770432 ], [ 20.809152056625695, 48.737704105257393 ], [ 20.809225, 48.737704 ], [ 20.809285766275913, 48.737710286166475 ], [ 20.80939914, 48.73772185 ], [ 20.809510283424423, 48.737701634405987 ], [ 20.809858, 48.737638 ], [ 20.810191121827728, 48.737647487646989 ], [ 20.81048953, 48.73765573 ], [ 20.810800588482294, 48.737644075136807 ], [ 20.811063, 48.737634 ], [ 20.811242745236619, 48.737634538966226 ], [ 20.81173014, 48.73763535 ], [ 20.812806274752376, 48.737599878908249 ], [ 20.813339, 48.737582 ], [ 20.813493, 48.737599 ], [ 20.813760660830329, 48.737589426438262 ], [ 20.81416393, 48.73757445 ], [ 20.81504648, 48.73757087 ], [ 20.815046779829743, 48.737571000997377 ], [ 20.815047, 48.737571 ], [ 20.815080691971922, 48.737585817411734 ], [ 20.81523794, 48.73765452 ], [ 20.81579323, 48.73824925 ], [ 20.81581024, 48.73854973 ], [ 20.81616552, 48.73928882 ], [ 20.81636784, 48.73957051 ], [ 20.81648581, 48.73982037 ], [ 20.816599454090149, 48.740111500260852 ], [ 20.816612963825285, 48.740145907867529 ], [ 20.816618611545653, 48.740144979718977 ], [ 20.816635, 48.740142 ], [ 20.81684848110482, 48.74010767897304 ], [ 20.81762394, 48.73998197 ], [ 20.817863148538081, 48.739908000754333 ], [ 20.817962, 48.739877 ], [ 20.818016, 48.739889 ], [ 20.81859829524285, 48.740015033701894 ], [ 20.818612002033877, 48.74001799349886 ], [ 20.818668, 48.739839 ], [ 20.818668483199549, 48.739839045851056 ], [ 20.81866878, 48.7398381 ], [ 20.81907957, 48.73987757 ], [ 20.819164728068458, 48.739982203945274 ], [ 20.819195, 48.740019 ], [ 20.819409, 48.740024 ], [ 20.819811461392867, 48.73994301691485 ], [ 20.81990093, 48.73992496 ], [ 20.82001456, 48.7399343 ], [ 20.820222840000465, 48.739865719999848 ], [ 20.820294, 48.739842 ], [ 20.8204149650464, 48.739786776826648 ], [ 20.820707925028351, 48.739652277059086 ], [ 20.820694003484213, 48.739518033597783 ], [ 20.820686639527839, 48.739508186037114 ], [ 20.820604, 48.739398 ], [ 20.820598483848897, 48.73925513168647 ], [ 20.820593680286933, 48.73913896062647 ], [ 20.820391, 48.739114 ], [ 20.820353, 48.738974 ], [ 20.82035369740743, 48.73897421574474 ], [ 20.82035349, 48.73897345 ], [ 20.82063123, 48.73905963 ], [ 20.820953020258173, 48.739050985902821 ], [ 20.821147, 48.738916 ], [ 20.821252, 48.738934 ], [ 20.821514825557081, 48.738800299571544 ], [ 20.821769, 48.7386704 ], [ 20.8219258, 48.73870195 ], [ 20.821943272215112, 48.738783311357253 ], [ 20.821945, 48.738791 ], [ 20.821791, 48.738994 ], [ 20.821736691976938, 48.739021547547928 ], [ 20.82165337, 48.73906444 ], [ 20.821530077544224, 48.739195157785645 ], [ 20.821551732283357, 48.739239220472228 ], [ 20.821645, 48.73942797 ], [ 20.82176466, 48.73932675 ], [ 20.822159, 48.73952233 ], [ 20.82234562, 48.73977916 ], [ 20.82253231, 48.73984596 ], [ 20.822565740885903, 48.739823501883031 ], [ 20.822588, 48.739808 ], [ 20.822937, 48.739653 ], [ 20.823061019610453, 48.739583655701679 ], [ 20.823215304207622, 48.739496498186107 ], [ 20.823083150105283, 48.73940118704563 ], [ 20.82305132, 48.73937854 ], [ 20.82290768, 48.73938707 ], [ 20.822907643650595, 48.739386959771842 ], [ 20.822907, 48.739387 ], [ 20.822847, 48.739205 ], [ 20.822596, 48.739104 ], [ 20.822571, 48.739094 ], [ 20.822566, 48.739057 ], [ 20.822705178329237, 48.738978763661081 ], [ 20.822734955078538, 48.738961931950655 ], [ 20.822533, 48.738656 ], [ 20.822314, 48.738595 ], [ 20.822353016144781, 48.73848069918148 ], [ 20.82238512, 48.73838646 ], [ 20.82329213, 48.73854522 ], [ 20.823318857817096, 48.738647874478637 ], [ 20.823320977319803, 48.738655913971662 ], [ 20.823353834242756, 48.73866069060611 ], [ 20.823433, 48.738672 ], [ 20.823433078318132, 48.738672210856507 ], [ 20.82343321, 48.73867223 ], [ 20.8235115, 48.73888198 ], [ 20.82353227, 48.73893772 ], [ 20.82379597, 48.73892957 ], [ 20.82398577, 48.73908095 ], [ 20.82386381, 48.73915615 ], [ 20.82370055, 48.73921642 ], [ 20.82372831, 48.73925791 ], [ 20.82404497, 48.73937532 ], [ 20.824044529879828, 48.739375825002583 ], [ 20.824045, 48.739376 ], [ 20.823914, 48.739526 ], [ 20.823976, 48.739686 ], [ 20.824138015305287, 48.739706722887888 ], [ 20.82414771, 48.73970794 ], [ 20.82426773, 48.73969859 ], [ 20.824349816890777, 48.739521943134797 ], [ 20.824396, 48.739422 ], [ 20.824396253831814, 48.739422013170518 ], [ 20.82439672, 48.73942101 ], [ 20.82457638460642, 48.739431359578631 ], [ 20.824608, 48.739433 ], [ 20.824609074011097, 48.739373571386018 ], [ 20.82461071, 48.73926686 ], [ 20.82467811624916, 48.739266558445728 ], [ 20.824763, 48.739266 ], [ 20.824951, 48.739506 ], [ 20.824931947906808, 48.739622098692891 ], [ 20.82491948, 48.73970063 ], [ 20.825242548514122, 48.740000617411006 ], [ 20.825257, 48.740014 ], [ 20.825256999785594, 48.740014036234953 ], [ 20.82525737, 48.74001438 ], [ 20.82525633, 48.74018239 ], [ 20.825256001595793, 48.740182730310785 ], [ 20.825256, 48.740183 ], [ 20.825180038927453, 48.740261447071283 ], [ 20.82498134, 48.74046735 ], [ 20.82500613, 48.74059789 ], [ 20.82517046, 48.74062735 ], [ 20.82529354515901, 48.740956558502582 ], [ 20.825308, 48.740995 ], [ 20.825307986328021, 48.740995183432382 ], [ 20.825308, 48.74099522 ], [ 20.82529615, 48.74115529 ], [ 20.825296049830307, 48.741155331443416 ], [ 20.825296, 48.741156 ], [ 20.824901, 48.741319 ], [ 20.824706, 48.741186 ], [ 20.824589082293461, 48.74086022929631 ], [ 20.824560201943182, 48.740915380878491 ], [ 20.824498, 48.741035 ], [ 20.824533277437293, 48.741189620257074 ], [ 20.824545088518796, 48.741241079977506 ], [ 20.824887, 48.74155 ], [ 20.824887219031496, 48.741550528252425 ], [ 20.82488742, 48.74155071 ], [ 20.82498893, 48.74179575 ], [ 20.82536682, 48.7420482 ], [ 20.825365641478506, 48.742048090725035 ], [ 20.825367, 48.742049 ], [ 20.825125, 48.742026 ], [ 20.825002, 48.742031 ], [ 20.824606304538118, 48.742159720210488 ], [ 20.82458708, 48.74216601 ], [ 20.824575089494726, 48.742171150488765 ], [ 20.824365361243999, 48.742261843786373 ], [ 20.824351020989297, 48.742343185792919 ], [ 20.82433907255384, 48.742412578629605 ], [ 20.82480048, 48.74263863 ], [ 20.824743139887516, 48.742798667790609 ], [ 20.824701, 48.742917 ], [ 20.824552598352181, 48.742940903621125 ], [ 20.824329972627712, 48.743267164104424 ], [ 20.824326, 48.743273 ], [ 20.824325673124925, 48.743273463073024 ], [ 20.82431457, 48.74328966 ], [ 20.824381511567843, 48.743302361272988 ], [ 20.824456, 48.743316 ], [ 20.82469938220823, 48.743315549292205 ], [ 20.82499617, 48.74331434 ], [ 20.82572552, 48.74314183 ] ] ] } },
{ "type": "Feature", "properties": { "@featureType": "CadastralZoning", "beginLifespanVersion": { "@nilReason": "http://inspire.ec.europa.eu/codelist/VoidReasonValue/Unpopulated", "@nil": "true" }, "endLifespanVersion": { "@nilReason": "http://inspire.ec.europa.eu/codelist/VoidReasonValue/Unpopulated", "@nil": "true" }, "estimatedAccuracy": { "value": -1, "@uom": "m" }, "inspireId": { "@dataType": "Identifier", "localId": "836567", "namespace": "SK.ESKN.CP", "versionId": "20260703T04:07:40" }, "label": "Medzev", "level": { "@href": "http://inspire.ec.europa.eu/codelist/CadastralZoningLevelValue/3rdOrder" }, "levelName": { "value": "Katastrálne územie", "@locale": "sk" }, "name_1": { "@dataType": "name", "GeographicalName": { "@dataType": "GeographicalName", "language": "SLK", "nativeness": { "@href": "http://inspire.ec.europa.eu/codelist/NativenessValue/endonym", "@title": "endonym" }, "nameStatus": { "@href": "http://inspire.ec.europa.eu/codelist/NameStatusValue/official", "@title": "official" }, "sourceOfName": { "@nilReason": "http://inspire.ec.europa.eu/codelist/VoidReasonValue/Unpopulated", "@nil": "true" }, "pronunciation": { "@dataType": "pronunciation", "@nilReason": "http://inspire.ec.europa.eu/codelist/VoidReasonValue/Unpopulated", "@nil": "true" }, "spelling": { "@dataType": "SpellingOfName", "text": "Medzev", "script": "LATN" } } }, "nationalCadastalZoningReference": "836567", "validFrom": "2026-06-30T16:00:00Z", "validTo": { "@nilReason": "http://inspire.ec.europa.eu/codelist/VoidReasonValue/Unpopulated", "@nil": "true" }, "place_id": 189396049, "osm_type": "relation", "osm_id": 388209, "place_rank": 12, "category": "boundary", "type": "administrative", "importance": 0.54120382821693425, "addresstype": "county", "name_2": "okres Košice-okolie", "display_name": "okres Košice-okolie, Košický kraj, Slovensko" }, "geometry": { "type": "Polygon", "coordinates": [ [ [ 20.84315611, 48.75432951 ], [ 20.84380104, 48.7540143 ], [ 20.84405547, 48.75378244 ], [ 20.84423195, 48.75347675 ], [ 20.84433215, 48.75334755 ], [ 20.84440491, 48.75325379 ], [ 20.8443883, 48.75323989 ], [ 20.84502263, 48.75278581 ], [ 20.84482949, 48.75262021 ], [ 20.84498055, 48.75257841 ], [ 20.84501579, 48.75264104 ], [ 20.84570905, 48.7523862 ], [ 20.84592371, 48.75205031 ], [ 20.8461575, 48.75192814 ], [ 20.84634226, 48.75185958 ], [ 20.84669108, 48.75175515 ], [ 20.84706284, 48.75151345 ], [ 20.84733194, 48.75132145 ], [ 20.8473161, 48.75130812 ], [ 20.84727305, 48.75127196 ], [ 20.84740943, 48.75123325 ], [ 20.84762669, 48.75102154 ], [ 20.84718652, 48.75093533 ], [ 20.84750409, 48.75091133 ], [ 20.84766087, 48.75089016 ], [ 20.8479264, 48.75092343 ], [ 20.84815591, 48.75088315 ], [ 20.8482175, 48.75077199 ], [ 20.84830516, 48.75070152 ], [ 20.84861073, 48.75062054 ], [ 20.84883166, 48.75047992 ], [ 20.84928037, 48.75076039 ], [ 20.84984846, 48.75063153 ], [ 20.84990281, 48.75061917 ], [ 20.85021991, 48.75053012 ], [ 20.85038401, 48.75050929 ], [ 20.85087174, 48.75031642 ], [ 20.85077797, 48.75023251 ], [ 20.85073711, 48.75003352 ], [ 20.85073264, 48.74997429 ], [ 20.85094565, 48.74984069 ], [ 20.85108141, 48.74966948 ], [ 20.85138222, 48.74967136 ], [ 20.85165588, 48.74969644 ], [ 20.85176776, 48.74952568 ], [ 20.85184544, 48.74935004 ], [ 20.85196906, 48.74919283 ], [ 20.85162733, 48.74889921 ], [ 20.85162762, 48.74868597 ], [ 20.8516873, 48.74821452 ], [ 20.85169014, 48.74819219 ], [ 20.85219453, 48.74835164 ], [ 20.85268815, 48.74845939 ], [ 20.85373791, 48.74860004 ], [ 20.85410344, 48.74854947 ], [ 20.85411116, 48.74856739 ], [ 20.85414959, 48.74865705 ], [ 20.85415796, 48.74867364 ], [ 20.85478394, 48.74852153 ], [ 20.85508467, 48.74838391 ], [ 20.85584972, 48.74825035 ], [ 20.85622665, 48.74809265 ], [ 20.85653535, 48.74808056 ], [ 20.85703588, 48.74811945 ], [ 20.85706103, 48.7481078 ], [ 20.85712157, 48.74808088 ], [ 20.85758274, 48.74802954 ], [ 20.857732, 48.7479357 ], [ 20.85794624, 48.74798034 ], [ 20.85842414, 48.74798828 ], [ 20.85864674, 48.747883 ], [ 20.85986925, 48.74764967 ], [ 20.86027288, 48.74755762 ], [ 20.86033751, 48.74760514 ], [ 20.86040992, 48.74760033 ], [ 20.86063442, 48.74758543 ], [ 20.8608118, 48.74773713 ], [ 20.8609807, 48.74801083 ], [ 20.86144543, 48.7479922 ], [ 20.86162291, 48.74789094 ], [ 20.86250987, 48.74779989 ], [ 20.8626423, 48.74782866 ], [ 20.8626602, 48.74791986 ], [ 20.86341785, 48.7477344 ], [ 20.86422459, 48.74755134 ], [ 20.86498832, 48.74734374 ], [ 20.86586976, 48.74765501 ], [ 20.86649615, 48.74759075 ], [ 20.86764752, 48.7473332 ], [ 20.8681361, 48.74718018 ], [ 20.86925339, 48.74673847 ], [ 20.86956833, 48.7465161 ], [ 20.86988663, 48.74611861 ], [ 20.87029472, 48.74560893 ], [ 20.87098035, 48.74538061 ], [ 20.87137766, 48.74561943 ], [ 20.87207328, 48.74512408 ], [ 20.87245486, 48.74481196 ], [ 20.87247164, 48.7447993 ], [ 20.87261984, 48.74485083 ], [ 20.87267979, 48.74485568 ], [ 20.87276646, 48.74483217 ], [ 20.87314845, 48.74466783 ], [ 20.87329052, 48.74459588 ], [ 20.87353755, 48.74439694 ], [ 20.87358053, 48.74435923 ], [ 20.87381552, 48.74421508 ], [ 20.87378935, 48.74419807 ], [ 20.87385144, 48.74408141 ], [ 20.87378899, 48.74399373 ], [ 20.8736995, 48.74392448 ], [ 20.87363565, 48.74378496 ], [ 20.87345868, 48.74364518 ], [ 20.87376971, 48.74349319 ], [ 20.87399661, 48.74376597 ], [ 20.87416365, 48.74375241 ], [ 20.87434925, 48.74380451 ], [ 20.87464015, 48.74358437 ], [ 20.87475778, 48.74343296 ], [ 20.87495816, 48.74329771 ], [ 20.87516495, 48.74321806 ], [ 20.87524299, 48.74325612 ], [ 20.87527709, 48.74327278 ], [ 20.87529479, 48.74328149 ], [ 20.87583214, 48.7429881 ], [ 20.87596022, 48.74293637 ], [ 20.87619221, 48.74284264 ], [ 20.87713294, 48.74225865 ], [ 20.87711803, 48.74225265 ], [ 20.87709624, 48.74224398 ], [ 20.87708766, 48.74224054 ], [ 20.87710037, 48.74218586 ], [ 20.87710676, 48.74215807 ], [ 20.87738057, 48.74192285 ], [ 20.87740936, 48.74174075 ], [ 20.8775489, 48.74158586 ], [ 20.87758291, 48.74159846 ], [ 20.87769278, 48.74132665 ], [ 20.8777572, 48.74111894 ], [ 20.87802798, 48.74071143 ], [ 20.87820122, 48.740315 ], [ 20.87822533, 48.74012302 ], [ 20.87831999, 48.73993958 ], [ 20.87839352, 48.73972146 ], [ 20.8785216, 48.73946568 ], [ 20.87853411, 48.73943972 ], [ 20.87876203, 48.73874042 ], [ 20.87863149, 48.73870696 ], [ 20.87858525, 48.73843441 ], [ 20.87861872, 48.73803185 ], [ 20.87866217, 48.73784675 ], [ 20.87872764, 48.73776857 ], [ 20.87873094, 48.73776463 ], [ 20.87886531, 48.73760433 ], [ 20.87885811, 48.73744019 ], [ 20.87895703, 48.73720025 ], [ 20.87913222, 48.73689546 ], [ 20.87927083, 48.73682546 ], [ 20.8793349, 48.73668311 ], [ 20.87942655, 48.7366079 ], [ 20.87942812, 48.73649358 ], [ 20.87956804, 48.73617309 ], [ 20.87964202, 48.73594914 ], [ 20.87968262, 48.73586849 ], [ 20.8797435, 48.73574783 ], [ 20.88014115, 48.73486026 ], [ 20.88045071, 48.73435285 ], [ 20.88047104, 48.73404521 ], [ 20.88063272, 48.73360974 ], [ 20.88072845, 48.73350468 ], [ 20.88084575, 48.73330985 ], [ 20.88099048, 48.7331771 ], [ 20.88104812, 48.73312405 ], [ 20.88108874, 48.73297847 ], [ 20.88106451, 48.73290866 ], [ 20.88096074, 48.73260912 ], [ 20.88087153, 48.73253637 ], [ 20.88083889, 48.73250977 ], [ 20.88060681, 48.73253912 ], [ 20.88034048, 48.73263242 ], [ 20.88009791, 48.73270365 ], [ 20.87936174, 48.73290381 ], [ 20.87930371, 48.73287112 ], [ 20.87926888, 48.73285165 ], [ 20.87924998, 48.73284092 ], [ 20.87939268, 48.73274106 ], [ 20.87972936, 48.73233094 ], [ 20.87986374, 48.73184763 ], [ 20.88001537, 48.73189135 ], [ 20.88004562, 48.73189103 ], [ 20.88009752, 48.73189055 ], [ 20.88012355, 48.73186055 ], [ 20.88022374, 48.73174547 ], [ 20.88050992, 48.73174678 ], [ 20.88018041, 48.73143556 ], [ 20.88015635, 48.73140016 ], [ 20.8799937, 48.73111724 ], [ 20.87993857, 48.73112256 ], [ 20.87974089, 48.7307809 ], [ 20.87965509, 48.73047801 ], [ 20.87974895, 48.73004635 ], [ 20.8797241, 48.72966359 ], [ 20.87984628, 48.72949162 ], [ 20.87986953, 48.72945891 ], [ 20.87977804, 48.72941725 ], [ 20.87964731, 48.7292225 ], [ 20.87962319, 48.72908678 ], [ 20.87962481, 48.72892654 ], [ 20.87977982, 48.72874029 ], [ 20.87995129, 48.72864502 ], [ 20.87997495, 48.72856334 ], [ 20.88005622, 48.72828236 ], [ 20.88059059, 48.72783802 ], [ 20.88060975, 48.72778086 ], [ 20.88107629, 48.72717642 ], [ 20.8812853, 48.7268754 ], [ 20.8812922, 48.72686555 ], [ 20.8813681, 48.7267563 ], [ 20.88154492, 48.72642986 ], [ 20.88157978, 48.72612262 ], [ 20.88158399, 48.72583487 ], [ 20.88172069, 48.72541548 ], [ 20.88189733, 48.72513839 ], [ 20.88199709, 48.72491171 ], [ 20.88201862, 48.72454143 ], [ 20.88215569, 48.72442085 ], [ 20.88232876, 48.72425935 ], [ 20.88250332, 48.72377498 ], [ 20.88254421, 48.7235788 ], [ 20.88251192, 48.72324405 ], [ 20.88257089, 48.72314241 ], [ 20.88258737, 48.72293099 ], [ 20.88271753, 48.72287636 ], [ 20.88275375, 48.72275405 ], [ 20.8827868, 48.72264261 ], [ 20.88275723, 48.72252958 ], [ 20.88281734, 48.7224377 ], [ 20.88283474, 48.722307 ], [ 20.88292514, 48.72210765 ], [ 20.88287995, 48.72198562 ], [ 20.88289379, 48.72171386 ], [ 20.88275426, 48.72144533 ], [ 20.88268758, 48.72122531 ], [ 20.88266651, 48.72107483 ], [ 20.88252248, 48.72107361 ], [ 20.88251723, 48.72102399 ], [ 20.88274372, 48.7209486 ], [ 20.88270493, 48.72081598 ], [ 20.88276912, 48.72060016 ], [ 20.88276708, 48.72056172 ], [ 20.88275672, 48.72036118 ], [ 20.882673, 48.72019569 ], [ 20.88288094, 48.72017145 ], [ 20.88293756, 48.7200999 ], [ 20.88295882, 48.72001391 ], [ 20.88288911, 48.71997416 ], [ 20.88302303, 48.71944868 ], [ 20.88325775, 48.71889414 ], [ 20.88337752, 48.71868984 ], [ 20.88350903, 48.71828955 ], [ 20.88369456, 48.71803932 ], [ 20.88387096, 48.71767063 ], [ 20.88399168, 48.7176182 ], [ 20.88403885, 48.71755245 ], [ 20.8841984, 48.71733007 ], [ 20.88429536, 48.71695029 ], [ 20.88430899, 48.7168662 ], [ 20.88431219, 48.71684614 ], [ 20.88437691, 48.71644347 ], [ 20.88449047, 48.71601491 ], [ 20.88462555, 48.7157798 ], [ 20.88472795, 48.71569865 ], [ 20.88475914, 48.71567387 ], [ 20.88480033, 48.71564124 ], [ 20.88481854, 48.71564681 ], [ 20.88482765, 48.71565045 ], [ 20.88487497, 48.71566666 ], [ 20.8848957, 48.7155421 ], [ 20.8848752, 48.71544541 ], [ 20.88485158, 48.71533456 ], [ 20.88488523, 48.7150442 ], [ 20.88496713, 48.71490481 ], [ 20.88505132, 48.71481808 ], [ 20.88512472, 48.71474233 ], [ 20.88514677, 48.71471958 ], [ 20.8852567, 48.71460635 ], [ 20.88535033, 48.7145276 ], [ 20.88550442, 48.71407989 ], [ 20.88560449, 48.71378937 ], [ 20.8856823, 48.7137932 ], [ 20.88570141, 48.71379421 ], [ 20.88585908, 48.71340003 ], [ 20.88583225, 48.7133024 ], [ 20.88580363, 48.71308286 ], [ 20.88586047, 48.71308697 ], [ 20.88608684, 48.71309469 ], [ 20.88629324, 48.71305842 ], [ 20.88631736, 48.71296892 ], [ 20.88632556, 48.71293876 ], [ 20.88633588, 48.71290057 ], [ 20.88640446, 48.71274865 ], [ 20.88641022, 48.71273588 ], [ 20.88642172, 48.71271052 ], [ 20.88643488, 48.71268134 ], [ 20.88643985, 48.71266818 ], [ 20.88645322, 48.7126327 ], [ 20.88651442, 48.71247072 ], [ 20.88666404, 48.71229338 ], [ 20.88679402, 48.7122318 ], [ 20.88682298, 48.71221811 ], [ 20.88685591, 48.71220248 ], [ 20.88690922, 48.71226923 ], [ 20.88703319, 48.71236009 ], [ 20.88724026, 48.71244622 ], [ 20.88729614, 48.71246956 ], [ 20.8873374, 48.71245169 ], [ 20.88741621, 48.71242692 ], [ 20.88734164, 48.71234134 ], [ 20.88731686, 48.7122436 ], [ 20.88738983, 48.71222916 ], [ 20.88776539, 48.71216822 ], [ 20.88781781, 48.71193182 ], [ 20.88789607, 48.71165551 ], [ 20.88839697, 48.71166403 ], [ 20.88848915, 48.71139234 ], [ 20.88871841, 48.71100284 ], [ 20.88894774, 48.71074177 ], [ 20.88895714, 48.7107311 ], [ 20.88908908, 48.71063042 ], [ 20.88971446, 48.71032089 ], [ 20.88964481, 48.7100742 ], [ 20.88959564, 48.70994889 ], [ 20.88949245, 48.70968557 ], [ 20.88935489, 48.70965917 ], [ 20.88909252, 48.70960889 ], [ 20.88906142, 48.70960288 ], [ 20.88903708, 48.7095799 ], [ 20.88867556, 48.70923879 ], [ 20.88869354, 48.70903057 ], [ 20.8887917, 48.70889695 ], [ 20.88905711, 48.70869311 ], [ 20.88966379, 48.70844364 ], [ 20.88970263, 48.70842714 ], [ 20.89023622, 48.70820047 ], [ 20.89044726, 48.70811653 ], [ 20.89088491, 48.70794252 ], [ 20.89242072, 48.70737485 ], [ 20.89271324, 48.70726477 ], [ 20.89321787, 48.70705503 ], [ 20.89349307, 48.70692969 ], [ 20.89352368, 48.70691569 ], [ 20.8935571, 48.70690062 ], [ 20.89358122, 48.70688973 ], [ 20.89383898, 48.70677334 ], [ 20.89415412, 48.70660676 ], [ 20.89422858, 48.70656949 ], [ 20.8945359, 48.70641597 ], [ 20.89478359, 48.70628564 ], [ 20.89480629, 48.70627362 ], [ 20.89504714, 48.70616476 ], [ 20.89522826, 48.70606637 ], [ 20.89536712, 48.70597772 ], [ 20.89541823, 48.70594506 ], [ 20.89574528, 48.70578797 ], [ 20.89588934, 48.70571291 ], [ 20.89589658, 48.70570901 ], [ 20.89603022, 48.70563684 ], [ 20.89603502, 48.70563466 ], [ 20.89604815, 48.70562844 ], [ 20.8960593, 48.70562324 ], [ 20.89610208, 48.70560326 ], [ 20.89636596, 48.70547987 ], [ 20.89638572, 48.70547064 ], [ 20.89648592, 48.70540336 ], [ 20.89662013, 48.70531319 ], [ 20.89700747, 48.70518895 ], [ 20.8973485, 48.70507944 ], [ 20.89742161, 48.70505599 ], [ 20.89764745, 48.70497731 ], [ 20.89768199, 48.70496525 ], [ 20.89791189, 48.70488509 ], [ 20.89846048, 48.70469394 ], [ 20.89901953, 48.70451511 ], [ 20.8996826, 48.70432118 ], [ 20.89971656, 48.70431144 ], [ 20.90053451, 48.70407648 ], [ 20.90111255, 48.70392449 ], [ 20.90163381, 48.70377832 ], [ 20.90216304, 48.70368194 ], [ 20.90227093, 48.70367318 ], [ 20.90318109, 48.70359965 ], [ 20.90365031, 48.70358416 ], [ 20.90427067, 48.70360037 ], [ 20.90465374, 48.70357466 ], [ 20.90470079, 48.70357149 ], [ 20.90605944, 48.70326003 ], [ 20.90720988, 48.70298066 ], [ 20.90769355, 48.70287848 ], [ 20.90824312, 48.70277214 ], [ 20.90894656, 48.70267111 ], [ 20.90937826, 48.70261632 ], [ 20.90939335, 48.70261467 ], [ 20.90967509, 48.70258326 ], [ 20.90992087, 48.70255584 ], [ 20.91014786, 48.70253049 ], [ 20.91058576, 48.70248168 ], [ 20.91078447, 48.70245951 ], [ 20.91079902, 48.70245793 ], [ 20.91101955, 48.70243326 ], [ 20.91105663, 48.70243056 ], [ 20.91118783, 48.70242114 ], [ 20.91127133, 48.70241623 ], [ 20.91147526, 48.70240225 ], [ 20.91171051, 48.70238609 ], [ 20.91194424, 48.70233855 ], [ 20.91215807, 48.70229501 ], [ 20.91241268, 48.70224321 ], [ 20.91313645, 48.70205667 ], [ 20.91364755, 48.70192504 ], [ 20.91374222, 48.70178804 ], [ 20.91360563, 48.70123734 ], [ 20.91346239, 48.70101015 ], [ 20.91309819, 48.70056529 ], [ 20.91309962, 48.70045179 ], [ 20.91329633, 48.70027241 ], [ 20.91315814, 48.69983755 ], [ 20.91357204, 48.69954468 ], [ 20.91362889, 48.69942342 ], [ 20.91354989, 48.69921534 ], [ 20.91327608, 48.69878561 ], [ 20.91325195, 48.6984344 ], [ 20.91321057, 48.69835564 ], [ 20.91326222, 48.69811335 ], [ 20.91318533, 48.69797306 ], [ 20.91326763, 48.69790093 ], [ 20.91325554, 48.69786909 ], [ 20.91360975, 48.69777961 ], [ 20.91385169, 48.69767668 ], [ 20.91463554, 48.69712196 ], [ 20.91512575, 48.69684987 ], [ 20.9159316, 48.69645195 ], [ 20.91614589, 48.69634223 ], [ 20.91685915, 48.69618133 ], [ 20.91793521, 48.69597607 ], [ 20.91870219, 48.69589091 ], [ 20.91921372, 48.6958478 ], [ 20.91961162, 48.6958564 ], [ 20.92006108, 48.69590547 ], [ 20.92039486, 48.69584427 ], [ 20.92094673, 48.69580009 ], [ 20.92179961, 48.6958338 ], [ 20.92268018, 48.69588771 ], [ 20.92330758, 48.69595242 ], [ 20.92356993, 48.69596372 ], [ 20.92508168, 48.6959399 ], [ 20.92543867, 48.69595682 ], [ 20.92640004, 48.69595787 ], [ 20.92709391, 48.69592089 ], [ 20.92756365, 48.69584977 ], [ 20.92808993, 48.69571049 ], [ 20.92880894, 48.6954883 ], [ 20.92905185, 48.6954675 ], [ 20.92959143, 48.69548572 ], [ 20.92984834, 48.69556931 ], [ 20.93096686, 48.69566505 ], [ 20.93163369, 48.69569475 ], [ 20.93206804, 48.69560792 ], [ 20.9324811, 48.69546724 ], [ 20.93306541, 48.69504714 ], [ 20.93336202, 48.69489766 ], [ 20.93391622, 48.69467961 ], [ 20.9341889, 48.69460416 ], [ 20.93456573, 48.69460002 ], [ 20.93467314, 48.69462723 ], [ 20.93488195, 48.69447488 ], [ 20.9350199, 48.69439858 ], [ 20.93510522, 48.69426197 ], [ 20.93522965, 48.6941455 ], [ 20.93542423, 48.69401023 ], [ 20.93545566, 48.6939216 ], [ 20.9355935, 48.69382187 ], [ 20.93579379, 48.69377324 ], [ 20.93595833, 48.69377384 ], [ 20.93604751, 48.69376387 ], [ 20.93628031, 48.69364448 ], [ 20.93643856, 48.69353572 ], [ 20.93646218, 48.69352751 ], [ 20.93648146, 48.69352086 ], [ 20.93700946, 48.69355495 ], [ 20.93724051, 48.69352195 ], [ 20.9375098, 48.69340549 ], [ 20.93765748, 48.69333869 ], [ 20.93788829, 48.69337258 ], [ 20.93801206, 48.69342574 ], [ 20.93815089, 48.69351848 ], [ 20.93840048, 48.69371158 ], [ 20.93863544, 48.69371265 ], [ 20.93876026, 48.69371325 ], [ 20.93881656, 48.69369219 ], [ 20.93894624, 48.69364369 ], [ 20.93916951, 48.69351181 ], [ 20.93926754, 48.69348765 ], [ 20.93924317, 48.69345243 ], [ 20.93924203, 48.6934514 ], [ 20.93898707, 48.69323255 ], [ 20.93886956, 48.6930765 ], [ 20.93881699, 48.69300665 ], [ 20.93879838, 48.69297082 ], [ 20.93810091, 48.69285529 ], [ 20.937774, 48.69281889 ], [ 20.93765325, 48.69281491 ], [ 20.93748926, 48.69282316 ], [ 20.93722281, 48.6927752 ], [ 20.93704691, 48.69276495 ], [ 20.9368874, 48.69277146 ], [ 20.9367581, 48.69276719 ], [ 20.93664261, 48.69280103 ], [ 20.93622519, 48.69275473 ], [ 20.9357952, 48.6926827 ], [ 20.93524534, 48.69266416 ], [ 20.93489764, 48.69264164 ], [ 20.93449444, 48.69255546 ], [ 20.93410274, 48.69249669 ], [ 20.93383106, 48.69254859 ], [ 20.93371605, 48.69260621 ], [ 20.93337018, 48.69260941 ], [ 20.93309234, 48.69256105 ], [ 20.93287455, 48.6925084 ], [ 20.93281816, 48.69249876 ], [ 20.93238989, 48.6924256 ], [ 20.93235878, 48.69242329 ], [ 20.93202852, 48.69227851 ], [ 20.9317857, 48.69219405 ], [ 20.93154137, 48.69217509 ], [ 20.93112336, 48.69211371 ], [ 20.93101173, 48.69207951 ], [ 20.93076004, 48.6920114 ], [ 20.93071686, 48.69199977 ], [ 20.93055647, 48.69201786 ], [ 20.9303562, 48.69199381 ], [ 20.93004715, 48.69197996 ], [ 20.92989872, 48.69191497 ], [ 20.92972769, 48.69189272 ], [ 20.9293883, 48.69176951 ], [ 20.92902856, 48.6917055 ], [ 20.92884748, 48.69168317 ], [ 20.92868268, 48.69164888 ], [ 20.9285851, 48.69147476 ], [ 20.92853119, 48.6914525 ], [ 20.92813152, 48.69131546 ], [ 20.92807211, 48.69126203 ], [ 20.92791277, 48.69114634 ], [ 20.92768194, 48.69106713 ], [ 20.92751644, 48.69103489 ], [ 20.92745154, 48.69102099 ], [ 20.92734475, 48.69100009 ], [ 20.92710608, 48.69095376 ], [ 20.92664505, 48.6910041 ], [ 20.92642129, 48.69100969 ], [ 20.92614844, 48.69098498 ], [ 20.92572438, 48.69097047 ], [ 20.92564186, 48.69101055 ], [ 20.92548253, 48.69107649 ], [ 20.92541259, 48.69110159 ], [ 20.92523742, 48.69114376 ], [ 20.92501799, 48.69111779 ], [ 20.92472962, 48.69108976 ], [ 20.92438196, 48.69113744 ], [ 20.92406394, 48.69120828 ], [ 20.92359673, 48.69132459 ], [ 20.92322724, 48.69138378 ], [ 20.92302671, 48.69140725 ], [ 20.92263527, 48.69153044 ], [ 20.92230835, 48.69156666 ], [ 20.92191757, 48.6915756 ], [ 20.92144778, 48.69163535 ], [ 20.92106857, 48.69166881 ], [ 20.92088945, 48.69168976 ], [ 20.92054962, 48.69177336 ], [ 20.92047791, 48.69180542 ], [ 20.92037855, 48.6918451 ], [ 20.92036816, 48.69184926 ], [ 20.92029687, 48.69187773 ], [ 20.92020537, 48.69186131 ], [ 20.92012448, 48.69184839 ], [ 20.92007708, 48.69183517 ], [ 20.919916, 48.69187268 ], [ 20.91982486, 48.69187986 ], [ 20.91979034, 48.69187599 ], [ 20.91976784, 48.69188198 ], [ 20.91970139, 48.69190233 ], [ 20.91961754, 48.69191192 ], [ 20.91932138, 48.69199537 ], [ 20.91913941, 48.69201092 ], [ 20.91897593, 48.69202483 ], [ 20.91893872, 48.69202763 ], [ 20.91883733, 48.69203536 ], [ 20.91879537, 48.69202214 ], [ 20.91868889, 48.69189499 ], [ 20.91868993, 48.69188512 ], [ 20.9186936, 48.69188164 ], [ 20.91877353, 48.69180474 ], [ 20.91881218, 48.69176742 ], [ 20.91882466, 48.69173434 ], [ 20.91883627, 48.69170376 ], [ 20.9188409, 48.6916914 ], [ 20.91885712, 48.69164872 ], [ 20.91902355, 48.69149262 ], [ 20.91913297, 48.69136494 ], [ 20.91937938, 48.69126693 ], [ 20.91958532, 48.69105706 ], [ 20.91968304, 48.69095411 ], [ 20.91979885, 48.69088464 ], [ 20.91979408, 48.69066448 ], [ 20.91982583, 48.6905104 ], [ 20.91982268, 48.69041727 ], [ 20.91971999, 48.69031681 ], [ 20.91948634, 48.69015437 ], [ 20.91923618, 48.68996094 ], [ 20.91902544, 48.68984547 ], [ 20.91889082, 48.68968819 ], [ 20.91875546, 48.68953358 ], [ 20.91872325, 48.68947684 ], [ 20.91853554, 48.68936783 ], [ 20.9184363, 48.68913817 ], [ 20.91831155, 48.68900472 ], [ 20.91816065, 48.6889826 ], [ 20.91806121, 48.68904452 ], [ 20.91777965, 48.68908703 ], [ 20.91776561, 48.68908917 ], [ 20.91737871, 48.68913262 ], [ 20.91693365, 48.68914879 ], [ 20.91680074, 48.68914564 ], [ 20.91681785, 48.68891893 ], [ 20.91536066, 48.68880599 ], [ 20.91526452, 48.6891859 ], [ 20.91508431, 48.68914711 ], [ 20.91487641, 48.68910233 ], [ 20.91482431, 48.68909183 ], [ 20.91465866, 48.6890583 ], [ 20.91459321, 48.68904636 ], [ 20.9141805, 48.68897141 ], [ 20.91378483, 48.68892233 ], [ 20.91364222, 48.688874 ], [ 20.91352739, 48.6891454 ], [ 20.91350338, 48.68916395 ], [ 20.91324798, 48.68914772 ], [ 20.91288849, 48.68907043 ], [ 20.91277664, 48.68906583 ], [ 20.91245657, 48.6890575 ], [ 20.91208992, 48.68901661 ], [ 20.91191713, 48.68900327 ], [ 20.91169737, 48.68896592 ], [ 20.91153205, 48.68894041 ], [ 20.91129797, 48.68891933 ], [ 20.91097861, 48.68886149 ], [ 20.91067668, 48.68869077 ], [ 20.91029301, 48.68858158 ], [ 20.91017012, 48.68853509 ], [ 20.90990098, 48.68844338 ], [ 20.90963693, 48.68831402 ], [ 20.90940281, 48.68817577 ], [ 20.90913782, 48.68800595 ], [ 20.90885707, 48.68783586 ], [ 20.90848712, 48.68759871 ], [ 20.90797747, 48.68730927 ], [ 20.90765596, 48.68708431 ], [ 20.90748139, 48.68686207 ], [ 20.90744114, 48.68680235 ], [ 20.90736073, 48.68668328 ], [ 20.90719373, 48.68640907 ], [ 20.90705228, 48.68603325 ], [ 20.90681019, 48.68569256 ], [ 20.90652529, 48.68519516 ], [ 20.90631834, 48.68497336 ], [ 20.90604745, 48.68463763 ], [ 20.90576887, 48.68440133 ], [ 20.90559753, 48.6841711 ], [ 20.90556279, 48.684056 ], [ 20.90553748, 48.68405793 ], [ 20.90508241, 48.68385634 ], [ 20.90463655, 48.68353762 ], [ 20.90442414, 48.68334598 ], [ 20.90425454, 48.68331455 ], [ 20.90418722, 48.68336557 ], [ 20.9038786, 48.68344514 ], [ 20.90365165, 48.68315862 ], [ 20.90287243, 48.68270547 ], [ 20.90263494, 48.68264642 ], [ 20.90220702, 48.68233515 ], [ 20.90188742, 48.68217921 ], [ 20.90181415, 48.682042 ], [ 20.90171735, 48.68169083 ], [ 20.90169047, 48.68131665 ], [ 20.90168731, 48.68094517 ], [ 20.90165319, 48.68074337 ], [ 20.90192002, 48.68070094 ], [ 20.90217965, 48.68049364 ], [ 20.90223754, 48.68010298 ], [ 20.90220437, 48.68007123 ], [ 20.90227297, 48.67993011 ], [ 20.90244658, 48.67973421 ], [ 20.90250619, 48.67962655 ], [ 20.90262086, 48.67954715 ], [ 20.90281657, 48.6792941 ], [ 20.90336523, 48.67854712 ], [ 20.90356506, 48.67828826 ], [ 20.90351604, 48.67818034 ], [ 20.90386359, 48.67823492 ], [ 20.90401019, 48.67810492 ], [ 20.90405879, 48.67787261 ], [ 20.9040817, 48.6776506 ], [ 20.90413108, 48.6776539 ], [ 20.90422918, 48.67717564 ], [ 20.90433452, 48.67705684 ], [ 20.90447059, 48.67692233 ], [ 20.90477087, 48.6766884 ], [ 20.90480747, 48.67667578 ], [ 20.90523106, 48.67652979 ], [ 20.90558716, 48.67628083 ], [ 20.90578014, 48.67615222 ], [ 20.90613021, 48.67598455 ], [ 20.90634967, 48.67577741 ], [ 20.90660742, 48.67548845 ], [ 20.90669039, 48.67508595 ], [ 20.90682321, 48.67468928 ], [ 20.9068379, 48.67464538 ], [ 20.90711541, 48.67411152 ], [ 20.90712133, 48.67409821 ], [ 20.9074403, 48.67409149 ], [ 20.90764214, 48.67412401 ], [ 20.90788321, 48.67418559 ], [ 20.9080532, 48.67429952 ], [ 20.90836981, 48.67447786 ], [ 20.90847983, 48.67456894 ], [ 20.90863263, 48.67461862 ], [ 20.90877791, 48.67466695 ], [ 20.90897382, 48.67480436 ], [ 20.90959472, 48.67493917 ], [ 20.90979678, 48.67491442 ], [ 20.90996238, 48.67484431 ], [ 20.91017865, 48.67469919 ], [ 20.91025153, 48.67464827 ], [ 20.91042789, 48.67444956 ], [ 20.91071221, 48.67409261 ], [ 20.91079074, 48.67391589 ], [ 20.91103998, 48.67350255 ], [ 20.9112397, 48.67319162 ], [ 20.9114414, 48.67300089 ], [ 20.91223645, 48.67251655 ], [ 20.9125289, 48.67236203 ], [ 20.91288739, 48.67217095 ], [ 20.91308461, 48.67206093 ], [ 20.91335545, 48.67198006 ], [ 20.91360225, 48.67190405 ], [ 20.91441944, 48.67156561 ], [ 20.91492575, 48.67146733 ], [ 20.91536801, 48.67132689 ], [ 20.91571047, 48.67117758 ], [ 20.91591096, 48.67102687 ], [ 20.91611789, 48.67086144 ], [ 20.9167213, 48.67071169 ], [ 20.91712588, 48.67057132 ], [ 20.91839835, 48.67044774 ], [ 20.91952794, 48.67041737 ], [ 20.92068788, 48.67013984 ], [ 20.92110278, 48.66996415 ], [ 20.92150876, 48.66973655 ], [ 20.92180394, 48.66953357 ], [ 20.92185426, 48.66945765 ], [ 20.92225712, 48.66823533 ], [ 20.92220773, 48.66824293 ], [ 20.92191982, 48.66830235 ], [ 20.92117367, 48.6682816 ], [ 20.92038161, 48.66830972 ], [ 20.92011255, 48.66836094 ], [ 20.91924449, 48.6684225 ], [ 20.91901368, 48.66850654 ], [ 20.91840917, 48.66860583 ], [ 20.91722868, 48.66873424 ], [ 20.91672417, 48.66884141 ], [ 20.91631079, 48.66898319 ], [ 20.91564753, 48.66913902 ], [ 20.9148341, 48.66919699 ], [ 20.9146481, 48.66919366 ], [ 20.91449333, 48.66919084 ], [ 20.91406201, 48.66919513 ], [ 20.91325092, 48.6693108 ], [ 20.91169406, 48.6694534 ], [ 20.91119892, 48.66961491 ], [ 20.91077421, 48.66963922 ], [ 20.91038113, 48.66960606 ], [ 20.9087623, 48.6698816 ], [ 20.90760748, 48.66992343 ], [ 20.90556565, 48.6700954 ], [ 20.90498978, 48.67005242 ], [ 20.90443575, 48.67011373 ], [ 20.90417606, 48.67011391 ], [ 20.90337669, 48.67022866 ], [ 20.90331556, 48.67023504 ], [ 20.90323731, 48.67024652 ], [ 20.9018853, 48.67044486 ], [ 20.90008913, 48.67072685 ], [ 20.89895213, 48.67073138 ], [ 20.89764974, 48.67109768 ], [ 20.89657438, 48.67128889 ], [ 20.89466508, 48.67139855 ], [ 20.89451683, 48.67134667 ], [ 20.89420167, 48.67130801 ], [ 20.89384026, 48.67146229 ], [ 20.89343865, 48.67148643 ], [ 20.89246532, 48.67151898 ], [ 20.89199961, 48.6714932 ], [ 20.89167368, 48.67154062 ], [ 20.89149314, 48.67158939 ], [ 20.89114802, 48.67163886 ], [ 20.89069689, 48.6716703 ], [ 20.89007139, 48.67177594 ], [ 20.88984719, 48.67175658 ], [ 20.88925435, 48.6718093 ], [ 20.88808672, 48.6718577 ], [ 20.88795653, 48.67185326 ], [ 20.88742454, 48.67192785 ], [ 20.88562333, 48.67204556 ], [ 20.88514661, 48.67205629 ], [ 20.8847489, 48.67210349 ], [ 20.88474355, 48.67210412 ], [ 20.88470402, 48.6721088 ], [ 20.88468138, 48.67211154 ], [ 20.88425737, 48.67210876 ], [ 20.8838635, 48.67214681 ], [ 20.88379706, 48.67215319 ], [ 20.88374705, 48.67215805 ], [ 20.8836465, 48.67216768 ], [ 20.88360129, 48.67217208 ], [ 20.88359568, 48.6721726 ], [ 20.88272456, 48.67221938 ], [ 20.88198503, 48.67230487 ], [ 20.88130932, 48.67235651 ], [ 20.88116214, 48.6723956 ], [ 20.8807887, 48.67242273 ], [ 20.880715, 48.67242804 ], [ 20.87936373, 48.67268621 ], [ 20.87874089, 48.672827 ], [ 20.87785992, 48.67298237 ], [ 20.87629618, 48.6733494 ], [ 20.87546696, 48.67352093 ], [ 20.87536522, 48.67353185 ], [ 20.87533395, 48.67353519 ], [ 20.87527732, 48.67354127 ], [ 20.87516515, 48.67355337 ], [ 20.87514636, 48.67355542 ], [ 20.87510921, 48.67355938 ], [ 20.87509179, 48.6735613 ], [ 20.87500513, 48.67357058 ], [ 20.87497085, 48.67357427 ], [ 20.87493355, 48.6735783 ], [ 20.8746971, 48.67362001 ], [ 20.87463478, 48.67363102 ], [ 20.87453524, 48.67364859 ], [ 20.87413996, 48.67371827 ], [ 20.87410384, 48.67372468 ], [ 20.87409253, 48.67372664 ], [ 20.87382106, 48.67377452 ], [ 20.87371185, 48.67379582 ], [ 20.87364684, 48.67385519 ], [ 20.87364201, 48.67385961 ], [ 20.87359838, 48.67389945 ], [ 20.87348521, 48.67400265 ], [ 20.87347276, 48.67401402 ], [ 20.87345359, 48.67403147 ], [ 20.87340235, 48.67407825 ], [ 20.87329899, 48.67417251 ], [ 20.87316131, 48.6742936 ], [ 20.87315197, 48.67430174 ], [ 20.87275587, 48.6746501 ], [ 20.87261312, 48.67495797 ], [ 20.87260543, 48.67497454 ], [ 20.87246007, 48.67540813 ], [ 20.87216761, 48.67553138 ], [ 20.87212108, 48.67543073 ], [ 20.87173162, 48.6757686 ], [ 20.87143395, 48.67562781 ], [ 20.87137671, 48.67568169 ], [ 20.87143039, 48.67584742 ], [ 20.87134492, 48.67619301 ], [ 20.87120851, 48.67623336 ], [ 20.87111247, 48.67641828 ], [ 20.8706872, 48.676727 ], [ 20.8706536, 48.67684382 ], [ 20.87030286, 48.67699578 ], [ 20.87009905, 48.67708416 ], [ 20.87002571, 48.67712992 ], [ 20.8697431, 48.6773061 ], [ 20.86956702, 48.6775234 ], [ 20.86906303, 48.67774296 ], [ 20.86864721, 48.67775661 ], [ 20.86833435, 48.67801875 ], [ 20.86794419, 48.67812153 ], [ 20.86779935, 48.67821743 ], [ 20.86786701, 48.67827378 ], [ 20.86768655, 48.67837295 ], [ 20.86761917, 48.67848681 ], [ 20.86725941, 48.67871906 ], [ 20.86724824, 48.67872624 ], [ 20.86724894, 48.67874337 ], [ 20.86725571, 48.67892642 ], [ 20.86731941, 48.67897957 ], [ 20.86763484, 48.67924291 ], [ 20.86810812, 48.67955542 ], [ 20.86811738, 48.67987183 ], [ 20.86787381, 48.68036058 ], [ 20.86801825, 48.68066992 ], [ 20.86797006, 48.68088619 ], [ 20.8681406, 48.68122705 ], [ 20.86811705, 48.6812221 ], [ 20.86749891, 48.68108526 ], [ 20.86717899, 48.68103737 ], [ 20.86680992, 48.68100939 ], [ 20.86649625, 48.68093379 ], [ 20.86626878, 48.68083413 ], [ 20.86608582, 48.68082605 ], [ 20.86590478, 48.6807586 ], [ 20.86580333, 48.68102979 ], [ 20.86580599, 48.68104447 ], [ 20.86584682, 48.68127353 ], [ 20.86583369, 48.68129181 ], [ 20.86564679, 48.68155303 ], [ 20.86563285, 48.68156093 ], [ 20.86560326, 48.68157757 ], [ 20.86517871, 48.68181704 ], [ 20.86502135, 48.68195789 ], [ 20.865012, 48.68196621 ], [ 20.8648355, 48.68204931 ], [ 20.8646385, 48.68223796 ], [ 20.86459033, 48.68226089 ], [ 20.86413561, 48.68247735 ], [ 20.86395649, 48.68252433 ], [ 20.86382888, 48.68266044 ], [ 20.86359665, 48.68276053 ], [ 20.86288844, 48.6828776 ], [ 20.86284598, 48.68288839 ], [ 20.86240696, 48.68299974 ], [ 20.86183005, 48.68295111 ], [ 20.86173681, 48.68299212 ], [ 20.86153567, 48.68308058 ], [ 20.86160076, 48.68325662 ], [ 20.86169714, 48.68344995 ], [ 20.86168255, 48.68354941 ], [ 20.86121064, 48.68400058 ], [ 20.86142421, 48.68405205 ], [ 20.86165952, 48.68419071 ], [ 20.86192143, 48.68444105 ], [ 20.8619353, 48.68457661 ], [ 20.86214296, 48.68458194 ], [ 20.86229286, 48.68475189 ], [ 20.86232387, 48.68484211 ], [ 20.86214406, 48.68500209 ], [ 20.86212067, 48.6850229 ], [ 20.86187653, 48.6852401 ], [ 20.86159106, 48.68537708 ], [ 20.86145694, 48.68550936 ], [ 20.86137687, 48.6856633 ], [ 20.86129397, 48.68576672 ], [ 20.86069801, 48.68594346 ], [ 20.86067982, 48.68595517 ], [ 20.85946887, 48.68673693 ], [ 20.85944723, 48.68674924 ], [ 20.85890097, 48.68705872 ], [ 20.85863778, 48.68708479 ], [ 20.85859956, 48.68719064 ], [ 20.85813654, 48.68733682 ], [ 20.85775281, 48.68739117 ], [ 20.85744814, 48.6875473 ], [ 20.85711993, 48.68765668 ], [ 20.85653958, 48.68763402 ], [ 20.85589836, 48.68778037 ], [ 20.85590223, 48.68780031 ], [ 20.85559192, 48.68782026 ], [ 20.85514791, 48.68779327 ], [ 20.85487581, 48.68782894 ], [ 20.85471474, 48.68781889 ], [ 20.85445422, 48.68788017 ], [ 20.85431995, 48.687962 ], [ 20.85401232, 48.68817295 ], [ 20.85443316, 48.68851254 ], [ 20.85473322, 48.68879663 ], [ 20.85473167, 48.68881639 ], [ 20.85438319, 48.68880259 ], [ 20.85404086, 48.68886646 ], [ 20.85338273, 48.68912388 ], [ 20.85306884, 48.68906805 ], [ 20.85274278, 48.68920181 ], [ 20.85241702, 48.68921041 ], [ 20.85195508, 48.68925574 ], [ 20.85119316, 48.68946635 ], [ 20.85030817, 48.68977177 ], [ 20.85002661, 48.68994488 ], [ 20.84936668, 48.69013828 ], [ 20.8487905, 48.69042552 ], [ 20.84854036, 48.69061412 ], [ 20.84823461, 48.69074011 ], [ 20.84821563, 48.69074792 ], [ 20.84818454, 48.69078179 ], [ 20.84812899, 48.69086381 ], [ 20.84807609, 48.69127714 ], [ 20.84766238, 48.69179871 ], [ 20.84742701, 48.69198962 ], [ 20.84723895, 48.69201304 ], [ 20.84715007, 48.69202411 ], [ 20.8467113, 48.69213065 ], [ 20.84630197, 48.69228494 ], [ 20.8459455, 48.69247618 ], [ 20.84561132, 48.69267808 ], [ 20.84528808, 48.69291369 ], [ 20.84506435, 48.69312931 ], [ 20.84431958, 48.69408883 ], [ 20.84402881, 48.69422289 ], [ 20.84354608, 48.69468713 ], [ 20.8433191, 48.69486437 ], [ 20.84327796, 48.69489798 ], [ 20.84315862, 48.69499526 ], [ 20.84273927, 48.69534552 ], [ 20.84243049, 48.69575993 ], [ 20.84202648, 48.6965889 ], [ 20.84162801, 48.69710558 ], [ 20.8413348, 48.69754664 ], [ 20.84116933, 48.69790295 ], [ 20.84111897, 48.69835239 ], [ 20.84114446, 48.69873691 ], [ 20.84119786, 48.69900892 ], [ 20.84115962, 48.69914899 ], [ 20.84120828, 48.69929115 ], [ 20.84127806, 48.69970061 ], [ 20.84125248, 48.69990623 ], [ 20.84110981, 48.70035131 ], [ 20.84080934, 48.70105688 ], [ 20.84081108, 48.70108666 ], [ 20.84092961, 48.70136957 ], [ 20.84105047, 48.70160554 ], [ 20.84120041, 48.70177462 ], [ 20.84118027, 48.70179896 ], [ 20.84108821, 48.70191573 ], [ 20.8410217, 48.70198458 ], [ 20.84094195, 48.70206783 ], [ 20.84085683, 48.70214829 ], [ 20.8405007, 48.70250504 ], [ 20.84048881, 48.70251607 ], [ 20.84042612, 48.70257442 ], [ 20.84038316, 48.70262058 ], [ 20.84038172, 48.70262161 ], [ 20.84037752, 48.70262488 ], [ 20.84035521, 48.70264204 ], [ 20.84033493, 48.70266124 ], [ 20.84033387, 48.70266255 ], [ 20.84029774, 48.70270489 ], [ 20.84028014, 48.70278497 ], [ 20.84027025, 48.70282417 ], [ 20.84026983, 48.70282613 ], [ 20.84025375, 48.70290582 ], [ 20.84025267, 48.70290911 ], [ 20.84025272, 48.70291371 ], [ 20.84025256, 48.70293478 ], [ 20.84023831, 48.70299642 ], [ 20.84019491, 48.70321403 ], [ 20.84019356, 48.70323118 ], [ 20.84014445, 48.70345039 ], [ 20.84010794, 48.70362024 ], [ 20.84009237, 48.70370039 ], [ 20.84007404, 48.70378972 ], [ 20.84006528, 48.70387669 ], [ 20.84011798, 48.70399873 ], [ 20.84013439, 48.70402361 ], [ 20.84039004, 48.70441211 ], [ 20.84060558, 48.70468819 ], [ 20.84075248, 48.70495298 ], [ 20.84072845, 48.7051509 ], [ 20.84076266, 48.7055422 ], [ 20.84107044, 48.70588756 ], [ 20.84119134, 48.70624944 ], [ 20.8411755, 48.70647466 ], [ 20.84110911, 48.7066351 ], [ 20.84106748, 48.70678874 ], [ 20.84108985, 48.70706958 ], [ 20.84115773, 48.70729445 ], [ 20.8411168, 48.70771207 ], [ 20.84112378, 48.70787558 ], [ 20.8410495, 48.70806538 ], [ 20.84102739, 48.70823554 ], [ 20.84106131, 48.70845437 ], [ 20.84115241, 48.70876614 ], [ 20.84102341, 48.70910651 ], [ 20.8409561, 48.70926133 ], [ 20.84086261, 48.70942201 ], [ 20.84057906, 48.7097447 ], [ 20.84040137, 48.71008456 ], [ 20.8400592, 48.71035319 ], [ 20.84004063, 48.71037128 ], [ 20.84001336, 48.71039789 ], [ 20.8397611, 48.71065656 ], [ 20.83971683, 48.7107676 ], [ 20.83968035, 48.71084541 ], [ 20.83959289, 48.71091749 ], [ 20.83951071, 48.71099157 ], [ 20.8387823, 48.71189597 ], [ 20.83852671, 48.71211201 ], [ 20.83800635, 48.71256413 ], [ 20.8377592, 48.71271112 ], [ 20.83744301, 48.71329862 ], [ 20.83740617, 48.71352077 ], [ 20.8373316, 48.71361393 ], [ 20.83705157, 48.71385848 ], [ 20.83697631, 48.7140794 ], [ 20.83697404, 48.71434282 ], [ 20.83692559, 48.71449992 ], [ 20.83734047, 48.71478694 ], [ 20.83741062, 48.71493111 ], [ 20.83776489, 48.7154518 ], [ 20.83782693, 48.71562288 ], [ 20.8378144, 48.71568693 ], [ 20.83773695, 48.71581655 ], [ 20.83755401, 48.71640361 ], [ 20.83763776, 48.71659805 ], [ 20.83772112, 48.71670233 ], [ 20.83796143, 48.71682184 ], [ 20.83803762, 48.71698955 ], [ 20.83805929, 48.71710818 ], [ 20.83821226, 48.71719622 ], [ 20.83814936, 48.71748817 ], [ 20.83810101, 48.71756638 ], [ 20.83806001, 48.71774625 ], [ 20.83808039, 48.71803495 ], [ 20.83808368, 48.71832459 ], [ 20.83799332, 48.71870069 ], [ 20.83796921, 48.71897705 ], [ 20.83830697, 48.71937451 ], [ 20.83832874, 48.71936779 ], [ 20.8383894, 48.71946318 ], [ 20.83839726, 48.71947219 ], [ 20.83840427, 48.71946964 ], [ 20.838634, 48.71979772 ], [ 20.83880135, 48.72006249 ], [ 20.83896875, 48.72032502 ], [ 20.83908854, 48.72053358 ], [ 20.8391135, 48.72052769 ], [ 20.83927856, 48.72079923 ], [ 20.83946742, 48.72123837 ], [ 20.83949902, 48.72123118 ], [ 20.83970339, 48.72156522 ], [ 20.83975831, 48.72167312 ], [ 20.83993821, 48.72176848 ], [ 20.83997607, 48.7219236 ], [ 20.83995057, 48.72192596 ], [ 20.84000769, 48.72202834 ], [ 20.84007403, 48.72226073 ], [ 20.84007072, 48.72226818 ], [ 20.840032, 48.72235536 ], [ 20.84005934, 48.72236081 ], [ 20.8398826, 48.72284695 ], [ 20.83959661, 48.72317875 ], [ 20.83927308, 48.72334787 ], [ 20.838738, 48.72368476 ], [ 20.83871928, 48.72374436 ], [ 20.83874529, 48.72382019 ], [ 20.83873472, 48.72395598 ], [ 20.8387588, 48.72401652 ], [ 20.83887623, 48.72417232 ], [ 20.83924293, 48.72432411 ], [ 20.8396587, 48.72463042 ], [ 20.84011819, 48.72479145 ], [ 20.8403636, 48.72492446 ], [ 20.84034358, 48.72506966 ], [ 20.8400852, 48.72523059 ], [ 20.83989661, 48.72539897 ], [ 20.83963218, 48.72576447 ], [ 20.83959077, 48.72580285 ], [ 20.83948553, 48.72586694 ], [ 20.83895622, 48.72611838 ], [ 20.83887672, 48.72615472 ], [ 20.83866491, 48.72628772 ], [ 20.83857148, 48.72641957 ], [ 20.8385576, 48.72685109 ], [ 20.83860558, 48.72701421 ], [ 20.83864802, 48.72735465 ], [ 20.83860308, 48.72746702 ], [ 20.83843689, 48.72769641 ], [ 20.8383465, 48.72809512 ], [ 20.83833171, 48.72841556 ], [ 20.83830828, 48.72855038 ], [ 20.83828534, 48.72868944 ], [ 20.83800395, 48.72909344 ], [ 20.83787434, 48.7293975 ], [ 20.83778938, 48.72989644 ], [ 20.83776, 48.73007734 ], [ 20.83758598, 48.73030565 ], [ 20.83740952, 48.73057189 ], [ 20.83731635, 48.73063126 ], [ 20.83714511, 48.7308105 ], [ 20.83705743, 48.73098497 ], [ 20.8368406, 48.73117776 ], [ 20.83683426, 48.73128237 ], [ 20.83652863, 48.73173794 ], [ 20.83637201, 48.73190093 ], [ 20.83615978, 48.73208551 ], [ 20.83606385, 48.73235047 ], [ 20.83597075, 48.73259698 ], [ 20.83582312, 48.73315139 ], [ 20.83561473, 48.73349586 ], [ 20.83508079, 48.73368914 ], [ 20.83499595, 48.73388262 ], [ 20.83495573, 48.73396777 ], [ 20.8349458, 48.73399868 ], [ 20.83487101, 48.73411316 ], [ 20.8348609, 48.73414127 ], [ 20.83482621, 48.73423913 ], [ 20.83473956, 48.7345797 ], [ 20.83471841, 48.7346303 ], [ 20.83460707, 48.73492319 ], [ 20.83449498, 48.73532889 ], [ 20.83453646, 48.73588983 ], [ 20.83460363, 48.73608415 ], [ 20.83468641, 48.73633412 ], [ 20.83473154, 48.7364867 ], [ 20.83462463, 48.73668897 ], [ 20.83456908, 48.73686995 ], [ 20.83454017, 48.73692064 ], [ 20.83428161, 48.73732254 ], [ 20.83403575, 48.73764293 ], [ 20.83398272, 48.73770404 ], [ 20.83385332, 48.73784276 ], [ 20.83382963, 48.73788067 ], [ 20.8337123, 48.73807167 ], [ 20.83371412, 48.73813648 ], [ 20.83376644, 48.73819295 ], [ 20.83415878, 48.73833493 ], [ 20.83462662, 48.738514 ], [ 20.8346513, 48.73852909 ], [ 20.83475835, 48.73867345 ], [ 20.83482787, 48.73882417 ], [ 20.83485534, 48.73892463 ], [ 20.83485074, 48.73895014 ], [ 20.83477292, 48.73909757 ], [ 20.83459436, 48.739326 ], [ 20.83458723, 48.73934223 ], [ 20.83454455, 48.73943099 ], [ 20.83451794, 48.73951103 ], [ 20.83437362, 48.73973163 ], [ 20.83434926, 48.740016 ], [ 20.83437028, 48.74037055 ], [ 20.83438694, 48.74060617 ], [ 20.83410015, 48.74088597 ], [ 20.83381062, 48.7411781 ], [ 20.83304612, 48.7412638 ], [ 20.83252186, 48.74145218 ], [ 20.83247248, 48.74147398 ], [ 20.83244896, 48.7414873 ], [ 20.8320655, 48.74176511 ], [ 20.83186231, 48.74190181 ], [ 20.8313721, 48.74221221 ], [ 20.83109826, 48.74235368 ], [ 20.83087491, 48.74242494 ], [ 20.83067029, 48.74249342 ], [ 20.8304431, 48.74261659 ], [ 20.82992009, 48.74294387 ], [ 20.829867092718409, 48.742964148349458 ], [ 20.829870687869821, 48.742969900591717 ], [ 20.82988217, 48.74298776 ], [ 20.82995198, 48.7430968 ], [ 20.829969429357455, 48.743123956679185 ], [ 20.830415, 48.743079 ], [ 20.830517290306947, 48.743064566398409 ], [ 20.83074083, 48.74303249 ], [ 20.83102088, 48.74301066 ], [ 20.831090197961878, 48.743009216547378 ], [ 20.831215, 48.743006 ], [ 20.831562, 48.74309 ], [ 20.83165891123982, 48.743132702314114 ], [ 20.83194076, 48.74325598 ], [ 20.83234856, 48.74342155 ], [ 20.83306702, 48.74381741 ], [ 20.83356803, 48.74408399 ], [ 20.833576817910441, 48.744091255880591 ], [ 20.833743, 48.744228 ], [ 20.833838853760955, 48.744381458184606 ], [ 20.83395142, 48.74456057 ], [ 20.83425609, 48.74501327 ], [ 20.83448717, 48.74550115 ], [ 20.83467004, 48.74564273 ], [ 20.83487303, 48.74592783 ], [ 20.835011788969659, 48.746178117020186 ], [ 20.83506, 48.746265 ], [ 20.835060006933855, 48.746265090356815 ], [ 20.83506004, 48.74626515 ], [ 20.835062490690664, 48.746297456812727 ], [ 20.835092, 48.746682 ], [ 20.835091667031257, 48.746682080863835 ], [ 20.83509167, 48.74668212 ], [ 20.835066631998867, 48.746688160800275 ], [ 20.835022, 48.746699 ], [ 20.834664, 48.746692 ], [ 20.834505265091614, 48.746744911636128 ], [ 20.83464533, 48.74718677 ], [ 20.83481532, 48.74737077 ], [ 20.834990813911677, 48.747487699668909 ], [ 20.83516, 48.7476 ], [ 20.835262982898694, 48.747657820007369 ], [ 20.83551827, 48.74780021 ], [ 20.835622709823863, 48.747844767598338 ], [ 20.835707, 48.74788 ], [ 20.836271329750684, 48.748230183859135 ], [ 20.83657367, 48.74841741 ], [ 20.83721333, 48.74842742 ], [ 20.83766199, 48.74849361 ], [ 20.83802066, 48.74849392 ], [ 20.83840867, 48.74872479 ], [ 20.838408727718615, 48.748724838311055 ], [ 20.838409, 48.748725 ], [ 20.838427253391011, 48.748740344484077 ], [ 20.83866071, 48.74893575 ], [ 20.83883506, 48.74916483 ], [ 20.83896256, 48.74935772 ], [ 20.839102180361618, 48.749659281596848 ], [ 20.839257, 48.749901 ], [ 20.839461774386184, 48.750066893173617 ], [ 20.83957308, 48.75015685 ], [ 20.83960349983774, 48.750244263424648 ], [ 20.839609, 48.75026 ], [ 20.839610591770931, 48.750268277208846 ], [ 20.83962461, 48.75033748 ], [ 20.839622163543225, 48.750456145385932 ], [ 20.839621, 48.750531 ], [ 20.839677394917839, 48.75060763924732 ], [ 20.83973835, 48.75068937 ], [ 20.83985009376531, 48.750753474782769 ], [ 20.839904, 48.750784 ], [ 20.840213, 48.750906 ], [ 20.840280110978902, 48.750950621661502 ], [ 20.84040147, 48.75103077 ], [ 20.84061027, 48.75131714 ], [ 20.84066418, 48.75149703 ], [ 20.840777970751443, 48.75163069645842 ], [ 20.840872, 48.751741 ], [ 20.841069988509933, 48.752024415024366 ], [ 20.84126591, 48.75230468 ], [ 20.84140006, 48.75242376 ], [ 20.84141933, 48.75250412 ], [ 20.84162691, 48.75284232 ], [ 20.84183687, 48.75296555 ], [ 20.84195071137048, 48.753097527251057 ], [ 20.841954958069028, 48.753100674804102 ], [ 20.84212037, 48.7532218 ], [ 20.8424381, 48.75337054 ], [ 20.842586395061076, 48.753576619300311 ], [ 20.842591, 48.753583 ], [ 20.842648, 48.753728 ], [ 20.84264, 48.753875 ], [ 20.842639910995182, 48.753875291511186 ], [ 20.84263991, 48.75387531 ], [ 20.84253134, 48.75423161 ], [ 20.84254905, 48.75442674 ], [ 20.84315448, 48.75435016 ], [ 20.84315611, 48.75432951 ] ] ] } },
{ "type": "Feature", "properties": { "@featureType": "CadastralZoning", "beginLifespanVersion": { "@nilReason": "http://inspire.ec.europa.eu/codelist/VoidReasonValue/Unpopulated", "@nil": "true" }, "endLifespanVersion": { "@nilReason": "http://inspire.ec.europa.eu/codelist/VoidReasonValue/Unpopulated", "@nil": "true" }, "estimatedAccuracy": { "value": -1, "@uom": "m" }, "inspireId": { "@dataType": "Identifier", "localId": "860751", "namespace": "SK.ESKN.CP", "versionId": "20260703T04:07:40" }, "label": "Šemša", "level": { "@href": "http://inspire.ec.europa.eu/codelist/CadastralZoningLevelValue/3rdOrder" }, "levelName": { "value": "Katastrálne územie", "@locale": "sk" }, "name_1": { "@dataType": "name", "GeographicalName": { "@dataType": "GeographicalName", "language": "SLK", "nativeness": { "@href": "http://inspire.ec.europa.eu/codelist/NativenessValue/endonym", "@title": "endonym" }, "nameStatus": { "@href": "http://inspire.ec.europa.eu/codelist/NameStatusValue/official", "@title": "official" }, "sourceOfName": { "@nilReason": "http://inspire.ec.europa.eu/codelist/VoidReasonValue/Unpopulated", "@nil": "true" }, "pronunciation": { "@dataType": "pronunciation", "@nilReason": "http://inspire.ec.europa.eu/codelist/VoidReasonValue/Unpopulated", "@nil": "true" }, "spelling": { "@dataType": "SpellingOfName", "text": "Šemša", "script": "LATN" } } }, "nationalCadastalZoningReference": "860751", "validFrom": "2026-06-30T16:00:00Z", "validTo": { "@nilReason": "http://inspire.ec.europa.eu/codelist/VoidReasonValue/Unpopulated", "@nil": "true" }, "place_id": 189396049, "osm_type": "relation", "osm_id": 388209, "place_rank": 12, "category": "boundary", "type": "administrative", "importance": 0.54120382821693425, "addresstype": "county", "name_2": "okres Košice-okolie", "display_name": "okres Košice-okolie, Košický kraj, Slovensko" }, "geometry": { "type": "Polygon", "coordinates": [ [ [ 21.11842059, 48.70652953 ], [ 21.11933082, 48.70657432 ], [ 21.11935454, 48.70658859 ], [ 21.12006435, 48.70590574 ], [ 21.12083247, 48.70544076 ], [ 21.12086193, 48.70537472 ], [ 21.1209922, 48.70502991 ], [ 21.12109104, 48.70483752 ], [ 21.12139244, 48.70440348 ], [ 21.12184933, 48.70414397 ], [ 21.12212595, 48.70391091 ], [ 21.12251073, 48.70356229 ], [ 21.12345361, 48.70311181 ], [ 21.12430619, 48.70272767 ], [ 21.12470302, 48.70249864 ], [ 21.12565396, 48.70252705 ], [ 21.12659486, 48.70237099 ], [ 21.12777595, 48.70252623 ], [ 21.12851677, 48.70256526 ], [ 21.12922999, 48.70246456 ], [ 21.12973886, 48.70226737 ], [ 21.13057996, 48.70187021 ], [ 21.13127597, 48.70132308 ], [ 21.13169807, 48.70087028 ], [ 21.13226089, 48.70036975 ], [ 21.13268509, 48.69962889 ], [ 21.13302146, 48.69922278 ], [ 21.13321411, 48.69863136 ], [ 21.13379493, 48.69793755 ], [ 21.13405549, 48.6978562 ], [ 21.1347693, 48.69767545 ], [ 21.13509164, 48.69750225 ], [ 21.13549139, 48.69750981 ], [ 21.13580147, 48.69759418 ], [ 21.13640015, 48.69791962 ], [ 21.13637784, 48.6979271 ], [ 21.13650676, 48.69799451 ], [ 21.1369622, 48.69819535 ], [ 21.13748215, 48.69843102 ], [ 21.13803828, 48.69849695 ], [ 21.13851482, 48.69858006 ], [ 21.1393636, 48.69865812 ], [ 21.14040637, 48.69879918 ], [ 21.1407135, 48.6986498 ], [ 21.14135868, 48.69836345 ], [ 21.14165178, 48.69816571 ], [ 21.14202785, 48.69797153 ], [ 21.14225225, 48.697871 ], [ 21.1437529, 48.69758149 ], [ 21.14460092, 48.69735012 ], [ 21.14565138, 48.69719462 ], [ 21.14620462, 48.69693178 ], [ 21.1471683, 48.69656668 ], [ 21.14763343, 48.69640989 ], [ 21.14790599, 48.69636698 ], [ 21.14876394, 48.69624728 ], [ 21.1503352, 48.69607419 ], [ 21.15094205, 48.69588732 ], [ 21.15097599, 48.69588822 ], [ 21.1512613, 48.6957427 ], [ 21.1514329, 48.69559717 ], [ 21.15162763, 48.69485975 ], [ 21.15170883, 48.69463112 ], [ 21.1517895, 48.69416442 ], [ 21.151904, 48.69393243 ], [ 21.15202523, 48.69357957 ], [ 21.15203156, 48.69335747 ], [ 21.15224631, 48.69295661 ], [ 21.15214114, 48.69234461 ], [ 21.15203794, 48.69206699 ], [ 21.15202933, 48.69190825 ], [ 21.15207443, 48.69174978 ], [ 21.15221774, 48.6915423 ], [ 21.15230819, 48.69095579 ], [ 21.15247417, 48.69001055 ], [ 21.15230086, 48.68948489 ], [ 21.15208528, 48.6889045 ], [ 21.15208766, 48.68872747 ], [ 21.15203701, 48.68855227 ], [ 21.15205985, 48.68825821 ], [ 21.15202587, 48.68808561 ], [ 21.15201914, 48.68804155 ], [ 21.15200296, 48.68788041 ], [ 21.15204787, 48.68769069 ], [ 21.15212986, 48.68754293 ], [ 21.15224477, 48.68740235 ], [ 21.15244262, 48.68709712 ], [ 21.15257474, 48.68672136 ], [ 21.15273816, 48.68628898 ], [ 21.15298477, 48.68540546 ], [ 21.15310564, 48.68462057 ], [ 21.15305895, 48.68446378 ], [ 21.1530463, 48.68432327 ], [ 21.15313476, 48.68398692 ], [ 21.15311708, 48.68373956 ], [ 21.1531961, 48.68352572 ], [ 21.15320071, 48.68349957 ], [ 21.15321832, 48.68329071 ], [ 21.15312153, 48.68300554 ], [ 21.15302407, 48.68285694 ], [ 21.15278993, 48.68260576 ], [ 21.15266575, 48.68249755 ], [ 21.15221088, 48.68183679 ], [ 21.15216011, 48.68169696 ], [ 21.15211876, 48.6815361 ], [ 21.15218059, 48.68121249 ], [ 21.15219032, 48.68118147 ], [ 21.15229353, 48.68091149 ], [ 21.1527614, 48.68019581 ], [ 21.15306776, 48.67946464 ], [ 21.15307272, 48.67944877 ], [ 21.15333987, 48.67822538 ], [ 21.15335289, 48.6781733 ], [ 21.15343982, 48.677854 ], [ 21.15345757, 48.67777426 ], [ 21.15358019, 48.67697232 ], [ 21.15350965, 48.67632361 ], [ 21.15342645, 48.67595991 ], [ 21.15332471, 48.6756889 ], [ 21.15330109, 48.67556651 ], [ 21.15328129, 48.67548152 ], [ 21.15319726, 48.6751593 ], [ 21.15320267, 48.67505854 ], [ 21.15318782, 48.67498406 ], [ 21.15317148, 48.67493933 ], [ 21.1531699, 48.67493496 ], [ 21.15315798, 48.67490243 ], [ 21.15265852, 48.67487205 ], [ 21.15266018, 48.67483599 ], [ 21.15264677, 48.6748054 ], [ 21.15263171, 48.67477125 ], [ 21.15255744, 48.67472486 ], [ 21.15226176, 48.67449801 ], [ 21.15190596, 48.67363087 ], [ 21.15178826, 48.67293167 ], [ 21.15164728, 48.67138817 ], [ 21.15158697, 48.67097738 ], [ 21.15146566, 48.67039359 ], [ 21.1514162, 48.67012361 ], [ 21.15128816, 48.6695296 ], [ 21.15083639, 48.66843467 ], [ 21.15009294, 48.66827387 ], [ 21.14957554, 48.66803644 ], [ 21.14923306, 48.66787625 ], [ 21.149139114910085, 48.667845258864368 ], [ 21.148894, 48.667765 ], [ 21.148569068154877, 48.667603135803077 ], [ 21.14835436, 48.66749665 ], [ 21.14767543, 48.66716826 ], [ 21.147309433988937, 48.66700509865472 ], [ 21.147105, 48.666914 ], [ 21.147067828302628, 48.666897119275042 ], [ 21.14688725, 48.66681531 ], [ 21.14637989, 48.66656728 ], [ 21.14581603, 48.66625524 ], [ 21.14568527, 48.66618976 ], [ 21.1452259, 48.66600358 ], [ 21.14461264, 48.66575407 ], [ 21.14396199, 48.66540017 ], [ 21.143855200905666, 48.665340626321047 ], [ 21.143381, 48.665077 ], [ 21.142453, 48.664614 ], [ 21.141779163615055, 48.664391013812633 ], [ 21.14148633, 48.66429418 ], [ 21.141456869117519, 48.664279750794392 ], [ 21.140703, 48.663911 ], [ 21.140077, 48.663604 ], [ 21.136421, 48.661878 ], [ 21.136370036050931, 48.661853921693556 ], [ 21.13594882, 48.66165506 ], [ 21.13588759, 48.66162438 ], [ 21.135149724720506, 48.661253831181561 ], [ 21.134383, 48.660869 ], [ 21.134316881842761, 48.660835542619225 ], [ 21.13430013, 48.66082718 ], [ 21.13419304, 48.66077666 ], [ 21.13408359, 48.66072499 ], [ 21.133599207764384, 48.660503028356345 ], [ 21.132826, 48.660149 ], [ 21.13274154686502, 48.660110082724628 ], [ 21.13250716, 48.66000286 ], [ 21.13144753, 48.65948354 ], [ 21.13141171, 48.659466 ], [ 21.12991378, 48.65877353 ], [ 21.12895023, 48.65837431 ], [ 21.12647738, 48.65722566 ], [ 21.12620056, 48.65709694 ], [ 21.125819562665999, 48.656939567138089 ], [ 21.125353, 48.656747 ], [ 21.125304257658222, 48.656720912549474 ], [ 21.12521113, 48.65667137 ], [ 21.124968496545275, 48.656563539938311 ], [ 21.124789, 48.656484 ], [ 21.124574645650878, 48.656392635851191 ], [ 21.12436206, 48.65630225 ], [ 21.12403204, 48.65616524 ], [ 21.12360171, 48.65598018 ], [ 21.123370618835796, 48.655878418025473 ], [ 21.123356, 48.655872 ], [ 21.123342338717805, 48.655865787711676 ], [ 21.122881, 48.65565694 ], [ 21.12260829, 48.65557264 ], [ 21.12233627, 48.6554492 ], [ 21.121813259982034, 48.655250473179031 ], [ 21.121659, 48.655192 ], [ 21.121659055491147, 48.655191880480608 ], [ 21.12165887, 48.65519181 ], [ 21.12168481, 48.65513628 ], [ 21.12143537, 48.65520399 ], [ 21.12123845, 48.65516318 ], [ 21.12107546, 48.6551638 ], [ 21.12092068, 48.65502242 ], [ 21.12087847, 48.65502538 ], [ 21.12074005, 48.65517311 ], [ 21.12056061, 48.65516626 ], [ 21.12028721, 48.65523086 ], [ 21.12012447, 48.6552187 ], [ 21.12001336, 48.65532192 ], [ 21.1198499, 48.65531595 ], [ 21.11940505, 48.65547985 ], [ 21.11945113, 48.65562089 ], [ 21.11935374, 48.65565549 ], [ 21.11936751, 48.65582575 ], [ 21.1191034, 48.655882 ], [ 21.11901878, 48.65597985 ], [ 21.11882011, 48.65596834 ], [ 21.11840721, 48.65610229 ], [ 21.11832717, 48.65595178 ], [ 21.11811437, 48.65592729 ], [ 21.11803181, 48.65597839 ], [ 21.11772109, 48.65608851 ], [ 21.11770623, 48.65624318 ], [ 21.11731088, 48.65636562 ], [ 21.11732442, 48.65638667 ], [ 21.11708936, 48.65650652 ], [ 21.11691676, 48.65662532 ], [ 21.1166234, 48.65671169 ], [ 21.11641961, 48.6567163 ], [ 21.11632565, 48.65669284 ], [ 21.11628198, 48.65660248 ], [ 21.11624838, 48.65660113 ], [ 21.11622019, 48.65660932 ], [ 21.11619478, 48.65661669 ], [ 21.11614993, 48.65662975 ], [ 21.11612368, 48.65663737 ], [ 21.11609591, 48.65664539 ], [ 21.11602059, 48.65663648 ], [ 21.11596801, 48.65659913 ], [ 21.11581371, 48.65655906 ], [ 21.11541237, 48.65625676 ], [ 21.11540324, 48.656144 ], [ 21.11525135, 48.65600793 ], [ 21.11504241, 48.65594736 ], [ 21.11500374, 48.6558984 ], [ 21.11500658, 48.65583546 ], [ 21.11474424, 48.65564883 ], [ 21.11468881, 48.65555205 ], [ 21.11465233, 48.65549163 ], [ 21.11458713, 48.65538374 ], [ 21.11457411, 48.65527023 ], [ 21.11441967, 48.65519494 ], [ 21.11426305, 48.65516045 ], [ 21.11419748, 48.65492775 ], [ 21.11416068, 48.65490144 ], [ 21.11391987, 48.65480671 ], [ 21.11368607, 48.65482413 ], [ 21.11361889, 48.65479136 ], [ 21.1135014, 48.65477929 ], [ 21.11342806, 48.65466744 ], [ 21.11344329, 48.65449118 ], [ 21.11327349, 48.65444385 ], [ 21.1131434, 48.65450728 ], [ 21.11299614, 48.65451029 ], [ 21.112972, 48.6546244 ], [ 21.11277118, 48.65465359 ], [ 21.11260955, 48.65464299 ], [ 21.11259724, 48.65458478 ], [ 21.11263991, 48.65454033 ], [ 21.11268982, 48.65443425 ], [ 21.11254519, 48.65434198 ], [ 21.11243422, 48.65438748 ], [ 21.11233132, 48.65436364 ], [ 21.11211293, 48.65438776 ], [ 21.11205975, 48.65432167 ], [ 21.11213394, 48.65417909 ], [ 21.11196341, 48.65410643 ], [ 21.11186028, 48.65411185 ], [ 21.1117272, 48.6540493 ], [ 21.11161467, 48.65404559 ], [ 21.11154199, 48.65395447 ], [ 21.11154651, 48.65387988 ], [ 21.11134798, 48.65387214 ], [ 21.11115472, 48.65377975 ], [ 21.11105225, 48.65376672 ], [ 21.11085631, 48.65384046 ], [ 21.11081916, 48.65380405 ], [ 21.11086852, 48.65375189 ], [ 21.11086718, 48.65371268 ], [ 21.11074427, 48.65364308 ], [ 21.11079118, 48.65355014 ], [ 21.11085572, 48.65353916 ], [ 21.11079647, 48.65346315 ], [ 21.11085195, 48.65338858 ], [ 21.11104206, 48.65334797 ], [ 21.11111581, 48.65328372 ], [ 21.11111654, 48.65328302 ], [ 21.11123998, 48.65328249 ], [ 21.11126608, 48.65328234 ], [ 21.11128968, 48.65318667 ], [ 21.11120359, 48.6530727 ], [ 21.11125348, 48.653002 ], [ 21.11123199, 48.65298384 ], [ 21.11110796, 48.65298498 ], [ 21.11105716, 48.65295498 ], [ 21.11105982, 48.65289654 ], [ 21.11113291, 48.65286162 ], [ 21.1112393, 48.65285073 ], [ 21.11124781, 48.6527922 ], [ 21.11116105, 48.65272818 ], [ 21.11095794, 48.65272362 ], [ 21.11085375, 48.65265832 ], [ 21.11073313, 48.65265938 ], [ 21.11058254, 48.65266327 ], [ 21.11050147, 48.65266984 ], [ 21.11047879, 48.6526141 ], [ 21.11047777, 48.65254644 ], [ 21.11044011, 48.6525301 ], [ 21.11039178, 48.65254601 ], [ 21.11032995, 48.65256644 ], [ 21.11027714, 48.65256015 ], [ 21.11003426, 48.65253099 ], [ 21.10993612, 48.65243868 ], [ 21.1100315, 48.6523482 ], [ 21.11009254, 48.65229047 ], [ 21.11011167, 48.65227227 ], [ 21.11009579, 48.6522479 ], [ 21.10998372, 48.65222889 ], [ 21.11000963, 48.6520609 ], [ 21.10995613, 48.65205485 ], [ 21.10986593, 48.65209697 ], [ 21.10979276, 48.65213108 ], [ 21.10975257, 48.65211015 ], [ 21.10977347, 48.65201799 ], [ 21.10979417, 48.65192664 ], [ 21.10965167, 48.6518981 ], [ 21.10960329, 48.65179812 ], [ 21.10953215, 48.65178611 ], [ 21.10951587, 48.65174876 ], [ 21.10961558, 48.65167877 ], [ 21.10960551, 48.65161973 ], [ 21.10944863, 48.65160757 ], [ 21.10928047, 48.65157324 ], [ 21.10921881, 48.65153191 ], [ 21.10921323, 48.65153947 ], [ 21.10918987, 48.65157078 ], [ 21.10912327, 48.65158943 ], [ 21.1090914, 48.65157382 ], [ 21.10912455, 48.65148871 ], [ 21.10910466, 48.65144675 ], [ 21.10909921, 48.65138768 ], [ 21.1090035, 48.65136605 ], [ 21.10896221, 48.65131214 ], [ 21.10897132, 48.65127128 ], [ 21.1090398, 48.651201 ], [ 21.10902192, 48.65118359 ], [ 21.10894324, 48.65119096 ], [ 21.10896813, 48.65109992 ], [ 21.10882543, 48.65106129 ], [ 21.10869051, 48.65101651 ], [ 21.10865885, 48.65111462 ], [ 21.10856831, 48.65114466 ], [ 21.10852802, 48.6511919 ], [ 21.10847119, 48.65119042 ], [ 21.10838018, 48.65113806 ], [ 21.10834834, 48.65108859 ], [ 21.10825482, 48.65106307 ], [ 21.10818908, 48.65107562 ], [ 21.1081358, 48.65100728 ], [ 21.10796218, 48.65101762 ], [ 21.10784117, 48.65086497 ], [ 21.10776225, 48.65072007 ], [ 21.10778946, 48.65066593 ], [ 21.10756143, 48.65064012 ], [ 21.1075713, 48.65073147 ], [ 21.10752729, 48.65076823 ], [ 21.1074209, 48.6507422 ], [ 21.10733399, 48.65060443 ], [ 21.1072634, 48.65053858 ], [ 21.1072262, 48.65046229 ], [ 21.10716242, 48.65039261 ], [ 21.10714295, 48.65037083 ], [ 21.10708306, 48.6502685 ], [ 21.10712405, 48.65024884 ], [ 21.1072235, 48.65020108 ], [ 21.10721464, 48.65017739 ], [ 21.10710819, 48.65015207 ], [ 21.10704939, 48.65005537 ], [ 21.1069372, 48.65007858 ], [ 21.10692506, 48.65008107 ], [ 21.1068277, 48.65008559 ], [ 21.10677579, 48.65010786 ], [ 21.10674421, 48.65012152 ], [ 21.10674241, 48.65017378 ], [ 21.10665893, 48.65020962 ], [ 21.10623605, 48.65015394 ], [ 21.1062062, 48.6500867 ], [ 21.10624306, 48.64997885 ], [ 21.1061983, 48.64993896 ], [ 21.10615924, 48.64985829 ], [ 21.10609045, 48.64971623 ], [ 21.10606745, 48.64966867 ], [ 21.1059898, 48.6496731 ], [ 21.10585907, 48.64968059 ], [ 21.10580021, 48.64961233 ], [ 21.10580285, 48.64959315 ], [ 21.10582102, 48.64945858 ], [ 21.10578633, 48.64943693 ], [ 21.1056792, 48.64942826 ], [ 21.10555486, 48.64947467 ], [ 21.10547954, 48.64948998 ], [ 21.10536641, 48.64951307 ], [ 21.10535293, 48.64955414 ], [ 21.10533593, 48.64960618 ], [ 21.10527238, 48.64961286 ], [ 21.10515496, 48.64948545 ], [ 21.10503175, 48.64935173 ], [ 21.10490267, 48.64939591 ], [ 21.10481672, 48.6493691 ], [ 21.10479368, 48.64930722 ], [ 21.10477562, 48.64925891 ], [ 21.10474322, 48.64923572 ], [ 21.10454783, 48.64920033 ], [ 21.10440574, 48.64922366 ], [ 21.10437164, 48.64922922 ], [ 21.10435786, 48.64928911 ], [ 21.10434751, 48.64933379 ], [ 21.10423699, 48.64935292 ], [ 21.10417249, 48.64931338 ], [ 21.10412924, 48.64930649 ], [ 21.103981, 48.64936186 ], [ 21.10392428, 48.6493422 ], [ 21.10385744, 48.64916995 ], [ 21.10384327, 48.64915761 ], [ 21.10374843, 48.64915374 ], [ 21.10369453, 48.64900334 ], [ 21.10357367, 48.64884502 ], [ 21.10344413, 48.6488068 ], [ 21.10346697, 48.6487844 ], [ 21.10357022, 48.64877189 ], [ 21.10359978, 48.64875978 ], [ 21.10357121, 48.64871771 ], [ 21.10342486, 48.64857712 ], [ 21.10339225, 48.64856049 ], [ 21.10325479, 48.64857631 ], [ 21.10312792, 48.64843886 ], [ 21.10340443, 48.64830976 ], [ 21.10356561, 48.64813199 ], [ 21.10354277, 48.6481155 ], [ 21.10344766, 48.64810424 ], [ 21.10337835, 48.64803591 ], [ 21.10340213, 48.64802119 ], [ 21.10345823, 48.64801778 ], [ 21.10347656, 48.64800126 ], [ 21.10343092, 48.64795477 ], [ 21.10339436, 48.64791613 ], [ 21.10342323, 48.64786349 ], [ 21.10331585, 48.64773811 ], [ 21.10327952, 48.64772964 ], [ 21.10302012, 48.6477074 ], [ 21.10292054, 48.64768861 ], [ 21.10290796, 48.64768415 ], [ 21.10282857, 48.64759947 ], [ 21.10311505, 48.64762114 ], [ 21.10313552, 48.64761262 ], [ 21.10313137, 48.64759691 ], [ 21.10292483, 48.64743609 ], [ 21.10241024, 48.64738428 ], [ 21.10237956, 48.64739688 ], [ 21.10235087, 48.6474914 ], [ 21.10220016, 48.64754524 ], [ 21.10207965, 48.6474876 ], [ 21.10208349, 48.64744468 ], [ 21.10204868, 48.64738026 ], [ 21.10211251, 48.64734198 ], [ 21.10210729, 48.64732245 ], [ 21.10193425, 48.64728805 ], [ 21.10189292, 48.64718497 ], [ 21.10187509, 48.64717791 ], [ 21.10169314, 48.64715574 ], [ 21.10159242, 48.64710999 ], [ 21.10141344, 48.64711582 ], [ 21.10125568, 48.64698098 ], [ 21.1008668, 48.64694942 ], [ 21.10074022, 48.64698549 ], [ 21.10027347, 48.64687641 ], [ 21.10011885, 48.64689285 ], [ 21.10010855, 48.64692205 ], [ 21.09988643, 48.64728351 ], [ 21.09938613, 48.6480164 ], [ 21.09939106, 48.6480306 ], [ 21.09901302, 48.64813607 ], [ 21.09907442, 48.64820838 ], [ 21.09907632, 48.64822501 ], [ 21.09911315, 48.64831354 ], [ 21.09905074, 48.64840273 ], [ 21.09905911, 48.64841462 ], [ 21.09920053, 48.64846124 ], [ 21.0992678, 48.64863287 ], [ 21.09904673, 48.64876934 ], [ 21.09903289, 48.64886137 ], [ 21.09910358, 48.64896081 ], [ 21.09902676, 48.64904999 ], [ 21.0988951, 48.64910705 ], [ 21.09880422, 48.64919902 ], [ 21.09844602, 48.64930053 ], [ 21.09821151, 48.64927243 ], [ 21.09806986, 48.64933583 ], [ 21.09777528, 48.64937979 ], [ 21.09766167, 48.64953315 ], [ 21.097521, 48.64962207 ], [ 21.0974473, 48.64977411 ], [ 21.0974577, 48.64979164 ], [ 21.09745609, 48.64981725 ], [ 21.09743601, 48.650077 ], [ 21.09735465, 48.65015037 ], [ 21.09725606, 48.65024172 ], [ 21.09709966, 48.65032464 ], [ 21.09716159, 48.6504156 ], [ 21.09713006, 48.65047842 ], [ 21.09718061, 48.65070921 ], [ 21.09722825, 48.65105327 ], [ 21.0969692, 48.65152455 ], [ 21.0969965, 48.65168156 ], [ 21.09692231, 48.65192507 ], [ 21.09702637, 48.65216551 ], [ 21.0968994, 48.65227143 ], [ 21.09692583, 48.65235909 ], [ 21.09681536, 48.65247149 ], [ 21.09663808, 48.65254806 ], [ 21.09640271, 48.65271603 ], [ 21.09634905, 48.65285962 ], [ 21.09600724, 48.65337306 ], [ 21.0960368, 48.65352348 ], [ 21.0961371, 48.65364333 ], [ 21.09616378, 48.65374972 ], [ 21.09615245, 48.65380572 ], [ 21.09609259, 48.65397829 ], [ 21.09610297, 48.65402923 ], [ 21.09611496, 48.65406752 ], [ 21.09619984, 48.65431743 ], [ 21.09623017, 48.65454225 ], [ 21.09618356, 48.65486706 ], [ 21.09619823, 48.65502771 ], [ 21.09601791, 48.65516397 ], [ 21.09590329, 48.65520708 ], [ 21.09582418, 48.65527557 ], [ 21.09579645, 48.655307 ], [ 21.09574114, 48.65535671 ], [ 21.09576579, 48.65537084 ], [ 21.09572285, 48.65556448 ], [ 21.09570285, 48.65577705 ], [ 21.09563542, 48.6558695 ], [ 21.09691673, 48.65615206 ], [ 21.09922627, 48.65685825 ], [ 21.09942352, 48.65691856 ], [ 21.09953784, 48.65721759 ], [ 21.09991935, 48.65822036 ], [ 21.10006656, 48.65859519 ], [ 21.10063197, 48.66010813 ], [ 21.1009291, 48.66091539 ], [ 21.10094735, 48.6609647 ], [ 21.10095471, 48.66098483 ], [ 21.10097002, 48.66102981 ], [ 21.10098462, 48.66104378 ], [ 21.10136925, 48.66199209 ], [ 21.10154265, 48.66236586 ], [ 21.10167886, 48.66270575 ], [ 21.10181445, 48.66298187 ], [ 21.10194704, 48.66332299 ], [ 21.10209969, 48.66364451 ], [ 21.10215126, 48.66377871 ], [ 21.10224758, 48.66401412 ], [ 21.1023663, 48.66428502 ], [ 21.10268574, 48.66503357 ], [ 21.1027517, 48.66520317 ], [ 21.10288332, 48.66555021 ], [ 21.10294842, 48.66569088 ], [ 21.10326721, 48.66643923 ], [ 21.10330493, 48.66655111 ], [ 21.10364062, 48.66731747 ], [ 21.1037096, 48.66746826 ], [ 21.10399063, 48.66814264 ], [ 21.10420414, 48.66864817 ], [ 21.10435554, 48.66904257 ], [ 21.10473131, 48.67003721 ], [ 21.10508543, 48.67087529 ], [ 21.10518886, 48.67115307 ], [ 21.10528901, 48.67137186 ], [ 21.10557512, 48.67207746 ], [ 21.1057621, 48.67250794 ], [ 21.10583063, 48.67270202 ], [ 21.10584567, 48.67275257 ], [ 21.10596872, 48.67312795 ], [ 21.10696653, 48.67557734 ], [ 21.10708834, 48.6756497 ], [ 21.10711527, 48.67572539 ], [ 21.10713276, 48.67580573 ], [ 21.10714565, 48.67586521 ], [ 21.10716455, 48.67595216 ], [ 21.10717957, 48.67602162 ], [ 21.10717701, 48.67603423 ], [ 21.10717279, 48.67605472 ], [ 21.10715732, 48.67612841 ], [ 21.10714382, 48.6761937 ], [ 21.10712955, 48.67626203 ], [ 21.10713786, 48.67640069 ], [ 21.10715082, 48.67661847 ], [ 21.10716497, 48.67685708 ], [ 21.10716931, 48.67692943 ], [ 21.10719182, 48.67709313 ], [ 21.10720199, 48.67716747 ], [ 21.10720785, 48.67732838 ], [ 21.10721611, 48.67756014 ], [ 21.1072183, 48.67761918 ], [ 21.10723016, 48.67782044 ], [ 21.10723776, 48.67794836 ], [ 21.10724203, 48.67808824 ], [ 21.10724382, 48.6781453 ], [ 21.1072449, 48.67818252 ], [ 21.10728745, 48.67887846 ], [ 21.10728427, 48.67968241 ], [ 21.10726461, 48.67994262 ], [ 21.10727591, 48.68066429 ], [ 21.10724827, 48.6813107 ], [ 21.10723425, 48.68157001 ], [ 21.1072216, 48.68194029 ], [ 21.10722211, 48.68202405 ], [ 21.10719877, 48.68294143 ], [ 21.10724139, 48.68427134 ], [ 21.10723318, 48.68434238 ], [ 21.10719001, 48.68569798 ], [ 21.10709669, 48.68668856 ], [ 21.10708539, 48.68680903 ], [ 21.10651109, 48.68689074 ], [ 21.10637696, 48.68758711 ], [ 21.10607406, 48.68930304 ], [ 21.10575221, 48.69067694 ], [ 21.10539218, 48.69224247 ], [ 21.10512395, 48.69335833 ], [ 21.10471295, 48.69511147 ], [ 21.10429928, 48.69682104 ], [ 21.104314, 48.69684655 ], [ 21.10429891, 48.69691674 ], [ 21.10388351, 48.69868631 ], [ 21.10361022, 48.70004754 ], [ 21.10358935, 48.7000502 ], [ 21.10359099, 48.70007042 ], [ 21.1035854, 48.70012787 ], [ 21.103567, 48.70021714 ], [ 21.10354196, 48.70036336 ], [ 21.10350736, 48.70049893 ], [ 21.1034539, 48.70078371 ], [ 21.10336039, 48.70123746 ], [ 21.10326544, 48.70159249 ], [ 21.10318854, 48.70190371 ], [ 21.10307897, 48.70231688 ], [ 21.10297292, 48.70270063 ], [ 21.10297731, 48.70270941 ], [ 21.10275081, 48.70366697 ], [ 21.10256037, 48.70418072 ], [ 21.10251527, 48.70442579 ], [ 21.10351802, 48.70473967 ], [ 21.10450368, 48.70491983 ], [ 21.10531653, 48.70497312 ], [ 21.10574992, 48.7048143 ], [ 21.10689984, 48.70502152 ], [ 21.1073737, 48.70517093 ], [ 21.10883955, 48.70559242 ], [ 21.10932814, 48.70573393 ], [ 21.10973758, 48.70596779 ], [ 21.1098308, 48.70602104 ], [ 21.10983634, 48.70603823 ], [ 21.11059145, 48.7060203 ], [ 21.11122937, 48.70603281 ], [ 21.1115048, 48.70601133 ], [ 21.1119395, 48.70616433 ], [ 21.11270422, 48.70633433 ], [ 21.11373097, 48.70634654 ], [ 21.11425419, 48.7065727 ], [ 21.11476831, 48.70671321 ], [ 21.11476155, 48.7067238 ], [ 21.11568223, 48.70665947 ], [ 21.11633133, 48.70680359 ], [ 21.11670978, 48.70685572 ], [ 21.1176036, 48.70660657 ], [ 21.11842059, 48.70652953 ] ] ] } },
{ "type": "Feature", "properties": { "@featureType": "CadastralZoning", "beginLifespanVersion": { "@nilReason": "http://inspire.ec.europa.eu/codelist/VoidReasonValue/Unpopulated", "@nil": "true" }, "endLifespanVersion": { "@nilReason": "http://inspire.ec.europa.eu/codelist/VoidReasonValue/Unpopulated", "@nil": "true" }, "estimatedAccuracy": { "value": -1, "@uom": "m" }, "inspireId": { "@dataType": "Identifier", "localId": "853518", "namespace": "SK.ESKN.CP", "versionId": "20260703T04:07:40" }, "label": "Rudník", "level": { "@href": "http://inspire.ec.europa.eu/codelist/CadastralZoningLevelValue/3rdOrder" }, "levelName": { "value": "Katastrálne územie", "@locale": "sk" }, "name_1": { "@dataType": "name", "GeographicalName": { "@dataType": "GeographicalName", "language": "SLK", "nativeness": { "@href": "http://inspire.ec.europa.eu/codelist/NativenessValue/endonym", "@title": "endonym" }, "nameStatus": { "@href": "http://inspire.ec.europa.eu/codelist/NameStatusValue/official", "@title": "official" }, "sourceOfName": { "@nilReason": "http://inspire.ec.europa.eu/codelist/VoidReasonValue/Unpopulated", "@nil": "true" }, "pronunciation": { "@dataType": "pronunciation", "@nilReason": "http://inspire.ec.europa.eu/codelist/VoidReasonValue/Unpopulated", "@nil": "true" }, "spelling": { "@dataType": "SpellingOfName", "text": "Rudník", "script": "LATN" } } }, "nationalCadastalZoningReference": "853518", "validFrom": "2026-06-30T16:00:00Z", "validTo": { "@nilReason": "http://inspire.ec.europa.eu/codelist/VoidReasonValue/Unpopulated", "@nil": "true" }, "place_id": 189396049, "osm_type": "relation", "osm_id": 388209, "place_rank": 12, "category": "boundary", "type": "administrative", "importance": 0.54120382821693425, "addresstype": "county", "name_2": "okres Košice-okolie", "display_name": "okres Košice-okolie, Košický kraj, Slovensko" }, "geometry": { "type": "Polygon", "coordinates": [ [ [ 21.01652864, 48.7429749 ], [ 21.01662139, 48.74290394 ], [ 21.01673658, 48.74276646 ], [ 21.01704686, 48.7425659 ], [ 21.01712644, 48.74249991 ], [ 21.01713535, 48.74249723 ], [ 21.01716544, 48.74248814 ], [ 21.0172256, 48.74247211 ], [ 21.01732458, 48.74243242 ], [ 21.01743413, 48.74233536 ], [ 21.01746695, 48.74230637 ], [ 21.01758578, 48.74223618 ], [ 21.01761072, 48.74222142 ], [ 21.01774839, 48.7421379 ], [ 21.01778556, 48.74210176 ], [ 21.01781978, 48.74206849 ], [ 21.01787746, 48.74202032 ], [ 21.01798146, 48.7419591 ], [ 21.01800544, 48.74194971 ], [ 21.01813154, 48.74190056 ], [ 21.01831594, 48.7417641 ], [ 21.01848748, 48.74161587 ], [ 21.01859044, 48.74150518 ], [ 21.01859637, 48.74149871 ], [ 21.01879389, 48.741367 ], [ 21.01890656, 48.74129183 ], [ 21.0190859, 48.74122255 ], [ 21.01926735, 48.74115605 ], [ 21.01936427, 48.74108387 ], [ 21.01945998, 48.74101517 ], [ 21.01965638, 48.74086217 ], [ 21.01967431, 48.74084818 ], [ 21.01977193, 48.74081556 ], [ 21.01993197, 48.74076212 ], [ 21.02005917, 48.74075064 ], [ 21.02021474, 48.74076027 ], [ 21.02030493, 48.74072866 ], [ 21.020535, 48.74056407 ], [ 21.02084016, 48.74036594 ], [ 21.02086433, 48.74032883 ], [ 21.02092499, 48.74023556 ], [ 21.02093985, 48.74021174 ], [ 21.02096695, 48.74016824 ], [ 21.02110737, 48.74001547 ], [ 21.02114791, 48.73995611 ], [ 21.02116381, 48.73993296 ], [ 21.02164088, 48.73983107 ], [ 21.02187292, 48.73978333 ], [ 21.02188315, 48.73978123 ], [ 21.02191158, 48.73976884 ], [ 21.02215639, 48.73966165 ], [ 21.02216737, 48.73965688 ], [ 21.02218039, 48.73964848 ], [ 21.02221615, 48.73962553 ], [ 21.02238324, 48.73951802 ], [ 21.02286062, 48.73921102 ], [ 21.02288846, 48.73921383 ], [ 21.02303802, 48.73922892 ], [ 21.02313544, 48.73923879 ], [ 21.02331059, 48.73907834 ], [ 21.02331147, 48.73907756 ], [ 21.02332858, 48.73906182 ], [ 21.02340038, 48.73899593 ], [ 21.02343298, 48.73896612 ], [ 21.02351134, 48.73890711 ], [ 21.02356058, 48.73888595 ], [ 21.02360655, 48.73890466 ], [ 21.02362781, 48.73891337 ], [ 21.02365893, 48.73892133 ], [ 21.02369633, 48.73893084 ], [ 21.02375379, 48.73889087 ], [ 21.02377361, 48.73887711 ], [ 21.02395912, 48.73878354 ], [ 21.02400681, 48.73875944 ], [ 21.02407204, 48.73872656 ], [ 21.02419394, 48.73857012 ], [ 21.02425979, 48.73848557 ], [ 21.0243035, 48.73846189 ], [ 21.02449778, 48.73835663 ], [ 21.02457877, 48.73834218 ], [ 21.02475554, 48.73831054 ], [ 21.02484247, 48.73819184 ], [ 21.02488555, 48.73813302 ], [ 21.02511246, 48.7379595 ], [ 21.02518166, 48.7379064 ], [ 21.02532426, 48.73779682 ], [ 21.02536971, 48.73767748 ], [ 21.02570486, 48.73746384 ], [ 21.0258391, 48.73741657 ], [ 21.02589433, 48.73739714 ], [ 21.02606992, 48.73729414 ], [ 21.02612763, 48.73725993 ], [ 21.02611638, 48.7372411 ], [ 21.02610514, 48.73722227 ], [ 21.0260986, 48.73721143 ], [ 21.02598561, 48.73703033 ], [ 21.02600498, 48.73698991 ], [ 21.02608944, 48.73691489 ], [ 21.02616491, 48.73681824 ], [ 21.02620212, 48.73677048 ], [ 21.02614502, 48.73666622 ], [ 21.02613903, 48.73665531 ], [ 21.02614697, 48.73663297 ], [ 21.02621833, 48.73643335 ], [ 21.02636071, 48.73623786 ], [ 21.02647523, 48.73617401 ], [ 21.02651133, 48.73616997 ], [ 21.02673811, 48.73614474 ], [ 21.02676374, 48.73610434 ], [ 21.02682483, 48.73604503 ], [ 21.0268396, 48.73601509 ], [ 21.02684554, 48.73600312 ], [ 21.02699996, 48.73592266 ], [ 21.02713352, 48.73581918 ], [ 21.0271432, 48.73580815 ], [ 21.0272142, 48.73572729 ], [ 21.02722391, 48.7357177 ], [ 21.02725976, 48.73568259 ], [ 21.0273303, 48.73561333 ], [ 21.02738835, 48.73555635 ], [ 21.02752414, 48.73545573 ], [ 21.02758728, 48.73540891 ], [ 21.02760588, 48.73539512 ], [ 21.02760796, 48.73538555 ], [ 21.02761156, 48.73536847 ], [ 21.02761662, 48.73534451 ], [ 21.02762565, 48.73527871 ], [ 21.02756807, 48.73518444 ], [ 21.02756432, 48.73517819 ], [ 21.02753514, 48.73510276 ], [ 21.02751928, 48.73506199 ], [ 21.02756529, 48.73500399 ], [ 21.0276462, 48.73494902 ], [ 21.02766384, 48.73493699 ], [ 21.02784238, 48.73466229 ], [ 21.02801203, 48.73453496 ], [ 21.02801724, 48.73453261 ], [ 21.02813697, 48.73447721 ], [ 21.02814866, 48.73437224 ], [ 21.02833946, 48.73424597 ], [ 21.02834843, 48.73419728 ], [ 21.02838692, 48.73398929 ], [ 21.02839128, 48.73396566 ], [ 21.02849461, 48.73392745 ], [ 21.02853843, 48.73391125 ], [ 21.02861911, 48.73387914 ], [ 21.02875045, 48.73382682 ], [ 21.02889443, 48.73373304 ], [ 21.029097, 48.73358411 ], [ 21.02910622, 48.7335773 ], [ 21.02919431, 48.73352626 ], [ 21.02933747, 48.73344335 ], [ 21.02940204, 48.73340288 ], [ 21.02947617, 48.73335642 ], [ 21.02963367, 48.73332009 ], [ 21.02963547, 48.7333197 ], [ 21.02971472, 48.73326665 ], [ 21.02971253, 48.73325055 ], [ 21.02968066, 48.73300963 ], [ 21.02969478, 48.7329449 ], [ 21.02971978, 48.73282948 ], [ 21.02972089, 48.73282556 ], [ 21.02978806, 48.73278301 ], [ 21.03000268, 48.7327309 ], [ 21.0300619, 48.73269449 ], [ 21.0300709, 48.73268893 ], [ 21.03012055, 48.73265842 ], [ 21.02993085, 48.73230786 ], [ 21.0300439, 48.73221811 ], [ 21.03014091, 48.73211703 ], [ 21.03026909, 48.73198338 ], [ 21.03034957, 48.7318995 ], [ 21.03038353, 48.73186415 ], [ 21.0306125, 48.73166079 ], [ 21.03074959, 48.73153896 ], [ 21.03093278, 48.73137597 ], [ 21.03095831, 48.73135321 ], [ 21.03115387, 48.73123763 ], [ 21.03116512, 48.73123098 ], [ 21.0311677, 48.73122386 ], [ 21.03118919, 48.73116414 ], [ 21.03119849, 48.73113825 ], [ 21.03121866, 48.7309075 ], [ 21.03127248, 48.73080878 ], [ 21.03128448, 48.73078675 ], [ 21.0313595, 48.73074662 ], [ 21.0315121, 48.73069923 ], [ 21.03154248, 48.73068978 ], [ 21.03154721, 48.73068832 ], [ 21.03160114, 48.73067163 ], [ 21.03161731, 48.73066658 ], [ 21.03174159, 48.73052497 ], [ 21.03179695, 48.73040208 ], [ 21.03182668, 48.73033606 ], [ 21.03183584, 48.73032817 ], [ 21.03186145, 48.73030623 ], [ 21.03193056, 48.73024682 ], [ 21.03194787, 48.7302319 ], [ 21.03201168, 48.7302123 ], [ 21.03211562, 48.73018032 ], [ 21.03236139, 48.73013743 ], [ 21.03236856, 48.73013622 ], [ 21.03244151, 48.73012349 ], [ 21.03244883, 48.7301222 ], [ 21.03246455, 48.73011948 ], [ 21.03249406, 48.73011432 ], [ 21.03256384, 48.73010221 ], [ 21.03256591, 48.73010183 ], [ 21.03271652, 48.73006823 ], [ 21.03281213, 48.73004751 ], [ 21.03290469, 48.7300275 ], [ 21.03290731, 48.72997986 ], [ 21.03291362, 48.72986842 ], [ 21.03291539, 48.72983759 ], [ 21.03288759, 48.72977085 ], [ 21.03287019, 48.72972895 ], [ 21.0328665, 48.72972001 ], [ 21.03292108, 48.72969461 ], [ 21.0330064, 48.72965491 ], [ 21.03321091, 48.72960868 ], [ 21.03328651, 48.72962412 ], [ 21.03336641, 48.72964043 ], [ 21.0335245, 48.7296305 ], [ 21.03368546, 48.72954961 ], [ 21.03371332, 48.72953558 ], [ 21.03386148, 48.7294802 ], [ 21.03386974, 48.72947714 ], [ 21.03387603, 48.72947131 ], [ 21.03400092, 48.72935593 ], [ 21.03400662, 48.72935062 ], [ 21.03413167, 48.72912962 ], [ 21.03416511, 48.72907759 ], [ 21.03418483, 48.7290469 ], [ 21.03438123, 48.72905974 ], [ 21.03447916, 48.72906611 ], [ 21.03454231, 48.72904612 ], [ 21.03454221, 48.72897849 ], [ 21.03457051, 48.72890595 ], [ 21.03457809, 48.72888657 ], [ 21.03466063, 48.72885128 ], [ 21.03473094, 48.72882117 ], [ 21.03475932, 48.72879131 ], [ 21.03478161, 48.72876809 ], [ 21.0348896, 48.72865475 ], [ 21.03488635, 48.72862178 ], [ 21.03488068, 48.72856487 ], [ 21.03495192, 48.72846618 ], [ 21.03507375, 48.72839517 ], [ 21.03522842, 48.7283726 ], [ 21.03524604, 48.72837003 ], [ 21.03527371, 48.72834582 ], [ 21.0353907, 48.72824313 ], [ 21.03541241, 48.72822413 ], [ 21.03549812, 48.72809746 ], [ 21.03556183, 48.7280973 ], [ 21.03573199, 48.72806425 ], [ 21.03574526, 48.72806153 ], [ 21.03577359, 48.72805571 ], [ 21.03583704, 48.72804275 ], [ 21.03584713, 48.72804065 ], [ 21.03591209, 48.72802739 ], [ 21.03598811, 48.72801187 ], [ 21.0361121, 48.7279865 ], [ 21.0364309, 48.72789521 ], [ 21.03677236, 48.72779737 ], [ 21.03692327, 48.72775414 ], [ 21.0371574, 48.72771743 ], [ 21.0374049, 48.72765486 ], [ 21.03754512, 48.72763623 ], [ 21.03771802, 48.72758472 ], [ 21.03803263, 48.7273784 ], [ 21.03887157, 48.72700575 ], [ 21.03888242, 48.72700088 ], [ 21.03860437, 48.72689722 ], [ 21.0383692, 48.72676976 ], [ 21.03817466, 48.72661418 ], [ 21.03813732, 48.72659486 ], [ 21.03795236, 48.72655665 ], [ 21.03773873, 48.72651245 ], [ 21.03767249, 48.72635379 ], [ 21.03760152, 48.72631472 ], [ 21.03757977, 48.72629978 ], [ 21.03775401, 48.72618133 ], [ 21.03791771, 48.72605082 ], [ 21.0380492, 48.72586343 ], [ 21.03824675, 48.72569892 ], [ 21.03833356, 48.72565386 ], [ 21.03841683, 48.72572682 ], [ 21.03866703, 48.72580058 ], [ 21.03876095, 48.72580051 ], [ 21.03876921, 48.72575918 ], [ 21.03889941, 48.72576344 ], [ 21.03902241, 48.72579305 ], [ 21.03921243, 48.72583448 ], [ 21.03967972, 48.72579542 ], [ 21.0398452, 48.72574654 ], [ 21.04009601, 48.72560133 ], [ 21.04020769, 48.72557303 ], [ 21.04033158, 48.72545247 ], [ 21.04039575, 48.72529159 ], [ 21.0405883, 48.72509017 ], [ 21.04100042, 48.72474261 ], [ 21.04101335, 48.72464074 ], [ 21.04084824, 48.7244756 ], [ 21.04095251, 48.72426804 ], [ 21.04121161, 48.72415191 ], [ 21.04153378, 48.72403146 ], [ 21.04179947, 48.72389636 ], [ 21.04198104, 48.72384153 ], [ 21.04230707, 48.72380755 ], [ 21.04253137, 48.72373818 ], [ 21.04279037, 48.72362519 ], [ 21.04331893, 48.72346359 ], [ 21.04342088, 48.72321769 ], [ 21.04352015, 48.72316412 ], [ 21.04347139, 48.72313921 ], [ 21.04336478, 48.72290521 ], [ 21.04398149, 48.72263105 ], [ 21.04402256, 48.72259692 ], [ 21.044156, 48.72256491 ], [ 21.04440533, 48.72247565 ], [ 21.04424539, 48.72233778 ], [ 21.04423172, 48.72231851 ], [ 21.0438059, 48.72227296 ], [ 21.04367636, 48.72226557 ], [ 21.0432112, 48.72224557 ], [ 21.04269763, 48.72225072 ], [ 21.04188384, 48.72220857 ], [ 21.04165643, 48.72221229 ], [ 21.04145646, 48.72223122 ], [ 21.04108395, 48.72228799 ], [ 21.04077507, 48.72232739 ], [ 21.04034303, 48.72236501 ], [ 21.03976812, 48.72245503 ], [ 21.0396106, 48.72246139 ], [ 21.03900072, 48.72252937 ], [ 21.03852957, 48.7225204 ], [ 21.03801296, 48.72250058 ], [ 21.03775112, 48.72247696 ], [ 21.0374915, 48.72243288 ], [ 21.03728208, 48.72241799 ], [ 21.03716176, 48.72245097 ], [ 21.03681345, 48.72262431 ], [ 21.03651292, 48.72273745 ], [ 21.0362631, 48.72288404 ], [ 21.03588975, 48.72306448 ], [ 21.03575288, 48.72307854 ], [ 21.03575387, 48.72305255 ], [ 21.0357544, 48.72290931 ], [ 21.03572981, 48.7228615 ], [ 21.03575043, 48.72280788 ], [ 21.03581633, 48.72275115 ], [ 21.03584673, 48.72270155 ], [ 21.03582052, 48.72259542 ], [ 21.03589602, 48.7224541 ], [ 21.03588617, 48.72239498 ], [ 21.03590333, 48.72235656 ], [ 21.03586826, 48.72232515 ], [ 21.03592049, 48.72225834 ], [ 21.03600122, 48.72219085 ], [ 21.03605142, 48.72200764 ], [ 21.03609297, 48.72193616 ], [ 21.03615785, 48.72190398 ], [ 21.03616762, 48.72185171 ], [ 21.03621904, 48.72181927 ], [ 21.03623062, 48.72179192 ], [ 21.0362096, 48.72166013 ], [ 21.03621946, 48.7216157 ], [ 21.03619081, 48.72153669 ], [ 21.03628087, 48.72144816 ], [ 21.036253, 48.72136963 ], [ 21.0360773, 48.72125185 ], [ 21.03602571, 48.72122288 ], [ 21.03596613, 48.72114817 ], [ 21.03589054, 48.72095831 ], [ 21.03583988, 48.72087516 ], [ 21.03585586, 48.72083624 ], [ 21.03581301, 48.72079252 ], [ 21.03583657, 48.72074142 ], [ 21.03583077, 48.72069162 ], [ 21.03575814, 48.72062396 ], [ 21.0357767, 48.72060323 ], [ 21.03572873, 48.72056059 ], [ 21.03570995, 48.72048974 ], [ 21.03566779, 48.72040948 ], [ 21.03566634, 48.72031633 ], [ 21.03572528, 48.72018896 ], [ 21.03580491, 48.72011783 ], [ 21.03584603, 48.72008307 ], [ 21.03581701, 48.71995462 ], [ 21.0358984, 48.7197637 ], [ 21.0359685, 48.7197054 ], [ 21.03598502, 48.71962481 ], [ 21.03596741, 48.71956012 ], [ 21.03600265, 48.71949113 ], [ 21.03599433, 48.71943873 ], [ 21.03596222, 48.71937698 ], [ 21.03597352, 48.71928614 ], [ 21.03595993, 48.7192187 ], [ 21.03597759, 48.71914283 ], [ 21.03597338, 48.71906634 ], [ 21.03601183, 48.71902537 ], [ 21.03601849, 48.71896742 ], [ 21.0360507, 48.71893705 ], [ 21.03604487, 48.71882782 ], [ 21.03609768, 48.71877139 ], [ 21.03609089, 48.71874757 ], [ 21.03612085, 48.71869642 ], [ 21.03612706, 48.71856453 ], [ 21.03608365, 48.71851916 ], [ 21.0360735, 48.71835856 ], [ 21.03603008, 48.71833507 ], [ 21.03601879, 48.71825879 ], [ 21.03604768, 48.71821652 ], [ 21.03603683, 48.71801627 ], [ 21.0360623, 48.71791049 ], [ 21.03603829, 48.71785325 ], [ 21.03606465, 48.71781566 ], [ 21.0360278, 48.717739 ], [ 21.03606524, 48.7177188 ], [ 21.03606348, 48.71766417 ], [ 21.03603795, 48.71758356 ], [ 21.03606333, 48.717559 ], [ 21.03605625, 48.71751546 ], [ 21.0360506, 48.71745467 ], [ 21.03608406, 48.7173732 ], [ 21.03607612, 48.71733746 ], [ 21.03612618, 48.71729408 ], [ 21.0360718, 48.71725529 ], [ 21.03607629, 48.71712812 ], [ 21.03615898, 48.7170325 ], [ 21.03616634, 48.71689066 ], [ 21.03619129, 48.71686464 ], [ 21.03611327, 48.71661644 ], [ 21.03616781, 48.71652414 ], [ 21.03614348, 48.71643303 ], [ 21.03617103, 48.71638135 ], [ 21.03615795, 48.71633428 ], [ 21.03619779, 48.71619854 ], [ 21.03624251, 48.71615012 ], [ 21.03627398, 48.71606966 ], [ 21.03630068, 48.71604569 ], [ 21.03630143, 48.71595036 ], [ 21.03631316, 48.71591364 ], [ 21.03637223, 48.71587533 ], [ 21.03636465, 48.71580206 ], [ 21.03642485, 48.71577045 ], [ 21.03642749, 48.71573344 ], [ 21.03646748, 48.71569189 ], [ 21.03651029, 48.71564719 ], [ 21.0366462, 48.71556755 ], [ 21.03664215, 48.71542551 ], [ 21.03668822, 48.71525 ], [ 21.03680264, 48.71515209 ], [ 21.03684077, 48.71507726 ], [ 21.03683895, 48.71496536 ], [ 21.03689521, 48.71493542 ], [ 21.03686639, 48.71488243 ], [ 21.03680204, 48.71484223 ], [ 21.03679896, 48.71472724 ], [ 21.03682774, 48.71463913 ], [ 21.03674651, 48.7146009 ], [ 21.03676347, 48.71457966 ], [ 21.03674593, 48.71450507 ], [ 21.03676655, 48.71447135 ], [ 21.03685577, 48.71440837 ], [ 21.03686199, 48.71431078 ], [ 21.03683714, 48.71423748 ], [ 21.03689366, 48.71418405 ], [ 21.03692541, 48.71411621 ], [ 21.0370065, 48.71400551 ], [ 21.03703116, 48.71392158 ], [ 21.0369602, 48.71389882 ], [ 21.03693857, 48.71382796 ], [ 21.03699647, 48.71370164 ], [ 21.03692688, 48.71356627 ], [ 21.0370255, 48.71331415 ], [ 21.03729181, 48.7129013 ], [ 21.03740942, 48.71245188 ], [ 21.03740659, 48.71220984 ], [ 21.0373113, 48.71205788 ], [ 21.03732524, 48.71189356 ], [ 21.03707139, 48.71186038 ], [ 21.03715681, 48.71153011 ], [ 21.03709691, 48.71099095 ], [ 21.03729446, 48.71070407 ], [ 21.03737951, 48.71019523 ], [ 21.03755149, 48.70930494 ], [ 21.03755716, 48.70927821 ], [ 21.03774534, 48.70838233 ], [ 21.03796628, 48.70788641 ], [ 21.03805932, 48.70769038 ], [ 21.03805488, 48.7076824 ], [ 21.03813995, 48.70766556 ], [ 21.03835597, 48.70746419 ], [ 21.03842273, 48.70743928 ], [ 21.038436, 48.70740019 ], [ 21.03858482, 48.70728594 ], [ 21.03886131, 48.70716192 ], [ 21.03898405, 48.70701792 ], [ 21.03910291, 48.70687135 ], [ 21.0391506, 48.70676676 ], [ 21.03924948, 48.70676163 ], [ 21.03935931, 48.70659216 ], [ 21.03946291, 48.70654397 ], [ 21.03953073, 48.7064521 ], [ 21.03968856, 48.70639019 ], [ 21.03976594, 48.70626153 ], [ 21.0399751, 48.70618249 ], [ 21.04000912, 48.70613516 ], [ 21.03997105, 48.70603676 ], [ 21.03999371, 48.70600842 ], [ 21.04006536, 48.70598357 ], [ 21.04004554, 48.70593574 ], [ 21.04021322, 48.70574206 ], [ 21.04020606, 48.70568321 ], [ 21.04016608, 48.70554485 ], [ 21.04017268, 48.70551661 ], [ 21.04033774, 48.70534878 ], [ 21.04046692, 48.7051642 ], [ 21.04036514, 48.70501904 ], [ 21.04036816, 48.70496773 ], [ 21.0405252, 48.70492713 ], [ 21.04052836, 48.70480127 ], [ 21.04050719, 48.7047714 ], [ 21.04046363, 48.70475727 ], [ 21.04041989, 48.70474539 ], [ 21.04039732, 48.70455799 ], [ 21.04040375, 48.70429024 ], [ 21.04042814, 48.70421702 ], [ 21.04046434, 48.70399688 ], [ 21.04050516, 48.70395851 ], [ 21.04041045, 48.70392983 ], [ 21.04055296, 48.70376702 ], [ 21.04050376, 48.70371004 ], [ 21.04060508, 48.70356857 ], [ 21.04047894, 48.70357263 ], [ 21.04043848, 48.70343705 ], [ 21.04057326, 48.70339023 ], [ 21.04056336, 48.70337154 ], [ 21.04048695, 48.70332914 ], [ 21.0404509, 48.70323828 ], [ 21.04048797, 48.70317367 ], [ 21.04046196, 48.7031413 ], [ 21.04052861, 48.70293963 ], [ 21.04049858, 48.70286463 ], [ 21.04053656, 48.70281698 ], [ 21.04055935, 48.70272886 ], [ 21.04064503, 48.70266548 ], [ 21.04068397, 48.70248505 ], [ 21.04065054, 48.70243722 ], [ 21.04067237, 48.70242371 ], [ 21.04077203, 48.70239528 ], [ 21.04078161, 48.70238002 ], [ 21.04073024, 48.70228298 ], [ 21.04075683, 48.70224396 ], [ 21.04069862, 48.70221828 ], [ 21.04060004, 48.70203398 ], [ 21.04087574, 48.70200736 ], [ 21.04087959, 48.70197948 ], [ 21.04084597, 48.70193065 ], [ 21.04080582, 48.70193087 ], [ 21.04072616, 48.7018392 ], [ 21.04076721, 48.70178877 ], [ 21.04081971, 48.7017452 ], [ 21.04085332, 48.70174153 ], [ 21.04089457, 48.70165374 ], [ 21.0408611, 48.70151209 ], [ 21.04091583, 48.70140592 ], [ 21.04080573, 48.70135747 ], [ 21.04081245, 48.70131681 ], [ 21.04085625, 48.70125504 ], [ 21.04101486, 48.70119874 ], [ 21.04093769, 48.70107735 ], [ 21.04098043, 48.70098979 ], [ 21.04097572, 48.70089995 ], [ 21.04099707, 48.70079089 ], [ 21.04095794, 48.70074125 ], [ 21.04103602, 48.70061028 ], [ 21.04101988, 48.70055689 ], [ 21.04106112, 48.70045298 ], [ 21.04111553, 48.70041119 ], [ 21.04113249, 48.70034448 ], [ 21.04112159, 48.7002774 ], [ 21.0412252, 48.70012889 ], [ 21.04114151, 48.70007113 ], [ 21.0412606, 48.69995213 ], [ 21.04132468, 48.69985374 ], [ 21.04140933, 48.69980591 ], [ 21.04151194, 48.69988536 ], [ 21.04157365, 48.69989324 ], [ 21.04159884, 48.6998747 ], [ 21.04162881, 48.69972504 ], [ 21.04186526, 48.69960457 ], [ 21.04207948, 48.69947581 ], [ 21.04189327, 48.69928277 ], [ 21.04197994, 48.69923339 ], [ 21.04199324, 48.69920474 ], [ 21.04196852, 48.6991879 ], [ 21.04186893, 48.69914448 ], [ 21.04185359, 48.69912948 ], [ 21.04186023, 48.69911349 ], [ 21.04194154, 48.69907203 ], [ 21.04179268, 48.69888716 ], [ 21.04182293, 48.69882458 ], [ 21.04163259, 48.69871425 ], [ 21.04162188, 48.69869373 ], [ 21.04169, 48.69865589 ], [ 21.04172619, 48.69857037 ], [ 21.04168494, 48.69848717 ], [ 21.0414594, 48.6984018 ], [ 21.04144284, 48.69838496 ], [ 21.04150012, 48.6983265 ], [ 21.04151163, 48.69824359 ], [ 21.04142643, 48.69815877 ], [ 21.04144949, 48.69795053 ], [ 21.04131191, 48.69792396 ], [ 21.04139119, 48.69776602 ], [ 21.04147877, 48.6975481 ], [ 21.04151504, 48.69729951 ], [ 21.04163842, 48.69730121 ], [ 21.04179147, 48.69722825 ], [ 21.04169017, 48.69715308 ], [ 21.04170012, 48.69710199 ], [ 21.04164791, 48.69703427 ], [ 21.04165989, 48.69700513 ], [ 21.04177371, 48.69702732 ], [ 21.04193529, 48.69697661 ], [ 21.04199347, 48.69691342 ], [ 21.042223, 48.69677975 ], [ 21.04229439, 48.69676921 ], [ 21.04232407, 48.69671967 ], [ 21.04243153, 48.69664324 ], [ 21.04240503, 48.69656475 ], [ 21.04245388, 48.6965062 ], [ 21.04241792, 48.69642507 ], [ 21.04246474, 48.69636825 ], [ 21.0426097, 48.69635779 ], [ 21.04262137, 48.69634916 ], [ 21.04264603, 48.69630306 ], [ 21.04276679, 48.6963126 ], [ 21.04279067, 48.69626602 ], [ 21.04316339, 48.69610013 ], [ 21.04327472, 48.69604101 ], [ 21.0432589, 48.69603239 ], [ 21.04332934, 48.6959235 ], [ 21.04339918, 48.69583169 ], [ 21.0433323, 48.69572748 ], [ 21.04325923, 48.6956842 ], [ 21.04338091, 48.69555934 ], [ 21.04355402, 48.69526688 ], [ 21.04366245, 48.69488622 ], [ 21.04381263, 48.69444929 ], [ 21.04380927, 48.69433771 ], [ 21.0438063, 48.69429925 ], [ 21.04383115, 48.69423785 ], [ 21.04381254, 48.69417205 ], [ 21.04375434, 48.69406272 ], [ 21.04383608, 48.69397715 ], [ 21.04389603, 48.69388844 ], [ 21.04390784, 48.69373585 ], [ 21.04386016, 48.6935768 ], [ 21.04379322, 48.69351518 ], [ 21.0437647, 48.693511 ], [ 21.04380395, 48.69309323 ], [ 21.0438707, 48.69249483 ], [ 21.04386301, 48.69240669 ], [ 21.04390387, 48.69224037 ], [ 21.04413069, 48.69205349 ], [ 21.04426591, 48.6919839 ], [ 21.04425928, 48.69187599 ], [ 21.04431284, 48.69176906 ], [ 21.0443986, 48.69175531 ], [ 21.04444326, 48.69168915 ], [ 21.04433912, 48.69163945 ], [ 21.04423175, 48.69165115 ], [ 21.04421156, 48.69160286 ], [ 21.04425526, 48.69153307 ], [ 21.04433794, 48.69151686 ], [ 21.04436767, 48.69149578 ], [ 21.0443658, 48.69140072 ], [ 21.04440445, 48.69135661 ], [ 21.04431128, 48.69131853 ], [ 21.04417942, 48.69132312 ], [ 21.04413447, 48.6912931 ], [ 21.0441791, 48.69123271 ], [ 21.0442367, 48.69110799 ], [ 21.04423359, 48.69100047 ], [ 21.04440533, 48.69094081 ], [ 21.04440206, 48.69087543 ], [ 21.04441252, 48.69078266 ], [ 21.04435314, 48.69062728 ], [ 21.0443874, 48.69056556 ], [ 21.04447376, 48.69053831 ], [ 21.04442793, 48.69050737 ], [ 21.04446098, 48.69045811 ], [ 21.04450957, 48.69037029 ], [ 21.04461823, 48.69017387 ], [ 21.04462469, 48.69016201 ], [ 21.04473428, 48.68998939 ], [ 21.04477561, 48.68990772 ], [ 21.04479677, 48.68982296 ], [ 21.0448857, 48.68971566 ], [ 21.04493316, 48.68960475 ], [ 21.04514396, 48.68958662 ], [ 21.04535716, 48.68950717 ], [ 21.04542334, 48.68940038 ], [ 21.04536551, 48.68912962 ], [ 21.0453646, 48.68905071 ], [ 21.0453899, 48.68899598 ], [ 21.04543504, 48.68894334 ], [ 21.04542447, 48.68886097 ], [ 21.04564364, 48.68876163 ], [ 21.04595436, 48.6887076 ], [ 21.04610136, 48.68872601 ], [ 21.04619651, 48.68866835 ], [ 21.04632846, 48.68866069 ], [ 21.04646717, 48.68862795 ], [ 21.04668997, 48.68861472 ], [ 21.04676125, 48.68859094 ], [ 21.04665689, 48.68850955 ], [ 21.04665581, 48.68843477 ], [ 21.04662988, 48.68838503 ], [ 21.04665831, 48.68823928 ], [ 21.0466639, 48.68813159 ], [ 21.04665198, 48.68808357 ], [ 21.04667181, 48.68798382 ], [ 21.04670165, 48.68793933 ], [ 21.04667723, 48.68784749 ], [ 21.04662447, 48.68776365 ], [ 21.04662822, 48.68771524 ], [ 21.04673148, 48.68759085 ], [ 21.04664747, 48.68754118 ], [ 21.0466448, 48.68751678 ], [ 21.04670123, 48.68747685 ], [ 21.04680709, 48.68749067 ], [ 21.04678823, 48.68743918 ], [ 21.04674341, 48.68741286 ], [ 21.04680517, 48.6873306 ], [ 21.04670371, 48.68727253 ], [ 21.04662174, 48.68720457 ], [ 21.04657547, 48.68721413 ], [ 21.04654059, 48.68718958 ], [ 21.04654484, 48.68713074 ], [ 21.04654252, 48.68707258 ], [ 21.04660168, 48.68702527 ], [ 21.04646437, 48.68692091 ], [ 21.04651669, 48.6868758 ], [ 21.04655748, 48.68688146 ], [ 21.04658499, 48.68680438 ], [ 21.04642773, 48.68671396 ], [ 21.04645706, 48.68663262 ], [ 21.04643183, 48.68656265 ], [ 21.04639069, 48.68655806 ], [ 21.04633733, 48.68652047 ], [ 21.04636382, 48.68645894 ], [ 21.04638629, 48.68634559 ], [ 21.0463837, 48.68630201 ], [ 21.04643676, 48.68625801 ], [ 21.04643134, 48.68613753 ], [ 21.04645101, 48.68595431 ], [ 21.0464358, 48.68592122 ], [ 21.04629975, 48.68578539 ], [ 21.04635282, 48.68577227 ], [ 21.0464044, 48.6855095 ], [ 21.04639381, 48.68536896 ], [ 21.04634621, 48.68509223 ], [ 21.04645938, 48.68482418 ], [ 21.04654136, 48.68449298 ], [ 21.04654424, 48.68427778 ], [ 21.04651029, 48.68391659 ], [ 21.04646313, 48.68387984 ], [ 21.04643985, 48.68387475 ], [ 21.04641656, 48.68386967 ], [ 21.04542413, 48.68377504 ], [ 21.04430168, 48.68347867 ], [ 21.04428445, 48.68349459 ], [ 21.04412269, 48.68340447 ], [ 21.04398653, 48.68327214 ], [ 21.04382549, 48.68310524 ], [ 21.0437031, 48.6829378 ], [ 21.04362063, 48.68256024 ], [ 21.04349898, 48.68238653 ], [ 21.0431961, 48.68211061 ], [ 21.0430817, 48.68194379 ], [ 21.04303783, 48.68186303 ], [ 21.04301915, 48.68154348 ], [ 21.04301716, 48.68153369 ], [ 21.0430774, 48.68127535 ], [ 21.04303502, 48.68049418 ], [ 21.0428108, 48.68010469 ], [ 21.04292559, 48.67991332 ], [ 21.04300193, 48.679747 ], [ 21.04288991, 48.6795138 ], [ 21.04247379, 48.67929054 ], [ 21.04205307, 48.67911251 ], [ 21.0420366, 48.67912718 ], [ 21.041789, 48.67885794 ], [ 21.04107146, 48.67829253 ], [ 21.04086097, 48.67755969 ], [ 21.04071087, 48.67739413 ], [ 21.04049091, 48.67711183 ], [ 21.04023914, 48.67685667 ], [ 21.04008131, 48.67677451 ], [ 21.03993362, 48.67664576 ], [ 21.0399523, 48.67655597 ], [ 21.03975431, 48.67646357 ], [ 21.03964947, 48.67631642 ], [ 21.03964234, 48.67622813 ], [ 21.03951523, 48.67617335 ], [ 21.0394216, 48.676209 ], [ 21.03924276, 48.67620052 ], [ 21.03904392, 48.67617581 ], [ 21.0390124, 48.67610463 ], [ 21.03885614, 48.6760651 ], [ 21.03883176, 48.6759875 ], [ 21.03867781, 48.67592085 ], [ 21.03854687, 48.67597175 ], [ 21.03835091, 48.67593399 ], [ 21.03816271, 48.67549821 ], [ 21.03797932, 48.67488547 ], [ 21.03784748, 48.67459418 ], [ 21.03726629, 48.67391219 ], [ 21.03697688, 48.67335198 ], [ 21.03684128, 48.67303841 ], [ 21.03682046, 48.67293147 ], [ 21.0366722, 48.67221111 ], [ 21.03648777, 48.67186883 ], [ 21.0363446, 48.67144939 ], [ 21.0363936, 48.67132511 ], [ 21.03646559, 48.67096802 ], [ 21.03652234, 48.67061673 ], [ 21.03667664, 48.6696758 ], [ 21.0373889, 48.66809667 ], [ 21.03730181, 48.6667806 ], [ 21.03730599, 48.66671555 ], [ 21.03745431, 48.66629946 ], [ 21.0374208, 48.66624767 ], [ 21.03740718, 48.66622255 ], [ 21.03754491, 48.66618223 ], [ 21.03754325, 48.66615363 ], [ 21.03753768, 48.66605539 ], [ 21.03756552, 48.66588135 ], [ 21.03750815, 48.6657905 ], [ 21.03738423, 48.66579886 ], [ 21.03734139, 48.66571011 ], [ 21.03741427, 48.66558815 ], [ 21.03755722, 48.66547623 ], [ 21.03757142, 48.66538819 ], [ 21.03756375, 48.66535624 ], [ 21.03757176, 48.66530923 ], [ 21.03754792, 48.66530628 ], [ 21.03748629, 48.66529778 ], [ 21.03741098, 48.66462925 ], [ 21.03735352, 48.66360392 ], [ 21.03725587, 48.66347924 ], [ 21.03713004, 48.66337696 ], [ 21.03703282, 48.66322105 ], [ 21.03686698, 48.66308117 ], [ 21.03661793, 48.66278719 ], [ 21.03651381, 48.66264186 ], [ 21.03648566, 48.66242951 ], [ 21.03636992, 48.66210885 ], [ 21.03646431, 48.66193744 ], [ 21.03660308, 48.66179225 ], [ 21.03663617, 48.66164972 ], [ 21.0365869, 48.66157435 ], [ 21.0366003, 48.66149511 ], [ 21.03652327, 48.6613965 ], [ 21.03644406, 48.66109639 ], [ 21.03624474, 48.66069743 ], [ 21.03618633, 48.66044987 ], [ 21.03615371, 48.6604027 ], [ 21.03614792, 48.66006052 ], [ 21.0362347, 48.65991065 ], [ 21.0361546, 48.65957522 ], [ 21.03623533, 48.65941192 ], [ 21.03622426, 48.65933997 ], [ 21.03613718, 48.65927579 ], [ 21.03609955, 48.6591176 ], [ 21.03605305, 48.65903242 ], [ 21.03600699, 48.65884686 ], [ 21.03600586, 48.65849871 ], [ 21.03600342, 48.65847504 ], [ 21.03559599, 48.6585924 ], [ 21.03527586, 48.65890883 ], [ 21.03506187, 48.65921822 ], [ 21.03466135, 48.65969517 ], [ 21.03439109, 48.65992995 ], [ 21.03407949, 48.66013239 ], [ 21.03366355, 48.6603975 ], [ 21.03296534, 48.66107941 ], [ 21.03281628, 48.66130007 ], [ 21.03247205, 48.66156411 ], [ 21.03199314, 48.6620726 ], [ 21.03155895, 48.66243579 ], [ 21.03117037, 48.66288683 ], [ 21.03063135, 48.66342981 ], [ 21.03035354, 48.66369414 ], [ 21.03007115, 48.66399955 ], [ 21.02992988, 48.66421939 ], [ 21.02956719, 48.66463841 ], [ 21.02911745, 48.66508527 ], [ 21.02885166, 48.66538664 ], [ 21.0286984, 48.66561769 ], [ 21.02843732, 48.66616422 ], [ 21.02802253, 48.66656892 ], [ 21.02783227, 48.66675121 ], [ 21.02739791, 48.66707953 ], [ 21.02671249, 48.66768097 ], [ 21.02600764, 48.66819695 ], [ 21.02542948, 48.6685226 ], [ 21.02531588, 48.66860711 ], [ 21.02483657, 48.66876411 ], [ 21.02420833, 48.66916095 ], [ 21.02309206, 48.66997185 ], [ 21.02217375, 48.67046366 ], [ 21.02133339, 48.67090203 ], [ 21.02073761, 48.67113946 ], [ 21.02001064, 48.67146531 ], [ 21.0197103, 48.67163001 ], [ 21.01950637, 48.67166803 ], [ 21.01924181, 48.67168776 ], [ 21.01907566, 48.67171145 ], [ 21.01864259, 48.67175731 ], [ 21.01816614, 48.67182506 ], [ 21.01801373, 48.67186479 ], [ 21.01744825, 48.67200262 ], [ 21.01713096, 48.67206365 ], [ 21.01668238, 48.67214942 ], [ 21.01638308, 48.67224588 ], [ 21.0160208, 48.67240249 ], [ 21.01549676, 48.67260741 ], [ 21.01437179, 48.67302166 ], [ 21.01384248, 48.67318624 ], [ 21.01328941, 48.67338102 ], [ 21.0127796, 48.6735213 ], [ 21.01230776, 48.67360143 ], [ 21.01178172, 48.67364482 ], [ 21.01105999, 48.67367968 ], [ 21.01091866, 48.67368959 ], [ 21.01012018, 48.67376143 ], [ 21.00999328, 48.67378191 ], [ 21.00936149, 48.67386808 ], [ 21.00916564, 48.67389609 ], [ 21.00870698, 48.67395457 ], [ 21.00856413, 48.67398091 ], [ 21.00828311, 48.67406004 ], [ 21.00827644, 48.67406018 ], [ 21.00749675, 48.67439466 ], [ 21.00722751, 48.67451595 ], [ 21.00687773, 48.67468996 ], [ 21.00654757, 48.67487074 ], [ 21.00644583, 48.67494869 ], [ 21.00626783, 48.6751436 ], [ 21.00598806, 48.6753988 ], [ 21.00579517, 48.67553523 ], [ 21.00545806, 48.67578808 ], [ 21.00475717, 48.67622366 ], [ 21.00455207, 48.67634689 ], [ 21.00403833, 48.6766825 ], [ 21.00370047, 48.67694145 ], [ 21.00305676, 48.67775566 ], [ 21.00280278, 48.67809033 ], [ 21.00240988, 48.67848 ], [ 21.00203218, 48.67880533 ], [ 21.00151645, 48.67922974 ], [ 21.00104294, 48.67960998 ], [ 21.00087957, 48.67995079 ], [ 21.00056418, 48.6804518 ], [ 21.00037242, 48.68072738 ], [ 20.99985875, 48.68151086 ], [ 20.99974115, 48.68166166 ], [ 20.99954615, 48.68181098 ], [ 20.99933406, 48.68202087 ], [ 20.99905147, 48.68222788 ], [ 20.99854036, 48.68248602 ], [ 20.99788289, 48.68270518 ], [ 20.99751552, 48.68286066 ], [ 20.99736324, 48.68293773 ], [ 20.99715858, 48.68304016 ], [ 20.99690778, 48.68318807 ], [ 20.99675122, 48.68328022 ], [ 20.99561317, 48.68402019 ], [ 20.99509779, 48.68431635 ], [ 20.9946609, 48.68457073 ], [ 20.99417413, 48.68485181 ], [ 20.99357626, 48.68528165 ], [ 20.99344083, 48.68543222 ], [ 20.99304575, 48.68597657 ], [ 20.9928563, 48.6861257 ], [ 20.99275251, 48.68623914 ], [ 20.99265279, 48.68637792 ], [ 20.99248142, 48.68658465 ], [ 20.99224394, 48.68679503 ], [ 20.99204596, 48.68696702 ], [ 20.99178053, 48.68719079 ], [ 20.99167212, 48.68732748 ], [ 20.99149717, 48.68759397 ], [ 20.99134443, 48.68786876 ], [ 20.99121209, 48.68813459 ], [ 20.99103947, 48.68842754 ], [ 20.99096468, 48.68856382 ], [ 20.99082326, 48.68881116 ], [ 20.99062764, 48.68911154 ], [ 20.99047392, 48.68935613 ], [ 20.99038381, 48.68949343 ], [ 20.99028217, 48.68968428 ], [ 20.99015377, 48.68993205 ], [ 20.99001885, 48.69019222 ], [ 20.98996137, 48.69029557 ], [ 20.98985737, 48.6905175 ], [ 20.98974306, 48.69070856 ], [ 20.98976982, 48.69071801 ], [ 20.98976616, 48.69075913 ], [ 20.98974589, 48.69076278 ], [ 20.98988749, 48.69097972 ], [ 20.98997611, 48.69114727 ], [ 20.99000133, 48.69114298 ], [ 20.99038667, 48.6912126 ], [ 20.99034153, 48.69147269 ], [ 20.99036339, 48.69166512 ], [ 20.99036917, 48.69171097 ], [ 20.99062981, 48.69207288 ], [ 20.99069433, 48.692144 ], [ 20.99086438, 48.69231948 ], [ 20.99095178, 48.69241351 ], [ 20.99113761, 48.69264822 ], [ 20.99121276, 48.69278552 ], [ 20.99129602, 48.69298269 ], [ 20.991414, 48.69327278 ], [ 20.99145904, 48.69340349 ], [ 20.99149128, 48.6935345 ], [ 20.9915147, 48.69365801 ], [ 20.99150319, 48.6942875 ], [ 20.99154392, 48.69475331 ], [ 20.99157636, 48.69495898 ], [ 20.99161858, 48.69510544 ], [ 20.99159309, 48.69510973 ], [ 20.99151093, 48.6951188 ], [ 20.99162709, 48.69545988 ], [ 20.99167308, 48.69567689 ], [ 20.99188836, 48.69617119 ], [ 20.99194909, 48.69631575 ], [ 20.99197816, 48.6963485 ], [ 20.99239137, 48.69614602 ], [ 20.99241741, 48.69613806 ], [ 20.99270849, 48.69649188 ], [ 20.99298205, 48.69684368 ], [ 20.99319379, 48.69716047 ], [ 20.9933873, 48.69747008 ], [ 20.9934957, 48.69774688 ], [ 20.99347452, 48.69775347 ], [ 20.99367874, 48.69867611 ], [ 20.99375437, 48.69916109 ], [ 20.99481606, 48.69921541 ], [ 20.99496045, 48.69927387 ], [ 20.9952603, 48.69941178 ], [ 20.99546058, 48.69951189 ], [ 20.99565685, 48.69959125 ], [ 20.99570935, 48.69965071 ], [ 20.99573426, 48.70007097 ], [ 20.99392585, 48.70007435 ], [ 20.99409552, 48.70102412 ], [ 20.99437707, 48.70102833 ], [ 20.99435588, 48.70221173 ], [ 20.99585926, 48.70228701 ], [ 20.99549069, 48.70435223 ], [ 20.99632963, 48.7043978 ], [ 20.99709485, 48.70442165 ], [ 20.9981678, 48.70444002 ], [ 20.99808679, 48.70473944 ], [ 20.99691153, 48.70469939 ], [ 20.99554331, 48.70465626 ], [ 20.99457048, 48.70462533 ], [ 20.99454291, 48.70500018 ], [ 20.99448275, 48.70595988 ], [ 20.99548791, 48.70607445 ], [ 20.99639995, 48.70618106 ], [ 20.99712439, 48.70626226 ], [ 20.9969232, 48.7068353 ], [ 20.99723025, 48.70688223 ], [ 20.99705445, 48.70732653 ], [ 20.9972428, 48.70736006 ], [ 20.99797026, 48.70748972 ], [ 20.99797691, 48.70766616 ], [ 20.9980299, 48.70818315 ], [ 20.99808513, 48.70849438 ], [ 20.99816249, 48.70863535 ], [ 20.99869284, 48.70860286 ], [ 20.99927687, 48.70852272 ], [ 20.99916145, 48.70879668 ], [ 20.99907317, 48.70893315 ], [ 20.99878606, 48.70928066 ], [ 20.99867802, 48.70949121 ], [ 20.9983044, 48.70946244 ], [ 20.99815523, 48.71037479 ], [ 20.99803859, 48.71110533 ], [ 20.99769354, 48.71111613 ], [ 20.99756404, 48.71111931 ], [ 20.99763219, 48.71119865 ], [ 20.99753876, 48.71131496 ], [ 20.99756691, 48.71136181 ], [ 20.99754129, 48.71145407 ], [ 20.99754359, 48.71165198 ], [ 20.99748923, 48.71166737 ], [ 20.99747001, 48.71170194 ], [ 20.99748322, 48.71172877 ], [ 20.99730163, 48.71174778 ], [ 20.99720393, 48.71182522 ], [ 20.9971025, 48.71193747 ], [ 20.9970728, 48.71200447 ], [ 20.99704935, 48.71212373 ], [ 20.99699069, 48.71221561 ], [ 20.99696207, 48.712227 ], [ 20.99695086, 48.71228705 ], [ 20.99696149, 48.71232999 ], [ 20.99694548, 48.71235998 ], [ 20.99693853, 48.71239604 ], [ 20.99692011, 48.71242551 ], [ 20.99696268, 48.7124886 ], [ 20.99695592, 48.71251323 ], [ 20.99697781, 48.71260328 ], [ 20.9970216, 48.71261437 ], [ 20.99710162, 48.71269338 ], [ 20.99707041, 48.71279644 ], [ 20.99712698, 48.71282037 ], [ 20.9971267, 48.71288331 ], [ 20.99719562, 48.71290216 ], [ 20.99724467, 48.71293188 ], [ 20.99726482, 48.71305582 ], [ 20.99736497, 48.71305752 ], [ 20.99731013, 48.71313485 ], [ 20.99737268, 48.71324687 ], [ 20.99741184, 48.71327779 ], [ 20.99742202, 48.71329974 ], [ 20.99737227, 48.71337463 ], [ 20.99751493, 48.71346544 ], [ 20.99762749, 48.71349025 ], [ 20.99754161, 48.7135408 ], [ 20.99751977, 48.71356519 ], [ 20.99756216, 48.71364863 ], [ 20.99750175, 48.71366122 ], [ 20.99748848, 48.71368905 ], [ 20.99742399, 48.71372671 ], [ 20.997426, 48.71377036 ], [ 20.9975044, 48.71386715 ], [ 20.99756363, 48.71389721 ], [ 20.99757848, 48.71396343 ], [ 20.99756911, 48.71400994 ], [ 20.99763345, 48.71405701 ], [ 20.99750554, 48.71410013 ], [ 20.9975264, 48.7141517 ], [ 20.99751716, 48.714193 ], [ 20.99756964, 48.71425642 ], [ 20.99743947, 48.71432765 ], [ 20.997431, 48.71441985 ], [ 20.99750118, 48.71444189 ], [ 20.99754774, 48.71446856 ], [ 20.99757903, 48.71447212 ], [ 20.99760121, 48.71453507 ], [ 20.99764669, 48.71461744 ], [ 20.99771986, 48.7146503 ], [ 20.99777165, 48.71462221 ], [ 20.99781521, 48.71462555 ], [ 20.99782352, 48.71465239 ], [ 20.99789567, 48.7146645 ], [ 20.9979426, 48.71463238 ], [ 20.99799397, 48.71469793 ], [ 20.99804936, 48.71472129 ], [ 20.99806789, 48.71476413 ], [ 20.99803603, 48.71483448 ], [ 20.99803643, 48.71486151 ], [ 20.99802516, 48.71490796 ], [ 20.99795951, 48.71489264 ], [ 20.99797863, 48.7149744 ], [ 20.99790915, 48.71499713 ], [ 20.99798458, 48.71504501 ], [ 20.99799313, 48.71519099 ], [ 20.99794883, 48.71519555 ], [ 20.99791182, 48.71522071 ], [ 20.99791463, 48.71528257 ], [ 20.9978819, 48.71541116 ], [ 20.99782147, 48.71547786 ], [ 20.99776007, 48.71555551 ], [ 20.99772802, 48.71569132 ], [ 20.9977859, 48.71575006 ], [ 20.99782448, 48.71582103 ], [ 20.99780579, 48.71585049 ], [ 20.99786312, 48.7159092 ], [ 20.99803964, 48.71605814 ], [ 20.99808233, 48.71608017 ], [ 20.9980726, 48.71622131 ], [ 20.99812176, 48.71623699 ], [ 20.99814083, 48.71629435 ], [ 20.99812924, 48.71642768 ], [ 20.99816701, 48.7164446 ], [ 20.99823211, 48.71655364 ], [ 20.99816085, 48.71658001 ], [ 20.99811112, 48.71662932 ], [ 20.99805258, 48.71663153 ], [ 20.99804445, 48.71672995 ], [ 20.99812809, 48.71678449 ], [ 20.99810115, 48.71685105 ], [ 20.99811903, 48.71689702 ], [ 20.99811228, 48.71693047 ], [ 20.99811344, 48.71699075 ], [ 20.99811244, 48.7170651 ], [ 20.99808649, 48.71710773 ], [ 20.99802438, 48.71715529 ], [ 20.99801542, 48.71722513 ], [ 20.99804923, 48.71728532 ], [ 20.99803844, 48.7173344 ], [ 20.99807962, 48.7174449 ], [ 20.99808054, 48.71747402 ], [ 20.99810546, 48.71751878 ], [ 20.99808026, 48.71754424 ], [ 20.99811991, 48.71757779 ], [ 20.99809937, 48.71760106 ], [ 20.99813385, 48.71766695 ], [ 20.99813346, 48.71772781 ], [ 20.99816127, 48.71777564 ], [ 20.99814557, 48.71784824 ], [ 20.9982763, 48.71811505 ], [ 20.99820407, 48.71827825 ], [ 20.99814803, 48.71833547 ], [ 20.99808637, 48.71839862 ], [ 20.99804143, 48.71851229 ], [ 20.99804216, 48.7186663 ], [ 20.99809755, 48.71873278 ], [ 20.99812142, 48.71886873 ], [ 20.99819298, 48.7189535 ], [ 20.99820712, 48.71907237 ], [ 20.99830413, 48.71914637 ], [ 20.99838859, 48.71935015 ], [ 20.9984317, 48.71940803 ], [ 20.9983831, 48.71943713 ], [ 20.99838364, 48.71969972 ], [ 20.9983506, 48.71989177 ], [ 20.99827494, 48.71994212 ], [ 20.9981749, 48.72001066 ], [ 20.99828986, 48.72021959 ], [ 20.99845703, 48.72060738 ], [ 20.99853836, 48.72075189 ], [ 20.99859101, 48.72085287 ], [ 20.99874275, 48.72112443 ], [ 20.99885149, 48.72144634 ], [ 20.99898892, 48.72183683 ], [ 20.9991726, 48.72218995 ], [ 20.99926482, 48.72245864 ], [ 20.99934247, 48.72266093 ], [ 20.99946963, 48.72285091 ], [ 21.0000057, 48.72366781 ], [ 21.00000632, 48.72380353 ], [ 21.00030332, 48.72456948 ], [ 21.00028071, 48.72466148 ], [ 21.00023206, 48.7248549 ], [ 21.00024189, 48.72501281 ], [ 21.00032613, 48.72515679 ], [ 21.00034915, 48.72524832 ], [ 21.00079509, 48.72567018 ], [ 21.00085765, 48.72576256 ], [ 21.00089129, 48.72583427 ], [ 21.00092319, 48.72590196 ], [ 21.00116187, 48.72637945 ], [ 21.00135431, 48.72678454 ], [ 21.00139117, 48.7268623 ], [ 21.00179493, 48.72759215 ], [ 21.00188273, 48.72781873 ], [ 21.00205332, 48.7280594 ], [ 21.00207774, 48.72810361 ], [ 21.00213427, 48.72828836 ], [ 21.00237427, 48.72878299 ], [ 21.00266621, 48.72928187 ], [ 21.00279904, 48.72960791 ], [ 21.00288698, 48.72971581 ], [ 21.00314699, 48.73022488 ], [ 21.00348449, 48.73090283 ], [ 21.00407396, 48.73208679 ], [ 21.00434503, 48.73261549 ], [ 21.00463833, 48.73323561 ], [ 21.00488691, 48.73368028 ], [ 21.00493387, 48.73389109 ], [ 21.00499377, 48.73398834 ], [ 21.00509447, 48.73415447 ], [ 21.00531153, 48.73447239 ], [ 21.00537825, 48.73450458 ], [ 21.00542075, 48.73454021 ], [ 21.00553344, 48.73466117 ], [ 21.00540012, 48.73484018 ], [ 21.00539004, 48.73484219 ], [ 21.00612882, 48.73530126 ], [ 21.00666323, 48.73547462 ], [ 21.0069134, 48.73590051 ], [ 21.00701463, 48.73634093 ], [ 21.00754055, 48.73667005 ], [ 21.00763776, 48.73679617 ], [ 21.00788928, 48.7369843 ], [ 21.00835451, 48.73718895 ], [ 21.0090724, 48.7375126 ], [ 21.00936187, 48.73755521 ], [ 21.00980976, 48.73774451 ], [ 21.00984935, 48.73780795 ], [ 21.01032873, 48.73796776 ], [ 21.0109874, 48.73821777 ], [ 21.01139106, 48.73825901 ], [ 21.01146412, 48.73827583 ], [ 21.01157456, 48.73834944 ], [ 21.01162916, 48.73837276 ], [ 21.01168083, 48.73844389 ], [ 21.01171245, 48.7384633 ], [ 21.01171241, 48.73857937 ], [ 21.01184142, 48.73864126 ], [ 21.01185845, 48.73874042 ], [ 21.01194511, 48.73879712 ], [ 21.01194277, 48.73885702 ], [ 21.01202433, 48.73888204 ], [ 21.01205401, 48.73894515 ], [ 21.01204964, 48.73898688 ], [ 21.01205774, 48.73901119 ], [ 21.01203226, 48.73904582 ], [ 21.01206019, 48.73908348 ], [ 21.01211939, 48.73913064 ], [ 21.01212364, 48.73917175 ], [ 21.01206991, 48.73922175 ], [ 21.01213571, 48.73926624 ], [ 21.01213774, 48.73934942 ], [ 21.01213652, 48.7393854 ], [ 21.01214248, 48.73943278 ], [ 21.01215454, 48.73947324 ], [ 21.01215049, 48.73949625 ], [ 21.0122715, 48.73961019 ], [ 21.01227046, 48.73963474 ], [ 21.01234819, 48.73967269 ], [ 21.01234338, 48.73974006 ], [ 21.01238916, 48.7397649 ], [ 21.01236573, 48.73980482 ], [ 21.01240623, 48.73991944 ], [ 21.01241579, 48.74000376 ], [ 21.01258533, 48.74012957 ], [ 21.01262785, 48.7401831 ], [ 21.01262897, 48.7402405 ], [ 21.01273077, 48.7403005 ], [ 21.01273406, 48.74032546 ], [ 21.01277138, 48.74034686 ], [ 21.0128689, 48.74052314 ], [ 21.01289753, 48.74054254 ], [ 21.01291708, 48.7406064 ], [ 21.01298953, 48.7406585 ], [ 21.01300481, 48.74071402 ], [ 21.01299848, 48.74073659 ], [ 21.01303589, 48.74079284 ], [ 21.01309571, 48.74081381 ], [ 21.01310172, 48.74087317 ], [ 21.01314938, 48.74089644 ], [ 21.01317786, 48.74095753 ], [ 21.01324387, 48.74097223 ], [ 21.01331868, 48.74102539 ], [ 21.01339295, 48.74109672 ], [ 21.01344141, 48.74109499 ], [ 21.01348751, 48.74112821 ], [ 21.01352917, 48.74118235 ], [ 21.01368126, 48.74129218 ], [ 21.01370414, 48.74127042 ], [ 21.01376593, 48.74128516 ], [ 21.01376843, 48.74136024 ], [ 21.01383579, 48.74140407 ], [ 21.01399352, 48.74147158 ], [ 21.01402369, 48.74151391 ], [ 21.01408179, 48.74153959 ], [ 21.0142048, 48.7415477 ], [ 21.01433151, 48.74167461 ], [ 21.01440348, 48.74168248 ], [ 21.01441245, 48.74172609 ], [ 21.01450074, 48.74178113 ], [ 21.01454249, 48.7417763 ], [ 21.01456622, 48.74180463 ], [ 21.01464961, 48.74180549 ], [ 21.01471172, 48.74185932 ], [ 21.01478152, 48.74185622 ], [ 21.01481871, 48.74188482 ], [ 21.01493627, 48.74191652 ], [ 21.01495885, 48.74194383 ], [ 21.0150114, 48.74195654 ], [ 21.01507086, 48.74203288 ], [ 21.01514734, 48.74204585 ], [ 21.01515105, 48.74209423 ], [ 21.01539132, 48.74222101 ], [ 21.01544577, 48.74230412 ], [ 21.01569097, 48.74245952 ], [ 21.01582285, 48.74258119 ], [ 21.01580398, 48.74264189 ], [ 21.01605286, 48.74277904 ], [ 21.01604593, 48.7428078 ], [ 21.01612587, 48.74283637 ], [ 21.01616072, 48.74293225 ], [ 21.01638112, 48.74291439 ], [ 21.01645974, 48.74296957 ], [ 21.0164737, 48.74296688 ], [ 21.01647901, 48.74298308 ], [ 21.01648146, 48.74299036 ], [ 21.01648245, 48.74299346 ], [ 21.01648961, 48.74299054 ], [ 21.01652864, 48.7429749 ] ] ] } },
{ "type": "Feature", "properties": { "@featureType": "CadastralZoning", "beginLifespanVersion": { "@nilReason": "http://inspire.ec.europa.eu/codelist/VoidReasonValue/Unpopulated", "@nil": "true" }, "endLifespanVersion": { "@nilReason": "http://inspire.ec.europa.eu/codelist/VoidReasonValue/Unpopulated", "@nil": "true" }, "estimatedAccuracy": { "value": -1, "@uom": "m" }, "inspireId": { "@dataType": "Identifier", "localId": "841978", "namespace": "SK.ESKN.CP", "versionId": "20260703T04:07:40" }, "label": "Nováčany", "level": { "@href": "http://inspire.ec.europa.eu/codelist/CadastralZoningLevelValue/3rdOrder" }, "levelName": { "value": "Katastrálne územie", "@locale": "sk" }, "name_1": { "@dataType": "name", "GeographicalName": { "@dataType": "GeographicalName", "language": "SLK", "nativeness": { "@href": "http://inspire.ec.europa.eu/codelist/NativenessValue/endonym", "@title": "endonym" }, "nameStatus": { "@href": "http://inspire.ec.europa.eu/codelist/NameStatusValue/official", "@title": "official" }, "sourceOfName": { "@nilReason": "http://inspire.ec.europa.eu/codelist/VoidReasonValue/Unpopulated", "@nil": "true" }, "pronunciation": { "@dataType": "pronunciation", "@nilReason": "http://inspire.ec.europa.eu/codelist/VoidReasonValue/Unpopulated", "@nil": "true" }, "spelling": { "@dataType": "SpellingOfName", "text": "Nováčany", "script": "LATN" } } }, "nationalCadastalZoningReference": "841978", "validFrom": "2026-06-30T16:00:00Z", "validTo": { "@nilReason": "http://inspire.ec.europa.eu/codelist/VoidReasonValue/Unpopulated", "@nil": "true" }, "place_id": 189396049, "osm_type": "relation", "osm_id": 388209, "place_rank": 12, "category": "boundary", "type": "administrative", "importance": 0.54120382821693425, "addresstype": "county", "name_2": "okres Košice-okolie", "display_name": "okres Košice-okolie, Košický kraj, Slovensko" }, "geometry": { "type": "Polygon", "coordinates": [ [ [ 21.0362631, 48.72288404 ], [ 21.03651292, 48.72273745 ], [ 21.03681345, 48.72262431 ], [ 21.03716176, 48.72245097 ], [ 21.03728208, 48.72241799 ], [ 21.0374915, 48.72243288 ], [ 21.03775112, 48.72247696 ], [ 21.03801296, 48.72250058 ], [ 21.03852957, 48.7225204 ], [ 21.03900072, 48.72252937 ], [ 21.0396106, 48.72246139 ], [ 21.03976812, 48.72245503 ], [ 21.04034303, 48.72236501 ], [ 21.04077507, 48.72232739 ], [ 21.04108395, 48.72228799 ], [ 21.04145646, 48.72223122 ], [ 21.04165643, 48.72221229 ], [ 21.04188384, 48.72220857 ], [ 21.04269763, 48.72225072 ], [ 21.0432112, 48.72224557 ], [ 21.04367636, 48.72226557 ], [ 21.0438059, 48.72227296 ], [ 21.04423172, 48.72231851 ], [ 21.04424539, 48.72233778 ], [ 21.04440533, 48.72247565 ], [ 21.04490829, 48.72230671 ], [ 21.04501947, 48.72227037 ], [ 21.04553757, 48.72219729 ], [ 21.04575648, 48.7221344 ], [ 21.04608723, 48.72210452 ], [ 21.04634491, 48.72206352 ], [ 21.04673972, 48.72201782 ], [ 21.04696972, 48.72192117 ], [ 21.04730315, 48.72189903 ], [ 21.0473139, 48.72190271 ], [ 21.04763034, 48.72143773 ], [ 21.04776777, 48.72122666 ], [ 21.04783839, 48.72106645 ], [ 21.04785716, 48.72092813 ], [ 21.04812907, 48.72051067 ], [ 21.04821641, 48.72044554 ], [ 21.04840312, 48.72020493 ], [ 21.04842148, 48.72021058 ], [ 21.04848158, 48.72003453 ], [ 21.0485059, 48.71985272 ], [ 21.04848227, 48.71982295 ], [ 21.04864383, 48.71950732 ], [ 21.04868073, 48.71941588 ], [ 21.04867453, 48.71929304 ], [ 21.04882069, 48.71909972 ], [ 21.04884157, 48.71907348 ], [ 21.04885337, 48.71905388 ], [ 21.04911152, 48.71923241 ], [ 21.04937125, 48.71933329 ], [ 21.04981346, 48.71970395 ], [ 21.05023894, 48.72005273 ], [ 21.05053156, 48.72031468 ], [ 21.05063501, 48.72035993 ], [ 21.05061822, 48.72037163 ], [ 21.05071799, 48.72038227 ], [ 21.05092091, 48.72038557 ], [ 21.05120733, 48.72044257 ], [ 21.05120846, 48.72042559 ], [ 21.05159562, 48.72044922 ], [ 21.05186009, 48.72063813 ], [ 21.05194173, 48.72068564 ], [ 21.05223693, 48.7206834 ], [ 21.05269923, 48.72061197 ], [ 21.05343575, 48.72058047 ], [ 21.05377501, 48.72052204 ], [ 21.05388941, 48.72046049 ], [ 21.0542494, 48.72035042 ], [ 21.0555454, 48.72024696 ], [ 21.05655388, 48.72019433 ], [ 21.05696642, 48.72020248 ], [ 21.05718154, 48.72015538 ], [ 21.05746624, 48.72009849 ], [ 21.05765726, 48.72007348 ], [ 21.05776189, 48.71999153 ], [ 21.05818461, 48.71990313 ], [ 21.0585251, 48.71983536 ], [ 21.05921859, 48.7197547 ], [ 21.05970613, 48.71980085 ], [ 21.06004772, 48.71966342 ], [ 21.06014643, 48.71966447 ], [ 21.06033473, 48.71971428 ], [ 21.06048203, 48.7197099 ], [ 21.06072896, 48.7196009 ], [ 21.06073703, 48.71962043 ], [ 21.06110162, 48.71963465 ], [ 21.06128504, 48.71965135 ], [ 21.06140459, 48.71966686 ], [ 21.06174576, 48.71973245 ], [ 21.06190654, 48.71972968 ], [ 21.06235811, 48.71967947 ], [ 21.062548, 48.71967323 ], [ 21.06277789, 48.71956826 ], [ 21.06338713, 48.71956452 ], [ 21.06385698, 48.7195375 ], [ 21.06438915, 48.71946479 ], [ 21.06470962, 48.71939708 ], [ 21.0650268, 48.71924362 ], [ 21.06607089, 48.71881768 ], [ 21.06634805, 48.7187046 ], [ 21.0663419, 48.71868487 ], [ 21.06668327, 48.71851878 ], [ 21.06676641, 48.71844558 ], [ 21.06703217, 48.71829917 ], [ 21.06735348, 48.71805878 ], [ 21.06769566, 48.71792765 ], [ 21.06799143, 48.71783309 ], [ 21.06828263, 48.71768472 ], [ 21.06900123, 48.7174558 ], [ 21.06949648, 48.717387 ], [ 21.06965617, 48.71738599 ], [ 21.06986808, 48.71736163 ], [ 21.07000876, 48.71732524 ], [ 21.07028755, 48.71728892 ], [ 21.07031764, 48.71729224 ], [ 21.07049193, 48.71736769 ], [ 21.07087463, 48.71742912 ], [ 21.07131609, 48.7175038 ], [ 21.07162349, 48.71751289 ], [ 21.07209764, 48.71733228 ], [ 21.07238392, 48.71724812 ], [ 21.07262976, 48.71713861 ], [ 21.07293158, 48.71691116 ], [ 21.07312847, 48.71683778 ], [ 21.07343491, 48.71676625 ], [ 21.07366336, 48.71669119 ], [ 21.07389652, 48.71662601 ], [ 21.07422116, 48.71643928 ], [ 21.07496609, 48.71606577 ], [ 21.07547061, 48.71588442 ], [ 21.0759116, 48.71556514 ], [ 21.07697902, 48.71493403 ], [ 21.07825762, 48.71450444 ], [ 21.07928898, 48.71401593 ], [ 21.07989918, 48.71377218 ], [ 21.08023361, 48.7136621 ], [ 21.08056998, 48.7135809 ], [ 21.08079644, 48.7135452 ], [ 21.0810559, 48.71348654 ], [ 21.08123699, 48.71332313 ], [ 21.08146702, 48.71316023 ], [ 21.08185907, 48.71297738 ], [ 21.08206435, 48.71289156 ], [ 21.08231188, 48.7126373 ], [ 21.08254235, 48.71252717 ], [ 21.08254076, 48.71251191 ], [ 21.08254786, 48.71246739 ], [ 21.08356366, 48.71184238 ], [ 21.08488842, 48.71151164 ], [ 21.08559326, 48.711564 ], [ 21.08576371, 48.71157546 ], [ 21.08657428, 48.71133862 ], [ 21.08660063, 48.7113283 ], [ 21.08659219, 48.71132272 ], [ 21.08709659, 48.71122461 ], [ 21.08748474, 48.71112543 ], [ 21.08770706, 48.71107564 ], [ 21.08801888, 48.71099119 ], [ 21.08826214, 48.71087345 ], [ 21.08839258, 48.71079286 ], [ 21.08883287, 48.71048314 ], [ 21.08919781, 48.71021547 ], [ 21.08955511, 48.71002363 ], [ 21.08998811, 48.70977931 ], [ 21.0903946, 48.70948488 ], [ 21.09066331, 48.70935573 ], [ 21.09080166, 48.70932644 ], [ 21.09119152, 48.70917058 ], [ 21.09132511, 48.70904911 ], [ 21.09188976, 48.70875908 ], [ 21.09216874, 48.7086695 ], [ 21.09238109, 48.70848909 ], [ 21.09250126, 48.70836872 ], [ 21.09300768, 48.70829244 ], [ 21.09320727, 48.70819093 ], [ 21.09371592, 48.70819684 ], [ 21.09453536, 48.70798426 ], [ 21.09482515, 48.70792871 ], [ 21.09534523, 48.70794929 ], [ 21.09567242, 48.70792349 ], [ 21.09605769, 48.70799563 ], [ 21.09621908, 48.70798589 ], [ 21.09637161, 48.70795228 ], [ 21.09683984, 48.70752468 ], [ 21.09715348, 48.70721562 ], [ 21.09722432, 48.7068211 ], [ 21.09726323, 48.70669198 ], [ 21.09744899, 48.70650286 ], [ 21.09743014, 48.7064946 ], [ 21.09702546, 48.70631136 ], [ 21.09608097, 48.70590845 ], [ 21.09563278, 48.7054833 ], [ 21.09441583, 48.70401072 ], [ 21.09417073, 48.70324674 ], [ 21.09389679, 48.70284432 ], [ 21.09379772, 48.70277476 ], [ 21.09363878, 48.70260593 ], [ 21.09356526, 48.70241492 ], [ 21.09347548, 48.70222869 ], [ 21.09346585, 48.70214356 ], [ 21.09354753, 48.70207633 ], [ 21.09355011, 48.70206165 ], [ 21.09354237, 48.70205041 ], [ 21.0934754, 48.70197532 ], [ 21.093477, 48.70181537 ], [ 21.09344125, 48.7017763 ], [ 21.09336759, 48.70173854 ], [ 21.09336195, 48.70168964 ], [ 21.0933736, 48.7016405 ], [ 21.09332796, 48.70156762 ], [ 21.0932851, 48.70154021 ], [ 21.09333958, 48.70149317 ], [ 21.09333913, 48.70147704 ], [ 21.09327954, 48.70138868 ], [ 21.09322564, 48.70125457 ], [ 21.09313407, 48.7011867 ], [ 21.09304016, 48.70115791 ], [ 21.09290896, 48.70112557 ], [ 21.09276073, 48.70108089 ], [ 21.09259674, 48.70100266 ], [ 21.09249327, 48.70088766 ], [ 21.09234599, 48.70077287 ], [ 21.09224723, 48.7007324 ], [ 21.09222215, 48.70071097 ], [ 21.09209766, 48.70054172 ], [ 21.09203186, 48.70044361 ], [ 21.09194243, 48.70040938 ], [ 21.091767, 48.70035716 ], [ 21.09175257, 48.70034994 ], [ 21.09170397, 48.70027318 ], [ 21.09160063, 48.70022464 ], [ 21.09159795, 48.70019277 ], [ 21.09159508, 48.70015612 ], [ 21.09151403, 48.70006364 ], [ 21.09140715, 48.70000787 ], [ 21.0912057, 48.69976644 ], [ 21.09116382, 48.69968882 ], [ 21.09105807, 48.69960121 ], [ 21.0910195, 48.69954693 ], [ 21.09087149, 48.69935378 ], [ 21.09083079, 48.69919201 ], [ 21.09078207, 48.69913704 ], [ 21.09073792, 48.69909572 ], [ 21.09064681, 48.69902533 ], [ 21.09064533, 48.69889617 ], [ 21.09068217, 48.69880984 ], [ 21.09070553, 48.69874397 ], [ 21.09070434, 48.69860716 ], [ 21.0906739, 48.69841331 ], [ 21.0906262, 48.69836674 ], [ 21.09066016, 48.69819226 ], [ 21.09070289, 48.69813125 ], [ 21.09080639, 48.69802448 ], [ 21.09080949, 48.69800099 ], [ 21.09071711, 48.69789247 ], [ 21.09077457, 48.69774612 ], [ 21.0909069, 48.69765424 ], [ 21.09094076, 48.69753279 ], [ 21.09085722, 48.6973175 ], [ 21.09089907, 48.69721126 ], [ 21.09080194, 48.6970492 ], [ 21.09080727, 48.69684435 ], [ 21.09079815, 48.69678372 ], [ 21.09077844, 48.6967061 ], [ 21.0907444, 48.69665134 ], [ 21.09067321, 48.69654882 ], [ 21.0906684, 48.696533 ], [ 21.09067152, 48.69647961 ], [ 21.09064955, 48.69640138 ], [ 21.09060596, 48.69632667 ], [ 21.0905891, 48.69631001 ], [ 21.09037098, 48.69624488 ], [ 21.0903044, 48.69621085 ], [ 21.09029667, 48.69619952 ], [ 21.09028716, 48.69613304 ], [ 21.0902827, 48.69612164 ], [ 21.09023794, 48.6960794 ], [ 21.09020456, 48.69602484 ], [ 21.09010076, 48.69593855 ], [ 21.0899591, 48.69568897 ], [ 21.08994746, 48.69567715 ], [ 21.08993585, 48.69567039 ], [ 21.08988283, 48.69564805 ], [ 21.08989176, 48.69557685 ], [ 21.08987027, 48.69553816 ], [ 21.08985701, 48.6955316 ], [ 21.08969367, 48.6955075 ], [ 21.08966904, 48.69549851 ], [ 21.08961464, 48.69546892 ], [ 21.08956164, 48.69538734 ], [ 21.08951854, 48.69535578 ], [ 21.08946143, 48.69532242 ], [ 21.08944618, 48.69528024 ], [ 21.08943027, 48.69526739 ], [ 21.0893609, 48.69523606 ], [ 21.08928222, 48.69518534 ], [ 21.08917357, 48.69516112 ], [ 21.08914473, 48.6950949 ], [ 21.08912981, 48.69508704 ], [ 21.08901094, 48.69506482 ], [ 21.08895951, 48.69495457 ], [ 21.08891638, 48.69487556 ], [ 21.08893677, 48.69484074 ], [ 21.08890714, 48.69475577 ], [ 21.08888509, 48.69472283 ], [ 21.08879356, 48.69467853 ], [ 21.08872229, 48.69463985 ], [ 21.08867057, 48.69457776 ], [ 21.08861716, 48.69449796 ], [ 21.08854398, 48.69442815 ], [ 21.08852181, 48.69436369 ], [ 21.08848221, 48.69429587 ], [ 21.08852783, 48.69421595 ], [ 21.08848984, 48.69417969 ], [ 21.0883231, 48.69406913 ], [ 21.08825722, 48.69396669 ], [ 21.08814765, 48.69390524 ], [ 21.08801063, 48.69377529 ], [ 21.08793413, 48.69375769 ], [ 21.08788227, 48.69374349 ], [ 21.08776141, 48.6936987 ], [ 21.08766508, 48.69364399 ], [ 21.08748216, 48.6935057 ], [ 21.08747399, 48.69335309 ], [ 21.08743815, 48.6932509 ], [ 21.08740502, 48.69315259 ], [ 21.08740004, 48.69305428 ], [ 21.08739356, 48.69303894 ], [ 21.0873637, 48.69299395 ], [ 21.08726163, 48.69293779 ], [ 21.08709452, 48.69288015 ], [ 21.08706087, 48.69285322 ], [ 21.08704298, 48.69269786 ], [ 21.08701662, 48.69266801 ], [ 21.08698509, 48.69264934 ], [ 21.08677555, 48.69261194 ], [ 21.08669872, 48.6925584 ], [ 21.08665058, 48.69251587 ], [ 21.08658556, 48.69243876 ], [ 21.08649646, 48.69239113 ], [ 21.08626025, 48.69239437 ], [ 21.08618734, 48.69234852 ], [ 21.08618478, 48.69230405 ], [ 21.08617939, 48.69222247 ], [ 21.08616164, 48.69216085 ], [ 21.08611956, 48.69210816 ], [ 21.08599611, 48.6920451 ], [ 21.08589692, 48.6919757 ], [ 21.08581468, 48.69190515 ], [ 21.08534878, 48.69167278 ], [ 21.0852741, 48.69160481 ], [ 21.0851773, 48.69154549 ], [ 21.08504162, 48.69141423 ], [ 21.08485836, 48.69122929 ], [ 21.08479312, 48.69119377 ], [ 21.08474666, 48.69118028 ], [ 21.08464243, 48.69117538 ], [ 21.08461802, 48.69121681 ], [ 21.08448276, 48.69123809 ], [ 21.08444268, 48.69123742 ], [ 21.08443443, 48.6912277 ], [ 21.08444233, 48.69114476 ], [ 21.08442271, 48.69113053 ], [ 21.08429111, 48.69109673 ], [ 21.08421493, 48.69101421 ], [ 21.08411944, 48.69095565 ], [ 21.08407152, 48.69090656 ], [ 21.08407571, 48.69088481 ], [ 21.08413908, 48.69081141 ], [ 21.08413465, 48.69077741 ], [ 21.08405922, 48.69069222 ], [ 21.08397533, 48.69064961 ], [ 21.08388093, 48.69063143 ], [ 21.08375069, 48.69058849 ], [ 21.08371763, 48.69057031 ], [ 21.08354809, 48.69047387 ], [ 21.08352757, 48.69045168 ], [ 21.08346663, 48.69037092 ], [ 21.08330723, 48.69023681 ], [ 21.08323887, 48.69015158 ], [ 21.08315043, 48.69008766 ], [ 21.08315077, 48.69004085 ], [ 21.08314117, 48.69002722 ], [ 21.08306342, 48.68997148 ], [ 21.0830693, 48.68994898 ], [ 21.08315168, 48.6898888 ], [ 21.08316189, 48.6898795 ], [ 21.08317697, 48.68976195 ], [ 21.0831693, 48.68973324 ], [ 21.0832087, 48.68965114 ], [ 21.08327544, 48.6895982 ], [ 21.0832108, 48.68953803 ], [ 21.08314321, 48.68946083 ], [ 21.08313677, 48.68944685 ], [ 21.08317565, 48.68931467 ], [ 21.08317497, 48.68922271 ], [ 21.08318684, 48.68919267 ], [ 21.08324765, 48.68918149 ], [ 21.08327233, 48.6891144 ], [ 21.08314458, 48.68908739 ], [ 21.08310877, 48.68900708 ], [ 21.08320413, 48.68895156 ], [ 21.08328025, 48.68891341 ], [ 21.08328814, 48.68890052 ], [ 21.08327509, 48.68879205 ], [ 21.08327013, 48.68876902 ], [ 21.08325915, 48.68869672 ], [ 21.08307848, 48.68862783 ], [ 21.08291855, 48.68850839 ], [ 21.08290569, 48.68842657 ], [ 21.08287327, 48.68830784 ], [ 21.08286158, 48.68825073 ], [ 21.08285895, 48.68821823 ], [ 21.08285625, 48.6880874 ], [ 21.08288081, 48.68802391 ], [ 21.08307784, 48.6880186 ], [ 21.08308326, 48.68797294 ], [ 21.08302494, 48.68796168 ], [ 21.08287182, 48.68794862 ], [ 21.08283778, 48.68791609 ], [ 21.08283877, 48.68788803 ], [ 21.08289214, 48.6878559 ], [ 21.08289651, 48.68784101 ], [ 21.08287317, 48.68783485 ], [ 21.08273691, 48.68780162 ], [ 21.08270518, 48.68773423 ], [ 21.08262834, 48.68766988 ], [ 21.08271058, 48.68762077 ], [ 21.08285791, 48.68762924 ], [ 21.08288107, 48.68761945 ], [ 21.08285416, 48.68744093 ], [ 21.08277283, 48.68723327 ], [ 21.0826996, 48.68714779 ], [ 21.08271218, 48.68709345 ], [ 21.08279583, 48.68703818 ], [ 21.08280167, 48.68702171 ], [ 21.08273086, 48.68677837 ], [ 21.08272842, 48.68676731 ], [ 21.08273979, 48.68670366 ], [ 21.0827338, 48.68666519 ], [ 21.08268429, 48.68656229 ], [ 21.08262613, 48.68649179 ], [ 21.08249096, 48.6863374 ], [ 21.08252399, 48.68625482 ], [ 21.08251199, 48.68617079 ], [ 21.08261583, 48.68601154 ], [ 21.08263738, 48.68590221 ], [ 21.08267697, 48.68589638 ], [ 21.08276614, 48.68544465 ], [ 21.08278823, 48.68535011 ], [ 21.08277637, 48.68532838 ], [ 21.08268041, 48.68531122 ], [ 21.08264267, 48.68528092 ], [ 21.08263677, 48.6852412 ], [ 21.08268353, 48.68502995 ], [ 21.08272601, 48.68493003 ], [ 21.08269583, 48.68481965 ], [ 21.08281124, 48.68470796 ], [ 21.08279356, 48.68458304 ], [ 21.08276748, 48.68451637 ], [ 21.08278603, 48.68445674 ], [ 21.08276625, 48.68439514 ], [ 21.0826719, 48.68430654 ], [ 21.08263745, 48.68421898 ], [ 21.08273685, 48.68401304 ], [ 21.08262651, 48.68396426 ], [ 21.082597, 48.68393485 ], [ 21.08258559, 48.68383534 ], [ 21.08248241, 48.68366038 ], [ 21.08243693, 48.68360416 ], [ 21.08238949, 48.68346792 ], [ 21.08223069, 48.68325432 ], [ 21.0822206, 48.68303411 ], [ 21.08229305, 48.68293516 ], [ 21.08229667, 48.68287522 ], [ 21.08229024, 48.6827838 ], [ 21.08226142, 48.68262196 ], [ 21.08227451, 48.68257179 ], [ 21.08235377, 48.68249296 ], [ 21.08238641, 48.68241928 ], [ 21.08243461, 48.68235962 ], [ 21.08250745, 48.68228482 ], [ 21.08251125, 48.68226477 ], [ 21.08247249, 48.68219679 ], [ 21.08240239, 48.6821206 ], [ 21.08240899, 48.6820956 ], [ 21.08240595, 48.68207245 ], [ 21.08238239, 48.68203801 ], [ 21.08237613, 48.68202151 ], [ 21.08241523, 48.68197632 ], [ 21.08236941, 48.68191927 ], [ 21.08236651, 48.68182806 ], [ 21.08229967, 48.68170956 ], [ 21.08234355, 48.68166416 ], [ 21.08237724, 48.68158187 ], [ 21.08232971, 48.68152766 ], [ 21.08225603, 48.68149429 ], [ 21.08223189, 48.68144561 ], [ 21.08223499, 48.68140924 ], [ 21.08226339, 48.68132867 ], [ 21.08219739, 48.68128701 ], [ 21.08207226, 48.68124342 ], [ 21.08190979, 48.68121555 ], [ 21.08191368, 48.68119235 ], [ 21.08199423, 48.68114382 ], [ 21.08201875, 48.68110644 ], [ 21.08204209, 48.68102625 ], [ 21.08203052, 48.68100994 ], [ 21.08183475, 48.68101133 ], [ 21.0817715, 48.68096201 ], [ 21.0817953, 48.68090128 ], [ 21.08177935, 48.6808227 ], [ 21.08161504, 48.68075172 ], [ 21.08150273, 48.68072053 ], [ 21.08132636, 48.68068212 ], [ 21.08132225, 48.68061626 ], [ 21.08146182, 48.68050886 ], [ 21.08160189, 48.68046272 ], [ 21.08162292, 48.68039163 ], [ 21.08155319, 48.68032328 ], [ 21.08143885, 48.68033227 ], [ 21.08141122, 48.68026096 ], [ 21.08144579, 48.68021274 ], [ 21.08154228, 48.68018408 ], [ 21.08167628, 48.68001033 ], [ 21.08177164, 48.67992518 ], [ 21.08177354, 48.67990499 ], [ 21.08169016, 48.67984844 ], [ 21.08164609, 48.67981009 ], [ 21.08163533, 48.67976256 ], [ 21.08172567, 48.67968085 ], [ 21.08176919, 48.67963112 ], [ 21.08176097, 48.67960069 ], [ 21.08165488, 48.67950927 ], [ 21.08159726, 48.67946473 ], [ 21.08148181, 48.67940236 ], [ 21.08139343, 48.67936375 ], [ 21.08131673, 48.67933632 ], [ 21.08123694, 48.67924594 ], [ 21.08122788, 48.67919567 ], [ 21.08132982, 48.67912451 ], [ 21.0813757, 48.679098 ], [ 21.08137983, 48.67896685 ], [ 21.08141516, 48.67884032 ], [ 21.08150617, 48.6788286 ], [ 21.0816192, 48.6789016 ], [ 21.08168981, 48.67888813 ], [ 21.08171789, 48.67886887 ], [ 21.0817131, 48.67870385 ], [ 21.0817175, 48.67864619 ], [ 21.081831, 48.67849779 ], [ 21.08188948, 48.67845521 ], [ 21.08196851, 48.67843823 ], [ 21.08200214, 48.67838611 ], [ 21.08199885, 48.67837367 ], [ 21.08184401, 48.6783311 ], [ 21.08178275, 48.67821809 ], [ 21.08177528, 48.67813888 ], [ 21.08184642, 48.67810355 ], [ 21.08196171, 48.67807253 ], [ 21.08195572, 48.67805604 ], [ 21.08187167, 48.67799758 ], [ 21.08188824, 48.67795364 ], [ 21.0820801, 48.67791493 ], [ 21.08210285, 48.67790144 ], [ 21.08204103, 48.67782182 ], [ 21.08195799, 48.67776987 ], [ 21.08181292, 48.67773122 ], [ 21.08171205, 48.67766663 ], [ 21.0817667, 48.67757476 ], [ 21.0817887, 48.67748507 ], [ 21.08175719, 48.67744785 ], [ 21.08149607, 48.67748377 ], [ 21.08140852, 48.67741196 ], [ 21.08147325, 48.67726468 ], [ 21.08153157, 48.67719679 ], [ 21.08164427, 48.67707934 ], [ 21.08174908, 48.6770668 ], [ 21.08176553, 48.67706131 ], [ 21.08172982, 48.67690807 ], [ 21.08171319, 48.67685341 ], [ 21.08173877, 48.67680175 ], [ 21.08185356, 48.67674235 ], [ 21.08186764, 48.67671013 ], [ 21.08179915, 48.67665091 ], [ 21.08178662, 48.67658315 ], [ 21.08172617, 48.67643901 ], [ 21.08173252, 48.67639546 ], [ 21.08170403, 48.6762972 ], [ 21.08171075, 48.67624312 ], [ 21.08183678, 48.67619355 ], [ 21.08185934, 48.67618455 ], [ 21.08189711, 48.67610771 ], [ 21.08189007, 48.67601537 ], [ 21.0819129, 48.67595488 ], [ 21.08197589, 48.67593406 ], [ 21.08203214, 48.67596028 ], [ 21.08216576, 48.67592941 ], [ 21.08218108, 48.67591721 ], [ 21.08214444, 48.67577286 ], [ 21.08205575, 48.67575504 ], [ 21.08198712, 48.67571418 ], [ 21.08199104, 48.67564651 ], [ 21.08200826, 48.67562699 ], [ 21.08213004, 48.67563661 ], [ 21.082223, 48.67559298 ], [ 21.08222747, 48.67558223 ], [ 21.08218573, 48.67547931 ], [ 21.08210138, 48.67548558 ], [ 21.08201086, 48.675408 ], [ 21.08194442, 48.67538531 ], [ 21.08201422, 48.67534049 ], [ 21.08207315, 48.67532493 ], [ 21.08208928, 48.67530907 ], [ 21.08209544, 48.67516142 ], [ 21.08199708, 48.67506305 ], [ 21.08195307, 48.67499806 ], [ 21.0820376, 48.67496181 ], [ 21.08220897, 48.67498493 ], [ 21.08232164, 48.67491736 ], [ 21.08234531, 48.67491165 ], [ 21.08257956, 48.67489881 ], [ 21.0826672, 48.67489769 ], [ 21.08270156, 48.67487071 ], [ 21.08268798, 48.67485388 ], [ 21.08260773, 48.67467228 ], [ 21.08259848, 48.67465217 ], [ 21.08259544, 48.6746455 ], [ 21.08255883, 48.67462765 ], [ 21.08255402, 48.67461354 ], [ 21.08256218, 48.67450872 ], [ 21.08254517, 48.67449791 ], [ 21.08244528, 48.67447351 ], [ 21.08232839, 48.67442523 ], [ 21.08232779, 48.67437641 ], [ 21.08243034, 48.67430041 ], [ 21.08245848, 48.67425829 ], [ 21.08245862, 48.67416068 ], [ 21.08244978, 48.67409647 ], [ 21.08245751, 48.67404513 ], [ 21.08244183, 48.67402553 ], [ 21.08239031, 48.67399783 ], [ 21.08229138, 48.67400462 ], [ 21.08219865, 48.67393858 ], [ 21.08212628, 48.67384718 ], [ 21.08220311, 48.67378449 ], [ 21.08231545, 48.67378939 ], [ 21.08242213, 48.6738268 ], [ 21.08254504, 48.67380287 ], [ 21.08257475, 48.6737264 ], [ 21.08256071, 48.67371037 ], [ 21.08249058, 48.67367694 ], [ 21.08242414, 48.67364156 ], [ 21.08230777, 48.67351091 ], [ 21.08224614, 48.67336809 ], [ 21.08212955, 48.67323672 ], [ 21.08202669, 48.67319925 ], [ 21.08195428, 48.6731047 ], [ 21.08185536, 48.67299182 ], [ 21.08182753, 48.6729748 ], [ 21.08173199, 48.67296702 ], [ 21.08156513, 48.67286463 ], [ 21.08156419, 48.67278356 ], [ 21.08153959, 48.6727725 ], [ 21.08144252, 48.67276881 ], [ 21.08137158, 48.67273715 ], [ 21.08136918, 48.67272915 ], [ 21.08136534, 48.67267815 ], [ 21.08132998, 48.67263234 ], [ 21.08131552, 48.67256695 ], [ 21.08126645, 48.67252268 ], [ 21.08126447, 48.6724116 ], [ 21.08120155, 48.67237633 ], [ 21.08116277, 48.6723712 ], [ 21.08111442, 48.6723816 ], [ 21.08102918, 48.67244412 ], [ 21.08084672, 48.67248286 ], [ 21.08082724, 48.6724834 ], [ 21.08072304, 48.672396 ], [ 21.08071559, 48.67235524 ], [ 21.0807602, 48.67226854 ], [ 21.08078383, 48.67225247 ], [ 21.08092573, 48.67221791 ], [ 21.08095521, 48.67219437 ], [ 21.08096859, 48.67213655 ], [ 21.08092006, 48.67206483 ], [ 21.08088878, 48.67204113 ], [ 21.08075685, 48.67197391 ], [ 21.08070883, 48.67189716 ], [ 21.08075526, 48.67182447 ], [ 21.08078875, 48.67175767 ], [ 21.08075739, 48.6717571 ], [ 21.08072393, 48.67164148 ], [ 21.08051885, 48.67110952 ], [ 21.0804905, 48.67100208 ], [ 21.08049837, 48.6709765 ], [ 21.08047051, 48.67096722 ], [ 21.08039484, 48.67086184 ], [ 21.08037912, 48.67077102 ], [ 21.08041948, 48.67071435 ], [ 21.08028717, 48.67063937 ], [ 21.08021482, 48.67053869 ], [ 21.08015886, 48.67043882 ], [ 21.08019912, 48.67034856 ], [ 21.08031046, 48.67032651 ], [ 21.08042328, 48.67026228 ], [ 21.08041524, 48.67017801 ], [ 21.08047492, 48.67007883 ], [ 21.08042784, 48.66999482 ], [ 21.08053568, 48.66975917 ], [ 21.08051207, 48.66971258 ], [ 21.08037152, 48.66968118 ], [ 21.08026519, 48.6696319 ], [ 21.0802631, 48.66960869 ], [ 21.08021933, 48.66960304 ], [ 21.08005549, 48.66957584 ], [ 21.07967309, 48.66937181 ], [ 21.07902394, 48.66921045 ], [ 21.07803723, 48.66910447 ], [ 21.07669686, 48.66893343 ], [ 21.07631382, 48.668909 ], [ 21.07583211, 48.66864924 ], [ 21.07560096, 48.6686004 ], [ 21.07543343, 48.66861936 ], [ 21.0753093, 48.66859389 ], [ 21.07520297, 48.66857216 ], [ 21.07483153, 48.66852884 ], [ 21.07397447, 48.66842525 ], [ 21.07355393, 48.6683914 ], [ 21.07260681, 48.66829793 ], [ 21.0724373, 48.66828125 ], [ 21.07069709, 48.6680359 ], [ 21.06983984, 48.66790949 ], [ 21.06907277, 48.66781167 ], [ 21.0686184, 48.66775006 ], [ 21.06792881, 48.66767817 ], [ 21.06705282, 48.66761569 ], [ 21.06668134, 48.66760404 ], [ 21.06665499, 48.66760192 ], [ 21.06659716, 48.66759724 ], [ 21.06625485, 48.66756988 ], [ 21.06651208, 48.66813526 ], [ 21.06646831, 48.66814797 ], [ 21.06554526, 48.66818831 ], [ 21.0652763, 48.66822763 ], [ 21.06501159, 48.668228 ], [ 21.06445266, 48.66825274 ], [ 21.06402607, 48.66828205 ], [ 21.06327484, 48.66831509 ], [ 21.06280561, 48.66831816 ], [ 21.06256117, 48.66832378 ], [ 21.06135057, 48.66836254 ], [ 21.06063834, 48.66838846 ], [ 21.06040566, 48.66838952 ], [ 21.05934916, 48.6683924 ], [ 21.05920481, 48.66852185 ], [ 21.05915113, 48.66874827 ], [ 21.0590601, 48.66908737 ], [ 21.0580607, 48.66989394 ], [ 21.05799937, 48.66994344 ], [ 21.05773737, 48.67005338 ], [ 21.05676338, 48.67063486 ], [ 21.05671938, 48.67078946 ], [ 21.05651696, 48.67110899 ], [ 21.05635812, 48.67114252 ], [ 21.05614852, 48.67133917 ], [ 21.05608531, 48.67147604 ], [ 21.05582579, 48.67157813 ], [ 21.05567724, 48.67155743 ], [ 21.05553747, 48.67171449 ], [ 21.05557817, 48.67193292 ], [ 21.05542243, 48.67201247 ], [ 21.05519055, 48.67220875 ], [ 21.05513649, 48.67237248 ], [ 21.05501752, 48.67239444 ], [ 21.05497682, 48.67237681 ], [ 21.05497085, 48.67245522 ], [ 21.05486381, 48.67250503 ], [ 21.0547205, 48.67252349 ], [ 21.05471673, 48.6726198 ], [ 21.05469022, 48.67270366 ], [ 21.05466992, 48.67284302 ], [ 21.05454058, 48.67296035 ], [ 21.05430113, 48.67302104 ], [ 21.0542593, 48.67306236 ], [ 21.05418443, 48.6730546 ], [ 21.0540576, 48.67311636 ], [ 21.05405873, 48.67320707 ], [ 21.05397352, 48.67336349 ], [ 21.05389402, 48.67344148 ], [ 21.0539052, 48.67349578 ], [ 21.05378198, 48.67361322 ], [ 21.0536319, 48.67366954 ], [ 21.05357412, 48.67375157 ], [ 21.05347465, 48.67379838 ], [ 21.05329901, 48.67398236 ], [ 21.05322776, 48.67410474 ], [ 21.05315044, 48.67412059 ], [ 21.05311332, 48.67418078 ], [ 21.05307704, 48.67422804 ], [ 21.05304973, 48.67428423 ], [ 21.05307984, 48.67430169 ], [ 21.05302156, 48.67429556 ], [ 21.05290524, 48.67426006 ], [ 21.05283781, 48.67425452 ], [ 21.05282615, 48.67426324 ], [ 21.05284534, 48.67436516 ], [ 21.05279762, 48.67441259 ], [ 21.05265741, 48.67440755 ], [ 21.05256982, 48.67436966 ], [ 21.05252266, 48.67432382 ], [ 21.05250312, 48.67432516 ], [ 21.05227793, 48.67448428 ], [ 21.05214283, 48.67449472 ], [ 21.05206695, 48.67453321 ], [ 21.05203054, 48.67451635 ], [ 21.05197768, 48.67441198 ], [ 21.05195324, 48.67440794 ], [ 21.05191215, 48.67443937 ], [ 21.05187532, 48.67452118 ], [ 21.05176765, 48.67450289 ], [ 21.05169374, 48.67444924 ], [ 21.05166879, 48.67444284 ], [ 21.05160181, 48.67444038 ], [ 21.05158175, 48.67444873 ], [ 21.05152452, 48.67454528 ], [ 21.05148068, 48.67464451 ], [ 21.05137524, 48.67473111 ], [ 21.05130557, 48.67476295 ], [ 21.05129667, 48.67477473 ], [ 21.05130933, 48.67485663 ], [ 21.05126392, 48.67490215 ], [ 21.0511219, 48.67493055 ], [ 21.05108083, 48.67500178 ], [ 21.05101081, 48.67506369 ], [ 21.05087525, 48.6751149 ], [ 21.05085734, 48.67525659 ], [ 21.05089674, 48.675339 ], [ 21.05091133, 48.67534578 ], [ 21.05106444, 48.67535097 ], [ 21.05108482, 48.67546248 ], [ 21.05116986, 48.67548714 ], [ 21.05123181, 48.67550061 ], [ 21.05122181, 48.67554719 ], [ 21.05117305, 48.67565401 ], [ 21.05092443, 48.67579553 ], [ 21.05083365, 48.67577842 ], [ 21.05081744, 48.67577708 ], [ 21.05077924, 48.67586272 ], [ 21.05080792, 48.67595938 ], [ 21.05073944, 48.6760226 ], [ 21.0506464, 48.67603405 ], [ 21.05055038, 48.67615841 ], [ 21.05041619, 48.67620211 ], [ 21.05034657, 48.67625133 ], [ 21.05013594, 48.67628082 ], [ 21.04988822, 48.67647387 ], [ 21.04982739, 48.67652564 ], [ 21.04974481, 48.67659191 ], [ 21.04976492, 48.6766212 ], [ 21.0497255, 48.67666304 ], [ 21.04969554, 48.6767639 ], [ 21.04971992, 48.67676875 ], [ 21.0497134, 48.67686533 ], [ 21.04958573, 48.67693094 ], [ 21.04950383, 48.67703901 ], [ 21.04938544, 48.67708952 ], [ 21.04921982, 48.67708608 ], [ 21.04910625, 48.67713027 ], [ 21.04904388, 48.67720999 ], [ 21.04897348, 48.67726603 ], [ 21.04888225, 48.6772933 ], [ 21.04896455, 48.67739486 ], [ 21.04895741, 48.67743956 ], [ 21.04889553, 48.67751254 ], [ 21.04887473, 48.67768564 ], [ 21.04875333, 48.67773822 ], [ 21.0487228, 48.67783213 ], [ 21.04864888, 48.67785339 ], [ 21.0486318, 48.67799843 ], [ 21.04847767, 48.67804678 ], [ 21.04843068, 48.67830484 ], [ 21.04847311, 48.67840851 ], [ 21.04856422, 48.67852864 ], [ 21.04851571, 48.67870318 ], [ 21.04829326, 48.67889264 ], [ 21.04815742, 48.67898382 ], [ 21.04815819, 48.67902995 ], [ 21.04815012, 48.67909983 ], [ 21.04819063, 48.67924568 ], [ 21.04807181, 48.67943124 ], [ 21.04808543, 48.67946554 ], [ 21.04812108, 48.67963293 ], [ 21.04802359, 48.67979316 ], [ 21.04802784, 48.67980366 ], [ 21.04809205, 48.67984511 ], [ 21.04811409, 48.67993425 ], [ 21.04812496, 48.68004005 ], [ 21.04810362, 48.68009086 ], [ 21.04808841, 48.68015258 ], [ 21.04808505, 48.68023954 ], [ 21.04782034, 48.68029364 ], [ 21.04775552, 48.68027305 ], [ 21.0477169, 48.68030231 ], [ 21.04771392, 48.68038776 ], [ 21.04786286, 48.68052194 ], [ 21.04781786, 48.68058556 ], [ 21.0476687, 48.68062372 ], [ 21.04740917, 48.68077974 ], [ 21.04743452, 48.68090284 ], [ 21.04728198, 48.68106272 ], [ 21.04720043, 48.6810714 ], [ 21.04717581, 48.68116072 ], [ 21.04720643, 48.68121323 ], [ 21.04701101, 48.68128994 ], [ 21.04680906, 48.6813722 ], [ 21.04672844, 48.68157045 ], [ 21.04662693, 48.68166248 ], [ 21.04658053, 48.68179216 ], [ 21.04653774, 48.68184082 ], [ 21.04645563, 48.68190233 ], [ 21.04638503, 48.6819282 ], [ 21.046366, 48.68198278 ], [ 21.04627217, 48.68207389 ], [ 21.04622895, 48.68214451 ], [ 21.04641957, 48.68233255 ], [ 21.04655012, 48.6823506 ], [ 21.04659817, 48.68247193 ], [ 21.04643659, 48.68267815 ], [ 21.04640587, 48.68275458 ], [ 21.04632934, 48.68280151 ], [ 21.04629573, 48.68285273 ], [ 21.04633701, 48.68301192 ], [ 21.04633631, 48.68319253 ], [ 21.04639161, 48.68325503 ], [ 21.04643197, 48.68334108 ], [ 21.04633533, 48.68344426 ], [ 21.04639985, 48.68365275 ], [ 21.04640424, 48.68379066 ], [ 21.04643985, 48.68387475 ], [ 21.04646313, 48.68387984 ], [ 21.04651029, 48.68391659 ], [ 21.04654424, 48.68427778 ], [ 21.04654136, 48.68449298 ], [ 21.04645938, 48.68482418 ], [ 21.04634621, 48.68509223 ], [ 21.04639381, 48.68536896 ], [ 21.0464044, 48.6855095 ], [ 21.04635282, 48.68577227 ], [ 21.04629975, 48.68578539 ], [ 21.0464358, 48.68592122 ], [ 21.04645101, 48.68595431 ], [ 21.04643134, 48.68613753 ], [ 21.04643676, 48.68625801 ], [ 21.0463837, 48.68630201 ], [ 21.04638629, 48.68634559 ], [ 21.04636382, 48.68645894 ], [ 21.04633733, 48.68652047 ], [ 21.04639069, 48.68655806 ], [ 21.04643183, 48.68656265 ], [ 21.04645706, 48.68663262 ], [ 21.04642773, 48.68671396 ], [ 21.04658499, 48.68680438 ], [ 21.04655748, 48.68688146 ], [ 21.04651669, 48.6868758 ], [ 21.04646437, 48.68692091 ], [ 21.04660168, 48.68702527 ], [ 21.04654252, 48.68707258 ], [ 21.04654484, 48.68713074 ], [ 21.04654059, 48.68718958 ], [ 21.04657547, 48.68721413 ], [ 21.04662174, 48.68720457 ], [ 21.04670371, 48.68727253 ], [ 21.04680517, 48.6873306 ], [ 21.04674341, 48.68741286 ], [ 21.04678823, 48.68743918 ], [ 21.04680709, 48.68749067 ], [ 21.04670123, 48.68747685 ], [ 21.0466448, 48.68751678 ], [ 21.04664747, 48.68754118 ], [ 21.04673148, 48.68759085 ], [ 21.04662822, 48.68771524 ], [ 21.04662447, 48.68776365 ], [ 21.04667723, 48.68784749 ], [ 21.04670165, 48.68793933 ], [ 21.04667181, 48.68798382 ], [ 21.04665198, 48.68808357 ], [ 21.0466639, 48.68813159 ], [ 21.04665831, 48.68823928 ], [ 21.04662988, 48.68838503 ], [ 21.04665581, 48.68843477 ], [ 21.04665689, 48.68850955 ], [ 21.04676125, 48.68859094 ], [ 21.04668997, 48.68861472 ], [ 21.04646717, 48.68862795 ], [ 21.04632846, 48.68866069 ], [ 21.04619651, 48.68866835 ], [ 21.04610136, 48.68872601 ], [ 21.04595436, 48.6887076 ], [ 21.04564364, 48.68876163 ], [ 21.04542447, 48.68886097 ], [ 21.04543504, 48.68894334 ], [ 21.0453899, 48.68899598 ], [ 21.0453646, 48.68905071 ], [ 21.04536551, 48.68912962 ], [ 21.04542334, 48.68940038 ], [ 21.04535716, 48.68950717 ], [ 21.04514396, 48.68958662 ], [ 21.04493316, 48.68960475 ], [ 21.0448857, 48.68971566 ], [ 21.04479677, 48.68982296 ], [ 21.04477561, 48.68990772 ], [ 21.04473428, 48.68998939 ], [ 21.04462469, 48.69016201 ], [ 21.04461823, 48.69017387 ], [ 21.04450957, 48.69037029 ], [ 21.04446098, 48.69045811 ], [ 21.04442793, 48.69050737 ], [ 21.04447376, 48.69053831 ], [ 21.0443874, 48.69056556 ], [ 21.04435314, 48.69062728 ], [ 21.04441252, 48.69078266 ], [ 21.04440206, 48.69087543 ], [ 21.04440533, 48.69094081 ], [ 21.04423359, 48.69100047 ], [ 21.0442367, 48.69110799 ], [ 21.0441791, 48.69123271 ], [ 21.04413447, 48.6912931 ], [ 21.04417942, 48.69132312 ], [ 21.04431128, 48.69131853 ], [ 21.04440445, 48.69135661 ], [ 21.0443658, 48.69140072 ], [ 21.04436767, 48.69149578 ], [ 21.04433794, 48.69151686 ], [ 21.04425526, 48.69153307 ], [ 21.04421156, 48.69160286 ], [ 21.04423175, 48.69165115 ], [ 21.04433912, 48.69163945 ], [ 21.04444326, 48.69168915 ], [ 21.0443986, 48.69175531 ], [ 21.04431284, 48.69176906 ], [ 21.04425928, 48.69187599 ], [ 21.04426591, 48.6919839 ], [ 21.04413069, 48.69205349 ], [ 21.04390387, 48.69224037 ], [ 21.04386301, 48.69240669 ], [ 21.0438707, 48.69249483 ], [ 21.04380395, 48.69309323 ], [ 21.0437647, 48.693511 ], [ 21.04379322, 48.69351518 ], [ 21.04386016, 48.6935768 ], [ 21.04390784, 48.69373585 ], [ 21.04389603, 48.69388844 ], [ 21.04383608, 48.69397715 ], [ 21.04375434, 48.69406272 ], [ 21.04381254, 48.69417205 ], [ 21.04383115, 48.69423785 ], [ 21.0438063, 48.69429925 ], [ 21.04380927, 48.69433771 ], [ 21.04381263, 48.69444929 ], [ 21.04366245, 48.69488622 ], [ 21.04355402, 48.69526688 ], [ 21.04338091, 48.69555934 ], [ 21.04325923, 48.6956842 ], [ 21.0433323, 48.69572748 ], [ 21.04339918, 48.69583169 ], [ 21.04332934, 48.6959235 ], [ 21.0432589, 48.69603239 ], [ 21.04327472, 48.69604101 ], [ 21.04316339, 48.69610013 ], [ 21.04279067, 48.69626602 ], [ 21.04276679, 48.6963126 ], [ 21.04264603, 48.69630306 ], [ 21.04262137, 48.69634916 ], [ 21.0426097, 48.69635779 ], [ 21.04246474, 48.69636825 ], [ 21.04241792, 48.69642507 ], [ 21.04245388, 48.6965062 ], [ 21.04240503, 48.69656475 ], [ 21.04243153, 48.69664324 ], [ 21.04232407, 48.69671967 ], [ 21.04229439, 48.69676921 ], [ 21.042223, 48.69677975 ], [ 21.04199347, 48.69691342 ], [ 21.04193529, 48.69697661 ], [ 21.04177371, 48.69702732 ], [ 21.04165989, 48.69700513 ], [ 21.04164791, 48.69703427 ], [ 21.04170012, 48.69710199 ], [ 21.04169017, 48.69715308 ], [ 21.04179147, 48.69722825 ], [ 21.04163842, 48.69730121 ], [ 21.04151504, 48.69729951 ], [ 21.04147877, 48.6975481 ], [ 21.04139119, 48.69776602 ], [ 21.04131191, 48.69792396 ], [ 21.04144949, 48.69795053 ], [ 21.04142643, 48.69815877 ], [ 21.04151163, 48.69824359 ], [ 21.04150012, 48.6983265 ], [ 21.04144284, 48.69838496 ], [ 21.0414594, 48.6984018 ], [ 21.04168494, 48.69848717 ], [ 21.04172619, 48.69857037 ], [ 21.04169, 48.69865589 ], [ 21.04162188, 48.69869373 ], [ 21.04163259, 48.69871425 ], [ 21.04182293, 48.69882458 ], [ 21.04179268, 48.69888716 ], [ 21.04194154, 48.69907203 ], [ 21.04186023, 48.69911349 ], [ 21.04185359, 48.69912948 ], [ 21.04186893, 48.69914448 ], [ 21.04196852, 48.6991879 ], [ 21.04199324, 48.69920474 ], [ 21.04197994, 48.69923339 ], [ 21.04189327, 48.69928277 ], [ 21.04207948, 48.69947581 ], [ 21.04186526, 48.69960457 ], [ 21.04162881, 48.69972504 ], [ 21.04159884, 48.6998747 ], [ 21.04157365, 48.69989324 ], [ 21.04151194, 48.69988536 ], [ 21.04140933, 48.69980591 ], [ 21.04132468, 48.69985374 ], [ 21.0412606, 48.69995213 ], [ 21.04114151, 48.70007113 ], [ 21.0412252, 48.70012889 ], [ 21.04112159, 48.7002774 ], [ 21.04113249, 48.70034448 ], [ 21.04111553, 48.70041119 ], [ 21.04106112, 48.70045298 ], [ 21.04101988, 48.70055689 ], [ 21.04103602, 48.70061028 ], [ 21.04095794, 48.70074125 ], [ 21.04099707, 48.70079089 ], [ 21.04097572, 48.70089995 ], [ 21.04098043, 48.70098979 ], [ 21.04093769, 48.70107735 ], [ 21.04101486, 48.70119874 ], [ 21.04085625, 48.70125504 ], [ 21.04081245, 48.70131681 ], [ 21.04080573, 48.70135747 ], [ 21.04091583, 48.70140592 ], [ 21.0408611, 48.70151209 ], [ 21.04089457, 48.70165374 ], [ 21.04085332, 48.70174153 ], [ 21.04081971, 48.7017452 ], [ 21.04076721, 48.70178877 ], [ 21.04072616, 48.7018392 ], [ 21.04080582, 48.70193087 ], [ 21.04084597, 48.70193065 ], [ 21.04087959, 48.70197948 ], [ 21.04087574, 48.70200736 ], [ 21.04060004, 48.70203398 ], [ 21.04069862, 48.70221828 ], [ 21.04075683, 48.70224396 ], [ 21.04073024, 48.70228298 ], [ 21.04078161, 48.70238002 ], [ 21.04077203, 48.70239528 ], [ 21.04067237, 48.70242371 ], [ 21.04065054, 48.70243722 ], [ 21.04068397, 48.70248505 ], [ 21.04064503, 48.70266548 ], [ 21.04055935, 48.70272886 ], [ 21.04053656, 48.70281698 ], [ 21.04049858, 48.70286463 ], [ 21.04052861, 48.70293963 ], [ 21.04046196, 48.7031413 ], [ 21.04048797, 48.70317367 ], [ 21.0404509, 48.70323828 ], [ 21.04048695, 48.70332914 ], [ 21.04056336, 48.70337154 ], [ 21.04057326, 48.70339023 ], [ 21.04043848, 48.70343705 ], [ 21.04047894, 48.70357263 ], [ 21.04060508, 48.70356857 ], [ 21.04050376, 48.70371004 ], [ 21.04055296, 48.70376702 ], [ 21.04041045, 48.70392983 ], [ 21.04050516, 48.70395851 ], [ 21.04046434, 48.70399688 ], [ 21.04042814, 48.70421702 ], [ 21.04040375, 48.70429024 ], [ 21.04039732, 48.70455799 ], [ 21.04041989, 48.70474539 ], [ 21.04046363, 48.70475727 ], [ 21.04050719, 48.7047714 ], [ 21.04052836, 48.70480127 ], [ 21.0405252, 48.70492713 ], [ 21.04036816, 48.70496773 ], [ 21.04036514, 48.70501904 ], [ 21.04046692, 48.7051642 ], [ 21.04033774, 48.70534878 ], [ 21.04017268, 48.70551661 ], [ 21.04016608, 48.70554485 ], [ 21.04020606, 48.70568321 ], [ 21.04021322, 48.70574206 ], [ 21.04004554, 48.70593574 ], [ 21.04006536, 48.70598357 ], [ 21.03999371, 48.70600842 ], [ 21.03997105, 48.70603676 ], [ 21.04000912, 48.70613516 ], [ 21.0399751, 48.70618249 ], [ 21.03976594, 48.70626153 ], [ 21.03968856, 48.70639019 ], [ 21.03953073, 48.7064521 ], [ 21.03946291, 48.70654397 ], [ 21.03935931, 48.70659216 ], [ 21.03924948, 48.70676163 ], [ 21.0391506, 48.70676676 ], [ 21.03910291, 48.70687135 ], [ 21.03898405, 48.70701792 ], [ 21.03886131, 48.70716192 ], [ 21.03858482, 48.70728594 ], [ 21.038436, 48.70740019 ], [ 21.03842273, 48.70743928 ], [ 21.03835597, 48.70746419 ], [ 21.03813995, 48.70766556 ], [ 21.03805488, 48.7076824 ], [ 21.03805932, 48.70769038 ], [ 21.03796628, 48.70788641 ], [ 21.03774534, 48.70838233 ], [ 21.03755716, 48.70927821 ], [ 21.03755149, 48.70930494 ], [ 21.03737951, 48.71019523 ], [ 21.03729446, 48.71070407 ], [ 21.03709691, 48.71099095 ], [ 21.03715681, 48.71153011 ], [ 21.03707139, 48.71186038 ], [ 21.03732524, 48.71189356 ], [ 21.0373113, 48.71205788 ], [ 21.03740659, 48.71220984 ], [ 21.03740942, 48.71245188 ], [ 21.03729181, 48.7129013 ], [ 21.0370255, 48.71331415 ], [ 21.03692688, 48.71356627 ], [ 21.03699647, 48.71370164 ], [ 21.03693857, 48.71382796 ], [ 21.0369602, 48.71389882 ], [ 21.03703116, 48.71392158 ], [ 21.0370065, 48.71400551 ], [ 21.03692541, 48.71411621 ], [ 21.03689366, 48.71418405 ], [ 21.03683714, 48.71423748 ], [ 21.03686199, 48.71431078 ], [ 21.03685577, 48.71440837 ], [ 21.03676655, 48.71447135 ], [ 21.03674593, 48.71450507 ], [ 21.03676347, 48.71457966 ], [ 21.03674651, 48.7146009 ], [ 21.03682774, 48.71463913 ], [ 21.03679896, 48.71472724 ], [ 21.03680204, 48.71484223 ], [ 21.03686639, 48.71488243 ], [ 21.03689521, 48.71493542 ], [ 21.03683895, 48.71496536 ], [ 21.03684077, 48.71507726 ], [ 21.03680264, 48.71515209 ], [ 21.03668822, 48.71525 ], [ 21.03664215, 48.71542551 ], [ 21.0366462, 48.71556755 ], [ 21.03651029, 48.71564719 ], [ 21.03646748, 48.71569189 ], [ 21.03642749, 48.71573344 ], [ 21.03642485, 48.71577045 ], [ 21.03636465, 48.71580206 ], [ 21.03637223, 48.71587533 ], [ 21.03631316, 48.71591364 ], [ 21.03630143, 48.71595036 ], [ 21.03630068, 48.71604569 ], [ 21.03627398, 48.71606966 ], [ 21.03624251, 48.71615012 ], [ 21.03619779, 48.71619854 ], [ 21.03615795, 48.71633428 ], [ 21.03617103, 48.71638135 ], [ 21.03614348, 48.71643303 ], [ 21.03616781, 48.71652414 ], [ 21.03611327, 48.71661644 ], [ 21.03619129, 48.71686464 ], [ 21.03616634, 48.71689066 ], [ 21.03615898, 48.7170325 ], [ 21.03607629, 48.71712812 ], [ 21.0360718, 48.71725529 ], [ 21.03612618, 48.71729408 ], [ 21.03607612, 48.71733746 ], [ 21.03608406, 48.7173732 ], [ 21.0360506, 48.71745467 ], [ 21.03605625, 48.71751546 ], [ 21.03606333, 48.717559 ], [ 21.03603795, 48.71758356 ], [ 21.03606348, 48.71766417 ], [ 21.03606524, 48.7177188 ], [ 21.0360278, 48.717739 ], [ 21.03606465, 48.71781566 ], [ 21.03603829, 48.71785325 ], [ 21.0360623, 48.71791049 ], [ 21.03603683, 48.71801627 ], [ 21.03604768, 48.71821652 ], [ 21.03601879, 48.71825879 ], [ 21.03603008, 48.71833507 ], [ 21.0360735, 48.71835856 ], [ 21.03608365, 48.71851916 ], [ 21.03612706, 48.71856453 ], [ 21.03612085, 48.71869642 ], [ 21.03609089, 48.71874757 ], [ 21.03609768, 48.71877139 ], [ 21.03604487, 48.71882782 ], [ 21.0360507, 48.71893705 ], [ 21.03601849, 48.71896742 ], [ 21.03601183, 48.71902537 ], [ 21.03597338, 48.71906634 ], [ 21.03597759, 48.71914283 ], [ 21.03595993, 48.7192187 ], [ 21.03597352, 48.71928614 ], [ 21.03596222, 48.71937698 ], [ 21.03599433, 48.71943873 ], [ 21.03600265, 48.71949113 ], [ 21.03596741, 48.71956012 ], [ 21.03598502, 48.71962481 ], [ 21.0359685, 48.7197054 ], [ 21.0358984, 48.7197637 ], [ 21.03581701, 48.71995462 ], [ 21.03584603, 48.72008307 ], [ 21.03580491, 48.72011783 ], [ 21.03572528, 48.72018896 ], [ 21.03566634, 48.72031633 ], [ 21.03566779, 48.72040948 ], [ 21.03570995, 48.72048974 ], [ 21.03572873, 48.72056059 ], [ 21.0357767, 48.72060323 ], [ 21.03575814, 48.72062396 ], [ 21.03583077, 48.72069162 ], [ 21.03583657, 48.72074142 ], [ 21.03581301, 48.72079252 ], [ 21.03585586, 48.72083624 ], [ 21.03583988, 48.72087516 ], [ 21.03589054, 48.72095831 ], [ 21.03596613, 48.72114817 ], [ 21.03602571, 48.72122288 ], [ 21.0360773, 48.72125185 ], [ 21.036253, 48.72136963 ], [ 21.03628087, 48.72144816 ], [ 21.03619081, 48.72153669 ], [ 21.03621946, 48.7216157 ], [ 21.0362096, 48.72166013 ], [ 21.03623062, 48.72179192 ], [ 21.03621904, 48.72181927 ], [ 21.03616762, 48.72185171 ], [ 21.03615785, 48.72190398 ], [ 21.03609297, 48.72193616 ], [ 21.03605142, 48.72200764 ], [ 21.03600122, 48.72219085 ], [ 21.03592049, 48.72225834 ], [ 21.03586826, 48.72232515 ], [ 21.03590333, 48.72235656 ], [ 21.03588617, 48.72239498 ], [ 21.03589602, 48.7224541 ], [ 21.03582052, 48.72259542 ], [ 21.03584673, 48.72270155 ], [ 21.03581633, 48.72275115 ], [ 21.03575043, 48.72280788 ], [ 21.03572981, 48.7228615 ], [ 21.0357544, 48.72290931 ], [ 21.03575387, 48.72305255 ], [ 21.03575288, 48.72307854 ], [ 21.03588975, 48.72306448 ], [ 21.0362631, 48.72288404 ] ] ] } },
{ "type": "Feature", "properties": { "@featureType": "CadastralZoning", "beginLifespanVersion": { "@nilReason": "http://inspire.ec.europa.eu/codelist/VoidReasonValue/Unpopulated", "@nil": "true" }, "endLifespanVersion": { "@nilReason": "http://inspire.ec.europa.eu/codelist/VoidReasonValue/Unpopulated", "@nil": "true" }, "estimatedAccuracy": { "value": -1, "@uom": "m" }, "inspireId": { "@dataType": "Identifier", "localId": "852058", "namespace": "SK.ESKN.CP", "versionId": "20260703T04:07:40" }, "label": "Rešica", "level": { "@href": "http://inspire.ec.europa.eu/codelist/CadastralZoningLevelValue/3rdOrder" }, "levelName": { "value": "Katastrálne územie", "@locale": "sk" }, "name_1": { "@dataType": "name", "GeographicalName": { "@dataType": "GeographicalName", "language": "SLK", "nativeness": { "@href": "http://inspire.ec.europa.eu/codelist/NativenessValue/endonym", "@title": "endonym" }, "nameStatus": { "@href": "http://inspire.ec.europa.eu/codelist/NameStatusValue/official", "@title": "official" }, "sourceOfName": { "@nilReason": "http://inspire.ec.europa.eu/codelist/VoidReasonValue/Unpopulated", "@nil": "true" }, "pronunciation": { "@dataType": "pronunciation", "@nilReason": "http://inspire.ec.europa.eu/codelist/VoidReasonValue/Unpopulated", "@nil": "true" }, "spelling": { "@dataType": "SpellingOfName", "text": "Rešica", "script": "LATN" } } }, "nationalCadastalZoningReference": "852058", "validFrom": "2026-06-30T16:00:00Z", "validTo": { "@nilReason": "http://inspire.ec.europa.eu/codelist/VoidReasonValue/Unpopulated", "@nil": "true" }, "place_id": 189396049, "osm_type": "relation", "osm_id": 388209, "place_rank": 12, "category": "boundary", "type": "administrative", "importance": 0.54120382821693425, "addresstype": "county", "name_2": "okres Košice-okolie", "display_name": "okres Košice-okolie, Košický kraj, Slovensko" }, "geometry": { "type": "Polygon", "coordinates": [ [ [ 21.03295753, 48.56057204 ], [ 21.03316683, 48.55997535 ], [ 21.03317576, 48.55978699 ], [ 21.03319037, 48.55950445 ], [ 21.0331187, 48.55929625 ], [ 21.03311677, 48.55925503 ], [ 21.03349649, 48.55917479 ], [ 21.03390238, 48.55912386 ], [ 21.03403645, 48.55906335 ], [ 21.03410065, 48.55900298 ], [ 21.03415829, 48.55894868 ], [ 21.03442637, 48.55887926 ], [ 21.03448295, 48.55886465 ], [ 21.03499752, 48.55873886 ], [ 21.03507504, 48.55874889 ], [ 21.03519591, 48.55877781 ], [ 21.03543981, 48.5588324 ], [ 21.0358805, 48.55889292 ], [ 21.03638238, 48.55881534 ], [ 21.03696311, 48.55877898 ], [ 21.03764619, 48.55869268 ], [ 21.03775748, 48.55862277 ], [ 21.03857615, 48.55828465 ], [ 21.03973609, 48.55822843 ], [ 21.03991435, 48.55826284 ], [ 21.04034973, 48.55853811 ], [ 21.04054681, 48.55854567 ], [ 21.04073348, 48.55843465 ], [ 21.04094051, 48.55805417 ], [ 21.04091376, 48.55773281 ], [ 21.04097254, 48.55765577 ], [ 21.04102842, 48.55762492 ], [ 21.04108024, 48.55755954 ], [ 21.04115265, 48.5574508 ], [ 21.0411944, 48.55738392 ], [ 21.04128809, 48.55725166 ], [ 21.04160816, 48.55678142 ], [ 21.04468253, 48.55660931 ], [ 21.04536686, 48.55657109 ], [ 21.04541754, 48.55656826 ], [ 21.04570317, 48.55655422 ], [ 21.04602306, 48.55652636 ], [ 21.04666592, 48.55648218 ], [ 21.04685979, 48.55646901 ], [ 21.04690914, 48.55646567 ], [ 21.04733106, 48.55643576 ], [ 21.0487609, 48.55634274 ], [ 21.04971195, 48.5562874 ], [ 21.05063086, 48.55623758 ], [ 21.05095435, 48.55623603 ], [ 21.05103882, 48.55623105 ], [ 21.05113666, 48.55623408 ], [ 21.0511366, 48.55623128 ], [ 21.05185413, 48.55623175 ], [ 21.05256231, 48.55621741 ], [ 21.05401257, 48.5562363 ], [ 21.05403093, 48.55623744 ], [ 21.05403544, 48.55619869 ], [ 21.05401712, 48.55619701 ], [ 21.053816, 48.55578782 ], [ 21.05373314, 48.55559601 ], [ 21.05357272, 48.55519401 ], [ 21.05354289, 48.55498404 ], [ 21.05334995, 48.55486984 ], [ 21.05318931, 48.5547902 ], [ 21.05305078, 48.55472317 ], [ 21.05297781, 48.55468854 ], [ 21.05293636, 48.55466404 ], [ 21.05286036, 48.55461896 ], [ 21.05284335, 48.55460885 ], [ 21.05277849, 48.55456351 ], [ 21.05268399, 48.55449918 ], [ 21.05253555, 48.5543904 ], [ 21.05221683, 48.5542294 ], [ 21.05198101, 48.55406454 ], [ 21.05202831, 48.55358731 ], [ 21.05204027, 48.55313837 ], [ 21.05207561, 48.5528802 ], [ 21.05210797, 48.55262742 ], [ 21.0521941, 48.55225907 ], [ 21.05240438, 48.55105106 ], [ 21.05242025, 48.550865 ], [ 21.0524694, 48.55074568 ], [ 21.05251827, 48.55035666 ], [ 21.05250745, 48.55033254 ], [ 21.05249476, 48.55012925 ], [ 21.05279669, 48.54982983 ], [ 21.05313804, 48.54960762 ], [ 21.05360146, 48.54933781 ], [ 21.05426779, 48.54899846 ], [ 21.0553732, 48.54830575 ], [ 21.0553786, 48.54830241 ], [ 21.05540006, 48.54828925 ], [ 21.05544849, 48.54824896 ], [ 21.05546767, 48.54824455 ], [ 21.05561351, 48.54824753 ], [ 21.05567312, 48.54825749 ], [ 21.05588132, 48.54828826 ], [ 21.05590828, 48.54829968 ], [ 21.05593014, 48.5483085 ], [ 21.05596953, 48.54832222 ], [ 21.05633393, 48.5483445 ], [ 21.05640524, 48.54833018 ], [ 21.05644348, 48.54831198 ], [ 21.05647799, 48.54827836 ], [ 21.05648865, 48.54826808 ], [ 21.05654649, 48.54821613 ], [ 21.05656385, 48.54820157 ], [ 21.05665755, 48.54811594 ], [ 21.05680773, 48.54805863 ], [ 21.05691991, 48.54806393 ], [ 21.05699806, 48.54806712 ], [ 21.0570932, 48.54806069 ], [ 21.05722843, 48.54816831 ], [ 21.05723828, 48.54817988 ], [ 21.05726896, 48.54820502 ], [ 21.05731748, 48.54821831 ], [ 21.05734927, 48.54822665 ], [ 21.05757695, 48.54821429 ], [ 21.05759505, 48.54820615 ], [ 21.05767401, 48.54815642 ], [ 21.05768271, 48.54814527 ], [ 21.05775653, 48.54806619 ], [ 21.05777788, 48.54788635 ], [ 21.05791061, 48.5476057 ], [ 21.05798139, 48.54758397 ], [ 21.05804743, 48.54759874 ], [ 21.05806107, 48.54752454 ], [ 21.05803988, 48.54701544 ], [ 21.05806673, 48.54670855 ], [ 21.05807737, 48.54661642 ], [ 21.05811168, 48.54632057 ], [ 21.05814293, 48.54624487 ], [ 21.0581777, 48.54616019 ], [ 21.05821621, 48.546067 ], [ 21.05825281, 48.54597779 ], [ 21.05832559, 48.54580116 ], [ 21.05833236, 48.5457849 ], [ 21.05834702, 48.54575729 ], [ 21.05842001, 48.54561992 ], [ 21.05848812, 48.54549168 ], [ 21.05869696, 48.54535831 ], [ 21.05874149, 48.54530475 ], [ 21.05882069, 48.54520973 ], [ 21.05890645, 48.54510673 ], [ 21.05896482, 48.54503652 ], [ 21.05906364, 48.5448982 ], [ 21.059151, 48.54477373 ], [ 21.05915949, 48.54476167 ], [ 21.05918218, 48.54473 ], [ 21.05921063, 48.54469023 ], [ 21.05922561, 48.54466929 ], [ 21.05927652, 48.5445991 ], [ 21.05933483, 48.5445187 ], [ 21.05936504, 48.5444771 ], [ 21.05939515, 48.54442775 ], [ 21.05944118, 48.54436487 ], [ 21.0594783, 48.54431413 ], [ 21.05956659, 48.54420257 ], [ 21.05963439, 48.54410214 ], [ 21.05964369, 48.54408839 ], [ 21.05968196, 48.54396736 ], [ 21.05969845, 48.54391514 ], [ 21.05970404, 48.54387813 ], [ 21.05970871, 48.54384812 ], [ 21.05971829, 48.54378486 ], [ 21.05972913, 48.54371363 ], [ 21.05974757, 48.54359312 ], [ 21.0597557, 48.54354017 ], [ 21.0597673, 48.54346428 ], [ 21.05977344, 48.5434236 ], [ 21.05977891, 48.54338821 ], [ 21.05978958, 48.54331751 ], [ 21.05979952, 48.54325309 ], [ 21.05981853, 48.54312846 ], [ 21.05982697, 48.54307318 ], [ 21.0598375, 48.54300437 ], [ 21.05984483, 48.54296229 ], [ 21.05985277, 48.54291743 ], [ 21.05987757, 48.54277696 ], [ 21.05989869, 48.54265672 ], [ 21.05987033, 48.54264238 ], [ 21.05990673, 48.54251552 ], [ 21.05991092, 48.54246631 ], [ 21.05991133, 48.54195279 ], [ 21.05991156, 48.54149465 ], [ 21.05991164, 48.54134742 ], [ 21.05989833, 48.54108811 ], [ 21.05983309, 48.54034273 ], [ 21.05971646, 48.53900894 ], [ 21.05974791, 48.53883005 ], [ 21.05974507, 48.53868183 ], [ 21.05974494, 48.53867454 ], [ 21.05973929, 48.53861906 ], [ 21.05973534, 48.53860651 ], [ 21.059728, 48.53858295 ], [ 21.05953115, 48.53820065 ], [ 21.05927411, 48.5380117 ], [ 21.05922163, 48.53795514 ], [ 21.05913893, 48.53789292 ], [ 21.05889403, 48.53777063 ], [ 21.05828569, 48.53735506 ], [ 21.05823801, 48.53717908 ], [ 21.0582453, 48.53714843 ], [ 21.05816921, 48.53691848 ], [ 21.05810698, 48.53666819 ], [ 21.05796515, 48.53624807 ], [ 21.05783297, 48.53607428 ], [ 21.05773614, 48.53580241 ], [ 21.05774142, 48.53575324 ], [ 21.05774406, 48.53570677 ], [ 21.05775997, 48.535434 ], [ 21.05784847, 48.53537422 ], [ 21.05790301, 48.53524049 ], [ 21.05792641, 48.53496905 ], [ 21.05786451, 48.53480377 ], [ 21.05786183, 48.53479603 ], [ 21.05785286, 48.53477079 ], [ 21.05784924, 48.53476293 ], [ 21.05777446, 48.53459948 ], [ 21.05784395, 48.53456753 ], [ 21.05788508, 48.53454862 ], [ 21.0579027, 48.5344885 ], [ 21.05792959, 48.53439655 ], [ 21.05794344, 48.53434883 ], [ 21.05794906, 48.53432965 ], [ 21.05796002, 48.53430444 ], [ 21.05797983, 48.53425862 ], [ 21.05800406, 48.5342025 ], [ 21.05802016, 48.5341427 ], [ 21.05804787, 48.53403969 ], [ 21.05805739, 48.53400453 ], [ 21.05805949, 48.53397083 ], [ 21.05806445, 48.53389301 ], [ 21.05806782, 48.53384216 ], [ 21.0580722, 48.53377215 ], [ 21.05814683, 48.53367825 ], [ 21.05822278, 48.53358294 ], [ 21.05822536, 48.53357564 ], [ 21.05826331, 48.53346802 ], [ 21.05828166, 48.53341621 ], [ 21.05830052, 48.53336307 ], [ 21.05834855, 48.53335897 ], [ 21.05839287, 48.53328974 ], [ 21.05843733, 48.53322051 ], [ 21.05844377, 48.53321045 ], [ 21.05847746, 48.53314195 ], [ 21.05851659, 48.53306228 ], [ 21.0585517, 48.53299112 ], [ 21.05862419, 48.53284375 ], [ 21.05866331, 48.53276426 ], [ 21.05869843, 48.53269292 ], [ 21.05871855, 48.53265206 ], [ 21.05878115, 48.53252463 ], [ 21.0587995, 48.5324875 ], [ 21.05882808, 48.53244215 ], [ 21.05887988, 48.53235992 ], [ 21.05889662, 48.53233337 ], [ 21.05891861, 48.53229834 ], [ 21.05893858, 48.53226676 ], [ 21.05895657, 48.53223808 ], [ 21.05893752, 48.53218793 ], [ 21.05892443, 48.53215058 ], [ 21.05856932, 48.53120464 ], [ 21.05834063, 48.53076583 ], [ 21.05819741, 48.5303354 ], [ 21.0582068, 48.53014868 ], [ 21.05835865, 48.52998419 ], [ 21.05838746, 48.52988815 ], [ 21.05847119, 48.52963687 ], [ 21.05847546, 48.52952085 ], [ 21.05836436, 48.52932443 ], [ 21.05835893, 48.52907608 ], [ 21.05827695, 48.52895318 ], [ 21.0583361, 48.52876999 ], [ 21.05834833, 48.52866368 ], [ 21.05836409, 48.52836362 ], [ 21.05838065, 48.52825737 ], [ 21.05843958, 48.52793099 ], [ 21.05852151, 48.52770198 ], [ 21.05854242, 48.52765404 ], [ 21.0579863, 48.52744431 ], [ 21.05752112, 48.52725681 ], [ 21.05715944, 48.52713439 ], [ 21.05692133, 48.52707302 ], [ 21.05663069, 48.52702721 ], [ 21.05625676, 48.5269748 ], [ 21.05617208, 48.52695212 ], [ 21.05570956, 48.52681856 ], [ 21.05544675, 48.52676664 ], [ 21.0552902, 48.52673161 ], [ 21.05507538, 48.52667253 ], [ 21.0547781, 48.52657562 ], [ 21.05439887, 48.52647422 ], [ 21.05414287, 48.52641289 ], [ 21.05389145, 48.52634287 ], [ 21.05363386, 48.52626095 ], [ 21.05323979, 48.52614943 ], [ 21.05320921, 48.52615599 ], [ 21.053208983267208, 48.526155943396105 ], [ 21.053209, 48.526156 ], [ 21.053178401197066, 48.526149657390988 ], [ 21.05285216, 48.5260826 ], [ 21.052382990642059, 48.526049202142801 ], [ 21.05228, 48.526042 ], [ 21.052139578721384, 48.526030813049147 ], [ 21.05143913, 48.52597566 ], [ 21.05057986, 48.52594738 ], [ 21.050283828628721, 48.525928867058902 ], [ 21.050041, 48.525914 ], [ 21.049562775816536, 48.525884002301218 ], [ 21.04894157, 48.52584545 ], [ 21.0482382, 48.52583001 ], [ 21.048238072876359, 48.525830001554972 ], [ 21.048238, 48.52583 ], [ 21.048235296196957, 48.525829817095676 ], [ 21.04789785, 48.5258074 ], [ 21.047556331025877, 48.525786965527665 ], [ 21.047267, 48.52577 ], [ 21.046492, 48.525748 ], [ 21.045716, 48.525715 ], [ 21.045024, 48.525674 ], [ 21.044670390824589, 48.525659653088354 ], [ 21.04460549, 48.5256572 ], [ 21.04414111, 48.52566004 ], [ 21.04367717, 48.52570603 ], [ 21.04331221, 48.52575913 ], [ 21.04322978, 48.5257738 ], [ 21.042859300749384, 48.525809414464696 ], [ 21.042721, 48.525823 ], [ 21.042665048513385, 48.52583212513516 ], [ 21.04248874, 48.52586182 ], [ 21.04204947, 48.52596417 ], [ 21.042049369976947, 48.525963913194474 ], [ 21.042049, 48.525964 ], [ 21.042043320549126, 48.525948381510105 ], [ 21.042036603954525, 48.525931136899437 ], [ 21.041091, 48.526258 ], [ 21.040945165399982, 48.526310485460158 ], [ 21.04070252, 48.52639847 ], [ 21.04029525, 48.52656796 ], [ 21.03990295, 48.52671849 ], [ 21.039761884684044, 48.526779279433839 ], [ 21.039576, 48.52686 ], [ 21.038950814204643, 48.527160556064985 ], [ 21.03871937, 48.52727205 ], [ 21.038634614255034, 48.527303969929811 ], [ 21.038492, 48.527358 ], [ 21.038153, 48.527456 ], [ 21.038082628366471, 48.527467309726816 ], [ 21.03792936, 48.5274926 ], [ 21.03759462, 48.52751652 ], [ 21.03732653, 48.52751751 ], [ 21.03706966, 48.52750428 ], [ 21.036927547931462, 48.527492397569084 ], [ 21.036849, 48.527486 ], [ 21.036372, 48.527442 ], [ 21.036084, 48.527416 ], [ 21.036051115053798, 48.527411854838718 ], [ 21.0358461, 48.5273869 ], [ 21.035609059094316, 48.527355426979909 ], [ 21.03535, 48.527322 ], [ 21.035005861606862, 48.527262851213678 ], [ 21.03496626, 48.52725616 ], [ 21.03470174, 48.52720026 ], [ 21.034622944264274, 48.527188008399634 ], [ 21.034524, 48.527173 ], [ 21.034192, 48.527124 ], [ 21.03416263208932, 48.527117575769537 ], [ 21.03399999, 48.52708295 ], [ 21.033999669289084, 48.52709125990566 ], [ 21.033999, 48.52711 ], [ 21.033960935506567, 48.527095408610847 ], [ 21.03394948, 48.52709128 ], [ 21.03393918, 48.52708752 ], [ 21.03302798, 48.52791745 ], [ 21.032614564411194, 48.528304624166509 ], [ 21.032115, 48.528773 ], [ 21.031315, 48.529519 ], [ 21.030159, 48.530587 ], [ 21.030167955963449, 48.530600833829297 ], [ 21.03028203, 48.53077103 ], [ 21.030278564550891, 48.530771685388345 ], [ 21.0302833, 48.530779 ], [ 21.029137, 48.530988 ], [ 21.028145, 48.531168 ], [ 21.026511, 48.531465 ], [ 21.026105369665892, 48.531209763800462 ], [ 21.02595011, 48.53111225 ], [ 21.025791477094398, 48.531027314474272 ], [ 21.025044, 48.530628 ], [ 21.023265, 48.529458 ], [ 21.021743126324367, 48.529875965306452 ], [ 21.021705983335753, 48.5298916145845 ], [ 21.02079, 48.530278 ], [ 21.020382627253792, 48.530466938044718 ], [ 21.02027954, 48.53051487 ], [ 21.020279151937469, 48.53051492953194 ], [ 21.020279, 48.530515 ], [ 21.019668, 48.530609 ], [ 21.019089150419582, 48.53063199402478 ], [ 21.018955824323953, 48.530686256756908 ], [ 21.018495, 48.530874 ], [ 21.017535, 48.531305 ], [ 21.017230554145694, 48.531429546031312 ], [ 21.0161271, 48.53188165 ], [ 21.01565407, 48.53208543 ], [ 21.01533457641527, 48.532219867735776 ], [ 21.015114, 48.532313 ], [ 21.015065226540688, 48.532294872334134 ], [ 21.01428816, 48.5320067 ], [ 21.013962442915865, 48.531892762753344 ], [ 21.013713, 48.531806 ], [ 21.012750344109048, 48.531355191702708 ], [ 21.0124042, 48.53119328 ], [ 21.012203671824391, 48.531041541453824 ], [ 21.011867, 48.530787 ], [ 21.0114, 48.530434 ], [ 21.010549023345021, 48.530048249762324 ], [ 21.00964446, 48.52963867 ], [ 21.008690645178323, 48.529206081031496 ], [ 21.00794, 48.528866 ], [ 21.007320046086303, 48.528631379510252 ], [ 21.00677949, 48.5284271 ], [ 21.00574869, 48.52803845 ], [ 21.004514709670584, 48.527525750980402 ], [ 21.004084, 48.527347 ], [ 21.004085035367133, 48.527356318304207 ], [ 21.00408739, 48.52737382 ], [ 21.004086983122328, 48.527373848100979 ], [ 21.004087, 48.527374 ], [ 21.003225763434745, 48.527433328181253 ], [ 21.00276588, 48.52746509 ], [ 21.00277071, 48.5274928 ], [ 21.00277232, 48.52750204 ], [ 21.00291696, 48.52833747 ], [ 21.00396346, 48.52950965 ], [ 21.00477382, 48.5305 ], [ 21.00524869, 48.5318213 ], [ 21.00537761, 48.5327204 ], [ 21.00538686, 48.53278491 ], [ 21.00546224, 48.53310565 ], [ 21.00560929, 48.53373151 ], [ 21.00601995, 48.53543825 ], [ 21.0060339, 48.53549608 ], [ 21.00604027, 48.53552321 ], [ 21.00605096, 48.5355685 ], [ 21.00611564, 48.53584233 ], [ 21.00612503, 48.53596078 ], [ 21.00611983, 48.53618483 ], [ 21.00617118, 48.53640518 ], [ 21.0061172, 48.53681428 ], [ 21.00608654, 48.53686495 ], [ 21.00606423, 48.53690194 ], [ 21.00572872, 48.5374574 ], [ 21.00566549, 48.53754805 ], [ 21.00563951, 48.53769514 ], [ 21.00561463, 48.53780588 ], [ 21.00560019, 48.537886 ], [ 21.00559781, 48.53798425 ], [ 21.00561495, 48.53832944 ], [ 21.00510605, 48.53858864 ], [ 21.00493487, 48.5386812 ], [ 21.0048442, 48.53874005 ], [ 21.00471999, 48.53882463 ], [ 21.00462005, 48.53890037 ], [ 21.00450714, 48.53898622 ], [ 21.00436614, 48.53911733 ], [ 21.00431858, 48.53924281 ], [ 21.00423517, 48.53931515 ], [ 21.00411972, 48.53934994 ], [ 21.0037805, 48.53975615 ], [ 21.00358641, 48.53982147 ], [ 21.00347417, 48.53989303 ], [ 21.00325006, 48.54004542 ], [ 21.00324275, 48.54005067 ], [ 21.00297756, 48.54024078 ], [ 21.00293396, 48.54037855 ], [ 21.00251086, 48.54053343 ], [ 21.0022669, 48.5406667 ], [ 21.00194153, 48.54091208 ], [ 21.00167598, 48.54108885 ], [ 21.0014415, 48.54129421 ], [ 21.00115749, 48.54160616 ], [ 21.00079488, 48.54199284 ], [ 21.00081364, 48.54211819 ], [ 21.00027711, 48.54261175 ], [ 20.99984413, 48.54285246 ], [ 20.9995187, 48.54316303 ], [ 20.99943106, 48.5432264 ], [ 20.99944942, 48.54326897 ], [ 20.99926591, 48.54337354 ], [ 20.99977194, 48.54466798 ], [ 20.99990878, 48.54505461 ], [ 20.99992767, 48.54524299 ], [ 20.99993136, 48.54545851 ], [ 20.99990834, 48.5457206 ], [ 20.99987461, 48.54585861 ], [ 20.99989008, 48.54600599 ], [ 20.9998829, 48.54612282 ], [ 20.99988995, 48.54627217 ], [ 20.99992594, 48.54639377 ], [ 20.99993221, 48.54641496 ], [ 20.99995032, 48.54646085 ], [ 21.0003093, 48.54636563 ], [ 21.00063148, 48.5463178 ], [ 21.00085374, 48.54631636 ], [ 21.00104973, 48.54699987 ], [ 21.00106308, 48.54704227 ], [ 21.00073074, 48.54715829 ], [ 21.00115423, 48.54730662 ], [ 21.00178014, 48.54750103 ], [ 21.00201899, 48.54751158 ], [ 21.00241736, 48.54760297 ], [ 21.00286673, 48.54778062 ], [ 21.00316089, 48.54791574 ], [ 21.00330844, 48.54805994 ], [ 21.00375169, 48.54849357 ], [ 21.0038203, 48.54867207 ], [ 21.00385723, 48.54890031 ], [ 21.00385801, 48.54913114 ], [ 21.00385823, 48.5492003 ], [ 21.00386432, 48.54928326 ], [ 21.00390418, 48.5498219 ], [ 21.00396311, 48.54993624 ], [ 21.00408476, 48.54997963 ], [ 21.00426193, 48.55002595 ], [ 21.00438157, 48.5500726 ], [ 21.00454048, 48.55020485 ], [ 21.00460384, 48.55030357 ], [ 21.00492009, 48.55137233 ], [ 21.00504585, 48.55223467 ], [ 21.00505238, 48.55227955 ], [ 21.00505399, 48.5522905 ], [ 21.0050593, 48.55232624 ], [ 21.00506061, 48.55233592 ], [ 21.00514812, 48.5529354 ], [ 21.00567033, 48.55436767 ], [ 21.00650526, 48.55565362 ], [ 21.00652597, 48.55572986 ], [ 21.00726001, 48.55573818 ], [ 21.00739337, 48.55573972 ], [ 21.00800517, 48.55572129 ], [ 21.00845297, 48.55570102 ], [ 21.00873258, 48.55569859 ], [ 21.0095368, 48.55566474 ], [ 21.00984463, 48.55574887 ], [ 21.01029255, 48.55587132 ], [ 21.01108125, 48.5560871 ], [ 21.01127689, 48.55590268 ], [ 21.01129811, 48.55583324 ], [ 21.01134249, 48.55568865 ], [ 21.01136318, 48.55562099 ], [ 21.01142978, 48.55534854 ], [ 21.01153097, 48.55524744 ], [ 21.01162535, 48.55521905 ], [ 21.01193842, 48.55504212 ], [ 21.01203347, 48.55504077 ], [ 21.01206006, 48.55504795 ], [ 21.01213246, 48.55507736 ], [ 21.01220282, 48.5550797 ], [ 21.01234833, 48.55503859 ], [ 21.01238926, 48.55503544 ], [ 21.0125302, 48.55510945 ], [ 21.01287104, 48.55557368 ], [ 21.01295075, 48.55563035 ], [ 21.0129711, 48.5556448 ], [ 21.01300109, 48.55566624 ], [ 21.01306454, 48.55570283 ], [ 21.01316114, 48.55575852 ], [ 21.0133555, 48.55585987 ], [ 21.01351611, 48.5558886 ], [ 21.01362606, 48.55590575 ], [ 21.01385331, 48.55591418 ], [ 21.01396451, 48.55577018 ], [ 21.01397763, 48.55575801 ], [ 21.01401085, 48.5557492 ], [ 21.01406545, 48.55576271 ], [ 21.01409021, 48.55577614 ], [ 21.01463253, 48.55612277 ], [ 21.01492942, 48.55621544 ], [ 21.01502644, 48.55622226 ], [ 21.01507596, 48.55621489 ], [ 21.01511347, 48.55620128 ], [ 21.01513732, 48.55619261 ], [ 21.0151591, 48.55617352 ], [ 21.01519995, 48.55611724 ], [ 21.01520718, 48.55609506 ], [ 21.01522997, 48.55602458 ], [ 21.01524842, 48.55595946 ], [ 21.01528081, 48.55590929 ], [ 21.01530983, 48.55586424 ], [ 21.01533771, 48.55585436 ], [ 21.01537376, 48.55584384 ], [ 21.01542186, 48.55583553 ], [ 21.01612253, 48.55597038 ], [ 21.01616961, 48.55597554 ], [ 21.01620243, 48.55597212 ], [ 21.01624647, 48.55596367 ], [ 21.01628516, 48.55595415 ], [ 21.01635768, 48.55590972 ], [ 21.0165669, 48.55577887 ], [ 21.01670992, 48.55568068 ], [ 21.01675358, 48.55564475 ], [ 21.01677675, 48.55562526 ], [ 21.01684668, 48.55556652 ], [ 21.01686723, 48.55554928 ], [ 21.0169415, 48.5554869 ], [ 21.01702288, 48.55545087 ], [ 21.01714771, 48.55546851 ], [ 21.01729901, 48.55556717 ], [ 21.01734128, 48.55562205 ], [ 21.01735463, 48.55563933 ], [ 21.01744363, 48.55575475 ], [ 21.01751806, 48.55577522 ], [ 21.01779177, 48.55575375 ], [ 21.01783653, 48.55575027 ], [ 21.01790557, 48.55574481 ], [ 21.01814296, 48.55569053 ], [ 21.01822908, 48.55570878 ], [ 21.01872779, 48.55581433 ], [ 21.01930155, 48.55595937 ], [ 21.01935048, 48.55601231 ], [ 21.01934393, 48.55608143 ], [ 21.019185, 48.55621827 ], [ 21.01916701, 48.5562338 ], [ 21.01910321, 48.55628869 ], [ 21.01909178, 48.55630722 ], [ 21.01907651, 48.55633184 ], [ 21.01904303, 48.55638575 ], [ 21.01907973, 48.55651123 ], [ 21.0192744, 48.55659241 ], [ 21.01952122, 48.55662938 ], [ 21.01986328, 48.55660828 ], [ 21.01992052, 48.55660107 ], [ 21.02014209, 48.55657319 ], [ 21.02019385, 48.5565667 ], [ 21.02050963, 48.55652699 ], [ 21.02087804, 48.55658869 ], [ 21.02115701, 48.55668525 ], [ 21.02126223, 48.55670215 ], [ 21.02128945, 48.55670629 ], [ 21.02145509, 48.55673148 ], [ 21.02159551, 48.55675287 ], [ 21.02203071, 48.5568645 ], [ 21.02225795, 48.55701789 ], [ 21.0223019, 48.5571373 ], [ 21.02248569, 48.55721902 ], [ 21.0227942, 48.55722921 ], [ 21.02321529, 48.55720349 ], [ 21.02345757, 48.5572286 ], [ 21.02439342, 48.55728472 ], [ 21.02490055, 48.55723303 ], [ 21.02538299, 48.55718502 ], [ 21.02552966, 48.55716465 ], [ 21.02558937, 48.55725487 ], [ 21.02577195, 48.55735274 ], [ 21.02597398, 48.55737202 ], [ 21.02618064, 48.5573113 ], [ 21.02643516, 48.5571369 ], [ 21.02667052, 48.55694656 ], [ 21.02680564, 48.55692284 ], [ 21.02691379, 48.55703824 ], [ 21.02700694, 48.55717099 ], [ 21.02695975, 48.55723967 ], [ 21.02702753, 48.55736707 ], [ 21.02702595, 48.55746067 ], [ 21.02704445, 48.55752161 ], [ 21.02712561, 48.55761524 ], [ 21.02735043, 48.55761995 ], [ 21.02757896, 48.55772024 ], [ 21.02766284, 48.55783196 ], [ 21.0276576, 48.55820999 ], [ 21.02774386, 48.55836232 ], [ 21.02791556, 48.55847874 ], [ 21.02817016, 48.5586114 ], [ 21.02820241, 48.55885109 ], [ 21.02860166, 48.55884535 ], [ 21.02876489, 48.55885748 ], [ 21.02901446, 48.55887607 ], [ 21.02924683, 48.55894316 ], [ 21.02937837, 48.55923385 ], [ 21.02963087, 48.559612 ], [ 21.02968008, 48.55968134 ], [ 21.02972241, 48.55974118 ], [ 21.02973032, 48.55975152 ], [ 21.02973783, 48.55982696 ], [ 21.02974259, 48.55987574 ], [ 21.02975288, 48.55997928 ], [ 21.03028755, 48.56013639 ], [ 21.03053666, 48.56008877 ], [ 21.03069993, 48.56010045 ], [ 21.03078918, 48.5601223 ], [ 21.03083123, 48.56017682 ], [ 21.03082168, 48.56030437 ], [ 21.03086811, 48.56031851 ], [ 21.03092935, 48.56033403 ], [ 21.03098861, 48.56032158 ], [ 21.03126002, 48.56022967 ], [ 21.03134372, 48.56023513 ], [ 21.03142426, 48.56028281 ], [ 21.0314837, 48.5603586 ], [ 21.03151433, 48.56043886 ], [ 21.03158758, 48.56051151 ], [ 21.03179261, 48.56054528 ], [ 21.03205122, 48.56057001 ], [ 21.032282, 48.56054969 ], [ 21.03234007, 48.56057142 ], [ 21.03235423, 48.56061781 ], [ 21.03243821, 48.56063768 ], [ 21.03263693, 48.56074679 ], [ 21.03273835, 48.56068035 ], [ 21.03295753, 48.56057204 ] ] ] } },
{ "type": "Feature", "properties": { "@featureType": "CadastralZoning", "beginLifespanVersion": { "@nilReason": "http://inspire.ec.europa.eu/codelist/VoidReasonValue/Unpopulated", "@nil": "true" }, "endLifespanVersion": { "@nilReason": "http://inspire.ec.europa.eu/codelist/VoidReasonValue/Unpopulated", "@nil": "true" }, "estimatedAccuracy": { "value": -1, "@uom": "m" }, "inspireId": { "@dataType": "Identifier", "localId": "845302", "namespace": "SK.ESKN.CP", "versionId": "20260703T04:07:40" }, "label": "Paňovce", "level": { "@href": "http://inspire.ec.europa.eu/codelist/CadastralZoningLevelValue/3rdOrder" }, "levelName": { "value": "Katastrálne územie", "@locale": "sk" }, "name_1": { "@dataType": "name", "GeographicalName": { "@dataType": "GeographicalName", "language": "SLK", "nativeness": { "@href": "http://inspire.ec.europa.eu/codelist/NativenessValue/endonym", "@title": "endonym" }, "nameStatus": { "@href": "http://inspire.ec.europa.eu/codelist/NameStatusValue/official", "@title": "official" }, "sourceOfName": { "@nilReason": "http://inspire.ec.europa.eu/codelist/VoidReasonValue/Unpopulated", "@nil": "true" }, "pronunciation": { "@dataType": "pronunciation", "@nilReason": "http://inspire.ec.europa.eu/codelist/VoidReasonValue/Unpopulated", "@nil": "true" }, "spelling": { "@dataType": "SpellingOfName", "text": "Paňovce", "script": "LATN" } } }, "nationalCadastalZoningReference": "845302", "validFrom": "2026-06-30T16:00:00Z", "validTo": { "@nilReason": "http://inspire.ec.europa.eu/codelist/VoidReasonValue/Unpopulated", "@nil": "true" }, "place_id": 189396049, "osm_type": "relation", "osm_id": 388209, "place_rank": 12, "category": "boundary", "type": "administrative", "importance": 0.54120382821693425, "addresstype": "county", "name_2": "okres Košice-okolie", "display_name": "okres Košice-okolie, Košický kraj, Slovensko" }, "geometry": { "type": "Polygon", "coordinates": [ [ [ 21.04639985, 48.68365275 ], [ 21.04633533, 48.68344426 ], [ 21.04643197, 48.68334108 ], [ 21.04639161, 48.68325503 ], [ 21.04633631, 48.68319253 ], [ 21.04633701, 48.68301192 ], [ 21.04629573, 48.68285273 ], [ 21.04632934, 48.68280151 ], [ 21.04640587, 48.68275458 ], [ 21.04643659, 48.68267815 ], [ 21.04659817, 48.68247193 ], [ 21.04655012, 48.6823506 ], [ 21.04641957, 48.68233255 ], [ 21.04622895, 48.68214451 ], [ 21.04627217, 48.68207389 ], [ 21.046366, 48.68198278 ], [ 21.04638503, 48.6819282 ], [ 21.04645563, 48.68190233 ], [ 21.04653774, 48.68184082 ], [ 21.04658053, 48.68179216 ], [ 21.04662693, 48.68166248 ], [ 21.04672844, 48.68157045 ], [ 21.04680906, 48.6813722 ], [ 21.04701101, 48.68128994 ], [ 21.04720643, 48.68121323 ], [ 21.04717581, 48.68116072 ], [ 21.04720043, 48.6810714 ], [ 21.04728198, 48.68106272 ], [ 21.04743452, 48.68090284 ], [ 21.04740917, 48.68077974 ], [ 21.0476687, 48.68062372 ], [ 21.04781786, 48.68058556 ], [ 21.04786286, 48.68052194 ], [ 21.04771392, 48.68038776 ], [ 21.0477169, 48.68030231 ], [ 21.04775552, 48.68027305 ], [ 21.04782034, 48.68029364 ], [ 21.04808505, 48.68023954 ], [ 21.04808841, 48.68015258 ], [ 21.04810362, 48.68009086 ], [ 21.04812496, 48.68004005 ], [ 21.04811409, 48.67993425 ], [ 21.04809205, 48.67984511 ], [ 21.04802784, 48.67980366 ], [ 21.04802359, 48.67979316 ], [ 21.04812108, 48.67963293 ], [ 21.04808543, 48.67946554 ], [ 21.04807181, 48.67943124 ], [ 21.04819063, 48.67924568 ], [ 21.04815012, 48.67909983 ], [ 21.04815819, 48.67902995 ], [ 21.04815742, 48.67898382 ], [ 21.04829326, 48.67889264 ], [ 21.04851571, 48.67870318 ], [ 21.04856422, 48.67852864 ], [ 21.04847311, 48.67840851 ], [ 21.04843068, 48.67830484 ], [ 21.04847767, 48.67804678 ], [ 21.0486318, 48.67799843 ], [ 21.04864888, 48.67785339 ], [ 21.0487228, 48.67783213 ], [ 21.04875333, 48.67773822 ], [ 21.04887473, 48.67768564 ], [ 21.04889553, 48.67751254 ], [ 21.04895741, 48.67743956 ], [ 21.04896455, 48.67739486 ], [ 21.04888225, 48.6772933 ], [ 21.04897348, 48.67726603 ], [ 21.04904388, 48.67720999 ], [ 21.04910625, 48.67713027 ], [ 21.04921982, 48.67708608 ], [ 21.04938544, 48.67708952 ], [ 21.04950383, 48.67703901 ], [ 21.04958573, 48.67693094 ], [ 21.0497134, 48.67686533 ], [ 21.04971992, 48.67676875 ], [ 21.04969554, 48.6767639 ], [ 21.0497255, 48.67666304 ], [ 21.04976492, 48.6766212 ], [ 21.04974481, 48.67659191 ], [ 21.04982739, 48.67652564 ], [ 21.04988822, 48.67647387 ], [ 21.05013594, 48.67628082 ], [ 21.05034657, 48.67625133 ], [ 21.05041619, 48.67620211 ], [ 21.05055038, 48.67615841 ], [ 21.0506464, 48.67603405 ], [ 21.05073944, 48.6760226 ], [ 21.05080792, 48.67595938 ], [ 21.05077924, 48.67586272 ], [ 21.05081744, 48.67577708 ], [ 21.05083365, 48.67577842 ], [ 21.05092443, 48.67579553 ], [ 21.05117305, 48.67565401 ], [ 21.05122181, 48.67554719 ], [ 21.05123181, 48.67550061 ], [ 21.05116986, 48.67548714 ], [ 21.05108482, 48.67546248 ], [ 21.05106444, 48.67535097 ], [ 21.05091133, 48.67534578 ], [ 21.05089674, 48.675339 ], [ 21.05085734, 48.67525659 ], [ 21.05087525, 48.6751149 ], [ 21.05101081, 48.67506369 ], [ 21.05108083, 48.67500178 ], [ 21.0511219, 48.67493055 ], [ 21.05126392, 48.67490215 ], [ 21.05130933, 48.67485663 ], [ 21.05129667, 48.67477473 ], [ 21.05130557, 48.67476295 ], [ 21.05137524, 48.67473111 ], [ 21.05148068, 48.67464451 ], [ 21.05152452, 48.67454528 ], [ 21.05158175, 48.67444873 ], [ 21.05160181, 48.67444038 ], [ 21.05166879, 48.67444284 ], [ 21.05169374, 48.67444924 ], [ 21.05176765, 48.67450289 ], [ 21.05187532, 48.67452118 ], [ 21.05191215, 48.67443937 ], [ 21.05195324, 48.67440794 ], [ 21.05197768, 48.67441198 ], [ 21.05203054, 48.67451635 ], [ 21.05206695, 48.67453321 ], [ 21.05214283, 48.67449472 ], [ 21.05227793, 48.67448428 ], [ 21.05250312, 48.67432516 ], [ 21.05252266, 48.67432382 ], [ 21.05256982, 48.67436966 ], [ 21.05265741, 48.67440755 ], [ 21.05279762, 48.67441259 ], [ 21.05284534, 48.67436516 ], [ 21.05282615, 48.67426324 ], [ 21.05283781, 48.67425452 ], [ 21.05290524, 48.67426006 ], [ 21.05302156, 48.67429556 ], [ 21.05307984, 48.67430169 ], [ 21.05304973, 48.67428423 ], [ 21.05307704, 48.67422804 ], [ 21.05311332, 48.67418078 ], [ 21.05315044, 48.67412059 ], [ 21.05322776, 48.67410474 ], [ 21.05329901, 48.67398236 ], [ 21.05347465, 48.67379838 ], [ 21.05357412, 48.67375157 ], [ 21.0536319, 48.67366954 ], [ 21.05378198, 48.67361322 ], [ 21.0539052, 48.67349578 ], [ 21.05389402, 48.67344148 ], [ 21.05397352, 48.67336349 ], [ 21.05405873, 48.67320707 ], [ 21.0540576, 48.67311636 ], [ 21.05418443, 48.6730546 ], [ 21.0542593, 48.67306236 ], [ 21.05430113, 48.67302104 ], [ 21.05454058, 48.67296035 ], [ 21.05466992, 48.67284302 ], [ 21.05469022, 48.67270366 ], [ 21.05471673, 48.6726198 ], [ 21.0547205, 48.67252349 ], [ 21.05486381, 48.67250503 ], [ 21.05497085, 48.67245522 ], [ 21.05497682, 48.67237681 ], [ 21.05501752, 48.67239444 ], [ 21.05513649, 48.67237248 ], [ 21.05519055, 48.67220875 ], [ 21.05542243, 48.67201247 ], [ 21.05557817, 48.67193292 ], [ 21.05553747, 48.67171449 ], [ 21.05567724, 48.67155743 ], [ 21.05582579, 48.67157813 ], [ 21.05608531, 48.67147604 ], [ 21.05614852, 48.67133917 ], [ 21.05635812, 48.67114252 ], [ 21.05651696, 48.67110899 ], [ 21.05671938, 48.67078946 ], [ 21.05676338, 48.67063486 ], [ 21.05773737, 48.67005338 ], [ 21.05799937, 48.66994344 ], [ 21.0580607, 48.66989394 ], [ 21.0590601, 48.66908737 ], [ 21.05915113, 48.66874827 ], [ 21.05920481, 48.66852185 ], [ 21.05934916, 48.6683924 ], [ 21.06040566, 48.66838952 ], [ 21.06063834, 48.66838846 ], [ 21.06135057, 48.66836254 ], [ 21.06256117, 48.66832378 ], [ 21.06280561, 48.66831816 ], [ 21.06327484, 48.66831509 ], [ 21.06402607, 48.66828205 ], [ 21.06445266, 48.66825274 ], [ 21.06501159, 48.668228 ], [ 21.0652763, 48.66822763 ], [ 21.06554526, 48.66818831 ], [ 21.06646831, 48.66814797 ], [ 21.06651208, 48.66813526 ], [ 21.06625485, 48.66756988 ], [ 21.06659716, 48.66759724 ], [ 21.06665499, 48.66760192 ], [ 21.06668134, 48.66760404 ], [ 21.06705282, 48.66761569 ], [ 21.06792881, 48.66767817 ], [ 21.0686184, 48.66775006 ], [ 21.06907277, 48.66781167 ], [ 21.06983984, 48.66790949 ], [ 21.07069709, 48.6680359 ], [ 21.0724373, 48.66828125 ], [ 21.07260681, 48.66829793 ], [ 21.07355393, 48.6683914 ], [ 21.07397447, 48.66842525 ], [ 21.07483153, 48.66852884 ], [ 21.07520297, 48.66857216 ], [ 21.0753093, 48.66859389 ], [ 21.07543343, 48.66861936 ], [ 21.07560096, 48.6686004 ], [ 21.07583211, 48.66864924 ], [ 21.07631382, 48.668909 ], [ 21.07669686, 48.66893343 ], [ 21.07803723, 48.66910447 ], [ 21.07902394, 48.66921045 ], [ 21.07967309, 48.66937181 ], [ 21.08005549, 48.66957584 ], [ 21.08021933, 48.66960304 ], [ 21.0802631, 48.66960869 ], [ 21.08026772, 48.66948737 ], [ 21.08041876, 48.6692723 ], [ 21.08043524, 48.66904773 ], [ 21.08048592, 48.66897086 ], [ 21.08057863, 48.6689176 ], [ 21.08078261, 48.66859503 ], [ 21.08088283, 48.66852661 ], [ 21.08090541, 48.66841064 ], [ 21.08060952, 48.66813794 ], [ 21.08067073, 48.66798856 ], [ 21.08077556, 48.66781927 ], [ 21.08081315, 48.66779618 ], [ 21.08115004, 48.66776263 ], [ 21.08134845, 48.66762014 ], [ 21.08153803, 48.66754175 ], [ 21.08170948, 48.66742188 ], [ 21.08170988, 48.66727855 ], [ 21.08179304, 48.66718526 ], [ 21.08194304, 48.66707785 ], [ 21.08200257, 48.66701 ], [ 21.08214381, 48.66694192 ], [ 21.08221861, 48.66684953 ], [ 21.08217228, 48.66678302 ], [ 21.08217, 48.66670353 ], [ 21.08212443, 48.66660831 ], [ 21.08219915, 48.66658868 ], [ 21.08227689, 48.66664586 ], [ 21.08236894, 48.66667874 ], [ 21.08241788, 48.66664737 ], [ 21.08248186, 48.66658182 ], [ 21.0826509, 48.66647422 ], [ 21.08273623, 48.6663828 ], [ 21.0828248, 48.6663321 ], [ 21.08296792, 48.66633044 ], [ 21.08309407, 48.66635803 ], [ 21.08336543, 48.66635756 ], [ 21.08345101, 48.66625913 ], [ 21.08340205, 48.66619127 ], [ 21.08367838, 48.66601142 ], [ 21.08374282, 48.66591753 ], [ 21.08367435, 48.66581023 ], [ 21.08358879, 48.66561431 ], [ 21.08361829, 48.66548552 ], [ 21.08374614, 48.66545698 ], [ 21.08381891, 48.66520614 ], [ 21.08384376, 48.6652047 ], [ 21.08406004, 48.66515112 ], [ 21.08409224, 48.66512929 ], [ 21.08423982, 48.66515929 ], [ 21.08444612, 48.66507891 ], [ 21.08456442, 48.66475643 ], [ 21.08452505, 48.6646417 ], [ 21.08454895, 48.66459044 ], [ 21.08461174, 48.66455204 ], [ 21.08473374, 48.66443507 ], [ 21.08478863, 48.66431404 ], [ 21.08479627, 48.66422721 ], [ 21.08495587, 48.66399324 ], [ 21.08511164, 48.66400991 ], [ 21.08529002, 48.66387315 ], [ 21.08537079, 48.66377889 ], [ 21.08537024, 48.66369063 ], [ 21.08528897, 48.66365729 ], [ 21.08534579, 48.66353776 ], [ 21.08525099, 48.66337666 ], [ 21.085153, 48.66332675 ], [ 21.08504106, 48.66324677 ], [ 21.08502001, 48.66318945 ], [ 21.08506911, 48.66312828 ], [ 21.08515737, 48.66311673 ], [ 21.08523461, 48.66312176 ], [ 21.08535407, 48.66301902 ], [ 21.08536156, 48.66292121 ], [ 21.0853053, 48.66287689 ], [ 21.08534145, 48.66278874 ], [ 21.08538595, 48.66270707 ], [ 21.08529578, 48.66267831 ], [ 21.08507748, 48.6625422 ], [ 21.08501303, 48.6624597 ], [ 21.08492243, 48.66228226 ], [ 21.08499413, 48.66226478 ], [ 21.08516048, 48.66234599 ], [ 21.08517615, 48.66234173 ], [ 21.08516461, 48.66217225 ], [ 21.0851132, 48.66212854 ], [ 21.08511648, 48.66210622 ], [ 21.08518375, 48.66203277 ], [ 21.08518119, 48.66197731 ], [ 21.08526099, 48.66192749 ], [ 21.08518033, 48.66187671 ], [ 21.08513566, 48.66179872 ], [ 21.08521979, 48.66172158 ], [ 21.08522873, 48.66163183 ], [ 21.08525004, 48.66162856 ], [ 21.08538461, 48.661634 ], [ 21.08595629, 48.66149974 ], [ 21.0864932, 48.66109818 ], [ 21.0875183, 48.66042449 ], [ 21.08760233, 48.66034311 ], [ 21.08809914, 48.659862 ], [ 21.08859951, 48.65952057 ], [ 21.09078495, 48.6582374 ], [ 21.09083623, 48.65820727 ], [ 21.09087046, 48.65818731 ], [ 21.09088609, 48.65817809 ], [ 21.09091804, 48.65816319 ], [ 21.09095167, 48.65814762 ], [ 21.09245293, 48.65744924 ], [ 21.09279322, 48.6573649 ], [ 21.09367339, 48.6571138 ], [ 21.09490028, 48.65671291 ], [ 21.09548325, 48.65595192 ], [ 21.09549474, 48.6559215 ], [ 21.09563542, 48.6558695 ], [ 21.09570285, 48.65577705 ], [ 21.09572285, 48.65556448 ], [ 21.09576579, 48.65537084 ], [ 21.09574114, 48.65535671 ], [ 21.09579645, 48.655307 ], [ 21.09582418, 48.65527557 ], [ 21.09590329, 48.65520708 ], [ 21.09601791, 48.65516397 ], [ 21.09619823, 48.65502771 ], [ 21.09618356, 48.65486706 ], [ 21.09623017, 48.65454225 ], [ 21.09619984, 48.65431743 ], [ 21.09611496, 48.65406752 ], [ 21.09610297, 48.65402923 ], [ 21.09609259, 48.65397829 ], [ 21.09615245, 48.65380572 ], [ 21.09616378, 48.65374972 ], [ 21.0961371, 48.65364333 ], [ 21.0960368, 48.65352348 ], [ 21.09600724, 48.65337306 ], [ 21.09634905, 48.65285962 ], [ 21.09640271, 48.65271603 ], [ 21.09663808, 48.65254806 ], [ 21.09681536, 48.65247149 ], [ 21.09692583, 48.65235909 ], [ 21.0968994, 48.65227143 ], [ 21.09702637, 48.65216551 ], [ 21.09692231, 48.65192507 ], [ 21.0969965, 48.65168156 ], [ 21.0969692, 48.65152455 ], [ 21.09722825, 48.65105327 ], [ 21.09718061, 48.65070921 ], [ 21.09713006, 48.65047842 ], [ 21.09716159, 48.6504156 ], [ 21.09709966, 48.65032464 ], [ 21.09725606, 48.65024172 ], [ 21.09735465, 48.65015037 ], [ 21.09743601, 48.650077 ], [ 21.09745609, 48.64981725 ], [ 21.0974577, 48.64979164 ], [ 21.0974473, 48.64977411 ], [ 21.097521, 48.64962207 ], [ 21.09766167, 48.64953315 ], [ 21.09777528, 48.64937979 ], [ 21.09806986, 48.64933583 ], [ 21.09821151, 48.64927243 ], [ 21.09844602, 48.64930053 ], [ 21.09880422, 48.64919902 ], [ 21.0988951, 48.64910705 ], [ 21.09902676, 48.64904999 ], [ 21.09910358, 48.64896081 ], [ 21.09903289, 48.64886137 ], [ 21.09904673, 48.64876934 ], [ 21.0992678, 48.64863287 ], [ 21.09920053, 48.64846124 ], [ 21.09905911, 48.64841462 ], [ 21.09905074, 48.64840273 ], [ 21.09911315, 48.64831354 ], [ 21.09907632, 48.64822501 ], [ 21.09907442, 48.64820838 ], [ 21.09901302, 48.64813607 ], [ 21.09939106, 48.6480306 ], [ 21.09938613, 48.6480164 ], [ 21.09988643, 48.64728351 ], [ 21.10010855, 48.64692205 ], [ 21.10011885, 48.64689285 ], [ 21.09997096, 48.64681775 ], [ 21.09991336, 48.64685083 ], [ 21.09982857, 48.6468046 ], [ 21.09983937, 48.64674651 ], [ 21.09976186, 48.64674544 ], [ 21.09972536, 48.64668565 ], [ 21.09980063, 48.64652321 ], [ 21.0997746, 48.64651688 ], [ 21.09977721, 48.64648131 ], [ 21.0997958, 48.64622502 ], [ 21.09987233, 48.64598069 ], [ 21.09988387, 48.64584969 ], [ 21.09995682, 48.64541769 ], [ 21.09998537, 48.64541753 ], [ 21.10001678, 48.64512906 ], [ 21.09999734, 48.6448059 ], [ 21.10019477, 48.64447328 ], [ 21.10019869, 48.64434248 ], [ 21.10028558, 48.64406805 ], [ 21.10027672, 48.64400203 ], [ 21.1003433, 48.6438413 ], [ 21.10034822, 48.64354891 ], [ 21.10032589, 48.64307484 ], [ 21.10033509, 48.64285364 ], [ 21.10024924, 48.64253383 ], [ 21.10023765, 48.64236985 ], [ 21.10016194, 48.64213195 ], [ 21.10018544, 48.64195838 ], [ 21.10026973, 48.64178589 ], [ 21.10041488, 48.64161724 ], [ 21.10051738, 48.64123959 ], [ 21.10052267, 48.64095514 ], [ 21.10050746, 48.64063545 ], [ 21.10040835, 48.64039796 ], [ 21.1003688, 48.64024487 ], [ 21.10011073, 48.6396934 ], [ 21.09988875, 48.63937541 ], [ 21.09974416, 48.63922802 ], [ 21.0996214, 48.63902587 ], [ 21.0995667, 48.63880179 ], [ 21.09942848, 48.63849397 ], [ 21.09920933, 48.63819488 ], [ 21.09889469, 48.63793071 ], [ 21.09868399, 48.63746324 ], [ 21.09840291, 48.63682431 ], [ 21.09812866, 48.63642674 ], [ 21.09800408, 48.63619599 ], [ 21.0978749, 48.63565111 ], [ 21.09775306, 48.63552165 ], [ 21.09762954, 48.63538719 ], [ 21.09712386, 48.63465311 ], [ 21.09694714, 48.63432802 ], [ 21.09673358, 48.63414535 ], [ 21.09659037, 48.63393533 ], [ 21.09650028, 48.63374 ], [ 21.09627873, 48.63351457 ], [ 21.09572847, 48.63283658 ], [ 21.09552617, 48.6326414 ], [ 21.09534474, 48.63227716 ], [ 21.09523564, 48.63197848 ], [ 21.09525974, 48.63197412 ], [ 21.0952181, 48.63178315 ], [ 21.09500805, 48.63081884 ], [ 21.09476704, 48.62971244 ], [ 21.09437596, 48.62804499 ], [ 21.0941074, 48.62689987 ], [ 21.09420173, 48.62422831 ], [ 21.09421113, 48.62396056 ], [ 21.09305829, 48.62396574 ], [ 21.09191057, 48.62399196 ], [ 21.09108983, 48.6239951 ], [ 21.09098019, 48.62399551 ], [ 21.09069335, 48.62397316 ], [ 21.08993168, 48.6239139 ], [ 21.08981378, 48.62390477 ], [ 21.08968819, 48.62389494 ], [ 21.08882038, 48.62382746 ], [ 21.08757353, 48.62366909 ], [ 21.08639713, 48.62348381 ], [ 21.08512753, 48.62328433 ], [ 21.08501583, 48.62326675 ], [ 21.08428667, 48.62318492 ], [ 21.08365067, 48.62310692 ], [ 21.08358129, 48.62310107 ], [ 21.08343794, 48.62308903 ], [ 21.08332752, 48.62307977 ], [ 21.08329472, 48.623077 ], [ 21.08326975, 48.62307493 ], [ 21.08321414, 48.62307024 ], [ 21.08320591, 48.62306952 ], [ 21.08319848, 48.62306892 ], [ 21.08312491, 48.62306275 ], [ 21.08311115, 48.62306158 ], [ 21.08306309, 48.62305759 ], [ 21.08303704, 48.6230554 ], [ 21.08282431, 48.6230375 ], [ 21.08270646, 48.62302765 ], [ 21.08258849, 48.62301769 ], [ 21.08244582, 48.62300568 ], [ 21.08239965, 48.62300184 ], [ 21.08232811, 48.62299582 ], [ 21.08226777, 48.6229908 ], [ 21.08045482, 48.62283846 ], [ 21.08028663, 48.62282435 ], [ 21.08023287, 48.62270645 ], [ 21.07964197, 48.62269661 ], [ 21.07937066, 48.62269212 ], [ 21.07885692, 48.6226838 ], [ 21.07858867, 48.62268759 ], [ 21.07813601, 48.62264677 ], [ 21.07810147, 48.62262169 ], [ 21.07785269, 48.62259353 ], [ 21.0750982, 48.62240535 ], [ 21.07495003, 48.6224126 ], [ 21.07492291, 48.62241388 ], [ 21.07343168, 48.62248619 ], [ 21.07210152, 48.62256976 ], [ 21.0719072, 48.62256001 ], [ 21.07196093, 48.62298803 ], [ 21.07050417, 48.6226755 ], [ 21.07035762, 48.62274339 ], [ 21.06889874, 48.62313383 ], [ 21.06887711, 48.62312709 ], [ 21.06879937, 48.62326692 ], [ 21.06882798, 48.62333719 ], [ 21.06883528, 48.62338163 ], [ 21.06885088, 48.62339106 ], [ 21.06880973, 48.62353388 ], [ 21.0687649, 48.62359085 ], [ 21.0687767, 48.62365517 ], [ 21.06884381, 48.62369157 ], [ 21.06884023, 48.62370694 ], [ 21.06880917, 48.62375942 ], [ 21.06889129, 48.62380045 ], [ 21.06892005, 48.62389801 ], [ 21.06892962, 48.62392281 ], [ 21.06898843, 48.62396687 ], [ 21.06904456, 48.62401948 ], [ 21.06905239, 48.62405683 ], [ 21.06903231, 48.62407671 ], [ 21.06899345, 48.62410795 ], [ 21.06897576, 48.62412493 ], [ 21.06893668, 48.62419038 ], [ 21.06891638, 48.6242279 ], [ 21.06888262, 48.62425084 ], [ 21.0688168, 48.62433433 ], [ 21.06875828, 48.62437618 ], [ 21.06879895, 48.62440479 ], [ 21.06890987, 48.62438166 ], [ 21.06896052, 48.62439277 ], [ 21.06897053, 48.62441344 ], [ 21.06897635, 48.62443389 ], [ 21.06903594, 48.62452047 ], [ 21.06906446, 48.6245205 ], [ 21.06914454, 48.62441137 ], [ 21.06918299, 48.62442775 ], [ 21.06924175, 48.62445226 ], [ 21.0692897, 48.62448885 ], [ 21.06926586, 48.62453751 ], [ 21.06920671, 48.62457313 ], [ 21.06920878, 48.62463686 ], [ 21.06938968, 48.62477449 ], [ 21.06937571, 48.62481086 ], [ 21.0692751, 48.62481226 ], [ 21.0692018, 48.62483536 ], [ 21.0692664, 48.62497352 ], [ 21.06934489, 48.62501416 ], [ 21.06949097, 48.62502063 ], [ 21.06951675, 48.62507964 ], [ 21.06943926, 48.62519589 ], [ 21.06929573, 48.62524857 ], [ 21.06927569, 48.62528807 ], [ 21.06937156, 48.62538727 ], [ 21.06947745, 48.62548878 ], [ 21.06951036, 48.62549201 ], [ 21.0696692, 48.62544172 ], [ 21.06969742, 48.6254367 ], [ 21.06972117, 48.62555246 ], [ 21.06969383, 48.6255603 ], [ 21.06965911, 48.6256439 ], [ 21.06889505, 48.62583286 ], [ 21.06860478, 48.62591903 ], [ 21.06808226, 48.62605435 ], [ 21.06728387, 48.62633979 ], [ 21.06604201, 48.62642158 ], [ 21.06601683, 48.62642598 ], [ 21.0660622, 48.62655037 ], [ 21.06611409, 48.62693123 ], [ 21.06604221, 48.6272318 ], [ 21.0660527, 48.62739241 ], [ 21.06605369, 48.62751275 ], [ 21.06609145, 48.62764832 ], [ 21.06643893, 48.62846833 ], [ 21.0664087, 48.62849508 ], [ 21.06634697, 48.62862768 ], [ 21.06586605, 48.62898361 ], [ 21.0655619, 48.62911731 ], [ 21.06494597, 48.62931558 ], [ 21.06465529, 48.62942702 ], [ 21.06410988, 48.62961741 ], [ 21.06382719, 48.62973461 ], [ 21.06366789, 48.62974328 ], [ 21.06367291, 48.62975794 ], [ 21.06323571, 48.62976439 ], [ 21.06311597, 48.62965189 ], [ 21.06294609, 48.62970406 ], [ 21.06271943, 48.62965578 ], [ 21.06179111, 48.62949285 ], [ 21.06159171, 48.62959151 ], [ 21.06143496, 48.62966266 ], [ 21.06123621, 48.62956955 ], [ 21.06096391, 48.62976073 ], [ 21.06079987, 48.6297308 ], [ 21.06066089, 48.62975111 ], [ 21.06050812, 48.62971929 ], [ 21.06029944, 48.62971427 ], [ 21.06015579, 48.62981935 ], [ 21.06003359, 48.63001958 ], [ 21.06001432, 48.6303576 ], [ 21.05982588, 48.63039629 ], [ 21.05969715, 48.63020551 ], [ 21.05932413, 48.63015074 ], [ 21.05926885, 48.63015794 ], [ 21.05925787, 48.63015938 ], [ 21.05923017, 48.63016298 ], [ 21.05913044, 48.63017602 ], [ 21.05897624, 48.63024391 ], [ 21.05870016, 48.63024822 ], [ 21.05858846, 48.63020666 ], [ 21.05849605, 48.63021814 ], [ 21.05826868, 48.63041871 ], [ 21.05797809, 48.63013035 ], [ 21.05768603, 48.63039157 ], [ 21.05733065, 48.63086313 ], [ 21.05496787, 48.63030874 ], [ 21.05450857, 48.6311468 ], [ 21.05416322, 48.63107787 ], [ 21.05376205, 48.63101982 ], [ 21.05372335, 48.63101414 ], [ 21.05360414, 48.63099691 ], [ 21.0527967, 48.63084885 ], [ 21.05232102, 48.63095583 ], [ 21.05230878, 48.63097794 ], [ 21.05154902, 48.63090292 ], [ 21.05009726, 48.63076238 ], [ 21.04955273, 48.63078146 ], [ 21.04933813, 48.63075003 ], [ 21.04867451, 48.63078331 ], [ 21.0483014, 48.63084276 ], [ 21.04777241, 48.63094491 ], [ 21.04676649, 48.63126375 ], [ 21.04532446, 48.63183418 ], [ 21.04509115, 48.6319824 ], [ 21.04484759, 48.63206968 ], [ 21.04438412, 48.63218387 ], [ 21.04410556, 48.63219031 ], [ 21.04363292, 48.63223072 ], [ 21.04364533, 48.63223915 ], [ 21.04361173, 48.63223615 ], [ 21.04358085, 48.63281359 ], [ 21.043361, 48.6334366 ], [ 21.04326136, 48.6335539 ], [ 21.0431649, 48.6336577 ], [ 21.04306761, 48.63373258 ], [ 21.04293896, 48.63390359 ], [ 21.04284211, 48.63450578 ], [ 21.04281226, 48.63486921 ], [ 21.04268119, 48.63502348 ], [ 21.04244795, 48.63527425 ], [ 21.04220439, 48.63544671 ], [ 21.04201583, 48.63555398 ], [ 21.04170549, 48.6357364 ], [ 21.0414445, 48.63594025 ], [ 21.04099765, 48.63640786 ], [ 21.04074947, 48.63660016 ], [ 21.04058003, 48.63688598 ], [ 21.04055855, 48.63692804 ], [ 21.04052694, 48.63699283 ], [ 21.04049133, 48.63706577 ], [ 21.04037717, 48.63737726 ], [ 21.04030824, 48.6376979 ], [ 21.04021451, 48.63790508 ], [ 21.04007903, 48.63807811 ], [ 21.03977884, 48.63839719 ], [ 21.03947016, 48.63867168 ], [ 21.03939919, 48.63875778 ], [ 21.03935861, 48.63884982 ], [ 21.0393312, 48.63920388 ], [ 21.03930576, 48.63943887 ], [ 21.03931467, 48.63963771 ], [ 21.03930318, 48.64017139 ], [ 21.03931661, 48.64036984 ], [ 21.03935015, 48.64055922 ], [ 21.03936696, 48.64080703 ], [ 21.03935777, 48.64093352 ], [ 21.03934646, 48.64099762 ], [ 21.0391802, 48.64170603 ], [ 21.03910043, 48.64213509 ], [ 21.03890222, 48.64262184 ], [ 21.03885768, 48.64286332 ], [ 21.0388497, 48.64300091 ], [ 21.03874228, 48.64341276 ], [ 21.03872462, 48.64354356 ], [ 21.03867816, 48.64377246 ], [ 21.03856063, 48.64403954 ], [ 21.03843562, 48.64422318 ], [ 21.03828877, 48.644568 ], [ 21.03823037, 48.64472573 ], [ 21.03809765, 48.64492505 ], [ 21.03795852, 48.64521754 ], [ 21.03783537, 48.64539791 ], [ 21.0372909, 48.64604824 ], [ 21.03687588, 48.64645187 ], [ 21.03669941, 48.64676916 ], [ 21.03625629, 48.64735204 ], [ 21.03604389, 48.64790073 ], [ 21.03571689, 48.64837533 ], [ 21.03553884, 48.64859729 ], [ 21.03538437, 48.64879472 ], [ 21.03522275, 48.64899687 ], [ 21.03501819, 48.64936239 ], [ 21.03487266, 48.64968726 ], [ 21.03483883, 48.64987417 ], [ 21.03481229, 48.65000368 ], [ 21.03483163, 48.65029543 ], [ 21.0348571, 48.6506161 ], [ 21.03485206, 48.65100115 ], [ 21.03475346, 48.65129082 ], [ 21.03471941, 48.6517058 ], [ 21.03470889, 48.65206428 ], [ 21.03465063, 48.65230702 ], [ 21.0346195, 48.65240883 ], [ 21.03459797, 48.65247673 ], [ 21.03443188, 48.6528292 ], [ 21.03437697, 48.65301622 ], [ 21.03431279, 48.65317277 ], [ 21.03427221, 48.65339358 ], [ 21.03423464, 48.65358134 ], [ 21.03420315, 48.65375698 ], [ 21.03419486, 48.65409635 ], [ 21.0341784, 48.65458854 ], [ 21.03420974, 48.65488158 ], [ 21.03417023, 48.65525505 ], [ 21.03534361, 48.65719922 ], [ 21.03535675, 48.65722334 ], [ 21.03563757, 48.65768621 ], [ 21.0357541, 48.65816142 ], [ 21.03578448, 48.65815872 ], [ 21.03599632, 48.65840646 ], [ 21.03600163, 48.65845715 ], [ 21.03600342, 48.65847504 ], [ 21.03600586, 48.65849871 ], [ 21.03600699, 48.65884686 ], [ 21.03605305, 48.65903242 ], [ 21.03609955, 48.6591176 ], [ 21.03613718, 48.65927579 ], [ 21.03622426, 48.65933997 ], [ 21.03623533, 48.65941192 ], [ 21.0361546, 48.65957522 ], [ 21.0362347, 48.65991065 ], [ 21.03614792, 48.66006052 ], [ 21.03615371, 48.6604027 ], [ 21.03618633, 48.66044987 ], [ 21.03624474, 48.66069743 ], [ 21.03644406, 48.66109639 ], [ 21.03652327, 48.6613965 ], [ 21.0366003, 48.66149511 ], [ 21.0365869, 48.66157435 ], [ 21.03663617, 48.66164972 ], [ 21.03660308, 48.66179225 ], [ 21.03646431, 48.66193744 ], [ 21.03636992, 48.66210885 ], [ 21.03648566, 48.66242951 ], [ 21.03651381, 48.66264186 ], [ 21.03661793, 48.66278719 ], [ 21.03686698, 48.66308117 ], [ 21.03703282, 48.66322105 ], [ 21.03713004, 48.66337696 ], [ 21.03725587, 48.66347924 ], [ 21.03735352, 48.66360392 ], [ 21.03741098, 48.66462925 ], [ 21.03748629, 48.66529778 ], [ 21.03754792, 48.66530628 ], [ 21.03757176, 48.66530923 ], [ 21.03756375, 48.66535624 ], [ 21.03757142, 48.66538819 ], [ 21.03755722, 48.66547623 ], [ 21.03741427, 48.66558815 ], [ 21.03734139, 48.66571011 ], [ 21.03738423, 48.66579886 ], [ 21.03750815, 48.6657905 ], [ 21.03756552, 48.66588135 ], [ 21.03753768, 48.66605539 ], [ 21.03754325, 48.66615363 ], [ 21.03754491, 48.66618223 ], [ 21.03740718, 48.66622255 ], [ 21.0374208, 48.66624767 ], [ 21.03745431, 48.66629946 ], [ 21.03730599, 48.66671555 ], [ 21.03730181, 48.6667806 ], [ 21.0373889, 48.66809667 ], [ 21.03667664, 48.6696758 ], [ 21.03652234, 48.67061673 ], [ 21.03646559, 48.67096802 ], [ 21.0363936, 48.67132511 ], [ 21.0363446, 48.67144939 ], [ 21.03648777, 48.67186883 ], [ 21.0366722, 48.67221111 ], [ 21.03682046, 48.67293147 ], [ 21.03684128, 48.67303841 ], [ 21.03697688, 48.67335198 ], [ 21.03726629, 48.67391219 ], [ 21.03784748, 48.67459418 ], [ 21.03797932, 48.67488547 ], [ 21.03816271, 48.67549821 ], [ 21.03835091, 48.67593399 ], [ 21.03854687, 48.67597175 ], [ 21.03867781, 48.67592085 ], [ 21.03883176, 48.6759875 ], [ 21.03885614, 48.6760651 ], [ 21.0390124, 48.67610463 ], [ 21.03904392, 48.67617581 ], [ 21.03924276, 48.67620052 ], [ 21.0394216, 48.676209 ], [ 21.03951523, 48.67617335 ], [ 21.03964234, 48.67622813 ], [ 21.03964947, 48.67631642 ], [ 21.03975431, 48.67646357 ], [ 21.0399523, 48.67655597 ], [ 21.03993362, 48.67664576 ], [ 21.04008131, 48.67677451 ], [ 21.04023914, 48.67685667 ], [ 21.04049091, 48.67711183 ], [ 21.04071087, 48.67739413 ], [ 21.04086097, 48.67755969 ], [ 21.04107146, 48.67829253 ], [ 21.041789, 48.67885794 ], [ 21.0420366, 48.67912718 ], [ 21.04205307, 48.67911251 ], [ 21.04247379, 48.67929054 ], [ 21.04288991, 48.6795138 ], [ 21.04300193, 48.679747 ], [ 21.04292559, 48.67991332 ], [ 21.0428108, 48.68010469 ], [ 21.04303502, 48.68049418 ], [ 21.0430774, 48.68127535 ], [ 21.04301716, 48.68153369 ], [ 21.04301915, 48.68154348 ], [ 21.04303783, 48.68186303 ], [ 21.0430817, 48.68194379 ], [ 21.0431961, 48.68211061 ], [ 21.04349898, 48.68238653 ], [ 21.04362063, 48.68256024 ], [ 21.0437031, 48.6829378 ], [ 21.04382549, 48.68310524 ], [ 21.04398653, 48.68327214 ], [ 21.04412269, 48.68340447 ], [ 21.04428445, 48.68349459 ], [ 21.04430168, 48.68347867 ], [ 21.04542413, 48.68377504 ], [ 21.04641656, 48.68386967 ], [ 21.04643985, 48.68387475 ], [ 21.04640424, 48.68379066 ], [ 21.04639985, 48.68365275 ] ] ] } },
{ "type": "Feature", "properties": { "@featureType": "CadastralZoning", "beginLifespanVersion": { "@nilReason": "http://inspire.ec.europa.eu/codelist/VoidReasonValue/Unpopulated", "@nil": "true" }, "endLifespanVersion": { "@nilReason": "http://inspire.ec.europa.eu/codelist/VoidReasonValue/Unpopulated", "@nil": "true" }, "estimatedAccuracy": { "value": -1, "@uom": "m" }, "inspireId": { "@dataType": "Identifier", "localId": "841471", "namespace": "SK.ESKN.CP", "versionId": "20260703T04:07:40" }, "label": "Turnianska Nová Ves", "level": { "@href": "http://inspire.ec.europa.eu/codelist/CadastralZoningLevelValue/3rdOrder" }, "levelName": { "value": "Katastrálne územie", "@locale": "sk" }, "name_1": { "@dataType": "name", "GeographicalName": { "@dataType": "GeographicalName", "language": "SLK", "nativeness": { "@href": "http://inspire.ec.europa.eu/codelist/NativenessValue/endonym", "@title": "endonym" }, "nameStatus": { "@href": "http://inspire.ec.europa.eu/codelist/NameStatusValue/official", "@title": "official" }, "sourceOfName": { "@nilReason": "http://inspire.ec.europa.eu/codelist/VoidReasonValue/Unpopulated", "@nil": "true" }, "pronunciation": { "@dataType": "pronunciation", "@nilReason": "http://inspire.ec.europa.eu/codelist/VoidReasonValue/Unpopulated", "@nil": "true" }, "spelling": { "@dataType": "SpellingOfName", "text": "Turnianska Nová Ves", "script": "LATN" } } }, "nationalCadastalZoningReference": "841471", "validFrom": "2026-06-30T16:00:00Z", "validTo": { "@nilReason": "http://inspire.ec.europa.eu/codelist/VoidReasonValue/Unpopulated", "@nil": "true" }, "place_id": 189396049, "osm_type": "relation", "osm_id": 388209, "place_rank": 12, "category": "boundary", "type": "administrative", "importance": 0.54120382821693425, "addresstype": "county", "name_2": "okres Košice-okolie", "display_name": "okres Košice-okolie, Košický kraj, Slovensko" }, "geometry": { "type": "Polygon", "coordinates": [ [ [ 20.90983352, 48.59497284 ], [ 20.90989192, 48.59474393 ], [ 20.90995001, 48.59463513 ], [ 20.90999368, 48.59455314 ], [ 20.91002559, 48.59449326 ], [ 20.91014408, 48.59427035 ], [ 20.91025749, 48.59393921 ], [ 20.91026215, 48.59392451 ], [ 20.91027597, 48.59386861 ], [ 20.91028973, 48.59381351 ], [ 20.91029468, 48.59379333 ], [ 20.91029604, 48.59378806 ], [ 20.91028267, 48.59367819 ], [ 20.91026043, 48.59366375 ], [ 20.91019372, 48.59362051 ], [ 20.91005789, 48.59362859 ], [ 20.90983277, 48.59365182 ], [ 20.90977137, 48.59367693 ], [ 20.90971642, 48.59369947 ], [ 20.90958828, 48.59375202 ], [ 20.90948468, 48.59379443 ], [ 20.90926555, 48.59388964 ], [ 20.90912352, 48.59388301 ], [ 20.90897455, 48.59381329 ], [ 20.90886843, 48.59376357 ], [ 20.90882912, 48.59374521 ], [ 20.90881431, 48.59373832 ], [ 20.90881957, 48.59369653 ], [ 20.90882469, 48.59365672 ], [ 20.90891293, 48.59356877 ], [ 20.90894039, 48.59347695 ], [ 20.90885345, 48.59340735 ], [ 20.90869194, 48.59335413 ], [ 20.90855964, 48.59336224 ], [ 20.90844923, 48.59335038 ], [ 20.9081874, 48.59336579 ], [ 20.90796385, 48.59332487 ], [ 20.90753106, 48.59337408 ], [ 20.90736754, 48.59327667 ], [ 20.90729529, 48.59317515 ], [ 20.90721745, 48.59302301 ], [ 20.90724344, 48.59300643 ], [ 20.90731969, 48.59294725 ], [ 20.90675303, 48.59258577 ], [ 20.90659798, 48.59241389 ], [ 20.90646967, 48.59217719 ], [ 20.90637784, 48.59187239 ], [ 20.90630719, 48.59178533 ], [ 20.90608372, 48.59167326 ], [ 20.90594305, 48.59159644 ], [ 20.90579365, 48.59153066 ], [ 20.90540624, 48.59136006 ], [ 20.90518816, 48.59106599 ], [ 20.90512694, 48.59098349 ], [ 20.90505109, 48.59088122 ], [ 20.90501676, 48.59077226 ], [ 20.90484554, 48.58969137 ], [ 20.90369518, 48.58926047 ], [ 20.90315316, 48.5888971 ], [ 20.90290182, 48.5886526 ], [ 20.90247222, 48.58824173 ], [ 20.90290515, 48.58806736 ], [ 20.90310413, 48.58798679 ], [ 20.9028476, 48.58746024 ], [ 20.902954, 48.58740965 ], [ 20.90291848, 48.58719853 ], [ 20.90282707, 48.58665536 ], [ 20.90266076, 48.58668211 ], [ 20.90254423, 48.58643032 ], [ 20.90219089, 48.58566741 ], [ 20.90236244, 48.58562552 ], [ 20.9021945, 48.58532262 ], [ 20.90166426, 48.58542163 ], [ 20.90141312, 48.58508888 ], [ 20.90124754, 48.58512376 ], [ 20.9011328, 48.58495775 ], [ 20.90102824, 48.5849758 ], [ 20.90097713, 48.58481196 ], [ 20.90089943, 48.58464091 ], [ 20.90080848, 48.58465853 ], [ 20.9007775, 48.58451519 ], [ 20.90042482, 48.58458241 ], [ 20.90062528, 48.58393905 ], [ 20.90063737, 48.58392668 ], [ 20.90108369, 48.58347019 ], [ 20.90126103, 48.58347623 ], [ 20.9016624, 48.58295498 ], [ 20.9019381, 48.58305803 ], [ 20.90306561, 48.58172943 ], [ 20.90335453, 48.58181941 ], [ 20.9040885, 48.58081572 ], [ 20.90415893, 48.58071933 ], [ 20.9041265, 48.58070868 ], [ 20.90393788, 48.58064697 ], [ 20.9042777, 48.58022943 ], [ 20.9043113, 48.58018807 ], [ 20.9043263, 48.58016967 ], [ 20.90442608, 48.58003772 ], [ 20.90437114, 48.58001973 ], [ 20.90344527, 48.57971614 ], [ 20.90349333, 48.57962637 ], [ 20.90379908, 48.57905459 ], [ 20.90299852, 48.57894717 ], [ 20.90273894, 48.57891671 ], [ 20.90265286, 48.57890667 ], [ 20.9024027, 48.57887734 ], [ 20.90265204, 48.57840855 ], [ 20.90205439, 48.57820448 ], [ 20.9022182, 48.57785885 ], [ 20.90097011, 48.5774669 ], [ 20.90104424, 48.57722809 ], [ 20.90035113, 48.57708289 ], [ 20.90049583, 48.5763881 ], [ 20.90058678, 48.57593192 ], [ 20.90068727, 48.57544005 ], [ 20.90085727, 48.57494424 ], [ 20.90097214, 48.57470501 ], [ 20.90100352, 48.57464835 ], [ 20.90102544, 48.57460894 ], [ 20.90102959, 48.57460268 ], [ 20.90103251, 48.57459819 ], [ 20.90103943, 48.57458771 ], [ 20.90105094, 48.57457054 ], [ 20.90107956, 48.57452676 ], [ 20.90080279, 48.57444528 ], [ 20.90060083, 48.57438257 ], [ 20.90071086, 48.57422332 ], [ 20.90053262, 48.57417672 ], [ 20.90192905, 48.57228183 ], [ 20.90214067, 48.57235298 ], [ 20.9023697, 48.57204109 ], [ 20.90219286, 48.57197653 ], [ 20.90264442, 48.57138405 ], [ 20.90224765, 48.57121564 ], [ 20.90253969, 48.57089599 ], [ 20.90270478, 48.5707089 ], [ 20.9029609, 48.57045016 ], [ 20.90323561, 48.5701563 ], [ 20.90359309, 48.56979746 ], [ 20.90404107, 48.56939126 ], [ 20.90423887, 48.56921969 ], [ 20.90399713, 48.56892418 ], [ 20.9040312, 48.56885906 ], [ 20.90406321, 48.56879775 ], [ 20.90431593, 48.56831421 ], [ 20.9044398, 48.56807744 ], [ 20.90464241, 48.56768044 ], [ 20.90484596, 48.56728168 ], [ 20.90526001, 48.56648889 ], [ 20.90554817, 48.56595207 ], [ 20.90569113, 48.56568588 ], [ 20.90587576, 48.56525783 ], [ 20.90603493, 48.56488889 ], [ 20.90619916, 48.56397503 ], [ 20.90602605, 48.5639151 ], [ 20.9059771, 48.56358293 ], [ 20.90579481, 48.56274642 ], [ 20.90576252, 48.56258845 ], [ 20.90574722, 48.56250895 ], [ 20.90572001, 48.56238005 ], [ 20.90594852, 48.56237253 ], [ 20.90612505, 48.56226507 ], [ 20.90615888, 48.56212573 ], [ 20.90621547, 48.56211325 ], [ 20.9066582, 48.56203737 ], [ 20.90681263, 48.56212818 ], [ 20.90686597, 48.5622087 ], [ 20.90691748, 48.56228655 ], [ 20.90695842, 48.56234837 ], [ 20.90725168, 48.56227551 ], [ 20.90743675, 48.56219806 ], [ 20.90768906, 48.56216342 ], [ 20.90783037, 48.56217813 ], [ 20.9079736, 48.56215059 ], [ 20.90844311, 48.56211433 ], [ 20.9087621, 48.56202433 ], [ 20.90912985, 48.5621287 ], [ 20.90927599, 48.56206342 ], [ 20.90939749, 48.5619658 ], [ 20.90943231, 48.561831 ], [ 20.90941745, 48.56170712 ], [ 20.90962414, 48.56168353 ], [ 20.90975077, 48.5616248 ], [ 20.90977894, 48.56154111 ], [ 20.9098388, 48.56143175 ], [ 20.91001744, 48.56110525 ], [ 20.91000855, 48.56100949 ], [ 20.91009106, 48.56096007 ], [ 20.91061232, 48.56092106 ], [ 20.91094202, 48.56085033 ], [ 20.91107376, 48.56091875 ], [ 20.91131594, 48.56090987 ], [ 20.9115689, 48.56084913 ], [ 20.9117863, 48.56084482 ], [ 20.91199682, 48.56075381 ], [ 20.91214275, 48.5607966 ], [ 20.91234099, 48.56068897 ], [ 20.91244906, 48.56071246 ], [ 20.91244948, 48.56073516 ], [ 20.91245004, 48.56077012 ], [ 20.91271465, 48.56066385 ], [ 20.91276089, 48.56057447 ], [ 20.91298439, 48.56056135 ], [ 20.91302192, 48.56057604 ], [ 20.91309764, 48.56060572 ], [ 20.91318042, 48.56058783 ], [ 20.91339292, 48.56048878 ], [ 20.91361903, 48.56049467 ], [ 20.91361582, 48.56050807 ], [ 20.91360089, 48.5605715 ], [ 20.91404511, 48.56044071 ], [ 20.91424175, 48.56038885 ], [ 20.91437475, 48.56024748 ], [ 20.91429656, 48.56011785 ], [ 20.91439546, 48.56001405 ], [ 20.91444232, 48.55991658 ], [ 20.91471709, 48.55990358 ], [ 20.91485216, 48.55989718 ], [ 20.91499259, 48.56002893 ], [ 20.91504952, 48.56017045 ], [ 20.91556232, 48.56004739 ], [ 20.91561353, 48.56004831 ], [ 20.91583615, 48.56007299 ], [ 20.91558627, 48.5600183 ], [ 20.915580834540176, 48.56001701294764 ], [ 20.9147517, 48.5598494 ], [ 20.911292, 48.558989 ], [ 20.910249514722668, 48.558739221170065 ], [ 20.90869565, 48.55836747 ], [ 20.90851393, 48.55832446 ], [ 20.90675467, 48.55790841 ], [ 20.905566962396076, 48.557627730259298 ], [ 20.905513, 48.557615 ], [ 20.905267, 48.557555 ], [ 20.904153, 48.557289 ], [ 20.902979, 48.557009 ], [ 20.90227, 48.55683 ], [ 20.901973358377848, 48.556758466991681 ], [ 20.90139567, 48.55661959 ], [ 20.901117042157715, 48.556551159566794 ], [ 20.8998864, 48.5562508 ], [ 20.899660692029446, 48.556194926213173 ], [ 20.8995601, 48.55617075 ], [ 20.89926648, 48.55610147 ], [ 20.89809211, 48.55582456 ], [ 20.89616373, 48.55537159 ], [ 20.89556029, 48.55522166 ], [ 20.89520315, 48.55514058 ], [ 20.89460583, 48.55499401 ], [ 20.89426079, 48.55490928 ], [ 20.893736432595404, 48.554784988793237 ], [ 20.892992, 48.554609 ], [ 20.89155, 48.554268 ], [ 20.890306, 48.553967 ], [ 20.888588, 48.553559 ], [ 20.888260063964069, 48.553479242717188 ], [ 20.88777831, 48.55336284 ], [ 20.8867399, 48.55311315 ], [ 20.886425623485859, 48.553037615908337 ], [ 20.885981, 48.552931 ], [ 20.885338522147482, 48.552778411510026 ], [ 20.88478158, 48.55264635 ], [ 20.8843942, 48.55252718 ], [ 20.8843802, 48.55256255 ], [ 20.88435785, 48.55301089 ], [ 20.88426459, 48.55332784 ], [ 20.88404618, 48.55407008 ], [ 20.88401373, 48.55418055 ], [ 20.88400359, 48.55421496 ], [ 20.88403668, 48.55456254 ], [ 20.88406415, 48.55484986 ], [ 20.88410446, 48.55527379 ], [ 20.8844386, 48.55577477 ], [ 20.88455439, 48.5559484 ], [ 20.88483032, 48.5563622 ], [ 20.88515872, 48.557332 ], [ 20.88520201, 48.55749423 ], [ 20.88550145, 48.55871655 ], [ 20.88508684, 48.55981544 ], [ 20.88471929, 48.56087056 ], [ 20.88458329, 48.56112463 ], [ 20.88445172, 48.56137048 ], [ 20.88437046, 48.56152233 ], [ 20.8837251, 48.56215574 ], [ 20.8829471, 48.56287215 ], [ 20.88292225, 48.56289507 ], [ 20.88271346, 48.56342384 ], [ 20.88278374, 48.56363851 ], [ 20.88259771, 48.56359504 ], [ 20.88216079, 48.56406682 ], [ 20.88133784, 48.56510939 ], [ 20.88103393, 48.56499055 ], [ 20.88089061, 48.56517079 ], [ 20.88065854, 48.56504766 ], [ 20.88024769, 48.56551699 ], [ 20.87998879, 48.56586952 ], [ 20.8797254, 48.56619261 ], [ 20.87943004, 48.56657774 ], [ 20.87894784, 48.56717566 ], [ 20.87883195, 48.56709037 ], [ 20.87873087, 48.56720884 ], [ 20.87864812, 48.5671789 ], [ 20.87848557, 48.56734281 ], [ 20.87838055, 48.567294 ], [ 20.87805405, 48.56763969 ], [ 20.87797321, 48.56771599 ], [ 20.8778343, 48.56788287 ], [ 20.87772091, 48.56798516 ], [ 20.8772179, 48.56766973 ], [ 20.87699717, 48.5678384 ], [ 20.87652959, 48.56754904 ], [ 20.87620012, 48.56780196 ], [ 20.87567949, 48.56828112 ], [ 20.87552704, 48.56844754 ], [ 20.87523712, 48.56880583 ], [ 20.87458276, 48.56959045 ], [ 20.87518237, 48.56984329 ], [ 20.87493999, 48.56996042 ], [ 20.87441407, 48.56974217 ], [ 20.87437815, 48.56977651 ], [ 20.87433579, 48.56981693 ], [ 20.87353475, 48.57065154 ], [ 20.87363504, 48.57065499 ], [ 20.87390984, 48.57053627 ], [ 20.87434604, 48.57046056 ], [ 20.87456725, 48.57046013 ], [ 20.87468116, 48.57049601 ], [ 20.87473792, 48.57054074 ], [ 20.8747778, 48.57069952 ], [ 20.87404415, 48.57170198 ], [ 20.87399868, 48.57176832 ], [ 20.87422693, 48.57194239 ], [ 20.87457511, 48.57221623 ], [ 20.87473103, 48.57233289 ], [ 20.87492523, 48.5724025 ], [ 20.8748285, 48.57247879 ], [ 20.87458808, 48.57266812 ], [ 20.8743912, 48.57292739 ], [ 20.8743727, 48.57304815 ], [ 20.87449097, 48.57329635 ], [ 20.87469934, 48.57352018 ], [ 20.87479308, 48.57389866 ], [ 20.87490922, 48.57398955 ], [ 20.87527611, 48.57396243 ], [ 20.87538102, 48.57405464 ], [ 20.87550232, 48.5743197 ], [ 20.87544691, 48.57442298 ], [ 20.87543715, 48.57451702 ], [ 20.87543288, 48.57461882 ], [ 20.87546096, 48.57483511 ], [ 20.87529606, 48.57498515 ], [ 20.87506623, 48.57502617 ], [ 20.87482679, 48.57498157 ], [ 20.87421804, 48.57507163 ], [ 20.87399187, 48.57491761 ], [ 20.87386011, 48.57488436 ], [ 20.87383364, 48.57500989 ], [ 20.87373398, 48.57508536 ], [ 20.87344135, 48.57504938 ], [ 20.87326069, 48.57514206 ], [ 20.87328343, 48.57523335 ], [ 20.87339427, 48.57533486 ], [ 20.87337648, 48.57543422 ], [ 20.87323709, 48.57545537 ], [ 20.87303552, 48.57539153 ], [ 20.87286402, 48.57559304 ], [ 20.87284132, 48.57562648 ], [ 20.87292842, 48.57576969 ], [ 20.87292436, 48.57584439 ], [ 20.87289397, 48.57592259 ], [ 20.87288384, 48.57596376 ], [ 20.87289219, 48.5761683 ], [ 20.87290986, 48.57620808 ], [ 20.87316252, 48.57659508 ], [ 20.87322592, 48.57669586 ], [ 20.87321137, 48.57687205 ], [ 20.87335918, 48.5769589 ], [ 20.8735334, 48.57699595 ], [ 20.87376632, 48.57700421 ], [ 20.87383057, 48.57701389 ], [ 20.87379523, 48.57719927 ], [ 20.87372551, 48.57738168 ], [ 20.87373994, 48.57754652 ], [ 20.87398452, 48.5774835 ], [ 20.87412644, 48.57751368 ], [ 20.87410712, 48.57765008 ], [ 20.87405935, 48.57770581 ], [ 20.87403339, 48.57774986 ], [ 20.87400533, 48.57779824 ], [ 20.87398189, 48.57798935 ], [ 20.87401961, 48.57808349 ], [ 20.87409887, 48.57820364 ], [ 20.87413359, 48.57824752 ], [ 20.87419223, 48.57828916 ], [ 20.87435794, 48.57833798 ], [ 20.87439211, 48.57837671 ], [ 20.87433016, 48.57869977 ], [ 20.87433655, 48.57875177 ], [ 20.87437001, 48.57879093 ], [ 20.87440512, 48.57880717 ], [ 20.8750415, 48.57894662 ], [ 20.87508228, 48.57893532 ], [ 20.87512627, 48.5788619 ], [ 20.87512105, 48.57875123 ], [ 20.87521756, 48.57869348 ], [ 20.87524039, 48.57868616 ], [ 20.87538182, 48.57867723 ], [ 20.87547834, 48.57868748 ], [ 20.87585603, 48.57894205 ], [ 20.87589374, 48.57896487 ], [ 20.87605348, 48.57902772 ], [ 20.87610931, 48.57906881 ], [ 20.87616051, 48.57912586 ], [ 20.87596574, 48.57932828 ], [ 20.87595347, 48.57939694 ], [ 20.87595713, 48.57943705 ], [ 20.87601541, 48.57949209 ], [ 20.8762084, 48.57951132 ], [ 20.87621228, 48.57972992 ], [ 20.87611405, 48.57981139 ], [ 20.87595218, 48.57986833 ], [ 20.87591194, 48.5798883 ], [ 20.87588928, 48.57993354 ], [ 20.87589137, 48.58006356 ], [ 20.87586377, 48.58023147 ], [ 20.87585494, 48.58028556 ], [ 20.87584205, 48.5803169 ], [ 20.87582152, 48.5803488 ], [ 20.87578258, 48.58040951 ], [ 20.87568869, 48.5805556 ], [ 20.87564987, 48.58061137 ], [ 20.8757135, 48.58057158 ], [ 20.875769, 48.58053693 ], [ 20.87585826, 48.58047641 ], [ 20.8759302, 48.58042763 ], [ 20.87596215, 48.58040595 ], [ 20.87602348, 48.58036437 ], [ 20.87614356, 48.58028294 ], [ 20.876764, 48.57986214 ], [ 20.87793618, 48.57908679 ], [ 20.87856341, 48.57866558 ], [ 20.87860365, 48.57863859 ], [ 20.87987811, 48.57778289 ], [ 20.87999825, 48.57770218 ], [ 20.8805185, 48.57730197 ], [ 20.88068496, 48.57723815 ], [ 20.88116369, 48.5768883 ], [ 20.88122801, 48.57684124 ], [ 20.88125938, 48.57681836 ], [ 20.88156312, 48.57722294 ], [ 20.88156264, 48.57740888 ], [ 20.88156225, 48.57755521 ], [ 20.88167258, 48.5777002 ], [ 20.88165975, 48.57780927 ], [ 20.88172266, 48.57794975 ], [ 20.88202418, 48.57820502 ], [ 20.88240812, 48.57868502 ], [ 20.88276492, 48.57901847 ], [ 20.88336595, 48.5795955 ], [ 20.88370994, 48.57996281 ], [ 20.88507701, 48.58120527 ], [ 20.88544962, 48.58141254 ], [ 20.88636673, 48.5821024 ], [ 20.88720196, 48.582751 ], [ 20.8894692, 48.58408633 ], [ 20.89061656, 48.58497277 ], [ 20.89159969, 48.58579308 ], [ 20.8922057, 48.58632386 ], [ 20.8923407, 48.58640339 ], [ 20.89232941, 48.58646496 ], [ 20.89258176, 48.58676752 ], [ 20.89324227, 48.58732041 ], [ 20.89431529, 48.5882186 ], [ 20.89477275, 48.58864918 ], [ 20.89529809, 48.58904462 ], [ 20.89738354, 48.59083329 ], [ 20.89769205, 48.59108444 ], [ 20.89814873, 48.59149769 ], [ 20.89857944, 48.59185387 ], [ 20.89889129, 48.59211809 ], [ 20.89914928, 48.59229259 ], [ 20.89916212, 48.59231617 ], [ 20.89917972, 48.59234838 ], [ 20.90072691, 48.59195526 ], [ 20.9007942, 48.59193819 ], [ 20.9020845, 48.59161032 ], [ 20.90212328, 48.59160047 ], [ 20.9021597, 48.59159118 ], [ 20.90217176, 48.59161077 ], [ 20.90217695, 48.59161914 ], [ 20.90218008, 48.5916242 ], [ 20.9023372, 48.59187963 ], [ 20.90243451, 48.5919694 ], [ 20.90271701, 48.59207988 ], [ 20.90272281, 48.59214707 ], [ 20.90272506, 48.59217237 ], [ 20.90277366, 48.59216709 ], [ 20.90280611, 48.5921636 ], [ 20.90290037, 48.59220859 ], [ 20.9031371, 48.59229302 ], [ 20.90338022, 48.5924353 ], [ 20.90354553, 48.59243228 ], [ 20.90361696, 48.59257592 ], [ 20.90400489, 48.59272745 ], [ 20.90420708, 48.59275307 ], [ 20.90423269, 48.59284327 ], [ 20.90454969, 48.59298518 ], [ 20.9047345, 48.59309521 ], [ 20.90500468, 48.59302804 ], [ 20.90508206, 48.59312289 ], [ 20.9052167, 48.59312847 ], [ 20.90528586, 48.59313127 ], [ 20.90549995, 48.59314 ], [ 20.90551482, 48.59314248 ], [ 20.90562859, 48.59316167 ], [ 20.90583692, 48.59330293 ], [ 20.90584323, 48.59330729 ], [ 20.90594675, 48.593301 ], [ 20.90608725, 48.59329236 ], [ 20.90610075, 48.59329156 ], [ 20.9062267, 48.59332358 ], [ 20.90626238, 48.59333263 ], [ 20.90629034, 48.5933398 ], [ 20.90636888, 48.59333527 ], [ 20.90653153, 48.59342293 ], [ 20.90665051, 48.59345723 ], [ 20.90714379, 48.59376363 ], [ 20.90720894, 48.59373559 ], [ 20.9073755, 48.59382356 ], [ 20.90745103, 48.59386341 ], [ 20.90745902, 48.5938672 ], [ 20.90751078, 48.59389129 ], [ 20.90752441, 48.59389761 ], [ 20.90756583, 48.59394134 ], [ 20.9076429, 48.59402267 ], [ 20.90772842, 48.59406484 ], [ 20.90785422, 48.59412693 ], [ 20.9079153, 48.59415702 ], [ 20.9079442, 48.59417124 ], [ 20.90806025, 48.59419617 ], [ 20.90817692, 48.59430604 ], [ 20.90831125, 48.59429296 ], [ 20.90864493, 48.59444767 ], [ 20.90870082, 48.59448343 ], [ 20.9088695, 48.59459146 ], [ 20.90898497, 48.5946116 ], [ 20.9091419, 48.59468195 ], [ 20.90927901, 48.59478045 ], [ 20.90934128, 48.5948266 ], [ 20.90952399, 48.59496231 ], [ 20.90953631, 48.59497147 ], [ 20.90963847, 48.59503032 ], [ 20.9096694, 48.59504821 ], [ 20.90972719, 48.59510853 ], [ 20.90976755, 48.59510801 ], [ 20.90983352, 48.59497284 ] ] ] } },
{ "type": "Feature", "properties": { "@featureType": "CadastralZoning", "beginLifespanVersion": { "@nilReason": "http://inspire.ec.europa.eu/codelist/VoidReasonValue/Unpopulated", "@nil": "true" }, "endLifespanVersion": { "@nilReason": "http://inspire.ec.europa.eu/codelist/VoidReasonValue/Unpopulated", "@nil": "true" }, "estimatedAccuracy": { "value": -1, "@uom": "m" }, "inspireId": { "@dataType": "Identifier", "localId": "826049", "namespace": "SK.ESKN.CP", "versionId": "20260703T04:07:40" }, "label": "Komárovce", "level": { "@href": "http://inspire.ec.europa.eu/codelist/CadastralZoningLevelValue/3rdOrder" }, "levelName": { "value": "Katastrálne územie", "@locale": "sk" }, "name_1": { "@dataType": "name", "GeographicalName": { "@dataType": "GeographicalName", "language": "SLK", "nativeness": { "@href": "http://inspire.ec.europa.eu/codelist/NativenessValue/endonym", "@title": "endonym" }, "nameStatus": { "@href": "http://inspire.ec.europa.eu/codelist/NameStatusValue/official", "@title": "official" }, "sourceOfName": { "@nilReason": "http://inspire.ec.europa.eu/codelist/VoidReasonValue/Unpopulated", "@nil": "true" }, "pronunciation": { "@dataType": "pronunciation", "@nilReason": "http://inspire.ec.europa.eu/codelist/VoidReasonValue/Unpopulated", "@nil": "true" }, "spelling": { "@dataType": "SpellingOfName", "text": "Komárovce", "script": "LATN" } } }, "nationalCadastalZoningReference": "826049", "validFrom": "2026-06-30T16:00:00Z", "validTo": { "@nilReason": "http://inspire.ec.europa.eu/codelist/VoidReasonValue/Unpopulated", "@nil": "true" }, "place_id": 189396049, "osm_type": "relation", "osm_id": 388209, "place_rank": 12, "category": "boundary", "type": "administrative", "importance": 0.54120382821693425, "addresstype": "county", "name_2": "okres Košice-okolie", "display_name": "okres Košice-okolie, Košický kraj, Slovensko" }, "geometry": { "type": "Polygon", "coordinates": [ [ [ 21.12396657, 48.5894711 ], [ 21.12624555, 48.58939861 ], [ 21.12720476, 48.58942607 ], [ 21.1282661, 48.58945833 ], [ 21.12879875, 48.58945931 ], [ 21.12890463, 48.5894555 ], [ 21.12899722, 48.58944947 ], [ 21.12909768, 48.58944549 ], [ 21.12923535, 48.58943189 ], [ 21.12934446, 48.58942279 ], [ 21.12945601, 48.58941556 ], [ 21.1296198, 48.58939921 ], [ 21.12976345, 48.58939661 ], [ 21.12991925, 48.5893782 ], [ 21.13003291, 48.58936059 ], [ 21.13049502, 48.58930158 ], [ 21.13050458, 48.58905869 ], [ 21.13052917, 48.58846052 ], [ 21.13056653, 48.58761624 ], [ 21.13059898, 48.58665141 ], [ 21.13060636, 48.58647561 ], [ 21.13060705, 48.5864624 ], [ 21.13060811, 48.58644226 ], [ 21.13065652, 48.58631992 ], [ 21.13068357, 48.58624677 ], [ 21.13074768, 48.58581204 ], [ 21.13080133, 48.58539984 ], [ 21.1308099, 48.5850531 ], [ 21.13080935, 48.58428773 ], [ 21.13076084, 48.58367948 ], [ 21.13075235, 48.58352226 ], [ 21.13069466, 48.58250178 ], [ 21.13060976, 48.581797 ], [ 21.13053151, 48.58118545 ], [ 21.13047225, 48.58076585 ], [ 21.13046505, 48.58068593 ], [ 21.1304665, 48.5806623 ], [ 21.13047223, 48.58056686 ], [ 21.13047381, 48.58054152 ], [ 21.13047518, 48.58047241 ], [ 21.13047587, 48.58043498 ], [ 21.13048538, 48.58034911 ], [ 21.13049546, 48.58002835 ], [ 21.1305022, 48.57993573 ], [ 21.13050911, 48.57984096 ], [ 21.13056039, 48.57964001 ], [ 21.13064713, 48.57931739 ], [ 21.13066534, 48.57924999 ], [ 21.13081866, 48.57864677 ], [ 21.13081011, 48.57844948 ], [ 21.13079967, 48.57820712 ], [ 21.13079623, 48.57811652 ], [ 21.13079261, 48.57803023 ], [ 21.13078485, 48.57793562 ], [ 21.13077821, 48.57785536 ], [ 21.13077686, 48.57783857 ], [ 21.13077275, 48.57775722 ], [ 21.1307512, 48.57761894 ], [ 21.13070254, 48.57742082 ], [ 21.13065166, 48.57721768 ], [ 21.13061853, 48.57694613 ], [ 21.13056601, 48.57648064 ], [ 21.13033431, 48.57548339 ], [ 21.1301287, 48.57452685 ], [ 21.13009761, 48.57422719 ], [ 21.13009446, 48.57415686 ], [ 21.13007143, 48.57416386 ], [ 21.12985769, 48.57251258 ], [ 21.13014912, 48.57190011 ], [ 21.13025445, 48.5715996 ], [ 21.13023793, 48.57158241 ], [ 21.13024626, 48.57156314 ], [ 21.13028303, 48.57160223 ], [ 21.13032334, 48.5714735 ], [ 21.13028785, 48.57143914 ], [ 21.13028989, 48.57136465 ], [ 21.1303154, 48.57139248 ], [ 21.13029543, 48.57115269 ], [ 21.13025145, 48.57069657 ], [ 21.1299155, 48.57044367 ], [ 21.12940159, 48.5685645 ], [ 21.12938738, 48.56826988 ], [ 21.129384, 48.56802206 ], [ 21.12938862, 48.56775578 ], [ 21.12939569, 48.56704801 ], [ 21.12940564, 48.56625975 ], [ 21.12941571, 48.5656486 ], [ 21.12942596, 48.56510211 ], [ 21.1294339, 48.56481243 ], [ 21.12940706, 48.56448085 ], [ 21.1293834, 48.5640831 ], [ 21.12938193, 48.56405487 ], [ 21.12937162, 48.56386302 ], [ 21.12934022, 48.56320858 ], [ 21.12933539, 48.56309606 ], [ 21.12932708, 48.5627819 ], [ 21.12931206, 48.56251328 ], [ 21.12930593, 48.5622363 ], [ 21.12929643, 48.5619384 ], [ 21.12927767, 48.56160753 ], [ 21.12922499, 48.56127124 ], [ 21.12916611, 48.56088029 ], [ 21.12914072, 48.56070938 ], [ 21.12913813, 48.56065554 ], [ 21.12914451, 48.56063495 ], [ 21.12914201, 48.56061713 ], [ 21.12916629, 48.56057991 ], [ 21.12917468, 48.56056722 ], [ 21.12917007, 48.56056158 ], [ 21.12911176, 48.56054836 ], [ 21.12908147, 48.56054144 ], [ 21.12887727, 48.56049923 ], [ 21.12840864, 48.56037037 ], [ 21.1266216, 48.55979362 ], [ 21.1253977, 48.55944888 ], [ 21.12401931, 48.5590653 ], [ 21.12282221, 48.55871058 ], [ 21.12044478, 48.55799706 ], [ 21.11930075, 48.55765364 ], [ 21.11867735, 48.55746421 ], [ 21.11782596, 48.55717045 ], [ 21.11681445, 48.55684613 ], [ 21.11586944, 48.55653638 ], [ 21.11572358, 48.55648693 ], [ 21.11569764, 48.55647808 ], [ 21.11564906, 48.55646166 ], [ 21.11562921, 48.55645489 ], [ 21.11541519, 48.55638236 ], [ 21.11460444, 48.5561566 ], [ 21.11394305, 48.55596943 ], [ 21.11336446, 48.55594105 ], [ 21.1128129, 48.55582323 ], [ 21.11278605, 48.5558175 ], [ 21.11237525, 48.55572979 ], [ 21.11201618, 48.55560421 ], [ 21.11105528, 48.55532875 ], [ 21.11002004, 48.55499064 ], [ 21.10949904, 48.55483174 ], [ 21.10868788, 48.55458999 ], [ 21.10790273, 48.55435988 ], [ 21.10741857, 48.55419244 ], [ 21.10669184, 48.5538594 ], [ 21.10609496, 48.55347031 ], [ 21.10588433, 48.55336284 ], [ 21.10571803, 48.55327795 ], [ 21.10561722, 48.55320635 ], [ 21.10548288, 48.55311098 ], [ 21.10530001, 48.55300242 ], [ 21.10496127, 48.55279428 ], [ 21.10464106, 48.55285705 ], [ 21.10450221, 48.55288426 ], [ 21.10438352, 48.55290662 ], [ 21.10429523, 48.55292322 ], [ 21.10316804, 48.5531353 ], [ 21.10202929, 48.5533587 ], [ 21.10140441, 48.55343663 ], [ 21.10117825, 48.55354637 ], [ 21.10102031, 48.55361744 ], [ 21.10096925, 48.55364046 ], [ 21.10075398, 48.55367222 ], [ 21.10052069, 48.55371095 ], [ 21.09970425, 48.5538467 ], [ 21.09906767, 48.55395252 ], [ 21.09905944, 48.55395387 ], [ 21.09903349, 48.55395817 ], [ 21.09903033, 48.55395869 ], [ 21.09890579, 48.55397933 ], [ 21.09887146, 48.55398507 ], [ 21.09885746, 48.5539874 ], [ 21.09620528, 48.5544281 ], [ 21.09618702, 48.55443111 ], [ 21.09621451, 48.55455536 ], [ 21.09634276, 48.55461894 ], [ 21.0963449, 48.55475588 ], [ 21.09623539, 48.55488947 ], [ 21.09622184, 48.55490587 ], [ 21.09620768, 48.55492315 ], [ 21.09619755, 48.55493552 ], [ 21.09616269, 48.55497797 ], [ 21.09615524, 48.55498709 ], [ 21.09614748, 48.55499665 ], [ 21.09613631, 48.55501025 ], [ 21.09602683, 48.55504182 ], [ 21.0950946, 48.55525023 ], [ 21.09369679, 48.55562904 ], [ 21.09331386, 48.55539512 ], [ 21.09256993, 48.55488747 ], [ 21.09184738, 48.5551954 ], [ 21.09184512, 48.55519668 ], [ 21.09182446, 48.55520825 ], [ 21.09180621, 48.55521856 ], [ 21.09174551, 48.5552527 ], [ 21.09172895, 48.55526206 ], [ 21.09170872, 48.55527338 ], [ 21.09170192, 48.55527721 ], [ 21.09167745, 48.55529092 ], [ 21.09154316, 48.55536652 ], [ 21.09103917, 48.55571242 ], [ 21.09094022, 48.55576684 ], [ 21.09023842, 48.55595838 ], [ 21.09018655, 48.55605484 ], [ 21.0900762, 48.55620884 ], [ 21.0897872, 48.5562652 ], [ 21.08982639, 48.55643305 ], [ 21.08980537, 48.55657104 ], [ 21.08972087, 48.55665023 ], [ 21.08969712, 48.55667251 ], [ 21.08969027, 48.55667895 ], [ 21.08966944, 48.5567224 ], [ 21.08956021, 48.55682421 ], [ 21.08940848, 48.55707951 ], [ 21.08905936, 48.55739954 ], [ 21.08898446, 48.55747725 ], [ 21.08880874, 48.55778932 ], [ 21.08876286, 48.55787076 ], [ 21.08866563, 48.55819626 ], [ 21.08860875, 48.55865544 ], [ 21.08854922, 48.55902161 ], [ 21.08854021, 48.55907768 ], [ 21.08852632, 48.55916305 ], [ 21.08852538, 48.55916851 ], [ 21.08852359, 48.55917998 ], [ 21.08851268, 48.55924697 ], [ 21.08850747, 48.55927904 ], [ 21.08829328, 48.56059745 ], [ 21.08828364, 48.56065647 ], [ 21.08829961, 48.56140823 ], [ 21.08830159, 48.56150113 ], [ 21.08830669, 48.56174126 ], [ 21.08831981, 48.56235678 ], [ 21.0883705, 48.56248818 ], [ 21.08900114, 48.56412034 ], [ 21.08914343, 48.56436564 ], [ 21.08918315, 48.5644341 ], [ 21.08923913, 48.56453056 ], [ 21.08921645, 48.56476853 ], [ 21.08918693, 48.56507903 ], [ 21.08929314, 48.56530209 ], [ 21.08947478, 48.56568356 ], [ 21.08945673, 48.5659287 ], [ 21.08945209, 48.56599167 ], [ 21.08966289, 48.56644513 ], [ 21.08985618, 48.56665391 ], [ 21.08989639, 48.56669735 ], [ 21.09007887, 48.56689444 ], [ 21.09017662, 48.5670225 ], [ 21.09057504, 48.56754444 ], [ 21.09124371, 48.56854219 ], [ 21.09151892, 48.56900584 ], [ 21.09172171, 48.56934738 ], [ 21.0917215, 48.56944417 ], [ 21.09172154, 48.56946209 ], [ 21.09182875, 48.56963872 ], [ 21.09193439, 48.56981259 ], [ 21.09214961, 48.56997625 ], [ 21.09226846, 48.57006654 ], [ 21.09235909, 48.57009802 ], [ 21.09251982, 48.57015393 ], [ 21.09274004, 48.57035106 ], [ 21.09283927, 48.57044071 ], [ 21.09297276, 48.57058101 ], [ 21.09333945, 48.57098188 ], [ 21.09365913, 48.57135781 ], [ 21.09393187, 48.57170792 ], [ 21.09416499, 48.57222782 ], [ 21.09455407, 48.57276717 ], [ 21.09469583, 48.57294285 ], [ 21.09493944, 48.57326499 ], [ 21.0951705, 48.57361014 ], [ 21.09516675, 48.57363892 ], [ 21.09516256, 48.57367192 ], [ 21.09515061, 48.57376428 ], [ 21.09514813, 48.57378329 ], [ 21.0953419, 48.57374994 ], [ 21.0953451, 48.57387251 ], [ 21.09546927, 48.57386302 ], [ 21.09549341, 48.57409936 ], [ 21.09550475, 48.57421084 ], [ 21.09549399, 48.57428342 ], [ 21.09549347, 48.57428674 ], [ 21.09546793, 48.57443475 ], [ 21.09555847, 48.57446749 ], [ 21.09586248, 48.57457737 ], [ 21.09603468, 48.57463985 ], [ 21.09630963, 48.57473898 ], [ 21.09641444, 48.57506113 ], [ 21.09646601, 48.57521974 ], [ 21.09663582, 48.57521714 ], [ 21.09677208, 48.57560063 ], [ 21.09681109, 48.57571048 ], [ 21.09691417, 48.57570185 ], [ 21.09759219, 48.57564518 ], [ 21.0980615, 48.57601694 ], [ 21.09833172, 48.57621748 ], [ 21.09862132, 48.57649959 ], [ 21.09867868, 48.57655556 ], [ 21.09874326, 48.5766332 ], [ 21.09879239, 48.57669224 ], [ 21.09888539, 48.5768042 ], [ 21.09897778, 48.57691524 ], [ 21.09901032, 48.57695438 ], [ 21.0994456, 48.57695856 ], [ 21.09960289, 48.57696004 ], [ 21.0996312, 48.57695898 ], [ 21.10020022, 48.57693794 ], [ 21.10041408, 48.57692685 ], [ 21.10066419, 48.57690252 ], [ 21.10090777, 48.57746596 ], [ 21.10152716, 48.57740225 ], [ 21.10190326, 48.57763952 ], [ 21.10202476, 48.57788836 ], [ 21.1024297, 48.57823191 ], [ 21.10309581, 48.5781787 ], [ 21.10355595, 48.57874841 ], [ 21.10367189, 48.5788919 ], [ 21.10378858, 48.57903641 ], [ 21.10396563, 48.57902763 ], [ 21.10415985, 48.57901797 ], [ 21.10446956, 48.57900258 ], [ 21.1045139, 48.57910847 ], [ 21.10455131, 48.57919783 ], [ 21.10460487, 48.57932607 ], [ 21.10460684, 48.57933063 ], [ 21.10462543, 48.57937499 ], [ 21.10469885, 48.57936944 ], [ 21.10487912, 48.57935563 ], [ 21.10516447, 48.57933388 ], [ 21.1053891, 48.57959415 ], [ 21.10546339, 48.57968029 ], [ 21.10557813, 48.57967382 ], [ 21.10562705, 48.57967099 ], [ 21.10650585, 48.5796212 ], [ 21.10715342, 48.57956197 ], [ 21.10923342, 48.57936257 ], [ 21.10963199, 48.57986796 ], [ 21.10993255, 48.58017389 ], [ 21.11007404, 48.58031721 ], [ 21.11032922, 48.58057567 ], [ 21.11063252, 48.58091843 ], [ 21.1107724, 48.58107637 ], [ 21.11077415, 48.58107841 ], [ 21.11078868, 48.5810949 ], [ 21.11081325, 48.58112262 ], [ 21.11081788, 48.5811279 ], [ 21.11082554, 48.58113643 ], [ 21.11082992, 48.58114332 ], [ 21.11084575, 48.58116806 ], [ 21.11085062, 48.58117569 ], [ 21.11085622, 48.58118442 ], [ 21.11087776, 48.58121825 ], [ 21.11088957, 48.58123673 ], [ 21.11090784, 48.58126523 ], [ 21.11090954, 48.5812679 ], [ 21.11139168, 48.58126273 ], [ 21.11140874, 48.58138556 ], [ 21.11145663, 48.58172855 ], [ 21.11174748, 48.58172262 ], [ 21.11180082, 48.58223578 ], [ 21.11207588, 48.58222303 ], [ 21.11210254, 48.58237786 ], [ 21.11248916, 48.58236151 ], [ 21.11252392, 48.58244277 ], [ 21.11287798, 48.58246319 ], [ 21.11288323, 48.5826158 ], [ 21.11288492, 48.58266681 ], [ 21.11289091, 48.58284268 ], [ 21.1136985, 48.5828597 ], [ 21.11373482, 48.58316071 ], [ 21.11404566, 48.58315992 ], [ 21.11412952, 48.58321935 ], [ 21.1142017, 48.5832901 ], [ 21.11425333, 48.58334489 ], [ 21.11437058, 48.58350444 ], [ 21.11455993, 48.58379147 ], [ 21.11492058, 48.58431543 ], [ 21.11505151, 48.58447362 ], [ 21.11514395, 48.58461976 ], [ 21.11521435, 48.5847706 ], [ 21.11526618, 48.58488392 ], [ 21.11533603, 48.58503654 ], [ 21.11553127, 48.5854102 ], [ 21.11583306, 48.58579287 ], [ 21.11587157, 48.58584165 ], [ 21.1158987, 48.585916 ], [ 21.11594955, 48.58605576 ], [ 21.1160295, 48.58619106 ], [ 21.11604012, 48.58620905 ], [ 21.11609573, 48.5863116 ], [ 21.11609848, 48.58631664 ], [ 21.11610565, 48.58632992 ], [ 21.11612059, 48.5863576 ], [ 21.11612227, 48.58636062 ], [ 21.11615419, 48.58641964 ], [ 21.11619725, 48.58649891 ], [ 21.11629243, 48.58667459 ], [ 21.11635056, 48.58679468 ], [ 21.1165591, 48.58722603 ], [ 21.11657078, 48.58726675 ], [ 21.11669321, 48.58768965 ], [ 21.11675604, 48.58790688 ], [ 21.11682714, 48.58834497 ], [ 21.11682746, 48.58873027 ], [ 21.11682743, 48.58874927 ], [ 21.11682964, 48.58876536 ], [ 21.11683228, 48.58878499 ], [ 21.11690746, 48.58879074 ], [ 21.11731952, 48.58882228 ], [ 21.11827829, 48.58881487 ], [ 21.11879755, 48.58880411 ], [ 21.11949121, 48.58881202 ], [ 21.11977057, 48.58880228 ], [ 21.11984705, 48.5887996 ], [ 21.11993018, 48.58879489 ], [ 21.11993822, 48.58879443 ], [ 21.12000543, 48.58878669 ], [ 21.1200618, 48.58881957 ], [ 21.12009512, 48.58883901 ], [ 21.12014342, 48.58886721 ], [ 21.1201587, 48.58889021 ], [ 21.1200528, 48.58902997 ], [ 21.1200403, 48.58919165 ], [ 21.12022463, 48.58957224 ], [ 21.12023704, 48.58959191 ], [ 21.12024828, 48.58960154 ], [ 21.1202969, 48.58960491 ], [ 21.1239013, 48.5894745 ], [ 21.12396657, 48.5894711 ] ] ] } },
{ "type": "Feature", "properties": { "@featureType": "CadastralZoning", "beginLifespanVersion": { "@nilReason": "http://inspire.ec.europa.eu/codelist/VoidReasonValue/Unpopulated", "@nil": "true" }, "endLifespanVersion": { "@nilReason": "http://inspire.ec.europa.eu/codelist/VoidReasonValue/Unpopulated", "@nil": "true" }, "estimatedAccuracy": { "value": -1, "@uom": "m" }, "inspireId": { "@dataType": "Identifier", "localId": "807389", "namespace": "SK.ESKN.CP", "versionId": "20260703T04:07:40" }, "label": "Bukovec", "level": { "@href": "http://inspire.ec.europa.eu/codelist/CadastralZoningLevelValue/3rdOrder" }, "levelName": { "value": "Katastrálne územie", "@locale": "sk" }, "name_1": { "@dataType": "name", "GeographicalName": { "@dataType": "GeographicalName", "language": "SLK", "nativeness": { "@href": "http://inspire.ec.europa.eu/codelist/NativenessValue/endonym", "@title": "endonym" }, "nameStatus": { "@href": "http://inspire.ec.europa.eu/codelist/NameStatusValue/official", "@title": "official" }, "sourceOfName": { "@nilReason": "http://inspire.ec.europa.eu/codelist/VoidReasonValue/Unpopulated", "@nil": "true" }, "pronunciation": { "@dataType": "pronunciation", "@nilReason": "http://inspire.ec.europa.eu/codelist/VoidReasonValue/Unpopulated", "@nil": "true" }, "spelling": { "@dataType": "SpellingOfName", "text": "Bukovec", "script": "LATN" } } }, "nationalCadastalZoningReference": "807389", "validFrom": "2026-06-30T16:00:00Z", "validTo": { "@nilReason": "http://inspire.ec.europa.eu/codelist/VoidReasonValue/Unpopulated", "@nil": "true" }, "place_id": 189396049, "osm_type": "relation", "osm_id": 388209, "place_rank": 12, "category": "boundary", "type": "administrative", "importance": 0.54120382821693425, "addresstype": "county", "name_2": "okres Košice-okolie", "display_name": "okres Košice-okolie, Košický kraj, Slovensko" }, "geometry": { "type": "Polygon", "coordinates": [ [ [ 21.12555866, 48.73377686 ], [ 21.12577118, 48.73377817 ], [ 21.12590764, 48.7337901 ], [ 21.1260634, 48.73380067 ], [ 21.1261672, 48.73372143 ], [ 21.12625776, 48.73359063 ], [ 21.12631705, 48.73355975 ], [ 21.12636831, 48.73335782 ], [ 21.12646498, 48.73324945 ], [ 21.12651656, 48.73321977 ], [ 21.12666803, 48.73311963 ], [ 21.12689485, 48.73303325 ], [ 21.12700315, 48.73297063 ], [ 21.12712545, 48.73293988 ], [ 21.12749722, 48.73281646 ], [ 21.12786314, 48.73269663 ], [ 21.12815004, 48.73258885 ], [ 21.12827807, 48.73254865 ], [ 21.1285037, 48.73243945 ], [ 21.12865853, 48.73242352 ], [ 21.12880598, 48.73235585 ], [ 21.12888568, 48.73231572 ], [ 21.12890036, 48.73226946 ], [ 21.12896305, 48.73219961 ], [ 21.1289584, 48.73219424 ], [ 21.12925585, 48.73194787 ], [ 21.12949264, 48.73183102 ], [ 21.12948596, 48.73178282 ], [ 21.12961821, 48.73169035 ], [ 21.12978209, 48.73167353 ], [ 21.12984926, 48.73154413 ], [ 21.12993906, 48.73143284 ], [ 21.13003249, 48.73129231 ], [ 21.13023448, 48.73118046 ], [ 21.13038823, 48.73111785 ], [ 21.13050733, 48.73104702 ], [ 21.13065726, 48.73101985 ], [ 21.13088156, 48.73096409 ], [ 21.13101697, 48.73084696 ], [ 21.13136929, 48.73071921 ], [ 21.13159449, 48.73056722 ], [ 21.13201804, 48.73041816 ], [ 21.13213346, 48.73035666 ], [ 21.13222486, 48.7302998 ], [ 21.13228841, 48.7302235 ], [ 21.1324529, 48.7300883 ], [ 21.1326016, 48.72997177 ], [ 21.13284743, 48.72971789 ], [ 21.13319154, 48.72947508 ], [ 21.13337323, 48.72936708 ], [ 21.13353422, 48.72923681 ], [ 21.13369602, 48.72912538 ], [ 21.13391248, 48.72903326 ], [ 21.13397206, 48.72901868 ], [ 21.13402596, 48.72899069 ], [ 21.13404931, 48.72895615 ], [ 21.1342116, 48.72884716 ], [ 21.13426691, 48.72882408 ], [ 21.13438789, 48.72877762 ], [ 21.13448046, 48.72873069 ], [ 21.13471097, 48.72854295 ], [ 21.13523934, 48.72822552 ], [ 21.13528436, 48.72820355 ], [ 21.13537159, 48.72817014 ], [ 21.13563594, 48.72809296 ], [ 21.13615679, 48.72799597 ], [ 21.13642854, 48.72795918 ], [ 21.13763128, 48.72771963 ], [ 21.13778447, 48.7277148 ], [ 21.13784412, 48.72769005 ], [ 21.13797494, 48.72772691 ], [ 21.13836491, 48.72767769 ], [ 21.13840021, 48.72763217 ], [ 21.13864669, 48.72765634 ], [ 21.13876303, 48.72767527 ], [ 21.13885632, 48.72770048 ], [ 21.13903131, 48.72760946 ], [ 21.13909204, 48.72761094 ], [ 21.1394232, 48.72736401 ], [ 21.1397458, 48.72728858 ], [ 21.13977018, 48.72726208 ], [ 21.14001811, 48.72724766 ], [ 21.14024785, 48.72723257 ], [ 21.14040143, 48.72717751 ], [ 21.14049742, 48.72707982 ], [ 21.14052501, 48.72705792 ], [ 21.140639, 48.72693172 ], [ 21.14081216, 48.72676681 ], [ 21.14111384, 48.7265806 ], [ 21.14122689, 48.72648219 ], [ 21.14133096, 48.72640421 ], [ 21.14156904, 48.726269 ], [ 21.14180203, 48.72615506 ], [ 21.14204518, 48.72600633 ], [ 21.14217741, 48.72591925 ], [ 21.1423117, 48.7258543 ], [ 21.14240624, 48.72575575 ], [ 21.14252457, 48.72565589 ], [ 21.14269493, 48.72551051 ], [ 21.14279675, 48.72539806 ], [ 21.14297086, 48.72525163 ], [ 21.14319397, 48.72512927 ], [ 21.14336152, 48.7250299 ], [ 21.1435341, 48.7249586 ], [ 21.1436063, 48.72492209 ], [ 21.14368927, 48.72489655 ], [ 21.14393295, 48.72486182 ], [ 21.14407665, 48.72484317 ], [ 21.14430573, 48.72481464 ], [ 21.14438603, 48.72481828 ], [ 21.14453589, 48.72484781 ], [ 21.14479683, 48.72485253 ], [ 21.14480605, 48.7248512 ], [ 21.14517554, 48.7247968 ], [ 21.14560081, 48.72473895 ], [ 21.14595652, 48.72479908 ], [ 21.14608611, 48.72487334 ], [ 21.14622409, 48.72493536 ], [ 21.14626076, 48.72493068 ], [ 21.14626777, 48.72492982 ], [ 21.14631533, 48.72489145 ], [ 21.14650884, 48.72482234 ], [ 21.1467176, 48.72480369 ], [ 21.14671147, 48.72478693 ], [ 21.1469142, 48.72474818 ], [ 21.14711204, 48.72472243 ], [ 21.1471337, 48.7247333 ], [ 21.14719315, 48.72471862 ], [ 21.14739125, 48.72471169 ], [ 21.14742849, 48.72471621 ], [ 21.14744319, 48.72471803 ], [ 21.14753158, 48.72471895 ], [ 21.14766742, 48.7247204 ], [ 21.14789004, 48.72470011 ], [ 21.1479284, 48.72469665 ], [ 21.14809143, 48.72468357 ], [ 21.14812585, 48.72465558 ], [ 21.14828706, 48.72466755 ], [ 21.14843736, 48.72465748 ], [ 21.14853359, 48.72468711 ], [ 21.14878383, 48.72476422 ], [ 21.14879505, 48.7248719 ], [ 21.14899191, 48.72489707 ], [ 21.14914551, 48.72490322 ], [ 21.14949968, 48.72489865 ], [ 21.14968468, 48.72482665 ], [ 21.14977301, 48.72479471 ], [ 21.15013587, 48.72473224 ], [ 21.1501907, 48.724695 ], [ 21.15045549, 48.72463185 ], [ 21.15056768, 48.72461237 ], [ 21.15057465, 48.72460449 ], [ 21.15062624, 48.72459676 ], [ 21.15075699, 48.72456536 ], [ 21.15091517, 48.72445794 ], [ 21.15110382, 48.72436949 ], [ 21.15126161, 48.72432553 ], [ 21.15145223, 48.72428864 ], [ 21.15159752, 48.72425554 ], [ 21.15156574, 48.72414423 ], [ 21.15172801, 48.72411347 ], [ 21.15188248, 48.72408705 ], [ 21.1520602, 48.72411152 ], [ 21.15214977, 48.72409996 ], [ 21.1523244, 48.72402457 ], [ 21.15251823, 48.72400147 ], [ 21.15262824, 48.72400263 ], [ 21.15274817, 48.72400392 ], [ 21.15287168, 48.72399903 ], [ 21.1530001, 48.72400536 ], [ 21.15312716, 48.72400787 ], [ 21.15331571, 48.72401242 ], [ 21.15351645, 48.72402718 ], [ 21.15371048, 48.72405765 ], [ 21.15389723, 48.724087 ], [ 21.15403668, 48.72408945 ], [ 21.15415758, 48.72409239 ], [ 21.15426722, 48.72410047 ], [ 21.15438887, 48.72415124 ], [ 21.15453503, 48.72418497 ], [ 21.15467611, 48.72421925 ], [ 21.15477635, 48.72421821 ], [ 21.15505672, 48.72421397 ], [ 21.15508881, 48.72406814 ], [ 21.15520155, 48.72406344 ], [ 21.15541504, 48.72405447 ], [ 21.15551599, 48.7240493 ], [ 21.15564266, 48.72403829 ], [ 21.15582069, 48.72402288 ], [ 21.15600326, 48.72399374 ], [ 21.15621511, 48.72394915 ], [ 21.15643982, 48.72387561 ], [ 21.15662452, 48.72380756 ], [ 21.15678528, 48.7238051 ], [ 21.15686752, 48.72369949 ], [ 21.15696237, 48.72366379 ], [ 21.15703939, 48.72360384 ], [ 21.1570968, 48.72355911 ], [ 21.15722024, 48.72351946 ], [ 21.15737326, 48.72346795 ], [ 21.15744106, 48.72344508 ], [ 21.15768421, 48.72342867 ], [ 21.15786853, 48.72341651 ], [ 21.15808683, 48.7234012 ], [ 21.15819644, 48.72337974 ], [ 21.15833932, 48.72334971 ], [ 21.15834818, 48.72336836 ], [ 21.15862581, 48.723338 ], [ 21.15860458, 48.7232761 ], [ 21.15867924, 48.72326749 ], [ 21.15868926, 48.72325304 ], [ 21.1587481, 48.72324672 ], [ 21.15874906, 48.72325602 ], [ 21.15875907, 48.72331135 ], [ 21.15900973, 48.72330004 ], [ 21.15920207, 48.72329939 ], [ 21.15938635, 48.72331784 ], [ 21.15941853, 48.72333759 ], [ 21.15943028, 48.72337821 ], [ 21.1593881, 48.72341748 ], [ 21.15935255, 48.72341986 ], [ 21.16004316, 48.72355711 ], [ 21.16020978, 48.72352999 ], [ 21.16055832, 48.72352961 ], [ 21.16074347, 48.72355493 ], [ 21.16123622, 48.72349674 ], [ 21.16146865, 48.7235024 ], [ 21.16177452, 48.72354253 ], [ 21.16199108, 48.72352302 ], [ 21.16218258, 48.72351694 ], [ 21.16236566, 48.7235313 ], [ 21.16252637, 48.72355386 ], [ 21.16261869, 48.72357758 ], [ 21.16285281, 48.72372708 ], [ 21.16357547, 48.7237526 ], [ 21.16385704, 48.72379007 ], [ 21.16420764, 48.72390968 ], [ 21.16447677, 48.72388588 ], [ 21.16472097, 48.72380971 ], [ 21.16477597, 48.72379254 ], [ 21.16504148, 48.72370975 ], [ 21.16515842, 48.72363198 ], [ 21.16522646, 48.72360577 ], [ 21.16525529, 48.72359471 ], [ 21.16556113, 48.7235375 ], [ 21.16576778, 48.72349885 ], [ 21.16602904, 48.72344825 ], [ 21.16625422, 48.72339992 ], [ 21.16642732, 48.72337353 ], [ 21.16660303, 48.72337504 ], [ 21.16668582, 48.72345518 ], [ 21.16692555, 48.72341641 ], [ 21.16693579, 48.72339143 ], [ 21.16708942, 48.72335587 ], [ 21.16741977, 48.72322309 ], [ 21.16753122, 48.72314225 ], [ 21.16758725, 48.72314277 ], [ 21.16773035, 48.72314352 ], [ 21.16797663, 48.72306119 ], [ 21.16805546, 48.72303992 ], [ 21.16820695, 48.7229906 ], [ 21.16827909, 48.72295084 ], [ 21.16843863, 48.72286549 ], [ 21.16857223, 48.72282065 ], [ 21.16858957, 48.72284254 ], [ 21.16869423, 48.72279715 ], [ 21.16875197, 48.72277583 ], [ 21.16886105, 48.72274462 ], [ 21.16898785, 48.72270929 ], [ 21.16910955, 48.72271251 ], [ 21.16920612, 48.72273187 ], [ 21.16920085, 48.72272009 ], [ 21.16918254, 48.7226798 ], [ 21.16919192, 48.72267803 ], [ 21.16920999, 48.72268778 ], [ 21.16931437, 48.72274412 ], [ 21.16935396, 48.72264264 ], [ 21.16936201, 48.72262174 ], [ 21.169342, 48.72262173 ], [ 21.16932104, 48.72262179 ], [ 21.16930662, 48.72262178 ], [ 21.16938482, 48.72250199 ], [ 21.16935318, 48.72238628 ], [ 21.16939298, 48.7223157 ], [ 21.16950833, 48.72220905 ], [ 21.16944663, 48.72215344 ], [ 21.16947798, 48.72207169 ], [ 21.16937227, 48.72191141 ], [ 21.16940451, 48.7218269 ], [ 21.16926881, 48.72170691 ], [ 21.1693169, 48.72162335 ], [ 21.16920252, 48.72155841 ], [ 21.16919947, 48.72148025 ], [ 21.16922517, 48.72143155 ], [ 21.16910959, 48.7213194 ], [ 21.16906597, 48.72129209 ], [ 21.16897342, 48.72118886 ], [ 21.16889545, 48.7211908 ], [ 21.16884651, 48.72112992 ], [ 21.16890972, 48.72111013 ], [ 21.16894755, 48.72107054 ], [ 21.16891902, 48.72102858 ], [ 21.16868217, 48.72093744 ], [ 21.16859076, 48.72082597 ], [ 21.16826287, 48.72063137 ], [ 21.16810875, 48.72058175 ], [ 21.16765812, 48.72063374 ], [ 21.16752189, 48.72053993 ], [ 21.16711354, 48.72057175 ], [ 21.16677105, 48.72046069 ], [ 21.16650262, 48.72033595 ], [ 21.16635388, 48.72009157 ], [ 21.16616084, 48.72001387 ], [ 21.16580962, 48.71980152 ], [ 21.16570361, 48.71969264 ], [ 21.16541888, 48.7196729 ], [ 21.16499594, 48.71988756 ], [ 21.16479111, 48.71989178 ], [ 21.16422278, 48.71977455 ], [ 21.16400899, 48.7197016 ], [ 21.16350819, 48.71935655 ], [ 21.16260707, 48.71893453 ], [ 21.1624136, 48.71889859 ], [ 21.16220616, 48.71880558 ], [ 21.16211153, 48.71852274 ], [ 21.16222878, 48.71826788 ], [ 21.16228406, 48.71782035 ], [ 21.16214309, 48.71773026 ], [ 21.16223126, 48.71722876 ], [ 21.16236638, 48.71646414 ], [ 21.1622784, 48.71606141 ], [ 21.16204886, 48.71501152 ], [ 21.16191707, 48.71439474 ], [ 21.16170284, 48.71366135 ], [ 21.16172268, 48.71355097 ], [ 21.16173157, 48.71350146 ], [ 21.16171659, 48.71347343 ], [ 21.1618818, 48.71342042 ], [ 21.16206758, 48.71331242 ], [ 21.1627307, 48.7127059 ], [ 21.16311695, 48.71230587 ], [ 21.16372933, 48.71174393 ], [ 21.16411973, 48.71141039 ], [ 21.16444207, 48.71104723 ], [ 21.16521615, 48.71046312 ], [ 21.16569288, 48.710164 ], [ 21.16623794, 48.70976279 ], [ 21.16727446, 48.70916483 ], [ 21.1675491, 48.70894709 ], [ 21.16769906, 48.70884317 ], [ 21.16784525, 48.70871779 ], [ 21.16794699, 48.70864286 ], [ 21.16801846, 48.7085613 ], [ 21.16878672, 48.70760874 ], [ 21.16917322, 48.70700441 ], [ 21.16952356, 48.70655965 ], [ 21.16962145, 48.70646065 ], [ 21.16987978, 48.7060579 ], [ 21.1700619, 48.70585505 ], [ 21.17013054, 48.70574099 ], [ 21.1705869, 48.70523134 ], [ 21.17076675, 48.70501464 ], [ 21.17099917, 48.70462188 ], [ 21.1712076, 48.70439735 ], [ 21.17140155, 48.70412095 ], [ 21.17159866, 48.70382332 ], [ 21.17175951, 48.70346088 ], [ 21.17185988, 48.70332558 ], [ 21.17199467, 48.70317499 ], [ 21.17218056, 48.70299314 ], [ 21.17248111, 48.70276433 ], [ 21.17269628, 48.70251597 ], [ 21.17283627, 48.70231233 ], [ 21.17303732, 48.701958 ], [ 21.17300718, 48.70194967 ], [ 21.17301232, 48.70193686 ], [ 21.17253518, 48.70153705 ], [ 21.17217682, 48.70118583 ], [ 21.17187103, 48.70093918 ], [ 21.17175287, 48.70074276 ], [ 21.17113299, 48.70025541 ], [ 21.17085763, 48.70012056 ], [ 21.17052627, 48.70003237 ], [ 21.17034139, 48.699948 ], [ 21.17019147, 48.69984863 ], [ 21.17011021, 48.69975152 ], [ 21.17008557, 48.69973102 ], [ 21.17003394, 48.69969643 ], [ 21.16976889, 48.69947736 ], [ 21.16974911, 48.69948565 ], [ 21.16941258, 48.69929582 ], [ 21.16892782, 48.6993164 ], [ 21.16871731, 48.69931576 ], [ 21.16864619, 48.69931549 ], [ 21.16825709, 48.69922448 ], [ 21.16790893, 48.69914304 ], [ 21.16756983, 48.69906414 ], [ 21.16744395, 48.69904431 ], [ 21.1673404, 48.69902797 ], [ 21.1665834, 48.69890837 ], [ 21.1663183, 48.69888772 ], [ 21.16579204, 48.69886339 ], [ 21.16555561, 48.69882817 ], [ 21.1654984, 48.69882374 ], [ 21.16519193, 48.69879962 ], [ 21.16506923, 48.6987716 ], [ 21.16429414, 48.69857515 ], [ 21.1642608, 48.69856779 ], [ 21.16421141, 48.69855677 ], [ 21.16321102, 48.6983348 ], [ 21.16306107, 48.69826423 ], [ 21.16298136, 48.69822677 ], [ 21.16292873, 48.69819475 ], [ 21.16283601, 48.69815841 ], [ 21.16277069, 48.69812888 ], [ 21.16271919, 48.69810563 ], [ 21.1626967, 48.69809691 ], [ 21.16264498, 48.69807672 ], [ 21.16263135, 48.69807143 ], [ 21.16203277, 48.69783815 ], [ 21.16178642, 48.69776344 ], [ 21.16171934, 48.69774312 ], [ 21.16156295, 48.69769575 ], [ 21.16146753, 48.69766679 ], [ 21.16068482, 48.69742947 ], [ 21.1605995, 48.69740362 ], [ 21.16053935, 48.69738541 ], [ 21.16048811, 48.69736983 ], [ 21.16019752, 48.69729002 ], [ 21.16008976, 48.69726049 ], [ 21.15903163, 48.69697074 ], [ 21.15834096, 48.69681672 ], [ 21.15798735, 48.69672644 ], [ 21.15763136, 48.69661825 ], [ 21.15647453, 48.69634885 ], [ 21.15594396, 48.69608799 ], [ 21.15535754, 48.69599345 ], [ 21.15378186, 48.69590734 ], [ 21.15100992, 48.69588921 ], [ 21.15097599, 48.69588822 ], [ 21.15094205, 48.69588732 ], [ 21.1503352, 48.69607419 ], [ 21.14876394, 48.69624728 ], [ 21.14790599, 48.69636698 ], [ 21.14763343, 48.69640989 ], [ 21.1471683, 48.69656668 ], [ 21.14620462, 48.69693178 ], [ 21.14565138, 48.69719462 ], [ 21.14460092, 48.69735012 ], [ 21.1437529, 48.69758149 ], [ 21.14225225, 48.697871 ], [ 21.14202785, 48.69797153 ], [ 21.14165178, 48.69816571 ], [ 21.14135868, 48.69836345 ], [ 21.1407135, 48.6986498 ], [ 21.14040637, 48.69879918 ], [ 21.1393636, 48.69865812 ], [ 21.13851482, 48.69858006 ], [ 21.13803828, 48.69849695 ], [ 21.13748215, 48.69843102 ], [ 21.1369622, 48.69819535 ], [ 21.13650676, 48.69799451 ], [ 21.13637784, 48.6979271 ], [ 21.13640015, 48.69791962 ], [ 21.13580147, 48.69759418 ], [ 21.13549139, 48.69750981 ], [ 21.13509164, 48.69750225 ], [ 21.1347693, 48.69767545 ], [ 21.13405549, 48.6978562 ], [ 21.13379493, 48.69793755 ], [ 21.13321411, 48.69863136 ], [ 21.13302146, 48.69922278 ], [ 21.13268509, 48.69962889 ], [ 21.13226089, 48.70036975 ], [ 21.13169807, 48.70087028 ], [ 21.13127597, 48.70132308 ], [ 21.13057996, 48.70187021 ], [ 21.12973886, 48.70226737 ], [ 21.12922999, 48.70246456 ], [ 21.12851677, 48.70256526 ], [ 21.12777595, 48.70252623 ], [ 21.12659486, 48.70237099 ], [ 21.12565396, 48.70252705 ], [ 21.12470302, 48.70249864 ], [ 21.12430619, 48.70272767 ], [ 21.12345361, 48.70311181 ], [ 21.12251073, 48.70356229 ], [ 21.12212595, 48.70391091 ], [ 21.12184933, 48.70414397 ], [ 21.12139244, 48.70440348 ], [ 21.12109104, 48.70483752 ], [ 21.1209922, 48.70502991 ], [ 21.12086193, 48.70537472 ], [ 21.12083247, 48.70544076 ], [ 21.12006435, 48.70590574 ], [ 21.11935454, 48.70658859 ], [ 21.11933082, 48.70657432 ], [ 21.11842059, 48.70652953 ], [ 21.1176036, 48.70660657 ], [ 21.11670978, 48.70685572 ], [ 21.1144686, 48.71117669 ], [ 21.11405611, 48.71194037 ], [ 21.1137662, 48.71248506 ], [ 21.11350544, 48.71297739 ], [ 21.11319186, 48.71357371 ], [ 21.11267274, 48.71432505 ], [ 21.11255746, 48.71449431 ], [ 21.11242208, 48.71472397 ], [ 21.11228386, 48.71494615 ], [ 21.11199967, 48.7156404 ], [ 21.11196418, 48.71572722 ], [ 21.11179004, 48.71610861 ], [ 21.11174594, 48.71620506 ], [ 21.11168513, 48.71627162 ], [ 21.11167918, 48.71630268 ], [ 21.11167179, 48.71632918 ], [ 21.11163618, 48.71645652 ], [ 21.111573, 48.71662016 ], [ 21.1114185, 48.71706016 ], [ 21.11184104, 48.71730218 ], [ 21.11215142, 48.71753194 ], [ 21.1127815, 48.7179553 ], [ 21.11349124, 48.71834286 ], [ 21.11387692, 48.71851462 ], [ 21.114415, 48.71857702 ], [ 21.11467687, 48.71882827 ], [ 21.1148536, 48.71871555 ], [ 21.11552945, 48.71856375 ], [ 21.11593075, 48.71853568 ], [ 21.11613013, 48.71841837 ], [ 21.11635972, 48.71838441 ], [ 21.11660368, 48.71828078 ], [ 21.11685267, 48.71827374 ], [ 21.11698032, 48.71824561 ], [ 21.11720489, 48.71822085 ], [ 21.11735029, 48.71821787 ], [ 21.11785128, 48.71809583 ], [ 21.11798272, 48.7180996 ], [ 21.11815128, 48.7180518 ], [ 21.11856119, 48.71796916 ], [ 21.11915808, 48.71787892 ], [ 21.11946884, 48.71795723 ], [ 21.1195366, 48.71794248 ], [ 21.1196358, 48.71794422 ], [ 21.11979796, 48.71793177 ], [ 21.12012336, 48.71787343 ], [ 21.12040036, 48.71782559 ], [ 21.12071228, 48.71776564 ], [ 21.12085548, 48.71778707 ], [ 21.1210853, 48.71777229 ], [ 21.12118698, 48.71776258 ], [ 21.1213009, 48.71776021 ], [ 21.12167756, 48.71779723 ], [ 21.12179831, 48.71778894 ], [ 21.12187505, 48.71769245 ], [ 21.12197924, 48.71764834 ], [ 21.12220817, 48.71763074 ], [ 21.1224102, 48.71759598 ], [ 21.12259718, 48.7175566 ], [ 21.12276254, 48.71752643 ], [ 21.12304116, 48.71753086 ], [ 21.12352975, 48.71739553 ], [ 21.1236585, 48.71737282 ], [ 21.12385195, 48.71731951 ], [ 21.12426117, 48.71731128 ], [ 21.12457473, 48.71732538 ], [ 21.12474333, 48.71727874 ], [ 21.12509204, 48.71723446 ], [ 21.12556667, 48.71721013 ], [ 21.12558251, 48.7173005 ], [ 21.12574874, 48.71775682 ], [ 21.126058, 48.71838961 ], [ 21.12614067, 48.71851696 ], [ 21.12620962, 48.71865512 ], [ 21.1262371, 48.71867383 ], [ 21.12569179, 48.7188793 ], [ 21.12462726, 48.71929241 ], [ 21.12426812, 48.71942496 ], [ 21.12344505, 48.71967905 ], [ 21.12293513, 48.7201201 ], [ 21.12251622, 48.72044629 ], [ 21.12218536, 48.7207202 ], [ 21.12185135, 48.72097204 ], [ 21.12167038, 48.72118728 ], [ 21.1209425, 48.72175008 ], [ 21.12099982, 48.72205247 ], [ 21.12117717, 48.72256651 ], [ 21.12131622, 48.72308328 ], [ 21.12134661, 48.72341893 ], [ 21.12138065, 48.72358038 ], [ 21.12138493, 48.72362031 ], [ 21.12137566, 48.72366143 ], [ 21.12135958, 48.72373231 ], [ 21.12166747, 48.72374264 ], [ 21.12206056, 48.72360416 ], [ 21.12260949, 48.72343925 ], [ 21.12347625, 48.72308194 ], [ 21.12382089, 48.72287086 ], [ 21.12406316, 48.72271224 ], [ 21.12473387, 48.72235206 ], [ 21.12477039, 48.72219711 ], [ 21.12493404, 48.7221477 ], [ 21.1250188, 48.72226872 ], [ 21.12546051, 48.72213692 ], [ 21.1255825, 48.72189061 ], [ 21.125884, 48.72182437 ], [ 21.12614667, 48.72189842 ], [ 21.12633048, 48.72189332 ], [ 21.12650346, 48.72225019 ], [ 21.12662573, 48.7226735 ], [ 21.12677039, 48.72308267 ], [ 21.12711418, 48.72402178 ], [ 21.12716018, 48.72419477 ], [ 21.12720916, 48.7245112 ], [ 21.12720236, 48.72476417 ], [ 21.12718625, 48.72498073 ], [ 21.1272254, 48.72502422 ], [ 21.12728404, 48.72508948 ], [ 21.12730847, 48.72511646 ], [ 21.12747121, 48.72529733 ], [ 21.12753093, 48.72535714 ], [ 21.12770924, 48.72541435 ], [ 21.12796899, 48.72554349 ], [ 21.12871331, 48.72596744 ], [ 21.12877981, 48.72610391 ], [ 21.12875702, 48.72641011 ], [ 21.1286888, 48.72662087 ], [ 21.12859423, 48.72684032 ], [ 21.1284806, 48.72712121 ], [ 21.12821497, 48.72765689 ], [ 21.12807905, 48.72799126 ], [ 21.12804496, 48.72810569 ], [ 21.12794536, 48.72821522 ], [ 21.1278432, 48.72827777 ], [ 21.12769471, 48.72850856 ], [ 21.12739487, 48.72839902 ], [ 21.12729324, 48.72849715 ], [ 21.12724583, 48.72861682 ], [ 21.12707616, 48.72874464 ], [ 21.12701239, 48.72882372 ], [ 21.12691278, 48.72895379 ], [ 21.12676015, 48.72895269 ], [ 21.1266375, 48.72854008 ], [ 21.12657158, 48.72835834 ], [ 21.12641709, 48.72839211 ], [ 21.12628748, 48.72835366 ], [ 21.12616723, 48.72812958 ], [ 21.12607047, 48.72802717 ], [ 21.12598872, 48.72767692 ], [ 21.12564188, 48.72782094 ], [ 21.1255753, 48.72809297 ], [ 21.12544185, 48.72824266 ], [ 21.1250338, 48.72845316 ], [ 21.12490231, 48.72859291 ], [ 21.12478867, 48.72864312 ], [ 21.12478768, 48.72888348 ], [ 21.12474755, 48.72896683 ], [ 21.12464099, 48.7290169 ], [ 21.12456721, 48.72918633 ], [ 21.12441238, 48.72939566 ], [ 21.12438903, 48.72954554 ], [ 21.12471243, 48.72961209 ], [ 21.12525007, 48.72976788 ], [ 21.12535446, 48.72982551 ], [ 21.12551677, 48.72997702 ], [ 21.12557052, 48.73009057 ], [ 21.1255894, 48.7303756 ], [ 21.12555666, 48.73054779 ], [ 21.12550633, 48.73081511 ], [ 21.12545098, 48.73099315 ], [ 21.12521355, 48.73126358 ], [ 21.12505396, 48.73143188 ], [ 21.12497406, 48.73150081 ], [ 21.12440076, 48.73154007 ], [ 21.12408522, 48.73151474 ], [ 21.12417671, 48.73181182 ], [ 21.12438225, 48.73235251 ], [ 21.12459138, 48.73274394 ], [ 21.12497902, 48.73379269 ], [ 21.12498027, 48.73379615 ], [ 21.12499358, 48.73383187 ], [ 21.12500198, 48.73385465 ], [ 21.12502663, 48.73392143 ], [ 21.12503606, 48.73394695 ], [ 21.12530474, 48.73386335 ], [ 21.12555866, 48.73377686 ] ] ] } },
{ "type": "Feature", "properties": { "@featureType": "CadastralZoning", "beginLifespanVersion": { "@nilReason": "http://inspire.ec.europa.eu/codelist/VoidReasonValue/Unpopulated", "@nil": "true" }, "endLifespanVersion": { "@nilReason": "http://inspire.ec.europa.eu/codelist/VoidReasonValue/Unpopulated", "@nil": "true" }, "estimatedAccuracy": { "value": -1, "@uom": "m" }, "inspireId": { "@dataType": "Identifier", "localId": "835030", "namespace": "SK.ESKN.CP", "versionId": "20260703T04:07:40" }, "label": "Malá Ida", "level": { "@href": "http://inspire.ec.europa.eu/codelist/CadastralZoningLevelValue/3rdOrder" }, "levelName": { "value": "Katastrálne územie", "@locale": "sk" }, "name_1": { "@dataType": "name", "GeographicalName": { "@dataType": "GeographicalName", "language": "SLK", "nativeness": { "@href": "http://inspire.ec.europa.eu/codelist/NativenessValue/endonym", "@title": "endonym" }, "nameStatus": { "@href": "http://inspire.ec.europa.eu/codelist/NameStatusValue/official", "@title": "official" }, "sourceOfName": { "@nilReason": "http://inspire.ec.europa.eu/codelist/VoidReasonValue/Unpopulated", "@nil": "true" }, "pronunciation": { "@dataType": "pronunciation", "@nilReason": "http://inspire.ec.europa.eu/codelist/VoidReasonValue/Unpopulated", "@nil": "true" }, "spelling": { "@dataType": "SpellingOfName", "text": "Malá Ida", "script": "LATN" } } }, "nationalCadastalZoningReference": "835030", "validFrom": "2026-06-30T16:00:00Z", "validTo": { "@nilReason": "http://inspire.ec.europa.eu/codelist/VoidReasonValue/Unpopulated", "@nil": "true" }, "place_id": 189396049, "osm_type": "relation", "osm_id": 388209, "place_rank": 12, "category": "boundary", "type": "administrative", "importance": 0.54120382821693425, "addresstype": "county", "name_2": "okres Košice-okolie", "display_name": "okres Košice-okolie, Košický kraj, Slovensko" }, "geometry": { "type": "Polygon", "coordinates": [ [ [ 21.17311505, 48.70182712 ], [ 21.17316432, 48.70165725 ], [ 21.17383373, 48.70093499 ], [ 21.17393517, 48.70080531 ], [ 21.17449971, 48.70031086 ], [ 21.17483099, 48.70012136 ], [ 21.17541441, 48.69923666 ], [ 21.17551659, 48.69909484 ], [ 21.17582257, 48.69869773 ], [ 21.17634302, 48.69815947 ], [ 21.17655126, 48.69805008 ], [ 21.17692092, 48.69790141 ], [ 21.17741606, 48.69771205 ], [ 21.17798677, 48.6974705 ], [ 21.17828374, 48.69731683 ], [ 21.17843286, 48.6972198 ], [ 21.17845052, 48.69723143 ], [ 21.178464111716501, 48.69723185777935 ], [ 21.178746, 48.696873 ], [ 21.178941, 48.696772 ], [ 21.179001792765803, 48.696709874059508 ], [ 21.17916871, 48.69653806 ], [ 21.179242581378169, 48.696489676219031 ], [ 21.17926, 48.696478 ], [ 21.179345386388128, 48.696422295546789 ], [ 21.17946977, 48.69634076 ], [ 21.179635975768189, 48.696200495760593 ], [ 21.179874, 48.695999 ], [ 21.179876, 48.695996 ], [ 21.180028, 48.695688 ], [ 21.180050502549978, 48.695498195882763 ], [ 21.1800509967937, 48.695493965417782 ], [ 21.180023, 48.695192 ], [ 21.180376466287559, 48.694433993167728 ], [ 21.18045908, 48.6942567 ], [ 21.18075989, 48.69359066 ], [ 21.180764855847528, 48.693573094062245 ], [ 21.180776, 48.693532 ], [ 21.1808414914682, 48.693302343251517 ], [ 21.18085092, 48.69326904 ], [ 21.180866807835287, 48.693212919822443 ], [ 21.180893, 48.69312 ], [ 21.180907, 48.692919 ], [ 21.181221355394438, 48.692411636126302 ], [ 21.18123571, 48.69238839 ], [ 21.181255502991256, 48.692344814805075 ], [ 21.181362, 48.692109 ], [ 21.181417, 48.691919 ], [ 21.181422, 48.691689 ], [ 21.181401, 48.691467 ], [ 21.181436498434408, 48.691391611572286 ], [ 21.18149811, 48.69126016 ], [ 21.18150358, 48.69124844 ], [ 21.181540767058841, 48.691169163368379 ], [ 21.181593, 48.691057 ], [ 21.181705, 48.690639 ], [ 21.181726880630556, 48.690468758020806 ], [ 21.18174579, 48.69031918 ], [ 21.18188686, 48.69003704 ], [ 21.181914297258061, 48.689932831153136 ], [ 21.181974, 48.689705 ], [ 21.182016, 48.689323 ], [ 21.181953, 48.688941 ], [ 21.181580686909879, 48.688008718429728 ], [ 21.18133144, 48.68738623 ], [ 21.181266434010126, 48.687218331247266 ], [ 21.181201, 48.687051 ], [ 21.1812, 48.686972 ], [ 21.181197, 48.686838 ], [ 21.181192, 48.686585 ], [ 21.18112, 48.686334 ], [ 21.180783, 48.685698 ], [ 21.180651, 48.685447 ], [ 21.180637, 48.685422 ], [ 21.180600541329266, 48.685351626286725 ], [ 21.18059402, 48.6853393 ], [ 21.18048796, 48.68513905 ], [ 21.18048053, 48.68471168 ], [ 21.180516743273682, 48.684465321068963 ], [ 21.180552, 48.684222 ], [ 21.180591723836706, 48.683807737131488 ], [ 21.180593995104736, 48.683783742998607 ], [ 21.18059, 48.683574 ], [ 21.180651, 48.682817 ], [ 21.180792, 48.681626 ], [ 21.180883, 48.681355 ], [ 21.180974, 48.681082 ], [ 21.181130471104723, 48.680770430344104 ], [ 21.18120186, 48.68062764 ], [ 21.181250763842183, 48.680494182944699 ], [ 21.181288, 48.680392 ], [ 21.181299668053231, 48.680360746285984 ], [ 21.1813159, 48.68031648 ], [ 21.18130198, 48.67988476 ], [ 21.181301931299799, 48.679875862873402 ], [ 21.1813, 48.679619 ], [ 21.181258, 48.679193 ], [ 21.181255, 48.679169 ], [ 21.181240011346244, 48.679135025718161 ], [ 21.181235495938161, 48.679125217982545 ], [ 21.180949, 48.678503 ], [ 21.180865, 48.678158 ], [ 21.180830110099286, 48.678012459271308 ], [ 21.18082636134022, 48.678002903350546 ], [ 21.18079, 48.677912 ], [ 21.180634, 48.677513 ], [ 21.180615620037056, 48.677372903837977 ], [ 21.18060481, 48.67729168 ], [ 21.18058848, 48.67716917 ], [ 21.18058136, 48.67711519 ], [ 21.180560041123968, 48.676955036035586 ], [ 21.180537, 48.676784 ], [ 21.180523640397112, 48.676681081577733 ], [ 21.18050965, 48.67657604 ], [ 21.18051502, 48.67655622 ], [ 21.180542209462256, 48.67645445485941 ], [ 21.180563, 48.676376 ], [ 21.1805767, 48.6763444 ], [ 21.1806769, 48.6761109 ], [ 21.180745, 48.676068 ], [ 21.180785, 48.675995 ], [ 21.180803363603999, 48.675961827037938 ], [ 21.18080695, 48.67595526 ], [ 21.180815986013624, 48.675938629361063 ], [ 21.180814560281721, 48.675900847465613 ], [ 21.18081398, 48.67588607 ], [ 21.180814001802684, 48.675886047771122 ], [ 21.180814, 48.675886 ], [ 21.181275, 48.675415 ], [ 21.1814, 48.675004 ], [ 21.181521, 48.674374 ], [ 21.181520511630275, 48.674365023626883 ], [ 21.18144985, 48.6730682 ], [ 21.181503661173931, 48.672778076610768 ], [ 21.181571, 48.672413 ], [ 21.182121, 48.671678 ], [ 21.182168178510491, 48.671569533517932 ], [ 21.18222789, 48.67143222 ], [ 21.18222795583084, 48.671432101547786 ], [ 21.182228, 48.671432 ], [ 21.182314389680318, 48.671276577470117 ], [ 21.18244682, 48.67103829 ], [ 21.182462970982328, 48.670900794742714 ], [ 21.182513, 48.670471 ], [ 21.182452367158788, 48.670102626889225 ], [ 21.18243895, 48.67002189 ], [ 21.1824065, 48.66982683 ], [ 21.182165253184269, 48.66936709142373 ], [ 21.182161, 48.669359 ], [ 21.181979, 48.669007 ], [ 21.181909, 48.668527 ], [ 21.181901, 48.66847 ], [ 21.181988, 48.667904 ], [ 21.181988, 48.667903 ], [ 21.181884, 48.667691 ], [ 21.181531, 48.667411 ], [ 21.181210856025647, 48.666997440154717 ], [ 21.18120189, 48.66698587 ], [ 21.18100285, 48.66672965 ], [ 21.18095495, 48.66658308 ], [ 21.18098766, 48.66640621 ], [ 21.180959197568058, 48.666246061789678 ], [ 21.180903, 48.665934 ], [ 21.1806635, 48.665268 ], [ 21.180568690751848, 48.665004250815841 ], [ 21.18054171, 48.66492939 ], [ 21.18057783, 48.66454283 ], [ 21.18051889, 48.6642117 ], [ 21.180484972061929, 48.664009903637364 ], [ 21.180404, 48.663529 ], [ 21.180568003784618, 48.662943788257536 ], [ 21.18063098, 48.66271892 ], [ 21.18107874, 48.66213486 ], [ 21.18114275, 48.66146269 ], [ 21.18109347, 48.66095215 ], [ 21.18085218, 48.66058646 ], [ 21.180620978527632, 48.660423840697284 ], [ 21.180332, 48.660221 ], [ 21.180156596211155, 48.659987486980498 ], [ 21.18000602, 48.65978739 ], [ 21.17991379, 48.65962808 ], [ 21.179773730938521, 48.659432858570248 ], [ 21.179384, 48.659228 ], [ 21.179383928232248, 48.659227931960444 ], [ 21.17938362, 48.65922777 ], [ 21.179319984576978, 48.659167310053498 ], [ 21.178999, 48.658863 ], [ 21.178813, 48.658577 ], [ 21.178543672687784, 48.658315688381599 ], [ 21.17847743, 48.65825159 ], [ 21.178477340684893, 48.658251330545461 ], [ 21.178477, 48.658251 ], [ 21.178409702966825, 48.658054847407179 ], [ 21.17834773, 48.65787482 ], [ 21.178275994667931, 48.657722015377558 ], [ 21.178011, 48.657159 ], [ 21.17796, 48.65703 ], [ 21.177252, 48.656752 ], [ 21.176801, 48.656504 ], [ 21.17637, 48.656016 ], [ 21.176356292583311, 48.65600249819456 ], [ 21.17616944, 48.65581937 ], [ 21.1760055549592, 48.65566330203584 ], [ 21.175888, 48.655552 ], [ 21.1756138, 48.6554956 ], [ 21.175546, 48.655537 ], [ 21.175545712142792, 48.655537033342533 ], [ 21.17554562, 48.65553709 ], [ 21.17528729, 48.65556709 ], [ 21.175263578837079, 48.655567319379493 ], [ 21.175067, 48.65557 ], [ 21.174422, 48.655573 ], [ 21.174338122911262, 48.655570299731551 ], [ 21.17392546, 48.65555731 ], [ 21.17368718, 48.65557687 ], [ 21.17288928, 48.65557728 ], [ 21.17284823, 48.65557733 ], [ 21.172707313561858, 48.655577385746156 ], [ 21.172418, 48.655578 ], [ 21.171856, 48.655578 ], [ 21.171484504634574, 48.655569888747479 ], [ 21.17093953, 48.65555831 ], [ 21.17088356074829, 48.655557144859827 ], [ 21.170874, 48.655557 ], [ 21.170833, 48.655556 ], [ 21.170678, 48.655552 ], [ 21.170627, 48.655551 ], [ 21.170602, 48.65555 ], [ 21.169998187034146, 48.655533919761226 ], [ 21.16985138, 48.65553005 ], [ 21.169831213487459, 48.655528687897046 ], [ 21.169474, 48.655505 ], [ 21.169433049909486, 48.655501788228193 ], [ 21.16937222, 48.65549767 ], [ 21.169363217855082, 48.655519687207708 ], [ 21.16936, 48.655528 ], [ 21.169359828390895, 48.655527977069468 ], [ 21.16935968, 48.65552834 ], [ 21.16912815, 48.65549759 ], [ 21.16911055, 48.65554187 ], [ 21.169110026535879, 48.655541933660295 ], [ 21.16911, 48.655542 ], [ 21.169041683822112, 48.655550245055949 ], [ 21.16899428, 48.65555601 ], [ 21.168994225253396, 48.655555972814241 ], [ 21.168994, 48.655556 ], [ 21.16891758603936, 48.655503916852695 ], [ 21.16879323, 48.65541945 ], [ 21.168451794006248, 48.655386728657341 ], [ 21.167852, 48.65533 ], [ 21.167801010832441, 48.655324334536935 ], [ 21.16778031, 48.65532234 ], [ 21.16767816, 48.65531802 ], [ 21.167623584085089, 48.655315704382978 ], [ 21.167594, 48.655315 ], [ 21.167477, 48.65531 ], [ 21.16740012284021, 48.655306210280855 ], [ 21.16733511, 48.65530345 ], [ 21.1673007, 48.655302 ], [ 21.16682365, 48.65528183 ], [ 21.16582619, 48.65531503 ], [ 21.165826176294484, 48.655314993993976 ], [ 21.165826, 48.655315 ], [ 21.165819, 48.655297 ], [ 21.162941544351682, 48.655328513353375 ], [ 21.16079735, 48.65535242 ], [ 21.16080037, 48.65536899 ], [ 21.16082706, 48.65582453 ], [ 21.160826972401061, 48.655824533884555 ], [ 21.160827, 48.655825 ], [ 21.159676, 48.655876 ], [ 21.159530370125566, 48.655896675846371 ], [ 21.15935181, 48.65592254 ], [ 21.158681272236574, 48.656074685994923 ], [ 21.158614, 48.65609 ], [ 21.158408, 48.656118 ], [ 21.158382036773965, 48.656121477217773 ], [ 21.15818448, 48.65614862 ], [ 21.15775359, 48.65619102 ], [ 21.157703900821318, 48.656206457148841 ], [ 21.157645, 48.656225 ], [ 21.157348, 48.65625 ], [ 21.157271, 48.656257 ], [ 21.1569, 48.656288 ], [ 21.155967, 48.65642 ], [ 21.155108041003967, 48.656670988018632 ], [ 21.1551031906221, 48.656677175678439 ], [ 21.15502, 48.656784 ], [ 21.154810020284309, 48.656817906073073 ], [ 21.15466724, 48.65684136 ], [ 21.15412942, 48.65681759 ], [ 21.15298409, 48.65684093 ], [ 21.152554271488818, 48.656831328348424 ], [ 21.152538172130591, 48.656831003473485 ], [ 21.15247907, 48.65686519 ], [ 21.15218201, 48.65703716 ], [ 21.152025959329841, 48.657144218129183 ], [ 21.152019, 48.657149 ], [ 21.152018981427489, 48.657149005299729 ], [ 21.15201896, 48.65714902 ], [ 21.151970310153246, 48.657162893819901 ], [ 21.151227, 48.657375 ], [ 21.149809, 48.657917 ], [ 21.149665211316858, 48.657989680931742 ], [ 21.14935152, 48.65814876 ], [ 21.149036137499593, 48.658356334840697 ], [ 21.149023, 48.658365 ], [ 21.149022843306337, 48.658365084660495 ], [ 21.14902282, 48.6583651 ], [ 21.149000508773625, 48.658377151853081 ], [ 21.148477, 48.65866 ], [ 21.147906, 48.659284 ], [ 21.14771, 48.65995 ], [ 21.147610102135459, 48.660566533835642 ], [ 21.14757598, 48.66077794 ], [ 21.14755308, 48.66121111 ], [ 21.14757455, 48.66163956 ], [ 21.14772837, 48.66221837 ], [ 21.147804892458698, 48.66242273012665 ], [ 21.147971, 48.662865 ], [ 21.148036593814012, 48.663048886931584 ], [ 21.14808855, 48.66319344 ], [ 21.14823609, 48.66400282 ], [ 21.148412064435124, 48.664521101828619 ], [ 21.148668112235885, 48.664925741303918 ], [ 21.14871707, 48.66500307 ], [ 21.14893552, 48.66523117 ], [ 21.14929792, 48.66555487 ], [ 21.149379764678997, 48.665609452164659 ], [ 21.149771, 48.66587 ], [ 21.150012, 48.666014 ], [ 21.150548892491319, 48.666515210301014 ], [ 21.15065915, 48.666618 ], [ 21.150663240747949, 48.666699467000036 ], [ 21.150678, 48.666983 ], [ 21.150778, 48.6679 ], [ 21.15079689605826, 48.668074172363099 ], [ 21.15080106, 48.66811238 ], [ 21.15083639, 48.66843467 ], [ 21.15128816, 48.6695296 ], [ 21.1514162, 48.67012361 ], [ 21.15146566, 48.67039359 ], [ 21.15158697, 48.67097738 ], [ 21.15164728, 48.67138817 ], [ 21.15178826, 48.67293167 ], [ 21.15190596, 48.67363087 ], [ 21.15226176, 48.67449801 ], [ 21.15255744, 48.67472486 ], [ 21.15263171, 48.67477125 ], [ 21.15264677, 48.6748054 ], [ 21.15266018, 48.67483599 ], [ 21.15265852, 48.67487205 ], [ 21.15315798, 48.67490243 ], [ 21.1531699, 48.67493496 ], [ 21.15317148, 48.67493933 ], [ 21.15318782, 48.67498406 ], [ 21.15320267, 48.67505854 ], [ 21.15319726, 48.6751593 ], [ 21.15328129, 48.67548152 ], [ 21.15330109, 48.67556651 ], [ 21.15332471, 48.6756889 ], [ 21.15342645, 48.67595991 ], [ 21.15350965, 48.67632361 ], [ 21.15358019, 48.67697232 ], [ 21.15345757, 48.67777426 ], [ 21.15343982, 48.677854 ], [ 21.15335289, 48.6781733 ], [ 21.15333987, 48.67822538 ], [ 21.15307272, 48.67944877 ], [ 21.15306776, 48.67946464 ], [ 21.1527614, 48.68019581 ], [ 21.15229353, 48.68091149 ], [ 21.15219032, 48.68118147 ], [ 21.15218059, 48.68121249 ], [ 21.15211876, 48.6815361 ], [ 21.15216011, 48.68169696 ], [ 21.15221088, 48.68183679 ], [ 21.15266575, 48.68249755 ], [ 21.15278993, 48.68260576 ], [ 21.15302407, 48.68285694 ], [ 21.15312153, 48.68300554 ], [ 21.15321832, 48.68329071 ], [ 21.15320071, 48.68349957 ], [ 21.1531961, 48.68352572 ], [ 21.15311708, 48.68373956 ], [ 21.15313476, 48.68398692 ], [ 21.1530463, 48.68432327 ], [ 21.15305895, 48.68446378 ], [ 21.15310564, 48.68462057 ], [ 21.15298477, 48.68540546 ], [ 21.15273816, 48.68628898 ], [ 21.15257474, 48.68672136 ], [ 21.15244262, 48.68709712 ], [ 21.15224477, 48.68740235 ], [ 21.15212986, 48.68754293 ], [ 21.15204787, 48.68769069 ], [ 21.15200296, 48.68788041 ], [ 21.15201914, 48.68804155 ], [ 21.15202587, 48.68808561 ], [ 21.15205985, 48.68825821 ], [ 21.15203701, 48.68855227 ], [ 21.15208766, 48.68872747 ], [ 21.15208528, 48.6889045 ], [ 21.15230086, 48.68948489 ], [ 21.15247417, 48.69001055 ], [ 21.15230819, 48.69095579 ], [ 21.15221774, 48.6915423 ], [ 21.15207443, 48.69174978 ], [ 21.15202933, 48.69190825 ], [ 21.15203794, 48.69206699 ], [ 21.15214114, 48.69234461 ], [ 21.15224631, 48.69295661 ], [ 21.15203156, 48.69335747 ], [ 21.15202523, 48.69357957 ], [ 21.151904, 48.69393243 ], [ 21.1517895, 48.69416442 ], [ 21.15170883, 48.69463112 ], [ 21.15162763, 48.69485975 ], [ 21.1514329, 48.69559717 ], [ 21.1512613, 48.6957427 ], [ 21.15097599, 48.69588822 ], [ 21.15100992, 48.69588921 ], [ 21.15378186, 48.69590734 ], [ 21.15535754, 48.69599345 ], [ 21.15594396, 48.69608799 ], [ 21.15647453, 48.69634885 ], [ 21.15763136, 48.69661825 ], [ 21.15798735, 48.69672644 ], [ 21.15834096, 48.69681672 ], [ 21.15903163, 48.69697074 ], [ 21.16008976, 48.69726049 ], [ 21.16019752, 48.69729002 ], [ 21.16048811, 48.69736983 ], [ 21.16053935, 48.69738541 ], [ 21.1605995, 48.69740362 ], [ 21.16068482, 48.69742947 ], [ 21.16146753, 48.69766679 ], [ 21.16156295, 48.69769575 ], [ 21.16171934, 48.69774312 ], [ 21.16178642, 48.69776344 ], [ 21.16203277, 48.69783815 ], [ 21.16263135, 48.69807143 ], [ 21.16264498, 48.69807672 ], [ 21.1626967, 48.69809691 ], [ 21.16271919, 48.69810563 ], [ 21.16277069, 48.69812888 ], [ 21.16283601, 48.69815841 ], [ 21.16292873, 48.69819475 ], [ 21.16298136, 48.69822677 ], [ 21.16306107, 48.69826423 ], [ 21.16321102, 48.6983348 ], [ 21.16421141, 48.69855677 ], [ 21.1642608, 48.69856779 ], [ 21.16429414, 48.69857515 ], [ 21.16506923, 48.6987716 ], [ 21.16519193, 48.69879962 ], [ 21.1654984, 48.69882374 ], [ 21.16555561, 48.69882817 ], [ 21.16579204, 48.69886339 ], [ 21.1663183, 48.69888772 ], [ 21.1665834, 48.69890837 ], [ 21.1673404, 48.69902797 ], [ 21.16744395, 48.69904431 ], [ 21.16756983, 48.69906414 ], [ 21.16790893, 48.69914304 ], [ 21.16825709, 48.69922448 ], [ 21.16864619, 48.69931549 ], [ 21.16871731, 48.69931576 ], [ 21.16892782, 48.6993164 ], [ 21.16941258, 48.69929582 ], [ 21.16974911, 48.69948565 ], [ 21.16976889, 48.69947736 ], [ 21.17003394, 48.69969643 ], [ 21.17008557, 48.69973102 ], [ 21.17011021, 48.69975152 ], [ 21.17019147, 48.69984863 ], [ 21.17034139, 48.699948 ], [ 21.17052627, 48.70003237 ], [ 21.17085763, 48.70012056 ], [ 21.17113299, 48.70025541 ], [ 21.17175287, 48.70074276 ], [ 21.17187103, 48.70093918 ], [ 21.17217682, 48.70118583 ], [ 21.17253518, 48.70153705 ], [ 21.17301232, 48.70193686 ], [ 21.17300718, 48.70194967 ], [ 21.17303732, 48.701958 ], [ 21.17309182, 48.70186636 ], [ 21.17311505, 48.70182712 ] ] ] } },
{ "type": "Feature", "properties": { "@featureType": "CadastralZoning", "beginLifespanVersion": { "@nilReason": "http://inspire.ec.europa.eu/codelist/VoidReasonValue/Unpopulated", "@nil": "true" }, "endLifespanVersion": { "@nilReason": "http://inspire.ec.europa.eu/codelist/VoidReasonValue/Unpopulated", "@nil": "true" }, "estimatedAccuracy": { "value": -1, "@uom": "m" }, "inspireId": { "@dataType": "Identifier", "localId": "802123", "namespace": "SK.ESKN.CP", "versionId": "20260703T04:07:40" }, "label": "Baška", "level": { "@href": "http://inspire.ec.europa.eu/codelist/CadastralZoningLevelValue/3rdOrder" }, "levelName": { "value": "Katastrálne územie", "@locale": "sk" }, "name_1": { "@dataType": "name", "GeographicalName": { "@dataType": "GeographicalName", "language": "SLK", "nativeness": { "@href": "http://inspire.ec.europa.eu/codelist/NativenessValue/endonym", "@title": "endonym" }, "nameStatus": { "@href": "http://inspire.ec.europa.eu/codelist/NameStatusValue/official", "@title": "official" }, "sourceOfName": { "@nilReason": "http://inspire.ec.europa.eu/codelist/VoidReasonValue/Unpopulated", "@nil": "true" }, "pronunciation": { "@dataType": "pronunciation", "@nilReason": "http://inspire.ec.europa.eu/codelist/VoidReasonValue/Unpopulated", "@nil": "true" }, "spelling": { "@dataType": "SpellingOfName", "text": "Baška", "script": "LATN" } } }, "nationalCadastalZoningReference": "802123", "validFrom": "2026-06-30T16:00:00Z", "validTo": { "@nilReason": "http://inspire.ec.europa.eu/codelist/VoidReasonValue/Unpopulated", "@nil": "true" }, "place_id": 189396049, "osm_type": "relation", "osm_id": 388209, "place_rank": 12, "category": "boundary", "type": "administrative", "importance": 0.54120382821693425, "addresstype": "county", "name_2": "okres Košice-okolie", "display_name": "okres Košice-okolie, Košický kraj, Slovensko" }, "geometry": { "type": "Polygon", "coordinates": [ [ [ 21.17484254, 48.72430243 ], [ 21.17547222, 48.72414568 ], [ 21.175496414130944, 48.724128331878923 ], [ 21.175548, 48.724091 ], [ 21.175627243533626, 48.724034605828834 ], [ 21.17571129, 48.72397443 ], [ 21.17580813, 48.72392806 ], [ 21.17589031, 48.72388861 ], [ 21.176049117037948, 48.723824493092721 ], [ 21.176186, 48.723769 ], [ 21.176361, 48.723698 ], [ 21.17649, 48.723646 ], [ 21.176612359730296, 48.723588447399585 ], [ 21.17674287, 48.72352659 ], [ 21.176782324135257, 48.723498599235647 ], [ 21.176797, 48.723488 ], [ 21.1769, 48.723442 ], [ 21.176994594704158, 48.723370134765389 ], [ 21.17718299, 48.72322618 ], [ 21.177277628028996, 48.723153908005187 ], [ 21.177328, 48.723115 ], [ 21.177407238748525, 48.723056209960767 ], [ 21.17742094, 48.72304597 ], [ 21.177427009929303, 48.723041723704142 ], [ 21.177473, 48.723009 ], [ 21.177633, 48.72289 ], [ 21.177637921553917, 48.722886953323766 ], [ 21.17778077, 48.72279839 ], [ 21.17799911, 48.72264079 ], [ 21.178040760746079, 48.722617314800736 ], [ 21.178133, 48.722565 ], [ 21.178568, 48.722354 ], [ 21.178735730691901, 48.722265361829479 ], [ 21.17881384, 48.72222354 ], [ 21.178901996499675, 48.722178626804855 ], [ 21.179006, 48.722125 ], [ 21.179006529173193, 48.722125370421232 ], [ 21.17900653, 48.72212537 ], [ 21.17901705, 48.72213236 ], [ 21.179043401304696, 48.72214994412213 ], [ 21.179064588846995, 48.722146993958013 ], [ 21.17912191, 48.72213873 ], [ 21.17952777, 48.72203954 ], [ 21.17960633, 48.72199736 ], [ 21.179728077405386, 48.721951457989192 ], [ 21.179766, 48.721937 ], [ 21.179796644405567, 48.721925589848986 ], [ 21.1798605, 48.72190148 ], [ 21.17987573, 48.72192042 ], [ 21.179919780208877, 48.721898217086711 ], [ 21.179989, 48.721863 ], [ 21.179973, 48.721847 ], [ 21.179942, 48.721817 ], [ 21.179997, 48.721781 ], [ 21.179982848888837, 48.72176507999994 ], [ 21.17998097, 48.72176303 ], [ 21.179981012285506, 48.721763013821196 ], [ 21.179981, 48.721763 ], [ 21.180053419994763, 48.721735310002003 ], [ 21.18006032, 48.72173267 ], [ 21.180061303143471, 48.72173229585691 ], [ 21.180083, 48.721724 ], [ 21.180095040615615, 48.721717285041294 ], [ 21.18013518, 48.72169461 ], [ 21.180148116577044, 48.721685460671239 ], [ 21.18017876123076, 48.721663173650356 ], [ 21.180178226799114, 48.721646762781425 ], [ 21.180177, 48.721621 ], [ 21.180182, 48.721499 ], [ 21.180259953104628, 48.721442700535547 ], [ 21.180308339544403, 48.721407246011694 ], [ 21.180339391239812, 48.721338292982175 ], [ 21.18037594, 48.72125617 ], [ 21.18043404, 48.72120714 ], [ 21.180483449477563, 48.721165389279975 ], [ 21.180528, 48.721127 ], [ 21.180619, 48.721068 ], [ 21.180858, 48.720963 ], [ 21.180860383407943, 48.720960737782292 ], [ 21.18103533, 48.72079403 ], [ 21.181076325300573, 48.720734632649162 ], [ 21.181137, 48.720646 ], [ 21.181137697873087, 48.72064571103693 ], [ 21.18113774, 48.72064565 ], [ 21.18126516, 48.72059195 ], [ 21.181283555429403, 48.720584125664196 ], [ 21.181288, 48.720582 ], [ 21.18153, 48.72048 ], [ 21.181538249044429, 48.720476700382228 ], [ 21.18157055, 48.72046303 ], [ 21.181604422942016, 48.720448789862829 ], [ 21.181613, 48.720445 ], [ 21.181646117500136, 48.720434236812451 ], [ 21.1817728, 48.72039243 ], [ 21.18192319, 48.72033162 ], [ 21.181935389566934, 48.720326690185601 ], [ 21.181951, 48.72032 ], [ 21.181954, 48.720319 ], [ 21.181954395063208, 48.720319008857921 ], [ 21.18195459, 48.72031893 ], [ 21.182036058980831, 48.720320839887464 ], [ 21.182177, 48.720324 ], [ 21.182180070258305, 48.720324204683884 ], [ 21.18219286, 48.72032446 ], [ 21.182214640000158, 48.720325 ], [ 21.182219, 48.720325 ], [ 21.182277472789792, 48.720298704544241 ], [ 21.18238789, 48.72024841 ], [ 21.1825031, 48.72017336 ], [ 21.18252405, 48.72005256 ], [ 21.1825502, 48.71998424 ], [ 21.18271991, 48.71979503 ], [ 21.182786234774458, 48.719766287203981 ], [ 21.182827, 48.719748 ], [ 21.182893, 48.719738 ], [ 21.182951498269652, 48.719718654115546 ], [ 21.18302087, 48.71969522 ], [ 21.183054592879429, 48.719676607022137 ], [ 21.183086, 48.719659 ], [ 21.183123740234546, 48.719633839843638 ], [ 21.183178815877017, 48.719596613341743 ], [ 21.183169, 48.719576 ], [ 21.183164, 48.719565 ], [ 21.182727, 48.719018 ], [ 21.182702, 48.718987 ], [ 21.182662, 48.718937 ], [ 21.18265759015452, 48.718931373645418 ], [ 21.1826329, 48.71890049 ], [ 21.182633239105545, 48.718900305065695 ], [ 21.182633, 48.7189 ], [ 21.182804, 48.718807 ], [ 21.182645, 48.718662 ], [ 21.182591369989879, 48.718610835737472 ], [ 21.18255792, 48.71857958 ], [ 21.182519999299917, 48.718544039355926 ], [ 21.182508, 48.718533 ], [ 21.182456085714136, 48.718490008482021 ], [ 21.18244373, 48.71847982 ], [ 21.182602276153418, 48.71841047682981 ], [ 21.182658, 48.718386 ], [ 21.182658102818998, 48.718386059977753 ], [ 21.1826584, 48.71838593 ], [ 21.182687796223149, 48.718403381130173 ], [ 21.182706, 48.718414 ], [ 21.182745, 48.718397 ], [ 21.18283018521398, 48.718361506160846 ], [ 21.182853027379092, 48.718351753588166 ], [ 21.182855, 48.718334 ], [ 21.182920572772993, 48.7182979048956 ], [ 21.18296423, 48.7182734 ], [ 21.182976368463006, 48.718282790872344 ], [ 21.18305, 48.718241 ], [ 21.183061989305887, 48.718252132926892 ], [ 21.18306375, 48.71825367 ], [ 21.183079099764615, 48.718245763764756 ], [ 21.183086, 48.718242 ], [ 21.183057, 48.718223 ], [ 21.183134, 48.718179 ], [ 21.183134011005169, 48.718179007860833 ], [ 21.18313432, 48.71817883 ], [ 21.1831627, 48.71819845 ], [ 21.183175495994856, 48.718190820609173 ], [ 21.183228, 48.718159 ], [ 21.183271, 48.718112 ], [ 21.183397205523615, 48.718039778341975 ], [ 21.18344455, 48.7180125 ], [ 21.183544139512225, 48.717986903036206 ], [ 21.183609, 48.71797 ], [ 21.18373, 48.717907 ], [ 21.18384, 48.71786 ], [ 21.183840052254649, 48.717860033354036 ], [ 21.18384006, 48.71786003 ], [ 21.18388761, 48.71788935 ], [ 21.184060920867932, 48.717815841735863 ], [ 21.18405670573334, 48.71780741146668 ], [ 21.18405307, 48.71780048 ], [ 21.18405321327959, 48.71780042655918 ], [ 21.184053, 48.7178 ], [ 21.184107149911991, 48.717780309122908 ], [ 21.18418506, 48.71775125 ], [ 21.184259, 48.71772216 ], [ 21.18433545, 48.71769972 ], [ 21.184437762653108, 48.717679447469379 ], [ 21.18451, 48.717665 ], [ 21.184521, 48.717674 ], [ 21.18452345307783, 48.71767629976047 ], [ 21.18453724, 48.71768834 ], [ 21.18466769, 48.71768498 ], [ 21.18473721, 48.71768321 ], [ 21.184767665149021, 48.717698809462526 ], [ 21.184860764133983, 48.717672140482456 ], [ 21.18495912, 48.71764375 ], [ 21.184969770587042, 48.717629053062879 ], [ 21.185008, 48.717576 ], [ 21.185027574442056, 48.717580793740915 ], [ 21.18505679, 48.71758731 ], [ 21.185101325448358, 48.717569394256245 ], [ 21.185138, 48.717554 ], [ 21.185264895756848, 48.717502901037513 ], [ 21.185286927798945, 48.717493917484511 ], [ 21.18528, 48.717486 ], [ 21.185395, 48.717441 ], [ 21.185420233083466, 48.717433825888037 ], [ 21.18549766, 48.71741132 ], [ 21.1855733785316, 48.717462946725185 ], [ 21.185628043739808, 48.717455253103289 ], [ 21.18570868, 48.71744372 ], [ 21.18573075368456, 48.71743749894727 ], [ 21.185771, 48.717426 ], [ 21.185832676315137, 48.717413664736974 ], [ 21.185836035337829, 48.717412986993715 ], [ 21.18598, 48.71736 ], [ 21.186195, 48.717331 ], [ 21.186221087093585, 48.717299943936204 ], [ 21.186236569459695, 48.717280752837972 ], [ 21.186183, 48.71725 ], [ 21.186183395523329, 48.717249528622879 ], [ 21.18618324, 48.71724944 ], [ 21.186202354929037, 48.717226933166764 ], [ 21.186256, 48.717163 ], [ 21.186175, 48.717112 ], [ 21.186183, 48.717035 ], [ 21.186129, 48.7169 ], [ 21.185916, 48.71672 ], [ 21.186211, 48.716376 ], [ 21.186143, 48.71616 ], [ 21.186076, 48.716131 ], [ 21.186085687669038, 48.716083253631176 ], [ 21.186089947030581, 48.716061926025468 ], [ 21.185974, 48.7159 ], [ 21.18595, 48.715738 ], [ 21.185774, 48.715308 ], [ 21.185719188308436, 48.715252304248899 ], [ 21.18571208, 48.71524518 ], [ 21.185712094301856, 48.715245095822858 ], [ 21.185712, 48.715245 ], [ 21.18572, 48.715196 ], [ 21.18564906320707, 48.715019616622989 ], [ 21.18564599, 48.71501207 ], [ 21.185645285937273, 48.714989596282038 ], [ 21.185638, 48.714761 ], [ 21.185623, 48.714586 ], [ 21.18552, 48.714394 ], [ 21.185492, 48.714341 ], [ 21.185446258028147, 48.714293178847612 ], [ 21.18542579, 48.71427189 ], [ 21.185428620399989, 48.714258898000047 ], [ 21.185435, 48.714227 ], [ 21.185375, 48.714015 ], [ 21.185335216821763, 48.713902422070099 ], [ 21.18532775, 48.71388183 ], [ 21.185332307422861, 48.713826618848898 ], [ 21.185335, 48.713792 ], [ 21.185216, 48.71363 ], [ 21.185166, 48.713565 ], [ 21.185095, 48.713473 ], [ 21.185105, 48.71339 ], [ 21.185091, 48.713309 ], [ 21.185063592687346, 48.713278745174343 ], [ 21.18501369, 48.71322467 ], [ 21.184969856861397, 48.713121625487069 ], [ 21.184967, 48.713115 ], [ 21.184963107228437, 48.71309979386109 ], [ 21.18493479, 48.71299017 ], [ 21.184935022151212, 48.712990086528173 ], [ 21.184935, 48.71299 ], [ 21.18495860871149, 48.71298160579147 ], [ 21.18502529, 48.71295763 ], [ 21.185111139459824, 48.71292505638214 ], [ 21.185344, 48.712836 ], [ 21.185424, 48.712668 ], [ 21.185661414510022, 48.712527221546821 ], [ 21.18582204, 48.71243173 ], [ 21.185985104682604, 48.712205530908328 ], [ 21.186239, 48.711853 ], [ 21.186305426977782, 48.711782968457534 ], [ 21.18649715, 48.71158048 ], [ 21.186670090059661, 48.711442952713156 ], [ 21.186823, 48.711321 ], [ 21.186848604241444, 48.711300754785832 ], [ 21.18686617, 48.71128662 ], [ 21.186888355204665, 48.711268709377997 ], [ 21.186921, 48.711242 ], [ 21.186929757029144, 48.711235303448305 ], [ 21.18693781, 48.71122882 ], [ 21.186954081898616, 48.711215714953319 ], [ 21.186984, 48.711191 ], [ 21.187029048723129, 48.711155336427524 ], [ 21.18703226, 48.71115275 ], [ 21.187032392455521, 48.711152643222256 ], [ 21.187043, 48.711143 ], [ 21.187096, 48.711101 ], [ 21.1870966217957, 48.711100911554922 ], [ 21.18709681, 48.71110076 ], [ 21.18732815, 48.71106771 ], [ 21.187351219190749, 48.71102856740881 ], [ 21.187444, 48.710871 ], [ 21.187464, 48.710836 ], [ 21.187634, 48.710547 ], [ 21.187699, 48.710437 ], [ 21.187952, 48.710221 ], [ 21.187988, 48.710192 ], [ 21.18818, 48.710052 ], [ 21.188562857844595, 48.709777212183823 ], [ 21.18856293, 48.70977715 ], [ 21.188761002887876, 48.709634611099517 ], [ 21.188764, 48.709231 ], [ 21.188860018799687, 48.708870439609342 ], [ 21.18887636, 48.70880862 ], [ 21.18891059, 48.70867878 ], [ 21.1889362, 48.70865753 ], [ 21.1889592, 48.70863845 ], [ 21.18900636, 48.70859933 ], [ 21.18903023, 48.70857955 ], [ 21.189034903846061, 48.708575673077 ], [ 21.189047, 48.708565 ], [ 21.189119620939909, 48.708500490973591 ], [ 21.1892349, 48.70839701 ], [ 21.18933073, 48.70831099 ], [ 21.18943606571839, 48.708216366975222 ], [ 21.189452, 48.708202 ], [ 21.18946363139662, 48.708191602236354 ], [ 21.18965024, 48.70802393 ], [ 21.189658290107513, 48.708016709892483 ], [ 21.189659, 48.708016 ], [ 21.189668113559794, 48.70799853234373 ], [ 21.18967145, 48.70799201 ], [ 21.189684990533475, 48.707965470240588 ], [ 21.189826, 48.707688 ], [ 21.189883294471539, 48.707642226699363 ], [ 21.19001012, 48.70754052 ], [ 21.190181, 48.707245 ], [ 21.19118003574399, 48.706991851994836 ], [ 21.191376, 48.706942 ], [ 21.191614590672074, 48.706728038042463 ], [ 21.19168624, 48.70666366 ], [ 21.19172398962694, 48.706629747057683 ], [ 21.191808, 48.706554 ], [ 21.192097929700665, 48.706364319623695 ], [ 21.19221009, 48.70629083 ], [ 21.192275825264012, 48.706233432385595 ], [ 21.192768, 48.705803 ], [ 21.19302465954625, 48.70542741902176 ], [ 21.19310885, 48.70530397 ], [ 21.193459021370316, 48.705003708441858 ], [ 21.193475, 48.70499 ], [ 21.193772, 48.704429 ], [ 21.193799, 48.704217 ], [ 21.193805, 48.704172 ], [ 21.193905348842897, 48.704107068395771 ], [ 21.19404268, 48.70401766 ], [ 21.194072963740886, 48.70397922339415 ], [ 21.194094, 48.703952 ], [ 21.194099, 48.703882 ], [ 21.19393, 48.703661 ], [ 21.193931, 48.70351 ], [ 21.19393168042728, 48.703488906754274 ], [ 21.19393176, 48.70347837 ], [ 21.19406209, 48.70346681 ], [ 21.194071298197027, 48.703458885209869 ], [ 21.194117, 48.703419 ], [ 21.19421, 48.703252 ], [ 21.194307939439305, 48.703032135952576 ], [ 21.194305135719254, 48.703030478350854 ], [ 21.194276, 48.703015 ], [ 21.194258, 48.703003 ], [ 21.193919, 48.702803 ], [ 21.193875967913328, 48.702777001447636 ], [ 21.19387105, 48.7027741 ], [ 21.19386972, 48.70277361 ], [ 21.193856573644787, 48.702768151593951 ], [ 21.193834, 48.70276 ], [ 21.193796, 48.70275 ], [ 21.193796725087132, 48.702749608909699 ], [ 21.19379637, 48.70274952 ], [ 21.193886765820196, 48.702701043632416 ], [ 21.19405, 48.702613 ], [ 21.194412580389947, 48.702351318677842 ], [ 21.19449191, 48.70229393 ], [ 21.19461938, 48.70218567 ], [ 21.19485787, 48.70202399 ], [ 21.194904408545099, 48.701996272362926 ], [ 21.195253, 48.701788 ], [ 21.195411784482545, 48.701690043403808 ], [ 21.19545392, 48.70166387 ], [ 21.19552799930149, 48.701616330037993 ], [ 21.195721, 48.701492 ], [ 21.196087, 48.701263 ], [ 21.196587, 48.700979 ], [ 21.196901851820499, 48.700740322007043 ], [ 21.19714556, 48.70055505 ], [ 21.19743298, 48.7002495 ], [ 21.197515483152348, 48.700154827131904 ], [ 21.197667, 48.69998 ], [ 21.197808, 48.69972 ], [ 21.197897, 48.699376 ], [ 21.19798, 48.699016 ], [ 21.198161, 48.698582 ], [ 21.198335, 48.698285 ], [ 21.198348359291622, 48.698263298443308 ], [ 21.19856436, 48.69791217 ], [ 21.198659382354613, 48.697783151752546 ], [ 21.198802, 48.697589 ], [ 21.198850429830991, 48.697529196496582 ], [ 21.19893414, 48.697425 ], [ 21.1990985, 48.69714898 ], [ 21.199210811998157, 48.697018491631361 ], [ 21.199454, 48.696735 ], [ 21.199632, 48.696326 ], [ 21.199664740742666, 48.696198395054218 ], [ 21.19967113, 48.69617307 ], [ 21.199737663699114, 48.69592051334164 ], [ 21.199752, 48.695866 ], [ 21.199747, 48.695586 ], [ 21.199682, 48.695403 ], [ 21.19961, 48.695191 ], [ 21.199597901060567, 48.695176019451964 ], [ 21.19954232103025, 48.695113730677143 ], [ 21.199524, 48.695119 ], [ 21.1992017, 48.6952932 ], [ 21.198896, 48.695352 ], [ 21.198773351532804, 48.695378852031276 ], [ 21.19872699, 48.6953892 ], [ 21.19862035, 48.69544635 ], [ 21.19843606, 48.69554509 ], [ 21.198210553768675, 48.695599634602026 ], [ 21.198077, 48.695632 ], [ 21.197956, 48.695662 ], [ 21.197736, 48.695665 ], [ 21.197431, 48.69567 ], [ 21.1970853, 48.695686 ], [ 21.1970633, 48.695687 ], [ 21.197005, 48.695715 ], [ 21.196879, 48.695797 ], [ 21.196850865822583, 48.695815181951389 ], [ 21.19673203, 48.69589257 ], [ 21.196603449994065, 48.695976252368752 ], [ 21.196584, 48.695989 ], [ 21.196458650887557, 48.696000660382552 ], [ 21.19645509, 48.696001 ], [ 21.196407777728894, 48.696005512708503 ], [ 21.196162, 48.696029 ], [ 21.196123948250179, 48.69603258978772 ], [ 21.19584419, 48.69605931 ], [ 21.195733137739428, 48.696015753054745 ], [ 21.1955633, 48.6959495 ], [ 21.195388682050986, 48.695880697731845 ], [ 21.19532669, 48.6958564 ], [ 21.195319932943296, 48.695853757826868 ], [ 21.19528, 48.695839 ], [ 21.194806944089471, 48.695911077232509 ], [ 21.19461345, 48.69605573 ], [ 21.19459793, 48.69606731 ], [ 21.19457365, 48.69608545 ], [ 21.19454433, 48.6961074 ], [ 21.19450035, 48.69614023 ], [ 21.19438509, 48.69622637 ], [ 21.194297550280112, 48.696291837289913 ], [ 21.19426, 48.69632 ], [ 21.194139, 48.69642 ], [ 21.19399, 48.696556 ], [ 21.193977487933136, 48.696566948058503 ], [ 21.19395874, 48.69658408 ], [ 21.19380211, 48.69671421 ], [ 21.19373524, 48.696742 ], [ 21.193214753164607, 48.696958447420371 ], [ 21.193062, 48.697022 ], [ 21.19275, 48.697022 ], [ 21.192633, 48.697022 ], [ 21.192579, 48.697014 ], [ 21.1921573, 48.6970967 ], [ 21.1915522, 48.6971297 ], [ 21.190807, 48.697224 ], [ 21.190607, 48.697244 ], [ 21.190334107344707, 48.697269814170092 ], [ 21.19016344, 48.6972864 ], [ 21.190107085318282, 48.697291841832417 ], [ 21.190096, 48.697293 ], [ 21.18993219135691, 48.697356419493019 ], [ 21.18955097, 48.69750427 ], [ 21.18890342, 48.69777316 ], [ 21.188481561074592, 48.697955299219252 ], [ 21.18808, 48.698129 ], [ 21.187984887454313, 48.698169762519576 ], [ 21.18791929, 48.6981981 ], [ 21.1879089, 48.69820263 ], [ 21.187903635872853, 48.698204916271941 ], [ 21.1877044, 48.6982924 ], [ 21.187415, 48.6983197 ], [ 21.186968, 48.698279 ], [ 21.1865845, 48.6982258 ], [ 21.186478, 48.698211 ], [ 21.186339, 48.698192 ], [ 21.185926, 48.698085 ], [ 21.185752, 48.698043 ], [ 21.185415, 48.697987 ], [ 21.185277483670031, 48.697965044226187 ], [ 21.18480153, 48.69788924 ], [ 21.1839181, 48.69784247 ], [ 21.18333412, 48.69775851 ], [ 21.182963990588853, 48.697705280980998 ], [ 21.182955, 48.697704 ], [ 21.182562, 48.697617 ], [ 21.182477380840066, 48.697589703496796 ], [ 21.18219056, 48.69749743 ], [ 21.182174086960156, 48.697492120001115 ], [ 21.182115, 48.697474 ], [ 21.181864998709205, 48.697466882525525 ], [ 21.18183429, 48.69746611 ], [ 21.1814751, 48.69754148 ], [ 21.181191387108711, 48.697600971007851 ], [ 21.181021, 48.697637 ], [ 21.180842003249715, 48.697632858687015 ], [ 21.18063265, 48.69762834 ], [ 21.180596371412108, 48.697627546132637 ], [ 21.180475, 48.697626 ], [ 21.180098, 48.697704 ], [ 21.179828978273417, 48.697800455969194 ], [ 21.17974055, 48.69783219 ], [ 21.17943058, 48.69766034 ], [ 21.179430157402081, 48.69766008705195 ], [ 21.17943, 48.69766 ], [ 21.179182, 48.697513 ], [ 21.178854, 48.697337 ], [ 21.178497, 48.697241 ], [ 21.178464, 48.697232 ], [ 21.178464111716501, 48.69723185777935 ], [ 21.17845052, 48.69723143 ], [ 21.17843286, 48.6972198 ], [ 21.17828374, 48.69731683 ], [ 21.17798677, 48.6974705 ], [ 21.17741606, 48.69771205 ], [ 21.17692092, 48.69790141 ], [ 21.17655126, 48.69805008 ], [ 21.17634302, 48.69815947 ], [ 21.17582257, 48.69869773 ], [ 21.17551659, 48.69909484 ], [ 21.17541441, 48.69923666 ], [ 21.17483099, 48.70012136 ], [ 21.17449971, 48.70031086 ], [ 21.17393517, 48.70080531 ], [ 21.17383373, 48.70093499 ], [ 21.17316432, 48.70165725 ], [ 21.17311505, 48.70182712 ], [ 21.17309182, 48.70186636 ], [ 21.17303732, 48.701958 ], [ 21.17283627, 48.70231233 ], [ 21.17269628, 48.70251597 ], [ 21.17248111, 48.70276433 ], [ 21.17218056, 48.70299314 ], [ 21.17199467, 48.70317499 ], [ 21.17185988, 48.70332558 ], [ 21.17175951, 48.70346088 ], [ 21.17159866, 48.70382332 ], [ 21.17140155, 48.70412095 ], [ 21.1712076, 48.70439735 ], [ 21.17099917, 48.70462188 ], [ 21.17076675, 48.70501464 ], [ 21.1705869, 48.70523134 ], [ 21.17013054, 48.70574099 ], [ 21.1700619, 48.70585505 ], [ 21.16987978, 48.7060579 ], [ 21.16962145, 48.70646065 ], [ 21.16952356, 48.70655965 ], [ 21.16917322, 48.70700441 ], [ 21.16878672, 48.70760874 ], [ 21.16801846, 48.7085613 ], [ 21.16794699, 48.70864286 ], [ 21.16784525, 48.70871779 ], [ 21.16769906, 48.70884317 ], [ 21.1675491, 48.70894709 ], [ 21.16727446, 48.70916483 ], [ 21.16623794, 48.70976279 ], [ 21.16569288, 48.710164 ], [ 21.16521615, 48.71046312 ], [ 21.16444207, 48.71104723 ], [ 21.16411973, 48.71141039 ], [ 21.16372933, 48.71174393 ], [ 21.16311695, 48.71230587 ], [ 21.1627307, 48.7127059 ], [ 21.16206758, 48.71331242 ], [ 21.1618818, 48.71342042 ], [ 21.16171659, 48.71347343 ], [ 21.16173157, 48.71350146 ], [ 21.16172268, 48.71355097 ], [ 21.16170284, 48.71366135 ], [ 21.16191707, 48.71439474 ], [ 21.16204886, 48.71501152 ], [ 21.1622784, 48.71606141 ], [ 21.16236638, 48.71646414 ], [ 21.16223126, 48.71722876 ], [ 21.16214309, 48.71773026 ], [ 21.16228406, 48.71782035 ], [ 21.16222878, 48.71826788 ], [ 21.16211153, 48.71852274 ], [ 21.16220616, 48.71880558 ], [ 21.1624136, 48.71889859 ], [ 21.16260707, 48.71893453 ], [ 21.16350819, 48.71935655 ], [ 21.16400899, 48.7197016 ], [ 21.16422278, 48.71977455 ], [ 21.16479111, 48.71989178 ], [ 21.16499594, 48.71988756 ], [ 21.16541888, 48.7196729 ], [ 21.16570361, 48.71969264 ], [ 21.16580962, 48.71980152 ], [ 21.16616084, 48.72001387 ], [ 21.16635388, 48.72009157 ], [ 21.16650262, 48.72033595 ], [ 21.16677105, 48.72046069 ], [ 21.16711354, 48.72057175 ], [ 21.16752189, 48.72053993 ], [ 21.16765812, 48.72063374 ], [ 21.16810875, 48.72058175 ], [ 21.16826287, 48.72063137 ], [ 21.16859076, 48.72082597 ], [ 21.16868217, 48.72093744 ], [ 21.16891902, 48.72102858 ], [ 21.16894755, 48.72107054 ], [ 21.16890972, 48.72111013 ], [ 21.16884651, 48.72112992 ], [ 21.16889545, 48.7211908 ], [ 21.16897342, 48.72118886 ], [ 21.16906597, 48.72129209 ], [ 21.16910959, 48.7213194 ], [ 21.16922517, 48.72143155 ], [ 21.16919947, 48.72148025 ], [ 21.16920252, 48.72155841 ], [ 21.1693169, 48.72162335 ], [ 21.16926881, 48.72170691 ], [ 21.16940451, 48.7218269 ], [ 21.16937227, 48.72191141 ], [ 21.16947798, 48.72207169 ], [ 21.16944663, 48.72215344 ], [ 21.16950833, 48.72220905 ], [ 21.16939298, 48.7223157 ], [ 21.16935318, 48.72238628 ], [ 21.16938482, 48.72250199 ], [ 21.16930662, 48.72262178 ], [ 21.16932104, 48.72262179 ], [ 21.169342, 48.72262173 ], [ 21.16936201, 48.72262174 ], [ 21.16935396, 48.72264264 ], [ 21.16931437, 48.72274412 ], [ 21.16932081, 48.72275107 ], [ 21.16932303, 48.72275619 ], [ 21.1693341, 48.72278184 ], [ 21.16934517, 48.72280749 ], [ 21.16934948, 48.72281762 ], [ 21.16951186, 48.72290559 ], [ 21.1694631, 48.72294195 ], [ 21.16952861, 48.72300516 ], [ 21.16958755, 48.72305375 ], [ 21.16969265, 48.72316053 ], [ 21.16975335, 48.72319054 ], [ 21.16981222, 48.72321374 ], [ 21.16989358, 48.72324414 ], [ 21.16990831, 48.72325316 ], [ 21.16994699, 48.72327707 ], [ 21.16997776, 48.72334467 ], [ 21.16998539, 48.72337093 ], [ 21.16997767, 48.7234419 ], [ 21.16997685, 48.72344953 ], [ 21.170813391306822, 48.723513774834629 ], [ 21.170882, 48.723519 ], [ 21.171454, 48.723627 ], [ 21.171510278869722, 48.723637856947306 ], [ 21.17170864, 48.72367539 ], [ 21.1723568, 48.7237979 ], [ 21.17237003, 48.72380318 ], [ 21.17259848, 48.72389395 ], [ 21.172666139783761, 48.723920610803127 ], [ 21.172767, 48.72396 ], [ 21.172771537104623, 48.72396213510806 ], [ 21.17278413, 48.72396708 ], [ 21.17280397, 48.72397491 ], [ 21.17285302, 48.72399483 ], [ 21.17282798, 48.72402123 ], [ 21.17278953, 48.72406179 ], [ 21.173581766025102, 48.724293259923343 ], [ 21.173694, 48.724326 ], [ 21.174281, 48.724342 ], [ 21.174492645721539, 48.724327286661072 ], [ 21.17484254, 48.72430243 ] ] ] } },
{ "type": "Feature", "properties": { "@featureType": "CadastralZoning", "beginLifespanVersion": { "@nilReason": "http://inspire.ec.europa.eu/codelist/VoidReasonValue/Unpopulated", "@nil": "true" }, "endLifespanVersion": { "@nilReason": "http://inspire.ec.europa.eu/codelist/VoidReasonValue/Unpopulated", "@nil": "true" }, "estimatedAccuracy": { "value": -1, "@uom": "m" }, "inspireId": { "@dataType": "Identifier", "localId": "873322", "namespace": "SK.ESKN.CP", "versionId": "20260703T04:07:40" }, "label": "Zlatá Idka", "level": { "@href": "http://inspire.ec.europa.eu/codelist/CadastralZoningLevelValue/3rdOrder" }, "levelName": { "value": "Katastrálne územie", "@locale": "sk" }, "name_1": { "@dataType": "name", "GeographicalName": { "@dataType": "GeographicalName", "language": "SLK", "nativeness": { "@href": "http://inspire.ec.europa.eu/codelist/NativenessValue/endonym", "@title": "endonym" }, "nameStatus": { "@href": "http://inspire.ec.europa.eu/codelist/NameStatusValue/official", "@title": "official" }, "sourceOfName": { "@nilReason": "http://inspire.ec.europa.eu/codelist/VoidReasonValue/Unpopulated", "@nil": "true" }, "pronunciation": { "@dataType": "pronunciation", "@nilReason": "http://inspire.ec.europa.eu/codelist/VoidReasonValue/Unpopulated", "@nil": "true" }, "spelling": { "@dataType": "SpellingOfName", "text": "Zlatá Idka", "script": "LATN" } } }, "nationalCadastalZoningReference": "873322", "validFrom": "2026-06-30T16:00:00Z", "validTo": { "@nilReason": "http://inspire.ec.europa.eu/codelist/VoidReasonValue/Unpopulated", "@nil": "true" }, "place_id": 189396049, "osm_type": "relation", "osm_id": 388209, "place_rank": 12, "category": "boundary", "type": "administrative", "importance": 0.54120382821693425, "addresstype": "county", "name_2": "okres Košice-okolie", "display_name": "okres Košice-okolie, Košický kraj, Slovensko" }, "geometry": { "type": "Polygon", "coordinates": [ [ [ 20.97226281, 48.77868393 ], [ 20.97326229, 48.77851283 ], [ 20.973406975960124, 48.778474157384267 ], [ 20.973792, 48.778371 ], [ 20.976267071939969, 48.777792962899319 ], [ 20.97886608, 48.77718574 ], [ 20.980010846278205, 48.777386090250424 ], [ 20.980531, 48.777477 ], [ 20.980532883961295, 48.777475576507562 ], [ 20.98056296, 48.7774347 ], [ 20.981601216581428, 48.776650883693868 ], [ 20.981614, 48.776641 ], [ 20.982161280241179, 48.776422087903526 ], [ 20.98306947, 48.77605849 ], [ 20.983244598970838, 48.775984049219765 ], [ 20.983397, 48.775919 ], [ 20.984423374119515, 48.775613791672868 ], [ 20.98616834, 48.7750944 ], [ 20.9863606, 48.77498823 ], [ 20.987311874445329, 48.774855289466679 ], [ 20.987677, 48.774804 ], [ 20.987945042702314, 48.774761042552647 ], [ 20.98858798, 48.77465733 ], [ 20.98977976, 48.77428591 ], [ 20.99099089, 48.77386398 ], [ 20.99114761, 48.77379687 ], [ 20.99154328, 48.77362739 ], [ 20.991899102486819, 48.773579074614858 ], [ 20.992118, 48.773549 ], [ 20.993099965758425, 48.773409406828463 ], [ 20.99334244, 48.77337485 ], [ 20.994492663046973, 48.773175571806775 ], [ 20.994871, 48.77311 ], [ 20.994904659107117, 48.773106352900719 ], [ 20.99608035, 48.77297843 ], [ 20.996455892979995, 48.772880675052789 ], [ 20.996879, 48.77277 ], [ 20.997419676055245, 48.772597551727223 ], [ 20.99794593, 48.77242917 ], [ 20.997991104865466, 48.772411269898406 ], [ 20.998041, 48.772391 ], [ 20.998710203786363, 48.772046795844986 ], [ 20.99894713, 48.77192475 ], [ 20.99946224, 48.77163286 ], [ 20.999813931057613, 48.771609649124137 ], [ 20.999883960464576, 48.771605002623204 ], [ 20.999903844314144, 48.77159154996486 ], [ 21.000244, 48.771361 ], [ 21.000431432369325, 48.771282345345014 ], [ 21.00057992, 48.77121971 ], [ 21.001068746360176, 48.771089125407336 ], [ 21.001241, 48.771043 ], [ 21.001973, 48.770845 ], [ 21.002764, 48.77038 ], [ 21.002764568092577, 48.77038002288289 ], [ 21.00276459, 48.77038001 ], [ 21.003222144723249, 48.770398454165736 ], [ 21.003906, 48.770426 ], [ 21.003906221915635, 48.770426029518966 ], [ 21.00390673, 48.77042605 ], [ 21.003990490540456, 48.770437238836045 ], [ 21.004966, 48.770567 ], [ 21.005714, 48.770655 ], [ 21.006471, 48.770754 ], [ 21.0066261, 48.7707634 ], [ 21.00671441710039, 48.77076875255154 ], [ 21.00729639, 48.77080359 ], [ 21.007942063277486, 48.770941512208935 ], [ 21.008884, 48.771142 ], [ 21.009259, 48.771221 ], [ 21.009691, 48.771314 ], [ 21.011142903568764, 48.771607671146768 ], [ 21.01145623, 48.77167096 ], [ 21.01272817, 48.77209857 ], [ 21.013121773351866, 48.772204646509032 ], [ 21.013179, 48.77222 ], [ 21.013289467819295, 48.772250105515589 ], [ 21.01454421, 48.77259128 ], [ 21.015274849575732, 48.772656330679531 ], [ 21.015645945599086, 48.772688995211531 ], [ 21.01596671, 48.77167678 ], [ 21.01619339, 48.77129004 ], [ 21.01682082, 48.77087463 ], [ 21.01727862, 48.77034747 ], [ 21.01753112, 48.7699198 ], [ 21.01757593, 48.76940119 ], [ 21.01838617, 48.7685441 ], [ 21.01930398, 48.76730742 ], [ 21.01999461, 48.76680773 ], [ 21.02112411, 48.7661957 ], [ 21.02154046, 48.76602067 ], [ 21.02204493, 48.76582585 ], [ 21.0223122, 48.76564807 ], [ 21.02295111, 48.76554177 ], [ 21.02359494, 48.76551856 ], [ 21.02428588, 48.76539766 ], [ 21.02492837, 48.76518386 ], [ 21.02563245, 48.76517261 ], [ 21.02580441, 48.76516989 ], [ 21.02715729, 48.76460873 ], [ 21.02858269, 48.7640411 ], [ 21.02929576, 48.76379016 ], [ 21.02996041, 48.76356005 ], [ 21.03036168, 48.76340926 ], [ 21.03133449, 48.76307454 ], [ 21.03211433, 48.7627975 ], [ 21.03215909, 48.76278177 ], [ 21.03320703, 48.76241664 ], [ 21.03461982, 48.76164126 ], [ 21.03506045, 48.76162068 ], [ 21.03549133, 48.76169028 ], [ 21.0363772, 48.76100303 ], [ 21.03707717, 48.76082212 ], [ 21.04025398, 48.76037694 ], [ 21.04215857, 48.75972986 ], [ 21.04330285, 48.7591073 ], [ 21.04392009, 48.75881568 ], [ 21.04413764, 48.75871835 ], [ 21.04510841, 48.75830827 ], [ 21.04626843, 48.75772573 ], [ 21.04681757, 48.75744997 ], [ 21.04730083, 48.75552727 ], [ 21.04735505, 48.75509531 ], [ 21.04550201, 48.75397313 ], [ 21.04511421, 48.75345036 ], [ 21.04462247, 48.75293013 ], [ 21.04432436, 48.75255553 ], [ 21.04418858, 48.75206081 ], [ 21.04417301, 48.75162467 ], [ 21.04405493, 48.75103887 ], [ 21.04375883, 48.75056682 ], [ 21.04368628, 48.75000231 ], [ 21.04349553, 48.74933246 ], [ 21.04352438, 48.74903068 ], [ 21.04350549, 48.74864073 ], [ 21.04342881, 48.74818981 ], [ 21.04336286, 48.74797569 ], [ 21.04337069, 48.74738527 ], [ 21.04364487, 48.74666148 ], [ 21.04393384, 48.74622775 ], [ 21.04405024, 48.74595667 ], [ 21.04450539, 48.74527968 ], [ 21.04489841, 48.74450665 ], [ 21.04530935, 48.74375591 ], [ 21.04580357, 48.74292559 ], [ 21.04608613, 48.74234209 ], [ 21.0464017, 48.74183044 ], [ 21.04643547, 48.74160635 ], [ 21.04657157, 48.74124082 ], [ 21.04733556, 48.73962731 ], [ 21.04774277, 48.73861226 ], [ 21.04799758, 48.73797679 ], [ 21.04791864, 48.7363024 ], [ 21.0474555, 48.73590044 ], [ 21.04694387, 48.73529663 ], [ 21.04646335, 48.73428063 ], [ 21.04612833, 48.73327759 ], [ 21.04569635, 48.73268512 ], [ 21.04566858, 48.73264693 ], [ 21.04550734, 48.73242582 ], [ 21.04533837, 48.73212793 ], [ 21.04399487, 48.7302923 ], [ 21.04374982, 48.72979066 ], [ 21.04338372, 48.72931352 ], [ 21.04298525, 48.72921997 ], [ 21.04226965, 48.72901915 ], [ 21.04159904, 48.72889751 ], [ 21.04090286, 48.72870831 ], [ 21.04087038, 48.72868572 ], [ 21.04031629, 48.72821303 ], [ 21.03966693, 48.72757136 ], [ 21.03932918, 48.72734338 ], [ 21.03888242, 48.72700088 ], [ 21.03887157, 48.72700575 ], [ 21.03803263, 48.7273784 ], [ 21.03771802, 48.72758472 ], [ 21.03754512, 48.72763623 ], [ 21.0374049, 48.72765486 ], [ 21.0371574, 48.72771743 ], [ 21.03692327, 48.72775414 ], [ 21.03677236, 48.72779737 ], [ 21.0364309, 48.72789521 ], [ 21.0361121, 48.7279865 ], [ 21.03598811, 48.72801187 ], [ 21.03591209, 48.72802739 ], [ 21.03584713, 48.72804065 ], [ 21.03583704, 48.72804275 ], [ 21.03577359, 48.72805571 ], [ 21.03574526, 48.72806153 ], [ 21.03573199, 48.72806425 ], [ 21.03556183, 48.7280973 ], [ 21.03549812, 48.72809746 ], [ 21.03541241, 48.72822413 ], [ 21.0353907, 48.72824313 ], [ 21.03527371, 48.72834582 ], [ 21.03524604, 48.72837003 ], [ 21.03522842, 48.7283726 ], [ 21.03507375, 48.72839517 ], [ 21.03495192, 48.72846618 ], [ 21.03488068, 48.72856487 ], [ 21.03488635, 48.72862178 ], [ 21.0348896, 48.72865475 ], [ 21.03478161, 48.72876809 ], [ 21.03475932, 48.72879131 ], [ 21.03473094, 48.72882117 ], [ 21.03466063, 48.72885128 ], [ 21.03457809, 48.72888657 ], [ 21.03457051, 48.72890595 ], [ 21.03454221, 48.72897849 ], [ 21.03454231, 48.72904612 ], [ 21.03447916, 48.72906611 ], [ 21.03438123, 48.72905974 ], [ 21.03418483, 48.7290469 ], [ 21.03416511, 48.72907759 ], [ 21.03413167, 48.72912962 ], [ 21.03400662, 48.72935062 ], [ 21.03400092, 48.72935593 ], [ 21.03387603, 48.72947131 ], [ 21.03386974, 48.72947714 ], [ 21.03386148, 48.7294802 ], [ 21.03371332, 48.72953558 ], [ 21.03368546, 48.72954961 ], [ 21.0335245, 48.7296305 ], [ 21.03336641, 48.72964043 ], [ 21.03328651, 48.72962412 ], [ 21.03321091, 48.72960868 ], [ 21.0330064, 48.72965491 ], [ 21.03292108, 48.72969461 ], [ 21.0328665, 48.72972001 ], [ 21.03287019, 48.72972895 ], [ 21.03288759, 48.72977085 ], [ 21.03291539, 48.72983759 ], [ 21.03291362, 48.72986842 ], [ 21.03290731, 48.72997986 ], [ 21.03290469, 48.7300275 ], [ 21.03281213, 48.73004751 ], [ 21.03271652, 48.73006823 ], [ 21.03256591, 48.73010183 ], [ 21.03256384, 48.73010221 ], [ 21.03249406, 48.73011432 ], [ 21.03246455, 48.73011948 ], [ 21.03244883, 48.7301222 ], [ 21.03244151, 48.73012349 ], [ 21.03236856, 48.73013622 ], [ 21.03236139, 48.73013743 ], [ 21.03211562, 48.73018032 ], [ 21.03201168, 48.7302123 ], [ 21.03194787, 48.7302319 ], [ 21.03193056, 48.73024682 ], [ 21.03186145, 48.73030623 ], [ 21.03183584, 48.73032817 ], [ 21.03182668, 48.73033606 ], [ 21.03179695, 48.73040208 ], [ 21.03174159, 48.73052497 ], [ 21.03161731, 48.73066658 ], [ 21.03160114, 48.73067163 ], [ 21.03154721, 48.73068832 ], [ 21.03154248, 48.73068978 ], [ 21.0315121, 48.73069923 ], [ 21.0313595, 48.73074662 ], [ 21.03128448, 48.73078675 ], [ 21.03127248, 48.73080878 ], [ 21.03121866, 48.7309075 ], [ 21.03119849, 48.73113825 ], [ 21.03118919, 48.73116414 ], [ 21.0311677, 48.73122386 ], [ 21.03116512, 48.73123098 ], [ 21.03115387, 48.73123763 ], [ 21.03095831, 48.73135321 ], [ 21.03093278, 48.73137597 ], [ 21.03074959, 48.73153896 ], [ 21.0306125, 48.73166079 ], [ 21.03038353, 48.73186415 ], [ 21.03034957, 48.7318995 ], [ 21.03026909, 48.73198338 ], [ 21.03014091, 48.73211703 ], [ 21.0300439, 48.73221811 ], [ 21.02993085, 48.73230786 ], [ 21.03012055, 48.73265842 ], [ 21.0300709, 48.73268893 ], [ 21.0300619, 48.73269449 ], [ 21.03000268, 48.7327309 ], [ 21.02978806, 48.73278301 ], [ 21.02972089, 48.73282556 ], [ 21.02971978, 48.73282948 ], [ 21.02969478, 48.7329449 ], [ 21.02968066, 48.73300963 ], [ 21.02971253, 48.73325055 ], [ 21.02971472, 48.73326665 ], [ 21.02963547, 48.7333197 ], [ 21.02963367, 48.73332009 ], [ 21.02947617, 48.73335642 ], [ 21.02940204, 48.73340288 ], [ 21.02933747, 48.73344335 ], [ 21.02919431, 48.73352626 ], [ 21.02910622, 48.7335773 ], [ 21.029097, 48.73358411 ], [ 21.02889443, 48.73373304 ], [ 21.02875045, 48.73382682 ], [ 21.02861911, 48.73387914 ], [ 21.02853843, 48.73391125 ], [ 21.02849461, 48.73392745 ], [ 21.02839128, 48.73396566 ], [ 21.02838692, 48.73398929 ], [ 21.02834843, 48.73419728 ], [ 21.02833946, 48.73424597 ], [ 21.02814866, 48.73437224 ], [ 21.02813697, 48.73447721 ], [ 21.02801724, 48.73453261 ], [ 21.02801203, 48.73453496 ], [ 21.02784238, 48.73466229 ], [ 21.02766384, 48.73493699 ], [ 21.0276462, 48.73494902 ], [ 21.02756529, 48.73500399 ], [ 21.02751928, 48.73506199 ], [ 21.02753514, 48.73510276 ], [ 21.02756432, 48.73517819 ], [ 21.02756807, 48.73518444 ], [ 21.02762565, 48.73527871 ], [ 21.02761662, 48.73534451 ], [ 21.02761156, 48.73536847 ], [ 21.02760796, 48.73538555 ], [ 21.02760588, 48.73539512 ], [ 21.02758728, 48.73540891 ], [ 21.02752414, 48.73545573 ], [ 21.02738835, 48.73555635 ], [ 21.0273303, 48.73561333 ], [ 21.02725976, 48.73568259 ], [ 21.02722391, 48.7357177 ], [ 21.0272142, 48.73572729 ], [ 21.0271432, 48.73580815 ], [ 21.02713352, 48.73581918 ], [ 21.02699996, 48.73592266 ], [ 21.02684554, 48.73600312 ], [ 21.0268396, 48.73601509 ], [ 21.02682483, 48.73604503 ], [ 21.02676374, 48.73610434 ], [ 21.02673811, 48.73614474 ], [ 21.02651133, 48.73616997 ], [ 21.02647523, 48.73617401 ], [ 21.02636071, 48.73623786 ], [ 21.02621833, 48.73643335 ], [ 21.02614697, 48.73663297 ], [ 21.02613903, 48.73665531 ], [ 21.02614502, 48.73666622 ], [ 21.02620212, 48.73677048 ], [ 21.02616491, 48.73681824 ], [ 21.02608944, 48.73691489 ], [ 21.02600498, 48.73698991 ], [ 21.02598561, 48.73703033 ], [ 21.0260986, 48.73721143 ], [ 21.02610514, 48.73722227 ], [ 21.02611638, 48.7372411 ], [ 21.02612763, 48.73725993 ], [ 21.02606992, 48.73729414 ], [ 21.02589433, 48.73739714 ], [ 21.0258391, 48.73741657 ], [ 21.02570486, 48.73746384 ], [ 21.02536971, 48.73767748 ], [ 21.02532426, 48.73779682 ], [ 21.02518166, 48.7379064 ], [ 21.02511246, 48.7379595 ], [ 21.02488555, 48.73813302 ], [ 21.02484247, 48.73819184 ], [ 21.02475554, 48.73831054 ], [ 21.02457877, 48.73834218 ], [ 21.02449778, 48.73835663 ], [ 21.0243035, 48.73846189 ], [ 21.02425979, 48.73848557 ], [ 21.02419394, 48.73857012 ], [ 21.02407204, 48.73872656 ], [ 21.02400681, 48.73875944 ], [ 21.02395912, 48.73878354 ], [ 21.02377361, 48.73887711 ], [ 21.02375379, 48.73889087 ], [ 21.02369633, 48.73893084 ], [ 21.02365893, 48.73892133 ], [ 21.02362781, 48.73891337 ], [ 21.02360655, 48.73890466 ], [ 21.02356058, 48.73888595 ], [ 21.02351134, 48.73890711 ], [ 21.02343298, 48.73896612 ], [ 21.02340038, 48.73899593 ], [ 21.02332858, 48.73906182 ], [ 21.02331147, 48.73907756 ], [ 21.02331059, 48.73907834 ], [ 21.02313544, 48.73923879 ], [ 21.02303802, 48.73922892 ], [ 21.02288846, 48.73921383 ], [ 21.02286062, 48.73921102 ], [ 21.02238324, 48.73951802 ], [ 21.02221615, 48.73962553 ], [ 21.02218039, 48.73964848 ], [ 21.02216737, 48.73965688 ], [ 21.02215639, 48.73966165 ], [ 21.02191158, 48.73976884 ], [ 21.02188315, 48.73978123 ], [ 21.02187292, 48.73978333 ], [ 21.02164088, 48.73983107 ], [ 21.02116381, 48.73993296 ], [ 21.02114791, 48.73995611 ], [ 21.02110737, 48.74001547 ], [ 21.02096695, 48.74016824 ], [ 21.02093985, 48.74021174 ], [ 21.02092499, 48.74023556 ], [ 21.02086433, 48.74032883 ], [ 21.02084016, 48.74036594 ], [ 21.020535, 48.74056407 ], [ 21.02030493, 48.74072866 ], [ 21.02021474, 48.74076027 ], [ 21.02005917, 48.74075064 ], [ 21.01993197, 48.74076212 ], [ 21.01977193, 48.74081556 ], [ 21.01967431, 48.74084818 ], [ 21.01965638, 48.74086217 ], [ 21.01945998, 48.74101517 ], [ 21.01936427, 48.74108387 ], [ 21.01926735, 48.74115605 ], [ 21.0190859, 48.74122255 ], [ 21.01890656, 48.74129183 ], [ 21.01879389, 48.741367 ], [ 21.01859637, 48.74149871 ], [ 21.01859044, 48.74150518 ], [ 21.01848748, 48.74161587 ], [ 21.01831594, 48.7417641 ], [ 21.01813154, 48.74190056 ], [ 21.01800544, 48.74194971 ], [ 21.01798146, 48.7419591 ], [ 21.01787746, 48.74202032 ], [ 21.01781978, 48.74206849 ], [ 21.01778556, 48.74210176 ], [ 21.01774839, 48.7421379 ], [ 21.01761072, 48.74222142 ], [ 21.01758578, 48.74223618 ], [ 21.01746695, 48.74230637 ], [ 21.01743413, 48.74233536 ], [ 21.01732458, 48.74243242 ], [ 21.0172256, 48.74247211 ], [ 21.01716544, 48.74248814 ], [ 21.01713535, 48.74249723 ], [ 21.01712644, 48.74249991 ], [ 21.01704686, 48.7425659 ], [ 21.01673658, 48.74276646 ], [ 21.01662139, 48.74290394 ], [ 21.01652864, 48.7429749 ], [ 21.01648961, 48.74299054 ], [ 21.01648245, 48.74299346 ], [ 21.01623523, 48.74303834 ], [ 21.01592319, 48.74308334 ], [ 21.01572034, 48.74314464 ], [ 21.01564256, 48.74316503 ], [ 21.01536322, 48.74327297 ], [ 21.01534222, 48.74328966 ], [ 21.01524293, 48.74332267 ], [ 21.01521906, 48.74331972 ], [ 21.01492149, 48.74328289 ], [ 21.01479005, 48.7433162 ], [ 21.01469407, 48.74337939 ], [ 21.01461136, 48.74343619 ], [ 21.014595, 48.74344735 ], [ 21.01454441, 48.74348818 ], [ 21.01448599, 48.74353524 ], [ 21.01444414, 48.74354863 ], [ 21.01439056, 48.74356586 ], [ 21.01410747, 48.74365656 ], [ 21.0139701, 48.74369633 ], [ 21.01380339, 48.74376026 ], [ 21.0137554, 48.7437919 ], [ 21.01365668, 48.74385699 ], [ 21.01361442, 48.74388486 ], [ 21.01339802, 48.74395966 ], [ 21.01338654, 48.74396018 ], [ 21.01314085, 48.74397206 ], [ 21.01289533, 48.74403392 ], [ 21.01256849, 48.74411624 ], [ 21.01240586, 48.74411529 ], [ 21.01238259, 48.74411515 ], [ 21.01231983, 48.74411695 ], [ 21.01221081, 48.74412002 ], [ 21.01202498, 48.74412523 ], [ 21.01188336, 48.7441491 ], [ 21.01171277, 48.74418687 ], [ 21.01162856, 48.74425091 ], [ 21.01159231, 48.74427843 ], [ 21.01154845, 48.74429319 ], [ 21.01131251, 48.74437248 ], [ 21.01100307, 48.74447662 ], [ 21.01092513, 48.74450277 ], [ 21.01077995, 48.74452859 ], [ 21.01076601, 48.7445311 ], [ 21.01072107, 48.74452944 ], [ 21.01070461, 48.74452205 ], [ 21.01065793, 48.74450908 ], [ 21.01061353, 48.74449671 ], [ 21.00987346, 48.74454476 ], [ 21.00972106, 48.74453091 ], [ 21.00962919, 48.7445846 ], [ 21.00953149, 48.74464161 ], [ 21.00939736, 48.74464367 ], [ 21.00927277, 48.74464559 ], [ 21.00925977, 48.74464831 ], [ 21.0089555, 48.74471092 ], [ 21.008692, 48.744735 ], [ 21.00861442, 48.74477791 ], [ 21.00859922, 48.74478632 ], [ 21.00824901, 48.74479384 ], [ 21.00821437, 48.74479459 ], [ 21.0081455, 48.74479609 ], [ 21.00811737, 48.74484235 ], [ 21.00805115, 48.74495118 ], [ 21.00793224, 48.74495896 ], [ 21.00780881, 48.74492751 ], [ 21.007689, 48.7448969 ], [ 21.00758602, 48.74490646 ], [ 21.00756998, 48.744908 ], [ 21.00744068, 48.74492003 ], [ 21.00733911, 48.74496502 ], [ 21.00719473, 48.74502896 ], [ 21.00689088, 48.74516353 ], [ 21.00680852, 48.74522825 ], [ 21.0065009, 48.7454703 ], [ 21.00638469, 48.74555416 ], [ 21.00615273, 48.74564905 ], [ 21.0058738, 48.74571691 ], [ 21.00581748, 48.74573063 ], [ 21.005803, 48.74574203 ], [ 21.0056616, 48.74585297 ], [ 21.00563807, 48.74586165 ], [ 21.00557364, 48.74588545 ], [ 21.00556873, 48.74588727 ], [ 21.00543609, 48.74591647 ], [ 21.00520742, 48.74596771 ], [ 21.00510598, 48.74590295 ], [ 21.00509351, 48.74589506 ], [ 21.00497889, 48.74588929 ], [ 21.00487107, 48.74588375 ], [ 21.00480297, 48.74588033 ], [ 21.0046265, 48.74599227 ], [ 21.00455881, 48.74606819 ], [ 21.00451463, 48.74611769 ], [ 21.00449379, 48.74614122 ], [ 21.00434566, 48.74620233 ], [ 21.00412227, 48.74629543 ], [ 21.00388916, 48.74628655 ], [ 21.00385354, 48.74628762 ], [ 21.00381874, 48.74628872 ], [ 21.00380442, 48.74630158 ], [ 21.00377401, 48.7463293 ], [ 21.00366551, 48.746428 ], [ 21.003247, 48.74670311 ], [ 21.00322497, 48.74671174 ], [ 21.00316071, 48.74673681 ], [ 21.00305451, 48.74677823 ], [ 21.00288613, 48.74687837 ], [ 21.00285778, 48.74693821 ], [ 21.00287627, 48.74698898 ], [ 21.00292482, 48.7470402 ], [ 21.00293073, 48.74706642 ], [ 21.00292699, 48.74707449 ], [ 21.00291889, 48.74709151 ], [ 21.00291175, 48.74710676 ], [ 21.00268927, 48.74725617 ], [ 21.00266288, 48.74727385 ], [ 21.00264453, 48.74730043 ], [ 21.00261029, 48.7473499 ], [ 21.00261236, 48.74736933 ], [ 21.00261828, 48.74742599 ], [ 21.00262251, 48.74746548 ], [ 21.00250453, 48.74752586 ], [ 21.00229108, 48.74764036 ], [ 21.00220398, 48.74773158 ], [ 21.00216213, 48.74777548 ], [ 21.00212117, 48.74781834 ], [ 21.00201099, 48.74793382 ], [ 21.00199695, 48.74794849 ], [ 21.00196401, 48.74796451 ], [ 21.00192911, 48.74798136 ], [ 21.00187694, 48.74800674 ], [ 21.00177969, 48.74805394 ], [ 21.00172898, 48.74808531 ], [ 21.00167748, 48.74812359 ], [ 21.00163463, 48.7481554 ], [ 21.0015162, 48.74824323 ], [ 21.00144631, 48.74824911 ], [ 21.00140355, 48.74825274 ], [ 21.00139848, 48.7482532 ], [ 21.00136098, 48.74827186 ], [ 21.0013562, 48.74829367 ], [ 21.0013512, 48.74831665 ], [ 21.00135592, 48.74834778 ], [ 21.0013636, 48.74839747 ], [ 21.00136417, 48.74844927 ], [ 21.00132685, 48.74848729 ], [ 21.00128229, 48.74853273 ], [ 21.00127565, 48.74853944 ], [ 21.00127827, 48.74855168 ], [ 21.00127875, 48.74855431 ], [ 21.00123579, 48.7486668 ], [ 21.00122306, 48.74870014 ], [ 21.0011962, 48.74873113 ], [ 21.00116457, 48.74876772 ], [ 21.00113005, 48.74879197 ], [ 21.00102665, 48.74886464 ], [ 21.00090767, 48.74901008 ], [ 21.00083072, 48.74910388 ], [ 21.00077931, 48.74912649 ], [ 21.00069531, 48.74917126 ], [ 21.00064012, 48.74920067 ], [ 21.00061543, 48.74921381 ], [ 21.0005835, 48.74923635 ], [ 21.00051931, 48.74928924 ], [ 21.00051481, 48.74929657 ], [ 21.00047346, 48.74936255 ], [ 21.00045516, 48.74939202 ], [ 21.00042558, 48.74943922 ], [ 21.00031365, 48.74953096 ], [ 21.00024966, 48.74955963 ], [ 21.00014045, 48.74963895 ], [ 21.00013927, 48.74964017 ], [ 21.00008353, 48.74969478 ], [ 20.99999313, 48.74980075 ], [ 20.99990117, 48.74987514 ], [ 20.99961508, 48.75007484 ], [ 20.99960831, 48.75007966 ], [ 20.9995222, 48.75013975 ], [ 20.99944544, 48.75020042 ], [ 20.99936849, 48.75025091 ], [ 20.99930373, 48.75029334 ], [ 20.99927806, 48.7503123 ], [ 20.99927023, 48.75034382 ], [ 20.99924799, 48.75043259 ], [ 20.99918952, 48.75057355 ], [ 20.99883377, 48.75088756 ], [ 20.99870308, 48.75097525 ], [ 20.99867847, 48.75101784 ], [ 20.99860082, 48.75106867 ], [ 20.99837614, 48.75113695 ], [ 20.99829804, 48.75118479 ], [ 20.99823464, 48.75122357 ], [ 20.99822621, 48.75122878 ], [ 20.99820479, 48.75124194 ], [ 20.99807285, 48.75132275 ], [ 20.99790163, 48.75137741 ], [ 20.99773934, 48.75147235 ], [ 20.99744496, 48.75165898 ], [ 20.99731174, 48.75166862 ], [ 20.99729313, 48.7516644 ], [ 20.9972385, 48.75165214 ], [ 20.99718133, 48.75163926 ], [ 20.99706043, 48.75166948 ], [ 20.99704095, 48.75168045 ], [ 20.99699542, 48.75170622 ], [ 20.99693767, 48.7517388 ], [ 20.99680011, 48.75181456 ], [ 20.99662499, 48.7518165 ], [ 20.99646963, 48.75187195 ], [ 20.99635673, 48.75202678 ], [ 20.99627755, 48.7520545 ], [ 20.99626496, 48.75205895 ], [ 20.99624262, 48.75205541 ], [ 20.99618692, 48.75204655 ], [ 20.99603564, 48.75198534 ], [ 20.99599027, 48.75196223 ], [ 20.99595658, 48.75194509 ], [ 20.99595432, 48.75194438 ], [ 20.99589389, 48.75192599 ], [ 20.9958637, 48.75192364 ], [ 20.99579559, 48.75193291 ], [ 20.9957086, 48.75197217 ], [ 20.99568548, 48.75198617 ], [ 20.9956418, 48.75201263 ], [ 20.99563476, 48.75201933 ], [ 20.99535582, 48.75228608 ], [ 20.99514022, 48.75233683 ], [ 20.99512524, 48.75233318 ], [ 20.99509582, 48.75232608 ], [ 20.99503846, 48.75231212 ], [ 20.9949733, 48.75227349 ], [ 20.99475084, 48.75229088 ], [ 20.99462069, 48.75239281 ], [ 20.99440657, 48.75249962 ], [ 20.99429849, 48.75247749 ], [ 20.99422641, 48.75254633 ], [ 20.99404353, 48.75264859 ], [ 20.99389952, 48.7526747 ], [ 20.99378377, 48.7527754 ], [ 20.99350307, 48.75298607 ], [ 20.99337378, 48.75320231 ], [ 20.99329152, 48.7532672 ], [ 20.99318119, 48.75331784 ], [ 20.99302999, 48.75344402 ], [ 20.99295651, 48.75354757 ], [ 20.99287339, 48.7537511 ], [ 20.9928499, 48.75391358 ], [ 20.99284507, 48.75394682 ], [ 20.99282816, 48.7539776 ], [ 20.99282658, 48.75398052 ], [ 20.99280508, 48.75400547 ], [ 20.99275734, 48.75401361 ], [ 20.99254607, 48.75402335 ], [ 20.99245718, 48.75407677 ], [ 20.9924235, 48.75409708 ], [ 20.99231167, 48.75409211 ], [ 20.9922438, 48.75408914 ], [ 20.99211426, 48.75411294 ], [ 20.99205957, 48.75412301 ], [ 20.99188935, 48.75423964 ], [ 20.99186285, 48.75424795 ], [ 20.99175166, 48.75428298 ], [ 20.9914325, 48.7544152 ], [ 20.99132318, 48.75443994 ], [ 20.99124951, 48.75445776 ], [ 20.99101814, 48.75448115 ], [ 20.99090406, 48.75452004 ], [ 20.99077639, 48.75458739 ], [ 20.9904926, 48.75480444 ], [ 20.99047142, 48.75482697 ], [ 20.99043911, 48.75486146 ], [ 20.99039896, 48.75490425 ], [ 20.99034684, 48.75498626 ], [ 20.99034569, 48.75503377 ], [ 20.99034467, 48.75507047 ], [ 20.99034451, 48.75507803 ], [ 20.99031608, 48.75508654 ], [ 20.99016936, 48.75513039 ], [ 20.99015595, 48.75513481 ], [ 20.99000383, 48.75518514 ], [ 20.98989992, 48.75544534 ], [ 20.98982415, 48.75549622 ], [ 20.98965466, 48.7555457 ], [ 20.98955046, 48.75565363 ], [ 20.98937671, 48.75567308 ], [ 20.98932795, 48.75567857 ], [ 20.98927026, 48.75568503 ], [ 20.98871364, 48.75592948 ], [ 20.98863575, 48.75602982 ], [ 20.98836959, 48.7561167 ], [ 20.98819421, 48.75622938 ], [ 20.98791498, 48.75634482 ], [ 20.987452, 48.75676913 ], [ 20.9874071, 48.75680978 ], [ 20.98737039, 48.75697398 ], [ 20.98734659, 48.75702379 ], [ 20.9871443, 48.7571679 ], [ 20.9870137, 48.75740812 ], [ 20.98689092, 48.75759206 ], [ 20.98687933, 48.75770513 ], [ 20.98686961, 48.7578008 ], [ 20.98686482, 48.75784782 ], [ 20.98685087, 48.75795785 ], [ 20.98684986, 48.75796583 ], [ 20.98686859, 48.7580456 ], [ 20.98686015, 48.7582445 ], [ 20.98675654, 48.75836604 ], [ 20.98673785, 48.75838802 ], [ 20.9867205, 48.75839942 ], [ 20.98661784, 48.75846723 ], [ 20.98654126, 48.75851791 ], [ 20.98654957, 48.75855375 ], [ 20.98655997, 48.75859786 ], [ 20.98658987, 48.758726 ], [ 20.9865827, 48.75881148 ], [ 20.98651222, 48.75884822 ], [ 20.98647192, 48.75899509 ], [ 20.98642083, 48.75901141 ], [ 20.98638431, 48.75903676 ], [ 20.98626072, 48.75909856 ], [ 20.9862636, 48.75911442 ], [ 20.98624365, 48.75912429 ], [ 20.98624779, 48.75926157 ], [ 20.98624811, 48.75927175 ], [ 20.98624824, 48.75927545 ], [ 20.98609969, 48.75936992 ], [ 20.9856675, 48.75942076 ], [ 20.98523351, 48.75960984 ], [ 20.9849714, 48.75957322 ], [ 20.98434161, 48.75981369 ], [ 20.98417422, 48.7599947 ], [ 20.98369647, 48.76012344 ], [ 20.98348166, 48.76010045 ], [ 20.98322097, 48.7601956 ], [ 20.98277515, 48.76031081 ], [ 20.9822511, 48.76040351 ], [ 20.98172299, 48.760494 ], [ 20.98092364, 48.76066245 ], [ 20.98013124, 48.76081096 ], [ 20.97994529, 48.76103169 ], [ 20.97964648, 48.76109063 ], [ 20.97937381, 48.76099755 ], [ 20.97907909, 48.76102781 ], [ 20.97881312, 48.76098447 ], [ 20.97842995, 48.76109058 ], [ 20.97805363, 48.76093857 ], [ 20.97753093, 48.76112233 ], [ 20.97719781, 48.76107378 ], [ 20.97686904, 48.76118449 ], [ 20.97637377, 48.76113504 ], [ 20.97591583, 48.76116238 ], [ 20.97579881, 48.76104286 ], [ 20.97551845, 48.76103299 ], [ 20.97539142, 48.76110034 ], [ 20.97453155, 48.76100974 ], [ 20.97315376, 48.76105621 ], [ 20.97285658, 48.76108287 ], [ 20.97237804, 48.76122486 ], [ 20.97220099, 48.76132296 ], [ 20.9718509, 48.76140232 ], [ 20.97177891, 48.76158902 ], [ 20.97111015, 48.76188197 ], [ 20.97073553, 48.76208279 ], [ 20.97023741, 48.76226698 ], [ 20.97010294, 48.7622353 ], [ 20.96944932, 48.76235469 ], [ 20.96915049, 48.76246178 ], [ 20.96907388, 48.76256971 ], [ 20.96904516, 48.76261044 ], [ 20.96895755, 48.76273404 ], [ 20.96849351, 48.76282129 ], [ 20.96830544, 48.76290831 ], [ 20.96807778, 48.76291989 ], [ 20.9679834, 48.76301786 ], [ 20.96761218, 48.763074 ], [ 20.96749173, 48.76321549 ], [ 20.96721586, 48.76321439 ], [ 20.96699632, 48.7632854 ], [ 20.96656294, 48.76356862 ], [ 20.96613717, 48.76369326 ], [ 20.96605779, 48.76373743 ], [ 20.96587754, 48.7636953 ], [ 20.96514399, 48.76386909 ], [ 20.96468633, 48.76415438 ], [ 20.96452957, 48.76417012 ], [ 20.96425979, 48.76434417 ], [ 20.96413489, 48.76446354 ], [ 20.96309449, 48.76476322 ], [ 20.96261385, 48.76517424 ], [ 20.961562, 48.76559661 ], [ 20.96060894, 48.76607171 ], [ 20.96017283, 48.76632574 ], [ 20.96011747, 48.76644581 ], [ 20.9598704, 48.76649887 ], [ 20.95944701, 48.76667192 ], [ 20.958693, 48.76715132 ], [ 20.95810174, 48.76748164 ], [ 20.95742927, 48.76795782 ], [ 20.95677852, 48.76829262 ], [ 20.95496792, 48.76928781 ], [ 20.95415085, 48.76980856 ], [ 20.95338673, 48.77028003 ], [ 20.95284073, 48.77085947 ], [ 20.95212003, 48.77105027 ], [ 20.94719795, 48.77271635 ], [ 20.94577331, 48.77312311 ], [ 20.94672489, 48.77420571 ], [ 20.946724885595522, 48.774205869852885 ], [ 20.946725, 48.774206 ], [ 20.946718444974348, 48.774439621114325 ], [ 20.94670034, 48.77509671 ], [ 20.94669937236878, 48.775111059970975 ], [ 20.947195469259796, 48.775190957680792 ], [ 20.94764871, 48.77526351 ], [ 20.94824671, 48.77541746 ], [ 20.94869812, 48.7754878 ], [ 20.948788449634954, 48.775487536155723 ], [ 20.949088, 48.775486 ], [ 20.949449310108889, 48.775475127242089 ], [ 20.94952026, 48.77547286 ], [ 20.95001122, 48.77553921 ], [ 20.950661422513974, 48.775681631532173 ], [ 20.950732, 48.775697 ], [ 20.950836749089621, 48.775705619520629 ], [ 20.95144914, 48.77575552 ], [ 20.951860254917058, 48.775838635333805 ], [ 20.952091, 48.775885 ], [ 20.9521459, 48.7758817 ], [ 20.952690070686177, 48.775948931623503 ], [ 20.9527233, 48.77595246 ], [ 20.95330253, 48.77609549 ], [ 20.954179056278821, 48.776375722912455 ], [ 20.95439, 48.776443 ], [ 20.954511921724059, 48.776470163907433 ], [ 20.95496885, 48.77657108 ], [ 20.954968655530486, 48.776571923252909 ], [ 20.954969, 48.776572 ], [ 20.954964328480987, 48.776590686076062 ], [ 20.95496415, 48.77659146 ], [ 20.95495384149541, 48.776636093842484 ], [ 20.95580438800889, 48.776730945691384 ], [ 20.95631658, 48.77678782 ], [ 20.95779849, 48.77701579 ], [ 20.960196054133409, 48.77738250228775 ], [ 20.960304, 48.777399 ], [ 20.96111775131374, 48.777545615826995 ], [ 20.96273517, 48.77783699 ], [ 20.96421672, 48.77803479 ], [ 20.96422359, 48.77803574 ], [ 20.96427889, 48.77804308 ], [ 20.96428577, 48.77804403 ], [ 20.96444397, 48.77806516 ], [ 20.96666041, 48.77843631 ], [ 20.96843373, 48.77872104 ], [ 20.96916984, 48.77879827 ], [ 20.96990596, 48.77882723 ], [ 20.970403338841376, 48.778817529708604 ], [ 20.970666, 48.778812 ], [ 20.971431, 48.778769 ], [ 20.97191778194458, 48.778719268671523 ], [ 20.97226281, 48.77868393 ] ] ] } },
{ "type": "Feature", "properties": { "@featureType": "CadastralZoning", "beginLifespanVersion": { "@nilReason": "http://inspire.ec.europa.eu/codelist/VoidReasonValue/Unpopulated", "@nil": "true" }, "endLifespanVersion": { "@nilReason": "http://inspire.ec.europa.eu/codelist/VoidReasonValue/Unpopulated", "@nil": "true" }, "estimatedAccuracy": { "value": -1, "@uom": "m" }, "inspireId": { "@dataType": "Identifier", "localId": "841129", "namespace": "SK.ESKN.CP", "versionId": "20260703T04:07:40" }, "label": "Nižný Klátov", "level": { "@href": "http://inspire.ec.europa.eu/codelist/CadastralZoningLevelValue/3rdOrder" }, "levelName": { "value": "Katastrálne územie", "@locale": "sk" }, "name_1": { "@dataType": "name", "GeographicalName": { "@dataType": "GeographicalName", "language": "SLK", "nativeness": { "@href": "http://inspire.ec.europa.eu/codelist/NativenessValue/endonym", "@title": "endonym" }, "nameStatus": { "@href": "http://inspire.ec.europa.eu/codelist/NameStatusValue/official", "@title": "official" }, "sourceOfName": { "@nilReason": "http://inspire.ec.europa.eu/codelist/VoidReasonValue/Unpopulated", "@nil": "true" }, "pronunciation": { "@dataType": "pronunciation", "@nilReason": "http://inspire.ec.europa.eu/codelist/VoidReasonValue/Unpopulated", "@nil": "true" }, "spelling": { "@dataType": "SpellingOfName", "text": "Nižný Klátov", "script": "LATN" } } }, "nationalCadastalZoningReference": "841129", "validFrom": "2026-06-30T16:00:00Z", "validTo": { "@nilReason": "http://inspire.ec.europa.eu/codelist/VoidReasonValue/Unpopulated", "@nil": "true" }, "place_id": 189396049, "osm_type": "relation", "osm_id": 388209, "place_rank": 12, "category": "boundary", "type": "administrative", "importance": 0.54120382821693425, "addresstype": "county", "name_2": "okres Košice-okolie", "display_name": "okres Košice-okolie, Košický kraj, Slovensko" }, "geometry": { "type": "Polygon", "coordinates": [ [ [ 21.14677795, 48.75000787 ], [ 21.14687709, 48.74986363 ], [ 21.14701714, 48.74978391 ], [ 21.14721363, 48.74973875 ], [ 21.14753004, 48.74955371 ], [ 21.14763734, 48.74935527 ], [ 21.1477375, 48.74930353 ], [ 21.14797877, 48.74925476 ], [ 21.148074310350573, 48.749218924586927 ], [ 21.148193, 48.749174 ], [ 21.148227, 48.749055 ], [ 21.14822711827458, 48.749054968875107 ], [ 21.14822725, 48.7490545 ], [ 21.14832189, 48.74902996 ], [ 21.14838878, 48.74898086 ], [ 21.148472961822538, 48.748871790916141 ], [ 21.148532, 48.748795 ], [ 21.148584212679001, 48.748772654743313 ], [ 21.14868344, 48.74872967 ], [ 21.14870932, 48.74871834 ], [ 21.14876751, 48.74869327 ], [ 21.14900317, 48.74850629 ], [ 21.14931985, 48.74824068 ], [ 21.1495615, 48.74804803 ], [ 21.14981422, 48.74792786 ], [ 21.14986852, 48.74790204 ], [ 21.1501376, 48.7477741 ], [ 21.15071554, 48.7475926 ], [ 21.15094048, 48.74754924 ], [ 21.15096105, 48.7475453 ], [ 21.15119441, 48.74750032 ], [ 21.15122755, 48.74749399 ], [ 21.1513011968594, 48.747470789890443 ], [ 21.151334090517132, 48.747435682236521 ], [ 21.15150881, 48.74724895 ], [ 21.151545420467613, 48.747231281934674 ], [ 21.151731, 48.747141 ], [ 21.151947790832914, 48.747005616336999 ], [ 21.15197555, 48.74698818 ], [ 21.15224917, 48.74682563 ], [ 21.152358760226033, 48.746732204897754 ], [ 21.152414, 48.746685 ], [ 21.152422150424044, 48.746674302568437 ], [ 21.15255758, 48.74649537 ], [ 21.15271764, 48.74627879 ], [ 21.153039089059035, 48.746092737172063 ], [ 21.15313, 48.74604 ], [ 21.153162290830156, 48.746009293248306 ], [ 21.15339497, 48.74578774 ], [ 21.153482462513342, 48.745693936542253 ], [ 21.153713, 48.745446 ], [ 21.153997758428009, 48.745134330335937 ], [ 21.15416818, 48.74494734 ], [ 21.15450997, 48.74455637 ], [ 21.15481328, 48.74430157 ], [ 21.15536494, 48.74398074 ], [ 21.15568595, 48.7437183 ], [ 21.155847396195174, 48.743403075532854 ], [ 21.155874, 48.743351 ], [ 21.155920037243654, 48.743261091971213 ], [ 21.15595928, 48.74318434 ], [ 21.156067352748288, 48.743031194192049 ], [ 21.156195, 48.74285 ], [ 21.156402, 48.742556 ], [ 21.156460832061448, 48.742394113119509 ], [ 21.15655067, 48.74214511 ], [ 21.15677099, 48.74213311 ], [ 21.15704778, 48.7421645 ], [ 21.15732392937808, 48.742108605674552 ], [ 21.157459, 48.742081 ], [ 21.157855, 48.741997 ], [ 21.157920002887106, 48.741955308493097 ], [ 21.15799978, 48.74190354 ], [ 21.15825747, 48.74163342 ], [ 21.15864283, 48.74138437 ], [ 21.159357048978837, 48.741086926065812 ], [ 21.159503, 48.741026 ], [ 21.15983862367495, 48.740822211904145 ], [ 21.16022644, 48.74058647 ], [ 21.16055604, 48.74037022 ], [ 21.16106112, 48.74001088 ], [ 21.16129372, 48.7397974 ], [ 21.16146066, 48.73964648 ], [ 21.161744161327732, 48.739356367397129 ], [ 21.16184, 48.739258 ], [ 21.161879, 48.739223 ], [ 21.161887, 48.739196 ], [ 21.16198807056217, 48.739080490786087 ], [ 21.16204051, 48.73901995 ], [ 21.16215469, 48.73885493 ], [ 21.16226410892591, 48.738572656726809 ], [ 21.162269, 48.73856 ], [ 21.162462, 48.738157 ], [ 21.162506, 48.737962 ], [ 21.162513284535272, 48.737891141338729 ], [ 21.16252788, 48.73774753 ], [ 21.16251485, 48.73758929 ], [ 21.16253756905904, 48.737467615060844 ], [ 21.162552, 48.73739 ], [ 21.162552083661303, 48.737389880179997 ], [ 21.16255222, 48.73738915 ], [ 21.16267004, 48.73722083 ], [ 21.162687428610422, 48.737200201216289 ], [ 21.162851, 48.737005 ], [ 21.162928, 48.736851 ], [ 21.163155797019929, 48.736434179920984 ], [ 21.16321029, 48.73633427 ], [ 21.16333836, 48.73619356 ], [ 21.16357389, 48.73606696 ], [ 21.163675619353846, 48.735978574319169 ], [ 21.163936, 48.735752 ], [ 21.164277, 48.735449 ], [ 21.16458074647284, 48.735176157964801 ], [ 21.16462063, 48.73514026 ], [ 21.164620683361413, 48.735140284422457 ], [ 21.164621, 48.73514 ], [ 21.164668775579081, 48.735162295270236 ], [ 21.16476477, 48.73520623 ], [ 21.16478597, 48.735216 ], [ 21.16510712, 48.73536375 ], [ 21.165255142733464, 48.735443009457846 ], [ 21.165542, 48.735596 ], [ 21.165666477654717, 48.735488937796973 ], [ 21.16597846, 48.73521992 ], [ 21.167097056636919, 48.734256632069773 ], [ 21.167144903121507, 48.733945807129153 ], [ 21.16715825, 48.73385886 ], [ 21.167161301152717, 48.733839280659737 ], [ 21.167179722470905, 48.733719610318637 ], [ 21.16723199, 48.73337969 ], [ 21.167251218849053, 48.733255850653222 ], [ 21.167319, 48.732818 ], [ 21.168477, 48.732247 ], [ 21.168675, 48.73215 ], [ 21.1689, 48.732084 ], [ 21.169315206518597, 48.731827955980201 ], [ 21.16931977, 48.73182514 ], [ 21.169319775567857, 48.73182513839982 ], [ 21.16932, 48.731825 ], [ 21.169709, 48.731713 ], [ 21.16970958247375, 48.731713109642115 ], [ 21.16970979, 48.73171305 ], [ 21.16987941, 48.73174453 ], [ 21.17046291, 48.73181953 ], [ 21.17119197, 48.73195586 ], [ 21.171835496686612, 48.732239034935141 ], [ 21.17185637200468, 48.73224050322969 ], [ 21.17216254, 48.73226098 ], [ 21.17229067, 48.73251821 ], [ 21.17238719, 48.73287204 ], [ 21.17247953, 48.73303693 ], [ 21.1725291, 48.7332363 ], [ 21.17318577, 48.73304863 ], [ 21.17395539, 48.73279709 ], [ 21.173916431067678, 48.732696703533257 ], [ 21.173881, 48.732606 ], [ 21.173669, 48.732162 ], [ 21.173573, 48.731968 ], [ 21.173506213649723, 48.731824038311629 ], [ 21.17348292, 48.73177458 ], [ 21.173483241735589, 48.731774521074492 ], [ 21.173483, 48.731774 ], [ 21.174794, 48.731534 ], [ 21.176303, 48.731196 ], [ 21.176309810055159, 48.731181141697832 ], [ 21.17633566, 48.73112409 ], [ 21.176346068298475, 48.731101198265215 ], [ 21.17637, 48.731047 ], [ 21.176006, 48.730869 ], [ 21.175738, 48.730871 ], [ 21.175551732966838, 48.730879648112257 ], [ 21.17517883, 48.7308974 ], [ 21.17440463, 48.73091705 ], [ 21.174404598166994, 48.730916984543484 ], [ 21.174404, 48.730917 ], [ 21.174057037400605, 48.730203076956862 ], [ 21.173905062484994, 48.730201835727854 ], [ 21.173274, 48.730197 ], [ 21.172953003344478, 48.730240020170328 ], [ 21.17240105, 48.73031459 ], [ 21.172299810484223, 48.730303583432196 ], [ 21.172265, 48.7303 ], [ 21.171907291422009, 48.730325876790751 ], [ 21.17179495, 48.73033404 ], [ 21.171792098977711, 48.730322730644183 ], [ 21.171769051307862, 48.7302331993113 ], [ 21.171166773963996, 48.729687386493268 ], [ 21.171035, 48.729568 ], [ 21.170399, 48.728877 ], [ 21.170419, 48.728747 ], [ 21.170410833342739, 48.728733879796529 ], [ 21.17035755, 48.72864967 ], [ 21.170344515624759, 48.728525072170406 ], [ 21.170337, 48.728456 ], [ 21.170395, 48.728395 ], [ 21.170386463711125, 48.728367439981639 ], [ 21.17036013, 48.72828268 ], [ 21.170360164041252, 48.728282529618909 ], [ 21.17036, 48.728282 ], [ 21.170421022948734, 48.72801367850483 ], [ 21.17042792, 48.72798321 ], [ 21.170353907696843, 48.727373502601395 ], [ 21.170344, 48.727292 ], [ 21.170238, 48.727222 ], [ 21.170269, 48.727119 ], [ 21.16988032519648, 48.726707918223326 ], [ 21.16981814, 48.72664229 ], [ 21.169818143742784, 48.726642152029505 ], [ 21.169818, 48.726642 ], [ 21.169822, 48.726492 ], [ 21.169681, 48.726449 ], [ 21.169622976427437, 48.726400042610649 ], [ 21.16958561, 48.7263687 ], [ 21.169569137343913, 48.726351879414544 ], [ 21.169462, 48.726243 ], [ 21.169155, 48.725979 ], [ 21.16926, 48.725538 ], [ 21.169113, 48.72517 ], [ 21.168804530539283, 48.724047843468227 ], [ 21.16880116, 48.72403564 ], [ 21.168801175737705, 48.72403563930223 ], [ 21.168801, 48.724035 ], [ 21.16894, 48.724029 ], [ 21.169107, 48.723953 ], [ 21.169132437206947, 48.723938902270852 ], [ 21.16919047, 48.72390624 ], [ 21.16926593, 48.72386388 ], [ 21.16930677, 48.72387499 ], [ 21.16956167, 48.72381076 ], [ 21.169617648251393, 48.723797296502788 ], [ 21.16961, 48.723782 ], [ 21.169606, 48.723776 ], [ 21.169606730863268, 48.723775650216574 ], [ 21.16960667, 48.72377554 ], [ 21.17000278, 48.72358585 ], [ 21.170001876217228, 48.723581055355794 ], [ 21.169998, 48.723564 ], [ 21.169995369455403, 48.723546901460125 ], [ 21.1699938, 48.72353875 ], [ 21.169989827475217, 48.723517779302981 ], [ 21.169981, 48.723475 ], [ 21.169976, 48.72345 ], [ 21.169976953820736, 48.723450072641974 ], [ 21.16997685, 48.72344953 ], [ 21.16997767, 48.7234419 ], [ 21.16998539, 48.72337093 ], [ 21.16997776, 48.72334467 ], [ 21.16994699, 48.72327707 ], [ 21.16990831, 48.72325316 ], [ 21.16989358, 48.72324414 ], [ 21.16981222, 48.72321374 ], [ 21.16975335, 48.72319054 ], [ 21.16969265, 48.72316053 ], [ 21.16958755, 48.72305375 ], [ 21.16952861, 48.72300516 ], [ 21.1694631, 48.72294195 ], [ 21.16951186, 48.72290559 ], [ 21.16934948, 48.72281762 ], [ 21.16934517, 48.72280749 ], [ 21.1693341, 48.72278184 ], [ 21.16932303, 48.72275619 ], [ 21.16932081, 48.72275107 ], [ 21.16931437, 48.72274412 ], [ 21.16920999, 48.72268778 ], [ 21.16919192, 48.72267803 ], [ 21.16918254, 48.7226798 ], [ 21.16920085, 48.72272009 ], [ 21.16920612, 48.72273187 ], [ 21.16910955, 48.72271251 ], [ 21.16898785, 48.72270929 ], [ 21.16886105, 48.72274462 ], [ 21.16875197, 48.72277583 ], [ 21.16869423, 48.72279715 ], [ 21.16858957, 48.72284254 ], [ 21.16857223, 48.72282065 ], [ 21.16843863, 48.72286549 ], [ 21.16827909, 48.72295084 ], [ 21.16820695, 48.7229906 ], [ 21.16805546, 48.72303992 ], [ 21.16797663, 48.72306119 ], [ 21.16773035, 48.72314352 ], [ 21.16758725, 48.72314277 ], [ 21.16753122, 48.72314225 ], [ 21.16741977, 48.72322309 ], [ 21.16708942, 48.72335587 ], [ 21.16693579, 48.72339143 ], [ 21.16692555, 48.72341641 ], [ 21.16668582, 48.72345518 ], [ 21.16660303, 48.72337504 ], [ 21.16642732, 48.72337353 ], [ 21.16625422, 48.72339992 ], [ 21.16602904, 48.72344825 ], [ 21.16576778, 48.72349885 ], [ 21.16556113, 48.7235375 ], [ 21.16525529, 48.72359471 ], [ 21.16522646, 48.72360577 ], [ 21.16515842, 48.72363198 ], [ 21.16504148, 48.72370975 ], [ 21.16477597, 48.72379254 ], [ 21.16472097, 48.72380971 ], [ 21.16447677, 48.72388588 ], [ 21.16420764, 48.72390968 ], [ 21.16385704, 48.72379007 ], [ 21.16357547, 48.7237526 ], [ 21.16285281, 48.72372708 ], [ 21.16261869, 48.72357758 ], [ 21.16252637, 48.72355386 ], [ 21.16236566, 48.7235313 ], [ 21.16218258, 48.72351694 ], [ 21.16199108, 48.72352302 ], [ 21.16177452, 48.72354253 ], [ 21.16146865, 48.7235024 ], [ 21.16123622, 48.72349674 ], [ 21.16074347, 48.72355493 ], [ 21.16055832, 48.72352961 ], [ 21.16020978, 48.72352999 ], [ 21.16004316, 48.72355711 ], [ 21.15935255, 48.72341986 ], [ 21.1593881, 48.72341748 ], [ 21.15943028, 48.72337821 ], [ 21.15941853, 48.72333759 ], [ 21.15938635, 48.72331784 ], [ 21.15920207, 48.72329939 ], [ 21.15900973, 48.72330004 ], [ 21.15875907, 48.72331135 ], [ 21.15874906, 48.72325602 ], [ 21.1587481, 48.72324672 ], [ 21.15868926, 48.72325304 ], [ 21.15867924, 48.72326749 ], [ 21.15860458, 48.7232761 ], [ 21.15862581, 48.723338 ], [ 21.15834818, 48.72336836 ], [ 21.15833932, 48.72334971 ], [ 21.15819644, 48.72337974 ], [ 21.15808683, 48.7234012 ], [ 21.15786853, 48.72341651 ], [ 21.15768421, 48.72342867 ], [ 21.15744106, 48.72344508 ], [ 21.15737326, 48.72346795 ], [ 21.15722024, 48.72351946 ], [ 21.1570968, 48.72355911 ], [ 21.15703939, 48.72360384 ], [ 21.15696237, 48.72366379 ], [ 21.15686752, 48.72369949 ], [ 21.15678528, 48.7238051 ], [ 21.15662452, 48.72380756 ], [ 21.15643982, 48.72387561 ], [ 21.15621511, 48.72394915 ], [ 21.15600326, 48.72399374 ], [ 21.15582069, 48.72402288 ], [ 21.15564266, 48.72403829 ], [ 21.15551599, 48.7240493 ], [ 21.15541504, 48.72405447 ], [ 21.15520155, 48.72406344 ], [ 21.15508881, 48.72406814 ], [ 21.15505672, 48.72421397 ], [ 21.15477635, 48.72421821 ], [ 21.15467611, 48.72421925 ], [ 21.15453503, 48.72418497 ], [ 21.15438887, 48.72415124 ], [ 21.15426722, 48.72410047 ], [ 21.15415758, 48.72409239 ], [ 21.15403668, 48.72408945 ], [ 21.15389723, 48.724087 ], [ 21.15371048, 48.72405765 ], [ 21.15351645, 48.72402718 ], [ 21.15331571, 48.72401242 ], [ 21.15312716, 48.72400787 ], [ 21.1530001, 48.72400536 ], [ 21.15287168, 48.72399903 ], [ 21.15274817, 48.72400392 ], [ 21.15262824, 48.72400263 ], [ 21.15251823, 48.72400147 ], [ 21.1523244, 48.72402457 ], [ 21.15214977, 48.72409996 ], [ 21.1520602, 48.72411152 ], [ 21.15188248, 48.72408705 ], [ 21.15172801, 48.72411347 ], [ 21.15156574, 48.72414423 ], [ 21.15159752, 48.72425554 ], [ 21.15145223, 48.72428864 ], [ 21.15126161, 48.72432553 ], [ 21.15110382, 48.72436949 ], [ 21.15091517, 48.72445794 ], [ 21.15075699, 48.72456536 ], [ 21.15062624, 48.72459676 ], [ 21.15057465, 48.72460449 ], [ 21.15056768, 48.72461237 ], [ 21.15045549, 48.72463185 ], [ 21.1501907, 48.724695 ], [ 21.15013587, 48.72473224 ], [ 21.14977301, 48.72479471 ], [ 21.14968468, 48.72482665 ], [ 21.14949968, 48.72489865 ], [ 21.14914551, 48.72490322 ], [ 21.14899191, 48.72489707 ], [ 21.14879505, 48.7248719 ], [ 21.14878383, 48.72476422 ], [ 21.14853359, 48.72468711 ], [ 21.14843736, 48.72465748 ], [ 21.14828706, 48.72466755 ], [ 21.14812585, 48.72465558 ], [ 21.14809143, 48.72468357 ], [ 21.1479284, 48.72469665 ], [ 21.14789004, 48.72470011 ], [ 21.14766742, 48.7247204 ], [ 21.14753158, 48.72471895 ], [ 21.14744319, 48.72471803 ], [ 21.14742849, 48.72471621 ], [ 21.14739125, 48.72471169 ], [ 21.14719315, 48.72471862 ], [ 21.1471337, 48.7247333 ], [ 21.14711204, 48.72472243 ], [ 21.1469142, 48.72474818 ], [ 21.14671147, 48.72478693 ], [ 21.1467176, 48.72480369 ], [ 21.14650884, 48.72482234 ], [ 21.14631533, 48.72489145 ], [ 21.14626777, 48.72492982 ], [ 21.14626076, 48.72493068 ], [ 21.14622409, 48.72493536 ], [ 21.14608611, 48.72487334 ], [ 21.14595652, 48.72479908 ], [ 21.14560081, 48.72473895 ], [ 21.14517554, 48.7247968 ], [ 21.14480605, 48.7248512 ], [ 21.14479683, 48.72485253 ], [ 21.14453589, 48.72484781 ], [ 21.14438603, 48.72481828 ], [ 21.14430573, 48.72481464 ], [ 21.14407665, 48.72484317 ], [ 21.14393295, 48.72486182 ], [ 21.14368927, 48.72489655 ], [ 21.1436063, 48.72492209 ], [ 21.1435341, 48.7249586 ], [ 21.14336152, 48.7250299 ], [ 21.14319397, 48.72512927 ], [ 21.14297086, 48.72525163 ], [ 21.14279675, 48.72539806 ], [ 21.14269493, 48.72551051 ], [ 21.14252457, 48.72565589 ], [ 21.14240624, 48.72575575 ], [ 21.1423117, 48.7258543 ], [ 21.14217741, 48.72591925 ], [ 21.14204518, 48.72600633 ], [ 21.14180203, 48.72615506 ], [ 21.14156904, 48.726269 ], [ 21.14133096, 48.72640421 ], [ 21.14122689, 48.72648219 ], [ 21.14111384, 48.7265806 ], [ 21.14081216, 48.72676681 ], [ 21.140639, 48.72693172 ], [ 21.14052501, 48.72705792 ], [ 21.14049742, 48.72707982 ], [ 21.14040143, 48.72717751 ], [ 21.14024785, 48.72723257 ], [ 21.14001811, 48.72724766 ], [ 21.13977018, 48.72726208 ], [ 21.1397458, 48.72728858 ], [ 21.1394232, 48.72736401 ], [ 21.13909204, 48.72761094 ], [ 21.13903131, 48.72760946 ], [ 21.13885632, 48.72770048 ], [ 21.13876303, 48.72767527 ], [ 21.13864669, 48.72765634 ], [ 21.13840021, 48.72763217 ], [ 21.13836491, 48.72767769 ], [ 21.13797494, 48.72772691 ], [ 21.13784412, 48.72769005 ], [ 21.13778447, 48.7277148 ], [ 21.13763128, 48.72771963 ], [ 21.13642854, 48.72795918 ], [ 21.13615679, 48.72799597 ], [ 21.13563594, 48.72809296 ], [ 21.13537159, 48.72817014 ], [ 21.13528436, 48.72820355 ], [ 21.13523934, 48.72822552 ], [ 21.13471097, 48.72854295 ], [ 21.13448046, 48.72873069 ], [ 21.13438789, 48.72877762 ], [ 21.13426691, 48.72882408 ], [ 21.1342116, 48.72884716 ], [ 21.13404931, 48.72895615 ], [ 21.13402596, 48.72899069 ], [ 21.13397206, 48.72901868 ], [ 21.13391248, 48.72903326 ], [ 21.13369602, 48.72912538 ], [ 21.13353422, 48.72923681 ], [ 21.13337323, 48.72936708 ], [ 21.13319154, 48.72947508 ], [ 21.13284743, 48.72971789 ], [ 21.1326016, 48.72997177 ], [ 21.1324529, 48.7300883 ], [ 21.13228841, 48.7302235 ], [ 21.13222486, 48.7302998 ], [ 21.13213346, 48.73035666 ], [ 21.13201804, 48.73041816 ], [ 21.13159449, 48.73056722 ], [ 21.13136929, 48.73071921 ], [ 21.13101697, 48.73084696 ], [ 21.13088156, 48.73096409 ], [ 21.13065726, 48.73101985 ], [ 21.13050733, 48.73104702 ], [ 21.13038823, 48.73111785 ], [ 21.13023448, 48.73118046 ], [ 21.13003249, 48.73129231 ], [ 21.12993906, 48.73143284 ], [ 21.12984926, 48.73154413 ], [ 21.12978209, 48.73167353 ], [ 21.12961821, 48.73169035 ], [ 21.12948596, 48.73178282 ], [ 21.12949264, 48.73183102 ], [ 21.12925585, 48.73194787 ], [ 21.1289584, 48.73219424 ], [ 21.12896305, 48.73219961 ], [ 21.12890036, 48.73226946 ], [ 21.12888568, 48.73231572 ], [ 21.12880598, 48.73235585 ], [ 21.12865853, 48.73242352 ], [ 21.1285037, 48.73243945 ], [ 21.12827807, 48.73254865 ], [ 21.12815004, 48.73258885 ], [ 21.12786314, 48.73269663 ], [ 21.12749722, 48.73281646 ], [ 21.12712545, 48.73293988 ], [ 21.12700315, 48.73297063 ], [ 21.12689485, 48.73303325 ], [ 21.12666803, 48.73311963 ], [ 21.12651656, 48.73321977 ], [ 21.12646498, 48.73324945 ], [ 21.12636831, 48.73335782 ], [ 21.12631705, 48.73355975 ], [ 21.12625776, 48.73359063 ], [ 21.1261672, 48.73372143 ], [ 21.1260634, 48.73380067 ], [ 21.12590764, 48.7337901 ], [ 21.12577118, 48.73377817 ], [ 21.12555866, 48.73377686 ], [ 21.12530474, 48.73386335 ], [ 21.12503606, 48.73394695 ], [ 21.12498058, 48.7339648 ], [ 21.12476788, 48.73404037 ], [ 21.12459156, 48.73410252 ], [ 21.12436049, 48.73418741 ], [ 21.1241659, 48.73423681 ], [ 21.12382627, 48.73430589 ], [ 21.1237253, 48.73432228 ], [ 21.12360409, 48.73431768 ], [ 21.12340961, 48.734282 ], [ 21.12304392, 48.7342367 ], [ 21.12274835, 48.73418194 ], [ 21.12247528, 48.73418408 ], [ 21.12222262, 48.73416779 ], [ 21.12211902, 48.73414583 ], [ 21.12193167, 48.73410381 ], [ 21.12178043, 48.73409104 ], [ 21.12172975, 48.7341139 ], [ 21.12165917, 48.73416692 ], [ 21.12156984, 48.73424374 ], [ 21.12137448, 48.73441882 ], [ 21.12123201, 48.73461323 ], [ 21.12115362, 48.73469121 ], [ 21.12106166, 48.73483899 ], [ 21.12095911, 48.73488063 ], [ 21.12086971, 48.73490072 ], [ 21.12078108, 48.73492507 ], [ 21.12064899, 48.73493326 ], [ 21.12047275, 48.73498307 ], [ 21.12032641, 48.73506679 ], [ 21.12022253, 48.73516737 ], [ 21.12008959, 48.73537847 ], [ 21.12005312, 48.73542484 ], [ 21.11987084, 48.73557179 ], [ 21.11974707, 48.73571152 ], [ 21.1196592, 48.73581098 ], [ 21.11967031, 48.73586923 ], [ 21.11975227, 48.73613639 ], [ 21.11977909, 48.73614563 ], [ 21.11983712, 48.73615982 ], [ 21.11998035, 48.73614641 ], [ 21.12017868, 48.73612783 ], [ 21.12105805, 48.73604555 ], [ 21.12108047, 48.73595506 ], [ 21.12123118, 48.73587859 ], [ 21.12129466, 48.73584632 ], [ 21.1213652, 48.7358105 ], [ 21.1218002, 48.73576457 ], [ 21.12203258, 48.73574005 ], [ 21.12231317, 48.73573383 ], [ 21.12272116, 48.73576663 ], [ 21.12274443, 48.73576854 ], [ 21.12315014, 48.7357991 ], [ 21.12367263, 48.73582043 ], [ 21.1247275, 48.73587503 ], [ 21.12521458, 48.73591899 ], [ 21.12552798, 48.7359518 ], [ 21.12594953, 48.73601509 ], [ 21.12628627, 48.73604145 ], [ 21.12633716, 48.73604551 ], [ 21.12646881, 48.73606377 ], [ 21.12702786, 48.73614181 ], [ 21.12762253, 48.73623171 ], [ 21.12810885, 48.73633082 ], [ 21.12816787, 48.7363428 ], [ 21.12828348, 48.73636639 ], [ 21.12845706, 48.73639014 ], [ 21.12841526, 48.73645741 ], [ 21.12834614, 48.73656855 ], [ 21.12824249, 48.73673514 ], [ 21.12794367, 48.73689934 ], [ 21.12783384, 48.73712416 ], [ 21.12790383, 48.7372114 ], [ 21.12796765, 48.73737911 ], [ 21.12803106, 48.73753582 ], [ 21.12816524, 48.73770758 ], [ 21.1283756, 48.73777572 ], [ 21.12859642, 48.73787967 ], [ 21.12998092, 48.73870295 ], [ 21.13017784, 48.73883593 ], [ 21.13014785, 48.73895004 ], [ 21.13020931, 48.73898451 ], [ 21.13016759, 48.7391511 ], [ 21.13016049, 48.7393675 ], [ 21.13017243, 48.73953751 ], [ 21.13013514, 48.73966579 ], [ 21.13038628, 48.73971263 ], [ 21.13053391, 48.73975084 ], [ 21.13058687, 48.73977306 ], [ 21.13064603, 48.73979809 ], [ 21.13081796, 48.73987067 ], [ 21.13087145, 48.73989327 ], [ 21.13092625, 48.73991636 ], [ 21.13122422, 48.74005257 ], [ 21.13175997, 48.74021916 ], [ 21.13166707, 48.74032243 ], [ 21.13159687, 48.74037025 ], [ 21.13150521, 48.74048085 ], [ 21.13147596, 48.74059598 ], [ 21.13147933, 48.74073429 ], [ 21.13144089, 48.74090269 ], [ 21.13167046, 48.74094856 ], [ 21.13201984, 48.74101844 ], [ 21.13233226, 48.7411099 ], [ 21.13252585, 48.74115445 ], [ 21.13269199, 48.74121882 ], [ 21.13282025, 48.74129873 ], [ 21.13295697, 48.74139125 ], [ 21.13303933, 48.74146591 ], [ 21.13304093, 48.74146812 ], [ 21.13306478, 48.74150138 ], [ 21.13321145, 48.74170559 ], [ 21.13321347, 48.74178237 ], [ 21.13443262, 48.74255322 ], [ 21.13457852, 48.74263955 ], [ 21.13476079, 48.74273865 ], [ 21.13494004, 48.74283621 ], [ 21.13528207, 48.74300326 ], [ 21.13555671, 48.74312934 ], [ 21.13561744, 48.74315721 ], [ 21.13565089, 48.7431726 ], [ 21.13587571, 48.74329493 ], [ 21.13597024, 48.74334657 ], [ 21.13693181, 48.7438704 ], [ 21.13738487, 48.74408708 ], [ 21.13791615, 48.74437919 ], [ 21.13808094, 48.74446989 ], [ 21.13848951, 48.74471603 ], [ 21.1385114, 48.74472762 ], [ 21.1390133, 48.74499349 ], [ 21.13932985, 48.74515007 ], [ 21.13936348, 48.74516681 ], [ 21.13937099, 48.74517029 ], [ 21.13947041, 48.7452165 ], [ 21.13955942, 48.74525796 ], [ 21.13958166, 48.7452684 ], [ 21.13961235, 48.74528261 ], [ 21.13965886, 48.74529445 ], [ 21.13984814, 48.74534253 ], [ 21.14002683, 48.74543494 ], [ 21.14140647, 48.74641233 ], [ 21.14146365, 48.74646845 ], [ 21.14214831, 48.74694874 ], [ 21.14346181, 48.74771385 ], [ 21.14354516, 48.74776017 ], [ 21.14360588, 48.74779389 ], [ 21.14377665, 48.74788874 ], [ 21.14383752, 48.74789788 ], [ 21.14384029, 48.74796829 ], [ 21.14384185, 48.74801227 ], [ 21.14385526, 48.74808986 ], [ 21.143861, 48.74812327 ], [ 21.1438165, 48.74830228 ], [ 21.14376243, 48.74849324 ], [ 21.14405341, 48.74874344 ], [ 21.14414181, 48.74881955 ], [ 21.14605867, 48.7498392 ], [ 21.14610811, 48.74987445 ], [ 21.14649988, 48.75015433 ], [ 21.14653716, 48.7501565 ], [ 21.14660129, 48.74999387 ], [ 21.14677795, 48.75000787 ] ] ] } },
{ "type": "Feature", "properties": { "@featureType": "CadastralZoning", "beginLifespanVersion": { "@nilReason": "http://inspire.ec.europa.eu/codelist/VoidReasonValue/Unpopulated", "@nil": "true" }, "endLifespanVersion": { "@nilReason": "http://inspire.ec.europa.eu/codelist/VoidReasonValue/Unpopulated", "@nil": "true" }, "estimatedAccuracy": { "value": -1, "@uom": "m" }, "inspireId": { "@dataType": "Identifier", "localId": "820636", "namespace": "SK.ESKN.CP", "versionId": "20260703T04:07:40" }, "label": "Hýľov", "level": { "@href": "http://inspire.ec.europa.eu/codelist/CadastralZoningLevelValue/3rdOrder" }, "levelName": { "value": "Katastrálne územie", "@locale": "sk" }, "name_1": { "@dataType": "name", "GeographicalName": { "@dataType": "GeographicalName", "language": "SLK", "nativeness": { "@href": "http://inspire.ec.europa.eu/codelist/NativenessValue/endonym", "@title": "endonym" }, "nameStatus": { "@href": "http://inspire.ec.europa.eu/codelist/NameStatusValue/official", "@title": "official" }, "sourceOfName": { "@nilReason": "http://inspire.ec.europa.eu/codelist/VoidReasonValue/Unpopulated", "@nil": "true" }, "pronunciation": { "@dataType": "pronunciation", "@nilReason": "http://inspire.ec.europa.eu/codelist/VoidReasonValue/Unpopulated", "@nil": "true" }, "spelling": { "@dataType": "SpellingOfName", "text": "Hýľov", "script": "LATN" } } }, "nationalCadastalZoningReference": "820636", "validFrom": "2026-06-30T16:00:00Z", "validTo": { "@nilReason": "http://inspire.ec.europa.eu/codelist/VoidReasonValue/Unpopulated", "@nil": "true" }, "place_id": 189396049, "osm_type": "relation", "osm_id": 388209, "place_rank": 12, "category": "boundary", "type": "administrative", "importance": 0.54120382821693425, "addresstype": "county", "name_2": "okres Košice-okolie", "display_name": "okres Košice-okolie, Košický kraj, Slovensko" }, "geometry": { "type": "Polygon", "coordinates": [ [ [ 21.06162471, 48.76340954 ], [ 21.06221512, 48.76338761 ], [ 21.06268141, 48.76336822 ], [ 21.06291526, 48.76334071 ], [ 21.06353345, 48.76328601 ], [ 21.06423446, 48.763017 ], [ 21.0643181, 48.76298388 ], [ 21.0646987, 48.76289326 ], [ 21.06570907, 48.76272939 ], [ 21.0659434, 48.76259844 ], [ 21.06611605, 48.76258812 ], [ 21.06631334, 48.76259616 ], [ 21.06652338, 48.76257561 ], [ 21.06660868, 48.76253112 ], [ 21.0666513, 48.76230236 ], [ 21.06673703, 48.76216973 ], [ 21.06686484, 48.76206827 ], [ 21.06704589, 48.76196682 ], [ 21.06764752, 48.7617846 ], [ 21.06784043, 48.7616758 ], [ 21.06805203, 48.76147118 ], [ 21.06818545, 48.76139862 ], [ 21.06862561, 48.76124851 ], [ 21.06887294, 48.76110925 ], [ 21.06894591, 48.76097764 ], [ 21.06891806, 48.76079719 ], [ 21.06900924, 48.76062773 ], [ 21.06922756, 48.76040225 ], [ 21.06937154, 48.76017292 ], [ 21.06937901, 48.76013282 ], [ 21.06948682, 48.76008959 ], [ 21.07010918, 48.75969581 ], [ 21.07057515, 48.759517 ], [ 21.07079453, 48.759378 ], [ 21.07093846, 48.75932324 ], [ 21.07102979, 48.75925427 ], [ 21.07121291, 48.759057 ], [ 21.07158424, 48.75879912 ], [ 21.07194723, 48.75853061 ], [ 21.07208125, 48.75839837 ], [ 21.07222244, 48.75810907 ], [ 21.07235497, 48.75794013 ], [ 21.07249941, 48.75770793 ], [ 21.07263615, 48.75749501 ], [ 21.07274986, 48.75716853 ], [ 21.07278457, 48.75693771 ], [ 21.07293909, 48.75672555 ], [ 21.07321379, 48.75644094 ], [ 21.07358381, 48.75618013 ], [ 21.07374945, 48.75600156 ], [ 21.07386647, 48.75581024 ], [ 21.07409306, 48.75561392 ], [ 21.07459665, 48.75508724 ], [ 21.07475288, 48.75495824 ], [ 21.07563736, 48.7546239 ], [ 21.07577586, 48.75455951 ], [ 21.07615991, 48.75435515 ], [ 21.07644528, 48.75408961 ], [ 21.07671457, 48.75408304 ], [ 21.07704049, 48.75415006 ], [ 21.07726016, 48.75419014 ], [ 21.07750234, 48.75421303 ], [ 21.07760709, 48.75417951 ], [ 21.07775629, 48.75409935 ], [ 21.07808493, 48.75392039 ], [ 21.07825532, 48.75377852 ], [ 21.07838693, 48.75363422 ], [ 21.07852752, 48.7535581 ], [ 21.0789088, 48.75344423 ], [ 21.07914907, 48.75333487 ], [ 21.07946361, 48.75325971 ], [ 21.07991282, 48.75324879 ], [ 21.08090666, 48.7529591 ], [ 21.08125735, 48.75295831 ], [ 21.08151169, 48.75285382 ], [ 21.08214211, 48.75273666 ], [ 21.08272656, 48.75267941 ], [ 21.08313441, 48.75256314 ], [ 21.08336284, 48.75256019 ], [ 21.08366223, 48.75262516 ], [ 21.08391018, 48.75265282 ], [ 21.08423394, 48.75262765 ], [ 21.08423909, 48.75264636 ], [ 21.08436638, 48.75263751 ], [ 21.08485788, 48.75249297 ], [ 21.08526569, 48.75255011 ], [ 21.08567943, 48.7525364 ], [ 21.08590475, 48.75249633 ], [ 21.08616924, 48.7524496 ], [ 21.08629242, 48.75246493 ], [ 21.0865772, 48.75246235 ], [ 21.08670567, 48.7523952 ], [ 21.08688309, 48.75245235 ], [ 21.08696135, 48.75240869 ], [ 21.08717917, 48.75242213 ], [ 21.08733854, 48.75240666 ], [ 21.08798201, 48.75243855 ], [ 21.08812449, 48.75236977 ], [ 21.08822024, 48.7522958 ], [ 21.08837714, 48.75215348 ], [ 21.08854658, 48.75205514 ], [ 21.08856746, 48.75201773 ], [ 21.08854111, 48.7520094 ], [ 21.08860105, 48.7519023 ], [ 21.08873546, 48.75167552 ], [ 21.08893318, 48.75156675 ], [ 21.08904939, 48.75147381 ], [ 21.08919249, 48.75131186 ], [ 21.08934676, 48.75125661 ], [ 21.08964225, 48.75102612 ], [ 21.08970445, 48.7506985 ], [ 21.08999391, 48.75047592 ], [ 21.09025057, 48.75034321 ], [ 21.09034464, 48.75030105 ], [ 21.09057523, 48.75024296 ], [ 21.09073001, 48.75009975 ], [ 21.09081663, 48.74992247 ], [ 21.09097026, 48.74974133 ], [ 21.09101251, 48.74975917 ], [ 21.09111021, 48.74962925 ], [ 21.09137543, 48.74957227 ], [ 21.09157991, 48.7495082 ], [ 21.09196749, 48.74924916 ], [ 21.0919427, 48.74916264 ], [ 21.0919602, 48.74911738 ], [ 21.09203171, 48.74908566 ], [ 21.09210863, 48.74912641 ], [ 21.0922898, 48.74899801 ], [ 21.09234213, 48.74880576 ], [ 21.09243325, 48.74872226 ], [ 21.09248946, 48.74852536 ], [ 21.09277291, 48.74824171 ], [ 21.09282114, 48.74814549 ], [ 21.09287917, 48.74808794 ], [ 21.09299754, 48.74803927 ], [ 21.09308055, 48.74794957 ], [ 21.09321684, 48.74794587 ], [ 21.09326232, 48.74796426 ], [ 21.09335613, 48.74779091 ], [ 21.09358358, 48.74757964 ], [ 21.09365286, 48.74747482 ], [ 21.0939352, 48.74728171 ], [ 21.09392468, 48.74717161 ], [ 21.09402198, 48.74690662 ], [ 21.09417813, 48.74663209 ], [ 21.09449135, 48.7464705 ], [ 21.09447406, 48.74634326 ], [ 21.09471736, 48.74626206 ], [ 21.09477935, 48.74618033 ], [ 21.09493229, 48.7460801 ], [ 21.09504218, 48.74604106 ], [ 21.0951161, 48.74598591 ], [ 21.09535525, 48.74566931 ], [ 21.09535524, 48.74549419 ], [ 21.09540649, 48.74536988 ], [ 21.09558495, 48.74527794 ], [ 21.09574159, 48.74527517 ], [ 21.09609259, 48.74523805 ], [ 21.0963166, 48.74516722 ], [ 21.09637321, 48.7450384 ], [ 21.09657458, 48.74495153 ], [ 21.09696375, 48.74487486 ], [ 21.09731857, 48.74467886 ], [ 21.09763981, 48.74459837 ], [ 21.09791643, 48.74447323 ], [ 21.09844343, 48.74434409 ], [ 21.0986461, 48.74432074 ], [ 21.09880518, 48.74416839 ], [ 21.09889467, 48.74410879 ], [ 21.09924036, 48.7440751 ], [ 21.09927626, 48.74401296 ], [ 21.09937684, 48.74390618 ], [ 21.09952708, 48.74382386 ], [ 21.09971563, 48.74370209 ], [ 21.09976879, 48.74364023 ], [ 21.09982369, 48.74363237 ], [ 21.10010143, 48.74364331 ], [ 21.10023114, 48.74350883 ], [ 21.10038019, 48.74348698 ], [ 21.10060476, 48.74331234 ], [ 21.10092807, 48.74332006 ], [ 21.10112391, 48.74308624 ], [ 21.10131852, 48.74293387 ], [ 21.10155584, 48.74248439 ], [ 21.10183967, 48.7423664 ], [ 21.10203797, 48.74218227 ], [ 21.10273016, 48.74174322 ], [ 21.10291813, 48.74160683 ], [ 21.10350233, 48.74154345 ], [ 21.10363532, 48.74138836 ], [ 21.10387994, 48.74137373 ], [ 21.10406478, 48.74118925 ], [ 21.10433127, 48.7411457 ], [ 21.1044454, 48.74081579 ], [ 21.10468975, 48.74071606 ], [ 21.10487997, 48.74062674 ], [ 21.10531337, 48.7402556 ], [ 21.10539969, 48.74019428 ], [ 21.10568489, 48.74004067 ], [ 21.10623006, 48.73981367 ], [ 21.10624995, 48.73969681 ], [ 21.10652706, 48.7397142 ], [ 21.10673195, 48.7396936 ], [ 21.10690501, 48.73950622 ], [ 21.10705707, 48.73940622 ], [ 21.10722453, 48.7393448 ], [ 21.10731471, 48.7392311 ], [ 21.10752098, 48.73912879 ], [ 21.1077544, 48.73908498 ], [ 21.10787441, 48.73891723 ], [ 21.1081488, 48.73882341 ], [ 21.10833283, 48.73874037 ], [ 21.10866552, 48.73854417 ], [ 21.10881189, 48.73830298 ], [ 21.10896241, 48.7382276 ], [ 21.109089, 48.73821835 ], [ 21.1093071, 48.73826615 ], [ 21.10943583, 48.73824085 ], [ 21.11012146, 48.73837842 ], [ 21.1103376, 48.73840652 ], [ 21.11057092, 48.73841033 ], [ 21.11081169, 48.73836261 ], [ 21.11105309, 48.73833598 ], [ 21.11130836, 48.73832627 ], [ 21.11159516, 48.73836178 ], [ 21.11195616, 48.73831368 ], [ 21.11225272, 48.7383107 ], [ 21.11252527, 48.73835664 ], [ 21.11274332, 48.73852572 ], [ 21.11293014, 48.73852308 ], [ 21.1131368, 48.73849866 ], [ 21.11325465, 48.73845094 ], [ 21.11331417, 48.73838379 ], [ 21.1133447, 48.73834804 ], [ 21.11351963, 48.73833133 ], [ 21.11411748, 48.73822016 ], [ 21.11440063, 48.73797355 ], [ 21.1147481, 48.73786487 ], [ 21.1148425, 48.73788807 ], [ 21.11500273, 48.73789348 ], [ 21.11608185, 48.73759022 ], [ 21.11620278, 48.73757096 ], [ 21.11630012, 48.73755599 ], [ 21.11673826, 48.73748974 ], [ 21.11682195, 48.73747703 ], [ 21.11696194, 48.73745595 ], [ 21.11748155, 48.73737755 ], [ 21.11759813, 48.73736013 ], [ 21.1179973, 48.73731478 ], [ 21.11852861, 48.73713257 ], [ 21.11867181, 48.73696357 ], [ 21.11870715, 48.73687143 ], [ 21.11882679, 48.73673058 ], [ 21.11895414, 48.73659213 ], [ 21.11895277, 48.73652717 ], [ 21.11897736, 48.73648888 ], [ 21.11923882, 48.73642425 ], [ 21.11928445, 48.73642022 ], [ 21.1195343, 48.73636908 ], [ 21.11961295, 48.73633235 ], [ 21.11966965, 48.73627555 ], [ 21.11966894, 48.73626851 ], [ 21.11975227, 48.73613639 ], [ 21.11967031, 48.73586923 ], [ 21.1196592, 48.73581098 ], [ 21.11974707, 48.73571152 ], [ 21.11987084, 48.73557179 ], [ 21.12005312, 48.73542484 ], [ 21.12008959, 48.73537847 ], [ 21.12022253, 48.73516737 ], [ 21.12032641, 48.73506679 ], [ 21.12047275, 48.73498307 ], [ 21.12064899, 48.73493326 ], [ 21.12078108, 48.73492507 ], [ 21.12086971, 48.73490072 ], [ 21.12095911, 48.73488063 ], [ 21.12106166, 48.73483899 ], [ 21.12115362, 48.73469121 ], [ 21.12123201, 48.73461323 ], [ 21.12137448, 48.73441882 ], [ 21.12156984, 48.73424374 ], [ 21.12165917, 48.73416692 ], [ 21.12172975, 48.7341139 ], [ 21.12178043, 48.73409104 ], [ 21.12193167, 48.73410381 ], [ 21.12211902, 48.73414583 ], [ 21.12222262, 48.73416779 ], [ 21.12247528, 48.73418408 ], [ 21.12274835, 48.73418194 ], [ 21.12304392, 48.7342367 ], [ 21.12340961, 48.734282 ], [ 21.12360409, 48.73431768 ], [ 21.1237253, 48.73432228 ], [ 21.12382627, 48.73430589 ], [ 21.1241659, 48.73423681 ], [ 21.12436049, 48.73418741 ], [ 21.12459156, 48.73410252 ], [ 21.12476788, 48.73404037 ], [ 21.12498058, 48.7339648 ], [ 21.12503606, 48.73394695 ], [ 21.12502663, 48.73392143 ], [ 21.12500198, 48.73385465 ], [ 21.12499358, 48.73383187 ], [ 21.12498027, 48.73379615 ], [ 21.12497902, 48.73379269 ], [ 21.12459138, 48.73274394 ], [ 21.12438225, 48.73235251 ], [ 21.12417671, 48.73181182 ], [ 21.12408522, 48.73151474 ], [ 21.12440076, 48.73154007 ], [ 21.12497406, 48.73150081 ], [ 21.12505396, 48.73143188 ], [ 21.12521355, 48.73126358 ], [ 21.12545098, 48.73099315 ], [ 21.12550633, 48.73081511 ], [ 21.12555666, 48.73054779 ], [ 21.1255894, 48.7303756 ], [ 21.12557052, 48.73009057 ], [ 21.12551677, 48.72997702 ], [ 21.12535446, 48.72982551 ], [ 21.12525007, 48.72976788 ], [ 21.12471243, 48.72961209 ], [ 21.12438903, 48.72954554 ], [ 21.12441238, 48.72939566 ], [ 21.12456721, 48.72918633 ], [ 21.12464099, 48.7290169 ], [ 21.12474755, 48.72896683 ], [ 21.12478768, 48.72888348 ], [ 21.12478867, 48.72864312 ], [ 21.12490231, 48.72859291 ], [ 21.1250338, 48.72845316 ], [ 21.12544185, 48.72824266 ], [ 21.1255753, 48.72809297 ], [ 21.12564188, 48.72782094 ], [ 21.12598872, 48.72767692 ], [ 21.12607047, 48.72802717 ], [ 21.12616723, 48.72812958 ], [ 21.12628748, 48.72835366 ], [ 21.12641709, 48.72839211 ], [ 21.12657158, 48.72835834 ], [ 21.1266375, 48.72854008 ], [ 21.12676015, 48.72895269 ], [ 21.12691278, 48.72895379 ], [ 21.12701239, 48.72882372 ], [ 21.12707616, 48.72874464 ], [ 21.12724583, 48.72861682 ], [ 21.12729324, 48.72849715 ], [ 21.12739487, 48.72839902 ], [ 21.12769471, 48.72850856 ], [ 21.1278432, 48.72827777 ], [ 21.12794536, 48.72821522 ], [ 21.12804496, 48.72810569 ], [ 21.12807905, 48.72799126 ], [ 21.12821497, 48.72765689 ], [ 21.1284806, 48.72712121 ], [ 21.12859423, 48.72684032 ], [ 21.1286888, 48.72662087 ], [ 21.12875702, 48.72641011 ], [ 21.12877981, 48.72610391 ], [ 21.12871331, 48.72596744 ], [ 21.12796899, 48.72554349 ], [ 21.12770924, 48.72541435 ], [ 21.12753093, 48.72535714 ], [ 21.12747121, 48.72529733 ], [ 21.12730847, 48.72511646 ], [ 21.12728404, 48.72508948 ], [ 21.1272254, 48.72502422 ], [ 21.12718625, 48.72498073 ], [ 21.12720236, 48.72476417 ], [ 21.12720916, 48.7245112 ], [ 21.12716018, 48.72419477 ], [ 21.12711418, 48.72402178 ], [ 21.12677039, 48.72308267 ], [ 21.12662573, 48.7226735 ], [ 21.12650346, 48.72225019 ], [ 21.12633048, 48.72189332 ], [ 21.12614667, 48.72189842 ], [ 21.125884, 48.72182437 ], [ 21.1255825, 48.72189061 ], [ 21.12546051, 48.72213692 ], [ 21.1250188, 48.72226872 ], [ 21.12493404, 48.7221477 ], [ 21.12477039, 48.72219711 ], [ 21.12473387, 48.72235206 ], [ 21.12406316, 48.72271224 ], [ 21.12382089, 48.72287086 ], [ 21.12347625, 48.72308194 ], [ 21.12260949, 48.72343925 ], [ 21.12206056, 48.72360416 ], [ 21.12166747, 48.72374264 ], [ 21.12135958, 48.72373231 ], [ 21.12137566, 48.72366143 ], [ 21.12138493, 48.72362031 ], [ 21.12138065, 48.72358038 ], [ 21.12134661, 48.72341893 ], [ 21.12131622, 48.72308328 ], [ 21.12117717, 48.72256651 ], [ 21.12099982, 48.72205247 ], [ 21.1209425, 48.72175008 ], [ 21.12167038, 48.72118728 ], [ 21.12185135, 48.72097204 ], [ 21.12218536, 48.7207202 ], [ 21.12251622, 48.72044629 ], [ 21.12293513, 48.7201201 ], [ 21.12344505, 48.71967905 ], [ 21.12426812, 48.71942496 ], [ 21.12462726, 48.71929241 ], [ 21.12569179, 48.7188793 ], [ 21.1262371, 48.71867383 ], [ 21.12620962, 48.71865512 ], [ 21.12614067, 48.71851696 ], [ 21.126058, 48.71838961 ], [ 21.12574874, 48.71775682 ], [ 21.12558251, 48.7173005 ], [ 21.12556667, 48.71721013 ], [ 21.12509204, 48.71723446 ], [ 21.12474333, 48.71727874 ], [ 21.12457473, 48.71732538 ], [ 21.12426117, 48.71731128 ], [ 21.12385195, 48.71731951 ], [ 21.1236585, 48.71737282 ], [ 21.12352975, 48.71739553 ], [ 21.12304116, 48.71753086 ], [ 21.12276254, 48.71752643 ], [ 21.12259718, 48.7175566 ], [ 21.1224102, 48.71759598 ], [ 21.12220817, 48.71763074 ], [ 21.12197924, 48.71764834 ], [ 21.12187505, 48.71769245 ], [ 21.12179831, 48.71778894 ], [ 21.12167756, 48.71779723 ], [ 21.1213009, 48.71776021 ], [ 21.12118698, 48.71776258 ], [ 21.1210853, 48.71777229 ], [ 21.12085548, 48.71778707 ], [ 21.12071228, 48.71776564 ], [ 21.12040036, 48.71782559 ], [ 21.12012336, 48.71787343 ], [ 21.11979796, 48.71793177 ], [ 21.1196358, 48.71794422 ], [ 21.1195366, 48.71794248 ], [ 21.11946884, 48.71795723 ], [ 21.11915808, 48.71787892 ], [ 21.11856119, 48.71796916 ], [ 21.11815128, 48.7180518 ], [ 21.11798272, 48.7180996 ], [ 21.11785128, 48.71809583 ], [ 21.11735029, 48.71821787 ], [ 21.11720489, 48.71822085 ], [ 21.11698032, 48.71824561 ], [ 21.11685267, 48.71827374 ], [ 21.11660368, 48.71828078 ], [ 21.11635972, 48.71838441 ], [ 21.11613013, 48.71841837 ], [ 21.11593075, 48.71853568 ], [ 21.11552945, 48.71856375 ], [ 21.1148536, 48.71871555 ], [ 21.11467687, 48.71882827 ], [ 21.114415, 48.71857702 ], [ 21.11387692, 48.71851462 ], [ 21.11349124, 48.71834286 ], [ 21.1127815, 48.7179553 ], [ 21.11215142, 48.71753194 ], [ 21.11184104, 48.71730218 ], [ 21.1114185, 48.71706016 ], [ 21.111573, 48.71662016 ], [ 21.11163618, 48.71645652 ], [ 21.11167179, 48.71632918 ], [ 21.11167918, 48.71630268 ], [ 21.11168513, 48.71627162 ], [ 21.11174594, 48.71620506 ], [ 21.11179004, 48.71610861 ], [ 21.11196418, 48.71572722 ], [ 21.11199967, 48.7156404 ], [ 21.11228386, 48.71494615 ], [ 21.11242208, 48.71472397 ], [ 21.11255746, 48.71449431 ], [ 21.11267274, 48.71432505 ], [ 21.11319186, 48.71357371 ], [ 21.11350544, 48.71297739 ], [ 21.1137662, 48.71248506 ], [ 21.11405611, 48.71194037 ], [ 21.1144686, 48.71117669 ], [ 21.11670978, 48.70685572 ], [ 21.11633133, 48.70680359 ], [ 21.11568223, 48.70665947 ], [ 21.11476155, 48.7067238 ], [ 21.11476831, 48.70671321 ], [ 21.11425419, 48.7065727 ], [ 21.11373097, 48.70634654 ], [ 21.11270422, 48.70633433 ], [ 21.1119395, 48.70616433 ], [ 21.1115048, 48.70601133 ], [ 21.11122937, 48.70603281 ], [ 21.11059145, 48.7060203 ], [ 21.10983634, 48.70603823 ], [ 21.1098308, 48.70602104 ], [ 21.10973758, 48.70596779 ], [ 21.10932814, 48.70573393 ], [ 21.10883955, 48.70559242 ], [ 21.1073737, 48.70517093 ], [ 21.10689984, 48.70502152 ], [ 21.10574992, 48.7048143 ], [ 21.10531653, 48.70497312 ], [ 21.10450368, 48.70491983 ], [ 21.10351802, 48.70473967 ], [ 21.10251527, 48.70442579 ], [ 21.10206372, 48.7042859 ], [ 21.10058739, 48.70435155 ], [ 21.10045654, 48.7043828 ], [ 21.10034936, 48.70440842 ], [ 21.10009521, 48.70455662 ], [ 21.09978316, 48.70475779 ], [ 21.09963189, 48.70491831 ], [ 21.09882382, 48.70540599 ], [ 21.09858503, 48.70556531 ], [ 21.09790596, 48.70611136 ], [ 21.09770912, 48.7062958 ], [ 21.09743014, 48.7064946 ], [ 21.09744899, 48.70650286 ], [ 21.09726323, 48.70669198 ], [ 21.09722432, 48.7068211 ], [ 21.09715348, 48.70721562 ], [ 21.09683984, 48.70752468 ], [ 21.09637161, 48.70795228 ], [ 21.09621908, 48.70798589 ], [ 21.09605769, 48.70799563 ], [ 21.09567242, 48.70792349 ], [ 21.09534523, 48.70794929 ], [ 21.09482515, 48.70792871 ], [ 21.09453536, 48.70798426 ], [ 21.09371592, 48.70819684 ], [ 21.09320727, 48.70819093 ], [ 21.09300768, 48.70829244 ], [ 21.09250126, 48.70836872 ], [ 21.09238109, 48.70848909 ], [ 21.09216874, 48.7086695 ], [ 21.09188976, 48.70875908 ], [ 21.09132511, 48.70904911 ], [ 21.09119152, 48.70917058 ], [ 21.09080166, 48.70932644 ], [ 21.09066331, 48.70935573 ], [ 21.0903946, 48.70948488 ], [ 21.08998811, 48.70977931 ], [ 21.08955511, 48.71002363 ], [ 21.08919781, 48.71021547 ], [ 21.08883287, 48.71048314 ], [ 21.08839258, 48.71079286 ], [ 21.08826214, 48.71087345 ], [ 21.08801888, 48.71099119 ], [ 21.08770706, 48.71107564 ], [ 21.08748474, 48.71112543 ], [ 21.08709659, 48.71122461 ], [ 21.08659219, 48.71132272 ], [ 21.08660063, 48.7113283 ], [ 21.08657428, 48.71133862 ], [ 21.08576371, 48.71157546 ], [ 21.08559326, 48.711564 ], [ 21.08488842, 48.71151164 ], [ 21.08356366, 48.71184238 ], [ 21.08254786, 48.71246739 ], [ 21.08254076, 48.71251191 ], [ 21.08254235, 48.71252717 ], [ 21.08231188, 48.7126373 ], [ 21.08206435, 48.71289156 ], [ 21.08185907, 48.71297738 ], [ 21.08146702, 48.71316023 ], [ 21.08123699, 48.71332313 ], [ 21.0810559, 48.71348654 ], [ 21.08079644, 48.7135452 ], [ 21.08056998, 48.7135809 ], [ 21.08023361, 48.7136621 ], [ 21.07989918, 48.71377218 ], [ 21.07928898, 48.71401593 ], [ 21.07825762, 48.71450444 ], [ 21.07697902, 48.71493403 ], [ 21.0759116, 48.71556514 ], [ 21.07547061, 48.71588442 ], [ 21.07496609, 48.71606577 ], [ 21.07422116, 48.71643928 ], [ 21.07389652, 48.71662601 ], [ 21.07366336, 48.71669119 ], [ 21.07343491, 48.71676625 ], [ 21.07312847, 48.71683778 ], [ 21.07293158, 48.71691116 ], [ 21.07262976, 48.71713861 ], [ 21.07238392, 48.71724812 ], [ 21.07209764, 48.71733228 ], [ 21.07162349, 48.71751289 ], [ 21.07131609, 48.7175038 ], [ 21.07087463, 48.71742912 ], [ 21.07049193, 48.71736769 ], [ 21.07031764, 48.71729224 ], [ 21.07028755, 48.71728892 ], [ 21.07000876, 48.71732524 ], [ 21.06986808, 48.71736163 ], [ 21.06965617, 48.71738599 ], [ 21.06949648, 48.717387 ], [ 21.06900123, 48.7174558 ], [ 21.06828263, 48.71768472 ], [ 21.06799143, 48.71783309 ], [ 21.06769566, 48.71792765 ], [ 21.06735348, 48.71805878 ], [ 21.06703217, 48.71829917 ], [ 21.06676641, 48.71844558 ], [ 21.06668327, 48.71851878 ], [ 21.0663419, 48.71868487 ], [ 21.06634805, 48.7187046 ], [ 21.06607089, 48.71881768 ], [ 21.0650268, 48.71924362 ], [ 21.06470962, 48.71939708 ], [ 21.06438915, 48.71946479 ], [ 21.06385698, 48.7195375 ], [ 21.06338713, 48.71956452 ], [ 21.06277789, 48.71956826 ], [ 21.062548, 48.71967323 ], [ 21.06235811, 48.71967947 ], [ 21.06190654, 48.71972968 ], [ 21.06174576, 48.71973245 ], [ 21.06140459, 48.71966686 ], [ 21.06128504, 48.71965135 ], [ 21.06110162, 48.71963465 ], [ 21.06073703, 48.71962043 ], [ 21.06072896, 48.7196009 ], [ 21.06048203, 48.7197099 ], [ 21.06033473, 48.71971428 ], [ 21.06014643, 48.71966447 ], [ 21.06004772, 48.71966342 ], [ 21.05970613, 48.71980085 ], [ 21.05921859, 48.7197547 ], [ 21.0585251, 48.71983536 ], [ 21.05818461, 48.71990313 ], [ 21.05776189, 48.71999153 ], [ 21.05765726, 48.72007348 ], [ 21.05746624, 48.72009849 ], [ 21.05718154, 48.72015538 ], [ 21.05696642, 48.72020248 ], [ 21.05655388, 48.72019433 ], [ 21.0555454, 48.72024696 ], [ 21.0542494, 48.72035042 ], [ 21.05388941, 48.72046049 ], [ 21.05377501, 48.72052204 ], [ 21.05343575, 48.72058047 ], [ 21.05269923, 48.72061197 ], [ 21.05223693, 48.7206834 ], [ 21.05194173, 48.72068564 ], [ 21.05186009, 48.72063813 ], [ 21.05159562, 48.72044922 ], [ 21.05120846, 48.72042559 ], [ 21.05120733, 48.72044257 ], [ 21.05092091, 48.72038557 ], [ 21.05071799, 48.72038227 ], [ 21.05061822, 48.72037163 ], [ 21.05063501, 48.72035993 ], [ 21.05053156, 48.72031468 ], [ 21.05023894, 48.72005273 ], [ 21.04981346, 48.71970395 ], [ 21.04937125, 48.71933329 ], [ 21.04911152, 48.71923241 ], [ 21.04885337, 48.71905388 ], [ 21.04884157, 48.71907348 ], [ 21.04882069, 48.71909972 ], [ 21.04867453, 48.71929304 ], [ 21.04868073, 48.71941588 ], [ 21.04864383, 48.71950732 ], [ 21.04848227, 48.71982295 ], [ 21.0485059, 48.71985272 ], [ 21.04848158, 48.72003453 ], [ 21.04842148, 48.72021058 ], [ 21.04840312, 48.72020493 ], [ 21.04821641, 48.72044554 ], [ 21.04812907, 48.72051067 ], [ 21.04785716, 48.72092813 ], [ 21.04783839, 48.72106645 ], [ 21.04776777, 48.72122666 ], [ 21.04763034, 48.72143773 ], [ 21.0473139, 48.72190271 ], [ 21.04730315, 48.72189903 ], [ 21.04696972, 48.72192117 ], [ 21.04673972, 48.72201782 ], [ 21.04634491, 48.72206352 ], [ 21.04608723, 48.72210452 ], [ 21.04575648, 48.7221344 ], [ 21.04553757, 48.72219729 ], [ 21.04501947, 48.72227037 ], [ 21.04490829, 48.72230671 ], [ 21.04440533, 48.72247565 ], [ 21.044156, 48.72256491 ], [ 21.04402256, 48.72259692 ], [ 21.04398149, 48.72263105 ], [ 21.04336478, 48.72290521 ], [ 21.04347139, 48.72313921 ], [ 21.04352015, 48.72316412 ], [ 21.04342088, 48.72321769 ], [ 21.04331893, 48.72346359 ], [ 21.04279037, 48.72362519 ], [ 21.04253137, 48.72373818 ], [ 21.04230707, 48.72380755 ], [ 21.04198104, 48.72384153 ], [ 21.04179947, 48.72389636 ], [ 21.04153378, 48.72403146 ], [ 21.04121161, 48.72415191 ], [ 21.04095251, 48.72426804 ], [ 21.04084824, 48.7244756 ], [ 21.04101335, 48.72464074 ], [ 21.04100042, 48.72474261 ], [ 21.0405883, 48.72509017 ], [ 21.04039575, 48.72529159 ], [ 21.04033158, 48.72545247 ], [ 21.04020769, 48.72557303 ], [ 21.04009601, 48.72560133 ], [ 21.0398452, 48.72574654 ], [ 21.03967972, 48.72579542 ], [ 21.03921243, 48.72583448 ], [ 21.03902241, 48.72579305 ], [ 21.03889941, 48.72576344 ], [ 21.03876921, 48.72575918 ], [ 21.03876095, 48.72580051 ], [ 21.03866703, 48.72580058 ], [ 21.03841683, 48.72572682 ], [ 21.03833356, 48.72565386 ], [ 21.03824675, 48.72569892 ], [ 21.0380492, 48.72586343 ], [ 21.03791771, 48.72605082 ], [ 21.03775401, 48.72618133 ], [ 21.03757977, 48.72629978 ], [ 21.03760152, 48.72631472 ], [ 21.03767249, 48.72635379 ], [ 21.03773873, 48.72651245 ], [ 21.03795236, 48.72655665 ], [ 21.03813732, 48.72659486 ], [ 21.03817466, 48.72661418 ], [ 21.0383692, 48.72676976 ], [ 21.03860437, 48.72689722 ], [ 21.03888242, 48.72700088 ], [ 21.03932918, 48.72734338 ], [ 21.03966693, 48.72757136 ], [ 21.04031629, 48.72821303 ], [ 21.04087038, 48.72868572 ], [ 21.04090286, 48.72870831 ], [ 21.04159904, 48.72889751 ], [ 21.04226965, 48.72901915 ], [ 21.04298525, 48.72921997 ], [ 21.04338372, 48.72931352 ], [ 21.04374982, 48.72979066 ], [ 21.04399487, 48.7302923 ], [ 21.04533837, 48.73212793 ], [ 21.04550734, 48.73242582 ], [ 21.04566858, 48.73264693 ], [ 21.04569635, 48.73268512 ], [ 21.04612833, 48.73327759 ], [ 21.04646335, 48.73428063 ], [ 21.04694387, 48.73529663 ], [ 21.0474555, 48.73590044 ], [ 21.04791864, 48.7363024 ], [ 21.04799758, 48.73797679 ], [ 21.04774277, 48.73861226 ], [ 21.04733556, 48.73962731 ], [ 21.04657157, 48.74124082 ], [ 21.04643547, 48.74160635 ], [ 21.0464017, 48.74183044 ], [ 21.04608613, 48.74234209 ], [ 21.04580357, 48.74292559 ], [ 21.04530935, 48.74375591 ], [ 21.04489841, 48.74450665 ], [ 21.04450539, 48.74527968 ], [ 21.04405024, 48.74595667 ], [ 21.04393384, 48.74622775 ], [ 21.04364487, 48.74666148 ], [ 21.04337069, 48.74738527 ], [ 21.04336286, 48.74797569 ], [ 21.04342881, 48.74818981 ], [ 21.04350549, 48.74864073 ], [ 21.04352438, 48.74903068 ], [ 21.04349553, 48.74933246 ], [ 21.04368628, 48.75000231 ], [ 21.04375883, 48.75056682 ], [ 21.04405493, 48.75103887 ], [ 21.04417301, 48.75162467 ], [ 21.04418858, 48.75206081 ], [ 21.04432436, 48.75255553 ], [ 21.04462247, 48.75293013 ], [ 21.04511421, 48.75345036 ], [ 21.04550201, 48.75397313 ], [ 21.04735505, 48.75509531 ], [ 21.04730083, 48.75552727 ], [ 21.04681757, 48.75744997 ], [ 21.04795717, 48.75805817 ], [ 21.0497145, 48.75859929 ], [ 21.05299787, 48.75890847 ], [ 21.05756235, 48.7615666 ], [ 21.05847262, 48.76233082 ], [ 21.05846689, 48.76234378 ], [ 21.05864473, 48.76244826 ], [ 21.0586791, 48.76246955 ], [ 21.05884875, 48.76258529 ], [ 21.05886529, 48.76260285 ], [ 21.05908662, 48.76291872 ], [ 21.05971958, 48.76331814 ], [ 21.05989035, 48.76336593 ], [ 21.060087, 48.76339179 ], [ 21.06035931, 48.76343127 ], [ 21.06070664, 48.76345285 ], [ 21.06142658, 48.7634328 ], [ 21.06162471, 48.76340954 ] ] ] } },
{ "type": "Feature", "properties": { "@featureType": "CadastralZoning", "beginLifespanVersion": { "@nilReason": "http://inspire.ec.europa.eu/codelist/VoidReasonValue/Unpopulated", "@nil": "true" }, "endLifespanVersion": { "@nilReason": "http://inspire.ec.europa.eu/codelist/VoidReasonValue/Unpopulated", "@nil": "true" }, "estimatedAccuracy": { "value": -1, "@uom": "m" }, "inspireId": { "@dataType": "Identifier", "localId": "867748", "namespace": "SK.ESKN.CP", "versionId": "20260703T04:07:40" }, "label": "Veľká Ida", "level": { "@href": "http://inspire.ec.europa.eu/codelist/CadastralZoningLevelValue/3rdOrder" }, "levelName": { "value": "Katastrálne územie", "@locale": "sk" }, "name_1": { "@dataType": "name", "GeographicalName": { "@dataType": "GeographicalName", "language": "SLK", "nativeness": { "@href": "http://inspire.ec.europa.eu/codelist/NativenessValue/endonym", "@title": "endonym" }, "nameStatus": { "@href": "http://inspire.ec.europa.eu/codelist/NameStatusValue/official", "@title": "official" }, "sourceOfName": { "@nilReason": "http://inspire.ec.europa.eu/codelist/VoidReasonValue/Unpopulated", "@nil": "true" }, "pronunciation": { "@dataType": "pronunciation", "@nilReason": "http://inspire.ec.europa.eu/codelist/VoidReasonValue/Unpopulated", "@nil": "true" }, "spelling": { "@dataType": "SpellingOfName", "text": "Veľká Ida", "script": "LATN" } } }, "nationalCadastalZoningReference": "867748", "validFrom": "2026-06-30T16:00:00Z", "validTo": { "@nilReason": "http://inspire.ec.europa.eu/codelist/VoidReasonValue/Unpopulated", "@nil": "true" }, "place_id": 189396049, "osm_type": "relation", "osm_id": 388209, "place_rank": 12, "category": "boundary", "type": "administrative", "importance": 0.54120382821693425, "addresstype": "county", "name_2": "okres Košice-okolie", "display_name": "okres Košice-okolie, Košický kraj, Slovensko" }, "geometry": { "type": "Polygon", "coordinates": [ [ [ 21.11691676, 48.65662532 ], [ 21.11708936, 48.65650652 ], [ 21.11732442, 48.65638667 ], [ 21.11731088, 48.65636562 ], [ 21.11770623, 48.65624318 ], [ 21.11772109, 48.65608851 ], [ 21.11803181, 48.65597839 ], [ 21.11811437, 48.65592729 ], [ 21.11832717, 48.65595178 ], [ 21.11840721, 48.65610229 ], [ 21.11882011, 48.65596834 ], [ 21.11901878, 48.65597985 ], [ 21.1191034, 48.655882 ], [ 21.11936751, 48.65582575 ], [ 21.11935374, 48.65565549 ], [ 21.11945113, 48.65562089 ], [ 21.11940505, 48.65547985 ], [ 21.1198499, 48.65531595 ], [ 21.12001336, 48.65532192 ], [ 21.12012447, 48.6552187 ], [ 21.12028721, 48.65523086 ], [ 21.12056061, 48.65516626 ], [ 21.12074005, 48.65517311 ], [ 21.12087847, 48.65502538 ], [ 21.12092068, 48.65502242 ], [ 21.12107546, 48.6551638 ], [ 21.12123845, 48.65516318 ], [ 21.12143537, 48.65520399 ], [ 21.12168481, 48.65513628 ], [ 21.12168486788585, 48.655136284553549 ], [ 21.121685, 48.655136 ], [ 21.122173321412674, 48.655174708404658 ], [ 21.12250475, 48.65520078 ], [ 21.12290941, 48.65500461 ], [ 21.123006498237377, 48.654948768458446 ], [ 21.123339, 48.654757 ], [ 21.123659, 48.65462 ], [ 21.123659085466489, 48.654619982147004 ], [ 21.1236593, 48.65461989 ], [ 21.12388343, 48.65457306 ], [ 21.12394578, 48.65437454 ], [ 21.123945843332734, 48.654374502851383 ], [ 21.123946, 48.654374 ], [ 21.124097, 48.654285 ], [ 21.124291, 48.654225 ], [ 21.124492, 48.654113 ], [ 21.124525, 48.653991 ], [ 21.124512419126468, 48.653910939895709 ], [ 21.12450285, 48.65385182 ], [ 21.124503077224283, 48.653851491427247 ], [ 21.124503, 48.653851 ], [ 21.124614, 48.653691 ], [ 21.124517819223588, 48.653578263516174 ], [ 21.12449189, 48.65354812 ], [ 21.12480224, 48.6531972 ], [ 21.124796861286701, 48.653083774843559 ], [ 21.124794, 48.653031 ], [ 21.124676, 48.652835 ], [ 21.124964, 48.651812 ], [ 21.124912, 48.651513 ], [ 21.124977, 48.65135 ], [ 21.1249, 48.65125 ], [ 21.124883603225236, 48.651056752297407 ], [ 21.12487173, 48.6509205 ], [ 21.12483567, 48.65048049 ], [ 21.12471585, 48.6503369 ], [ 21.12461624, 48.65011571 ], [ 21.124616256231914, 48.650115568834849 ], [ 21.124616, 48.650115 ], [ 21.124632, 48.649973 ], [ 21.124761, 48.649584 ], [ 21.124757, 48.649405 ], [ 21.124814454336818, 48.649186673520092 ], [ 21.12483685, 48.64910146 ], [ 21.124836912246092, 48.649101333464856 ], [ 21.124837, 48.649101 ], [ 21.124958, 48.648855 ], [ 21.125089, 48.648642 ], [ 21.125165, 48.648366 ], [ 21.12522256941892, 48.648211900040259 ], [ 21.12526377, 48.6481013 ], [ 21.125294036705654, 48.648056008310093 ], [ 21.125501, 48.647746 ], [ 21.12555402546101, 48.647676659012525 ], [ 21.12568273, 48.64750769 ], [ 21.12577711, 48.64738385 ], [ 21.125777535832942, 48.647383290968534 ], [ 21.125876, 48.647253 ], [ 21.126055444447253, 48.647018572574481 ], [ 21.12623443, 48.64678372 ], [ 21.12644069225189, 48.646325636401656 ], [ 21.126559, 48.646062 ], [ 21.126594496108648, 48.645984081712719 ], [ 21.12660001, 48.64597184 ], [ 21.126661073154128, 48.645836211921917 ], [ 21.126891, 48.645325 ], [ 21.127426787043003, 48.644613089188539 ], [ 21.127469040473379, 48.644556914454 ], [ 21.127557, 48.644371 ], [ 21.127634, 48.644247 ], [ 21.127854, 48.64389 ], [ 21.127974, 48.643584 ], [ 21.12805, 48.643391 ], [ 21.128092, 48.643049 ], [ 21.128093178423399, 48.643035184001505 ], [ 21.1281206, 48.64270953 ], [ 21.128120390218854, 48.642698633720528 ], [ 21.12812, 48.642692 ], [ 21.128146, 48.642586 ], [ 21.128159, 48.642535 ], [ 21.128172265063693, 48.642424690522972 ], [ 21.12817791, 48.64237678 ], [ 21.128201112357971, 48.642179936737293 ], [ 21.128216, 48.642053 ], [ 21.128556, 48.640704 ], [ 21.128606, 48.640505 ], [ 21.128773460432804, 48.640156534540559 ], [ 21.12887787, 48.63993859 ], [ 21.129052327228127, 48.639669585192891 ], [ 21.129329, 48.639242 ], [ 21.129530181147878, 48.638864367612783 ], [ 21.129630010338989, 48.63867644408046 ], [ 21.129637279135096, 48.638285606505221 ], [ 21.1296429, 48.63797808 ], [ 21.129617110485942, 48.637882637185626 ], [ 21.129504, 48.637466 ], [ 21.129371914522991, 48.637076592445553 ], [ 21.12936877, 48.63706736 ], [ 21.129382093900251, 48.636896844018153 ], [ 21.129382993441222, 48.63688508573258 ], [ 21.129347210160155, 48.636811034330989 ], [ 21.129248, 48.636606 ], [ 21.129036592465692, 48.636228841018607 ], [ 21.12903533, 48.63622659 ], [ 21.129035328082811, 48.636226585312059 ], [ 21.129035, 48.636226 ], [ 21.128658094643992, 48.63530423146355 ], [ 21.128627393956332, 48.635271377989383 ], [ 21.128491, 48.635126 ], [ 21.128228037829338, 48.634614357949097 ], [ 21.12817803, 48.63451724 ], [ 21.12794917, 48.63401972 ], [ 21.12780101, 48.63367849 ], [ 21.127780434675628, 48.63360379522134 ], [ 21.127704, 48.633328 ], [ 21.127124, 48.632384 ], [ 21.126648, 48.631801 ], [ 21.12643285624997, 48.631624433749977 ], [ 21.12635807, 48.63156326 ], [ 21.126209825106052, 48.631470220140066 ], [ 21.125815, 48.631223 ], [ 21.125654295496108, 48.630947025773423 ], [ 21.12562402, 48.6308952 ], [ 21.125441878956043, 48.630776921520955 ], [ 21.12526, 48.630659 ], [ 21.125068, 48.630599 ], [ 21.124866, 48.630409 ], [ 21.124508, 48.629984 ], [ 21.124418239739985, 48.62985496962623 ], [ 21.12421945, 48.62956974 ], [ 21.12416199197639, 48.629510197913802 ], [ 21.124123, 48.62947 ], [ 21.123997519312763, 48.629316864648558 ], [ 21.12345568, 48.62865669 ], [ 21.123252751304065, 48.628591295358973 ], [ 21.123189, 48.628571 ], [ 21.122884535621793, 48.628422091657818 ], [ 21.12273096, 48.62834709 ], [ 21.122714984033433, 48.62819597815102 ], [ 21.122373, 48.627728 ], [ 21.1222, 48.62744 ], [ 21.121792942312485, 48.626871023810118 ], [ 21.12174983, 48.6268109 ], [ 21.121479205540208, 48.626302404428387 ], [ 21.121315, 48.625994 ], [ 21.121239, 48.625728 ], [ 21.121052, 48.625072 ], [ 21.120923534677484, 48.624714009967924 ], [ 21.12090199, 48.62465437 ], [ 21.12079065, 48.62427316 ], [ 21.12083686219124, 48.623900839595684 ], [ 21.120852, 48.623778 ], [ 21.120801, 48.623431 ], [ 21.120820895411061, 48.623242277815081 ], [ 21.12083591, 48.62309877 ], [ 21.120977869129501, 48.622843776379931 ], [ 21.121239, 48.622374 ], [ 21.121244, 48.622324 ], [ 21.121291058288467, 48.621874246193826 ], [ 21.1213049, 48.62174062 ], [ 21.121321093587468, 48.621584662293174 ], [ 21.121347, 48.621333 ], [ 21.121348630456207, 48.621319412864935 ], [ 21.12134988, 48.62130734 ], [ 21.12148978, 48.61996212 ], [ 21.121489986466536, 48.619962130114615 ], [ 21.12149, 48.619962 ], [ 21.126882, 48.620226 ], [ 21.127374, 48.62025 ], [ 21.12739976870705, 48.620251644811084 ], [ 21.12742133, 48.62025267 ], [ 21.12749657, 48.62025635 ], [ 21.12752743, 48.62025787 ], [ 21.127625, 48.62026263 ], [ 21.127675075212615, 48.620265115854053 ], [ 21.127696, 48.620266 ], [ 21.128252053038146, 48.620292610124125 ], [ 21.13051705, 48.62040037 ], [ 21.13052935773198, 48.620401 ], [ 21.130536, 48.620401 ], [ 21.130562689522915, 48.620402642432182 ], [ 21.13060055, 48.62040449 ], [ 21.131083772739199, 48.6204299280244 ], [ 21.131182, 48.620435 ], [ 21.131991534702337, 48.620474293465968 ], [ 21.13299547, 48.6205229 ], [ 21.13313647, 48.62052994 ], [ 21.133187358804172, 48.620532445657346 ], [ 21.133262, 48.620536 ], [ 21.133924856480668, 48.620566577589976 ], [ 21.13649233, 48.62068455 ], [ 21.13681949, 48.62069952 ], [ 21.13697596, 48.62070669 ], [ 21.13743752, 48.62072793 ], [ 21.14127886, 48.62090946 ], [ 21.14571902, 48.62109826 ], [ 21.14717289, 48.6209987 ], [ 21.14722203, 48.62099531 ], [ 21.14726434, 48.62099243 ], [ 21.14745201, 48.6209796 ], [ 21.14758031, 48.62097082 ], [ 21.14771147, 48.62096186 ], [ 21.15199194, 48.62066343 ], [ 21.15199613005867, 48.62066317398827 ], [ 21.151997, 48.620663 ], [ 21.152015030553272, 48.620661829184854 ], [ 21.15207344, 48.62065765 ], [ 21.15458039, 48.62048034 ], [ 21.156443746956445, 48.620348445589215 ], [ 21.156914, 48.620315 ], [ 21.156966256007202, 48.620312881513222 ], [ 21.15713632, 48.62030543 ], [ 21.157993404731712, 48.62023533877742 ], [ 21.158313, 48.620209 ], [ 21.158409, 48.620201 ], [ 21.158435260418038, 48.620199229634743 ], [ 21.15849837, 48.62019407 ], [ 21.159188532859194, 48.620137609869616 ], [ 21.159244, 48.620133 ], [ 21.16136, 48.61984 ], [ 21.161381444336527, 48.619840105637131 ], [ 21.1615633, 48.61984024 ], [ 21.163521093342197, 48.619793664947409 ], [ 21.164045, 48.619781 ], [ 21.164177806556431, 48.619778048743193 ], [ 21.16476497, 48.61976411 ], [ 21.1654623, 48.6198472 ], [ 21.165469315702747, 48.619832007533532 ], [ 21.165505, 48.619754 ], [ 21.165946, 48.618798 ], [ 21.166049863328109, 48.618572851108098 ], [ 21.1661011, 48.61846152 ], [ 21.16619908, 48.61830454 ], [ 21.16620461, 48.61829563 ], [ 21.166295801522335, 48.618215712338149 ], [ 21.1663, 48.618212 ], [ 21.166300242896906, 48.618211820043534 ], [ 21.1663003, 48.61821177 ], [ 21.16684852, 48.61780554 ], [ 21.16705979, 48.61766305 ], [ 21.167108849937954, 48.617629945304266 ], [ 21.167534, 48.617343 ], [ 21.167649, 48.617296 ], [ 21.167664210853019, 48.617296482884228 ], [ 21.16777483, 48.6172992 ], [ 21.16836144, 48.6173486 ], [ 21.16842168, 48.61735493 ], [ 21.16853611, 48.61736684 ], [ 21.169204713506012, 48.617431469544059 ], [ 21.169594, 48.617469 ], [ 21.169607247547098, 48.617471144840955 ], [ 21.1696995, 48.61748531 ], [ 21.16988405, 48.61751358 ], [ 21.169930518049892, 48.617520708224774 ], [ 21.170190718026141, 48.617374158812858 ], [ 21.17015487, 48.61733228 ], [ 21.170145511963447, 48.617321325958876 ], [ 21.170131, 48.617305 ], [ 21.17003958508424, 48.617197587473981 ], [ 21.17001084, 48.61716402 ], [ 21.170073059884153, 48.617043699301483 ], [ 21.170141, 48.616912 ], [ 21.170001375480727, 48.616746082551771 ], [ 21.16998733, 48.61672947 ], [ 21.169987354124565, 48.616729420810358 ], [ 21.169987, 48.616729 ], [ 21.17019, 48.616315 ], [ 21.170319, 48.616283 ], [ 21.170319086209229, 48.616283040949384 ], [ 21.17031909, 48.61628304 ], [ 21.170399355436714, 48.616320680622081 ], [ 21.170499235361252, 48.616230933443511 ], [ 21.17053702, 48.61619685 ], [ 21.170589302944702, 48.616200718218813 ], [ 21.170747795142731, 48.616211985436685 ], [ 21.170716038273998, 48.616014902689663 ], [ 21.170706, 48.615953 ], [ 21.170644, 48.61567 ], [ 21.170674524263752, 48.615671795544927 ], [ 21.17069525, 48.61567289 ], [ 21.170954997601307, 48.615733254918553 ], [ 21.171242987439467, 48.61579999708907 ], [ 21.171469782534736, 48.615522104552625 ], [ 21.1717, 48.61524 ], [ 21.171584661808748, 48.614603555522969 ], [ 21.17153392, 48.61432432 ], [ 21.171467032400088, 48.614194745331353 ], [ 21.171348, 48.613965 ], [ 21.171262902764692, 48.613911254377705 ], [ 21.17125358, 48.6139054 ], [ 21.171155332906416, 48.613929284790835 ], [ 21.171068, 48.613951 ], [ 21.170323, 48.613777 ], [ 21.170323443799518, 48.613776271373929 ], [ 21.17032284, 48.61377613 ], [ 21.17085094, 48.61290968 ], [ 21.17085864, 48.61289714 ], [ 21.17084769, 48.61286249 ], [ 21.17078672, 48.61266868 ], [ 21.1707871424492, 48.612668453067592 ], [ 21.170787, 48.612668 ], [ 21.171034279904131, 48.61253570525129 ], [ 21.1710842, 48.61250893 ], [ 21.17118675, 48.61245384 ], [ 21.171240006832736, 48.612332642251367 ], [ 21.171339, 48.612106 ], [ 21.170593, 48.611479 ], [ 21.170201, 48.61077 ], [ 21.170175672180978, 48.610752609846749 ], [ 21.17001715, 48.61064597 ], [ 21.16978261, 48.61048294 ], [ 21.16979273, 48.61029175 ], [ 21.170083614012867, 48.609931211474837 ], [ 21.170174, 48.609819 ], [ 21.170108088504854, 48.609528916991138 ], [ 21.16999145, 48.60901824 ], [ 21.170021189597112, 48.608497452184814 ], [ 21.170028, 48.608376 ], [ 21.170069357350204, 48.608183298723311 ], [ 21.17016563, 48.60773261 ], [ 21.17024496, 48.60736129 ], [ 21.170394833457312, 48.606660120394857 ], [ 21.170487, 48.606228 ], [ 21.170487208576379, 48.606227951637784 ], [ 21.17048735, 48.60622729 ], [ 21.17215236, 48.60584185 ], [ 21.172169450557586, 48.60583789333225 ], [ 21.173217, 48.605595 ], [ 21.172932220774715, 48.60507686002066 ], [ 21.17281156, 48.60485765 ], [ 21.17278478, 48.60480908 ], [ 21.17277592, 48.60479646 ], [ 21.172722893923126, 48.604721519845022 ], [ 21.172528, 48.604447 ], [ 21.172358144289582, 48.604123169397617 ], [ 21.17228192, 48.60397829 ], [ 21.17198298, 48.60347343 ], [ 21.17192566, 48.6033759 ], [ 21.17153873, 48.60255878 ], [ 21.1715764, 48.60254656 ], [ 21.17166745, 48.60251703 ], [ 21.171707931564605, 48.602503877180588 ], [ 21.171445, 48.602032 ], [ 21.171235, 48.601697 ], [ 21.171235534681635, 48.601696893063675 ], [ 21.17123517, 48.60169631 ], [ 21.171305, 48.60168249 ], [ 21.171484527272408, 48.60164709454552 ], [ 21.171699678433633, 48.601604064313278 ], [ 21.17160013, 48.6014076 ], [ 21.171585971900157, 48.601379687147023 ], [ 21.171304, 48.600825 ], [ 21.171233, 48.60053 ], [ 21.171386, 48.60037 ], [ 21.171283914190479, 48.60020565306489 ], [ 21.17120378, 48.60007732 ], [ 21.171204175797445, 48.600077283014571 ], [ 21.171204, 48.600077 ], [ 21.171449558449051, 48.600054373013002 ], [ 21.17152072, 48.60004775 ], [ 21.17186567, 48.60001556 ], [ 21.17185643, 48.59990839 ], [ 21.17184712498215, 48.599801511160791 ], [ 21.171844, 48.599766 ], [ 21.171606182961487, 48.598984794742435 ], [ 21.17149298, 48.59861328 ], [ 21.171486409036614, 48.598563648152194 ], [ 21.171452, 48.598306 ], [ 21.171496, 48.598191 ], [ 21.171496127616848, 48.598190888744284 ], [ 21.17149615, 48.59819083 ], [ 21.17161278, 48.59808882 ], [ 21.17165997, 48.598001 ], [ 21.171780054636745, 48.597136692704701 ], [ 21.171949, 48.595919 ], [ 21.171928, 48.595796 ], [ 21.171963660603879, 48.595604798464315 ], [ 21.17202183, 48.59529105 ], [ 21.1719359, 48.59458863 ], [ 21.17182083, 48.59415874 ], [ 21.17184464, 48.59415608 ], [ 21.17216414, 48.59412056 ], [ 21.17238034, 48.59409644 ], [ 21.172391065518049, 48.594095245395948 ], [ 21.173198, 48.594005 ], [ 21.174851, 48.593821 ], [ 21.174851041136712, 48.593821427666555 ], [ 21.17485111, 48.59382142 ], [ 21.17490431, 48.59437207 ], [ 21.174904794882963, 48.594372180862472 ], [ 21.175427, 48.594491 ], [ 21.175697955496762, 48.59465012244975 ], [ 21.1758512, 48.59473971 ], [ 21.176279588293443, 48.594372394916469 ], [ 21.176856, 48.593878 ], [ 21.176964, 48.59378 ], [ 21.176652, 48.593611 ], [ 21.17662685391748, 48.593504257445638 ], [ 21.176602774220012, 48.593402899855654 ], [ 21.175983, 48.593128 ], [ 21.176031, 48.593099 ], [ 21.17692, 48.592375 ], [ 21.177120314309086, 48.592141299972731 ], [ 21.177309718413195, 48.59191973693865 ], [ 21.177234, 48.591849 ], [ 21.177234485570324, 48.591848569864773 ], [ 21.17723383, 48.59184796 ], [ 21.17740009, 48.59170088 ], [ 21.1775423, 48.591575 ], [ 21.17770654, 48.59142966 ], [ 21.177720124299686, 48.591417593945572 ], [ 21.177766010969957, 48.591374218486116 ], [ 21.17780218, 48.59133977 ], [ 21.17782665, 48.5913165 ], [ 21.17784792, 48.59129629 ], [ 21.17786118, 48.59128365 ], [ 21.17788683, 48.59125925 ], [ 21.177907398836965, 48.59123969097724 ], [ 21.177089, 48.590819 ], [ 21.17466, 48.589503 ], [ 21.174416, 48.589368 ], [ 21.174217241322559, 48.589327054006361 ], [ 21.17418296, 48.58932003 ], [ 21.174185869481558, 48.5893171074704 ], [ 21.174432, 48.589069 ], [ 21.175451947355864, 48.588045519339211 ], [ 21.17616412, 48.58733027 ], [ 21.177684, 48.58582884 ], [ 21.17856937, 48.58500456 ], [ 21.178785204788849, 48.584789218312501 ], [ 21.180613, 48.582965 ], [ 21.180659444613983, 48.582924073557976 ], [ 21.18071396, 48.58287539 ], [ 21.18220932, 48.58137529 ], [ 21.182312245185049, 48.581282191202831 ], [ 21.182395, 48.581207 ], [ 21.182644, 48.581028 ], [ 21.182800644309609, 48.580951862128394 ], [ 21.1828951, 48.58090563 ], [ 21.183060669861732, 48.58085135801052 ], [ 21.18318, 48.580812 ], [ 21.18527201363068, 48.58020914015804 ], [ 21.18690018, 48.57973978 ], [ 21.18705641, 48.57971266 ], [ 21.18706535, 48.57971105 ], [ 21.18707263, 48.57970975 ], [ 21.1871526, 48.57969598 ], [ 21.18717469237766, 48.579689454825164 ], [ 21.187176, 48.579689 ], [ 21.1899424, 48.5788701 ], [ 21.190625, 48.578668 ], [ 21.191890218252269, 48.578305444153742 ], [ 21.19435931, 48.57759712 ], [ 21.195163952490283, 48.57736888767802 ], [ 21.195543, 48.577261 ], [ 21.196332976511453, 48.577037526232225 ], [ 21.19792215, 48.57658722 ], [ 21.19796828, 48.576574 ], [ 21.197978224097618, 48.576571165963394 ], [ 21.197984, 48.576569 ], [ 21.198073665670549, 48.576543748595832 ], [ 21.19809449, 48.57653772 ], [ 21.20011069, 48.57596958 ], [ 21.200421363019256, 48.575881986606475 ], [ 21.200617650805086, 48.575826322906018 ], [ 21.2007813, 48.57577891 ], [ 21.20086761, 48.57575398 ], [ 21.20109193, 48.57568901 ], [ 21.201301797892558, 48.575622246125093 ], [ 21.202654, 48.575192 ], [ 21.202654214756738, 48.575191940345356 ], [ 21.20264231, 48.57518288 ], [ 21.20262408, 48.57517033 ], [ 21.20257938, 48.57513894 ], [ 21.20251942, 48.5750969 ], [ 21.20241555, 48.57502583 ], [ 21.20188864, 48.57468477 ], [ 21.20171066, 48.57455708 ], [ 21.2015514, 48.57432121 ], [ 21.2011942, 48.57420094 ], [ 21.20066095, 48.57388812 ], [ 21.20041026, 48.57365595 ], [ 21.20016161, 48.57346923 ], [ 21.19992358, 48.57331047 ], [ 21.19914074, 48.57278847 ], [ 21.19893636, 48.57254821 ], [ 21.19854298, 48.57214866 ], [ 21.19815812, 48.57179503 ], [ 21.19769929, 48.57128835 ], [ 21.19728796, 48.5708859 ], [ 21.19722319, 48.57091708 ], [ 21.19673339, 48.57045849 ], [ 21.19670099, 48.57042595 ], [ 21.19658548, 48.57051956 ], [ 21.19649541, 48.57056867 ], [ 21.19639841, 48.57061405 ], [ 21.19628993, 48.57065701 ], [ 21.1961896, 48.57070156 ], [ 21.19597505, 48.57078187 ], [ 21.19560047, 48.57093151 ], [ 21.19557637, 48.57091382 ], [ 21.19551031, 48.57083593 ], [ 21.19545923, 48.57078381 ], [ 21.19543022, 48.57077587 ], [ 21.19534003, 48.57079824 ], [ 21.19524563, 48.57082056 ], [ 21.19510986, 48.57085986 ], [ 21.1948858, 48.57092717 ], [ 21.19456941, 48.57102758 ], [ 21.19422347, 48.57111635 ], [ 21.19392219, 48.57120094 ], [ 21.19366265, 48.57126155 ], [ 21.19351562, 48.57130265 ], [ 21.19322531, 48.57138192 ], [ 21.1930439, 48.57144075 ], [ 21.19298835, 48.57142081 ], [ 21.19285627, 48.57138009 ], [ 21.19234189, 48.57141663 ], [ 21.19232515, 48.57139657 ], [ 21.19228229, 48.57139828 ], [ 21.19223264, 48.57139815 ], [ 21.19217435, 48.57140325 ], [ 21.19214404, 48.57140589 ], [ 21.19217015, 48.57142022 ], [ 21.19205957, 48.5714279 ], [ 21.19194269, 48.57143826 ], [ 21.19184307, 48.57144628 ], [ 21.19156831, 48.57148254 ], [ 21.19121218, 48.5715373 ], [ 21.19097786, 48.57158673 ], [ 21.19069763, 48.57164253 ], [ 21.19045117, 48.57169652 ], [ 21.19032267, 48.57172335 ], [ 21.1900895, 48.57176794 ], [ 21.18995457, 48.57179736 ], [ 21.1899099, 48.57180162 ], [ 21.18988399, 48.5718035 ], [ 21.18984783, 48.57166055 ], [ 21.18983097, 48.57160249 ], [ 21.18977331, 48.57161192 ], [ 21.18957323, 48.57163784 ], [ 21.18923418, 48.5716889 ], [ 21.18899742, 48.57172501 ], [ 21.18869607, 48.57178005 ], [ 21.18858282, 48.57180034 ], [ 21.18847194, 48.5718179 ], [ 21.18840464, 48.57183127 ], [ 21.18837745, 48.5718585 ], [ 21.18832613, 48.57192702 ], [ 21.18822656, 48.57197223 ], [ 21.18786263, 48.57210534 ], [ 21.18767405, 48.57217519 ], [ 21.18748723, 48.57225078 ], [ 21.18737064, 48.57228923 ], [ 21.18729889, 48.5723192 ], [ 21.18711352, 48.57234432 ], [ 21.18700704, 48.57235914 ], [ 21.18696136, 48.57237742 ], [ 21.18691169, 48.57237945 ], [ 21.18681576, 48.57238335 ], [ 21.18671227, 48.57240566 ], [ 21.18662207, 48.57242045 ], [ 21.18652252, 48.57243505 ], [ 21.18643343, 48.5724551 ], [ 21.1863101, 48.57249487 ], [ 21.18620358, 48.57253284 ], [ 21.18612412, 48.57259281 ], [ 21.18606703, 48.57264719 ], [ 21.18597119, 48.57267433 ], [ 21.18587172, 48.57270864 ], [ 21.1856492, 48.57275788 ], [ 21.185433, 48.57280616 ], [ 21.18520403, 48.57285258 ], [ 21.1849864, 48.57289991 ], [ 21.18473967, 48.57295766 ], [ 21.18438179, 48.5730345 ], [ 21.18422836, 48.57307962 ], [ 21.18405111, 48.57312191 ], [ 21.18387403, 48.57316944 ], [ 21.18367419, 48.57322975 ], [ 21.18346976, 48.57328775 ], [ 21.18337814, 48.57331466 ], [ 21.18319224, 48.57337541 ], [ 21.18304708, 48.57342061 ], [ 21.18291609, 48.57345915 ], [ 21.18282382, 48.57348009 ], [ 21.18266366, 48.57351861 ], [ 21.18238163, 48.57358982 ], [ 21.18195712, 48.57367814 ], [ 21.18176113, 48.57372812 ], [ 21.18156742, 48.57377485 ], [ 21.18140368, 48.57381028 ], [ 21.18121481, 48.57386886 ], [ 21.18106961, 48.57392018 ], [ 21.18094798, 48.57395694 ], [ 21.18078792, 48.57400914 ], [ 21.18057905, 48.57405331 ], [ 21.18035787, 48.57408377 ], [ 21.1801828, 48.5741165 ], [ 21.18000787, 48.57415472 ], [ 21.17981433, 48.57419335 ], [ 21.17935076, 48.57427934 ], [ 21.17896983, 48.57437659 ], [ 21.1787562, 48.57442475 ], [ 21.1786562, 48.57444553 ], [ 21.17847802, 48.57446483 ], [ 21.17806814, 48.5745193 ], [ 21.17785356, 48.57454473 ], [ 21.17766351, 48.57457617 ], [ 21.1774904, 48.57460986 ], [ 21.17717397, 48.57467997 ], [ 21.17697983, 48.57472488 ], [ 21.17667745, 48.57479192 ], [ 21.17660103, 48.57480931 ], [ 21.17647465, 48.57482719 ], [ 21.17610034, 48.57487566 ], [ 21.17585254, 48.57489878 ], [ 21.17544843, 48.57494846 ], [ 21.17502767, 48.57498996 ], [ 21.17480523, 48.57501515 ], [ 21.17409623, 48.57508002 ], [ 21.17383273, 48.5751102 ], [ 21.17353033, 48.57511718 ], [ 21.17335165, 48.57511881 ], [ 21.17326916, 48.57511304 ], [ 21.17307289, 48.5752064 ], [ 21.17305629, 48.57520885 ], [ 21.17303036, 48.5752128 ], [ 21.17235002, 48.57531476 ], [ 21.1723422, 48.57531595 ], [ 21.17205851, 48.57535521 ], [ 21.17200796, 48.57536568 ], [ 21.17197556, 48.57537095 ], [ 21.17154484, 48.57544139 ], [ 21.17150675, 48.57544828 ], [ 21.17145383, 48.57545786 ], [ 21.17122435, 48.57549037 ], [ 21.17124374, 48.57546218 ], [ 21.17101858, 48.57549879 ], [ 21.17054661, 48.57557116 ], [ 21.17003, 48.57564534 ], [ 21.16958365, 48.57571609 ], [ 21.16905607, 48.57580118 ], [ 21.16832564, 48.57591629 ], [ 21.16751068, 48.57604078 ], [ 21.16669679, 48.5761599 ], [ 21.16562669, 48.57632813 ], [ 21.16520398, 48.57637755 ], [ 21.16451002, 48.57645904 ], [ 21.16378398, 48.57654131 ], [ 21.16349851, 48.57657672 ], [ 21.16338876, 48.57659151 ], [ 21.16322803, 48.57661125 ], [ 21.16261865, 48.57668461 ], [ 21.16114287, 48.57685386 ], [ 21.1591059, 48.57709204 ], [ 21.15901851, 48.57664923 ], [ 21.15790221, 48.5707948 ], [ 21.15676709, 48.57032115 ], [ 21.15449194, 48.57030494 ], [ 21.1495196, 48.57025323 ], [ 21.14948706, 48.57025291 ], [ 21.14939123, 48.57025175 ], [ 21.14935557, 48.57025133 ], [ 21.14933741, 48.57025111 ], [ 21.1491245, 48.57024782 ], [ 21.14881832, 48.57000413 ], [ 21.1482719, 48.56954656 ], [ 21.1475638, 48.56895382 ], [ 21.1469938, 48.56847749 ], [ 21.1463143, 48.56790978 ], [ 21.14591528, 48.56757541 ], [ 21.14517946, 48.56696159 ], [ 21.14493594, 48.56675788 ], [ 21.14430735, 48.5662296 ], [ 21.1433801, 48.56545766 ], [ 21.14321354, 48.56532268 ], [ 21.14318846, 48.56530558 ], [ 21.14313456, 48.56526874 ], [ 21.14292091, 48.56512279 ], [ 21.1425322, 48.56479639 ], [ 21.14135798, 48.56378144 ], [ 21.14040992, 48.56301898 ], [ 21.14003592, 48.56285845 ], [ 21.13977638, 48.56277856 ], [ 21.13807945, 48.56242817 ], [ 21.13459494, 48.56176414 ], [ 21.1331444, 48.56146984 ], [ 21.13226266, 48.56128174 ], [ 21.13080902, 48.56097083 ], [ 21.12917468, 48.56056722 ], [ 21.12916629, 48.56057991 ], [ 21.12914201, 48.56061713 ], [ 21.12914451, 48.56063495 ], [ 21.12913813, 48.56065554 ], [ 21.12914072, 48.56070938 ], [ 21.12916611, 48.56088029 ], [ 21.12922499, 48.56127124 ], [ 21.12927767, 48.56160753 ], [ 21.12929643, 48.5619384 ], [ 21.12930593, 48.5622363 ], [ 21.12931206, 48.56251328 ], [ 21.12932708, 48.5627819 ], [ 21.12933539, 48.56309606 ], [ 21.12934022, 48.56320858 ], [ 21.12937162, 48.56386302 ], [ 21.12938193, 48.56405487 ], [ 21.1293834, 48.5640831 ], [ 21.12940706, 48.56448085 ], [ 21.1294339, 48.56481243 ], [ 21.12942596, 48.56510211 ], [ 21.12941571, 48.5656486 ], [ 21.12940564, 48.56625975 ], [ 21.12939569, 48.56704801 ], [ 21.12938862, 48.56775578 ], [ 21.129384, 48.56802206 ], [ 21.12938738, 48.56826988 ], [ 21.12940159, 48.5685645 ], [ 21.1299155, 48.57044367 ], [ 21.13025145, 48.57069657 ], [ 21.13029543, 48.57115269 ], [ 21.1303154, 48.57139248 ], [ 21.13028989, 48.57136465 ], [ 21.13028785, 48.57143914 ], [ 21.13032334, 48.5714735 ], [ 21.13028303, 48.57160223 ], [ 21.13024626, 48.57156314 ], [ 21.13023793, 48.57158241 ], [ 21.13025445, 48.5715996 ], [ 21.13014912, 48.57190011 ], [ 21.12985769, 48.57251258 ], [ 21.13007143, 48.57416386 ], [ 21.13009446, 48.57415686 ], [ 21.13009761, 48.57422719 ], [ 21.1301287, 48.57452685 ], [ 21.13033431, 48.57548339 ], [ 21.13056601, 48.57648064 ], [ 21.13061853, 48.57694613 ], [ 21.13065166, 48.57721768 ], [ 21.13070254, 48.57742082 ], [ 21.1307512, 48.57761894 ], [ 21.13077275, 48.57775722 ], [ 21.13077686, 48.57783857 ], [ 21.13077821, 48.57785536 ], [ 21.13078485, 48.57793562 ], [ 21.13079261, 48.57803023 ], [ 21.13079623, 48.57811652 ], [ 21.13079967, 48.57820712 ], [ 21.13081011, 48.57844948 ], [ 21.13081866, 48.57864677 ], [ 21.13066534, 48.57924999 ], [ 21.13064713, 48.57931739 ], [ 21.13056039, 48.57964001 ], [ 21.13050911, 48.57984096 ], [ 21.1305022, 48.57993573 ], [ 21.13049546, 48.58002835 ], [ 21.13048538, 48.58034911 ], [ 21.13047587, 48.58043498 ], [ 21.13047518, 48.58047241 ], [ 21.13047381, 48.58054152 ], [ 21.13047223, 48.58056686 ], [ 21.1304665, 48.5806623 ], [ 21.13046505, 48.58068593 ], [ 21.13047225, 48.58076585 ], [ 21.13053151, 48.58118545 ], [ 21.13060976, 48.581797 ], [ 21.13069466, 48.58250178 ], [ 21.13075235, 48.58352226 ], [ 21.13076084, 48.58367948 ], [ 21.13080935, 48.58428773 ], [ 21.1308099, 48.5850531 ], [ 21.13080133, 48.58539984 ], [ 21.13074768, 48.58581204 ], [ 21.13068357, 48.58624677 ], [ 21.13065652, 48.58631992 ], [ 21.13060811, 48.58644226 ], [ 21.13060705, 48.5864624 ], [ 21.13060636, 48.58647561 ], [ 21.13059898, 48.58665141 ], [ 21.13056653, 48.58761624 ], [ 21.13052917, 48.58846052 ], [ 21.13050458, 48.58905869 ], [ 21.13049502, 48.58930158 ], [ 21.13003291, 48.58936059 ], [ 21.12991925, 48.5893782 ], [ 21.12976345, 48.58939661 ], [ 21.1296198, 48.58939921 ], [ 21.12945601, 48.58941556 ], [ 21.12934446, 48.58942279 ], [ 21.12923535, 48.58943189 ], [ 21.12909768, 48.58944549 ], [ 21.12899722, 48.58944947 ], [ 21.12890463, 48.5894555 ], [ 21.12879875, 48.58945931 ], [ 21.1282661, 48.58945833 ], [ 21.12720476, 48.58942607 ], [ 21.12624555, 48.58939861 ], [ 21.12396657, 48.5894711 ], [ 21.1239013, 48.5894745 ], [ 21.1202969, 48.58960491 ], [ 21.12024828, 48.58960154 ], [ 21.12026797, 48.58962928 ], [ 21.12029046, 48.58969303 ], [ 21.12032159, 48.58974806 ], [ 21.12036207, 48.58979591 ], [ 21.12036395, 48.58979804 ], [ 21.12039158, 48.58986565 ], [ 21.12039113, 48.58992191 ], [ 21.12039096, 48.58994847 ], [ 21.12032463, 48.59007789 ], [ 21.12031335, 48.59012074 ], [ 21.12032803, 48.59014283 ], [ 21.12038105, 48.59018244 ], [ 21.12038453, 48.59018507 ], [ 21.12042746, 48.59019005 ], [ 21.12054893, 48.59019576 ], [ 21.12060099, 48.59021517 ], [ 21.12064392, 48.59023123 ], [ 21.12067124, 48.59025858 ], [ 21.120686, 48.59031668 ], [ 21.12074204, 48.59055088 ], [ 21.12074973, 48.59059435 ], [ 21.12075541, 48.59063361 ], [ 21.12076238, 48.59068128 ], [ 21.12075525, 48.59070447 ], [ 21.12069434, 48.59083226 ], [ 21.12066529, 48.59086014 ], [ 21.12070539, 48.59090393 ], [ 21.12074154, 48.59096452 ], [ 21.12074567, 48.59097122 ], [ 21.12080202, 48.5910638 ], [ 21.12081711, 48.59109697 ], [ 21.12082774, 48.59112045 ], [ 21.12085528, 48.59118004 ], [ 21.12088737, 48.59129633 ], [ 21.12088756, 48.5912993 ], [ 21.12089447, 48.59138489 ], [ 21.12088062, 48.59142586 ], [ 21.12087873, 48.59143129 ], [ 21.12085305, 48.59150601 ], [ 21.12074483, 48.59161607 ], [ 21.12069459, 48.59167209 ], [ 21.12069182, 48.59169145 ], [ 21.1206822, 48.59175993 ], [ 21.12067678, 48.59179883 ], [ 21.12068035, 48.59182416 ], [ 21.12076423, 48.59192275 ], [ 21.1207701, 48.59192969 ], [ 21.12077936, 48.5919516 ], [ 21.12071332, 48.59215126 ], [ 21.12055734, 48.59235586 ], [ 21.12048333, 48.59245298 ], [ 21.12047786, 48.59249062 ], [ 21.12050576, 48.59255464 ], [ 21.1205323, 48.59259826 ], [ 21.12057313, 48.59263199 ], [ 21.12063266, 48.59266992 ], [ 21.12072126, 48.59272436 ], [ 21.12076192, 48.59274935 ], [ 21.12078191, 48.59276179 ], [ 21.12086552, 48.59281391 ], [ 21.12092657, 48.59286819 ], [ 21.12098439, 48.59292947 ], [ 21.1210268, 48.59298252 ], [ 21.12106921, 48.59304484 ], [ 21.12114186, 48.59309841 ], [ 21.12124208, 48.59315719 ], [ 21.12126577, 48.5931711 ], [ 21.12137826, 48.59324035 ], [ 21.1214046, 48.59326614 ], [ 21.12142637, 48.59332312 ], [ 21.12143809, 48.59338751 ], [ 21.12144043, 48.59343531 ], [ 21.12144524, 48.59353478 ], [ 21.12144564, 48.59354236 ], [ 21.12146411, 48.59361102 ], [ 21.12149246, 48.59367442 ], [ 21.12153064, 48.59369438 ], [ 21.12154672, 48.59370273 ], [ 21.12159023, 48.5937315 ], [ 21.12162609, 48.59375525 ], [ 21.12166339, 48.59377986 ], [ 21.12177679, 48.59385527 ], [ 21.12180578, 48.59387457 ], [ 21.1218361, 48.59394272 ], [ 21.12191654, 48.59411989 ], [ 21.12193653, 48.59413611 ], [ 21.1219608, 48.59415877 ], [ 21.12202247, 48.59418417 ], [ 21.12214488, 48.59424591 ], [ 21.12225113, 48.59430398 ], [ 21.12235745, 48.59437412 ], [ 21.12248164, 48.59447652 ], [ 21.12258873, 48.59458621 ], [ 21.12274301, 48.59477657 ], [ 21.12287521, 48.59492542 ], [ 21.12300591, 48.59507261 ], [ 21.12305106, 48.59512349 ], [ 21.12307263, 48.59521477 ], [ 21.12308883, 48.59525121 ], [ 21.12314993, 48.59539229 ], [ 21.1232353, 48.59558943 ], [ 21.12333569, 48.59575761 ], [ 21.12333668, 48.59593728 ], [ 21.12335271, 48.59610257 ], [ 21.12336472, 48.59632473 ], [ 21.12334007, 48.59637238 ], [ 21.1233047, 48.59643841 ], [ 21.12329694, 48.59651308 ], [ 21.12331766, 48.59658992 ], [ 21.12335897, 48.59666931 ], [ 21.1233893, 48.59674475 ], [ 21.12339079, 48.59674849 ], [ 21.12340597, 48.59679895 ], [ 21.12341053, 48.59686474 ], [ 21.12333396, 48.59694665 ], [ 21.12328906, 48.59698906 ], [ 21.12323802, 48.5970373 ], [ 21.12321601, 48.59708035 ], [ 21.12327103, 48.59716334 ], [ 21.12333025, 48.59725591 ], [ 21.12333434, 48.59726676 ], [ 21.12336184, 48.59733814 ], [ 21.12354268, 48.59750333 ], [ 21.12364771, 48.5976098 ], [ 21.1236448, 48.59763663 ], [ 21.1236415, 48.59766696 ], [ 21.1236329, 48.59774754 ], [ 21.12356802, 48.59779011 ], [ 21.12346494, 48.59785775 ], [ 21.12344117, 48.59787653 ], [ 21.12338513, 48.59792074 ], [ 21.12334192, 48.59799751 ], [ 21.1232253, 48.59830621 ], [ 21.12314122, 48.59849097 ], [ 21.12315029, 48.59856005 ], [ 21.12320129, 48.59862382 ], [ 21.12327096, 48.59871079 ], [ 21.12325302, 48.59875199 ], [ 21.12318067, 48.59891724 ], [ 21.12318785, 48.5990718 ], [ 21.12321899, 48.59913988 ], [ 21.12325225, 48.59921235 ], [ 21.12330552, 48.59932868 ], [ 21.12332847, 48.59939173 ], [ 21.1234309, 48.59967334 ], [ 21.1234469, 48.59975165 ], [ 21.12347179, 48.59987373 ], [ 21.12348267, 48.5999273 ], [ 21.12347459, 48.60016619 ], [ 21.12346601, 48.60042118 ], [ 21.12345873, 48.60063993 ], [ 21.12338352, 48.60083128 ], [ 21.12338337, 48.60088917 ], [ 21.12338308, 48.60096561 ], [ 21.12340893, 48.60106332 ], [ 21.12342982, 48.60113423 ], [ 21.1234755, 48.6012894 ], [ 21.12348052, 48.60130621 ], [ 21.12350303, 48.60141445 ], [ 21.12352229, 48.60150754 ], [ 21.12360117, 48.60165072 ], [ 21.12370038, 48.60184443 ], [ 21.12379697, 48.60203311 ], [ 21.12381901, 48.60207893 ], [ 21.12389496, 48.60223615 ], [ 21.12395602, 48.60243188 ], [ 21.12398786, 48.6026391 ], [ 21.12399687, 48.60270341 ], [ 21.12401246, 48.60281349 ], [ 21.12401397, 48.60288575 ], [ 21.12401671, 48.60301361 ], [ 21.12403313, 48.60305645 ], [ 21.12406012, 48.60312746 ], [ 21.12417097, 48.60334973 ], [ 21.12428619, 48.60357529 ], [ 21.12430548, 48.60361598 ], [ 21.12439103, 48.60379611 ], [ 21.12449284, 48.60402313 ], [ 21.12449622, 48.60403072 ], [ 21.12458113, 48.60428655 ], [ 21.12463661, 48.60445275 ], [ 21.12469443, 48.60462595 ], [ 21.12472227, 48.60470941 ], [ 21.12478947, 48.60491038 ], [ 21.12495284, 48.60527984 ], [ 21.12499351, 48.60537182 ], [ 21.1250188, 48.605429 ], [ 21.1250997, 48.60554829 ], [ 21.12512495, 48.60558548 ], [ 21.12512857, 48.6057293 ], [ 21.12513408, 48.60574676 ], [ 21.12518091, 48.60589567 ], [ 21.12519524, 48.60593376 ], [ 21.12528612, 48.60617664 ], [ 21.12532657, 48.60628464 ], [ 21.12537459, 48.60643592 ], [ 21.12547549, 48.60675367 ], [ 21.12546138, 48.60683345 ], [ 21.12541742, 48.60708226 ], [ 21.12533007, 48.60756271 ], [ 21.12532281, 48.60760272 ], [ 21.12528921, 48.60796244 ], [ 21.12528467, 48.60801164 ], [ 21.12528667, 48.60814604 ], [ 21.12527896, 48.60820333 ], [ 21.1252852, 48.60827772 ], [ 21.12528531, 48.60832833 ], [ 21.1252853, 48.60835822 ], [ 21.12529045, 48.60838432 ], [ 21.12529482, 48.60840634 ], [ 21.12529977, 48.60843153 ], [ 21.12532128, 48.60847355 ], [ 21.12533791, 48.60850614 ], [ 21.12536772, 48.60858138 ], [ 21.12538233, 48.60869179 ], [ 21.12538735, 48.60872905 ], [ 21.1254036, 48.60902166 ], [ 21.12540556, 48.60912122 ], [ 21.12541953, 48.60922009 ], [ 21.125417, 48.60928636 ], [ 21.12541548, 48.60932386 ], [ 21.1254433, 48.60945613 ], [ 21.12548469, 48.60966293 ], [ 21.1254898, 48.6097137 ], [ 21.1254996, 48.60981207 ], [ 21.12550197, 48.6099246 ], [ 21.12550435, 48.6100836 ], [ 21.12550111, 48.61032139 ], [ 21.12548703, 48.61057926 ], [ 21.12548764, 48.61063421 ], [ 21.12548794, 48.61066168 ], [ 21.12548171, 48.61076935 ], [ 21.125478, 48.61083505 ], [ 21.12548086, 48.61090564 ], [ 21.12550596, 48.61100442 ], [ 21.12550795, 48.61105724 ], [ 21.1255012, 48.61115706 ], [ 21.1255003, 48.61124194 ], [ 21.1255051, 48.61126551 ], [ 21.12553189, 48.6113393 ], [ 21.12558971, 48.61152565 ], [ 21.12561787, 48.61165513 ], [ 21.12564711, 48.61177727 ], [ 21.12566865, 48.61187088 ], [ 21.12566988, 48.61187641 ], [ 21.12569369, 48.61195938 ], [ 21.12571738, 48.6120609 ], [ 21.12572152, 48.61213811 ], [ 21.12572438, 48.61225516 ], [ 21.12575996, 48.61237975 ], [ 21.12577257, 48.61240042 ], [ 21.1257793, 48.61243656 ], [ 21.125776, 48.61248174 ], [ 21.12575055, 48.61247877 ], [ 21.12574522, 48.61250165 ], [ 21.12574262, 48.612513 ], [ 21.12572183, 48.61260255 ], [ 21.12571982, 48.61261149 ], [ 21.1256938, 48.6127242 ], [ 21.12569243, 48.61272992 ], [ 21.12569183, 48.6127326 ], [ 21.12552563, 48.61347082 ], [ 21.12551133, 48.61353465 ], [ 21.1250238, 48.61367838 ], [ 21.12459262, 48.61380545 ], [ 21.12443255, 48.61384965 ], [ 21.12228841, 48.61444214 ], [ 21.12228189, 48.614444 ], [ 21.12224298, 48.61445617 ], [ 21.12204878, 48.61424455 ], [ 21.12160607, 48.61400891 ], [ 21.12131579, 48.61385786 ], [ 21.12067618, 48.61358879 ], [ 21.12009296, 48.61323959 ], [ 21.11980441, 48.6130668 ], [ 21.11961259, 48.61294168 ], [ 21.119528, 48.6128971 ], [ 21.1191411, 48.61257626 ], [ 21.11902133, 48.61247976 ], [ 21.11881206, 48.61231114 ], [ 21.11843307, 48.6120272 ], [ 21.11778438, 48.61154127 ], [ 21.11757321, 48.61136718 ], [ 21.11682584, 48.61075111 ], [ 21.11659572, 48.61056138 ], [ 21.11607312, 48.61028092 ], [ 21.11567804, 48.61014475 ], [ 21.11542546, 48.61004307 ], [ 21.11539367, 48.61003034 ], [ 21.11535205, 48.60999794 ], [ 21.11530308, 48.60995638 ], [ 21.11520183, 48.60986686 ], [ 21.11518448, 48.60985154 ], [ 21.11514112, 48.60981323 ], [ 21.11502155, 48.60973086 ], [ 21.11494167, 48.60967579 ], [ 21.11490483, 48.60965039 ], [ 21.11487962, 48.6096331 ], [ 21.11484585, 48.60960842 ], [ 21.11480422, 48.60957809 ], [ 21.11474871, 48.60951462 ], [ 21.11469592, 48.60945115 ], [ 21.11467651, 48.6093269 ], [ 21.11466292, 48.60923984 ], [ 21.11460024, 48.60870136 ], [ 21.1146551, 48.60845659 ], [ 21.11465669, 48.6084497 ], [ 21.11466237, 48.60843512 ], [ 21.11468175, 48.60838559 ], [ 21.11468496, 48.60836769 ], [ 21.11468546, 48.60836455 ], [ 21.11469875, 48.60828691 ], [ 21.11470253, 48.60826119 ], [ 21.11472154, 48.60818707 ], [ 21.11472475, 48.60817286 ], [ 21.11472554, 48.60816946 ], [ 21.11488674, 48.60745504 ], [ 21.11474916, 48.60745565 ], [ 21.11468342, 48.60745596 ], [ 21.11465069, 48.60745608 ], [ 21.11461018, 48.60745478 ], [ 21.11460016, 48.60745445 ], [ 21.1145397, 48.60745134 ], [ 21.11420816, 48.60743427 ], [ 21.11419693, 48.60743373 ], [ 21.11417257, 48.60743258 ], [ 21.11386677, 48.60741823 ], [ 21.11373025, 48.60741176 ], [ 21.11367855, 48.60740938 ], [ 21.11367156, 48.60740852 ], [ 21.11366241, 48.60740742 ], [ 21.11365985, 48.60740707 ], [ 21.1135009, 48.60739348 ], [ 21.11349024, 48.6073926 ], [ 21.11346914, 48.60739147 ], [ 21.11302292, 48.60737377 ], [ 21.11280168, 48.60748216 ], [ 21.11254531, 48.6074342 ], [ 21.11252777, 48.60743093 ], [ 21.11191755, 48.60731664 ], [ 21.1118937, 48.60731218 ], [ 21.11166801, 48.60726997 ], [ 21.11147459, 48.60722664 ], [ 21.11134849, 48.60719835 ], [ 21.11128236, 48.60718362 ], [ 21.11120342, 48.60716585 ], [ 21.11097258, 48.60712897 ], [ 21.11049927, 48.60707527 ], [ 21.1089537, 48.60691658 ], [ 21.10834457, 48.6068394 ], [ 21.1073321, 48.60669131 ], [ 21.10674906, 48.60653059 ], [ 21.10666321, 48.60650342 ], [ 21.10664171, 48.6064966 ], [ 21.10657973, 48.60648082 ], [ 21.10653575, 48.60646959 ], [ 21.10644913, 48.60644744 ], [ 21.10642993, 48.60644258 ], [ 21.10643588, 48.60649842 ], [ 21.10643449, 48.60656546 ], [ 21.10643038, 48.60677314 ], [ 21.10644442, 48.60693162 ], [ 21.10646183, 48.60704411 ], [ 21.10648432, 48.60716684 ], [ 21.1065652, 48.60758553 ], [ 21.10656937, 48.60760647 ], [ 21.10664973, 48.60801758 ], [ 21.10667314, 48.60813701 ], [ 21.10670763, 48.60829435 ], [ 21.10671883, 48.60838781 ], [ 21.10663244, 48.6084142 ], [ 21.10651206, 48.60845408 ], [ 21.10640992, 48.60847491 ], [ 21.10593831, 48.60854965 ], [ 21.10579237, 48.60864173 ], [ 21.10569761, 48.60868784 ], [ 21.10557841, 48.60872649 ], [ 21.1054559, 48.60876395 ], [ 21.10524405, 48.60879962 ], [ 21.10473625, 48.60888254 ], [ 21.10468897, 48.60889029 ], [ 21.10454333, 48.60891917 ], [ 21.10440803, 48.60893488 ], [ 21.10434859, 48.60894179 ], [ 21.10424978, 48.60895427 ], [ 21.10403708, 48.6089329 ], [ 21.10363885, 48.60889762 ], [ 21.10323356, 48.60893253 ], [ 21.10279337, 48.6089989 ], [ 21.10267496, 48.6090193 ], [ 21.10215321, 48.60910905 ], [ 21.10228629, 48.60951377 ], [ 21.10230127, 48.60955937 ], [ 21.10232125, 48.60961998 ], [ 21.10229439, 48.60978236 ], [ 21.1021763, 48.60978728 ], [ 21.10212426, 48.60979154 ], [ 21.1020856, 48.6097947 ], [ 21.10202317, 48.6097998 ], [ 21.10052829, 48.60992222 ], [ 21.10054021, 48.61003903 ], [ 21.10054448, 48.61008068 ], [ 21.10065733, 48.61037435 ], [ 21.10066745, 48.61040106 ], [ 21.10071579, 48.6105267 ], [ 21.10075384, 48.61067596 ], [ 21.10079274, 48.6108284 ], [ 21.10081762, 48.61088332 ], [ 21.09959426, 48.61103566 ], [ 21.09961485, 48.61119516 ], [ 21.09967958, 48.61169816 ], [ 21.09970513, 48.61189546 ], [ 21.09981754, 48.6121377 ], [ 21.10002792, 48.61259156 ], [ 21.1002326, 48.61285696 ], [ 21.10034307, 48.61300019 ], [ 21.10038622, 48.61304129 ], [ 21.09972142, 48.61304627 ], [ 21.09960679, 48.61304653 ], [ 21.09919087, 48.61304263 ], [ 21.09813121, 48.6130325 ], [ 21.09810502, 48.61303228 ], [ 21.0980897, 48.61303197 ], [ 21.09790882, 48.61302828 ], [ 21.09786693, 48.61302737 ], [ 21.09775073, 48.61302506 ], [ 21.09697823, 48.6130523 ], [ 21.096502, 48.61309299 ], [ 21.09609598, 48.61310965 ], [ 21.09602978, 48.61311237 ], [ 21.09597119, 48.61311327 ], [ 21.09595407, 48.61296207 ], [ 21.0959487, 48.61291517 ], [ 21.09594744, 48.61290459 ], [ 21.0958843, 48.61290633 ], [ 21.09543636, 48.61291867 ], [ 21.09535377, 48.61292095 ], [ 21.0950615, 48.61292896 ], [ 21.09447951, 48.61292678 ], [ 21.09446015, 48.61292786 ], [ 21.09447609, 48.61320013 ], [ 21.09449152, 48.61344437 ], [ 21.09455936, 48.61423453 ], [ 21.0946026, 48.61465985 ], [ 21.09455643, 48.61500664 ], [ 21.09454329, 48.61515011 ], [ 21.09453752, 48.61522844 ], [ 21.09457388, 48.61539862 ], [ 21.0946692, 48.61592072 ], [ 21.0946931, 48.61604809 ], [ 21.09478667, 48.61645568 ], [ 21.09483551, 48.61662969 ], [ 21.09491324, 48.61686335 ], [ 21.0949302, 48.61698338 ], [ 21.09492746, 48.6170908 ], [ 21.09489451, 48.61722291 ], [ 21.09479335, 48.61747914 ], [ 21.09470581, 48.61769052 ], [ 21.09466495, 48.61779166 ], [ 21.09461067, 48.61800331 ], [ 21.09459099, 48.61809721 ], [ 21.09458396, 48.61819261 ], [ 21.09457563, 48.61834082 ], [ 21.09461822, 48.61867176 ], [ 21.09467031, 48.61901191 ], [ 21.09466146, 48.61919306 ], [ 21.09465795, 48.6192757 ], [ 21.09465096, 48.61935228 ], [ 21.09464941, 48.61942129 ], [ 21.09461915, 48.61941914 ], [ 21.09459077, 48.61941714 ], [ 21.09448095, 48.62015428 ], [ 21.09446213, 48.62028081 ], [ 21.09414654, 48.62022674 ], [ 21.09417049, 48.6216076 ], [ 21.09418148, 48.62224951 ], [ 21.09421113, 48.62396056 ], [ 21.09420173, 48.62422831 ], [ 21.0941074, 48.62689987 ], [ 21.09437596, 48.62804499 ], [ 21.09476704, 48.62971244 ], [ 21.09500805, 48.63081884 ], [ 21.0952181, 48.63178315 ], [ 21.09525974, 48.63197412 ], [ 21.09523564, 48.63197848 ], [ 21.09534474, 48.63227716 ], [ 21.09552617, 48.6326414 ], [ 21.09572847, 48.63283658 ], [ 21.09627873, 48.63351457 ], [ 21.09650028, 48.63374 ], [ 21.09659037, 48.63393533 ], [ 21.09673358, 48.63414535 ], [ 21.09694714, 48.63432802 ], [ 21.09712386, 48.63465311 ], [ 21.09762954, 48.63538719 ], [ 21.09775306, 48.63552165 ], [ 21.0978749, 48.63565111 ], [ 21.09800408, 48.63619599 ], [ 21.09812866, 48.63642674 ], [ 21.09840291, 48.63682431 ], [ 21.09868399, 48.63746324 ], [ 21.09889469, 48.63793071 ], [ 21.09920933, 48.63819488 ], [ 21.09942848, 48.63849397 ], [ 21.0995667, 48.63880179 ], [ 21.0996214, 48.63902587 ], [ 21.09974416, 48.63922802 ], [ 21.09988875, 48.63937541 ], [ 21.10011073, 48.6396934 ], [ 21.1003688, 48.64024487 ], [ 21.10040835, 48.64039796 ], [ 21.10050746, 48.64063545 ], [ 21.10052267, 48.64095514 ], [ 21.10051738, 48.64123959 ], [ 21.10041488, 48.64161724 ], [ 21.10026973, 48.64178589 ], [ 21.10018544, 48.64195838 ], [ 21.10016194, 48.64213195 ], [ 21.10023765, 48.64236985 ], [ 21.10024924, 48.64253383 ], [ 21.10033509, 48.64285364 ], [ 21.10032589, 48.64307484 ], [ 21.10034822, 48.64354891 ], [ 21.1003433, 48.6438413 ], [ 21.10027672, 48.64400203 ], [ 21.10028558, 48.64406805 ], [ 21.10019869, 48.64434248 ], [ 21.10019477, 48.64447328 ], [ 21.09999734, 48.6448059 ], [ 21.10001678, 48.64512906 ], [ 21.09998537, 48.64541753 ], [ 21.09995682, 48.64541769 ], [ 21.09988387, 48.64584969 ], [ 21.09987233, 48.64598069 ], [ 21.0997958, 48.64622502 ], [ 21.09977721, 48.64648131 ], [ 21.0997746, 48.64651688 ], [ 21.09980063, 48.64652321 ], [ 21.09972536, 48.64668565 ], [ 21.09976186, 48.64674544 ], [ 21.09983937, 48.64674651 ], [ 21.09982857, 48.6468046 ], [ 21.09991336, 48.64685083 ], [ 21.09997096, 48.64681775 ], [ 21.10011885, 48.64689285 ], [ 21.10027347, 48.64687641 ], [ 21.10074022, 48.64698549 ], [ 21.1008668, 48.64694942 ], [ 21.10125568, 48.64698098 ], [ 21.10141344, 48.64711582 ], [ 21.10159242, 48.64710999 ], [ 21.10169314, 48.64715574 ], [ 21.10187509, 48.64717791 ], [ 21.10189292, 48.64718497 ], [ 21.10193425, 48.64728805 ], [ 21.10210729, 48.64732245 ], [ 21.10211251, 48.64734198 ], [ 21.10204868, 48.64738026 ], [ 21.10208349, 48.64744468 ], [ 21.10207965, 48.6474876 ], [ 21.10220016, 48.64754524 ], [ 21.10235087, 48.6474914 ], [ 21.10237956, 48.64739688 ], [ 21.10241024, 48.64738428 ], [ 21.10292483, 48.64743609 ], [ 21.10313137, 48.64759691 ], [ 21.10313552, 48.64761262 ], [ 21.10311505, 48.64762114 ], [ 21.10282857, 48.64759947 ], [ 21.10290796, 48.64768415 ], [ 21.10292054, 48.64768861 ], [ 21.10302012, 48.6477074 ], [ 21.10327952, 48.64772964 ], [ 21.10331585, 48.64773811 ], [ 21.10342323, 48.64786349 ], [ 21.10339436, 48.64791613 ], [ 21.10343092, 48.64795477 ], [ 21.10347656, 48.64800126 ], [ 21.10345823, 48.64801778 ], [ 21.10340213, 48.64802119 ], [ 21.10337835, 48.64803591 ], [ 21.10344766, 48.64810424 ], [ 21.10354277, 48.6481155 ], [ 21.10356561, 48.64813199 ], [ 21.10340443, 48.64830976 ], [ 21.10312792, 48.64843886 ], [ 21.10325479, 48.64857631 ], [ 21.10339225, 48.64856049 ], [ 21.10342486, 48.64857712 ], [ 21.10357121, 48.64871771 ], [ 21.10359978, 48.64875978 ], [ 21.10357022, 48.64877189 ], [ 21.10346697, 48.6487844 ], [ 21.10344413, 48.6488068 ], [ 21.10357367, 48.64884502 ], [ 21.10369453, 48.64900334 ], [ 21.10374843, 48.64915374 ], [ 21.10384327, 48.64915761 ], [ 21.10385744, 48.64916995 ], [ 21.10392428, 48.6493422 ], [ 21.103981, 48.64936186 ], [ 21.10412924, 48.64930649 ], [ 21.10417249, 48.64931338 ], [ 21.10423699, 48.64935292 ], [ 21.10434751, 48.64933379 ], [ 21.10435786, 48.64928911 ], [ 21.10437164, 48.64922922 ], [ 21.10440574, 48.64922366 ], [ 21.10454783, 48.64920033 ], [ 21.10474322, 48.64923572 ], [ 21.10477562, 48.64925891 ], [ 21.10479368, 48.64930722 ], [ 21.10481672, 48.6493691 ], [ 21.10490267, 48.64939591 ], [ 21.10503175, 48.64935173 ], [ 21.10515496, 48.64948545 ], [ 21.10527238, 48.64961286 ], [ 21.10533593, 48.64960618 ], [ 21.10535293, 48.64955414 ], [ 21.10536641, 48.64951307 ], [ 21.10547954, 48.64948998 ], [ 21.10555486, 48.64947467 ], [ 21.1056792, 48.64942826 ], [ 21.10578633, 48.64943693 ], [ 21.10582102, 48.64945858 ], [ 21.10580285, 48.64959315 ], [ 21.10580021, 48.64961233 ], [ 21.10585907, 48.64968059 ], [ 21.1059898, 48.6496731 ], [ 21.10606745, 48.64966867 ], [ 21.10609045, 48.64971623 ], [ 21.10615924, 48.64985829 ], [ 21.1061983, 48.64993896 ], [ 21.10624306, 48.64997885 ], [ 21.1062062, 48.6500867 ], [ 21.10623605, 48.65015394 ], [ 21.10665893, 48.65020962 ], [ 21.10674241, 48.65017378 ], [ 21.10674421, 48.65012152 ], [ 21.10677579, 48.65010786 ], [ 21.1068277, 48.65008559 ], [ 21.10692506, 48.65008107 ], [ 21.1069372, 48.65007858 ], [ 21.10704939, 48.65005537 ], [ 21.10710819, 48.65015207 ], [ 21.10721464, 48.65017739 ], [ 21.1072235, 48.65020108 ], [ 21.10712405, 48.65024884 ], [ 21.10708306, 48.6502685 ], [ 21.10714295, 48.65037083 ], [ 21.10716242, 48.65039261 ], [ 21.1072262, 48.65046229 ], [ 21.1072634, 48.65053858 ], [ 21.10733399, 48.65060443 ], [ 21.1074209, 48.6507422 ], [ 21.10752729, 48.65076823 ], [ 21.1075713, 48.65073147 ], [ 21.10756143, 48.65064012 ], [ 21.10778946, 48.65066593 ], [ 21.10776225, 48.65072007 ], [ 21.10784117, 48.65086497 ], [ 21.10796218, 48.65101762 ], [ 21.1081358, 48.65100728 ], [ 21.10818908, 48.65107562 ], [ 21.10825482, 48.65106307 ], [ 21.10834834, 48.65108859 ], [ 21.10838018, 48.65113806 ], [ 21.10847119, 48.65119042 ], [ 21.10852802, 48.6511919 ], [ 21.10856831, 48.65114466 ], [ 21.10865885, 48.65111462 ], [ 21.10869051, 48.65101651 ], [ 21.10882543, 48.65106129 ], [ 21.10896813, 48.65109992 ], [ 21.10894324, 48.65119096 ], [ 21.10902192, 48.65118359 ], [ 21.1090398, 48.651201 ], [ 21.10897132, 48.65127128 ], [ 21.10896221, 48.65131214 ], [ 21.1090035, 48.65136605 ], [ 21.10909921, 48.65138768 ], [ 21.10910466, 48.65144675 ], [ 21.10912455, 48.65148871 ], [ 21.1090914, 48.65157382 ], [ 21.10912327, 48.65158943 ], [ 21.10918987, 48.65157078 ], [ 21.10921323, 48.65153947 ], [ 21.10921881, 48.65153191 ], [ 21.10928047, 48.65157324 ], [ 21.10944863, 48.65160757 ], [ 21.10960551, 48.65161973 ], [ 21.10961558, 48.65167877 ], [ 21.10951587, 48.65174876 ], [ 21.10953215, 48.65178611 ], [ 21.10960329, 48.65179812 ], [ 21.10965167, 48.6518981 ], [ 21.10979417, 48.65192664 ], [ 21.10977347, 48.65201799 ], [ 21.10975257, 48.65211015 ], [ 21.10979276, 48.65213108 ], [ 21.10986593, 48.65209697 ], [ 21.10995613, 48.65205485 ], [ 21.11000963, 48.6520609 ], [ 21.10998372, 48.65222889 ], [ 21.11009579, 48.6522479 ], [ 21.11011167, 48.65227227 ], [ 21.11009254, 48.65229047 ], [ 21.1100315, 48.6523482 ], [ 21.10993612, 48.65243868 ], [ 21.11003426, 48.65253099 ], [ 21.11027714, 48.65256015 ], [ 21.11032995, 48.65256644 ], [ 21.11039178, 48.65254601 ], [ 21.11044011, 48.6525301 ], [ 21.11047777, 48.65254644 ], [ 21.11047879, 48.6526141 ], [ 21.11050147, 48.65266984 ], [ 21.11058254, 48.65266327 ], [ 21.11073313, 48.65265938 ], [ 21.11085375, 48.65265832 ], [ 21.11095794, 48.65272362 ], [ 21.11116105, 48.65272818 ], [ 21.11124781, 48.6527922 ], [ 21.1112393, 48.65285073 ], [ 21.11113291, 48.65286162 ], [ 21.11105982, 48.65289654 ], [ 21.11105716, 48.65295498 ], [ 21.11110796, 48.65298498 ], [ 21.11123199, 48.65298384 ], [ 21.11125348, 48.653002 ], [ 21.11120359, 48.6530727 ], [ 21.11128968, 48.65318667 ], [ 21.11126608, 48.65328234 ], [ 21.11123998, 48.65328249 ], [ 21.11111654, 48.65328302 ], [ 21.11111581, 48.65328372 ], [ 21.11104206, 48.65334797 ], [ 21.11085195, 48.65338858 ], [ 21.11079647, 48.65346315 ], [ 21.11085572, 48.65353916 ], [ 21.11079118, 48.65355014 ], [ 21.11074427, 48.65364308 ], [ 21.11086718, 48.65371268 ], [ 21.11086852, 48.65375189 ], [ 21.11081916, 48.65380405 ], [ 21.11085631, 48.65384046 ], [ 21.11105225, 48.65376672 ], [ 21.11115472, 48.65377975 ], [ 21.11134798, 48.65387214 ], [ 21.11154651, 48.65387988 ], [ 21.11154199, 48.65395447 ], [ 21.11161467, 48.65404559 ], [ 21.1117272, 48.6540493 ], [ 21.11186028, 48.65411185 ], [ 21.11196341, 48.65410643 ], [ 21.11213394, 48.65417909 ], [ 21.11205975, 48.65432167 ], [ 21.11211293, 48.65438776 ], [ 21.11233132, 48.65436364 ], [ 21.11243422, 48.65438748 ], [ 21.11254519, 48.65434198 ], [ 21.11268982, 48.65443425 ], [ 21.11263991, 48.65454033 ], [ 21.11259724, 48.65458478 ], [ 21.11260955, 48.65464299 ], [ 21.11277118, 48.65465359 ], [ 21.112972, 48.6546244 ], [ 21.11299614, 48.65451029 ], [ 21.1131434, 48.65450728 ], [ 21.11327349, 48.65444385 ], [ 21.11344329, 48.65449118 ], [ 21.11342806, 48.65466744 ], [ 21.1135014, 48.65477929 ], [ 21.11361889, 48.65479136 ], [ 21.11368607, 48.65482413 ], [ 21.11391987, 48.65480671 ], [ 21.11416068, 48.65490144 ], [ 21.11419748, 48.65492775 ], [ 21.11426305, 48.65516045 ], [ 21.11441967, 48.65519494 ], [ 21.11457411, 48.65527023 ], [ 21.11458713, 48.65538374 ], [ 21.11465233, 48.65549163 ], [ 21.11468881, 48.65555205 ], [ 21.11474424, 48.65564883 ], [ 21.11500658, 48.65583546 ], [ 21.11500374, 48.6558984 ], [ 21.11504241, 48.65594736 ], [ 21.11525135, 48.65600793 ], [ 21.11540324, 48.656144 ], [ 21.11541237, 48.65625676 ], [ 21.11581371, 48.65655906 ], [ 21.11596801, 48.65659913 ], [ 21.11602059, 48.65663648 ], [ 21.11609591, 48.65664539 ], [ 21.11612368, 48.65663737 ], [ 21.11614993, 48.65662975 ], [ 21.11619478, 48.65661669 ], [ 21.11622019, 48.65660932 ], [ 21.11624838, 48.65660113 ], [ 21.11628198, 48.65660248 ], [ 21.11632565, 48.65669284 ], [ 21.11641961, 48.6567163 ], [ 21.1166234, 48.65671169 ], [ 21.11691676, 48.65662532 ] ] ] } },
{ "type": "Feature", "properties": { "@featureType": "CadastralZoning", "beginLifespanVersion": { "@nilReason": "http://inspire.ec.europa.eu/codelist/VoidReasonValue/Unpopulated", "@nil": "true" }, "endLifespanVersion": { "@nilReason": "http://inspire.ec.europa.eu/codelist/VoidReasonValue/Unpopulated", "@nil": "true" }, "estimatedAccuracy": { "value": -1, "@uom": "m" }, "inspireId": { "@dataType": "Identifier", "localId": "827673", "namespace": "SK.ESKN.CP", "versionId": "20260703T04:07:40" }, "label": "Košický Klečenov", "level": { "@href": "http://inspire.ec.europa.eu/codelist/CadastralZoningLevelValue/3rdOrder" }, "levelName": { "value": "Katastrálne územie", "@locale": "sk" }, "name_1": { "@dataType": "name", "GeographicalName": { "@dataType": "GeographicalName", "language": "SLK", "nativeness": { "@href": "http://inspire.ec.europa.eu/codelist/NativenessValue/endonym", "@title": "endonym" }, "nameStatus": { "@href": "http://inspire.ec.europa.eu/codelist/NameStatusValue/official", "@title": "official" }, "sourceOfName": { "@nilReason": "http://inspire.ec.europa.eu/codelist/VoidReasonValue/Unpopulated", "@nil": "true" }, "pronunciation": { "@dataType": "pronunciation", "@nilReason": "http://inspire.ec.europa.eu/codelist/VoidReasonValue/Unpopulated", "@nil": "true" }, "spelling": { "@dataType": "SpellingOfName", "text": "Košický Klečenov", "script": "LATN" } } }, "nationalCadastalZoningReference": "827673", "validFrom": "2026-06-30T16:00:00Z", "validTo": { "@nilReason": "http://inspire.ec.europa.eu/codelist/VoidReasonValue/Unpopulated", "@nil": "true" }, "place_id": 189396049, "osm_type": "relation", "osm_id": 388209, "place_rank": 12, "category": "boundary", "type": "administrative", "importance": 0.54120382821693425, "addresstype": "county", "name_2": "okres Košice-okolie", "display_name": "okres Košice-okolie, Košický kraj, Slovensko" }, "geometry": { "type": "Polygon", "coordinates": [ [ [ 21.54001792, 48.76346606 ], [ 21.540097626802744, 48.763290255636548 ], [ 21.540356, 48.76272 ], [ 21.540421, 48.76243 ], [ 21.540528, 48.761963 ], [ 21.540603, 48.761021 ], [ 21.540603053371857, 48.76102093795231 ], [ 21.5406031, 48.76102035 ], [ 21.54129161, 48.76022033 ], [ 21.541291777604588, 48.760220258546767 ], [ 21.541292, 48.76022 ], [ 21.541420637375701, 48.760165323012984 ], [ 21.54181896, 48.75999551 ], [ 21.541972456689699, 48.759874415084319 ], [ 21.542079, 48.75979 ], [ 21.542195187347186, 48.759649001813052 ], [ 21.54246247, 48.75932382 ], [ 21.5426466, 48.75888276 ], [ 21.54257756, 48.75856449 ], [ 21.54255261, 48.75814603 ], [ 21.542535347001103, 48.757867360449282 ], [ 21.542509, 48.75745 ], [ 21.54249, 48.757195 ], [ 21.542434, 48.756955 ], [ 21.542358835386903, 48.756789314562525 ], [ 21.54234093, 48.7567501 ], [ 21.542254629579013, 48.756587118795125 ], [ 21.542122054131518, 48.756337102083641 ], [ 21.542104882156252, 48.756329564976959 ], [ 21.542023, 48.756294 ], [ 21.541828128908612, 48.756261521484767 ], [ 21.54170501, 48.75624128 ], [ 21.541607828675108, 48.756179907137323 ], [ 21.541503, 48.756114 ], [ 21.541305, 48.755893 ], [ 21.541076, 48.755313 ], [ 21.540931, 48.755169 ], [ 21.54082763165027, 48.754965582467733 ], [ 21.54071251, 48.75474036 ], [ 21.5407474833729, 48.754437720220523 ], [ 21.540759963365161, 48.754328321139425 ], [ 21.54070995, 48.75431272 ], [ 21.540710434964527, 48.754312139188649 ], [ 21.54071, 48.754312 ], [ 21.540833, 48.754165 ], [ 21.540996065513593, 48.753999579749745 ], [ 21.5411106, 48.75388321 ], [ 21.54124171, 48.75371114 ], [ 21.541452709998755, 48.753520458716494 ], [ 21.541639, 48.753352 ], [ 21.541654593146379, 48.753357315845356 ], [ 21.54168261, 48.75336604 ], [ 21.541832583229077, 48.75330109451788 ], [ 21.541885, 48.753278 ], [ 21.54207643689881, 48.753082642891663 ], [ 21.54217797, 48.75297873 ], [ 21.542222966141871, 48.752818230643456 ], [ 21.542324, 48.752457 ], [ 21.542305, 48.752014 ], [ 21.542305226586894, 48.752013724595606 ], [ 21.54230521, 48.75201334 ], [ 21.54255072, 48.75171472 ], [ 21.54267895, 48.75141078 ], [ 21.542970117182264, 48.7510325494436 ], [ 21.543101596411748, 48.750527022352692 ], [ 21.54315693, 48.75031403 ], [ 21.543159131128057, 48.750247343050297 ], [ 21.543175, 48.749751 ], [ 21.54324, 48.74947 ], [ 21.543414, 48.74924 ], [ 21.543797, 48.748648 ], [ 21.543863285557368, 48.748387767811828 ], [ 21.54395854, 48.74801243 ], [ 21.543979897130047, 48.747843516888985 ], [ 21.543991, 48.747754 ], [ 21.543970032819661, 48.747539336010824 ], [ 21.543937182681042, 48.747534473473252 ], [ 21.543912, 48.747531 ], [ 21.543912072733729, 48.747530756652942 ], [ 21.54391169, 48.7475307 ], [ 21.544095976812528, 48.746915464196 ], [ 21.544181, 48.746631 ], [ 21.544233124641323, 48.746634933935191 ], [ 21.544234006260947, 48.74663499291794 ], [ 21.5446, 48.746221 ], [ 21.545198, 48.745769 ], [ 21.545649, 48.744863 ], [ 21.546188, 48.744092 ], [ 21.546352, 48.743837 ], [ 21.546512, 48.743547 ], [ 21.546658051484926, 48.743355546742606 ], [ 21.5467789, 48.7431965 ], [ 21.5470192, 48.74302329 ], [ 21.54740829, 48.74280335 ], [ 21.54840091, 48.74175952 ], [ 21.54882555, 48.74135623 ], [ 21.55047187, 48.73994341 ], [ 21.55058088, 48.73979851 ], [ 21.55060964071313, 48.739760281998912 ], [ 21.550635, 48.739726 ], [ 21.551036, 48.739193 ], [ 21.55138421341378, 48.737394965501451 ], [ 21.55152496, 48.73666765 ], [ 21.551568303370367, 48.736412453136737 ], [ 21.551829, 48.734874 ], [ 21.551841, 48.734837 ], [ 21.551861, 48.734772 ], [ 21.551872874739857, 48.734736375780436 ], [ 21.55187294, 48.73473617 ], [ 21.551873719245442, 48.734733662452314 ], [ 21.551877, 48.734723 ], [ 21.551873, 48.734673 ], [ 21.551873014616735, 48.734672956149794 ], [ 21.55187298, 48.73467253 ], [ 21.551873844608306, 48.734670466175089 ], [ 21.551876, 48.734664 ], [ 21.551891, 48.734562 ], [ 21.551690594974428, 48.734307291677176 ], [ 21.55158067, 48.73416836 ], [ 21.551545750776484, 48.734151169289674 ], [ 21.55147, 48.734115 ], [ 21.551339, 48.733955 ], [ 21.551, 48.733765 ], [ 21.55091082174723, 48.733728871374517 ], [ 21.55080452, 48.73368657 ], [ 21.550068561473974, 48.733437307408757 ], [ 21.550041, 48.733428 ], [ 21.549913361794616, 48.733366269522485 ], [ 21.5497663, 48.7332952 ], [ 21.549766330710778, 48.733295159943758 ], [ 21.549766, 48.733295 ], [ 21.549786929902531, 48.733268090125314 ], [ 21.54970262, 48.73295296 ], [ 21.549576803105762, 48.732658540580118 ], [ 21.549514, 48.732512 ], [ 21.549425, 48.732336 ], [ 21.549249, 48.732071 ], [ 21.549149, 48.731761 ], [ 21.549132999200808, 48.731714891188126 ], [ 21.54897986, 48.73127421 ], [ 21.548939111967307, 48.731202582236229 ], [ 21.54883, 48.731012 ], [ 21.54887239854688, 48.730969090627248 ], [ 21.54891277, 48.73092783 ], [ 21.548889927061907, 48.730909770360867 ], [ 21.54857, 48.730657 ], [ 21.548459, 48.730454 ], [ 21.548458820453771, 48.730453590410164 ], [ 21.54845859, 48.73045317 ], [ 21.54845347871187, 48.730441404561454 ], [ 21.548395, 48.730308 ], [ 21.548334262729274, 48.730234747170456 ], [ 21.54822966, 48.73010975 ], [ 21.548243726667121, 48.730074683332198 ], [ 21.548267059998881, 48.730016350002799 ], [ 21.548341951669908, 48.72982889109619 ], [ 21.548267, 48.72966 ], [ 21.548055, 48.729397 ], [ 21.548038, 48.729178 ], [ 21.547795824512558, 48.729057741624388 ], [ 21.54774594, 48.72903313 ], [ 21.547711569032298, 48.728964138064597 ], [ 21.547618, 48.728777 ], [ 21.547555131972622, 48.728654702040487 ], [ 21.54748968, 48.72852808 ], [ 21.54738563, 48.72837436 ], [ 21.547325004882016, 48.728083036802047 ], [ 21.547312, 48.728021 ], [ 21.547215, 48.727673 ], [ 21.547168, 48.727408 ], [ 21.547175365995077, 48.727190089312288 ], [ 21.54717976, 48.72705232 ], [ 21.547170589829019, 48.727017818792582 ], [ 21.547092, 48.726724 ], [ 21.547076, 48.726369 ], [ 21.547048127268905, 48.726277061588483 ], [ 21.54700888, 48.72614786 ], [ 21.546975865000285, 48.725913293752015 ], [ 21.546973, 48.725893 ], [ 21.546889, 48.725761 ], [ 21.546678, 48.725454 ], [ 21.546477, 48.725208 ], [ 21.546234, 48.724956 ], [ 21.546170352902415, 48.724923400267087 ], [ 21.54615226, 48.72491429 ], [ 21.546060635827928, 48.724883425375488 ], [ 21.545898, 48.724829 ], [ 21.54580229610136, 48.724756497046485 ], [ 21.54579938, 48.7247543 ], [ 21.545799353353054, 48.724754267691708 ], [ 21.545799, 48.724754 ], [ 21.545790222205124, 48.724743196560148 ], [ 21.54570755, 48.72464296 ], [ 21.54563205, 48.72447924 ], [ 21.54551584, 48.72436837 ], [ 21.545487162255665, 48.724322143259009 ], [ 21.545455, 48.724271 ], [ 21.545393, 48.724139 ], [ 21.545317, 48.724158 ], [ 21.545184, 48.723586 ], [ 21.545184167951508, 48.723585854218086 ], [ 21.54518416, 48.72358582 ], [ 21.54543332, 48.72336911 ], [ 21.545536662022126, 48.723301830795933 ], [ 21.545703, 48.723193 ], [ 21.545739, 48.723077 ], [ 21.545749526838261, 48.722999484190993 ], [ 21.54577155, 48.72283395 ], [ 21.54578171, 48.72260397 ], [ 21.545781999956578, 48.722604000998651 ], [ 21.545782, 48.722604 ], [ 21.545782102809451, 48.722604011994434 ], [ 21.545842281339954, 48.722610445554437 ], [ 21.546019017518478, 48.722262145963583 ], [ 21.546046985070852, 48.722206954146174 ], [ 21.546006212335687, 48.722081723602464 ], [ 21.5459487, 48.7219066 ], [ 21.5458842, 48.72192349 ], [ 21.545884228712126, 48.721922940182978 ], [ 21.545884, 48.721923 ], [ 21.545890217858425, 48.721808252249062 ], [ 21.54589485, 48.72171955 ], [ 21.545902970536048, 48.721642508677299 ], [ 21.545913, 48.721545 ], [ 21.545901005195997, 48.721440045464988 ], [ 21.54589942415393, 48.721436264661165 ], [ 21.54582, 48.721248 ], [ 21.545786369174586, 48.721118036810275 ], [ 21.54576063, 48.72102019 ], [ 21.545697831746072, 48.720926124955973 ], [ 21.54568925343008, 48.720913376625262 ], [ 21.54548151, 48.72070901 ], [ 21.544989594912686, 48.720289169543094 ], [ 21.544946, 48.720252 ], [ 21.544945981898362, 48.720251946639522 ], [ 21.5449454, 48.72025145 ], [ 21.544899893533898, 48.720116086156459 ], [ 21.544831, 48.719913 ], [ 21.544811, 48.719832 ], [ 21.54481426330009, 48.719822827480826 ], [ 21.54484783, 48.71972749 ], [ 21.54486758, 48.71966423 ], [ 21.54486382, 48.71956916 ], [ 21.54481649, 48.71940326 ], [ 21.544817013276209, 48.719403046890449 ], [ 21.544817, 48.719403 ], [ 21.544830940808243, 48.719397374761584 ], [ 21.544874106040858, 48.719379795282237 ], [ 21.544897772682976, 48.719334105514811 ], [ 21.545017087305816, 48.719101947344569 ], [ 21.544966, 48.719099 ], [ 21.54499051373471, 48.71898920608961 ], [ 21.54503665, 48.71878175 ], [ 21.54496599, 48.71866939 ], [ 21.54475091, 48.71851223 ], [ 21.54473865266792, 48.718338457823094 ], [ 21.5447040113255, 48.718284383532485 ], [ 21.54453383, 48.7180189 ], [ 21.54425384, 48.71760633 ], [ 21.54408758, 48.71746848 ], [ 21.54384353, 48.71701984 ], [ 21.54373572, 48.71685322 ], [ 21.54354252, 48.71669245 ], [ 21.543427345780316, 48.716645501344239 ], [ 21.543182, 48.716546 ], [ 21.5431027246585, 48.716538473859984 ], [ 21.54302381, 48.71653135 ], [ 21.542944342094106, 48.716539248599723 ], [ 21.542686, 48.716566 ], [ 21.542371, 48.716554 ], [ 21.542325884067552, 48.716555646566881 ], [ 21.54223437, 48.71655932 ], [ 21.542162508315965, 48.716546276903685 ], [ 21.542116, 48.716538 ], [ 21.542044596717503, 48.716507621148899 ], [ 21.54184093, 48.71642157 ], [ 21.54147933, 48.71619156 ], [ 21.541479368394512, 48.716191234062812 ], [ 21.541479, 48.716191 ], [ 21.541487440441095, 48.716122709158405 ], [ 21.54148994, 48.71610149 ], [ 21.541564893081862, 48.715991717879454 ], [ 21.541581, 48.715968 ], [ 21.541659181813877, 48.715913334615621 ], [ 21.54195969, 48.71570284 ], [ 21.5420616, 48.71559772 ], [ 21.54210084, 48.71554861 ], [ 21.54215847, 48.71557023 ], [ 21.54224102, 48.71551389 ], [ 21.54229072360231, 48.715483174464609 ], [ 21.542562, 48.715315 ], [ 21.542554548814966, 48.715265862455439 ], [ 21.54252478, 48.7150717 ], [ 21.542500764698893, 48.715066152939777 ], [ 21.54247, 48.71506 ], [ 21.542470278996451, 48.715059111344644 ], [ 21.5424701, 48.71505907 ], [ 21.542501303496625, 48.714960292566317 ], [ 21.542524, 48.714888 ], [ 21.542530466825625, 48.714875747067239 ], [ 21.54259944, 48.7147431 ], [ 21.54267466, 48.71459843 ], [ 21.542709040354708, 48.714525619456303 ], [ 21.54277, 48.714396 ], [ 21.542785, 48.71418 ], [ 21.542835875037188, 48.714101277574031 ], [ 21.54287991, 48.71403284 ], [ 21.542916377126154, 48.713947406761989 ], [ 21.542965, 48.713833 ], [ 21.54305, 48.713711 ], [ 21.543237, 48.713418 ], [ 21.54338444507998, 48.713299391967972 ], [ 21.54382493, 48.71294396 ], [ 21.54397283, 48.71286156 ], [ 21.54417488, 48.71265307 ], [ 21.54432068, 48.71234927 ], [ 21.54442673, 48.71209412 ], [ 21.54437168, 48.71209777 ], [ 21.54062588, 48.71234425 ], [ 21.54051947, 48.71235121 ], [ 21.53990625, 48.71239156 ], [ 21.53985583, 48.71239498 ], [ 21.53982837, 48.71239681 ], [ 21.53980396, 48.71239783 ], [ 21.53980518, 48.71260526 ], [ 21.53985775, 48.7127822 ], [ 21.53949911, 48.71307238 ], [ 21.53945904, 48.71333318 ], [ 21.53945415, 48.71333943 ], [ 21.53910906, 48.71377906 ], [ 21.53909907, 48.71379669 ], [ 21.53904647, 48.71401168 ], [ 21.53861755, 48.71421524 ], [ 21.53855361, 48.71440372 ], [ 21.53854949, 48.7144063 ], [ 21.53781622, 48.71485135 ], [ 21.53773858, 48.71492205 ], [ 21.53736941, 48.71516674 ], [ 21.53722522, 48.7157922 ], [ 21.53689126, 48.71629434 ], [ 21.53633739, 48.71677258 ], [ 21.53565354, 48.71691297 ], [ 21.53561454, 48.71694985 ], [ 21.53561115, 48.71695812 ], [ 21.5355575, 48.71714716 ], [ 21.53553779, 48.71715533 ], [ 21.53533083, 48.71724188 ], [ 21.53532341, 48.717245 ], [ 21.53528152, 48.71728251 ], [ 21.53527791, 48.71728583 ], [ 21.53518236, 48.71759807 ], [ 21.53515027, 48.71761885 ], [ 21.53492449, 48.71759523 ], [ 21.53478341, 48.71768113 ], [ 21.53469545, 48.71798963 ], [ 21.53431441, 48.71838484 ], [ 21.53404314, 48.7184205 ], [ 21.53390553, 48.71864116 ], [ 21.53373591, 48.71868476 ], [ 21.53355226, 48.71885605 ], [ 21.53353403, 48.7190379 ], [ 21.53334142, 48.71922567 ], [ 21.53301607, 48.71937528 ], [ 21.53299847, 48.71939683 ], [ 21.53302699, 48.71956903 ], [ 21.53298545, 48.71959899 ], [ 21.53269242, 48.71968048 ], [ 21.53267428, 48.71971039 ], [ 21.53270945, 48.71976153 ], [ 21.5327085, 48.7197741 ], [ 21.53267937, 48.72000614 ], [ 21.53241831, 48.72013985 ], [ 21.53230727, 48.72067092 ], [ 21.53238805, 48.72079052 ], [ 21.53232378, 48.72100859 ], [ 21.53288962, 48.72173738 ], [ 21.53297304, 48.72191043 ], [ 21.53289946, 48.72201041 ], [ 21.5329144, 48.72215279 ], [ 21.53293795, 48.72216309 ], [ 21.53314995, 48.72221054 ], [ 21.53326601, 48.72233996 ], [ 21.53327218, 48.72234959 ], [ 21.53312996, 48.72248623 ], [ 21.53325063, 48.72280607 ], [ 21.53325225, 48.72281044 ], [ 21.5335614, 48.72298938 ], [ 21.53356781, 48.72299325 ], [ 21.53381373, 48.7232659 ], [ 21.53381402, 48.72327608 ], [ 21.53381613, 48.72340675 ], [ 21.53377107, 48.72345722 ], [ 21.53376157, 48.72346731 ], [ 21.53360488, 48.72347508 ], [ 21.53331149, 48.7236725 ], [ 21.53329599, 48.72367647 ], [ 21.53293376, 48.72376516 ], [ 21.53292567, 48.72377249 ], [ 21.53248119, 48.72417362 ], [ 21.53248313, 48.72418133 ], [ 21.53252303, 48.72434585 ], [ 21.53252555, 48.72435735 ], [ 21.53245821, 48.72441772 ], [ 21.53201479, 48.72463111 ], [ 21.53167076, 48.72467423 ], [ 21.5316539, 48.72467618 ], [ 21.53164588, 48.72468657 ], [ 21.53154357, 48.72481598 ], [ 21.53152966, 48.72482269 ], [ 21.53139318, 48.7248856 ], [ 21.53100782, 48.7249387 ], [ 21.53086479, 48.72494137 ], [ 21.53036269, 48.72513418 ], [ 21.52995853, 48.72503515 ], [ 21.5295314, 48.72521551 ], [ 21.52945168, 48.72533647 ], [ 21.52920618, 48.72547295 ], [ 21.52919068, 48.72548106 ], [ 21.52885782, 48.72549469 ], [ 21.52853185, 48.72575094 ], [ 21.52853113, 48.72575992 ], [ 21.5285179, 48.72591689 ], [ 21.52849754, 48.72593071 ], [ 21.52848483, 48.72592954 ], [ 21.52828932, 48.72590857 ], [ 21.52827393, 48.72590669 ], [ 21.52787665, 48.7259859 ], [ 21.52769745, 48.72615506 ], [ 21.52735545, 48.72619805 ], [ 21.52733676, 48.72620084 ], [ 21.52733405, 48.72621319 ], [ 21.52729616, 48.72638107 ], [ 21.52729237, 48.72639743 ], [ 21.52700313, 48.72646596 ], [ 21.52699671, 48.72647684 ], [ 21.52693042, 48.72658567 ], [ 21.52692282, 48.72659797 ], [ 21.52662072, 48.72671536 ], [ 21.52642063, 48.72687519 ], [ 21.5261956, 48.72690198 ], [ 21.52618802, 48.726914 ], [ 21.52607281, 48.72709489 ], [ 21.52606387, 48.72710885 ], [ 21.52585082, 48.72709593 ], [ 21.52572481, 48.72723797 ], [ 21.52552118, 48.72734774 ], [ 21.52516573, 48.72736513 ], [ 21.52437579, 48.72776267 ], [ 21.52435984, 48.7277632 ], [ 21.52368644, 48.72778222 ], [ 21.52323172, 48.72821561 ], [ 21.52281289, 48.72829293 ], [ 21.52278147, 48.7283095 ], [ 21.5227708, 48.72831459 ], [ 21.5227436, 48.72841842 ], [ 21.52230534, 48.72858718 ], [ 21.52191299, 48.72869442 ], [ 21.52190572, 48.72870997 ], [ 21.52185366, 48.72881533 ], [ 21.52184248, 48.72881978 ], [ 21.52099789, 48.72914291 ], [ 21.52072249, 48.72914295 ], [ 21.52025065, 48.72935468 ], [ 21.52023892, 48.72935713 ], [ 21.5200144, 48.72940103 ], [ 21.51984149, 48.72960024 ], [ 21.51982247, 48.72959978 ], [ 21.51932455, 48.72958184 ], [ 21.51928235, 48.72958001 ], [ 21.51925695, 48.72977903 ], [ 21.51925444, 48.72979462 ], [ 21.51922806, 48.72980466 ], [ 21.51901724, 48.72978882 ], [ 21.51896208, 48.72981659 ], [ 21.51895409, 48.72982023 ], [ 21.51881813, 48.73009728 ], [ 21.51830007, 48.73030803 ], [ 21.51828433, 48.73030956 ], [ 21.51767664, 48.73036562 ], [ 21.51766542, 48.73036665 ], [ 21.5176533, 48.73037719 ], [ 21.51746292, 48.73054385 ], [ 21.51744893, 48.73055587 ], [ 21.51696573, 48.7306226 ], [ 21.51687029, 48.73103719 ], [ 21.51650066, 48.73138946 ], [ 21.51545285, 48.7315023 ], [ 21.5153705, 48.73156709 ], [ 21.51535898, 48.73180954 ], [ 21.51532156, 48.73180964 ], [ 21.51506782, 48.73180894 ], [ 21.51478053, 48.73178261 ], [ 21.51388713, 48.7322386 ], [ 21.51385228, 48.73223886 ], [ 21.51365438, 48.7321086 ], [ 21.51362181, 48.73210731 ], [ 21.51335098, 48.73224087 ], [ 21.51333566, 48.73223989 ], [ 21.51259469, 48.73219066 ], [ 21.51258378, 48.73218269 ], [ 21.51246495, 48.73209197 ], [ 21.5124515, 48.73208123 ], [ 21.51214135, 48.73216686 ], [ 21.51198824, 48.73208424 ], [ 21.51152466, 48.73182835 ], [ 21.5108146, 48.73166261 ], [ 21.51048985, 48.73168047 ], [ 21.51048002, 48.73168091 ], [ 21.51014333, 48.731779 ], [ 21.51013737, 48.73178072 ], [ 21.51011149, 48.73177899 ], [ 21.50974873, 48.73158792 ], [ 21.50933149, 48.73164867 ], [ 21.50931411, 48.73163566 ], [ 21.5088814, 48.73130575 ], [ 21.50886547, 48.73129341 ], [ 21.50884984, 48.73129522 ], [ 21.50859138, 48.73132092 ], [ 21.50835029, 48.73151951 ], [ 21.50815332, 48.73150188 ], [ 21.50789967, 48.73155599 ], [ 21.50770002, 48.7315129 ], [ 21.50718884, 48.73146024 ], [ 21.5068603, 48.73147564 ], [ 21.50673911, 48.73139196 ], [ 21.50659824, 48.73127008 ], [ 21.50645385, 48.73119365 ], [ 21.50618315, 48.73116328 ], [ 21.5061626, 48.73116125 ], [ 21.50593133, 48.73122473 ], [ 21.50592398, 48.7312247 ], [ 21.50547492, 48.73120216 ], [ 21.50526184, 48.7312207 ], [ 21.50525395, 48.73122066 ], [ 21.50506272, 48.73110534 ], [ 21.50507171, 48.73094555 ], [ 21.5047268, 48.73086425 ], [ 21.50471836, 48.7308623 ], [ 21.50441413, 48.73093439 ], [ 21.50427526, 48.73100592 ], [ 21.50407798, 48.73103032 ], [ 21.50405997, 48.7310208 ], [ 21.50393068, 48.73095056 ], [ 21.5039211, 48.73094524 ], [ 21.50374705, 48.73094339 ], [ 21.50338224, 48.73107999 ], [ 21.5030463, 48.73098022 ], [ 21.50284021, 48.73111184 ], [ 21.50263804, 48.73112997 ], [ 21.50261152, 48.73114001 ], [ 21.50254428, 48.7312335 ], [ 21.50255911, 48.73135572 ], [ 21.5026603, 48.73140615 ], [ 21.50265785, 48.7314186 ], [ 21.50262187, 48.73157473 ], [ 21.50237362, 48.73166445 ], [ 21.50207261, 48.7318613 ], [ 21.50205097, 48.73196069 ], [ 21.50166654, 48.7321555 ], [ 21.50168396, 48.73228995 ], [ 21.50127133, 48.73236719 ], [ 21.50108618, 48.73263552 ], [ 21.50107592, 48.73273145 ], [ 21.5010575, 48.73273641 ], [ 21.50077398, 48.73281188 ], [ 21.50050994, 48.73278988 ], [ 21.50028784, 48.73293292 ], [ 21.50010132, 48.73316817 ], [ 21.4998063, 48.73322404 ], [ 21.49962759, 48.73333835 ], [ 21.49955858, 48.73356608 ], [ 21.49955078, 48.73358962 ], [ 21.49953402, 48.73360435 ], [ 21.49950497, 48.73360946 ], [ 21.49904534, 48.73368931 ], [ 21.49894934, 48.73365099 ], [ 21.49876546, 48.73366396 ], [ 21.49852816, 48.73377325 ], [ 21.49844202, 48.73393452 ], [ 21.4984231, 48.73394288 ], [ 21.49807994, 48.73409107 ], [ 21.49807269, 48.73411238 ], [ 21.49816738, 48.7343857 ], [ 21.49808553, 48.73460172 ], [ 21.49802387, 48.73475487 ], [ 21.49799074, 48.73495843 ], [ 21.49790457, 48.73506226 ], [ 21.49778863, 48.73516766 ], [ 21.49778081, 48.73517473 ], [ 21.49778423, 48.73518275 ], [ 21.49782969, 48.73529433 ], [ 21.49813626, 48.73542504 ], [ 21.49818686, 48.73547907 ], [ 21.49845967, 48.73558108 ], [ 21.49835694, 48.735893 ], [ 21.49825483, 48.7359889 ], [ 21.49826025, 48.73610707 ], [ 21.4982757, 48.73611427 ], [ 21.49838789, 48.73616719 ], [ 21.49842483, 48.7361849 ], [ 21.49836713, 48.73624481 ], [ 21.49837418, 48.73626806 ], [ 21.4985627, 48.73638943 ], [ 21.49855462, 48.73640666 ], [ 21.49842922, 48.73666617 ], [ 21.49833601, 48.73679617 ], [ 21.49834119, 48.7368064 ], [ 21.49837254, 48.73687599 ], [ 21.49838068, 48.73689702 ], [ 21.49835211, 48.73690313 ], [ 21.49817232, 48.73693855 ], [ 21.498154, 48.73694189 ], [ 21.49808973, 48.73705616 ], [ 21.4978895, 48.73710846 ], [ 21.49760586, 48.73727429 ], [ 21.49763945, 48.73729119 ], [ 21.49856534, 48.73778432 ], [ 21.49773402, 48.73871988 ], [ 21.49777647, 48.73873244 ], [ 21.49794669, 48.73878262 ], [ 21.49782178, 48.73897445 ], [ 21.49860006, 48.73922551 ], [ 21.49842631, 48.73966933 ], [ 21.49840639, 48.73972178 ], [ 21.49837766, 48.73980881 ], [ 21.49835792, 48.73986882 ], [ 21.4982377, 48.74031211 ], [ 21.49808231, 48.74106405 ], [ 21.49862843, 48.74103594 ], [ 21.49833622, 48.74217524 ], [ 21.49813553, 48.74276358 ], [ 21.49807653, 48.74276053 ], [ 21.49792574, 48.74275403 ], [ 21.49750911, 48.74291954 ], [ 21.49732857, 48.74285853 ], [ 21.4971804, 48.74287443 ], [ 21.49675396, 48.74308548 ], [ 21.49667334, 48.74306957 ], [ 21.49653468, 48.74292857 ], [ 21.49626106, 48.74286118 ], [ 21.49618311, 48.74287298 ], [ 21.49613371, 48.74290585 ], [ 21.49614314, 48.74307896 ], [ 21.49587768, 48.74331724 ], [ 21.49530122, 48.74338822 ], [ 21.49531335, 48.74342106 ], [ 21.49535401, 48.74357238 ], [ 21.49602386, 48.74466865 ], [ 21.49596155, 48.74530867 ], [ 21.49594363, 48.74560971 ], [ 21.49601197, 48.7459235 ], [ 21.49599868, 48.74595165 ], [ 21.49598068, 48.74600389 ], [ 21.496136, 48.74624132 ], [ 21.49575355, 48.7463855 ], [ 21.4957775, 48.74684212 ], [ 21.4959449, 48.74707397 ], [ 21.49592906, 48.7470871 ], [ 21.49590713, 48.7471079 ], [ 21.49555608, 48.7473745 ], [ 21.49543775, 48.74753015 ], [ 21.49533777, 48.74773782 ], [ 21.49503065, 48.74814935 ], [ 21.49480533, 48.74855684 ], [ 21.49478836, 48.74858921 ], [ 21.49477574, 48.74861342 ], [ 21.49382656, 48.75043061 ], [ 21.49368671, 48.75060688 ], [ 21.49325722, 48.75192 ], [ 21.49316837, 48.7523137 ], [ 21.49313924, 48.75258201 ], [ 21.49302506, 48.75363228 ], [ 21.49296848, 48.75368519 ], [ 21.49290812, 48.7537417 ], [ 21.49326559, 48.75372347 ], [ 21.49327461, 48.753723 ], [ 21.4936833, 48.75370211 ], [ 21.49381286, 48.75370062 ], [ 21.49398411, 48.75369872 ], [ 21.49689393, 48.75396213 ], [ 21.49694995, 48.75396725 ], [ 21.49719274, 48.75398918 ], [ 21.49742767, 48.75403312 ], [ 21.49819137, 48.75417609 ], [ 21.49835264, 48.75419558 ], [ 21.49932967, 48.75431363 ], [ 21.50050623, 48.75439329 ], [ 21.50119939, 48.75446652 ], [ 21.50182332, 48.75450552 ], [ 21.5024561, 48.75451147 ], [ 21.50304537, 48.75444416 ], [ 21.50377333, 48.75429035 ], [ 21.50407292, 48.75426827 ], [ 21.50467606, 48.75414103 ], [ 21.50479974, 48.75413999 ], [ 21.50490963, 48.75416637 ], [ 21.50499863, 48.75418765 ], [ 21.50504701, 48.7541993 ], [ 21.50504554, 48.75420916 ], [ 21.50504427, 48.75421813 ], [ 21.50501822, 48.75440119 ], [ 21.50534536, 48.75445299 ], [ 21.5055014, 48.75465352 ], [ 21.50575285, 48.7549767 ], [ 21.50592432, 48.75505859 ], [ 21.50596227, 48.7550839 ], [ 21.50613458, 48.75519848 ], [ 21.50631563, 48.75531899 ], [ 21.50652099, 48.75531589 ], [ 21.50670458, 48.75536869 ], [ 21.50666045, 48.75545393 ], [ 21.50665249, 48.75546945 ], [ 21.50667966, 48.75549309 ], [ 21.50668095, 48.75549421 ], [ 21.50672448, 48.75553201 ], [ 21.50699995, 48.75553938 ], [ 21.5070304, 48.75554016 ], [ 21.50755228, 48.7556781 ], [ 21.5077141, 48.75580535 ], [ 21.50777682, 48.75580175 ], [ 21.50789367, 48.75579493 ], [ 21.50805569, 48.75591912 ], [ 21.50818116, 48.75601535 ], [ 21.50825867, 48.75607482 ], [ 21.50833125, 48.75613046 ], [ 21.50860552, 48.75634078 ], [ 21.50871562, 48.75636842 ], [ 21.50878285, 48.75638529 ], [ 21.50915439, 48.7564785 ], [ 21.50959852, 48.7565899 ], [ 21.50971706, 48.75657817 ], [ 21.50986889, 48.75656308 ], [ 21.50992151, 48.75655784 ], [ 21.51035424, 48.75680582 ], [ 21.51040396, 48.75683444 ], [ 21.51044097, 48.75685557 ], [ 21.51044611, 48.75686436 ], [ 21.51049947, 48.75695573 ], [ 21.51055529, 48.75705121 ], [ 21.51056667, 48.75707071 ], [ 21.51059112, 48.75706736 ], [ 21.51065816, 48.7570583 ], [ 21.51091582, 48.75728533 ], [ 21.51098751, 48.75734851 ], [ 21.5110492, 48.75737935 ], [ 21.51109982, 48.75740466 ], [ 21.51131855, 48.75765451 ], [ 21.51134014, 48.75765747 ], [ 21.5114663, 48.75767477 ], [ 21.51146701, 48.75770764 ], [ 21.51146732, 48.75772566 ], [ 21.51146783, 48.75773449 ], [ 21.51251031, 48.75772585 ], [ 21.51297642, 48.75767052 ], [ 21.5130029, 48.75766741 ], [ 21.51303899, 48.75766313 ], [ 21.51313435, 48.75765182 ], [ 21.51320337, 48.75764363 ], [ 21.51444706, 48.75726734 ], [ 21.51513466, 48.75720377 ], [ 21.51560711, 48.75733008 ], [ 21.51692183, 48.75708912 ], [ 21.51742021, 48.75686718 ], [ 21.51801211, 48.75666619 ], [ 21.51853137, 48.75651398 ], [ 21.51896652, 48.75638636 ], [ 21.52068384, 48.75729745 ], [ 21.52140877, 48.75759362 ], [ 21.52177964, 48.75777453 ], [ 21.52205107, 48.75787509 ], [ 21.52235453, 48.7580709 ], [ 21.52402741, 48.75864708 ], [ 21.52486676, 48.75912625 ], [ 21.52516519, 48.75961419 ], [ 21.52533003, 48.75980226 ], [ 21.52580686, 48.76002903 ], [ 21.52583565, 48.76015731 ], [ 21.52596092, 48.76028844 ], [ 21.52599494, 48.7607204 ], [ 21.52640746, 48.76109601 ], [ 21.52645541, 48.76175242 ], [ 21.52746124, 48.76247747 ], [ 21.52801245, 48.76262273 ], [ 21.52825521, 48.76263118 ], [ 21.52844338, 48.76265626 ], [ 21.52860117, 48.76267741 ], [ 21.5293193, 48.76277269 ], [ 21.52963623, 48.76284437 ], [ 21.52988566, 48.76292178 ], [ 21.53018648, 48.76307546 ], [ 21.53100517, 48.76355409 ], [ 21.53144172, 48.76363521 ], [ 21.53194198, 48.76380833 ], [ 21.53206351, 48.76388246 ], [ 21.53212621, 48.76397111 ], [ 21.53215976, 48.76401842 ], [ 21.53247175, 48.76445839 ], [ 21.53255778, 48.76456543 ], [ 21.53267741, 48.76453482 ], [ 21.53301003, 48.76440774 ], [ 21.53314896, 48.76433401 ], [ 21.53366786, 48.76402689 ], [ 21.53402399, 48.76381046 ], [ 21.53426501, 48.76370157 ], [ 21.53439443, 48.76366285 ], [ 21.53455163, 48.76366382 ], [ 21.53461372, 48.76372652 ], [ 21.53470283, 48.76384896 ], [ 21.5346215, 48.76407735 ], [ 21.53462558, 48.7645541 ], [ 21.53465008, 48.76463167 ], [ 21.53465739, 48.76462602 ], [ 21.53557268, 48.7651151 ], [ 21.536669, 48.76564317 ], [ 21.5367898, 48.7659252 ], [ 21.53681581, 48.7659858 ], [ 21.53692705, 48.76624533 ], [ 21.53735795, 48.76649117 ], [ 21.53766561, 48.76682289 ], [ 21.537715518081889, 48.767175185871317 ], [ 21.538016, 48.766703 ], [ 21.538344, 48.766427 ], [ 21.539016, 48.76539 ], [ 21.539113, 48.764992 ], [ 21.539263, 48.764519 ], [ 21.539461, 48.764264 ], [ 21.539951945386619, 48.763560634796185 ], [ 21.54001792, 48.76346606 ] ] ] } }
]
}
