{
"type": "FeatureCollection",
"name": "gis",
"crs": { "type": "name", "properties": { "name": "urn:ogc:def:crs:OGC:1.3:CRS84" } },
"features": [
{ "type": "Feature", "properties": { "@featureType": "CadastralParcel", "areaValue": { "value": 257, "@uom": "m2" }, "beginLifespanVersion": { "@nilReason": "http://inspire.ec.europa.eu/codelist/VoidReasonValue/Unpopulated", "@nil": "true" }, "endLifespanVersion": { "@nilReason": "http://inspire.ec.europa.eu/codelist/VoidReasonValue/Unpopulated", "@nil": "true" }, "inspireId": { "@dataType": "Identifier", "localId": "852031_484/2.C", "namespace": "SK.ESKN.CP", "versionId": "20261005T07:10:41" }, "label": "484/2", "nationalCadastralReference": "852031_484/2.C", "referencePoint": { "type": "Point", "coordinates": [ 18.84732124, 48.51616175 ] }, "validFrom": "2026-09-30T16:00:00Z", "validTo": { "@nilReason": "http://inspire.ec.europa.eu/codelist/VoidReasonValue/Unpopulated", "@nil": "true" }, "administrativeUnit": { "@href": "#auAdmUnitS.1315" } }, "geometry": { "type": "Polygon", "coordinates": [ [ [ 18.84704245, 48.51626476 ], [ 18.84705853, 48.51628616 ], [ 18.84710787, 48.51627195 ], [ 18.8471879, 48.51625194 ], [ 18.8472995, 48.51622447 ], [ 18.84739948, 48.5161953 ], [ 18.84743957, 48.5161282 ], [ 18.84743968, 48.5161181 ], [ 18.84743978, 48.51611612 ], [ 18.84742972, 48.51610468 ], [ 18.84739404, 48.51606412 ], [ 18.84704245, 48.51626476 ] ] ] } },
{ "type": "Feature", "properties": { "@featureType": "CadastralParcel", "areaValue": { "value": 2989, "@uom": "m2" }, "beginLifespanVersion": { "@nilReason": "http://inspire.ec.europa.eu/codelist/VoidReasonValue/Unpopulated", "@nil": "true" }, "endLifespanVersion": { "@nilReason": "http://inspire.ec.europa.eu/codelist/VoidReasonValue/Unpopulated", "@nil": "true" }, "inspireId": { "@dataType": "Identifier", "localId": "852031_1043.C", "namespace": "SK.ESKN.CP", "versionId": "20261005T07:10:41" }, "label": "1043", "nationalCadastralReference": "852031_1043.C", "referencePoint": { "type": "Point", "coordinates": [ 18.85364254, 48.51662489 ] }, "validFrom": "2026-09-30T16:00:00Z", "validTo": { "@nilReason": "http://inspire.ec.europa.eu/codelist/VoidReasonValue/Unpopulated", "@nil": "true" }, "administrativeUnit": { "@href": "#auAdmUnitS.1315" } }, "geometry": { "type": "Polygon", "coordinates": [ [ [ 18.85434989, 48.51659392 ], [ 18.85419833, 48.51645812 ], [ 18.85408281, 48.51636795 ], [ 18.85293518, 48.51665585 ], [ 18.85302049, 48.51692749 ], [ 18.85434989, 48.51659392 ] ] ] } },
{ "type": "Feature", "properties": { "@featureType": "CadastralParcel", "areaValue": { "value": 1151, "@uom": "m2" }, "beginLifespanVersion": { "@nilReason": "http://inspire.ec.europa.eu/codelist/VoidReasonValue/Unpopulated", "@nil": "true" }, "endLifespanVersion": { "@nilReason": "http://inspire.ec.europa.eu/codelist/VoidReasonValue/Unpopulated", "@nil": "true" }, "inspireId": { "@dataType": "Identifier", "localId": "852031_1042.C", "namespace": "SK.ESKN.CP", "versionId": "20261005T07:10:41" }, "label": "1042", "nationalCadastralReference": "852031_1042.C", "referencePoint": { "type": "Point", "coordinates": [ 18.85318522, 48.51653494 ] }, "validFrom": "2026-09-30T16:00:00Z", "validTo": { "@nilReason": "http://inspire.ec.europa.eu/codelist/VoidReasonValue/Unpopulated", "@nil": "true" }, "administrativeUnit": { "@href": "#auAdmUnitS.1315" } }, "geometry": { "type": "Polygon", "coordinates": [ [ [ 18.85393924, 48.51626802 ], [ 18.85368087, 48.51636112 ], [ 18.85348149, 48.51641805 ], [ 18.8533065, 48.51645117 ], [ 18.85299038, 48.51643049 ], [ 18.85292353, 48.51661871 ], [ 18.85293518, 48.51665585 ], [ 18.85408281, 48.51636795 ], [ 18.854022, 48.5163205 ], [ 18.85393924, 48.51626802 ] ] ] } },
{ "type": "Feature", "properties": { "@featureType": "CadastralParcel", "areaValue": { "value": 1374, "@uom": "m2" }, "beginLifespanVersion": { "@nilReason": "http://inspire.ec.europa.eu/codelist/VoidReasonValue/Unpopulated", "@nil": "true" }, "endLifespanVersion": { "@nilReason": "http://inspire.ec.europa.eu/codelist/VoidReasonValue/Unpopulated", "@nil": "true" }, "inspireId": { "@dataType": "Identifier", "localId": "852031_1003.C", "namespace": "SK.ESKN.CP", "versionId": "20261005T07:10:41" }, "label": "1003", "nationalCadastralReference": "852031_1003.C", "referencePoint": { "type": "Point", "coordinates": [ 18.85201983, 48.51673143 ] }, "validFrom": "2026-09-30T16:00:00Z", "validTo": { "@nilReason": "http://inspire.ec.europa.eu/codelist/VoidReasonValue/Unpopulated", "@nil": "true" }, "administrativeUnit": { "@href": "#auAdmUnitS.1315" } }, "geometry": { "type": "Polygon", "coordinates": [ [ [ 18.852194, 48.51652844 ], [ 18.85161767, 48.51671794 ], [ 18.85169943, 48.51679031 ], [ 18.85175905, 48.51689165 ], [ 18.85179006, 48.51694423 ], [ 18.85241147, 48.51673984 ], [ 18.85240204, 48.51672302 ], [ 18.852194, 48.51652844 ] ] ] } },
{ "type": "Feature", "properties": { "@featureType": "CadastralParcel", "areaValue": { "value": 1825, "@uom": "m2" }, "beginLifespanVersion": { "@nilReason": "http://inspire.ec.europa.eu/codelist/VoidReasonValue/Unpopulated", "@nil": "true" }, "endLifespanVersion": { "@nilReason": "http://inspire.ec.europa.eu/codelist/VoidReasonValue/Unpopulated", "@nil": "true" }, "inspireId": { "@dataType": "Identifier", "localId": "852031_1002.C", "namespace": "SK.ESKN.CP", "versionId": "20261005T07:10:41" }, "label": "1002", "nationalCadastralReference": "852031_1002.C", "referencePoint": { "type": "Point", "coordinates": [ 18.85201052, 48.51735839 ] }, "validFrom": "2026-09-30T16:00:00Z", "validTo": { "@nilReason": "http://inspire.ec.europa.eu/codelist/VoidReasonValue/Unpopulated", "@nil": "true" }, "administrativeUnit": { "@href": "#auAdmUnitS.1315" } }, "geometry": { "type": "Polygon", "coordinates": [ [ [ 18.85201648, 48.51731811 ], [ 18.85194104, 48.51725077 ], [ 18.8518792, 48.51709573 ], [ 18.85179006, 48.51694423 ], [ 18.85175905, 48.51689165 ], [ 18.85169943, 48.51679031 ], [ 18.85161767, 48.51671794 ], [ 18.85153247, 48.51664242 ], [ 18.85143792, 48.51655866 ], [ 18.85131666, 48.51650454 ], [ 18.8511457, 48.51646317 ], [ 18.85092, 48.51641958 ], [ 18.8509635, 48.51646064 ], [ 18.85107268, 48.51650087 ], [ 18.8514602, 48.51665878 ], [ 18.85162894, 48.51680315 ], [ 18.85175994, 48.51696936 ], [ 18.85182349, 48.51710645 ], [ 18.85184864, 48.51723866 ], [ 18.85190817, 48.51731311 ], [ 18.85205264, 48.51745486 ], [ 18.85211116, 48.51749291 ], [ 18.85218721, 48.51752627 ], [ 18.85250573, 48.51763603 ], [ 18.85279134, 48.51778196 ], [ 18.85291545, 48.51785806 ], [ 18.85300244, 48.51791148 ], [ 18.85305447, 48.5179435 ], [ 18.8530664, 48.51794944 ], [ 18.85313398, 48.51798327 ], [ 18.85323835, 48.51803552 ], [ 18.85325014, 48.51804145 ], [ 18.85336673, 48.51817444 ], [ 18.85340464, 48.51819265 ], [ 18.85355066, 48.51826258 ], [ 18.85356479, 48.51826945 ], [ 18.85341239, 48.51799206 ], [ 18.85340329, 48.51798861 ], [ 18.85332032, 48.5179622 ], [ 18.853091, 48.51789506 ], [ 18.85282232, 48.51774261 ], [ 18.85253096, 48.51758899 ], [ 18.85223569, 48.51746979 ], [ 18.85211697, 48.51739867 ], [ 18.85201648, 48.51731811 ] ] ] } },
{ "type": "Feature", "properties": { "@featureType": "CadastralParcel", "areaValue": { "value": 5027, "@uom": "m2" }, "beginLifespanVersion": { "@nilReason": "http://inspire.ec.europa.eu/codelist/VoidReasonValue/Unpopulated", "@nil": "true" }, "endLifespanVersion": { "@nilReason": "http://inspire.ec.europa.eu/codelist/VoidReasonValue/Unpopulated", "@nil": "true" }, "inspireId": { "@dataType": "Identifier", "localId": "852031_1001.C", "namespace": "SK.ESKN.CP", "versionId": "20261005T07:10:41" }, "label": "1001", "nationalCadastralReference": "852031_1001.C", "referencePoint": { "type": "Point", "coordinates": [ 18.85240336, 48.51735839 ] }, "validFrom": "2026-09-30T16:00:00Z", "validTo": { "@nilReason": "http://inspire.ec.europa.eu/codelist/VoidReasonValue/Unpopulated", "@nil": "true" }, "administrativeUnit": { "@href": "#auAdmUnitS.1315" } }, "geometry": { "type": "Polygon", "coordinates": [ [ [ 18.85194104, 48.51725077 ], [ 18.85201648, 48.51731811 ], [ 18.85211697, 48.51739867 ], [ 18.85223569, 48.51746979 ], [ 18.85253096, 48.51758899 ], [ 18.85282232, 48.51774261 ], [ 18.853091, 48.51789506 ], [ 18.85332032, 48.5179622 ], [ 18.85323829, 48.51785166 ], [ 18.85317782, 48.51777942 ], [ 18.85311821, 48.51771145 ], [ 18.85308217, 48.51767503 ], [ 18.85295648, 48.51758126 ], [ 18.85276982, 48.5174034 ], [ 18.852661, 48.51723915 ], [ 18.85261383, 48.51710129 ], [ 18.85241147, 48.51673984 ], [ 18.85179006, 48.51694423 ], [ 18.8518792, 48.51709573 ], [ 18.85194104, 48.51725077 ] ] ] } },
{ "type": "Feature", "properties": { "@featureType": "CadastralParcel", "areaValue": { "value": 2893, "@uom": "m2" }, "beginLifespanVersion": { "@nilReason": "http://inspire.ec.europa.eu/codelist/VoidReasonValue/Unpopulated", "@nil": "true" }, "endLifespanVersion": { "@nilReason": "http://inspire.ec.europa.eu/codelist/VoidReasonValue/Unpopulated", "@nil": "true" }, "inspireId": { "@dataType": "Identifier", "localId": "852031_980.C", "namespace": "SK.ESKN.CP", "versionId": "20261005T07:10:41" }, "label": "980", "nationalCadastralReference": "852031_980.C", "referencePoint": { "type": "Point", "coordinates": [ 18.85182084, 48.51913056 ] }, "validFrom": "2026-09-30T16:00:00Z", "validTo": { "@nilReason": "http://inspire.ec.europa.eu/codelist/VoidReasonValue/Unpopulated", "@nil": "true" }, "administrativeUnit": { "@href": "#auAdmUnitS.1315" } }, "geometry": { "type": "Polygon", "coordinates": [ [ [ 18.85217759, 48.51887289 ], [ 18.85210891, 48.51884271 ], [ 18.85211636, 48.51881522 ], [ 18.85158258, 48.51878285 ], [ 18.85156496, 48.51886899 ], [ 18.85149248, 48.51908984 ], [ 18.85149068, 48.51935055 ], [ 18.85151612, 48.51941574 ], [ 18.85218441, 48.51927243 ], [ 18.85214392, 48.51917127 ], [ 18.85217792, 48.51892198 ], [ 18.85217759, 48.51887289 ] ] ] } },
{ "type": "Feature", "properties": { "@featureType": "CadastralParcel", "areaValue": { "value": 1937, "@uom": "m2" }, "beginLifespanVersion": { "@nilReason": "http://inspire.ec.europa.eu/codelist/VoidReasonValue/Unpopulated", "@nil": "true" }, "endLifespanVersion": { "@nilReason": "http://inspire.ec.europa.eu/codelist/VoidReasonValue/Unpopulated", "@nil": "true" }, "inspireId": { "@dataType": "Identifier", "localId": "852031_979.C", "namespace": "SK.ESKN.CP", "versionId": "20261005T07:10:41" }, "label": "979", "nationalCadastralReference": "852031_979.C", "referencePoint": { "type": "Point", "coordinates": [ 18.85226278, 48.51942776 ] }, "validFrom": "2026-09-30T16:00:00Z", "validTo": { "@nilReason": "http://inspire.ec.europa.eu/codelist/VoidReasonValue/Unpopulated", "@nil": "true" }, "administrativeUnit": { "@href": "#auAdmUnitS.1315" } }, "geometry": { "type": "Polygon", "coordinates": [ [ [ 18.85304096, 48.51942253 ], [ 18.85302356, 48.51937661 ], [ 18.85286755, 48.51934648 ], [ 18.85245236, 48.51928601 ], [ 18.85218441, 48.51927243 ], [ 18.85151612, 48.51941574 ], [ 18.85155367, 48.51951197 ], [ 18.85165902, 48.51959277 ], [ 18.851785, 48.51954818 ], [ 18.85215728, 48.51949808 ], [ 18.85237339, 48.519433 ], [ 18.85288223, 48.51944548 ], [ 18.85304096, 48.51942253 ] ] ] } },
{ "type": "Feature", "properties": { "@featureType": "CadastralParcel", "areaValue": { "value": 3183, "@uom": "m2" }, "beginLifespanVersion": { "@nilReason": "http://inspire.ec.europa.eu/codelist/VoidReasonValue/Unpopulated", "@nil": "true" }, "endLifespanVersion": { "@nilReason": "http://inspire.ec.europa.eu/codelist/VoidReasonValue/Unpopulated", "@nil": "true" }, "inspireId": { "@dataType": "Identifier", "localId": "852031_978.C", "namespace": "SK.ESKN.CP", "versionId": "20261005T07:10:41" }, "label": "978", "nationalCadastralReference": "852031_978.C", "referencePoint": { "type": "Point", "coordinates": [ 18.85235236, 48.51965059 ] }, "validFrom": "2026-09-30T16:00:00Z", "validTo": { "@nilReason": "http://inspire.ec.europa.eu/codelist/VoidReasonValue/Unpopulated", "@nil": "true" }, "administrativeUnit": { "@href": "#auAdmUnitS.1315" } }, "geometry": { "type": "Polygon", "coordinates": [ [ [ 18.85293036, 48.51972845 ], [ 18.85298716, 48.51971544 ], [ 18.85301327, 48.51957336 ], [ 18.85304096, 48.51942253 ], [ 18.85288223, 48.51944548 ], [ 18.85237339, 48.519433 ], [ 18.85215728, 48.51949808 ], [ 18.851785, 48.51954818 ], [ 18.85165902, 48.51959277 ], [ 18.85175226, 48.5197084 ], [ 18.85184096, 48.51975433 ], [ 18.85186791, 48.51976295 ], [ 18.85198908, 48.51980182 ], [ 18.85209633, 48.51981814 ], [ 18.85224891, 48.51982779 ], [ 18.85230824, 48.51981175 ], [ 18.85248524, 48.51977558 ], [ 18.85263524, 48.51975298 ], [ 18.85293036, 48.51972845 ] ] ] } },
{ "type": "Feature", "properties": { "@featureType": "CadastralParcel", "areaValue": { "value": 11239, "@uom": "m2" }, "beginLifespanVersion": { "@nilReason": "http://inspire.ec.europa.eu/codelist/VoidReasonValue/Unpopulated", "@nil": "true" }, "endLifespanVersion": { "@nilReason": "http://inspire.ec.europa.eu/codelist/VoidReasonValue/Unpopulated", "@nil": "true" }, "inspireId": { "@dataType": "Identifier", "localId": "852031_976.C", "namespace": "SK.ESKN.CP", "versionId": "20261005T07:10:41" }, "label": "976", "nationalCadastralReference": "852031_976.C", "referencePoint": { "type": "Point", "coordinates": [ 18.85160594, 48.51800174 ] }, "validFrom": "2026-09-30T16:00:00Z", "validTo": { "@nilReason": "http://inspire.ec.europa.eu/codelist/VoidReasonValue/Unpopulated", "@nil": "true" }, "administrativeUnit": { "@href": "#auAdmUnitS.1315" } }, "geometry": { "type": "Polygon", "coordinates": [ [ [ 18.85190817, 48.51731311 ], [ 18.85184864, 48.51723866 ], [ 18.85182349, 48.51710645 ], [ 18.85175994, 48.51696936 ], [ 18.85162894, 48.51680315 ], [ 18.8514602, 48.51665878 ], [ 18.85107268, 48.51650087 ], [ 18.8509635, 48.51646064 ], [ 18.8507406, 48.5163784 ], [ 18.85015109, 48.51614972 ], [ 18.85006104, 48.51614539 ], [ 18.8499861, 48.51614176 ], [ 18.84982884, 48.51608667 ], [ 18.84966195, 48.51602809 ], [ 18.84952659, 48.51603945 ], [ 18.8493867, 48.51605121 ], [ 18.84916659, 48.5160697 ], [ 18.8500447, 48.51632659 ], [ 18.85010038, 48.51634374 ], [ 18.85020089, 48.51637459 ], [ 18.85069282, 48.51652567 ], [ 18.8509621, 48.51660959 ], [ 18.85110519, 48.51667324 ], [ 18.8512484, 48.51673689 ], [ 18.85149123, 48.51692661 ], [ 18.85161294, 48.51709676 ], [ 18.85162965, 48.51720038 ], [ 18.8515943, 48.51729408 ], [ 18.8516072, 48.51732858 ], [ 18.85159282, 48.51741723 ], [ 18.8515439, 48.51771815 ], [ 18.85153514, 48.51777065 ], [ 18.85153348, 48.51778013 ], [ 18.85152071, 48.51785614 ], [ 18.85152015, 48.51785981 ], [ 18.85150694, 48.51793842 ], [ 18.85148563, 48.51806505 ], [ 18.85148245, 48.51808284 ], [ 18.85147197, 48.51814183 ], [ 18.85142474, 48.51840775 ], [ 18.85141995, 48.51843457 ], [ 18.85134613, 48.51884885 ], [ 18.85133662, 48.51888914 ], [ 18.85128601, 48.51911807 ], [ 18.85130411, 48.51934932 ], [ 18.85134567, 48.51945406 ], [ 18.85137064, 48.51949685 ], [ 18.85145017, 48.51966996 ], [ 18.85153235, 48.51984491 ], [ 18.85184717, 48.51992858 ], [ 18.85209573, 48.51994539 ], [ 18.85225183, 48.51995631 ], [ 18.85228397, 48.5199532 ], [ 18.85248917, 48.51993347 ], [ 18.85264614, 48.51991854 ], [ 18.85292487, 48.51987639 ], [ 18.85345376, 48.5198098 ], [ 18.85357509, 48.51979653 ], [ 18.85359646, 48.51975696 ], [ 18.85360095, 48.5197488 ], [ 18.85362369, 48.51970678 ], [ 18.85362891, 48.51969703 ], [ 18.8536827, 48.5195978 ], [ 18.85347161, 48.5195972 ], [ 18.85328691, 48.51964695 ], [ 18.85298716, 48.51971544 ], [ 18.85293036, 48.51972845 ], [ 18.85263524, 48.51975298 ], [ 18.85248524, 48.51977558 ], [ 18.85230824, 48.51981175 ], [ 18.85224891, 48.51982779 ], [ 18.85209633, 48.51981814 ], [ 18.85198908, 48.51980182 ], [ 18.85186791, 48.51976295 ], [ 18.85184096, 48.51975433 ], [ 18.85175226, 48.5197084 ], [ 18.85165902, 48.51959277 ], [ 18.85155367, 48.51951197 ], [ 18.85151612, 48.51941574 ], [ 18.85149068, 48.51935055 ], [ 18.85149248, 48.51908984 ], [ 18.85156496, 48.51886899 ], [ 18.85158258, 48.51878285 ], [ 18.85162152, 48.51859183 ], [ 18.85161641, 48.51854303 ], [ 18.85160671, 48.51845141 ], [ 18.85161274, 48.51841636 ], [ 18.85161646, 48.51839517 ], [ 18.85162537, 48.51834377 ], [ 18.85163216, 48.51830803 ], [ 18.85166721, 48.51815352 ], [ 18.85176159, 48.5178574 ], [ 18.85180284, 48.51752928 ], [ 18.851837, 48.51749407 ], [ 18.85190869, 48.5173697 ], [ 18.85190817, 48.51731311 ] ] ] } },
{ "type": "Feature", "properties": { "@featureType": "CadastralParcel", "areaValue": { "value": 3299, "@uom": "m2" }, "beginLifespanVersion": { "@nilReason": "http://inspire.ec.europa.eu/codelist/VoidReasonValue/Unpopulated", "@nil": "true" }, "endLifespanVersion": { "@nilReason": "http://inspire.ec.europa.eu/codelist/VoidReasonValue/Unpopulated", "@nil": "true" }, "inspireId": { "@dataType": "Identifier", "localId": "852031_974.C", "namespace": "SK.ESKN.CP", "versionId": "20261005T07:10:41" }, "label": "974", "nationalCadastralReference": "852031_974.C", "referencePoint": { "type": "Point", "coordinates": [ 18.8509792, 48.51684121 ] }, "validFrom": "2026-09-30T16:00:00Z", "validTo": { "@nilReason": "http://inspire.ec.europa.eu/codelist/VoidReasonValue/Unpopulated", "@nil": "true" }, "administrativeUnit": { "@href": "#auAdmUnitS.1315" } }, "geometry": { "type": "Polygon", "coordinates": [ [ [ 18.8512484, 48.51673689 ], [ 18.85110519, 48.51667324 ], [ 18.85093809, 48.5167442 ], [ 18.85013021, 48.51642359 ], [ 18.85007919, 48.51645901 ], [ 18.85023881, 48.51656321 ], [ 18.85041747, 48.51675581 ], [ 18.85086775, 48.51699764 ], [ 18.85104074, 48.5170679 ], [ 18.85120429, 48.51715146 ], [ 18.8514471, 48.51720306 ], [ 18.85162965, 48.51720038 ], [ 18.85161294, 48.51709676 ], [ 18.85149123, 48.51692661 ], [ 18.8512484, 48.51673689 ] ] ] } },
{ "type": "Feature", "properties": { "@featureType": "CadastralParcel", "areaValue": { "value": 7416, "@uom": "m2" }, "beginLifespanVersion": { "@nilReason": "http://inspire.ec.europa.eu/codelist/VoidReasonValue/Unpopulated", "@nil": "true" }, "endLifespanVersion": { "@nilReason": "http://inspire.ec.europa.eu/codelist/VoidReasonValue/Unpopulated", "@nil": "true" }, "inspireId": { "@dataType": "Identifier", "localId": "852031_972.C", "namespace": "SK.ESKN.CP", "versionId": "20261005T07:10:41" }, "label": "972", "nationalCadastralReference": "852031_972.C", "referencePoint": { "type": "Point", "coordinates": [ 18.85045438, 48.5168726 ] }, "validFrom": "2026-09-30T16:00:00Z", "validTo": { "@nilReason": "http://inspire.ec.europa.eu/codelist/VoidReasonValue/Unpopulated", "@nil": "true" }, "administrativeUnit": { "@href": "#auAdmUnitS.1315" } }, "geometry": { "type": "Polygon", "coordinates": [ [ [ 18.85159282, 48.51741723 ], [ 18.8516072, 48.51732858 ], [ 18.8515943, 48.51729408 ], [ 18.85162965, 48.51720038 ], [ 18.8514471, 48.51720306 ], [ 18.85120429, 48.51715146 ], [ 18.85104074, 48.5170679 ], [ 18.85086775, 48.51699764 ], [ 18.85041747, 48.51675581 ], [ 18.85023881, 48.51656321 ], [ 18.85007919, 48.51645901 ], [ 18.84997461, 48.51640512 ], [ 18.8500447, 48.51632659 ], [ 18.84916659, 48.5160697 ], [ 18.84912426, 48.51612352 ], [ 18.84887842, 48.51609647 ], [ 18.84873858, 48.51608251 ], [ 18.8484486, 48.5160694 ], [ 18.84823217, 48.51607735 ], [ 18.84821082, 48.51613515 ], [ 18.84817407, 48.51617167 ], [ 18.84839245, 48.51618854 ], [ 18.84866386, 48.5162199 ], [ 18.84885227, 48.51627102 ], [ 18.84904726, 48.51632393 ], [ 18.84923887, 48.5164113 ], [ 18.84952055, 48.51636363 ], [ 18.84973858, 48.516501 ], [ 18.84981066, 48.51657142 ], [ 18.84997924, 48.51676891 ], [ 18.85008293, 48.5168131 ], [ 18.85018937, 48.51683397 ], [ 18.85035828, 48.51691123 ], [ 18.85056477, 48.51704061 ], [ 18.85051123, 48.51709041 ], [ 18.85054771, 48.51716683 ], [ 18.85068461, 48.51720697 ], [ 18.85068613, 48.51720668 ], [ 18.8509559, 48.51728306 ], [ 18.85104543, 48.51739903 ], [ 18.85103597, 48.51743093 ], [ 18.85124836, 48.51749069 ], [ 18.85136978, 48.5176068 ], [ 18.85141902, 48.51763832 ], [ 18.85143783, 48.51765039 ], [ 18.8514833, 48.51767937 ], [ 18.85152763, 48.51770765 ], [ 18.85153873, 48.51771482 ], [ 18.8515439, 48.51771815 ], [ 18.85159282, 48.51741723 ] ] ] } },
{ "type": "Feature", "properties": { "@featureType": "CadastralParcel", "areaValue": { "value": 4315, "@uom": "m2" }, "beginLifespanVersion": { "@nilReason": "http://inspire.ec.europa.eu/codelist/VoidReasonValue/Unpopulated", "@nil": "true" }, "endLifespanVersion": { "@nilReason": "http://inspire.ec.europa.eu/codelist/VoidReasonValue/Unpopulated", "@nil": "true" }, "inspireId": { "@dataType": "Identifier", "localId": "852031_962.C", "namespace": "SK.ESKN.CP", "versionId": "20261005T07:10:41" }, "label": "962", "nationalCadastralReference": "852031_962.C", "referencePoint": { "type": "Point", "coordinates": [ 18.85058627, 48.51762864 ] }, "validFrom": "2026-09-30T16:00:00Z", "validTo": { "@nilReason": "http://inspire.ec.europa.eu/codelist/VoidReasonValue/Unpopulated", "@nil": "true" }, "administrativeUnit": { "@href": "#auAdmUnitS.1315" } }, "geometry": { "type": "Polygon", "coordinates": [ [ [ 18.85083902, 48.51766524 ], [ 18.85103597, 48.51743093 ], [ 18.85104543, 48.51739903 ], [ 18.8509559, 48.51728306 ], [ 18.85068613, 48.51720668 ], [ 18.85068461, 48.51720697 ], [ 18.85054771, 48.51716683 ], [ 18.85051123, 48.51709041 ], [ 18.85047006, 48.51712869 ], [ 18.85045191, 48.51720659 ], [ 18.85041782, 48.51729078 ], [ 18.85029737, 48.51736111 ], [ 18.85031316, 48.51747478 ], [ 18.85031476, 48.51753837 ], [ 18.85031028, 48.51759714 ], [ 18.85029525, 48.51766014 ], [ 18.85025195, 48.51770254 ], [ 18.85024685, 48.51772744 ], [ 18.85019995, 48.51777164 ], [ 18.85006095, 48.51783567 ], [ 18.85004574, 48.51784264 ], [ 18.85000814, 48.51786324 ], [ 18.84999247, 48.5178718 ], [ 18.84996778, 48.51788883 ], [ 18.84994095, 48.51790223 ], [ 18.84991331, 48.5179247 ], [ 18.85015182, 48.51808199 ], [ 18.85032723, 48.51816978 ], [ 18.85037482, 48.51812426 ], [ 18.85060629, 48.51790356 ], [ 18.85072858, 48.51779003 ], [ 18.85083902, 48.51766524 ] ] ] } },
{ "type": "Feature", "properties": { "@featureType": "CadastralParcel", "areaValue": { "value": 2299, "@uom": "m2" }, "beginLifespanVersion": { "@nilReason": "http://inspire.ec.europa.eu/codelist/VoidReasonValue/Unpopulated", "@nil": "true" }, "endLifespanVersion": { "@nilReason": "http://inspire.ec.europa.eu/codelist/VoidReasonValue/Unpopulated", "@nil": "true" }, "inspireId": { "@dataType": "Identifier", "localId": "852031_961.C", "namespace": "SK.ESKN.CP", "versionId": "20261005T07:10:41" }, "label": "961", "nationalCadastralReference": "852031_961.C", "referencePoint": { "type": "Point", "coordinates": [ 18.85000888, 48.51682354 ] }, "validFrom": "2026-09-30T16:00:00Z", "validTo": { "@nilReason": "http://inspire.ec.europa.eu/codelist/VoidReasonValue/Unpopulated", "@nil": "true" }, "administrativeUnit": { "@href": "#auAdmUnitS.1315" } }, "geometry": { "type": "Polygon", "coordinates": [ [ [ 18.85035828, 48.51691123 ], [ 18.85018937, 48.51683397 ], [ 18.85008293, 48.5168131 ], [ 18.84997924, 48.51676891 ], [ 18.84981066, 48.51657142 ], [ 18.84973858, 48.516501 ], [ 18.84952055, 48.51636363 ], [ 18.84923887, 48.5164113 ], [ 18.84904726, 48.51632393 ], [ 18.84885227, 48.51627102 ], [ 18.84881417, 48.51630395 ], [ 18.84887506, 48.51631262 ], [ 18.84900864, 48.51633482 ], [ 18.84921909, 48.51641785 ], [ 18.84925452, 48.51642484 ], [ 18.84935351, 48.51645705 ], [ 18.84965295, 48.51661914 ], [ 18.84996939, 48.516902 ], [ 18.85018042, 48.5171737 ], [ 18.85023181, 48.51722842 ], [ 18.85027507, 48.51730032 ], [ 18.85029737, 48.51736111 ], [ 18.85041782, 48.51729078 ], [ 18.85045191, 48.51720659 ], [ 18.85047006, 48.51712869 ], [ 18.85051123, 48.51709041 ], [ 18.85056477, 48.51704061 ], [ 18.85035828, 48.51691123 ] ] ] } },
{ "type": "Feature", "properties": { "@featureType": "CadastralParcel", "areaValue": { "value": 3006, "@uom": "m2" }, "beginLifespanVersion": { "@nilReason": "http://inspire.ec.europa.eu/codelist/VoidReasonValue/Unpopulated", "@nil": "true" }, "endLifespanVersion": { "@nilReason": "http://inspire.ec.europa.eu/codelist/VoidReasonValue/Unpopulated", "@nil": "true" }, "inspireId": { "@dataType": "Identifier", "localId": "852031_960.C", "namespace": "SK.ESKN.CP", "versionId": "20261005T07:10:41" }, "label": "960", "nationalCadastralReference": "852031_960.C", "referencePoint": { "type": "Point", "coordinates": [ 18.84984822, 48.51695504 ] }, "validFrom": "2026-09-30T16:00:00Z", "validTo": { "@nilReason": "http://inspire.ec.europa.eu/codelist/VoidReasonValue/Unpopulated", "@nil": "true" }, "administrativeUnit": { "@href": "#auAdmUnitS.1315" } }, "geometry": { "type": "Polygon", "coordinates": [ [ [ 18.84996939, 48.516902 ], [ 18.84965295, 48.51661914 ], [ 18.84935351, 48.51645705 ], [ 18.84925452, 48.51642484 ], [ 18.84921909, 48.51641785 ], [ 18.84900864, 48.51633482 ], [ 18.84887506, 48.51631262 ], [ 18.84881417, 48.51630395 ], [ 18.84876534, 48.51634606 ], [ 18.84882845, 48.516359 ], [ 18.84904914, 48.51644509 ], [ 18.84933028, 48.51663104 ], [ 18.84953144, 48.51680785 ], [ 18.8495988, 48.51686765 ], [ 18.84973867, 48.51700808 ], [ 18.85002583, 48.51732623 ], [ 18.8501167, 48.51744922 ], [ 18.85023523, 48.51767163 ], [ 18.85025195, 48.51770254 ], [ 18.85029525, 48.51766014 ], [ 18.85031028, 48.51759714 ], [ 18.85031476, 48.51753837 ], [ 18.85031316, 48.51747478 ], [ 18.85029737, 48.51736111 ], [ 18.85027507, 48.51730032 ], [ 18.85023181, 48.51722842 ], [ 18.85018042, 48.5171737 ], [ 18.84996939, 48.516902 ] ] ] } },
{ "type": "Feature", "properties": { "@featureType": "CadastralParcel", "areaValue": { "value": 2132, "@uom": "m2" }, "beginLifespanVersion": { "@nilReason": "http://inspire.ec.europa.eu/codelist/VoidReasonValue/Unpopulated", "@nil": "true" }, "endLifespanVersion": { "@nilReason": "http://inspire.ec.europa.eu/codelist/VoidReasonValue/Unpopulated", "@nil": "true" }, "inspireId": { "@dataType": "Identifier", "localId": "852031_959.C", "namespace": "SK.ESKN.CP", "versionId": "20261005T07:10:41" }, "label": "959", "nationalCadastralReference": "852031_959.C", "referencePoint": { "type": "Point", "coordinates": [ 18.84980856, 48.51724209 ] }, "validFrom": "2026-09-30T16:00:00Z", "validTo": { "@nilReason": "http://inspire.ec.europa.eu/codelist/VoidReasonValue/Unpopulated", "@nil": "true" }, "administrativeUnit": { "@href": "#auAdmUnitS.1315" } }, "geometry": { "type": "Polygon", "coordinates": [ [ [ 18.85025195, 48.51770254 ], [ 18.85023523, 48.51767163 ], [ 18.8501167, 48.51744922 ], [ 18.85002583, 48.51732623 ], [ 18.84973867, 48.51700808 ], [ 18.8495988, 48.51686765 ], [ 18.84953144, 48.51680785 ], [ 18.84934613, 48.51689392 ], [ 18.8495954, 48.51715796 ], [ 18.84980014, 48.51739775 ], [ 18.84993172, 48.51761425 ], [ 18.8500519, 48.51780994 ], [ 18.85006095, 48.51783567 ], [ 18.85019995, 48.51777164 ], [ 18.85024685, 48.51772744 ], [ 18.85025195, 48.51770254 ] ] ] } },
{ "type": "Feature", "properties": { "@featureType": "CadastralParcel", "areaValue": { "value": 2051, "@uom": "m2" }, "beginLifespanVersion": { "@nilReason": "http://inspire.ec.europa.eu/codelist/VoidReasonValue/Unpopulated", "@nil": "true" }, "endLifespanVersion": { "@nilReason": "http://inspire.ec.europa.eu/codelist/VoidReasonValue/Unpopulated", "@nil": "true" }, "inspireId": { "@dataType": "Identifier", "localId": "852031_956.C", "namespace": "SK.ESKN.CP", "versionId": "20261005T07:10:41" }, "label": "956", "nationalCadastralReference": "852031_956.C", "referencePoint": { "type": "Point", "coordinates": [ 18.84940822, 48.51705188 ] }, "validFrom": "2026-09-30T16:00:00Z", "validTo": { "@nilReason": "http://inspire.ec.europa.eu/codelist/VoidReasonValue/Unpopulated", "@nil": "true" }, "administrativeUnit": { "@href": "#auAdmUnitS.1315" } }, "geometry": { "type": "Polygon", "coordinates": [ [ [ 18.849269, 48.51681224 ], [ 18.84907738, 48.51669148 ], [ 18.84884621, 48.51654008 ], [ 18.84870155, 48.51645181 ], [ 18.84857178, 48.51638118 ], [ 18.84852031, 48.51636975 ], [ 18.84839981, 48.51641977 ], [ 18.84858385, 48.51653445 ], [ 18.84874307, 48.51662826 ], [ 18.84882794, 48.51668464 ], [ 18.84896522, 48.51677442 ], [ 18.84920939, 48.51694581 ], [ 18.84959115, 48.51730803 ], [ 18.84976839, 48.51752537 ], [ 18.84985085, 48.51765289 ], [ 18.84998123, 48.51782314 ], [ 18.85000814, 48.51786324 ], [ 18.85004574, 48.51784264 ], [ 18.85006095, 48.51783567 ], [ 18.8500519, 48.51780994 ], [ 18.84993172, 48.51761425 ], [ 18.84980014, 48.51739775 ], [ 18.8495954, 48.51715796 ], [ 18.84934613, 48.51689392 ], [ 18.849269, 48.51681224 ] ] ] } },
{ "type": "Feature", "properties": { "@featureType": "CadastralParcel", "areaValue": { "value": 248, "@uom": "m2" }, "beginLifespanVersion": { "@nilReason": "http://inspire.ec.europa.eu/codelist/VoidReasonValue/Unpopulated", "@nil": "true" }, "endLifespanVersion": { "@nilReason": "http://inspire.ec.europa.eu/codelist/VoidReasonValue/Unpopulated", "@nil": "true" }, "inspireId": { "@dataType": "Identifier", "localId": "852031_955.C", "namespace": "SK.ESKN.CP", "versionId": "20261005T07:10:41" }, "label": "955", "nationalCadastralReference": "852031_955.C", "referencePoint": { "type": "Point", "coordinates": [ 18.84906703, 48.51686011 ] }, "validFrom": "2026-09-30T16:00:00Z", "validTo": { "@nilReason": "http://inspire.ec.europa.eu/codelist/VoidReasonValue/Unpopulated", "@nil": "true" }, "administrativeUnit": { "@href": "#auAdmUnitS.1315" } }, "geometry": { "type": "Polygon", "coordinates": [ [ [ 18.84874307, 48.51662826 ], [ 18.84858385, 48.51653445 ], [ 18.84839981, 48.51641977 ], [ 18.84837369, 48.51643059 ], [ 18.84875917, 48.51665868 ], [ 18.84920193, 48.51696878 ], [ 18.84952578, 48.51727395 ], [ 18.84959115, 48.51730803 ], [ 18.84920939, 48.51694581 ], [ 18.84896522, 48.51677442 ], [ 18.84882794, 48.51668464 ], [ 18.84874307, 48.51662826 ] ] ] } },
{ "type": "Feature", "properties": { "@featureType": "CadastralParcel", "areaValue": { "value": 607, "@uom": "m2" }, "beginLifespanVersion": { "@nilReason": "http://inspire.ec.europa.eu/codelist/VoidReasonValue/Unpopulated", "@nil": "true" }, "endLifespanVersion": { "@nilReason": "http://inspire.ec.europa.eu/codelist/VoidReasonValue/Unpopulated", "@nil": "true" }, "inspireId": { "@dataType": "Identifier", "localId": "852031_954.C", "namespace": "SK.ESKN.CP", "versionId": "20261005T07:10:41" }, "label": "954", "nationalCadastralReference": "852031_954.C", "referencePoint": { "type": "Point", "coordinates": [ 18.84943679, 48.51721029 ] }, "validFrom": "2026-09-30T16:00:00Z", "validTo": { "@nilReason": "http://inspire.ec.europa.eu/codelist/VoidReasonValue/Unpopulated", "@nil": "true" }, "administrativeUnit": { "@href": "#auAdmUnitS.1315" } }, "geometry": { "type": "Polygon", "coordinates": [ [ [ 18.84959115, 48.51730803 ], [ 18.84952578, 48.51727395 ], [ 18.84920193, 48.51696878 ], [ 18.84875917, 48.51665868 ], [ 18.84837369, 48.51643059 ], [ 18.84834513, 48.51644246 ], [ 18.84838264, 48.51645947 ], [ 18.84874369, 48.51668287 ], [ 18.84906763, 48.51691236 ], [ 18.84935707, 48.51714663 ], [ 18.84951562, 48.51731979 ], [ 18.84965981, 48.51747768 ], [ 18.84975763, 48.51759012 ], [ 18.84999247, 48.5178718 ], [ 18.85000814, 48.51786324 ], [ 18.84998123, 48.51782314 ], [ 18.84985085, 48.51765289 ], [ 18.84976839, 48.51752537 ], [ 18.84959115, 48.51730803 ] ] ] } },
{ "type": "Feature", "properties": { "@featureType": "CadastralParcel", "areaValue": { "value": 1279, "@uom": "m2" }, "beginLifespanVersion": { "@nilReason": "http://inspire.ec.europa.eu/codelist/VoidReasonValue/Unpopulated", "@nil": "true" }, "endLifespanVersion": { "@nilReason": "http://inspire.ec.europa.eu/codelist/VoidReasonValue/Unpopulated", "@nil": "true" }, "inspireId": { "@dataType": "Identifier", "localId": "852031_953.C", "namespace": "SK.ESKN.CP", "versionId": "20261005T07:10:41" }, "label": "953", "nationalCadastralReference": "852031_953.C", "referencePoint": { "type": "Point", "coordinates": [ 18.84929806, 48.51716123 ] }, "validFrom": "2026-09-30T16:00:00Z", "validTo": { "@nilReason": "http://inspire.ec.europa.eu/codelist/VoidReasonValue/Unpopulated", "@nil": "true" }, "administrativeUnit": { "@href": "#auAdmUnitS.1315" } }, "geometry": { "type": "Polygon", "coordinates": [ [ [ 18.84965981, 48.51747768 ], [ 18.84951562, 48.51731979 ], [ 18.84935707, 48.51714663 ], [ 18.84906763, 48.51691236 ], [ 18.84874369, 48.51668287 ], [ 18.84838264, 48.51645947 ], [ 18.84834513, 48.51644246 ], [ 18.84827456, 48.51648587 ], [ 18.8490976, 48.51701522 ], [ 18.84923848, 48.51717582 ], [ 18.84964929, 48.51753811 ], [ 18.84996778, 48.51788883 ], [ 18.84999247, 48.5178718 ], [ 18.84975763, 48.51759012 ], [ 18.84965981, 48.51747768 ] ] ] } },
{ "type": "Feature", "properties": { "@featureType": "CadastralParcel", "areaValue": { "value": 1664, "@uom": "m2" }, "beginLifespanVersion": { "@nilReason": "http://inspire.ec.europa.eu/codelist/VoidReasonValue/Unpopulated", "@nil": "true" }, "endLifespanVersion": { "@nilReason": "http://inspire.ec.europa.eu/codelist/VoidReasonValue/Unpopulated", "@nil": "true" }, "inspireId": { "@dataType": "Identifier", "localId": "852031_952.C", "namespace": "SK.ESKN.CP", "versionId": "20261005T07:10:41" }, "label": "952", "nationalCadastralReference": "852031_952.C", "referencePoint": { "type": "Point", "coordinates": [ 18.84921502, 48.51720896 ] }, "validFrom": "2026-09-30T16:00:00Z", "validTo": { "@nilReason": "http://inspire.ec.europa.eu/codelist/VoidReasonValue/Unpopulated", "@nil": "true" }, "administrativeUnit": { "@href": "#auAdmUnitS.1315" } }, "geometry": { "type": "Polygon", "coordinates": [ [ [ 18.84825177, 48.51664914 ], [ 18.84843169, 48.51675738 ], [ 18.8486494, 48.51688599 ], [ 18.84882847, 48.51699445 ], [ 18.8489988, 48.51710453 ], [ 18.84920324, 48.5172421 ], [ 18.8493156, 48.51733248 ], [ 18.84942889, 48.5174266 ], [ 18.84960373, 48.51756064 ], [ 18.84970717, 48.51765651 ], [ 18.84994095, 48.51790223 ], [ 18.84996778, 48.51788883 ], [ 18.84964929, 48.51753811 ], [ 18.84923848, 48.51717582 ], [ 18.8490976, 48.51701522 ], [ 18.84827456, 48.51648587 ], [ 18.84820415, 48.51647264 ], [ 18.84818108, 48.51648525 ], [ 18.84830338, 48.5165489 ], [ 18.84821403, 48.51662381 ], [ 18.84825177, 48.51664914 ] ] ] } },
{ "type": "Feature", "properties": { "@featureType": "CadastralParcel", "areaValue": { "value": 6953, "@uom": "m2" }, "beginLifespanVersion": { "@nilReason": "http://inspire.ec.europa.eu/codelist/VoidReasonValue/Unpopulated", "@nil": "true" }, "endLifespanVersion": { "@nilReason": "http://inspire.ec.europa.eu/codelist/VoidReasonValue/Unpopulated", "@nil": "true" }, "inspireId": { "@dataType": "Identifier", "localId": "852031_949.C", "namespace": "SK.ESKN.CP", "versionId": "20261005T07:10:41" }, "label": "949", "nationalCadastralReference": "852031_949.C", "referencePoint": { "type": "Point", "coordinates": [ 18.84927312, 48.5180162 ] }, "validFrom": "2026-09-30T16:00:00Z", "validTo": { "@nilReason": "http://inspire.ec.europa.eu/codelist/VoidReasonValue/Unpopulated", "@nil": "true" }, "administrativeUnit": { "@href": "#auAdmUnitS.1315" } }, "geometry": { "type": "Polygon", "coordinates": [ [ [ 18.84991331, 48.5179247 ], [ 18.8498974, 48.51793758 ], [ 18.84987443, 48.51795614 ], [ 18.84983154, 48.5179595 ], [ 18.84980532, 48.51799756 ], [ 18.849709, 48.51805786 ], [ 18.84967985, 48.51807357 ], [ 18.8490822, 48.51753846 ], [ 18.84877936, 48.5172923 ], [ 18.848734, 48.51725322 ], [ 18.84868564, 48.51726838 ], [ 18.84838095, 48.51744098 ], [ 18.84860009, 48.51760926 ], [ 18.84866076, 48.51769469 ], [ 18.84874878, 48.51778308 ], [ 18.84880369, 48.5178379 ], [ 18.84888069, 48.51794953 ], [ 18.84894437, 48.51803485 ], [ 18.84903805, 48.51814437 ], [ 18.84909169, 48.51823069 ], [ 18.84918533, 48.5183901 ], [ 18.84929346, 48.51857976 ], [ 18.84936464, 48.5187131 ], [ 18.84939057, 48.51876154 ], [ 18.84947869, 48.51878922 ], [ 18.84952867, 48.51864062 ], [ 18.84964577, 48.51845132 ], [ 18.84982032, 48.51827691 ], [ 18.85015182, 48.51808199 ], [ 18.84991331, 48.5179247 ] ] ] } },
{ "type": "Feature", "properties": { "@featureType": "CadastralParcel", "areaValue": { "value": 1845, "@uom": "m2" }, "beginLifespanVersion": { "@nilReason": "http://inspire.ec.europa.eu/codelist/VoidReasonValue/Unpopulated", "@nil": "true" }, "endLifespanVersion": { "@nilReason": "http://inspire.ec.europa.eu/codelist/VoidReasonValue/Unpopulated", "@nil": "true" }, "inspireId": { "@dataType": "Identifier", "localId": "852031_948/2.C", "namespace": "SK.ESKN.CP", "versionId": "20261005T07:10:41" }, "label": "948/2", "nationalCadastralReference": "852031_948/2.C", "referencePoint": { "type": "Point", "coordinates": [ 18.84979659, 48.51847407 ] }, "validFrom": "2026-09-30T16:00:00Z", "validTo": { "@nilReason": "http://inspire.ec.europa.eu/codelist/VoidReasonValue/Unpopulated", "@nil": "true" }, "administrativeUnit": { "@href": "#auAdmUnitS.1315" } }, "geometry": { "type": "Polygon", "coordinates": [ [ [ 18.84974042, 48.51886355 ], [ 18.84984874, 48.51863247 ], [ 18.84994295, 48.51849683 ], [ 18.85005853, 48.51835489 ], [ 18.85032723, 48.51816978 ], [ 18.85015182, 48.51808199 ], [ 18.84982032, 48.51827691 ], [ 18.84964577, 48.51845132 ], [ 18.84952867, 48.51864062 ], [ 18.84947869, 48.51878922 ], [ 18.84966481, 48.51883571 ], [ 18.84974042, 48.51886355 ] ] ] } },
{ "type": "Feature", "properties": { "@featureType": "CadastralParcel", "areaValue": { "value": 1842, "@uom": "m2" }, "beginLifespanVersion": { "@nilReason": "http://inspire.ec.europa.eu/codelist/VoidReasonValue/Unpopulated", "@nil": "true" }, "endLifespanVersion": { "@nilReason": "http://inspire.ec.europa.eu/codelist/VoidReasonValue/Unpopulated", "@nil": "true" }, "inspireId": { "@dataType": "Identifier", "localId": "852031_948/1.C", "namespace": "SK.ESKN.CP", "versionId": "20261005T07:10:41" }, "label": "948/1", "nationalCadastralReference": "852031_948/1.C", "referencePoint": { "type": "Point", "coordinates": [ 18.85006541, 48.51854382 ] }, "validFrom": "2026-09-30T16:00:00Z", "validTo": { "@nilReason": "http://inspire.ec.europa.eu/codelist/VoidReasonValue/Unpopulated", "@nil": "true" }, "administrativeUnit": { "@href": "#auAdmUnitS.1315" } }, "geometry": { "type": "Polygon", "coordinates": [ [ [ 18.85016285, 48.51876465 ], [ 18.85021648, 48.51859081 ], [ 18.85022766, 48.51846031 ], [ 18.85029708, 48.51838517 ], [ 18.85049056, 48.51825523 ], [ 18.85032723, 48.51816978 ], [ 18.85005853, 48.51835489 ], [ 18.84994295, 48.51849683 ], [ 18.84984874, 48.51863247 ], [ 18.84974042, 48.51886355 ], [ 18.84977596, 48.51887658 ], [ 18.85001972, 48.51896631 ], [ 18.85016285, 48.51876465 ] ] ] } },
{ "type": "Feature", "properties": { "@featureType": "CadastralParcel", "areaValue": { "value": 6953, "@uom": "m2" }, "beginLifespanVersion": { "@nilReason": "http://inspire.ec.europa.eu/codelist/VoidReasonValue/Unpopulated", "@nil": "true" }, "endLifespanVersion": { "@nilReason": "http://inspire.ec.europa.eu/codelist/VoidReasonValue/Unpopulated", "@nil": "true" }, "inspireId": { "@dataType": "Identifier", "localId": "852031_947.C", "namespace": "SK.ESKN.CP", "versionId": "20261005T07:10:41" }, "label": "947", "nationalCadastralReference": "852031_947.C", "referencePoint": { "type": "Point", "coordinates": [ 18.85066217, 48.51884108 ] }, "validFrom": "2026-09-30T16:00:00Z", "validTo": { "@nilReason": "http://inspire.ec.europa.eu/codelist/VoidReasonValue/Unpopulated", "@nil": "true" }, "administrativeUnit": { "@href": "#auAdmUnitS.1315" } }, "geometry": { "type": "Polygon", "coordinates": [ [ [ 18.85001972, 48.51896631 ], [ 18.85134567, 48.51945406 ], [ 18.85130411, 48.51934932 ], [ 18.85128601, 48.51911807 ], [ 18.85133662, 48.51888914 ], [ 18.85125494, 48.51886675 ], [ 18.85117653, 48.5188154 ], [ 18.85107342, 48.51867635 ], [ 18.85089936, 48.51851258 ], [ 18.85072814, 48.51838468 ], [ 18.85049056, 48.51825523 ], [ 18.85029708, 48.51838517 ], [ 18.85022766, 48.51846031 ], [ 18.85021648, 48.51859081 ], [ 18.85016285, 48.51876465 ], [ 18.85001972, 48.51896631 ] ] ] } },
{ "type": "Feature", "properties": { "@featureType": "CadastralParcel", "areaValue": { "value": 1894, "@uom": "m2" }, "beginLifespanVersion": { "@nilReason": "http://inspire.ec.europa.eu/codelist/VoidReasonValue/Unpopulated", "@nil": "true" }, "endLifespanVersion": { "@nilReason": "http://inspire.ec.europa.eu/codelist/VoidReasonValue/Unpopulated", "@nil": "true" }, "inspireId": { "@dataType": "Identifier", "localId": "852031_937.C", "namespace": "SK.ESKN.CP", "versionId": "20261005T07:10:41" }, "label": "937", "nationalCadastralReference": "852031_937.C", "referencePoint": { "type": "Point", "coordinates": [ 18.84891759, 48.51952057 ] }, "validFrom": "2026-09-30T16:00:00Z", "validTo": { "@nilReason": "http://inspire.ec.europa.eu/codelist/VoidReasonValue/Unpopulated", "@nil": "true" }, "administrativeUnit": { "@href": "#auAdmUnitS.1315" } }, "geometry": { "type": "Polygon", "coordinates": [ [ [ 18.84931007, 48.51966875 ], [ 18.84914158, 48.51954532 ], [ 18.84899694, 48.51947753 ], [ 18.84878685, 48.51935907 ], [ 18.84871071, 48.51933336 ], [ 18.84863395, 48.5191955 ], [ 18.84862501, 48.51911709 ], [ 18.84848655, 48.51915697 ], [ 18.84849187, 48.51916591 ], [ 18.84853707, 48.5193181 ], [ 18.84853144, 48.51941767 ], [ 18.84862211, 48.51948013 ], [ 18.84869807, 48.51949581 ], [ 18.84880065, 48.51954833 ], [ 18.84884479, 48.51959321 ], [ 18.84899169, 48.51969251 ], [ 18.84902961, 48.51968988 ], [ 18.8491923, 48.5197854 ], [ 18.84923599, 48.51982141 ], [ 18.84936381, 48.51984755 ], [ 18.84944157, 48.51989291 ], [ 18.84954937, 48.51992414 ], [ 18.84959006, 48.51992229 ], [ 18.84966255, 48.51991903 ], [ 18.84973006, 48.51990504 ], [ 18.84979103, 48.51992463 ], [ 18.84964966, 48.51979107 ], [ 18.84952352, 48.51977485 ], [ 18.84931007, 48.51966875 ] ] ] } },
{ "type": "Feature", "properties": { "@featureType": "CadastralParcel", "areaValue": { "value": 7255, "@uom": "m2" }, "beginLifespanVersion": { "@nilReason": "http://inspire.ec.europa.eu/codelist/VoidReasonValue/Unpopulated", "@nil": "true" }, "endLifespanVersion": { "@nilReason": "http://inspire.ec.europa.eu/codelist/VoidReasonValue/Unpopulated", "@nil": "true" }, "inspireId": { "@dataType": "Identifier", "localId": "852031_484/1.C", "namespace": "SK.ESKN.CP", "versionId": "20261005T07:10:41" }, "label": "484/1", "nationalCadastralReference": "852031_484/1.C", "referencePoint": { "type": "Point", "coordinates": [ 18.84515658, 48.51553773 ] }, "validFrom": "2026-09-30T16:00:00Z", "validTo": { "@nilReason": "http://inspire.ec.europa.eu/codelist/VoidReasonValue/Unpopulated", "@nil": "true" }, "administrativeUnit": { "@href": "#auAdmUnitS.1315" } }, "geometry": { "type": "Polygon", "coordinates": [ [ [ 18.84532265, 48.5158029 ], [ 18.8453276, 48.51579657 ], [ 18.84549207, 48.51591826 ], [ 18.84552751, 48.51587572 ], [ 18.84563853, 48.51596242 ], [ 18.84562667, 48.51597317 ], [ 18.84564066, 48.51597201 ], [ 18.84570514, 48.51600784 ], [ 18.84570273, 48.51601214 ], [ 18.84572947, 48.51606982 ], [ 18.8457672, 48.51611022 ], [ 18.84580784, 48.51619731 ], [ 18.84578749, 48.51627311 ], [ 18.84575683, 48.51632357 ], [ 18.84570626, 48.5163609 ], [ 18.84566788, 48.51639038 ], [ 18.84573127, 48.51646658 ], [ 18.84580339, 48.51644219 ], [ 18.84581246, 48.51641947 ], [ 18.84589314, 48.5163801 ], [ 18.84591463, 48.5163879 ], [ 18.84595575, 48.51637425 ], [ 18.84607795, 48.51636627 ], [ 18.84623097, 48.51635133 ], [ 18.84637452, 48.51635348 ], [ 18.84647957, 48.51636193 ], [ 18.84655815, 48.51636918 ], [ 18.84666965, 48.51638743 ], [ 18.8467609, 48.51642078 ], [ 18.84676932, 48.51642537 ], [ 18.84673122, 48.51639379 ], [ 18.84677833, 48.51635935 ], [ 18.84686489, 48.51634843 ], [ 18.84690119, 48.51636872 ], [ 18.84698298, 48.51635458 ], [ 18.84714736, 48.51632624 ], [ 18.84717984, 48.51632027 ], [ 18.84729661, 48.51631227 ], [ 18.84734982, 48.5162813 ], [ 18.84741427, 48.5162437 ], [ 18.84743541, 48.51620267 ], [ 18.84745142, 48.51617166 ], [ 18.84773453, 48.5161717 ], [ 18.8478638, 48.51617166 ], [ 18.84817407, 48.51617167 ], [ 18.84821082, 48.51613515 ], [ 18.84823217, 48.51607735 ], [ 18.84812426, 48.51608049 ], [ 18.84794239, 48.51605216 ], [ 18.84763904, 48.5160269 ], [ 18.84759712, 48.51603229 ], [ 18.84752574, 48.51604346 ], [ 18.84756155, 48.51608412 ], [ 18.84742972, 48.51610468 ], [ 18.84743978, 48.51611612 ], [ 18.84743968, 48.5161181 ], [ 18.84743957, 48.5161282 ], [ 18.84739948, 48.5161953 ], [ 18.8472995, 48.51622447 ], [ 18.8471879, 48.51625194 ], [ 18.84710787, 48.51627195 ], [ 18.84705853, 48.51628616 ], [ 18.84706065, 48.51628889 ], [ 18.84698825, 48.51630641 ], [ 18.84688394, 48.51631126 ], [ 18.84676731, 48.51631349 ], [ 18.84671296, 48.51622631 ], [ 18.84669952, 48.51623085 ], [ 18.84658221, 48.51622735 ], [ 18.84657811, 48.51622416 ], [ 18.84656738, 48.51622072 ], [ 18.84638301, 48.51619172 ], [ 18.84630408, 48.51615062 ], [ 18.84627579, 48.5161671 ], [ 18.8462662, 48.51617012 ], [ 18.84620727, 48.51613674 ], [ 18.84620644, 48.51612885 ], [ 18.84617441, 48.51611717 ], [ 18.84610339, 48.51607693 ], [ 18.84606842, 48.51606032 ], [ 18.84605945, 48.51606617 ], [ 18.84599933, 48.51602668 ], [ 18.84599812, 48.51601742 ], [ 18.84600272, 48.51601414 ], [ 18.84596927, 48.51597072 ], [ 18.84596528, 48.51596546 ], [ 18.84595155, 48.51595635 ], [ 18.84584972, 48.51589413 ], [ 18.84584323, 48.51589045 ], [ 18.84585785, 48.51588165 ], [ 18.84581721, 48.51585554 ], [ 18.84574021, 48.51580615 ], [ 18.84566838, 48.51576127 ], [ 18.84566539, 48.51575092 ], [ 18.8456871, 48.51573374 ], [ 18.84566324, 48.5157104 ], [ 18.84562184, 48.51566999 ], [ 18.84565821, 48.51565059 ], [ 18.84564904, 48.51564434 ], [ 18.84553184, 48.5155639 ], [ 18.84555024, 48.51554267 ], [ 18.84553078, 48.51552686 ], [ 18.84552082, 48.51552039 ], [ 18.84549397, 48.51553279 ], [ 18.84548532, 48.51553009 ], [ 18.8454706, 48.51551101 ], [ 18.84548711, 48.51549879 ], [ 18.84543385, 48.51546462 ], [ 18.84542236, 48.51543651 ], [ 18.84534574, 48.51539427 ], [ 18.84536626, 48.51537801 ], [ 18.8453469, 48.51536717 ], [ 18.84536502, 48.51535287 ], [ 18.84534509, 48.51534227 ], [ 18.84532452, 48.51533128 ], [ 18.84531397, 48.5153402 ], [ 18.84529828, 48.51532928 ], [ 18.8451901, 48.51526221 ], [ 18.84519392, 48.51524942 ], [ 18.84518793, 48.51524604 ], [ 18.84526321, 48.51516272 ], [ 18.84522632, 48.51515088 ], [ 18.84521428, 48.5151332 ], [ 18.84523086, 48.51511124 ], [ 18.84521606, 48.51509054 ], [ 18.84531172, 48.51498411 ], [ 18.84529202, 48.51497722 ], [ 18.84531389, 48.51494498 ], [ 18.84524716, 48.51493167 ], [ 18.84513984, 48.51510127 ], [ 18.84509281, 48.51512471 ], [ 18.84504549, 48.5151218 ], [ 18.84503268, 48.51511535 ], [ 18.84505173, 48.51509424 ], [ 18.84495647, 48.51506042 ], [ 18.84493118, 48.5150434 ], [ 18.84478728, 48.51494651 ], [ 18.8447245, 48.5149067 ], [ 18.84471713, 48.51489775 ], [ 18.84476864, 48.51485595 ], [ 18.84471539, 48.51482278 ], [ 18.84466961, 48.51484367 ], [ 18.84458599, 48.51483769 ], [ 18.84448443, 48.51475256 ], [ 18.84444012, 48.51471264 ], [ 18.84435871, 48.5146512 ], [ 18.84427753, 48.5146108 ], [ 18.84422593, 48.51466025 ], [ 18.84415686, 48.51477384 ], [ 18.8440835, 48.51474882 ], [ 18.84406534, 48.51477151 ], [ 18.84407919, 48.51484521 ], [ 18.84414102, 48.51488045 ], [ 18.84415733, 48.51489294 ], [ 18.84417246, 48.51491773 ], [ 18.84417721, 48.5149316 ], [ 18.8441816, 48.51497495 ], [ 18.84418607, 48.51506593 ], [ 18.84411944, 48.51504721 ], [ 18.84411299, 48.51507421 ], [ 18.84418977, 48.51509671 ], [ 18.84420862, 48.51511302 ], [ 18.84418473, 48.51516473 ], [ 18.84417804, 48.51516384 ], [ 18.8441494, 48.5151868 ], [ 18.84419495, 48.51524952 ], [ 18.84411848, 48.51532222 ], [ 18.84407919, 48.51534219 ], [ 18.844123, 48.5153737 ], [ 18.84419135, 48.51541235 ], [ 18.84425978, 48.51545958 ], [ 18.84430313, 48.51548457 ], [ 18.8443606, 48.51551769 ], [ 18.84438056, 48.51556023 ], [ 18.84439606, 48.51563718 ], [ 18.84438206, 48.51564303 ], [ 18.84445979, 48.51565286 ], [ 18.84444173, 48.51560113 ], [ 18.84443301, 48.51557604 ], [ 18.84443301, 48.51553004 ], [ 18.8443047, 48.51540914 ], [ 18.84426827, 48.5152565 ], [ 18.84431058, 48.51515911 ], [ 18.8442551, 48.51504129 ], [ 18.84432374, 48.51501429 ], [ 18.84444585, 48.51512665 ], [ 18.84462083, 48.51532151 ], [ 18.84479145, 48.51543242 ], [ 18.84498816, 48.51551565 ], [ 18.84519219, 48.51563345 ], [ 18.84516819, 48.51570338 ], [ 18.84515874, 48.51573049 ], [ 18.84521216, 48.5157588 ], [ 18.84527271, 48.51577729 ], [ 18.84532265, 48.5158029 ] ], [ [ 18.84599906, 48.51625689 ], [ 18.84594332, 48.51621375 ], [ 18.84588307, 48.51612825 ], [ 18.84593689, 48.5161324 ], [ 18.84600127, 48.51612538 ], [ 18.84615221, 48.51619946 ], [ 18.8462755, 48.51623402 ], [ 18.84643598, 48.51625952 ], [ 18.8462732, 48.51628118 ], [ 18.84614845, 48.51628659 ], [ 18.84604897, 48.51627699 ], [ 18.84599906, 48.51625689 ] ], [ [ 18.84573726, 48.51590478 ], [ 18.84590954, 48.51605006 ], [ 18.8458978, 48.51607245 ], [ 18.84586365, 48.51607419 ], [ 18.8458382, 48.51603895 ], [ 18.84571251, 48.51591892 ], [ 18.84571633, 48.51590612 ], [ 18.84573726, 48.51590478 ] ], [ [ 18.84557395, 48.51581698 ], [ 18.84516772, 48.51542198 ], [ 18.84517009, 48.51540993 ], [ 18.8451991, 48.51539538 ], [ 18.84523071, 48.51540939 ], [ 18.84561379, 48.51580038 ], [ 18.84560888, 48.51581212 ], [ 18.84558591, 48.51582148 ], [ 18.84557395, 48.51581698 ] ], [ [ 18.84483687, 48.51538815 ], [ 18.84479471, 48.51537035 ], [ 18.84466999, 48.51524892 ], [ 18.84456984, 48.51514718 ], [ 18.84443971, 48.51502565 ], [ 18.84441223, 48.51499851 ], [ 18.84447234, 48.51495049 ], [ 18.84448997, 48.51496792 ], [ 18.84449507, 48.51496502 ], [ 18.8444902, 48.51496143 ], [ 18.84462356, 48.51488638 ], [ 18.84467049, 48.51491904 ], [ 18.84466119, 48.51492424 ], [ 18.84479954, 48.51503943 ], [ 18.84480924, 48.51503317 ], [ 18.84488231, 48.51508244 ], [ 18.8449013, 48.51509525 ], [ 18.84486141, 48.5151215 ], [ 18.84480267, 48.5150819 ], [ 18.84488266, 48.51514624 ], [ 18.84509814, 48.51531083 ], [ 18.84498641, 48.51537284 ], [ 18.84486601, 48.51538516 ], [ 18.84485318, 48.51539261 ], [ 18.84484594, 48.51538727 ], [ 18.84483687, 48.51538815 ] ], [ [ 18.84420448, 48.51485471 ], [ 18.84418733, 48.51484354 ], [ 18.84417194, 48.51483353 ], [ 18.8441529, 48.51482117 ], [ 18.84426114, 48.51472668 ], [ 18.84429851, 48.51469416 ], [ 18.84443267, 48.51477467 ], [ 18.84458242, 48.51486682 ], [ 18.84455264, 48.51488791 ], [ 18.84440438, 48.51499251 ], [ 18.8443034, 48.5149231 ], [ 18.84420448, 48.51485471 ] ] ] } },
{ "type": "Feature", "properties": { "@featureType": "CadastralParcel", "areaValue": { "value": 1863, "@uom": "m2" }, "beginLifespanVersion": { "@nilReason": "http://inspire.ec.europa.eu/codelist/VoidReasonValue/Unpopulated", "@nil": "true" }, "endLifespanVersion": { "@nilReason": "http://inspire.ec.europa.eu/codelist/VoidReasonValue/Unpopulated", "@nil": "true" }, "inspireId": { "@dataType": "Identifier", "localId": "852031_677/5.C", "namespace": "SK.ESKN.CP", "versionId": "20261005T07:10:41" }, "label": "677/5", "nationalCadastralReference": "852031_677/5.C", "referencePoint": { "type": "Point", "coordinates": [ 18.85345304, 48.52037134 ] }, "validFrom": "2026-09-30T16:00:00Z", "validTo": { "@nilReason": "http://inspire.ec.europa.eu/codelist/VoidReasonValue/Unpopulated", "@nil": "true" }, "administrativeUnit": { "@href": "#auAdmUnitS.1315" } }, "geometry": { "type": "Polygon", "coordinates": [ [ [ 18.85302445, 48.52061236 ], [ 18.85397102, 48.52032248 ], [ 18.85387819, 48.52023899 ], [ 18.85375625, 48.5201318 ], [ 18.85370371, 48.52008793 ], [ 18.85347504, 48.52019737 ], [ 18.85298775, 48.5204202 ], [ 18.85298623, 48.52057718 ], [ 18.85302445, 48.52061236 ] ] ] } },
{ "type": "Feature", "properties": { "@featureType": "CadastralParcel", "areaValue": { "value": 4077, "@uom": "m2" }, "beginLifespanVersion": { "@nilReason": "http://inspire.ec.europa.eu/codelist/VoidReasonValue/Unpopulated", "@nil": "true" }, "endLifespanVersion": { "@nilReason": "http://inspire.ec.europa.eu/codelist/VoidReasonValue/Unpopulated", "@nil": "true" }, "inspireId": { "@dataType": "Identifier", "localId": "852031_676.C", "namespace": "SK.ESKN.CP", "versionId": "20261005T07:10:41" }, "label": "676", "nationalCadastralReference": "852031_676.C", "referencePoint": { "type": "Point", "coordinates": [ 18.85294463, 48.52011917 ] }, "validFrom": "2026-09-30T16:00:00Z", "validTo": { "@nilReason": "http://inspire.ec.europa.eu/codelist/VoidReasonValue/Unpopulated", "@nil": "true" }, "administrativeUnit": { "@href": "#auAdmUnitS.1315" } }, "geometry": { "type": "Polygon", "coordinates": [ [ [ 18.85298775, 48.5204202 ], [ 18.85347504, 48.52019737 ], [ 18.85339216, 48.52004097 ], [ 18.85329143, 48.52003149 ], [ 18.85329013, 48.52003683 ], [ 18.85323031, 48.52003165 ], [ 18.85315891, 48.5200153 ], [ 18.85316465, 48.51999765 ], [ 18.85326161, 48.51992737 ], [ 18.8533917, 48.51991005 ], [ 18.85339284, 48.51991534 ], [ 18.85376956, 48.51988982 ], [ 18.85382274, 48.51996629 ], [ 18.85385825, 48.51995993 ], [ 18.85404344, 48.5199268 ], [ 18.85401761, 48.51980259 ], [ 18.85357509, 48.51979653 ], [ 18.85345376, 48.5198098 ], [ 18.85292487, 48.51987639 ], [ 18.85264614, 48.51991854 ], [ 18.85248917, 48.51993347 ], [ 18.85228397, 48.5199532 ], [ 18.85225183, 48.51995631 ], [ 18.85279405, 48.52038956 ], [ 18.85288006, 48.52045826 ], [ 18.85298775, 48.5204202 ] ] ] } },
{ "type": "Feature", "properties": { "@featureType": "CadastralParcel", "areaValue": { "value": 4665, "@uom": "m2" }, "beginLifespanVersion": { "@nilReason": "http://inspire.ec.europa.eu/codelist/VoidReasonValue/Unpopulated", "@nil": "true" }, "endLifespanVersion": { "@nilReason": "http://inspire.ec.europa.eu/codelist/VoidReasonValue/Unpopulated", "@nil": "true" }, "inspireId": { "@dataType": "Identifier", "localId": "852031_395.C", "namespace": "SK.ESKN.CP", "versionId": "20261005T07:10:41" }, "label": "395", "nationalCadastralReference": "852031_395.C", "referencePoint": { "type": "Point", "coordinates": [ 18.84790661, 48.51685313 ] }, "validFrom": "2026-09-30T16:00:00Z", "validTo": { "@nilReason": "http://inspire.ec.europa.eu/codelist/VoidReasonValue/Unpopulated", "@nil": "true" }, "administrativeUnit": { "@href": "#auAdmUnitS.1315" } }, "geometry": { "type": "Polygon", "coordinates": [ [ [ 18.84838095, 48.51744098 ], [ 18.84868564, 48.51726838 ], [ 18.848734, 48.51725322 ], [ 18.84889362, 48.51720316 ], [ 18.84789285, 48.51661386 ], [ 18.84782746, 48.51657184 ], [ 18.8477599, 48.51654027 ], [ 18.84769356, 48.51652247 ], [ 18.84763192, 48.51650402 ], [ 18.84752373, 48.51667412 ], [ 18.84734992, 48.51659705 ], [ 18.847232, 48.51668617 ], [ 18.84723219, 48.51668799 ], [ 18.84779586, 48.51701828 ], [ 18.84838095, 48.51744098 ] ] ] } },
{ "type": "Feature", "properties": { "@featureType": "CadastralParcel", "areaValue": { "value": 402, "@uom": "m2" }, "beginLifespanVersion": { "@nilReason": "http://inspire.ec.europa.eu/codelist/VoidReasonValue/Unpopulated", "@nil": "true" }, "endLifespanVersion": { "@nilReason": "http://inspire.ec.europa.eu/codelist/VoidReasonValue/Unpopulated", "@nil": "true" }, "inspireId": { "@dataType": "Identifier", "localId": "852031_334/2.C", "namespace": "SK.ESKN.CP", "versionId": "20261005T07:10:41" }, "label": "334/2", "nationalCadastralReference": "852031_334/2.C", "referencePoint": { "type": "Point", "coordinates": [ 18.84711427, 48.52113318 ] }, "validFrom": "2026-09-30T16:00:00Z", "validTo": { "@nilReason": "http://inspire.ec.europa.eu/codelist/VoidReasonValue/Unpopulated", "@nil": "true" }, "administrativeUnit": { "@href": "#auAdmUnitS.1315" } }, "geometry": { "type": "Polygon", "coordinates": [ [ [ 18.84722922, 48.52131217 ], [ 18.84722258, 48.52122341 ], [ 18.84716395, 48.52105392 ], [ 18.84705826, 48.52098861 ], [ 18.84702561, 48.52121244 ], [ 18.84702224, 48.52123527 ], [ 18.84701087, 48.52131316 ], [ 18.84722922, 48.52131217 ] ] ] } },
{ "type": "Feature", "properties": { "@featureType": "CadastralParcel", "areaValue": { "value": 1566, "@uom": "m2" }, "beginLifespanVersion": { "@nilReason": "http://inspire.ec.europa.eu/codelist/VoidReasonValue/Unpopulated", "@nil": "true" }, "endLifespanVersion": { "@nilReason": "http://inspire.ec.europa.eu/codelist/VoidReasonValue/Unpopulated", "@nil": "true" }, "inspireId": { "@dataType": "Identifier", "localId": "852031_327/1.C", "namespace": "SK.ESKN.CP", "versionId": "20261005T07:10:41" }, "label": "327/1", "nationalCadastralReference": "852031_327/1.C", "referencePoint": { "type": "Point", "coordinates": [ 18.84672602, 48.52110052 ] }, "validFrom": "2026-09-30T16:00:00Z", "validTo": { "@nilReason": "http://inspire.ec.europa.eu/codelist/VoidReasonValue/Unpopulated", "@nil": "true" }, "administrativeUnit": { "@href": "#auAdmUnitS.1315" } }, "geometry": { "type": "Polygon", "coordinates": [ [ [ 18.84702561, 48.52121244 ], [ 18.84705826, 48.52098861 ], [ 18.84698618, 48.52096077 ], [ 18.84643097, 48.52094981 ], [ 18.8463924, 48.52122836 ], [ 18.84638375, 48.52130631 ], [ 18.84702561, 48.52121244 ] ] ] } },
{ "type": "Feature", "properties": { "@featureType": "CadastralParcel", "areaValue": { "value": 719, "@uom": "m2" }, "beginLifespanVersion": { "@nilReason": "http://inspire.ec.europa.eu/codelist/VoidReasonValue/Unpopulated", "@nil": "true" }, "endLifespanVersion": { "@nilReason": "http://inspire.ec.europa.eu/codelist/VoidReasonValue/Unpopulated", "@nil": "true" }, "inspireId": { "@dataType": "Identifier", "localId": "852031_328/2.C", "namespace": "SK.ESKN.CP", "versionId": "20261005T07:10:41" }, "label": "328/2", "nationalCadastralReference": "852031_328/2.C", "referencePoint": { "type": "Point", "coordinates": [ 18.84641918, 48.52093305 ] }, "validFrom": "2026-09-30T16:00:00Z", "validTo": { "@nilReason": "http://inspire.ec.europa.eu/codelist/VoidReasonValue/Unpopulated", "@nil": "true" }, "administrativeUnit": { "@href": "#auAdmUnitS.1315" } }, "geometry": { "type": "Polygon", "coordinates": [ [ [ 18.84685158, 48.52089188 ], [ 18.84651342, 48.52088284 ], [ 18.84614687, 48.52089352 ], [ 18.84590987, 48.52090527 ], [ 18.84583843, 48.52090886 ], [ 18.84576375, 48.52087195 ], [ 18.84576915, 48.52089866 ], [ 18.84577195, 48.5209256 ], [ 18.84577769, 48.5209794 ], [ 18.8459331, 48.52097315 ], [ 18.84595007, 48.52097205 ], [ 18.84632313, 48.52094763 ], [ 18.84643097, 48.52094981 ], [ 18.84698618, 48.52096077 ], [ 18.84705826, 48.52098861 ], [ 18.84706461, 48.5209405 ], [ 18.84707036, 48.52089758 ], [ 18.84685158, 48.52089188 ] ] ] } },
{ "type": "Feature", "properties": { "@featureType": "CadastralParcel", "areaValue": { "value": 2903, "@uom": "m2" }, "beginLifespanVersion": { "@nilReason": "http://inspire.ec.europa.eu/codelist/VoidReasonValue/Unpopulated", "@nil": "true" }, "endLifespanVersion": { "@nilReason": "http://inspire.ec.europa.eu/codelist/VoidReasonValue/Unpopulated", "@nil": "true" }, "inspireId": { "@dataType": "Identifier", "localId": "852031_330/1.C", "namespace": "SK.ESKN.CP", "versionId": "20261005T07:10:41" }, "label": "330/1", "nationalCadastralReference": "852031_330/1.C", "referencePoint": { "type": "Point", "coordinates": [ 18.84725458, 48.52087557 ] }, "validFrom": "2026-09-30T16:00:00Z", "validTo": { "@nilReason": "http://inspire.ec.europa.eu/codelist/VoidReasonValue/Unpopulated", "@nil": "true" }, "administrativeUnit": { "@href": "#auAdmUnitS.1315" } }, "geometry": { "type": "Polygon", "coordinates": [ [ [ 18.84729786, 48.52131394 ], [ 18.84737949, 48.52131494 ], [ 18.84747461, 48.52074461 ], [ 18.8479926, 48.52078438 ], [ 18.84801567, 48.52072 ], [ 18.84804138, 48.52064827 ], [ 18.84779036, 48.52059822 ], [ 18.84753408, 48.5205478 ], [ 18.84727574, 48.52049763 ], [ 18.84701554, 48.52044593 ], [ 18.84704242, 48.52085355 ], [ 18.84707036, 48.52089758 ], [ 18.84706461, 48.5209405 ], [ 18.84709976, 48.52095108 ], [ 18.84723219, 48.52104981 ], [ 18.84728895, 48.52122948 ], [ 18.84729786, 48.52131394 ] ] ] } },
{ "type": "Feature", "properties": { "@featureType": "CadastralParcel", "areaValue": { "value": 784, "@uom": "m2" }, "beginLifespanVersion": { "@nilReason": "http://inspire.ec.europa.eu/codelist/VoidReasonValue/Unpopulated", "@nil": "true" }, "endLifespanVersion": { "@nilReason": "http://inspire.ec.europa.eu/codelist/VoidReasonValue/Unpopulated", "@nil": "true" }, "inspireId": { "@dataType": "Identifier", "localId": "852031_332/1.C", "namespace": "SK.ESKN.CP", "versionId": "20261005T07:10:41" }, "label": "332/1", "nationalCadastralReference": "852031_332/1.C", "referencePoint": { "type": "Point", "coordinates": [ 18.8476891, 48.52039225 ] }, "validFrom": "2026-09-30T16:00:00Z", "validTo": { "@nilReason": "http://inspire.ec.europa.eu/codelist/VoidReasonValue/Unpopulated", "@nil": "true" }, "administrativeUnit": { "@href": "#auAdmUnitS.1315" } }, "geometry": { "type": "Polygon", "coordinates": [ [ [ 18.84784508, 48.5202367 ], [ 18.84758626, 48.52018831 ], [ 18.84753408, 48.5205478 ], [ 18.84779036, 48.52059822 ], [ 18.84784508, 48.5202367 ] ] ] } },
{ "type": "Feature", "properties": { "@featureType": "CadastralParcel", "areaValue": { "value": 781, "@uom": "m2" }, "beginLifespanVersion": { "@nilReason": "http://inspire.ec.europa.eu/codelist/VoidReasonValue/Unpopulated", "@nil": "true" }, "endLifespanVersion": { "@nilReason": "http://inspire.ec.europa.eu/codelist/VoidReasonValue/Unpopulated", "@nil": "true" }, "inspireId": { "@dataType": "Identifier", "localId": "852031_333/1.C", "namespace": "SK.ESKN.CP", "versionId": "20261005T07:10:41" }, "label": "333/1", "nationalCadastralReference": "852031_333/1.C", "referencePoint": { "type": "Point", "coordinates": [ 18.84743159, 48.52034297 ] }, "validFrom": "2026-09-30T16:00:00Z", "validTo": { "@nilReason": "http://inspire.ec.europa.eu/codelist/VoidReasonValue/Unpopulated", "@nil": "true" }, "administrativeUnit": { "@href": "#auAdmUnitS.1315" } }, "geometry": { "type": "Polygon", "coordinates": [ [ [ 18.84758626, 48.52018831 ], [ 18.84733062, 48.52013829 ], [ 18.84727574, 48.52049763 ], [ 18.84753408, 48.5205478 ], [ 18.84758626, 48.52018831 ] ] ] } },
{ "type": "Feature", "properties": { "@featureType": "CadastralParcel", "areaValue": { "value": 2314, "@uom": "m2" }, "beginLifespanVersion": { "@nilReason": "http://inspire.ec.europa.eu/codelist/VoidReasonValue/Unpopulated", "@nil": "true" }, "endLifespanVersion": { "@nilReason": "http://inspire.ec.europa.eu/codelist/VoidReasonValue/Unpopulated", "@nil": "true" }, "inspireId": { "@dataType": "Identifier", "localId": "852031_496/1.C", "namespace": "SK.ESKN.CP", "versionId": "20261005T07:10:41" }, "label": "496/1", "nationalCadastralReference": "852031_496/1.C", "referencePoint": { "type": "Point", "coordinates": [ 18.85423109, 48.51997144 ] }, "validFrom": "2026-09-30T16:00:00Z", "validTo": { "@nilReason": "http://inspire.ec.europa.eu/codelist/VoidReasonValue/Unpopulated", "@nil": "true" }, "administrativeUnit": { "@href": "#auAdmUnitS.1315" } }, "geometry": { "type": "Polygon", "coordinates": [ [ [ 18.85482672, 48.51981254 ], [ 18.85486531, 48.51978117 ], [ 18.85491012, 48.51974543 ], [ 18.85507812, 48.51960811 ], [ 18.85479254, 48.51966237 ], [ 18.85467295, 48.51968502 ], [ 18.85431014, 48.51975393 ], [ 18.85401761, 48.51980259 ], [ 18.85404344, 48.5199268 ], [ 18.85385825, 48.51995993 ], [ 18.85382274, 48.51996629 ], [ 18.85381896, 48.52000642 ], [ 18.85381626, 48.52003397 ], [ 18.85406539, 48.51997791 ], [ 18.85409013, 48.51997658 ], [ 18.85416103, 48.52002484 ], [ 18.85418026, 48.52004027 ], [ 18.85421775, 48.52008399 ], [ 18.85426514, 48.52013931 ], [ 18.85427157, 48.52013315 ], [ 18.8542852, 48.52014766 ], [ 18.85430512, 48.52028753 ], [ 18.85430723, 48.52031227 ], [ 18.85429598, 48.52033974 ], [ 18.85432241, 48.52031369 ], [ 18.85439029, 48.52024695 ], [ 18.85443776, 48.52011834 ], [ 18.85444513, 48.52011457 ], [ 18.85450441, 48.52008401 ], [ 18.85451294, 48.52007958 ], [ 18.85452289, 48.52007116 ], [ 18.85457377, 48.5200278 ], [ 18.85458373, 48.5200193 ], [ 18.85463233, 48.51997789 ], [ 18.85468305, 48.5199347 ], [ 18.85482672, 48.51981254 ] ], [ [ 18.85421047, 48.51991176 ], [ 18.85414996, 48.51985719 ], [ 18.85419478, 48.51983516 ], [ 18.85420289, 48.51984244 ], [ 18.8542397, 48.51987575 ], [ 18.85425579, 48.51989021 ], [ 18.85422155, 48.51990647 ], [ 18.85421047, 48.51991176 ] ] ] } },
{ "type": "Feature", "properties": { "@featureType": "CadastralParcel", "areaValue": { "value": 5281, "@uom": "m2" }, "beginLifespanVersion": { "@nilReason": "http://inspire.ec.europa.eu/codelist/VoidReasonValue/Unpopulated", "@nil": "true" }, "endLifespanVersion": { "@nilReason": "http://inspire.ec.europa.eu/codelist/VoidReasonValue/Unpopulated", "@nil": "true" }, "inspireId": { "@dataType": "Identifier", "localId": "852031_112/1.C", "namespace": "SK.ESKN.CP", "versionId": "20261005T07:10:41" }, "label": "112/1", "nationalCadastralReference": "852031_112/1.C", "referencePoint": { "type": "Point", "coordinates": [ 18.84176531, 48.51343391 ] }, "validFrom": "2026-09-30T16:00:00Z", "validTo": { "@nilReason": "http://inspire.ec.europa.eu/codelist/VoidReasonValue/Unpopulated", "@nil": "true" }, "administrativeUnit": { "@href": "#auAdmUnitS.1315" } }, "geometry": { "type": "Polygon", "coordinates": [ [ [ 18.84204781, 48.51376471 ], [ 18.84210665, 48.51380576 ], [ 18.84210609, 48.51384497 ], [ 18.84210588, 48.51386291 ], [ 18.84218188, 48.51392993 ], [ 18.84219442, 48.51394096 ], [ 18.84226375, 48.51396902 ], [ 18.84254394, 48.51412255 ], [ 18.84256639, 48.51413481 ], [ 18.842818, 48.51428766 ], [ 18.84299069, 48.51444551 ], [ 18.8430797, 48.51440694 ], [ 18.84314222, 48.51446162 ], [ 18.84323546, 48.51449074 ], [ 18.84370064, 48.51472779 ], [ 18.84393931, 48.51479823 ], [ 18.84394029, 48.51479684 ], [ 18.84398053, 48.51480678 ], [ 18.84407919, 48.51484521 ], [ 18.84406534, 48.51477151 ], [ 18.84401699, 48.51476475 ], [ 18.843836, 48.51470832 ], [ 18.84366179, 48.51463934 ], [ 18.84335333, 48.51449517 ], [ 18.84319043, 48.51439593 ], [ 18.84299855, 48.51426505 ], [ 18.84266168, 48.51404993 ], [ 18.84268752, 48.51402421 ], [ 18.84258457, 48.51400378 ], [ 18.84258156, 48.51397638 ], [ 18.84271197, 48.51400005 ], [ 18.84272951, 48.51400321 ], [ 18.84289321, 48.51403358 ], [ 18.84291423, 48.51403837 ], [ 18.84279677, 48.5139534 ], [ 18.84272443, 48.51398761 ], [ 18.84258999, 48.51393604 ], [ 18.8425618, 48.51392637 ], [ 18.8424089, 48.51380112 ], [ 18.84242127, 48.51379527 ], [ 18.84246867, 48.51379395 ], [ 18.84241807, 48.51372573 ], [ 18.84239398, 48.51373079 ], [ 18.84226718, 48.51369387 ], [ 18.84216169, 48.513596 ], [ 18.84208121, 48.51352902 ], [ 18.842046, 48.51353737 ], [ 18.84176354, 48.5133388 ], [ 18.84167657, 48.5132796 ], [ 18.84167041, 48.51328117 ], [ 18.84161549, 48.51324259 ], [ 18.84163144, 48.51323404 ], [ 18.84157079, 48.51311748 ], [ 18.84161074, 48.51304135 ], [ 18.84197841, 48.51274702 ], [ 18.84199291, 48.5127254 ], [ 18.84201763, 48.51268853 ], [ 18.84220344, 48.51241071 ], [ 18.84228633, 48.51230551 ], [ 18.84240261, 48.51215776 ], [ 18.84218243, 48.51218499 ], [ 18.84202982, 48.5123552 ], [ 18.84188055, 48.51255347 ], [ 18.84175498, 48.51269704 ], [ 18.8414921, 48.51294793 ], [ 18.84143472, 48.51301187 ], [ 18.84141978, 48.51304871 ], [ 18.84141213, 48.51322044 ], [ 18.84149347, 48.51332391 ], [ 18.84204781, 48.51376471 ] ] ] } },
{ "type": "Feature", "properties": { "@featureType": "CadastralParcel", "areaValue": { "value": 262, "@uom": "m2" }, "beginLifespanVersion": { "@nilReason": "http://inspire.ec.europa.eu/codelist/VoidReasonValue/Unpopulated", "@nil": "true" }, "endLifespanVersion": { "@nilReason": "http://inspire.ec.europa.eu/codelist/VoidReasonValue/Unpopulated", "@nil": "true" }, "inspireId": { "@dataType": "Identifier", "localId": "852031_678/2.C", "namespace": "SK.ESKN.CP", "versionId": "20261005T07:10:41" }, "label": "678/2", "nationalCadastralReference": "852031_678/2.C", "referencePoint": { "type": "Point", "coordinates": [ 18.85422463, 48.5202402 ] }, "validFrom": "2026-09-30T16:00:00Z", "validTo": { "@nilReason": "http://inspire.ec.europa.eu/codelist/VoidReasonValue/Unpopulated", "@nil": "true" }, "administrativeUnit": { "@href": "#auAdmUnitS.1315" } }, "geometry": { "type": "Polygon", "coordinates": [ [ [ 18.85407849, 48.52031625 ], [ 18.85423519, 48.52041308 ], [ 18.85429598, 48.52033974 ], [ 18.85428639, 48.52016414 ], [ 18.85426514, 48.52013931 ], [ 18.85407849, 48.52031625 ] ] ] } },
{ "type": "Feature", "properties": { "@featureType": "CadastralParcel", "areaValue": { "value": 131, "@uom": "m2" }, "beginLifespanVersion": { "@nilReason": "http://inspire.ec.europa.eu/codelist/VoidReasonValue/Unpopulated", "@nil": "true" }, "endLifespanVersion": { "@nilReason": "http://inspire.ec.europa.eu/codelist/VoidReasonValue/Unpopulated", "@nil": "true" }, "inspireId": { "@dataType": "Identifier", "localId": "852031_677/8.C", "namespace": "SK.ESKN.CP", "versionId": "20261005T07:10:41" }, "label": "677/8", "nationalCadastralReference": "852031_677/8.C", "referencePoint": { "type": "Point", "coordinates": [ 18.8541259, 48.52038951 ] }, "validFrom": "2026-09-30T16:00:00Z", "validTo": { "@nilReason": "http://inspire.ec.europa.eu/codelist/VoidReasonValue/Unpopulated", "@nil": "true" }, "administrativeUnit": { "@href": "#auAdmUnitS.1315" } }, "geometry": { "type": "Polygon", "coordinates": [ [ [ 18.85402605, 48.52036594 ], [ 18.85417909, 48.52049162 ], [ 18.85423519, 48.52041308 ], [ 18.85407849, 48.52031625 ], [ 18.85402605, 48.52036594 ] ] ] } },
{ "type": "Feature", "properties": { "@featureType": "CadastralParcel", "areaValue": { "value": 3277, "@uom": "m2" }, "beginLifespanVersion": { "@nilReason": "http://inspire.ec.europa.eu/codelist/VoidReasonValue/Unpopulated", "@nil": "true" }, "endLifespanVersion": { "@nilReason": "http://inspire.ec.europa.eu/codelist/VoidReasonValue/Unpopulated", "@nil": "true" }, "inspireId": { "@dataType": "Identifier", "localId": "852031_890.C", "namespace": "SK.ESKN.CP", "versionId": "20261005T07:10:41" }, "label": "890", "nationalCadastralReference": "852031_890.C", "referencePoint": { "type": "Point", "coordinates": [ 18.84666858, 48.51974098 ] }, "validFrom": "2026-09-30T16:00:00Z", "validTo": { "@nilReason": "http://inspire.ec.europa.eu/codelist/VoidReasonValue/Unpopulated", "@nil": "true" }, "administrativeUnit": { "@href": "#auAdmUnitS.1315" } }, "geometry": { "type": "Polygon", "coordinates": [ [ [ 18.84850971, 48.51959381 ], [ 18.84872657, 48.51964452 ], [ 18.84888382, 48.51971017 ], [ 18.8491628, 48.5197983 ], [ 18.84919412, 48.51982979 ], [ 18.84923599, 48.51982141 ], [ 18.8491923, 48.5197854 ], [ 18.84902961, 48.51968988 ], [ 18.84899169, 48.51969251 ], [ 18.84884479, 48.51959321 ], [ 18.84880065, 48.51954833 ], [ 18.84869807, 48.51949581 ], [ 18.84862211, 48.51948013 ], [ 18.84833138, 48.51948935 ], [ 18.84830162, 48.51948726 ], [ 18.84822218, 48.51950216 ], [ 18.84809387, 48.51952624 ], [ 18.84803772, 48.51952684 ], [ 18.8479893, 48.5194941 ], [ 18.84770669, 48.51943672 ], [ 18.84760279, 48.51946333 ], [ 18.84756778, 48.51947234 ], [ 18.84746304, 48.51947383 ], [ 18.84727626, 48.51952274 ], [ 18.84721742, 48.51952888 ], [ 18.8471139, 48.51953964 ], [ 18.84699672, 48.51953146 ], [ 18.84691417, 48.51948414 ], [ 18.84681642, 48.51948401 ], [ 18.84668989, 48.51953786 ], [ 18.84656329, 48.51975112 ], [ 18.8464803, 48.51995383 ], [ 18.84655551, 48.52004498 ], [ 18.84660272, 48.52004771 ], [ 18.8466289, 48.51992133 ], [ 18.84680319, 48.51969514 ], [ 18.84688134, 48.51964156 ], [ 18.84721016, 48.51973085 ], [ 18.84748144, 48.51960451 ], [ 18.84778741, 48.51959284 ], [ 18.84792812, 48.51962822 ], [ 18.8482166, 48.51965316 ], [ 18.84850971, 48.51959381 ] ] ] } },
{ "type": "Feature", "properties": { "@featureType": "CadastralParcel", "areaValue": { "value": 7243, "@uom": "m2" }, "beginLifespanVersion": { "@nilReason": "http://inspire.ec.europa.eu/codelist/VoidReasonValue/Unpopulated", "@nil": "true" }, "endLifespanVersion": { "@nilReason": "http://inspire.ec.europa.eu/codelist/VoidReasonValue/Unpopulated", "@nil": "true" }, "inspireId": { "@dataType": "Identifier", "localId": "852031_889.C", "namespace": "SK.ESKN.CP", "versionId": "20261005T07:10:41" }, "label": "889", "nationalCadastralReference": "852031_889.C", "referencePoint": { "type": "Point", "coordinates": [ 18.8477715, 48.51989501 ] }, "validFrom": "2026-09-30T16:00:00Z", "validTo": { "@nilReason": "http://inspire.ec.europa.eu/codelist/VoidReasonValue/Unpopulated", "@nil": "true" }, "administrativeUnit": { "@href": "#auAdmUnitS.1315" } }, "geometry": { "type": "Polygon", "coordinates": [ [ [ 18.84856738, 48.52008242 ], [ 18.84893968, 48.51986869 ], [ 18.84904695, 48.51985948 ], [ 18.84919412, 48.51982979 ], [ 18.8491628, 48.5197983 ], [ 18.84888382, 48.51971017 ], [ 18.84872657, 48.51964452 ], [ 18.84850971, 48.51959381 ], [ 18.8482166, 48.51965316 ], [ 18.84792812, 48.51962822 ], [ 18.84778741, 48.51959284 ], [ 18.84748144, 48.51960451 ], [ 18.84721016, 48.51973085 ], [ 18.84688134, 48.51964156 ], [ 18.84680319, 48.51969514 ], [ 18.8466289, 48.51992133 ], [ 18.84660272, 48.52004771 ], [ 18.84673667, 48.52005523 ], [ 18.84696937, 48.52006833 ], [ 18.84697144, 48.5200117 ], [ 18.84702678, 48.51997308 ], [ 18.84723805, 48.51996414 ], [ 18.84743671, 48.51996528 ], [ 18.84770278, 48.5199822 ], [ 18.84785732, 48.52000405 ], [ 18.84800088, 48.52004066 ], [ 18.8482197, 48.52010582 ], [ 18.84833078, 48.5201438 ], [ 18.84843072, 48.52018762 ], [ 18.84852111, 48.52024446 ], [ 18.84856738, 48.52008242 ] ] ] } },
{ "type": "Feature", "properties": { "@featureType": "CadastralParcel", "areaValue": { "value": 493, "@uom": "m2" }, "beginLifespanVersion": { "@nilReason": "http://inspire.ec.europa.eu/codelist/VoidReasonValue/Unpopulated", "@nil": "true" }, "endLifespanVersion": { "@nilReason": "http://inspire.ec.europa.eu/codelist/VoidReasonValue/Unpopulated", "@nil": "true" }, "inspireId": { "@dataType": "Identifier", "localId": "852031_91.C", "namespace": "SK.ESKN.CP", "versionId": "20261005T07:10:41" }, "label": "91", "nationalCadastralReference": "852031_91.C", "referencePoint": { "type": "Point", "coordinates": [ 18.84399331, 48.51468428 ] }, "validFrom": "2026-09-30T16:00:00Z", "validTo": { "@nilReason": "http://inspire.ec.europa.eu/codelist/VoidReasonValue/Unpopulated", "@nil": "true" }, "administrativeUnit": { "@href": "#auAdmUnitS.1315" } }, "geometry": { "type": "Polygon", "coordinates": [ [ [ 18.84371689, 48.51456472 ], [ 18.84366179, 48.51463934 ], [ 18.843836, 48.51470832 ], [ 18.84401699, 48.51476475 ], [ 18.84406534, 48.51477151 ], [ 18.8440835, 48.51474882 ], [ 18.84415686, 48.51477384 ], [ 18.84422593, 48.51466025 ], [ 18.84401673, 48.51462887 ], [ 18.84371689, 48.51456472 ] ] ] } },
{ "type": "Feature", "properties": { "@featureType": "CadastralParcel", "areaValue": { "value": 1897, "@uom": "m2" }, "beginLifespanVersion": { "@nilReason": "http://inspire.ec.europa.eu/codelist/VoidReasonValue/Unpopulated", "@nil": "true" }, "endLifespanVersion": { "@nilReason": "http://inspire.ec.europa.eu/codelist/VoidReasonValue/Unpopulated", "@nil": "true" }, "inspireId": { "@dataType": "Identifier", "localId": "852031_94/5.E", "namespace": "SK.ESKN.CP", "versionId": "20261005T07:10:41" }, "label": "94/5", "nationalCadastralReference": "852031_94/5.E", "referencePoint": { "type": "Point", "coordinates": [ 18.8473205, 48.52107786 ] }, "validFrom": "2026-09-30T16:00:00Z", "validTo": { "@nilReason": "http://inspire.ec.europa.eu/codelist/VoidReasonValue/Unpopulated", "@nil": "true" }, "administrativeUnit": { "@href": "#auAdmUnitS.1315" } }, "geometry": { "type": "Polygon", "coordinates": [ [ [ 18.84701513, 48.52128397 ], [ 18.84716088, 48.52131249 ], [ 18.84722922, 48.52131217 ], [ 18.84729786, 48.52131394 ], [ 18.84737949, 48.52131494 ], [ 18.84754471, 48.52132805 ], [ 18.84758474, 48.52116712 ], [ 18.84761562, 48.52091686 ], [ 18.8475958, 48.52088227 ], [ 18.84745095, 48.52088645 ], [ 18.84707036, 48.52089758 ], [ 18.84706461, 48.5209405 ], [ 18.84705826, 48.52098861 ], [ 18.84702561, 48.52121244 ], [ 18.84701513, 48.52128397 ] ] ] } },
{ "type": "Feature", "properties": { "@featureType": "CadastralParcel", "areaValue": { "value": 1806, "@uom": "m2" }, "beginLifespanVersion": { "@nilReason": "http://inspire.ec.europa.eu/codelist/VoidReasonValue/Unpopulated", "@nil": "true" }, "endLifespanVersion": { "@nilReason": "http://inspire.ec.europa.eu/codelist/VoidReasonValue/Unpopulated", "@nil": "true" }, "inspireId": { "@dataType": "Identifier", "localId": "852031_94/6.E", "namespace": "SK.ESKN.CP", "versionId": "20261005T07:10:41" }, "label": "94/6", "nationalCadastralReference": "852031_94/6.E", "referencePoint": { "type": "Point", "coordinates": [ 18.84734855, 48.5207436 ] }, "validFrom": "2026-09-30T16:00:00Z", "validTo": { "@nilReason": "http://inspire.ec.europa.eu/codelist/VoidReasonValue/Unpopulated", "@nil": "true" }, "administrativeUnit": { "@href": "#auAdmUnitS.1315" } }, "geometry": { "type": "Polygon", "coordinates": [ [ [ 18.84727574, 48.52049763 ], [ 18.84702152, 48.52053573 ], [ 18.84707036, 48.52089758 ], [ 18.84745095, 48.52088645 ], [ 18.8475958, 48.52088227 ], [ 18.84769926, 48.52060493 ], [ 18.84769507, 48.52057945 ], [ 18.84753408, 48.5205478 ], [ 18.84727574, 48.52049763 ] ] ] } },
{ "type": "Feature", "properties": { "@featureType": "CadastralParcel", "areaValue": { "value": 1126, "@uom": "m2" }, "beginLifespanVersion": { "@nilReason": "http://inspire.ec.europa.eu/codelist/VoidReasonValue/Unpopulated", "@nil": "true" }, "endLifespanVersion": { "@nilReason": "http://inspire.ec.europa.eu/codelist/VoidReasonValue/Unpopulated", "@nil": "true" }, "inspireId": { "@dataType": "Identifier", "localId": "852031_742.E", "namespace": "SK.ESKN.CP", "versionId": "20261005T07:10:41" }, "label": "742", "nationalCadastralReference": "852031_742.E", "referencePoint": { "type": "Point", "coordinates": [ 18.85604336, 48.51869983 ] }, "validFrom": "2026-09-30T16:00:00Z", "validTo": { "@nilReason": "http://inspire.ec.europa.eu/codelist/VoidReasonValue/Unpopulated", "@nil": "true" }, "administrativeUnit": { "@href": "#auAdmUnitS.1315" } }, "geometry": { "type": "MultiPolygon", "coordinates": [ [ [ [ 18.85421775, 48.52008399 ], [ 18.85426514, 48.52013931 ], [ 18.85427157, 48.52013315 ], [ 18.85427173, 48.52013298 ], [ 18.85450243, 48.51992441 ], [ 18.85479565, 48.51966244 ], [ 18.8551916, 48.51928799 ], [ 18.85513496, 48.51930543 ], [ 18.85506792, 48.51932116 ], [ 18.85480875, 48.51955126 ], [ 18.85446028, 48.51986494 ], [ 18.85421775, 48.52008399 ] ] ], [ [ [ 18.85569712, 48.51893665 ], [ 18.85594083, 48.51879289 ], [ 18.8562771, 48.51860677 ], [ 18.85640574, 48.51846226 ], [ 18.85621656, 48.51855698 ], [ 18.85579892, 48.51880681 ], [ 18.85577278, 48.51883964 ], [ 18.85569712, 48.51893665 ] ] ], [ [ [ 18.8556321, 48.51890648 ], [ 18.85554303, 48.51895715 ], [ 18.8556184, 48.51898587 ], [ 18.85569712, 48.51893665 ], [ 18.8556321, 48.51890648 ] ] ], [ [ [ 18.85534669, 48.51907341 ], [ 18.8554189, 48.51911064 ], [ 18.85544587, 48.51909373 ], [ 18.85537659, 48.51905593 ], [ 18.85534669, 48.51907341 ] ] ] ] } },
{ "type": "Feature", "properties": { "@featureType": "CadastralParcel", "areaValue": { "value": 243, "@uom": "m2" }, "beginLifespanVersion": { "@nilReason": "http://inspire.ec.europa.eu/codelist/VoidReasonValue/Unpopulated", "@nil": "true" }, "endLifespanVersion": { "@nilReason": "http://inspire.ec.europa.eu/codelist/VoidReasonValue/Unpopulated", "@nil": "true" }, "inspireId": { "@dataType": "Identifier", "localId": "855871_73.E", "namespace": "SK.ESKN.CP", "versionId": "20261005T07:10:18" }, "label": "73", "nationalCadastralReference": "855871_73.E", "referencePoint": { "type": "Point", "coordinates": [ 18.86299373, 48.526915 ] }, "validFrom": "2026-09-30T16:00:00Z", "validTo": { "@nilReason": "http://inspire.ec.europa.eu/codelist/VoidReasonValue/Unpopulated", "@nil": "true" }, "administrativeUnit": { "@href": "#auAdmUnitS.747" } }, "geometry": { "type": "Polygon", "coordinates": [ [ [ 18.86268396, 48.52675966 ], [ 18.86271811, 48.52678569 ], [ 18.86319209, 48.52704431 ], [ 18.86275213, 48.52668814 ], [ 18.86268396, 48.52675966 ] ] ] } },
{ "type": "Feature", "properties": { "@featureType": "CadastralParcel", "areaValue": { "value": 178, "@uom": "m2" }, "beginLifespanVersion": { "@nilReason": "http://inspire.ec.europa.eu/codelist/VoidReasonValue/Unpopulated", "@nil": "true" }, "endLifespanVersion": { "@nilReason": "http://inspire.ec.europa.eu/codelist/VoidReasonValue/Unpopulated", "@nil": "true" }, "inspireId": { "@dataType": "Identifier", "localId": "855871_75.E", "namespace": "SK.ESKN.CP", "versionId": "20261005T07:10:18" }, "label": "75", "nationalCadastralReference": "855871_75.E", "referencePoint": { "type": "Point", "coordinates": [ 18.86252273, 48.52690778 ] }, "validFrom": "2026-09-30T16:00:00Z", "validTo": { "@nilReason": "http://inspire.ec.europa.eu/codelist/VoidReasonValue/Unpopulated", "@nil": "true" }, "administrativeUnit": { "@href": "#auAdmUnitS.747" } }, "geometry": { "type": "Polygon", "coordinates": [ [ [ 18.86271811, 48.52678569 ], [ 18.86268396, 48.52675966 ], [ 18.86242786, 48.52694284 ], [ 18.86231311, 48.52700048 ], [ 18.86235012, 48.5270264 ], [ 18.86249591, 48.52696703 ], [ 18.86261158, 48.52687272 ], [ 18.86271811, 48.52678569 ] ] ] } },
{ "type": "Feature", "properties": { "@featureType": "CadastralParcel", "areaValue": { "value": 2938, "@uom": "m2" }, "beginLifespanVersion": { "@nilReason": "http://inspire.ec.europa.eu/codelist/VoidReasonValue/Unpopulated", "@nil": "true" }, "endLifespanVersion": { "@nilReason": "http://inspire.ec.europa.eu/codelist/VoidReasonValue/Unpopulated", "@nil": "true" }, "inspireId": { "@dataType": "Identifier", "localId": "855871_140/1.E", "namespace": "SK.ESKN.CP", "versionId": "20261005T07:10:18" }, "label": "140/1", "nationalCadastralReference": "855871_140/1.E", "referencePoint": { "type": "Point", "coordinates": [ 18.85625322, 48.53732553 ] }, "validFrom": "2026-09-30T16:00:00Z", "validTo": { "@nilReason": "http://inspire.ec.europa.eu/codelist/VoidReasonValue/Unpopulated", "@nil": "true" }, "administrativeUnit": { "@href": "#auAdmUnitS.747" } }, "geometry": { "type": "Polygon", "coordinates": [ [ [ 18.85720943, 48.53727572 ], [ 18.85650985, 48.53739562 ], [ 18.85641573, 48.5372813 ], [ 18.85672892, 48.53713655 ], [ 18.85647836, 48.53719128 ], [ 18.85630398, 48.53720252 ], [ 18.85621101, 48.53720878 ], [ 18.85599493, 48.53736977 ], [ 18.8559366, 48.53740372 ], [ 18.85590703, 48.53743791 ], [ 18.85581641, 48.53750374 ], [ 18.85653724, 48.53760011 ], [ 18.85710154, 48.53756195 ], [ 18.85728159, 48.53750833 ], [ 18.85720943, 48.53727572 ] ] ] } },
{ "type": "Feature", "properties": { "@featureType": "CadastralParcel", "areaValue": { "value": 6898, "@uom": "m2" }, "beginLifespanVersion": { "@nilReason": "http://inspire.ec.europa.eu/codelist/VoidReasonValue/Unpopulated", "@nil": "true" }, "endLifespanVersion": { "@nilReason": "http://inspire.ec.europa.eu/codelist/VoidReasonValue/Unpopulated", "@nil": "true" }, "inspireId": { "@dataType": "Identifier", "localId": "855871_163/1.E", "namespace": "SK.ESKN.CP", "versionId": "20261005T07:10:18" }, "label": "163/1", "nationalCadastralReference": "855871_163/1.E", "referencePoint": { "type": "Point", "coordinates": [ 18.84789692, 48.53997737 ] }, "validFrom": "2026-09-30T16:00:00Z", "validTo": { "@nilReason": "http://inspire.ec.europa.eu/codelist/VoidReasonValue/Unpopulated", "@nil": "true" }, "administrativeUnit": { "@href": "#auAdmUnitS.747" } }, "geometry": { "type": "MultiPolygon", "coordinates": [ [ [ [ 18.84752212, 48.54051809 ], [ 18.84792473, 48.5407154 ], [ 18.84789639, 48.540434 ], [ 18.8482642, 48.54045304 ], [ 18.84834894, 48.54057536 ], [ 18.84844469, 48.540495 ], [ 18.84862781, 48.54042018 ], [ 18.84858176, 48.54036717 ], [ 18.84877682, 48.54033167 ], [ 18.84874737, 48.5402808 ], [ 18.84878375, 48.54026952 ], [ 18.84868423, 48.54013886 ], [ 18.84852759, 48.53996625 ], [ 18.84851204, 48.5399714 ], [ 18.84845887, 48.53998334 ], [ 18.84833218, 48.54001166 ], [ 18.84824918, 48.54006688 ], [ 18.84816387, 48.54001039 ], [ 18.84816123, 48.54000863 ], [ 18.84803334, 48.53992385 ], [ 18.84833933, 48.53988312 ], [ 18.84837846, 48.53986576 ], [ 18.84842551, 48.5398516 ], [ 18.84823332, 48.53962672 ], [ 18.84782103, 48.53923757 ], [ 18.84771815, 48.539284 ], [ 18.84765155, 48.54048729 ], [ 18.84752212, 48.54051809 ] ] ], [ [ [ 18.84792473, 48.5407154 ], [ 18.84793715, 48.54074365 ], [ 18.84811876, 48.54077385 ], [ 18.84817946, 48.54072107 ], [ 18.84792473, 48.5407154 ] ] ] ] } },
{ "type": "Feature", "properties": { "@featureType": "CadastralParcel", "areaValue": { "value": 395, "@uom": "m2" }, "beginLifespanVersion": { "@nilReason": "http://inspire.ec.europa.eu/codelist/VoidReasonValue/Unpopulated", "@nil": "true" }, "endLifespanVersion": { "@nilReason": "http://inspire.ec.europa.eu/codelist/VoidReasonValue/Unpopulated", "@nil": "true" }, "inspireId": { "@dataType": "Identifier", "localId": "855871_550/1.E", "namespace": "SK.ESKN.CP", "versionId": "20261005T07:10:18" }, "label": "550/1", "nationalCadastralReference": "855871_550/1.E", "referencePoint": { "type": "Point", "coordinates": [ 18.86193358, 48.52822165 ] }, "validFrom": "2026-09-30T16:00:00Z", "validTo": { "@nilReason": "http://inspire.ec.europa.eu/codelist/VoidReasonValue/Unpopulated", "@nil": "true" }, "administrativeUnit": { "@href": "#auAdmUnitS.747" } }, "geometry": { "type": "Polygon", "coordinates": [ [ [ 18.86178681, 48.52852856 ], [ 18.86180533, 48.528527 ], [ 18.86185928, 48.52840558 ], [ 18.8618948, 48.52835185 ], [ 18.86209699, 48.52809145 ], [ 18.86163801, 48.5283562 ], [ 18.86166634, 48.52838898 ], [ 18.86172016, 48.52837138 ], [ 18.86176265, 48.52837151 ], [ 18.86178681, 48.52852856 ] ] ] } },
{ "type": "Feature", "properties": { "@featureType": "CadastralParcel", "areaValue": { "value": 19, "@uom": "m2" }, "beginLifespanVersion": { "@nilReason": "http://inspire.ec.europa.eu/codelist/VoidReasonValue/Unpopulated", "@nil": "true" }, "endLifespanVersion": { "@nilReason": "http://inspire.ec.europa.eu/codelist/VoidReasonValue/Unpopulated", "@nil": "true" }, "inspireId": { "@dataType": "Identifier", "localId": "855871_421/33.E", "namespace": "SK.ESKN.CP", "versionId": "20261005T07:10:18" }, "label": "421/33", "nationalCadastralReference": "855871_421/33.E", "referencePoint": { "type": "Point", "coordinates": [ 18.86335006, 48.53157343 ] }, "validFrom": "2026-09-30T16:00:00Z", "validTo": { "@nilReason": "http://inspire.ec.europa.eu/codelist/VoidReasonValue/Unpopulated", "@nil": "true" }, "administrativeUnit": { "@href": "#auAdmUnitS.747" } }, "geometry": { "type": "Polygon", "coordinates": [ [ [ 18.86342868, 48.53152641 ], [ 18.86325735, 48.53162045 ], [ 18.86321492, 48.53166471 ], [ 18.86320434, 48.53168193 ], [ 18.86328207, 48.53162273 ], [ 18.86342868, 48.53152641 ] ] ] } },
{ "type": "Feature", "properties": { "@featureType": "CadastralParcel", "areaValue": { "value": 1478, "@uom": "m2" }, "beginLifespanVersion": { "@nilReason": "http://inspire.ec.europa.eu/codelist/VoidReasonValue/Unpopulated", "@nil": "true" }, "endLifespanVersion": { "@nilReason": "http://inspire.ec.europa.eu/codelist/VoidReasonValue/Unpopulated", "@nil": "true" }, "inspireId": { "@dataType": "Identifier", "localId": "855871_422/6.E", "namespace": "SK.ESKN.CP", "versionId": "20261005T07:10:18" }, "label": "422/6", "nationalCadastralReference": "855871_422/6.E", "referencePoint": { "type": "Point", "coordinates": [ 18.86111423, 48.5298824 ] }, "validFrom": "2026-09-30T16:00:00Z", "validTo": { "@nilReason": "http://inspire.ec.europa.eu/codelist/VoidReasonValue/Unpopulated", "@nil": "true" }, "administrativeUnit": { "@href": "#auAdmUnitS.747" } }, "geometry": { "type": "Polygon", "coordinates": [ [ [ 18.86147538, 48.52962829 ], [ 18.86126934, 48.52959946 ], [ 18.86119039, 48.52966789 ], [ 18.86111531, 48.52973111 ], [ 18.86101849, 48.52983596 ], [ 18.86092534, 48.52978728 ], [ 18.86086685, 48.52981925 ], [ 18.86087241, 48.52994276 ], [ 18.86082266, 48.53006305 ], [ 18.86084943, 48.5301818 ], [ 18.86133747, 48.52992884 ], [ 18.86147538, 48.52962829 ] ] ] } },
{ "type": "Feature", "properties": { "@featureType": "CadastralParcel", "areaValue": { "value": 67, "@uom": "m2" }, "beginLifespanVersion": { "@nilReason": "http://inspire.ec.europa.eu/codelist/VoidReasonValue/Unpopulated", "@nil": "true" }, "endLifespanVersion": { "@nilReason": "http://inspire.ec.europa.eu/codelist/VoidReasonValue/Unpopulated", "@nil": "true" }, "inspireId": { "@dataType": "Identifier", "localId": "855871_427/1.E", "namespace": "SK.ESKN.CP", "versionId": "20261005T07:10:18" }, "label": "427/1", "nationalCadastralReference": "855871_427/1.E", "referencePoint": { "type": "Point", "coordinates": [ 18.86174055, 48.52843757 ] }, "validFrom": "2026-09-30T16:00:00Z", "validTo": { "@nilReason": "http://inspire.ec.europa.eu/codelist/VoidReasonValue/Unpopulated", "@nil": "true" }, "administrativeUnit": { "@href": "#auAdmUnitS.747" } }, "geometry": { "type": "Polygon", "coordinates": [ [ [ 18.86178681, 48.52852856 ], [ 18.86176265, 48.52837151 ], [ 18.86172016, 48.52837138 ], [ 18.86166634, 48.52838898 ], [ 18.86175024, 48.52848616 ], [ 18.86178681, 48.52852856 ] ] ] } },
{ "type": "Feature", "properties": { "@featureType": "CadastralParcel", "areaValue": { "value": 893, "@uom": "m2" }, "beginLifespanVersion": { "@nilReason": "http://inspire.ec.europa.eu/codelist/VoidReasonValue/Unpopulated", "@nil": "true" }, "endLifespanVersion": { "@nilReason": "http://inspire.ec.europa.eu/codelist/VoidReasonValue/Unpopulated", "@nil": "true" }, "inspireId": { "@dataType": "Identifier", "localId": "855871_694/1.E", "namespace": "SK.ESKN.CP", "versionId": "20261005T07:10:18" }, "label": "694/1", "nationalCadastralReference": "855871_694/1.E", "referencePoint": { "type": "Point", "coordinates": [ 18.8618147, 48.53138456 ] }, "validFrom": "2026-09-30T16:00:00Z", "validTo": { "@nilReason": "http://inspire.ec.europa.eu/codelist/VoidReasonValue/Unpopulated", "@nil": "true" }, "administrativeUnit": { "@href": "#auAdmUnitS.747" } }, "geometry": { "type": "MultiPolygon", "coordinates": [ [ [ [ 18.86194261, 48.53181859 ], [ 18.86194001, 48.53195143 ], [ 18.86198308, 48.53181979 ], [ 18.86194504, 48.53154755 ], [ 18.86182036, 48.53144013 ], [ 18.86186726, 48.53132899 ], [ 18.86187057, 48.53131816 ], [ 18.86196409, 48.53101521 ], [ 18.86210283, 48.53102503 ], [ 18.86227799, 48.53092966 ], [ 18.86227934, 48.53090438 ], [ 18.86226361, 48.53090302 ], [ 18.86209458, 48.53099934 ], [ 18.86194815, 48.53096712 ], [ 18.86179817, 48.53132865 ], [ 18.86176883, 48.53145901 ], [ 18.86188514, 48.53156943 ], [ 18.86194261, 48.53181859 ] ] ], [ [ [ 18.86289456, 48.52993526 ], [ 18.86292553, 48.52991566 ], [ 18.86288554, 48.52991034 ], [ 18.86277262, 48.5300066 ], [ 18.86272503, 48.53006592 ], [ 18.86269904, 48.53011716 ], [ 18.86264973, 48.53011262 ], [ 18.86263846, 48.53014253 ], [ 18.86263169, 48.53016085 ], [ 18.86268714, 48.53016517 ], [ 18.86265903, 48.53022632 ], [ 18.86262351, 48.53027535 ], [ 18.86259236, 48.53029421 ], [ 18.86258204, 48.53029656 ], [ 18.86260264, 48.53033732 ], [ 18.86259441, 48.53045688 ], [ 18.86260344, 48.53051057 ], [ 18.86259053, 48.53063295 ], [ 18.86261312, 48.53063493 ], [ 18.86263183, 48.53051403 ], [ 18.86262852, 48.53042437 ], [ 18.86263545, 48.53032279 ], [ 18.86263765, 48.53029142 ], [ 18.86272852, 48.53018283 ], [ 18.86268321, 48.53014548 ], [ 18.86271285, 48.53012907 ], [ 18.86278555, 48.53002143 ], [ 18.86289456, 48.52993526 ] ] ], [ [ [ 18.86169856, 48.5324669 ], [ 18.86159247, 48.53267004 ], [ 18.86163737, 48.53266823 ], [ 18.86171618, 48.53254801 ], [ 18.86176216, 48.53243547 ], [ 18.86194001, 48.53195143 ], [ 18.86169856, 48.5324669 ] ] ] ] } },
{ "type": "Feature", "properties": { "@featureType": "CadastralParcel", "areaValue": { "value": 12079, "@uom": "m2" }, "beginLifespanVersion": { "@nilReason": "http://inspire.ec.europa.eu/codelist/VoidReasonValue/Unpopulated", "@nil": "true" }, "endLifespanVersion": { "@nilReason": "http://inspire.ec.europa.eu/codelist/VoidReasonValue/Unpopulated", "@nil": "true" }, "inspireId": { "@dataType": "Identifier", "localId": "855871_692/1.E", "namespace": "SK.ESKN.CP", "versionId": "20261005T07:10:18" }, "label": "692/1", "nationalCadastralReference": "855871_692/1.E", "referencePoint": { "type": "Point", "coordinates": [ 18.86260064, 48.53192043 ] }, "validFrom": "2026-09-30T16:00:00Z", "validTo": { "@nilReason": "http://inspire.ec.europa.eu/codelist/VoidReasonValue/Unpopulated", "@nil": "true" }, "administrativeUnit": { "@href": "#auAdmUnitS.747" } }, "geometry": { "type": "MultiPolygon", "coordinates": [ [ [ [ 18.86536674, 48.52543199 ], [ 18.86538755, 48.52537056 ], [ 18.865378, 48.52523348 ], [ 18.86545741, 48.52512186 ], [ 18.86555341, 48.52504809 ], [ 18.86563507, 48.52500154 ], [ 18.86567989, 48.52495064 ], [ 18.86585888, 48.5248202 ], [ 18.86596103, 48.52475414 ], [ 18.86603055, 48.52472076 ], [ 18.86601383, 48.52459162 ], [ 18.86587706, 48.52442196 ], [ 18.86572903, 48.52427067 ], [ 18.86572627, 48.52426186 ], [ 18.86564921, 48.52401754 ], [ 18.86561433, 48.52384415 ], [ 18.86551595, 48.52380883 ], [ 18.86556619, 48.52379736 ], [ 18.86550874, 48.5237454 ], [ 18.86548573, 48.5237194 ], [ 18.86540738, 48.5236004 ], [ 18.86540402, 48.52359545 ], [ 18.8654029, 48.5235888 ], [ 18.86540275, 48.5235878 ], [ 18.86539677, 48.52359011 ], [ 18.86536783, 48.52353367 ], [ 18.86530494, 48.52337904 ], [ 18.86527217, 48.52339213 ], [ 18.86529524, 48.52348805 ], [ 18.86534333, 48.52362189 ], [ 18.86537147, 48.52368397 ], [ 18.86542206, 48.52381045 ], [ 18.8654296, 48.52384215 ], [ 18.86546768, 48.52390754 ], [ 18.86552426, 48.52417696 ], [ 18.86562002, 48.52432464 ], [ 18.86572957, 48.52447051 ], [ 18.8658594, 48.52461139 ], [ 18.86592718, 48.52469212 ], [ 18.8658213, 48.52479678 ], [ 18.86566669, 48.52485966 ], [ 18.865465, 48.52499723 ], [ 18.86539782, 48.52505689 ], [ 18.86536827, 48.52509225 ], [ 18.86536101, 48.5251009 ], [ 18.86530204, 48.52517154 ], [ 18.86524684, 48.52532447 ], [ 18.86527855, 48.5254313 ], [ 18.86528104, 48.525439 ], [ 18.86529765, 48.52549065 ], [ 18.86534161, 48.52557061 ], [ 18.86540182, 48.52566836 ], [ 18.8654067, 48.52570425 ], [ 18.86542322, 48.52579477 ], [ 18.86542911, 48.52584163 ], [ 18.86542671, 48.52584709 ], [ 18.86542146, 48.52585936 ], [ 18.86541064, 48.52588442 ], [ 18.86538417, 48.52594547 ], [ 18.86536133, 48.52600924 ], [ 18.86518535, 48.52621679 ], [ 18.86507116, 48.52637017 ], [ 18.86511702, 48.52667765 ], [ 18.86502768, 48.52675366 ], [ 18.86496545, 48.52681276 ], [ 18.86494648, 48.52682396 ], [ 18.86477582, 48.52691929 ], [ 18.86466128, 48.52697289 ], [ 18.8642866, 48.52714586 ], [ 18.8642643, 48.52715066 ], [ 18.86402998, 48.52718568 ], [ 18.86400342, 48.5271944 ], [ 18.86382573, 48.52722027 ], [ 18.86378051, 48.5272329 ], [ 18.86369532, 48.52726781 ], [ 18.86355779, 48.52736089 ], [ 18.86332796, 48.52756087 ], [ 18.86325582, 48.52765807 ], [ 18.86311979, 48.52784685 ], [ 18.8630868, 48.52790567 ], [ 18.86307625, 48.52799993 ], [ 18.86312087, 48.52821632 ], [ 18.86321121, 48.52835921 ], [ 18.86333955, 48.52854747 ], [ 18.86336975, 48.52879982 ], [ 18.8633612, 48.52890131 ], [ 18.86331886, 48.52916884 ], [ 18.8632952, 48.5291899 ], [ 18.86319824, 48.52928554 ], [ 18.86322623, 48.52933282 ], [ 18.86327237, 48.52930653 ], [ 18.86329362, 48.52929446 ], [ 18.86340004, 48.52921419 ], [ 18.86342845, 48.52914476 ], [ 18.86344195, 48.52904614 ], [ 18.86345222, 48.52889656 ], [ 18.86343006, 48.52875009 ], [ 18.86339187, 48.52853791 ], [ 18.86323386, 48.52820829 ], [ 18.86320867, 48.52815574 ], [ 18.86317689, 48.52804611 ], [ 18.86317536, 48.52800021 ], [ 18.8631914, 48.52791236 ], [ 18.86327065, 48.52778712 ], [ 18.86330164, 48.52774993 ], [ 18.86328907, 48.52773909 ], [ 18.86330449, 48.52772807 ], [ 18.86333476, 48.52770393 ], [ 18.86338424, 48.52766437 ], [ 18.86353979, 48.52750817 ], [ 18.8636448, 48.52740979 ], [ 18.86378261, 48.52733161 ], [ 18.8639624, 48.52726029 ], [ 18.86431151, 48.52718459 ], [ 18.86439122, 48.52716852 ], [ 18.86447093, 48.52715245 ], [ 18.8645445, 48.5271274 ], [ 18.86458986, 48.52710432 ], [ 18.86482185, 48.52698636 ], [ 18.86502452, 48.52687401 ], [ 18.86503894, 48.52686349 ], [ 18.86512603, 48.5267962 ], [ 18.86515828, 48.52674717 ], [ 18.86516571, 48.52673592 ], [ 18.8651464, 48.52669802 ], [ 18.86511747, 48.52654677 ], [ 18.86512474, 48.52648382 ], [ 18.86514039, 48.52644666 ], [ 18.86513648, 48.5264175 ], [ 18.86523934, 48.5262785 ], [ 18.8654383, 48.52600141 ], [ 18.86547734, 48.52594778 ], [ 18.86551564, 48.52582762 ], [ 18.86552092, 48.52572614 ], [ 18.86548935, 48.52564241 ], [ 18.86547521, 48.52562174 ], [ 18.86543631, 48.52556451 ], [ 18.86538662, 48.52549166 ], [ 18.86538401, 48.52548377 ], [ 18.86536966, 48.52544071 ], [ 18.86536674, 48.52543199 ] ] ], [ [ [ 18.86316502, 48.52930583 ], [ 18.86311394, 48.52933601 ], [ 18.86296899, 48.52956132 ], [ 18.86294738, 48.52955686 ], [ 18.86293202, 48.52957771 ], [ 18.86292397, 48.5296242 ], [ 18.86291273, 48.52966773 ], [ 18.86292553, 48.52991566 ], [ 18.86292275, 48.52994042 ], [ 18.86291778, 48.53013961 ], [ 18.86292017, 48.53016202 ], [ 18.86292151, 48.53019339 ], [ 18.86292672, 48.53020332 ], [ 18.86292289, 48.53025201 ], [ 18.8629193, 48.53029756 ], [ 18.86294908, 48.53029839 ], [ 18.86294882, 48.53030063 ], [ 18.86294504, 48.53034193 ], [ 18.8629397, 48.53040814 ], [ 18.86293416, 48.53043789 ], [ 18.86291688, 48.53053045 ], [ 18.86291247, 48.53055413 ], [ 18.86290075, 48.53058563 ], [ 18.8628691, 48.53066301 ], [ 18.86281076, 48.53086097 ], [ 18.86279107, 48.53091751 ], [ 18.86282812, 48.53114974 ], [ 18.86288962, 48.53133236 ], [ 18.86280692, 48.53160808 ], [ 18.86277318, 48.53163736 ], [ 18.86275243, 48.53164864 ], [ 18.86274432, 48.53165751 ], [ 18.86275178, 48.53165997 ], [ 18.86270831, 48.53173042 ], [ 18.86268699, 48.5317627 ], [ 18.86264085, 48.53178078 ], [ 18.86258148, 48.53183399 ], [ 18.86256751, 48.5318292 ], [ 18.86251394, 48.53199475 ], [ 18.86247769, 48.53210654 ], [ 18.86247248, 48.53212079 ], [ 18.86243411, 48.53217798 ], [ 18.86236484, 48.53232449 ], [ 18.86223187, 48.53242142 ], [ 18.86218055, 48.53248587 ], [ 18.86206248, 48.53263391 ], [ 18.86204175, 48.53265999 ], [ 18.86203525, 48.53266786 ], [ 18.86200875, 48.53270032 ], [ 18.86181078, 48.53289707 ], [ 18.86172869, 48.53297481 ], [ 18.86153249, 48.5331473 ], [ 18.86132518, 48.53338182 ], [ 18.86117026, 48.53355095 ], [ 18.86094897, 48.53364004 ], [ 18.86078578, 48.53369129 ], [ 18.86068624, 48.53375685 ], [ 18.8605427, 48.53386613 ], [ 18.86044271, 48.53394826 ], [ 18.8603733, 48.53399553 ], [ 18.86027987, 48.53407034 ], [ 18.86021014, 48.53412616 ], [ 18.86001955, 48.53427973 ], [ 18.85983652, 48.53442674 ], [ 18.85958932, 48.53446469 ], [ 18.85945435, 48.53456702 ], [ 18.85959445, 48.53452035 ], [ 18.85978927, 48.53444855 ], [ 18.85994789, 48.53438309 ], [ 18.86001594, 48.53434269 ], [ 18.86012023, 48.53428063 ], [ 18.86017691, 48.53424685 ], [ 18.86019631, 48.53422053 ], [ 18.86020894, 48.53421243 ], [ 18.86034349, 48.53408952 ], [ 18.86042901, 48.53401151 ], [ 18.86079397, 48.53372897 ], [ 18.86097029, 48.53368039 ], [ 18.86122446, 48.53357172 ], [ 18.86141742, 48.53338868 ], [ 18.86146278, 48.53333105 ], [ 18.86154699, 48.53322374 ], [ 18.86161072, 48.53314279 ], [ 18.86162321, 48.53313126 ], [ 18.86182193, 48.5329755 ], [ 18.86194526, 48.53284623 ], [ 18.86209316, 48.53269865 ], [ 18.86209944, 48.5326684 ], [ 18.86214759, 48.53265051 ], [ 18.86231371, 48.53250848 ], [ 18.86240994, 48.53241334 ], [ 18.8625432, 48.53224697 ], [ 18.86254871, 48.53219322 ], [ 18.86255445, 48.53213759 ], [ 18.8625582, 48.53212533 ], [ 18.86256174, 48.53211947 ], [ 18.86259429, 48.53205522 ], [ 18.86261162, 48.53201182 ], [ 18.86270529, 48.5318461 ], [ 18.86275559, 48.53176148 ], [ 18.86282796, 48.53169126 ], [ 18.86286093, 48.53166383 ], [ 18.86287765, 48.53165108 ], [ 18.86297415, 48.53151311 ], [ 18.86298826, 48.53146016 ], [ 18.86298463, 48.53131095 ], [ 18.86290612, 48.53111012 ], [ 18.86288184, 48.53097833 ], [ 18.86288105, 48.53091694 ], [ 18.86289049, 48.53086674 ], [ 18.86295764, 48.53069431 ], [ 18.86297126, 48.53064549 ], [ 18.86301063, 48.53050482 ], [ 18.86299771, 48.53044498 ], [ 18.86302039, 48.53028224 ], [ 18.86303184, 48.53021491 ], [ 18.86303125, 48.53017374 ], [ 18.86304063, 48.52996819 ], [ 18.86305612, 48.52966579 ], [ 18.86309441, 48.5295377 ], [ 18.86310604, 48.52948508 ], [ 18.86316344, 48.52939198 ], [ 18.86316701, 48.52930972 ], [ 18.8631667, 48.52929391 ], [ 18.86316502, 48.52930583 ] ] ], [ [ [ 18.85908662, 48.53526049 ], [ 18.85917507, 48.5351461 ], [ 18.85929788, 48.53497296 ], [ 18.85932305, 48.53498644 ], [ 18.85930649, 48.53488599 ], [ 18.85929194, 48.53479728 ], [ 18.85934557, 48.53482171 ], [ 18.85934725, 48.53473015 ], [ 18.85942344, 48.53466455 ], [ 18.85945815, 48.53463622 ], [ 18.85939917, 48.5346088 ], [ 18.85925748, 48.53471619 ], [ 18.85925546, 48.53496633 ], [ 18.85913747, 48.53513431 ], [ 18.85903577, 48.53526092 ], [ 18.85898693, 48.53545991 ], [ 18.85891747, 48.53552378 ], [ 18.85873565, 48.53560969 ], [ 18.85870176, 48.53562642 ], [ 18.85843649, 48.53574282 ], [ 18.85829197, 48.53578303 ], [ 18.85810826, 48.53584701 ], [ 18.85769094, 48.53600522 ], [ 18.85767712, 48.53602227 ], [ 18.85756828, 48.53617593 ], [ 18.85765956, 48.53611599 ], [ 18.85780827, 48.53606553 ], [ 18.85784193, 48.53600692 ], [ 18.858043, 48.53593744 ], [ 18.85852995, 48.53576698 ], [ 18.85874722, 48.53566144 ], [ 18.85876523, 48.53565263 ], [ 18.85896016, 48.53555802 ], [ 18.85897481, 48.53554552 ], [ 18.85903183, 48.53546504 ], [ 18.85908662, 48.53526049 ] ] ], [ [ [ 18.86497869, 48.52326982 ], [ 18.86511743, 48.52331761 ], [ 18.86507622, 48.52327425 ], [ 18.8649785, 48.52320333 ], [ 18.86472272, 48.52310805 ], [ 18.86459938, 48.52306214 ], [ 18.86452892, 48.52302384 ], [ 18.86437049, 48.5229126 ], [ 18.86417967, 48.52272579 ], [ 18.86414948, 48.52274001 ], [ 18.86411626, 48.5227557 ], [ 18.86423748, 48.52286347 ], [ 18.86456747, 48.52308403 ], [ 18.86497869, 48.52326982 ] ] ], [ [ [ 18.85590703, 48.53743791 ], [ 18.8559366, 48.53740372 ], [ 18.85599493, 48.53736977 ], [ 18.85621101, 48.53720878 ], [ 18.85609066, 48.53721678 ], [ 18.85596954, 48.53731089 ], [ 18.85589925, 48.53737363 ], [ 18.8557536, 48.53738889 ], [ 18.85565643, 48.5374607 ], [ 18.85590703, 48.53743791 ] ] ], [ [ [ 18.85748169, 48.53639208 ], [ 18.85751617, 48.53637033 ], [ 18.85743898, 48.53630489 ], [ 18.85741434, 48.53632499 ], [ 18.85748169, 48.53639208 ] ] ], [ [ [ 18.85717252, 48.53673344 ], [ 18.85715723, 48.5367248 ], [ 18.85709801, 48.53683665 ], [ 18.85717252, 48.53673344 ] ] ], [ [ [ 18.86252733, 48.52127667 ], [ 18.8626185, 48.52129124 ], [ 18.86260388, 48.52122967 ], [ 18.86244846, 48.52122332 ], [ 18.86252733, 48.52127667 ] ] ] ] } },
{ "type": "Feature", "properties": { "@featureType": "CadastralParcel", "areaValue": { "value": 331, "@uom": "m2" }, "beginLifespanVersion": { "@nilReason": "http://inspire.ec.europa.eu/codelist/VoidReasonValue/Unpopulated", "@nil": "true" }, "endLifespanVersion": { "@nilReason": "http://inspire.ec.europa.eu/codelist/VoidReasonValue/Unpopulated", "@nil": "true" }, "inspireId": { "@dataType": "Identifier", "localId": "855871_96/1.E", "namespace": "SK.ESKN.CP", "versionId": "20261005T07:10:18" }, "label": "96/1", "nationalCadastralReference": "855871_96/1.E", "referencePoint": { "type": "Point", "coordinates": [ 18.86274987, 48.5328435 ] }, "validFrom": "2026-09-30T16:00:00Z", "validTo": { "@nilReason": "http://inspire.ec.europa.eu/codelist/VoidReasonValue/Unpopulated", "@nil": "true" }, "administrativeUnit": { "@href": "#auAdmUnitS.747" } }, "geometry": { "type": "MultiPolygon", "coordinates": [ [ [ [ 18.86166148, 48.53313505 ], [ 18.86187244, 48.53294096 ], [ 18.8618998, 48.53291739 ], [ 18.86213159, 48.53269641 ], [ 18.86209316, 48.53269865 ], [ 18.86194526, 48.53284623 ], [ 18.86182193, 48.5329755 ], [ 18.86162321, 48.53313126 ], [ 18.86166148, 48.53313505 ] ] ], [ [ [ 18.86290093, 48.53252435 ], [ 18.86282294, 48.53267916 ], [ 18.8627417, 48.53281784 ], [ 18.86269811, 48.53289388 ], [ 18.86260234, 48.5330244 ], [ 18.86251757, 48.53312266 ], [ 18.8624987, 48.53314451 ], [ 18.86255584, 48.53314603 ], [ 18.86275726, 48.53286916 ], [ 18.86288192, 48.53266274 ], [ 18.86293569, 48.53252444 ], [ 18.86290093, 48.53252435 ] ] ] ] } },
{ "type": "Feature", "properties": { "@featureType": "CadastralParcel", "areaValue": { "value": 6490, "@uom": "m2" }, "beginLifespanVersion": { "@nilReason": "http://inspire.ec.europa.eu/codelist/VoidReasonValue/Unpopulated", "@nil": "true" }, "endLifespanVersion": { "@nilReason": "http://inspire.ec.europa.eu/codelist/VoidReasonValue/Unpopulated", "@nil": "true" }, "inspireId": { "@dataType": "Identifier", "localId": "855871_162/1.E", "namespace": "SK.ESKN.CP", "versionId": "20261005T07:10:18" }, "label": "162/1", "nationalCadastralReference": "855871_162/1.E", "referencePoint": { "type": "Point", "coordinates": [ 18.84850475, 48.53969298 ] }, "validFrom": "2026-09-30T16:00:00Z", "validTo": { "@nilReason": "http://inspire.ec.europa.eu/codelist/VoidReasonValue/Unpopulated", "@nil": "true" }, "administrativeUnit": { "@href": "#auAdmUnitS.747" } }, "geometry": { "type": "MultiPolygon", "coordinates": [ [ [ [ 18.84904674, 48.54002546 ], [ 18.84888529, 48.53986136 ], [ 18.84854332, 48.53951394 ], [ 18.84858902, 48.5391266 ], [ 18.84827247, 48.53925005 ], [ 18.8480237, 48.53934707 ], [ 18.84801488, 48.53933886 ], [ 18.84787587, 48.53921372 ], [ 18.84782596, 48.53921302 ], [ 18.84782103, 48.53923757 ], [ 18.84823332, 48.53962672 ], [ 18.84842551, 48.5398516 ], [ 18.848511, 48.53982592 ], [ 18.84859406, 48.53994743 ], [ 18.84857819, 48.53994958 ], [ 18.84852759, 48.53996625 ], [ 18.84868423, 48.54013886 ], [ 18.8487464, 48.5401669 ], [ 18.84884717, 48.54009465 ], [ 18.84896963, 48.54015749 ], [ 18.84896915, 48.5402272 ], [ 18.84914552, 48.54006678 ], [ 18.8492925, 48.53985151 ], [ 18.84904674, 48.54002546 ] ], [ [ 18.84853551, 48.53981854 ], [ 18.84859762, 48.53979985 ], [ 18.84874655, 48.53975924 ], [ 18.84883134, 48.53988796 ], [ 18.84881848, 48.53989226 ], [ 18.84871078, 48.5399277 ], [ 18.84868972, 48.53993463 ], [ 18.84862112, 48.53994378 ], [ 18.84853551, 48.53981854 ] ] ], [ [ [ 18.84865212, 48.53809091 ], [ 18.84880352, 48.53813524 ], [ 18.84887363, 48.5381673 ], [ 18.84889317, 48.53819628 ], [ 18.84892597, 48.538243 ], [ 18.84893668, 48.53825818 ], [ 18.84894192, 48.53826558 ], [ 18.84894634, 48.53827185 ], [ 18.84894861, 48.53828712 ], [ 18.8489957, 48.53772331 ], [ 18.84917219, 48.53735 ], [ 18.84925838, 48.53730108 ], [ 18.8492141, 48.53722272 ], [ 18.84896593, 48.5372514 ], [ 18.84875443, 48.53734342 ], [ 18.84866454, 48.53731321 ], [ 18.84865618, 48.53731729 ], [ 18.84847691, 48.53766926 ], [ 18.8484884, 48.53767202 ], [ 18.84856236, 48.53768994 ], [ 18.84859754, 48.53763819 ], [ 18.84861865, 48.53767799 ], [ 18.84862541, 48.53759769 ], [ 18.84876871, 48.53756211 ], [ 18.84878762, 48.53755724 ], [ 18.84889657, 48.53768848 ], [ 18.84883936, 48.53772664 ], [ 18.84872882, 48.5377171 ], [ 18.84865329, 48.53782539 ], [ 18.84858743, 48.53791957 ], [ 18.84852073, 48.53801516 ], [ 18.84849913, 48.53804624 ], [ 18.84865212, 48.53809091 ] ], [ [ 18.84905557, 48.53737929 ], [ 18.84905306, 48.53737989 ], [ 18.84904887, 48.53735901 ], [ 18.84901574, 48.53736342 ], [ 18.84899838, 48.53732174 ], [ 18.84902294, 48.53731625 ], [ 18.84901866, 48.53730304 ], [ 18.84902517, 48.53730194 ], [ 18.84901592, 48.53727899 ], [ 18.84908254, 48.53726703 ], [ 18.84909193, 48.53728989 ], [ 18.84910692, 48.53728715 ], [ 18.84913536, 48.53736044 ], [ 18.84912069, 48.53736392 ], [ 18.84905557, 48.53737929 ] ], [ [ 18.8488697, 48.53751441 ], [ 18.84880037, 48.53752632 ], [ 18.84877056, 48.53747272 ], [ 18.84881232, 48.53741815 ], [ 18.84882146, 48.53739364 ], [ 18.84895416, 48.5373742 ], [ 18.84896955, 48.53741532 ], [ 18.8489835, 48.53741334 ], [ 18.84898719, 48.53742463 ], [ 18.84897374, 48.537427 ], [ 18.849001, 48.53749644 ], [ 18.84899134, 48.53749774 ], [ 18.84899017, 48.53749497 ], [ 18.84895433, 48.53750285 ], [ 18.8488697, 48.53751441 ] ] ], [ [ [ 18.84831697, 48.53805192 ], [ 18.84831799, 48.53809284 ], [ 18.84846927, 48.5381773 ], [ 18.84863543, 48.53824043 ], [ 18.84877461, 48.53836296 ], [ 18.84884908, 48.53854699 ], [ 18.84875901, 48.53872435 ], [ 18.84883709, 48.53863712 ], [ 18.84892905, 48.53852093 ], [ 18.84893202, 48.53848536 ], [ 18.84886722, 48.53849344 ], [ 18.84884941, 48.53843135 ], [ 18.84882002, 48.53837876 ], [ 18.84880131, 48.53835316 ], [ 18.84870947, 48.53827152 ], [ 18.84865524, 48.53822333 ], [ 18.8485798, 48.5381927 ], [ 18.84849656, 48.53815896 ], [ 18.848443, 48.53812704 ], [ 18.84831697, 48.53805192 ] ] ], [ [ [ 18.84831185, 48.53793988 ], [ 18.84831697, 48.53805192 ], [ 18.84837125, 48.53797184 ], [ 18.84843588, 48.53787651 ], [ 18.84845726, 48.53784505 ], [ 18.84836894, 48.53784632 ], [ 18.84831185, 48.53793988 ] ] ] ] } },
{ "type": "Feature", "properties": { "@featureType": "CadastralParcel", "areaValue": { "value": 700, "@uom": "m2" }, "beginLifespanVersion": { "@nilReason": "http://inspire.ec.europa.eu/codelist/VoidReasonValue/Unpopulated", "@nil": "true" }, "endLifespanVersion": { "@nilReason": "http://inspire.ec.europa.eu/codelist/VoidReasonValue/Unpopulated", "@nil": "true" }, "inspireId": { "@dataType": "Identifier", "localId": "855871_548/1.E", "namespace": "SK.ESKN.CP", "versionId": "20261005T07:10:18" }, "label": "548/1", "nationalCadastralReference": "855871_548/1.E", "referencePoint": { "type": "Point", "coordinates": [ 18.86150217, 48.53259692 ] }, "validFrom": "2026-09-30T16:00:00Z", "validTo": { "@nilReason": "http://inspire.ec.europa.eu/codelist/VoidReasonValue/Unpopulated", "@nil": "true" }, "administrativeUnit": { "@href": "#auAdmUnitS.747" } }, "geometry": { "type": "MultiPolygon", "coordinates": [ [ [ [ 18.86176883, 48.53145901 ], [ 18.86157973, 48.53145813 ], [ 18.86157972, 48.53145822 ], [ 18.86163226, 48.53150695 ], [ 18.86187893, 48.5316014 ], [ 18.86189816, 48.5318189 ], [ 18.86194261, 48.53181859 ], [ 18.86188514, 48.53156943 ], [ 18.86176883, 48.53145901 ] ] ], [ [ [ 18.8614554, 48.53273022 ], [ 18.86151319, 48.53267314 ], [ 18.86159247, 48.53267004 ], [ 18.86169856, 48.5324669 ], [ 18.86169835, 48.53246409 ], [ 18.86156743, 48.53246739 ], [ 18.86144262, 48.53252379 ], [ 18.86127406, 48.53270259 ], [ 18.86138985, 48.53271825 ], [ 18.86137495, 48.53275248 ], [ 18.86141482, 48.53275996 ], [ 18.8614554, 48.53273022 ] ] ] ] } },
{ "type": "Feature", "properties": { "@featureType": "CadastralParcel", "areaValue": { "value": 1754, "@uom": "m2" }, "beginLifespanVersion": { "@nilReason": "http://inspire.ec.europa.eu/codelist/VoidReasonValue/Unpopulated", "@nil": "true" }, "endLifespanVersion": { "@nilReason": "http://inspire.ec.europa.eu/codelist/VoidReasonValue/Unpopulated", "@nil": "true" }, "inspireId": { "@dataType": "Identifier", "localId": "855871_673/1.E", "namespace": "SK.ESKN.CP", "versionId": "20261005T07:10:18" }, "label": "673/1", "nationalCadastralReference": "855871_673/1.E", "referencePoint": { "type": "Point", "coordinates": [ 18.86873646, 48.52889628 ] }, "validFrom": "2026-09-30T16:00:00Z", "validTo": { "@nilReason": "http://inspire.ec.europa.eu/codelist/VoidReasonValue/Unpopulated", "@nil": "true" }, "administrativeUnit": { "@href": "#auAdmUnitS.747" } }, "geometry": { "type": "MultiPolygon", "coordinates": [ [ [ [ 18.86516069, 48.52763767 ], [ 18.8653275, 48.52765012 ], [ 18.86528227, 48.52782224 ], [ 18.86541363, 48.5278047 ], [ 18.86564317, 48.52779532 ], [ 18.86575051, 48.52779719 ], [ 18.86579935, 48.52774451 ], [ 18.86598233, 48.52779731 ], [ 18.86620729, 48.52787889 ], [ 18.86630789, 48.52792425 ], [ 18.86639714, 48.52796452 ], [ 18.86641007, 48.52797114 ], [ 18.86650414, 48.52803746 ], [ 18.86651247, 48.52803013 ], [ 18.8665655, 48.5280677 ], [ 18.86664924, 48.5281213 ], [ 18.86669676, 48.52815146 ], [ 18.86676716, 48.52820419 ], [ 18.86679793, 48.52822319 ], [ 18.86685719, 48.52827128 ], [ 18.86686523, 48.52826187 ], [ 18.8667722, 48.52820057 ], [ 18.86672443, 48.52816679 ], [ 18.86668218, 48.52813681 ], [ 18.86667009, 48.52810687 ], [ 18.86655832, 48.5280271 ], [ 18.86652927, 48.5280108 ], [ 18.86640961, 48.52794388 ], [ 18.86619412, 48.52784997 ], [ 18.8660808, 48.52779727 ], [ 18.86581627, 48.52771616 ], [ 18.86577147, 48.52770788 ], [ 18.86566529, 48.52768578 ], [ 18.86566127, 48.52769224 ], [ 18.86534736, 48.5276083 ], [ 18.86538729, 48.52754479 ], [ 18.86536676, 48.52754038 ], [ 18.86545733, 48.52750819 ], [ 18.86552771, 48.52748018 ], [ 18.86544285, 48.52749616 ], [ 18.86525318, 48.52757653 ], [ 18.86518767, 48.52761499 ], [ 18.86516069, 48.52763767 ] ], [ [ 18.86559646, 48.52773399 ], [ 18.86561802, 48.52769965 ], [ 18.86567888, 48.52771571 ], [ 18.86566063, 48.52775076 ], [ 18.86559646, 48.52773399 ] ] ], [ [ [ 18.86495311, 48.52796374 ], [ 18.86479445, 48.5279317 ], [ 18.86485744, 48.52786848 ], [ 18.86494481, 48.52782186 ], [ 18.86501757, 48.52766516 ], [ 18.86495907, 48.5277434 ], [ 18.86487785, 48.52783806 ], [ 18.86470094, 48.52799351 ], [ 18.86457598, 48.52816447 ], [ 18.86443727, 48.528368 ], [ 18.86443273, 48.5283766 ], [ 18.86447396, 48.52834934 ], [ 18.86449028, 48.52835614 ], [ 18.86459177, 48.52817683 ], [ 18.86459329, 48.52816744 ], [ 18.86463247, 48.52816334 ], [ 18.86479636, 48.5281418 ], [ 18.86484541, 48.5281439 ], [ 18.86482065, 48.52811889 ], [ 18.86495311, 48.52796374 ] ] ], [ [ [ 18.86511799, 48.52761741 ], [ 18.86513123, 48.52761909 ], [ 18.86525764, 48.52753283 ], [ 18.86536215, 48.52749757 ], [ 18.8653919, 48.52744327 ], [ 18.86541048, 48.52744811 ], [ 18.86544365, 48.52742584 ], [ 18.8655062, 48.52737324 ], [ 18.865465, 48.52734594 ], [ 18.8653975, 48.52738871 ], [ 18.86535168, 48.52744452 ], [ 18.86527925, 48.52752457 ], [ 18.8652249, 48.52751209 ], [ 18.86511799, 48.52761741 ] ] ], [ [ [ 18.86433975, 48.52855166 ], [ 18.86429926, 48.5286395 ], [ 18.86427375, 48.52886442 ], [ 18.86430498, 48.52886451 ], [ 18.86433975, 48.52855166 ] ] ], [ [ [ 18.86551879, 48.52738165 ], [ 18.86540091, 48.52748442 ], [ 18.86553953, 48.52743974 ], [ 18.8655863, 48.52743351 ], [ 18.86559754, 48.52743382 ], [ 18.86551879, 48.52738165 ] ] ], [ [ [ 18.86850547, 48.52889371 ], [ 18.86850582, 48.52890229 ], [ 18.8689451, 48.52889729 ], [ 18.86898961, 48.52889527 ], [ 18.86891923, 48.52888855 ], [ 18.86877686, 48.52889001 ], [ 18.86850547, 48.52889371 ] ] ], [ [ [ 18.86469522, 48.5278689 ], [ 18.86464035, 48.52797629 ], [ 18.86461604, 48.52802365 ], [ 18.864582, 48.52809018 ], [ 18.86456822, 48.52811147 ], [ 18.86453837, 48.52815746 ], [ 18.86453687, 48.52815982 ], [ 18.86441263, 48.5283512 ], [ 18.86460189, 48.52807695 ], [ 18.86469841, 48.52787069 ], [ 18.86480346, 48.52782048 ], [ 18.864773, 48.52782774 ], [ 18.86469522, 48.5278689 ] ] ], [ [ [ 18.86715155, 48.5283644 ], [ 18.86698282, 48.52828745 ], [ 18.86693617, 48.52826032 ], [ 18.86690858, 48.52824427 ], [ 18.86697891, 48.52829411 ], [ 18.86715222, 48.52837148 ], [ 18.86728053, 48.52842143 ], [ 18.86730846, 48.52842757 ], [ 18.86715155, 48.5283644 ] ] ], [ [ [ 18.86735357, 48.52844588 ], [ 18.86737207, 48.52846416 ], [ 18.86741658, 48.52848758 ], [ 18.86749138, 48.52852132 ], [ 18.86754659, 48.52854502 ], [ 18.86762896, 48.5285768 ], [ 18.86758713, 48.52855488 ], [ 18.86735357, 48.52844588 ] ] ], [ [ [ 18.86792463, 48.52876399 ], [ 18.86793339, 48.52878303 ], [ 18.86798034, 48.52880531 ], [ 18.86804549, 48.52883341 ], [ 18.86817197, 48.52885738 ], [ 18.86818836, 48.52885777 ], [ 18.86843128, 48.52888012 ], [ 18.86843629, 48.52887794 ], [ 18.8681624, 48.5288521 ], [ 18.86804866, 48.52883068 ], [ 18.86794209, 48.52878411 ], [ 18.86792463, 48.52876399 ] ] ], [ [ [ 18.86991145, 48.52901379 ], [ 18.87005398, 48.52901559 ], [ 18.86991832, 48.52899584 ], [ 18.86991145, 48.52901379 ] ] ], [ [ [ 18.86501757, 48.52766516 ], [ 18.86512438, 48.52766808 ], [ 18.86516069, 48.52763767 ], [ 18.86508652, 48.5276598 ], [ 18.86501757, 48.52766516 ] ] ], [ [ [ 18.86674214, 48.52813397 ], [ 18.86677007, 48.52816555 ], [ 18.86682658, 48.52819663 ], [ 18.86675983, 48.52814066 ], [ 18.86674214, 48.52813397 ] ] ], [ [ [ 18.86747516, 48.52854844 ], [ 18.86762855, 48.52861612 ], [ 18.86762976, 48.52861275 ], [ 18.86747516, 48.52854844 ] ] ], [ [ [ 18.86503719, 48.52762305 ], [ 18.86511799, 48.52761741 ], [ 18.86504509, 48.52761823 ], [ 18.86503719, 48.52762305 ] ] ] ] } },
{ "type": "Feature", "properties": { "@featureType": "CadastralParcel", "areaValue": { "value": 16438, "@uom": "m2" }, "beginLifespanVersion": { "@nilReason": "http://inspire.ec.europa.eu/codelist/VoidReasonValue/Unpopulated", "@nil": "true" }, "endLifespanVersion": { "@nilReason": "http://inspire.ec.europa.eu/codelist/VoidReasonValue/Unpopulated", "@nil": "true" }, "inspireId": { "@dataType": "Identifier", "localId": "874515_161/1.C", "namespace": "SK.ESKN.CP", "versionId": "20261005T06:10:26" }, "label": "161/1", "nationalCadastralReference": "874515_161/1.C", "referencePoint": { "type": "Point", "coordinates": [ 18.84843257, 48.55568312 ] }, "validFrom": "2026-09-30T16:00:00Z", "validTo": { "@nilReason": "http://inspire.ec.europa.eu/codelist/VoidReasonValue/Unpopulated", "@nil": "true" }, "administrativeUnit": { "@href": "#auAdmUnitS.2352" } }, "geometry": { "type": "Polygon", "coordinates": [ [ [ 18.85326568, 48.55482931 ], [ 18.85392274, 48.55558154 ], [ 18.85469599, 48.55522623 ], [ 18.85520999, 48.55494441 ], [ 18.85457423, 48.55485978 ], [ 18.85399005, 48.55461076 ], [ 18.85228019, 48.55501617 ], [ 18.85197109, 48.55480948 ], [ 18.85108567, 48.55529652 ], [ 18.85002242, 48.55531765 ], [ 18.84919509, 48.55537197 ], [ 18.84874443, 48.55513861 ], [ 18.84847994, 48.55538891 ], [ 18.84821025, 48.55574538 ], [ 18.84763745, 48.55643043 ], [ 18.84770458, 48.55662499 ], [ 18.84777075, 48.55671955 ], [ 18.84807226, 48.55624096 ], [ 18.84824709, 48.5561298 ], [ 18.84851346, 48.55576115 ], [ 18.84868303, 48.55562085 ], [ 18.84923618, 48.55553045 ], [ 18.84949014, 48.55538208 ], [ 18.84965885, 48.55538264 ], [ 18.84983007, 48.55547707 ], [ 18.85001624, 48.55551859 ], [ 18.85012767, 48.55556462 ], [ 18.85065025, 48.55543148 ], [ 18.8510361, 48.55533309 ], [ 18.85115462, 48.55530299 ], [ 18.8512653, 48.55527473 ], [ 18.85135686, 48.55530268 ], [ 18.85179598, 48.55501418 ], [ 18.85215083, 48.55495505 ], [ 18.85211554, 48.55509755 ], [ 18.85180272, 48.55536365 ], [ 18.85216006, 48.55534109 ], [ 18.85226256, 48.55509879 ], [ 18.85326568, 48.55482931 ] ] ] } },
{ "type": "Feature", "properties": { "@featureType": "CadastralParcel", "areaValue": { "value": 2258, "@uom": "m2" }, "beginLifespanVersion": { "@nilReason": "http://inspire.ec.europa.eu/codelist/VoidReasonValue/Unpopulated", "@nil": "true" }, "endLifespanVersion": { "@nilReason": "http://inspire.ec.europa.eu/codelist/VoidReasonValue/Unpopulated", "@nil": "true" }, "inspireId": { "@dataType": "Identifier", "localId": "874515_729.C", "namespace": "SK.ESKN.CP", "versionId": "20261005T06:10:26" }, "label": "729", "nationalCadastralReference": "874515_729.C", "referencePoint": { "type": "Point", "coordinates": [ 18.8331182, 48.55873504 ] }, "validFrom": "2026-09-30T16:00:00Z", "validTo": { "@nilReason": "http://inspire.ec.europa.eu/codelist/VoidReasonValue/Unpopulated", "@nil": "true" }, "administrativeUnit": { "@href": "#auAdmUnitS.2352" } }, "geometry": { "type": "Polygon", "coordinates": [ [ [ 18.83612075, 48.55845757 ], [ 18.83606783, 48.55845346 ], [ 18.8360177, 48.55846474 ], [ 18.83595049, 48.55852629 ], [ 18.83592917, 48.55854574 ], [ 18.83586478, 48.55860635 ], [ 18.83573311, 48.55873029 ], [ 18.8355973, 48.55885818 ], [ 18.8355779, 48.55886943 ], [ 18.8354708, 48.55893151 ], [ 18.83541963, 48.5589643 ], [ 18.83535286, 48.55897841 ], [ 18.83534965, 48.55897915 ], [ 18.83522692, 48.55897122 ], [ 18.835042, 48.55895932 ], [ 18.83487003, 48.55894828 ], [ 18.83479544, 48.55894349 ], [ 18.83470265, 48.55893749 ], [ 18.83462617, 48.5589326 ], [ 18.83458572, 48.55892995 ], [ 18.8345319, 48.55892651 ], [ 18.83439176, 48.55891749 ], [ 18.83425905, 48.55890895 ], [ 18.83408087, 48.5588975 ], [ 18.83402598, 48.558894 ], [ 18.83395882, 48.5588896 ], [ 18.83390756, 48.5588863 ], [ 18.83386076, 48.55888332 ], [ 18.8338524, 48.55888279 ], [ 18.8338153, 48.55887472 ], [ 18.83376945, 48.55886475 ], [ 18.83372256, 48.55885446 ], [ 18.83367474, 48.55884403 ], [ 18.83362598, 48.55883346 ], [ 18.83357789, 48.55882292 ], [ 18.83352887, 48.55881225 ], [ 18.83344593, 48.55879421 ], [ 18.83337466, 48.55877859 ], [ 18.83331676, 48.55876601 ], [ 18.83325741, 48.55875308 ], [ 18.83319633, 48.55873979 ], [ 18.83312744, 48.55872474 ], [ 18.83296091, 48.55867691 ], [ 18.83260315, 48.55857418 ], [ 18.83255754, 48.55856106 ], [ 18.83251785, 48.5585313 ], [ 18.83238595, 48.55849167 ], [ 18.83235744, 48.55852934 ], [ 18.8331129, 48.55874997 ], [ 18.83384308, 48.55890756 ], [ 18.83542542, 48.55900953 ], [ 18.83549995, 48.55895044 ], [ 18.83562733, 48.55887661 ], [ 18.83600221, 48.55853142 ], [ 18.83604279, 48.5585089 ], [ 18.83609097, 48.55851403 ], [ 18.83608288, 48.55853535 ], [ 18.8359311, 48.55867413 ], [ 18.83562141, 48.55894847 ], [ 18.83557939, 48.55902341 ], [ 18.83606779, 48.55902027 ], [ 18.83729451, 48.55897368 ], [ 18.83923499, 48.55890759 ], [ 18.84063696, 48.55883626 ], [ 18.84072745, 48.55879154 ], [ 18.8405862, 48.55879889 ], [ 18.84058172, 48.55880001 ], [ 18.84051925, 48.5588157 ], [ 18.84050608, 48.55881907 ], [ 18.84046179, 48.55882119 ], [ 18.840337, 48.55882723 ], [ 18.84018583, 48.55883451 ], [ 18.84008933, 48.55883923 ], [ 18.84001361, 48.55884287 ], [ 18.83988226, 48.5588492 ], [ 18.83980339, 48.55885303 ], [ 18.83966302, 48.55885979 ], [ 18.83961067, 48.55886239 ], [ 18.83956885, 48.55886436 ], [ 18.83945075, 48.55887012 ], [ 18.83923533, 48.55888055 ], [ 18.83914976, 48.55888358 ], [ 18.8390152, 48.55888839 ], [ 18.83892948, 48.5588915 ], [ 18.83877417, 48.55889703 ], [ 18.83868901, 48.55890009 ], [ 18.83853739, 48.55890545 ], [ 18.83834714, 48.55891223 ], [ 18.83814938, 48.55891934 ], [ 18.83809834, 48.5589211 ], [ 18.83804279, 48.55892308 ], [ 18.83797824, 48.5589254 ], [ 18.83792187, 48.55892742 ], [ 18.83780818, 48.55893151 ], [ 18.83769559, 48.55893548 ], [ 18.83764797, 48.55893715 ], [ 18.83759036, 48.55893929 ], [ 18.83751995, 48.55894176 ], [ 18.83744993, 48.55894424 ], [ 18.83738715, 48.55894648 ], [ 18.83728957, 48.55894996 ], [ 18.83728561, 48.55895012 ], [ 18.83714733, 48.55895527 ], [ 18.83705628, 48.55895874 ], [ 18.83695718, 48.55896242 ], [ 18.83666655, 48.55897334 ], [ 18.83637525, 48.55898424 ], [ 18.8362244, 48.55898991 ], [ 18.83607206, 48.55899559 ], [ 18.836052, 48.55899635 ], [ 18.83570799, 48.55899782 ], [ 18.8356672, 48.55898992 ], [ 18.83565823, 48.55896582 ], [ 18.83596387, 48.55869009 ], [ 18.83615408, 48.5585147 ], [ 18.83615889, 48.55848437 ], [ 18.83612075, 48.55845757 ] ] ] } },
{ "type": "Feature", "properties": { "@featureType": "CadastralParcel", "areaValue": { "value": 7199, "@uom": "m2" }, "beginLifespanVersion": { "@nilReason": "http://inspire.ec.europa.eu/codelist/VoidReasonValue/Unpopulated", "@nil": "true" }, "endLifespanVersion": { "@nilReason": "http://inspire.ec.europa.eu/codelist/VoidReasonValue/Unpopulated", "@nil": "true" }, "inspireId": { "@dataType": "Identifier", "localId": "874515_728.C", "namespace": "SK.ESKN.CP", "versionId": "20261005T06:10:26" }, "label": "728", "nationalCadastralReference": "874515_728.C", "referencePoint": { "type": "Point", "coordinates": [ 18.83215411, 48.55816961 ] }, "validFrom": "2026-09-30T16:00:00Z", "validTo": { "@nilReason": "http://inspire.ec.europa.eu/codelist/VoidReasonValue/Unpopulated", "@nil": "true" }, "administrativeUnit": { "@href": "#auAdmUnitS.2352" } }, "geometry": { "type": "Polygon", "coordinates": [ [ [ 18.83319605, 48.55807833 ], [ 18.83321202, 48.55807204 ], [ 18.83350643, 48.55794981 ], [ 18.83352859, 48.55793717 ], [ 18.83358036, 48.5579303 ], [ 18.83364844, 48.55792122 ], [ 18.83371471, 48.55791241 ], [ 18.83379617, 48.55790159 ], [ 18.83389117, 48.55788895 ], [ 18.83394722, 48.5578815 ], [ 18.83400231, 48.55787418 ], [ 18.83405823, 48.55786672 ], [ 18.83408764, 48.55786284 ], [ 18.834114, 48.55785717 ], [ 18.83416947, 48.55784545 ], [ 18.83422382, 48.55783403 ], [ 18.83427707, 48.55782273 ], [ 18.83432948, 48.55781166 ], [ 18.83438663, 48.55779958 ], [ 18.83446176, 48.55778364 ], [ 18.83452309, 48.55777069 ], [ 18.83457258, 48.55776019 ], [ 18.83471526, 48.55774652 ], [ 18.83463394, 48.55770791 ], [ 18.83452191, 48.55773816 ], [ 18.83432876, 48.55778212 ], [ 18.83407794, 48.55783337 ], [ 18.83373897, 48.55788769 ], [ 18.83300601, 48.55796161 ], [ 18.83273814, 48.55799501 ], [ 18.8325595, 48.55801168 ], [ 18.8324536, 48.5580085 ], [ 18.83231436, 48.55798509 ], [ 18.83217387, 48.55795837 ], [ 18.83208168, 48.55795077 ], [ 18.83182194, 48.55793388 ], [ 18.83170711, 48.55792573 ], [ 18.831535, 48.55789528 ], [ 18.83136752, 48.55783946 ], [ 18.83125744, 48.55779583 ], [ 18.83053254, 48.55781197 ], [ 18.83109645, 48.55807548 ], [ 18.83212177, 48.55846058 ], [ 18.83235744, 48.55852934 ], [ 18.83238595, 48.55849167 ], [ 18.83248954, 48.55835481 ], [ 18.83272625, 48.55826088 ], [ 18.83319605, 48.55807833 ] ] ] } },
{ "type": "Feature", "properties": { "@featureType": "CadastralParcel", "areaValue": { "value": 9582, "@uom": "m2" }, "beginLifespanVersion": { "@nilReason": "http://inspire.ec.europa.eu/codelist/VoidReasonValue/Unpopulated", "@nil": "true" }, "endLifespanVersion": { "@nilReason": "http://inspire.ec.europa.eu/codelist/VoidReasonValue/Unpopulated", "@nil": "true" }, "inspireId": { "@dataType": "Identifier", "localId": "874515_721.C", "namespace": "SK.ESKN.CP", "versionId": "20261005T06:10:26" }, "label": "721", "nationalCadastralReference": "874515_721.C", "referencePoint": { "type": "Point", "coordinates": [ 18.85611027, 48.53799045 ] }, "validFrom": "2026-09-30T16:00:00Z", "validTo": { "@nilReason": "http://inspire.ec.europa.eu/codelist/VoidReasonValue/Unpopulated", "@nil": "true" }, "administrativeUnit": { "@href": "#auAdmUnitS.2352" } }, "geometry": { "type": "Polygon", "coordinates": [ [ [ 18.85289922, 48.53907308 ], [ 18.8542166, 48.5383486 ], [ 18.85451826, 48.53825215 ], [ 18.85466036, 48.53822679 ], [ 18.85502895, 48.53824252 ], [ 18.85566622, 48.53818804 ], [ 18.85577196, 48.53817495 ], [ 18.85586904, 48.53814535 ], [ 18.85635197, 48.53793545 ], [ 18.85670627, 48.53781998 ], [ 18.85685284, 48.53778538 ], [ 18.85721067, 48.53776446 ], [ 18.85766225, 48.53769256 ], [ 18.85814713, 48.5375606 ], [ 18.8584013, 48.53744751 ], [ 18.85890085, 48.53719091 ], [ 18.85912762, 48.53711086 ], [ 18.85918232, 48.53708817 ], [ 18.85938554, 48.53694509 ], [ 18.8594436, 48.5368846 ], [ 18.85957339, 48.53669261 ], [ 18.85964037, 48.53650448 ], [ 18.85986489, 48.53607546 ], [ 18.85973243, 48.53603529 ], [ 18.85966265, 48.536141 ], [ 18.85959456, 48.53624401 ], [ 18.85936178, 48.53678464 ], [ 18.85919732, 48.53693884 ], [ 18.85902754, 48.53701482 ], [ 18.85898338, 48.53703571 ], [ 18.85851242, 48.53725833 ], [ 18.85805105, 48.53747677 ], [ 18.8576446, 48.53757608 ], [ 18.8572444, 48.53763838 ], [ 18.85668936, 48.53768099 ], [ 18.85587171, 48.53804545 ], [ 18.85575629, 48.53806354 ], [ 18.85546954, 48.53810836 ], [ 18.85542324, 48.53811163 ], [ 18.85508594, 48.53813587 ], [ 18.85495276, 48.53812588 ], [ 18.85453872, 48.53809471 ], [ 18.85366361, 48.53849235 ], [ 18.85304055, 48.53885021 ], [ 18.85144544, 48.53973164 ], [ 18.85143065, 48.53974187 ], [ 18.85140374, 48.53975464 ], [ 18.85153987, 48.53984787 ], [ 18.85289922, 48.53907308 ] ] ] } },
{ "type": "Feature", "properties": { "@featureType": "CadastralParcel", "areaValue": { "value": 2060, "@uom": "m2" }, "beginLifespanVersion": { "@nilReason": "http://inspire.ec.europa.eu/codelist/VoidReasonValue/Unpopulated", "@nil": "true" }, "endLifespanVersion": { "@nilReason": "http://inspire.ec.europa.eu/codelist/VoidReasonValue/Unpopulated", "@nil": "true" }, "inspireId": { "@dataType": "Identifier", "localId": "874515_720.C", "namespace": "SK.ESKN.CP", "versionId": "20261005T06:10:26" }, "label": "720", "nationalCadastralReference": "874515_720.C", "referencePoint": { "type": "Point", "coordinates": [ 18.8605197, 48.53673579 ] }, "validFrom": "2026-09-30T16:00:00Z", "validTo": { "@nilReason": "http://inspire.ec.europa.eu/codelist/VoidReasonValue/Unpopulated", "@nil": "true" }, "administrativeUnit": { "@href": "#auAdmUnitS.2352" } }, "geometry": { "type": "Polygon", "coordinates": [ [ [ 18.86091308, 48.53674178 ], [ 18.86068627, 48.53666181 ], [ 18.86049479, 48.5365944 ], [ 18.8604858, 48.53659123 ], [ 18.86025467, 48.53651103 ], [ 18.86012253, 48.53646348 ], [ 18.86004234, 48.53644651 ], [ 18.8600255, 48.53660341 ], [ 18.86012445, 48.53672979 ], [ 18.8608707, 48.53696673 ], [ 18.86096388, 48.53703138 ], [ 18.86113085, 48.5369677 ], [ 18.86091308, 48.53674178 ] ] ] } },
{ "type": "Feature", "properties": { "@featureType": "CadastralParcel", "areaValue": { "value": 14482, "@uom": "m2" }, "beginLifespanVersion": { "@nilReason": "http://inspire.ec.europa.eu/codelist/VoidReasonValue/Unpopulated", "@nil": "true" }, "endLifespanVersion": { "@nilReason": "http://inspire.ec.europa.eu/codelist/VoidReasonValue/Unpopulated", "@nil": "true" }, "inspireId": { "@dataType": "Identifier", "localId": "874515_176/1.C", "namespace": "SK.ESKN.CP", "versionId": "20261005T06:10:26" }, "label": "176/1", "nationalCadastralReference": "874515_176/1.C", "referencePoint": { "type": "Point", "coordinates": [ 18.84490334, 48.55867358 ] }, "validFrom": "2026-09-30T16:00:00Z", "validTo": { "@nilReason": "http://inspire.ec.europa.eu/codelist/VoidReasonValue/Unpopulated", "@nil": "true" }, "administrativeUnit": { "@href": "#auAdmUnitS.2352" } }, "geometry": { "type": "Polygon", "coordinates": [ [ [ 18.84623273, 48.55831902 ], [ 18.84592542, 48.55837349 ], [ 18.84554042, 48.55843907 ], [ 18.84438004, 48.55853972 ], [ 18.84223722, 48.5588337 ], [ 18.84255337, 48.5588552 ], [ 18.84294144, 48.55884888 ], [ 18.84350409, 48.55887402 ], [ 18.84462287, 48.55903472 ], [ 18.84581599, 48.55927145 ], [ 18.84636491, 48.55880745 ], [ 18.84645848, 48.55847312 ], [ 18.84623273, 48.55831902 ] ] ] } },
{ "type": "Feature", "properties": { "@featureType": "CadastralParcel", "areaValue": { "value": 546, "@uom": "m2" }, "beginLifespanVersion": { "@nilReason": "http://inspire.ec.europa.eu/codelist/VoidReasonValue/Unpopulated", "@nil": "true" }, "endLifespanVersion": { "@nilReason": "http://inspire.ec.europa.eu/codelist/VoidReasonValue/Unpopulated", "@nil": "true" }, "inspireId": { "@dataType": "Identifier", "localId": "874515_818.C", "namespace": "SK.ESKN.CP", "versionId": "20261005T06:10:26" }, "label": "818", "nationalCadastralReference": "874515_818.C", "referencePoint": { "type": "Point", "coordinates": [ 18.84173613, 48.55860196 ] }, "validFrom": "2026-09-30T16:00:00Z", "validTo": { "@nilReason": "http://inspire.ec.europa.eu/codelist/VoidReasonValue/Unpopulated", "@nil": "true" }, "administrativeUnit": { "@href": "#auAdmUnitS.2352" } }, "geometry": { "type": "Polygon", "coordinates": [ [ [ 18.84223722, 48.5588337 ], [ 18.84189279, 48.55866403 ], [ 18.8417567, 48.55848392 ], [ 18.84152367, 48.55853989 ], [ 18.84198678, 48.55881976 ], [ 18.84223722, 48.5588337 ] ] ] } },
{ "type": "Feature", "properties": { "@featureType": "CadastralParcel", "areaValue": { "value": 576, "@uom": "m2" }, "beginLifespanVersion": { "@nilReason": "http://inspire.ec.europa.eu/codelist/VoidReasonValue/Unpopulated", "@nil": "true" }, "endLifespanVersion": { "@nilReason": "http://inspire.ec.europa.eu/codelist/VoidReasonValue/Unpopulated", "@nil": "true" }, "inspireId": { "@dataType": "Identifier", "localId": "874515_817.C", "namespace": "SK.ESKN.CP", "versionId": "20261005T06:10:26" }, "label": "817", "nationalCadastralReference": "874515_817.C", "referencePoint": { "type": "Point", "coordinates": [ 18.84130734, 48.5583766 ] }, "validFrom": "2026-09-30T16:00:00Z", "validTo": { "@nilReason": "http://inspire.ec.europa.eu/codelist/VoidReasonValue/Unpopulated", "@nil": "true" }, "administrativeUnit": { "@href": "#auAdmUnitS.2352" } }, "geometry": { "type": "Polygon", "coordinates": [ [ [ 18.84134424, 48.55839424 ], [ 18.84133019, 48.55835896 ], [ 18.84131993, 48.55833308 ], [ 18.84131321, 48.55828185 ], [ 18.84134574, 48.55812621 ], [ 18.8413428, 48.55807518 ], [ 18.84130133, 48.55804658 ], [ 18.84119791, 48.55800295 ], [ 18.84108727, 48.55794559 ], [ 18.84097046, 48.5579128 ], [ 18.84090569, 48.55794227 ], [ 18.84091742, 48.55794423 ], [ 18.84097496, 48.55795408 ], [ 18.84108815, 48.55799678 ], [ 18.84119715, 48.55804387 ], [ 18.84124403, 48.55806805 ], [ 18.84127125, 48.55809067 ], [ 18.84127855, 48.55812208 ], [ 18.84126348, 48.55828981 ], [ 18.84126263, 48.55829933 ], [ 18.84126888, 48.55835459 ], [ 18.84129151, 48.55841261 ], [ 18.8413652, 48.55848591 ], [ 18.84137026, 48.55848915 ], [ 18.84150403, 48.55857613 ], [ 18.8418735, 48.55881341 ], [ 18.84198678, 48.55881976 ], [ 18.84152367, 48.55853989 ], [ 18.84140361, 48.5584668 ], [ 18.84134424, 48.55839424 ] ] ] } },
{ "type": "Feature", "properties": { "@featureType": "CadastralParcel", "areaValue": { "value": 450, "@uom": "m2" }, "beginLifespanVersion": { "@nilReason": "http://inspire.ec.europa.eu/codelist/VoidReasonValue/Unpopulated", "@nil": "true" }, "endLifespanVersion": { "@nilReason": "http://inspire.ec.europa.eu/codelist/VoidReasonValue/Unpopulated", "@nil": "true" }, "inspireId": { "@dataType": "Identifier", "localId": "874515_816.C", "namespace": "SK.ESKN.CP", "versionId": "20261005T06:10:26" }, "label": "816", "nationalCadastralReference": "874515_816.C", "referencePoint": { "type": "Point", "coordinates": [ 18.84157122, 48.5586915 ] }, "validFrom": "2026-09-30T16:00:00Z", "validTo": { "@nilReason": "http://inspire.ec.europa.eu/codelist/VoidReasonValue/Unpopulated", "@nil": "true" }, "administrativeUnit": { "@href": "#auAdmUnitS.2352" } }, "geometry": { "type": "Polygon", "coordinates": [ [ [ 18.8418735, 48.55881341 ], [ 18.84150403, 48.55857613 ], [ 18.84140758, 48.5588219 ], [ 18.84175659, 48.55880687 ], [ 18.8418735, 48.55881341 ] ] ] } },
{ "type": "Feature", "properties": { "@featureType": "CadastralParcel", "areaValue": { "value": 404, "@uom": "m2" }, "beginLifespanVersion": { "@nilReason": "http://inspire.ec.europa.eu/codelist/VoidReasonValue/Unpopulated", "@nil": "true" }, "endLifespanVersion": { "@nilReason": "http://inspire.ec.europa.eu/codelist/VoidReasonValue/Unpopulated", "@nil": "true" }, "inspireId": { "@dataType": "Identifier", "localId": "874515_815.C", "namespace": "SK.ESKN.CP", "versionId": "20261005T06:10:26" }, "label": "815", "nationalCadastralReference": "874515_815.C", "referencePoint": { "type": "Point", "coordinates": [ 18.84137185, 48.55869901 ] }, "validFrom": "2026-09-30T16:00:00Z", "validTo": { "@nilReason": "http://inspire.ec.europa.eu/codelist/VoidReasonValue/Unpopulated", "@nil": "true" }, "administrativeUnit": { "@href": "#auAdmUnitS.2352" } }, "geometry": { "type": "Polygon", "coordinates": [ [ [ 18.84137026, 48.55848915 ], [ 18.84123706, 48.55882854 ], [ 18.84128847, 48.55882706 ], [ 18.84140758, 48.5588219 ], [ 18.84150403, 48.55857613 ], [ 18.84137026, 48.55848915 ] ] ] } },
{ "type": "Feature", "properties": { "@featureType": "CadastralParcel", "areaValue": { "value": 634, "@uom": "m2" }, "beginLifespanVersion": { "@nilReason": "http://inspire.ec.europa.eu/codelist/VoidReasonValue/Unpopulated", "@nil": "true" }, "endLifespanVersion": { "@nilReason": "http://inspire.ec.europa.eu/codelist/VoidReasonValue/Unpopulated", "@nil": "true" }, "inspireId": { "@dataType": "Identifier", "localId": "874515_814.C", "namespace": "SK.ESKN.CP", "versionId": "20261005T06:10:26" }, "label": "814", "nationalCadastralReference": "874515_814.C", "referencePoint": { "type": "Point", "coordinates": [ 18.84121116, 48.55865884 ] }, "validFrom": "2026-09-30T16:00:00Z", "validTo": { "@nilReason": "http://inspire.ec.europa.eu/codelist/VoidReasonValue/Unpopulated", "@nil": "true" }, "administrativeUnit": { "@href": "#auAdmUnitS.2352" } }, "geometry": { "type": "Polygon", "coordinates": [ [ [ 18.84129151, 48.55841261 ], [ 18.84126888, 48.55835459 ], [ 18.84126263, 48.55829933 ], [ 18.84126348, 48.55828981 ], [ 18.84104997, 48.55883386 ], [ 18.84123706, 48.55882854 ], [ 18.84137026, 48.55848915 ], [ 18.8413652, 48.55848591 ], [ 18.84129151, 48.55841261 ] ] ] } },
{ "type": "Feature", "properties": { "@featureType": "CadastralParcel", "areaValue": { "value": 1020, "@uom": "m2" }, "beginLifespanVersion": { "@nilReason": "http://inspire.ec.europa.eu/codelist/VoidReasonValue/Unpopulated", "@nil": "true" }, "endLifespanVersion": { "@nilReason": "http://inspire.ec.europa.eu/codelist/VoidReasonValue/Unpopulated", "@nil": "true" }, "inspireId": { "@dataType": "Identifier", "localId": "874515_813.C", "namespace": "SK.ESKN.CP", "versionId": "20261005T06:10:26" }, "label": "813", "nationalCadastralReference": "874515_813.C", "referencePoint": { "type": "Point", "coordinates": [ 18.84108224, 48.55850893 ] }, "validFrom": "2026-09-30T16:00:00Z", "validTo": { "@nilReason": "http://inspire.ec.europa.eu/codelist/VoidReasonValue/Unpopulated", "@nil": "true" }, "administrativeUnit": { "@href": "#auAdmUnitS.2352" } }, "geometry": { "type": "Polygon", "coordinates": [ [ [ 18.84127125, 48.55809067 ], [ 18.84103432, 48.55836836 ], [ 18.84093966, 48.5586495 ], [ 18.84087536, 48.55872563 ], [ 18.84084778, 48.55878184 ], [ 18.84083412, 48.55883994 ], [ 18.84104997, 48.55883386 ], [ 18.84126348, 48.55828981 ], [ 18.84127855, 48.55812208 ], [ 18.84127125, 48.55809067 ] ] ] } },
{ "type": "Feature", "properties": { "@featureType": "CadastralParcel", "areaValue": { "value": 942, "@uom": "m2" }, "beginLifespanVersion": { "@nilReason": "http://inspire.ec.europa.eu/codelist/VoidReasonValue/Unpopulated", "@nil": "true" }, "endLifespanVersion": { "@nilReason": "http://inspire.ec.europa.eu/codelist/VoidReasonValue/Unpopulated", "@nil": "true" }, "inspireId": { "@dataType": "Identifier", "localId": "874515_812.C", "namespace": "SK.ESKN.CP", "versionId": "20261005T06:10:26" }, "label": "812", "nationalCadastralReference": "874515_812.C", "referencePoint": { "type": "Point", "coordinates": [ 18.84091799, 48.55848585 ] }, "validFrom": "2026-09-30T16:00:00Z", "validTo": { "@nilReason": "http://inspire.ec.europa.eu/codelist/VoidReasonValue/Unpopulated", "@nil": "true" }, "administrativeUnit": { "@href": "#auAdmUnitS.2352" } }, "geometry": { "type": "Polygon", "coordinates": [ [ [ 18.84124403, 48.55806805 ], [ 18.84119715, 48.55804387 ], [ 18.84108815, 48.55799678 ], [ 18.8409472, 48.55828561 ], [ 18.84077905, 48.55860334 ], [ 18.84082414, 48.55870248 ], [ 18.84079226, 48.55875946 ], [ 18.84084778, 48.55878184 ], [ 18.84087536, 48.55872563 ], [ 18.84093966, 48.5586495 ], [ 18.84103432, 48.55836836 ], [ 18.84127125, 48.55809067 ], [ 18.84124403, 48.55806805 ] ] ] } },
{ "type": "Feature", "properties": { "@featureType": "CadastralParcel", "areaValue": { "value": 1112, "@uom": "m2" }, "beginLifespanVersion": { "@nilReason": "http://inspire.ec.europa.eu/codelist/VoidReasonValue/Unpopulated", "@nil": "true" }, "endLifespanVersion": { "@nilReason": "http://inspire.ec.europa.eu/codelist/VoidReasonValue/Unpopulated", "@nil": "true" }, "inspireId": { "@dataType": "Identifier", "localId": "874515_811.C", "namespace": "SK.ESKN.CP", "versionId": "20261005T06:10:26" }, "label": "811", "nationalCadastralReference": "874515_811.C", "referencePoint": { "type": "Point", "coordinates": [ 18.84079215, 48.55844447 ] }, "validFrom": "2026-09-30T16:00:00Z", "validTo": { "@nilReason": "http://inspire.ec.europa.eu/codelist/VoidReasonValue/Unpopulated", "@nil": "true" }, "administrativeUnit": { "@href": "#auAdmUnitS.2352" } }, "geometry": { "type": "Polygon", "coordinates": [ [ [ 18.84072745, 48.55879154 ], [ 18.84079226, 48.55875946 ], [ 18.84082414, 48.55870248 ], [ 18.84077905, 48.55860334 ], [ 18.8409472, 48.55828561 ], [ 18.84108815, 48.55799678 ], [ 18.84097496, 48.55795408 ], [ 18.84091742, 48.55794423 ], [ 18.84058172, 48.55880001 ], [ 18.8405862, 48.55879889 ], [ 18.84072745, 48.55879154 ] ] ] } },
{ "type": "Feature", "properties": { "@featureType": "CadastralParcel", "areaValue": { "value": 63512, "@uom": "m2" }, "beginLifespanVersion": { "@nilReason": "http://inspire.ec.europa.eu/codelist/VoidReasonValue/Unpopulated", "@nil": "true" }, "endLifespanVersion": { "@nilReason": "http://inspire.ec.europa.eu/codelist/VoidReasonValue/Unpopulated", "@nil": "true" }, "inspireId": { "@dataType": "Identifier", "localId": "874515_183/1.C", "namespace": "SK.ESKN.CP", "versionId": "20261005T06:10:26" }, "label": "183/1", "nationalCadastralReference": "874515_183/1.C", "referencePoint": { "type": "Point", "coordinates": [ 18.83296543, 48.5587992 ] }, "validFrom": "2026-09-30T16:00:00Z", "validTo": { "@nilReason": "http://inspire.ec.europa.eu/codelist/VoidReasonValue/Unpopulated", "@nil": "true" }, "administrativeUnit": { "@href": "#auAdmUnitS.2352" } }, "geometry": { "type": "Polygon", "coordinates": [ [ [ 18.83549995, 48.55895044 ], [ 18.83542542, 48.55900953 ], [ 18.83384308, 48.55890756 ], [ 18.8331129, 48.55874997 ], [ 18.83235744, 48.55852934 ], [ 18.83212177, 48.55846058 ], [ 18.83109645, 48.55807548 ], [ 18.83049534, 48.55781282 ], [ 18.8298695, 48.55755933 ], [ 18.82873096, 48.5569693 ], [ 18.82798193, 48.55653977 ], [ 18.82724056, 48.55609971 ], [ 18.82653438, 48.55566321 ], [ 18.82575469, 48.55513724 ], [ 18.82512814, 48.55469749 ], [ 18.82458206, 48.55428755 ], [ 18.82406232, 48.55390875 ], [ 18.82398335, 48.55396967 ], [ 18.82444452, 48.55436336 ], [ 18.82500081, 48.5547732 ], [ 18.82561462, 48.55523097 ], [ 18.82641592, 48.55575229 ], [ 18.82713447, 48.55620947 ], [ 18.8278483, 48.55663537 ], [ 18.82862392, 48.55707558 ], [ 18.82974904, 48.55765734 ], [ 18.83033821, 48.55795772 ], [ 18.83051017, 48.55803769 ], [ 18.83091171, 48.55825845 ], [ 18.83198697, 48.55864534 ], [ 18.83202047, 48.55865394 ], [ 18.83300129, 48.55890418 ], [ 18.83379326, 48.55906095 ], [ 18.83390905, 48.5591092 ], [ 18.83396591, 48.55913291 ], [ 18.83404797, 48.55915262 ], [ 18.83416597, 48.55918105 ], [ 18.83432745, 48.55921987 ], [ 18.8343747, 48.55915476 ], [ 18.83445821, 48.55916227 ], [ 18.83466959, 48.55918132 ], [ 18.8348756, 48.55919991 ], [ 18.83505499, 48.55921602 ], [ 18.83516888, 48.55922629 ], [ 18.83518362, 48.55927514 ], [ 18.83519713, 48.55931951 ], [ 18.83525586, 48.55924697 ], [ 18.83541737, 48.55925566 ], [ 18.83565503, 48.55926859 ], [ 18.83585868, 48.55927956 ], [ 18.83606232, 48.55929053 ], [ 18.83613915, 48.55929472 ], [ 18.83629673, 48.5592838 ], [ 18.83654968, 48.55926631 ], [ 18.836663, 48.5592585 ], [ 18.83677549, 48.55925074 ], [ 18.83697472, 48.55923695 ], [ 18.83710942, 48.55922763 ], [ 18.83721985, 48.55922004 ], [ 18.83732002, 48.55921308 ], [ 18.83733533, 48.55921234 ], [ 18.83744729, 48.55920681 ], [ 18.83767545, 48.55919551 ], [ 18.8377829, 48.55919019 ], [ 18.83789006, 48.55918495 ], [ 18.83800298, 48.55917937 ], [ 18.83811644, 48.55917374 ], [ 18.83822881, 48.55916822 ], [ 18.83836989, 48.55916123 ], [ 18.83850426, 48.5591546 ], [ 18.83857138, 48.55915133 ], [ 18.8386765, 48.55914616 ], [ 18.83881238, 48.55913944 ], [ 18.83891012, 48.55913461 ], [ 18.8390311, 48.55912864 ], [ 18.83914361, 48.55912304 ], [ 18.8391838, 48.55912108 ], [ 18.83926435, 48.55913285 ], [ 18.83932981, 48.55914248 ], [ 18.83948184, 48.55916466 ], [ 18.83950068, 48.55916744 ], [ 18.83973295, 48.55913506 ], [ 18.84006057, 48.55908943 ], [ 18.84034592, 48.55904962 ], [ 18.84030349, 48.55908773 ], [ 18.84027886, 48.5591099 ], [ 18.84040396, 48.55912995 ], [ 18.8405255, 48.55906059 ], [ 18.84086364, 48.55903977 ], [ 18.84089955, 48.55904064 ], [ 18.84107354, 48.55904501 ], [ 18.84124752, 48.55904938 ], [ 18.84157082, 48.55905746 ], [ 18.84166156, 48.55905903 ], [ 18.8420592, 48.55906602 ], [ 18.84241303, 48.55907226 ], [ 18.84257794, 48.55907516 ], [ 18.842724, 48.55907771 ], [ 18.84308503, 48.55908405 ], [ 18.84308964, 48.55908411 ], [ 18.84320323, 48.55909814 ], [ 18.84337897, 48.55911983 ], [ 18.84369415, 48.55915869 ], [ 18.84381886, 48.55917412 ], [ 18.84384953, 48.55917788 ], [ 18.8439374, 48.55918994 ], [ 18.84416873, 48.55922191 ], [ 18.84427665, 48.55923673 ], [ 18.84441692, 48.55925612 ], [ 18.84469922, 48.55929498 ], [ 18.84484766, 48.55931543 ], [ 18.84493461, 48.55935937 ], [ 18.84496321, 48.55937385 ], [ 18.84508032, 48.559503 ], [ 18.84518805, 48.55962191 ], [ 18.84522917, 48.55966726 ], [ 18.84529507, 48.55965932 ], [ 18.84542315, 48.55964388 ], [ 18.84552572, 48.55963154 ], [ 18.84549744, 48.55952921 ], [ 18.84549648, 48.55952582 ], [ 18.84547456, 48.55944674 ], [ 18.84573055, 48.55951274 ], [ 18.84584701, 48.55954279 ], [ 18.84648665, 48.55970778 ], [ 18.84671185, 48.55973997 ], [ 18.84667938, 48.55978357 ], [ 18.8477114, 48.56009236 ], [ 18.84780677, 48.56012258 ], [ 18.84797328, 48.56019376 ], [ 18.84836005, 48.56036308 ], [ 18.84854174, 48.56040582 ], [ 18.84853182, 48.56041965 ], [ 18.84867106, 48.56043627 ], [ 18.84893099, 48.56055993 ], [ 18.8491132, 48.56064663 ], [ 18.84969377, 48.56099228 ], [ 18.84984626, 48.56108321 ], [ 18.84992487, 48.56112996 ], [ 18.85005558, 48.56121317 ], [ 18.85044176, 48.56145904 ], [ 18.85043375, 48.56148082 ], [ 18.85039247, 48.56159225 ], [ 18.85051184, 48.56170481 ], [ 18.85060538, 48.56162037 ], [ 18.85059362, 48.5617327 ], [ 18.85059361, 48.56173279 ], [ 18.85058286, 48.56183426 ], [ 18.85058688, 48.56183474 ], [ 18.85059815, 48.56183605 ], [ 18.85062335, 48.56183898 ], [ 18.85067778, 48.56184533 ], [ 18.85071157, 48.56184925 ], [ 18.85077847, 48.56185697 ], [ 18.85080475, 48.56186005 ], [ 18.85086002, 48.56176251 ], [ 18.85093408, 48.56181562 ], [ 18.85102064, 48.56187785 ], [ 18.85117713, 48.56199027 ], [ 18.85141945, 48.56216425 ], [ 18.85222243, 48.56281148 ], [ 18.85234356, 48.56290916 ], [ 18.85238848, 48.56294542 ], [ 18.85272234, 48.56321445 ], [ 18.85315385, 48.56352456 ], [ 18.85338037, 48.56366551 ], [ 18.85340329, 48.56367978 ], [ 18.85343075, 48.563697 ], [ 18.85354841, 48.56362129 ], [ 18.85372078, 48.56351035 ], [ 18.85385698, 48.56342262 ], [ 18.85380806, 48.56339148 ], [ 18.85352159, 48.56320907 ], [ 18.85288475, 48.56283084 ], [ 18.85270541, 48.56272427 ], [ 18.85166779, 48.56201307 ], [ 18.85102299, 48.56155502 ], [ 18.85104734, 48.56144884 ], [ 18.85079599, 48.56125355 ], [ 18.85073548, 48.56130219 ], [ 18.85021643, 48.56092112 ], [ 18.84994677, 48.56071748 ], [ 18.8494946, 48.56052988 ], [ 18.84898892, 48.56027292 ], [ 18.84868139, 48.56015643 ], [ 18.84759163, 48.55974387 ], [ 18.84690571, 48.55951496 ], [ 18.84673184, 48.55951196 ], [ 18.84655014, 48.55949123 ], [ 18.84644709, 48.55944429 ], [ 18.84611772, 48.55935408 ], [ 18.84589208, 48.55929228 ], [ 18.84581599, 48.55927145 ], [ 18.84462287, 48.55903472 ], [ 18.84350409, 48.55887402 ], [ 18.84294144, 48.55884888 ], [ 18.84255337, 48.5588552 ], [ 18.84223722, 48.5588337 ], [ 18.84198678, 48.55881976 ], [ 18.8418735, 48.55881341 ], [ 18.84175659, 48.55880687 ], [ 18.84140758, 48.5588219 ], [ 18.84128847, 48.55882706 ], [ 18.84123706, 48.55882854 ], [ 18.84104997, 48.55883386 ], [ 18.84083412, 48.55883994 ], [ 18.84084778, 48.55878184 ], [ 18.84079226, 48.55875946 ], [ 18.84072745, 48.55879154 ], [ 18.84063696, 48.55883626 ], [ 18.83923499, 48.55890759 ], [ 18.83729451, 48.55897368 ], [ 18.83606779, 48.55902027 ], [ 18.83557939, 48.55902341 ], [ 18.83562141, 48.55894847 ], [ 18.83549995, 48.55895044 ] ] ] } },
{ "type": "Feature", "properties": { "@featureType": "CadastralParcel", "areaValue": { "value": 316, "@uom": "m2" }, "beginLifespanVersion": { "@nilReason": "http://inspire.ec.europa.eu/codelist/VoidReasonValue/Unpopulated", "@nil": "true" }, "endLifespanVersion": { "@nilReason": "http://inspire.ec.europa.eu/codelist/VoidReasonValue/Unpopulated", "@nil": "true" }, "inspireId": { "@dataType": "Identifier", "localId": "874515_1106.E", "namespace": "SK.ESKN.CP", "versionId": "20261005T06:10:26" }, "label": "1106", "nationalCadastralReference": "874515_1106.E", "referencePoint": { "type": "Point", "coordinates": [ 18.8433171, 48.55904502 ] }, "validFrom": "2026-09-30T16:00:00Z", "validTo": { "@nilReason": "http://inspire.ec.europa.eu/codelist/VoidReasonValue/Unpopulated", "@nil": "true" }, "administrativeUnit": { "@href": "#auAdmUnitS.2352" } }, "geometry": { "type": "Polygon", "coordinates": [ [ [ 18.84337577, 48.55891109 ], [ 18.84326699, 48.55891382 ], [ 18.84323997, 48.55899189 ], [ 18.84320323, 48.55909814 ], [ 18.84337897, 48.55911983 ], [ 18.84347391, 48.55890862 ], [ 18.84337577, 48.55891109 ] ] ] } },
{ "type": "Feature", "properties": { "@featureType": "CadastralParcel", "areaValue": { "value": 1575, "@uom": "m2" }, "beginLifespanVersion": { "@nilReason": "http://inspire.ec.europa.eu/codelist/VoidReasonValue/Unpopulated", "@nil": "true" }, "endLifespanVersion": { "@nilReason": "http://inspire.ec.europa.eu/codelist/VoidReasonValue/Unpopulated", "@nil": "true" }, "inspireId": { "@dataType": "Identifier", "localId": "874515_1051/2.E", "namespace": "SK.ESKN.CP", "versionId": "20261005T06:10:26" }, "label": "1051/2", "nationalCadastralReference": "874515_1051/2.E", "referencePoint": { "type": "Point", "coordinates": [ 18.84237131, 48.5589346 ] }, "validFrom": "2026-09-30T16:00:00Z", "validTo": { "@nilReason": "http://inspire.ec.europa.eu/codelist/VoidReasonValue/Unpopulated", "@nil": "true" }, "administrativeUnit": { "@href": "#auAdmUnitS.2352" } }, "geometry": { "type": "Polygon", "coordinates": [ [ [ 18.84223722, 48.5588337 ], [ 18.84198678, 48.55881976 ], [ 18.8418735, 48.55881341 ], [ 18.84177373, 48.55880785 ], [ 18.84185368, 48.55894553 ], [ 18.84192222, 48.55906358 ], [ 18.84211833, 48.55903139 ], [ 18.84257764, 48.55897419 ], [ 18.84279254, 48.5589474 ], [ 18.84298302, 48.55892367 ], [ 18.84341406, 48.55886996 ], [ 18.84294144, 48.55884888 ], [ 18.84255337, 48.5588552 ], [ 18.84223722, 48.5588337 ] ] ] } },
{ "type": "Feature", "properties": { "@featureType": "CadastralParcel", "areaValue": { "value": 1407, "@uom": "m2" }, "beginLifespanVersion": { "@nilReason": "http://inspire.ec.europa.eu/codelist/VoidReasonValue/Unpopulated", "@nil": "true" }, "endLifespanVersion": { "@nilReason": "http://inspire.ec.europa.eu/codelist/VoidReasonValue/Unpopulated", "@nil": "true" }, "inspireId": { "@dataType": "Identifier", "localId": "874515_325/2.E", "namespace": "SK.ESKN.CP", "versionId": "20261005T06:10:26" }, "label": "325/2", "nationalCadastralReference": "874515_325/2.E", "referencePoint": { "type": "Point", "coordinates": [ 18.84529273, 48.55883835 ] }, "validFrom": "2026-09-30T16:00:00Z", "validTo": { "@nilReason": "http://inspire.ec.europa.eu/codelist/VoidReasonValue/Unpopulated", "@nil": "true" }, "administrativeUnit": { "@href": "#auAdmUnitS.2352" } }, "geometry": { "type": "Polygon", "coordinates": [ [ [ 18.84584008, 48.5586174 ], [ 18.8457452, 48.55857963 ], [ 18.84550011, 48.55861009 ], [ 18.8447469, 48.55905931 ], [ 18.84500862, 48.55911126 ], [ 18.84584008, 48.5586174 ] ] ] } },
{ "type": "Feature", "properties": { "@featureType": "CadastralParcel", "areaValue": { "value": 1003, "@uom": "m2" }, "beginLifespanVersion": { "@nilReason": "http://inspire.ec.europa.eu/codelist/VoidReasonValue/Unpopulated", "@nil": "true" }, "endLifespanVersion": { "@nilReason": "http://inspire.ec.europa.eu/codelist/VoidReasonValue/Unpopulated", "@nil": "true" }, "inspireId": { "@dataType": "Identifier", "localId": "874515_326/3.E", "namespace": "SK.ESKN.CP", "versionId": "20261005T06:10:26" }, "label": "326/3", "nationalCadastralReference": "874515_326/3.E", "referencePoint": { "type": "Point", "coordinates": [ 18.84496657, 48.5588381 ] }, "validFrom": "2026-09-30T16:00:00Z", "validTo": { "@nilReason": "http://inspire.ec.europa.eu/codelist/VoidReasonValue/Unpopulated", "@nil": "true" }, "administrativeUnit": { "@href": "#auAdmUnitS.2352" } }, "geometry": { "type": "Polygon", "coordinates": [ [ [ 18.84550011, 48.55861009 ], [ 18.84511956, 48.5586575 ], [ 18.84451115, 48.55901871 ], [ 18.84462287, 48.55903472 ], [ 18.8447469, 48.55905931 ], [ 18.84550011, 48.55861009 ] ] ] } },
{ "type": "Feature", "properties": { "@featureType": "CadastralParcel", "areaValue": { "value": 748, "@uom": "m2" }, "beginLifespanVersion": { "@nilReason": "http://inspire.ec.europa.eu/codelist/VoidReasonValue/Unpopulated", "@nil": "true" }, "endLifespanVersion": { "@nilReason": "http://inspire.ec.europa.eu/codelist/VoidReasonValue/Unpopulated", "@nil": "true" }, "inspireId": { "@dataType": "Identifier", "localId": "874515_327/3.E", "namespace": "SK.ESKN.CP", "versionId": "20261005T06:10:26" }, "label": "327/3", "nationalCadastralReference": "874515_327/3.E", "referencePoint": { "type": "Point", "coordinates": [ 18.84466427, 48.55884391 ] }, "validFrom": "2026-09-30T16:00:00Z", "validTo": { "@nilReason": "http://inspire.ec.europa.eu/codelist/VoidReasonValue/Unpopulated", "@nil": "true" }, "administrativeUnit": { "@href": "#auAdmUnitS.2352" } }, "geometry": { "type": "Polygon", "coordinates": [ [ [ 18.84511956, 48.5586575 ], [ 18.84476315, 48.55870192 ], [ 18.84428277, 48.5589859 ], [ 18.84451115, 48.55901871 ], [ 18.84511956, 48.5586575 ] ] ] } },
{ "type": "Feature", "properties": { "@featureType": "CadastralParcel", "areaValue": { "value": 310, "@uom": "m2" }, "beginLifespanVersion": { "@nilReason": "http://inspire.ec.europa.eu/codelist/VoidReasonValue/Unpopulated", "@nil": "true" }, "endLifespanVersion": { "@nilReason": "http://inspire.ec.europa.eu/codelist/VoidReasonValue/Unpopulated", "@nil": "true" }, "inspireId": { "@dataType": "Identifier", "localId": "874515_328/3.E", "namespace": "SK.ESKN.CP", "versionId": "20261005T06:10:26" }, "label": "328/3", "nationalCadastralReference": "874515_328/3.E", "referencePoint": { "type": "Point", "coordinates": [ 18.84444651, 48.55884681 ] }, "validFrom": "2026-09-30T16:00:00Z", "validTo": { "@nilReason": "http://inspire.ec.europa.eu/codelist/VoidReasonValue/Unpopulated", "@nil": "true" }, "administrativeUnit": { "@href": "#auAdmUnitS.2352" } }, "geometry": { "type": "Polygon", "coordinates": [ [ [ 18.84476315, 48.55870192 ], [ 18.84458301, 48.55872439 ], [ 18.84416691, 48.55896922 ], [ 18.84428277, 48.5589859 ], [ 18.84476315, 48.55870192 ] ] ] } },
{ "type": "Feature", "properties": { "@featureType": "CadastralParcel", "areaValue": { "value": 276, "@uom": "m2" }, "beginLifespanVersion": { "@nilReason": "http://inspire.ec.europa.eu/codelist/VoidReasonValue/Unpopulated", "@nil": "true" }, "endLifespanVersion": { "@nilReason": "http://inspire.ec.europa.eu/codelist/VoidReasonValue/Unpopulated", "@nil": "true" }, "inspireId": { "@dataType": "Identifier", "localId": "874515_328/4.E", "namespace": "SK.ESKN.CP", "versionId": "20261005T06:10:26" }, "label": "328/4", "nationalCadastralReference": "874515_328/4.E", "referencePoint": { "type": "Point", "coordinates": [ 18.84429474, 48.55884992 ] }, "validFrom": "2026-09-30T16:00:00Z", "validTo": { "@nilReason": "http://inspire.ec.europa.eu/codelist/VoidReasonValue/Unpopulated", "@nil": "true" }, "administrativeUnit": { "@href": "#auAdmUnitS.2352" } }, "geometry": { "type": "Polygon", "coordinates": [ [ [ 18.84458301, 48.55872439 ], [ 18.84439336, 48.55874799 ], [ 18.84404624, 48.55895185 ], [ 18.84416691, 48.55896922 ], [ 18.84458301, 48.55872439 ] ] ] } },
{ "type": "Feature", "properties": { "@featureType": "CadastralParcel", "areaValue": { "value": 461, "@uom": "m2" }, "beginLifespanVersion": { "@nilReason": "http://inspire.ec.europa.eu/codelist/VoidReasonValue/Unpopulated", "@nil": "true" }, "endLifespanVersion": { "@nilReason": "http://inspire.ec.europa.eu/codelist/VoidReasonValue/Unpopulated", "@nil": "true" }, "inspireId": { "@dataType": "Identifier", "localId": "874515_329/3.E", "namespace": "SK.ESKN.CP", "versionId": "20261005T06:10:26" }, "label": "329/3", "nationalCadastralReference": "874515_329/3.E", "referencePoint": { "type": "Point", "coordinates": [ 18.84402402, 48.55885785 ] }, "validFrom": "2026-09-30T16:00:00Z", "validTo": { "@nilReason": "http://inspire.ec.europa.eu/codelist/VoidReasonValue/Unpopulated", "@nil": "true" }, "administrativeUnit": { "@href": "#auAdmUnitS.2352" } }, "geometry": { "type": "Polygon", "coordinates": [ [ [ 18.84439336, 48.55874799 ], [ 18.84392977, 48.55880578 ], [ 18.84375371, 48.55890992 ], [ 18.84404624, 48.55895185 ], [ 18.84439336, 48.55874799 ] ] ] } },
{ "type": "Feature", "properties": { "@featureType": "CadastralParcel", "areaValue": { "value": 533, "@uom": "m2" }, "beginLifespanVersion": { "@nilReason": "http://inspire.ec.europa.eu/codelist/VoidReasonValue/Unpopulated", "@nil": "true" }, "endLifespanVersion": { "@nilReason": "http://inspire.ec.europa.eu/codelist/VoidReasonValue/Unpopulated", "@nil": "true" }, "inspireId": { "@dataType": "Identifier", "localId": "874515_331/1.E", "namespace": "SK.ESKN.CP", "versionId": "20261005T06:10:26" }, "label": "331/1", "nationalCadastralReference": "874515_331/1.E", "referencePoint": { "type": "Point", "coordinates": [ 18.84308872, 48.55895778 ] }, "validFrom": "2026-09-30T16:00:00Z", "validTo": { "@nilReason": "http://inspire.ec.europa.eu/codelist/VoidReasonValue/Unpopulated", "@nil": "true" }, "administrativeUnit": { "@href": "#auAdmUnitS.2352" } }, "geometry": { "type": "Polygon", "coordinates": [ [ [ 18.84341406, 48.55886996 ], [ 18.84298302, 48.55892367 ], [ 18.842724, 48.55907771 ], [ 18.84308503, 48.55908405 ], [ 18.84323997, 48.55899189 ], [ 18.84326699, 48.55891382 ], [ 18.84337577, 48.55891109 ], [ 18.84344271, 48.55887127 ], [ 18.84341406, 48.55886996 ] ] ] } },
{ "type": "Feature", "properties": { "@featureType": "CadastralParcel", "areaValue": { "value": 694, "@uom": "m2" }, "beginLifespanVersion": { "@nilReason": "http://inspire.ec.europa.eu/codelist/VoidReasonValue/Unpopulated", "@nil": "true" }, "endLifespanVersion": { "@nilReason": "http://inspire.ec.europa.eu/codelist/VoidReasonValue/Unpopulated", "@nil": "true" }, "inspireId": { "@dataType": "Identifier", "localId": "874515_335/3.E", "namespace": "SK.ESKN.CP", "versionId": "20261005T06:10:26" }, "label": "335/3", "nationalCadastralReference": "874515_335/3.E", "referencePoint": { "type": "Point", "coordinates": [ 18.8416755, 48.55887851 ] }, "validFrom": "2026-09-30T16:00:00Z", "validTo": { "@nilReason": "http://inspire.ec.europa.eu/codelist/VoidReasonValue/Unpopulated", "@nil": "true" }, "administrativeUnit": { "@href": "#auAdmUnitS.2352" } }, "geometry": { "type": "Polygon", "coordinates": [ [ [ 18.84177373, 48.55880785 ], [ 18.84175659, 48.55880687 ], [ 18.84164949, 48.55881149 ], [ 18.84124752, 48.55904938 ], [ 18.84157082, 48.55905746 ], [ 18.84166156, 48.55905903 ], [ 18.84185368, 48.55894553 ], [ 18.84177373, 48.55880785 ] ] ] } },
{ "type": "Feature", "properties": { "@featureType": "CadastralParcel", "areaValue": { "value": 344, "@uom": "m2" }, "beginLifespanVersion": { "@nilReason": "http://inspire.ec.europa.eu/codelist/VoidReasonValue/Unpopulated", "@nil": "true" }, "endLifespanVersion": { "@nilReason": "http://inspire.ec.europa.eu/codelist/VoidReasonValue/Unpopulated", "@nil": "true" }, "inspireId": { "@dataType": "Identifier", "localId": "874515_336/3.E", "namespace": "SK.ESKN.CP", "versionId": "20261005T06:10:26" }, "label": "336/3", "nationalCadastralReference": "874515_336/3.E", "referencePoint": { "type": "Point", "coordinates": [ 18.84135444, 48.55893245 ] }, "validFrom": "2026-09-30T16:00:00Z", "validTo": { "@nilReason": "http://inspire.ec.europa.eu/codelist/VoidReasonValue/Unpopulated", "@nil": "true" }, "administrativeUnit": { "@href": "#auAdmUnitS.2352" } }, "geometry": { "type": "Polygon", "coordinates": [ [ [ 18.84164949, 48.55881149 ], [ 18.84145403, 48.5588199 ], [ 18.84107354, 48.55904501 ], [ 18.84124752, 48.55904938 ], [ 18.84164949, 48.55881149 ] ] ] } },
{ "type": "Feature", "properties": { "@featureType": "CadastralParcel", "areaValue": { "value": 325, "@uom": "m2" }, "beginLifespanVersion": { "@nilReason": "http://inspire.ec.europa.eu/codelist/VoidReasonValue/Unpopulated", "@nil": "true" }, "endLifespanVersion": { "@nilReason": "http://inspire.ec.europa.eu/codelist/VoidReasonValue/Unpopulated", "@nil": "true" }, "inspireId": { "@dataType": "Identifier", "localId": "874515_336/4.E", "namespace": "SK.ESKN.CP", "versionId": "20261005T06:10:26" }, "label": "336/4", "nationalCadastralReference": "874515_336/4.E", "referencePoint": { "type": "Point", "coordinates": [ 18.84117007, 48.55893427 ] }, "validFrom": "2026-09-30T16:00:00Z", "validTo": { "@nilReason": "http://inspire.ec.europa.eu/codelist/VoidReasonValue/Unpopulated", "@nil": "true" }, "administrativeUnit": { "@href": "#auAdmUnitS.2352" } }, "geometry": { "type": "Polygon", "coordinates": [ [ [ 18.84145403, 48.5588199 ], [ 18.84140758, 48.5588219 ], [ 18.84128847, 48.55882706 ], [ 18.84125929, 48.55882789 ], [ 18.84089955, 48.55904064 ], [ 18.84107354, 48.55904501 ], [ 18.84145403, 48.5588199 ] ] ] } },
{ "type": "Feature", "properties": { "@featureType": "CadastralParcel", "areaValue": { "value": 1047, "@uom": "m2" }, "beginLifespanVersion": { "@nilReason": "http://inspire.ec.europa.eu/codelist/VoidReasonValue/Unpopulated", "@nil": "true" }, "endLifespanVersion": { "@nilReason": "http://inspire.ec.europa.eu/codelist/VoidReasonValue/Unpopulated", "@nil": "true" }, "inspireId": { "@dataType": "Identifier", "localId": "874515_337/4.E", "namespace": "SK.ESKN.CP", "versionId": "20261005T06:10:26" }, "label": "337/4", "nationalCadastralReference": "874515_337/4.E", "referencePoint": { "type": "Point", "coordinates": [ 18.84081041, 48.55893986 ] }, "validFrom": "2026-09-30T16:00:00Z", "validTo": { "@nilReason": "http://inspire.ec.europa.eu/codelist/VoidReasonValue/Unpopulated", "@nil": "true" }, "administrativeUnit": { "@href": "#auAdmUnitS.2352" } }, "geometry": { "type": "Polygon", "coordinates": [ [ [ 18.84125929, 48.55882789 ], [ 18.84123706, 48.55882854 ], [ 18.84104997, 48.55883386 ], [ 18.84083412, 48.55883994 ], [ 18.84084778, 48.55878184 ], [ 18.84082833, 48.55877397 ], [ 18.84030349, 48.55908773 ], [ 18.84027886, 48.5591099 ], [ 18.84040396, 48.55912995 ], [ 18.8405255, 48.55906059 ], [ 18.84086364, 48.55903977 ], [ 18.84089955, 48.55904064 ], [ 18.84125929, 48.55882789 ] ] ] } },
{ "type": "Feature", "properties": { "@featureType": "CadastralParcel", "areaValue": { "value": 492, "@uom": "m2" }, "beginLifespanVersion": { "@nilReason": "http://inspire.ec.europa.eu/codelist/VoidReasonValue/Unpopulated", "@nil": "true" }, "endLifespanVersion": { "@nilReason": "http://inspire.ec.europa.eu/codelist/VoidReasonValue/Unpopulated", "@nil": "true" }, "inspireId": { "@dataType": "Identifier", "localId": "874515_338/3.E", "namespace": "SK.ESKN.CP", "versionId": "20261005T06:10:26" }, "label": "338/3", "nationalCadastralReference": "874515_338/3.E", "referencePoint": { "type": "Point", "coordinates": [ 18.84042033, 48.55894704 ] }, "validFrom": "2026-09-30T16:00:00Z", "validTo": { "@nilReason": "http://inspire.ec.europa.eu/codelist/VoidReasonValue/Unpopulated", "@nil": "true" }, "administrativeUnit": { "@href": "#auAdmUnitS.2352" } }, "geometry": { "type": "Polygon", "coordinates": [ [ [ 18.84082833, 48.55877397 ], [ 18.84079226, 48.55875946 ], [ 18.84072745, 48.55879154 ], [ 18.84063696, 48.55883626 ], [ 18.84047562, 48.55884446 ], [ 18.84006057, 48.55908943 ], [ 18.84034592, 48.55904962 ], [ 18.84030349, 48.55908773 ], [ 18.84082833, 48.55877397 ] ] ] } },
{ "type": "Feature", "properties": { "@featureType": "CadastralParcel", "areaValue": { "value": 13985, "@uom": "m2" }, "beginLifespanVersion": { "@nilReason": "http://inspire.ec.europa.eu/codelist/VoidReasonValue/Unpopulated", "@nil": "true" }, "endLifespanVersion": { "@nilReason": "http://inspire.ec.europa.eu/codelist/VoidReasonValue/Unpopulated", "@nil": "true" }, "inspireId": { "@dataType": "Identifier", "localId": "874515_1051/7.E", "namespace": "SK.ESKN.CP", "versionId": "20261005T06:10:26" }, "label": "1051/7", "nationalCadastralReference": "874515_1051/7.E", "referencePoint": { "type": "Point", "coordinates": [ 18.84827518, 48.55583082 ] }, "validFrom": "2026-09-30T16:00:00Z", "validTo": { "@nilReason": "http://inspire.ec.europa.eu/codelist/VoidReasonValue/Unpopulated", "@nil": "true" }, "administrativeUnit": { "@href": "#auAdmUnitS.2352" } }, "geometry": { "type": "MultiPolygon", "coordinates": [ [ [ [ 18.84753639, 48.55729003 ], [ 18.84723761, 48.5576625 ], [ 18.8470034, 48.55794738 ], [ 18.84663651, 48.55815536 ], [ 18.84623273, 48.55831902 ], [ 18.84592542, 48.55837349 ], [ 18.84554042, 48.55843907 ], [ 18.84438004, 48.55853972 ], [ 18.84223722, 48.5588337 ], [ 18.84255337, 48.5588552 ], [ 18.84294144, 48.55884888 ], [ 18.84341406, 48.55886996 ], [ 18.84345309, 48.55886514 ], [ 18.84392977, 48.55880578 ], [ 18.84439336, 48.55874799 ], [ 18.84458301, 48.55872439 ], [ 18.84476315, 48.55870192 ], [ 18.84511956, 48.5586575 ], [ 18.84550011, 48.55861009 ], [ 18.8457452, 48.55857963 ], [ 18.84584008, 48.5586174 ], [ 18.84604088, 48.5586974 ], [ 18.84628254, 48.55879378 ], [ 18.84626258, 48.55870731 ], [ 18.84611071, 48.55862273 ], [ 18.84608765, 48.55850498 ], [ 18.84615827, 48.55840067 ], [ 18.84647657, 48.55830491 ], [ 18.84670343, 48.55821134 ], [ 18.84706508, 48.5579763 ], [ 18.84728362, 48.55783801 ], [ 18.84763804, 48.55737408 ], [ 18.84753639, 48.55729003 ] ] ], [ [ [ 18.85200561, 48.55483257 ], [ 18.85197109, 48.55480948 ], [ 18.85108567, 48.55529652 ], [ 18.85002242, 48.55531765 ], [ 18.84919509, 48.55537197 ], [ 18.84874443, 48.55513861 ], [ 18.84847994, 48.55538891 ], [ 18.84821025, 48.55574538 ], [ 18.84763745, 48.55643043 ], [ 18.84770458, 48.55662499 ], [ 18.84777075, 48.55671955 ], [ 18.84807226, 48.55624096 ], [ 18.84824709, 48.5561298 ], [ 18.8482233, 48.55610222 ], [ 18.84818146, 48.55597429 ], [ 18.84830962, 48.55590048 ], [ 18.84851346, 48.55576115 ], [ 18.84858387, 48.55554452 ], [ 18.84868303, 48.55562085 ], [ 18.84923618, 48.55553045 ], [ 18.84949014, 48.55538208 ], [ 18.84965885, 48.55538264 ], [ 18.84983007, 48.55547707 ], [ 18.85001624, 48.55551859 ], [ 18.85012767, 48.55556462 ], [ 18.8510361, 48.55533309 ], [ 18.85115462, 48.55530299 ], [ 18.8512653, 48.55527473 ], [ 18.85135686, 48.55530268 ], [ 18.85157773, 48.55511452 ], [ 18.85200561, 48.55483257 ] ] ] ] } }
]
}
