{
"type": "FeatureCollection",
"name": "gis",
"crs": { "type": "name", "properties": { "name": "urn:ogc:def:crs:OGC:1.3:CRS84" } },
"features": [
{ "type": "Feature", "properties": { "@featureType": "CadastralZoning", "beginLifespanVersion": { "@nilReason": "http://inspire.ec.europa.eu/codelist/VoidReasonValue/Unpopulated", "@nil": "true" }, "endLifespanVersion": { "@nilReason": "http://inspire.ec.europa.eu/codelist/VoidReasonValue/Unpopulated", "@nil": "true" }, "estimatedAccuracy": { "value": -1, "@uom": "m" }, "inspireId": { "@dataType": "Identifier", "localId": "834602", "namespace": "SK.ESKN.CP", "versionId": "20260703T04:07:40" }, "label": "Mačov", "level": { "@href": "http://inspire.ec.europa.eu/codelist/CadastralZoningLevelValue/3rdOrder" }, "levelName": { "value": "Katastrálne územie", "@locale": "sk" }, "name": { "@dataType": "name", "GeographicalName": { "@dataType": "GeographicalName", "language": "SLK", "nativeness": { "@href": "http://inspire.ec.europa.eu/codelist/NativenessValue/endonym", "@title": "endonym" }, "nameStatus": { "@href": "http://inspire.ec.europa.eu/codelist/NameStatusValue/official", "@title": "official" }, "sourceOfName": { "@nilReason": "http://inspire.ec.europa.eu/codelist/VoidReasonValue/Unpopulated", "@nil": "true" }, "pronunciation": { "@dataType": "pronunciation", "@nilReason": "http://inspire.ec.europa.eu/codelist/VoidReasonValue/Unpopulated", "@nil": "true" }, "spelling": { "@dataType": "SpellingOfName", "text": "Mačov", "script": "LATN" } } }, "nationalCadastalZoningReference": "834602", "validFrom": "2026-06-30T16:00:00Z", "validTo": { "@nilReason": "http://inspire.ec.europa.eu/codelist/VoidReasonValue/Unpopulated", "@nil": "true" } }, "geometry": { "type": "MultiPolygon", "coordinates": [ [ [ [ 18.51874063, 48.7863152 ], [ 18.51888225, 48.78628892 ], [ 18.51924092, 48.7862208 ], [ 18.51929781, 48.78627806 ], [ 18.51932522, 48.78630563 ], [ 18.51940235, 48.78623928 ], [ 18.5194176, 48.7862134 ], [ 18.5194468, 48.78610671 ], [ 18.51950362, 48.78597788 ], [ 18.51949467, 48.78591188 ], [ 18.51950241, 48.78582604 ], [ 18.51947334, 48.78573312 ], [ 18.51946305, 48.78565171 ], [ 18.51952366, 48.78556893 ], [ 18.51966351, 48.78554048 ], [ 18.51987482, 48.78538399 ], [ 18.52012602, 48.78531686 ], [ 18.52014865, 48.78529103 ], [ 18.52016028, 48.785209 ], [ 18.52020538, 48.78514758 ], [ 18.52040919, 48.78499863 ], [ 18.52045394, 48.78496624 ], [ 18.52052979, 48.78497562 ], [ 18.52064292, 48.78495761 ], [ 18.52066183, 48.78494836 ], [ 18.52071487, 48.78486282 ], [ 18.52082823, 48.78477535 ], [ 18.52082814, 48.78470405 ], [ 18.5209841, 48.78455556 ], [ 18.52107926, 48.78451094 ], [ 18.52120802, 48.78450453 ], [ 18.52128483, 48.78450069 ], [ 18.52135228, 48.78452044 ], [ 18.52154693, 48.78441412 ], [ 18.52159163, 48.78434058 ], [ 18.52168427, 48.7842332 ], [ 18.52192297, 48.78406288 ], [ 18.52199327, 48.78397684 ], [ 18.52201455, 48.78391808 ], [ 18.52199938, 48.78388657 ], [ 18.5219167, 48.78380517 ], [ 18.5220385, 48.78377464 ], [ 18.52214836, 48.78368896 ], [ 18.5222935, 48.78366404 ], [ 18.52243613, 48.78371587 ], [ 18.52252329, 48.78369807 ], [ 18.5225435, 48.78360857 ], [ 18.52268213, 48.78362914 ], [ 18.52274136, 48.78361631 ], [ 18.52284464, 48.78347396 ], [ 18.5228287, 48.78342454 ], [ 18.52275865, 48.78341909 ], [ 18.52263537, 48.78330641 ], [ 18.52267187, 48.78327664 ], [ 18.52279055, 48.7832907 ], [ 18.52302486, 48.78316417 ], [ 18.5230867, 48.78318506 ], [ 18.5231143, 48.78329629 ], [ 18.52314778, 48.78330372 ], [ 18.52322569, 48.78322892 ], [ 18.52354048, 48.78320568 ], [ 18.52369689, 48.78313644 ], [ 18.52373007, 48.78311136 ], [ 18.52374127, 48.78309609 ], [ 18.52374787, 48.78303021 ], [ 18.52379164, 48.78301979 ], [ 18.52386867, 48.78300324 ], [ 18.52391204, 48.78297529 ], [ 18.52398301, 48.78292538 ], [ 18.52425033, 48.78283404 ], [ 18.52450228, 48.78276297 ], [ 18.52460774, 48.78273317 ], [ 18.52462801, 48.78272724 ], [ 18.52468821, 48.78282889 ], [ 18.52470403, 48.78289021 ], [ 18.52478103, 48.78297879 ], [ 18.52480216, 48.78300314 ], [ 18.52479912, 48.78309519 ], [ 18.52478961, 48.78314719 ], [ 18.52477643, 48.78322643 ], [ 18.52478398, 48.78327737 ], [ 18.52482583, 48.78330962 ], [ 18.52490846, 48.78334337 ], [ 18.52506052, 48.78335257 ], [ 18.52513447, 48.78338151 ], [ 18.52518463, 48.78349146 ], [ 18.52517658, 48.78361482 ], [ 18.52538247, 48.7836304 ], [ 18.52551565, 48.78377754 ], [ 18.52576649, 48.7837656 ], [ 18.52581754, 48.78375918 ], [ 18.52590829, 48.78369303 ], [ 18.52599265, 48.78369763 ], [ 18.52609283, 48.78374173 ], [ 18.52609642, 48.78382007 ], [ 18.5263344, 48.78397221 ], [ 18.52643423, 48.78402566 ], [ 18.52647706, 48.78413304 ], [ 18.52647587, 48.78426274 ], [ 18.52666901, 48.78431046 ], [ 18.52666259, 48.78446009 ], [ 18.52669216, 48.78447921 ], [ 18.52673498, 48.7844884 ], [ 18.52687111, 48.78448085 ], [ 18.52717998, 48.78439691 ], [ 18.52724982, 48.78439747 ], [ 18.52728043, 48.78445193 ], [ 18.52726631, 48.78455837 ], [ 18.5273464, 48.78463872 ], [ 18.52754013, 48.78471661 ], [ 18.52767237, 48.78484511 ], [ 18.52774833, 48.78488526 ], [ 18.52776816, 48.78487849 ], [ 18.5278071, 48.78486518 ], [ 18.52820612, 48.78472092 ], [ 18.52838816, 48.78476785 ], [ 18.52967023, 48.78477598 ], [ 18.53077725, 48.78455545 ], [ 18.53101389, 48.78451079 ], [ 18.53094566, 48.78424257 ], [ 18.53093846, 48.78421159 ], [ 18.53136926, 48.78414954 ], [ 18.5317204, 48.78398839 ], [ 18.53199897, 48.78386155 ], [ 18.53250458, 48.78378426 ], [ 18.5331009, 48.78374387 ], [ 18.53321161, 48.78387425 ], [ 18.53326521, 48.78394593 ], [ 18.53329996, 48.784011 ], [ 18.5333615, 48.78415458 ], [ 18.53455469, 48.78425103 ], [ 18.53508548, 48.78379701 ], [ 18.53576732, 48.78375954 ], [ 18.53684497, 48.78370502 ], [ 18.53803448, 48.78326504 ], [ 18.53849746, 48.78316709 ], [ 18.53854753, 48.78315646 ], [ 18.53891359, 48.78308012 ], [ 18.53893714, 48.78284209 ], [ 18.53889435, 48.78265748 ], [ 18.53874711, 48.78244218 ], [ 18.5385535, 48.78227245 ], [ 18.53849768, 48.7821835 ], [ 18.53847617, 48.78214912 ], [ 18.5384818, 48.78190588 ], [ 18.53840105, 48.78171036 ], [ 18.53831243, 48.78164362 ], [ 18.53809866, 48.78140783 ], [ 18.53776606, 48.78129595 ], [ 18.53760578, 48.7813012 ], [ 18.53754281, 48.7812587 ], [ 18.53763522, 48.7812141 ], [ 18.53755478, 48.78112453 ], [ 18.53756788, 48.78108951 ], [ 18.53745543, 48.78105072 ], [ 18.53748297, 48.78093293 ], [ 18.53736971, 48.78087649 ], [ 18.53724704, 48.78074456 ], [ 18.53683504, 48.78031594 ], [ 18.53673102, 48.7801899 ], [ 18.53658379, 48.78015742 ], [ 18.53655797, 48.78005576 ], [ 18.53661644, 48.78004234 ], [ 18.53656443, 48.77997444 ], [ 18.53661916, 48.77993303 ], [ 18.53658207, 48.77987028 ], [ 18.53661323, 48.7798033 ], [ 18.53665739, 48.77976565 ], [ 18.53672493, 48.77968721 ], [ 18.53666199, 48.77951106 ], [ 18.53670959, 48.77937902 ], [ 18.5366194, 48.77914111 ], [ 18.53637382, 48.77904002 ], [ 18.53643856, 48.77897966 ], [ 18.53633206, 48.77881774 ], [ 18.53649081, 48.77849531 ], [ 18.53620394, 48.77834982 ], [ 18.53626633, 48.7782295 ], [ 18.53620258, 48.77816485 ], [ 18.5361711, 48.77812171 ], [ 18.53604271, 48.77809585 ], [ 18.5360398, 48.77797144 ], [ 18.53575228, 48.77791651 ], [ 18.53569471, 48.77782972 ], [ 18.53557452, 48.77775892 ], [ 18.53550017, 48.77765119 ], [ 18.53548274, 48.77748122 ], [ 18.53538828, 48.77740993 ], [ 18.53517266, 48.77727238 ], [ 18.53505848, 48.77722122 ], [ 18.5350577, 48.77705902 ], [ 18.53498017, 48.77697024 ], [ 18.53500205, 48.77671181 ], [ 18.53470526, 48.77658247 ], [ 18.53465111, 48.77642341 ], [ 18.5346873, 48.77632711 ], [ 18.53475324, 48.77626483 ], [ 18.53497889, 48.7761295 ], [ 18.5350228, 48.77607631 ], [ 18.53501938, 48.77587507 ], [ 18.53493053, 48.77547553 ], [ 18.53485758, 48.77543103 ], [ 18.53458882, 48.77540537 ], [ 18.53443628, 48.77529734 ], [ 18.53429849, 48.77507551 ], [ 18.53422804, 48.77472551 ], [ 18.53410754, 48.77458512 ], [ 18.53415448, 48.77438076 ], [ 18.53424901, 48.77430488 ], [ 18.5342788, 48.77418658 ], [ 18.53424714, 48.77404643 ], [ 18.53409546, 48.77395017 ], [ 18.53406215, 48.77380028 ], [ 18.53420895, 48.77370378 ], [ 18.5343116, 48.77365912 ], [ 18.53419584, 48.77352331 ], [ 18.53386815, 48.77342513 ], [ 18.53377391, 48.77333689 ], [ 18.53380231, 48.77325045 ], [ 18.53378573, 48.77323015 ], [ 18.53357907, 48.77320796 ], [ 18.53354061, 48.77318249 ], [ 18.53362754, 48.77309419 ], [ 18.53363591, 48.7730239 ], [ 18.53357412, 48.77296765 ], [ 18.53358255, 48.77290125 ], [ 18.5335445, 48.77282102 ], [ 18.53343832, 48.77272563 ], [ 18.53349579, 48.77260865 ], [ 18.53356441, 48.77255221 ], [ 18.5335737, 48.77249749 ], [ 18.53343177, 48.77249597 ], [ 18.53176957, 48.772962 ], [ 18.53161195, 48.77282923 ], [ 18.5310384, 48.77291345 ], [ 18.52989513, 48.77309833 ], [ 18.52899181, 48.77324432 ], [ 18.52794233, 48.77337005 ], [ 18.52706786, 48.77346526 ], [ 18.52597155, 48.77350684 ], [ 18.52549613, 48.77344045 ], [ 18.52503306, 48.77337582 ], [ 18.52497953, 48.7733683 ], [ 18.52470619, 48.77333018 ], [ 18.52350759, 48.77321473 ], [ 18.52337375, 48.77319108 ], [ 18.52329747, 48.77317762 ], [ 18.52287964, 48.7731039 ], [ 18.52265615, 48.77306453 ], [ 18.52262904, 48.77305971 ], [ 18.52190803, 48.77297909 ], [ 18.52188042, 48.77297604 ], [ 18.52186831, 48.77297466 ], [ 18.52173683, 48.77296269 ], [ 18.52160629, 48.77295087 ], [ 18.52105215, 48.77290047 ], [ 18.5207171, 48.77287657 ], [ 18.5206596, 48.77287243 ], [ 18.52052306, 48.77286271 ], [ 18.52006148, 48.77285933 ], [ 18.51947738, 48.77291205 ], [ 18.51896157, 48.77291219 ], [ 18.51869487, 48.77285701 ], [ 18.51796488, 48.77276206 ], [ 18.5177865, 48.77278226 ], [ 18.51622541, 48.77289833 ], [ 18.51492024, 48.77292973 ], [ 18.51446819, 48.77294074 ], [ 18.51441731, 48.77292731 ], [ 18.51410565, 48.77284529 ], [ 18.51383412, 48.77273496 ], [ 18.51311804, 48.77262161 ], [ 18.51293085, 48.77261191 ], [ 18.51251489, 48.7724361 ], [ 18.51241413, 48.77235984 ], [ 18.51150967, 48.77192051 ], [ 18.51108932, 48.77171449 ], [ 18.51083184, 48.77159897 ], [ 18.51044012, 48.77129959 ], [ 18.51016616, 48.77118478 ], [ 18.50989036, 48.77092351 ], [ 18.50905464, 48.77053953 ], [ 18.50871296, 48.77050116 ], [ 18.50793833, 48.7702834 ], [ 18.5079043, 48.77027387 ], [ 18.50758642, 48.77018282 ], [ 18.50705401, 48.77003022 ], [ 18.50670116, 48.76986975 ], [ 18.50630994, 48.76978444 ], [ 18.50577551, 48.76957829 ], [ 18.50560894, 48.76953487 ], [ 18.50516615, 48.76936876 ], [ 18.50440795, 48.76898755 ], [ 18.50305013, 48.76848377 ], [ 18.50300422, 48.76846673 ], [ 18.50290515, 48.76842935 ], [ 18.50286349, 48.76841326 ], [ 18.50037091, 48.76744875 ], [ 18.50023239, 48.76739513 ], [ 18.50002953, 48.76744952 ], [ 18.4999134, 48.76746987 ], [ 18.49971975, 48.76747694 ], [ 18.49945157, 48.76745357 ], [ 18.49896401, 48.76727685 ], [ 18.49861634, 48.76718847 ], [ 18.49850735, 48.76713449 ], [ 18.49847085, 48.76711642 ], [ 18.49822848, 48.76706794 ], [ 18.4979705, 48.76715468 ], [ 18.49763232, 48.76729965 ], [ 18.49757701, 48.7673226 ], [ 18.49751425, 48.76736906 ], [ 18.49749545, 48.76738292 ], [ 18.49747288, 48.76739955 ], [ 18.49645245, 48.76777674 ], [ 18.49591754, 48.76775317 ], [ 18.49532412, 48.76780742 ], [ 18.49502259, 48.76784845 ], [ 18.49482451, 48.76792232 ], [ 18.49455134, 48.76805054 ], [ 18.49442444, 48.76812073 ], [ 18.49429155, 48.7682516 ], [ 18.4943156, 48.76837312 ], [ 18.49421879, 48.76839182 ], [ 18.4936542, 48.76875005 ], [ 18.49356372, 48.76880951 ], [ 18.493492, 48.76885665 ], [ 18.49331133, 48.76893644 ], [ 18.49323402, 48.76898887 ], [ 18.49319059, 48.76903467 ], [ 18.49313461, 48.769126 ], [ 18.49336623, 48.76921334 ], [ 18.49327922, 48.76943435 ], [ 18.49298634, 48.76966175 ], [ 18.49266744, 48.77005503 ], [ 18.4926254, 48.77015704 ], [ 18.49264923, 48.77023037 ], [ 18.49297007, 48.77034761 ], [ 18.49298308, 48.77059396 ], [ 18.49296238, 48.77064787 ], [ 18.49287295, 48.77071425 ], [ 18.49270186, 48.77075901 ], [ 18.49267202, 48.7708052 ], [ 18.4926522, 48.77100644 ], [ 18.49259319, 48.77108496 ], [ 18.49263134, 48.77111376 ], [ 18.49266318, 48.77115161 ], [ 18.4927949, 48.77140719 ], [ 18.49282004, 48.77160042 ], [ 18.49294843, 48.77163472 ], [ 18.49293677, 48.77227084 ], [ 18.49287754, 48.77243796 ], [ 18.493562, 48.77264852 ], [ 18.49365111, 48.77267598 ], [ 18.49361478, 48.77276197 ], [ 18.49370973, 48.77310812 ], [ 18.49370735, 48.77329226 ], [ 18.49366638, 48.77339018 ], [ 18.49356799, 48.77351906 ], [ 18.49319067, 48.77380338 ], [ 18.49296187, 48.77394008 ], [ 18.49233121, 48.77407819 ], [ 18.49197298, 48.77427998 ], [ 18.49167296, 48.77447486 ], [ 18.49159986, 48.77460675 ], [ 18.49161163, 48.77481514 ], [ 18.49175718, 48.77494333 ], [ 18.49203751, 48.7750181 ], [ 18.49208573, 48.77506894 ], [ 18.49209261, 48.77514458 ], [ 18.49191964, 48.7755345 ], [ 18.49169577, 48.77589689 ], [ 18.49163594, 48.77603403 ], [ 18.49164223, 48.77622298 ], [ 18.49181678, 48.77640944 ], [ 18.49193259, 48.77648203 ], [ 18.4920051, 48.77651453 ], [ 18.49232393, 48.77642861 ], [ 18.49263767, 48.7764332 ], [ 18.49280374, 48.77648834 ], [ 18.49296436, 48.77656402 ], [ 18.49301744, 48.7765099 ], [ 18.49331286, 48.775791 ], [ 18.49467814, 48.77608846 ], [ 18.49595298, 48.77640494 ], [ 18.49634174, 48.77650144 ], [ 18.49641788, 48.77652249 ], [ 18.49654536, 48.77655773 ], [ 18.49689373, 48.77665399 ], [ 18.49697582, 48.77688428 ], [ 18.49695212, 48.77708603 ], [ 18.49694869, 48.77713727 ], [ 18.49694777, 48.7771522 ], [ 18.49701915, 48.77728399 ], [ 18.49706371, 48.7773663 ], [ 18.49725057, 48.77743746 ], [ 18.49732651, 48.77750254 ], [ 18.49739961, 48.77756521 ], [ 18.49744016, 48.77760001 ], [ 18.49750389, 48.77765467 ], [ 18.49747656, 48.77770272 ], [ 18.49743835, 48.77776993 ], [ 18.49741365, 48.77781333 ], [ 18.49736458, 48.77789962 ], [ 18.49733131, 48.77795474 ], [ 18.49741834, 48.77807502 ], [ 18.49742088, 48.77811351 ], [ 18.4974277, 48.77821685 ], [ 18.49744227, 48.77825303 ], [ 18.49750726, 48.77840314 ], [ 18.49754133, 48.77850049 ], [ 18.49760369, 48.77856933 ], [ 18.49768131, 48.77865147 ], [ 18.49770722, 48.77867888 ], [ 18.49772735, 48.7787002 ], [ 18.49773972, 48.77871044 ], [ 18.49778621, 48.77874909 ], [ 18.49786172, 48.77880232 ], [ 18.49781901, 48.77881839 ], [ 18.49794199, 48.77906563 ], [ 18.49809035, 48.77921192 ], [ 18.49825098, 48.7793431 ], [ 18.49828482, 48.77936607 ], [ 18.49867606, 48.77952352 ], [ 18.49882224, 48.77954687 ], [ 18.4989456, 48.77964541 ], [ 18.49902224, 48.77968968 ], [ 18.49912963, 48.779724 ], [ 18.49943598, 48.77979413 ], [ 18.49950241, 48.77991319 ], [ 18.49967422, 48.77998803 ], [ 18.49974575, 48.78000883 ], [ 18.49989748, 48.78002716 ], [ 18.49998669, 48.7800094 ], [ 18.50008879, 48.78002817 ], [ 18.50018521, 48.78018904 ], [ 18.50019612, 48.78027293 ], [ 18.50017401, 48.78032288 ], [ 18.50016462, 48.78036505 ], [ 18.50043029, 48.7804482 ], [ 18.50039105, 48.78064007 ], [ 18.50059734, 48.78079594 ], [ 18.50063422, 48.78086438 ], [ 18.50069212, 48.78091764 ], [ 18.50074986, 48.78094715 ], [ 18.50092965, 48.7810107 ], [ 18.50117587, 48.78111715 ], [ 18.50123317, 48.7810795 ], [ 18.5015617, 48.78085863 ], [ 18.5016316, 48.78078152 ], [ 18.50184084, 48.78066691 ], [ 18.50191312, 48.78059146 ], [ 18.50207587, 48.78050671 ], [ 18.50246334, 48.78033519 ], [ 18.50348048, 48.78098723 ], [ 18.50365816, 48.78115796 ], [ 18.50404261, 48.78135661 ], [ 18.50437081, 48.78158467 ], [ 18.50499642, 48.78182153 ], [ 18.50603145, 48.78187515 ], [ 18.50623601, 48.78183699 ], [ 18.50637584, 48.7818109 ], [ 18.50668562, 48.78182109 ], [ 18.50736254, 48.7816488 ], [ 18.50774044, 48.78150777 ], [ 18.50799656, 48.78141667 ], [ 18.5081054, 48.78124124 ], [ 18.50827997, 48.78122661 ], [ 18.50839446, 48.78124353 ], [ 18.5089264, 48.78144338 ], [ 18.50926035, 48.78159847 ], [ 18.51040719, 48.78202932 ], [ 18.51074317, 48.78205827 ], [ 18.51099185, 48.78203632 ], [ 18.5117233, 48.78205748 ], [ 18.51208173, 48.7820816 ], [ 18.51239634, 48.78219934 ], [ 18.51284393, 48.78242416 ], [ 18.51317386, 48.78257441 ], [ 18.51320297, 48.78259053 ], [ 18.51387143, 48.78296098 ], [ 18.51441818, 48.78352367 ], [ 18.51467151, 48.7841036 ], [ 18.51542303, 48.78477827 ], [ 18.5154693, 48.78481987 ], [ 18.51619736, 48.78507671 ], [ 18.5162349, 48.78508995 ], [ 18.51676509, 48.78540463 ], [ 18.51732014, 48.78585892 ], [ 18.51769794, 48.78632093 ], [ 18.51818537, 48.78638385 ], [ 18.51874063, 48.7863152 ] ] ] ] } },
{ "type": "Feature", "properties": { "@featureType": "CadastralZoning", "beginLifespanVersion": { "@nilReason": "http://inspire.ec.europa.eu/codelist/VoidReasonValue/Unpopulated", "@nil": "true" }, "endLifespanVersion": { "@nilReason": "http://inspire.ec.europa.eu/codelist/VoidReasonValue/Unpopulated", "@nil": "true" }, "estimatedAccuracy": { "value": -1, "@uom": "m" }, "inspireId": { "@dataType": "Identifier", "localId": "810738", "namespace": "SK.ESKN.CP", "versionId": "20260703T04:07:40" }, "label": "Vrbany", "level": { "@href": "http://inspire.ec.europa.eu/codelist/CadastralZoningLevelValue/3rdOrder" }, "levelName": { "value": "Katastrálne územie", "@locale": "sk" }, "name": { "@dataType": "name", "GeographicalName": { "@dataType": "GeographicalName", "language": "SLK", "nativeness": { "@href": "http://inspire.ec.europa.eu/codelist/NativenessValue/endonym", "@title": "endonym" }, "nameStatus": { "@href": "http://inspire.ec.europa.eu/codelist/NameStatusValue/official", "@title": "official" }, "sourceOfName": { "@nilReason": "http://inspire.ec.europa.eu/codelist/VoidReasonValue/Unpopulated", "@nil": "true" }, "pronunciation": { "@dataType": "pronunciation", "@nilReason": "http://inspire.ec.europa.eu/codelist/VoidReasonValue/Unpopulated", "@nil": "true" }, "spelling": { "@dataType": "SpellingOfName", "text": "Vrbany", "script": "LATN" } } }, "nationalCadastalZoningReference": "810738", "validFrom": "2026-06-30T16:00:00Z", "validTo": { "@nilReason": "http://inspire.ec.europa.eu/codelist/VoidReasonValue/Unpopulated", "@nil": "true" } }, "geometry": { "type": "MultiPolygon", "coordinates": [ [ [ [ 18.52416684, 48.76138087 ], [ 18.52491214, 48.7609 ], [ 18.5259957, 48.76098011 ], [ 18.52621992, 48.76106455 ], [ 18.52649249, 48.76124259 ], [ 18.52735298, 48.76111992 ], [ 18.52773406, 48.76133853 ], [ 18.52912839, 48.76144731 ], [ 18.5296608, 48.76120836 ], [ 18.52973324, 48.76117586 ], [ 18.5296645, 48.76107167 ], [ 18.52965845, 48.76102938 ], [ 18.52979655, 48.76093449 ], [ 18.52990406, 48.76085942 ], [ 18.52990088, 48.76077342 ], [ 18.52982085, 48.76069073 ], [ 18.52977556, 48.76063366 ], [ 18.52965421, 48.76044909 ], [ 18.52956301, 48.76038257 ], [ 18.52939906, 48.76040141 ], [ 18.52929674, 48.76044032 ], [ 18.52921467, 48.76045271 ], [ 18.52918612, 48.76045178 ], [ 18.52907373, 48.7603102 ], [ 18.52912469, 48.76026173 ], [ 18.52917441, 48.7602472 ], [ 18.52939429, 48.76009199 ], [ 18.52944186, 48.75998432 ], [ 18.52951663, 48.75988724 ], [ 18.52948748, 48.75982122 ], [ 18.52947312, 48.75979634 ], [ 18.52939794, 48.7597131 ], [ 18.52928031, 48.75968339 ], [ 18.5292079, 48.7596151 ], [ 18.52921052, 48.75952528 ], [ 18.52921171, 48.75942175 ], [ 18.5293011, 48.75938466 ], [ 18.52939561, 48.75939072 ], [ 18.52944669, 48.75934677 ], [ 18.52946225, 48.75906039 ], [ 18.52952721, 48.75906483 ], [ 18.52953059, 48.7590421 ], [ 18.52962121, 48.75904109 ], [ 18.52962246, 48.75894361 ], [ 18.52961247, 48.75883893 ], [ 18.52981071, 48.75873243 ], [ 18.52989822, 48.7586393 ], [ 18.53000358, 48.75859786 ], [ 18.53000283, 48.75850875 ], [ 18.5300153, 48.75835314 ], [ 18.53009763, 48.75827308 ], [ 18.53037529, 48.75823553 ], [ 18.53040251, 48.75806123 ], [ 18.53040487, 48.75804232 ], [ 18.53037528, 48.75794812 ], [ 18.53032964, 48.75781189 ], [ 18.53035226, 48.75776521 ], [ 18.53048505, 48.75772589 ], [ 18.53053621, 48.75768014 ], [ 18.53052079, 48.75761676 ], [ 18.53040524, 48.75757481 ], [ 18.53033418, 48.75748367 ], [ 18.53035787, 48.75738362 ], [ 18.53012679, 48.7572176 ], [ 18.53005712, 48.75720279 ], [ 18.5299502, 48.75712567 ], [ 18.52994179, 48.75705527 ], [ 18.53002671, 48.75699277 ], [ 18.53012262, 48.75697662 ], [ 18.53024839, 48.75689297 ], [ 18.53023772, 48.75679592 ], [ 18.53018199, 48.75667494 ], [ 18.5301904, 48.75659554 ], [ 18.53023561, 48.75655487 ], [ 18.53040427, 48.7564436 ], [ 18.53036907, 48.75638664 ], [ 18.53012669, 48.75632865 ], [ 18.52999655, 48.75619151 ], [ 18.53012569, 48.75593985 ], [ 18.53012981, 48.75592762 ], [ 18.53004861, 48.75585659 ], [ 18.53002716, 48.75584143 ], [ 18.52996691, 48.75572607 ], [ 18.52990053, 48.75561614 ], [ 18.52980303, 48.7554723 ], [ 18.52978248, 48.75545981 ], [ 18.52970386, 48.75540634 ], [ 18.52968679, 48.75532221 ], [ 18.52975111, 48.75517872 ], [ 18.52988372, 48.75488618 ], [ 18.52999464, 48.75485587 ], [ 18.53004292, 48.75481131 ], [ 18.53003914, 48.7546022 ], [ 18.53001448, 48.75457234 ], [ 18.5300373, 48.75454588 ], [ 18.53011205, 48.75452541 ], [ 18.53011334, 48.75445609 ], [ 18.53006621, 48.75441381 ], [ 18.53001764, 48.754323 ], [ 18.52995761, 48.75428453 ], [ 18.52986956, 48.75425418 ], [ 18.52979206, 48.75423759 ], [ 18.52972254, 48.75418669 ], [ 18.5297071, 48.75417484 ], [ 18.52972234, 48.75413145 ], [ 18.53003657, 48.75397462 ], [ 18.53018931, 48.75383118 ], [ 18.53007756, 48.7536474 ], [ 18.53005698, 48.75363734 ], [ 18.53003221, 48.75357995 ], [ 18.53009835, 48.75351913 ], [ 18.53015607, 48.75344269 ], [ 18.5302619, 48.75328693 ], [ 18.53014257, 48.75306006 ], [ 18.53014218, 48.75300743 ], [ 18.53017865, 48.75291972 ], [ 18.53016409, 48.75291171 ], [ 18.53003222, 48.75291967 ], [ 18.52991239, 48.75286945 ], [ 18.52984578, 48.75250892 ], [ 18.52978678, 48.75233875 ], [ 18.52982278, 48.7521717 ], [ 18.53001184, 48.7519418 ], [ 18.53023931, 48.75177798 ], [ 18.53023056, 48.75171362 ], [ 18.53030289, 48.75161523 ], [ 18.53047648, 48.75146435 ], [ 18.53050495, 48.75140247 ], [ 18.53052745, 48.75135334 ], [ 18.53074875, 48.75126083 ], [ 18.53077244, 48.75120004 ], [ 18.53064375, 48.75101859 ], [ 18.53064781, 48.75095438 ], [ 18.53069287, 48.7509017 ], [ 18.53078551, 48.75088221 ], [ 18.53082474, 48.75082813 ], [ 18.53082797, 48.75072246 ], [ 18.53088638, 48.75065571 ], [ 18.53091615, 48.75059101 ], [ 18.53099793, 48.75041364 ], [ 18.5310841, 48.75037268 ], [ 18.53128957, 48.75040907 ], [ 18.53130585, 48.75041646 ], [ 18.53143071, 48.75047327 ], [ 18.53150177, 48.75047687 ], [ 18.53158302, 48.7504065 ], [ 18.53157959, 48.75036291 ], [ 18.5316375, 48.75028593 ], [ 18.53166516, 48.75024909 ], [ 18.53177255, 48.75019666 ], [ 18.53195755, 48.75020251 ], [ 18.53197839, 48.75020392 ], [ 18.5320271, 48.75020721 ], [ 18.53211844, 48.75025822 ], [ 18.53213975, 48.75027012 ], [ 18.53214898, 48.75028578 ], [ 18.53217558, 48.75030447 ], [ 18.53222101, 48.75033627 ], [ 18.53222841, 48.75034146 ], [ 18.53227874, 48.75037669 ], [ 18.53234684, 48.75039196 ], [ 18.53237378, 48.75039803 ], [ 18.53247113, 48.75036373 ], [ 18.53248369, 48.75035927 ], [ 18.53250033, 48.75034628 ], [ 18.53253553, 48.75031897 ], [ 18.53250954, 48.75026151 ], [ 18.53247495, 48.75026422 ], [ 18.53243235, 48.75026767 ], [ 18.53241365, 48.75026223 ], [ 18.53239299, 48.75023755 ], [ 18.53238991, 48.75023377 ], [ 18.53236, 48.75019794 ], [ 18.53235287, 48.75018943 ], [ 18.53236874, 48.75014319 ], [ 18.53237131, 48.75013575 ], [ 18.53237211, 48.75009762 ], [ 18.53237336, 48.75004165 ], [ 18.53245457, 48.7500044 ], [ 18.53251339, 48.75000544 ], [ 18.5325797, 48.75000662 ], [ 18.53260557, 48.75000704 ], [ 18.5327774, 48.74994233 ], [ 18.53281061, 48.74992988 ], [ 18.53281428, 48.74992016 ], [ 18.53284753, 48.74983309 ], [ 18.53284933, 48.74982849 ], [ 18.53286786, 48.74981994 ], [ 18.53292855, 48.74979185 ], [ 18.53305517, 48.74975914 ], [ 18.53308718, 48.74975628 ], [ 18.53319581, 48.74974642 ], [ 18.53320464, 48.74974564 ], [ 18.53333079, 48.7497342 ], [ 18.53334943, 48.74973251 ], [ 18.53343857, 48.7496622 ], [ 18.53344355, 48.74964858 ], [ 18.53346979, 48.7495761 ], [ 18.53347268, 48.74956823 ], [ 18.53349732, 48.74950199 ], [ 18.53351205, 48.74945939 ], [ 18.53351882, 48.74943575 ], [ 18.53353672, 48.7493732 ], [ 18.53354542, 48.7493429 ], [ 18.53360859, 48.74925548 ], [ 18.53362706, 48.74923104 ], [ 18.53347568, 48.74913949 ], [ 18.5333668, 48.74907923 ], [ 18.53334472, 48.74906701 ], [ 18.53332315, 48.749031 ], [ 18.53332768, 48.74900896 ], [ 18.53341722, 48.74896277 ], [ 18.53347108, 48.74894342 ], [ 18.53350915, 48.74893909 ], [ 18.53386777, 48.74889855 ], [ 18.53399204, 48.74884316 ], [ 18.53400775, 48.74875441 ], [ 18.53400591, 48.74871668 ], [ 18.53399591, 48.74862833 ], [ 18.53399138, 48.74861328 ], [ 18.53401018, 48.74851947 ], [ 18.53404783, 48.74845177 ], [ 18.53400693, 48.74843501 ], [ 18.5338858, 48.74838545 ], [ 18.53352854, 48.74823908 ], [ 18.53347894, 48.74821878 ], [ 18.53341974, 48.74819452 ], [ 18.53339184, 48.74818307 ], [ 18.53334576, 48.74816414 ], [ 18.53311857, 48.74807107 ], [ 18.53304481, 48.74804872 ], [ 18.53272402, 48.74795127 ], [ 18.53250216, 48.74788547 ], [ 18.53183109, 48.74757705 ], [ 18.53157122, 48.74743211 ], [ 18.53072938, 48.74696249 ], [ 18.53028171, 48.74693264 ], [ 18.52962545, 48.74659758 ], [ 18.52931832, 48.74648263 ], [ 18.52896137, 48.74634926 ], [ 18.52870902, 48.74621745 ], [ 18.52851194, 48.746115 ], [ 18.52786184, 48.74591328 ], [ 18.52770131, 48.74594982 ], [ 18.52750049, 48.74600635 ], [ 18.52713223, 48.74615805 ], [ 18.5264806, 48.74639787 ], [ 18.52611591, 48.74651656 ], [ 18.52513071, 48.74675259 ], [ 18.5243989, 48.74684761 ], [ 18.52431307, 48.74684653 ], [ 18.52313131, 48.74683176 ], [ 18.52224395, 48.74677821 ], [ 18.52170665, 48.74663152 ], [ 18.52147755, 48.74656702 ], [ 18.52093939, 48.74646216 ], [ 18.52082071, 48.74645531 ], [ 18.52070312, 48.74644852 ], [ 18.52052302, 48.74639373 ], [ 18.52032699, 48.74641189 ], [ 18.52001971, 48.7463747 ], [ 18.51962957, 48.74626457 ], [ 18.51941233, 48.74626027 ], [ 18.51907784, 48.74618097 ], [ 18.51891024, 48.74617686 ], [ 18.51731832, 48.74590895 ], [ 18.5168111, 48.74592 ], [ 18.51658719, 48.74585018 ], [ 18.51640527, 48.74583075 ], [ 18.51597693, 48.74578502 ], [ 18.51572222, 48.74574871 ], [ 18.51564882, 48.74575516 ], [ 18.51554864, 48.74571827 ], [ 18.51541553, 48.74573517 ], [ 18.51524946, 48.74561419 ], [ 18.51489416, 48.74549187 ], [ 18.51473117, 48.74548584 ], [ 18.51464787, 48.74537949 ], [ 18.5145201, 48.74540173 ], [ 18.51439603, 48.74537689 ], [ 18.51374927, 48.74497115 ], [ 18.51373735, 48.74486581 ], [ 18.51363317, 48.74484784 ], [ 18.51345366, 48.74496074 ], [ 18.51318343, 48.7448696 ], [ 18.51305397, 48.74486829 ], [ 18.51279095, 48.74486671 ], [ 18.51272523, 48.74486636 ], [ 18.51199398, 48.74486206 ], [ 18.50975762, 48.74485492 ], [ 18.50972439, 48.74485879 ], [ 18.50964906, 48.74486756 ], [ 18.50950738, 48.74484392 ], [ 18.50912379, 48.74485612 ], [ 18.50895038, 48.74480691 ], [ 18.50758507, 48.74469566 ], [ 18.50731399, 48.7446855 ], [ 18.50703426, 48.74464851 ], [ 18.50694515, 48.74467143 ], [ 18.50642153, 48.74462504 ], [ 18.50600729, 48.7446074 ], [ 18.50597829, 48.74461014 ], [ 18.50579961, 48.74462706 ], [ 18.50574424, 48.7445854 ], [ 18.50563763, 48.74458244 ], [ 18.50517862, 48.74454321 ], [ 18.50503406, 48.74453817 ], [ 18.50471525, 48.74454741 ], [ 18.50436368, 48.74461766 ], [ 18.50400964, 48.74464662 ], [ 18.50319793, 48.74482592 ], [ 18.50255689, 48.74498028 ], [ 18.50201876, 48.74513667 ], [ 18.50135371, 48.74524964 ], [ 18.50112685, 48.74528836 ], [ 18.50109841, 48.74531053 ], [ 18.50110054, 48.74539043 ], [ 18.50110815, 48.74568332 ], [ 18.50096018, 48.74651933 ], [ 18.50083042, 48.74717098 ], [ 18.50082789, 48.74718357 ], [ 18.50078541, 48.7473906 ], [ 18.5004622, 48.74886638 ], [ 18.50074649, 48.74890201 ], [ 18.50077033, 48.74894149 ], [ 18.50078478, 48.74896556 ], [ 18.50081834, 48.7491441 ], [ 18.50084489, 48.74927839 ], [ 18.50085038, 48.74932381 ], [ 18.50085378, 48.74937508 ], [ 18.5007766, 48.74954754 ], [ 18.50071797, 48.74968754 ], [ 18.50068705, 48.74978168 ], [ 18.50065176, 48.74988677 ], [ 18.50063257, 48.74995169 ], [ 18.50058715, 48.75008961 ], [ 18.50057142, 48.75012584 ], [ 18.5005182, 48.75013781 ], [ 18.50055698, 48.75025725 ], [ 18.5005758, 48.75031505 ], [ 18.50052832, 48.75044988 ], [ 18.50055219, 48.75066317 ], [ 18.50054668, 48.75071692 ], [ 18.50044588, 48.75081328 ], [ 18.50043872, 48.75088562 ], [ 18.50055019, 48.75103053 ], [ 18.50056358, 48.75110761 ], [ 18.50061038, 48.75124373 ], [ 18.50064208, 48.75144355 ], [ 18.50077715, 48.75157766 ], [ 18.50086003, 48.75173183 ], [ 18.50086713, 48.75184935 ], [ 18.50096888, 48.75195636 ], [ 18.50102538, 48.75198247 ], [ 18.50110781, 48.75202057 ], [ 18.5011935, 48.75211316 ], [ 18.50127436, 48.75217138 ], [ 18.50130391, 48.75219258 ], [ 18.50145076, 48.75222085 ], [ 18.50149047, 48.75222844 ], [ 18.50153404, 48.75223688 ], [ 18.5017357, 48.7522917 ], [ 18.50182695, 48.75228876 ], [ 18.50185604, 48.75230714 ], [ 18.50190917, 48.75234056 ], [ 18.50202722, 48.75231328 ], [ 18.50240301, 48.75209068 ], [ 18.50249388, 48.75204838 ], [ 18.50265476, 48.75206162 ], [ 18.50283658, 48.75226588 ], [ 18.50282413, 48.75230752 ], [ 18.50255343, 48.75242669 ], [ 18.50232507, 48.75249782 ], [ 18.50230221, 48.75253204 ], [ 18.50235735, 48.75262783 ], [ 18.50259359, 48.75272678 ], [ 18.50271842, 48.75279354 ], [ 18.50288841, 48.75279727 ], [ 18.50299655, 48.75281529 ], [ 18.50309649, 48.75296082 ], [ 18.50342049, 48.75301297 ], [ 18.50369568, 48.75313445 ], [ 18.50385252, 48.75330729 ], [ 18.50402128, 48.75339378 ], [ 18.50400871, 48.75350599 ], [ 18.50392361, 48.75358606 ], [ 18.50382166, 48.75356107 ], [ 18.50353628, 48.75347946 ], [ 18.50336749, 48.7535184 ], [ 18.50323373, 48.75350005 ], [ 18.50318201, 48.75372093 ], [ 18.50311218, 48.75388269 ], [ 18.50312429, 48.75419975 ], [ 18.50305096, 48.75446456 ], [ 18.50298525, 48.75513985 ], [ 18.50311645, 48.7554997 ], [ 18.50319226, 48.75559176 ], [ 18.5033535, 48.7557078 ], [ 18.50368774, 48.75580247 ], [ 18.50413598, 48.7558588 ], [ 18.50432463, 48.75585317 ], [ 18.50444935, 48.75578258 ], [ 18.5052581, 48.7554116 ], [ 18.50532109, 48.7554045 ], [ 18.50538122, 48.75542674 ], [ 18.50548672, 48.75550517 ], [ 18.50555889, 48.75555876 ], [ 18.50557308, 48.75558381 ], [ 18.50558281, 48.75560086 ], [ 18.505704, 48.75581433 ], [ 18.50570392, 48.75594888 ], [ 18.5054584, 48.75597278 ], [ 18.50539066, 48.75616038 ], [ 18.50540125, 48.75653105 ], [ 18.50514172, 48.75670038 ], [ 18.50507429, 48.75685939 ], [ 18.50505277, 48.7568906 ], [ 18.50492931, 48.75699466 ], [ 18.50457324, 48.75712946 ], [ 18.50447558, 48.75726614 ], [ 18.50446609, 48.75740604 ], [ 18.5045813, 48.7574952 ], [ 18.50478697, 48.75755087 ], [ 18.50529626, 48.75765819 ], [ 18.50553032, 48.75761362 ], [ 18.50563497, 48.75761286 ], [ 18.50570476, 48.75763094 ], [ 18.5057555, 48.7577227 ], [ 18.50581584, 48.75788591 ], [ 18.50575458, 48.75800438 ], [ 18.50551298, 48.75806117 ], [ 18.50532445, 48.7581344 ], [ 18.50524177, 48.75812987 ], [ 18.50514082, 48.75807281 ], [ 18.50510852, 48.7580289 ], [ 18.50511156, 48.7579807 ], [ 18.50513865, 48.75794311 ], [ 18.50508443, 48.75789114 ], [ 18.50494239, 48.75785493 ], [ 18.50465962, 48.75781326 ], [ 18.50457475, 48.75785445 ], [ 18.50449799, 48.75790493 ], [ 18.50441771, 48.75798355 ], [ 18.50438435, 48.75802973 ], [ 18.50438274, 48.75805997 ], [ 18.50450317, 48.75821637 ], [ 18.50460793, 48.75839104 ], [ 18.50463763, 48.75851558 ], [ 18.5046989, 48.75869094 ], [ 18.50473931, 48.75887815 ], [ 18.50483181, 48.75886102 ], [ 18.50540755, 48.75899147 ], [ 18.50604006, 48.75907197 ], [ 18.50653383, 48.75910065 ], [ 18.50680182, 48.75911325 ], [ 18.50686217, 48.75911746 ], [ 18.50686526, 48.75914181 ], [ 18.50689245, 48.75913942 ], [ 18.50699469, 48.75913058 ], [ 18.50704437, 48.75912627 ], [ 18.50712026, 48.75911969 ], [ 18.50718355, 48.7591255 ], [ 18.50735777, 48.75914136 ], [ 18.50832412, 48.75929825 ], [ 18.5088241, 48.75936894 ], [ 18.5091818, 48.75939864 ], [ 18.50967348, 48.75947465 ], [ 18.50968571, 48.75946088 ], [ 18.50970707, 48.75944184 ], [ 18.51003994, 48.75949544 ], [ 18.51021016, 48.75955746 ], [ 18.51082052, 48.75963284 ], [ 18.51087186, 48.75963926 ], [ 18.51112308, 48.75967025 ], [ 18.51154336, 48.75985424 ], [ 18.51169408, 48.75983217 ], [ 18.51185715, 48.75983352 ], [ 18.51246747, 48.75988208 ], [ 18.51289233, 48.7599325 ], [ 18.51348912, 48.76000297 ], [ 18.51372112, 48.75997271 ], [ 18.51402955, 48.75996982 ], [ 18.51422783, 48.75996795 ], [ 18.51534449, 48.7602153 ], [ 18.51583859, 48.76036361 ], [ 18.51594178, 48.76037124 ], [ 18.51612586, 48.76038474 ], [ 18.51646758, 48.76045938 ], [ 18.51656926, 48.76052811 ], [ 18.51721015, 48.76054836 ], [ 18.51748911, 48.7605683 ], [ 18.51765216, 48.76059166 ], [ 18.51782701, 48.76061674 ], [ 18.51820166, 48.76072927 ], [ 18.51823799, 48.76074435 ], [ 18.51845598, 48.76083486 ], [ 18.51925216, 48.76092532 ], [ 18.52060208, 48.76104531 ], [ 18.52177929, 48.76123671 ], [ 18.52250781, 48.76151908 ], [ 18.52336797, 48.76172238 ], [ 18.52416684, 48.76138087 ] ] ] ] } },
{ "type": "Feature", "properties": { "@featureType": "CadastralZoning", "beginLifespanVersion": { "@nilReason": "http://inspire.ec.europa.eu/codelist/VoidReasonValue/Unpopulated", "@nil": "true" }, "endLifespanVersion": { "@nilReason": "http://inspire.ec.europa.eu/codelist/VoidReasonValue/Unpopulated", "@nil": "true" }, "estimatedAccuracy": { "value": -1, "@uom": "m" }, "inspireId": { "@dataType": "Identifier", "localId": "810762", "namespace": "SK.ESKN.CP", "versionId": "20260703T04:07:40" }, "label": "Diviaky nad Nitricou", "level": { "@href": "http://inspire.ec.europa.eu/codelist/CadastralZoningLevelValue/3rdOrder" }, "levelName": { "value": "Katastrálne územie", "@locale": "sk" }, "name": { "@dataType": "name", "GeographicalName": { "@dataType": "GeographicalName", "language": "SLK", "nativeness": { "@href": "http://inspire.ec.europa.eu/codelist/NativenessValue/endonym", "@title": "endonym" }, "nameStatus": { "@href": "http://inspire.ec.europa.eu/codelist/NameStatusValue/official", "@title": "official" }, "sourceOfName": { "@nilReason": "http://inspire.ec.europa.eu/codelist/VoidReasonValue/Unpopulated", "@nil": "true" }, "pronunciation": { "@dataType": "pronunciation", "@nilReason": "http://inspire.ec.europa.eu/codelist/VoidReasonValue/Unpopulated", "@nil": "true" }, "spelling": { "@dataType": "SpellingOfName", "text": "Diviaky nad Nitricou", "script": "LATN" } } }, "nationalCadastalZoningReference": "810762", "validFrom": "2026-06-30T16:00:00Z", "validTo": { "@nilReason": "http://inspire.ec.europa.eu/codelist/VoidReasonValue/Unpopulated", "@nil": "true" } }, "geometry": { "type": "MultiPolygon", "coordinates": [ [ [ [ 18.46776228, 48.77807152 ], [ 18.46851736, 48.77807612 ], [ 18.4687452, 48.77805817 ], [ 18.46927845, 48.77808502 ], [ 18.46945928, 48.77809552 ], [ 18.46950493, 48.77808215 ], [ 18.46955341, 48.77804205 ], [ 18.47047203, 48.77801666 ], [ 18.47042249, 48.77778363 ], [ 18.47058502, 48.77774872 ], [ 18.47066905, 48.77770714 ], [ 18.47091911, 48.77772299 ], [ 18.47114781, 48.77771771 ], [ 18.47148454, 48.777735 ], [ 18.47148425, 48.77775682 ], [ 18.47148102, 48.77779761 ], [ 18.47210035, 48.77767234 ], [ 18.47247721, 48.77759437 ], [ 18.47290104, 48.77750562 ], [ 18.47325463, 48.77739567 ], [ 18.47352969, 48.77729548 ], [ 18.47359472, 48.77727145 ], [ 18.47383073, 48.77725358 ], [ 18.4740752, 48.77714918 ], [ 18.47432387, 48.7771154 ], [ 18.47459207, 48.77711085 ], [ 18.47518442, 48.77696549 ], [ 18.47535766, 48.77699722 ], [ 18.47563372, 48.77696278 ], [ 18.47604819, 48.77693956 ], [ 18.47646989, 48.77696295 ], [ 18.47704751, 48.77697127 ], [ 18.47713579, 48.77694472 ], [ 18.47738189, 48.77697902 ], [ 18.47806763, 48.77698101 ], [ 18.47838399, 48.77694318 ], [ 18.47872874, 48.77697478 ], [ 18.47913662, 48.77696915 ], [ 18.47950634, 48.77696404 ], [ 18.47968074, 48.77696162 ], [ 18.47979408, 48.77696587 ], [ 18.48014464, 48.77687325 ], [ 18.48026567, 48.77678605 ], [ 18.48057739, 48.77673515 ], [ 18.48080984, 48.77674992 ], [ 18.48088624, 48.77669618 ], [ 18.48104146, 48.7766845 ], [ 18.48120502, 48.77671931 ], [ 18.4814915, 48.77671701 ], [ 18.48183276, 48.7766939 ], [ 18.48189115, 48.77667482 ], [ 18.48203324, 48.77662316 ], [ 18.48203422, 48.77661428 ], [ 18.48204303, 48.77653237 ], [ 18.48284193, 48.77646836 ], [ 18.48318854, 48.77643958 ], [ 18.48319602, 48.77616755 ], [ 18.48332253, 48.77615285 ], [ 18.48374805, 48.7761035 ], [ 18.48383156, 48.77608119 ], [ 18.48419171, 48.77598494 ], [ 18.48448837, 48.77590603 ], [ 18.48563628, 48.77554984 ], [ 18.48635311, 48.77541741 ], [ 18.48674407, 48.7753573 ], [ 18.48704318, 48.77531959 ], [ 18.48733446, 48.7752921 ], [ 18.48782247, 48.77534182 ], [ 18.48795731, 48.7753532 ], [ 18.48833182, 48.77538045 ], [ 18.48860412, 48.7753649 ], [ 18.48900927, 48.77536667 ], [ 18.48902838, 48.77536673 ], [ 18.48906919, 48.77536689 ], [ 18.4891033, 48.77536705 ], [ 18.48910909, 48.77536665 ], [ 18.48913114, 48.77536497 ], [ 18.48928163, 48.77535392 ], [ 18.48936231, 48.77535185 ], [ 18.48944449, 48.77534978 ], [ 18.48952025, 48.7753478 ], [ 18.4897179, 48.77534277 ], [ 18.48975037, 48.77534194 ], [ 18.4897675, 48.77534144 ], [ 18.48979074, 48.77534226 ], [ 18.48990567, 48.77534686 ], [ 18.48991871, 48.77534739 ], [ 18.49034448, 48.77536445 ], [ 18.4903302, 48.77549651 ], [ 18.49031531, 48.77563448 ], [ 18.49030637, 48.77571648 ], [ 18.49029821, 48.77584327 ], [ 18.49029734, 48.77585676 ], [ 18.49029547, 48.77600086 ], [ 18.49029559, 48.7760792 ], [ 18.49029584, 48.7761728 ], [ 18.49029773, 48.77632613 ], [ 18.49029801, 48.77635755 ], [ 18.49060218, 48.77639483 ], [ 18.49075332, 48.77641333 ], [ 18.49090944, 48.77643245 ], [ 18.49121769, 48.77646986 ], [ 18.49157906, 48.7765137 ], [ 18.49164534, 48.77648504 ], [ 18.49169795, 48.77646184 ], [ 18.49181678, 48.77640944 ], [ 18.49164223, 48.77622298 ], [ 18.49163594, 48.77603403 ], [ 18.49169577, 48.77589689 ], [ 18.49191964, 48.7755345 ], [ 18.49209261, 48.77514458 ], [ 18.49208573, 48.77506894 ], [ 18.49203751, 48.7750181 ], [ 18.49175718, 48.77494333 ], [ 18.49161163, 48.77481514 ], [ 18.49159986, 48.77460675 ], [ 18.49167296, 48.77447486 ], [ 18.49197298, 48.77427998 ], [ 18.49233121, 48.77407819 ], [ 18.49296187, 48.77394008 ], [ 18.49319067, 48.77380338 ], [ 18.49356799, 48.77351906 ], [ 18.49366638, 48.77339018 ], [ 18.49370735, 48.77329226 ], [ 18.49370973, 48.77310812 ], [ 18.49361478, 48.77276197 ], [ 18.49365111, 48.77267598 ], [ 18.493562, 48.77264852 ], [ 18.49287754, 48.77243796 ], [ 18.49293677, 48.77227084 ], [ 18.49294843, 48.77163472 ], [ 18.49282004, 48.77160042 ], [ 18.4927949, 48.77140719 ], [ 18.49266318, 48.77115161 ], [ 18.49263134, 48.77111376 ], [ 18.49259319, 48.77108496 ], [ 18.4926522, 48.77100644 ], [ 18.49267202, 48.7708052 ], [ 18.49270186, 48.77075901 ], [ 18.49287295, 48.77071425 ], [ 18.49296238, 48.77064787 ], [ 18.49298308, 48.77059396 ], [ 18.49297007, 48.77034761 ], [ 18.49264923, 48.77023037 ], [ 18.4926254, 48.77015704 ], [ 18.49266744, 48.77005503 ], [ 18.49298634, 48.76966175 ], [ 18.49327922, 48.76943435 ], [ 18.49336623, 48.76921334 ], [ 18.49313461, 48.769126 ], [ 18.49319059, 48.76903467 ], [ 18.49323402, 48.76898887 ], [ 18.49331133, 48.76893644 ], [ 18.493492, 48.76885665 ], [ 18.49356372, 48.76880951 ], [ 18.4936542, 48.76875005 ], [ 18.49421879, 48.76839182 ], [ 18.4943156, 48.76837312 ], [ 18.49429155, 48.7682516 ], [ 18.49442444, 48.76812073 ], [ 18.49455134, 48.76805054 ], [ 18.49482451, 48.76792232 ], [ 18.49502259, 48.76784845 ], [ 18.49532412, 48.76780742 ], [ 18.49591754, 48.76775317 ], [ 18.49645245, 48.76777674 ], [ 18.49747288, 48.76739955 ], [ 18.49749545, 48.76738292 ], [ 18.49751425, 48.76736906 ], [ 18.49757701, 48.7673226 ], [ 18.49763232, 48.76729965 ], [ 18.4979705, 48.76715468 ], [ 18.49822848, 48.76706794 ], [ 18.49847085, 48.76711642 ], [ 18.49850735, 48.76713449 ], [ 18.49861634, 48.76718847 ], [ 18.49896401, 48.76727685 ], [ 18.49945157, 48.76745357 ], [ 18.49971975, 48.76747694 ], [ 18.4999134, 48.76746987 ], [ 18.50002953, 48.76744952 ], [ 18.50023239, 48.76739513 ], [ 18.50037091, 48.76744875 ], [ 18.50286349, 48.76841326 ], [ 18.50290515, 48.76842935 ], [ 18.50300422, 48.76846673 ], [ 18.50305013, 48.76848377 ], [ 18.50440795, 48.76898755 ], [ 18.50516615, 48.76936876 ], [ 18.50560894, 48.76953487 ], [ 18.50577551, 48.76957829 ], [ 18.50630994, 48.76978444 ], [ 18.50670116, 48.76986975 ], [ 18.50705401, 48.77003022 ], [ 18.50758642, 48.77018282 ], [ 18.5079043, 48.77027387 ], [ 18.50793833, 48.7702834 ], [ 18.50871296, 48.77050116 ], [ 18.50905464, 48.77053953 ], [ 18.50989036, 48.77092351 ], [ 18.51016616, 48.77118478 ], [ 18.51044012, 48.77129959 ], [ 18.51083184, 48.77159897 ], [ 18.51108932, 48.77171449 ], [ 18.51150967, 48.77192051 ], [ 18.51241413, 48.77235984 ], [ 18.51251489, 48.7724361 ], [ 18.51293085, 48.77261191 ], [ 18.51311804, 48.77262161 ], [ 18.51383412, 48.77273496 ], [ 18.51410565, 48.77284529 ], [ 18.51441731, 48.77292731 ], [ 18.51446819, 48.77294074 ], [ 18.51492024, 48.77292973 ], [ 18.51622541, 48.77289833 ], [ 18.5177865, 48.77278226 ], [ 18.51796488, 48.77276206 ], [ 18.51869487, 48.77285701 ], [ 18.51896157, 48.77291219 ], [ 18.51947738, 48.77291205 ], [ 18.52006148, 48.77285933 ], [ 18.52052306, 48.77286271 ], [ 18.5206596, 48.77287243 ], [ 18.5207171, 48.77287657 ], [ 18.52105215, 48.77290047 ], [ 18.52160629, 48.77295087 ], [ 18.52173683, 48.77296269 ], [ 18.52186831, 48.77297466 ], [ 18.52188042, 48.77297604 ], [ 18.52190803, 48.77297909 ], [ 18.52262904, 48.77305971 ], [ 18.52265615, 48.77306453 ], [ 18.52287964, 48.7731039 ], [ 18.52329747, 48.77317762 ], [ 18.52337375, 48.77319108 ], [ 18.52350759, 48.77321473 ], [ 18.52470619, 48.77333018 ], [ 18.52497953, 48.7733683 ], [ 18.52503306, 48.77337582 ], [ 18.52549613, 48.77344045 ], [ 18.52597155, 48.77350684 ], [ 18.52706786, 48.77346526 ], [ 18.52794233, 48.77337005 ], [ 18.52899181, 48.77324432 ], [ 18.52989513, 48.77309833 ], [ 18.5310384, 48.77291345 ], [ 18.53161195, 48.77282923 ], [ 18.53176957, 48.772962 ], [ 18.53343177, 48.77249597 ], [ 18.5335737, 48.77249749 ], [ 18.53352882, 48.77231998 ], [ 18.5334864, 48.77208016 ], [ 18.53337105, 48.77205275 ], [ 18.53319197, 48.77202403 ], [ 18.53295259, 48.77190423 ], [ 18.53272499, 48.77189786 ], [ 18.53278831, 48.77175476 ], [ 18.53268052, 48.77168319 ], [ 18.53274496, 48.77159024 ], [ 18.53260237, 48.7715886 ], [ 18.53236173, 48.77154335 ], [ 18.53222671, 48.77140018 ], [ 18.53192938, 48.77139136 ], [ 18.5318358, 48.77132516 ], [ 18.53177576, 48.77121558 ], [ 18.53176844, 48.77105447 ], [ 18.5318065, 48.7709858 ], [ 18.53160698, 48.77096228 ], [ 18.53158863, 48.7708742 ], [ 18.53165444, 48.77077239 ], [ 18.53151231, 48.77066538 ], [ 18.53144137, 48.77051306 ], [ 18.53137272, 48.77051067 ], [ 18.53109738, 48.77050296 ], [ 18.53116692, 48.77041399 ], [ 18.53115656, 48.77030559 ], [ 18.53102739, 48.77020307 ], [ 18.53102207, 48.77003574 ], [ 18.5309841, 48.7699659 ], [ 18.53091607, 48.76994992 ], [ 18.53076529, 48.76971212 ], [ 18.53064877, 48.76966895 ], [ 18.53046286, 48.76952011 ], [ 18.53057214, 48.76940154 ], [ 18.53052542, 48.76929901 ], [ 18.53041826, 48.7691449 ], [ 18.53042376, 48.76908663 ], [ 18.53035967, 48.76898983 ], [ 18.53037115, 48.76893072 ], [ 18.53032582, 48.76886084 ], [ 18.53019862, 48.76886057 ], [ 18.53018629, 48.76875378 ], [ 18.5300277, 48.76867699 ], [ 18.53001915, 48.76855308 ], [ 18.53007507, 48.76836546 ], [ 18.53002847, 48.76831563 ], [ 18.52996735, 48.76823009 ], [ 18.5298231, 48.76814118 ], [ 18.52980875, 48.76798717 ], [ 18.52981729, 48.76789478 ], [ 18.52968471, 48.76774091 ], [ 18.52973574, 48.76768422 ], [ 18.52969252, 48.76765209 ], [ 18.52952152, 48.76754467 ], [ 18.52944353, 48.76750892 ], [ 18.5294264, 48.76740231 ], [ 18.52941653, 48.76739392 ], [ 18.52935726, 48.76735694 ], [ 18.52923943, 48.76722056 ], [ 18.52927783, 48.76719838 ], [ 18.52925977, 48.76711122 ], [ 18.52927846, 48.76709825 ], [ 18.52927702, 48.7670573 ], [ 18.5293114, 48.76696235 ], [ 18.52928365, 48.76690912 ], [ 18.52909203, 48.76678641 ], [ 18.52897645, 48.76668445 ], [ 18.52895859, 48.76667012 ], [ 18.52896351, 48.76664927 ], [ 18.52896909, 48.76654011 ], [ 18.52889451, 48.76633725 ], [ 18.52886963, 48.76626974 ], [ 18.52887518, 48.76626138 ], [ 18.52893239, 48.76617607 ], [ 18.52903465, 48.76610053 ], [ 18.5289693, 48.76603686 ], [ 18.52892977, 48.76599924 ], [ 18.52893146, 48.76591469 ], [ 18.52892922, 48.76582108 ], [ 18.52892887, 48.76574959 ], [ 18.52897407, 48.76570793 ], [ 18.5289957, 48.76569106 ], [ 18.52905681, 48.76569358 ], [ 18.52916717, 48.76569085 ], [ 18.52925372, 48.76560886 ], [ 18.52929463, 48.76547366 ], [ 18.52936151, 48.76543327 ], [ 18.52946372, 48.76536684 ], [ 18.52948129, 48.76529398 ], [ 18.52954389, 48.76517305 ], [ 18.52948846, 48.76508466 ], [ 18.52950976, 48.76498845 ], [ 18.52971192, 48.76474248 ], [ 18.52971146, 48.76461504 ], [ 18.52960862, 48.76451377 ], [ 18.52971686, 48.76446689 ], [ 18.52978774, 48.76443818 ], [ 18.52987041, 48.76440687 ], [ 18.52991176, 48.76440037 ], [ 18.53005379, 48.76439765 ], [ 18.5301109, 48.764395 ], [ 18.53011273, 48.76434754 ], [ 18.53002768, 48.76428975 ], [ 18.52994481, 48.76425924 ], [ 18.52983636, 48.7642073 ], [ 18.52969608, 48.76413918 ], [ 18.52966137, 48.76408269 ], [ 18.52967191, 48.76400268 ], [ 18.52966078, 48.76391039 ], [ 18.52965684, 48.76388509 ], [ 18.52970667, 48.76378449 ], [ 18.52978892, 48.76381117 ], [ 18.52996912, 48.76386342 ], [ 18.53025147, 48.76373941 ], [ 18.53041261, 48.7636678 ], [ 18.53041289, 48.76365347 ], [ 18.53042511, 48.76353375 ], [ 18.53042596, 48.76349202 ], [ 18.5304287, 48.76345039 ], [ 18.53043883, 48.76333977 ], [ 18.53044505, 48.76322649 ], [ 18.53044545, 48.76320693 ], [ 18.53045047, 48.76315361 ], [ 18.53043698, 48.76303754 ], [ 18.53043355, 48.76301146 ], [ 18.530432, 48.76299324 ], [ 18.53042319, 48.7629359 ], [ 18.53041256, 48.76288109 ], [ 18.53040924, 48.76284978 ], [ 18.5303874, 48.76275582 ], [ 18.53037448, 48.76271279 ], [ 18.53035235, 48.76263966 ], [ 18.5301579, 48.76250913 ], [ 18.53014263, 48.76248167 ], [ 18.53011985, 48.76244108 ], [ 18.53009702, 48.76239661 ], [ 18.53009034, 48.76233534 ], [ 18.53007578, 48.76227923 ], [ 18.53026791, 48.76213098 ], [ 18.53018622, 48.76207689 ], [ 18.53013382, 48.76203739 ], [ 18.53009676, 48.76201498 ], [ 18.53007924, 48.76200446 ], [ 18.5300798, 48.76197705 ], [ 18.53007678, 48.76193015 ], [ 18.530352, 48.76186855 ], [ 18.5302895, 48.76174169 ], [ 18.53020513, 48.76171886 ], [ 18.53017517, 48.76164179 ], [ 18.53029038, 48.76159582 ], [ 18.53040054, 48.76158153 ], [ 18.53042787, 48.76157797 ], [ 18.53048795, 48.76157015 ], [ 18.5303963, 48.76142744 ], [ 18.53038094, 48.76142254 ], [ 18.5303669, 48.76141808 ], [ 18.53034905, 48.76141124 ], [ 18.52973324, 48.76117586 ], [ 18.5296608, 48.76120836 ], [ 18.52912839, 48.76144731 ], [ 18.52773406, 48.76133853 ], [ 18.52735298, 48.76111992 ], [ 18.52649249, 48.76124259 ], [ 18.52621992, 48.76106455 ], [ 18.5259957, 48.76098011 ], [ 18.52491214, 48.7609 ], [ 18.52416684, 48.76138087 ], [ 18.52336797, 48.76172238 ], [ 18.52250781, 48.76151908 ], [ 18.52177929, 48.76123671 ], [ 18.52060208, 48.76104531 ], [ 18.51925216, 48.76092532 ], [ 18.51845598, 48.76083486 ], [ 18.51823799, 48.76074435 ], [ 18.51820166, 48.76072927 ], [ 18.51782701, 48.76061674 ], [ 18.51765216, 48.76059166 ], [ 18.51748911, 48.7605683 ], [ 18.51721015, 48.76054836 ], [ 18.51656926, 48.76052811 ], [ 18.51646758, 48.76045938 ], [ 18.51612586, 48.76038474 ], [ 18.51594178, 48.76037124 ], [ 18.51583859, 48.76036361 ], [ 18.51534449, 48.7602153 ], [ 18.51422783, 48.75996795 ], [ 18.51402955, 48.75996982 ], [ 18.51372112, 48.75997271 ], [ 18.51348912, 48.76000297 ], [ 18.51289233, 48.7599325 ], [ 18.51246747, 48.75988208 ], [ 18.51185715, 48.75983352 ], [ 18.51169408, 48.75983217 ], [ 18.51154336, 48.75985424 ], [ 18.51112308, 48.75967025 ], [ 18.51087186, 48.75963926 ], [ 18.51082052, 48.75963284 ], [ 18.51021016, 48.75955746 ], [ 18.51003994, 48.75949544 ], [ 18.50970707, 48.75944184 ], [ 18.50968571, 48.75946088 ], [ 18.50967348, 48.75947465 ], [ 18.5091818, 48.75939864 ], [ 18.5088241, 48.75936894 ], [ 18.50832412, 48.75929825 ], [ 18.50735777, 48.75914136 ], [ 18.50718355, 48.7591255 ], [ 18.50712026, 48.75911969 ], [ 18.50704437, 48.75912627 ], [ 18.50699469, 48.75913058 ], [ 18.50689245, 48.75913942 ], [ 18.50686526, 48.75914181 ], [ 18.50686217, 48.75911746 ], [ 18.50680182, 48.75911325 ], [ 18.50653383, 48.75910065 ], [ 18.50604006, 48.75907197 ], [ 18.50540755, 48.75899147 ], [ 18.50483181, 48.75886102 ], [ 18.50473931, 48.75887815 ], [ 18.5046989, 48.75869094 ], [ 18.50463763, 48.75851558 ], [ 18.50460793, 48.75839104 ], [ 18.50450317, 48.75821637 ], [ 18.50438274, 48.75805997 ], [ 18.50438435, 48.75802973 ], [ 18.50441771, 48.75798355 ], [ 18.50449799, 48.75790493 ], [ 18.50457475, 48.75785445 ], [ 18.50465962, 48.75781326 ], [ 18.50494239, 48.75785493 ], [ 18.50508443, 48.75789114 ], [ 18.50513865, 48.75794311 ], [ 18.50511156, 48.7579807 ], [ 18.50510852, 48.7580289 ], [ 18.50514082, 48.75807281 ], [ 18.50524177, 48.75812987 ], [ 18.50532445, 48.7581344 ], [ 18.50551298, 48.75806117 ], [ 18.50575458, 48.75800438 ], [ 18.50581584, 48.75788591 ], [ 18.5057555, 48.7577227 ], [ 18.50570476, 48.75763094 ], [ 18.50563497, 48.75761286 ], [ 18.50553032, 48.75761362 ], [ 18.50529626, 48.75765819 ], [ 18.50478697, 48.75755087 ], [ 18.5045813, 48.7574952 ], [ 18.50446609, 48.75740604 ], [ 18.50447558, 48.75726614 ], [ 18.50457324, 48.75712946 ], [ 18.50492931, 48.75699466 ], [ 18.50505277, 48.7568906 ], [ 18.50507429, 48.75685939 ], [ 18.50514172, 48.75670038 ], [ 18.50540125, 48.75653105 ], [ 18.50539066, 48.75616038 ], [ 18.5054584, 48.75597278 ], [ 18.50570392, 48.75594888 ], [ 18.505704, 48.75581433 ], [ 18.50558281, 48.75560086 ], [ 18.5055392, 48.75560803 ], [ 18.50541336, 48.75562875 ], [ 18.50520205, 48.75563341 ], [ 18.5048547, 48.75571726 ], [ 18.50466042, 48.75579071 ], [ 18.50454598, 48.75586746 ], [ 18.50441824, 48.755911 ], [ 18.50428438, 48.75593795 ], [ 18.50401763, 48.75594499 ], [ 18.50357776, 48.7559133 ], [ 18.50177664, 48.75583577 ], [ 18.50172316, 48.75583347 ], [ 18.50096551, 48.75578371 ], [ 18.50094818, 48.75578258 ], [ 18.50066527, 48.75576391 ], [ 18.5006183, 48.75576079 ], [ 18.50052574, 48.7555413 ], [ 18.50046429, 48.75531738 ], [ 18.50041786, 48.75518272 ], [ 18.50025526, 48.75504277 ], [ 18.50015051, 48.75499335 ], [ 18.50019636, 48.75493134 ], [ 18.50011839, 48.75478376 ], [ 18.50005692, 48.75468193 ], [ 18.49972961, 48.75464521 ], [ 18.4998227, 48.7547245 ], [ 18.49942684, 48.75470549 ], [ 18.49932162, 48.75468799 ], [ 18.49925515, 48.75466846 ], [ 18.49910449, 48.75456616 ], [ 18.49907109, 48.75446903 ], [ 18.49891438, 48.75401356 ], [ 18.49893197, 48.75376238 ], [ 18.49883056, 48.75362218 ], [ 18.49872001, 48.75355475 ], [ 18.49845574, 48.7535269 ], [ 18.49786169, 48.75352336 ], [ 18.49752094, 48.75363407 ], [ 18.49746658, 48.75365176 ], [ 18.49738279, 48.75367893 ], [ 18.49733683, 48.75369382 ], [ 18.49730956, 48.75369476 ], [ 18.49721691, 48.75369897 ], [ 18.49716573, 48.75374138 ], [ 18.49696443, 48.75370217 ], [ 18.49690709, 48.75367629 ], [ 18.49616484, 48.75380521 ], [ 18.49605437, 48.75387856 ], [ 18.49543653, 48.75550368 ], [ 18.49536581, 48.75549844 ], [ 18.49127794, 48.75519702 ], [ 18.49118017, 48.75496713 ], [ 18.49111249, 48.75474972 ], [ 18.49093729, 48.7545365 ], [ 18.49086181, 48.75447677 ], [ 18.49023867, 48.75397039 ], [ 18.49016686, 48.75390327 ], [ 18.49015266, 48.75382506 ], [ 18.49015063, 48.75381304 ], [ 18.49014577, 48.75378435 ], [ 18.49021898, 48.75363838 ], [ 18.49030894, 48.75345896 ], [ 18.49039833, 48.75328085 ], [ 18.49043366, 48.75321042 ], [ 18.49054252, 48.75298159 ], [ 18.49031659, 48.75294842 ], [ 18.49027277, 48.75294195 ], [ 18.49020577, 48.75293214 ], [ 18.4901322, 48.75292133 ], [ 18.48957909, 48.75285484 ], [ 18.48919411, 48.7529427 ], [ 18.48905016, 48.75292722 ], [ 18.48897149, 48.75291793 ], [ 18.48893235, 48.7529285 ], [ 18.48886928, 48.75294931 ], [ 18.48883573, 48.75295893 ], [ 18.48863042, 48.7530212 ], [ 18.48858099, 48.75303554 ], [ 18.48853726, 48.75304902 ], [ 18.48834424, 48.75310907 ], [ 18.4882498, 48.75311336 ], [ 18.48784824, 48.75313109 ], [ 18.48774199, 48.75317723 ], [ 18.48748588, 48.75321261 ], [ 18.48717666, 48.75330571 ], [ 18.48682857, 48.7533909 ], [ 18.48611479, 48.7534365 ], [ 18.48578878, 48.75343735 ], [ 18.48530967, 48.75353988 ], [ 18.48518579, 48.75352224 ], [ 18.48439691, 48.75373949 ], [ 18.48412832, 48.75374819 ], [ 18.48371123, 48.75391097 ], [ 18.48358278, 48.75406418 ], [ 18.48332246, 48.75413289 ], [ 18.48306709, 48.75424916 ], [ 18.48295694, 48.75428714 ], [ 18.48283633, 48.7543823 ], [ 18.48280494, 48.75442787 ], [ 18.48264374, 48.75445077 ], [ 18.48258232, 48.75453114 ], [ 18.4825209, 48.75465482 ], [ 18.48217501, 48.75493505 ], [ 18.48191207, 48.75512869 ], [ 18.48162787, 48.75528307 ], [ 18.48125526, 48.75542412 ], [ 18.48093459, 48.75559924 ], [ 18.48050574, 48.75565795 ], [ 18.48032381, 48.75576742 ], [ 18.47991567, 48.7559565 ], [ 18.47968628, 48.75563633 ], [ 18.47912041, 48.75584452 ], [ 18.47883744, 48.75588273 ], [ 18.47849929, 48.75614677 ], [ 18.47810867, 48.75633103 ], [ 18.4778393, 48.75642377 ], [ 18.47751082, 48.7564223 ], [ 18.4772303, 48.75650396 ], [ 18.47697023, 48.75652286 ], [ 18.47670822, 48.75657016 ], [ 18.47614192, 48.75674041 ], [ 18.47683025, 48.75688877 ], [ 18.47676243, 48.75693521 ], [ 18.47667532, 48.75697662 ], [ 18.47638846, 48.75705649 ], [ 18.47629941, 48.75710465 ], [ 18.47606261, 48.75716417 ], [ 18.47577693, 48.75728236 ], [ 18.47542421, 48.75758602 ], [ 18.47539398, 48.7575183 ], [ 18.47536912, 48.75749888 ], [ 18.47498539, 48.7576716 ], [ 18.47464503, 48.75775574 ], [ 18.47435371, 48.75786008 ], [ 18.47420274, 48.75786558 ], [ 18.47383778, 48.75796081 ], [ 18.47358363, 48.75807126 ], [ 18.47307884, 48.75820915 ], [ 18.47280147, 48.75826887 ], [ 18.47249162, 48.75836425 ], [ 18.47209098, 48.75842295 ], [ 18.47192542, 48.75845759 ], [ 18.47192769, 48.75849914 ], [ 18.47164908, 48.7584116 ], [ 18.47115287, 48.75798213 ], [ 18.47097345, 48.7578246 ], [ 18.47055926, 48.75742456 ], [ 18.47033804, 48.75730407 ], [ 18.47003098, 48.75712832 ], [ 18.46985147, 48.7569975 ], [ 18.46961756, 48.75685213 ], [ 18.46946058, 48.75681767 ], [ 18.46944741, 48.75680304 ], [ 18.46941919, 48.75681683 ], [ 18.46915397, 48.75672496 ], [ 18.46882527, 48.75672309 ], [ 18.4687402, 48.75682616 ], [ 18.46860754, 48.75701883 ], [ 18.4685656, 48.75712625 ], [ 18.46791234, 48.75685362 ], [ 18.46792541, 48.75664606 ], [ 18.46733753, 48.75647196 ], [ 18.46738896, 48.75639105 ], [ 18.46705453, 48.75624194 ], [ 18.46663561, 48.75656574 ], [ 18.46621463, 48.75710711 ], [ 18.46605892, 48.75718588 ], [ 18.46554175, 48.75755815 ], [ 18.46437236, 48.75763643 ], [ 18.46326212, 48.75745047 ], [ 18.46181526, 48.75797412 ], [ 18.461179, 48.75820488 ], [ 18.4606141, 48.75842387 ], [ 18.46014575, 48.75860252 ], [ 18.45850291, 48.75900431 ], [ 18.45787416, 48.75915813 ], [ 18.45712931, 48.7594594 ], [ 18.45710857, 48.759468 ], [ 18.45706351, 48.75948536 ], [ 18.45638156, 48.75976303 ], [ 18.45633508, 48.75978194 ], [ 18.45447072, 48.76054047 ], [ 18.45365342, 48.76083357 ], [ 18.45312892, 48.76088365 ], [ 18.45253585, 48.76106368 ], [ 18.45136586, 48.76134341 ], [ 18.4505167, 48.7616118 ], [ 18.4500271, 48.7617313 ], [ 18.44961664, 48.76180238 ], [ 18.44907754, 48.76201309 ], [ 18.4486978, 48.76206682 ], [ 18.44854566, 48.762089 ], [ 18.44716965, 48.76228971 ], [ 18.44695675, 48.76233678 ], [ 18.44634644, 48.76252323 ], [ 18.44592557, 48.76268189 ], [ 18.44523061, 48.76286185 ], [ 18.44433708, 48.76291314 ], [ 18.44394952, 48.7629121 ], [ 18.44373454, 48.76294749 ], [ 18.44291156, 48.76299347 ], [ 18.44258204, 48.76317125 ], [ 18.44252768, 48.76320055 ], [ 18.4423636, 48.76351961 ], [ 18.44200624, 48.76374567 ], [ 18.44187263, 48.76388015 ], [ 18.4416222, 48.76428378 ], [ 18.44106233, 48.76486269 ], [ 18.44050756, 48.76511247 ], [ 18.44025953, 48.76538708 ], [ 18.44004916, 48.76548617 ], [ 18.43954001, 48.76618286 ], [ 18.43952069, 48.76695062 ], [ 18.43938176, 48.76712586 ], [ 18.43927581, 48.76765065 ], [ 18.44065087, 48.76774013 ], [ 18.44192696, 48.76807752 ], [ 18.44315453, 48.76818371 ], [ 18.44396594, 48.76843031 ], [ 18.44440188, 48.76856281 ], [ 18.44470135, 48.76857414 ], [ 18.4452329, 48.76851871 ], [ 18.44569692, 48.76866025 ], [ 18.44615204, 48.76871682 ], [ 18.44687856, 48.76887486 ], [ 18.44714867, 48.76884413 ], [ 18.44797337, 48.76893846 ], [ 18.44819718, 48.76907519 ], [ 18.4488463, 48.76922244 ], [ 18.44970957, 48.76928604 ], [ 18.44976005, 48.76939424 ], [ 18.44964813, 48.76973929 ], [ 18.44943544, 48.76996146 ], [ 18.4489905, 48.77031645 ], [ 18.44920841, 48.77091203 ], [ 18.44932134, 48.77126266 ], [ 18.449355, 48.77154049 ], [ 18.4495411, 48.77199913 ], [ 18.44962709, 48.77221406 ], [ 18.44971081, 48.77242328 ], [ 18.44983011, 48.77314662 ], [ 18.44990935, 48.77327572 ], [ 18.45006436, 48.77354203 ], [ 18.4506486, 48.77437101 ], [ 18.451207, 48.77461756 ], [ 18.45146296, 48.7747853 ], [ 18.45155162, 48.77484218 ], [ 18.45191647, 48.77495872 ], [ 18.45203093, 48.77502316 ], [ 18.45211293, 48.77510891 ], [ 18.45228916, 48.77525077 ], [ 18.45274109, 48.77548204 ], [ 18.45286569, 48.77564775 ], [ 18.45294455, 48.7757346 ], [ 18.45299683, 48.77578766 ], [ 18.45316662, 48.77590912 ], [ 18.45397233, 48.77606607 ], [ 18.45580463, 48.77635008 ], [ 18.45860956, 48.77683727 ], [ 18.45919368, 48.77685046 ], [ 18.45935052, 48.77685199 ], [ 18.4598236, 48.77688693 ], [ 18.46159733, 48.77701781 ], [ 18.46270611, 48.77719384 ], [ 18.46304753, 48.77744433 ], [ 18.4630629, 48.77745565 ], [ 18.46361259, 48.77765824 ], [ 18.46384515, 48.77771979 ], [ 18.46457601, 48.77788372 ], [ 18.46472655, 48.7779005 ], [ 18.46571283, 48.77794494 ], [ 18.4659114, 48.77795769 ], [ 18.46606648, 48.77798826 ], [ 18.46665362, 48.7780263 ], [ 18.46736306, 48.77805818 ], [ 18.46763373, 48.77808176 ], [ 18.46776228, 48.77807152 ] ] ] ] } },
{ "type": "Feature", "properties": { "@featureType": "CadastralZoning", "beginLifespanVersion": { "@nilReason": "http://inspire.ec.europa.eu/codelist/VoidReasonValue/Unpopulated", "@nil": "true" }, "endLifespanVersion": { "@nilReason": "http://inspire.ec.europa.eu/codelist/VoidReasonValue/Unpopulated", "@nil": "true" }, "estimatedAccuracy": { "value": -1, "@uom": "m" }, "inspireId": { "@dataType": "Identifier", "localId": "810720", "namespace": "SK.ESKN.CP", "versionId": "20260703T04:07:40" }, "label": "Diviacka Nová Ves", "level": { "@href": "http://inspire.ec.europa.eu/codelist/CadastralZoningLevelValue/3rdOrder" }, "levelName": { "value": "Katastrálne územie", "@locale": "sk" }, "name": { "@dataType": "name", "GeographicalName": { "@dataType": "GeographicalName", "language": "SLK", "nativeness": { "@href": "http://inspire.ec.europa.eu/codelist/NativenessValue/endonym", "@title": "endonym" }, "nameStatus": { "@href": "http://inspire.ec.europa.eu/codelist/NameStatusValue/official", "@title": "official" }, "sourceOfName": { "@nilReason": "http://inspire.ec.europa.eu/codelist/VoidReasonValue/Unpopulated", "@nil": "true" }, "pronunciation": { "@dataType": "pronunciation", "@nilReason": "http://inspire.ec.europa.eu/codelist/VoidReasonValue/Unpopulated", "@nil": "true" }, "spelling": { "@dataType": "SpellingOfName", "text": "Diviacka Nová Ves", "script": "LATN" } } }, "nationalCadastalZoningReference": "810720", "validFrom": "2026-06-30T16:00:00Z", "validTo": { "@nilReason": "http://inspire.ec.europa.eu/codelist/VoidReasonValue/Unpopulated", "@nil": "true" } }, "geometry": { "type": "MultiPolygon", "coordinates": [ [ [ [ 18.44004916, 48.76548617 ], [ 18.44025953, 48.76538708 ], [ 18.44050756, 48.76511247 ], [ 18.44106233, 48.76486269 ], [ 18.4416222, 48.76428378 ], [ 18.44187263, 48.76388015 ], [ 18.44200624, 48.76374567 ], [ 18.4423636, 48.76351961 ], [ 18.44252768, 48.76320055 ], [ 18.44258204, 48.76317125 ], [ 18.44291156, 48.76299347 ], [ 18.44373454, 48.76294749 ], [ 18.44394952, 48.7629121 ], [ 18.44433708, 48.76291314 ], [ 18.44523061, 48.76286185 ], [ 18.44592557, 48.76268189 ], [ 18.44634644, 48.76252323 ], [ 18.44695675, 48.76233678 ], [ 18.44716965, 48.76228971 ], [ 18.44854566, 48.762089 ], [ 18.4486978, 48.76206682 ], [ 18.44907754, 48.76201309 ], [ 18.44961664, 48.76180238 ], [ 18.4500271, 48.7617313 ], [ 18.4505167, 48.7616118 ], [ 18.45136586, 48.76134341 ], [ 18.45253585, 48.76106368 ], [ 18.45312892, 48.76088365 ], [ 18.45365342, 48.76083357 ], [ 18.45447072, 48.76054047 ], [ 18.45633508, 48.75978194 ], [ 18.45638156, 48.75976303 ], [ 18.45706351, 48.75948536 ], [ 18.45710857, 48.759468 ], [ 18.45712931, 48.7594594 ], [ 18.45787416, 48.75915813 ], [ 18.45850291, 48.75900431 ], [ 18.46014575, 48.75860252 ], [ 18.4606141, 48.75842387 ], [ 18.461179, 48.75820488 ], [ 18.46181526, 48.75797412 ], [ 18.46326212, 48.75745047 ], [ 18.46437236, 48.75763643 ], [ 18.46554175, 48.75755815 ], [ 18.46605892, 48.75718588 ], [ 18.46621463, 48.75710711 ], [ 18.46663561, 48.75656574 ], [ 18.46705453, 48.75624194 ], [ 18.46738896, 48.75639105 ], [ 18.46733753, 48.75647196 ], [ 18.46792541, 48.75664606 ], [ 18.46791234, 48.75685362 ], [ 18.4685656, 48.75712625 ], [ 18.46860754, 48.75701883 ], [ 18.4687402, 48.75682616 ], [ 18.46882527, 48.75672309 ], [ 18.46915397, 48.75672496 ], [ 18.46941919, 48.75681683 ], [ 18.46944741, 48.75680304 ], [ 18.46946058, 48.75681767 ], [ 18.46961756, 48.75685213 ], [ 18.46985147, 48.7569975 ], [ 18.47003098, 48.75712832 ], [ 18.47033804, 48.75730407 ], [ 18.47055926, 48.75742456 ], [ 18.47097345, 48.7578246 ], [ 18.47115287, 48.75798213 ], [ 18.47164908, 48.7584116 ], [ 18.47192769, 48.75849914 ], [ 18.47192542, 48.75845759 ], [ 18.47209098, 48.75842295 ], [ 18.47249162, 48.75836425 ], [ 18.47280147, 48.75826887 ], [ 18.47307884, 48.75820915 ], [ 18.47358363, 48.75807126 ], [ 18.47383778, 48.75796081 ], [ 18.47420274, 48.75786558 ], [ 18.47435371, 48.75786008 ], [ 18.47464503, 48.75775574 ], [ 18.47498539, 48.7576716 ], [ 18.47536912, 48.75749888 ], [ 18.47539398, 48.7575183 ], [ 18.47542421, 48.75758602 ], [ 18.47577693, 48.75728236 ], [ 18.47606261, 48.75716417 ], [ 18.47629941, 48.75710465 ], [ 18.47638846, 48.75705649 ], [ 18.47667532, 48.75697662 ], [ 18.47676243, 48.75693521 ], [ 18.47683025, 48.75688877 ], [ 18.47614192, 48.75674041 ], [ 18.47670822, 48.75657016 ], [ 18.47697023, 48.75652286 ], [ 18.4772303, 48.75650396 ], [ 18.47751082, 48.7564223 ], [ 18.4778393, 48.75642377 ], [ 18.47810867, 48.75633103 ], [ 18.47849929, 48.75614677 ], [ 18.47883744, 48.75588273 ], [ 18.47912041, 48.75584452 ], [ 18.47968628, 48.75563633 ], [ 18.47991567, 48.7559565 ], [ 18.48032381, 48.75576742 ], [ 18.48050574, 48.75565795 ], [ 18.48093459, 48.75559924 ], [ 18.48125526, 48.75542412 ], [ 18.48162787, 48.75528307 ], [ 18.48191207, 48.75512869 ], [ 18.48217501, 48.75493505 ], [ 18.4825209, 48.75465482 ], [ 18.48258232, 48.75453114 ], [ 18.48264374, 48.75445077 ], [ 18.48280494, 48.75442787 ], [ 18.48283633, 48.7543823 ], [ 18.48295694, 48.75428714 ], [ 18.48306709, 48.75424916 ], [ 18.48332246, 48.75413289 ], [ 18.48358278, 48.75406418 ], [ 18.48371123, 48.75391097 ], [ 18.48412832, 48.75374819 ], [ 18.48439691, 48.75373949 ], [ 18.48518579, 48.75352224 ], [ 18.48530967, 48.75353988 ], [ 18.48578878, 48.75343735 ], [ 18.48611479, 48.7534365 ], [ 18.48682857, 48.7533909 ], [ 18.48717666, 48.75330571 ], [ 18.48748588, 48.75321261 ], [ 18.48774199, 48.75317723 ], [ 18.48784824, 48.75313109 ], [ 18.4882498, 48.75311336 ], [ 18.48834424, 48.75310907 ], [ 18.48853726, 48.75304902 ], [ 18.48858099, 48.75303554 ], [ 18.48863042, 48.7530212 ], [ 18.48883573, 48.75295893 ], [ 18.48886928, 48.75294931 ], [ 18.48893235, 48.7529285 ], [ 18.48897149, 48.75291793 ], [ 18.48905016, 48.75292722 ], [ 18.48919411, 48.7529427 ], [ 18.48957909, 48.75285484 ], [ 18.4901322, 48.75292133 ], [ 18.49020577, 48.75293214 ], [ 18.49027277, 48.75294195 ], [ 18.49031659, 48.75294842 ], [ 18.49054252, 48.75298159 ], [ 18.49043366, 48.75321042 ], [ 18.49039833, 48.75328085 ], [ 18.49030894, 48.75345896 ], [ 18.49021898, 48.75363838 ], [ 18.49014577, 48.75378435 ], [ 18.49015063, 48.75381304 ], [ 18.49015266, 48.75382506 ], [ 18.49016686, 48.75390327 ], [ 18.49023867, 48.75397039 ], [ 18.49086181, 48.75447677 ], [ 18.49093729, 48.7545365 ], [ 18.49111249, 48.75474972 ], [ 18.49118017, 48.75496713 ], [ 18.49127794, 48.75519702 ], [ 18.49536581, 48.75549844 ], [ 18.49543653, 48.75550368 ], [ 18.49605437, 48.75387856 ], [ 18.49616484, 48.75380521 ], [ 18.49690709, 48.75367629 ], [ 18.49696443, 48.75370217 ], [ 18.49716573, 48.75374138 ], [ 18.49721691, 48.75369897 ], [ 18.49730956, 48.75369476 ], [ 18.49733683, 48.75369382 ], [ 18.49738279, 48.75367893 ], [ 18.49746658, 48.75365176 ], [ 18.49752094, 48.75363407 ], [ 18.49786169, 48.75352336 ], [ 18.49845574, 48.7535269 ], [ 18.49872001, 48.75355475 ], [ 18.49883056, 48.75362218 ], [ 18.49893197, 48.75376238 ], [ 18.49891438, 48.75401356 ], [ 18.49907109, 48.75446903 ], [ 18.49910449, 48.75456616 ], [ 18.49925515, 48.75466846 ], [ 18.49932162, 48.75468799 ], [ 18.49942684, 48.75470549 ], [ 18.4998227, 48.7547245 ], [ 18.49972961, 48.75464521 ], [ 18.50005692, 48.75468193 ], [ 18.50011839, 48.75478376 ], [ 18.50019636, 48.75493134 ], [ 18.50015051, 48.75499335 ], [ 18.50025526, 48.75504277 ], [ 18.50041786, 48.75518272 ], [ 18.50046429, 48.75531738 ], [ 18.50052574, 48.7555413 ], [ 18.5006183, 48.75576079 ], [ 18.50066527, 48.75576391 ], [ 18.50094818, 48.75578258 ], [ 18.50096551, 48.75578371 ], [ 18.50172316, 48.75583347 ], [ 18.50177664, 48.75583577 ], [ 18.50357776, 48.7559133 ], [ 18.50401763, 48.75594499 ], [ 18.50428438, 48.75593795 ], [ 18.50441824, 48.755911 ], [ 18.50454598, 48.75586746 ], [ 18.50466042, 48.75579071 ], [ 18.5048547, 48.75571726 ], [ 18.50520205, 48.75563341 ], [ 18.50541336, 48.75562875 ], [ 18.5055392, 48.75560803 ], [ 18.50558281, 48.75560086 ], [ 18.50557308, 48.75558381 ], [ 18.50555889, 48.75555876 ], [ 18.50548672, 48.75550517 ], [ 18.50538122, 48.75542674 ], [ 18.50532109, 48.7554045 ], [ 18.5052581, 48.7554116 ], [ 18.50444935, 48.75578258 ], [ 18.50432463, 48.75585317 ], [ 18.50413598, 48.7558588 ], [ 18.50368774, 48.75580247 ], [ 18.5033535, 48.7557078 ], [ 18.50319226, 48.75559176 ], [ 18.50311645, 48.7554997 ], [ 18.50298525, 48.75513985 ], [ 18.50305096, 48.75446456 ], [ 18.50312429, 48.75419975 ], [ 18.50311218, 48.75388269 ], [ 18.50318201, 48.75372093 ], [ 18.50323373, 48.75350005 ], [ 18.50336749, 48.7535184 ], [ 18.50353628, 48.75347946 ], [ 18.50382166, 48.75356107 ], [ 18.50392361, 48.75358606 ], [ 18.50400871, 48.75350599 ], [ 18.50402128, 48.75339378 ], [ 18.50385252, 48.75330729 ], [ 18.50369568, 48.75313445 ], [ 18.50342049, 48.75301297 ], [ 18.50309649, 48.75296082 ], [ 18.50299655, 48.75281529 ], [ 18.50288841, 48.75279727 ], [ 18.50271842, 48.75279354 ], [ 18.50259359, 48.75272678 ], [ 18.50235735, 48.75262783 ], [ 18.50230221, 48.75253204 ], [ 18.50232507, 48.75249782 ], [ 18.50255343, 48.75242669 ], [ 18.50282413, 48.75230752 ], [ 18.50283658, 48.75226588 ], [ 18.50265476, 48.75206162 ], [ 18.50249388, 48.75204838 ], [ 18.50240301, 48.75209068 ], [ 18.50202722, 48.75231328 ], [ 18.50190917, 48.75234056 ], [ 18.50185604, 48.75230714 ], [ 18.50182695, 48.75228876 ], [ 18.5017357, 48.7522917 ], [ 18.50153404, 48.75223688 ], [ 18.50149047, 48.75222844 ], [ 18.50145076, 48.75222085 ], [ 18.50130391, 48.75219258 ], [ 18.50127436, 48.75217138 ], [ 18.5011935, 48.75211316 ], [ 18.50110781, 48.75202057 ], [ 18.50102538, 48.75198247 ], [ 18.50096888, 48.75195636 ], [ 18.50086713, 48.75184935 ], [ 18.50086003, 48.75173183 ], [ 18.50077715, 48.75157766 ], [ 18.50064208, 48.75144355 ], [ 18.50061038, 48.75124373 ], [ 18.50056358, 48.75110761 ], [ 18.50055019, 48.75103053 ], [ 18.50043872, 48.75088562 ], [ 18.50044588, 48.75081328 ], [ 18.50054668, 48.75071692 ], [ 18.50055219, 48.75066317 ], [ 18.50052832, 48.75044988 ], [ 18.5005758, 48.75031505 ], [ 18.50055698, 48.75025725 ], [ 18.5005182, 48.75013781 ], [ 18.50057142, 48.75012584 ], [ 18.50058715, 48.75008961 ], [ 18.50063257, 48.74995169 ], [ 18.50065176, 48.74988677 ], [ 18.50068705, 48.74978168 ], [ 18.50071797, 48.74968754 ], [ 18.5007766, 48.74954754 ], [ 18.50085378, 48.74937508 ], [ 18.50085038, 48.74932381 ], [ 18.50084489, 48.74927839 ], [ 18.50081834, 48.7491441 ], [ 18.50078478, 48.74896556 ], [ 18.50077033, 48.74894149 ], [ 18.50074649, 48.74890201 ], [ 18.5004622, 48.74886638 ], [ 18.50078541, 48.7473906 ], [ 18.50082789, 48.74718357 ], [ 18.50083042, 48.74717098 ], [ 18.50096018, 48.74651933 ], [ 18.50110815, 48.74568332 ], [ 18.50110054, 48.74539043 ], [ 18.50109841, 48.74531053 ], [ 18.50112685, 48.74528836 ], [ 18.50135371, 48.74524964 ], [ 18.50201876, 48.74513667 ], [ 18.50255689, 48.74498028 ], [ 18.50319793, 48.74482592 ], [ 18.50400964, 48.74464662 ], [ 18.50436368, 48.74461766 ], [ 18.50471525, 48.74454741 ], [ 18.50503406, 48.74453817 ], [ 18.50517862, 48.74454321 ], [ 18.50563763, 48.74458244 ], [ 18.50574424, 48.7445854 ], [ 18.50579961, 48.74462706 ], [ 18.50597829, 48.74461014 ], [ 18.50600729, 48.7446074 ], [ 18.50642153, 48.74462504 ], [ 18.50694515, 48.74467143 ], [ 18.50703426, 48.74464851 ], [ 18.50731399, 48.7446855 ], [ 18.50758507, 48.74469566 ], [ 18.50895038, 48.74480691 ], [ 18.50912379, 48.74485612 ], [ 18.50950738, 48.74484392 ], [ 18.50964906, 48.74486756 ], [ 18.50972439, 48.74485879 ], [ 18.50975762, 48.74485492 ], [ 18.51199398, 48.74486206 ], [ 18.51272523, 48.74486636 ], [ 18.51279095, 48.74486671 ], [ 18.51305397, 48.74486829 ], [ 18.51318343, 48.7448696 ], [ 18.51345366, 48.74496074 ], [ 18.51363317, 48.74484784 ], [ 18.51373735, 48.74486581 ], [ 18.51374927, 48.74497115 ], [ 18.51439603, 48.74537689 ], [ 18.5145201, 48.74540173 ], [ 18.51464787, 48.74537949 ], [ 18.51473117, 48.74548584 ], [ 18.51489416, 48.74549187 ], [ 18.51524946, 48.74561419 ], [ 18.51541553, 48.74573517 ], [ 18.51554864, 48.74571827 ], [ 18.51564882, 48.74575516 ], [ 18.51572222, 48.74574871 ], [ 18.51597693, 48.74578502 ], [ 18.51640527, 48.74583075 ], [ 18.51658719, 48.74585018 ], [ 18.5168111, 48.74592 ], [ 18.51731832, 48.74590895 ], [ 18.51891024, 48.74617686 ], [ 18.51907784, 48.74618097 ], [ 18.51941233, 48.74626027 ], [ 18.51962957, 48.74626457 ], [ 18.52001971, 48.7463747 ], [ 18.52032699, 48.74641189 ], [ 18.52052302, 48.74639373 ], [ 18.52070312, 48.74644852 ], [ 18.52082071, 48.74645531 ], [ 18.52093939, 48.74646216 ], [ 18.52147755, 48.74656702 ], [ 18.52170665, 48.74663152 ], [ 18.52224395, 48.74677821 ], [ 18.52313131, 48.74683176 ], [ 18.52431307, 48.74684653 ], [ 18.5243989, 48.74684761 ], [ 18.52513071, 48.74675259 ], [ 18.52611591, 48.74651656 ], [ 18.5264806, 48.74639787 ], [ 18.52713223, 48.74615805 ], [ 18.52750049, 48.74600635 ], [ 18.52770131, 48.74594982 ], [ 18.52786184, 48.74591328 ], [ 18.52851194, 48.746115 ], [ 18.52870902, 48.74621745 ], [ 18.52896137, 48.74634926 ], [ 18.52931832, 48.74648263 ], [ 18.52962545, 48.74659758 ], [ 18.53028171, 48.74693264 ], [ 18.53072938, 48.74696249 ], [ 18.53157122, 48.74743211 ], [ 18.53183109, 48.74757705 ], [ 18.53250216, 48.74788547 ], [ 18.53272402, 48.74795127 ], [ 18.53304481, 48.74804872 ], [ 18.53311857, 48.74807107 ], [ 18.53334576, 48.74816414 ], [ 18.53339184, 48.74818307 ], [ 18.53341974, 48.74819452 ], [ 18.53347894, 48.74821878 ], [ 18.53352854, 48.74823908 ], [ 18.5338858, 48.74838545 ], [ 18.53400693, 48.74843501 ], [ 18.53404783, 48.74845177 ], [ 18.53414512, 48.7480908 ], [ 18.53427094, 48.74790157 ], [ 18.53429749, 48.74786151 ], [ 18.53433496, 48.74780508 ], [ 18.53457157, 48.74777449 ], [ 18.53461276, 48.74776916 ], [ 18.53505897, 48.74759957 ], [ 18.53507187, 48.74759468 ], [ 18.53510183, 48.74757321 ], [ 18.53516896, 48.74752517 ], [ 18.53533149, 48.74747799 ], [ 18.53543956, 48.74736974 ], [ 18.53537217, 48.74724595 ], [ 18.53532455, 48.74715844 ], [ 18.5352797, 48.74707604 ], [ 18.53524904, 48.74701987 ], [ 18.53528699, 48.74691365 ], [ 18.53530649, 48.74685904 ], [ 18.53527043, 48.74682106 ], [ 18.53526911, 48.74681964 ], [ 18.53532155, 48.74682033 ], [ 18.53545382, 48.74676203 ], [ 18.53551894, 48.74673328 ], [ 18.53550884, 48.74656705 ], [ 18.53550723, 48.74653944 ], [ 18.53550196, 48.74645261 ], [ 18.53550739, 48.74643315 ], [ 18.53553102, 48.74634979 ], [ 18.53547961, 48.74631459 ], [ 18.53547558, 48.74631185 ], [ 18.5354488, 48.74629351 ], [ 18.53547918, 48.74623489 ], [ 18.5355616, 48.74620419 ], [ 18.53564432, 48.74617333 ], [ 18.53569056, 48.74608047 ], [ 18.53569197, 48.74604616 ], [ 18.53569594, 48.74594432 ], [ 18.53565729, 48.74585486 ], [ 18.53563052, 48.74579276 ], [ 18.53565544, 48.74575486 ], [ 18.53587264, 48.74570914 ], [ 18.53599847, 48.7456827 ], [ 18.53606651, 48.74559338 ], [ 18.53645668, 48.7454922 ], [ 18.53647063, 48.74548863 ], [ 18.53651632, 48.74547677 ], [ 18.53651984, 48.74547588 ], [ 18.53654636, 48.74546894 ], [ 18.53668461, 48.74532758 ], [ 18.53687188, 48.74522418 ], [ 18.53704192, 48.74498647 ], [ 18.53709866, 48.74494508 ], [ 18.5371158, 48.74484377 ], [ 18.53712001, 48.74481874 ], [ 18.53713657, 48.74481612 ], [ 18.53721215, 48.74480418 ], [ 18.53728447, 48.74485451 ], [ 18.53733093, 48.74488682 ], [ 18.53736742, 48.74488412 ], [ 18.537402, 48.74488149 ], [ 18.53747238, 48.74487621 ], [ 18.53750227, 48.74487396 ], [ 18.53750361, 48.74487304 ], [ 18.53756201, 48.74483255 ], [ 18.53757807, 48.74456803 ], [ 18.53771414, 48.74451526 ], [ 18.53771117, 48.74443623 ], [ 18.5377081, 48.74435359 ], [ 18.53777379, 48.74432135 ], [ 18.53785599, 48.74434279 ], [ 18.53807453, 48.74440001 ], [ 18.53815448, 48.74442088 ], [ 18.5383011, 48.74457019 ], [ 18.53833764, 48.74456821 ], [ 18.53840508, 48.74456467 ], [ 18.53842473, 48.74456357 ], [ 18.53843585, 48.74456301 ], [ 18.53846593, 48.74453956 ], [ 18.53846985, 48.74453652 ], [ 18.53847504, 48.74452011 ], [ 18.53848735, 48.74448045 ], [ 18.53848642, 48.74446821 ], [ 18.53847441, 48.74431172 ], [ 18.53861345, 48.74431172 ], [ 18.53861686, 48.74431172 ], [ 18.53862122, 48.74430736 ], [ 18.53877303, 48.74415672 ], [ 18.53885262, 48.74415637 ], [ 18.53888977, 48.74415614 ], [ 18.53898083, 48.74415569 ], [ 18.53903753, 48.74421202 ], [ 18.53903141, 48.74421954 ], [ 18.53900153, 48.74425563 ], [ 18.53897068, 48.74429293 ], [ 18.53892713, 48.74434569 ], [ 18.53894311, 48.74437183 ], [ 18.53896985, 48.74441561 ], [ 18.53902363, 48.74439688 ], [ 18.5390931, 48.74437261 ], [ 18.53911151, 48.74436504 ], [ 18.53929083, 48.74429143 ], [ 18.53933357, 48.74423971 ], [ 18.5393641, 48.74420275 ], [ 18.53946632, 48.74407892 ], [ 18.53947147, 48.74407262 ], [ 18.53950902, 48.74399354 ], [ 18.53952121, 48.74396803 ], [ 18.53953376, 48.74394174 ], [ 18.53953544, 48.74393813 ], [ 18.53953098, 48.74388528 ], [ 18.53952662, 48.74383378 ], [ 18.53950703, 48.74381034 ], [ 18.53935202, 48.74362538 ], [ 18.53933254, 48.74360212 ], [ 18.539591, 48.74340586 ], [ 18.54007065, 48.74325108 ], [ 18.54012951, 48.7432671 ], [ 18.54020923, 48.74328868 ], [ 18.54038133, 48.74333533 ], [ 18.54039611, 48.74333938 ], [ 18.54040771, 48.74336348 ], [ 18.54041235, 48.74339739 ], [ 18.5404343, 48.7433975 ], [ 18.5405044, 48.7433978 ], [ 18.54071544, 48.74331483 ], [ 18.54090383, 48.74324072 ], [ 18.54110257, 48.74309327 ], [ 18.54120419, 48.74301796 ], [ 18.54127578, 48.74299425 ], [ 18.54143063, 48.74294286 ], [ 18.54145267, 48.74289298 ], [ 18.54148955, 48.74280945 ], [ 18.54144171, 48.74267762 ], [ 18.54144052, 48.74266853 ], [ 18.54142808, 48.74257454 ], [ 18.5413788, 48.74254957 ], [ 18.54127009, 48.74253291 ], [ 18.54126406, 48.74253204 ], [ 18.54115468, 48.74251525 ], [ 18.54111121, 48.74247651 ], [ 18.5410988, 48.74246546 ], [ 18.54131698, 48.74233613 ], [ 18.54132399, 48.74233903 ], [ 18.54143716, 48.74238563 ], [ 18.54154817, 48.7423554 ], [ 18.54164956, 48.7423279 ], [ 18.54206688, 48.74233259 ], [ 18.54211762, 48.74230865 ], [ 18.54224546, 48.74221996 ], [ 18.54233141, 48.7422047 ], [ 18.54243773, 48.74218577 ], [ 18.54246364, 48.74218366 ], [ 18.54252057, 48.742179 ], [ 18.54259734, 48.74217281 ], [ 18.54261981, 48.74217096 ], [ 18.54273821, 48.74208032 ], [ 18.54275058, 48.74207296 ], [ 18.54293695, 48.74196129 ], [ 18.5429967, 48.74191753 ], [ 18.5430868, 48.74185143 ], [ 18.54315827, 48.74179901 ], [ 18.54326922, 48.74171779 ], [ 18.54355802, 48.7415406 ], [ 18.54356958, 48.74151795 ], [ 18.54362996, 48.74139896 ], [ 18.54364062, 48.74137807 ], [ 18.5436791, 48.74130238 ], [ 18.5437149, 48.74123187 ], [ 18.54373967, 48.74118304 ], [ 18.54379716, 48.74106986 ], [ 18.54381454, 48.74100367 ], [ 18.54402963, 48.74066896 ], [ 18.54436799, 48.74036001 ], [ 18.54477487, 48.74001788 ], [ 18.54504764, 48.73979839 ], [ 18.54548813, 48.73944482 ], [ 18.54559744, 48.73937452 ], [ 18.54616572, 48.73907276 ], [ 18.54638327, 48.73886497 ], [ 18.54675315, 48.73869706 ], [ 18.5469895, 48.73853225 ], [ 18.54713648, 48.7384584 ], [ 18.54758513, 48.73807198 ], [ 18.54774713, 48.73805174 ], [ 18.54786462, 48.73794408 ], [ 18.54789176, 48.73786082 ], [ 18.5478396, 48.73778336 ], [ 18.54767331, 48.73768794 ], [ 18.54760597, 48.73758772 ], [ 18.5476149, 48.7375412 ], [ 18.54754637, 48.73757771 ], [ 18.54750313, 48.73760071 ], [ 18.54747494, 48.73765179 ], [ 18.54742459, 48.73774289 ], [ 18.54732623, 48.73774286 ], [ 18.54726948, 48.73774284 ], [ 18.54728725, 48.7374444 ], [ 18.54720908, 48.73714624 ], [ 18.54712208, 48.7370056 ], [ 18.54700519, 48.73685088 ], [ 18.54666117, 48.73642752 ], [ 18.54655374, 48.736439 ], [ 18.54654858, 48.73674896 ], [ 18.54655323, 48.73691877 ], [ 18.5464867, 48.7371124 ], [ 18.54633391, 48.73725153 ], [ 18.54599516, 48.73741925 ], [ 18.54579225, 48.73755438 ], [ 18.54530143, 48.73783238 ], [ 18.54521094, 48.73786887 ], [ 18.54461081, 48.73802875 ], [ 18.54404721, 48.7380059 ], [ 18.54348903, 48.73801628 ], [ 18.54310011, 48.73812007 ], [ 18.54281661, 48.73819459 ], [ 18.54241892, 48.73833589 ], [ 18.54198275, 48.73854729 ], [ 18.5414402, 48.73877707 ], [ 18.54141891, 48.73879576 ], [ 18.54132644, 48.73890938 ], [ 18.54094781, 48.73911552 ], [ 18.54065682, 48.7393322 ], [ 18.54048779, 48.73940438 ], [ 18.54039349, 48.73950645 ], [ 18.53989612, 48.73995589 ], [ 18.53964155, 48.74007295 ], [ 18.53942035, 48.74011602 ], [ 18.53937243, 48.74009437 ], [ 18.53841157, 48.73965946 ], [ 18.53756508, 48.73926164 ], [ 18.53754152, 48.73927994 ], [ 18.53742545, 48.7392293 ], [ 18.53733513, 48.73918882 ], [ 18.53721898, 48.73913665 ], [ 18.53718345, 48.73912072 ], [ 18.53716962, 48.73911456 ], [ 18.53683461, 48.73896418 ], [ 18.53564431, 48.73841665 ], [ 18.53544764, 48.73831442 ], [ 18.53529828, 48.7383689 ], [ 18.53459266, 48.73875074 ], [ 18.53457246, 48.73876173 ], [ 18.53376139, 48.73930087 ], [ 18.53364119, 48.73948571 ], [ 18.53353904, 48.73952147 ], [ 18.53320478, 48.7396385 ], [ 18.53291096, 48.73984147 ], [ 18.53282881, 48.73996955 ], [ 18.53269163, 48.74018333 ], [ 18.53261317, 48.74024357 ], [ 18.53253501, 48.74030356 ], [ 18.53217416, 48.74039413 ], [ 18.53180304, 48.74048722 ], [ 18.53131663, 48.74072128 ], [ 18.53130735, 48.74072574 ], [ 18.5307747, 48.74111276 ], [ 18.53074791, 48.74112844 ], [ 18.52997455, 48.7415801 ], [ 18.529881, 48.7416748 ], [ 18.52955612, 48.74156348 ], [ 18.5293473, 48.74149189 ], [ 18.52927646, 48.74147358 ], [ 18.52881685, 48.74135509 ], [ 18.52806442, 48.74127619 ], [ 18.52777964, 48.74117816 ], [ 18.52763091, 48.74093243 ], [ 18.5275387, 48.74069728 ], [ 18.52738864, 48.74057584 ], [ 18.52715225, 48.74038966 ], [ 18.52698618, 48.74035497 ], [ 18.526729, 48.74034949 ], [ 18.52668559, 48.74034856 ], [ 18.52653265, 48.74034526 ], [ 18.52556342, 48.74035394 ], [ 18.52542046, 48.7403548 ], [ 18.52512157, 48.74035669 ], [ 18.52397534, 48.74031535 ], [ 18.52391178, 48.74031305 ], [ 18.52405796, 48.73989763 ], [ 18.52419651, 48.73950391 ], [ 18.52445315, 48.73908234 ], [ 18.52467033, 48.73885201 ], [ 18.52467292, 48.73879196 ], [ 18.52467526, 48.73874047 ], [ 18.52467878, 48.73865773 ], [ 18.52468614, 48.73849065 ], [ 18.52468861, 48.73843375 ], [ 18.52468944, 48.73841512 ], [ 18.5246869, 48.73839504 ], [ 18.52466532, 48.73822159 ], [ 18.52465959, 48.7381757 ], [ 18.52465391, 48.73812946 ], [ 18.52464813, 48.73808394 ], [ 18.52464261, 48.7380386 ], [ 18.52461725, 48.73783535 ], [ 18.52462383, 48.73777498 ], [ 18.52464438, 48.73758759 ], [ 18.52465214, 48.73751672 ], [ 18.52465668, 48.73705115 ], [ 18.52466052, 48.73664474 ], [ 18.52467349, 48.73652128 ], [ 18.5246982, 48.73628737 ], [ 18.52472497, 48.73603264 ], [ 18.52485449, 48.73579418 ], [ 18.52512628, 48.73547929 ], [ 18.52528873, 48.73536923 ], [ 18.52544268, 48.73526494 ], [ 18.52568166, 48.7350828 ], [ 18.52594424, 48.73479683 ], [ 18.52639846, 48.73418663 ], [ 18.5267045, 48.73386721 ], [ 18.52683159, 48.73364151 ], [ 18.52689768, 48.73352411 ], [ 18.52697407, 48.73310677 ], [ 18.52698981, 48.73302109 ], [ 18.52694866, 48.73301857 ], [ 18.52690257, 48.7327595 ], [ 18.52687996, 48.73263247 ], [ 18.52683938, 48.73240466 ], [ 18.52658266, 48.73244171 ], [ 18.52585459, 48.73254676 ], [ 18.52550744, 48.73259683 ], [ 18.52505283, 48.73264002 ], [ 18.52473502, 48.73260037 ], [ 18.52439733, 48.73246766 ], [ 18.52411759, 48.732393 ], [ 18.52352504, 48.7322737 ], [ 18.52297415, 48.73218999 ], [ 18.52264956, 48.73215437 ], [ 18.52214064, 48.73211689 ], [ 18.52207122, 48.73203603 ], [ 18.52203679, 48.73199607 ], [ 18.52203382, 48.73199257 ], [ 18.52139981, 48.73199977 ], [ 18.5211893, 48.73202074 ], [ 18.5209433, 48.73196325 ], [ 18.52069428, 48.73186445 ], [ 18.52046679, 48.73175491 ], [ 18.520011, 48.73162963 ], [ 18.52009417, 48.731475 ], [ 18.52022634, 48.73127323 ], [ 18.52044827, 48.73099497 ], [ 18.51859489, 48.7310044 ], [ 18.51649408, 48.73114664 ], [ 18.51579017, 48.73123842 ], [ 18.51539217, 48.73128377 ], [ 18.5151101, 48.73134017 ], [ 18.51492407, 48.73141842 ], [ 18.51479469, 48.73145592 ], [ 18.51380213, 48.73156943 ], [ 18.51206913, 48.7317393 ], [ 18.51198511, 48.7317458 ], [ 18.51193345, 48.73174983 ], [ 18.51191747, 48.73175103 ], [ 18.51187601, 48.73175426 ], [ 18.51042434, 48.73186705 ], [ 18.50840109, 48.73215182 ], [ 18.50797257, 48.73223708 ], [ 18.50633277, 48.73256322 ], [ 18.5062228, 48.73258508 ], [ 18.50619882, 48.73258918 ], [ 18.50615309, 48.73259705 ], [ 18.506111, 48.73260422 ], [ 18.50409533, 48.73294997 ], [ 18.50292637, 48.73312717 ], [ 18.50292171, 48.73315237 ], [ 18.50290783, 48.73322831 ], [ 18.50290573, 48.73323957 ], [ 18.50048048, 48.73359501 ], [ 18.50044002, 48.7336011 ], [ 18.50030321, 48.73362157 ], [ 18.50022049, 48.7336339 ], [ 18.49932723, 48.73377837 ], [ 18.49892022, 48.73384411 ], [ 18.49867668, 48.73388345 ], [ 18.49851281, 48.73390974 ], [ 18.4969351, 48.73416507 ], [ 18.49668933, 48.73420581 ], [ 18.49644964, 48.7342449 ], [ 18.49636612, 48.73425602 ], [ 18.49331619, 48.73470598 ], [ 18.49135904, 48.73505997 ], [ 18.48973189, 48.73538676 ], [ 18.48924448, 48.73550039 ], [ 18.4889274, 48.73555263 ], [ 18.48875593, 48.73559266 ], [ 18.48829167, 48.73573265 ], [ 18.4881164, 48.73575839 ], [ 18.4880784, 48.73576542 ], [ 18.48805308, 48.73577043 ], [ 18.48802329, 48.73577628 ], [ 18.48719666, 48.73592387 ], [ 18.48683585, 48.73600709 ], [ 18.48678421, 48.73602068 ], [ 18.4867502, 48.73602855 ], [ 18.4864957, 48.73608766 ], [ 18.4859208, 48.73622101 ], [ 18.48459195, 48.73672242 ], [ 18.48442434, 48.73687059 ], [ 18.48422401, 48.73698375 ], [ 18.4838943, 48.73711903 ], [ 18.48347298, 48.73723627 ], [ 18.48274166, 48.7374166 ], [ 18.48174564, 48.73758831 ], [ 18.4800457, 48.73821689 ], [ 18.47919201, 48.73847601 ], [ 18.47835648, 48.73901571 ], [ 18.4778199, 48.7393309 ], [ 18.47646613, 48.74027594 ], [ 18.47576608, 48.74082507 ], [ 18.47573123, 48.7408504 ], [ 18.47538291, 48.74103337 ], [ 18.47517835, 48.74119934 ], [ 18.47429854, 48.74210297 ], [ 18.47367678, 48.74263022 ], [ 18.47285136, 48.74311467 ], [ 18.47243186, 48.74342474 ], [ 18.47198131, 48.74360441 ], [ 18.47073783, 48.74413583 ], [ 18.4704652, 48.74437187 ], [ 18.46985631, 48.74460697 ], [ 18.4685584, 48.74521804 ], [ 18.46736, 48.74616082 ], [ 18.46569726, 48.7473517 ], [ 18.46534378, 48.74765384 ], [ 18.46512571, 48.74788313 ], [ 18.46471517, 48.74873379 ], [ 18.46418966, 48.74924845 ], [ 18.46370596, 48.74966316 ], [ 18.46367795, 48.74968715 ], [ 18.46363345, 48.74971213 ], [ 18.46337479, 48.74985742 ], [ 18.46331687, 48.74987299 ], [ 18.4618247, 48.7502751 ], [ 18.46099195, 48.75048589 ], [ 18.46034167, 48.75066948 ], [ 18.4596895, 48.75083022 ], [ 18.45892716, 48.75103441 ], [ 18.45826675, 48.75120191 ], [ 18.45742454, 48.75142244 ], [ 18.45639608, 48.75169983 ], [ 18.45593652, 48.75180711 ], [ 18.4557191, 48.75190655 ], [ 18.45518676, 48.75215014 ], [ 18.45472613, 48.75238461 ], [ 18.45423369, 48.75263536 ], [ 18.45392019, 48.75284384 ], [ 18.45377074, 48.75295399 ], [ 18.45315898, 48.75340463 ], [ 18.45275525, 48.75373411 ], [ 18.45272172, 48.75376177 ], [ 18.45269184, 48.75378547 ], [ 18.45174211, 48.75429342 ], [ 18.45008256, 48.75500805 ], [ 18.450014, 48.75503756 ], [ 18.44903769, 48.75578435 ], [ 18.44886315, 48.75591793 ], [ 18.44770752, 48.7567149 ], [ 18.44679371, 48.75730701 ], [ 18.44630559, 48.75763613 ], [ 18.44618636, 48.75771645 ], [ 18.4456544, 48.75813195 ], [ 18.44508745, 48.7585715 ], [ 18.44409178, 48.75936763 ], [ 18.4440288, 48.75941333 ], [ 18.441913, 48.76097441 ], [ 18.44048169, 48.76200289 ], [ 18.44043303, 48.76221029 ], [ 18.44027472, 48.76237806 ], [ 18.43923893, 48.76349827 ], [ 18.43901321, 48.76373576 ], [ 18.43867913, 48.76448158 ], [ 18.43806267, 48.76469454 ], [ 18.43748658, 48.76489476 ], [ 18.4371376, 48.76496622 ], [ 18.43654251, 48.76525383 ], [ 18.43581258, 48.76546357 ], [ 18.4351893, 48.76566657 ], [ 18.43558959, 48.76579786 ], [ 18.43664442, 48.76592217 ], [ 18.43730041, 48.76596301 ], [ 18.43867107, 48.76605994 ], [ 18.43954001, 48.76618286 ], [ 18.44004916, 48.76548617 ] ] ] ] } },
{ "type": "Feature", "properties": { "@featureType": "CadastralZoning", "beginLifespanVersion": { "@nilReason": "http://inspire.ec.europa.eu/codelist/VoidReasonValue/Unpopulated", "@nil": "true" }, "endLifespanVersion": { "@nilReason": "http://inspire.ec.europa.eu/codelist/VoidReasonValue/Unpopulated", "@nil": "true" }, "estimatedAccuracy": { "value": -1, "@uom": "m" }, "inspireId": { "@dataType": "Identifier", "localId": "840726", "namespace": "SK.ESKN.CP", "versionId": "20260703T04:07:40" }, "label": "Nitrianske Sučany", "level": { "@href": "http://inspire.ec.europa.eu/codelist/CadastralZoningLevelValue/3rdOrder" }, "levelName": { "value": "Katastrálne územie", "@locale": "sk" }, "name": { "@dataType": "name", "GeographicalName": { "@dataType": "GeographicalName", "language": "SLK", "nativeness": { "@href": "http://inspire.ec.europa.eu/codelist/NativenessValue/endonym", "@title": "endonym" }, "nameStatus": { "@href": "http://inspire.ec.europa.eu/codelist/NameStatusValue/official", "@title": "official" }, "sourceOfName": { "@nilReason": "http://inspire.ec.europa.eu/codelist/VoidReasonValue/Unpopulated", "@nil": "true" }, "pronunciation": { "@dataType": "pronunciation", "@nilReason": "http://inspire.ec.europa.eu/codelist/VoidReasonValue/Unpopulated", "@nil": "true" }, "spelling": { "@dataType": "SpellingOfName", "text": "Nitrianske Sučany", "script": "LATN" } } }, "nationalCadastalZoningReference": "840726", "validFrom": "2026-06-30T16:00:00Z", "validTo": { "@nilReason": "http://inspire.ec.europa.eu/codelist/VoidReasonValue/Unpopulated", "@nil": "true" } }, "geometry": { "type": "MultiPolygon", "coordinates": [ [ [ [ 18.43581258, 48.76546357 ], [ 18.43654251, 48.76525383 ], [ 18.4371376, 48.76496622 ], [ 18.43748658, 48.76489476 ], [ 18.43806267, 48.76469454 ], [ 18.43867913, 48.76448158 ], [ 18.43901321, 48.76373576 ], [ 18.43923893, 48.76349827 ], [ 18.44027472, 48.76237806 ], [ 18.44043303, 48.76221029 ], [ 18.44048169, 48.76200289 ], [ 18.441913, 48.76097441 ], [ 18.4440288, 48.75941333 ], [ 18.44409178, 48.75936763 ], [ 18.44508745, 48.7585715 ], [ 18.4456544, 48.75813195 ], [ 18.44618636, 48.75771645 ], [ 18.44630559, 48.75763613 ], [ 18.44679371, 48.75730701 ], [ 18.44770752, 48.7567149 ], [ 18.44886315, 48.75591793 ], [ 18.44903769, 48.75578435 ], [ 18.450014, 48.75503756 ], [ 18.45008256, 48.75500805 ], [ 18.45174211, 48.75429342 ], [ 18.45269184, 48.75378547 ], [ 18.45272172, 48.75376177 ], [ 18.45275525, 48.75373411 ], [ 18.45315898, 48.75340463 ], [ 18.45377074, 48.75295399 ], [ 18.45392019, 48.75284384 ], [ 18.45423369, 48.75263536 ], [ 18.45472613, 48.75238461 ], [ 18.45518676, 48.75215014 ], [ 18.4557191, 48.75190655 ], [ 18.45593652, 48.75180711 ], [ 18.45639608, 48.75169983 ], [ 18.45742454, 48.75142244 ], [ 18.45826675, 48.75120191 ], [ 18.45892716, 48.75103441 ], [ 18.4596895, 48.75083022 ], [ 18.46034167, 48.75066948 ], [ 18.46099195, 48.75048589 ], [ 18.4618247, 48.7502751 ], [ 18.46331687, 48.74987299 ], [ 18.46337479, 48.74985742 ], [ 18.46363345, 48.74971213 ], [ 18.46367795, 48.74968715 ], [ 18.46370596, 48.74966316 ], [ 18.46418966, 48.74924845 ], [ 18.46471517, 48.74873379 ], [ 18.46512571, 48.74788313 ], [ 18.46534378, 48.74765384 ], [ 18.46569726, 48.7473517 ], [ 18.46736, 48.74616082 ], [ 18.4685584, 48.74521804 ], [ 18.46985631, 48.74460697 ], [ 18.4704652, 48.74437187 ], [ 18.47073783, 48.74413583 ], [ 18.47198131, 48.74360441 ], [ 18.47243186, 48.74342474 ], [ 18.47285136, 48.74311467 ], [ 18.47367678, 48.74263022 ], [ 18.47429854, 48.74210297 ], [ 18.47517835, 48.74119934 ], [ 18.47538291, 48.74103337 ], [ 18.47573123, 48.7408504 ], [ 18.47576608, 48.74082507 ], [ 18.47646613, 48.74027594 ], [ 18.4778199, 48.7393309 ], [ 18.47835648, 48.73901571 ], [ 18.47919201, 48.73847601 ], [ 18.4800457, 48.73821689 ], [ 18.48174564, 48.73758831 ], [ 18.48274166, 48.7374166 ], [ 18.48347298, 48.73723627 ], [ 18.4838943, 48.73711903 ], [ 18.48422401, 48.73698375 ], [ 18.48442434, 48.73687059 ], [ 18.48459195, 48.73672242 ], [ 18.4859208, 48.73622101 ], [ 18.4864957, 48.73608766 ], [ 18.4867502, 48.73602855 ], [ 18.48678421, 48.73602068 ], [ 18.48683585, 48.73600709 ], [ 18.48719666, 48.73592387 ], [ 18.48802329, 48.73577628 ], [ 18.48805308, 48.73577043 ], [ 18.4880784, 48.73576542 ], [ 18.4881164, 48.73575839 ], [ 18.48829167, 48.73573265 ], [ 18.48875593, 48.73559266 ], [ 18.4889274, 48.73555263 ], [ 18.48924448, 48.73550039 ], [ 18.48973189, 48.73538676 ], [ 18.49135904, 48.73505997 ], [ 18.49331619, 48.73470598 ], [ 18.49636612, 48.73425602 ], [ 18.49644964, 48.7342449 ], [ 18.49668933, 48.73420581 ], [ 18.4969351, 48.73416507 ], [ 18.49851281, 48.73390974 ], [ 18.49867668, 48.73388345 ], [ 18.49892022, 48.73384411 ], [ 18.49932723, 48.73377837 ], [ 18.50022049, 48.7336339 ], [ 18.50030321, 48.73362157 ], [ 18.50044002, 48.7336011 ], [ 18.50048048, 48.73359501 ], [ 18.50290573, 48.73323957 ], [ 18.50290783, 48.73322831 ], [ 18.50292171, 48.73315237 ], [ 18.50292637, 48.73312717 ], [ 18.50409533, 48.73294997 ], [ 18.506111, 48.73260422 ], [ 18.50615309, 48.73259705 ], [ 18.50619882, 48.73258918 ], [ 18.5062228, 48.73258508 ], [ 18.50633277, 48.73256322 ], [ 18.50797257, 48.73223708 ], [ 18.50840109, 48.73215182 ], [ 18.51042434, 48.73186705 ], [ 18.51187601, 48.73175426 ], [ 18.51191747, 48.73175103 ], [ 18.51193345, 48.73174983 ], [ 18.51198511, 48.7317458 ], [ 18.51206913, 48.7317393 ], [ 18.51380213, 48.73156943 ], [ 18.51479469, 48.73145592 ], [ 18.51492407, 48.73141842 ], [ 18.5151101, 48.73134017 ], [ 18.51539217, 48.73128377 ], [ 18.51579017, 48.73123842 ], [ 18.51649408, 48.73114664 ], [ 18.51859489, 48.7310044 ], [ 18.52044827, 48.73099497 ], [ 18.52022634, 48.73127323 ], [ 18.52009417, 48.731475 ], [ 18.520011, 48.73162963 ], [ 18.52046679, 48.73175491 ], [ 18.52069428, 48.73186445 ], [ 18.5209433, 48.73196325 ], [ 18.5211893, 48.73202074 ], [ 18.52139981, 48.73199977 ], [ 18.52203382, 48.73199257 ], [ 18.52215431, 48.73175099 ], [ 18.52204922, 48.7308922 ], [ 18.52202372, 48.73068362 ], [ 18.52201703, 48.73062911 ], [ 18.52192713, 48.73042936 ], [ 18.52185422, 48.73026727 ], [ 18.52173693, 48.73000512 ], [ 18.52172541, 48.7299794 ], [ 18.52174149, 48.72983978 ], [ 18.52178349, 48.72947308 ], [ 18.52180741, 48.72900766 ], [ 18.52172125, 48.72857936 ], [ 18.52180935, 48.72842445 ], [ 18.52197798, 48.72832927 ], [ 18.52253566, 48.72819119 ], [ 18.52258223, 48.72816892 ], [ 18.52271686, 48.72810454 ], [ 18.522748, 48.7278542 ], [ 18.52276665, 48.72756844 ], [ 18.52277456, 48.72747565 ], [ 18.52283064, 48.72708572 ], [ 18.52283694, 48.72704185 ], [ 18.52288822, 48.72671654 ], [ 18.52286039, 48.72657027 ], [ 18.52284949, 48.72651336 ], [ 18.52283705, 48.72644807 ], [ 18.52283047, 48.72642542 ], [ 18.52279992, 48.72631943 ], [ 18.52275409, 48.72616009 ], [ 18.52250815, 48.72584795 ], [ 18.52229528, 48.72564121 ], [ 18.52220988, 48.72555839 ], [ 18.5219383, 48.72512726 ], [ 18.52195418, 48.72506676 ], [ 18.52221793, 48.72406372 ], [ 18.52204783, 48.72353111 ], [ 18.52142513, 48.72306227 ], [ 18.52138536, 48.72304106 ], [ 18.52132333, 48.72301574 ], [ 18.52125922, 48.72298958 ], [ 18.52110739, 48.72292758 ], [ 18.52095432, 48.72287337 ], [ 18.5202305, 48.72261684 ], [ 18.51927244, 48.72220589 ], [ 18.51912873, 48.72213026 ], [ 18.51859218, 48.72184768 ], [ 18.51822585, 48.72167089 ], [ 18.51789154, 48.72150956 ], [ 18.51786054, 48.7214946 ], [ 18.51782119, 48.72147557 ], [ 18.51760487, 48.72131854 ], [ 18.51752402, 48.72126267 ], [ 18.51725305, 48.72101917 ], [ 18.51719836, 48.72097006 ], [ 18.51705379, 48.72079773 ], [ 18.51704419, 48.7207862 ], [ 18.51692621, 48.72064555 ], [ 18.51690116, 48.72061566 ], [ 18.516879, 48.7205955 ], [ 18.5167654, 48.72049182 ], [ 18.51668608, 48.72041935 ], [ 18.51706604, 48.72025362 ], [ 18.51698035, 48.72013937 ], [ 18.51733605, 48.71998332 ], [ 18.51737039, 48.71996824 ], [ 18.5172879, 48.71987862 ], [ 18.51719891, 48.71978207 ], [ 18.51705432, 48.71962517 ], [ 18.51698875, 48.71955408 ], [ 18.51695177, 48.71951388 ], [ 18.51685762, 48.71941172 ], [ 18.51677861, 48.7193259 ], [ 18.51647147, 48.71945357 ], [ 18.5163299, 48.71951251 ], [ 18.51622259, 48.71955708 ], [ 18.51602251, 48.71936519 ], [ 18.51552638, 48.71888944 ], [ 18.51525348, 48.71855468 ], [ 18.51517487, 48.71852132 ], [ 18.51512778, 48.71834611 ], [ 18.51464435, 48.71815062 ], [ 18.51475012, 48.71797448 ], [ 18.51482293, 48.71793317 ], [ 18.51492481, 48.71787531 ], [ 18.51498464, 48.71772508 ], [ 18.51504675, 48.71764726 ], [ 18.51507347, 48.71748918 ], [ 18.51517803, 48.7172823 ], [ 18.51516061, 48.71725472 ], [ 18.51506844, 48.71710845 ], [ 18.51505363, 48.71691939 ], [ 18.51492613, 48.71675792 ], [ 18.51494826, 48.71658199 ], [ 18.5150397, 48.71651164 ], [ 18.51506534, 48.71635133 ], [ 18.51495398, 48.71565299 ], [ 18.51471954, 48.7155593 ], [ 18.51419462, 48.71535891 ], [ 18.51355556, 48.71511491 ], [ 18.51286677, 48.71438332 ], [ 18.5128161, 48.71432946 ], [ 18.51303246, 48.71421434 ], [ 18.51321966, 48.71410665 ], [ 18.51350732, 48.71401674 ], [ 18.51363775, 48.71397596 ], [ 18.51354581, 48.71386606 ], [ 18.51339745, 48.71377004 ], [ 18.51315833, 48.71360922 ], [ 18.5130691, 48.71356273 ], [ 18.51297384, 48.7135132 ], [ 18.51286808, 48.71345823 ], [ 18.51258371, 48.71327877 ], [ 18.51253138, 48.71324577 ], [ 18.51221244, 48.71344623 ], [ 18.51178265, 48.71371624 ], [ 18.51094264, 48.71306225 ], [ 18.5105197, 48.71323066 ], [ 18.51026734, 48.71327711 ], [ 18.51008197, 48.71331126 ], [ 18.51003661, 48.7133196 ], [ 18.50997994, 48.71333004 ], [ 18.50959449, 48.71300489 ], [ 18.50955682, 48.71295725 ], [ 18.50952984, 48.71292328 ], [ 18.50948301, 48.71286278 ], [ 18.50941298, 48.71281978 ], [ 18.50926186, 48.71280906 ], [ 18.50917619, 48.71275924 ], [ 18.50900865, 48.71266189 ], [ 18.50890314, 48.71258752 ], [ 18.50878558, 48.71250266 ], [ 18.50873255, 48.71246546 ], [ 18.5085319, 48.71242892 ], [ 18.5081303, 48.71224601 ], [ 18.50794257, 48.71219772 ], [ 18.50777406, 48.71212558 ], [ 18.50756837, 48.71201378 ], [ 18.50742184, 48.71195015 ], [ 18.5073566, 48.71193106 ], [ 18.50718672, 48.71181535 ], [ 18.50696207, 48.71170475 ], [ 18.50686181, 48.71159286 ], [ 18.5067256, 48.71151979 ], [ 18.50668114, 48.71149587 ], [ 18.50667969, 48.71129509 ], [ 18.50677871, 48.71110542 ], [ 18.50702425, 48.71022684 ], [ 18.50691933, 48.70992455 ], [ 18.50682687, 48.70960985 ], [ 18.50680022, 48.70957446 ], [ 18.50677556, 48.70954161 ], [ 18.50670731, 48.7094507 ], [ 18.50668439, 48.70942029 ], [ 18.50644895, 48.70922609 ], [ 18.50625575, 48.7089842 ], [ 18.50597366, 48.7086758 ], [ 18.50558451, 48.70832083 ], [ 18.50542624, 48.7079547 ], [ 18.50517517, 48.70731916 ], [ 18.50492685, 48.70679133 ], [ 18.50413344, 48.70510611 ], [ 18.50439784, 48.70491532 ], [ 18.50421809, 48.70441607 ], [ 18.50412437, 48.70435552 ], [ 18.50343758, 48.70391165 ], [ 18.50212788, 48.7025568 ], [ 18.50184485, 48.70216937 ], [ 18.50138427, 48.70185188 ], [ 18.49954544, 48.70239527 ], [ 18.49957431, 48.70240534 ], [ 18.4992658, 48.70250959 ], [ 18.49871018, 48.7027721 ], [ 18.49840633, 48.70294023 ], [ 18.49819334, 48.70316019 ], [ 18.498127, 48.70327395 ], [ 18.49803245, 48.70344519 ], [ 18.49784852, 48.70372044 ], [ 18.49754757, 48.70407742 ], [ 18.49747445, 48.70443014 ], [ 18.49754057, 48.70467923 ], [ 18.49729107, 48.70508146 ], [ 18.49704651, 48.70535627 ], [ 18.49668839, 48.70565263 ], [ 18.49652322, 48.70582377 ], [ 18.49634607, 48.70598821 ], [ 18.49608022, 48.70608478 ], [ 18.49569218, 48.70616625 ], [ 18.49556981, 48.70633749 ], [ 18.4953218, 48.70661463 ], [ 18.49526888, 48.70687018 ], [ 18.49488801, 48.70709778 ], [ 18.49475611, 48.70728077 ], [ 18.49420278, 48.70755259 ], [ 18.49405884, 48.70762834 ], [ 18.49388134, 48.7077313 ], [ 18.49365038, 48.70798329 ], [ 18.49326969, 48.70829293 ], [ 18.49296282, 48.7084663 ], [ 18.49252577, 48.70878061 ], [ 18.492393, 48.70905406 ], [ 18.49226148, 48.7092524 ], [ 18.49218968, 48.70950078 ], [ 18.49225584, 48.70967552 ], [ 18.49223614, 48.71011934 ], [ 18.49234483, 48.7104528 ], [ 18.4924201, 48.71069401 ], [ 18.49270343, 48.71105937 ], [ 18.49297139, 48.71136251 ], [ 18.493092, 48.71165756 ], [ 18.4932236, 48.71184654 ], [ 18.49317277, 48.71186369 ], [ 18.491994, 48.7126028 ], [ 18.49141385, 48.71293568 ], [ 18.49134699, 48.71297397 ], [ 18.4897793, 48.71387334 ], [ 18.48967438, 48.71365658 ], [ 18.48926955, 48.71375173 ], [ 18.48910096, 48.71391275 ], [ 18.48898985, 48.71398524 ], [ 18.48886175, 48.71405409 ], [ 18.48866566, 48.71414844 ], [ 18.48821854, 48.71427952 ], [ 18.48791621, 48.71431966 ], [ 18.48775619, 48.71435156 ], [ 18.48758376, 48.71440958 ], [ 18.48702376, 48.71473353 ], [ 18.48689033, 48.71481327 ], [ 18.48687807, 48.71484139 ], [ 18.4866901, 48.71497634 ], [ 18.48619796, 48.71537883 ], [ 18.48590802, 48.71556557 ], [ 18.48532441, 48.71600237 ], [ 18.48553821, 48.71611774 ], [ 18.48556223, 48.71613061 ], [ 18.4853605, 48.71643473 ], [ 18.48525554, 48.71665141 ], [ 18.48520895, 48.71676933 ], [ 18.48520176, 48.71678635 ], [ 18.48514801, 48.7169211 ], [ 18.48495042, 48.71754817 ], [ 18.48519933, 48.7176892 ], [ 18.48524344, 48.71798393 ], [ 18.4853071, 48.71808724 ], [ 18.48537108, 48.71821412 ], [ 18.48568441, 48.7185252 ], [ 18.48578152, 48.7185827 ], [ 18.48598516, 48.71869326 ], [ 18.48634971, 48.718842 ], [ 18.48671574, 48.71898009 ], [ 18.48685983, 48.71902294 ], [ 18.48694045, 48.71904993 ], [ 18.48712779, 48.71915021 ], [ 18.48715999, 48.71924565 ], [ 18.48714345, 48.71934365 ], [ 18.48702371, 48.71945763 ], [ 18.48670461, 48.71964078 ], [ 18.486479, 48.71973757 ], [ 18.48577407, 48.72009424 ], [ 18.48419789, 48.72081549 ], [ 18.48304212, 48.720132 ], [ 18.48250962, 48.71977537 ], [ 18.48241704, 48.7197025 ], [ 18.48223842, 48.71949811 ], [ 18.48207784, 48.7194964 ], [ 18.48169999, 48.71945998 ], [ 18.48125705, 48.7194347 ], [ 18.48113415, 48.71946087 ], [ 18.48107339, 48.71933886 ], [ 18.48101598, 48.71933335 ], [ 18.48087675, 48.71914772 ], [ 18.48088449, 48.71911981 ], [ 18.48059397, 48.71889328 ], [ 18.48050443, 48.71878104 ], [ 18.48046127, 48.71869907 ], [ 18.48036109, 48.71865304 ], [ 18.48030577, 48.71865044 ], [ 18.48022941, 48.71869804 ], [ 18.47991975, 48.7186476 ], [ 18.47971579, 48.71859395 ], [ 18.47973173, 48.71852137 ], [ 18.47974273, 48.71845889 ], [ 18.47972886, 48.71796404 ], [ 18.47969809, 48.71789529 ], [ 18.47919145, 48.71760568 ], [ 18.47902837, 48.71764444 ], [ 18.47936553, 48.71683312 ], [ 18.47901743, 48.71673065 ], [ 18.4788674, 48.71671011 ], [ 18.47835474, 48.71658766 ], [ 18.47833635, 48.71641401 ], [ 18.47829113, 48.71629754 ], [ 18.47825897, 48.71618459 ], [ 18.47815241, 48.71592486 ], [ 18.47816401, 48.71580331 ], [ 18.47815147, 48.71567429 ], [ 18.47806918, 48.71559882 ], [ 18.47769193, 48.7153888 ], [ 18.47734398, 48.71520601 ], [ 18.47692544, 48.71509009 ], [ 18.47671521, 48.71506353 ], [ 18.47668643, 48.71503433 ], [ 18.4764912, 48.7148485 ], [ 18.47636347, 48.71471584 ], [ 18.47617318, 48.71460572 ], [ 18.47604366, 48.71454471 ], [ 18.47592639, 48.714485 ], [ 18.47581555, 48.71441545 ], [ 18.47565996, 48.71434813 ], [ 18.47551205, 48.71417212 ], [ 18.47542627, 48.71400089 ], [ 18.4754108, 48.71387785 ], [ 18.47532523, 48.71373425 ], [ 18.47523227, 48.71362877 ], [ 18.47509495, 48.71353556 ], [ 18.47474834, 48.71318408 ], [ 18.47468265, 48.7131459 ], [ 18.4741709, 48.71284858 ], [ 18.47411118, 48.71281388 ], [ 18.47400968, 48.71288355 ], [ 18.4739246, 48.71294194 ], [ 18.47385727, 48.71298823 ], [ 18.47377882, 48.7129571 ], [ 18.47366277, 48.71296794 ], [ 18.47320704, 48.71286918 ], [ 18.47288121, 48.71278831 ], [ 18.47251022, 48.71267184 ], [ 18.47206261, 48.71258769 ], [ 18.47175697, 48.71318911 ], [ 18.47166457, 48.71318536 ], [ 18.47137465, 48.71326874 ], [ 18.47131827, 48.7132724 ], [ 18.4711472, 48.7132978 ], [ 18.47098079, 48.71330026 ], [ 18.47086363, 48.71336645 ], [ 18.47076311, 48.71345648 ], [ 18.47059857, 48.7134733 ], [ 18.47020332, 48.71345087 ], [ 18.469878, 48.71340495 ], [ 18.46964671, 48.71387808 ], [ 18.46935558, 48.71383134 ], [ 18.46902543, 48.71378903 ], [ 18.46883958, 48.71379529 ], [ 18.46877234, 48.71379754 ], [ 18.46836205, 48.71382635 ], [ 18.46824794, 48.71384442 ], [ 18.46750238, 48.71396247 ], [ 18.46692297, 48.71401082 ], [ 18.46689303, 48.71400926 ], [ 18.46688057, 48.71400857 ], [ 18.46683144, 48.71413112 ], [ 18.46678227, 48.71419122 ], [ 18.46668005, 48.71442347 ], [ 18.4665729, 48.71465472 ], [ 18.46656269, 48.71474657 ], [ 18.466536, 48.71483823 ], [ 18.46646334, 48.71506201 ], [ 18.46638736, 48.71527206 ], [ 18.46628506, 48.7154951 ], [ 18.46627627, 48.71562222 ], [ 18.46624886, 48.71579209 ], [ 18.46624321, 48.71582715 ], [ 18.4662027, 48.71591913 ], [ 18.46620253, 48.71610882 ], [ 18.46621884, 48.71633976 ], [ 18.46623841, 48.71655238 ], [ 18.46626393, 48.71666479 ], [ 18.46630281, 48.71687676 ], [ 18.46636843, 48.71699887 ], [ 18.46636683, 48.71711439 ], [ 18.46639294, 48.71733143 ], [ 18.46641992, 48.71742027 ], [ 18.46647653, 48.71759333 ], [ 18.46653609, 48.71777549 ], [ 18.46658723, 48.71793245 ], [ 18.46660646, 48.71806229 ], [ 18.46662955, 48.71821563 ], [ 18.46662103, 48.71831245 ], [ 18.46653482, 48.7184565 ], [ 18.46648916, 48.71859585 ], [ 18.46644778, 48.71863418 ], [ 18.46637604, 48.71873373 ], [ 18.4663046, 48.71889151 ], [ 18.46625281, 48.71907294 ], [ 18.46622716, 48.71917043 ], [ 18.46625355, 48.71927161 ], [ 18.46624972, 48.71935939 ], [ 18.46622981, 48.71946 ], [ 18.46624139, 48.71951307 ], [ 18.46625319, 48.71956769 ], [ 18.46624794, 48.71961694 ], [ 18.46624603, 48.71963426 ], [ 18.46625777, 48.71970557 ], [ 18.46626179, 48.71972998 ], [ 18.46620844, 48.7197745 ], [ 18.46620035, 48.71981485 ], [ 18.46619696, 48.71983208 ], [ 18.46615747, 48.71995164 ], [ 18.46614218, 48.72011513 ], [ 18.4660483, 48.72016852 ], [ 18.46599659, 48.72019789 ], [ 18.46600136, 48.72023795 ], [ 18.46601432, 48.72027251 ], [ 18.46618889, 48.72067733 ], [ 18.46626052, 48.72075501 ], [ 18.46623735, 48.72084037 ], [ 18.46624517, 48.72092229 ], [ 18.46619406, 48.72102912 ], [ 18.46619845, 48.7210365 ], [ 18.46623824, 48.72110385 ], [ 18.46625668, 48.72121073 ], [ 18.46625365, 48.72125532 ], [ 18.46625082, 48.72129839 ], [ 18.46619454, 48.72142569 ], [ 18.46603622, 48.72165259 ], [ 18.46590762, 48.72195107 ], [ 18.46595256, 48.72201221 ], [ 18.46590074, 48.72211169 ], [ 18.4658639, 48.72222436 ], [ 18.46587399, 48.72231633 ], [ 18.46590589, 48.72239868 ], [ 18.46589924, 48.72251636 ], [ 18.4659235, 48.72261065 ], [ 18.46589609, 48.72279135 ], [ 18.46588225, 48.72288056 ], [ 18.46592576, 48.72293684 ], [ 18.46587726, 48.72306727 ], [ 18.46584457, 48.72308857 ], [ 18.46580088, 48.72311703 ], [ 18.46568768, 48.72317215 ], [ 18.46563814, 48.72322428 ], [ 18.4655997, 48.7232977 ], [ 18.46545504, 48.72343781 ], [ 18.46543182, 48.72348355 ], [ 18.46535066, 48.72352139 ], [ 18.46528653, 48.72357245 ], [ 18.46522657, 48.72365966 ], [ 18.46518369, 48.72370873 ], [ 18.46519237, 48.7237621 ], [ 18.46510767, 48.72389189 ], [ 18.46495681, 48.7240109 ], [ 18.46481932, 48.72407903 ], [ 18.46467727, 48.72411307 ], [ 18.4645477, 48.72418759 ], [ 18.4644687, 48.72420507 ], [ 18.46440535, 48.72422179 ], [ 18.46434229, 48.72423834 ], [ 18.46418706, 48.72430757 ], [ 18.46414902, 48.72431287 ], [ 18.46349413, 48.72440496 ], [ 18.4632134, 48.72416502 ], [ 18.46309938, 48.72406757 ], [ 18.46282909, 48.72421528 ], [ 18.4627701, 48.72425362 ], [ 18.46270992, 48.7242938 ], [ 18.46250012, 48.72443672 ], [ 18.46238163, 48.72449471 ], [ 18.46220707, 48.72466746 ], [ 18.46214597, 48.7247074 ], [ 18.46199464, 48.72489389 ], [ 18.46189118, 48.72500793 ], [ 18.4618412, 48.7250743 ], [ 18.46174846, 48.72518452 ], [ 18.46170544, 48.72523575 ], [ 18.46152774, 48.72522792 ], [ 18.46130482, 48.7252703 ], [ 18.46104542, 48.72532402 ], [ 18.46085637, 48.72539751 ], [ 18.46079356, 48.72543258 ], [ 18.46022426, 48.72539753 ], [ 18.45985509, 48.72540124 ], [ 18.45951693, 48.725397 ], [ 18.45922362, 48.72540805 ], [ 18.45882043, 48.72540356 ], [ 18.45872714, 48.72529859 ], [ 18.45866926, 48.72519739 ], [ 18.45847485, 48.72512844 ], [ 18.45833123, 48.7252159 ], [ 18.45802719, 48.72534765 ], [ 18.45787234, 48.72547753 ], [ 18.45775289, 48.72554313 ], [ 18.45731388, 48.7254798 ], [ 18.45605332, 48.72607526 ], [ 18.45568173, 48.72627628 ], [ 18.45507282, 48.7266056 ], [ 18.45451709, 48.72692956 ], [ 18.45442141, 48.72698726 ], [ 18.45344244, 48.72757751 ], [ 18.45172, 48.72782224 ], [ 18.44999896, 48.72859533 ], [ 18.44979763, 48.72871496 ], [ 18.44961305, 48.72878191 ], [ 18.44941612, 48.72889267 ], [ 18.44913425, 48.72899214 ], [ 18.44900592, 48.72900697 ], [ 18.44875942, 48.72906626 ], [ 18.44776747, 48.7294109 ], [ 18.44660065, 48.73008962 ], [ 18.44509659, 48.73217982 ], [ 18.44422576, 48.73470857 ], [ 18.44223433, 48.73565423 ], [ 18.44166915, 48.73588212 ], [ 18.44022057, 48.73663552 ], [ 18.43990427, 48.73668434 ], [ 18.43967393, 48.73674161 ], [ 18.43869452, 48.73716107 ], [ 18.43829932, 48.73735442 ], [ 18.4376372, 48.73787556 ], [ 18.43634451, 48.7385057 ], [ 18.4360576, 48.73861534 ], [ 18.43549656, 48.73878847 ], [ 18.43526271, 48.73880773 ], [ 18.43495913, 48.73884848 ], [ 18.43456328, 48.7390037 ], [ 18.43424484, 48.73915102 ], [ 18.43374223, 48.73948316 ], [ 18.43357154, 48.73957351 ], [ 18.43334704, 48.73977947 ], [ 18.43314672, 48.73997648 ], [ 18.43303874, 48.74019648 ], [ 18.4329377, 48.74052317 ], [ 18.43279901, 48.74058172 ], [ 18.43230741, 48.74061051 ], [ 18.43216976, 48.740536 ], [ 18.43184195, 48.74042234 ], [ 18.43156773, 48.74036173 ], [ 18.43141166, 48.74036255 ], [ 18.43115431, 48.74042824 ], [ 18.4307124, 48.74060427 ], [ 18.43012754, 48.74079384 ], [ 18.42913205, 48.74150113 ], [ 18.42873791, 48.74170056 ], [ 18.428277, 48.74206062 ], [ 18.42792967, 48.74278158 ], [ 18.42727207, 48.74309029 ], [ 18.42676461, 48.74322557 ], [ 18.42671347, 48.74323925 ], [ 18.4259231, 48.74344998 ], [ 18.42554117, 48.74364763 ], [ 18.42448205, 48.74406184 ], [ 18.42448966, 48.74495321 ], [ 18.42413999, 48.74503957 ], [ 18.42402298, 48.74521096 ], [ 18.42385462, 48.74548798 ], [ 18.42336695, 48.74588408 ], [ 18.42370501, 48.74597199 ], [ 18.42414281, 48.74604386 ], [ 18.42499448, 48.74638806 ], [ 18.42564602, 48.74651899 ], [ 18.42607704, 48.74659706 ], [ 18.42643774, 48.7469002 ], [ 18.42640519, 48.74722979 ], [ 18.42656903, 48.74759799 ], [ 18.42636884, 48.74813442 ], [ 18.42640949, 48.74877222 ], [ 18.42643, 48.74913219 ], [ 18.42673138, 48.74944476 ], [ 18.42727852, 48.74972322 ], [ 18.42769941, 48.74984909 ], [ 18.42807535, 48.7502583 ], [ 18.4286563, 48.75080612 ], [ 18.42958785, 48.75135417 ], [ 18.43023501, 48.75141362 ], [ 18.43097384, 48.75149069 ], [ 18.4319104, 48.7517391 ], [ 18.43143438, 48.75227902 ], [ 18.43126157, 48.7526354 ], [ 18.43139347, 48.75302988 ], [ 18.43141367, 48.75345175 ], [ 18.43156659, 48.75374938 ], [ 18.4315854, 48.75378617 ], [ 18.43175328, 48.75432 ], [ 18.43178354, 48.75456887 ], [ 18.43149847, 48.75524104 ], [ 18.43145008, 48.75580873 ], [ 18.43133435, 48.7566781 ], [ 18.4314236, 48.75729593 ], [ 18.43153593, 48.75746822 ], [ 18.43181814, 48.7578454 ], [ 18.43192212, 48.75821911 ], [ 18.43185359, 48.75911564 ], [ 18.43179616, 48.7593768 ], [ 18.43175053, 48.75966234 ], [ 18.43172321, 48.76029312 ], [ 18.43175327, 48.76084927 ], [ 18.43179144, 48.76140714 ], [ 18.43265735, 48.7618406 ], [ 18.43300714, 48.76238379 ], [ 18.43328659, 48.76262372 ], [ 18.43335529, 48.7627268 ], [ 18.43358862, 48.7630075 ], [ 18.43409266, 48.76345184 ], [ 18.43403641, 48.76396333 ], [ 18.43419975, 48.76409087 ], [ 18.43436049, 48.76440906 ], [ 18.43458773, 48.76468951 ], [ 18.4346663, 48.76504746 ], [ 18.43466945, 48.76519808 ], [ 18.4351893, 48.76566657 ], [ 18.43581258, 48.76546357 ] ] ] ] } }
]
}
