{
"type": "FeatureCollection",
"name": "gis",
"crs": { "type": "name", "properties": { "name": "urn:ogc:def:crs:OGC:1.3:CRS84" } },
"features": [
{ "type": "Feature", "properties": { "@featureType": "CadastralParcel", "areaValue": { "value": 45004, "@uom": "m2" }, "beginLifespanVersion": { "@nilReason": "http://inspire.ec.europa.eu/codelist/VoidReasonValue/Unpopulated", "@nil": "true" }, "endLifespanVersion": { "@nilReason": "http://inspire.ec.europa.eu/codelist/VoidReasonValue/Unpopulated", "@nil": "true" }, "inspireId": { "@dataType": "Identifier", "localId": "861898_3938.C", "namespace": "SK.ESKN.CP", "versionId": "20260703T04:07:37" }, "label": "3938", "nationalCadastralReference": "861898_3938.C", "referencePoint": { "type": "Point", "coordinates": [ 18.17199081, 48.06970912 ] }, "validFrom": "2026-06-30T16:00:00Z", "validTo": { "@nilReason": "http://inspire.ec.europa.eu/codelist/VoidReasonValue/Unpopulated", "@nil": "true" }, "administrativeUnit": { "@href": "#auAdmUnitS.1706" } }, "geometry": { "type": "Polygon", "coordinates": [ [ [ 18.17184057, 48.07368959 ], [ 18.17225871, 48.07376397 ], [ 18.17227653, 48.07359917 ], [ 18.17260301, 48.07358612 ], [ 18.17263077, 48.07376812 ], [ 18.17225871, 48.07376397 ], [ 18.17250462, 48.07389074 ], [ 18.17330727, 48.07396882 ], [ 18.17314309, 48.07348951 ], [ 18.17291798, 48.07337072 ], [ 18.17279922, 48.07269572 ], [ 18.17257714, 48.07138346 ], [ 18.17246462, 48.07077237 ], [ 18.17229945, 48.06990463 ], [ 18.17213785, 48.06904151 ], [ 18.17197353, 48.0681777 ], [ 18.17192566, 48.06818636 ], [ 18.17176722, 48.06744287 ], [ 18.17161973, 48.06670227 ], [ 18.17193349, 48.0652296 ], [ 18.17129869, 48.06516882 ], [ 18.17092764, 48.06513673 ], [ 18.17095748, 48.06531099 ], [ 18.17099404, 48.06552465 ], [ 18.17103512, 48.06576458 ], [ 18.17107843, 48.06601745 ], [ 18.17108653, 48.06606487 ], [ 18.17122144, 48.0668524 ], [ 18.17122872, 48.06689471 ], [ 18.1713821, 48.06778253 ], [ 18.17138427, 48.06779584 ], [ 18.17152627, 48.06864589 ], [ 18.17168381, 48.06949966 ], [ 18.17168644, 48.06951362 ], [ 18.17184109, 48.07044864 ], [ 18.17200815, 48.0712367 ], [ 18.17200966, 48.07124374 ], [ 18.17216213, 48.07207039 ], [ 18.17184057, 48.07368959 ] ] ] } },
{ "type": "Feature", "properties": { "@featureType": "CadastralParcel", "areaValue": { "value": 84587, "@uom": "m2" }, "beginLifespanVersion": { "@nilReason": "http://inspire.ec.europa.eu/codelist/VoidReasonValue/Unpopulated", "@nil": "true" }, "endLifespanVersion": { "@nilReason": "http://inspire.ec.europa.eu/codelist/VoidReasonValue/Unpopulated", "@nil": "true" }, "inspireId": { "@dataType": "Identifier", "localId": "861898_3610/1.C", "namespace": "SK.ESKN.CP", "versionId": "20260703T04:07:37" }, "label": "3610/1", "nationalCadastralReference": "861898_3610/1.C", "referencePoint": { "type": "Point", "coordinates": [ 18.17526198, 48.09218205 ] }, "validFrom": "2026-06-30T16:00:00Z", "validTo": { "@nilReason": "http://inspire.ec.europa.eu/codelist/VoidReasonValue/Unpopulated", "@nil": "true" }, "administrativeUnit": { "@href": "#auAdmUnitS.1706" } }, "geometry": { "type": "Polygon", "coordinates": [ [ [ 18.1725336, 48.09229198 ], [ 18.17646299, 48.09360721 ], [ 18.17658068, 48.09357482 ], [ 18.1782646, 48.09311103 ], [ 18.17864756, 48.09300557 ], [ 18.17873085, 48.09298272 ], [ 18.17879892, 48.09296394 ], [ 18.17817214, 48.0924671 ], [ 18.17848969, 48.09238995 ], [ 18.1786287, 48.09235619 ], [ 18.17842937, 48.09219595 ], [ 18.1768486, 48.09092539 ], [ 18.17661276, 48.09073719 ], [ 18.17431164, 48.09115513 ], [ 18.17414088, 48.09125159 ], [ 18.1740539, 48.09130067 ], [ 18.17397113, 48.09135271 ], [ 18.17371003, 48.09151683 ], [ 18.17356077, 48.09161066 ], [ 18.17252765, 48.09226012 ], [ 18.1725336, 48.09229198 ] ], [ [ 18.17490765, 48.09251506 ], [ 18.17498586, 48.09250221 ], [ 18.17499692, 48.09253319 ], [ 18.17491779, 48.0925458 ], [ 18.17490765, 48.09251506 ] ], [ [ 18.17741072, 48.09295616 ], [ 18.17804578, 48.09275466 ], [ 18.17815451, 48.09290699 ], [ 18.17751898, 48.09310901 ], [ 18.17741072, 48.09295616 ] ], [ [ 18.17664474, 48.09228552 ], [ 18.17662316, 48.09223496 ], [ 18.17669962, 48.09222002 ], [ 18.17672104, 48.09227083 ], [ 18.17664474, 48.09228552 ] ], [ [ 18.17783174, 48.09220518 ], [ 18.17789639, 48.09216815 ], [ 18.17802785, 48.09227008 ], [ 18.1779625, 48.09230734 ], [ 18.17783174, 48.09220518 ] ] ] } },
{ "type": "Feature", "properties": { "@featureType": "CadastralParcel", "areaValue": { "value": 4408, "@uom": "m2" }, "beginLifespanVersion": { "@nilReason": "http://inspire.ec.europa.eu/codelist/VoidReasonValue/Unpopulated", "@nil": "true" }, "endLifespanVersion": { "@nilReason": "http://inspire.ec.europa.eu/codelist/VoidReasonValue/Unpopulated", "@nil": "true" }, "inspireId": { "@dataType": "Identifier", "localId": "861898_3940/430.C", "namespace": "SK.ESKN.CP", "versionId": "20260703T04:07:37" }, "label": "3940/430", "nationalCadastralReference": "861898_3940/430.C", "referencePoint": { "type": "Point", "coordinates": [ 18.17097969, 48.06724039 ] }, "validFrom": "2026-06-30T16:00:00Z", "validTo": { "@nilReason": "http://inspire.ec.europa.eu/codelist/VoidReasonValue/Unpopulated", "@nil": "true" }, "administrativeUnit": { "@href": "#auAdmUnitS.1706" } }, "geometry": { "type": "Polygon", "coordinates": [ [ [ 18.17089453, 48.06840717 ], [ 18.17122872, 48.06689471 ], [ 18.17122144, 48.0668524 ], [ 18.17108653, 48.06606487 ], [ 18.17107843, 48.06601745 ], [ 18.17073032, 48.06758606 ], [ 18.17089453, 48.06840717 ] ] ] } },
{ "type": "Feature", "properties": { "@featureType": "CadastralParcel", "areaValue": { "value": 11753, "@uom": "m2" }, "beginLifespanVersion": { "@nilReason": "http://inspire.ec.europa.eu/codelist/VoidReasonValue/Unpopulated", "@nil": "true" }, "endLifespanVersion": { "@nilReason": "http://inspire.ec.europa.eu/codelist/VoidReasonValue/Unpopulated", "@nil": "true" }, "inspireId": { "@dataType": "Identifier", "localId": "861898_3943/2.C", "namespace": "SK.ESKN.CP", "versionId": "20260703T04:07:37" }, "label": "3943/2", "nationalCadastralReference": "861898_3943/2.C", "referencePoint": { "type": "Point", "coordinates": [ 18.15760815, 48.07755047 ] }, "validFrom": "2026-06-30T16:00:00Z", "validTo": { "@nilReason": "http://inspire.ec.europa.eu/codelist/VoidReasonValue/Unpopulated", "@nil": "true" }, "administrativeUnit": { "@href": "#auAdmUnitS.1706" } }, "geometry": { "type": "Polygon", "coordinates": [ [ [ 18.1540736, 48.07724186 ], [ 18.15476717, 48.07731584 ], [ 18.15539763, 48.07738305 ], [ 18.15666458, 48.07751889 ], [ 18.15718606, 48.07757474 ], [ 18.15800912, 48.07766297 ], [ 18.15932702, 48.07780384 ], [ 18.16025804, 48.07790316 ], [ 18.16061652, 48.07794141 ], [ 18.16198708, 48.07808859 ], [ 18.16260266, 48.07815434 ], [ 18.16273141, 48.07816811 ], [ 18.16273253, 48.07815951 ], [ 18.16275434, 48.07803151 ], [ 18.16200817, 48.07795169 ], [ 18.16061853, 48.07780412 ], [ 18.15933738, 48.07766659 ], [ 18.15803101, 48.07752621 ], [ 18.15668927, 48.0773823 ], [ 18.15541352, 48.07724585 ], [ 18.1540979, 48.07710525 ], [ 18.1525297, 48.07693672 ], [ 18.15252616, 48.07707627 ], [ 18.1540736, 48.07724186 ] ] ] } },
{ "type": "Feature", "properties": { "@featureType": "CadastralParcel", "areaValue": { "value": 1254, "@uom": "m2" }, "beginLifespanVersion": { "@nilReason": "http://inspire.ec.europa.eu/codelist/VoidReasonValue/Unpopulated", "@nil": "true" }, "endLifespanVersion": { "@nilReason": "http://inspire.ec.europa.eu/codelist/VoidReasonValue/Unpopulated", "@nil": "true" }, "inspireId": { "@dataType": "Identifier", "localId": "861898_2553/2.C", "namespace": "SK.ESKN.CP", "versionId": "20260703T04:07:37" }, "label": "2553/2", "nationalCadastralReference": "861898_2553/2.C", "referencePoint": { "type": "Point", "coordinates": [ 18.17434433, 48.07966768 ] }, "validFrom": "2026-06-30T16:00:00Z", "validTo": { "@nilReason": "http://inspire.ec.europa.eu/codelist/VoidReasonValue/Unpopulated", "@nil": "true" }, "administrativeUnit": { "@href": "#auAdmUnitS.1706" } }, "geometry": { "type": "Polygon", "coordinates": [ [ [ 18.17360571, 48.07954368 ], [ 18.17359487, 48.07963829 ], [ 18.17367675, 48.07964687 ], [ 18.17506395, 48.07979197 ], [ 18.17517786, 48.07980386 ], [ 18.1751359, 48.07970084 ], [ 18.17501558, 48.07968848 ], [ 18.17360571, 48.07954368 ] ] ] } },
{ "type": "Feature", "properties": { "@featureType": "CadastralParcel", "areaValue": { "value": 6882, "@uom": "m2" }, "beginLifespanVersion": { "@nilReason": "http://inspire.ec.europa.eu/codelist/VoidReasonValue/Unpopulated", "@nil": "true" }, "endLifespanVersion": { "@nilReason": "http://inspire.ec.europa.eu/codelist/VoidReasonValue/Unpopulated", "@nil": "true" }, "inspireId": { "@dataType": "Identifier", "localId": "861898_2527.C", "namespace": "SK.ESKN.CP", "versionId": "20260703T04:07:37" }, "label": "2527", "nationalCadastralReference": "861898_2527.C", "referencePoint": { "type": "Point", "coordinates": [ 18.1758421, 48.08169737 ] }, "validFrom": "2026-06-30T16:00:00Z", "validTo": { "@nilReason": "http://inspire.ec.europa.eu/codelist/VoidReasonValue/Unpopulated", "@nil": "true" }, "administrativeUnit": { "@href": "#auAdmUnitS.1706" } }, "geometry": { "type": "Polygon", "coordinates": [ [ [ 18.17648398, 48.08281846 ], [ 18.17648237, 48.082807 ], [ 18.17647301, 48.08279408 ], [ 18.17647204, 48.08278599 ], [ 18.1764793, 48.08278091 ], [ 18.17646973, 48.0827696 ], [ 18.17644539, 48.08274336 ], [ 18.17642108, 48.08271684 ], [ 18.17639729, 48.08269053 ], [ 18.17638888, 48.08268164 ], [ 18.17637037, 48.08267894 ], [ 18.17635739, 48.08266689 ], [ 18.17628931, 48.08263719 ], [ 18.17592827, 48.0816215 ], [ 18.17567252, 48.08090031 ], [ 18.17561448, 48.08072521 ], [ 18.17545494, 48.08024409 ], [ 18.1753902, 48.08004901 ], [ 18.17521722, 48.07990096 ], [ 18.17510452, 48.07991396 ], [ 18.17512204, 48.07996463 ], [ 18.17515003, 48.08004562 ], [ 18.17520233, 48.08019647 ], [ 18.17521407, 48.08023047 ], [ 18.17521535, 48.08023415 ], [ 18.17521717, 48.08023976 ], [ 18.17522461, 48.08026232 ], [ 18.17522753, 48.08027097 ], [ 18.17524257, 48.08031582 ], [ 18.17526972, 48.08039396 ], [ 18.1752715, 48.08039993 ], [ 18.17529876, 48.08048034 ], [ 18.17532379, 48.08055095 ], [ 18.17532465, 48.08055362 ], [ 18.17534055, 48.08060023 ], [ 18.17536907, 48.08067918 ], [ 18.17541383, 48.0808052 ], [ 18.1754405, 48.08088079 ], [ 18.17545566, 48.08092374 ], [ 18.1754886, 48.08101739 ], [ 18.17549084, 48.08102402 ], [ 18.17550797, 48.08107043 ], [ 18.17553639, 48.08115127 ], [ 18.1755638, 48.08122843 ], [ 18.17558109, 48.08127774 ], [ 18.17562348, 48.08140128 ], [ 18.17565554, 48.08149036 ], [ 18.17565607, 48.08149247 ], [ 18.17566518, 48.08151666 ], [ 18.17568129, 48.08155958 ], [ 18.1757096, 48.08163914 ], [ 18.17570915, 48.08164155 ], [ 18.17572089, 48.08167456 ], [ 18.17573704, 48.08172019 ], [ 18.17576737, 48.08180809 ], [ 18.17576798, 48.08181164 ], [ 18.17577729, 48.08183746 ], [ 18.17578985, 48.08187241 ], [ 18.17582225, 48.08195989 ], [ 18.17583668, 48.0820001 ], [ 18.1758483, 48.08203093 ], [ 18.17587478, 48.08210388 ], [ 18.1759001, 48.08217434 ], [ 18.1759247, 48.08224926 ], [ 18.17596433, 48.08236713 ], [ 18.17597096, 48.0823835 ], [ 18.17599958, 48.0824638 ], [ 18.17600371, 48.08247759 ], [ 18.17603256, 48.08255718 ], [ 18.17604174, 48.08258498 ], [ 18.17605232, 48.08261855 ], [ 18.17608256, 48.08270401 ], [ 18.17608648, 48.08271534 ], [ 18.17609117, 48.08272897 ], [ 18.17612754, 48.08283772 ], [ 18.17614395, 48.08288345 ], [ 18.17617605, 48.08297118 ], [ 18.17618429, 48.08299694 ], [ 18.17623396, 48.08314429 ], [ 18.17627525, 48.08326488 ], [ 18.17628694, 48.08329932 ], [ 18.17631327, 48.08337751 ], [ 18.17631707, 48.08338874 ], [ 18.17639273, 48.08342124 ], [ 18.17649289, 48.08346429 ], [ 18.17652531, 48.08347819 ], [ 18.17655746, 48.08349199 ], [ 18.17652365, 48.08339775 ], [ 18.17653358, 48.08338975 ], [ 18.17654054, 48.08338808 ], [ 18.1764859, 48.08323539 ], [ 18.17642971, 48.08307809 ], [ 18.17639671, 48.08298588 ], [ 18.1764816, 48.08293198 ], [ 18.17651009, 48.0829025 ], [ 18.1764826, 48.08283427 ], [ 18.17648398, 48.08281846 ] ] ] } },
{ "type": "Feature", "properties": { "@featureType": "CadastralParcel", "areaValue": { "value": 69679, "@uom": "m2" }, "beginLifespanVersion": { "@nilReason": "http://inspire.ec.europa.eu/codelist/VoidReasonValue/Unpopulated", "@nil": "true" }, "endLifespanVersion": { "@nilReason": "http://inspire.ec.europa.eu/codelist/VoidReasonValue/Unpopulated", "@nil": "true" }, "inspireId": { "@dataType": "Identifier", "localId": "861898_2548/1.C", "namespace": "SK.ESKN.CP", "versionId": "20260703T04:07:37" }, "label": "2548/1", "nationalCadastralReference": "861898_2548/1.C", "referencePoint": { "type": "Point", "coordinates": [ 18.17271912, 48.08404876 ] }, "validFrom": "2026-06-30T16:00:00Z", "validTo": { "@nilReason": "http://inspire.ec.europa.eu/codelist/VoidReasonValue/Unpopulated", "@nil": "true" }, "administrativeUnit": { "@href": "#auAdmUnitS.1706" } }, "geometry": { "type": "Polygon", "coordinates": [ [ [ 18.1736398, 48.07920009 ], [ 18.17370487, 48.07797801 ], [ 18.17360623, 48.07797306 ], [ 18.17352025, 48.07757072 ], [ 18.1734319, 48.07755815 ], [ 18.17327703, 48.07753601 ], [ 18.17330933, 48.07769353 ], [ 18.17334933, 48.07788816 ], [ 18.17336016, 48.07794053 ], [ 18.17336599, 48.07796922 ], [ 18.17338178, 48.07810763 ], [ 18.17339902, 48.07825976 ], [ 18.17341641, 48.07841182 ], [ 18.17343352, 48.07856186 ], [ 18.17345474, 48.07874863 ], [ 18.17309958, 48.07913899 ], [ 18.17298716, 48.07926259 ], [ 18.17311152, 48.07947669 ], [ 18.17343157, 48.07957015 ], [ 18.17342682, 48.07961185 ], [ 18.1733934, 48.07971327 ], [ 18.17336699, 48.0797992 ], [ 18.1733187, 48.08062333 ], [ 18.1732627, 48.08094893 ], [ 18.17306235, 48.08095004 ], [ 18.17282522, 48.08057768 ], [ 18.17273357, 48.08059038 ], [ 18.17260116, 48.08060882 ], [ 18.17281101, 48.08090095 ], [ 18.17294926, 48.08125777 ], [ 18.17297995, 48.08163458 ], [ 18.17308044, 48.08165228 ], [ 18.17307365, 48.08174271 ], [ 18.17301457, 48.08175984 ], [ 18.17296094, 48.08178676 ], [ 18.17290967, 48.08182051 ], [ 18.17281632, 48.08188863 ], [ 18.17279554, 48.08190547 ], [ 18.17277302, 48.08192627 ], [ 18.17275608, 48.08194568 ], [ 18.17274115, 48.0819662 ], [ 18.17271878, 48.08200967 ], [ 18.17269999, 48.08205362 ], [ 18.1726846, 48.08209831 ], [ 18.1726549, 48.08227569 ], [ 18.17261589, 48.08253287 ], [ 18.1725787, 48.08277706 ], [ 18.17251535, 48.08319423 ], [ 18.17251092, 48.08322304 ], [ 18.1725069, 48.08326325 ], [ 18.1725034, 48.08335423 ], [ 18.17250256, 48.0836307 ], [ 18.17250159, 48.083723 ], [ 18.1724914, 48.08376917 ], [ 18.17234031, 48.08412135 ], [ 18.17224392, 48.08478495 ], [ 18.17217887, 48.08525546 ], [ 18.17215723, 48.0854102 ], [ 18.17215211, 48.08541026 ], [ 18.17213076, 48.08556384 ], [ 18.17213635, 48.08556435 ], [ 18.17203573, 48.08628312 ], [ 18.1720325, 48.08631101 ], [ 18.17189127, 48.08734465 ], [ 18.17183316, 48.08774732 ], [ 18.17174068, 48.08828359 ], [ 18.17173957, 48.0883014 ], [ 18.17128827, 48.08919855 ], [ 18.17083351, 48.09003105 ], [ 18.17082158, 48.09005852 ], [ 18.17081522, 48.09008459 ], [ 18.17081353, 48.09011203 ], [ 18.17082308, 48.09015042 ], [ 18.17087434, 48.09021932 ], [ 18.1709278, 48.09024853 ], [ 18.17089033, 48.09030963 ], [ 18.17087663, 48.09033203 ], [ 18.17082156, 48.0904217 ], [ 18.17090769, 48.09043604 ], [ 18.17110472, 48.09046896 ], [ 18.17124887, 48.090493 ], [ 18.17135649, 48.09051094 ], [ 18.17138076, 48.09049115 ], [ 18.17143049, 48.09046002 ], [ 18.17145676, 48.09044359 ], [ 18.17151219, 48.09041316 ], [ 18.17166161, 48.09013508 ], [ 18.17168308, 48.09010058 ], [ 18.17168549, 48.09009657 ], [ 18.17143766, 48.09003369 ], [ 18.17174688, 48.08931285 ], [ 18.17198159, 48.08887951 ], [ 18.17207488, 48.08873023 ], [ 18.17217556, 48.08852315 ], [ 18.17221222, 48.08850029 ], [ 18.17221936, 48.08848689 ], [ 18.17219776, 48.08846135 ], [ 18.1722539, 48.08834682 ], [ 18.17246603, 48.08837032 ], [ 18.17245798, 48.08833798 ], [ 18.17247417, 48.08824576 ], [ 18.17248828, 48.08824704 ], [ 18.17254434, 48.08803076 ], [ 18.17262435, 48.08803517 ], [ 18.17263753, 48.08797635 ], [ 18.17270144, 48.08748257 ], [ 18.1727736, 48.08699152 ], [ 18.17282298, 48.08661858 ], [ 18.17282903, 48.08657317 ], [ 18.17286061, 48.08643725 ], [ 18.17293141, 48.08627428 ], [ 18.17295425, 48.08602446 ], [ 18.17291781, 48.08601556 ], [ 18.17294686, 48.08590423 ], [ 18.17298052, 48.08577097 ], [ 18.17302365, 48.08560015 ], [ 18.17303493, 48.0855777 ], [ 18.17305288, 48.08541706 ], [ 18.17306857, 48.0854187 ], [ 18.17307234, 48.08539798 ], [ 18.17307101, 48.0853979 ], [ 18.17289007, 48.08538642 ], [ 18.17292227, 48.08517119 ], [ 18.17290003, 48.08517025 ], [ 18.17293341, 48.08490046 ], [ 18.17299971, 48.08490452 ], [ 18.17314766, 48.08491371 ], [ 18.17321058, 48.08442023 ], [ 18.17328189, 48.08440544 ], [ 18.17329995, 48.08427713 ], [ 18.17335134, 48.08428392 ], [ 18.17339128, 48.08402274 ], [ 18.17338873, 48.08402259 ], [ 18.1732584, 48.0840147 ], [ 18.17328563, 48.0838128 ], [ 18.17322353, 48.08380854 ], [ 18.1732505, 48.08362108 ], [ 18.17315305, 48.0836152 ], [ 18.17311997, 48.08388789 ], [ 18.17311277, 48.08389144 ], [ 18.17325017, 48.08390092 ], [ 18.173235, 48.08401333 ], [ 18.17322529, 48.0840858 ], [ 18.17308761, 48.08407639 ], [ 18.17306329, 48.08407479 ], [ 18.17308805, 48.08388981 ], [ 18.17315306, 48.08344439 ], [ 18.17319165, 48.08344602 ], [ 18.17324259, 48.08337659 ], [ 18.17330887, 48.08341288 ], [ 18.17327181, 48.08347192 ], [ 18.1732505, 48.08362108 ], [ 18.17344863, 48.08363293 ], [ 18.17345184, 48.08363312 ], [ 18.17349015, 48.08339377 ], [ 18.17357966, 48.08318333 ], [ 18.17345324, 48.08317432 ], [ 18.17343147, 48.08316049 ], [ 18.17342823, 48.08314288 ], [ 18.17353786, 48.08246029 ], [ 18.17370203, 48.0824763 ], [ 18.17371739, 48.08216068 ], [ 18.17381577, 48.081344 ], [ 18.17344636, 48.08132223 ], [ 18.17343116, 48.08125273 ], [ 18.17340659, 48.08112066 ], [ 18.17339686, 48.08106809 ], [ 18.17347083, 48.08044516 ], [ 18.17359252, 48.07965847 ], [ 18.17356717, 48.07958413 ], [ 18.17356955, 48.07953994 ], [ 18.17363245, 48.07934654 ], [ 18.17363492, 48.07929658 ], [ 18.17363561, 48.07928299 ], [ 18.17363904, 48.0792163 ], [ 18.1736398, 48.07920009 ] ], [ [ 18.17291349, 48.08574664 ], [ 18.17297215, 48.0857535 ], [ 18.17296045, 48.08580193 ], [ 18.17290183, 48.0857948 ], [ 18.17291349, 48.08574664 ] ], [ [ 18.1730143, 48.08545155 ], [ 18.17301564, 48.08545262 ], [ 18.17301723, 48.08545389 ], [ 18.17301879, 48.08545534 ], [ 18.17302033, 48.08545696 ], [ 18.17302148, 48.08545847 ], [ 18.17302261, 48.08546016 ], [ 18.17302373, 48.08546194 ], [ 18.17302434, 48.08546342 ], [ 18.17302493, 48.08546508 ], [ 18.17302536, 48.085467 ], [ 18.17302561, 48.08546919 ], [ 18.17302575, 48.08547127 ], [ 18.17302557, 48.08547261 ], [ 18.17302536, 48.08547423 ], [ 18.17302473, 48.08547599 ], [ 18.17302355, 48.08547881 ], [ 18.17302232, 48.085481 ], [ 18.17302118, 48.08548256 ], [ 18.17302022, 48.08548368 ], [ 18.17301881, 48.08548522 ], [ 18.17301668, 48.08548708 ], [ 18.17301385, 48.08548917 ], [ 18.17301151, 48.08549057 ], [ 18.17300861, 48.08549212 ], [ 18.17300562, 48.08549338 ], [ 18.17300181, 48.0854947 ], [ 18.17299819, 48.08549557 ], [ 18.1729946, 48.08549626 ], [ 18.17299035, 48.08549683 ], [ 18.17298629, 48.08549695 ], [ 18.17298293, 48.08549693 ], [ 18.17298039, 48.08549678 ], [ 18.1729772, 48.08549642 ], [ 18.17297429, 48.08549598 ], [ 18.17297115, 48.08549525 ], [ 18.17296816, 48.08549444 ], [ 18.17296583, 48.08549368 ], [ 18.17296278, 48.08549232 ], [ 18.17295899, 48.08549039 ], [ 18.17295588, 48.0854884 ], [ 18.17295355, 48.08548664 ], [ 18.17295127, 48.08548443 ], [ 18.17294883, 48.08548149 ], [ 18.1729476, 48.08547952 ], [ 18.17294707, 48.08547841 ], [ 18.17294643, 48.0854771 ], [ 18.17294578, 48.0854749 ], [ 18.17294537, 48.08547289 ], [ 18.17294509, 48.08547089 ], [ 18.17294516, 48.08546927 ], [ 18.17294547, 48.08546694 ], [ 18.17294599, 48.08546498 ], [ 18.17294718, 48.08546207 ], [ 18.17294825, 48.08546006 ], [ 18.17294924, 48.08545867 ], [ 18.1729502, 48.08545746 ], [ 18.17295162, 48.08545592 ], [ 18.17295331, 48.08545431 ], [ 18.17295511, 48.08545288 ], [ 18.17295705, 48.08545145 ], [ 18.17295924, 48.08545014 ], [ 18.17296113, 48.08544908 ], [ 18.17296329, 48.08544803 ], [ 18.17296699, 48.08544653 ], [ 18.17297022, 48.08544554 ], [ 18.17297287, 48.0854448 ], [ 18.17297508, 48.08544438 ], [ 18.17297743, 48.08544398 ], [ 18.17298166, 48.0854435 ], [ 18.17298559, 48.08544337 ], [ 18.17298841, 48.08544345 ], [ 18.17299147, 48.08544372 ], [ 18.17299479, 48.08544409 ], [ 18.17299769, 48.08544462 ], [ 18.17300068, 48.08544543 ], [ 18.17300341, 48.08544622 ], [ 18.17300637, 48.0854473 ], [ 18.17300929, 48.08544864 ], [ 18.17301219, 48.08545016 ], [ 18.1730143, 48.08545155 ] ], [ [ 18.17296601, 48.08224143 ], [ 18.17301885, 48.08224533 ], [ 18.17301006, 48.08230765 ], [ 18.17298881, 48.08230632 ], [ 18.17298705, 48.08231885 ], [ 18.1729547, 48.08231687 ], [ 18.17296601, 48.08224143 ] ], [ [ 18.17123438, 48.08989668 ], [ 18.17125505, 48.08990042 ], [ 18.1712308, 48.08996138 ], [ 18.17117839, 48.089952 ], [ 18.17120811, 48.08987908 ], [ 18.17123817, 48.08988517 ], [ 18.17123438, 48.08989668 ] ], [ [ 18.1727945, 48.08196201 ], [ 18.17291819, 48.08196816 ], [ 18.17289743, 48.08211211 ], [ 18.17277358, 48.08210406 ], [ 18.1727945, 48.08196201 ] ], [ [ 18.1730776, 48.08415011 ], [ 18.1732153, 48.08415942 ], [ 18.17319334, 48.08430529 ], [ 18.17305717, 48.0842967 ], [ 18.1730776, 48.08415011 ] ], [ [ 18.173085, 48.08446994 ], [ 18.1731762, 48.08447518 ], [ 18.17316842, 48.08453702 ], [ 18.17317204, 48.08453714 ], [ 18.17315591, 48.0846569 ], [ 18.17315295, 48.08465691 ], [ 18.17314345, 48.08471738 ], [ 18.17302815, 48.08471091 ], [ 18.17302548, 48.08471075 ], [ 18.17295846, 48.08470702 ], [ 18.17296554, 48.08464541 ], [ 18.17298146, 48.08452627 ], [ 18.17304899, 48.08453022 ], [ 18.17307655, 48.08453174 ], [ 18.1730966, 48.08453291 ], [ 18.17309789, 48.08452306 ], [ 18.17307796, 48.08452189 ], [ 18.173085, 48.08446994 ] ] ] } },
{ "type": "Feature", "properties": { "@featureType": "CadastralParcel", "areaValue": { "value": 1158, "@uom": "m2" }, "beginLifespanVersion": { "@nilReason": "http://inspire.ec.europa.eu/codelist/VoidReasonValue/Unpopulated", "@nil": "true" }, "endLifespanVersion": { "@nilReason": "http://inspire.ec.europa.eu/codelist/VoidReasonValue/Unpopulated", "@nil": "true" }, "inspireId": { "@dataType": "Identifier", "localId": "861898_2547/1.C", "namespace": "SK.ESKN.CP", "versionId": "20260703T04:07:37" }, "label": "2547/1", "nationalCadastralReference": "861898_2547/1.C", "referencePoint": { "type": "Point", "coordinates": [ 18.17452458, 48.07937783 ] }, "validFrom": "2026-06-30T16:00:00Z", "validTo": { "@nilReason": "http://inspire.ec.europa.eu/codelist/VoidReasonValue/Unpopulated", "@nil": "true" }, "administrativeUnit": { "@href": "#auAdmUnitS.1706" } }, "geometry": { "type": "Polygon", "coordinates": [ [ [ 18.17378889, 48.07928527 ], [ 18.17378605, 48.07934126 ], [ 18.17447519, 48.07941441 ], [ 18.17455698, 48.07942361 ], [ 18.17460983, 48.0794295 ], [ 18.17495335, 48.07946484 ], [ 18.17489755, 48.07932535 ], [ 18.17481123, 48.07931678 ], [ 18.17402589, 48.07923855 ], [ 18.17391231, 48.07926342 ], [ 18.17378889, 48.07928527 ] ] ] } },
{ "type": "Feature", "properties": { "@featureType": "CadastralParcel", "areaValue": { "value": 6780, "@uom": "m2" }, "beginLifespanVersion": { "@nilReason": "http://inspire.ec.europa.eu/codelist/VoidReasonValue/Unpopulated", "@nil": "true" }, "endLifespanVersion": { "@nilReason": "http://inspire.ec.europa.eu/codelist/VoidReasonValue/Unpopulated", "@nil": "true" }, "inspireId": { "@dataType": "Identifier", "localId": "861898_4904/185.C", "namespace": "SK.ESKN.CP", "versionId": "20260703T04:07:37" }, "label": "4904/185", "nationalCadastralReference": "861898_4904/185.C", "referencePoint": { "type": "Point", "coordinates": [ 18.16814823, 48.06092509 ] }, "validFrom": "2026-06-30T16:00:00Z", "validTo": { "@nilReason": "http://inspire.ec.europa.eu/codelist/VoidReasonValue/Unpopulated", "@nil": "true" }, "administrativeUnit": { "@href": "#auAdmUnitS.1706" } }, "geometry": { "type": "Polygon", "coordinates": [ [ [ 18.16798872, 48.0624061 ], [ 18.16854853, 48.05944408 ], [ 18.16831235, 48.05942421 ], [ 18.16767394, 48.06279203 ], [ 18.16789594, 48.06289711 ], [ 18.16796876, 48.06251182 ], [ 18.16790786, 48.06248307 ], [ 18.16798872, 48.0624061 ] ] ] } },
{ "type": "Feature", "properties": { "@featureType": "CadastralParcel", "areaValue": { "value": 7013, "@uom": "m2" }, "beginLifespanVersion": { "@nilReason": "http://inspire.ec.europa.eu/codelist/VoidReasonValue/Unpopulated", "@nil": "true" }, "endLifespanVersion": { "@nilReason": "http://inspire.ec.europa.eu/codelist/VoidReasonValue/Unpopulated", "@nil": "true" }, "inspireId": { "@dataType": "Identifier", "localId": "861898_4903/99.C", "namespace": "SK.ESKN.CP", "versionId": "20260703T04:07:37" }, "label": "4903/99", "nationalCadastralReference": "861898_4903/99.C", "referencePoint": { "type": "Point", "coordinates": [ 18.16135857, 48.05791813 ] }, "validFrom": "2026-06-30T16:00:00Z", "validTo": { "@nilReason": "http://inspire.ec.europa.eu/codelist/VoidReasonValue/Unpopulated", "@nil": "true" }, "administrativeUnit": { "@href": "#auAdmUnitS.1706" } }, "geometry": { "type": "Polygon", "coordinates": [ [ [ 18.16147483, 48.05873381 ], [ 18.16177356, 48.05714797 ], [ 18.16123605, 48.05713922 ], [ 18.1609429, 48.05868828 ], [ 18.16147483, 48.05873381 ] ] ] } },
{ "type": "Feature", "properties": { "@featureType": "CadastralParcel", "areaValue": { "value": 9090, "@uom": "m2" }, "beginLifespanVersion": { "@nilReason": "http://inspire.ec.europa.eu/codelist/VoidReasonValue/Unpopulated", "@nil": "true" }, "endLifespanVersion": { "@nilReason": "http://inspire.ec.europa.eu/codelist/VoidReasonValue/Unpopulated", "@nil": "true" }, "inspireId": { "@dataType": "Identifier", "localId": "861898_4903/97.C", "namespace": "SK.ESKN.CP", "versionId": "20260703T04:07:37" }, "label": "4903/97", "nationalCadastralReference": "861898_4903/97.C", "referencePoint": { "type": "Point", "coordinates": [ 18.1619639, 48.0579464 ] }, "validFrom": "2026-06-30T16:00:00Z", "validTo": { "@nilReason": "http://inspire.ec.europa.eu/codelist/VoidReasonValue/Unpopulated", "@nil": "true" }, "administrativeUnit": { "@href": "#auAdmUnitS.1706" } }, "geometry": { "type": "Polygon", "coordinates": [ [ [ 18.16147483, 48.05873381 ], [ 18.1621468, 48.05879187 ], [ 18.16245164, 48.05715899 ], [ 18.16177356, 48.05714797 ], [ 18.16147483, 48.05873381 ] ] ] } },
{ "type": "Feature", "properties": { "@featureType": "CadastralParcel", "areaValue": { "value": 2037, "@uom": "m2" }, "beginLifespanVersion": { "@nilReason": "http://inspire.ec.europa.eu/codelist/VoidReasonValue/Unpopulated", "@nil": "true" }, "endLifespanVersion": { "@nilReason": "http://inspire.ec.europa.eu/codelist/VoidReasonValue/Unpopulated", "@nil": "true" }, "inspireId": { "@dataType": "Identifier", "localId": "861898_4904/175.C", "namespace": "SK.ESKN.CP", "versionId": "20260703T04:07:37" }, "label": "4904/175", "nationalCadastralReference": "861898_4904/175.C", "referencePoint": { "type": "Point", "coordinates": [ 18.1672771, 48.06090643 ] }, "validFrom": "2026-06-30T16:00:00Z", "validTo": { "@nilReason": "http://inspire.ec.europa.eu/codelist/VoidReasonValue/Unpopulated", "@nil": "true" }, "administrativeUnit": { "@href": "#auAdmUnitS.1706" } }, "geometry": { "type": "Polygon", "coordinates": [ [ [ 18.16760621, 48.05936482 ], [ 18.16752921, 48.05935833 ], [ 18.16694705, 48.06244804 ], [ 18.16702063, 48.06248286 ], [ 18.16760621, 48.05936482 ] ] ] } },
{ "type": "Feature", "properties": { "@featureType": "CadastralParcel", "areaValue": { "value": 2012, "@uom": "m2" }, "beginLifespanVersion": { "@nilReason": "http://inspire.ec.europa.eu/codelist/VoidReasonValue/Unpopulated", "@nil": "true" }, "endLifespanVersion": { "@nilReason": "http://inspire.ec.europa.eu/codelist/VoidReasonValue/Unpopulated", "@nil": "true" }, "inspireId": { "@dataType": "Identifier", "localId": "861898_4904/174.C", "namespace": "SK.ESKN.CP", "versionId": "20260703T04:07:37" }, "label": "4904/174", "nationalCadastralReference": "861898_4904/174.C", "referencePoint": { "type": "Point", "coordinates": [ 18.167202, 48.06088552 ] }, "validFrom": "2026-06-30T16:00:00Z", "validTo": { "@nilReason": "http://inspire.ec.europa.eu/codelist/VoidReasonValue/Unpopulated", "@nil": "true" }, "administrativeUnit": { "@href": "#auAdmUnitS.1706" } }, "geometry": { "type": "Polygon", "coordinates": [ [ [ 18.16752921, 48.05935833 ], [ 18.16745395, 48.05935203 ], [ 18.16687233, 48.0624127 ], [ 18.16694705, 48.06244804 ], [ 18.16752921, 48.05935833 ] ] ] } },
{ "type": "Feature", "properties": { "@featureType": "CadastralParcel", "areaValue": { "value": 1772, "@uom": "m2" }, "beginLifespanVersion": { "@nilReason": "http://inspire.ec.europa.eu/codelist/VoidReasonValue/Unpopulated", "@nil": "true" }, "endLifespanVersion": { "@nilReason": "http://inspire.ec.europa.eu/codelist/VoidReasonValue/Unpopulated", "@nil": "true" }, "inspireId": { "@dataType": "Identifier", "localId": "861898_4904/168.C", "namespace": "SK.ESKN.CP", "versionId": "20260703T04:07:37" }, "label": "4904/168", "nationalCadastralReference": "861898_4904/168.C", "referencePoint": { "type": "Point", "coordinates": [ 18.16660016, 48.06072283 ] }, "validFrom": "2026-06-30T16:00:00Z", "validTo": { "@nilReason": "http://inspire.ec.europa.eu/codelist/VoidReasonValue/Unpopulated", "@nil": "true" }, "administrativeUnit": { "@href": "#auAdmUnitS.1706" } }, "geometry": { "type": "Polygon", "coordinates": [ [ [ 18.16690445, 48.05930586 ], [ 18.16683092, 48.05929966 ], [ 18.16629565, 48.06213979 ], [ 18.16636466, 48.06217245 ], [ 18.16690445, 48.05930586 ] ] ] } },
{ "type": "Feature", "properties": { "@featureType": "CadastralParcel", "areaValue": { "value": 3578, "@uom": "m2" }, "beginLifespanVersion": { "@nilReason": "http://inspire.ec.europa.eu/codelist/VoidReasonValue/Unpopulated", "@nil": "true" }, "endLifespanVersion": { "@nilReason": "http://inspire.ec.europa.eu/codelist/VoidReasonValue/Unpopulated", "@nil": "true" }, "inspireId": { "@dataType": "Identifier", "localId": "861898_4904/167.C", "namespace": "SK.ESKN.CP", "versionId": "20260703T04:07:37" }, "label": "4904/167", "nationalCadastralReference": "861898_4904/167.C", "referencePoint": { "type": "Point", "coordinates": [ 18.1664928, 48.0606866 ] }, "validFrom": "2026-06-30T16:00:00Z", "validTo": { "@nilReason": "http://inspire.ec.europa.eu/codelist/VoidReasonValue/Unpopulated", "@nil": "true" }, "administrativeUnit": { "@href": "#auAdmUnitS.1706" } }, "geometry": { "type": "Polygon", "coordinates": [ [ [ 18.16683092, 48.05929966 ], [ 18.16667893, 48.05928688 ], [ 18.1661556, 48.06207355 ], [ 18.16629565, 48.06213979 ], [ 18.16683092, 48.05929966 ] ] ] } },
{ "type": "Feature", "properties": { "@featureType": "CadastralParcel", "areaValue": { "value": 994, "@uom": "m2" }, "beginLifespanVersion": { "@nilReason": "http://inspire.ec.europa.eu/codelist/VoidReasonValue/Unpopulated", "@nil": "true" }, "endLifespanVersion": { "@nilReason": "http://inspire.ec.europa.eu/codelist/VoidReasonValue/Unpopulated", "@nil": "true" }, "inspireId": { "@dataType": "Identifier", "localId": "861898_4903/149.C", "namespace": "SK.ESKN.CP", "versionId": "20260703T04:07:37" }, "label": "4903/149", "nationalCadastralReference": "861898_4903/149.C", "referencePoint": { "type": "Point", "coordinates": [ 18.16051297, 48.05697132 ] }, "validFrom": "2026-06-30T16:00:00Z", "validTo": { "@nilReason": "http://inspire.ec.europa.eu/codelist/VoidReasonValue/Unpopulated", "@nil": "true" }, "administrativeUnit": { "@href": "#auAdmUnitS.1706" } }, "geometry": { "type": "Polygon", "coordinates": [ [ [ 18.16022289, 48.05688891 ], [ 18.16018973, 48.05706472 ], [ 18.16022623, 48.0570461 ], [ 18.16045358, 48.05704994 ], [ 18.1604496, 48.05715479 ], [ 18.16057027, 48.05715681 ], [ 18.16057416, 48.05705159 ], [ 18.1608155, 48.05705653 ], [ 18.16082442, 48.0568105 ], [ 18.16069986, 48.05680844 ], [ 18.16069672, 48.05689654 ], [ 18.16022289, 48.05688891 ] ] ] } },
{ "type": "Feature", "properties": { "@featureType": "CadastralParcel", "areaValue": { "value": 2464, "@uom": "m2" }, "beginLifespanVersion": { "@nilReason": "http://inspire.ec.europa.eu/codelist/VoidReasonValue/Unpopulated", "@nil": "true" }, "endLifespanVersion": { "@nilReason": "http://inspire.ec.europa.eu/codelist/VoidReasonValue/Unpopulated", "@nil": "true" }, "inspireId": { "@dataType": "Identifier", "localId": "861898_2596/1.E", "namespace": "SK.ESKN.CP", "versionId": "20260703T04:07:37" }, "label": "2596/1", "nationalCadastralReference": "861898_2596/1.E", "referencePoint": { "type": "Point", "coordinates": [ 18.17428847, 48.07950426 ] }, "validFrom": "2026-06-30T16:00:00Z", "validTo": { "@nilReason": "http://inspire.ec.europa.eu/codelist/VoidReasonValue/Unpopulated", "@nil": "true" }, "administrativeUnit": { "@href": "#auAdmUnitS.1706" } }, "geometry": { "type": "Polygon", "coordinates": [ [ [ 18.17502476, 48.07968938 ], [ 18.17495335, 48.07946484 ], [ 18.17460983, 48.0794295 ], [ 18.17455698, 48.07942361 ], [ 18.17447519, 48.07941441 ], [ 18.17378605, 48.07934126 ], [ 18.1736335, 48.07932503 ], [ 18.17363245, 48.07934654 ], [ 18.17360571, 48.07954368 ], [ 18.17501558, 48.07968848 ], [ 18.17502476, 48.07968938 ] ] ] } },
{ "type": "Feature", "properties": { "@featureType": "CadastralParcel", "areaValue": { "value": 8072, "@uom": "m2" }, "beginLifespanVersion": { "@nilReason": "http://inspire.ec.europa.eu/codelist/VoidReasonValue/Unpopulated", "@nil": "true" }, "endLifespanVersion": { "@nilReason": "http://inspire.ec.europa.eu/codelist/VoidReasonValue/Unpopulated", "@nil": "true" }, "inspireId": { "@dataType": "Identifier", "localId": "861898_2593/3.E", "namespace": "SK.ESKN.CP", "versionId": "20260703T04:07:37" }, "label": "2593/3", "nationalCadastralReference": "861898_2593/3.E", "referencePoint": { "type": "Point", "coordinates": [ 18.17381998, 48.08034716 ] }, "validFrom": "2026-06-30T16:00:00Z", "validTo": { "@nilReason": "http://inspire.ec.europa.eu/codelist/VoidReasonValue/Unpopulated", "@nil": "true" }, "administrativeUnit": { "@href": "#auAdmUnitS.1706" } }, "geometry": { "type": "Polygon", "coordinates": [ [ [ 18.17397228, 48.08045751 ], [ 18.17431533, 48.08024916 ], [ 18.17457235, 48.08013554 ], [ 18.17459352, 48.08012504 ], [ 18.17484306, 48.08004095 ], [ 18.17512204, 48.07996463 ], [ 18.17510452, 48.07991396 ], [ 18.1750942, 48.0798897 ], [ 18.17506395, 48.07979197 ], [ 18.17367675, 48.07964687 ], [ 18.17359487, 48.07963829 ], [ 18.17359252, 48.07965847 ], [ 18.17347083, 48.08044516 ], [ 18.17341376, 48.0809259 ], [ 18.17339686, 48.08106809 ], [ 18.17362273, 48.08076126 ], [ 18.17372902, 48.08064957 ], [ 18.17397228, 48.08045751 ] ] ] } },
{ "type": "Feature", "properties": { "@featureType": "CadastralParcel", "areaValue": { "value": 5777, "@uom": "m2" }, "beginLifespanVersion": { "@nilReason": "http://inspire.ec.europa.eu/codelist/VoidReasonValue/Unpopulated", "@nil": "true" }, "endLifespanVersion": { "@nilReason": "http://inspire.ec.europa.eu/codelist/VoidReasonValue/Unpopulated", "@nil": "true" }, "inspireId": { "@dataType": "Identifier", "localId": "861898_2395/301.E", "namespace": "SK.ESKN.CP", "versionId": "20260703T04:07:37" }, "label": "2395/301", "nationalCadastralReference": "861898_2395/301.E", "referencePoint": { "type": "Point", "coordinates": [ 18.17420815, 48.07894478 ] }, "validFrom": "2026-06-30T16:00:00Z", "validTo": { "@nilReason": "http://inspire.ec.europa.eu/codelist/VoidReasonValue/Unpopulated", "@nil": "true" }, "administrativeUnit": { "@href": "#auAdmUnitS.1706" } }, "geometry": { "type": "Polygon", "coordinates": [ [ [ 18.17481123, 48.07931678 ], [ 18.17489755, 48.07932535 ], [ 18.17467262, 48.07868946 ], [ 18.17367263, 48.07858262 ], [ 18.1736398, 48.07920009 ], [ 18.17373702, 48.07920975 ], [ 18.17379247, 48.07921534 ], [ 18.17398133, 48.07923414 ], [ 18.17402589, 48.07923855 ], [ 18.17481123, 48.07931678 ] ] ] } },
{ "type": "Feature", "properties": { "@featureType": "CadastralParcel", "areaValue": { "value": 14149, "@uom": "m2" }, "beginLifespanVersion": { "@nilReason": "http://inspire.ec.europa.eu/codelist/VoidReasonValue/Unpopulated", "@nil": "true" }, "endLifespanVersion": { "@nilReason": "http://inspire.ec.europa.eu/codelist/VoidReasonValue/Unpopulated", "@nil": "true" }, "inspireId": { "@dataType": "Identifier", "localId": "861898_2671.E", "namespace": "SK.ESKN.CP", "versionId": "20260703T04:07:37" }, "label": "2671", "nationalCadastralReference": "861898_2671.E", "referencePoint": { "type": "Point", "coordinates": [ 18.15783224, 48.07773266 ] }, "validFrom": "2026-06-30T16:00:00Z", "validTo": { "@nilReason": "http://inspire.ec.europa.eu/codelist/VoidReasonValue/Unpopulated", "@nil": "true" }, "administrativeUnit": { "@href": "#auAdmUnitS.1706" } }, "geometry": { "type": "Polygon", "coordinates": [ [ [ 18.15447674, 48.07746014 ], [ 18.15547199, 48.07757194 ], [ 18.15650272, 48.07767832 ], [ 18.15750391, 48.07778701 ], [ 18.15850403, 48.07789564 ], [ 18.15951798, 48.07801193 ], [ 18.16051417, 48.07810839 ], [ 18.16155002, 48.078218 ], [ 18.16254777, 48.07832013 ], [ 18.16268015, 48.07832977 ], [ 18.1626996, 48.07826636 ], [ 18.16273141, 48.07816811 ], [ 18.16260266, 48.07815434 ], [ 18.16247233, 48.0781486 ], [ 18.16233883, 48.07813618 ], [ 18.16220586, 48.07812379 ], [ 18.16207288, 48.07811149 ], [ 18.16194001, 48.07809937 ], [ 18.1618068, 48.07808778 ], [ 18.16167375, 48.07807601 ], [ 18.16154048, 48.07806387 ], [ 18.16140772, 48.07804987 ], [ 18.16127511, 48.07803578 ], [ 18.16114294, 48.07802036 ], [ 18.16107676, 48.07801342 ], [ 18.16101001, 48.07800662 ], [ 18.16087824, 48.07798716 ], [ 18.16074725, 48.07796685 ], [ 18.16061591, 48.07794914 ], [ 18.16025804, 48.07790316 ], [ 18.15932702, 48.07780384 ], [ 18.15800912, 48.07766297 ], [ 18.15718606, 48.07757474 ], [ 18.15690693, 48.07754682 ], [ 18.15664163, 48.07751926 ], [ 18.15650907, 48.07750472 ], [ 18.15637667, 48.0774901 ], [ 18.15624418, 48.0774761 ], [ 18.1561116, 48.07746282 ], [ 18.15597873, 48.07744971 ], [ 18.15584607, 48.07743597 ], [ 18.15571337, 48.0774226 ], [ 18.1555807, 48.07740895 ], [ 18.15544798, 48.07739575 ], [ 18.15534886, 48.07738615 ], [ 18.15531585, 48.07738313 ], [ 18.15523459, 48.07738125 ], [ 18.15517875, 48.0773797 ], [ 18.15510964, 48.07737248 ], [ 18.15506841, 48.07736736 ], [ 18.15501332, 48.07736007 ], [ 18.1549858, 48.0773562 ], [ 18.15495805, 48.07735204 ], [ 18.15493033, 48.07734771 ], [ 18.15490249, 48.07734319 ], [ 18.15488355, 48.07733973 ], [ 18.15483688, 48.07733085 ], [ 18.15479897, 48.07732303 ], [ 18.15476717, 48.07731584 ], [ 18.1540736, 48.07724186 ], [ 18.15282443, 48.07710821 ], [ 18.15280026, 48.07727372 ], [ 18.1534527, 48.07734385 ], [ 18.15447674, 48.07746014 ] ] ] } },
{ "type": "Feature", "properties": { "@featureType": "CadastralParcel", "areaValue": { "value": 991, "@uom": "m2" }, "beginLifespanVersion": { "@nilReason": "http://inspire.ec.europa.eu/codelist/VoidReasonValue/Unpopulated", "@nil": "true" }, "endLifespanVersion": { "@nilReason": "http://inspire.ec.europa.eu/codelist/VoidReasonValue/Unpopulated", "@nil": "true" }, "inspireId": { "@dataType": "Identifier", "localId": "861898_2163/100.E", "namespace": "SK.ESKN.CP", "versionId": "20260703T04:07:37" }, "label": "2163/100", "nationalCadastralReference": "861898_2163/100.E", "referencePoint": { "type": "Point", "coordinates": [ 18.17865313, 48.08304802 ] }, "validFrom": "2026-06-30T16:00:00Z", "validTo": { "@nilReason": "http://inspire.ec.europa.eu/codelist/VoidReasonValue/Unpopulated", "@nil": "true" }, "administrativeUnit": { "@href": "#auAdmUnitS.1706" } }, "geometry": { "type": "Polygon", "coordinates": [ [ [ 18.18086983, 48.08329496 ], [ 18.1808745, 48.08328702 ], [ 18.18088471, 48.08326965 ], [ 18.18091285, 48.08322218 ], [ 18.18082353, 48.08325217 ], [ 18.18032025, 48.08320292 ], [ 18.1798457, 48.08315651 ], [ 18.17965706, 48.083138 ], [ 18.1789285, 48.08306195 ], [ 18.17864771, 48.08303408 ], [ 18.1785283, 48.08302196 ], [ 18.17648398, 48.08281846 ], [ 18.1764826, 48.08283427 ], [ 18.18086983, 48.08329496 ] ] ] } },
{ "type": "Feature", "properties": { "@featureType": "CadastralParcel", "areaValue": { "value": 2751, "@uom": "m2" }, "beginLifespanVersion": { "@nilReason": "http://inspire.ec.europa.eu/codelist/VoidReasonValue/Unpopulated", "@nil": "true" }, "endLifespanVersion": { "@nilReason": "http://inspire.ec.europa.eu/codelist/VoidReasonValue/Unpopulated", "@nil": "true" }, "inspireId": { "@dataType": "Identifier", "localId": "861898_2168.E", "namespace": "SK.ESKN.CP", "versionId": "20260703T04:07:37" }, "label": "2168", "nationalCadastralReference": "861898_2168.E", "referencePoint": { "type": "Point", "coordinates": [ 18.17791064, 48.08302156 ] }, "validFrom": "2026-06-30T16:00:00Z", "validTo": { "@nilReason": "http://inspire.ec.europa.eu/codelist/VoidReasonValue/Unpopulated", "@nil": "true" }, "administrativeUnit": { "@href": "#auAdmUnitS.1706" } }, "geometry": { "type": "Polygon", "coordinates": [ [ [ 18.17860735, 48.08313302 ], [ 18.17864508, 48.08313712 ], [ 18.18082527, 48.08337036 ], [ 18.1808325, 48.08335823 ], [ 18.18086983, 48.08329496 ], [ 18.1764826, 48.08283427 ], [ 18.17648423, 48.08283825 ], [ 18.17651009, 48.0829025 ], [ 18.17650277, 48.08291011 ], [ 18.17860735, 48.08313302 ] ] ] } },
{ "type": "Feature", "properties": { "@featureType": "CadastralParcel", "areaValue": { "value": 1917, "@uom": "m2" }, "beginLifespanVersion": { "@nilReason": "http://inspire.ec.europa.eu/codelist/VoidReasonValue/Unpopulated", "@nil": "true" }, "endLifespanVersion": { "@nilReason": "http://inspire.ec.europa.eu/codelist/VoidReasonValue/Unpopulated", "@nil": "true" }, "inspireId": { "@dataType": "Identifier", "localId": "861898_2169/100.E", "namespace": "SK.ESKN.CP", "versionId": "20260703T04:07:37" }, "label": "2169/100", "nationalCadastralReference": "861898_2169/100.E", "referencePoint": { "type": "Point", "coordinates": [ 18.17617114, 48.0795122 ] }, "validFrom": "2026-06-30T16:00:00Z", "validTo": { "@nilReason": "http://inspire.ec.europa.eu/codelist/VoidReasonValue/Unpopulated", "@nil": "true" }, "administrativeUnit": { "@href": "#auAdmUnitS.1706" } }, "geometry": { "type": "Polygon", "coordinates": [ [ [ 18.17515898, 48.07946964 ], [ 18.17522503, 48.0794549 ], [ 18.17690327, 48.0796318 ], [ 18.17756033, 48.07970098 ], [ 18.17757268, 48.07964853 ], [ 18.17727481, 48.07960295 ], [ 18.1768406, 48.07954192 ], [ 18.17577344, 48.07942313 ], [ 18.17571521, 48.07941404 ], [ 18.17563484, 48.07940735 ], [ 18.17541036, 48.07938277 ], [ 18.17538557, 48.07937969 ], [ 18.1753243, 48.07937223 ], [ 18.17527746, 48.0793657 ], [ 18.17515956, 48.0793524 ], [ 18.17511381, 48.07934575 ], [ 18.17497109, 48.07933271 ], [ 18.17489755, 48.07932535 ], [ 18.17495335, 48.07946484 ], [ 18.17513939, 48.07948248 ], [ 18.17515898, 48.07946964 ] ] ] } },
{ "type": "Feature", "properties": { "@featureType": "CadastralParcel", "areaValue": { "value": 106, "@uom": "m2" }, "beginLifespanVersion": { "@nilReason": "http://inspire.ec.europa.eu/codelist/VoidReasonValue/Unpopulated", "@nil": "true" }, "endLifespanVersion": { "@nilReason": "http://inspire.ec.europa.eu/codelist/VoidReasonValue/Unpopulated", "@nil": "true" }, "inspireId": { "@dataType": "Identifier", "localId": "861898_2171.E", "namespace": "SK.ESKN.CP", "versionId": "20260703T04:07:37" }, "label": "2171", "nationalCadastralReference": "861898_2171.E", "referencePoint": { "type": "Point", "coordinates": [ 18.17514067, 48.07985389 ] }, "validFrom": "2026-06-30T16:00:00Z", "validTo": { "@nilReason": "http://inspire.ec.europa.eu/codelist/VoidReasonValue/Unpopulated", "@nil": "true" }, "administrativeUnit": { "@href": "#auAdmUnitS.1706" } }, "geometry": { "type": "Polygon", "coordinates": [ [ [ 18.17520735, 48.07987636 ], [ 18.17518909, 48.07983142 ], [ 18.17517786, 48.07980386 ], [ 18.17506395, 48.07979197 ], [ 18.1750942, 48.0798897 ], [ 18.17510452, 48.07991396 ], [ 18.17521722, 48.07990096 ], [ 18.17520735, 48.07987636 ] ] ] } },
{ "type": "Feature", "properties": { "@featureType": "CadastralParcel", "areaValue": { "value": 228, "@uom": "m2" }, "beginLifespanVersion": { "@nilReason": "http://inspire.ec.europa.eu/codelist/VoidReasonValue/Unpopulated", "@nil": "true" }, "endLifespanVersion": { "@nilReason": "http://inspire.ec.europa.eu/codelist/VoidReasonValue/Unpopulated", "@nil": "true" }, "inspireId": { "@dataType": "Identifier", "localId": "861898_2172.E", "namespace": "SK.ESKN.CP", "versionId": "20260703T04:07:37" }, "label": "2172", "nationalCadastralReference": "861898_2172.E", "referencePoint": { "type": "Point", "coordinates": [ 18.17504808, 48.07957085 ] }, "validFrom": "2026-06-30T16:00:00Z", "validTo": { "@nilReason": "http://inspire.ec.europa.eu/codelist/VoidReasonValue/Unpopulated", "@nil": "true" }, "administrativeUnit": { "@href": "#auAdmUnitS.1706" } }, "geometry": { "type": "Polygon", "coordinates": [ [ [ 18.17511048, 48.07963842 ], [ 18.17510772, 48.07950329 ], [ 18.17513939, 48.07948248 ], [ 18.17495335, 48.07946484 ], [ 18.17502476, 48.07968938 ], [ 18.17513576, 48.07970083 ], [ 18.17511048, 48.07963842 ] ] ] } },
{ "type": "Feature", "properties": { "@featureType": "CadastralParcel", "areaValue": { "value": 3435, "@uom": "m2" }, "beginLifespanVersion": { "@nilReason": "http://inspire.ec.europa.eu/codelist/VoidReasonValue/Unpopulated", "@nil": "true" }, "endLifespanVersion": { "@nilReason": "http://inspire.ec.europa.eu/codelist/VoidReasonValue/Unpopulated", "@nil": "true" }, "inspireId": { "@dataType": "Identifier", "localId": "861898_2173/100.E", "namespace": "SK.ESKN.CP", "versionId": "20260703T04:07:37" }, "label": "2173/100", "nationalCadastralReference": "861898_2173/100.E", "referencePoint": { "type": "Point", "coordinates": [ 18.17464444, 48.07830662 ] }, "validFrom": "2026-06-30T16:00:00Z", "validTo": { "@nilReason": "http://inspire.ec.europa.eu/codelist/VoidReasonValue/Unpopulated", "@nil": "true" }, "administrativeUnit": { "@href": "#auAdmUnitS.1706" } }, "geometry": { "type": "Polygon", "coordinates": [ [ [ 18.17467262, 48.07868946 ], [ 18.17489755, 48.07932535 ], [ 18.17497109, 48.07933271 ], [ 18.17511381, 48.07934575 ], [ 18.17506279, 48.07921611 ], [ 18.1750343, 48.07914204 ], [ 18.17495499, 48.07890991 ], [ 18.17458918, 48.07784013 ], [ 18.17442195, 48.07735098 ], [ 18.17434811, 48.07736255 ], [ 18.17430151, 48.07736967 ], [ 18.17422367, 48.07738498 ], [ 18.17445424, 48.07805198 ], [ 18.17451284, 48.07822892 ], [ 18.17456752, 48.07838432 ], [ 18.17461915, 48.0785372 ], [ 18.17467262, 48.07868946 ] ] ] } },
{ "type": "Feature", "properties": { "@featureType": "CadastralParcel", "areaValue": { "value": 140, "@uom": "m2" }, "beginLifespanVersion": { "@nilReason": "http://inspire.ec.europa.eu/codelist/VoidReasonValue/Unpopulated", "@nil": "true" }, "endLifespanVersion": { "@nilReason": "http://inspire.ec.europa.eu/codelist/VoidReasonValue/Unpopulated", "@nil": "true" }, "inspireId": { "@dataType": "Identifier", "localId": "800724_3171/2.C", "namespace": "SK.ESKN.CP", "versionId": "20260703T07:07:58" }, "label": "3171/2", "nationalCadastralReference": "800724_3171/2.C", "referencePoint": { "type": "Point", "coordinates": [ 18.15166666, 48.05302306 ] }, "validFrom": "2026-06-30T16:00:00Z", "validTo": { "@nilReason": "http://inspire.ec.europa.eu/codelist/VoidReasonValue/Unpopulated", "@nil": "true" }, "administrativeUnit": { "@href": "#auAdmUnitS.432" } }, "geometry": { "type": "Polygon", "coordinates": [ [ [ 18.15209023, 48.05303363 ], [ 18.15200844, 48.05301339 ], [ 18.15159206, 48.05301053 ], [ 18.15129272, 48.05300849 ], [ 18.1512812, 48.05303273 ], [ 18.15209023, 48.05303363 ] ] ] } },
{ "type": "Feature", "properties": { "@featureType": "CadastralParcel", "areaValue": { "value": 14447, "@uom": "m2" }, "beginLifespanVersion": { "@nilReason": "http://inspire.ec.europa.eu/codelist/VoidReasonValue/Unpopulated", "@nil": "true" }, "endLifespanVersion": { "@nilReason": "http://inspire.ec.europa.eu/codelist/VoidReasonValue/Unpopulated", "@nil": "true" }, "inspireId": { "@dataType": "Identifier", "localId": "800724_3172/3.E", "namespace": "SK.ESKN.CP", "versionId": "20260703T07:07:58" }, "label": "3172/3", "nationalCadastralReference": "800724_3172/3.E", "referencePoint": { "type": "Point", "coordinates": [ 18.152214, 48.0510443 ] }, "validFrom": "2026-06-30T16:00:00Z", "validTo": { "@nilReason": "http://inspire.ec.europa.eu/codelist/VoidReasonValue/Unpopulated", "@nil": "true" }, "administrativeUnit": { "@href": "#auAdmUnitS.432" } }, "geometry": { "type": "Polygon", "coordinates": [ [ [ 18.1521018, 48.05301409 ], [ 18.15276392, 48.04907759 ], [ 18.15233352, 48.04904511 ], [ 18.15166175, 48.05301101 ], [ 18.1521018, 48.05301409 ] ] ] } },
{ "type": "Feature", "properties": { "@featureType": "CadastralParcel", "areaValue": { "value": 2483, "@uom": "m2" }, "beginLifespanVersion": { "@nilReason": "http://inspire.ec.europa.eu/codelist/VoidReasonValue/Unpopulated", "@nil": "true" }, "endLifespanVersion": { "@nilReason": "http://inspire.ec.europa.eu/codelist/VoidReasonValue/Unpopulated", "@nil": "true" }, "inspireId": { "@dataType": "Identifier", "localId": "840734_872.C", "namespace": "SK.ESKN.CP", "versionId": "20260703T04:07:09" }, "label": "872", "nationalCadastralReference": "840734_872.C", "referencePoint": { "type": "Point", "coordinates": [ 18.20290345, 48.06338706 ] }, "validFrom": "2026-06-30T16:00:00Z", "validTo": { "@nilReason": "http://inspire.ec.europa.eu/codelist/VoidReasonValue/Unpopulated", "@nil": "true" }, "administrativeUnit": { "@href": "#auAdmUnitS.1706" } }, "geometry": { "type": "Polygon", "coordinates": [ [ [ 18.20605528, 48.06398089 ], [ 18.20610597, 48.06394719 ], [ 18.20601506, 48.06393061 ], [ 18.19976666, 48.06279188 ], [ 18.19977127, 48.06284351 ], [ 18.20605528, 48.06398089 ] ] ] } },
{ "type": "Feature", "properties": { "@featureType": "CadastralParcel", "areaValue": { "value": 5786, "@uom": "m2" }, "beginLifespanVersion": { "@nilReason": "http://inspire.ec.europa.eu/codelist/VoidReasonValue/Unpopulated", "@nil": "true" }, "endLifespanVersion": { "@nilReason": "http://inspire.ec.europa.eu/codelist/VoidReasonValue/Unpopulated", "@nil": "true" }, "inspireId": { "@dataType": "Identifier", "localId": "840734_873.C", "namespace": "SK.ESKN.CP", "versionId": "20260703T04:07:09" }, "label": "873", "nationalCadastralReference": "840734_873.C", "referencePoint": { "type": "Point", "coordinates": [ 18.1955647, 48.06197211 ] }, "validFrom": "2026-06-30T16:00:00Z", "validTo": { "@nilReason": "http://inspire.ec.europa.eu/codelist/VoidReasonValue/Unpopulated", "@nil": "true" }, "administrativeUnit": { "@href": "#auAdmUnitS.1706" } }, "geometry": { "type": "Polygon", "coordinates": [ [ [ 18.19758392, 48.06241654 ], [ 18.19785489, 48.06246943 ], [ 18.19798992, 48.0624958 ], [ 18.19906739, 48.062706 ], [ 18.19914017, 48.06272008 ], [ 18.1996158, 48.06281387 ], [ 18.19974108, 48.06283751 ], [ 18.19977127, 48.06284351 ], [ 18.19976666, 48.06279188 ], [ 18.1997673, 48.06272872 ], [ 18.19306062, 48.0614413 ], [ 18.19302328, 48.06152769 ], [ 18.19758392, 48.06241654 ] ] ] } },
{ "type": "Feature", "properties": { "@featureType": "CadastralParcel", "areaValue": { "value": 75284, "@uom": "m2" }, "beginLifespanVersion": { "@nilReason": "http://inspire.ec.europa.eu/codelist/VoidReasonValue/Unpopulated", "@nil": "true" }, "endLifespanVersion": { "@nilReason": "http://inspire.ec.europa.eu/codelist/VoidReasonValue/Unpopulated", "@nil": "true" }, "inspireId": { "@dataType": "Identifier", "localId": "840734_1371/1.C", "namespace": "SK.ESKN.CP", "versionId": "20260703T04:07:09" }, "label": "1371/1", "nationalCadastralReference": "840734_1371/1.C", "referencePoint": { "type": "Point", "coordinates": [ 18.21052653, 48.06623303 ] }, "validFrom": "2026-06-30T16:00:00Z", "validTo": { "@nilReason": "http://inspire.ec.europa.eu/codelist/VoidReasonValue/Unpopulated", "@nil": "true" }, "administrativeUnit": { "@href": "#auAdmUnitS.1706" } }, "geometry": { "type": "Polygon", "coordinates": [ [ [ 18.21032911, 48.06946622 ], [ 18.21029273, 48.06972437 ], [ 18.21028666, 48.06976707 ], [ 18.21027087, 48.06987972 ], [ 18.21031271, 48.06988946 ], [ 18.21030365, 48.07109572 ], [ 18.21032662, 48.07144578 ], [ 18.21050311, 48.07228106 ], [ 18.2106425, 48.0728494 ], [ 18.21080825, 48.07366465 ], [ 18.21086773, 48.0734705 ], [ 18.21093866, 48.07323891 ], [ 18.21096294, 48.07315953 ], [ 18.2110304, 48.07293912 ], [ 18.21114771, 48.07255623 ], [ 18.21098969, 48.07157091 ], [ 18.21096812, 48.07090921 ], [ 18.21096494, 48.06992333 ], [ 18.21096474, 48.06985615 ], [ 18.21096425, 48.06914405 ], [ 18.21096933, 48.06768326 ], [ 18.21089912, 48.06677509 ], [ 18.21079162, 48.06569097 ], [ 18.21062666, 48.0641497 ], [ 18.21059007, 48.06345219 ], [ 18.21057013, 48.06238671 ], [ 18.21061028, 48.06141047 ], [ 18.21075064, 48.06027695 ], [ 18.21106915, 48.0589104 ], [ 18.21078154, 48.05899343 ], [ 18.21076755, 48.05899749 ], [ 18.21064194, 48.05903369 ], [ 18.21063452, 48.05903588 ], [ 18.21059689, 48.05904669 ], [ 18.210578, 48.05905218 ], [ 18.21043826, 48.05909253 ], [ 18.21035138, 48.05911763 ], [ 18.21021725, 48.05961608 ], [ 18.21012608, 48.06011974 ], [ 18.21007919, 48.06045708 ], [ 18.21004558, 48.06071674 ], [ 18.21000346, 48.06101725 ], [ 18.2099891, 48.06114171 ], [ 18.20995811, 48.06174321 ], [ 18.20995512, 48.06180171 ], [ 18.20994813, 48.06200451 ], [ 18.20994402, 48.06213201 ], [ 18.2099375, 48.06233845 ], [ 18.2098978, 48.06317478 ], [ 18.20998632, 48.06408899 ], [ 18.21008191, 48.06489979 ], [ 18.21009844, 48.06505304 ], [ 18.21027553, 48.06696559 ], [ 18.21031911, 48.06713459 ], [ 18.21037551, 48.0673242 ], [ 18.21032944, 48.06799442 ], [ 18.21032368, 48.06926568 ], [ 18.21032911, 48.06946622 ] ] ] } },
{ "type": "Feature", "properties": { "@featureType": "CadastralParcel", "areaValue": { "value": 58681, "@uom": "m2" }, "beginLifespanVersion": { "@nilReason": "http://inspire.ec.europa.eu/codelist/VoidReasonValue/Unpopulated", "@nil": "true" }, "endLifespanVersion": { "@nilReason": "http://inspire.ec.europa.eu/codelist/VoidReasonValue/Unpopulated", "@nil": "true" }, "inspireId": { "@dataType": "Identifier", "localId": "840734_1372.C", "namespace": "SK.ESKN.CP", "versionId": "20260703T04:07:09" }, "label": "1372", "nationalCadastralReference": "840734_1372.C", "referencePoint": { "type": "Point", "coordinates": [ 18.21102012, 48.06541586 ] }, "validFrom": "2026-06-30T16:00:00Z", "validTo": { "@nilReason": "http://inspire.ec.europa.eu/codelist/VoidReasonValue/Unpopulated", "@nil": "true" }, "administrativeUnit": { "@href": "#auAdmUnitS.1706" } }, "geometry": { "type": "Polygon", "coordinates": [ [ [ 18.21089912, 48.06677509 ], [ 18.21096933, 48.06768326 ], [ 18.21096425, 48.06914405 ], [ 18.21096474, 48.06985615 ], [ 18.21096494, 48.06992333 ], [ 18.21096812, 48.07090921 ], [ 18.21098969, 48.07157091 ], [ 18.21114771, 48.07255623 ], [ 18.21164676, 48.07245534 ], [ 18.21156733, 48.07208448 ], [ 18.21150988, 48.07113589 ], [ 18.21150422, 48.07003169 ], [ 18.21150383, 48.06996189 ], [ 18.21150275, 48.06975789 ], [ 18.21147816, 48.06899356 ], [ 18.21149312, 48.06846173 ], [ 18.21149046, 48.0678172 ], [ 18.21142549, 48.06684876 ], [ 18.21133623, 48.06597847 ], [ 18.21124962, 48.06514075 ], [ 18.21111064, 48.06392734 ], [ 18.21106216, 48.06299587 ], [ 18.21106518, 48.06229408 ], [ 18.21111871, 48.06147769 ], [ 18.21124861, 48.06047382 ], [ 18.21131493, 48.06003732 ], [ 18.21148833, 48.05929976 ], [ 18.21164002, 48.05876332 ], [ 18.21134278, 48.05883234 ], [ 18.21106915, 48.0589104 ], [ 18.21075064, 48.06027695 ], [ 18.21061028, 48.06141047 ], [ 18.21057013, 48.06238671 ], [ 18.21059007, 48.06345219 ], [ 18.21062666, 48.0641497 ], [ 18.21079162, 48.06569097 ], [ 18.21089912, 48.06677509 ] ] ] } },
{ "type": "Feature", "properties": { "@featureType": "CadastralParcel", "areaValue": { "value": 18, "@uom": "m2" }, "beginLifespanVersion": { "@nilReason": "http://inspire.ec.europa.eu/codelist/VoidReasonValue/Unpopulated", "@nil": "true" }, "endLifespanVersion": { "@nilReason": "http://inspire.ec.europa.eu/codelist/VoidReasonValue/Unpopulated", "@nil": "true" }, "inspireId": { "@dataType": "Identifier", "localId": "840734_836/2.C", "namespace": "SK.ESKN.CP", "versionId": "20260703T04:07:09" }, "label": "836/2", "nationalCadastralReference": "840734_836/2.C", "referencePoint": { "type": "Point", "coordinates": [ 18.20606537, 48.06391223 ] }, "validFrom": "2026-06-30T16:00:00Z", "validTo": { "@nilReason": "http://inspire.ec.europa.eu/codelist/VoidReasonValue/Unpopulated", "@nil": "true" }, "administrativeUnit": { "@href": "#auAdmUnitS.1706" } }, "geometry": { "type": "Polygon", "coordinates": [ [ [ 18.20607504, 48.06389384 ], [ 18.20601506, 48.06393061 ], [ 18.20610597, 48.06394719 ], [ 18.20607504, 48.06389384 ] ] ] } },
{ "type": "Feature", "properties": { "@featureType": "CadastralParcel", "areaValue": { "value": 255, "@uom": "m2" }, "beginLifespanVersion": { "@nilReason": "http://inspire.ec.europa.eu/codelist/VoidReasonValue/Unpopulated", "@nil": "true" }, "endLifespanVersion": { "@nilReason": "http://inspire.ec.europa.eu/codelist/VoidReasonValue/Unpopulated", "@nil": "true" }, "inspireId": { "@dataType": "Identifier", "localId": "840734_878/4.C", "namespace": "SK.ESKN.CP", "versionId": "20260703T04:07:09" }, "label": "878/4", "nationalCadastralReference": "840734_878/4.C", "referencePoint": { "type": "Point", "coordinates": [ 18.20968796, 48.06183997 ] }, "validFrom": "2026-06-30T16:00:00Z", "validTo": { "@nilReason": "http://inspire.ec.europa.eu/codelist/VoidReasonValue/Unpopulated", "@nil": "true" }, "administrativeUnit": { "@href": "#auAdmUnitS.1706" } }, "geometry": { "type": "Polygon", "coordinates": [ [ [ 18.20944078, 48.06193203 ], [ 18.20995512, 48.06180171 ], [ 18.20995811, 48.06174321 ], [ 18.20941906, 48.06187823 ], [ 18.20944078, 48.06193203 ] ] ] } },
{ "type": "Feature", "properties": { "@featureType": "CadastralParcel", "areaValue": { "value": 10206, "@uom": "m2" }, "beginLifespanVersion": { "@nilReason": "http://inspire.ec.europa.eu/codelist/VoidReasonValue/Unpopulated", "@nil": "true" }, "endLifespanVersion": { "@nilReason": "http://inspire.ec.europa.eu/codelist/VoidReasonValue/Unpopulated", "@nil": "true" }, "inspireId": { "@dataType": "Identifier", "localId": "840734_879/1.C", "namespace": "SK.ESKN.CP", "versionId": "20260703T04:07:09" }, "label": "879/1", "nationalCadastralReference": "840734_879/1.C", "referencePoint": { "type": "Point", "coordinates": [ 18.2100163, 48.06077396 ] }, "validFrom": "2026-06-30T16:00:00Z", "validTo": { "@nilReason": "http://inspire.ec.europa.eu/codelist/VoidReasonValue/Unpopulated", "@nil": "true" }, "administrativeUnit": { "@href": "#auAdmUnitS.1706" } }, "geometry": { "type": "Polygon", "coordinates": [ [ [ 18.2099891, 48.06114171 ], [ 18.21000346, 48.06101725 ], [ 18.21004558, 48.06071674 ], [ 18.21007919, 48.06045708 ], [ 18.20963217, 48.05995921 ], [ 18.20925163, 48.05970932 ], [ 18.20896721, 48.05952324 ], [ 18.20886649, 48.05955231 ], [ 18.20867137, 48.05961047 ], [ 18.20899879, 48.05981919 ], [ 18.20938104, 48.06009428 ], [ 18.20960667, 48.06033932 ], [ 18.20978159, 48.06052047 ], [ 18.21000133, 48.0607621 ], [ 18.20992637, 48.06090326 ], [ 18.20984692, 48.06098855 ], [ 18.20970028, 48.06100403 ], [ 18.20940424, 48.06089203 ], [ 18.20915322, 48.06083373 ], [ 18.20871597, 48.06078582 ], [ 18.20850149, 48.06081044 ], [ 18.20838142, 48.06083288 ], [ 18.20831662, 48.06089447 ], [ 18.20823226, 48.0610062 ], [ 18.20818542, 48.06112877 ], [ 18.20826015, 48.06126826 ], [ 18.2083953, 48.06145487 ], [ 18.20861736, 48.06171089 ], [ 18.20871137, 48.0617763 ], [ 18.20880756, 48.06183634 ], [ 18.20892138, 48.06189965 ], [ 18.20908748, 48.06198559 ], [ 18.20911555, 48.06201738 ], [ 18.20933513, 48.06189925 ], [ 18.20941906, 48.06187823 ], [ 18.20935991, 48.06173179 ], [ 18.20912887, 48.06159513 ], [ 18.20900328, 48.06150937 ], [ 18.20870329, 48.06134044 ], [ 18.20854645, 48.06115799 ], [ 18.20852885, 48.06108069 ], [ 18.20854242, 48.06100086 ], [ 18.2085835, 48.06097166 ], [ 18.20880311, 48.06098335 ], [ 18.20901449, 48.06100874 ], [ 18.20919329, 48.06107141 ], [ 18.20951264, 48.06112925 ], [ 18.20971069, 48.06119412 ], [ 18.20983403, 48.06118388 ], [ 18.2099891, 48.06114171 ] ] ] } },
{ "type": "Feature", "properties": { "@featureType": "CadastralParcel", "areaValue": { "value": 170, "@uom": "m2" }, "beginLifespanVersion": { "@nilReason": "http://inspire.ec.europa.eu/codelist/VoidReasonValue/Unpopulated", "@nil": "true" }, "endLifespanVersion": { "@nilReason": "http://inspire.ec.europa.eu/codelist/VoidReasonValue/Unpopulated", "@nil": "true" }, "inspireId": { "@dataType": "Identifier", "localId": "840734_879/2.C", "namespace": "SK.ESKN.CP", "versionId": "20260703T04:07:09" }, "label": "879/2", "nationalCadastralReference": "840734_879/2.C", "referencePoint": { "type": "Point", "coordinates": [ 18.20924545, 48.06198206 ] }, "validFrom": "2026-06-30T16:00:00Z", "validTo": { "@nilReason": "http://inspire.ec.europa.eu/codelist/VoidReasonValue/Unpopulated", "@nil": "true" }, "administrativeUnit": { "@href": "#auAdmUnitS.1706" } }, "geometry": { "type": "Polygon", "coordinates": [ [ [ 18.20912998, 48.06203383 ], [ 18.20910813, 48.06209034 ], [ 18.20937545, 48.06194674 ], [ 18.20944078, 48.06193203 ], [ 18.20941906, 48.06187823 ], [ 18.20933513, 48.06189925 ], [ 18.20911555, 48.06201738 ], [ 18.20912998, 48.06203383 ] ] ] } },
{ "type": "Feature", "properties": { "@featureType": "CadastralParcel", "areaValue": { "value": 75, "@uom": "m2" }, "beginLifespanVersion": { "@nilReason": "http://inspire.ec.europa.eu/codelist/VoidReasonValue/Unpopulated", "@nil": "true" }, "endLifespanVersion": { "@nilReason": "http://inspire.ec.europa.eu/codelist/VoidReasonValue/Unpopulated", "@nil": "true" }, "inspireId": { "@dataType": "Identifier", "localId": "840734_883/10.C", "namespace": "SK.ESKN.CP", "versionId": "20260703T04:07:09" }, "label": "883/10", "nationalCadastralReference": "840734_883/10.C", "referencePoint": { "type": "Point", "coordinates": [ 18.20691426, 48.06338646 ] }, "validFrom": "2026-06-30T16:00:00Z", "validTo": { "@nilReason": "http://inspire.ec.europa.eu/codelist/VoidReasonValue/Unpopulated", "@nil": "true" }, "administrativeUnit": { "@href": "#auAdmUnitS.1706" } }, "geometry": { "type": "Polygon", "coordinates": [ [ [ 18.207038, 48.06329033 ], [ 18.20676592, 48.06346534 ], [ 18.20711401, 48.06330758 ], [ 18.207038, 48.06329033 ] ] ] } },
{ "type": "Feature", "properties": { "@featureType": "CadastralParcel", "areaValue": { "value": 195, "@uom": "m2" }, "beginLifespanVersion": { "@nilReason": "http://inspire.ec.europa.eu/codelist/VoidReasonValue/Unpopulated", "@nil": "true" }, "endLifespanVersion": { "@nilReason": "http://inspire.ec.europa.eu/codelist/VoidReasonValue/Unpopulated", "@nil": "true" }, "inspireId": { "@dataType": "Identifier", "localId": "840734_883/9.C", "namespace": "SK.ESKN.CP", "versionId": "20260703T04:07:09" }, "label": "883/9", "nationalCadastralReference": "840734_883/9.C", "referencePoint": { "type": "Point", "coordinates": [ 18.20724273, 48.06319599 ] }, "validFrom": "2026-06-30T16:00:00Z", "validTo": { "@nilReason": "http://inspire.ec.europa.eu/codelist/VoidReasonValue/Unpopulated", "@nil": "true" }, "administrativeUnit": { "@href": "#auAdmUnitS.1706" } }, "geometry": { "type": "Polygon", "coordinates": [ [ [ 18.20732992, 48.06310249 ], [ 18.207038, 48.06329033 ], [ 18.20711401, 48.06330758 ], [ 18.20715937, 48.06328702 ], [ 18.20744232, 48.06310497 ], [ 18.20735179, 48.06308859 ], [ 18.20732992, 48.06310249 ] ] ] } },
{ "type": "Feature", "properties": { "@featureType": "CadastralParcel", "areaValue": { "value": 69, "@uom": "m2" }, "beginLifespanVersion": { "@nilReason": "http://inspire.ec.europa.eu/codelist/VoidReasonValue/Unpopulated", "@nil": "true" }, "endLifespanVersion": { "@nilReason": "http://inspire.ec.europa.eu/codelist/VoidReasonValue/Unpopulated", "@nil": "true" }, "inspireId": { "@dataType": "Identifier", "localId": "840734_883/8.C", "namespace": "SK.ESKN.CP", "versionId": "20260703T04:07:09" }, "label": "883/8", "nationalCadastralReference": "840734_883/8.C", "referencePoint": { "type": "Point", "coordinates": [ 18.20745341, 48.06306073 ] }, "validFrom": "2026-06-30T16:00:00Z", "validTo": { "@nilReason": "http://inspire.ec.europa.eu/codelist/VoidReasonValue/Unpopulated", "@nil": "true" }, "administrativeUnit": { "@href": "#auAdmUnitS.1706" } }, "geometry": { "type": "Polygon", "coordinates": [ [ [ 18.20746638, 48.06301591 ], [ 18.20735179, 48.06308859 ], [ 18.20744232, 48.06310497 ], [ 18.20755441, 48.06303286 ], [ 18.20746638, 48.06301591 ] ] ] } },
{ "type": "Feature", "properties": { "@featureType": "CadastralParcel", "areaValue": { "value": 31, "@uom": "m2" }, "beginLifespanVersion": { "@nilReason": "http://inspire.ec.europa.eu/codelist/VoidReasonValue/Unpopulated", "@nil": "true" }, "endLifespanVersion": { "@nilReason": "http://inspire.ec.europa.eu/codelist/VoidReasonValue/Unpopulated", "@nil": "true" }, "inspireId": { "@dataType": "Identifier", "localId": "840734_883/7.C", "namespace": "SK.ESKN.CP", "versionId": "20260703T04:07:09" }, "label": "883/7", "nationalCadastralReference": "840734_883/7.C", "referencePoint": { "type": "Point", "coordinates": [ 18.2075358, 48.06300812 ] }, "validFrom": "2026-06-30T16:00:00Z", "validTo": { "@nilReason": "http://inspire.ec.europa.eu/codelist/VoidReasonValue/Unpopulated", "@nil": "true" }, "administrativeUnit": { "@href": "#auAdmUnitS.1706" } }, "geometry": { "type": "Polygon", "coordinates": [ [ [ 18.20751832, 48.06298291 ], [ 18.20746638, 48.06301591 ], [ 18.20755441, 48.06303286 ], [ 18.20760509, 48.06300033 ], [ 18.20751832, 48.06298291 ] ] ] } },
{ "type": "Feature", "properties": { "@featureType": "CadastralParcel", "areaValue": { "value": 32, "@uom": "m2" }, "beginLifespanVersion": { "@nilReason": "http://inspire.ec.europa.eu/codelist/VoidReasonValue/Unpopulated", "@nil": "true" }, "endLifespanVersion": { "@nilReason": "http://inspire.ec.europa.eu/codelist/VoidReasonValue/Unpopulated", "@nil": "true" }, "inspireId": { "@dataType": "Identifier", "localId": "840734_883/6.C", "namespace": "SK.ESKN.CP", "versionId": "20260703T04:07:09" }, "label": "883/6", "nationalCadastralReference": "840734_883/6.C", "referencePoint": { "type": "Point", "coordinates": [ 18.20758817, 48.06297465 ] }, "validFrom": "2026-06-30T16:00:00Z", "validTo": { "@nilReason": "http://inspire.ec.europa.eu/codelist/VoidReasonValue/Unpopulated", "@nil": "true" }, "administrativeUnit": { "@href": "#auAdmUnitS.1706" } }, "geometry": { "type": "Polygon", "coordinates": [ [ [ 18.20757231, 48.06294868 ], [ 18.20751832, 48.06298291 ], [ 18.20760509, 48.06300033 ], [ 18.20765783, 48.06296639 ], [ 18.20757231, 48.06294868 ] ] ] } },
{ "type": "Feature", "properties": { "@featureType": "CadastralParcel", "areaValue": { "value": 286, "@uom": "m2" }, "beginLifespanVersion": { "@nilReason": "http://inspire.ec.europa.eu/codelist/VoidReasonValue/Unpopulated", "@nil": "true" }, "endLifespanVersion": { "@nilReason": "http://inspire.ec.europa.eu/codelist/VoidReasonValue/Unpopulated", "@nil": "true" }, "inspireId": { "@dataType": "Identifier", "localId": "840734_883/5.C", "namespace": "SK.ESKN.CP", "versionId": "20260703T04:07:09" }, "label": "883/5", "nationalCadastralReference": "840734_883/5.C", "referencePoint": { "type": "Point", "coordinates": [ 18.20783853, 48.06281626 ] }, "validFrom": "2026-06-30T16:00:00Z", "validTo": { "@nilReason": "http://inspire.ec.europa.eu/codelist/VoidReasonValue/Unpopulated", "@nil": "true" }, "administrativeUnit": { "@href": "#auAdmUnitS.1706" } }, "geometry": { "type": "Polygon", "coordinates": [ [ [ 18.2079327, 48.06271986 ], [ 18.20757231, 48.06294868 ], [ 18.20765783, 48.06296639 ], [ 18.20774128, 48.06291265 ], [ 18.20814672, 48.06266037 ], [ 18.20803407, 48.0626567 ], [ 18.2079327, 48.06271986 ] ] ] } },
{ "type": "Feature", "properties": { "@featureType": "CadastralParcel", "areaValue": { "value": 165, "@uom": "m2" }, "beginLifespanVersion": { "@nilReason": "http://inspire.ec.europa.eu/codelist/VoidReasonValue/Unpopulated", "@nil": "true" }, "endLifespanVersion": { "@nilReason": "http://inspire.ec.europa.eu/codelist/VoidReasonValue/Unpopulated", "@nil": "true" }, "inspireId": { "@dataType": "Identifier", "localId": "840734_883/13.C", "namespace": "SK.ESKN.CP", "versionId": "20260703T04:07:09" }, "label": "883/13", "nationalCadastralReference": "840734_883/13.C", "referencePoint": { "type": "Point", "coordinates": [ 18.20822198, 48.06257652 ] }, "validFrom": "2026-06-30T16:00:00Z", "validTo": { "@nilReason": "http://inspire.ec.europa.eu/codelist/VoidReasonValue/Unpopulated", "@nil": "true" }, "administrativeUnit": { "@href": "#auAdmUnitS.1706" } }, "geometry": { "type": "Polygon", "coordinates": [ [ [ 18.20829104, 48.06249634 ], [ 18.20803407, 48.0626567 ], [ 18.20814672, 48.06266037 ], [ 18.20842722, 48.06248576 ], [ 18.20829104, 48.06249634 ] ] ] } },
{ "type": "Feature", "properties": { "@featureType": "CadastralParcel", "areaValue": { "value": 454, "@uom": "m2" }, "beginLifespanVersion": { "@nilReason": "http://inspire.ec.europa.eu/codelist/VoidReasonValue/Unpopulated", "@nil": "true" }, "endLifespanVersion": { "@nilReason": "http://inspire.ec.europa.eu/codelist/VoidReasonValue/Unpopulated", "@nil": "true" }, "inspireId": { "@dataType": "Identifier", "localId": "840734_883/4.C", "namespace": "SK.ESKN.CP", "versionId": "20260703T04:07:09" }, "label": "883/4", "nationalCadastralReference": "840734_883/4.C", "referencePoint": { "type": "Point", "coordinates": [ 18.20888004, 48.06218082 ] }, "validFrom": "2026-06-30T16:00:00Z", "validTo": { "@nilReason": "http://inspire.ec.europa.eu/codelist/VoidReasonValue/Unpopulated", "@nil": "true" }, "administrativeUnit": { "@href": "#auAdmUnitS.1706" } }, "geometry": { "type": "Polygon", "coordinates": [ [ [ 18.20910813, 48.06209034 ], [ 18.20912998, 48.06203383 ], [ 18.20911555, 48.06201738 ], [ 18.20904086, 48.06205754 ], [ 18.20865146, 48.06227131 ], [ 18.20829104, 48.06249634 ], [ 18.20842722, 48.06248576 ], [ 18.20871429, 48.06230719 ], [ 18.20910813, 48.06209034 ] ] ] } },
{ "type": "Feature", "properties": { "@featureType": "CadastralParcel", "areaValue": { "value": 50, "@uom": "m2" }, "beginLifespanVersion": { "@nilReason": "http://inspire.ec.europa.eu/codelist/VoidReasonValue/Unpopulated", "@nil": "true" }, "endLifespanVersion": { "@nilReason": "http://inspire.ec.europa.eu/codelist/VoidReasonValue/Unpopulated", "@nil": "true" }, "inspireId": { "@dataType": "Identifier", "localId": "840734_883/2.C", "namespace": "SK.ESKN.CP", "versionId": "20260703T04:07:09" }, "label": "883/2", "nationalCadastralReference": "840734_883/2.C", "referencePoint": { "type": "Point", "coordinates": [ 18.20612008, 48.06392051 ] }, "validFrom": "2026-06-30T16:00:00Z", "validTo": { "@nilReason": "http://inspire.ec.europa.eu/codelist/VoidReasonValue/Unpopulated", "@nil": "true" }, "administrativeUnit": { "@href": "#auAdmUnitS.1706" } }, "geometry": { "type": "Polygon", "coordinates": [ [ [ 18.20612975, 48.06386028 ], [ 18.20607504, 48.06389384 ], [ 18.20610597, 48.06394719 ], [ 18.20621857, 48.06387845 ], [ 18.20612975, 48.06386028 ] ] ] } },
{ "type": "Feature", "properties": { "@featureType": "CadastralParcel", "areaValue": { "value": 52, "@uom": "m2" }, "beginLifespanVersion": { "@nilReason": "http://inspire.ec.europa.eu/codelist/VoidReasonValue/Unpopulated", "@nil": "true" }, "endLifespanVersion": { "@nilReason": "http://inspire.ec.europa.eu/codelist/VoidReasonValue/Unpopulated", "@nil": "true" }, "inspireId": { "@dataType": "Identifier", "localId": "840734_883/3.C", "namespace": "SK.ESKN.CP", "versionId": "20260703T04:07:09" }, "label": "883/3", "nationalCadastralReference": "840734_883/3.C", "referencePoint": { "type": "Point", "coordinates": [ 18.20621049, 48.06384716 ] }, "validFrom": "2026-06-30T16:00:00Z", "validTo": { "@nilReason": "http://inspire.ec.europa.eu/codelist/VoidReasonValue/Unpopulated", "@nil": "true" }, "administrativeUnit": { "@href": "#auAdmUnitS.1706" } }, "geometry": { "type": "Polygon", "coordinates": [ [ [ 18.20622881, 48.06379942 ], [ 18.20612975, 48.06386028 ], [ 18.20621857, 48.06387845 ], [ 18.20629139, 48.06383403 ], [ 18.20622881, 48.06379942 ] ] ] } },
{ "type": "Feature", "properties": { "@featureType": "CadastralParcel", "areaValue": { "value": 118, "@uom": "m2" }, "beginLifespanVersion": { "@nilReason": "http://inspire.ec.europa.eu/codelist/VoidReasonValue/Unpopulated", "@nil": "true" }, "endLifespanVersion": { "@nilReason": "http://inspire.ec.europa.eu/codelist/VoidReasonValue/Unpopulated", "@nil": "true" }, "inspireId": { "@dataType": "Identifier", "localId": "840734_883/12.C", "namespace": "SK.ESKN.CP", "versionId": "20260703T04:07:09" }, "label": "883/12", "nationalCadastralReference": "840734_883/12.C", "referencePoint": { "type": "Point", "coordinates": [ 18.20635771, 48.06375702 ] }, "validFrom": "2026-06-30T16:00:00Z", "validTo": { "@nilReason": "http://inspire.ec.europa.eu/codelist/VoidReasonValue/Unpopulated", "@nil": "true" }, "administrativeUnit": { "@href": "#auAdmUnitS.1706" } }, "geometry": { "type": "Polygon", "coordinates": [ [ [ 18.20642238, 48.06368051 ], [ 18.20622881, 48.06379942 ], [ 18.20629139, 48.06383403 ], [ 18.20648705, 48.06371461 ], [ 18.20642238, 48.06368051 ] ] ] } },
{ "type": "Feature", "properties": { "@featureType": "CadastralParcel", "areaValue": { "value": 314, "@uom": "m2" }, "beginLifespanVersion": { "@nilReason": "http://inspire.ec.europa.eu/codelist/VoidReasonValue/Unpopulated", "@nil": "true" }, "endLifespanVersion": { "@nilReason": "http://inspire.ec.europa.eu/codelist/VoidReasonValue/Unpopulated", "@nil": "true" }, "inspireId": { "@dataType": "Identifier", "localId": "840734_883/11.C", "namespace": "SK.ESKN.CP", "versionId": "20260703T04:07:09" }, "label": "883/11", "nationalCadastralReference": "840734_883/11.C", "referencePoint": { "type": "Point", "coordinates": [ 18.20675251, 48.06351137 ] }, "validFrom": "2026-06-30T16:00:00Z", "validTo": { "@nilReason": "http://inspire.ec.europa.eu/codelist/VoidReasonValue/Unpopulated", "@nil": "true" }, "administrativeUnit": { "@href": "#auAdmUnitS.1706" } }, "geometry": { "type": "Polygon", "coordinates": [ [ [ 18.20662283, 48.0635574 ], [ 18.20642238, 48.06368051 ], [ 18.20648705, 48.06371461 ], [ 18.20663591, 48.06362379 ], [ 18.20715937, 48.06328702 ], [ 18.20711401, 48.06330758 ], [ 18.20676592, 48.06346534 ], [ 18.20662283, 48.0635574 ] ] ] } },
{ "type": "Feature", "properties": { "@featureType": "CadastralParcel", "areaValue": { "value": 18140, "@uom": "m2" }, "beginLifespanVersion": { "@nilReason": "http://inspire.ec.europa.eu/codelist/VoidReasonValue/Unpopulated", "@nil": "true" }, "endLifespanVersion": { "@nilReason": "http://inspire.ec.europa.eu/codelist/VoidReasonValue/Unpopulated", "@nil": "true" }, "inspireId": { "@dataType": "Identifier", "localId": "840734_429/80.C", "namespace": "SK.ESKN.CP", "versionId": "20260703T04:07:09" }, "label": "429/80", "nationalCadastralReference": "840734_429/80.C", "referencePoint": { "type": "Point", "coordinates": [ 18.20628857, 48.06396404 ] }, "validFrom": "2026-06-30T16:00:00Z", "validTo": { "@nilReason": "http://inspire.ec.europa.eu/codelist/VoidReasonValue/Unpopulated", "@nil": "true" }, "administrativeUnit": { "@href": "#auAdmUnitS.1706" } }, "geometry": { "type": "Polygon", "coordinates": [ [ [ 18.20248972, 48.06561484 ], [ 18.20353215, 48.06541725 ], [ 18.20406438, 48.065275 ], [ 18.20471123, 48.06502251 ], [ 18.20512166, 48.06479743 ], [ 18.20556533, 48.06453094 ], [ 18.20665527, 48.06386739 ], [ 18.20830254, 48.06284231 ], [ 18.20898729, 48.06242563 ], [ 18.20950764, 48.06213651 ], [ 18.20994813, 48.06200451 ], [ 18.20995512, 48.06180171 ], [ 18.20944078, 48.06193203 ], [ 18.20937545, 48.06194674 ], [ 18.20910813, 48.06209034 ], [ 18.20871429, 48.06230719 ], [ 18.20842722, 48.06248576 ], [ 18.20814672, 48.06266037 ], [ 18.20774128, 48.06291265 ], [ 18.20765783, 48.06296639 ], [ 18.20760509, 48.06300033 ], [ 18.20755441, 48.06303286 ], [ 18.20744232, 48.06310497 ], [ 18.20715937, 48.06328702 ], [ 18.20663591, 48.06362379 ], [ 18.20648705, 48.06371461 ], [ 18.20629139, 48.06383403 ], [ 18.20621857, 48.06387845 ], [ 18.20610597, 48.06394719 ], [ 18.20605528, 48.06398089 ], [ 18.20500652, 48.06461848 ], [ 18.20450757, 48.06490729 ], [ 18.20420775, 48.06502913 ], [ 18.20393803, 48.06512131 ], [ 18.20341756, 48.06524249 ], [ 18.20290074, 48.06534682 ], [ 18.20160071, 48.06560116 ], [ 18.20077612, 48.06575969 ], [ 18.20056129, 48.06579719 ], [ 18.20036785, 48.06585363 ], [ 18.20052781, 48.06594013 ], [ 18.20034043, 48.0659758 ], [ 18.20015304, 48.06601147 ], [ 18.19996564, 48.06604722 ], [ 18.19998379, 48.06609946 ], [ 18.20002713, 48.06609134 ], [ 18.20248972, 48.06561484 ] ] ] } },
{ "type": "Feature", "properties": { "@featureType": "CadastralParcel", "areaValue": { "value": 4928, "@uom": "m2" }, "beginLifespanVersion": { "@nilReason": "http://inspire.ec.europa.eu/codelist/VoidReasonValue/Unpopulated", "@nil": "true" }, "endLifespanVersion": { "@nilReason": "http://inspire.ec.europa.eu/codelist/VoidReasonValue/Unpopulated", "@nil": "true" }, "inspireId": { "@dataType": "Identifier", "localId": "840734_829.E", "namespace": "SK.ESKN.CP", "versionId": "20260703T04:07:09" }, "label": "829", "nationalCadastralReference": "840734_829.E", "referencePoint": { "type": "Point", "coordinates": [ 18.19818664, 48.06017605 ] }, "validFrom": "2026-06-30T16:00:00Z", "validTo": { "@nilReason": "http://inspire.ec.europa.eu/codelist/VoidReasonValue/Unpopulated", "@nil": "true" }, "administrativeUnit": { "@href": "#auAdmUnitS.1706" } }, "geometry": { "type": "Polygon", "coordinates": [ [ [ 18.19915872, 48.05811336 ], [ 18.19901759, 48.0581082 ], [ 18.19721454, 48.06223874 ], [ 18.19734686, 48.06226415 ], [ 18.19915872, 48.05811336 ] ] ] } },
{ "type": "Feature", "properties": { "@featureType": "CadastralParcel", "areaValue": { "value": 4830, "@uom": "m2" }, "beginLifespanVersion": { "@nilReason": "http://inspire.ec.europa.eu/codelist/VoidReasonValue/Unpopulated", "@nil": "true" }, "endLifespanVersion": { "@nilReason": "http://inspire.ec.europa.eu/codelist/VoidReasonValue/Unpopulated", "@nil": "true" }, "inspireId": { "@dataType": "Identifier", "localId": "840734_830.E", "namespace": "SK.ESKN.CP", "versionId": "20260703T04:07:09" }, "label": "830", "nationalCadastralReference": "840734_830.E", "referencePoint": { "type": "Point", "coordinates": [ 18.19832169, 48.06019123 ] }, "validFrom": "2026-06-30T16:00:00Z", "validTo": { "@nilReason": "http://inspire.ec.europa.eu/codelist/VoidReasonValue/Unpopulated", "@nil": "true" }, "administrativeUnit": { "@href": "#auAdmUnitS.1706" } }, "geometry": { "type": "Polygon", "coordinates": [ [ [ 18.19929651, 48.05811831 ], [ 18.19915872, 48.05811336 ], [ 18.19734686, 48.06226415 ], [ 18.19747603, 48.06228892 ], [ 18.19929651, 48.05811831 ] ] ] } },
{ "type": "Feature", "properties": { "@featureType": "CadastralParcel", "areaValue": { "value": 5071, "@uom": "m2" }, "beginLifespanVersion": { "@nilReason": "http://inspire.ec.europa.eu/codelist/VoidReasonValue/Unpopulated", "@nil": "true" }, "endLifespanVersion": { "@nilReason": "http://inspire.ec.europa.eu/codelist/VoidReasonValue/Unpopulated", "@nil": "true" }, "inspireId": { "@dataType": "Identifier", "localId": "840734_831.E", "namespace": "SK.ESKN.CP", "versionId": "20260703T04:07:09" }, "label": "831", "nationalCadastralReference": "840734_831.E", "referencePoint": { "type": "Point", "coordinates": [ 18.19845824, 48.06020627 ] }, "validFrom": "2026-06-30T16:00:00Z", "validTo": { "@nilReason": "http://inspire.ec.europa.eu/codelist/VoidReasonValue/Unpopulated", "@nil": "true" }, "administrativeUnit": { "@href": "#auAdmUnitS.1706" } }, "geometry": { "type": "Polygon", "coordinates": [ [ [ 18.19944045, 48.05812363 ], [ 18.19929651, 48.05811831 ], [ 18.19747603, 48.06228892 ], [ 18.19761098, 48.06231484 ], [ 18.19944045, 48.05812363 ] ] ] } },
{ "type": "Feature", "properties": { "@featureType": "CadastralParcel", "areaValue": { "value": 13098, "@uom": "m2" }, "beginLifespanVersion": { "@nilReason": "http://inspire.ec.europa.eu/codelist/VoidReasonValue/Unpopulated", "@nil": "true" }, "endLifespanVersion": { "@nilReason": "http://inspire.ec.europa.eu/codelist/VoidReasonValue/Unpopulated", "@nil": "true" }, "inspireId": { "@dataType": "Identifier", "localId": "840734_833/2.E", "namespace": "SK.ESKN.CP", "versionId": "20260703T04:07:09" }, "label": "833/2", "nationalCadastralReference": "840734_833/2.E", "referencePoint": { "type": "Point", "coordinates": [ 18.19906462, 48.06026571 ] }, "validFrom": "2026-06-30T16:00:00Z", "validTo": { "@nilReason": "http://inspire.ec.europa.eu/codelist/VoidReasonValue/Unpopulated", "@nil": "true" }, "administrativeUnit": { "@href": "#auAdmUnitS.1706" } }, "geometry": { "type": "Polygon", "coordinates": [ [ [ 18.20017279, 48.05815023 ], [ 18.1998089, 48.05813697 ], [ 18.19795643, 48.06238119 ], [ 18.19829755, 48.06244665 ], [ 18.20017279, 48.05815023 ] ] ] } },
{ "type": "Feature", "properties": { "@featureType": "CadastralParcel", "areaValue": { "value": 9920, "@uom": "m2" }, "beginLifespanVersion": { "@nilReason": "http://inspire.ec.europa.eu/codelist/VoidReasonValue/Unpopulated", "@nil": "true" }, "endLifespanVersion": { "@nilReason": "http://inspire.ec.europa.eu/codelist/VoidReasonValue/Unpopulated", "@nil": "true" }, "inspireId": { "@dataType": "Identifier", "localId": "840734_836.E", "namespace": "SK.ESKN.CP", "versionId": "20260703T04:07:09" }, "label": "836", "nationalCadastralReference": "840734_836.E", "referencePoint": { "type": "Point", "coordinates": [ 18.19971827, 48.06034225 ] }, "validFrom": "2026-06-30T16:00:00Z", "validTo": { "@nilReason": "http://inspire.ec.europa.eu/codelist/VoidReasonValue/Unpopulated", "@nil": "true" }, "administrativeUnit": { "@href": "#auAdmUnitS.1706" } }, "geometry": { "type": "Polygon", "coordinates": [ [ [ 18.20080191, 48.05817315 ], [ 18.20053239, 48.05816332 ], [ 18.1986346, 48.06251134 ], [ 18.19888729, 48.06255983 ], [ 18.20080191, 48.05817315 ] ] ] } },
{ "type": "Feature", "properties": { "@featureType": "CadastralParcel", "areaValue": { "value": 3230, "@uom": "m2" }, "beginLifespanVersion": { "@nilReason": "http://inspire.ec.europa.eu/codelist/VoidReasonValue/Unpopulated", "@nil": "true" }, "endLifespanVersion": { "@nilReason": "http://inspire.ec.europa.eu/codelist/VoidReasonValue/Unpopulated", "@nil": "true" }, "inspireId": { "@dataType": "Identifier", "localId": "840734_837.E", "namespace": "SK.ESKN.CP", "versionId": "20260703T04:07:09" }, "label": "837", "nationalCadastralReference": "840734_837.E", "referencePoint": { "type": "Point", "coordinates": [ 18.19988826, 48.06036804 ] }, "validFrom": "2026-06-30T16:00:00Z", "validTo": { "@nilReason": "http://inspire.ec.europa.eu/codelist/VoidReasonValue/Unpopulated", "@nil": "true" }, "administrativeUnit": { "@href": "#auAdmUnitS.1706" } }, "geometry": { "type": "Polygon", "coordinates": [ [ [ 18.20088918, 48.05817625 ], [ 18.20080191, 48.05817315 ], [ 18.19888729, 48.06255983 ], [ 18.19896916, 48.06257552 ], [ 18.20088918, 48.05817625 ] ] ] } },
{ "type": "Feature", "properties": { "@featureType": "CadastralParcel", "areaValue": { "value": 6812, "@uom": "m2" }, "beginLifespanVersion": { "@nilReason": "http://inspire.ec.europa.eu/codelist/VoidReasonValue/Unpopulated", "@nil": "true" }, "endLifespanVersion": { "@nilReason": "http://inspire.ec.europa.eu/codelist/VoidReasonValue/Unpopulated", "@nil": "true" }, "inspireId": { "@dataType": "Identifier", "localId": "840734_838.E", "namespace": "SK.ESKN.CP", "versionId": "20260703T04:07:09" }, "label": "838", "nationalCadastralReference": "840734_838.E", "referencePoint": { "type": "Point", "coordinates": [ 18.20002075, 48.06037919 ] }, "validFrom": "2026-06-30T16:00:00Z", "validTo": { "@nilReason": "http://inspire.ec.europa.eu/codelist/VoidReasonValue/Unpopulated", "@nil": "true" }, "administrativeUnit": { "@href": "#auAdmUnitS.1706" } }, "geometry": { "type": "Polygon", "coordinates": [ [ [ 18.2010724, 48.05818286 ], [ 18.20106864, 48.05818282 ], [ 18.20088918, 48.05817625 ], [ 18.19896916, 48.06257552 ], [ 18.19914077, 48.06260845 ], [ 18.2010724, 48.05818286 ] ] ] } },
{ "type": "Feature", "properties": { "@featureType": "CadastralParcel", "areaValue": { "value": 9492, "@uom": "m2" }, "beginLifespanVersion": { "@nilReason": "http://inspire.ec.europa.eu/codelist/VoidReasonValue/Unpopulated", "@nil": "true" }, "endLifespanVersion": { "@nilReason": "http://inspire.ec.europa.eu/codelist/VoidReasonValue/Unpopulated", "@nil": "true" }, "inspireId": { "@dataType": "Identifier", "localId": "840734_839.E", "namespace": "SK.ESKN.CP", "versionId": "20260703T04:07:09" }, "label": "839", "nationalCadastralReference": "840734_839.E", "referencePoint": { "type": "Point", "coordinates": [ 18.20023513, 48.06039574 ] }, "validFrom": "2026-06-30T16:00:00Z", "validTo": { "@nilReason": "http://inspire.ec.europa.eu/codelist/VoidReasonValue/Unpopulated", "@nil": "true" }, "administrativeUnit": { "@href": "#auAdmUnitS.1706" } }, "geometry": { "type": "Polygon", "coordinates": [ [ [ 18.20132945, 48.05818303 ], [ 18.2010724, 48.05818286 ], [ 18.19914077, 48.06260845 ], [ 18.19937808, 48.06265405 ], [ 18.20132945, 48.05818303 ] ] ] } },
{ "type": "Feature", "properties": { "@featureType": "CadastralParcel", "areaValue": { "value": 9772, "@uom": "m2" }, "beginLifespanVersion": { "@nilReason": "http://inspire.ec.europa.eu/codelist/VoidReasonValue/Unpopulated", "@nil": "true" }, "endLifespanVersion": { "@nilReason": "http://inspire.ec.europa.eu/codelist/VoidReasonValue/Unpopulated", "@nil": "true" }, "inspireId": { "@dataType": "Identifier", "localId": "840734_840.E", "namespace": "SK.ESKN.CP", "versionId": "20260703T04:07:09" }, "label": "840", "nationalCadastralReference": "840734_840.E", "referencePoint": { "type": "Point", "coordinates": [ 18.20082735, 48.05964269 ] }, "validFrom": "2026-06-30T16:00:00Z", "validTo": { "@nilReason": "http://inspire.ec.europa.eu/codelist/VoidReasonValue/Unpopulated", "@nil": "true" }, "administrativeUnit": { "@href": "#auAdmUnitS.1706" } }, "geometry": { "type": "Polygon", "coordinates": [ [ [ 18.20048939, 48.06068318 ], [ 18.20143524, 48.0586022 ], [ 18.2015986, 48.05818327 ], [ 18.20132945, 48.05818303 ], [ 18.19937808, 48.06265405 ], [ 18.19960843, 48.06269825 ], [ 18.1996879, 48.06251637 ], [ 18.20048939, 48.06068318 ] ] ] } },
{ "type": "Feature", "properties": { "@featureType": "CadastralParcel", "areaValue": { "value": 9731, "@uom": "m2" }, "beginLifespanVersion": { "@nilReason": "http://inspire.ec.europa.eu/codelist/VoidReasonValue/Unpopulated", "@nil": "true" }, "endLifespanVersion": { "@nilReason": "http://inspire.ec.europa.eu/codelist/VoidReasonValue/Unpopulated", "@nil": "true" }, "inspireId": { "@dataType": "Identifier", "localId": "840734_856/4.E", "namespace": "SK.ESKN.CP", "versionId": "20260703T04:07:09" }, "label": "856/4", "nationalCadastralReference": "840734_856/4.E", "referencePoint": { "type": "Point", "coordinates": [ 18.2023543, 48.06301024 ] }, "validFrom": "2026-06-30T16:00:00Z", "validTo": { "@nilReason": "http://inspire.ec.europa.eu/codelist/VoidReasonValue/Unpopulated", "@nil": "true" }, "administrativeUnit": { "@href": "#auAdmUnitS.1706" } }, "geometry": { "type": "Polygon", "coordinates": [ [ [ 18.20490957, 48.06341652 ], [ 18.19987767, 48.06242587 ], [ 18.19979829, 48.06260396 ], [ 18.20485166, 48.06359848 ], [ 18.20612975, 48.06386028 ], [ 18.20622881, 48.06379942 ], [ 18.20611408, 48.06373587 ], [ 18.20599984, 48.06370702 ], [ 18.20564657, 48.06360945 ], [ 18.20508229, 48.0634607 ], [ 18.2050158, 48.06351027 ], [ 18.20490957, 48.06341652 ] ] ] } },
{ "type": "Feature", "properties": { "@featureType": "CadastralParcel", "areaValue": { "value": 178457, "@uom": "m2" }, "beginLifespanVersion": { "@nilReason": "http://inspire.ec.europa.eu/codelist/VoidReasonValue/Unpopulated", "@nil": "true" }, "endLifespanVersion": { "@nilReason": "http://inspire.ec.europa.eu/codelist/VoidReasonValue/Unpopulated", "@nil": "true" }, "inspireId": { "@dataType": "Identifier", "localId": "840734_876.E", "namespace": "SK.ESKN.CP", "versionId": "20260703T04:07:09" }, "label": "876", "nationalCadastralReference": "840734_876.E", "referencePoint": { "type": "Point", "coordinates": [ 18.20597375, 48.05995673 ] }, "validFrom": "2026-06-30T16:00:00Z", "validTo": { "@nilReason": "http://inspire.ec.europa.eu/codelist/VoidReasonValue/Unpopulated", "@nil": "true" }, "administrativeUnit": { "@href": "#auAdmUnitS.1706" } }, "geometry": { "type": "Polygon", "coordinates": [ [ [ 18.20908748, 48.06198559 ], [ 18.20892138, 48.06189965 ], [ 18.20880756, 48.06183634 ], [ 18.20871137, 48.0617763 ], [ 18.20861736, 48.06171089 ], [ 18.2083953, 48.06145487 ], [ 18.20826015, 48.06126826 ], [ 18.20818542, 48.06112877 ], [ 18.20823226, 48.0610062 ], [ 18.20831662, 48.06089447 ], [ 18.20838142, 48.06083288 ], [ 18.20850149, 48.06081044 ], [ 18.20871597, 48.06078582 ], [ 18.20915322, 48.06083373 ], [ 18.20940424, 48.06089203 ], [ 18.20970028, 48.06100403 ], [ 18.20984692, 48.06098855 ], [ 18.20992637, 48.06090326 ], [ 18.21000133, 48.0607621 ], [ 18.20978159, 48.06052047 ], [ 18.20960667, 48.06033932 ], [ 18.20938104, 48.06009428 ], [ 18.20899879, 48.05981919 ], [ 18.20867137, 48.05961047 ], [ 18.20839399, 48.05944177 ], [ 18.20802247, 48.05918472 ], [ 18.2076076, 48.05902327 ], [ 18.2072911, 48.05891856 ], [ 18.20707359, 48.05883458 ], [ 18.20691463, 48.05874354 ], [ 18.20681884, 48.05866169 ], [ 18.2067651, 48.05858065 ], [ 18.2067171, 48.05841166 ], [ 18.20677605, 48.05828916 ], [ 18.20685089, 48.05821345 ], [ 18.20695754, 48.05814274 ], [ 18.20720565, 48.05799044 ], [ 18.20727015, 48.05794463 ], [ 18.20733496, 48.05785903 ], [ 18.20732138, 48.05771227 ], [ 18.20722399, 48.05758564 ], [ 18.20709706, 48.05752381 ], [ 18.20695146, 48.05748041 ], [ 18.20663338, 48.05743797 ], [ 18.2065758, 48.05743128 ], [ 18.20640151, 48.05743684 ], [ 18.20616595, 48.05746728 ], [ 18.20586392, 48.05753898 ], [ 18.20567948, 48.05761978 ], [ 18.20554519, 48.05776453 ], [ 18.20546481, 48.05783415 ], [ 18.20527756, 48.05794909 ], [ 18.20508793, 48.05799402 ], [ 18.20452876, 48.05801942 ], [ 18.2043467, 48.05802462 ], [ 18.2040864, 48.05805794 ], [ 18.20391319, 48.05810184 ], [ 18.20378715, 48.05816528 ], [ 18.20359056, 48.05832111 ], [ 18.20335631, 48.05851086 ], [ 18.20322738, 48.05856429 ], [ 18.20307038, 48.05860372 ], [ 18.20295561, 48.05860398 ], [ 18.20281885, 48.0585869 ], [ 18.20261616, 48.05854242 ], [ 18.20244412, 48.05837984 ], [ 18.2022476, 48.05818378 ], [ 18.20223468, 48.05818375 ], [ 18.20220962, 48.05818383 ], [ 18.2015986, 48.05818327 ], [ 18.20143524, 48.0586022 ], [ 18.2018075, 48.05865475 ], [ 18.2018161, 48.05865597 ], [ 18.20217699, 48.05867365 ], [ 18.20235576, 48.05868244 ], [ 18.20252114, 48.05868548 ], [ 18.20256148, 48.05869008 ], [ 18.20265728, 48.05870108 ], [ 18.20270844, 48.05883207 ], [ 18.20281518, 48.05910477 ], [ 18.20281581, 48.05910716 ], [ 18.20288344, 48.05937199 ], [ 18.20284075, 48.05965784 ], [ 18.20271726, 48.06010166 ], [ 18.20305162, 48.06040215 ], [ 18.20380719, 48.06108132 ], [ 18.20388559, 48.06115178 ], [ 18.20438225, 48.06109358 ], [ 18.20464936, 48.06115544 ], [ 18.20520258, 48.06135294 ], [ 18.20547819, 48.06146566 ], [ 18.20538057, 48.06171094 ], [ 18.20536587, 48.06174755 ], [ 18.20532989, 48.06184232 ], [ 18.20522597, 48.06211648 ], [ 18.20519141, 48.06220754 ], [ 18.20516395, 48.06228024 ], [ 18.20526057, 48.06224335 ], [ 18.20543183, 48.06219382 ], [ 18.2056053, 48.06213965 ], [ 18.20583647, 48.06208187 ], [ 18.2059024, 48.06207398 ], [ 18.2061223, 48.06207829 ], [ 18.20632803, 48.06213061 ], [ 18.2066751, 48.06221779 ], [ 18.20694374, 48.06233553 ], [ 18.20721516, 48.0624193 ], [ 18.20739246, 48.06245832 ], [ 18.20756111, 48.06247879 ], [ 18.20827404, 48.06249761 ], [ 18.20829104, 48.06249634 ], [ 18.20865146, 48.06227131 ], [ 18.20904086, 48.06205754 ], [ 18.20911555, 48.06201738 ], [ 18.20908748, 48.06198559 ] ] ] } },
{ "type": "Feature", "properties": { "@featureType": "CadastralParcel", "areaValue": { "value": 8253, "@uom": "m2" }, "beginLifespanVersion": { "@nilReason": "http://inspire.ec.europa.eu/codelist/VoidReasonValue/Unpopulated", "@nil": "true" }, "endLifespanVersion": { "@nilReason": "http://inspire.ec.europa.eu/codelist/VoidReasonValue/Unpopulated", "@nil": "true" }, "inspireId": { "@dataType": "Identifier", "localId": "840734_878.E", "namespace": "SK.ESKN.CP", "versionId": "20260703T04:07:09" }, "label": "878", "nationalCadastralReference": "840734_878.E", "referencePoint": { "type": "Point", "coordinates": [ 18.20941392, 48.06142491 ] }, "validFrom": "2026-06-30T16:00:00Z", "validTo": { "@nilReason": "http://inspire.ec.europa.eu/codelist/VoidReasonValue/Unpopulated", "@nil": "true" }, "administrativeUnit": { "@href": "#auAdmUnitS.1706" } }, "geometry": { "type": "Polygon", "coordinates": [ [ [ 18.20998475, 48.06122731 ], [ 18.20983403, 48.06118388 ], [ 18.20971069, 48.06119412 ], [ 18.20951264, 48.06112925 ], [ 18.20919329, 48.06107141 ], [ 18.20901449, 48.06100874 ], [ 18.20880311, 48.06098335 ], [ 18.2085835, 48.06097166 ], [ 18.20854242, 48.06100086 ], [ 18.20852885, 48.06108069 ], [ 18.20854645, 48.06115799 ], [ 18.20870329, 48.06134044 ], [ 18.20900328, 48.06150937 ], [ 18.20912887, 48.06159513 ], [ 18.20935991, 48.06173179 ], [ 18.20941906, 48.06187823 ], [ 18.20995811, 48.06174321 ], [ 18.20998475, 48.06122731 ] ] ] } },
{ "type": "Feature", "properties": { "@featureType": "CadastralParcel", "areaValue": { "value": 6281, "@uom": "m2" }, "beginLifespanVersion": { "@nilReason": "http://inspire.ec.europa.eu/codelist/VoidReasonValue/Unpopulated", "@nil": "true" }, "endLifespanVersion": { "@nilReason": "http://inspire.ec.europa.eu/codelist/VoidReasonValue/Unpopulated", "@nil": "true" }, "inspireId": { "@dataType": "Identifier", "localId": "840734_881.E", "namespace": "SK.ESKN.CP", "versionId": "20260703T04:07:09" }, "label": "881", "nationalCadastralReference": "840734_881.E", "referencePoint": { "type": "Point", "coordinates": [ 18.2065967, 48.06260097 ] }, "validFrom": "2026-06-30T16:00:00Z", "validTo": { "@nilReason": "http://inspire.ec.europa.eu/codelist/VoidReasonValue/Unpopulated", "@nil": "true" }, "administrativeUnit": { "@href": "#auAdmUnitS.1706" } }, "geometry": { "type": "Polygon", "coordinates": [ [ [ 18.20534288, 48.06241993 ], [ 18.20526133, 48.06247043 ], [ 18.20757231, 48.06294868 ], [ 18.2079327, 48.06271986 ], [ 18.20803407, 48.0626567 ], [ 18.20748037, 48.06263848 ], [ 18.20712216, 48.06256347 ], [ 18.20680322, 48.06248154 ], [ 18.20654137, 48.06237278 ], [ 18.20622829, 48.06229037 ], [ 18.20610061, 48.06224782 ], [ 18.20590674, 48.06224115 ], [ 18.20569697, 48.06229384 ], [ 18.20547297, 48.06237009 ], [ 18.20534288, 48.06241993 ] ] ] } },
{ "type": "Feature", "properties": { "@featureType": "CadastralParcel", "areaValue": { "value": 1042, "@uom": "m2" }, "beginLifespanVersion": { "@nilReason": "http://inspire.ec.europa.eu/codelist/VoidReasonValue/Unpopulated", "@nil": "true" }, "endLifespanVersion": { "@nilReason": "http://inspire.ec.europa.eu/codelist/VoidReasonValue/Unpopulated", "@nil": "true" }, "inspireId": { "@dataType": "Identifier", "localId": "840734_882/1.E", "namespace": "SK.ESKN.CP", "versionId": "20260703T04:07:09" }, "label": "882/1", "nationalCadastralReference": "840734_882/1.E", "referencePoint": { "type": "Point", "coordinates": [ 18.20639673, 48.06273207 ] }, "validFrom": "2026-06-30T16:00:00Z", "validTo": { "@nilReason": "http://inspire.ec.europa.eu/codelist/VoidReasonValue/Unpopulated", "@nil": "true" }, "administrativeUnit": { "@href": "#auAdmUnitS.1706" } }, "geometry": { "type": "Polygon", "coordinates": [ [ [ 18.20526133, 48.06247043 ], [ 18.20518803, 48.06251545 ], [ 18.20751832, 48.06298291 ], [ 18.20757231, 48.06294868 ], [ 18.20526133, 48.06247043 ] ] ] } },
{ "type": "Feature", "properties": { "@featureType": "CadastralParcel", "areaValue": { "value": 2082, "@uom": "m2" }, "beginLifespanVersion": { "@nilReason": "http://inspire.ec.europa.eu/codelist/VoidReasonValue/Unpopulated", "@nil": "true" }, "endLifespanVersion": { "@nilReason": "http://inspire.ec.europa.eu/codelist/VoidReasonValue/Unpopulated", "@nil": "true" }, "inspireId": { "@dataType": "Identifier", "localId": "840734_882/2.E", "namespace": "SK.ESKN.CP", "versionId": "20260703T04:07:09" }, "label": "882/2", "nationalCadastralReference": "840734_882/2.E", "referencePoint": { "type": "Point", "coordinates": [ 18.20629115, 48.06284505 ] }, "validFrom": "2026-06-30T16:00:00Z", "validTo": { "@nilReason": "http://inspire.ec.europa.eu/codelist/VoidReasonValue/Unpopulated", "@nil": "true" }, "administrativeUnit": { "@href": "#auAdmUnitS.1706" } }, "geometry": { "type": "Polygon", "coordinates": [ [ [ 18.20507339, 48.06265187 ], [ 18.20505825, 48.06267418 ], [ 18.20735179, 48.06308859 ], [ 18.20746638, 48.06301591 ], [ 18.20514274, 48.06256879 ], [ 18.20507339, 48.06265187 ] ] ] } },
{ "type": "Feature", "properties": { "@featureType": "CadastralParcel", "areaValue": { "value": 1035, "@uom": "m2" }, "beginLifespanVersion": { "@nilReason": "http://inspire.ec.europa.eu/codelist/VoidReasonValue/Unpopulated", "@nil": "true" }, "endLifespanVersion": { "@nilReason": "http://inspire.ec.europa.eu/codelist/VoidReasonValue/Unpopulated", "@nil": "true" }, "inspireId": { "@dataType": "Identifier", "localId": "840734_882/3.E", "namespace": "SK.ESKN.CP", "versionId": "20260703T04:07:09" }, "label": "882/3", "nationalCadastralReference": "840734_882/3.E", "referencePoint": { "type": "Point", "coordinates": [ 18.20635246, 48.06277585 ] }, "validFrom": "2026-06-30T16:00:00Z", "validTo": { "@nilReason": "http://inspire.ec.europa.eu/codelist/VoidReasonValue/Unpopulated", "@nil": "true" }, "administrativeUnit": { "@href": "#auAdmUnitS.1706" } }, "geometry": { "type": "Polygon", "coordinates": [ [ [ 18.20518803, 48.06251545 ], [ 18.20514274, 48.06256879 ], [ 18.20746638, 48.06301591 ], [ 18.20751832, 48.06298291 ], [ 18.20518803, 48.06251545 ] ] ] } },
{ "type": "Feature", "properties": { "@featureType": "CadastralParcel", "areaValue": { "value": 3940, "@uom": "m2" }, "beginLifespanVersion": { "@nilReason": "http://inspire.ec.europa.eu/codelist/VoidReasonValue/Unpopulated", "@nil": "true" }, "endLifespanVersion": { "@nilReason": "http://inspire.ec.europa.eu/codelist/VoidReasonValue/Unpopulated", "@nil": "true" }, "inspireId": { "@dataType": "Identifier", "localId": "840734_883.E", "namespace": "SK.ESKN.CP", "versionId": "20260703T04:07:09" }, "label": "883", "nationalCadastralReference": "840734_883.E", "referencePoint": { "type": "Point", "coordinates": [ 18.20608856, 48.06295525 ] }, "validFrom": "2026-06-30T16:00:00Z", "validTo": { "@nilReason": "http://inspire.ec.europa.eu/codelist/VoidReasonValue/Unpopulated", "@nil": "true" }, "administrativeUnit": { "@href": "#auAdmUnitS.1706" } }, "geometry": { "type": "Polygon", "coordinates": [ [ [ 18.20501647, 48.06273576 ], [ 18.20497649, 48.0628219 ], [ 18.207038, 48.06329033 ], [ 18.20732992, 48.06310249 ], [ 18.20735179, 48.06308859 ], [ 18.20505825, 48.06267418 ], [ 18.20501647, 48.06273576 ] ] ] } },
{ "type": "Feature", "properties": { "@featureType": "CadastralParcel", "areaValue": { "value": 4086, "@uom": "m2" }, "beginLifespanVersion": { "@nilReason": "http://inspire.ec.europa.eu/codelist/VoidReasonValue/Unpopulated", "@nil": "true" }, "endLifespanVersion": { "@nilReason": "http://inspire.ec.europa.eu/codelist/VoidReasonValue/Unpopulated", "@nil": "true" }, "inspireId": { "@dataType": "Identifier", "localId": "840734_884.E", "namespace": "SK.ESKN.CP", "versionId": "20260703T04:07:09" }, "label": "884", "nationalCadastralReference": "840734_884.E", "referencePoint": { "type": "Point", "coordinates": [ 18.20599151, 48.06317752 ] }, "validFrom": "2026-06-30T16:00:00Z", "validTo": { "@nilReason": "http://inspire.ec.europa.eu/codelist/VoidReasonValue/Unpopulated", "@nil": "true" }, "administrativeUnit": { "@href": "#auAdmUnitS.1706" } }, "geometry": { "type": "Polygon", "coordinates": [ [ [ 18.20497911, 48.06306471 ], [ 18.20671527, 48.0634883 ], [ 18.20676592, 48.06346534 ], [ 18.207038, 48.06329033 ], [ 18.20497649, 48.0628219 ], [ 18.20495931, 48.0628589 ], [ 18.20497069, 48.0630403 ], [ 18.20497911, 48.06306471 ] ] ] } },
{ "type": "Feature", "properties": { "@featureType": "CadastralParcel", "areaValue": { "value": 2640, "@uom": "m2" }, "beginLifespanVersion": { "@nilReason": "http://inspire.ec.europa.eu/codelist/VoidReasonValue/Unpopulated", "@nil": "true" }, "endLifespanVersion": { "@nilReason": "http://inspire.ec.europa.eu/codelist/VoidReasonValue/Unpopulated", "@nil": "true" }, "inspireId": { "@dataType": "Identifier", "localId": "840734_885.E", "namespace": "SK.ESKN.CP", "versionId": "20260703T04:07:09" }, "label": "885", "nationalCadastralReference": "840734_885.E", "referencePoint": { "type": "Point", "coordinates": [ 18.20580462, 48.06336996 ] }, "validFrom": "2026-06-30T16:00:00Z", "validTo": { "@nilReason": "http://inspire.ec.europa.eu/codelist/VoidReasonValue/Unpopulated", "@nil": "true" }, "administrativeUnit": { "@href": "#auAdmUnitS.1706" } }, "geometry": { "type": "Polygon", "coordinates": [ [ [ 18.20584793, 48.06347827 ], [ 18.20627702, 48.0636039 ], [ 18.20636174, 48.06364855 ], [ 18.20671527, 48.0634883 ], [ 18.20497911, 48.06306471 ], [ 18.20500875, 48.06315093 ], [ 18.2051745, 48.06330294 ], [ 18.20523323, 48.06333931 ], [ 18.2055248, 48.0634006 ], [ 18.20584793, 48.06347827 ] ] ] } },
{ "type": "Feature", "properties": { "@featureType": "CadastralParcel", "areaValue": { "value": 9585, "@uom": "m2" }, "beginLifespanVersion": { "@nilReason": "http://inspire.ec.europa.eu/codelist/VoidReasonValue/Unpopulated", "@nil": "true" }, "endLifespanVersion": { "@nilReason": "http://inspire.ec.europa.eu/codelist/VoidReasonValue/Unpopulated", "@nil": "true" }, "inspireId": { "@dataType": "Identifier", "localId": "840734_832.E", "namespace": "SK.ESKN.CP", "versionId": "20260703T04:07:09" }, "label": "832", "nationalCadastralReference": "840734_832.E", "referencePoint": { "type": "Point", "coordinates": [ 18.19866077, 48.06022412 ] }, "validFrom": "2026-06-30T16:00:00Z", "validTo": { "@nilReason": "http://inspire.ec.europa.eu/codelist/VoidReasonValue/Unpopulated", "@nil": "true" }, "administrativeUnit": { "@href": "#auAdmUnitS.1706" } }, "geometry": { "type": "Polygon", "coordinates": [ [ [ 18.19971052, 48.05813341 ], [ 18.19944045, 48.05812363 ], [ 18.19761098, 48.06231484 ], [ 18.19786419, 48.06236345 ], [ 18.19971052, 48.05813341 ] ] ] } },
{ "type": "Feature", "properties": { "@featureType": "CadastralParcel", "areaValue": { "value": 3514, "@uom": "m2" }, "beginLifespanVersion": { "@nilReason": "http://inspire.ec.europa.eu/codelist/VoidReasonValue/Unpopulated", "@nil": "true" }, "endLifespanVersion": { "@nilReason": "http://inspire.ec.europa.eu/codelist/VoidReasonValue/Unpopulated", "@nil": "true" }, "inspireId": { "@dataType": "Identifier", "localId": "840734_833/1.E", "namespace": "SK.ESKN.CP", "versionId": "20260703T04:07:09" }, "label": "833/1", "nationalCadastralReference": "840734_833/1.E", "referencePoint": { "type": "Point", "coordinates": [ 18.19883656, 48.06025021 ] }, "validFrom": "2026-06-30T16:00:00Z", "validTo": { "@nilReason": "http://inspire.ec.europa.eu/codelist/VoidReasonValue/Unpopulated", "@nil": "true" }, "administrativeUnit": { "@href": "#auAdmUnitS.1706" } }, "geometry": { "type": "Polygon", "coordinates": [ [ [ 18.1998089, 48.05813697 ], [ 18.19971052, 48.05813341 ], [ 18.19786419, 48.06236345 ], [ 18.19795643, 48.06238119 ], [ 18.1998089, 48.05813697 ] ] ] } },
{ "type": "Feature", "properties": { "@featureType": "CadastralParcel", "areaValue": { "value": 13164, "@uom": "m2" }, "beginLifespanVersion": { "@nilReason": "http://inspire.ec.europa.eu/codelist/VoidReasonValue/Unpopulated", "@nil": "true" }, "endLifespanVersion": { "@nilReason": "http://inspire.ec.europa.eu/codelist/VoidReasonValue/Unpopulated", "@nil": "true" }, "inspireId": { "@dataType": "Identifier", "localId": "840734_807.E", "namespace": "SK.ESKN.CP", "versionId": "20260703T04:07:09" }, "label": "807", "nationalCadastralReference": "840734_807.E", "referencePoint": { "type": "Point", "coordinates": [ 18.19400526, 48.05973885 ] }, "validFrom": "2026-06-30T16:00:00Z", "validTo": { "@nilReason": "http://inspire.ec.europa.eu/codelist/VoidReasonValue/Unpopulated", "@nil": "true" }, "administrativeUnit": { "@href": "#auAdmUnitS.1706" } }, "geometry": { "type": "Polygon", "coordinates": [ [ [ 18.19502578, 48.05790714 ], [ 18.19497282, 48.05790432 ], [ 18.19457337, 48.05791715 ], [ 18.19455915, 48.05791568 ], [ 18.19448798, 48.05808333 ], [ 18.19308085, 48.06139437 ], [ 18.19306062, 48.0614413 ], [ 18.19345021, 48.06151611 ], [ 18.19502578, 48.05790714 ] ] ] } },
{ "type": "Feature", "properties": { "@featureType": "CadastralParcel", "areaValue": { "value": 2978, "@uom": "m2" }, "beginLifespanVersion": { "@nilReason": "http://inspire.ec.europa.eu/codelist/VoidReasonValue/Unpopulated", "@nil": "true" }, "endLifespanVersion": { "@nilReason": "http://inspire.ec.europa.eu/codelist/VoidReasonValue/Unpopulated", "@nil": "true" }, "inspireId": { "@dataType": "Identifier", "localId": "840734_814.E", "namespace": "SK.ESKN.CP", "versionId": "20260703T04:07:09" }, "label": "814", "nationalCadastralReference": "840734_814.E", "referencePoint": { "type": "Point", "coordinates": [ 18.19631519, 48.05995924 ] }, "validFrom": "2026-06-30T16:00:00Z", "validTo": { "@nilReason": "http://inspire.ec.europa.eu/codelist/VoidReasonValue/Unpopulated", "@nil": "true" }, "administrativeUnit": { "@href": "#auAdmUnitS.1706" } }, "geometry": { "type": "Polygon", "coordinates": [ [ [ 18.19720648, 48.05802342 ], [ 18.19711608, 48.05801861 ], [ 18.19542394, 48.06189506 ], [ 18.19550922, 48.0619114 ], [ 18.19720648, 48.05802342 ] ] ] } },
{ "type": "Feature", "properties": { "@featureType": "CadastralParcel", "areaValue": { "value": 3341, "@uom": "m2" }, "beginLifespanVersion": { "@nilReason": "http://inspire.ec.europa.eu/codelist/VoidReasonValue/Unpopulated", "@nil": "true" }, "endLifespanVersion": { "@nilReason": "http://inspire.ec.europa.eu/codelist/VoidReasonValue/Unpopulated", "@nil": "true" }, "inspireId": { "@dataType": "Identifier", "localId": "840734_821.E", "namespace": "SK.ESKN.CP", "versionId": "20260703T04:07:09" }, "label": "821", "nationalCadastralReference": "840734_821.E", "referencePoint": { "type": "Point", "coordinates": [ 18.19690848, 48.06003047 ] }, "validFrom": "2026-06-30T16:00:00Z", "validTo": { "@nilReason": "http://inspire.ec.europa.eu/codelist/VoidReasonValue/Unpopulated", "@nil": "true" }, "administrativeUnit": { "@href": "#auAdmUnitS.1706" } }, "geometry": { "type": "Polygon", "coordinates": [ [ [ 18.19782114, 48.05805618 ], [ 18.19772177, 48.05805093 ], [ 18.1959958, 48.06200477 ], [ 18.19608962, 48.06202278 ], [ 18.19782114, 48.05805618 ] ] ] } },
{ "type": "Feature", "properties": { "@featureType": "CadastralParcel", "areaValue": { "value": 3219, "@uom": "m2" }, "beginLifespanVersion": { "@nilReason": "http://inspire.ec.europa.eu/codelist/VoidReasonValue/Unpopulated", "@nil": "true" }, "endLifespanVersion": { "@nilReason": "http://inspire.ec.europa.eu/codelist/VoidReasonValue/Unpopulated", "@nil": "true" }, "inspireId": { "@dataType": "Identifier", "localId": "840734_822.E", "namespace": "SK.ESKN.CP", "versionId": "20260703T04:07:09" }, "label": "822", "nationalCadastralReference": "840734_822.E", "referencePoint": { "type": "Point", "coordinates": [ 18.19700312, 48.06004204 ] }, "validFrom": "2026-06-30T16:00:00Z", "validTo": { "@nilReason": "http://inspire.ec.europa.eu/codelist/VoidReasonValue/Unpopulated", "@nil": "true" }, "administrativeUnit": { "@href": "#auAdmUnitS.1706" } }, "geometry": { "type": "Polygon", "coordinates": [ [ [ 18.19791662, 48.05806129 ], [ 18.19782114, 48.05805618 ], [ 18.19608962, 48.06202278 ], [ 18.19614034, 48.06203251 ], [ 18.19617976, 48.06204013 ], [ 18.19791662, 48.05806129 ] ] ] } },
{ "type": "Feature", "properties": { "@featureType": "CadastralParcel", "areaValue": { "value": 3259, "@uom": "m2" }, "beginLifespanVersion": { "@nilReason": "http://inspire.ec.europa.eu/codelist/VoidReasonValue/Unpopulated", "@nil": "true" }, "endLifespanVersion": { "@nilReason": "http://inspire.ec.europa.eu/codelist/VoidReasonValue/Unpopulated", "@nil": "true" }, "inspireId": { "@dataType": "Identifier", "localId": "840734_834.E", "namespace": "SK.ESKN.CP", "versionId": "20260703T04:07:09" }, "label": "834", "nationalCadastralReference": "840734_834.E", "referencePoint": { "type": "Point", "coordinates": [ 18.19928012, 48.06030007 ] }, "validFrom": "2026-06-30T16:00:00Z", "validTo": { "@nilReason": "http://inspire.ec.europa.eu/codelist/VoidReasonValue/Unpopulated", "@nil": "true" }, "administrativeUnit": { "@href": "#auAdmUnitS.1706" } }, "geometry": { "type": "Polygon", "coordinates": [ [ [ 18.20026272, 48.05815348 ], [ 18.20017279, 48.05815023 ], [ 18.19829755, 48.06244665 ], [ 18.19838179, 48.06246276 ], [ 18.20026272, 48.05815348 ] ] ] } },
{ "type": "Feature", "properties": { "@featureType": "CadastralParcel", "areaValue": { "value": 3291, "@uom": "m2" }, "beginLifespanVersion": { "@nilReason": "http://inspire.ec.europa.eu/codelist/VoidReasonValue/Unpopulated", "@nil": "true" }, "endLifespanVersion": { "@nilReason": "http://inspire.ec.europa.eu/codelist/VoidReasonValue/Unpopulated", "@nil": "true" }, "inspireId": { "@dataType": "Identifier", "localId": "840734_835/1.E", "namespace": "SK.ESKN.CP", "versionId": "20260703T04:07:09" }, "label": "835/1", "nationalCadastralReference": "840734_835/1.E", "referencePoint": { "type": "Point", "coordinates": [ 18.19936748, 48.06030976 ] }, "validFrom": "2026-06-30T16:00:00Z", "validTo": { "@nilReason": "http://inspire.ec.europa.eu/codelist/VoidReasonValue/Unpopulated", "@nil": "true" }, "administrativeUnit": { "@href": "#auAdmUnitS.1706" } }, "geometry": { "type": "Polygon", "coordinates": [ [ [ 18.20035319, 48.05815676 ], [ 18.20026272, 48.05815348 ], [ 18.19838179, 48.06246276 ], [ 18.19846654, 48.06247907 ], [ 18.20035319, 48.05815676 ] ] ] } },
{ "type": "Feature", "properties": { "@featureType": "CadastralParcel", "areaValue": { "value": 6550, "@uom": "m2" }, "beginLifespanVersion": { "@nilReason": "http://inspire.ec.europa.eu/codelist/VoidReasonValue/Unpopulated", "@nil": "true" }, "endLifespanVersion": { "@nilReason": "http://inspire.ec.europa.eu/codelist/VoidReasonValue/Unpopulated", "@nil": "true" }, "inspireId": { "@dataType": "Identifier", "localId": "840734_835/2.E", "namespace": "SK.ESKN.CP", "versionId": "20260703T04:07:09" }, "label": "835/2", "nationalCadastralReference": "840734_835/2.E", "referencePoint": { "type": "Point", "coordinates": [ 18.19949949, 48.0603212 ] }, "validFrom": "2026-06-30T16:00:00Z", "validTo": { "@nilReason": "http://inspire.ec.europa.eu/codelist/VoidReasonValue/Unpopulated", "@nil": "true" }, "administrativeUnit": { "@href": "#auAdmUnitS.1706" } }, "geometry": { "type": "Polygon", "coordinates": [ [ [ 18.20053239, 48.05816332 ], [ 18.20035319, 48.05815676 ], [ 18.19846654, 48.06247907 ], [ 18.1986346, 48.06251134 ], [ 18.20053239, 48.05816332 ] ] ] } },
{ "type": "Feature", "properties": { "@featureType": "CadastralParcel", "areaValue": { "value": 68, "@uom": "m2" }, "beginLifespanVersion": { "@nilReason": "http://inspire.ec.europa.eu/codelist/VoidReasonValue/Unpopulated", "@nil": "true" }, "endLifespanVersion": { "@nilReason": "http://inspire.ec.europa.eu/codelist/VoidReasonValue/Unpopulated", "@nil": "true" }, "inspireId": { "@dataType": "Identifier", "localId": "840734_887/200.E", "namespace": "SK.ESKN.CP", "versionId": "20260703T04:07:09" }, "label": "887/200", "nationalCadastralReference": "840734_887/200.E", "referencePoint": { "type": "Point", "coordinates": [ 18.20650546, 48.06360297 ] }, "validFrom": "2026-06-30T16:00:00Z", "validTo": { "@nilReason": "http://inspire.ec.europa.eu/codelist/VoidReasonValue/Unpopulated", "@nil": "true" }, "administrativeUnit": { "@href": "#auAdmUnitS.1706" } }, "geometry": { "type": "Polygon", "coordinates": [ [ [ 18.20671527, 48.0634883 ], [ 18.20636174, 48.06364855 ], [ 18.20642238, 48.06368051 ], [ 18.20662283, 48.0635574 ], [ 18.20676592, 48.06346534 ], [ 18.20671527, 48.0634883 ] ] ] } },
{ "type": "Feature", "properties": { "@featureType": "CadastralParcel", "areaValue": { "value": 9096, "@uom": "m2" }, "beginLifespanVersion": { "@nilReason": "http://inspire.ec.europa.eu/codelist/VoidReasonValue/Unpopulated", "@nil": "true" }, "endLifespanVersion": { "@nilReason": "http://inspire.ec.europa.eu/codelist/VoidReasonValue/Unpopulated", "@nil": "true" }, "inspireId": { "@dataType": "Identifier", "localId": "840734_1055/100.E", "namespace": "SK.ESKN.CP", "versionId": "20260703T04:07:09" }, "label": "1055/100", "nationalCadastralReference": "840734_1055/100.E", "referencePoint": { "type": "Point", "coordinates": [ 18.20481563, 48.06295313 ] }, "validFrom": "2026-06-30T16:00:00Z", "validTo": { "@nilReason": "http://inspire.ec.europa.eu/codelist/VoidReasonValue/Unpopulated", "@nil": "true" }, "administrativeUnit": { "@href": "#auAdmUnitS.1706" } }, "geometry": { "type": "Polygon", "coordinates": [ [ [ 18.20636174, 48.06364855 ], [ 18.20627702, 48.0636039 ], [ 18.20584793, 48.06347827 ], [ 18.2055248, 48.0634006 ], [ 18.20523323, 48.06333931 ], [ 18.2051745, 48.06330294 ], [ 18.20500875, 48.06315093 ], [ 18.20497911, 48.06306471 ], [ 18.20497069, 48.0630403 ], [ 18.20495931, 48.0628589 ], [ 18.20497649, 48.0628219 ], [ 18.20501647, 48.06273576 ], [ 18.20505825, 48.06267418 ], [ 18.20507339, 48.06265187 ], [ 18.20514274, 48.06256879 ], [ 18.20518803, 48.06251545 ], [ 18.20526133, 48.06247043 ], [ 18.20534288, 48.06241993 ], [ 18.20547297, 48.06237009 ], [ 18.20569697, 48.06229384 ], [ 18.20590674, 48.06224115 ], [ 18.20610061, 48.06224782 ], [ 18.20622829, 48.06229037 ], [ 18.20654137, 48.06237278 ], [ 18.20680322, 48.06248154 ], [ 18.20712216, 48.06256347 ], [ 18.20748037, 48.06263848 ], [ 18.20803407, 48.0626567 ], [ 18.20829104, 48.06249634 ], [ 18.20827404, 48.06249761 ], [ 18.20756111, 48.06247879 ], [ 18.20739246, 48.06245832 ], [ 18.20721516, 48.0624193 ], [ 18.20694374, 48.06233553 ], [ 18.2066751, 48.06221779 ], [ 18.20632803, 48.06213061 ], [ 18.2061223, 48.06207829 ], [ 18.2059024, 48.06207398 ], [ 18.20583647, 48.06208187 ], [ 18.2056053, 48.06213965 ], [ 18.20543183, 48.06219382 ], [ 18.20526057, 48.06224335 ], [ 18.20516395, 48.06228024 ], [ 18.20515469, 48.0622862 ], [ 18.20505902, 48.06234798 ], [ 18.20501183, 48.06237854 ], [ 18.20498729, 48.06239436 ], [ 18.20496344, 48.06241319 ], [ 18.20492292, 48.06244532 ], [ 18.20487714, 48.06248165 ], [ 18.20487234, 48.06248543 ], [ 18.20484308, 48.0625221 ], [ 18.20481558, 48.06255661 ], [ 18.20475947, 48.06262691 ], [ 18.20475819, 48.06262846 ], [ 18.20465718, 48.06284583 ], [ 18.20465888, 48.06286597 ], [ 18.20467781, 48.06309619 ], [ 18.20468946, 48.06312792 ], [ 18.20472822, 48.06323309 ], [ 18.20481023, 48.06332877 ], [ 18.20490957, 48.06341652 ], [ 18.2050158, 48.06351027 ], [ 18.20508229, 48.0634607 ], [ 18.20564657, 48.06360945 ], [ 18.20599984, 48.06370702 ], [ 18.20611408, 48.06373587 ], [ 18.20622881, 48.06379942 ], [ 18.20642238, 48.06368051 ], [ 18.20636174, 48.06364855 ] ] ] } },
{ "type": "Feature", "properties": { "@featureType": "CadastralParcel", "areaValue": { "value": 5381, "@uom": "m2" }, "beginLifespanVersion": { "@nilReason": "http://inspire.ec.europa.eu/codelist/VoidReasonValue/Unpopulated", "@nil": "true" }, "endLifespanVersion": { "@nilReason": "http://inspire.ec.europa.eu/codelist/VoidReasonValue/Unpopulated", "@nil": "true" }, "inspireId": { "@dataType": "Identifier", "localId": "840734_872.E", "namespace": "SK.ESKN.CP", "versionId": "20260703T04:07:09" }, "label": "872", "nationalCadastralReference": "840734_872.E", "referencePoint": { "type": "Point", "coordinates": [ 18.20012735, 48.06168963 ] }, "validFrom": "2026-06-30T16:00:00Z", "validTo": { "@nilReason": "http://inspire.ec.europa.eu/codelist/VoidReasonValue/Unpopulated", "@nil": "true" }, "administrativeUnit": { "@href": "#auAdmUnitS.1706" } }, "geometry": { "type": "Polygon", "coordinates": [ [ [ 18.1997673, 48.06272872 ], [ 18.19979829, 48.06260396 ], [ 18.19987767, 48.06242587 ], [ 18.19997801, 48.06220034 ], [ 18.20008271, 48.06196505 ], [ 18.20018871, 48.06172703 ], [ 18.20022198, 48.06165223 ], [ 18.20023831, 48.06161554 ], [ 18.20025767, 48.06157216 ], [ 18.20027628, 48.06153045 ], [ 18.20029264, 48.06149358 ], [ 18.20031069, 48.06145302 ], [ 18.20032701, 48.06141641 ], [ 18.20036006, 48.06134224 ], [ 18.20039521, 48.06126331 ], [ 18.20043529, 48.06117329 ], [ 18.20055591, 48.06090245 ], [ 18.20059884, 48.06080601 ], [ 18.20368647, 48.06142266 ], [ 18.20371105, 48.06138888 ], [ 18.20388559, 48.06115178 ], [ 18.20380719, 48.06108132 ], [ 18.20362462, 48.06131172 ], [ 18.20272011, 48.06113041 ], [ 18.20196498, 48.06097901 ], [ 18.20175208, 48.06093637 ], [ 18.20155822, 48.06089746 ], [ 18.20119896, 48.06082544 ], [ 18.20085245, 48.06075597 ], [ 18.20048939, 48.06068318 ], [ 18.1996879, 48.06251637 ], [ 18.19960843, 48.06269825 ], [ 18.1997673, 48.06272872 ] ] ] } },
{ "type": "Feature", "properties": { "@featureType": "CadastralParcel", "areaValue": { "value": 13250, "@uom": "m2" }, "beginLifespanVersion": { "@nilReason": "http://inspire.ec.europa.eu/codelist/VoidReasonValue/Unpopulated", "@nil": "true" }, "endLifespanVersion": { "@nilReason": "http://inspire.ec.europa.eu/codelist/VoidReasonValue/Unpopulated", "@nil": "true" }, "inspireId": { "@dataType": "Identifier", "localId": "840734_587.E", "namespace": "SK.ESKN.CP", "versionId": "20260703T04:07:09" }, "label": "587", "nationalCadastralReference": "840734_587.E", "referencePoint": { "type": "Point", "coordinates": [ 18.19274698, 48.06276635 ] }, "validFrom": "2026-06-30T16:00:00Z", "validTo": { "@nilReason": "http://inspire.ec.europa.eu/codelist/VoidReasonValue/Unpopulated", "@nil": "true" }, "administrativeUnit": { "@href": "#auAdmUnitS.1706" } }, "geometry": { "type": "Polygon", "coordinates": [ [ [ 18.19350008, 48.06162058 ], [ 18.19302328, 48.06152769 ], [ 18.19199386, 48.06391213 ], [ 18.19169814, 48.064604 ], [ 18.19218318, 48.06467101 ], [ 18.19350008, 48.06162058 ] ] ] } },
{ "type": "Feature", "properties": { "@featureType": "CadastralParcel", "areaValue": { "value": 4402, "@uom": "m2" }, "beginLifespanVersion": { "@nilReason": "http://inspire.ec.europa.eu/codelist/VoidReasonValue/Unpopulated", "@nil": "true" }, "endLifespanVersion": { "@nilReason": "http://inspire.ec.europa.eu/codelist/VoidReasonValue/Unpopulated", "@nil": "true" }, "inspireId": { "@dataType": "Identifier", "localId": "840734_808/1.E", "namespace": "SK.ESKN.CP", "versionId": "20260703T04:07:09" }, "label": "808/1", "nationalCadastralReference": "840734_808/1.E", "referencePoint": { "type": "Point", "coordinates": [ 18.19430967, 48.05971544 ] }, "validFrom": "2026-06-30T16:00:00Z", "validTo": { "@nilReason": "http://inspire.ec.europa.eu/codelist/VoidReasonValue/Unpopulated", "@nil": "true" }, "administrativeUnit": { "@href": "#auAdmUnitS.1706" } }, "geometry": { "type": "Polygon", "coordinates": [ [ [ 18.19516915, 48.05791478 ], [ 18.19502578, 48.05790714 ], [ 18.19345021, 48.06151611 ], [ 18.19348043, 48.06152193 ], [ 18.19358555, 48.06154206 ], [ 18.19516915, 48.05791478 ] ] ] } },
{ "type": "Feature", "properties": { "@featureType": "CadastralParcel", "areaValue": { "value": 4402, "@uom": "m2" }, "beginLifespanVersion": { "@nilReason": "http://inspire.ec.europa.eu/codelist/VoidReasonValue/Unpopulated", "@nil": "true" }, "endLifespanVersion": { "@nilReason": "http://inspire.ec.europa.eu/codelist/VoidReasonValue/Unpopulated", "@nil": "true" }, "inspireId": { "@dataType": "Identifier", "localId": "840734_808/2.E", "namespace": "SK.ESKN.CP", "versionId": "20260703T04:07:09" }, "label": "808/2", "nationalCadastralReference": "840734_808/2.E", "referencePoint": { "type": "Point", "coordinates": [ 18.19444865, 48.05973221 ] }, "validFrom": "2026-06-30T16:00:00Z", "validTo": { "@nilReason": "http://inspire.ec.europa.eu/codelist/VoidReasonValue/Unpopulated", "@nil": "true" }, "administrativeUnit": { "@href": "#auAdmUnitS.1706" } }, "geometry": { "type": "Polygon", "coordinates": [ [ [ 18.19531171, 48.05792237 ], [ 18.19516915, 48.05791478 ], [ 18.19358555, 48.06154206 ], [ 18.19372024, 48.06156788 ], [ 18.19531171, 48.05792237 ] ] ] } },
{ "type": "Feature", "properties": { "@featureType": "CadastralParcel", "areaValue": { "value": 4399, "@uom": "m2" }, "beginLifespanVersion": { "@nilReason": "http://inspire.ec.europa.eu/codelist/VoidReasonValue/Unpopulated", "@nil": "true" }, "endLifespanVersion": { "@nilReason": "http://inspire.ec.europa.eu/codelist/VoidReasonValue/Unpopulated", "@nil": "true" }, "inspireId": { "@dataType": "Identifier", "localId": "840734_808/3.E", "namespace": "SK.ESKN.CP", "versionId": "20260703T04:07:09" }, "label": "808/3", "nationalCadastralReference": "840734_808/3.E", "referencePoint": { "type": "Point", "coordinates": [ 18.19458686, 48.05974894 ] }, "validFrom": "2026-06-30T16:00:00Z", "validTo": { "@nilReason": "http://inspire.ec.europa.eu/codelist/VoidReasonValue/Unpopulated", "@nil": "true" }, "administrativeUnit": { "@href": "#auAdmUnitS.1706" } }, "geometry": { "type": "Polygon", "coordinates": [ [ [ 18.19545346, 48.05793 ], [ 18.19531171, 48.05792237 ], [ 18.19372024, 48.06156788 ], [ 18.19385414, 48.06159356 ], [ 18.19545346, 48.05793 ] ] ] } },
{ "type": "Feature", "properties": { "@featureType": "CadastralParcel", "areaValue": { "value": 13377, "@uom": "m2" }, "beginLifespanVersion": { "@nilReason": "http://inspire.ec.europa.eu/codelist/VoidReasonValue/Unpopulated", "@nil": "true" }, "endLifespanVersion": { "@nilReason": "http://inspire.ec.europa.eu/codelist/VoidReasonValue/Unpopulated", "@nil": "true" }, "inspireId": { "@dataType": "Identifier", "localId": "840734_809.E", "namespace": "SK.ESKN.CP", "versionId": "20260703T04:07:09" }, "label": "809", "nationalCadastralReference": "840734_809.E", "referencePoint": { "type": "Point", "coordinates": [ 18.19486724, 48.05977314 ] }, "validFrom": "2026-06-30T16:00:00Z", "validTo": { "@nilReason": "http://inspire.ec.europa.eu/codelist/VoidReasonValue/Unpopulated", "@nil": "true" }, "administrativeUnit": { "@href": "#auAdmUnitS.1706" } }, "geometry": { "type": "Polygon", "coordinates": [ [ [ 18.19588035, 48.05795272 ], [ 18.19545346, 48.05793 ], [ 18.19385414, 48.06159356 ], [ 18.19425713, 48.06167095 ], [ 18.19588035, 48.05795272 ] ] ] } },
{ "type": "Feature", "properties": { "@featureType": "CadastralParcel", "areaValue": { "value": 3280, "@uom": "m2" }, "beginLifespanVersion": { "@nilReason": "http://inspire.ec.europa.eu/codelist/VoidReasonValue/Unpopulated", "@nil": "true" }, "endLifespanVersion": { "@nilReason": "http://inspire.ec.europa.eu/codelist/VoidReasonValue/Unpopulated", "@nil": "true" }, "inspireId": { "@dataType": "Identifier", "localId": "840734_810/1.E", "namespace": "SK.ESKN.CP", "versionId": "20260703T04:07:09" }, "label": "810/1", "nationalCadastralReference": "840734_810/1.E", "referencePoint": { "type": "Point", "coordinates": [ 18.19512065, 48.05981459 ] }, "validFrom": "2026-06-30T16:00:00Z", "validTo": { "@nilReason": "http://inspire.ec.europa.eu/codelist/VoidReasonValue/Unpopulated", "@nil": "true" }, "administrativeUnit": { "@href": "#auAdmUnitS.1706" } }, "geometry": { "type": "Polygon", "coordinates": [ [ [ 18.19598414, 48.05795823 ], [ 18.19588035, 48.05795272 ], [ 18.19425713, 48.06167095 ], [ 18.19435516, 48.06168975 ], [ 18.19598414, 48.05795823 ] ] ] } },
{ "type": "Feature", "properties": { "@featureType": "CadastralParcel", "areaValue": { "value": 3284, "@uom": "m2" }, "beginLifespanVersion": { "@nilReason": "http://inspire.ec.europa.eu/codelist/VoidReasonValue/Unpopulated", "@nil": "true" }, "endLifespanVersion": { "@nilReason": "http://inspire.ec.europa.eu/codelist/VoidReasonValue/Unpopulated", "@nil": "true" }, "inspireId": { "@dataType": "Identifier", "localId": "840734_810/2.E", "namespace": "SK.ESKN.CP", "versionId": "20260703T04:07:09" }, "label": "810/2", "nationalCadastralReference": "840734_810/2.E", "referencePoint": { "type": "Point", "coordinates": [ 18.19522137, 48.05982678 ] }, "validFrom": "2026-06-30T16:00:00Z", "validTo": { "@nilReason": "http://inspire.ec.europa.eu/codelist/VoidReasonValue/Unpopulated", "@nil": "true" }, "administrativeUnit": { "@href": "#auAdmUnitS.1706" } }, "geometry": { "type": "Polygon", "coordinates": [ [ [ 18.19608764, 48.05796381 ], [ 18.19598414, 48.05795823 ], [ 18.19435516, 48.06168975 ], [ 18.19445278, 48.06170854 ], [ 18.19608764, 48.05796381 ] ] ] } },
{ "type": "Feature", "properties": { "@featureType": "CadastralParcel", "areaValue": { "value": 3280, "@uom": "m2" }, "beginLifespanVersion": { "@nilReason": "http://inspire.ec.europa.eu/codelist/VoidReasonValue/Unpopulated", "@nil": "true" }, "endLifespanVersion": { "@nilReason": "http://inspire.ec.europa.eu/codelist/VoidReasonValue/Unpopulated", "@nil": "true" }, "inspireId": { "@dataType": "Identifier", "localId": "840734_810/3.E", "namespace": "SK.ESKN.CP", "versionId": "20260703T04:07:09" }, "label": "810/3", "nationalCadastralReference": "840734_810/3.E", "referencePoint": { "type": "Point", "coordinates": [ 18.19532171, 48.0598389 ] }, "validFrom": "2026-06-30T16:00:00Z", "validTo": { "@nilReason": "http://inspire.ec.europa.eu/codelist/VoidReasonValue/Unpopulated", "@nil": "true" }, "administrativeUnit": { "@href": "#auAdmUnitS.1706" } }, "geometry": { "type": "Polygon", "coordinates": [ [ [ 18.19619062, 48.05796927 ], [ 18.19608764, 48.05796381 ], [ 18.19445278, 48.06170854 ], [ 18.19455002, 48.0617272 ], [ 18.19619062, 48.05796927 ] ] ] } },
{ "type": "Feature", "properties": { "@featureType": "CadastralParcel", "areaValue": { "value": 4884, "@uom": "m2" }, "beginLifespanVersion": { "@nilReason": "http://inspire.ec.europa.eu/codelist/VoidReasonValue/Unpopulated", "@nil": "true" }, "endLifespanVersion": { "@nilReason": "http://inspire.ec.europa.eu/codelist/VoidReasonValue/Unpopulated", "@nil": "true" }, "inspireId": { "@dataType": "Identifier", "localId": "840734_811/1.E", "namespace": "SK.ESKN.CP", "versionId": "20260703T04:07:09" }, "label": "811/1", "nationalCadastralReference": "840734_811/1.E", "referencePoint": { "type": "Point", "coordinates": [ 18.1954467, 48.05985233 ] }, "validFrom": "2026-06-30T16:00:00Z", "validTo": { "@nilReason": "http://inspire.ec.europa.eu/codelist/VoidReasonValue/Unpopulated", "@nil": "true" }, "administrativeUnit": { "@href": "#auAdmUnitS.1706" } }, "geometry": { "type": "Polygon", "coordinates": [ [ [ 18.19634334, 48.05797745 ], [ 18.19619062, 48.05796927 ], [ 18.19455002, 48.0617272 ], [ 18.19469429, 48.06175493 ], [ 18.19634334, 48.05797745 ] ] ] } },
{ "type": "Feature", "properties": { "@featureType": "CadastralParcel", "areaValue": { "value": 4884, "@uom": "m2" }, "beginLifespanVersion": { "@nilReason": "http://inspire.ec.europa.eu/codelist/VoidReasonValue/Unpopulated", "@nil": "true" }, "endLifespanVersion": { "@nilReason": "http://inspire.ec.europa.eu/codelist/VoidReasonValue/Unpopulated", "@nil": "true" }, "inspireId": { "@dataType": "Identifier", "localId": "840734_811/2.E", "namespace": "SK.ESKN.CP", "versionId": "20260703T04:07:09" }, "label": "811/2", "nationalCadastralReference": "840734_811/2.E", "referencePoint": { "type": "Point", "coordinates": [ 18.19559476, 48.05987021 ] }, "validFrom": "2026-06-30T16:00:00Z", "validTo": { "@nilReason": "http://inspire.ec.europa.eu/codelist/VoidReasonValue/Unpopulated", "@nil": "true" }, "administrativeUnit": { "@href": "#auAdmUnitS.1706" } }, "geometry": { "type": "Polygon", "coordinates": [ [ [ 18.19649527, 48.05798549 ], [ 18.19634334, 48.05797745 ], [ 18.19469429, 48.06175493 ], [ 18.19483765, 48.06178243 ], [ 18.19649527, 48.05798549 ] ] ] } },
{ "type": "Feature", "properties": { "@featureType": "CadastralParcel", "areaValue": { "value": 9931, "@uom": "m2" }, "beginLifespanVersion": { "@nilReason": "http://inspire.ec.europa.eu/codelist/VoidReasonValue/Unpopulated", "@nil": "true" }, "endLifespanVersion": { "@nilReason": "http://inspire.ec.europa.eu/codelist/VoidReasonValue/Unpopulated", "@nil": "true" }, "inspireId": { "@dataType": "Identifier", "localId": "840734_812.E", "namespace": "SK.ESKN.CP", "versionId": "20260703T04:07:09" }, "label": "812", "nationalCadastralReference": "840734_812.E", "referencePoint": { "type": "Point", "coordinates": [ 18.19581971, 48.05989212 ] }, "validFrom": "2026-06-30T16:00:00Z", "validTo": { "@nilReason": "http://inspire.ec.europa.eu/codelist/VoidReasonValue/Unpopulated", "@nil": "true" }, "administrativeUnit": { "@href": "#auAdmUnitS.1706" } }, "geometry": { "type": "Polygon", "coordinates": [ [ [ 18.19680167, 48.05800182 ], [ 18.19649527, 48.05798549 ], [ 18.19483765, 48.06178243 ], [ 18.19512712, 48.06183803 ], [ 18.19680167, 48.05800182 ] ] ] } },
{ "type": "Feature", "properties": { "@featureType": "CadastralParcel", "areaValue": { "value": 10293, "@uom": "m2" }, "beginLifespanVersion": { "@nilReason": "http://inspire.ec.europa.eu/codelist/VoidReasonValue/Unpopulated", "@nil": "true" }, "endLifespanVersion": { "@nilReason": "http://inspire.ec.europa.eu/codelist/VoidReasonValue/Unpopulated", "@nil": "true" }, "inspireId": { "@dataType": "Identifier", "localId": "840734_813.E", "namespace": "SK.ESKN.CP", "versionId": "20260703T04:07:09" }, "label": "813", "nationalCadastralReference": "840734_813.E", "referencePoint": { "type": "Point", "coordinates": [ 18.19612159, 48.05992832 ] }, "validFrom": "2026-06-30T16:00:00Z", "validTo": { "@nilReason": "http://inspire.ec.europa.eu/codelist/VoidReasonValue/Unpopulated", "@nil": "true" }, "administrativeUnit": { "@href": "#auAdmUnitS.1706" } }, "geometry": { "type": "Polygon", "coordinates": [ [ [ 18.19711608, 48.05801861 ], [ 18.19680167, 48.05800182 ], [ 18.19512712, 48.06183803 ], [ 18.19515799, 48.06184399 ], [ 18.19542394, 48.06189506 ], [ 18.19711608, 48.05801861 ] ] ] } },
{ "type": "Feature", "properties": { "@featureType": "CadastralParcel", "areaValue": { "value": 2870, "@uom": "m2" }, "beginLifespanVersion": { "@nilReason": "http://inspire.ec.europa.eu/codelist/VoidReasonValue/Unpopulated", "@nil": "true" }, "endLifespanVersion": { "@nilReason": "http://inspire.ec.europa.eu/codelist/VoidReasonValue/Unpopulated", "@nil": "true" }, "inspireId": { "@dataType": "Identifier", "localId": "840734_815.E", "namespace": "SK.ESKN.CP", "versionId": "20260703T04:07:09" }, "label": "815", "nationalCadastralReference": "840734_815.E", "referencePoint": { "type": "Point", "coordinates": [ 18.19640126, 48.05996972 ] }, "validFrom": "2026-06-30T16:00:00Z", "validTo": { "@nilReason": "http://inspire.ec.europa.eu/codelist/VoidReasonValue/Unpopulated", "@nil": "true" }, "administrativeUnit": { "@href": "#auAdmUnitS.1706" } }, "geometry": { "type": "Polygon", "coordinates": [ [ [ 18.19729328, 48.05802803 ], [ 18.19720648, 48.05802342 ], [ 18.19550922, 48.0619114 ], [ 18.1955359, 48.06191648 ], [ 18.19559122, 48.06192711 ], [ 18.19729328, 48.05802803 ] ] ] } },
{ "type": "Feature", "properties": { "@featureType": "CadastralParcel", "areaValue": { "value": 2888, "@uom": "m2" }, "beginLifespanVersion": { "@nilReason": "http://inspire.ec.europa.eu/codelist/VoidReasonValue/Unpopulated", "@nil": "true" }, "endLifespanVersion": { "@nilReason": "http://inspire.ec.europa.eu/codelist/VoidReasonValue/Unpopulated", "@nil": "true" }, "inspireId": { "@dataType": "Identifier", "localId": "840734_816.E", "namespace": "SK.ESKN.CP", "versionId": "20260703T04:07:09" }, "label": "816", "nationalCadastralReference": "840734_816.E", "referencePoint": { "type": "Point", "coordinates": [ 18.19648579, 48.05997993 ] }, "validFrom": "2026-06-30T16:00:00Z", "validTo": { "@nilReason": "http://inspire.ec.europa.eu/codelist/VoidReasonValue/Unpopulated", "@nil": "true" }, "administrativeUnit": { "@href": "#auAdmUnitS.1706" } }, "geometry": { "type": "Polygon", "coordinates": [ [ [ 18.19738033, 48.05803274 ], [ 18.19729328, 48.05802803 ], [ 18.19559122, 48.06192711 ], [ 18.19567348, 48.06194292 ], [ 18.19738033, 48.05803274 ] ] ] } },
{ "type": "Feature", "properties": { "@featureType": "CadastralParcel", "areaValue": { "value": 2924, "@uom": "m2" }, "beginLifespanVersion": { "@nilReason": "http://inspire.ec.europa.eu/codelist/VoidReasonValue/Unpopulated", "@nil": "true" }, "endLifespanVersion": { "@nilReason": "http://inspire.ec.europa.eu/codelist/VoidReasonValue/Unpopulated", "@nil": "true" }, "inspireId": { "@dataType": "Identifier", "localId": "840734_817.E", "namespace": "SK.ESKN.CP", "versionId": "20260703T04:07:09" }, "label": "817", "nationalCadastralReference": "840734_817.E", "referencePoint": { "type": "Point", "coordinates": [ 18.1965709, 48.05999017 ] }, "validFrom": "2026-06-30T16:00:00Z", "validTo": { "@nilReason": "http://inspire.ec.europa.eu/codelist/VoidReasonValue/Unpopulated", "@nil": "true" }, "administrativeUnit": { "@href": "#auAdmUnitS.1706" } }, "geometry": { "type": "Polygon", "coordinates": [ [ [ 18.19746833, 48.05803742 ], [ 18.19738033, 48.05803274 ], [ 18.19567348, 48.06194292 ], [ 18.19575652, 48.06195886 ], [ 18.19746833, 48.05803742 ] ] ] } },
{ "type": "Feature", "properties": { "@featureType": "CadastralParcel", "areaValue": { "value": 2902, "@uom": "m2" }, "beginLifespanVersion": { "@nilReason": "http://inspire.ec.europa.eu/codelist/VoidReasonValue/Unpopulated", "@nil": "true" }, "endLifespanVersion": { "@nilReason": "http://inspire.ec.europa.eu/codelist/VoidReasonValue/Unpopulated", "@nil": "true" }, "inspireId": { "@dataType": "Identifier", "localId": "840734_818.E", "namespace": "SK.ESKN.CP", "versionId": "20260703T04:07:09" }, "label": "818", "nationalCadastralReference": "840734_818.E", "referencePoint": { "type": "Point", "coordinates": [ 18.19665594, 48.06000045 ] }, "validFrom": "2026-06-30T16:00:00Z", "validTo": { "@nilReason": "http://inspire.ec.europa.eu/codelist/VoidReasonValue/Unpopulated", "@nil": "true" }, "administrativeUnit": { "@href": "#auAdmUnitS.1706" } }, "geometry": { "type": "Polygon", "coordinates": [ [ [ 18.1975554, 48.05804204 ], [ 18.19746833, 48.05803742 ], [ 18.19575652, 48.06195886 ], [ 18.19576743, 48.06196094 ], [ 18.19583864, 48.06197466 ], [ 18.1975554, 48.05804204 ] ] ] } },
{ "type": "Feature", "properties": { "@featureType": "CadastralParcel", "areaValue": { "value": 2712, "@uom": "m2" }, "beginLifespanVersion": { "@nilReason": "http://inspire.ec.europa.eu/codelist/VoidReasonValue/Unpopulated", "@nil": "true" }, "endLifespanVersion": { "@nilReason": "http://inspire.ec.europa.eu/codelist/VoidReasonValue/Unpopulated", "@nil": "true" }, "inspireId": { "@dataType": "Identifier", "localId": "840734_819.E", "namespace": "SK.ESKN.CP", "versionId": "20260703T04:07:09" }, "label": "819", "nationalCadastralReference": "840734_819.E", "referencePoint": { "type": "Point", "coordinates": [ 18.19673756, 48.06001053 ] }, "validFrom": "2026-06-30T16:00:00Z", "validTo": { "@nilReason": "http://inspire.ec.europa.eu/codelist/VoidReasonValue/Unpopulated", "@nil": "true" }, "administrativeUnit": { "@href": "#auAdmUnitS.1706" } }, "geometry": { "type": "Polygon", "coordinates": [ [ [ 18.19763644, 48.05804641 ], [ 18.1975554, 48.05804204 ], [ 18.19583864, 48.06197466 ], [ 18.19589843, 48.06198609 ], [ 18.19591525, 48.06198933 ], [ 18.19763644, 48.05804641 ] ] ] } },
{ "type": "Feature", "properties": { "@featureType": "CadastralParcel", "areaValue": { "value": 2859, "@uom": "m2" }, "beginLifespanVersion": { "@nilReason": "http://inspire.ec.europa.eu/codelist/VoidReasonValue/Unpopulated", "@nil": "true" }, "endLifespanVersion": { "@nilReason": "http://inspire.ec.europa.eu/codelist/VoidReasonValue/Unpopulated", "@nil": "true" }, "inspireId": { "@dataType": "Identifier", "localId": "840734_820.E", "namespace": "SK.ESKN.CP", "versionId": "20260703T04:07:09" }, "label": "820", "nationalCadastralReference": "840734_820.E", "referencePoint": { "type": "Point", "coordinates": [ 18.19681851, 48.06002013 ] }, "validFrom": "2026-06-30T16:00:00Z", "validTo": { "@nilReason": "http://inspire.ec.europa.eu/codelist/VoidReasonValue/Unpopulated", "@nil": "true" }, "administrativeUnit": { "@href": "#auAdmUnitS.1706" } }, "geometry": { "type": "Polygon", "coordinates": [ [ [ 18.19772177, 48.05805093 ], [ 18.19763644, 48.05804641 ], [ 18.19591525, 48.06198933 ], [ 18.1959958, 48.06200477 ], [ 18.19772177, 48.05805093 ] ] ] } },
{ "type": "Feature", "properties": { "@featureType": "CadastralParcel", "areaValue": { "value": 2996, "@uom": "m2" }, "beginLifespanVersion": { "@nilReason": "http://inspire.ec.europa.eu/codelist/VoidReasonValue/Unpopulated", "@nil": "true" }, "endLifespanVersion": { "@nilReason": "http://inspire.ec.europa.eu/codelist/VoidReasonValue/Unpopulated", "@nil": "true" }, "inspireId": { "@dataType": "Identifier", "localId": "840734_823.E", "namespace": "SK.ESKN.CP", "versionId": "20260703T04:07:09" }, "label": "823", "nationalCadastralReference": "840734_823.E", "referencePoint": { "type": "Point", "coordinates": [ 18.19709246, 48.06005307 ] }, "validFrom": "2026-06-30T16:00:00Z", "validTo": { "@nilReason": "http://inspire.ec.europa.eu/codelist/VoidReasonValue/Unpopulated", "@nil": "true" }, "administrativeUnit": { "@href": "#auAdmUnitS.1706" } }, "geometry": { "type": "Polygon", "coordinates": [ [ [ 18.19800516, 48.058066 ], [ 18.19791662, 48.05806129 ], [ 18.19617976, 48.06204013 ], [ 18.19626332, 48.0620562 ], [ 18.19800516, 48.058066 ] ] ] } },
{ "type": "Feature", "properties": { "@featureType": "CadastralParcel", "areaValue": { "value": 3338, "@uom": "m2" }, "beginLifespanVersion": { "@nilReason": "http://inspire.ec.europa.eu/codelist/VoidReasonValue/Unpopulated", "@nil": "true" }, "endLifespanVersion": { "@nilReason": "http://inspire.ec.europa.eu/codelist/VoidReasonValue/Unpopulated", "@nil": "true" }, "inspireId": { "@dataType": "Identifier", "localId": "840734_824.E", "namespace": "SK.ESKN.CP", "versionId": "20260703T04:07:09" }, "label": "824", "nationalCadastralReference": "840734_824.E", "referencePoint": { "type": "Point", "coordinates": [ 18.19718344, 48.06006374 ] }, "validFrom": "2026-06-30T16:00:00Z", "validTo": { "@nilReason": "http://inspire.ec.europa.eu/codelist/VoidReasonValue/Unpopulated", "@nil": "true" }, "administrativeUnit": { "@href": "#auAdmUnitS.1706" } }, "geometry": { "type": "Polygon", "coordinates": [ [ [ 18.19810359, 48.05807128 ], [ 18.19800516, 48.058066 ], [ 18.19626332, 48.0620562 ], [ 18.19635623, 48.06207398 ], [ 18.19810359, 48.05807128 ] ] ] } },
{ "type": "Feature", "properties": { "@featureType": "CadastralParcel", "areaValue": { "value": 3241, "@uom": "m2" }, "beginLifespanVersion": { "@nilReason": "http://inspire.ec.europa.eu/codelist/VoidReasonValue/Unpopulated", "@nil": "true" }, "endLifespanVersion": { "@nilReason": "http://inspire.ec.europa.eu/codelist/VoidReasonValue/Unpopulated", "@nil": "true" }, "inspireId": { "@dataType": "Identifier", "localId": "840734_825.E", "namespace": "SK.ESKN.CP", "versionId": "20260703T04:07:09" }, "label": "825", "nationalCadastralReference": "840734_825.E", "referencePoint": { "type": "Point", "coordinates": [ 18.19727748, 48.06007518 ] }, "validFrom": "2026-06-30T16:00:00Z", "validTo": { "@nilReason": "http://inspire.ec.europa.eu/codelist/VoidReasonValue/Unpopulated", "@nil": "true" }, "administrativeUnit": { "@href": "#auAdmUnitS.1706" } }, "geometry": { "type": "Polygon", "coordinates": [ [ [ 18.19819867, 48.05807637 ], [ 18.19810359, 48.05807128 ], [ 18.19635623, 48.06207398 ], [ 18.19644611, 48.06209123 ], [ 18.19819867, 48.05807637 ] ] ] } },
{ "type": "Feature", "properties": { "@featureType": "CadastralParcel", "areaValue": { "value": 3460, "@uom": "m2" }, "beginLifespanVersion": { "@nilReason": "http://inspire.ec.europa.eu/codelist/VoidReasonValue/Unpopulated", "@nil": "true" }, "endLifespanVersion": { "@nilReason": "http://inspire.ec.europa.eu/codelist/VoidReasonValue/Unpopulated", "@nil": "true" }, "inspireId": { "@dataType": "Identifier", "localId": "840734_826.E", "namespace": "SK.ESKN.CP", "versionId": "20260703T04:07:09" }, "label": "826", "nationalCadastralReference": "840734_826.E", "referencePoint": { "type": "Point", "coordinates": [ 18.19737307, 48.06008648 ] }, "validFrom": "2026-06-30T16:00:00Z", "validTo": { "@nilReason": "http://inspire.ec.europa.eu/codelist/VoidReasonValue/Unpopulated", "@nil": "true" }, "administrativeUnit": { "@href": "#auAdmUnitS.1706" } }, "geometry": { "type": "Polygon", "coordinates": [ [ [ 18.19830005, 48.05808174 ], [ 18.19819867, 48.05807637 ], [ 18.19644611, 48.06209123 ], [ 18.19654177, 48.06210962 ], [ 18.19830005, 48.05808174 ] ] ] } },
{ "type": "Feature", "properties": { "@featureType": "CadastralParcel", "areaValue": { "value": 11341, "@uom": "m2" }, "beginLifespanVersion": { "@nilReason": "http://inspire.ec.europa.eu/codelist/VoidReasonValue/Unpopulated", "@nil": "true" }, "endLifespanVersion": { "@nilReason": "http://inspire.ec.europa.eu/codelist/VoidReasonValue/Unpopulated", "@nil": "true" }, "inspireId": { "@dataType": "Identifier", "localId": "840734_827/1.E", "namespace": "SK.ESKN.CP", "versionId": "20260703T04:07:09" }, "label": "827/1", "nationalCadastralReference": "840734_827/1.E", "referencePoint": { "type": "Point", "coordinates": [ 18.19758692, 48.06010187 ] }, "validFrom": "2026-06-30T16:00:00Z", "validTo": { "@nilReason": "http://inspire.ec.europa.eu/codelist/VoidReasonValue/Unpopulated", "@nil": "true" }, "administrativeUnit": { "@href": "#auAdmUnitS.1706" } }, "geometry": { "type": "Polygon", "coordinates": [ [ [ 18.198632, 48.05809413 ], [ 18.19832037, 48.05808283 ], [ 18.19830005, 48.05808174 ], [ 18.19654177, 48.06210962 ], [ 18.19685319, 48.06216939 ], [ 18.198632, 48.05809413 ] ] ] } },
{ "type": "Feature", "properties": { "@featureType": "CadastralParcel", "areaValue": { "value": 18240, "@uom": "m2" }, "beginLifespanVersion": { "@nilReason": "http://inspire.ec.europa.eu/codelist/VoidReasonValue/Unpopulated", "@nil": "true" }, "endLifespanVersion": { "@nilReason": "http://inspire.ec.europa.eu/codelist/VoidReasonValue/Unpopulated", "@nil": "true" }, "inspireId": { "@dataType": "Identifier", "localId": "840734_859/1.E", "namespace": "SK.ESKN.CP", "versionId": "20260703T04:07:09" }, "label": "859/1", "nationalCadastralReference": "840734_859/1.E", "referencePoint": { "type": "Point", "coordinates": [ 18.20239102, 48.06319518 ] }, "validFrom": "2026-06-30T16:00:00Z", "validTo": { "@nilReason": "http://inspire.ec.europa.eu/codelist/VoidReasonValue/Unpopulated", "@nil": "true" }, "administrativeUnit": { "@href": "#auAdmUnitS.1706" } }, "geometry": { "type": "MultiPolygon", "coordinates": [ [ [ [ 18.19977127, 48.06284351 ], [ 18.19978971, 48.06294858 ], [ 18.20579243, 48.06414072 ], [ 18.20605528, 48.06398089 ], [ 18.19977127, 48.06284351 ] ] ], [ [ [ 18.20485166, 48.06359848 ], [ 18.19979829, 48.06260396 ], [ 18.1997673, 48.06272872 ], [ 18.19976666, 48.06279188 ], [ 18.20601506, 48.06393061 ], [ 18.20607504, 48.06389384 ], [ 18.20612975, 48.06386028 ], [ 18.20485166, 48.06359848 ] ] ] ] } },
{ "type": "Feature", "properties": { "@featureType": "CadastralParcel", "areaValue": { "value": 2834, "@uom": "m2" }, "beginLifespanVersion": { "@nilReason": "http://inspire.ec.europa.eu/codelist/VoidReasonValue/Unpopulated", "@nil": "true" }, "endLifespanVersion": { "@nilReason": "http://inspire.ec.europa.eu/codelist/VoidReasonValue/Unpopulated", "@nil": "true" }, "inspireId": { "@dataType": "Identifier", "localId": "840734_827/2.E", "namespace": "SK.ESKN.CP", "versionId": "20260703T04:07:09" }, "label": "827/2", "nationalCadastralReference": "840734_827/2.E", "referencePoint": { "type": "Point", "coordinates": [ 18.19778376, 48.0601333 ] }, "validFrom": "2026-06-30T16:00:00Z", "validTo": { "@nilReason": "http://inspire.ec.europa.eu/codelist/VoidReasonValue/Unpopulated", "@nil": "true" }, "administrativeUnit": { "@href": "#auAdmUnitS.1706" } }, "geometry": { "type": "Polygon", "coordinates": [ [ [ 18.19871441, 48.05809722 ], [ 18.198632, 48.05809413 ], [ 18.19685319, 48.06216939 ], [ 18.19693032, 48.06218417 ], [ 18.19871441, 48.05809722 ] ] ] } },
{ "type": "Feature", "properties": { "@featureType": "CadastralParcel", "areaValue": { "value": 2834, "@uom": "m2" }, "beginLifespanVersion": { "@nilReason": "http://inspire.ec.europa.eu/codelist/VoidReasonValue/Unpopulated", "@nil": "true" }, "endLifespanVersion": { "@nilReason": "http://inspire.ec.europa.eu/codelist/VoidReasonValue/Unpopulated", "@nil": "true" }, "inspireId": { "@dataType": "Identifier", "localId": "840734_827/3.E", "namespace": "SK.ESKN.CP", "versionId": "20260703T04:07:09" }, "label": "827/3", "nationalCadastralReference": "840734_827/3.E", "referencePoint": { "type": "Point", "coordinates": [ 18.19786345, 48.06014219 ] }, "validFrom": "2026-06-30T16:00:00Z", "validTo": { "@nilReason": "http://inspire.ec.europa.eu/codelist/VoidReasonValue/Unpopulated", "@nil": "true" }, "administrativeUnit": { "@href": "#auAdmUnitS.1706" } }, "geometry": { "type": "Polygon", "coordinates": [ [ [ 18.19879657, 48.0581002 ], [ 18.19871441, 48.05809722 ], [ 18.19693032, 48.06218417 ], [ 18.19700732, 48.06219895 ], [ 18.19879657, 48.0581002 ] ] ] } },
{ "type": "Feature", "properties": { "@featureType": "CadastralParcel", "areaValue": { "value": 2834, "@uom": "m2" }, "beginLifespanVersion": { "@nilReason": "http://inspire.ec.europa.eu/codelist/VoidReasonValue/Unpopulated", "@nil": "true" }, "endLifespanVersion": { "@nilReason": "http://inspire.ec.europa.eu/codelist/VoidReasonValue/Unpopulated", "@nil": "true" }, "inspireId": { "@dataType": "Identifier", "localId": "840734_827/4.E", "namespace": "SK.ESKN.CP", "versionId": "20260703T04:07:09" }, "label": "827/4", "nationalCadastralReference": "840734_827/4.E", "referencePoint": { "type": "Point", "coordinates": [ 18.19794293, 48.06015106 ] }, "validFrom": "2026-06-30T16:00:00Z", "validTo": { "@nilReason": "http://inspire.ec.europa.eu/codelist/VoidReasonValue/Unpopulated", "@nil": "true" }, "administrativeUnit": { "@href": "#auAdmUnitS.1706" } }, "geometry": { "type": "Polygon", "coordinates": [ [ [ 18.19887847, 48.05810316 ], [ 18.19879657, 48.0581002 ], [ 18.19700732, 48.06219895 ], [ 18.19708419, 48.06221372 ], [ 18.19887847, 48.05810316 ] ] ] } },
{ "type": "Feature", "properties": { "@featureType": "CadastralParcel", "areaValue": { "value": 4830, "@uom": "m2" }, "beginLifespanVersion": { "@nilReason": "http://inspire.ec.europa.eu/codelist/VoidReasonValue/Unpopulated", "@nil": "true" }, "endLifespanVersion": { "@nilReason": "http://inspire.ec.europa.eu/codelist/VoidReasonValue/Unpopulated", "@nil": "true" }, "inspireId": { "@dataType": "Identifier", "localId": "840734_828.E", "namespace": "SK.ESKN.CP", "versionId": "20260703T04:07:09" }, "label": "828", "nationalCadastralReference": "840734_828.E", "referencePoint": { "type": "Point", "coordinates": [ 18.19805088, 48.06016096 ] }, "validFrom": "2026-06-30T16:00:00Z", "validTo": { "@nilReason": "http://inspire.ec.europa.eu/codelist/VoidReasonValue/Unpopulated", "@nil": "true" }, "administrativeUnit": { "@href": "#auAdmUnitS.1706" } }, "geometry": { "type": "Polygon", "coordinates": [ [ [ 18.19901759, 48.0581082 ], [ 18.19887847, 48.05810316 ], [ 18.19708419, 48.06221372 ], [ 18.19721454, 48.06223874 ], [ 18.19901759, 48.0581082 ] ] ] } }
]
}
